(env1) zzx@DDST-zzx:~/seqRec/CLTrys/CoSeRec_Augment/CoSeRec$ python src/main.py --data_name Sports_and_Outdoors --model_idx single_cl_mask_high_1024 --batch_size 1024 --cl --base_augment_type mask --mask_strategy mask_high
Using Cuda: True
(18359, 18359)
--------------------Configure Info:------------
data_dir                       :                             ./data/
output_dir                     :                             output/
data_name                      :                 Sports_and_Outdoors
do_eval                        :                                   0
model_idx                      :            single_cl_mask_high_1024
gpu_id                         :                                   0
noise_ratio                    :                                 0.0
training_data_ratio            :                                 1.0
augment_threshold              :                                   4
similarity_model_name          :                          ItemCF_IUF
augmentation_warm_up_epoches   :                                 160
base_augment_type              :                                mask
augment_type_for_short         :                                 SIM
tao                            :                                 0.2
gamma                          :                                 0.7
beta                           :                                 0.2
substitute_rate                :                                 0.1
insert_rate                    :                                 0.4
max_insert_num_per_pos         :                                   1
temperature                    :                                 1.0
n_views                        :                                   2
model_name                     :                             CoSeRec
hidden_size                    :                                  64
num_hidden_layers              :                                   2
num_attention_heads            :                                   2
hidden_act                     :                                gelu
attention_probs_dropout_prob   :                                 0.5
hidden_dropout_prob            :                                 0.5
initializer_range              :                                0.02
max_seq_length                 :                                  50
lr                             :                               0.001
batch_size                     :                                1024
epochs                         :                                 300
no_cuda                        :                                   0
log_freq                       :                                   1
seed                           :                                   1
cf_weight                      :                                 0.1
rec_weight                     :                                 1.0
weight_decay                   :                                 0.0
adam_beta1                     :                                 0.9
adam_beta2                     :                               0.999
cl                             :                                   1
multi_neg                      :                                   0
use_freq                       :                                   0
mask_strategy                  :                           mask_high
cuda_condition                 :                                   1
data_file                      :      ./data/Sports_and_Outdoors.txt
item_size                      :                               18359
mask_id                        :                               18358
log_file                       : output/CoSeRec-Sports_and_Outdoors-single_cl_mask_high_1024.txt
Similarity Model Type: offline
short sequence augment type: SIM
Augmentation methods for Long sequences: 5
Augmentation methods for short sequences: 3
Creating Contrastive Learning Dataset using 'mask' data augmentation
Similarity Model Type: offline
short sequence augment type: SIM
Augmentation methods for Long sequences: 5
Augmentation methods for short sequences: 3
Creating Contrastive Learning Dataset using 'mask' data augmentation
Similarity Model Type: offline
short sequence augment type: SIM
Augmentation methods for Long sequences: 5
Augmentation methods for short sequences: 3
Creating Contrastive Learning Dataset using 'mask' data augmentation
Total Parameters: 1278464
self.cf_criterion: NCELoss
Train CoSeRec
rec dataset length: 186
100%|███████████████████████████████████████████████████████████████████████████████████████████████████████████████████████████████████████| 186/186 [00:51<00:00,  3.63it/s]
{'epoch': 0, 'rec_avg_loss': '1.2949', 'joint_avg_loss': '1.9868', 'cl_avg_loss': '6.9193', 'itemcl_loss': '0.0000', 'cl_pair_0_loss': '6.9193'}
Recommendation EP_test:0: 100%|| 35/35 [00:06<00:00,  5.04it/s]
{'Epoch': 0, 'name': 'high_freq', 'HIT@5': '0.0130', 'NDCG@5': '0.0080', 'HIT@10': '0.0235', 'NDCG@10': '0.0113', 'HIT@20': '0.0330', 'NDCG@20': '0.0137'}
{'Epoch': 0, 'name': 'mid_freq', 'HIT@5': '0.0000', 'NDCG@5': '0.0000', 'HIT@10': '0.0000', 'NDCG@10': '0.0000', 'HIT@20': '0.0000', 'NDCG@20': '0.0000'}
{'Epoch': 0, 'name': 'low_freq', 'HIT@5': '0.0000', 'NDCG@5': '0.0000', 'HIT@10': '0.0000', 'NDCG@10': '0.0000', 'HIT@20': '0.0000', 'NDCG@20': '0.0000'}
{'Epoch': 0, 'name': 'all', 'HIT@5': '0.0089', 'NDCG@5': '0.0054', 'HIT@10': '0.0160', 'NDCG@10': '0.0077', 'HIT@20': '0.0225', 'NDCG@20': '0.0093'}
Validation score increased.  Saving model ...
rec dataset length: 186
100%|███████████████████████████████████████████████████████████████████████████████████████████████████████████████████████████████████████| 186/186 [00:50<00:00,  3.69it/s]
{'epoch': 1, 'rec_avg_loss': '1.1942', 'joint_avg_loss': '1.7019', 'cl_avg_loss': '5.0768', 'itemcl_loss': '0.0000', 'cl_pair_0_loss': '5.0768'}
Recommendation EP_test:1: 100%|| 35/35 [00:08<00:00,  4.33it/s]
{'Epoch': 1, 'name': 'high_freq', 'HIT@5': '0.0120', 'NDCG@5': '0.0076', 'HIT@10': '0.0196', 'NDCG@10': '0.0100', 'HIT@20': '0.0346', 'NDCG@20': '0.0138'}
{'Epoch': 1, 'name': 'mid_freq', 'HIT@5': '0.0000', 'NDCG@5': '0.0000', 'HIT@10': '0.0000', 'NDCG@10': '0.0000', 'HIT@20': '0.0000', 'NDCG@20': '0.0000'}
{'Epoch': 1, 'name': 'low_freq', 'HIT@5': '0.0000', 'NDCG@5': '0.0000', 'HIT@10': '0.0000', 'NDCG@10': '0.0000', 'HIT@20': '0.0000', 'NDCG@20': '0.0000'}
{'Epoch': 1, 'name': 'all', 'HIT@5': '0.0081', 'NDCG@5': '0.0052', 'HIT@10': '0.0133', 'NDCG@10': '0.0068', 'HIT@20': '0.0235', 'NDCG@20': '0.0094'}
Validation score increased.  Saving model ...
rec dataset length: 186
100%|███████████████████████████████████████████████████████████████████████████████████████████████████████████████████████████████████████| 186/186 [00:50<00:00,  3.68it/s]
{'epoch': 2, 'rec_avg_loss': '1.1585', 'joint_avg_loss': '1.6358', 'cl_avg_loss': '4.7729', 'itemcl_loss': '0.0000', 'cl_pair_0_loss': '4.7729'}
Recommendation EP_test:2: 100%|| 35/35 [00:07<00:00,  4.64it/s]
{'Epoch': 2, 'name': 'high_freq', 'HIT@5': '0.0122', 'NDCG@5': '0.0079', 'HIT@10': '0.0209', 'NDCG@10': '0.0107', 'HIT@20': '0.0350', 'NDCG@20': '0.0142'}
{'Epoch': 2, 'name': 'mid_freq', 'HIT@5': '0.0000', 'NDCG@5': '0.0000', 'HIT@10': '0.0000', 'NDCG@10': '0.0000', 'HIT@20': '0.0000', 'NDCG@20': '0.0000'}
{'Epoch': 2, 'name': 'low_freq', 'HIT@5': '0.0000', 'NDCG@5': '0.0000', 'HIT@10': '0.0000', 'NDCG@10': '0.0000', 'HIT@20': '0.0000', 'NDCG@20': '0.0000'}
{'Epoch': 2, 'name': 'all', 'HIT@5': '0.0083', 'NDCG@5': '0.0054', 'HIT@10': '0.0142', 'NDCG@10': '0.0073', 'HIT@20': '0.0238', 'NDCG@20': '0.0097'}
Validation score increased.  Saving model ...
rec dataset length: 186
100%|███████████████████████████████████████████████████████████████████████████████████████████████████████████████████████████████████████| 186/186 [00:50<00:00,  3.70it/s]
{'epoch': 3, 'rec_avg_loss': '1.1405', 'joint_avg_loss': '1.5997', 'cl_avg_loss': '4.5916', 'itemcl_loss': '0.0000', 'cl_pair_0_loss': '4.5916'}
Recommendation EP_test:3: 100%|| 35/35 [00:07<00:00,  4.62it/s]
{'Epoch': 3, 'name': 'high_freq', 'HIT@5': '0.0119', 'NDCG@5': '0.0075', 'HIT@10': '0.0201', 'NDCG@10': '0.0101', 'HIT@20': '0.0349', 'NDCG@20': '0.0138'}
{'Epoch': 3, 'name': 'mid_freq', 'HIT@5': '0.0000', 'NDCG@5': '0.0000', 'HIT@10': '0.0000', 'NDCG@10': '0.0000', 'HIT@20': '0.0000', 'NDCG@20': '0.0000'}
{'Epoch': 3, 'name': 'low_freq', 'HIT@5': '0.0000', 'NDCG@5': '0.0000', 'HIT@10': '0.0000', 'NDCG@10': '0.0000', 'HIT@20': '0.0000', 'NDCG@20': '0.0000'}
{'Epoch': 3, 'name': 'all', 'HIT@5': '0.0081', 'NDCG@5': '0.0051', 'HIT@10': '0.0137', 'NDCG@10': '0.0069', 'HIT@20': '0.0238', 'NDCG@20': '0.0094'}
EarlyStopping counter: 1 out of 40
rec dataset length: 186
100%|███████████████████████████████████████████████████████████████████████████████████████████████████████████████████████████████████████| 186/186 [00:50<00:00,  3.69it/s]
{'epoch': 4, 'rec_avg_loss': '1.1258', 'joint_avg_loss': '1.5742', 'cl_avg_loss': '4.4836', 'itemcl_loss': '0.0000', 'cl_pair_0_loss': '4.4836'}
Recommendation EP_test:4: 100%|| 35/35 [00:07<00:00,  4.60it/s]
{'Epoch': 4, 'name': 'high_freq', 'HIT@5': '0.0123', 'NDCG@5': '0.0078', 'HIT@10': '0.0206', 'NDCG@10': '0.0105', 'HIT@20': '0.0357', 'NDCG@20': '0.0142'}
{'Epoch': 4, 'name': 'mid_freq', 'HIT@5': '0.0000', 'NDCG@5': '0.0000', 'HIT@10': '0.0000', 'NDCG@10': '0.0000', 'HIT@20': '0.0000', 'NDCG@20': '0.0000'}
{'Epoch': 4, 'name': 'low_freq', 'HIT@5': '0.0000', 'NDCG@5': '0.0000', 'HIT@10': '0.0000', 'NDCG@10': '0.0000', 'HIT@20': '0.0000', 'NDCG@20': '0.0000'}
{'Epoch': 4, 'name': 'all', 'HIT@5': '0.0083', 'NDCG@5': '0.0053', 'HIT@10': '0.0140', 'NDCG@10': '0.0071', 'HIT@20': '0.0243', 'NDCG@20': '0.0097'}
Validation score increased.  Saving model ...
rec dataset length: 186
100%|███████████████████████████████████████████████████████████████████████████████████████████████████████████████████████████████████████| 186/186 [00:50<00:00,  3.70it/s]
{'epoch': 5, 'rec_avg_loss': '1.1124', 'joint_avg_loss': '1.5522', 'cl_avg_loss': '4.3979', 'itemcl_loss': '0.0000', 'cl_pair_0_loss': '4.3979'}
Recommendation EP_test:5: 100%|| 35/35 [00:07<00:00,  4.44it/s]
{'Epoch': 5, 'name': 'high_freq', 'HIT@5': '0.0132', 'NDCG@5': '0.0083', 'HIT@10': '0.0218', 'NDCG@10': '0.0111', 'HIT@20': '0.0366', 'NDCG@20': '0.0148'}
{'Epoch': 5, 'name': 'mid_freq', 'HIT@5': '0.0000', 'NDCG@5': '0.0000', 'HIT@10': '0.0000', 'NDCG@10': '0.0000', 'HIT@20': '0.0000', 'NDCG@20': '0.0000'}
{'Epoch': 5, 'name': 'low_freq', 'HIT@5': '0.0000', 'NDCG@5': '0.0000', 'HIT@10': '0.0000', 'NDCG@10': '0.0000', 'HIT@20': '0.0000', 'NDCG@20': '0.0000'}
{'Epoch': 5, 'name': 'all', 'HIT@5': '0.0090', 'NDCG@5': '0.0057', 'HIT@10': '0.0148', 'NDCG@10': '0.0075', 'HIT@20': '0.0249', 'NDCG@20': '0.0101'}
Validation score increased.  Saving model ...
rec dataset length: 186
100%|███████████████████████████████████████████████████████████████████████████████████████████████████████████████████████████████████████| 186/186 [00:50<00:00,  3.69it/s]
{'epoch': 6, 'rec_avg_loss': '1.0945', 'joint_avg_loss': '1.5289', 'cl_avg_loss': '4.3438', 'itemcl_loss': '0.0000', 'cl_pair_0_loss': '4.3438'}
Recommendation EP_test:6: 100%|| 35/35 [00:08<00:00,  4.27it/s]
{'Epoch': 6, 'name': 'high_freq', 'HIT@5': '0.0133', 'NDCG@5': '0.0086', 'HIT@10': '0.0229', 'NDCG@10': '0.0117', 'HIT@20': '0.0388', 'NDCG@20': '0.0157'}
{'Epoch': 6, 'name': 'mid_freq', 'HIT@5': '0.0000', 'NDCG@5': '0.0000', 'HIT@10': '0.0000', 'NDCG@10': '0.0000', 'HIT@20': '0.0000', 'NDCG@20': '0.0000'}
{'Epoch': 6, 'name': 'low_freq', 'HIT@5': '0.0000', 'NDCG@5': '0.0000', 'HIT@10': '0.0000', 'NDCG@10': '0.0000', 'HIT@20': '0.0000', 'NDCG@20': '0.0000'}
{'Epoch': 6, 'name': 'all', 'HIT@5': '0.0091', 'NDCG@5': '0.0059', 'HIT@10': '0.0156', 'NDCG@10': '0.0080', 'HIT@20': '0.0264', 'NDCG@20': '0.0107'}
Validation score increased.  Saving model ...
rec dataset length: 186
100%|███████████████████████████████████████████████████████████████████████████████████████████████████████████████████████████████████████| 186/186 [00:50<00:00,  3.70it/s]
{'epoch': 7, 'rec_avg_loss': '1.0774', 'joint_avg_loss': '1.5076', 'cl_avg_loss': '4.3019', 'itemcl_loss': '0.0000', 'cl_pair_0_loss': '4.3019'}
Recommendation EP_test:7: 100%|| 35/35 [00:07<00:00,  4.54it/s]
{'Epoch': 7, 'name': 'high_freq', 'HIT@5': '0.0138', 'NDCG@5': '0.0088', 'HIT@10': '0.0241', 'NDCG@10': '0.0120', 'HIT@20': '0.0404', 'NDCG@20': '0.0161'}
{'Epoch': 7, 'name': 'mid_freq', 'HIT@5': '0.0000', 'NDCG@5': '0.0000', 'HIT@10': '0.0000', 'NDCG@10': '0.0000', 'HIT@20': '0.0003', 'NDCG@20': '0.0001'}
{'Epoch': 7, 'name': 'low_freq', 'HIT@5': '0.0000', 'NDCG@5': '0.0000', 'HIT@10': '0.0000', 'NDCG@10': '0.0000', 'HIT@20': '0.0000', 'NDCG@20': '0.0000'}
{'Epoch': 7, 'name': 'all', 'HIT@5': '0.0094', 'NDCG@5': '0.0060', 'HIT@10': '0.0164', 'NDCG@10': '0.0082', 'HIT@20': '0.0275', 'NDCG@20': '0.0110'}
Validation score increased.  Saving model ...
rec dataset length: 186
100%|███████████████████████████████████████████████████████████████████████████████████████████████████████████████████████████████████████| 186/186 [00:50<00:00,  3.69it/s]
{'epoch': 8, 'rec_avg_loss': '1.0587', 'joint_avg_loss': '1.4857', 'cl_avg_loss': '4.2701', 'itemcl_loss': '0.0000', 'cl_pair_0_loss': '4.2701'}
Recommendation EP_test:8: 100%|| 35/35 [00:07<00:00,  4.41it/s]
{'Epoch': 8, 'name': 'high_freq', 'HIT@5': '0.0150', 'NDCG@5': '0.0097', 'HIT@10': '0.0263', 'NDCG@10': '0.0132', 'HIT@20': '0.0460', 'NDCG@20': '0.0182'}
{'Epoch': 8, 'name': 'mid_freq', 'HIT@5': '0.0001', 'NDCG@5': '0.0001', 'HIT@10': '0.0006', 'NDCG@10': '0.0002', 'HIT@20': '0.0009', 'NDCG@20': '0.0003'}
{'Epoch': 8, 'name': 'low_freq', 'HIT@5': '0.0000', 'NDCG@5': '0.0000', 'HIT@10': '0.0000', 'NDCG@10': '0.0000', 'HIT@20': '0.0000', 'NDCG@20': '0.0000'}
{'Epoch': 8, 'name': 'all', 'HIT@5': '0.0103', 'NDCG@5': '0.0066', 'HIT@10': '0.0180', 'NDCG@10': '0.0090', 'HIT@20': '0.0315', 'NDCG@20': '0.0124'}
Validation score increased.  Saving model ...
rec dataset length: 186
100%|███████████████████████████████████████████████████████████████████████████████████████████████████████████████████████████████████████| 186/186 [00:50<00:00,  3.68it/s]
{'epoch': 9, 'rec_avg_loss': '1.0354', 'joint_avg_loss': '1.4608', 'cl_avg_loss': '4.2544', 'itemcl_loss': '0.0000', 'cl_pair_0_loss': '4.2544'}
Recommendation EP_test:9: 100%|| 35/35 [00:08<00:00,  4.11it/s]
{'Epoch': 9, 'name': 'high_freq', 'HIT@5': '0.0161', 'NDCG@5': '0.0103', 'HIT@10': '0.0285', 'NDCG@10': '0.0143', 'HIT@20': '0.0488', 'NDCG@20': '0.0194'}
{'Epoch': 9, 'name': 'mid_freq', 'HIT@5': '0.0001', 'NDCG@5': '0.0001', 'HIT@10': '0.0009', 'NDCG@10': '0.0003', 'HIT@20': '0.0010', 'NDCG@20': '0.0003'}
{'Epoch': 9, 'name': 'low_freq', 'HIT@5': '0.0000', 'NDCG@5': '0.0000', 'HIT@10': '0.0000', 'NDCG@10': '0.0000', 'HIT@20': '0.0000', 'NDCG@20': '0.0000'}
{'Epoch': 9, 'name': 'all', 'HIT@5': '0.0110', 'NDCG@5': '0.0070', 'HIT@10': '0.0196', 'NDCG@10': '0.0098', 'HIT@20': '0.0334', 'NDCG@20': '0.0132'}
Validation score increased.  Saving model ...
rec dataset length: 186
100%|███████████████████████████████████████████████████████████████████████████████████████████████████████████████████████████████████████| 186/186 [00:50<00:00,  3.70it/s]
{'epoch': 10, 'rec_avg_loss': '1.0119', 'joint_avg_loss': '1.4360', 'cl_avg_loss': '4.2416', 'itemcl_loss': '0.0000', 'cl_pair_0_loss': '4.2416'}
Recommendation EP_test:10: 100%|| 35/35 [00:08<00:00,  4.05it/s]
{'Epoch': 10, 'name': 'high_freq', 'HIT@5': '0.0183', 'NDCG@5': '0.0116', 'HIT@10': '0.0311', 'NDCG@10': '0.0157', 'HIT@20': '0.0523', 'NDCG@20': '0.0210'}
{'Epoch': 10, 'name': 'mid_freq', 'HIT@5': '0.0003', 'NDCG@5': '0.0001', 'HIT@10': '0.0007', 'NDCG@10': '0.0003', 'HIT@20': '0.0016', 'NDCG@20': '0.0005'}
{'Epoch': 10, 'name': 'low_freq', 'HIT@5': '0.0000', 'NDCG@5': '0.0000', 'HIT@10': '0.0000', 'NDCG@10': '0.0000', 'HIT@20': '0.0000', 'NDCG@20': '0.0000'}
{'Epoch': 10, 'name': 'all', 'HIT@5': '0.0125', 'NDCG@5': '0.0079', 'HIT@10': '0.0213', 'NDCG@10': '0.0107', 'HIT@20': '0.0359', 'NDCG@20': '0.0144'}
Validation score increased.  Saving model ...
rec dataset length: 186
100%|███████████████████████████████████████████████████████████████████████████████████████████████████████████████████████████████████████| 186/186 [00:50<00:00,  3.71it/s]
{'epoch': 11, 'rec_avg_loss': '0.9873', 'joint_avg_loss': '1.4092', 'cl_avg_loss': '4.2194', 'itemcl_loss': '0.0000', 'cl_pair_0_loss': '4.2194'}
Recommendation EP_test:11: 100%|| 35/35 [00:08<00:00,  4.21it/s]
{'Epoch': 11, 'name': 'high_freq', 'HIT@5': '0.0182', 'NDCG@5': '0.0116', 'HIT@10': '0.0312', 'NDCG@10': '0.0158', 'HIT@20': '0.0536', 'NDCG@20': '0.0214'}
{'Epoch': 11, 'name': 'mid_freq', 'HIT@5': '0.0003', 'NDCG@5': '0.0001', 'HIT@10': '0.0011', 'NDCG@10': '0.0004', 'HIT@20': '0.0013', 'NDCG@20': '0.0004'}
{'Epoch': 11, 'name': 'low_freq', 'HIT@5': '0.0000', 'NDCG@5': '0.0000', 'HIT@10': '0.0000', 'NDCG@10': '0.0000', 'HIT@20': '0.0000', 'NDCG@20': '0.0000'}
{'Epoch': 11, 'name': 'all', 'HIT@5': '0.0124', 'NDCG@5': '0.0079', 'HIT@10': '0.0215', 'NDCG@10': '0.0108', 'HIT@20': '0.0367', 'NDCG@20': '0.0146'}
Validation score increased.  Saving model ...
rec dataset length: 186
100%|███████████████████████████████████████████████████████████████████████████████████████████████████████████████████████████████████████| 186/186 [00:50<00:00,  3.69it/s]
{'epoch': 12, 'rec_avg_loss': '0.9659', 'joint_avg_loss': '1.3859', 'cl_avg_loss': '4.2001', 'itemcl_loss': '0.0000', 'cl_pair_0_loss': '4.2001'}
Recommendation EP_test:12: 100%|| 35/35 [00:08<00:00,  4.02it/s]
{'Epoch': 12, 'name': 'high_freq', 'HIT@5': '0.0204', 'NDCG@5': '0.0129', 'HIT@10': '0.0357', 'NDCG@10': '0.0178', 'HIT@20': '0.0572', 'NDCG@20': '0.0232'}
{'Epoch': 12, 'name': 'mid_freq', 'HIT@5': '0.0006', 'NDCG@5': '0.0003', 'HIT@10': '0.0010', 'NDCG@10': '0.0005', 'HIT@20': '0.0016', 'NDCG@20': '0.0006'}
{'Epoch': 12, 'name': 'low_freq', 'HIT@5': '0.0000', 'NDCG@5': '0.0000', 'HIT@10': '0.0000', 'NDCG@10': '0.0000', 'HIT@20': '0.0000', 'NDCG@20': '0.0000'}
{'Epoch': 12, 'name': 'all', 'HIT@5': '0.0140', 'NDCG@5': '0.0088', 'HIT@10': '0.0245', 'NDCG@10': '0.0122', 'HIT@20': '0.0392', 'NDCG@20': '0.0159'}
Validation score increased.  Saving model ...
rec dataset length: 186
100%|███████████████████████████████████████████████████████████████████████████████████████████████████████████████████████████████████████| 186/186 [00:50<00:00,  3.70it/s]
{'epoch': 13, 'rec_avg_loss': '0.9439', 'joint_avg_loss': '1.3619', 'cl_avg_loss': '4.1803', 'itemcl_loss': '0.0000', 'cl_pair_0_loss': '4.1803'}
Recommendation EP_test:13: 100%|| 35/35 [00:08<00:00,  4.10it/s]
{'Epoch': 13, 'name': 'high_freq', 'HIT@5': '0.0216', 'NDCG@5': '0.0139', 'HIT@10': '0.0366', 'NDCG@10': '0.0187', 'HIT@20': '0.0616', 'NDCG@20': '0.0249'}
{'Epoch': 13, 'name': 'mid_freq', 'HIT@5': '0.0010', 'NDCG@5': '0.0008', 'HIT@10': '0.0014', 'NDCG@10': '0.0009', 'HIT@20': '0.0017', 'NDCG@20': '0.0010'}
{'Epoch': 13, 'name': 'low_freq', 'HIT@5': '0.0000', 'NDCG@5': '0.0000', 'HIT@10': '0.0000', 'NDCG@10': '0.0000', 'HIT@20': '0.0000', 'NDCG@20': '0.0000'}
{'Epoch': 13, 'name': 'all', 'HIT@5': '0.0149', 'NDCG@5': '0.0096', 'HIT@10': '0.0252', 'NDCG@10': '0.0129', 'HIT@20': '0.0422', 'NDCG@20': '0.0171'}
Validation score increased.  Saving model ...
rec dataset length: 186
100%|███████████████████████████████████████████████████████████████████████████████████████████████████████████████████████████████████████| 186/186 [00:50<00:00,  3.68it/s]
{'epoch': 14, 'rec_avg_loss': '0.9249', 'joint_avg_loss': '1.3401', 'cl_avg_loss': '4.1527', 'itemcl_loss': '0.0000', 'cl_pair_0_loss': '4.1527'}
Recommendation EP_test:14: 100%|| 35/35 [00:08<00:00,  4.09it/s]
{'Epoch': 14, 'name': 'high_freq', 'HIT@5': '0.0227', 'NDCG@5': '0.0143', 'HIT@10': '0.0388', 'NDCG@10': '0.0195', 'HIT@20': '0.0663', 'NDCG@20': '0.0263'}
{'Epoch': 14, 'name': 'mid_freq', 'HIT@5': '0.0010', 'NDCG@5': '0.0007', 'HIT@10': '0.0014', 'NDCG@10': '0.0008', 'HIT@20': '0.0019', 'NDCG@20': '0.0009'}
{'Epoch': 14, 'name': 'low_freq', 'HIT@5': '0.0000', 'NDCG@5': '0.0000', 'HIT@10': '0.0000', 'NDCG@10': '0.0000', 'HIT@20': '0.0000', 'NDCG@20': '0.0000'}
{'Epoch': 14, 'name': 'all', 'HIT@5': '0.0156', 'NDCG@5': '0.0099', 'HIT@10': '0.0267', 'NDCG@10': '0.0134', 'HIT@20': '0.0455', 'NDCG@20': '0.0181'}
Validation score increased.  Saving model ...
rec dataset length: 186
100%|███████████████████████████████████████████████████████████████████████████████████████████████████████████████████████████████████████| 186/186 [00:50<00:00,  3.69it/s]
{'epoch': 15, 'rec_avg_loss': '0.9022', 'joint_avg_loss': '1.3153', 'cl_avg_loss': '4.1315', 'itemcl_loss': '0.0000', 'cl_pair_0_loss': '4.1315'}
Recommendation EP_test:15: 100%|| 35/35 [00:08<00:00,  4.03it/s]
{'Epoch': 15, 'name': 'high_freq', 'HIT@5': '0.0233', 'NDCG@5': '0.0148', 'HIT@10': '0.0403', 'NDCG@10': '0.0202', 'HIT@20': '0.0653', 'NDCG@20': '0.0265'}
{'Epoch': 15, 'name': 'mid_freq', 'HIT@5': '0.0007', 'NDCG@5': '0.0005', 'HIT@10': '0.0014', 'NDCG@10': '0.0007', 'HIT@20': '0.0019', 'NDCG@20': '0.0008'}
{'Epoch': 15, 'name': 'low_freq', 'HIT@5': '0.0000', 'NDCG@5': '0.0000', 'HIT@10': '0.0000', 'NDCG@10': '0.0000', 'HIT@20': '0.0000', 'NDCG@20': '0.0000'}
{'Epoch': 15, 'name': 'all', 'HIT@5': '0.0160', 'NDCG@5': '0.0102', 'HIT@10': '0.0277', 'NDCG@10': '0.0139', 'HIT@20': '0.0448', 'NDCG@20': '0.0182'}
Validation score increased.  Saving model ...
rec dataset length: 186
100%|███████████████████████████████████████████████████████████████████████████████████████████████████████████████████████████████████████| 186/186 [00:50<00:00,  3.68it/s]
{'epoch': 16, 'rec_avg_loss': '0.8878', 'joint_avg_loss': '1.2977', 'cl_avg_loss': '4.0995', 'itemcl_loss': '0.0000', 'cl_pair_0_loss': '4.0995'}
Recommendation EP_test:16: 100%|| 35/35 [00:08<00:00,  4.14it/s]
{'Epoch': 16, 'name': 'high_freq', 'HIT@5': '0.0254', 'NDCG@5': '0.0158', 'HIT@10': '0.0416', 'NDCG@10': '0.0210', 'HIT@20': '0.0681', 'NDCG@20': '0.0277'}
{'Epoch': 16, 'name': 'mid_freq', 'HIT@5': '0.0006', 'NDCG@5': '0.0003', 'HIT@10': '0.0013', 'NDCG@10': '0.0006', 'HIT@20': '0.0019', 'NDCG@20': '0.0007'}
{'Epoch': 16, 'name': 'low_freq', 'HIT@5': '0.0000', 'NDCG@5': '0.0000', 'HIT@10': '0.0005', 'NDCG@10': '0.0001', 'HIT@20': '0.0007', 'NDCG@20': '0.0002'}
{'Epoch': 16, 'name': 'all', 'HIT@5': '0.0174', 'NDCG@5': '0.0108', 'HIT@10': '0.0286', 'NDCG@10': '0.0144', 'HIT@20': '0.0468', 'NDCG@20': '0.0190'}
Validation score increased.  Saving model ...
rec dataset length: 186
100%|███████████████████████████████████████████████████████████████████████████████████████████████████████████████████████████████████████| 186/186 [00:50<00:00,  3.68it/s]
{'epoch': 17, 'rec_avg_loss': '0.8690', 'joint_avg_loss': '1.2763', 'cl_avg_loss': '4.0728', 'itemcl_loss': '0.0000', 'cl_pair_0_loss': '4.0728'}
Recommendation EP_test:17: 100%|| 35/35 [00:08<00:00,  4.17it/s]
{'Epoch': 17, 'name': 'high_freq', 'HIT@5': '0.0250', 'NDCG@5': '0.0152', 'HIT@10': '0.0426', 'NDCG@10': '0.0208', 'HIT@20': '0.0700', 'NDCG@20': '0.0277'}
{'Epoch': 17, 'name': 'mid_freq', 'HIT@5': '0.0006', 'NDCG@5': '0.0004', 'HIT@10': '0.0016', 'NDCG@10': '0.0007', 'HIT@20': '0.0022', 'NDCG@20': '0.0009'}
{'Epoch': 17, 'name': 'low_freq', 'HIT@5': '0.0005', 'NDCG@5': '0.0002', 'HIT@10': '0.0005', 'NDCG@10': '0.0002', 'HIT@20': '0.0007', 'NDCG@20': '0.0003'}
{'Epoch': 17, 'name': 'all', 'HIT@5': '0.0172', 'NDCG@5': '0.0105', 'HIT@10': '0.0294', 'NDCG@10': '0.0144', 'HIT@20': '0.0481', 'NDCG@20': '0.0191'}
Validation score increased.  Saving model ...
rec dataset length: 186
100%|███████████████████████████████████████████████████████████████████████████████████████████████████████████████████████████████████████| 186/186 [00:50<00:00,  3.70it/s]
{'epoch': 18, 'rec_avg_loss': '0.8538', 'joint_avg_loss': '1.2574', 'cl_avg_loss': '4.0363', 'itemcl_loss': '0.0000', 'cl_pair_0_loss': '4.0363'}
Recommendation EP_test:18: 100%|| 35/35 [00:08<00:00,  4.11it/s]
{'Epoch': 18, 'name': 'high_freq', 'HIT@5': '0.0253', 'NDCG@5': '0.0156', 'HIT@10': '0.0445', 'NDCG@10': '0.0218', 'HIT@20': '0.0717', 'NDCG@20': '0.0286'}
{'Epoch': 18, 'name': 'mid_freq', 'HIT@5': '0.0006', 'NDCG@5': '0.0003', 'HIT@10': '0.0013', 'NDCG@10': '0.0006', 'HIT@20': '0.0023', 'NDCG@20': '0.0008'}
{'Epoch': 18, 'name': 'low_freq', 'HIT@5': '0.0000', 'NDCG@5': '0.0000', 'HIT@10': '0.0002', 'NDCG@10': '0.0001', 'HIT@20': '0.0002', 'NDCG@20': '0.0001'}
{'Epoch': 18, 'name': 'all', 'HIT@5': '0.0173', 'NDCG@5': '0.0107', 'HIT@10': '0.0306', 'NDCG@10': '0.0150', 'HIT@20': '0.0493', 'NDCG@20': '0.0197'}
Validation score increased.  Saving model ...
rec dataset length: 186
100%|███████████████████████████████████████████████████████████████████████████████████████████████████████████████████████████████████████| 186/186 [00:50<00:00,  3.69it/s]
{'epoch': 19, 'rec_avg_loss': '0.8386', 'joint_avg_loss': '1.2387', 'cl_avg_loss': '4.0010', 'itemcl_loss': '0.0000', 'cl_pair_0_loss': '4.0010'}
Recommendation EP_test:19: 100%|| 35/35 [00:08<00:00,  4.11it/s]
{'Epoch': 19, 'name': 'high_freq', 'HIT@5': '0.0263', 'NDCG@5': '0.0164', 'HIT@10': '0.0458', 'NDCG@10': '0.0227', 'HIT@20': '0.0711', 'NDCG@20': '0.0290'}
{'Epoch': 19, 'name': 'mid_freq', 'HIT@5': '0.0010', 'NDCG@5': '0.0007', 'HIT@10': '0.0017', 'NDCG@10': '0.0010', 'HIT@20': '0.0022', 'NDCG@20': '0.0011'}
{'Epoch': 19, 'name': 'low_freq', 'HIT@5': '0.0002', 'NDCG@5': '0.0001', 'HIT@10': '0.0007', 'NDCG@10': '0.0003', 'HIT@20': '0.0009', 'NDCG@20': '0.0003'}
{'Epoch': 19, 'name': 'all', 'HIT@5': '0.0181', 'NDCG@5': '0.0113', 'HIT@10': '0.0315', 'NDCG@10': '0.0156', 'HIT@20': '0.0489', 'NDCG@20': '0.0200'}
Validation score increased.  Saving model ...
rec dataset length: 186
100%|███████████████████████████████████████████████████████████████████████████████████████████████████████████████████████████████████████| 186/186 [00:50<00:00,  3.66it/s]
{'epoch': 20, 'rec_avg_loss': '0.8248', 'joint_avg_loss': '1.2218', 'cl_avg_loss': '3.9704', 'itemcl_loss': '0.0000', 'cl_pair_0_loss': '3.9704'}
Recommendation EP_test:20: 100%|| 35/35 [00:08<00:00,  4.17it/s]
{'Epoch': 20, 'name': 'high_freq', 'HIT@5': '0.0267', 'NDCG@5': '0.0169', 'HIT@10': '0.0457', 'NDCG@10': '0.0229', 'HIT@20': '0.0747', 'NDCG@20': '0.0303'}
{'Epoch': 20, 'name': 'mid_freq', 'HIT@5': '0.0009', 'NDCG@5': '0.0005', 'HIT@10': '0.0016', 'NDCG@10': '0.0008', 'HIT@20': '0.0023', 'NDCG@20': '0.0009'}
{'Epoch': 20, 'name': 'low_freq', 'HIT@5': '0.0002', 'NDCG@5': '0.0001', 'HIT@10': '0.0007', 'NDCG@10': '0.0002', 'HIT@20': '0.0009', 'NDCG@20': '0.0003'}
{'Epoch': 20, 'name': 'all', 'HIT@5': '0.0184', 'NDCG@5': '0.0116', 'HIT@10': '0.0315', 'NDCG@10': '0.0158', 'HIT@20': '0.0514', 'NDCG@20': '0.0208'}
Validation score increased.  Saving model ...
rec dataset length: 186
100%|███████████████████████████████████████████████████████████████████████████████████████████████████████████████████████████████████████| 186/186 [00:50<00:00,  3.67it/s]
{'epoch': 21, 'rec_avg_loss': '0.8105', 'joint_avg_loss': '1.2039', 'cl_avg_loss': '3.9337', 'itemcl_loss': '0.0000', 'cl_pair_0_loss': '3.9337'}
Recommendation EP_test:21: 100%|| 35/35 [00:08<00:00,  4.18it/s]
{'Epoch': 21, 'name': 'high_freq', 'HIT@5': '0.0278', 'NDCG@5': '0.0175', 'HIT@10': '0.0476', 'NDCG@10': '0.0238', 'HIT@20': '0.0759', 'NDCG@20': '0.0309'}
{'Epoch': 21, 'name': 'mid_freq', 'HIT@5': '0.0013', 'NDCG@5': '0.0009', 'HIT@10': '0.0019', 'NDCG@10': '0.0011', 'HIT@20': '0.0030', 'NDCG@20': '0.0014'}
{'Epoch': 21, 'name': 'low_freq', 'HIT@5': '0.0000', 'NDCG@5': '0.0000', 'HIT@10': '0.0007', 'NDCG@10': '0.0002', 'HIT@20': '0.0009', 'NDCG@20': '0.0003'}
{'Epoch': 21, 'name': 'all', 'HIT@5': '0.0192', 'NDCG@5': '0.0121', 'HIT@10': '0.0328', 'NDCG@10': '0.0164', 'HIT@20': '0.0524', 'NDCG@20': '0.0213'}
Validation score increased.  Saving model ...
rec dataset length: 186
100%|███████████████████████████████████████████████████████████████████████████████████████████████████████████████████████████████████████| 186/186 [00:50<00:00,  3.70it/s]
{'epoch': 22, 'rec_avg_loss': '0.7996', 'joint_avg_loss': '1.1909', 'cl_avg_loss': '3.9123', 'itemcl_loss': '0.0000', 'cl_pair_0_loss': '3.9123'}
Recommendation EP_test:22: 100%|| 35/35 [00:08<00:00,  4.15it/s]
{'Epoch': 22, 'name': 'high_freq', 'HIT@5': '0.0289', 'NDCG@5': '0.0180', 'HIT@10': '0.0488', 'NDCG@10': '0.0244', 'HIT@20': '0.0780', 'NDCG@20': '0.0318'}
{'Epoch': 22, 'name': 'mid_freq', 'HIT@5': '0.0013', 'NDCG@5': '0.0009', 'HIT@10': '0.0020', 'NDCG@10': '0.0012', 'HIT@20': '0.0030', 'NDCG@20': '0.0014'}
{'Epoch': 22, 'name': 'low_freq', 'HIT@5': '0.0005', 'NDCG@5': '0.0002', 'HIT@10': '0.0005', 'NDCG@10': '0.0002', 'HIT@20': '0.0005', 'NDCG@20': '0.0002'}
{'Epoch': 22, 'name': 'all', 'HIT@5': '0.0200', 'NDCG@5': '0.0125', 'HIT@10': '0.0337', 'NDCG@10': '0.0169', 'HIT@20': '0.0537', 'NDCG@20': '0.0219'}
Validation score increased.  Saving model ...
rec dataset length: 186
100%|███████████████████████████████████████████████████████████████████████████████████████████████████████████████████████████████████████| 186/186 [00:50<00:00,  3.69it/s]
{'epoch': 23, 'rec_avg_loss': '0.7830', 'joint_avg_loss': '1.1712', 'cl_avg_loss': '3.8820', 'itemcl_loss': '0.0000', 'cl_pair_0_loss': '3.8820'}
Recommendation EP_test:23: 100%|| 35/35 [00:08<00:00,  4.20it/s]
{'Epoch': 23, 'name': 'high_freq', 'HIT@5': '0.0307', 'NDCG@5': '0.0194', 'HIT@10': '0.0512', 'NDCG@10': '0.0260', 'HIT@20': '0.0814', 'NDCG@20': '0.0335'}
{'Epoch': 23, 'name': 'mid_freq', 'HIT@5': '0.0011', 'NDCG@5': '0.0009', 'HIT@10': '0.0020', 'NDCG@10': '0.0012', 'HIT@20': '0.0032', 'NDCG@20': '0.0015'}
{'Epoch': 23, 'name': 'low_freq', 'HIT@5': '0.0005', 'NDCG@5': '0.0002', 'HIT@10': '0.0005', 'NDCG@10': '0.0002', 'HIT@20': '0.0011', 'NDCG@20': '0.0004'}
{'Epoch': 23, 'name': 'all', 'HIT@5': '0.0212', 'NDCG@5': '0.0134', 'HIT@10': '0.0353', 'NDCG@10': '0.0179', 'HIT@20': '0.0561', 'NDCG@20': '0.0232'}
Validation score increased.  Saving model ...
rec dataset length: 186
100%|███████████████████████████████████████████████████████████████████████████████████████████████████████████████████████████████████████| 186/186 [00:50<00:00,  3.69it/s]
{'epoch': 24, 'rec_avg_loss': '0.7746', 'joint_avg_loss': '1.1599', 'cl_avg_loss': '3.8528', 'itemcl_loss': '0.0000', 'cl_pair_0_loss': '3.8528'}
Recommendation EP_test:24: 100%|| 35/35 [00:08<00:00,  4.18it/s]
{'Epoch': 24, 'name': 'high_freq', 'HIT@5': '0.0318', 'NDCG@5': '0.0197', 'HIT@10': '0.0515', 'NDCG@10': '0.0260', 'HIT@20': '0.0836', 'NDCG@20': '0.0341'}
{'Epoch': 24, 'name': 'mid_freq', 'HIT@5': '0.0013', 'NDCG@5': '0.0009', 'HIT@10': '0.0016', 'NDCG@10': '0.0010', 'HIT@20': '0.0032', 'NDCG@20': '0.0014'}
{'Epoch': 24, 'name': 'low_freq', 'HIT@5': '0.0005', 'NDCG@5': '0.0003', 'HIT@10': '0.0011', 'NDCG@10': '0.0005', 'HIT@20': '0.0014', 'NDCG@20': '0.0005'}
{'Epoch': 24, 'name': 'all', 'HIT@5': '0.0219', 'NDCG@5': '0.0136', 'HIT@10': '0.0355', 'NDCG@10': '0.0179', 'HIT@20': '0.0577', 'NDCG@20': '0.0235'}
Validation score increased.  Saving model ...
rec dataset length: 186
100%|███████████████████████████████████████████████████████████████████████████████████████████████████████████████████████████████████████| 186/186 [00:50<00:00,  3.71it/s]
{'epoch': 25, 'rec_avg_loss': '0.7617', 'joint_avg_loss': '1.1453', 'cl_avg_loss': '3.8365', 'itemcl_loss': '0.0000', 'cl_pair_0_loss': '3.8365'}
Recommendation EP_test:25: 100%|| 35/35 [00:08<00:00,  4.18it/s]
{'Epoch': 25, 'name': 'high_freq', 'HIT@5': '0.0304', 'NDCG@5': '0.0191', 'HIT@10': '0.0522', 'NDCG@10': '0.0261', 'HIT@20': '0.0836', 'NDCG@20': '0.0340'}
{'Epoch': 25, 'name': 'mid_freq', 'HIT@5': '0.0013', 'NDCG@5': '0.0008', 'HIT@10': '0.0014', 'NDCG@10': '0.0009', 'HIT@20': '0.0030', 'NDCG@20': '0.0013'}
{'Epoch': 25, 'name': 'low_freq', 'HIT@5': '0.0002', 'NDCG@5': '0.0001', 'HIT@10': '0.0007', 'NDCG@10': '0.0002', 'HIT@20': '0.0011', 'NDCG@20': '0.0003'}
{'Epoch': 25, 'name': 'all', 'HIT@5': '0.0210', 'NDCG@5': '0.0132', 'HIT@10': '0.0359', 'NDCG@10': '0.0180', 'HIT@20': '0.0576', 'NDCG@20': '0.0235'}
EarlyStopping counter: 1 out of 40
rec dataset length: 186
100%|███████████████████████████████████████████████████████████████████████████████████████████████████████████████████████████████████████| 186/186 [00:50<00:00,  3.70it/s]
{'epoch': 26, 'rec_avg_loss': '0.7540', 'joint_avg_loss': '1.1335', 'cl_avg_loss': '3.7951', 'itemcl_loss': '0.0000', 'cl_pair_0_loss': '3.7951'}
Recommendation EP_test:26: 100%|| 35/35 [00:08<00:00,  4.19it/s]
{'Epoch': 26, 'name': 'high_freq', 'HIT@5': '0.0303', 'NDCG@5': '0.0190', 'HIT@10': '0.0530', 'NDCG@10': '0.0263', 'HIT@20': '0.0841', 'NDCG@20': '0.0341'}
{'Epoch': 26, 'name': 'mid_freq', 'HIT@5': '0.0011', 'NDCG@5': '0.0008', 'HIT@10': '0.0024', 'NDCG@10': '0.0012', 'HIT@20': '0.0033', 'NDCG@20': '0.0014'}
{'Epoch': 26, 'name': 'low_freq', 'HIT@5': '0.0002', 'NDCG@5': '0.0001', 'HIT@10': '0.0009', 'NDCG@10': '0.0003', 'HIT@20': '0.0014', 'NDCG@20': '0.0004'}
{'Epoch': 26, 'name': 'all', 'HIT@5': '0.0209', 'NDCG@5': '0.0131', 'HIT@10': '0.0366', 'NDCG@10': '0.0182', 'HIT@20': '0.0580', 'NDCG@20': '0.0235'}
Validation score increased.  Saving model ...
rec dataset length: 186
100%|███████████████████████████████████████████████████████████████████████████████████████████████████████████████████████████████████████| 186/186 [00:50<00:00,  3.70it/s]
{'epoch': 27, 'rec_avg_loss': '0.7440', 'joint_avg_loss': '1.1215', 'cl_avg_loss': '3.7747', 'itemcl_loss': '0.0000', 'cl_pair_0_loss': '3.7747'}
Recommendation EP_test:27: 100%|| 35/35 [00:08<00:00,  4.18it/s]
{'Epoch': 27, 'name': 'high_freq', 'HIT@5': '0.0321', 'NDCG@5': '0.0200', 'HIT@10': '0.0534', 'NDCG@10': '0.0268', 'HIT@20': '0.0844', 'NDCG@20': '0.0346'}
{'Epoch': 27, 'name': 'mid_freq', 'HIT@5': '0.0011', 'NDCG@5': '0.0007', 'HIT@10': '0.0017', 'NDCG@10': '0.0009', 'HIT@20': '0.0029', 'NDCG@20': '0.0012'}
{'Epoch': 27, 'name': 'low_freq', 'HIT@5': '0.0002', 'NDCG@5': '0.0001', 'HIT@10': '0.0009', 'NDCG@10': '0.0003', 'HIT@20': '0.0018', 'NDCG@20': '0.0005'}
{'Epoch': 27, 'name': 'all', 'HIT@5': '0.0221', 'NDCG@5': '0.0137', 'HIT@10': '0.0368', 'NDCG@10': '0.0185', 'HIT@20': '0.0582', 'NDCG@20': '0.0238'}
Validation score increased.  Saving model ...
rec dataset length: 186
100%|███████████████████████████████████████████████████████████████████████████████████████████████████████████████████████████████████████| 186/186 [00:50<00:00,  3.68it/s]
{'epoch': 28, 'rec_avg_loss': '0.7312', 'joint_avg_loss': '1.1059', 'cl_avg_loss': '3.7473', 'itemcl_loss': '0.0000', 'cl_pair_0_loss': '3.7473'}
Recommendation EP_test:28: 100%|| 35/35 [00:08<00:00,  4.29it/s]
{'Epoch': 28, 'name': 'high_freq', 'HIT@5': '0.0332', 'NDCG@5': '0.0201', 'HIT@10': '0.0549', 'NDCG@10': '0.0271', 'HIT@20': '0.0864', 'NDCG@20': '0.0350'}
{'Epoch': 28, 'name': 'mid_freq', 'HIT@5': '0.0013', 'NDCG@5': '0.0009', 'HIT@10': '0.0020', 'NDCG@10': '0.0012', 'HIT@20': '0.0034', 'NDCG@20': '0.0015'}
{'Epoch': 28, 'name': 'low_freq', 'HIT@5': '0.0005', 'NDCG@5': '0.0002', 'HIT@10': '0.0009', 'NDCG@10': '0.0003', 'HIT@20': '0.0016', 'NDCG@20': '0.0005'}
{'Epoch': 28, 'name': 'all', 'HIT@5': '0.0229', 'NDCG@5': '0.0139', 'HIT@10': '0.0379', 'NDCG@10': '0.0187', 'HIT@20': '0.0597', 'NDCG@20': '0.0242'}
Validation score increased.  Saving model ...
rec dataset length: 186
100%|███████████████████████████████████████████████████████████████████████████████████████████████████████████████████████████████████████| 186/186 [00:50<00:00,  3.69it/s]
{'epoch': 29, 'rec_avg_loss': '0.7237', 'joint_avg_loss': '1.0953', 'cl_avg_loss': '3.7166', 'itemcl_loss': '0.0000', 'cl_pair_0_loss': '3.7166'}
Recommendation EP_test:29: 100%|| 35/35 [00:08<00:00,  4.20it/s]
{'Epoch': 29, 'name': 'high_freq', 'HIT@5': '0.0321', 'NDCG@5': '0.0197', 'HIT@10': '0.0542', 'NDCG@10': '0.0269', 'HIT@20': '0.0869', 'NDCG@20': '0.0350'}
{'Epoch': 29, 'name': 'mid_freq', 'HIT@5': '0.0013', 'NDCG@5': '0.0008', 'HIT@10': '0.0023', 'NDCG@10': '0.0012', 'HIT@20': '0.0036', 'NDCG@20': '0.0015'}
{'Epoch': 29, 'name': 'low_freq', 'HIT@5': '0.0007', 'NDCG@5': '0.0004', 'HIT@10': '0.0011', 'NDCG@10': '0.0005', 'HIT@20': '0.0018', 'NDCG@20': '0.0007'}
{'Epoch': 29, 'name': 'all', 'HIT@5': '0.0222', 'NDCG@5': '0.0136', 'HIT@10': '0.0375', 'NDCG@10': '0.0186', 'HIT@20': '0.0600', 'NDCG@20': '0.0242'}
Validation score increased.  Saving model ...
rec dataset length: 186
100%|███████████████████████████████████████████████████████████████████████████████████████████████████████████████████████████████████████| 186/186 [00:50<00:00,  3.69it/s]
{'epoch': 30, 'rec_avg_loss': '0.7170', 'joint_avg_loss': '1.0868', 'cl_avg_loss': '3.6980', 'itemcl_loss': '0.0000', 'cl_pair_0_loss': '3.6980'}
Recommendation EP_test:30: 100%|| 35/35 [00:08<00:00,  4.14it/s]
{'Epoch': 30, 'name': 'high_freq', 'HIT@5': '0.0329', 'NDCG@5': '0.0205', 'HIT@10': '0.0554', 'NDCG@10': '0.0276', 'HIT@20': '0.0883', 'NDCG@20': '0.0359'}
{'Epoch': 30, 'name': 'mid_freq', 'HIT@5': '0.0016', 'NDCG@5': '0.0011', 'HIT@10': '0.0030', 'NDCG@10': '0.0016', 'HIT@20': '0.0042', 'NDCG@20': '0.0019'}
{'Epoch': 30, 'name': 'low_freq', 'HIT@5': '0.0009', 'NDCG@5': '0.0005', 'HIT@10': '0.0016', 'NDCG@10': '0.0007', 'HIT@20': '0.0025', 'NDCG@20': '0.0010'}
{'Epoch': 30, 'name': 'all', 'HIT@5': '0.0228', 'NDCG@5': '0.0142', 'HIT@10': '0.0385', 'NDCG@10': '0.0192', 'HIT@20': '0.0612', 'NDCG@20': '0.0249'}
Validation score increased.  Saving model ...
rec dataset length: 186
100%|███████████████████████████████████████████████████████████████████████████████████████████████████████████████████████████████████████| 186/186 [00:50<00:00,  3.69it/s]
{'epoch': 31, 'rec_avg_loss': '0.7081', 'joint_avg_loss': '1.0746', 'cl_avg_loss': '3.6652', 'itemcl_loss': '0.0000', 'cl_pair_0_loss': '3.6652'}
Recommendation EP_test:31: 100%|| 35/35 [00:08<00:00,  4.17it/s]
{'Epoch': 31, 'name': 'high_freq', 'HIT@5': '0.0327', 'NDCG@5': '0.0203', 'HIT@10': '0.0541', 'NDCG@10': '0.0272', 'HIT@20': '0.0887', 'NDCG@20': '0.0359'}
{'Epoch': 31, 'name': 'mid_freq', 'HIT@5': '0.0016', 'NDCG@5': '0.0008', 'HIT@10': '0.0032', 'NDCG@10': '0.0013', 'HIT@20': '0.0040', 'NDCG@20': '0.0015'}
{'Epoch': 31, 'name': 'low_freq', 'HIT@5': '0.0011', 'NDCG@5': '0.0006', 'HIT@10': '0.0020', 'NDCG@10': '0.0009', 'HIT@20': '0.0025', 'NDCG@20': '0.0011'}
{'Epoch': 31, 'name': 'all', 'HIT@5': '0.0227', 'NDCG@5': '0.0141', 'HIT@10': '0.0377', 'NDCG@10': '0.0189', 'HIT@20': '0.0614', 'NDCG@20': '0.0248'}
EarlyStopping counter: 1 out of 40
rec dataset length: 186
100%|███████████████████████████████████████████████████████████████████████████████████████████████████████████████████████████████████████| 186/186 [00:50<00:00,  3.69it/s]
{'epoch': 32, 'rec_avg_loss': '0.7008', 'joint_avg_loss': '1.0665', 'cl_avg_loss': '3.6569', 'itemcl_loss': '0.0000', 'cl_pair_0_loss': '3.6569'}
Recommendation EP_test:32: 100%|| 35/35 [00:08<00:00,  4.12it/s]
{'Epoch': 32, 'name': 'high_freq', 'HIT@5': '0.0341', 'NDCG@5': '0.0215', 'HIT@10': '0.0553', 'NDCG@10': '0.0283', 'HIT@20': '0.0904', 'NDCG@20': '0.0372'}
{'Epoch': 32, 'name': 'mid_freq', 'HIT@5': '0.0011', 'NDCG@5': '0.0008', 'HIT@10': '0.0030', 'NDCG@10': '0.0015', 'HIT@20': '0.0045', 'NDCG@20': '0.0018'}
{'Epoch': 32, 'name': 'low_freq', 'HIT@5': '0.0016', 'NDCG@5': '0.0009', 'HIT@10': '0.0023', 'NDCG@10': '0.0011', 'HIT@20': '0.0025', 'NDCG@20': '0.0011'}
{'Epoch': 32, 'name': 'all', 'HIT@5': '0.0236', 'NDCG@5': '0.0149', 'HIT@10': '0.0385', 'NDCG@10': '0.0197', 'HIT@20': '0.0627', 'NDCG@20': '0.0258'}
Validation score increased.  Saving model ...
rec dataset length: 186
100%|███████████████████████████████████████████████████████████████████████████████████████████████████████████████████████████████████████| 186/186 [00:50<00:00,  3.70it/s]
{'epoch': 33, 'rec_avg_loss': '0.6912', 'joint_avg_loss': '1.0535', 'cl_avg_loss': '3.6228', 'itemcl_loss': '0.0000', 'cl_pair_0_loss': '3.6228'}
Recommendation EP_test:33: 100%|| 35/35 [00:08<00:00,  4.02it/s]
{'Epoch': 33, 'name': 'high_freq', 'HIT@5': '0.0368', 'NDCG@5': '0.0232', 'HIT@10': '0.0583', 'NDCG@10': '0.0301', 'HIT@20': '0.0917', 'NDCG@20': '0.0385'}
{'Epoch': 33, 'name': 'mid_freq', 'HIT@5': '0.0017', 'NDCG@5': '0.0011', 'HIT@10': '0.0029', 'NDCG@10': '0.0015', 'HIT@20': '0.0042', 'NDCG@20': '0.0018'}
{'Epoch': 33, 'name': 'low_freq', 'HIT@5': '0.0018', 'NDCG@5': '0.0014', 'HIT@10': '0.0023', 'NDCG@10': '0.0015', 'HIT@20': '0.0034', 'NDCG@20': '0.0018'}
{'Epoch': 33, 'name': 'all', 'HIT@5': '0.0256', 'NDCG@5': '0.0161', 'HIT@10': '0.0405', 'NDCG@10': '0.0209', 'HIT@20': '0.0636', 'NDCG@20': '0.0267'}
Validation score increased.  Saving model ...
rec dataset length: 186
100%|███████████████████████████████████████████████████████████████████████████████████████████████████████████████████████████████████████| 186/186 [00:50<00:00,  3.69it/s]
{'epoch': 34, 'rec_avg_loss': '0.6817', 'joint_avg_loss': '1.0425', 'cl_avg_loss': '3.6075', 'itemcl_loss': '0.0000', 'cl_pair_0_loss': '3.6075'}
Recommendation EP_test:34: 100%|| 35/35 [00:08<00:00,  4.07it/s]
{'Epoch': 34, 'name': 'high_freq', 'HIT@5': '0.0366', 'NDCG@5': '0.0227', 'HIT@10': '0.0599', 'NDCG@10': '0.0302', 'HIT@20': '0.0916', 'NDCG@20': '0.0382'}
{'Epoch': 34, 'name': 'mid_freq', 'HIT@5': '0.0017', 'NDCG@5': '0.0011', 'HIT@10': '0.0026', 'NDCG@10': '0.0013', 'HIT@20': '0.0045', 'NDCG@20': '0.0018'}
{'Epoch': 34, 'name': 'low_freq', 'HIT@5': '0.0016', 'NDCG@5': '0.0010', 'HIT@10': '0.0025', 'NDCG@10': '0.0013', 'HIT@20': '0.0027', 'NDCG@20': '0.0013'}
{'Epoch': 34, 'name': 'all', 'HIT@5': '0.0254', 'NDCG@5': '0.0158', 'HIT@10': '0.0416', 'NDCG@10': '0.0210', 'HIT@20': '0.0635', 'NDCG@20': '0.0265'}
EarlyStopping counter: 1 out of 40
rec dataset length: 186
100%|███████████████████████████████████████████████████████████████████████████████████████████████████████████████████████████████████████| 186/186 [00:50<00:00,  3.69it/s]
{'epoch': 35, 'rec_avg_loss': '0.6762', 'joint_avg_loss': '1.0345', 'cl_avg_loss': '3.5831', 'itemcl_loss': '0.0000', 'cl_pair_0_loss': '3.5831'}
Recommendation EP_test:35: 100%|| 35/35 [00:08<00:00,  4.22it/s]
{'Epoch': 35, 'name': 'high_freq', 'HIT@5': '0.0348', 'NDCG@5': '0.0215', 'HIT@10': '0.0581', 'NDCG@10': '0.0290', 'HIT@20': '0.0919', 'NDCG@20': '0.0375'}
{'Epoch': 35, 'name': 'mid_freq', 'HIT@5': '0.0016', 'NDCG@5': '0.0009', 'HIT@10': '0.0032', 'NDCG@10': '0.0014', 'HIT@20': '0.0046', 'NDCG@20': '0.0018'}
{'Epoch': 35, 'name': 'low_freq', 'HIT@5': '0.0025', 'NDCG@5': '0.0015', 'HIT@10': '0.0027', 'NDCG@10': '0.0015', 'HIT@20': '0.0034', 'NDCG@20': '0.0017'}
{'Epoch': 35, 'name': 'all', 'HIT@5': '0.0243', 'NDCG@5': '0.0150', 'HIT@10': '0.0405', 'NDCG@10': '0.0202', 'HIT@20': '0.0638', 'NDCG@20': '0.0260'}
EarlyStopping counter: 2 out of 40
rec dataset length: 186
100%|███████████████████████████████████████████████████████████████████████████████████████████████████████████████████████████████████████| 186/186 [00:50<00:00,  3.70it/s]
{'epoch': 36, 'rec_avg_loss': '0.6707', 'joint_avg_loss': '1.0258', 'cl_avg_loss': '3.5504', 'itemcl_loss': '0.0000', 'cl_pair_0_loss': '3.5504'}
Recommendation EP_test:36: 100%|| 35/35 [00:08<00:00,  4.08it/s]
{'Epoch': 36, 'name': 'high_freq', 'HIT@5': '0.0358', 'NDCG@5': '0.0225', 'HIT@10': '0.0593', 'NDCG@10': '0.0300', 'HIT@20': '0.0928', 'NDCG@20': '0.0385'}
{'Epoch': 36, 'name': 'mid_freq', 'HIT@5': '0.0019', 'NDCG@5': '0.0011', 'HIT@10': '0.0032', 'NDCG@10': '0.0015', 'HIT@20': '0.0049', 'NDCG@20': '0.0020'}
{'Epoch': 36, 'name': 'low_freq', 'HIT@5': '0.0025', 'NDCG@5': '0.0015', 'HIT@10': '0.0027', 'NDCG@10': '0.0016', 'HIT@20': '0.0034', 'NDCG@20': '0.0018'}
{'Epoch': 36, 'name': 'all', 'HIT@5': '0.0250', 'NDCG@5': '0.0157', 'HIT@10': '0.0413', 'NDCG@10': '0.0209', 'HIT@20': '0.0645', 'NDCG@20': '0.0268'}
Validation score increased.  Saving model ...
rec dataset length: 186
100%|███████████████████████████████████████████████████████████████████████████████████████████████████████████████████████████████████████| 186/186 [00:50<00:00,  3.69it/s]
{'epoch': 37, 'rec_avg_loss': '0.6646', 'joint_avg_loss': '1.0175', 'cl_avg_loss': '3.5296', 'itemcl_loss': '0.0000', 'cl_pair_0_loss': '3.5296'}
Recommendation EP_test:37: 100%|| 35/35 [00:08<00:00,  4.13it/s]
{'Epoch': 37, 'name': 'high_freq', 'HIT@5': '0.0368', 'NDCG@5': '0.0230', 'HIT@10': '0.0589', 'NDCG@10': '0.0300', 'HIT@20': '0.0929', 'NDCG@20': '0.0386'}
{'Epoch': 37, 'name': 'mid_freq', 'HIT@5': '0.0029', 'NDCG@5': '0.0016', 'HIT@10': '0.0037', 'NDCG@10': '0.0019', 'HIT@20': '0.0060', 'NDCG@20': '0.0025'}
{'Epoch': 37, 'name': 'low_freq', 'HIT@5': '0.0020', 'NDCG@5': '0.0015', 'HIT@10': '0.0025', 'NDCG@10': '0.0017', 'HIT@20': '0.0036', 'NDCG@20': '0.0020'}
{'Epoch': 37, 'name': 'all', 'HIT@5': '0.0258', 'NDCG@5': '0.0161', 'HIT@10': '0.0411', 'NDCG@10': '0.0210', 'HIT@20': '0.0648', 'NDCG@20': '0.0270'}
Validation score increased.  Saving model ...
rec dataset length: 186
100%|███████████████████████████████████████████████████████████████████████████████████████████████████████████████████████████████████████| 186/186 [00:50<00:00,  3.69it/s]
{'epoch': 38, 'rec_avg_loss': '0.6594', 'joint_avg_loss': '1.0104', 'cl_avg_loss': '3.5103', 'itemcl_loss': '0.0000', 'cl_pair_0_loss': '3.5103'}
Recommendation EP_test:38: 100%|| 35/35 [00:08<00:00,  4.11it/s]
{'Epoch': 38, 'name': 'high_freq', 'HIT@5': '0.0372', 'NDCG@5': '0.0240', 'HIT@10': '0.0604', 'NDCG@10': '0.0314', 'HIT@20': '0.0946', 'NDCG@20': '0.0400'}
{'Epoch': 38, 'name': 'mid_freq', 'HIT@5': '0.0027', 'NDCG@5': '0.0016', 'HIT@10': '0.0036', 'NDCG@10': '0.0019', 'HIT@20': '0.0053', 'NDCG@20': '0.0024'}
{'Epoch': 38, 'name': 'low_freq', 'HIT@5': '0.0023', 'NDCG@5': '0.0014', 'HIT@10': '0.0025', 'NDCG@10': '0.0014', 'HIT@20': '0.0029', 'NDCG@20': '0.0016'}
{'Epoch': 38, 'name': 'all', 'HIT@5': '0.0261', 'NDCG@5': '0.0168', 'HIT@10': '0.0421', 'NDCG@10': '0.0219', 'HIT@20': '0.0658', 'NDCG@20': '0.0279'}
Validation score increased.  Saving model ...
rec dataset length: 186
100%|███████████████████████████████████████████████████████████████████████████████████████████████████████████████████████████████████████| 186/186 [00:50<00:00,  3.69it/s]
{'epoch': 39, 'rec_avg_loss': '0.6523', 'joint_avg_loss': '1.0011', 'cl_avg_loss': '3.4884', 'itemcl_loss': '0.0000', 'cl_pair_0_loss': '3.4884'}
Recommendation EP_test:39: 100%|| 35/35 [00:08<00:00,  4.13it/s]
{'Epoch': 39, 'name': 'high_freq', 'HIT@5': '0.0375', 'NDCG@5': '0.0242', 'HIT@10': '0.0616', 'NDCG@10': '0.0319', 'HIT@20': '0.0967', 'NDCG@20': '0.0407'}
{'Epoch': 39, 'name': 'mid_freq', 'HIT@5': '0.0030', 'NDCG@5': '0.0016', 'HIT@10': '0.0037', 'NDCG@10': '0.0018', 'HIT@20': '0.0050', 'NDCG@20': '0.0021'}
{'Epoch': 39, 'name': 'low_freq', 'HIT@5': '0.0023', 'NDCG@5': '0.0017', 'HIT@10': '0.0025', 'NDCG@10': '0.0017', 'HIT@20': '0.0036', 'NDCG@20': '0.0020'}
{'Epoch': 39, 'name': 'all', 'HIT@5': '0.0263', 'NDCG@5': '0.0170', 'HIT@10': '0.0430', 'NDCG@10': '0.0223', 'HIT@20': '0.0672', 'NDCG@20': '0.0284'}
Validation score increased.  Saving model ...
rec dataset length: 186
100%|███████████████████████████████████████████████████████████████████████████████████████████████████████████████████████████████████████| 186/186 [00:50<00:00,  3.70it/s]
{'epoch': 40, 'rec_avg_loss': '0.6458', 'joint_avg_loss': '0.9936', 'cl_avg_loss': '3.4781', 'itemcl_loss': '0.0000', 'cl_pair_0_loss': '3.4781'}
Recommendation EP_test:40: 100%|| 35/35 [00:08<00:00,  4.16it/s]
{'Epoch': 40, 'name': 'high_freq', 'HIT@5': '0.0364', 'NDCG@5': '0.0229', 'HIT@10': '0.0615', 'NDCG@10': '0.0309', 'HIT@20': '0.0953', 'NDCG@20': '0.0394'}
{'Epoch': 40, 'name': 'mid_freq', 'HIT@5': '0.0030', 'NDCG@5': '0.0018', 'HIT@10': '0.0039', 'NDCG@10': '0.0020', 'HIT@20': '0.0057', 'NDCG@20': '0.0025'}
{'Epoch': 40, 'name': 'low_freq', 'HIT@5': '0.0027', 'NDCG@5': '0.0018', 'HIT@10': '0.0034', 'NDCG@10': '0.0020', 'HIT@20': '0.0036', 'NDCG@20': '0.0021'}
{'Epoch': 40, 'name': 'all', 'HIT@5': '0.0257', 'NDCG@5': '0.0161', 'HIT@10': '0.0430', 'NDCG@10': '0.0217', 'HIT@20': '0.0664', 'NDCG@20': '0.0276'}
EarlyStopping counter: 1 out of 40
rec dataset length: 186
100%|███████████████████████████████████████████████████████████████████████████████████████████████████████████████████████████████████████| 186/186 [00:50<00:00,  3.68it/s]
{'epoch': 41, 'rec_avg_loss': '0.6415', 'joint_avg_loss': '0.9878', 'cl_avg_loss': '3.4628', 'itemcl_loss': '0.0000', 'cl_pair_0_loss': '3.4628'}
Recommendation EP_test:41: 100%|| 35/35 [00:08<00:00,  4.09it/s]
{'Epoch': 41, 'name': 'high_freq', 'HIT@5': '0.0371', 'NDCG@5': '0.0233', 'HIT@10': '0.0617', 'NDCG@10': '0.0311', 'HIT@20': '0.0955', 'NDCG@20': '0.0397'}
{'Epoch': 41, 'name': 'mid_freq', 'HIT@5': '0.0029', 'NDCG@5': '0.0017', 'HIT@10': '0.0039', 'NDCG@10': '0.0020', 'HIT@20': '0.0059', 'NDCG@20': '0.0025'}
{'Epoch': 41, 'name': 'low_freq', 'HIT@5': '0.0029', 'NDCG@5': '0.0018', 'HIT@10': '0.0034', 'NDCG@10': '0.0020', 'HIT@20': '0.0048', 'NDCG@20': '0.0023'}
{'Epoch': 41, 'name': 'all', 'HIT@5': '0.0262', 'NDCG@5': '0.0164', 'HIT@10': '0.0431', 'NDCG@10': '0.0218', 'HIT@20': '0.0667', 'NDCG@20': '0.0278'}
EarlyStopping counter: 2 out of 40
rec dataset length: 186
100%|███████████████████████████████████████████████████████████████████████████████████████████████████████████████████████████████████████| 186/186 [00:50<00:00,  3.70it/s]
{'epoch': 42, 'rec_avg_loss': '0.6350', 'joint_avg_loss': '0.9792', 'cl_avg_loss': '3.4414', 'itemcl_loss': '0.0000', 'cl_pair_0_loss': '3.4414'}
Recommendation EP_test:42: 100%|| 35/35 [00:08<00:00,  4.11it/s]
{'Epoch': 42, 'name': 'high_freq', 'HIT@5': '0.0379', 'NDCG@5': '0.0242', 'HIT@10': '0.0624', 'NDCG@10': '0.0320', 'HIT@20': '0.0971', 'NDCG@20': '0.0408'}
{'Epoch': 42, 'name': 'mid_freq', 'HIT@5': '0.0030', 'NDCG@5': '0.0019', 'HIT@10': '0.0045', 'NDCG@10': '0.0024', 'HIT@20': '0.0070', 'NDCG@20': '0.0030'}
{'Epoch': 42, 'name': 'low_freq', 'HIT@5': '0.0029', 'NDCG@5': '0.0018', 'HIT@10': '0.0036', 'NDCG@10': '0.0020', 'HIT@20': '0.0045', 'NDCG@20': '0.0023'}
{'Epoch': 42, 'name': 'all', 'HIT@5': '0.0267', 'NDCG@5': '0.0170', 'HIT@10': '0.0438', 'NDCG@10': '0.0225', 'HIT@20': '0.0680', 'NDCG@20': '0.0286'}
Validation score increased.  Saving model ...
rec dataset length: 186
100%|███████████████████████████████████████████████████████████████████████████████████████████████████████████████████████████████████████| 186/186 [00:50<00:00,  3.70it/s]
{'epoch': 43, 'rec_avg_loss': '0.6287', 'joint_avg_loss': '0.9716', 'cl_avg_loss': '3.4293', 'itemcl_loss': '0.0000', 'cl_pair_0_loss': '3.4293'}
Recommendation EP_test:43: 100%|| 35/35 [00:08<00:00,  4.18it/s]
{'Epoch': 43, 'name': 'high_freq', 'HIT@5': '0.0387', 'NDCG@5': '0.0247', 'HIT@10': '0.0638', 'NDCG@10': '0.0329', 'HIT@20': '0.0972', 'NDCG@20': '0.0412'}
{'Epoch': 43, 'name': 'mid_freq', 'HIT@5': '0.0030', 'NDCG@5': '0.0017', 'HIT@10': '0.0042', 'NDCG@10': '0.0021', 'HIT@20': '0.0072', 'NDCG@20': '0.0029'}
{'Epoch': 43, 'name': 'low_freq', 'HIT@5': '0.0027', 'NDCG@5': '0.0016', 'HIT@10': '0.0036', 'NDCG@10': '0.0019', 'HIT@20': '0.0050', 'NDCG@20': '0.0022'}
{'Epoch': 43, 'name': 'all', 'HIT@5': '0.0272', 'NDCG@5': '0.0174', 'HIT@10': '0.0447', 'NDCG@10': '0.0230', 'HIT@20': '0.0681', 'NDCG@20': '0.0289'}
Validation score increased.  Saving model ...
rec dataset length: 186
100%|███████████████████████████████████████████████████████████████████████████████████████████████████████████████████████████████████████| 186/186 [00:50<00:00,  3.69it/s]
{'epoch': 44, 'rec_avg_loss': '0.6244', 'joint_avg_loss': '0.9646', 'cl_avg_loss': '3.4018', 'itemcl_loss': '0.0000', 'cl_pair_0_loss': '3.4018'}
Recommendation EP_test:44: 100%|| 35/35 [00:08<00:00,  4.10it/s]
{'Epoch': 44, 'name': 'high_freq', 'HIT@5': '0.0392', 'NDCG@5': '0.0250', 'HIT@10': '0.0634', 'NDCG@10': '0.0328', 'HIT@20': '0.0979', 'NDCG@20': '0.0415'}
{'Epoch': 44, 'name': 'mid_freq', 'HIT@5': '0.0024', 'NDCG@5': '0.0015', 'HIT@10': '0.0042', 'NDCG@10': '0.0020', 'HIT@20': '0.0063', 'NDCG@20': '0.0026'}
{'Epoch': 44, 'name': 'low_freq', 'HIT@5': '0.0029', 'NDCG@5': '0.0017', 'HIT@10': '0.0038', 'NDCG@10': '0.0020', 'HIT@20': '0.0045', 'NDCG@20': '0.0022'}
{'Epoch': 44, 'name': 'all', 'HIT@5': '0.0275', 'NDCG@5': '0.0175', 'HIT@10': '0.0444', 'NDCG@10': '0.0230', 'HIT@20': '0.0684', 'NDCG@20': '0.0290'}
Validation score increased.  Saving model ...
rec dataset length: 186
100%|███████████████████████████████████████████████████████████████████████████████████████████████████████████████████████████████████████| 186/186 [00:50<00:00,  3.69it/s]
{'epoch': 45, 'rec_avg_loss': '0.6195', 'joint_avg_loss': '0.9588', 'cl_avg_loss': '3.3931', 'itemcl_loss': '0.0000', 'cl_pair_0_loss': '3.3931'}
Recommendation EP_test:45: 100%|| 35/35 [00:08<00:00,  4.08it/s]
{'Epoch': 45, 'name': 'high_freq', 'HIT@5': '0.0407', 'NDCG@5': '0.0254', 'HIT@10': '0.0649', 'NDCG@10': '0.0331', 'HIT@20': '0.0991', 'NDCG@20': '0.0417'}
{'Epoch': 45, 'name': 'mid_freq', 'HIT@5': '0.0027', 'NDCG@5': '0.0016', 'HIT@10': '0.0042', 'NDCG@10': '0.0020', 'HIT@20': '0.0065', 'NDCG@20': '0.0026'}
{'Epoch': 45, 'name': 'low_freq', 'HIT@5': '0.0023', 'NDCG@5': '0.0015', 'HIT@10': '0.0027', 'NDCG@10': '0.0017', 'HIT@20': '0.0038', 'NDCG@20': '0.0019'}
{'Epoch': 45, 'name': 'all', 'HIT@5': '0.0285', 'NDCG@5': '0.0177', 'HIT@10': '0.0453', 'NDCG@10': '0.0231', 'HIT@20': '0.0692', 'NDCG@20': '0.0291'}
Validation score increased.  Saving model ...
rec dataset length: 186
100%|███████████████████████████████████████████████████████████████████████████████████████████████████████████████████████████████████████| 186/186 [00:50<00:00,  3.70it/s]
{'epoch': 46, 'rec_avg_loss': '0.6128', 'joint_avg_loss': '0.9505', 'cl_avg_loss': '3.3762', 'itemcl_loss': '0.0000', 'cl_pair_0_loss': '3.3762'}
Recommendation EP_test:46: 100%|| 35/35 [00:08<00:00,  4.07it/s]
{'Epoch': 46, 'name': 'high_freq', 'HIT@5': '0.0381', 'NDCG@5': '0.0240', 'HIT@10': '0.0632', 'NDCG@10': '0.0321', 'HIT@20': '0.0983', 'NDCG@20': '0.0409'}
{'Epoch': 46, 'name': 'mid_freq', 'HIT@5': '0.0029', 'NDCG@5': '0.0019', 'HIT@10': '0.0049', 'NDCG@10': '0.0025', 'HIT@20': '0.0069', 'NDCG@20': '0.0030'}
{'Epoch': 46, 'name': 'low_freq', 'HIT@5': '0.0023', 'NDCG@5': '0.0015', 'HIT@10': '0.0027', 'NDCG@10': '0.0017', 'HIT@20': '0.0043', 'NDCG@20': '0.0021'}
{'Epoch': 46, 'name': 'all', 'HIT@5': '0.0268', 'NDCG@5': '0.0169', 'HIT@10': '0.0443', 'NDCG@10': '0.0225', 'HIT@20': '0.0688', 'NDCG@20': '0.0287'}
EarlyStopping counter: 1 out of 40
rec dataset length: 186
100%|███████████████████████████████████████████████████████████████████████████████████████████████████████████████████████████████████████| 186/186 [00:50<00:00,  3.69it/s]
{'epoch': 47, 'rec_avg_loss': '0.6074', 'joint_avg_loss': '0.9419', 'cl_avg_loss': '3.3458', 'itemcl_loss': '0.0000', 'cl_pair_0_loss': '3.3458'}
Recommendation EP_test:47: 100%|| 35/35 [00:08<00:00,  4.19it/s]
{'Epoch': 47, 'name': 'high_freq', 'HIT@5': '0.0385', 'NDCG@5': '0.0246', 'HIT@10': '0.0621', 'NDCG@10': '0.0322', 'HIT@20': '0.0979', 'NDCG@20': '0.0412'}
{'Epoch': 47, 'name': 'mid_freq', 'HIT@5': '0.0032', 'NDCG@5': '0.0019', 'HIT@10': '0.0043', 'NDCG@10': '0.0023', 'HIT@20': '0.0069', 'NDCG@20': '0.0029'}
{'Epoch': 47, 'name': 'low_freq', 'HIT@5': '0.0027', 'NDCG@5': '0.0015', 'HIT@10': '0.0036', 'NDCG@10': '0.0018', 'HIT@20': '0.0054', 'NDCG@20': '0.0022'}
{'Epoch': 47, 'name': 'all', 'HIT@5': '0.0272', 'NDCG@5': '0.0173', 'HIT@10': '0.0436', 'NDCG@10': '0.0226', 'HIT@20': '0.0687', 'NDCG@20': '0.0289'}
EarlyStopping counter: 2 out of 40
rec dataset length: 186
100%|███████████████████████████████████████████████████████████████████████████████████████████████████████████████████████████████████████| 186/186 [00:50<00:00,  3.68it/s]
{'epoch': 48, 'rec_avg_loss': '0.6039', 'joint_avg_loss': '0.9384', 'cl_avg_loss': '3.3450', 'itemcl_loss': '0.0000', 'cl_pair_0_loss': '3.3450'}
Recommendation EP_test:48: 100%|| 35/35 [00:08<00:00,  4.10it/s]
{'Epoch': 48, 'name': 'high_freq', 'HIT@5': '0.0389', 'NDCG@5': '0.0248', 'HIT@10': '0.0610', 'NDCG@10': '0.0320', 'HIT@20': '0.0978', 'NDCG@20': '0.0412'}
{'Epoch': 48, 'name': 'mid_freq', 'HIT@5': '0.0032', 'NDCG@5': '0.0019', 'HIT@10': '0.0049', 'NDCG@10': '0.0024', 'HIT@20': '0.0073', 'NDCG@20': '0.0031'}
{'Epoch': 48, 'name': 'low_freq', 'HIT@5': '0.0023', 'NDCG@5': '0.0014', 'HIT@10': '0.0034', 'NDCG@10': '0.0018', 'HIT@20': '0.0041', 'NDCG@20': '0.0019'}
{'Epoch': 48, 'name': 'all', 'HIT@5': '0.0274', 'NDCG@5': '0.0174', 'HIT@10': '0.0429', 'NDCG@10': '0.0224', 'HIT@20': '0.0685', 'NDCG@20': '0.0289'}
EarlyStopping counter: 3 out of 40
rec dataset length: 186
100%|███████████████████████████████████████████████████████████████████████████████████████████████████████████████████████████████████████| 186/186 [00:50<00:00,  3.70it/s]
{'epoch': 49, 'rec_avg_loss': '0.6006', 'joint_avg_loss': '0.9317', 'cl_avg_loss': '3.3112', 'itemcl_loss': '0.0000', 'cl_pair_0_loss': '3.3112'}
Recommendation EP_test:49: 100%|| 35/35 [00:08<00:00,  4.11it/s]
{'Epoch': 49, 'name': 'high_freq', 'HIT@5': '0.0402', 'NDCG@5': '0.0257', 'HIT@10': '0.0636', 'NDCG@10': '0.0331', 'HIT@20': '0.0990', 'NDCG@20': '0.0420'}
{'Epoch': 49, 'name': 'mid_freq', 'HIT@5': '0.0036', 'NDCG@5': '0.0024', 'HIT@10': '0.0056', 'NDCG@10': '0.0030', 'HIT@20': '0.0079', 'NDCG@20': '0.0036'}
{'Epoch': 49, 'name': 'low_freq', 'HIT@5': '0.0027', 'NDCG@5': '0.0016', 'HIT@10': '0.0043', 'NDCG@10': '0.0022', 'HIT@20': '0.0052', 'NDCG@20': '0.0024'}
{'Epoch': 49, 'name': 'all', 'HIT@5': '0.0284', 'NDCG@5': '0.0181', 'HIT@10': '0.0449', 'NDCG@10': '0.0234', 'HIT@20': '0.0695', 'NDCG@20': '0.0296'}
Validation score increased.  Saving model ...
rec dataset length: 186
100%|███████████████████████████████████████████████████████████████████████████████████████████████████████████████████████████████████████| 186/186 [00:50<00:00,  3.70it/s]
{'epoch': 50, 'rec_avg_loss': '0.5940', 'joint_avg_loss': '0.9246', 'cl_avg_loss': '3.3052', 'itemcl_loss': '0.0000', 'cl_pair_0_loss': '3.3052'}
Recommendation EP_test:50: 100%|| 35/35 [00:08<00:00,  4.17it/s]
{'Epoch': 50, 'name': 'high_freq', 'HIT@5': '0.0422', 'NDCG@5': '0.0274', 'HIT@10': '0.0637', 'NDCG@10': '0.0343', 'HIT@20': '0.0977', 'NDCG@20': '0.0429'}
{'Epoch': 50, 'name': 'mid_freq', 'HIT@5': '0.0040', 'NDCG@5': '0.0024', 'HIT@10': '0.0053', 'NDCG@10': '0.0028', 'HIT@20': '0.0083', 'NDCG@20': '0.0036'}
{'Epoch': 50, 'name': 'low_freq', 'HIT@5': '0.0032', 'NDCG@5': '0.0023', 'HIT@10': '0.0036', 'NDCG@10': '0.0025', 'HIT@20': '0.0052', 'NDCG@20': '0.0028'}
{'Epoch': 50, 'name': 'all', 'HIT@5': '0.0299', 'NDCG@5': '0.0194', 'HIT@10': '0.0448', 'NDCG@10': '0.0242', 'HIT@20': '0.0688', 'NDCG@20': '0.0302'}
Validation score increased.  Saving model ...
rec dataset length: 186
100%|███████████████████████████████████████████████████████████████████████████████████████████████████████████████████████████████████████| 186/186 [00:50<00:00,  3.70it/s]
{'epoch': 51, 'rec_avg_loss': '0.5903', 'joint_avg_loss': '0.9195', 'cl_avg_loss': '3.2912', 'itemcl_loss': '0.0000', 'cl_pair_0_loss': '3.2912'}
Recommendation EP_test:51: 100%|| 35/35 [00:08<00:00,  4.10it/s]
{'Epoch': 51, 'name': 'high_freq', 'HIT@5': '0.0415', 'NDCG@5': '0.0266', 'HIT@10': '0.0644', 'NDCG@10': '0.0339', 'HIT@20': '0.0977', 'NDCG@20': '0.0423'}
{'Epoch': 51, 'name': 'mid_freq', 'HIT@5': '0.0036', 'NDCG@5': '0.0025', 'HIT@10': '0.0057', 'NDCG@10': '0.0031', 'HIT@20': '0.0085', 'NDCG@20': '0.0038'}
{'Epoch': 51, 'name': 'low_freq', 'HIT@5': '0.0025', 'NDCG@5': '0.0019', 'HIT@10': '0.0034', 'NDCG@10': '0.0022', 'HIT@20': '0.0048', 'NDCG@20': '0.0025'}
{'Epoch': 51, 'name': 'all', 'HIT@5': '0.0292', 'NDCG@5': '0.0188', 'HIT@10': '0.0453', 'NDCG@10': '0.0240', 'HIT@20': '0.0687', 'NDCG@20': '0.0298'}
EarlyStopping counter: 1 out of 40
rec dataset length: 186
100%|███████████████████████████████████████████████████████████████████████████████████████████████████████████████████████████████████████| 186/186 [00:50<00:00,  3.68it/s]
{'epoch': 52, 'rec_avg_loss': '0.5869', 'joint_avg_loss': '0.9137', 'cl_avg_loss': '3.2685', 'itemcl_loss': '0.0000', 'cl_pair_0_loss': '3.2685'}
Recommendation EP_test:52: 100%|| 35/35 [00:08<00:00,  4.15it/s]
{'Epoch': 52, 'name': 'high_freq', 'HIT@5': '0.0397', 'NDCG@5': '0.0261', 'HIT@10': '0.0647', 'NDCG@10': '0.0341', 'HIT@20': '0.0992', 'NDCG@20': '0.0428'}
{'Epoch': 52, 'name': 'mid_freq', 'HIT@5': '0.0045', 'NDCG@5': '0.0031', 'HIT@10': '0.0063', 'NDCG@10': '0.0037', 'HIT@20': '0.0092', 'NDCG@20': '0.0044'}
{'Epoch': 52, 'name': 'low_freq', 'HIT@5': '0.0032', 'NDCG@5': '0.0022', 'HIT@10': '0.0041', 'NDCG@10': '0.0025', 'HIT@20': '0.0052', 'NDCG@20': '0.0028'}
{'Epoch': 52, 'name': 'all', 'HIT@5': '0.0283', 'NDCG@5': '0.0186', 'HIT@10': '0.0458', 'NDCG@10': '0.0243', 'HIT@20': '0.0699', 'NDCG@20': '0.0303'}
Validation score increased.  Saving model ...
rec dataset length: 186
100%|███████████████████████████████████████████████████████████████████████████████████████████████████████████████████████████████████████| 186/186 [00:50<00:00,  3.70it/s]
{'epoch': 53, 'rec_avg_loss': '0.5830', 'joint_avg_loss': '0.9102', 'cl_avg_loss': '3.2717', 'itemcl_loss': '0.0000', 'cl_pair_0_loss': '3.2717'}
Recommendation EP_test:53: 100%|| 35/35 [00:08<00:00,  4.17it/s]
{'Epoch': 53, 'name': 'high_freq', 'HIT@5': '0.0396', 'NDCG@5': '0.0254', 'HIT@10': '0.0627', 'NDCG@10': '0.0329', 'HIT@20': '0.0980', 'NDCG@20': '0.0417'}
{'Epoch': 53, 'name': 'mid_freq', 'HIT@5': '0.0036', 'NDCG@5': '0.0024', 'HIT@10': '0.0059', 'NDCG@10': '0.0031', 'HIT@20': '0.0085', 'NDCG@20': '0.0038'}
{'Epoch': 53, 'name': 'low_freq', 'HIT@5': '0.0027', 'NDCG@5': '0.0016', 'HIT@10': '0.0038', 'NDCG@10': '0.0020', 'HIT@20': '0.0048', 'NDCG@20': '0.0022'}
{'Epoch': 53, 'name': 'all', 'HIT@5': '0.0280', 'NDCG@5': '0.0180', 'HIT@10': '0.0443', 'NDCG@10': '0.0232', 'HIT@20': '0.0689', 'NDCG@20': '0.0294'}
EarlyStopping counter: 1 out of 40
rec dataset length: 186
100%|███████████████████████████████████████████████████████████████████████████████████████████████████████████████████████████████████████| 186/186 [00:50<00:00,  3.70it/s]
{'epoch': 54, 'rec_avg_loss': '0.5800', 'joint_avg_loss': '0.9060', 'cl_avg_loss': '3.2599', 'itemcl_loss': '0.0000', 'cl_pair_0_loss': '3.2599'}
Recommendation EP_test:54: 100%|| 35/35 [00:08<00:00,  4.07it/s]
{'Epoch': 54, 'name': 'high_freq', 'HIT@5': '0.0406', 'NDCG@5': '0.0257', 'HIT@10': '0.0656', 'NDCG@10': '0.0337', 'HIT@20': '0.0998', 'NDCG@20': '0.0422'}
{'Epoch': 54, 'name': 'mid_freq', 'HIT@5': '0.0040', 'NDCG@5': '0.0025', 'HIT@10': '0.0063', 'NDCG@10': '0.0032', 'HIT@20': '0.0095', 'NDCG@20': '0.0040'}
{'Epoch': 54, 'name': 'low_freq', 'HIT@5': '0.0029', 'NDCG@5': '0.0021', 'HIT@10': '0.0032', 'NDCG@10': '0.0022', 'HIT@20': '0.0045', 'NDCG@20': '0.0025'}
{'Epoch': 54, 'name': 'all', 'HIT@5': '0.0288', 'NDCG@5': '0.0182', 'HIT@10': '0.0463', 'NDCG@10': '0.0238', 'HIT@20': '0.0703', 'NDCG@20': '0.0298'}
EarlyStopping counter: 2 out of 40
rec dataset length: 186
100%|███████████████████████████████████████████████████████████████████████████████████████████████████████████████████████████████████████| 186/186 [00:50<00:00,  3.70it/s]
{'epoch': 55, 'rec_avg_loss': '0.5742', 'joint_avg_loss': '0.8990', 'cl_avg_loss': '3.2481', 'itemcl_loss': '0.0000', 'cl_pair_0_loss': '3.2481'}
Recommendation EP_test:55: 100%|| 35/35 [00:08<00:00,  4.10it/s]
{'Epoch': 55, 'name': 'high_freq', 'HIT@5': '0.0404', 'NDCG@5': '0.0261', 'HIT@10': '0.0648', 'NDCG@10': '0.0340', 'HIT@20': '0.0994', 'NDCG@20': '0.0427'}
{'Epoch': 55, 'name': 'mid_freq', 'HIT@5': '0.0046', 'NDCG@5': '0.0028', 'HIT@10': '0.0059', 'NDCG@10': '0.0032', 'HIT@20': '0.0096', 'NDCG@20': '0.0041'}
{'Epoch': 55, 'name': 'low_freq', 'HIT@5': '0.0029', 'NDCG@5': '0.0021', 'HIT@10': '0.0032', 'NDCG@10': '0.0021', 'HIT@20': '0.0052', 'NDCG@20': '0.0027'}
{'Epoch': 55, 'name': 'all', 'HIT@5': '0.0287', 'NDCG@5': '0.0185', 'HIT@10': '0.0456', 'NDCG@10': '0.0240', 'HIT@20': '0.0701', 'NDCG@20': '0.0302'}
EarlyStopping counter: 3 out of 40
rec dataset length: 186
100%|███████████████████████████████████████████████████████████████████████████████████████████████████████████████████████████████████████| 186/186 [00:50<00:00,  3.69it/s]
{'epoch': 56, 'rec_avg_loss': '0.5733', 'joint_avg_loss': '0.8956', 'cl_avg_loss': '3.2225', 'itemcl_loss': '0.0000', 'cl_pair_0_loss': '3.2225'}
Recommendation EP_test:56: 100%|| 35/35 [00:08<00:00,  4.06it/s]
{'Epoch': 56, 'name': 'high_freq', 'HIT@5': '0.0413', 'NDCG@5': '0.0267', 'HIT@10': '0.0636', 'NDCG@10': '0.0339', 'HIT@20': '0.0979', 'NDCG@20': '0.0426'}
{'Epoch': 56, 'name': 'mid_freq', 'HIT@5': '0.0040', 'NDCG@5': '0.0027', 'HIT@10': '0.0063', 'NDCG@10': '0.0035', 'HIT@20': '0.0099', 'NDCG@20': '0.0044'}
{'Epoch': 56, 'name': 'low_freq', 'HIT@5': '0.0029', 'NDCG@5': '0.0019', 'HIT@10': '0.0041', 'NDCG@10': '0.0022', 'HIT@20': '0.0048', 'NDCG@20': '0.0024'}
{'Epoch': 56, 'name': 'all', 'HIT@5': '0.0292', 'NDCG@5': '0.0190', 'HIT@10': '0.0450', 'NDCG@10': '0.0240', 'HIT@20': '0.0692', 'NDCG@20': '0.0301'}
EarlyStopping counter: 4 out of 40
rec dataset length: 186
100%|███████████████████████████████████████████████████████████████████████████████████████████████████████████████████████████████████████| 186/186 [00:51<00:00,  3.64it/s]
{'epoch': 57, 'rec_avg_loss': '0.5700', 'joint_avg_loss': '0.8915', 'cl_avg_loss': '3.2154', 'itemcl_loss': '0.0000', 'cl_pair_0_loss': '3.2154'}
Recommendation EP_test:57: 100%|| 35/35 [00:09<00:00,  3.81it/s]
{'Epoch': 57, 'name': 'high_freq', 'HIT@5': '0.0399', 'NDCG@5': '0.0254', 'HIT@10': '0.0637', 'NDCG@10': '0.0330', 'HIT@20': '0.0998', 'NDCG@20': '0.0421'}
{'Epoch': 57, 'name': 'mid_freq', 'HIT@5': '0.0042', 'NDCG@5': '0.0028', 'HIT@10': '0.0052', 'NDCG@10': '0.0031', 'HIT@20': '0.0090', 'NDCG@20': '0.0041'}
{'Epoch': 57, 'name': 'low_freq', 'HIT@5': '0.0032', 'NDCG@5': '0.0020', 'HIT@10': '0.0041', 'NDCG@10': '0.0023', 'HIT@20': '0.0054', 'NDCG@20': '0.0026'}
{'Epoch': 57, 'name': 'all', 'HIT@5': '0.0283', 'NDCG@5': '0.0181', 'HIT@10': '0.0448', 'NDCG@10': '0.0233', 'HIT@20': '0.0704', 'NDCG@20': '0.0298'}
EarlyStopping counter: 5 out of 40
rec dataset length: 186
100%|███████████████████████████████████████████████████████████████████████████████████████████████████████████████████████████████████████| 186/186 [00:50<00:00,  3.72it/s]
{'epoch': 58, 'rec_avg_loss': '0.5659', 'joint_avg_loss': '0.8855', 'cl_avg_loss': '3.1962', 'itemcl_loss': '0.0000', 'cl_pair_0_loss': '3.1962'}
Recommendation EP_test:58: 100%|| 35/35 [00:08<00:00,  4.17it/s]
{'Epoch': 58, 'name': 'high_freq', 'HIT@5': '0.0417', 'NDCG@5': '0.0266', 'HIT@10': '0.0657', 'NDCG@10': '0.0343', 'HIT@20': '0.1012', 'NDCG@20': '0.0432'}
{'Epoch': 58, 'name': 'mid_freq', 'HIT@5': '0.0034', 'NDCG@5': '0.0027', 'HIT@10': '0.0057', 'NDCG@10': '0.0034', 'HIT@20': '0.0090', 'NDCG@20': '0.0043'}
{'Epoch': 58, 'name': 'low_freq', 'HIT@5': '0.0029', 'NDCG@5': '0.0019', 'HIT@10': '0.0045', 'NDCG@10': '0.0024', 'HIT@20': '0.0052', 'NDCG@20': '0.0026'}
{'Epoch': 58, 'name': 'all', 'HIT@5': '0.0294', 'NDCG@5': '0.0189', 'HIT@10': '0.0464', 'NDCG@10': '0.0243', 'HIT@20': '0.0713', 'NDCG@20': '0.0305'}
Validation score increased.  Saving model ...
rec dataset length: 186
100%|███████████████████████████████████████████████████████████████████████████████████████████████████████████████████████████████████████| 186/186 [00:49<00:00,  3.79it/s]
{'epoch': 59, 'rec_avg_loss': '0.5616', 'joint_avg_loss': '0.8805', 'cl_avg_loss': '3.1889', 'itemcl_loss': '0.0000', 'cl_pair_0_loss': '3.1889'}
Recommendation EP_test:59: 100%|| 35/35 [00:08<00:00,  4.19it/s]
{'Epoch': 59, 'name': 'high_freq', 'HIT@5': '0.0415', 'NDCG@5': '0.0266', 'HIT@10': '0.0657', 'NDCG@10': '0.0344', 'HIT@20': '0.0995', 'NDCG@20': '0.0430'}
{'Epoch': 59, 'name': 'mid_freq', 'HIT@5': '0.0042', 'NDCG@5': '0.0028', 'HIT@10': '0.0062', 'NDCG@10': '0.0034', 'HIT@20': '0.0102', 'NDCG@20': '0.0044'}
{'Epoch': 59, 'name': 'low_freq', 'HIT@5': '0.0032', 'NDCG@5': '0.0023', 'HIT@10': '0.0038', 'NDCG@10': '0.0025', 'HIT@20': '0.0057', 'NDCG@20': '0.0030'}
{'Epoch': 59, 'name': 'all', 'HIT@5': '0.0295', 'NDCG@5': '0.0190', 'HIT@10': '0.0464', 'NDCG@10': '0.0244', 'HIT@20': '0.0704', 'NDCG@20': '0.0305'}
EarlyStopping counter: 1 out of 40
rec dataset length: 186
100%|███████████████████████████████████████████████████████████████████████████████████████████████████████████████████████████████████████| 186/186 [00:49<00:00,  3.78it/s]
{'epoch': 60, 'rec_avg_loss': '0.5587', 'joint_avg_loss': '0.8758', 'cl_avg_loss': '3.1709', 'itemcl_loss': '0.0000', 'cl_pair_0_loss': '3.1709'}
Recommendation EP_test:60: 100%|| 35/35 [00:08<00:00,  4.18it/s]
{'Epoch': 60, 'name': 'high_freq', 'HIT@5': '0.0406', 'NDCG@5': '0.0265', 'HIT@10': '0.0642', 'NDCG@10': '0.0341', 'HIT@20': '0.0982', 'NDCG@20': '0.0427'}
{'Epoch': 60, 'name': 'mid_freq', 'HIT@5': '0.0039', 'NDCG@5': '0.0025', 'HIT@10': '0.0060', 'NDCG@10': '0.0032', 'HIT@20': '0.0092', 'NDCG@20': '0.0040'}
{'Epoch': 60, 'name': 'low_freq', 'HIT@5': '0.0036', 'NDCG@5': '0.0025', 'HIT@10': '0.0043', 'NDCG@10': '0.0027', 'HIT@20': '0.0059', 'NDCG@20': '0.0031'}
{'Epoch': 60, 'name': 'all', 'HIT@5': '0.0288', 'NDCG@5': '0.0189', 'HIT@10': '0.0454', 'NDCG@10': '0.0242', 'HIT@20': '0.0694', 'NDCG@20': '0.0302'}
EarlyStopping counter: 2 out of 40
rec dataset length: 186
100%|███████████████████████████████████████████████████████████████████████████████████████████████████████████████████████████████████████| 186/186 [00:49<00:00,  3.78it/s]
{'epoch': 61, 'rec_avg_loss': '0.5550', 'joint_avg_loss': '0.8726', 'cl_avg_loss': '3.1755', 'itemcl_loss': '0.0000', 'cl_pair_0_loss': '3.1755'}
Recommendation EP_test:61: 100%|| 35/35 [00:08<00:00,  4.11it/s]
{'Epoch': 61, 'name': 'high_freq', 'HIT@5': '0.0424', 'NDCG@5': '0.0271', 'HIT@10': '0.0645', 'NDCG@10': '0.0342', 'HIT@20': '0.0979', 'NDCG@20': '0.0426'}
{'Epoch': 61, 'name': 'mid_freq', 'HIT@5': '0.0037', 'NDCG@5': '0.0025', 'HIT@10': '0.0066', 'NDCG@10': '0.0034', 'HIT@20': '0.0092', 'NDCG@20': '0.0041'}
{'Epoch': 61, 'name': 'low_freq', 'HIT@5': '0.0032', 'NDCG@5': '0.0021', 'HIT@10': '0.0045', 'NDCG@10': '0.0025', 'HIT@20': '0.0057', 'NDCG@20': '0.0028'}
{'Epoch': 61, 'name': 'all', 'HIT@5': '0.0300', 'NDCG@5': '0.0192', 'HIT@10': '0.0457', 'NDCG@10': '0.0242', 'HIT@20': '0.0691', 'NDCG@20': '0.0301'}
EarlyStopping counter: 3 out of 40
rec dataset length: 186
100%|███████████████████████████████████████████████████████████████████████████████████████████████████████████████████████████████████████| 186/186 [00:49<00:00,  3.78it/s]
{'epoch': 62, 'rec_avg_loss': '0.5535', 'joint_avg_loss': '0.8689', 'cl_avg_loss': '3.1544', 'itemcl_loss': '0.0000', 'cl_pair_0_loss': '3.1544'}
Recommendation EP_test:62: 100%|| 35/35 [00:08<00:00,  4.19it/s]
{'Epoch': 62, 'name': 'high_freq', 'HIT@5': '0.0415', 'NDCG@5': '0.0267', 'HIT@10': '0.0639', 'NDCG@10': '0.0340', 'HIT@20': '0.1001', 'NDCG@20': '0.0431'}
{'Epoch': 62, 'name': 'mid_freq', 'HIT@5': '0.0043', 'NDCG@5': '0.0031', 'HIT@10': '0.0068', 'NDCG@10': '0.0039', 'HIT@20': '0.0105', 'NDCG@20': '0.0048'}
{'Epoch': 62, 'name': 'low_freq', 'HIT@5': '0.0032', 'NDCG@5': '0.0024', 'HIT@10': '0.0036', 'NDCG@10': '0.0025', 'HIT@20': '0.0052', 'NDCG@20': '0.0029'}
{'Epoch': 62, 'name': 'all', 'HIT@5': '0.0295', 'NDCG@5': '0.0191', 'HIT@10': '0.0452', 'NDCG@10': '0.0242', 'HIT@20': '0.0708', 'NDCG@20': '0.0306'}
Validation score increased.  Saving model ...
rec dataset length: 186
100%|███████████████████████████████████████████████████████████████████████████████████████████████████████████████████████████████████████| 186/186 [00:49<00:00,  3.79it/s]
{'epoch': 63, 'rec_avg_loss': '0.5486', 'joint_avg_loss': '0.8616', 'cl_avg_loss': '3.1302', 'itemcl_loss': '0.0000', 'cl_pair_0_loss': '3.1302'}
Recommendation EP_test:63: 100%|| 35/35 [00:08<00:00,  4.14it/s]
{'Epoch': 63, 'name': 'high_freq', 'HIT@5': '0.0404', 'NDCG@5': '0.0258', 'HIT@10': '0.0650', 'NDCG@10': '0.0337', 'HIT@20': '0.0992', 'NDCG@20': '0.0423'}
{'Epoch': 63, 'name': 'mid_freq', 'HIT@5': '0.0047', 'NDCG@5': '0.0031', 'HIT@10': '0.0073', 'NDCG@10': '0.0039', 'HIT@20': '0.0116', 'NDCG@20': '0.0050'}
{'Epoch': 63, 'name': 'low_freq', 'HIT@5': '0.0029', 'NDCG@5': '0.0021', 'HIT@10': '0.0038', 'NDCG@10': '0.0024', 'HIT@20': '0.0059', 'NDCG@20': '0.0029'}
{'Epoch': 63, 'name': 'all', 'HIT@5': '0.0288', 'NDCG@5': '0.0184', 'HIT@10': '0.0461', 'NDCG@10': '0.0240', 'HIT@20': '0.0705', 'NDCG@20': '0.0301'}
EarlyStopping counter: 1 out of 40
rec dataset length: 186
100%|███████████████████████████████████████████████████████████████████████████████████████████████████████████████████████████████████████| 186/186 [00:49<00:00,  3.78it/s]
{'epoch': 64, 'rec_avg_loss': '0.5485', 'joint_avg_loss': '0.8612', 'cl_avg_loss': '3.1273', 'itemcl_loss': '0.0000', 'cl_pair_0_loss': '3.1273'}
Recommendation EP_test:64: 100%|| 35/35 [00:08<00:00,  4.16it/s]
{'Epoch': 64, 'name': 'high_freq', 'HIT@5': '0.0409', 'NDCG@5': '0.0259', 'HIT@10': '0.0654', 'NDCG@10': '0.0338', 'HIT@20': '0.0987', 'NDCG@20': '0.0422'}
{'Epoch': 64, 'name': 'mid_freq', 'HIT@5': '0.0050', 'NDCG@5': '0.0033', 'HIT@10': '0.0070', 'NDCG@10': '0.0040', 'HIT@20': '0.0102', 'NDCG@20': '0.0048'}
{'Epoch': 64, 'name': 'low_freq', 'HIT@5': '0.0034', 'NDCG@5': '0.0027', 'HIT@10': '0.0043', 'NDCG@10': '0.0030', 'HIT@20': '0.0068', 'NDCG@20': '0.0036'}
{'Epoch': 64, 'name': 'all', 'HIT@5': '0.0292', 'NDCG@5': '0.0186', 'HIT@10': '0.0464', 'NDCG@10': '0.0241', 'HIT@20': '0.0700', 'NDCG@20': '0.0301'}
EarlyStopping counter: 2 out of 40
rec dataset length: 186
100%|███████████████████████████████████████████████████████████████████████████████████████████████████████████████████████████████████████| 186/186 [00:49<00:00,  3.78it/s]
{'epoch': 65, 'rec_avg_loss': '0.5435', 'joint_avg_loss': '0.8567', 'cl_avg_loss': '3.1315', 'itemcl_loss': '0.0000', 'cl_pair_0_loss': '3.1315'}
Recommendation EP_test:65: 100%|| 35/35 [00:08<00:00,  4.21it/s]
{'Epoch': 65, 'name': 'high_freq', 'HIT@5': '0.0407', 'NDCG@5': '0.0261', 'HIT@10': '0.0650', 'NDCG@10': '0.0339', 'HIT@20': '0.0991', 'NDCG@20': '0.0425'}
{'Epoch': 65, 'name': 'mid_freq', 'HIT@5': '0.0043', 'NDCG@5': '0.0029', 'HIT@10': '0.0069', 'NDCG@10': '0.0037', 'HIT@20': '0.0103', 'NDCG@20': '0.0046'}
{'Epoch': 65, 'name': 'low_freq', 'HIT@5': '0.0032', 'NDCG@5': '0.0021', 'HIT@10': '0.0041', 'NDCG@10': '0.0024', 'HIT@20': '0.0054', 'NDCG@20': '0.0027'}
{'Epoch': 65, 'name': 'all', 'HIT@5': '0.0289', 'NDCG@5': '0.0186', 'HIT@10': '0.0460', 'NDCG@10': '0.0241', 'HIT@20': '0.0701', 'NDCG@20': '0.0301'}
EarlyStopping counter: 3 out of 40
rec dataset length: 186
100%|███████████████████████████████████████████████████████████████████████████████████████████████████████████████████████████████████████| 186/186 [00:49<00:00,  3.78it/s]
{'epoch': 66, 'rec_avg_loss': '0.5421', 'joint_avg_loss': '0.8530', 'cl_avg_loss': '3.1093', 'itemcl_loss': '0.0000', 'cl_pair_0_loss': '3.1093'}
Recommendation EP_test:66: 100%|| 35/35 [00:08<00:00,  4.28it/s]
{'Epoch': 66, 'name': 'high_freq', 'HIT@5': '0.0403', 'NDCG@5': '0.0260', 'HIT@10': '0.0637', 'NDCG@10': '0.0335', 'HIT@20': '0.0978', 'NDCG@20': '0.0421'}
{'Epoch': 66, 'name': 'mid_freq', 'HIT@5': '0.0052', 'NDCG@5': '0.0035', 'HIT@10': '0.0072', 'NDCG@10': '0.0041', 'HIT@20': '0.0102', 'NDCG@20': '0.0049'}
{'Epoch': 66, 'name': 'low_freq', 'HIT@5': '0.0032', 'NDCG@5': '0.0024', 'HIT@10': '0.0038', 'NDCG@10': '0.0026', 'HIT@20': '0.0061', 'NDCG@20': '0.0032'}
{'Epoch': 66, 'name': 'all', 'HIT@5': '0.0288', 'NDCG@5': '0.0187', 'HIT@10': '0.0452', 'NDCG@10': '0.0239', 'HIT@20': '0.0693', 'NDCG@20': '0.0300'}
EarlyStopping counter: 4 out of 40
rec dataset length: 186
100%|███████████████████████████████████████████████████████████████████████████████████████████████████████████████████████████████████████| 186/186 [00:49<00:00,  3.79it/s]
{'epoch': 67, 'rec_avg_loss': '0.5391', 'joint_avg_loss': '0.8490', 'cl_avg_loss': '3.0995', 'itemcl_loss': '0.0000', 'cl_pair_0_loss': '3.0995'}
Recommendation EP_test:67: 100%|| 35/35 [00:08<00:00,  4.21it/s]
{'Epoch': 67, 'name': 'high_freq', 'HIT@5': '0.0399', 'NDCG@5': '0.0257', 'HIT@10': '0.0655', 'NDCG@10': '0.0339', 'HIT@20': '0.0995', 'NDCG@20': '0.0424'}
{'Epoch': 67, 'name': 'mid_freq', 'HIT@5': '0.0047', 'NDCG@5': '0.0031', 'HIT@10': '0.0069', 'NDCG@10': '0.0038', 'HIT@20': '0.0102', 'NDCG@20': '0.0046'}
{'Epoch': 67, 'name': 'low_freq', 'HIT@5': '0.0043', 'NDCG@5': '0.0026', 'HIT@10': '0.0052', 'NDCG@10': '0.0029', 'HIT@20': '0.0061', 'NDCG@20': '0.0031'}
{'Epoch': 67, 'name': 'all', 'HIT@5': '0.0286', 'NDCG@5': '0.0184', 'HIT@10': '0.0465', 'NDCG@10': '0.0242', 'HIT@20': '0.0704', 'NDCG@20': '0.0301'}
EarlyStopping counter: 5 out of 40
rec dataset length: 186
100%|███████████████████████████████████████████████████████████████████████████████████████████████████████████████████████████████████████| 186/186 [00:49<00:00,  3.77it/s]
{'epoch': 68, 'rec_avg_loss': '0.5342', 'joint_avg_loss': '0.8428', 'cl_avg_loss': '3.0861', 'itemcl_loss': '0.0000', 'cl_pair_0_loss': '3.0861'}
Recommendation EP_test:68: 100%|| 35/35 [00:08<00:00,  4.23it/s]
{'Epoch': 68, 'name': 'high_freq', 'HIT@5': '0.0416', 'NDCG@5': '0.0272', 'HIT@10': '0.0664', 'NDCG@10': '0.0352', 'HIT@20': '0.1008', 'NDCG@20': '0.0438'}
{'Epoch': 68, 'name': 'mid_freq', 'HIT@5': '0.0050', 'NDCG@5': '0.0037', 'HIT@10': '0.0076', 'NDCG@10': '0.0046', 'HIT@20': '0.0116', 'NDCG@20': '0.0056'}
{'Epoch': 68, 'name': 'low_freq', 'HIT@5': '0.0038', 'NDCG@5': '0.0026', 'HIT@10': '0.0050', 'NDCG@10': '0.0030', 'HIT@20': '0.0066', 'NDCG@20': '0.0033'}
{'Epoch': 68, 'name': 'all', 'HIT@5': '0.0298', 'NDCG@5': '0.0196', 'HIT@10': '0.0472', 'NDCG@10': '0.0252', 'HIT@20': '0.0717', 'NDCG@20': '0.0313'}
Validation score increased.  Saving model ...
rec dataset length: 186
100%|███████████████████████████████████████████████████████████████████████████████████████████████████████████████████████████████████████| 186/186 [00:48<00:00,  3.80it/s]
{'epoch': 69, 'rec_avg_loss': '0.5323', 'joint_avg_loss': '0.8407', 'cl_avg_loss': '3.0841', 'itemcl_loss': '0.0000', 'cl_pair_0_loss': '3.0841'}
Recommendation EP_test:69: 100%|| 35/35 [00:08<00:00,  4.15it/s]
{'Epoch': 69, 'name': 'high_freq', 'HIT@5': '0.0417', 'NDCG@5': '0.0266', 'HIT@10': '0.0659', 'NDCG@10': '0.0344', 'HIT@20': '0.0987', 'NDCG@20': '0.0427'}
{'Epoch': 69, 'name': 'mid_freq', 'HIT@5': '0.0055', 'NDCG@5': '0.0035', 'HIT@10': '0.0078', 'NDCG@10': '0.0043', 'HIT@20': '0.0116', 'NDCG@20': '0.0052'}
{'Epoch': 69, 'name': 'low_freq', 'HIT@5': '0.0041', 'NDCG@5': '0.0027', 'HIT@10': '0.0050', 'NDCG@10': '0.0030', 'HIT@20': '0.0061', 'NDCG@20': '0.0033'}
{'Epoch': 69, 'name': 'all', 'HIT@5': '0.0299', 'NDCG@5': '0.0191', 'HIT@10': '0.0469', 'NDCG@10': '0.0246', 'HIT@20': '0.0702', 'NDCG@20': '0.0305'}
EarlyStopping counter: 1 out of 40
rec dataset length: 186
100%|███████████████████████████████████████████████████████████████████████████████████████████████████████████████████████████████████████| 186/186 [00:49<00:00,  3.79it/s]
{'epoch': 70, 'rec_avg_loss': '0.5310', 'joint_avg_loss': '0.8382', 'cl_avg_loss': '3.0717', 'itemcl_loss': '0.0000', 'cl_pair_0_loss': '3.0717'}
Recommendation EP_test:70: 100%|| 35/35 [00:08<00:00,  4.14it/s]
{'Epoch': 70, 'name': 'high_freq', 'HIT@5': '0.0408', 'NDCG@5': '0.0265', 'HIT@10': '0.0641', 'NDCG@10': '0.0339', 'HIT@20': '0.0976', 'NDCG@20': '0.0423'}
{'Epoch': 70, 'name': 'mid_freq', 'HIT@5': '0.0045', 'NDCG@5': '0.0031', 'HIT@10': '0.0080', 'NDCG@10': '0.0042', 'HIT@20': '0.0118', 'NDCG@20': '0.0052'}
{'Epoch': 70, 'name': 'low_freq', 'HIT@5': '0.0041', 'NDCG@5': '0.0030', 'HIT@10': '0.0050', 'NDCG@10': '0.0033', 'HIT@20': '0.0068', 'NDCG@20': '0.0037'}
{'Epoch': 70, 'name': 'all', 'HIT@5': '0.0291', 'NDCG@5': '0.0190', 'HIT@10': '0.0458', 'NDCG@10': '0.0243', 'HIT@20': '0.0695', 'NDCG@20': '0.0303'}
EarlyStopping counter: 2 out of 40
rec dataset length: 186
100%|███████████████████████████████████████████████████████████████████████████████████████████████████████████████████████████████████████| 186/186 [00:49<00:00,  3.79it/s]
{'epoch': 71, 'rec_avg_loss': '0.5280', 'joint_avg_loss': '0.8340', 'cl_avg_loss': '3.0600', 'itemcl_loss': '0.0000', 'cl_pair_0_loss': '3.0600'}
Recommendation EP_test:71: 100%|| 35/35 [00:08<00:00,  4.20it/s]
{'Epoch': 71, 'name': 'high_freq', 'HIT@5': '0.0415', 'NDCG@5': '0.0271', 'HIT@10': '0.0645', 'NDCG@10': '0.0345', 'HIT@20': '0.0993', 'NDCG@20': '0.0433'}
{'Epoch': 71, 'name': 'mid_freq', 'HIT@5': '0.0053', 'NDCG@5': '0.0035', 'HIT@10': '0.0085', 'NDCG@10': '0.0046', 'HIT@20': '0.0111', 'NDCG@20': '0.0052'}
{'Epoch': 71, 'name': 'low_freq', 'HIT@5': '0.0034', 'NDCG@5': '0.0023', 'HIT@10': '0.0048', 'NDCG@10': '0.0027', 'HIT@20': '0.0070', 'NDCG@20': '0.0033'}
{'Epoch': 71, 'name': 'all', 'HIT@5': '0.0297', 'NDCG@5': '0.0194', 'HIT@10': '0.0462', 'NDCG@10': '0.0247', 'HIT@20': '0.0706', 'NDCG@20': '0.0309'}
EarlyStopping counter: 3 out of 40
rec dataset length: 186
100%|███████████████████████████████████████████████████████████████████████████████████████████████████████████████████████████████████████| 186/186 [00:49<00:00,  3.79it/s]
{'epoch': 72, 'rec_avg_loss': '0.5243', 'joint_avg_loss': '0.8299', 'cl_avg_loss': '3.0561', 'itemcl_loss': '0.0000', 'cl_pair_0_loss': '3.0561'}
Recommendation EP_test:72: 100%|| 35/35 [00:08<00:00,  4.20it/s]
{'Epoch': 72, 'name': 'high_freq', 'HIT@5': '0.0432', 'NDCG@5': '0.0274', 'HIT@10': '0.0647', 'NDCG@10': '0.0342', 'HIT@20': '0.0990', 'NDCG@20': '0.0429'}
{'Epoch': 72, 'name': 'mid_freq', 'HIT@5': '0.0055', 'NDCG@5': '0.0037', 'HIT@10': '0.0079', 'NDCG@10': '0.0045', 'HIT@20': '0.0113', 'NDCG@20': '0.0053'}
{'Epoch': 72, 'name': 'low_freq', 'HIT@5': '0.0029', 'NDCG@5': '0.0021', 'HIT@10': '0.0052', 'NDCG@10': '0.0028', 'HIT@20': '0.0070', 'NDCG@20': '0.0033'}
{'Epoch': 72, 'name': 'all', 'HIT@5': '0.0308', 'NDCG@5': '0.0196', 'HIT@10': '0.0462', 'NDCG@10': '0.0245', 'HIT@20': '0.0704', 'NDCG@20': '0.0306'}
EarlyStopping counter: 4 out of 40
rec dataset length: 186
100%|███████████████████████████████████████████████████████████████████████████████████████████████████████████████████████████████████████| 186/186 [00:49<00:00,  3.79it/s]
{'epoch': 73, 'rec_avg_loss': '0.5241', 'joint_avg_loss': '0.8286', 'cl_avg_loss': '3.0449', 'itemcl_loss': '0.0000', 'cl_pair_0_loss': '3.0449'}
Recommendation EP_test:73: 100%|| 35/35 [00:08<00:00,  4.21it/s]
{'Epoch': 73, 'name': 'high_freq', 'HIT@5': '0.0417', 'NDCG@5': '0.0268', 'HIT@10': '0.0663', 'NDCG@10': '0.0347', 'HIT@20': '0.0992', 'NDCG@20': '0.0429'}
{'Epoch': 73, 'name': 'mid_freq', 'HIT@5': '0.0060', 'NDCG@5': '0.0040', 'HIT@10': '0.0088', 'NDCG@10': '0.0049', 'HIT@20': '0.0111', 'NDCG@20': '0.0055'}
{'Epoch': 73, 'name': 'low_freq', 'HIT@5': '0.0038', 'NDCG@5': '0.0024', 'HIT@10': '0.0052', 'NDCG@10': '0.0028', 'HIT@20': '0.0075', 'NDCG@20': '0.0034'}
{'Epoch': 73, 'name': 'all', 'HIT@5': '0.0300', 'NDCG@5': '0.0193', 'HIT@10': '0.0475', 'NDCG@10': '0.0249', 'HIT@20': '0.0706', 'NDCG@20': '0.0307'}
EarlyStopping counter: 5 out of 40
rec dataset length: 186
100%|███████████████████████████████████████████████████████████████████████████████████████████████████████████████████████████████████████| 186/186 [00:49<00:00,  3.78it/s]
{'epoch': 74, 'rec_avg_loss': '0.5206', 'joint_avg_loss': '0.8250', 'cl_avg_loss': '3.0444', 'itemcl_loss': '0.0000', 'cl_pair_0_loss': '3.0444'}
Recommendation EP_test:74: 100%|| 35/35 [00:08<00:00,  4.24it/s]
{'Epoch': 74, 'name': 'high_freq', 'HIT@5': '0.0413', 'NDCG@5': '0.0267', 'HIT@10': '0.0639', 'NDCG@10': '0.0340', 'HIT@20': '0.0990', 'NDCG@20': '0.0428'}
{'Epoch': 74, 'name': 'mid_freq', 'HIT@5': '0.0047', 'NDCG@5': '0.0032', 'HIT@10': '0.0076', 'NDCG@10': '0.0041', 'HIT@20': '0.0122', 'NDCG@20': '0.0053'}
{'Epoch': 74, 'name': 'low_freq', 'HIT@5': '0.0036', 'NDCG@5': '0.0024', 'HIT@10': '0.0043', 'NDCG@10': '0.0026', 'HIT@20': '0.0068', 'NDCG@20': '0.0032'}
{'Epoch': 74, 'name': 'all', 'HIT@5': '0.0295', 'NDCG@5': '0.0190', 'HIT@10': '0.0455', 'NDCG@10': '0.0242', 'HIT@20': '0.0706', 'NDCG@20': '0.0305'}
EarlyStopping counter: 6 out of 40
rec dataset length: 186
100%|███████████████████████████████████████████████████████████████████████████████████████████████████████████████████████████████████████| 186/186 [00:49<00:00,  3.78it/s]
{'epoch': 75, 'rec_avg_loss': '0.5206', 'joint_avg_loss': '0.8241', 'cl_avg_loss': '3.0346', 'itemcl_loss': '0.0000', 'cl_pair_0_loss': '3.0346'}
Recommendation EP_test:75: 100%|| 35/35 [00:08<00:00,  4.23it/s]
{'Epoch': 75, 'name': 'high_freq', 'HIT@5': '0.0399', 'NDCG@5': '0.0258', 'HIT@10': '0.0642', 'NDCG@10': '0.0336', 'HIT@20': '0.0986', 'NDCG@20': '0.0422'}
{'Epoch': 75, 'name': 'mid_freq', 'HIT@5': '0.0057', 'NDCG@5': '0.0039', 'HIT@10': '0.0088', 'NDCG@10': '0.0048', 'HIT@20': '0.0125', 'NDCG@20': '0.0058'}
{'Epoch': 75, 'name': 'low_freq', 'HIT@5': '0.0043', 'NDCG@5': '0.0029', 'HIT@10': '0.0050', 'NDCG@10': '0.0031', 'HIT@20': '0.0070', 'NDCG@20': '0.0036'}
{'Epoch': 75, 'name': 'all', 'HIT@5': '0.0288', 'NDCG@5': '0.0186', 'HIT@10': '0.0460', 'NDCG@10': '0.0242', 'HIT@20': '0.0704', 'NDCG@20': '0.0303'}
EarlyStopping counter: 7 out of 40
rec dataset length: 186
100%|███████████████████████████████████████████████████████████████████████████████████████████████████████████████████████████████████████| 186/186 [00:49<00:00,  3.78it/s]
{'epoch': 76, 'rec_avg_loss': '0.5172', 'joint_avg_loss': '0.8190', 'cl_avg_loss': '3.0176', 'itemcl_loss': '0.0000', 'cl_pair_0_loss': '3.0176'}
Recommendation EP_test:76: 100%|| 35/35 [00:08<00:00,  4.26it/s]
{'Epoch': 76, 'name': 'high_freq', 'HIT@5': '0.0402', 'NDCG@5': '0.0259', 'HIT@10': '0.0638', 'NDCG@10': '0.0335', 'HIT@20': '0.0972', 'NDCG@20': '0.0419'}
{'Epoch': 76, 'name': 'mid_freq', 'HIT@5': '0.0050', 'NDCG@5': '0.0033', 'HIT@10': '0.0076', 'NDCG@10': '0.0042', 'HIT@20': '0.0109', 'NDCG@20': '0.0050'}
{'Epoch': 76, 'name': 'low_freq', 'HIT@5': '0.0032', 'NDCG@5': '0.0021', 'HIT@10': '0.0043', 'NDCG@10': '0.0025', 'HIT@20': '0.0057', 'NDCG@20': '0.0028'}
{'Epoch': 76, 'name': 'all', 'HIT@5': '0.0287', 'NDCG@5': '0.0185', 'HIT@10': '0.0455', 'NDCG@10': '0.0239', 'HIT@20': '0.0689', 'NDCG@20': '0.0298'}
EarlyStopping counter: 8 out of 40
rec dataset length: 186
100%|███████████████████████████████████████████████████████████████████████████████████████████████████████████████████████████████████████| 186/186 [00:49<00:00,  3.79it/s]
{'epoch': 77, 'rec_avg_loss': '0.5133', 'joint_avg_loss': '0.8150', 'cl_avg_loss': '3.0163', 'itemcl_loss': '0.0000', 'cl_pair_0_loss': '3.0163'}
Recommendation EP_test:77: 100%|| 35/35 [00:08<00:00,  4.26it/s]
{'Epoch': 77, 'name': 'high_freq', 'HIT@5': '0.0420', 'NDCG@5': '0.0266', 'HIT@10': '0.0637', 'NDCG@10': '0.0335', 'HIT@20': '0.0968', 'NDCG@20': '0.0419'}
{'Epoch': 77, 'name': 'mid_freq', 'HIT@5': '0.0056', 'NDCG@5': '0.0039', 'HIT@10': '0.0088', 'NDCG@10': '0.0049', 'HIT@20': '0.0125', 'NDCG@20': '0.0058'}
{'Epoch': 77, 'name': 'low_freq', 'HIT@5': '0.0036', 'NDCG@5': '0.0023', 'HIT@10': '0.0054', 'NDCG@10': '0.0029', 'HIT@20': '0.0066', 'NDCG@20': '0.0032'}
{'Epoch': 77, 'name': 'all', 'HIT@5': '0.0301', 'NDCG@5': '0.0191', 'HIT@10': '0.0457', 'NDCG@10': '0.0241', 'HIT@20': '0.0691', 'NDCG@20': '0.0300'}
EarlyStopping counter: 9 out of 40
rec dataset length: 186
100%|███████████████████████████████████████████████████████████████████████████████████████████████████████████████████████████████████████| 186/186 [00:49<00:00,  3.78it/s]
{'epoch': 78, 'rec_avg_loss': '0.5095', 'joint_avg_loss': '0.8111', 'cl_avg_loss': '3.0157', 'itemcl_loss': '0.0000', 'cl_pair_0_loss': '3.0157'}
Recommendation EP_test:78: 100%|| 35/35 [00:08<00:00,  4.21it/s]
{'Epoch': 78, 'name': 'high_freq', 'HIT@5': '0.0414', 'NDCG@5': '0.0261', 'HIT@10': '0.0641', 'NDCG@10': '0.0334', 'HIT@20': '0.0977', 'NDCG@20': '0.0419'}
{'Epoch': 78, 'name': 'mid_freq', 'HIT@5': '0.0053', 'NDCG@5': '0.0038', 'HIT@10': '0.0086', 'NDCG@10': '0.0049', 'HIT@20': '0.0121', 'NDCG@20': '0.0058'}
{'Epoch': 78, 'name': 'low_freq', 'HIT@5': '0.0036', 'NDCG@5': '0.0022', 'HIT@10': '0.0050', 'NDCG@10': '0.0027', 'HIT@20': '0.0070', 'NDCG@20': '0.0032'}
{'Epoch': 78, 'name': 'all', 'HIT@5': '0.0296', 'NDCG@5': '0.0188', 'HIT@10': '0.0459', 'NDCG@10': '0.0240', 'HIT@20': '0.0697', 'NDCG@20': '0.0300'}
EarlyStopping counter: 10 out of 40
rec dataset length: 186
100%|███████████████████████████████████████████████████████████████████████████████████████████████████████████████████████████████████████| 186/186 [00:49<00:00,  3.79it/s]
{'epoch': 79, 'rec_avg_loss': '0.5099', 'joint_avg_loss': '0.8094', 'cl_avg_loss': '2.9942', 'itemcl_loss': '0.0000', 'cl_pair_0_loss': '2.9942'}
Recommendation EP_test:79: 100%|| 35/35 [00:08<00:00,  4.17it/s]
{'Epoch': 79, 'name': 'high_freq', 'HIT@5': '0.0416', 'NDCG@5': '0.0268', 'HIT@10': '0.0642', 'NDCG@10': '0.0340', 'HIT@20': '0.0970', 'NDCG@20': '0.0422'}
{'Epoch': 79, 'name': 'mid_freq', 'HIT@5': '0.0057', 'NDCG@5': '0.0039', 'HIT@10': '0.0085', 'NDCG@10': '0.0047', 'HIT@20': '0.0128', 'NDCG@20': '0.0058'}
{'Epoch': 79, 'name': 'low_freq', 'HIT@5': '0.0038', 'NDCG@5': '0.0025', 'HIT@10': '0.0050', 'NDCG@10': '0.0028', 'HIT@20': '0.0063', 'NDCG@20': '0.0031'}
{'Epoch': 79, 'name': 'all', 'HIT@5': '0.0299', 'NDCG@5': '0.0193', 'HIT@10': '0.0459', 'NDCG@10': '0.0244', 'HIT@20': '0.0693', 'NDCG@20': '0.0303'}
EarlyStopping counter: 11 out of 40
rec dataset length: 186
100%|███████████████████████████████████████████████████████████████████████████████████████████████████████████████████████████████████████| 186/186 [00:49<00:00,  3.77it/s]
{'epoch': 80, 'rec_avg_loss': '0.5083', 'joint_avg_loss': '0.8085', 'cl_avg_loss': '3.0016', 'itemcl_loss': '0.0000', 'cl_pair_0_loss': '3.0016'}
Recommendation EP_test:80: 100%|| 35/35 [00:08<00:00,  4.23it/s]
{'Epoch': 80, 'name': 'high_freq', 'HIT@5': '0.0403', 'NDCG@5': '0.0258', 'HIT@10': '0.0643', 'NDCG@10': '0.0335', 'HIT@20': '0.0973', 'NDCG@20': '0.0418'}
{'Epoch': 80, 'name': 'mid_freq', 'HIT@5': '0.0069', 'NDCG@5': '0.0044', 'HIT@10': '0.0095', 'NDCG@10': '0.0052', 'HIT@20': '0.0141', 'NDCG@20': '0.0064'}
{'Epoch': 80, 'name': 'low_freq', 'HIT@5': '0.0038', 'NDCG@5': '0.0027', 'HIT@10': '0.0057', 'NDCG@10': '0.0033', 'HIT@20': '0.0075', 'NDCG@20': '0.0037'}
{'Epoch': 80, 'name': 'all', 'HIT@5': '0.0292', 'NDCG@5': '0.0188', 'HIT@10': '0.0463', 'NDCG@10': '0.0242', 'HIT@20': '0.0699', 'NDCG@20': '0.0302'}
EarlyStopping counter: 12 out of 40
rec dataset length: 186
100%|███████████████████████████████████████████████████████████████████████████████████████████████████████████████████████████████████████| 186/186 [00:49<00:00,  3.79it/s]
{'epoch': 81, 'rec_avg_loss': '0.5075', 'joint_avg_loss': '0.8057', 'cl_avg_loss': '2.9821', 'itemcl_loss': '0.0000', 'cl_pair_0_loss': '2.9821'}
Recommendation EP_test:81: 100%|| 35/35 [00:08<00:00,  4.27it/s]
{'Epoch': 81, 'name': 'high_freq', 'HIT@5': '0.0409', 'NDCG@5': '0.0260', 'HIT@10': '0.0650', 'NDCG@10': '0.0337', 'HIT@20': '0.0975', 'NDCG@20': '0.0419'}
{'Epoch': 81, 'name': 'mid_freq', 'HIT@5': '0.0060', 'NDCG@5': '0.0036', 'HIT@10': '0.0090', 'NDCG@10': '0.0046', 'HIT@20': '0.0122', 'NDCG@20': '0.0054'}
{'Epoch': 81, 'name': 'low_freq', 'HIT@5': '0.0032', 'NDCG@5': '0.0022', 'HIT@10': '0.0050', 'NDCG@10': '0.0028', 'HIT@20': '0.0068', 'NDCG@20': '0.0032'}
{'Epoch': 81, 'name': 'all', 'HIT@5': '0.0294', 'NDCG@5': '0.0187', 'HIT@10': '0.0466', 'NDCG@10': '0.0242', 'HIT@20': '0.0696', 'NDCG@20': '0.0300'}
EarlyStopping counter: 13 out of 40
rec dataset length: 186
100%|███████████████████████████████████████████████████████████████████████████████████████████████████████████████████████████████████████| 186/186 [00:49<00:00,  3.78it/s]
{'epoch': 82, 'rec_avg_loss': '0.5035', 'joint_avg_loss': '0.8016', 'cl_avg_loss': '2.9809', 'itemcl_loss': '0.0000', 'cl_pair_0_loss': '2.9809'}
Recommendation EP_test:82: 100%|| 35/35 [00:08<00:00,  4.20it/s]
{'Epoch': 82, 'name': 'high_freq', 'HIT@5': '0.0408', 'NDCG@5': '0.0264', 'HIT@10': '0.0630', 'NDCG@10': '0.0336', 'HIT@20': '0.0977', 'NDCG@20': '0.0423'}
{'Epoch': 82, 'name': 'mid_freq', 'HIT@5': '0.0065', 'NDCG@5': '0.0039', 'HIT@10': '0.0092', 'NDCG@10': '0.0048', 'HIT@20': '0.0135', 'NDCG@20': '0.0059'}
{'Epoch': 82, 'name': 'low_freq', 'HIT@5': '0.0036', 'NDCG@5': '0.0024', 'HIT@10': '0.0052', 'NDCG@10': '0.0029', 'HIT@20': '0.0063', 'NDCG@20': '0.0032'}
{'Epoch': 82, 'name': 'all', 'HIT@5': '0.0295', 'NDCG@5': '0.0190', 'HIT@10': '0.0453', 'NDCG@10': '0.0241', 'HIT@20': '0.0699', 'NDCG@20': '0.0303'}
EarlyStopping counter: 14 out of 40
rec dataset length: 186
100%|███████████████████████████████████████████████████████████████████████████████████████████████████████████████████████████████████████| 186/186 [00:49<00:00,  3.79it/s]
{'epoch': 83, 'rec_avg_loss': '0.5024', 'joint_avg_loss': '0.7993', 'cl_avg_loss': '2.9689', 'itemcl_loss': '0.0000', 'cl_pair_0_loss': '2.9689'}
Recommendation EP_test:83: 100%|| 35/35 [00:08<00:00,  4.35it/s]
{'Epoch': 83, 'name': 'high_freq', 'HIT@5': '0.0420', 'NDCG@5': '0.0268', 'HIT@10': '0.0651', 'NDCG@10': '0.0342', 'HIT@20': '0.0985', 'NDCG@20': '0.0426'}
{'Epoch': 83, 'name': 'mid_freq', 'HIT@5': '0.0070', 'NDCG@5': '0.0045', 'HIT@10': '0.0088', 'NDCG@10': '0.0050', 'HIT@20': '0.0132', 'NDCG@20': '0.0061'}
{'Epoch': 83, 'name': 'low_freq', 'HIT@5': '0.0043', 'NDCG@5': '0.0026', 'HIT@10': '0.0050', 'NDCG@10': '0.0028', 'HIT@20': '0.0072', 'NDCG@20': '0.0034'}
{'Epoch': 83, 'name': 'all', 'HIT@5': '0.0305', 'NDCG@5': '0.0194', 'HIT@10': '0.0466', 'NDCG@10': '0.0246', 'HIT@20': '0.0705', 'NDCG@20': '0.0306'}
EarlyStopping counter: 15 out of 40
rec dataset length: 186
100%|███████████████████████████████████████████████████████████████████████████████████████████████████████████████████████████████████████| 186/186 [00:49<00:00,  3.79it/s]
{'epoch': 84, 'rec_avg_loss': '0.4987', 'joint_avg_loss': '0.7956', 'cl_avg_loss': '2.9690', 'itemcl_loss': '0.0000', 'cl_pair_0_loss': '2.9690'}
Recommendation EP_test:84: 100%|| 35/35 [00:08<00:00,  4.20it/s]
{'Epoch': 84, 'name': 'high_freq', 'HIT@5': '0.0395', 'NDCG@5': '0.0254', 'HIT@10': '0.0642', 'NDCG@10': '0.0334', 'HIT@20': '0.0990', 'NDCG@20': '0.0421'}
{'Epoch': 84, 'name': 'mid_freq', 'HIT@5': '0.0066', 'NDCG@5': '0.0041', 'HIT@10': '0.0098', 'NDCG@10': '0.0051', 'HIT@20': '0.0131', 'NDCG@20': '0.0059'}
{'Epoch': 84, 'name': 'low_freq', 'HIT@5': '0.0038', 'NDCG@5': '0.0025', 'HIT@10': '0.0048', 'NDCG@10': '0.0028', 'HIT@20': '0.0063', 'NDCG@20': '0.0032'}
{'Epoch': 84, 'name': 'all', 'HIT@5': '0.0286', 'NDCG@5': '0.0184', 'HIT@10': '0.0462', 'NDCG@10': '0.0240', 'HIT@20': '0.0707', 'NDCG@20': '0.0302'}
EarlyStopping counter: 16 out of 40
rec dataset length: 186
100%|███████████████████████████████████████████████████████████████████████████████████████████████████████████████████████████████████████| 186/186 [00:49<00:00,  3.78it/s]
{'epoch': 85, 'rec_avg_loss': '0.4958', 'joint_avg_loss': '0.7922', 'cl_avg_loss': '2.9639', 'itemcl_loss': '0.0000', 'cl_pair_0_loss': '2.9639'}
Recommendation EP_test:85: 100%|| 35/35 [00:08<00:00,  4.06it/s]
{'Epoch': 85, 'name': 'high_freq', 'HIT@5': '0.0427', 'NDCG@5': '0.0276', 'HIT@10': '0.0645', 'NDCG@10': '0.0346', 'HIT@20': '0.0990', 'NDCG@20': '0.0433'}
{'Epoch': 85, 'name': 'mid_freq', 'HIT@5': '0.0065', 'NDCG@5': '0.0041', 'HIT@10': '0.0088', 'NDCG@10': '0.0049', 'HIT@20': '0.0135', 'NDCG@20': '0.0060'}
{'Epoch': 85, 'name': 'low_freq', 'HIT@5': '0.0036', 'NDCG@5': '0.0025', 'HIT@10': '0.0048', 'NDCG@10': '0.0029', 'HIT@20': '0.0066', 'NDCG@20': '0.0033'}
{'Epoch': 85, 'name': 'all', 'HIT@5': '0.0308', 'NDCG@5': '0.0199', 'HIT@10': '0.0462', 'NDCG@10': '0.0249', 'HIT@20': '0.0708', 'NDCG@20': '0.0310'}
EarlyStopping counter: 17 out of 40
rec dataset length: 186
100%|███████████████████████████████████████████████████████████████████████████████████████████████████████████████████████████████████████| 186/186 [00:49<00:00,  3.78it/s]
{'epoch': 86, 'rec_avg_loss': '0.4934', 'joint_avg_loss': '0.7895', 'cl_avg_loss': '2.9605', 'itemcl_loss': '0.0000', 'cl_pair_0_loss': '2.9605'}
Recommendation EP_test:86: 100%|| 35/35 [00:08<00:00,  4.16it/s]
{'Epoch': 86, 'name': 'high_freq', 'HIT@5': '0.0415', 'NDCG@5': '0.0271', 'HIT@10': '0.0654', 'NDCG@10': '0.0348', 'HIT@20': '0.0983', 'NDCG@20': '0.0430'}
{'Epoch': 86, 'name': 'mid_freq', 'HIT@5': '0.0065', 'NDCG@5': '0.0043', 'HIT@10': '0.0088', 'NDCG@10': '0.0051', 'HIT@20': '0.0128', 'NDCG@20': '0.0061'}
{'Epoch': 86, 'name': 'low_freq', 'HIT@5': '0.0038', 'NDCG@5': '0.0027', 'HIT@10': '0.0048', 'NDCG@10': '0.0030', 'HIT@20': '0.0059', 'NDCG@20': '0.0033'}
{'Epoch': 86, 'name': 'all', 'HIT@5': '0.0300', 'NDCG@5': '0.0196', 'HIT@10': '0.0468', 'NDCG@10': '0.0250', 'HIT@20': '0.0701', 'NDCG@20': '0.0309'}
EarlyStopping counter: 18 out of 40
rec dataset length: 186
100%|███████████████████████████████████████████████████████████████████████████████████████████████████████████████████████████████████████| 186/186 [00:49<00:00,  3.79it/s]
{'epoch': 87, 'rec_avg_loss': '0.4954', 'joint_avg_loss': '0.7910', 'cl_avg_loss': '2.9561', 'itemcl_loss': '0.0000', 'cl_pair_0_loss': '2.9561'}
Recommendation EP_test:87: 100%|| 35/35 [00:08<00:00,  4.20it/s]
{'Epoch': 87, 'name': 'high_freq', 'HIT@5': '0.0420', 'NDCG@5': '0.0269', 'HIT@10': '0.0644', 'NDCG@10': '0.0341', 'HIT@20': '0.0971', 'NDCG@20': '0.0423'}
{'Epoch': 87, 'name': 'mid_freq', 'HIT@5': '0.0068', 'NDCG@5': '0.0045', 'HIT@10': '0.0098', 'NDCG@10': '0.0054', 'HIT@20': '0.0147', 'NDCG@20': '0.0067'}
{'Epoch': 87, 'name': 'low_freq', 'HIT@5': '0.0041', 'NDCG@5': '0.0027', 'HIT@10': '0.0045', 'NDCG@10': '0.0029', 'HIT@20': '0.0066', 'NDCG@20': '0.0034'}
{'Epoch': 87, 'name': 'all', 'HIT@5': '0.0304', 'NDCG@5': '0.0195', 'HIT@10': '0.0463', 'NDCG@10': '0.0246', 'HIT@20': '0.0698', 'NDCG@20': '0.0305'}
EarlyStopping counter: 19 out of 40
rec dataset length: 186
100%|███████████████████████████████████████████████████████████████████████████████████████████████████████████████████████████████████████| 186/186 [00:49<00:00,  3.79it/s]
{'epoch': 88, 'rec_avg_loss': '0.4940', 'joint_avg_loss': '0.7878', 'cl_avg_loss': '2.9379', 'itemcl_loss': '0.0000', 'cl_pair_0_loss': '2.9379'}
Recommendation EP_test:88: 100%|| 35/35 [00:08<00:00,  4.14it/s]
{'Epoch': 88, 'name': 'high_freq', 'HIT@5': '0.0401', 'NDCG@5': '0.0260', 'HIT@10': '0.0622', 'NDCG@10': '0.0331', 'HIT@20': '0.0968', 'NDCG@20': '0.0418'}
{'Epoch': 88, 'name': 'mid_freq', 'HIT@5': '0.0059', 'NDCG@5': '0.0039', 'HIT@10': '0.0098', 'NDCG@10': '0.0052', 'HIT@20': '0.0132', 'NDCG@20': '0.0061'}
{'Epoch': 88, 'name': 'low_freq', 'HIT@5': '0.0043', 'NDCG@5': '0.0025', 'HIT@10': '0.0054', 'NDCG@10': '0.0029', 'HIT@20': '0.0066', 'NDCG@20': '0.0031'}
{'Epoch': 88, 'name': 'all', 'HIT@5': '0.0290', 'NDCG@5': '0.0187', 'HIT@10': '0.0449', 'NDCG@10': '0.0239', 'HIT@20': '0.0692', 'NDCG@20': '0.0300'}
EarlyStopping counter: 20 out of 40
rec dataset length: 186
100%|███████████████████████████████████████████████████████████████████████████████████████████████████████████████████████████████████████| 186/186 [00:49<00:00,  3.78it/s]
{'epoch': 89, 'rec_avg_loss': '0.4929', 'joint_avg_loss': '0.7872', 'cl_avg_loss': '2.9428', 'itemcl_loss': '0.0000', 'cl_pair_0_loss': '2.9428'}
Recommendation EP_test:89: 100%|| 35/35 [00:08<00:00,  4.23it/s]
{'Epoch': 89, 'name': 'high_freq', 'HIT@5': '0.0396', 'NDCG@5': '0.0253', 'HIT@10': '0.0626', 'NDCG@10': '0.0327', 'HIT@20': '0.0957', 'NDCG@20': '0.0410'}
{'Epoch': 89, 'name': 'mid_freq', 'HIT@5': '0.0062', 'NDCG@5': '0.0040', 'HIT@10': '0.0088', 'NDCG@10': '0.0048', 'HIT@20': '0.0126', 'NDCG@20': '0.0058'}
{'Epoch': 89, 'name': 'low_freq', 'HIT@5': '0.0038', 'NDCG@5': '0.0026', 'HIT@10': '0.0057', 'NDCG@10': '0.0032', 'HIT@20': '0.0070', 'NDCG@20': '0.0036'}
{'Epoch': 89, 'name': 'all', 'HIT@5': '0.0286', 'NDCG@5': '0.0183', 'HIT@10': '0.0450', 'NDCG@10': '0.0236', 'HIT@20': '0.0685', 'NDCG@20': '0.0295'}
EarlyStopping counter: 21 out of 40
rec dataset length: 186
100%|███████████████████████████████████████████████████████████████████████████████████████████████████████████████████████████████████████| 186/186 [00:49<00:00,  3.78it/s]
{'epoch': 90, 'rec_avg_loss': '0.4903', 'joint_avg_loss': '0.7838', 'cl_avg_loss': '2.9347', 'itemcl_loss': '0.0000', 'cl_pair_0_loss': '2.9347'}
Recommendation EP_test:90: 100%|| 35/35 [00:08<00:00,  4.23it/s]
{'Epoch': 90, 'name': 'high_freq', 'HIT@5': '0.0390', 'NDCG@5': '0.0253', 'HIT@10': '0.0630', 'NDCG@10': '0.0330', 'HIT@20': '0.0970', 'NDCG@20': '0.0416'}
{'Epoch': 90, 'name': 'mid_freq', 'HIT@5': '0.0059', 'NDCG@5': '0.0039', 'HIT@10': '0.0085', 'NDCG@10': '0.0048', 'HIT@20': '0.0136', 'NDCG@20': '0.0061'}
{'Epoch': 90, 'name': 'low_freq', 'HIT@5': '0.0043', 'NDCG@5': '0.0028', 'HIT@10': '0.0054', 'NDCG@10': '0.0032', 'HIT@20': '0.0070', 'NDCG@20': '0.0035'}
{'Epoch': 90, 'name': 'all', 'HIT@5': '0.0282', 'NDCG@5': '0.0183', 'HIT@10': '0.0452', 'NDCG@10': '0.0238', 'HIT@20': '0.0695', 'NDCG@20': '0.0299'}
EarlyStopping counter: 22 out of 40
rec dataset length: 186
100%|███████████████████████████████████████████████████████████████████████████████████████████████████████████████████████████████████████| 186/186 [00:49<00:00,  3.79it/s]
{'epoch': 91, 'rec_avg_loss': '0.4894', 'joint_avg_loss': '0.7818', 'cl_avg_loss': '2.9239', 'itemcl_loss': '0.0000', 'cl_pair_0_loss': '2.9239'}
Recommendation EP_test:91: 100%|| 35/35 [00:08<00:00,  4.18it/s]
{'Epoch': 91, 'name': 'high_freq', 'HIT@5': '0.0398', 'NDCG@5': '0.0257', 'HIT@10': '0.0636', 'NDCG@10': '0.0333', 'HIT@20': '0.0958', 'NDCG@20': '0.0414'}
{'Epoch': 91, 'name': 'mid_freq', 'HIT@5': '0.0060', 'NDCG@5': '0.0040', 'HIT@10': '0.0099', 'NDCG@10': '0.0053', 'HIT@20': '0.0141', 'NDCG@20': '0.0064'}
{'Epoch': 91, 'name': 'low_freq', 'HIT@5': '0.0052', 'NDCG@5': '0.0033', 'HIT@10': '0.0054', 'NDCG@10': '0.0034', 'HIT@20': '0.0077', 'NDCG@20': '0.0039'}
{'Epoch': 91, 'name': 'all', 'HIT@5': '0.0289', 'NDCG@5': '0.0187', 'HIT@10': '0.0459', 'NDCG@10': '0.0241', 'HIT@20': '0.0689', 'NDCG@20': '0.0299'}
EarlyStopping counter: 23 out of 40
rec dataset length: 186
100%|███████████████████████████████████████████████████████████████████████████████████████████████████████████████████████████████████████| 186/186 [00:49<00:00,  3.78it/s]
{'epoch': 92, 'rec_avg_loss': '0.4865', 'joint_avg_loss': '0.7777', 'cl_avg_loss': '2.9121', 'itemcl_loss': '0.0000', 'cl_pair_0_loss': '2.9121'}
Recommendation EP_test:92: 100%|| 35/35 [00:08<00:00,  4.36it/s]
{'Epoch': 92, 'name': 'high_freq', 'HIT@5': '0.0393', 'NDCG@5': '0.0252', 'HIT@10': '0.0631', 'NDCG@10': '0.0329', 'HIT@20': '0.0965', 'NDCG@20': '0.0413'}
{'Epoch': 92, 'name': 'mid_freq', 'HIT@5': '0.0062', 'NDCG@5': '0.0042', 'HIT@10': '0.0093', 'NDCG@10': '0.0052', 'HIT@20': '0.0135', 'NDCG@20': '0.0063'}
{'Epoch': 92, 'name': 'low_freq', 'HIT@5': '0.0043', 'NDCG@5': '0.0027', 'HIT@10': '0.0059', 'NDCG@10': '0.0032', 'HIT@20': '0.0081', 'NDCG@20': '0.0037'}
{'Epoch': 92, 'name': 'all', 'HIT@5': '0.0285', 'NDCG@5': '0.0183', 'HIT@10': '0.0455', 'NDCG@10': '0.0238', 'HIT@20': '0.0693', 'NDCG@20': '0.0298'}
EarlyStopping counter: 24 out of 40
rec dataset length: 186
100%|███████████████████████████████████████████████████████████████████████████████████████████████████████████████████████████████████████| 186/186 [00:49<00:00,  3.79it/s]
{'epoch': 93, 'rec_avg_loss': '0.4853', 'joint_avg_loss': '0.7774', 'cl_avg_loss': '2.9203', 'itemcl_loss': '0.0000', 'cl_pair_0_loss': '2.9203'}
Recommendation EP_test:93: 100%|| 35/35 [00:08<00:00,  4.31it/s]
{'Epoch': 93, 'name': 'high_freq', 'HIT@5': '0.0401', 'NDCG@5': '0.0260', 'HIT@10': '0.0632', 'NDCG@10': '0.0334', 'HIT@20': '0.0961', 'NDCG@20': '0.0417'}
{'Epoch': 93, 'name': 'mid_freq', 'HIT@5': '0.0057', 'NDCG@5': '0.0040', 'HIT@10': '0.0102', 'NDCG@10': '0.0055', 'HIT@20': '0.0144', 'NDCG@20': '0.0065'}
{'Epoch': 93, 'name': 'low_freq', 'HIT@5': '0.0052', 'NDCG@5': '0.0037', 'HIT@10': '0.0059', 'NDCG@10': '0.0039', 'HIT@20': '0.0081', 'NDCG@20': '0.0045'}
{'Epoch': 93, 'name': 'all', 'HIT@5': '0.0291', 'NDCG@5': '0.0189', 'HIT@10': '0.0457', 'NDCG@10': '0.0243', 'HIT@20': '0.0692', 'NDCG@20': '0.0302'}
EarlyStopping counter: 25 out of 40
rec dataset length: 186
100%|███████████████████████████████████████████████████████████████████████████████████████████████████████████████████████████████████████| 186/186 [00:49<00:00,  3.79it/s]
{'epoch': 94, 'rec_avg_loss': '0.4820', 'joint_avg_loss': '0.7731', 'cl_avg_loss': '2.9111', 'itemcl_loss': '0.0000', 'cl_pair_0_loss': '2.9111'}
Recommendation EP_test:94: 100%|| 35/35 [00:08<00:00,  4.20it/s]
{'Epoch': 94, 'name': 'high_freq', 'HIT@5': '0.0410', 'NDCG@5': '0.0260', 'HIT@10': '0.0638', 'NDCG@10': '0.0333', 'HIT@20': '0.0966', 'NDCG@20': '0.0415'}
{'Epoch': 94, 'name': 'mid_freq', 'HIT@5': '0.0068', 'NDCG@5': '0.0044', 'HIT@10': '0.0099', 'NDCG@10': '0.0054', 'HIT@20': '0.0134', 'NDCG@20': '0.0063'}
{'Epoch': 94, 'name': 'low_freq', 'HIT@5': '0.0045', 'NDCG@5': '0.0033', 'HIT@10': '0.0061', 'NDCG@10': '0.0038', 'HIT@20': '0.0088', 'NDCG@20': '0.0045'}
{'Epoch': 94, 'name': 'all', 'HIT@5': '0.0297', 'NDCG@5': '0.0190', 'HIT@10': '0.0461', 'NDCG@10': '0.0242', 'HIT@20': '0.0694', 'NDCG@20': '0.0300'}
EarlyStopping counter: 26 out of 40
rec dataset length: 186
100%|███████████████████████████████████████████████████████████████████████████████████████████████████████████████████████████████████████| 186/186 [00:49<00:00,  3.78it/s]
{'epoch': 95, 'rec_avg_loss': '0.4825', 'joint_avg_loss': '0.7727', 'cl_avg_loss': '2.9024', 'itemcl_loss': '0.0000', 'cl_pair_0_loss': '2.9024'}
Recommendation EP_test:95: 100%|| 35/35 [00:08<00:00,  4.36it/s]
{'Epoch': 95, 'name': 'high_freq', 'HIT@5': '0.0395', 'NDCG@5': '0.0253', 'HIT@10': '0.0624', 'NDCG@10': '0.0326', 'HIT@20': '0.0961', 'NDCG@20': '0.0411'}
{'Epoch': 95, 'name': 'mid_freq', 'HIT@5': '0.0073', 'NDCG@5': '0.0050', 'HIT@10': '0.0105', 'NDCG@10': '0.0060', 'HIT@20': '0.0149', 'NDCG@20': '0.0071'}
{'Epoch': 95, 'name': 'low_freq', 'HIT@5': '0.0050', 'NDCG@5': '0.0036', 'HIT@10': '0.0061', 'NDCG@10': '0.0039', 'HIT@20': '0.0084', 'NDCG@20': '0.0045'}
{'Epoch': 95, 'name': 'all', 'HIT@5': '0.0289', 'NDCG@5': '0.0186', 'HIT@10': '0.0452', 'NDCG@10': '0.0238', 'HIT@20': '0.0694', 'NDCG@20': '0.0299'}
EarlyStopping counter: 27 out of 40
rec dataset length: 186
100%|███████████████████████████████████████████████████████████████████████████████████████████████████████████████████████████████████████| 186/186 [00:49<00:00,  3.78it/s]
{'epoch': 96, 'rec_avg_loss': '0.4794', 'joint_avg_loss': '0.7699', 'cl_avg_loss': '2.9050', 'itemcl_loss': '0.0000', 'cl_pair_0_loss': '2.9050'}
Recommendation EP_test:96: 100%|| 35/35 [00:08<00:00,  4.26it/s]
{'Epoch': 96, 'name': 'high_freq', 'HIT@5': '0.0382', 'NDCG@5': '0.0243', 'HIT@10': '0.0616', 'NDCG@10': '0.0319', 'HIT@20': '0.0942', 'NDCG@20': '0.0400'}
{'Epoch': 96, 'name': 'mid_freq', 'HIT@5': '0.0065', 'NDCG@5': '0.0043', 'HIT@10': '0.0108', 'NDCG@10': '0.0057', 'HIT@20': '0.0154', 'NDCG@20': '0.0069'}
{'Epoch': 96, 'name': 'low_freq', 'HIT@5': '0.0045', 'NDCG@5': '0.0033', 'HIT@10': '0.0061', 'NDCG@10': '0.0038', 'HIT@20': '0.0079', 'NDCG@20': '0.0043'}
{'Epoch': 96, 'name': 'all', 'HIT@5': '0.0278', 'NDCG@5': '0.0178', 'HIT@10': '0.0448', 'NDCG@10': '0.0233', 'HIT@20': '0.0681', 'NDCG@20': '0.0291'}
EarlyStopping counter: 28 out of 40
rec dataset length: 186
100%|███████████████████████████████████████████████████████████████████████████████████████████████████████████████████████████████████████| 186/186 [00:49<00:00,  3.79it/s]
{'epoch': 97, 'rec_avg_loss': '0.4780', 'joint_avg_loss': '0.7674', 'cl_avg_loss': '2.8946', 'itemcl_loss': '0.0000', 'cl_pair_0_loss': '2.8946'}
Recommendation EP_test:97: 100%|| 35/35 [00:08<00:00,  4.25it/s]
{'Epoch': 97, 'name': 'high_freq', 'HIT@5': '0.0404', 'NDCG@5': '0.0258', 'HIT@10': '0.0616', 'NDCG@10': '0.0326', 'HIT@20': '0.0956', 'NDCG@20': '0.0412'}
{'Epoch': 97, 'name': 'mid_freq', 'HIT@5': '0.0066', 'NDCG@5': '0.0041', 'HIT@10': '0.0093', 'NDCG@10': '0.0050', 'HIT@20': '0.0144', 'NDCG@20': '0.0063'}
{'Epoch': 97, 'name': 'low_freq', 'HIT@5': '0.0048', 'NDCG@5': '0.0034', 'HIT@10': '0.0059', 'NDCG@10': '0.0038', 'HIT@20': '0.0084', 'NDCG@20': '0.0044'}
{'Epoch': 97, 'name': 'all', 'HIT@5': '0.0294', 'NDCG@5': '0.0188', 'HIT@10': '0.0445', 'NDCG@10': '0.0236', 'HIT@20': '0.0689', 'NDCG@20': '0.0298'}
EarlyStopping counter: 29 out of 40
rec dataset length: 186
100%|███████████████████████████████████████████████████████████████████████████████████████████████████████████████████████████████████████| 186/186 [00:48<00:00,  3.80it/s]
{'epoch': 98, 'rec_avg_loss': '0.4773', 'joint_avg_loss': '0.7657', 'cl_avg_loss': '2.8844', 'itemcl_loss': '0.0000', 'cl_pair_0_loss': '2.8844'}
Recommendation EP_test:98: 100%|| 35/35 [00:08<00:00,  4.27it/s]
{'Epoch': 98, 'name': 'high_freq', 'HIT@5': '0.0399', 'NDCG@5': '0.0252', 'HIT@10': '0.0612', 'NDCG@10': '0.0321', 'HIT@20': '0.0944', 'NDCG@20': '0.0404'}
{'Epoch': 98, 'name': 'mid_freq', 'HIT@5': '0.0063', 'NDCG@5': '0.0041', 'HIT@10': '0.0103', 'NDCG@10': '0.0054', 'HIT@20': '0.0152', 'NDCG@20': '0.0066'}
{'Epoch': 98, 'name': 'low_freq', 'HIT@5': '0.0052', 'NDCG@5': '0.0037', 'HIT@10': '0.0066', 'NDCG@10': '0.0041', 'HIT@20': '0.0088', 'NDCG@20': '0.0047'}
{'Epoch': 98, 'name': 'all', 'HIT@5': '0.0290', 'NDCG@5': '0.0184', 'HIT@10': '0.0445', 'NDCG@10': '0.0234', 'HIT@20': '0.0683', 'NDCG@20': '0.0294'}
EarlyStopping counter: 30 out of 40
rec dataset length: 186
100%|███████████████████████████████████████████████████████████████████████████████████████████████████████████████████████████████████████| 186/186 [00:49<00:00,  3.78it/s]
{'epoch': 99, 'rec_avg_loss': '0.4779', 'joint_avg_loss': '0.7663', 'cl_avg_loss': '2.8844', 'itemcl_loss': '0.0000', 'cl_pair_0_loss': '2.8844'}
Recommendation EP_test:99: 100%|| 35/35 [00:08<00:00,  4.18it/s]
{'Epoch': 99, 'name': 'high_freq', 'HIT@5': '0.0374', 'NDCG@5': '0.0242', 'HIT@10': '0.0610', 'NDCG@10': '0.0318', 'HIT@20': '0.0955', 'NDCG@20': '0.0405'}
{'Epoch': 99, 'name': 'mid_freq', 'HIT@5': '0.0063', 'NDCG@5': '0.0039', 'HIT@10': '0.0090', 'NDCG@10': '0.0048', 'HIT@20': '0.0148', 'NDCG@20': '0.0062'}
{'Epoch': 99, 'name': 'low_freq', 'HIT@5': '0.0045', 'NDCG@5': '0.0030', 'HIT@10': '0.0061', 'NDCG@10': '0.0035', 'HIT@20': '0.0077', 'NDCG@20': '0.0038'}
{'Epoch': 99, 'name': 'all', 'HIT@5': '0.0272', 'NDCG@5': '0.0176', 'HIT@10': '0.0440', 'NDCG@10': '0.0230', 'HIT@20': '0.0688', 'NDCG@20': '0.0292'}
EarlyStopping counter: 31 out of 40
rec dataset length: 186
100%|███████████████████████████████████████████████████████████████████████████████████████████████████████████████████████████████████████| 186/186 [00:49<00:00,  3.80it/s]
{'epoch': 100, 'rec_avg_loss': '0.4769', 'joint_avg_loss': '0.7648', 'cl_avg_loss': '2.8782', 'itemcl_loss': '0.0000', 'cl_pair_0_loss': '2.8782'}
Recommendation EP_test:100: 100%|| 35/35 [00:07<00:00,  4.38it/s]
{'Epoch': 100, 'name': 'high_freq', 'HIT@5': '0.0385', 'NDCG@5': '0.0248', 'HIT@10': '0.0605', 'NDCG@10': '0.0318', 'HIT@20': '0.0928', 'NDCG@20': '0.0400'}
{'Epoch': 100, 'name': 'mid_freq', 'HIT@5': '0.0068', 'NDCG@5': '0.0042', 'HIT@10': '0.0105', 'NDCG@10': '0.0054', 'HIT@20': '0.0148', 'NDCG@20': '0.0065'}
{'Epoch': 100, 'name': 'low_freq', 'HIT@5': '0.0050', 'NDCG@5': '0.0031', 'HIT@10': '0.0063', 'NDCG@10': '0.0035', 'HIT@20': '0.0093', 'NDCG@20': '0.0042'}
{'Epoch': 100, 'name': 'all', 'HIT@5': '0.0281', 'NDCG@5': '0.0181', 'HIT@10': '0.0440', 'NDCG@10': '0.0231', 'HIT@20': '0.0672', 'NDCG@20': '0.0290'}
EarlyStopping counter: 32 out of 40
rec dataset length: 186
100%|███████████████████████████████████████████████████████████████████████████████████████████████████████████████████████████████████████| 186/186 [00:48<00:00,  3.80it/s]
{'epoch': 101, 'rec_avg_loss': '0.4724', 'joint_avg_loss': '0.7600', 'cl_avg_loss': '2.8763', 'itemcl_loss': '0.0000', 'cl_pair_0_loss': '2.8763'}
Recommendation EP_test:101: 100%|| 35/35 [00:08<00:00,  4.20it/s]
{'Epoch': 101, 'name': 'high_freq', 'HIT@5': '0.0389', 'NDCG@5': '0.0248', 'HIT@10': '0.0611', 'NDCG@10': '0.0319', 'HIT@20': '0.0942', 'NDCG@20': '0.0402'}
{'Epoch': 101, 'name': 'mid_freq', 'HIT@5': '0.0062', 'NDCG@5': '0.0039', 'HIT@10': '0.0092', 'NDCG@10': '0.0048', 'HIT@20': '0.0141', 'NDCG@20': '0.0060'}
{'Epoch': 101, 'name': 'low_freq', 'HIT@5': '0.0052', 'NDCG@5': '0.0031', 'HIT@10': '0.0057', 'NDCG@10': '0.0032', 'HIT@20': '0.0084', 'NDCG@20': '0.0039'}
{'Epoch': 101, 'name': 'all', 'HIT@5': '0.0283', 'NDCG@5': '0.0180', 'HIT@10': '0.0440', 'NDCG@10': '0.0231', 'HIT@20': '0.0679', 'NDCG@20': '0.0290'}
EarlyStopping counter: 33 out of 40
rec dataset length: 186
100%|███████████████████████████████████████████████████████████████████████████████████████████████████████████████████████████████████████| 186/186 [00:49<00:00,  3.79it/s]
{'epoch': 102, 'rec_avg_loss': '0.4692', 'joint_avg_loss': '0.7564', 'cl_avg_loss': '2.8721', 'itemcl_loss': '0.0000', 'cl_pair_0_loss': '2.8721'}
Recommendation EP_test:102: 100%|| 35/35 [00:08<00:00,  4.18it/s]
{'Epoch': 102, 'name': 'high_freq', 'HIT@5': '0.0393', 'NDCG@5': '0.0253', 'HIT@10': '0.0622', 'NDCG@10': '0.0326', 'HIT@20': '0.0952', 'NDCG@20': '0.0410'}
{'Epoch': 102, 'name': 'mid_freq', 'HIT@5': '0.0065', 'NDCG@5': '0.0041', 'HIT@10': '0.0095', 'NDCG@10': '0.0050', 'HIT@20': '0.0148', 'NDCG@20': '0.0064'}
{'Epoch': 102, 'name': 'low_freq', 'HIT@5': '0.0045', 'NDCG@5': '0.0033', 'HIT@10': '0.0052', 'NDCG@10': '0.0035', 'HIT@20': '0.0077', 'NDCG@20': '0.0041'}
{'Epoch': 102, 'name': 'all', 'HIT@5': '0.0286', 'NDCG@5': '0.0184', 'HIT@10': '0.0448', 'NDCG@10': '0.0236', 'HIT@20': '0.0686', 'NDCG@20': '0.0296'}
EarlyStopping counter: 34 out of 40
rec dataset length: 186
100%|███████████████████████████████████████████████████████████████████████████████████████████████████████████████████████████████████████| 186/186 [00:49<00:00,  3.79it/s]
{'epoch': 103, 'rec_avg_loss': '0.4725', 'joint_avg_loss': '0.7598', 'cl_avg_loss': '2.8724', 'itemcl_loss': '0.0000', 'cl_pair_0_loss': '2.8724'}
Recommendation EP_test:103: 100%|| 35/35 [00:08<00:00,  4.18it/s]
{'Epoch': 103, 'name': 'high_freq', 'HIT@5': '0.0391', 'NDCG@5': '0.0248', 'HIT@10': '0.0616', 'NDCG@10': '0.0320', 'HIT@20': '0.0951', 'NDCG@20': '0.0404'}
{'Epoch': 103, 'name': 'mid_freq', 'HIT@5': '0.0065', 'NDCG@5': '0.0042', 'HIT@10': '0.0082', 'NDCG@10': '0.0047', 'HIT@20': '0.0148', 'NDCG@20': '0.0064'}
{'Epoch': 103, 'name': 'low_freq', 'HIT@5': '0.0050', 'NDCG@5': '0.0037', 'HIT@10': '0.0063', 'NDCG@10': '0.0041', 'HIT@20': '0.0095', 'NDCG@20': '0.0049'}
{'Epoch': 103, 'name': 'all', 'HIT@5': '0.0285', 'NDCG@5': '0.0181', 'HIT@10': '0.0443', 'NDCG@10': '0.0232', 'HIT@20': '0.0688', 'NDCG@20': '0.0293'}
EarlyStopping counter: 35 out of 40
rec dataset length: 186
100%|███████████████████████████████████████████████████████████████████████████████████████████████████████████████████████████████████████| 186/186 [00:49<00:00,  3.79it/s]
{'epoch': 104, 'rec_avg_loss': '0.4715', 'joint_avg_loss': '0.7565', 'cl_avg_loss': '2.8500', 'itemcl_loss': '0.0000', 'cl_pair_0_loss': '2.8500'}
Recommendation EP_test:104: 100%|| 35/35 [00:08<00:00,  4.24it/s]
{'Epoch': 104, 'name': 'high_freq', 'HIT@5': '0.0375', 'NDCG@5': '0.0241', 'HIT@10': '0.0609', 'NDCG@10': '0.0316', 'HIT@20': '0.0928', 'NDCG@20': '0.0396'}
{'Epoch': 104, 'name': 'mid_freq', 'HIT@5': '0.0066', 'NDCG@5': '0.0042', 'HIT@10': '0.0092', 'NDCG@10': '0.0050', 'HIT@20': '0.0148', 'NDCG@20': '0.0064'}
{'Epoch': 104, 'name': 'low_freq', 'HIT@5': '0.0045', 'NDCG@5': '0.0032', 'HIT@10': '0.0059', 'NDCG@10': '0.0037', 'HIT@20': '0.0086', 'NDCG@20': '0.0044'}
{'Epoch': 104, 'name': 'all', 'HIT@5': '0.0274', 'NDCG@5': '0.0176', 'HIT@10': '0.0440', 'NDCG@10': '0.0229', 'HIT@20': '0.0671', 'NDCG@20': '0.0287'}
EarlyStopping counter: 36 out of 40
rec dataset length: 186
100%|███████████████████████████████████████████████████████████████████████████████████████████████████████████████████████████████████████| 186/186 [00:48<00:00,  3.80it/s]
{'epoch': 105, 'rec_avg_loss': '0.4683', 'joint_avg_loss': '0.7542', 'cl_avg_loss': '2.8591', 'itemcl_loss': '0.0000', 'cl_pair_0_loss': '2.8591'}
Recommendation EP_test:105: 100%|| 35/35 [00:08<00:00,  4.29it/s]
{'Epoch': 105, 'name': 'high_freq', 'HIT@5': '0.0382', 'NDCG@5': '0.0246', 'HIT@10': '0.0605', 'NDCG@10': '0.0318', 'HIT@20': '0.0932', 'NDCG@20': '0.0399'}
{'Epoch': 105, 'name': 'mid_freq', 'HIT@5': '0.0076', 'NDCG@5': '0.0046', 'HIT@10': '0.0096', 'NDCG@10': '0.0053', 'HIT@20': '0.0147', 'NDCG@20': '0.0065'}
{'Epoch': 105, 'name': 'low_freq', 'HIT@5': '0.0048', 'NDCG@5': '0.0031', 'HIT@10': '0.0059', 'NDCG@10': '0.0035', 'HIT@20': '0.0077', 'NDCG@20': '0.0039'}
{'Epoch': 105, 'name': 'all', 'HIT@5': '0.0281', 'NDCG@5': '0.0181', 'HIT@10': '0.0437', 'NDCG@10': '0.0231', 'HIT@20': '0.0672', 'NDCG@20': '0.0289'}
EarlyStopping counter: 37 out of 40
rec dataset length: 186
100%|███████████████████████████████████████████████████████████████████████████████████████████████████████████████████████████████████████| 186/186 [00:48<00:00,  3.80it/s]
{'epoch': 106, 'rec_avg_loss': '0.4680', 'joint_avg_loss': '0.7529', 'cl_avg_loss': '2.8490', 'itemcl_loss': '0.0000', 'cl_pair_0_loss': '2.8490'}
Recommendation EP_test:106: 100%|| 35/35 [00:08<00:00,  4.17it/s]
{'Epoch': 106, 'name': 'high_freq', 'HIT@5': '0.0380', 'NDCG@5': '0.0247', 'HIT@10': '0.0592', 'NDCG@10': '0.0315', 'HIT@20': '0.0920', 'NDCG@20': '0.0398'}
{'Epoch': 106, 'name': 'mid_freq', 'HIT@5': '0.0078', 'NDCG@5': '0.0049', 'HIT@10': '0.0102', 'NDCG@10': '0.0056', 'HIT@20': '0.0148', 'NDCG@20': '0.0068'}
{'Epoch': 106, 'name': 'low_freq', 'HIT@5': '0.0043', 'NDCG@5': '0.0030', 'HIT@10': '0.0063', 'NDCG@10': '0.0036', 'HIT@20': '0.0088', 'NDCG@20': '0.0042'}
{'Epoch': 106, 'name': 'all', 'HIT@5': '0.0279', 'NDCG@5': '0.0181', 'HIT@10': '0.0430', 'NDCG@10': '0.0230', 'HIT@20': '0.0666', 'NDCG@20': '0.0289'}
EarlyStopping counter: 38 out of 40
rec dataset length: 186
100%|███████████████████████████████████████████████████████████████████████████████████████████████████████████████████████████████████████| 186/186 [00:49<00:00,  3.78it/s]
{'epoch': 107, 'rec_avg_loss': '0.4676', 'joint_avg_loss': '0.7519', 'cl_avg_loss': '2.8436', 'itemcl_loss': '0.0000', 'cl_pair_0_loss': '2.8436'}
Recommendation EP_test:107: 100%|| 35/35 [00:08<00:00,  4.16it/s]
{'Epoch': 107, 'name': 'high_freq', 'HIT@5': '0.0380', 'NDCG@5': '0.0247', 'HIT@10': '0.0605', 'NDCG@10': '0.0319', 'HIT@20': '0.0917', 'NDCG@20': '0.0397'}
{'Epoch': 107, 'name': 'mid_freq', 'HIT@5': '0.0078', 'NDCG@5': '0.0048', 'HIT@10': '0.0106', 'NDCG@10': '0.0057', 'HIT@20': '0.0144', 'NDCG@20': '0.0067'}
{'Epoch': 107, 'name': 'low_freq', 'HIT@5': '0.0045', 'NDCG@5': '0.0034', 'HIT@10': '0.0063', 'NDCG@10': '0.0040', 'HIT@20': '0.0075', 'NDCG@20': '0.0043'}
{'Epoch': 107, 'name': 'all', 'HIT@5': '0.0280', 'NDCG@5': '0.0182', 'HIT@10': '0.0440', 'NDCG@10': '0.0233', 'HIT@20': '0.0661', 'NDCG@20': '0.0289'}
EarlyStopping counter: 39 out of 40
rec dataset length: 186
100%|███████████████████████████████████████████████████████████████████████████████████████████████████████████████████████████████████████| 186/186 [00:48<00:00,  3.80it/s]
{'epoch': 108, 'rec_avg_loss': '0.4653', 'joint_avg_loss': '0.7497', 'cl_avg_loss': '2.8441', 'itemcl_loss': '0.0000', 'cl_pair_0_loss': '2.8441'}
Recommendation EP_test:108: 100%|| 35/35 [00:08<00:00,  4.17it/s]
{'Epoch': 108, 'name': 'high_freq', 'HIT@5': '0.0383', 'NDCG@5': '0.0248', 'HIT@10': '0.0600', 'NDCG@10': '0.0318', 'HIT@20': '0.0908', 'NDCG@20': '0.0395'}
{'Epoch': 108, 'name': 'mid_freq', 'HIT@5': '0.0080', 'NDCG@5': '0.0052', 'HIT@10': '0.0116', 'NDCG@10': '0.0064', 'HIT@20': '0.0151', 'NDCG@20': '0.0073'}
{'Epoch': 108, 'name': 'low_freq', 'HIT@5': '0.0050', 'NDCG@5': '0.0032', 'HIT@10': '0.0061', 'NDCG@10': '0.0036', 'HIT@20': '0.0079', 'NDCG@20': '0.0040'}
{'Epoch': 108, 'name': 'all', 'HIT@5': '0.0283', 'NDCG@5': '0.0183', 'HIT@10': '0.0439', 'NDCG@10': '0.0233', 'HIT@20': '0.0657', 'NDCG@20': '0.0288'}
EarlyStopping counter: 40 out of 40
Early stopping
---------------Change to test_rating_matrix!-------------------
Recommendation EP_test:109: 100%|| 35/35 [00:08<00:00,  4.09it/s]
{'Epoch': 109, 'name': 'high_freq', 'HIT@5': '0.0316', 'NDCG@5': '0.0202', 'HIT@10': '0.0509', 'NDCG@10': '0.0264', 'HIT@20': '0.0791', 'NDCG@20': '0.0335'}
{'Epoch': 109, 'name': 'mid_freq', 'HIT@5': '0.0035', 'NDCG@5': '0.0025', 'HIT@10': '0.0057', 'NDCG@10': '0.0032', 'HIT@20': '0.0090', 'NDCG@20': '0.0040'}
{'Epoch': 109, 'name': 'low_freq', 'HIT@5': '0.0035', 'NDCG@5': '0.0027', 'HIT@10': '0.0046', 'NDCG@10': '0.0030', 'HIT@20': '0.0050', 'NDCG@20': '0.0031'}
{'Epoch': 109, 'name': 'all', 'HIT@5': '0.0212', 'NDCG@5': '0.0137', 'HIT@10': '0.0341', 'NDCG@10': '0.0178', 'HIT@20': '0.0526', 'NDCG@20': '0.0225'}
CoSeRec-Sports_and_Outdoors-single_cl_mask_high_1024
{'Epoch': 109, 'name': 'all', 'HIT@5': '0.0212', 'NDCG@5': '0.0137', 'HIT@10': '0.0341', 'NDCG@10': '0.0178', 'HIT@20': '0.0526', 'NDCG@20': '0.0225'}