(env1) zzx@DDST-zzx:~/seqRec/CLTrys/CoSeRec_Augment/CoSeRec$ python src/main.py --data_name Sports_and_Outdoors --model_idx single_1024_adaptive_mask_v2 --batch_size 1024 --cl --base_augment_type AdaptiveMask
Using Cuda: True
(18359, 18359)
--------------------Configure Info:------------
data_dir                       :                             ./data/
output_dir                     :                             output/
data_name                      :                 Sports_and_Outdoors
do_eval                        :                                   0
model_idx                      :        single_1024_adaptive_mask_v2
gpu_id                         :                                   0
noise_ratio                    :                                 0.0
training_data_ratio            :                                 1.0
augment_threshold              :                                   4
similarity_model_name          :                          ItemCF_IUF
augmentation_warm_up_epoches   :                                 160
base_augment_type              :                        AdaptiveMask
augment_type_for_short         :                                 SIM
tao                            :                                 0.2
gamma                          :                                 0.7
beta                           :                                 0.2
substitute_rate                :                                 0.1
insert_rate                    :                                 0.4
max_insert_num_per_pos         :                                   1
temperature                    :                                 1.0
n_views                        :                                   2
model_name                     :                             CoSeRec
hidden_size                    :                                  64
num_hidden_layers              :                                   2
num_attention_heads            :                                   2
hidden_act                     :                                gelu
attention_probs_dropout_prob   :                                 0.5
hidden_dropout_prob            :                                 0.5
initializer_range              :                                0.02
max_seq_length                 :                                  50
lr                             :                               0.001
batch_size                     :                                1024
epochs                         :                                 300
no_cuda                        :                                   0
log_freq                       :                                   1
seed                           :                                   1
cf_weight                      :                                 0.1
rec_weight                     :                                 1.0
weight_decay                   :                                 0.0
adam_beta1                     :                                 0.9
adam_beta2                     :                               0.999
cl                             :                                   1
multi_neg                      :                                   0
use_freq                       :                                   0
mask_strategy                  :                              random
contrast_anchor                :                                   0
aug_by_target                  :                                 all
cl_only_aug                    :                                   0
cuda_condition                 :                                   1
data_file                      :      ./data/Sports_and_Outdoors.txt
item_size                      :                               18359
mask_id                        :                               18358
log_file                       : output/CoSeRec-Sports_and_Outdoors-single_1024_adaptive_mask_v2.txt
Similarity Model Type: offline
short sequence augment type: SIM
Augmentation methods for Long sequences: 5
Augmentation methods for short sequences: 3
Similarity Model Type: offline
short sequence augment type: SIM
Augmentation methods for Long sequences: 5
Augmentation methods for short sequences: 3
Similarity Model Type: offline
short sequence augment type: SIM
Augmentation methods for Long sequences: 5
Augmentation methods for short sequences: 3
Total Parameters: 1278464
self.cf_criterion: NCELoss
Train CoSeRec
rec dataset length: 186
100%|█████████████████████████████████████████████████████████████████████████████████████████████████████████████████████████████████████████| 186/186 [00:50<00:00,  3.65it/s]
{'epoch': 0, 'rec_avg_loss': '1.2909', 'joint_avg_loss': '2.1094', 'cl_avg_loss': '8.1850', 'itemcl_loss': '0.0000', 'cl_pair_0_loss': '8.1850'}
Recommendation EP_test:0: 100%|| 35/35 [00:06<00:00,  5.13it/s]
{'Epoch': 0, 'name': 'high_freq', 'HIT@5': '0.0138', 'NDCG@5': '0.0087', 'HIT@10': '0.0226', 'NDCG@10': '0.0115', 'HIT@20': '0.0343', 'NDCG@20': '0.0145'}
{'Epoch': 0, 'name': 'mid_freq', 'HIT@5': '0.0000', 'NDCG@5': '0.0000', 'HIT@10': '0.0000', 'NDCG@10': '0.0000', 'HIT@20': '0.0000', 'NDCG@20': '0.0000'}
{'Epoch': 0, 'name': 'low_freq', 'HIT@5': '0.0000', 'NDCG@5': '0.0000', 'HIT@10': '0.0000', 'NDCG@10': '0.0000', 'HIT@20': '0.0000', 'NDCG@20': '0.0000'}
{'Epoch': 0, 'name': 'all', 'HIT@5': '0.0094', 'NDCG@5': '0.0059', 'HIT@10': '0.0154', 'NDCG@10': '0.0078', 'HIT@20': '0.0233', 'NDCG@20': '0.0099'}
Validation score increased.  Saving model ...
rec dataset length: 186
100%|█████████████████████████████████████████████████████████████████████████████████████████████████████████████████████████████████████████| 186/186 [00:48<00:00,  3.82it/s]
{'epoch': 1, 'rec_avg_loss': '1.2004', 'joint_avg_loss': '1.8104', 'cl_avg_loss': '6.1000', 'itemcl_loss': '0.0000', 'cl_pair_0_loss': '6.1000'}
Recommendation EP_test:1: 100%|| 35/35 [00:07<00:00,  4.70it/s]
{'Epoch': 1, 'name': 'high_freq', 'HIT@5': '0.0149', 'NDCG@5': '0.0092', 'HIT@10': '0.0234', 'NDCG@10': '0.0119', 'HIT@20': '0.0363', 'NDCG@20': '0.0152'}
{'Epoch': 1, 'name': 'mid_freq', 'HIT@5': '0.0000', 'NDCG@5': '0.0000', 'HIT@10': '0.0000', 'NDCG@10': '0.0000', 'HIT@20': '0.0000', 'NDCG@20': '0.0000'}
{'Epoch': 1, 'name': 'low_freq', 'HIT@5': '0.0000', 'NDCG@5': '0.0000', 'HIT@10': '0.0000', 'NDCG@10': '0.0000', 'HIT@20': '0.0000', 'NDCG@20': '0.0000'}
{'Epoch': 1, 'name': 'all', 'HIT@5': '0.0102', 'NDCG@5': '0.0063', 'HIT@10': '0.0159', 'NDCG@10': '0.0081', 'HIT@20': '0.0247', 'NDCG@20': '0.0103'}
/home/zzx/seqRec/CLTrys/CoSeRec_Augment/CoSeRec/src/data_augmentation.py:329: UserWarning: Implicit dimension choice for softmax has been deprecated. Change the call to include dim=X as an argument.
  result = F.softmax(torch.tensor([self.high_weight, self.mid_weight, self.low_weight])).numpy().tolist()
Validation score increased.  Saving model ...
rec dataset length: 186
100%|█████████████████████████████████████████████████████████████████████████████████████████████████████████████████████████████████████████| 186/186 [00:48<00:00,  3.86it/s]
{'epoch': 2, 'rec_avg_loss': '1.1693', 'joint_avg_loss': '1.6851', 'cl_avg_loss': '5.1587', 'itemcl_loss': '0.0000', 'cl_pair_0_loss': '5.1587'}
Recommendation EP_test:2: 100%|| 35/35 [00:08<00:00,  4.06it/s]
{'Epoch': 2, 'name': 'high_freq', 'HIT@5': '0.0139', 'NDCG@5': '0.0085', 'HIT@10': '0.0235', 'NDCG@10': '0.0117', 'HIT@20': '0.0376', 'NDCG@20': '0.0152'}
{'Epoch': 2, 'name': 'mid_freq', 'HIT@5': '0.0000', 'NDCG@5': '0.0000', 'HIT@10': '0.0000', 'NDCG@10': '0.0000', 'HIT@20': '0.0000', 'NDCG@20': '0.0000'}
{'Epoch': 2, 'name': 'low_freq', 'HIT@5': '0.0000', 'NDCG@5': '0.0000', 'HIT@10': '0.0000', 'NDCG@10': '0.0000', 'HIT@20': '0.0000', 'NDCG@20': '0.0000'}
{'Epoch': 2, 'name': 'all', 'HIT@5': '0.0095', 'NDCG@5': '0.0058', 'HIT@10': '0.0160', 'NDCG@10': '0.0079', 'HIT@20': '0.0256', 'NDCG@20': '0.0103'}
Validation score increased.  Saving model ...
rec dataset length: 186
100%|█████████████████████████████████████████████████████████████████████████████████████████████████████████████████████████████████████████| 186/186 [00:48<00:00,  3.81it/s]
{'epoch': 3, 'rec_avg_loss': '1.1450', 'joint_avg_loss': '1.5844', 'cl_avg_loss': '4.3948', 'itemcl_loss': '0.0000', 'cl_pair_0_loss': '4.3948'}
Recommendation EP_test:3: 100%|| 35/35 [00:08<00:00,  4.33it/s]
{'Epoch': 3, 'name': 'high_freq', 'HIT@5': '0.0137', 'NDCG@5': '0.0086', 'HIT@10': '0.0232', 'NDCG@10': '0.0116', 'HIT@20': '0.0372', 'NDCG@20': '0.0151'}
{'Epoch': 3, 'name': 'mid_freq', 'HIT@5': '0.0000', 'NDCG@5': '0.0000', 'HIT@10': '0.0000', 'NDCG@10': '0.0000', 'HIT@20': '0.0000', 'NDCG@20': '0.0000'}
{'Epoch': 3, 'name': 'low_freq', 'HIT@5': '0.0000', 'NDCG@5': '0.0000', 'HIT@10': '0.0000', 'NDCG@10': '0.0000', 'HIT@20': '0.0000', 'NDCG@20': '0.0000'}
{'Epoch': 3, 'name': 'all', 'HIT@5': '0.0093', 'NDCG@5': '0.0058', 'HIT@10': '0.0158', 'NDCG@10': '0.0079', 'HIT@20': '0.0253', 'NDCG@20': '0.0103'}
EarlyStopping counter: 1 out of 40
rec dataset length: 186
100%|█████████████████████████████████████████████████████████████████████████████████████████████████████████████████████████████████████████| 186/186 [00:50<00:00,  3.71it/s]
{'epoch': 4, 'rec_avg_loss': '1.1284', 'joint_avg_loss': '1.5075', 'cl_avg_loss': '3.7912', 'itemcl_loss': '0.0000', 'cl_pair_0_loss': '3.7912'}
Recommendation EP_test:4: 100%|| 35/35 [00:08<00:00,  4.23it/s]
{'Epoch': 4, 'name': 'high_freq', 'HIT@5': '0.0138', 'NDCG@5': '0.0087', 'HIT@10': '0.0227', 'NDCG@10': '0.0116', 'HIT@20': '0.0357', 'NDCG@20': '0.0148'}
{'Epoch': 4, 'name': 'mid_freq', 'HIT@5': '0.0000', 'NDCG@5': '0.0000', 'HIT@10': '0.0000', 'NDCG@10': '0.0000', 'HIT@20': '0.0000', 'NDCG@20': '0.0000'}
{'Epoch': 4, 'name': 'low_freq', 'HIT@5': '0.0000', 'NDCG@5': '0.0000', 'HIT@10': '0.0000', 'NDCG@10': '0.0000', 'HIT@20': '0.0000', 'NDCG@20': '0.0000'}
{'Epoch': 4, 'name': 'all', 'HIT@5': '0.0094', 'NDCG@5': '0.0059', 'HIT@10': '0.0155', 'NDCG@10': '0.0079', 'HIT@20': '0.0243', 'NDCG@20': '0.0101'}
EarlyStopping counter: 2 out of 40
rec dataset length: 186
100%|█████████████████████████████████████████████████████████████████████████████████████████████████████████████████████████████████████████| 186/186 [00:48<00:00,  3.85it/s]
{'epoch': 5, 'rec_avg_loss': '1.1100', 'joint_avg_loss': '1.4764', 'cl_avg_loss': '3.6638', 'itemcl_loss': '0.0000', 'cl_pair_0_loss': '3.6638'}
Recommendation EP_test:5: 100%|| 35/35 [00:08<00:00,  4.15it/s]
{'Epoch': 5, 'name': 'high_freq', 'HIT@5': '0.0139', 'NDCG@5': '0.0086', 'HIT@10': '0.0237', 'NDCG@10': '0.0118', 'HIT@20': '0.0386', 'NDCG@20': '0.0155'}
{'Epoch': 5, 'name': 'mid_freq', 'HIT@5': '0.0000', 'NDCG@5': '0.0000', 'HIT@10': '0.0000', 'NDCG@10': '0.0000', 'HIT@20': '0.0000', 'NDCG@20': '0.0000'}
{'Epoch': 5, 'name': 'low_freq', 'HIT@5': '0.0000', 'NDCG@5': '0.0000', 'HIT@10': '0.0000', 'NDCG@10': '0.0000', 'HIT@20': '0.0000', 'NDCG@20': '0.0000'}
{'Epoch': 5, 'name': 'all', 'HIT@5': '0.0094', 'NDCG@5': '0.0059', 'HIT@10': '0.0161', 'NDCG@10': '0.0080', 'HIT@20': '0.0262', 'NDCG@20': '0.0106'}
Validation score increased.  Saving model ...
rec dataset length: 186
100%|█████████████████████████████████████████████████████████████████████████████████████████████████████████████████████████████████████████| 186/186 [00:48<00:00,  3.83it/s]
{'epoch': 6, 'rec_avg_loss': '1.0873', 'joint_avg_loss': '1.4265', 'cl_avg_loss': '3.3914', 'itemcl_loss': '0.0000', 'cl_pair_0_loss': '3.3914'}
Recommendation EP_test:6: 100%|| 35/35 [00:08<00:00,  4.31it/s]
{'Epoch': 6, 'name': 'high_freq', 'HIT@5': '0.0142', 'NDCG@5': '0.0090', 'HIT@10': '0.0229', 'NDCG@10': '0.0117', 'HIT@20': '0.0373', 'NDCG@20': '0.0153'}
{'Epoch': 6, 'name': 'mid_freq', 'HIT@5': '0.0000', 'NDCG@5': '0.0000', 'HIT@10': '0.0000', 'NDCG@10': '0.0000', 'HIT@20': '0.0000', 'NDCG@20': '0.0000'}
{'Epoch': 6, 'name': 'low_freq', 'HIT@5': '0.0000', 'NDCG@5': '0.0000', 'HIT@10': '0.0000', 'NDCG@10': '0.0000', 'HIT@20': '0.0000', 'NDCG@20': '0.0000'}
{'Epoch': 6, 'name': 'all', 'HIT@5': '0.0097', 'NDCG@5': '0.0061', 'HIT@10': '0.0156', 'NDCG@10': '0.0080', 'HIT@20': '0.0254', 'NDCG@20': '0.0104'}
EarlyStopping counter: 1 out of 40
rec dataset length: 186
100%|█████████████████████████████████████████████████████████████████████████████████████████████████████████████████████████████████████████| 186/186 [00:47<00:00,  3.88it/s]
{'epoch': 7, 'rec_avg_loss': '1.0683', 'joint_avg_loss': '1.3915', 'cl_avg_loss': '3.2321', 'itemcl_loss': '0.0000', 'cl_pair_0_loss': '3.2321'}
Recommendation EP_test:7: 100%|| 35/35 [00:08<00:00,  4.25it/s]
{'Epoch': 7, 'name': 'high_freq', 'HIT@5': '0.0147', 'NDCG@5': '0.0091', 'HIT@10': '0.0239', 'NDCG@10': '0.0120', 'HIT@20': '0.0402', 'NDCG@20': '0.0161'}
{'Epoch': 7, 'name': 'mid_freq', 'HIT@5': '0.0000', 'NDCG@5': '0.0000', 'HIT@10': '0.0000', 'NDCG@10': '0.0000', 'HIT@20': '0.0000', 'NDCG@20': '0.0000'}
{'Epoch': 7, 'name': 'low_freq', 'HIT@5': '0.0000', 'NDCG@5': '0.0000', 'HIT@10': '0.0000', 'NDCG@10': '0.0000', 'HIT@20': '0.0000', 'NDCG@20': '0.0000'}
{'Epoch': 7, 'name': 'all', 'HIT@5': '0.0100', 'NDCG@5': '0.0062', 'HIT@10': '0.0163', 'NDCG@10': '0.0082', 'HIT@20': '0.0273', 'NDCG@20': '0.0109'}
Validation score increased.  Saving model ...
rec dataset length: 186
100%|█████████████████████████████████████████████████████████████████████████████████████████████████████████████████████████████████████████| 186/186 [00:47<00:00,  3.90it/s]
{'epoch': 8, 'rec_avg_loss': '1.0465', 'joint_avg_loss': '1.3603', 'cl_avg_loss': '3.1385', 'itemcl_loss': '0.0000', 'cl_pair_0_loss': '3.1385'}
Recommendation EP_test:8: 100%|| 35/35 [00:08<00:00,  4.26it/s]
{'Epoch': 8, 'name': 'high_freq', 'HIT@5': '0.0168', 'NDCG@5': '0.0105', 'HIT@10': '0.0284', 'NDCG@10': '0.0142', 'HIT@20': '0.0458', 'NDCG@20': '0.0185'}
{'Epoch': 8, 'name': 'mid_freq', 'HIT@5': '0.0000', 'NDCG@5': '0.0000', 'HIT@10': '0.0000', 'NDCG@10': '0.0000', 'HIT@20': '0.0000', 'NDCG@20': '0.0000'}
{'Epoch': 8, 'name': 'low_freq', 'HIT@5': '0.0000', 'NDCG@5': '0.0000', 'HIT@10': '0.0000', 'NDCG@10': '0.0000', 'HIT@20': '0.0000', 'NDCG@20': '0.0000'}
{'Epoch': 8, 'name': 'all', 'HIT@5': '0.0114', 'NDCG@5': '0.0071', 'HIT@10': '0.0193', 'NDCG@10': '0.0097', 'HIT@20': '0.0311', 'NDCG@20': '0.0126'}
Validation score increased.  Saving model ...
rec dataset length: 186
100%|█████████████████████████████████████████████████████████████████████████████████████████████████████████████████████████████████████████| 186/186 [00:48<00:00,  3.82it/s]
{'epoch': 9, 'rec_avg_loss': '1.0193', 'joint_avg_loss': '1.3272', 'cl_avg_loss': '3.0789', 'itemcl_loss': '0.0000', 'cl_pair_0_loss': '3.0789'}
Recommendation EP_test:9: 100%|| 35/35 [00:08<00:00,  4.15it/s]
{'Epoch': 9, 'name': 'high_freq', 'HIT@5': '0.0176', 'NDCG@5': '0.0113', 'HIT@10': '0.0301', 'NDCG@10': '0.0153', 'HIT@20': '0.0511', 'NDCG@20': '0.0206'}
{'Epoch': 9, 'name': 'mid_freq', 'HIT@5': '0.0000', 'NDCG@5': '0.0000', 'HIT@10': '0.0001', 'NDCG@10': '0.0001', 'HIT@20': '0.0004', 'NDCG@20': '0.0001'}
{'Epoch': 9, 'name': 'low_freq', 'HIT@5': '0.0000', 'NDCG@5': '0.0000', 'HIT@10': '0.0000', 'NDCG@10': '0.0000', 'HIT@20': '0.0000', 'NDCG@20': '0.0000'}
{'Epoch': 9, 'name': 'all', 'HIT@5': '0.0120', 'NDCG@5': '0.0077', 'HIT@10': '0.0205', 'NDCG@10': '0.0104', 'HIT@20': '0.0349', 'NDCG@20': '0.0141'}
Validation score increased.  Saving model ...
rec dataset length: 186
100%|█████████████████████████████████████████████████████████████████████████████████████████████████████████████████████████████████████████| 186/186 [00:48<00:00,  3.85it/s]
{'epoch': 10, 'rec_avg_loss': '0.9926', 'joint_avg_loss': '1.2956', 'cl_avg_loss': '3.0296', 'itemcl_loss': '0.0000', 'cl_pair_0_loss': '3.0296'}
Recommendation EP_test:10: 100%|| 35/35 [00:08<00:00,  4.08it/s]
{'Epoch': 10, 'name': 'high_freq', 'HIT@5': '0.0195', 'NDCG@5': '0.0125', 'HIT@10': '0.0333', 'NDCG@10': '0.0169', 'HIT@20': '0.0559', 'NDCG@20': '0.0225'}
{'Epoch': 10, 'name': 'mid_freq', 'HIT@5': '0.0004', 'NDCG@5': '0.0003', 'HIT@10': '0.0004', 'NDCG@10': '0.0003', 'HIT@20': '0.0006', 'NDCG@20': '0.0003'}
{'Epoch': 10, 'name': 'low_freq', 'HIT@5': '0.0000', 'NDCG@5': '0.0000', 'HIT@10': '0.0000', 'NDCG@10': '0.0000', 'HIT@20': '0.0002', 'NDCG@20': '0.0001'}
{'Epoch': 10, 'name': 'all', 'HIT@5': '0.0133', 'NDCG@5': '0.0085', 'HIT@10': '0.0227', 'NDCG@10': '0.0115', 'HIT@20': '0.0382', 'NDCG@20': '0.0154'}
Validation score increased.  Saving model ...
rec dataset length: 186
100%|█████████████████████████████████████████████████████████████████████████████████████████████████████████████████████████████████████████| 186/186 [00:47<00:00,  3.92it/s]
{'epoch': 11, 'rec_avg_loss': '0.9681', 'joint_avg_loss': '1.2705', 'cl_avg_loss': '3.0246', 'itemcl_loss': '0.0000', 'cl_pair_0_loss': '3.0246'}
Recommendation EP_test:11: 100%|| 35/35 [00:08<00:00,  4.03it/s]
{'Epoch': 11, 'name': 'high_freq', 'HIT@5': '0.0201', 'NDCG@5': '0.0131', 'HIT@10': '0.0370', 'NDCG@10': '0.0185', 'HIT@20': '0.0590', 'NDCG@20': '0.0241'}
{'Epoch': 11, 'name': 'mid_freq', 'HIT@5': '0.0001', 'NDCG@5': '0.0001', 'HIT@10': '0.0006', 'NDCG@10': '0.0002', 'HIT@20': '0.0011', 'NDCG@20': '0.0004'}
{'Epoch': 11, 'name': 'low_freq', 'HIT@5': '0.0000', 'NDCG@5': '0.0000', 'HIT@10': '0.0000', 'NDCG@10': '0.0000', 'HIT@20': '0.0000', 'NDCG@20': '0.0000'}
{'Epoch': 11, 'name': 'all', 'HIT@5': '0.0137', 'NDCG@5': '0.0089', 'HIT@10': '0.0253', 'NDCG@10': '0.0126', 'HIT@20': '0.0404', 'NDCG@20': '0.0164'}
Validation score increased.  Saving model ...
rec dataset length: 186
100%|█████████████████████████████████████████████████████████████████████████████████████████████████████████████████████████████████████████| 186/186 [00:47<00:00,  3.92it/s]
{'epoch': 12, 'rec_avg_loss': '0.9457', 'joint_avg_loss': '1.2537', 'cl_avg_loss': '3.0799', 'itemcl_loss': '0.0000', 'cl_pair_0_loss': '3.0799'}
Recommendation EP_test:12: 100%|| 35/35 [00:08<00:00,  4.03it/s]
{'Epoch': 12, 'name': 'high_freq', 'HIT@5': '0.0228', 'NDCG@5': '0.0144', 'HIT@10': '0.0390', 'NDCG@10': '0.0195', 'HIT@20': '0.0627', 'NDCG@20': '0.0255'}
{'Epoch': 12, 'name': 'mid_freq', 'HIT@5': '0.0004', 'NDCG@5': '0.0002', 'HIT@10': '0.0009', 'NDCG@10': '0.0004', 'HIT@20': '0.0010', 'NDCG@20': '0.0004'}
{'Epoch': 12, 'name': 'low_freq', 'HIT@5': '0.0000', 'NDCG@5': '0.0000', 'HIT@10': '0.0000', 'NDCG@10': '0.0000', 'HIT@20': '0.0002', 'NDCG@20': '0.0001'}
{'Epoch': 12, 'name': 'all', 'HIT@5': '0.0156', 'NDCG@5': '0.0098', 'HIT@10': '0.0267', 'NDCG@10': '0.0134', 'HIT@20': '0.0429', 'NDCG@20': '0.0174'}
Validation score increased.  Saving model ...
rec dataset length: 186
100%|█████████████████████████████████████████████████████████████████████████████████████████████████████████████████████████████████████████| 186/186 [00:47<00:00,  3.91it/s]
{'epoch': 13, 'rec_avg_loss': '0.9193', 'joint_avg_loss': '1.2277', 'cl_avg_loss': '3.0839', 'itemcl_loss': '0.0000', 'cl_pair_0_loss': '3.0839'}
Recommendation EP_test:13: 100%|| 35/35 [00:08<00:00,  4.06it/s]
{'Epoch': 13, 'name': 'high_freq', 'HIT@5': '0.0245', 'NDCG@5': '0.0153', 'HIT@10': '0.0413', 'NDCG@10': '0.0207', 'HIT@20': '0.0659', 'NDCG@20': '0.0269'}
{'Epoch': 13, 'name': 'mid_freq', 'HIT@5': '0.0006', 'NDCG@5': '0.0004', 'HIT@10': '0.0007', 'NDCG@10': '0.0005', 'HIT@20': '0.0011', 'NDCG@20': '0.0006'}
{'Epoch': 13, 'name': 'low_freq', 'HIT@5': '0.0000', 'NDCG@5': '0.0000', 'HIT@10': '0.0000', 'NDCG@10': '0.0000', 'HIT@20': '0.0000', 'NDCG@20': '0.0000'}
{'Epoch': 13, 'name': 'all', 'HIT@5': '0.0168', 'NDCG@5': '0.0105', 'HIT@10': '0.0283', 'NDCG@10': '0.0142', 'HIT@20': '0.0451', 'NDCG@20': '0.0184'}
Validation score increased.  Saving model ...
rec dataset length: 186
100%|█████████████████████████████████████████████████████████████████████████████████████████████████████████████████████████████████████████| 186/186 [00:47<00:00,  3.91it/s]
{'epoch': 14, 'rec_avg_loss': '0.9012', 'joint_avg_loss': '1.2154', 'cl_avg_loss': '3.1422', 'itemcl_loss': '0.0000', 'cl_pair_0_loss': '3.1422'}
Recommendation EP_test:14: 100%|| 35/35 [00:08<00:00,  4.05it/s]
{'Epoch': 14, 'name': 'high_freq', 'HIT@5': '0.0261', 'NDCG@5': '0.0163', 'HIT@10': '0.0437', 'NDCG@10': '0.0220', 'HIT@20': '0.0700', 'NDCG@20': '0.0286'}
{'Epoch': 14, 'name': 'mid_freq', 'HIT@5': '0.0009', 'NDCG@5': '0.0005', 'HIT@10': '0.0010', 'NDCG@10': '0.0005', 'HIT@20': '0.0020', 'NDCG@20': '0.0008'}
{'Epoch': 14, 'name': 'low_freq', 'HIT@5': '0.0000', 'NDCG@5': '0.0000', 'HIT@10': '0.0000', 'NDCG@10': '0.0000', 'HIT@20': '0.0011', 'NDCG@20': '0.0003'}
{'Epoch': 14, 'name': 'all', 'HIT@5': '0.0180', 'NDCG@5': '0.0112', 'HIT@10': '0.0299', 'NDCG@10': '0.0151', 'HIT@20': '0.0482', 'NDCG@20': '0.0196'}
Validation score increased.  Saving model ...
rec dataset length: 186
100%|█████████████████████████████████████████████████████████████████████████████████████████████████████████████████████████████████████████| 186/186 [00:48<00:00,  3.86it/s]
{'epoch': 15, 'rec_avg_loss': '0.8779', 'joint_avg_loss': '1.1923', 'cl_avg_loss': '3.1434', 'itemcl_loss': '0.0000', 'cl_pair_0_loss': '3.1434'}
Recommendation EP_test:15: 100%|| 35/35 [00:08<00:00,  3.98it/s]
{'Epoch': 15, 'name': 'high_freq', 'HIT@5': '0.0260', 'NDCG@5': '0.0164', 'HIT@10': '0.0446', 'NDCG@10': '0.0224', 'HIT@20': '0.0706', 'NDCG@20': '0.0289'}
{'Epoch': 15, 'name': 'mid_freq', 'HIT@5': '0.0009', 'NDCG@5': '0.0005', 'HIT@10': '0.0013', 'NDCG@10': '0.0006', 'HIT@20': '0.0023', 'NDCG@20': '0.0009'}
{'Epoch': 15, 'name': 'low_freq', 'HIT@5': '0.0000', 'NDCG@5': '0.0000', 'HIT@10': '0.0000', 'NDCG@10': '0.0000', 'HIT@20': '0.0007', 'NDCG@20': '0.0002'}
{'Epoch': 15, 'name': 'all', 'HIT@5': '0.0178', 'NDCG@5': '0.0113', 'HIT@10': '0.0306', 'NDCG@10': '0.0154', 'HIT@20': '0.0486', 'NDCG@20': '0.0199'}
Validation score increased.  Saving model ...
rec dataset length: 186
100%|█████████████████████████████████████████████████████████████████████████████████████████████████████████████████████████████████████████| 186/186 [00:47<00:00,  3.90it/s]
{'epoch': 16, 'rec_avg_loss': '0.8601', 'joint_avg_loss': '1.1836', 'cl_avg_loss': '3.2356', 'itemcl_loss': '0.0000', 'cl_pair_0_loss': '3.2356'}
Recommendation EP_test:16: 100%|| 35/35 [00:08<00:00,  4.08it/s]
{'Epoch': 16, 'name': 'high_freq', 'HIT@5': '0.0267', 'NDCG@5': '0.0166', 'HIT@10': '0.0456', 'NDCG@10': '0.0227', 'HIT@20': '0.0745', 'NDCG@20': '0.0300'}
{'Epoch': 16, 'name': 'mid_freq', 'HIT@5': '0.0013', 'NDCG@5': '0.0007', 'HIT@10': '0.0019', 'NDCG@10': '0.0009', 'HIT@20': '0.0030', 'NDCG@20': '0.0012'}
{'Epoch': 16, 'name': 'low_freq', 'HIT@5': '0.0000', 'NDCG@5': '0.0000', 'HIT@10': '0.0002', 'NDCG@10': '0.0001', 'HIT@20': '0.0007', 'NDCG@20': '0.0002'}
{'Epoch': 16, 'name': 'all', 'HIT@5': '0.0184', 'NDCG@5': '0.0115', 'HIT@10': '0.0314', 'NDCG@10': '0.0156', 'HIT@20': '0.0514', 'NDCG@20': '0.0206'}
Validation score increased.  Saving model ...
rec dataset length: 186
100%|█████████████████████████████████████████████████████████████████████████████████████████████████████████████████████████████████████████| 186/186 [00:48<00:00,  3.85it/s]
{'epoch': 17, 'rec_avg_loss': '0.8448', 'joint_avg_loss': '1.1712', 'cl_avg_loss': '3.2642', 'itemcl_loss': '0.0000', 'cl_pair_0_loss': '3.2642'}
Recommendation EP_test:17: 100%|| 35/35 [00:08<00:00,  4.11it/s]
{'Epoch': 17, 'name': 'high_freq', 'HIT@5': '0.0272', 'NDCG@5': '0.0170', 'HIT@10': '0.0475', 'NDCG@10': '0.0235', 'HIT@20': '0.0761', 'NDCG@20': '0.0307'}
{'Epoch': 17, 'name': 'mid_freq', 'HIT@5': '0.0010', 'NDCG@5': '0.0006', 'HIT@10': '0.0016', 'NDCG@10': '0.0008', 'HIT@20': '0.0037', 'NDCG@20': '0.0014'}
{'Epoch': 17, 'name': 'low_freq', 'HIT@5': '0.0005', 'NDCG@5': '0.0003', 'HIT@10': '0.0009', 'NDCG@10': '0.0004', 'HIT@20': '0.0009', 'NDCG@20': '0.0004'}
{'Epoch': 17, 'name': 'all', 'HIT@5': '0.0188', 'NDCG@5': '0.0117', 'HIT@10': '0.0327', 'NDCG@10': '0.0162', 'HIT@20': '0.0526', 'NDCG@20': '0.0212'}
Validation score increased.  Saving model ...
rec dataset length: 186
100%|█████████████████████████████████████████████████████████████████████████████████████████████████████████████████████████████████████████| 186/186 [00:48<00:00,  3.82it/s]
{'epoch': 18, 'rec_avg_loss': '0.8275', 'joint_avg_loss': '1.1691', 'cl_avg_loss': '3.4165', 'itemcl_loss': '0.0000', 'cl_pair_0_loss': '3.4165'}
Recommendation EP_test:18: 100%|| 35/35 [00:08<00:00,  4.05it/s]
{'Epoch': 18, 'name': 'high_freq', 'HIT@5': '0.0294', 'NDCG@5': '0.0181', 'HIT@10': '0.0479', 'NDCG@10': '0.0240', 'HIT@20': '0.0754', 'NDCG@20': '0.0309'}
{'Epoch': 18, 'name': 'mid_freq', 'HIT@5': '0.0010', 'NDCG@5': '0.0007', 'HIT@10': '0.0022', 'NDCG@10': '0.0011', 'HIT@20': '0.0033', 'NDCG@20': '0.0014'}
{'Epoch': 18, 'name': 'low_freq', 'HIT@5': '0.0002', 'NDCG@5': '0.0001', 'HIT@10': '0.0005', 'NDCG@10': '0.0002', 'HIT@20': '0.0007', 'NDCG@20': '0.0002'}
{'Epoch': 18, 'name': 'all', 'HIT@5': '0.0202', 'NDCG@5': '0.0125', 'HIT@10': '0.0330', 'NDCG@10': '0.0166', 'HIT@20': '0.0520', 'NDCG@20': '0.0213'}
Validation score increased.  Saving model ...
rec dataset length: 186
100%|█████████████████████████████████████████████████████████████████████████████████████████████████████████████████████████████████████████| 186/186 [00:48<00:00,  3.87it/s]
{'epoch': 19, 'rec_avg_loss': '0.8152', 'joint_avg_loss': '1.1663', 'cl_avg_loss': '3.5106', 'itemcl_loss': '0.0000', 'cl_pair_0_loss': '3.5106'}
Recommendation EP_test:19: 100%|| 35/35 [00:08<00:00,  4.11it/s]
{'Epoch': 19, 'name': 'high_freq', 'HIT@5': '0.0299', 'NDCG@5': '0.0187', 'HIT@10': '0.0492', 'NDCG@10': '0.0249', 'HIT@20': '0.0796', 'NDCG@20': '0.0325'}
{'Epoch': 19, 'name': 'mid_freq', 'HIT@5': '0.0016', 'NDCG@5': '0.0010', 'HIT@10': '0.0020', 'NDCG@10': '0.0012', 'HIT@20': '0.0037', 'NDCG@20': '0.0016'}
{'Epoch': 19, 'name': 'low_freq', 'HIT@5': '0.0007', 'NDCG@5': '0.0007', 'HIT@10': '0.0009', 'NDCG@10': '0.0008', 'HIT@20': '0.0023', 'NDCG@20': '0.0011'}
{'Epoch': 19, 'name': 'all', 'HIT@5': '0.0207', 'NDCG@5': '0.0130', 'HIT@10': '0.0340', 'NDCG@10': '0.0173', 'HIT@20': '0.0551', 'NDCG@20': '0.0226'}
Validation score increased.  Saving model ...
rec dataset length: 186
100%|█████████████████████████████████████████████████████████████████████████████████████████████████████████████████████████████████████████| 186/186 [00:48<00:00,  3.80it/s]
{'epoch': 20, 'rec_avg_loss': '0.8034', 'joint_avg_loss': '1.1691', 'cl_avg_loss': '3.6577', 'itemcl_loss': '0.0000', 'cl_pair_0_loss': '3.6577'}
Recommendation EP_test:20: 100%|| 35/35 [00:08<00:00,  4.09it/s]
{'Epoch': 20, 'name': 'high_freq', 'HIT@5': '0.0287', 'NDCG@5': '0.0182', 'HIT@10': '0.0507', 'NDCG@10': '0.0252', 'HIT@20': '0.0813', 'NDCG@20': '0.0329'}
{'Epoch': 20, 'name': 'mid_freq', 'HIT@5': '0.0014', 'NDCG@5': '0.0010', 'HIT@10': '0.0024', 'NDCG@10': '0.0013', 'HIT@20': '0.0037', 'NDCG@20': '0.0016'}
{'Epoch': 20, 'name': 'low_freq', 'HIT@5': '0.0011', 'NDCG@5': '0.0006', 'HIT@10': '0.0014', 'NDCG@10': '0.0007', 'HIT@20': '0.0020', 'NDCG@20': '0.0009'}
{'Epoch': 20, 'name': 'all', 'HIT@5': '0.0199', 'NDCG@5': '0.0126', 'HIT@10': '0.0351', 'NDCG@10': '0.0175', 'HIT@20': '0.0563', 'NDCG@20': '0.0228'}
Validation score increased.  Saving model ...
rec dataset length: 186
100%|█████████████████████████████████████████████████████████████████████████████████████████████████████████████████████████████████████████| 186/186 [00:48<00:00,  3.82it/s]
{'epoch': 21, 'rec_avg_loss': '0.7934', 'joint_avg_loss': '1.1800', 'cl_avg_loss': '3.8661', 'itemcl_loss': '0.0000', 'cl_pair_0_loss': '3.8661'}
Recommendation EP_test:21: 100%|| 35/35 [00:08<00:00,  4.09it/s]
{'Epoch': 21, 'name': 'high_freq', 'HIT@5': '0.0297', 'NDCG@5': '0.0185', 'HIT@10': '0.0507', 'NDCG@10': '0.0253', 'HIT@20': '0.0814', 'NDCG@20': '0.0330'}
{'Epoch': 21, 'name': 'mid_freq', 'HIT@5': '0.0020', 'NDCG@5': '0.0015', 'HIT@10': '0.0029', 'NDCG@10': '0.0017', 'HIT@20': '0.0046', 'NDCG@20': '0.0021'}
{'Epoch': 21, 'name': 'low_freq', 'HIT@5': '0.0011', 'NDCG@5': '0.0007', 'HIT@10': '0.0016', 'NDCG@10': '0.0009', 'HIT@20': '0.0025', 'NDCG@20': '0.0011'}
{'Epoch': 21, 'name': 'all', 'HIT@5': '0.0207', 'NDCG@5': '0.0130', 'HIT@10': '0.0353', 'NDCG@10': '0.0176', 'HIT@20': '0.0566', 'NDCG@20': '0.0230'}
Validation score increased.  Saving model ...
rec dataset length: 186
100%|█████████████████████████████████████████████████████████████████████████████████████████████████████████████████████████████████████████| 186/186 [00:47<00:00,  3.88it/s]
{'epoch': 22, 'rec_avg_loss': '0.7834', 'joint_avg_loss': '1.2066', 'cl_avg_loss': '4.2314', 'itemcl_loss': '0.0000', 'cl_pair_0_loss': '4.2314'}
Recommendation EP_test:22: 100%|| 35/35 [00:08<00:00,  4.14it/s]
{'Epoch': 22, 'name': 'high_freq', 'HIT@5': '0.0304', 'NDCG@5': '0.0187', 'HIT@10': '0.0521', 'NDCG@10': '0.0257', 'HIT@20': '0.0822', 'NDCG@20': '0.0332'}
{'Epoch': 22, 'name': 'mid_freq', 'HIT@5': '0.0020', 'NDCG@5': '0.0014', 'HIT@10': '0.0030', 'NDCG@10': '0.0017', 'HIT@20': '0.0045', 'NDCG@20': '0.0021'}
{'Epoch': 22, 'name': 'low_freq', 'HIT@5': '0.0014', 'NDCG@5': '0.0008', 'HIT@10': '0.0020', 'NDCG@10': '0.0010', 'HIT@20': '0.0027', 'NDCG@20': '0.0012'}
{'Epoch': 22, 'name': 'all', 'HIT@5': '0.0212', 'NDCG@5': '0.0131', 'HIT@10': '0.0363', 'NDCG@10': '0.0179', 'HIT@20': '0.0571', 'NDCG@20': '0.0232'}
Validation score increased.  Saving model ...
rec dataset length: 186
100%|█████████████████████████████████████████████████████████████████████████████████████████████████████████████████████████████████████████| 186/186 [00:49<00:00,  3.80it/s]
{'epoch': 23, 'rec_avg_loss': '0.7783', 'joint_avg_loss': '1.2245', 'cl_avg_loss': '4.4622', 'itemcl_loss': '0.0000', 'cl_pair_0_loss': '4.4622'}
Recommendation EP_test:23: 100%|| 35/35 [00:08<00:00,  4.15it/s]
{'Epoch': 23, 'name': 'high_freq', 'HIT@5': '0.0325', 'NDCG@5': '0.0201', 'HIT@10': '0.0529', 'NDCG@10': '0.0266', 'HIT@20': '0.0837', 'NDCG@20': '0.0343'}
{'Epoch': 23, 'name': 'mid_freq', 'HIT@5': '0.0016', 'NDCG@5': '0.0009', 'HIT@10': '0.0024', 'NDCG@10': '0.0011', 'HIT@20': '0.0039', 'NDCG@20': '0.0015'}
{'Epoch': 23, 'name': 'low_freq', 'HIT@5': '0.0016', 'NDCG@5': '0.0009', 'HIT@10': '0.0025', 'NDCG@10': '0.0012', 'HIT@20': '0.0029', 'NDCG@20': '0.0013'}
{'Epoch': 23, 'name': 'all', 'HIT@5': '0.0226', 'NDCG@5': '0.0139', 'HIT@10': '0.0368', 'NDCG@10': '0.0185', 'HIT@20': '0.0581', 'NDCG@20': '0.0238'}
Validation score increased.  Saving model ...
rec dataset length: 186
100%|█████████████████████████████████████████████████████████████████████████████████████████████████████████████████████████████████████████| 186/186 [00:48<00:00,  3.80it/s]
{'epoch': 24, 'rec_avg_loss': '0.7557', 'joint_avg_loss': '1.1364', 'cl_avg_loss': '3.8068', 'itemcl_loss': '0.0000', 'cl_pair_0_loss': '3.8068'}
Recommendation EP_test:24: 100%|| 35/35 [00:08<00:00,  4.07it/s]
{'Epoch': 24, 'name': 'high_freq', 'HIT@5': '0.0340', 'NDCG@5': '0.0209', 'HIT@10': '0.0546', 'NDCG@10': '0.0276', 'HIT@20': '0.0861', 'NDCG@20': '0.0355'}
{'Epoch': 24, 'name': 'mid_freq', 'HIT@5': '0.0022', 'NDCG@5': '0.0012', 'HIT@10': '0.0032', 'NDCG@10': '0.0016', 'HIT@20': '0.0053', 'NDCG@20': '0.0021'}
{'Epoch': 24, 'name': 'low_freq', 'HIT@5': '0.0014', 'NDCG@5': '0.0008', 'HIT@10': '0.0018', 'NDCG@10': '0.0009', 'HIT@20': '0.0029', 'NDCG@20': '0.0012'}
{'Epoch': 24, 'name': 'all', 'HIT@5': '0.0237', 'NDCG@5': '0.0146', 'HIT@10': '0.0380', 'NDCG@10': '0.0192', 'HIT@20': '0.0600', 'NDCG@20': '0.0247'}
Validation score increased.  Saving model ...
rec dataset length: 186
100%|█████████████████████████████████████████████████████████████████████████████████████████████████████████████████████████████████████████| 186/186 [00:48<00:00,  3.81it/s]
{'epoch': 25, 'rec_avg_loss': '0.7485', 'joint_avg_loss': '1.1642', 'cl_avg_loss': '4.1568', 'itemcl_loss': '0.0000', 'cl_pair_0_loss': '4.1568'}
Recommendation EP_test:25: 100%|| 35/35 [00:08<00:00,  4.14it/s]
{'Epoch': 25, 'name': 'high_freq', 'HIT@5': '0.0337', 'NDCG@5': '0.0210', 'HIT@10': '0.0547', 'NDCG@10': '0.0277', 'HIT@20': '0.0866', 'NDCG@20': '0.0357'}
{'Epoch': 25, 'name': 'mid_freq', 'HIT@5': '0.0017', 'NDCG@5': '0.0012', 'HIT@10': '0.0030', 'NDCG@10': '0.0016', 'HIT@20': '0.0055', 'NDCG@20': '0.0022'}
{'Epoch': 25, 'name': 'low_freq', 'HIT@5': '0.0016', 'NDCG@5': '0.0010', 'HIT@10': '0.0023', 'NDCG@10': '0.0012', 'HIT@20': '0.0027', 'NDCG@20': '0.0013'}
{'Epoch': 25, 'name': 'all', 'HIT@5': '0.0234', 'NDCG@5': '0.0146', 'HIT@10': '0.0381', 'NDCG@10': '0.0193', 'HIT@20': '0.0603', 'NDCG@20': '0.0249'}
Validation score increased.  Saving model ...
rec dataset length: 186
100%|█████████████████████████████████████████████████████████████████████████████████████████████████████████████████████████████████████████| 186/186 [00:48<00:00,  3.86it/s]
{'epoch': 26, 'rec_avg_loss': '0.7420', 'joint_avg_loss': '1.1610', 'cl_avg_loss': '4.1904', 'itemcl_loss': '0.0000', 'cl_pair_0_loss': '4.1904'}
Recommendation EP_test:26: 100%|| 35/35 [00:08<00:00,  4.08it/s]
{'Epoch': 26, 'name': 'high_freq', 'HIT@5': '0.0353', 'NDCG@5': '0.0219', 'HIT@10': '0.0570', 'NDCG@10': '0.0289', 'HIT@20': '0.0899', 'NDCG@20': '0.0371'}
{'Epoch': 26, 'name': 'mid_freq', 'HIT@5': '0.0019', 'NDCG@5': '0.0013', 'HIT@10': '0.0040', 'NDCG@10': '0.0019', 'HIT@20': '0.0068', 'NDCG@20': '0.0026'}
{'Epoch': 26, 'name': 'low_freq', 'HIT@5': '0.0016', 'NDCG@5': '0.0010', 'HIT@10': '0.0020', 'NDCG@10': '0.0011', 'HIT@20': '0.0029', 'NDCG@20': '0.0013'}
{'Epoch': 26, 'name': 'all', 'HIT@5': '0.0246', 'NDCG@5': '0.0153', 'HIT@10': '0.0398', 'NDCG@10': '0.0202', 'HIT@20': '0.0628', 'NDCG@20': '0.0259'}
Validation score increased.  Saving model ...
rec dataset length: 186
100%|█████████████████████████████████████████████████████████████████████████████████████████████████████████████████████████████████████████| 186/186 [00:48<00:00,  3.80it/s]
{'epoch': 27, 'rec_avg_loss': '0.7281', 'joint_avg_loss': '1.1339', 'cl_avg_loss': '4.0581', 'itemcl_loss': '0.0000', 'cl_pair_0_loss': '4.0581'}
Recommendation EP_test:27: 100%|| 35/35 [00:08<00:00,  4.27it/s]
{'Epoch': 27, 'name': 'high_freq', 'HIT@5': '0.0353', 'NDCG@5': '0.0223', 'HIT@10': '0.0579', 'NDCG@10': '0.0295', 'HIT@20': '0.0909', 'NDCG@20': '0.0378'}
{'Epoch': 27, 'name': 'mid_freq', 'HIT@5': '0.0017', 'NDCG@5': '0.0011', 'HIT@10': '0.0040', 'NDCG@10': '0.0019', 'HIT@20': '0.0066', 'NDCG@20': '0.0025'}
{'Epoch': 27, 'name': 'low_freq', 'HIT@5': '0.0016', 'NDCG@5': '0.0009', 'HIT@10': '0.0025', 'NDCG@10': '0.0012', 'HIT@20': '0.0034', 'NDCG@20': '0.0015'}
{'Epoch': 27, 'name': 'all', 'HIT@5': '0.0246', 'NDCG@5': '0.0155', 'HIT@10': '0.0405', 'NDCG@10': '0.0206', 'HIT@20': '0.0636', 'NDCG@20': '0.0264'}
Validation score increased.  Saving model ...
rec dataset length: 186
100%|█████████████████████████████████████████████████████████████████████████████████████████████████████████████████████████████████████████| 186/186 [00:48<00:00,  3.87it/s]
{'epoch': 28, 'rec_avg_loss': '0.7226', 'joint_avg_loss': '1.1525', 'cl_avg_loss': '4.2993', 'itemcl_loss': '0.0000', 'cl_pair_0_loss': '4.2993'}
Recommendation EP_test:28: 100%|| 35/35 [00:08<00:00,  4.18it/s]
{'Epoch': 28, 'name': 'high_freq', 'HIT@5': '0.0365', 'NDCG@5': '0.0224', 'HIT@10': '0.0583', 'NDCG@10': '0.0294', 'HIT@20': '0.0927', 'NDCG@20': '0.0380'}
{'Epoch': 28, 'name': 'mid_freq', 'HIT@5': '0.0017', 'NDCG@5': '0.0011', 'HIT@10': '0.0039', 'NDCG@10': '0.0018', 'HIT@20': '0.0057', 'NDCG@20': '0.0023'}
{'Epoch': 28, 'name': 'low_freq', 'HIT@5': '0.0011', 'NDCG@5': '0.0008', 'HIT@10': '0.0020', 'NDCG@10': '0.0011', 'HIT@20': '0.0029', 'NDCG@20': '0.0013'}
{'Epoch': 28, 'name': 'all', 'HIT@5': '0.0253', 'NDCG@5': '0.0156', 'HIT@10': '0.0407', 'NDCG@10': '0.0205', 'HIT@20': '0.0645', 'NDCG@20': '0.0265'}
Validation score increased.  Saving model ...
rec dataset length: 186
100%|█████████████████████████████████████████████████████████████████████████████████████████████████████████████████████████████████████████| 186/186 [00:48<00:00,  3.81it/s]
{'epoch': 29, 'rec_avg_loss': '0.7082', 'joint_avg_loss': '1.1010', 'cl_avg_loss': '3.9281', 'itemcl_loss': '0.0000', 'cl_pair_0_loss': '3.9281'}
Recommendation EP_test:29: 100%|| 35/35 [00:08<00:00,  4.10it/s]
{'Epoch': 29, 'name': 'high_freq', 'HIT@5': '0.0359', 'NDCG@5': '0.0226', 'HIT@10': '0.0592', 'NDCG@10': '0.0300', 'HIT@20': '0.0942', 'NDCG@20': '0.0388'}
{'Epoch': 29, 'name': 'mid_freq', 'HIT@5': '0.0020', 'NDCG@5': '0.0012', 'HIT@10': '0.0036', 'NDCG@10': '0.0017', 'HIT@20': '0.0053', 'NDCG@20': '0.0021'}
{'Epoch': 29, 'name': 'low_freq', 'HIT@5': '0.0016', 'NDCG@5': '0.0010', 'HIT@10': '0.0023', 'NDCG@10': '0.0012', 'HIT@20': '0.0034', 'NDCG@20': '0.0015'}
{'Epoch': 29, 'name': 'all', 'HIT@5': '0.0250', 'NDCG@5': '0.0158', 'HIT@10': '0.0412', 'NDCG@10': '0.0209', 'HIT@20': '0.0655', 'NDCG@20': '0.0270'}
Validation score increased.  Saving model ...
rec dataset length: 186
100%|█████████████████████████████████████████████████████████████████████████████████████████████████████████████████████████████████████████| 186/186 [00:48<00:00,  3.81it/s]
{'epoch': 30, 'rec_avg_loss': '0.6922', 'joint_avg_loss': '1.0536', 'cl_avg_loss': '3.6145', 'itemcl_loss': '0.0000', 'cl_pair_0_loss': '3.6145'}
Recommendation EP_test:30: 100%|| 35/35 [00:08<00:00,  4.02it/s]
{'Epoch': 30, 'name': 'high_freq', 'HIT@5': '0.0359', 'NDCG@5': '0.0231', 'HIT@10': '0.0583', 'NDCG@10': '0.0303', 'HIT@20': '0.0926', 'NDCG@20': '0.0390'}
{'Epoch': 30, 'name': 'mid_freq', 'HIT@5': '0.0030', 'NDCG@5': '0.0021', 'HIT@10': '0.0046', 'NDCG@10': '0.0027', 'HIT@20': '0.0068', 'NDCG@20': '0.0032'}
{'Epoch': 30, 'name': 'low_freq', 'HIT@5': '0.0016', 'NDCG@5': '0.0011', 'HIT@10': '0.0027', 'NDCG@10': '0.0015', 'HIT@20': '0.0045', 'NDCG@20': '0.0019'}
{'Epoch': 30, 'name': 'all', 'HIT@5': '0.0252', 'NDCG@5': '0.0163', 'HIT@10': '0.0409', 'NDCG@10': '0.0213', 'HIT@20': '0.0649', 'NDCG@20': '0.0274'}
Validation score increased.  Saving model ...
rec dataset length: 186
100%|█████████████████████████████████████████████████████████████████████████████████████████████████████████████████████████████████████████| 186/186 [00:48<00:00,  3.82it/s]
{'epoch': 31, 'rec_avg_loss': '0.6860', 'joint_avg_loss': '1.0738', 'cl_avg_loss': '3.8780', 'itemcl_loss': '0.0000', 'cl_pair_0_loss': '3.8780'}
Recommendation EP_test:31: 100%|| 35/35 [00:08<00:00,  4.16it/s]
{'Epoch': 31, 'name': 'high_freq', 'HIT@5': '0.0352', 'NDCG@5': '0.0226', 'HIT@10': '0.0585', 'NDCG@10': '0.0301', 'HIT@20': '0.0940', 'NDCG@20': '0.0391'}
{'Epoch': 31, 'name': 'mid_freq', 'HIT@5': '0.0030', 'NDCG@5': '0.0020', 'HIT@10': '0.0042', 'NDCG@10': '0.0024', 'HIT@20': '0.0065', 'NDCG@20': '0.0029'}
{'Epoch': 31, 'name': 'low_freq', 'HIT@5': '0.0014', 'NDCG@5': '0.0011', 'HIT@10': '0.0023', 'NDCG@10': '0.0014', 'HIT@20': '0.0036', 'NDCG@20': '0.0018'}
{'Epoch': 31, 'name': 'all', 'HIT@5': '0.0247', 'NDCG@5': '0.0159', 'HIT@10': '0.0409', 'NDCG@10': '0.0211', 'HIT@20': '0.0656', 'NDCG@20': '0.0274'}
EarlyStopping counter: 1 out of 40
rec dataset length: 186
100%|█████████████████████████████████████████████████████████████████████████████████████████████████████████████████████████████████████████| 186/186 [00:48<00:00,  3.85it/s]
{'epoch': 32, 'rec_avg_loss': '0.6844', 'joint_avg_loss': '1.0936', 'cl_avg_loss': '4.0922', 'itemcl_loss': '0.0000', 'cl_pair_0_loss': '4.0922'}
Recommendation EP_test:32: 100%|| 35/35 [00:08<00:00,  4.11it/s]
{'Epoch': 32, 'name': 'high_freq', 'HIT@5': '0.0375', 'NDCG@5': '0.0243', 'HIT@10': '0.0600', 'NDCG@10': '0.0316', 'HIT@20': '0.0951', 'NDCG@20': '0.0404'}
{'Epoch': 32, 'name': 'mid_freq', 'HIT@5': '0.0034', 'NDCG@5': '0.0024', 'HIT@10': '0.0040', 'NDCG@10': '0.0026', 'HIT@20': '0.0062', 'NDCG@20': '0.0032'}
{'Epoch': 32, 'name': 'low_freq', 'HIT@5': '0.0025', 'NDCG@5': '0.0017', 'HIT@10': '0.0034', 'NDCG@10': '0.0020', 'HIT@20': '0.0048', 'NDCG@20': '0.0024'}
{'Epoch': 32, 'name': 'all', 'HIT@5': '0.0265', 'NDCG@5': '0.0172', 'HIT@10': '0.0420', 'NDCG@10': '0.0222', 'HIT@20': '0.0665', 'NDCG@20': '0.0284'}
Validation score increased.  Saving model ...
rec dataset length: 186
100%|█████████████████████████████████████████████████████████████████████████████████████████████████████████████████████████████████████████| 186/186 [00:48<00:00,  3.83it/s]
{'epoch': 33, 'rec_avg_loss': '0.6808', 'joint_avg_loss': '1.1179', 'cl_avg_loss': '4.3703', 'itemcl_loss': '0.0000', 'cl_pair_0_loss': '4.3703'}
Recommendation EP_test:33: 100%|| 35/35 [00:08<00:00,  4.11it/s]
{'Epoch': 33, 'name': 'high_freq', 'HIT@5': '0.0372', 'NDCG@5': '0.0238', 'HIT@10': '0.0615', 'NDCG@10': '0.0317', 'HIT@20': '0.0955', 'NDCG@20': '0.0402'}
{'Epoch': 33, 'name': 'mid_freq', 'HIT@5': '0.0027', 'NDCG@5': '0.0024', 'HIT@10': '0.0042', 'NDCG@10': '0.0028', 'HIT@20': '0.0059', 'NDCG@20': '0.0033'}
{'Epoch': 33, 'name': 'low_freq', 'HIT@5': '0.0020', 'NDCG@5': '0.0013', 'HIT@10': '0.0029', 'NDCG@10': '0.0016', 'HIT@20': '0.0052', 'NDCG@20': '0.0022'}
{'Epoch': 33, 'name': 'all', 'HIT@5': '0.0261', 'NDCG@5': '0.0168', 'HIT@10': '0.0430', 'NDCG@10': '0.0223', 'HIT@20': '0.0668', 'NDCG@20': '0.0282'}
EarlyStopping counter: 1 out of 40
rec dataset length: 186
100%|█████████████████████████████████████████████████████████████████████████████████████████████████████████████████████████████████████████| 186/186 [00:47<00:00,  3.90it/s]
{'epoch': 34, 'rec_avg_loss': '0.6737', 'joint_avg_loss': '1.0950', 'cl_avg_loss': '4.2134', 'itemcl_loss': '0.0000', 'cl_pair_0_loss': '4.2134'}
Recommendation EP_test:34: 100%|| 35/35 [00:08<00:00,  4.24it/s]
{'Epoch': 34, 'name': 'high_freq', 'HIT@5': '0.0370', 'NDCG@5': '0.0239', 'HIT@10': '0.0607', 'NDCG@10': '0.0315', 'HIT@20': '0.0943', 'NDCG@20': '0.0400'}
{'Epoch': 34, 'name': 'mid_freq', 'HIT@5': '0.0027', 'NDCG@5': '0.0020', 'HIT@10': '0.0037', 'NDCG@10': '0.0024', 'HIT@20': '0.0060', 'NDCG@20': '0.0029'}
{'Epoch': 34, 'name': 'low_freq', 'HIT@5': '0.0025', 'NDCG@5': '0.0017', 'HIT@10': '0.0034', 'NDCG@10': '0.0020', 'HIT@20': '0.0043', 'NDCG@20': '0.0023'}
{'Epoch': 34, 'name': 'all', 'HIT@5': '0.0260', 'NDCG@5': '0.0169', 'HIT@10': '0.0425', 'NDCG@10': '0.0222', 'HIT@20': '0.0659', 'NDCG@20': '0.0281'}
EarlyStopping counter: 2 out of 40
rec dataset length: 186
100%|█████████████████████████████████████████████████████████████████████████████████████████████████████████████████████████████████████████| 186/186 [00:47<00:00,  3.90it/s]
{'epoch': 35, 'rec_avg_loss': '0.6583', 'joint_avg_loss': '1.0418', 'cl_avg_loss': '3.8352', 'itemcl_loss': '0.0000', 'cl_pair_0_loss': '3.8352'}
Recommendation EP_test:35: 100%|| 35/35 [00:08<00:00,  4.26it/s]
{'Epoch': 35, 'name': 'high_freq', 'HIT@5': '0.0388', 'NDCG@5': '0.0249', 'HIT@10': '0.0629', 'NDCG@10': '0.0326', 'HIT@20': '0.0972', 'NDCG@20': '0.0412'}
{'Epoch': 35, 'name': 'mid_freq', 'HIT@5': '0.0033', 'NDCG@5': '0.0023', 'HIT@10': '0.0050', 'NDCG@10': '0.0029', 'HIT@20': '0.0073', 'NDCG@20': '0.0035'}
{'Epoch': 35, 'name': 'low_freq', 'HIT@5': '0.0025', 'NDCG@5': '0.0017', 'HIT@10': '0.0038', 'NDCG@10': '0.0022', 'HIT@20': '0.0043', 'NDCG@20': '0.0023'}
{'Epoch': 35, 'name': 'all', 'HIT@5': '0.0273', 'NDCG@5': '0.0176', 'HIT@10': '0.0442', 'NDCG@10': '0.0230', 'HIT@20': '0.0681', 'NDCG@20': '0.0290'}
Validation score increased.  Saving model ...
rec dataset length: 186
100%|█████████████████████████████████████████████████████████████████████████████████████████████████████████████████████████████████████████| 186/186 [00:49<00:00,  3.79it/s]
{'epoch': 36, 'rec_avg_loss': '0.6521', 'joint_avg_loss': '1.0448', 'cl_avg_loss': '3.9275', 'itemcl_loss': '0.0000', 'cl_pair_0_loss': '3.9275'}
Recommendation EP_test:36: 100%|| 35/35 [00:08<00:00,  4.16it/s]
{'Epoch': 36, 'name': 'high_freq', 'HIT@5': '0.0396', 'NDCG@5': '0.0251', 'HIT@10': '0.0622', 'NDCG@10': '0.0324', 'HIT@20': '0.0977', 'NDCG@20': '0.0413'}
{'Epoch': 36, 'name': 'mid_freq', 'HIT@5': '0.0037', 'NDCG@5': '0.0026', 'HIT@10': '0.0056', 'NDCG@10': '0.0032', 'HIT@20': '0.0069', 'NDCG@20': '0.0035'}
{'Epoch': 36, 'name': 'low_freq', 'HIT@5': '0.0025', 'NDCG@5': '0.0018', 'HIT@10': '0.0038', 'NDCG@10': '0.0022', 'HIT@20': '0.0050', 'NDCG@20': '0.0025'}
{'Epoch': 36, 'name': 'all', 'HIT@5': '0.0280', 'NDCG@5': '0.0178', 'HIT@10': '0.0439', 'NDCG@10': '0.0229', 'HIT@20': '0.0685', 'NDCG@20': '0.0291'}
Validation score increased.  Saving model ...
rec dataset length: 186
100%|█████████████████████████████████████████████████████████████████████████████████████████████████████████████████████████████████████████| 186/186 [00:47<00:00,  3.90it/s]
{'epoch': 37, 'rec_avg_loss': '0.6490', 'joint_avg_loss': '1.0667', 'cl_avg_loss': '4.1768', 'itemcl_loss': '0.0000', 'cl_pair_0_loss': '4.1768'}
Recommendation EP_test:37: 100%|| 35/35 [00:08<00:00,  4.05it/s]
{'Epoch': 37, 'name': 'high_freq', 'HIT@5': '0.0391', 'NDCG@5': '0.0250', 'HIT@10': '0.0626', 'NDCG@10': '0.0326', 'HIT@20': '0.0981', 'NDCG@20': '0.0415'}
{'Epoch': 37, 'name': 'mid_freq', 'HIT@5': '0.0037', 'NDCG@5': '0.0021', 'HIT@10': '0.0050', 'NDCG@10': '0.0025', 'HIT@20': '0.0073', 'NDCG@20': '0.0031'}
{'Epoch': 37, 'name': 'low_freq', 'HIT@5': '0.0025', 'NDCG@5': '0.0017', 'HIT@10': '0.0041', 'NDCG@10': '0.0022', 'HIT@20': '0.0050', 'NDCG@20': '0.0024'}
{'Epoch': 37, 'name': 'all', 'HIT@5': '0.0276', 'NDCG@5': '0.0176', 'HIT@10': '0.0441', 'NDCG@10': '0.0229', 'HIT@20': '0.0688', 'NDCG@20': '0.0291'}
Validation score increased.  Saving model ...
rec dataset length: 186
100%|█████████████████████████████████████████████████████████████████████████████████████████████████████████████████████████████████████████| 186/186 [00:48<00:00,  3.80it/s]
{'epoch': 38, 'rec_avg_loss': '0.6382', 'joint_avg_loss': '1.0175', 'cl_avg_loss': '3.7930', 'itemcl_loss': '0.0000', 'cl_pair_0_loss': '3.7930'}
Recommendation EP_test:38: 100%|| 35/35 [00:08<00:00,  4.05it/s]
{'Epoch': 38, 'name': 'high_freq', 'HIT@5': '0.0398', 'NDCG@5': '0.0250', 'HIT@10': '0.0623', 'NDCG@10': '0.0323', 'HIT@20': '0.0992', 'NDCG@20': '0.0415'}
{'Epoch': 38, 'name': 'mid_freq', 'HIT@5': '0.0036', 'NDCG@5': '0.0026', 'HIT@10': '0.0059', 'NDCG@10': '0.0033', 'HIT@20': '0.0083', 'NDCG@20': '0.0039'}
{'Epoch': 38, 'name': 'low_freq', 'HIT@5': '0.0025', 'NDCG@5': '0.0019', 'HIT@10': '0.0038', 'NDCG@10': '0.0023', 'HIT@20': '0.0057', 'NDCG@20': '0.0028'}
{'Epoch': 38, 'name': 'all', 'HIT@5': '0.0281', 'NDCG@5': '0.0178', 'HIT@10': '0.0440', 'NDCG@10': '0.0229', 'HIT@20': '0.0698', 'NDCG@20': '0.0294'}
Validation score increased.  Saving model ...
rec dataset length: 186
100%|█████████████████████████████████████████████████████████████████████████████████████████████████████████████████████████████████████████| 186/186 [00:48<00:00,  3.82it/s]
{'epoch': 39, 'rec_avg_loss': '0.6406', 'joint_avg_loss': '1.0706', 'cl_avg_loss': '4.3002', 'itemcl_loss': '0.0000', 'cl_pair_0_loss': '4.3002'}
Recommendation EP_test:39: 100%|| 35/35 [00:08<00:00,  4.03it/s]
{'Epoch': 39, 'name': 'high_freq', 'HIT@5': '0.0393', 'NDCG@5': '0.0252', 'HIT@10': '0.0660', 'NDCG@10': '0.0338', 'HIT@20': '0.1005', 'NDCG@20': '0.0425'}
{'Epoch': 39, 'name': 'mid_freq', 'HIT@5': '0.0042', 'NDCG@5': '0.0024', 'HIT@10': '0.0053', 'NDCG@10': '0.0028', 'HIT@20': '0.0076', 'NDCG@20': '0.0034'}
{'Epoch': 39, 'name': 'low_freq', 'HIT@5': '0.0020', 'NDCG@5': '0.0012', 'HIT@10': '0.0032', 'NDCG@10': '0.0016', 'HIT@20': '0.0054', 'NDCG@20': '0.0021'}
{'Epoch': 39, 'name': 'all', 'HIT@5': '0.0278', 'NDCG@5': '0.0178', 'HIT@10': '0.0463', 'NDCG@10': '0.0237', 'HIT@20': '0.0705', 'NDCG@20': '0.0298'}
Validation score increased.  Saving model ...
rec dataset length: 186
100%|█████████████████████████████████████████████████████████████████████████████████████████████████████████████████████████████████████████| 186/186 [00:48<00:00,  3.82it/s]
{'epoch': 40, 'rec_avg_loss': '0.6262', 'joint_avg_loss': '1.0016', 'cl_avg_loss': '3.7540', 'itemcl_loss': '0.0000', 'cl_pair_0_loss': '3.7540'}
Recommendation EP_test:40: 100%|| 35/35 [00:08<00:00,  4.16it/s]
{'Epoch': 40, 'name': 'high_freq', 'HIT@5': '0.0395', 'NDCG@5': '0.0255', 'HIT@10': '0.0648', 'NDCG@10': '0.0336', 'HIT@20': '0.1007', 'NDCG@20': '0.0426'}
{'Epoch': 40, 'name': 'mid_freq', 'HIT@5': '0.0037', 'NDCG@5': '0.0024', 'HIT@10': '0.0062', 'NDCG@10': '0.0032', 'HIT@20': '0.0080', 'NDCG@20': '0.0037'}
{'Epoch': 40, 'name': 'low_freq', 'HIT@5': '0.0027', 'NDCG@5': '0.0017', 'HIT@10': '0.0036', 'NDCG@10': '0.0020', 'HIT@20': '0.0050', 'NDCG@20': '0.0023'}
{'Epoch': 40, 'name': 'all', 'HIT@5': '0.0279', 'NDCG@5': '0.0181', 'HIT@10': '0.0457', 'NDCG@10': '0.0237', 'HIT@20': '0.0707', 'NDCG@20': '0.0300'}
Validation score increased.  Saving model ...
rec dataset length: 186
100%|█████████████████████████████████████████████████████████████████████████████████████████████████████████████████████████████████████████| 186/186 [00:48<00:00,  3.81it/s]
{'epoch': 41, 'rec_avg_loss': '0.6270', 'joint_avg_loss': '1.0496', 'cl_avg_loss': '4.2265', 'itemcl_loss': '0.0000', 'cl_pair_0_loss': '4.2265'}
Recommendation EP_test:41: 100%|| 35/35 [00:08<00:00,  4.22it/s]
{'Epoch': 41, 'name': 'high_freq', 'HIT@5': '0.0388', 'NDCG@5': '0.0249', 'HIT@10': '0.0649', 'NDCG@10': '0.0333', 'HIT@20': '0.0998', 'NDCG@20': '0.0421'}
{'Epoch': 41, 'name': 'mid_freq', 'HIT@5': '0.0039', 'NDCG@5': '0.0026', 'HIT@10': '0.0053', 'NDCG@10': '0.0030', 'HIT@20': '0.0082', 'NDCG@20': '0.0037'}
{'Epoch': 41, 'name': 'low_freq', 'HIT@5': '0.0029', 'NDCG@5': '0.0018', 'HIT@10': '0.0036', 'NDCG@10': '0.0020', 'HIT@20': '0.0048', 'NDCG@20': '0.0023'}
{'Epoch': 41, 'name': 'all', 'HIT@5': '0.0275', 'NDCG@5': '0.0177', 'HIT@10': '0.0456', 'NDCG@10': '0.0235', 'HIT@20': '0.0701', 'NDCG@20': '0.0296'}
EarlyStopping counter: 1 out of 40
rec dataset length: 186
100%|█████████████████████████████████████████████████████████████████████████████████████████████████████████████████████████████████████████| 186/186 [00:48<00:00,  3.81it/s]
{'epoch': 42, 'rec_avg_loss': '0.6212', 'joint_avg_loss': '1.0468', 'cl_avg_loss': '4.2562', 'itemcl_loss': '0.0000', 'cl_pair_0_loss': '4.2562'}
Recommendation EP_test:42: 100%|| 35/35 [00:08<00:00,  4.14it/s]
{'Epoch': 42, 'name': 'high_freq', 'HIT@5': '0.0399', 'NDCG@5': '0.0254', 'HIT@10': '0.0644', 'NDCG@10': '0.0332', 'HIT@20': '0.1005', 'NDCG@20': '0.0423'}
{'Epoch': 42, 'name': 'mid_freq', 'HIT@5': '0.0042', 'NDCG@5': '0.0029', 'HIT@10': '0.0052', 'NDCG@10': '0.0032', 'HIT@20': '0.0083', 'NDCG@20': '0.0040'}
{'Epoch': 42, 'name': 'low_freq', 'HIT@5': '0.0027', 'NDCG@5': '0.0018', 'HIT@10': '0.0043', 'NDCG@10': '0.0024', 'HIT@20': '0.0059', 'NDCG@20': '0.0027'}
{'Epoch': 42, 'name': 'all', 'HIT@5': '0.0283', 'NDCG@5': '0.0181', 'HIT@10': '0.0454', 'NDCG@10': '0.0235', 'HIT@20': '0.0707', 'NDCG@20': '0.0299'}
EarlyStopping counter: 2 out of 40
rec dataset length: 186
100%|█████████████████████████████████████████████████████████████████████████████████████████████████████████████████████████████████████████| 186/186 [00:49<00:00,  3.78it/s]
{'epoch': 43, 'rec_avg_loss': '0.6204', 'joint_avg_loss': '1.0710', 'cl_avg_loss': '4.5061', 'itemcl_loss': '0.0000', 'cl_pair_0_loss': '4.5061'}
Recommendation EP_test:43: 100%|| 35/35 [00:08<00:00,  3.99it/s]
{'Epoch': 43, 'name': 'high_freq', 'HIT@5': '0.0396', 'NDCG@5': '0.0256', 'HIT@10': '0.0656', 'NDCG@10': '0.0339', 'HIT@20': '0.1026', 'NDCG@20': '0.0432'}
{'Epoch': 43, 'name': 'mid_freq', 'HIT@5': '0.0039', 'NDCG@5': '0.0027', 'HIT@10': '0.0056', 'NDCG@10': '0.0033', 'HIT@20': '0.0075', 'NDCG@20': '0.0037'}
{'Epoch': 43, 'name': 'low_freq', 'HIT@5': '0.0023', 'NDCG@5': '0.0016', 'HIT@10': '0.0034', 'NDCG@10': '0.0020', 'HIT@20': '0.0050', 'NDCG@20': '0.0024'}
{'Epoch': 43, 'name': 'all', 'HIT@5': '0.0280', 'NDCG@5': '0.0181', 'HIT@10': '0.0462', 'NDCG@10': '0.0239', 'HIT@20': '0.0719', 'NDCG@20': '0.0304'}
Validation score increased.  Saving model ...
rec dataset length: 186
100%|█████████████████████████████████████████████████████████████████████████████████████████████████████████████████████████████████████████| 186/186 [00:48<00:00,  3.82it/s]
{'epoch': 44, 'rec_avg_loss': '0.6091', 'joint_avg_loss': '1.0028', 'cl_avg_loss': '3.9374', 'itemcl_loss': '0.0000', 'cl_pair_0_loss': '3.9374'}
Recommendation EP_test:44: 100%|| 35/35 [00:08<00:00,  4.18it/s]
{'Epoch': 44, 'name': 'high_freq', 'HIT@5': '0.0416', 'NDCG@5': '0.0265', 'HIT@10': '0.0671', 'NDCG@10': '0.0346', 'HIT@20': '0.1041', 'NDCG@20': '0.0440'}
{'Epoch': 44, 'name': 'mid_freq', 'HIT@5': '0.0039', 'NDCG@5': '0.0027', 'HIT@10': '0.0063', 'NDCG@10': '0.0035', 'HIT@20': '0.0083', 'NDCG@20': '0.0040'}
{'Epoch': 44, 'name': 'low_freq', 'HIT@5': '0.0027', 'NDCG@5': '0.0017', 'HIT@10': '0.0041', 'NDCG@10': '0.0021', 'HIT@20': '0.0054', 'NDCG@20': '0.0025'}
{'Epoch': 44, 'name': 'all', 'HIT@5': '0.0294', 'NDCG@5': '0.0188', 'HIT@10': '0.0474', 'NDCG@10': '0.0245', 'HIT@20': '0.0732', 'NDCG@20': '0.0310'}
Validation score increased.  Saving model ...
rec dataset length: 186
100%|█████████████████████████████████████████████████████████████████████████████████████████████████████████████████████████████████████████| 186/186 [00:48<00:00,  3.81it/s]
{'epoch': 45, 'rec_avg_loss': '0.6095', 'joint_avg_loss': '1.0493', 'cl_avg_loss': '4.3987', 'itemcl_loss': '0.0000', 'cl_pair_0_loss': '4.3987'}
Recommendation EP_test:45: 100%|| 35/35 [00:08<00:00,  4.26it/s]
{'Epoch': 45, 'name': 'high_freq', 'HIT@5': '0.0411', 'NDCG@5': '0.0266', 'HIT@10': '0.0664', 'NDCG@10': '0.0347', 'HIT@20': '0.1022', 'NDCG@20': '0.0437'}
{'Epoch': 45, 'name': 'mid_freq', 'HIT@5': '0.0036', 'NDCG@5': '0.0023', 'HIT@10': '0.0056', 'NDCG@10': '0.0030', 'HIT@20': '0.0078', 'NDCG@20': '0.0035'}
{'Epoch': 45, 'name': 'low_freq', 'HIT@5': '0.0027', 'NDCG@5': '0.0018', 'HIT@10': '0.0041', 'NDCG@10': '0.0022', 'HIT@20': '0.0048', 'NDCG@20': '0.0024'}
{'Epoch': 45, 'name': 'all', 'HIT@5': '0.0290', 'NDCG@5': '0.0188', 'HIT@10': '0.0467', 'NDCG@10': '0.0245', 'HIT@20': '0.0716', 'NDCG@20': '0.0307'}
EarlyStopping counter: 1 out of 40
rec dataset length: 186
100%|█████████████████████████████████████████████████████████████████████████████████████████████████████████████████████████████████████████| 186/186 [00:48<00:00,  3.83it/s]
{'epoch': 46, 'rec_avg_loss': '0.5962', 'joint_avg_loss': '0.9672', 'cl_avg_loss': '3.7096', 'itemcl_loss': '0.0000', 'cl_pair_0_loss': '3.7096'}
Recommendation EP_test:46: 100%|| 35/35 [00:08<00:00,  4.10it/s]
{'Epoch': 46, 'name': 'high_freq', 'HIT@5': '0.0421', 'NDCG@5': '0.0270', 'HIT@10': '0.0667', 'NDCG@10': '0.0349', 'HIT@20': '0.1011', 'NDCG@20': '0.0435'}
{'Epoch': 46, 'name': 'mid_freq', 'HIT@5': '0.0040', 'NDCG@5': '0.0025', 'HIT@10': '0.0056', 'NDCG@10': '0.0030', 'HIT@20': '0.0080', 'NDCG@20': '0.0036'}
{'Epoch': 46, 'name': 'low_freq', 'HIT@5': '0.0034', 'NDCG@5': '0.0021', 'HIT@10': '0.0038', 'NDCG@10': '0.0022', 'HIT@20': '0.0057', 'NDCG@20': '0.0027'}
{'Epoch': 46, 'name': 'all', 'HIT@5': '0.0299', 'NDCG@5': '0.0191', 'HIT@10': '0.0469', 'NDCG@10': '0.0246', 'HIT@20': '0.0711', 'NDCG@20': '0.0307'}
EarlyStopping counter: 2 out of 40
rec dataset length: 186
100%|█████████████████████████████████████████████████████████████████████████████████████████████████████████████████████████████████████████| 186/186 [00:48<00:00,  3.82it/s]
{'epoch': 47, 'rec_avg_loss': '0.5932', 'joint_avg_loss': '0.9969', 'cl_avg_loss': '4.0371', 'itemcl_loss': '0.0000', 'cl_pair_0_loss': '4.0371'}
Recommendation EP_test:47: 100%|| 35/35 [00:08<00:00,  4.14it/s]
{'Epoch': 47, 'name': 'high_freq', 'HIT@5': '0.0416', 'NDCG@5': '0.0270', 'HIT@10': '0.0662', 'NDCG@10': '0.0349', 'HIT@20': '0.1015', 'NDCG@20': '0.0437'}
{'Epoch': 47, 'name': 'mid_freq', 'HIT@5': '0.0045', 'NDCG@5': '0.0031', 'HIT@10': '0.0060', 'NDCG@10': '0.0036', 'HIT@20': '0.0086', 'NDCG@20': '0.0043'}
{'Epoch': 47, 'name': 'low_freq', 'HIT@5': '0.0034', 'NDCG@5': '0.0023', 'HIT@10': '0.0045', 'NDCG@10': '0.0027', 'HIT@20': '0.0061', 'NDCG@20': '0.0031'}
{'Epoch': 47, 'name': 'all', 'HIT@5': '0.0296', 'NDCG@5': '0.0192', 'HIT@10': '0.0468', 'NDCG@10': '0.0247', 'HIT@20': '0.0715', 'NDCG@20': '0.0310'}
EarlyStopping counter: 3 out of 40
rec dataset length: 186
100%|█████████████████████████████████████████████████████████████████████████████████████████████████████████████████████████████████████████| 186/186 [00:48<00:00,  3.82it/s]
{'epoch': 48, 'rec_avg_loss': '0.5882', 'joint_avg_loss': '0.9908', 'cl_avg_loss': '4.0262', 'itemcl_loss': '0.0000', 'cl_pair_0_loss': '4.0262'}
Recommendation EP_test:48: 100%|| 35/35 [00:08<00:00,  4.06it/s]
{'Epoch': 48, 'name': 'high_freq', 'HIT@5': '0.0441', 'NDCG@5': '0.0285', 'HIT@10': '0.0682', 'NDCG@10': '0.0363', 'HIT@20': '0.1025', 'NDCG@20': '0.0448'}
{'Epoch': 48, 'name': 'mid_freq', 'HIT@5': '0.0049', 'NDCG@5': '0.0031', 'HIT@10': '0.0059', 'NDCG@10': '0.0034', 'HIT@20': '0.0082', 'NDCG@20': '0.0040'}
{'Epoch': 48, 'name': 'low_freq', 'HIT@5': '0.0032', 'NDCG@5': '0.0023', 'HIT@10': '0.0045', 'NDCG@10': '0.0028', 'HIT@20': '0.0063', 'NDCG@20': '0.0032'}
{'Epoch': 48, 'name': 'all', 'HIT@5': '0.0314', 'NDCG@5': '0.0203', 'HIT@10': '0.0481', 'NDCG@10': '0.0257', 'HIT@20': '0.0721', 'NDCG@20': '0.0317'}
Validation score increased.  Saving model ...
rec dataset length: 186
100%|█████████████████████████████████████████████████████████████████████████████████████████████████████████████████████████████████████████| 186/186 [00:48<00:00,  3.83it/s]
{'epoch': 49, 'rec_avg_loss': '0.5821', 'joint_avg_loss': '0.9735', 'cl_avg_loss': '3.9149', 'itemcl_loss': '0.0000', 'cl_pair_0_loss': '3.9149'}
Recommendation EP_test:49: 100%|| 35/35 [00:08<00:00,  4.18it/s]
{'Epoch': 49, 'name': 'high_freq', 'HIT@5': '0.0431', 'NDCG@5': '0.0278', 'HIT@10': '0.0681', 'NDCG@10': '0.0359', 'HIT@20': '0.1015', 'NDCG@20': '0.0442'}
{'Epoch': 49, 'name': 'mid_freq', 'HIT@5': '0.0049', 'NDCG@5': '0.0033', 'HIT@10': '0.0063', 'NDCG@10': '0.0037', 'HIT@20': '0.0095', 'NDCG@20': '0.0045'}
{'Epoch': 49, 'name': 'low_freq', 'HIT@5': '0.0032', 'NDCG@5': '0.0022', 'HIT@10': '0.0038', 'NDCG@10': '0.0024', 'HIT@20': '0.0054', 'NDCG@20': '0.0028'}
{'Epoch': 49, 'name': 'all', 'HIT@5': '0.0307', 'NDCG@5': '0.0198', 'HIT@10': '0.0481', 'NDCG@10': '0.0254', 'HIT@20': '0.0716', 'NDCG@20': '0.0313'}
EarlyStopping counter: 1 out of 40
rec dataset length: 186
100%|█████████████████████████████████████████████████████████████████████████████████████████████████████████████████████████████████████████| 186/186 [00:48<00:00,  3.83it/s]
{'epoch': 50, 'rec_avg_loss': '0.5856', 'joint_avg_loss': '1.0150', 'cl_avg_loss': '4.2935', 'itemcl_loss': '0.0000', 'cl_pair_0_loss': '4.2935'}
Recommendation EP_test:50: 100%|| 35/35 [00:08<00:00,  4.15it/s]
{'Epoch': 50, 'name': 'high_freq', 'HIT@5': '0.0426', 'NDCG@5': '0.0276', 'HIT@10': '0.0674', 'NDCG@10': '0.0357', 'HIT@20': '0.1036', 'NDCG@20': '0.0448'}
{'Epoch': 50, 'name': 'mid_freq', 'HIT@5': '0.0047', 'NDCG@5': '0.0032', 'HIT@10': '0.0065', 'NDCG@10': '0.0037', 'HIT@20': '0.0096', 'NDCG@20': '0.0045'}
{'Epoch': 50, 'name': 'low_freq', 'HIT@5': '0.0036', 'NDCG@5': '0.0024', 'HIT@10': '0.0048', 'NDCG@10': '0.0028', 'HIT@20': '0.0061', 'NDCG@20': '0.0031'}
{'Epoch': 50, 'name': 'all', 'HIT@5': '0.0303', 'NDCG@5': '0.0197', 'HIT@10': '0.0477', 'NDCG@10': '0.0253', 'HIT@20': '0.0732', 'NDCG@20': '0.0317'}
Validation score increased.  Saving model ...
rec dataset length: 186
100%|█████████████████████████████████████████████████████████████████████████████████████████████████████████████████████████████████████████| 186/186 [00:48<00:00,  3.83it/s]
{'epoch': 51, 'rec_avg_loss': '0.5770', 'joint_avg_loss': '0.9937', 'cl_avg_loss': '4.1679', 'itemcl_loss': '0.0000', 'cl_pair_0_loss': '4.1679'}
Recommendation EP_test:51: 100%|| 35/35 [00:08<00:00,  4.23it/s]
{'Epoch': 51, 'name': 'high_freq', 'HIT@5': '0.0439', 'NDCG@5': '0.0288', 'HIT@10': '0.0698', 'NDCG@10': '0.0371', 'HIT@20': '0.1032', 'NDCG@20': '0.0455'}
{'Epoch': 51, 'name': 'mid_freq', 'HIT@5': '0.0040', 'NDCG@5': '0.0026', 'HIT@10': '0.0076', 'NDCG@10': '0.0038', 'HIT@20': '0.0103', 'NDCG@20': '0.0045'}
{'Epoch': 51, 'name': 'low_freq', 'HIT@5': '0.0029', 'NDCG@5': '0.0021', 'HIT@10': '0.0048', 'NDCG@10': '0.0027', 'HIT@20': '0.0061', 'NDCG@20': '0.0030'}
{'Epoch': 51, 'name': 'all', 'HIT@5': '0.0310', 'NDCG@5': '0.0204', 'HIT@10': '0.0496', 'NDCG@10': '0.0263', 'HIT@20': '0.0730', 'NDCG@20': '0.0322'}
Validation score increased.  Saving model ...
rec dataset length: 186
100%|█████████████████████████████████████████████████████████████████████████████████████████████████████████████████████████████████████████| 186/186 [00:48<00:00,  3.81it/s]
{'epoch': 52, 'rec_avg_loss': '0.5699', 'joint_avg_loss': '0.9374', 'cl_avg_loss': '3.6749', 'itemcl_loss': '0.0000', 'cl_pair_0_loss': '3.6749'}
Recommendation EP_test:52: 100%|| 35/35 [00:08<00:00,  4.12it/s]
{'Epoch': 52, 'name': 'high_freq', 'HIT@5': '0.0426', 'NDCG@5': '0.0277', 'HIT@10': '0.0666', 'NDCG@10': '0.0354', 'HIT@20': '0.1039', 'NDCG@20': '0.0447'}
{'Epoch': 52, 'name': 'mid_freq', 'HIT@5': '0.0055', 'NDCG@5': '0.0035', 'HIT@10': '0.0078', 'NDCG@10': '0.0043', 'HIT@20': '0.0113', 'NDCG@20': '0.0052'}
{'Epoch': 52, 'name': 'low_freq', 'HIT@5': '0.0032', 'NDCG@5': '0.0023', 'HIT@10': '0.0048', 'NDCG@10': '0.0028', 'HIT@20': '0.0059', 'NDCG@20': '0.0030'}
{'Epoch': 52, 'name': 'all', 'HIT@5': '0.0305', 'NDCG@5': '0.0198', 'HIT@10': '0.0474', 'NDCG@10': '0.0252', 'HIT@20': '0.0737', 'NDCG@20': '0.0318'}
EarlyStopping counter: 1 out of 40
rec dataset length: 186
100%|█████████████████████████████████████████████████████████████████████████████████████████████████████████████████████████████████████████| 186/186 [00:48<00:00,  3.80it/s]
{'epoch': 53, 'rec_avg_loss': '0.5711', 'joint_avg_loss': '0.9967', 'cl_avg_loss': '4.2560', 'itemcl_loss': '0.0000', 'cl_pair_0_loss': '4.2560'}
Recommendation EP_test:53: 100%|| 35/35 [00:08<00:00,  4.06it/s]
{'Epoch': 53, 'name': 'high_freq', 'HIT@5': '0.0417', 'NDCG@5': '0.0274', 'HIT@10': '0.0661', 'NDCG@10': '0.0353', 'HIT@20': '0.1026', 'NDCG@20': '0.0444'}
{'Epoch': 53, 'name': 'mid_freq', 'HIT@5': '0.0045', 'NDCG@5': '0.0026', 'HIT@10': '0.0066', 'NDCG@10': '0.0033', 'HIT@20': '0.0101', 'NDCG@20': '0.0041'}
{'Epoch': 53, 'name': 'low_freq', 'HIT@5': '0.0038', 'NDCG@5': '0.0026', 'HIT@10': '0.0045', 'NDCG@10': '0.0028', 'HIT@20': '0.0059', 'NDCG@20': '0.0032'}
{'Epoch': 53, 'name': 'all', 'HIT@5': '0.0297', 'NDCG@5': '0.0195', 'HIT@10': '0.0468', 'NDCG@10': '0.0250', 'HIT@20': '0.0725', 'NDCG@20': '0.0314'}
EarlyStopping counter: 2 out of 40
rec dataset length: 186
100%|█████████████████████████████████████████████████████████████████████████████████████████████████████████████████████████████████████████| 186/186 [00:48<00:00,  3.80it/s]
{'epoch': 54, 'rec_avg_loss': '0.5681', 'joint_avg_loss': '0.9916', 'cl_avg_loss': '4.2355', 'itemcl_loss': '0.0000', 'cl_pair_0_loss': '4.2355'}
Recommendation EP_test:54: 100%|| 35/35 [00:08<00:00,  4.27it/s]
{'Epoch': 54, 'name': 'high_freq', 'HIT@5': '0.0416', 'NDCG@5': '0.0271', 'HIT@10': '0.0662', 'NDCG@10': '0.0351', 'HIT@20': '0.1024', 'NDCG@20': '0.0442'}
{'Epoch': 54, 'name': 'mid_freq', 'HIT@5': '0.0046', 'NDCG@5': '0.0029', 'HIT@10': '0.0066', 'NDCG@10': '0.0036', 'HIT@20': '0.0098', 'NDCG@20': '0.0044'}
{'Epoch': 54, 'name': 'low_freq', 'HIT@5': '0.0032', 'NDCG@5': '0.0025', 'HIT@10': '0.0043', 'NDCG@10': '0.0029', 'HIT@20': '0.0059', 'NDCG@20': '0.0033'}
{'Epoch': 54, 'name': 'all', 'HIT@5': '0.0296', 'NDCG@5': '0.0193', 'HIT@10': '0.0469', 'NDCG@10': '0.0249', 'HIT@20': '0.0723', 'NDCG@20': '0.0313'}
EarlyStopping counter: 3 out of 40
rec dataset length: 186
100%|█████████████████████████████████████████████████████████████████████████████████████████████████████████████████████████████████████████| 186/186 [00:48<00:00,  3.83it/s]
{'epoch': 55, 'rec_avg_loss': '0.5625', 'joint_avg_loss': '0.9754', 'cl_avg_loss': '4.1290', 'itemcl_loss': '0.0000', 'cl_pair_0_loss': '4.1290'}
Recommendation EP_test:55: 100%|| 35/35 [00:08<00:00,  4.20it/s]
{'Epoch': 55, 'name': 'high_freq', 'HIT@5': '0.0430', 'NDCG@5': '0.0278', 'HIT@10': '0.0675', 'NDCG@10': '0.0356', 'HIT@20': '0.1032', 'NDCG@20': '0.0445'}
{'Epoch': 55, 'name': 'mid_freq', 'HIT@5': '0.0042', 'NDCG@5': '0.0028', 'HIT@10': '0.0068', 'NDCG@10': '0.0037', 'HIT@20': '0.0099', 'NDCG@20': '0.0045'}
{'Epoch': 55, 'name': 'low_freq', 'HIT@5': '0.0032', 'NDCG@5': '0.0025', 'HIT@10': '0.0050', 'NDCG@10': '0.0030', 'HIT@20': '0.0061', 'NDCG@20': '0.0033'}
{'Epoch': 55, 'name': 'all', 'HIT@5': '0.0305', 'NDCG@5': '0.0198', 'HIT@10': '0.0478', 'NDCG@10': '0.0253', 'HIT@20': '0.0729', 'NDCG@20': '0.0316'}
EarlyStopping counter: 4 out of 40
rec dataset length: 186
100%|█████████████████████████████████████████████████████████████████████████████████████████████████████████████████████████████████████████| 186/186 [00:48<00:00,  3.81it/s]
{'epoch': 56, 'rec_avg_loss': '0.5607', 'joint_avg_loss': '0.9890', 'cl_avg_loss': '4.2825', 'itemcl_loss': '0.0000', 'cl_pair_0_loss': '4.2825'}
Recommendation EP_test:56: 100%|| 35/35 [00:08<00:00,  4.16it/s]
{'Epoch': 56, 'name': 'high_freq', 'HIT@5': '0.0434', 'NDCG@5': '0.0282', 'HIT@10': '0.0680', 'NDCG@10': '0.0361', 'HIT@20': '0.1036', 'NDCG@20': '0.0450'}
{'Epoch': 56, 'name': 'mid_freq', 'HIT@5': '0.0040', 'NDCG@5': '0.0025', 'HIT@10': '0.0062', 'NDCG@10': '0.0032', 'HIT@20': '0.0099', 'NDCG@20': '0.0042'}
{'Epoch': 56, 'name': 'low_freq', 'HIT@5': '0.0029', 'NDCG@5': '0.0024', 'HIT@10': '0.0045', 'NDCG@10': '0.0029', 'HIT@20': '0.0059', 'NDCG@20': '0.0033'}
{'Epoch': 56, 'name': 'all', 'HIT@5': '0.0307', 'NDCG@5': '0.0199', 'HIT@10': '0.0480', 'NDCG@10': '0.0255', 'HIT@20': '0.0731', 'NDCG@20': '0.0318'}
EarlyStopping counter: 5 out of 40
rec dataset length: 186
100%|█████████████████████████████████████████████████████████████████████████████████████████████████████████████████████████████████████████| 186/186 [00:48<00:00,  3.82it/s]
{'epoch': 57, 'rec_avg_loss': '0.5534', 'joint_avg_loss': '0.9489', 'cl_avg_loss': '3.9557', 'itemcl_loss': '0.0000', 'cl_pair_0_loss': '3.9557'}
Recommendation EP_test:57: 100%|| 35/35 [00:08<00:00,  4.12it/s]
{'Epoch': 57, 'name': 'high_freq', 'HIT@5': '0.0432', 'NDCG@5': '0.0278', 'HIT@10': '0.0683', 'NDCG@10': '0.0359', 'HIT@20': '0.1057', 'NDCG@20': '0.0452'}
{'Epoch': 57, 'name': 'mid_freq', 'HIT@5': '0.0043', 'NDCG@5': '0.0028', 'HIT@10': '0.0068', 'NDCG@10': '0.0036', 'HIT@20': '0.0103', 'NDCG@20': '0.0046'}
{'Epoch': 57, 'name': 'low_freq', 'HIT@5': '0.0029', 'NDCG@5': '0.0020', 'HIT@10': '0.0038', 'NDCG@10': '0.0023', 'HIT@20': '0.0057', 'NDCG@20': '0.0028'}
{'Epoch': 57, 'name': 'all', 'HIT@5': '0.0306', 'NDCG@5': '0.0197', 'HIT@10': '0.0482', 'NDCG@10': '0.0254', 'HIT@20': '0.0746', 'NDCG@20': '0.0320'}
EarlyStopping counter: 6 out of 40
rec dataset length: 186
100%|█████████████████████████████████████████████████████████████████████████████████████████████████████████████████████████████████████████| 186/186 [00:48<00:00,  3.82it/s]
{'epoch': 58, 'rec_avg_loss': '0.5558', 'joint_avg_loss': '0.9927', 'cl_avg_loss': '4.3694', 'itemcl_loss': '0.0000', 'cl_pair_0_loss': '4.3694'}
Recommendation EP_test:58: 100%|| 35/35 [00:08<00:00,  4.14it/s]
{'Epoch': 58, 'name': 'high_freq', 'HIT@5': '0.0446', 'NDCG@5': '0.0287', 'HIT@10': '0.0681', 'NDCG@10': '0.0362', 'HIT@20': '0.1050', 'NDCG@20': '0.0455'}
{'Epoch': 58, 'name': 'mid_freq', 'HIT@5': '0.0053', 'NDCG@5': '0.0032', 'HIT@10': '0.0069', 'NDCG@10': '0.0037', 'HIT@20': '0.0108', 'NDCG@20': '0.0047'}
{'Epoch': 58, 'name': 'low_freq', 'HIT@5': '0.0025', 'NDCG@5': '0.0018', 'HIT@10': '0.0045', 'NDCG@10': '0.0025', 'HIT@20': '0.0057', 'NDCG@20': '0.0028'}
{'Epoch': 58, 'name': 'all', 'HIT@5': '0.0317', 'NDCG@5': '0.0204', 'HIT@10': '0.0482', 'NDCG@10': '0.0257', 'HIT@20': '0.0742', 'NDCG@20': '0.0322'}
EarlyStopping counter: 7 out of 40
rec dataset length: 186
100%|█████████████████████████████████████████████████████████████████████████████████████████████████████████████████████████████████████████| 186/186 [00:48<00:00,  3.86it/s]
{'epoch': 59, 'rec_avg_loss': '0.5520', 'joint_avg_loss': '0.9754', 'cl_avg_loss': '4.2343', 'itemcl_loss': '0.0000', 'cl_pair_0_loss': '4.2343'}
Recommendation EP_test:59: 100%|| 35/35 [00:08<00:00,  4.05it/s]
{'Epoch': 59, 'name': 'high_freq', 'HIT@5': '0.0417', 'NDCG@5': '0.0272', 'HIT@10': '0.0670', 'NDCG@10': '0.0354', 'HIT@20': '0.1047', 'NDCG@20': '0.0448'}
{'Epoch': 59, 'name': 'mid_freq', 'HIT@5': '0.0050', 'NDCG@5': '0.0031', 'HIT@10': '0.0068', 'NDCG@10': '0.0036', 'HIT@20': '0.0101', 'NDCG@20': '0.0045'}
{'Epoch': 59, 'name': 'low_freq', 'HIT@5': '0.0027', 'NDCG@5': '0.0019', 'HIT@10': '0.0034', 'NDCG@10': '0.0021', 'HIT@20': '0.0057', 'NDCG@20': '0.0027'}
{'Epoch': 59, 'name': 'all', 'HIT@5': '0.0297', 'NDCG@5': '0.0194', 'HIT@10': '0.0473', 'NDCG@10': '0.0250', 'HIT@20': '0.0739', 'NDCG@20': '0.0317'}
EarlyStopping counter: 8 out of 40
rec dataset length: 186
100%|█████████████████████████████████████████████████████████████████████████████████████████████████████████████████████████████████████████| 186/186 [00:47<00:00,  3.91it/s]
{'epoch': 60, 'rec_avg_loss': '0.5480', 'joint_avg_loss': '0.9694', 'cl_avg_loss': '4.2134', 'itemcl_loss': '0.0000', 'cl_pair_0_loss': '4.2134'}
Recommendation EP_test:60: 100%|| 35/35 [00:08<00:00,  4.20it/s]
{'Epoch': 60, 'name': 'high_freq', 'HIT@5': '0.0426', 'NDCG@5': '0.0275', 'HIT@10': '0.0685', 'NDCG@10': '0.0358', 'HIT@20': '0.1054', 'NDCG@20': '0.0451'}
{'Epoch': 60, 'name': 'mid_freq', 'HIT@5': '0.0049', 'NDCG@5': '0.0031', 'HIT@10': '0.0072', 'NDCG@10': '0.0039', 'HIT@20': '0.0099', 'NDCG@20': '0.0045'}
{'Epoch': 60, 'name': 'low_freq', 'HIT@5': '0.0027', 'NDCG@5': '0.0020', 'HIT@10': '0.0048', 'NDCG@10': '0.0026', 'HIT@20': '0.0063', 'NDCG@20': '0.0030'}
{'Epoch': 60, 'name': 'all', 'HIT@5': '0.0303', 'NDCG@5': '0.0196', 'HIT@10': '0.0486', 'NDCG@10': '0.0255', 'HIT@20': '0.0744', 'NDCG@20': '0.0319'}
EarlyStopping counter: 9 out of 40
rec dataset length: 186
100%|█████████████████████████████████████████████████████████████████████████████████████████████████████████████████████████████████████████| 186/186 [00:47<00:00,  3.91it/s]
{'epoch': 61, 'rec_avg_loss': '0.5437', 'joint_avg_loss': '0.9528', 'cl_avg_loss': '4.0909', 'itemcl_loss': '0.0000', 'cl_pair_0_loss': '4.0909'}
Recommendation EP_test:61: 100%|| 35/35 [00:08<00:00,  4.14it/s]
{'Epoch': 61, 'name': 'high_freq', 'HIT@5': '0.0426', 'NDCG@5': '0.0280', 'HIT@10': '0.0676', 'NDCG@10': '0.0361', 'HIT@20': '0.1045', 'NDCG@20': '0.0454'}
{'Epoch': 61, 'name': 'mid_freq', 'HIT@5': '0.0046', 'NDCG@5': '0.0033', 'HIT@10': '0.0076', 'NDCG@10': '0.0042', 'HIT@20': '0.0105', 'NDCG@20': '0.0050'}
{'Epoch': 61, 'name': 'low_freq', 'HIT@5': '0.0036', 'NDCG@5': '0.0022', 'HIT@10': '0.0045', 'NDCG@10': '0.0025', 'HIT@20': '0.0066', 'NDCG@20': '0.0031'}
{'Epoch': 61, 'name': 'all', 'HIT@5': '0.0303', 'NDCG@5': '0.0200', 'HIT@10': '0.0480', 'NDCG@10': '0.0257', 'HIT@20': '0.0739', 'NDCG@20': '0.0322'}
EarlyStopping counter: 10 out of 40
rec dataset length: 186
100%|█████████████████████████████████████████████████████████████████████████████████████████████████████████████████████████████████████████| 186/186 [00:47<00:00,  3.90it/s]
{'epoch': 62, 'rec_avg_loss': '0.5363', 'joint_avg_loss': '0.9257', 'cl_avg_loss': '3.8938', 'itemcl_loss': '0.0000', 'cl_pair_0_loss': '3.8938'}
Recommendation EP_test:62: 100%|| 35/35 [00:08<00:00,  4.16it/s]
{'Epoch': 62, 'name': 'high_freq', 'HIT@5': '0.0427', 'NDCG@5': '0.0280', 'HIT@10': '0.0675', 'NDCG@10': '0.0360', 'HIT@20': '0.1047', 'NDCG@20': '0.0454'}
{'Epoch': 62, 'name': 'mid_freq', 'HIT@5': '0.0050', 'NDCG@5': '0.0034', 'HIT@10': '0.0078', 'NDCG@10': '0.0043', 'HIT@20': '0.0112', 'NDCG@20': '0.0051'}
{'Epoch': 62, 'name': 'low_freq', 'HIT@5': '0.0036', 'NDCG@5': '0.0029', 'HIT@10': '0.0050', 'NDCG@10': '0.0034', 'HIT@20': '0.0063', 'NDCG@20': '0.0037'}
{'Epoch': 62, 'name': 'all', 'HIT@5': '0.0305', 'NDCG@5': '0.0201', 'HIT@10': '0.0481', 'NDCG@10': '0.0257', 'HIT@20': '0.0742', 'NDCG@20': '0.0323'}
Validation score increased.  Saving model ...
rec dataset length: 186
100%|█████████████████████████████████████████████████████████████████████████████████████████████████████████████████████████████████████████| 186/186 [00:47<00:00,  3.90it/s]
{'epoch': 63, 'rec_avg_loss': '0.5328', 'joint_avg_loss': '0.9136', 'cl_avg_loss': '3.8089', 'itemcl_loss': '0.0000', 'cl_pair_0_loss': '3.8089'}
Recommendation EP_test:63: 100%|| 35/35 [00:08<00:00,  4.13it/s]
{'Epoch': 63, 'name': 'high_freq', 'HIT@5': '0.0431', 'NDCG@5': '0.0279', 'HIT@10': '0.0670', 'NDCG@10': '0.0356', 'HIT@20': '0.1045', 'NDCG@20': '0.0450'}
{'Epoch': 63, 'name': 'mid_freq', 'HIT@5': '0.0046', 'NDCG@5': '0.0032', 'HIT@10': '0.0075', 'NDCG@10': '0.0041', 'HIT@20': '0.0109', 'NDCG@20': '0.0049'}
{'Epoch': 63, 'name': 'low_freq', 'HIT@5': '0.0036', 'NDCG@5': '0.0026', 'HIT@10': '0.0048', 'NDCG@10': '0.0030', 'HIT@20': '0.0059', 'NDCG@20': '0.0033'}
{'Epoch': 63, 'name': 'all', 'HIT@5': '0.0306', 'NDCG@5': '0.0199', 'HIT@10': '0.0476', 'NDCG@10': '0.0254', 'HIT@20': '0.0740', 'NDCG@20': '0.0320'}
EarlyStopping counter: 1 out of 40
rec dataset length: 186
100%|█████████████████████████████████████████████████████████████████████████████████████████████████████████████████████████████████████████| 186/186 [00:47<00:00,  3.91it/s]
{'epoch': 64, 'rec_avg_loss': '0.5294', 'joint_avg_loss': '0.9107', 'cl_avg_loss': '3.8124', 'itemcl_loss': '0.0000', 'cl_pair_0_loss': '3.8124'}
Recommendation EP_test:64: 100%|| 35/35 [00:08<00:00,  4.24it/s]
{'Epoch': 64, 'name': 'high_freq', 'HIT@5': '0.0435', 'NDCG@5': '0.0283', 'HIT@10': '0.0678', 'NDCG@10': '0.0361', 'HIT@20': '0.1044', 'NDCG@20': '0.0453'}
{'Epoch': 64, 'name': 'mid_freq', 'HIT@5': '0.0046', 'NDCG@5': '0.0032', 'HIT@10': '0.0075', 'NDCG@10': '0.0042', 'HIT@20': '0.0109', 'NDCG@20': '0.0050'}
{'Epoch': 64, 'name': 'low_freq', 'HIT@5': '0.0036', 'NDCG@5': '0.0025', 'HIT@10': '0.0045', 'NDCG@10': '0.0028', 'HIT@20': '0.0063', 'NDCG@20': '0.0032'}
{'Epoch': 64, 'name': 'all', 'HIT@5': '0.0309', 'NDCG@5': '0.0202', 'HIT@10': '0.0482', 'NDCG@10': '0.0257', 'HIT@20': '0.0740', 'NDCG@20': '0.0322'}
EarlyStopping counter: 2 out of 40
rec dataset length: 186
100%|█████████████████████████████████████████████████████████████████████████████████████████████████████████████████████████████████████████| 186/186 [00:47<00:00,  3.92it/s]
{'epoch': 65, 'rec_avg_loss': '0.5247', 'joint_avg_loss': '0.8917', 'cl_avg_loss': '3.6694', 'itemcl_loss': '0.0000', 'cl_pair_0_loss': '3.6694'}
Recommendation EP_test:65: 100%|| 35/35 [00:08<00:00,  4.16it/s]
{'Epoch': 65, 'name': 'high_freq', 'HIT@5': '0.0425', 'NDCG@5': '0.0280', 'HIT@10': '0.0675', 'NDCG@10': '0.0360', 'HIT@20': '0.1054', 'NDCG@20': '0.0455'}
{'Epoch': 65, 'name': 'mid_freq', 'HIT@5': '0.0055', 'NDCG@5': '0.0035', 'HIT@10': '0.0085', 'NDCG@10': '0.0045', 'HIT@20': '0.0118', 'NDCG@20': '0.0053'}
{'Epoch': 65, 'name': 'low_freq', 'HIT@5': '0.0032', 'NDCG@5': '0.0024', 'HIT@10': '0.0048', 'NDCG@10': '0.0029', 'HIT@20': '0.0063', 'NDCG@20': '0.0033'}
{'Epoch': 65, 'name': 'all', 'HIT@5': '0.0304', 'NDCG@5': '0.0200', 'HIT@10': '0.0482', 'NDCG@10': '0.0257', 'HIT@20': '0.0748', 'NDCG@20': '0.0324'}
Validation score increased.  Saving model ...
rec dataset length: 186
100%|█████████████████████████████████████████████████████████████████████████████████████████████████████████████████████████████████████████| 186/186 [00:47<00:00,  3.90it/s]
{'epoch': 66, 'rec_avg_loss': '0.5216', 'joint_avg_loss': '0.8809', 'cl_avg_loss': '3.5938', 'itemcl_loss': '0.0000', 'cl_pair_0_loss': '3.5938'}
Recommendation EP_test:66: 100%|| 35/35 [00:08<00:00,  4.26it/s]
{'Epoch': 66, 'name': 'high_freq', 'HIT@5': '0.0426', 'NDCG@5': '0.0276', 'HIT@10': '0.0671', 'NDCG@10': '0.0355', 'HIT@20': '0.1027', 'NDCG@20': '0.0445'}
{'Epoch': 66, 'name': 'mid_freq', 'HIT@5': '0.0055', 'NDCG@5': '0.0038', 'HIT@10': '0.0086', 'NDCG@10': '0.0047', 'HIT@20': '0.0125', 'NDCG@20': '0.0057'}
{'Epoch': 66, 'name': 'low_freq', 'HIT@5': '0.0036', 'NDCG@5': '0.0027', 'HIT@10': '0.0050', 'NDCG@10': '0.0031', 'HIT@20': '0.0068', 'NDCG@20': '0.0035'}
{'Epoch': 66, 'name': 'all', 'HIT@5': '0.0305', 'NDCG@5': '0.0199', 'HIT@10': '0.0479', 'NDCG@10': '0.0255', 'HIT@20': '0.0732', 'NDCG@20': '0.0318'}
EarlyStopping counter: 1 out of 40
rec dataset length: 186
100%|█████████████████████████████████████████████████████████████████████████████████████████████████████████████████████████████████████████| 186/186 [00:47<00:00,  3.90it/s]
{'epoch': 67, 'rec_avg_loss': '0.5173', 'joint_avg_loss': '0.8736', 'cl_avg_loss': '3.5631', 'itemcl_loss': '0.0000', 'cl_pair_0_loss': '3.5631'}
Recommendation EP_test:67: 100%|| 35/35 [00:08<00:00,  4.26it/s]
{'Epoch': 67, 'name': 'high_freq', 'HIT@5': '0.0436', 'NDCG@5': '0.0276', 'HIT@10': '0.0676', 'NDCG@10': '0.0352', 'HIT@20': '0.1043', 'NDCG@20': '0.0445'}
{'Epoch': 67, 'name': 'mid_freq', 'HIT@5': '0.0057', 'NDCG@5': '0.0037', 'HIT@10': '0.0083', 'NDCG@10': '0.0045', 'HIT@20': '0.0118', 'NDCG@20': '0.0054'}
{'Epoch': 67, 'name': 'low_freq', 'HIT@5': '0.0032', 'NDCG@5': '0.0024', 'HIT@10': '0.0045', 'NDCG@10': '0.0029', 'HIT@20': '0.0066', 'NDCG@20': '0.0034'}
{'Epoch': 67, 'name': 'all', 'HIT@5': '0.0312', 'NDCG@5': '0.0198', 'HIT@10': '0.0481', 'NDCG@10': '0.0252', 'HIT@20': '0.0741', 'NDCG@20': '0.0317'}
EarlyStopping counter: 2 out of 40
rec dataset length: 186
100%|█████████████████████████████████████████████████████████████████████████████████████████████████████████████████████████████████████████| 186/186 [00:47<00:00,  3.89it/s]
{'epoch': 68, 'rec_avg_loss': '0.5166', 'joint_avg_loss': '0.8709', 'cl_avg_loss': '3.5436', 'itemcl_loss': '0.0000', 'cl_pair_0_loss': '3.5436'}
Recommendation EP_test:68: 100%|| 35/35 [00:08<00:00,  4.23it/s]
{'Epoch': 68, 'name': 'high_freq', 'HIT@5': '0.0415', 'NDCG@5': '0.0269', 'HIT@10': '0.0676', 'NDCG@10': '0.0353', 'HIT@20': '0.1039', 'NDCG@20': '0.0444'}
{'Epoch': 68, 'name': 'mid_freq', 'HIT@5': '0.0059', 'NDCG@5': '0.0039', 'HIT@10': '0.0083', 'NDCG@10': '0.0047', 'HIT@20': '0.0116', 'NDCG@20': '0.0055'}
{'Epoch': 68, 'name': 'low_freq', 'HIT@5': '0.0038', 'NDCG@5': '0.0028', 'HIT@10': '0.0054', 'NDCG@10': '0.0033', 'HIT@20': '0.0070', 'NDCG@20': '0.0037'}
{'Epoch': 68, 'name': 'all', 'HIT@5': '0.0299', 'NDCG@5': '0.0194', 'HIT@10': '0.0483', 'NDCG@10': '0.0254', 'HIT@20': '0.0739', 'NDCG@20': '0.0318'}
EarlyStopping counter: 3 out of 40
rec dataset length: 186
100%|█████████████████████████████████████████████████████████████████████████████████████████████████████████████████████████████████████████| 186/186 [00:47<00:00,  3.91it/s]
{'epoch': 69, 'rec_avg_loss': '0.5117', 'joint_avg_loss': '0.8618', 'cl_avg_loss': '3.5006', 'itemcl_loss': '0.0000', 'cl_pair_0_loss': '3.5006'}
Recommendation EP_test:69: 100%|| 35/35 [00:08<00:00,  4.26it/s]
{'Epoch': 69, 'name': 'high_freq', 'HIT@5': '0.0427', 'NDCG@5': '0.0275', 'HIT@10': '0.0661', 'NDCG@10': '0.0350', 'HIT@20': '0.1028', 'NDCG@20': '0.0442'}
{'Epoch': 69, 'name': 'mid_freq', 'HIT@5': '0.0053', 'NDCG@5': '0.0036', 'HIT@10': '0.0080', 'NDCG@10': '0.0045', 'HIT@20': '0.0115', 'NDCG@20': '0.0054'}
{'Epoch': 69, 'name': 'low_freq', 'HIT@5': '0.0043', 'NDCG@5': '0.0030', 'HIT@10': '0.0057', 'NDCG@10': '0.0034', 'HIT@20': '0.0077', 'NDCG@20': '0.0040'}
{'Epoch': 69, 'name': 'all', 'HIT@5': '0.0306', 'NDCG@5': '0.0198', 'HIT@10': '0.0472', 'NDCG@10': '0.0251', 'HIT@20': '0.0732', 'NDCG@20': '0.0316'}
EarlyStopping counter: 4 out of 40
rec dataset length: 186
100%|█████████████████████████████████████████████████████████████████████████████████████████████████████████████████████████████████████████| 186/186 [00:47<00:00,  3.91it/s]
{'epoch': 70, 'rec_avg_loss': '0.5080', 'joint_avg_loss': '0.8565', 'cl_avg_loss': '3.4852', 'itemcl_loss': '0.0000', 'cl_pair_0_loss': '3.4852'}
Recommendation EP_test:70: 100%|| 35/35 [00:08<00:00,  4.23it/s]
{'Epoch': 70, 'name': 'high_freq', 'HIT@5': '0.0437', 'NDCG@5': '0.0282', 'HIT@10': '0.0668', 'NDCG@10': '0.0356', 'HIT@20': '0.1036', 'NDCG@20': '0.0449'}
{'Epoch': 70, 'name': 'mid_freq', 'HIT@5': '0.0060', 'NDCG@5': '0.0041', 'HIT@10': '0.0082', 'NDCG@10': '0.0048', 'HIT@20': '0.0122', 'NDCG@20': '0.0058'}
{'Epoch': 70, 'name': 'low_freq', 'HIT@5': '0.0043', 'NDCG@5': '0.0032', 'HIT@10': '0.0057', 'NDCG@10': '0.0036', 'HIT@20': '0.0075', 'NDCG@20': '0.0041'}
{'Epoch': 70, 'name': 'all', 'HIT@5': '0.0315', 'NDCG@5': '0.0204', 'HIT@10': '0.0478', 'NDCG@10': '0.0256', 'HIT@20': '0.0738', 'NDCG@20': '0.0322'}
EarlyStopping counter: 5 out of 40
rec dataset length: 186
100%|█████████████████████████████████████████████████████████████████████████████████████████████████████████████████████████████████████████| 186/186 [00:47<00:00,  3.90it/s]
{'epoch': 71, 'rec_avg_loss': '0.5061', 'joint_avg_loss': '0.8512', 'cl_avg_loss': '3.4508', 'itemcl_loss': '0.0000', 'cl_pair_0_loss': '3.4508'}
Recommendation EP_test:71: 100%|| 35/35 [00:08<00:00,  4.24it/s]
{'Epoch': 71, 'name': 'high_freq', 'HIT@5': '0.0422', 'NDCG@5': '0.0277', 'HIT@10': '0.0669', 'NDCG@10': '0.0356', 'HIT@20': '0.1027', 'NDCG@20': '0.0446'}
{'Epoch': 71, 'name': 'mid_freq', 'HIT@5': '0.0055', 'NDCG@5': '0.0038', 'HIT@10': '0.0080', 'NDCG@10': '0.0046', 'HIT@20': '0.0122', 'NDCG@20': '0.0057'}
{'Epoch': 71, 'name': 'low_freq', 'HIT@5': '0.0043', 'NDCG@5': '0.0031', 'HIT@10': '0.0070', 'NDCG@10': '0.0039', 'HIT@20': '0.0084', 'NDCG@20': '0.0043'}
{'Epoch': 71, 'name': 'all', 'HIT@5': '0.0303', 'NDCG@5': '0.0200', 'HIT@10': '0.0480', 'NDCG@10': '0.0256', 'HIT@20': '0.0733', 'NDCG@20': '0.0320'}
EarlyStopping counter: 6 out of 40
rec dataset length: 186
100%|█████████████████████████████████████████████████████████████████████████████████████████████████████████████████████████████████████████| 186/186 [00:47<00:00,  3.91it/s]
{'epoch': 72, 'rec_avg_loss': '0.5035', 'joint_avg_loss': '0.8464', 'cl_avg_loss': '3.4293', 'itemcl_loss': '0.0000', 'cl_pair_0_loss': '3.4293'}
Recommendation EP_test:72: 100%|| 35/35 [00:08<00:00,  4.21it/s]
{'Epoch': 72, 'name': 'high_freq', 'HIT@5': '0.0428', 'NDCG@5': '0.0277', 'HIT@10': '0.0666', 'NDCG@10': '0.0353', 'HIT@20': '0.1049', 'NDCG@20': '0.0449'}
{'Epoch': 72, 'name': 'mid_freq', 'HIT@5': '0.0057', 'NDCG@5': '0.0037', 'HIT@10': '0.0082', 'NDCG@10': '0.0045', 'HIT@20': '0.0126', 'NDCG@20': '0.0056'}
{'Epoch': 72, 'name': 'low_freq', 'HIT@5': '0.0043', 'NDCG@5': '0.0031', 'HIT@10': '0.0068', 'NDCG@10': '0.0040', 'HIT@20': '0.0079', 'NDCG@20': '0.0043'}
{'Epoch': 72, 'name': 'all', 'HIT@5': '0.0308', 'NDCG@5': '0.0199', 'HIT@10': '0.0478', 'NDCG@10': '0.0254', 'HIT@20': '0.0748', 'NDCG@20': '0.0322'}
EarlyStopping counter: 7 out of 40
rec dataset length: 186
100%|█████████████████████████████████████████████████████████████████████████████████████████████████████████████████████████████████████████| 186/186 [00:47<00:00,  3.91it/s]
{'epoch': 73, 'rec_avg_loss': '0.5017', 'joint_avg_loss': '0.8307', 'cl_avg_loss': '3.2899', 'itemcl_loss': '0.0000', 'cl_pair_0_loss': '3.2899'}
Recommendation EP_test:73: 100%|| 35/35 [00:08<00:00,  4.14it/s]
{'Epoch': 73, 'name': 'high_freq', 'HIT@5': '0.0433', 'NDCG@5': '0.0282', 'HIT@10': '0.0675', 'NDCG@10': '0.0360', 'HIT@20': '0.1042', 'NDCG@20': '0.0452'}
{'Epoch': 73, 'name': 'mid_freq', 'HIT@5': '0.0065', 'NDCG@5': '0.0041', 'HIT@10': '0.0088', 'NDCG@10': '0.0049', 'HIT@20': '0.0141', 'NDCG@20': '0.0062'}
{'Epoch': 73, 'name': 'low_freq', 'HIT@5': '0.0043', 'NDCG@5': '0.0032', 'HIT@10': '0.0068', 'NDCG@10': '0.0040', 'HIT@20': '0.0079', 'NDCG@20': '0.0043'}
{'Epoch': 73, 'name': 'all', 'HIT@5': '0.0312', 'NDCG@5': '0.0204', 'HIT@10': '0.0485', 'NDCG@10': '0.0259', 'HIT@20': '0.0746', 'NDCG@20': '0.0325'}
Validation score increased.  Saving model ...
rec dataset length: 186
100%|█████████████████████████████████████████████████████████████████████████████████████████████████████████████████████████████████████████| 186/186 [00:47<00:00,  3.91it/s]
{'epoch': 74, 'rec_avg_loss': '0.4994', 'joint_avg_loss': '0.8424', 'cl_avg_loss': '3.4291', 'itemcl_loss': '0.0000', 'cl_pair_0_loss': '3.4291'}
Recommendation EP_test:74: 100%|| 35/35 [00:08<00:00,  4.21it/s]
{'Epoch': 74, 'name': 'high_freq', 'HIT@5': '0.0444', 'NDCG@5': '0.0292', 'HIT@10': '0.0671', 'NDCG@10': '0.0365', 'HIT@20': '0.1027', 'NDCG@20': '0.0455'}
{'Epoch': 74, 'name': 'mid_freq', 'HIT@5': '0.0056', 'NDCG@5': '0.0038', 'HIT@10': '0.0093', 'NDCG@10': '0.0050', 'HIT@20': '0.0138', 'NDCG@20': '0.0061'}
{'Epoch': 74, 'name': 'low_freq', 'HIT@5': '0.0041', 'NDCG@5': '0.0030', 'HIT@10': '0.0057', 'NDCG@10': '0.0035', 'HIT@20': '0.0079', 'NDCG@20': '0.0041'}
{'Epoch': 74, 'name': 'all', 'HIT@5': '0.0318', 'NDCG@5': '0.0210', 'HIT@10': '0.0482', 'NDCG@10': '0.0263', 'HIT@20': '0.0735', 'NDCG@20': '0.0326'}
Validation score increased.  Saving model ...
rec dataset length: 186
100%|█████████████████████████████████████████████████████████████████████████████████████████████████████████████████████████████████████████| 186/186 [00:47<00:00,  3.90it/s]
{'epoch': 75, 'rec_avg_loss': '0.4960', 'joint_avg_loss': '0.8382', 'cl_avg_loss': '3.4223', 'itemcl_loss': '0.0000', 'cl_pair_0_loss': '3.4223'}
Recommendation EP_test:75: 100%|| 35/35 [00:08<00:00,  4.29it/s]
{'Epoch': 75, 'name': 'high_freq', 'HIT@5': '0.0434', 'NDCG@5': '0.0285', 'HIT@10': '0.0671', 'NDCG@10': '0.0361', 'HIT@20': '0.1029', 'NDCG@20': '0.0451'}
{'Epoch': 75, 'name': 'mid_freq', 'HIT@5': '0.0062', 'NDCG@5': '0.0042', 'HIT@10': '0.0102', 'NDCG@10': '0.0055', 'HIT@20': '0.0132', 'NDCG@20': '0.0063'}
{'Epoch': 75, 'name': 'low_freq', 'HIT@5': '0.0041', 'NDCG@5': '0.0031', 'HIT@10': '0.0061', 'NDCG@10': '0.0038', 'HIT@20': '0.0072', 'NDCG@20': '0.0041'}
{'Epoch': 75, 'name': 'all', 'HIT@5': '0.0312', 'NDCG@5': '0.0206', 'HIT@10': '0.0484', 'NDCG@10': '0.0261', 'HIT@20': '0.0735', 'NDCG@20': '0.0324'}
EarlyStopping counter: 1 out of 40
rec dataset length: 186
100%|█████████████████████████████████████████████████████████████████████████████████████████████████████████████████████████████████████████| 186/186 [00:47<00:00,  3.90it/s]
{'epoch': 76, 'rec_avg_loss': '0.4935', 'joint_avg_loss': '0.8331', 'cl_avg_loss': '3.3960', 'itemcl_loss': '0.0000', 'cl_pair_0_loss': '3.3960'}
Recommendation EP_test:76: 100%|| 35/35 [00:08<00:00,  4.27it/s]
{'Epoch': 76, 'name': 'high_freq', 'HIT@5': '0.0420', 'NDCG@5': '0.0277', 'HIT@10': '0.0660', 'NDCG@10': '0.0353', 'HIT@20': '0.1026', 'NDCG@20': '0.0446'}
{'Epoch': 76, 'name': 'mid_freq', 'HIT@5': '0.0065', 'NDCG@5': '0.0043', 'HIT@10': '0.0101', 'NDCG@10': '0.0055', 'HIT@20': '0.0136', 'NDCG@20': '0.0064'}
{'Epoch': 76, 'name': 'low_freq', 'HIT@5': '0.0045', 'NDCG@5': '0.0032', 'HIT@10': '0.0063', 'NDCG@10': '0.0038', 'HIT@20': '0.0077', 'NDCG@20': '0.0041'}
{'Epoch': 76, 'name': 'all', 'HIT@5': '0.0304', 'NDCG@5': '0.0201', 'HIT@10': '0.0476', 'NDCG@10': '0.0256', 'HIT@20': '0.0734', 'NDCG@20': '0.0321'}
EarlyStopping counter: 2 out of 40
rec dataset length: 186
100%|█████████████████████████████████████████████████████████████████████████████████████████████████████████████████████████████████████████| 186/186 [00:47<00:00,  3.91it/s]
{'epoch': 77, 'rec_avg_loss': '0.4949', 'joint_avg_loss': '0.8320', 'cl_avg_loss': '3.3708', 'itemcl_loss': '0.0000', 'cl_pair_0_loss': '3.3708'}
Recommendation EP_test:77: 100%|| 35/35 [00:08<00:00,  4.22it/s]
{'Epoch': 77, 'name': 'high_freq', 'HIT@5': '0.0424', 'NDCG@5': '0.0276', 'HIT@10': '0.0650', 'NDCG@10': '0.0349', 'HIT@20': '0.0994', 'NDCG@20': '0.0435'}
{'Epoch': 77, 'name': 'mid_freq', 'HIT@5': '0.0063', 'NDCG@5': '0.0046', 'HIT@10': '0.0102', 'NDCG@10': '0.0058', 'HIT@20': '0.0135', 'NDCG@20': '0.0066'}
{'Epoch': 77, 'name': 'low_freq', 'HIT@5': '0.0043', 'NDCG@5': '0.0033', 'HIT@10': '0.0063', 'NDCG@10': '0.0040', 'HIT@20': '0.0084', 'NDCG@20': '0.0045'}
{'Epoch': 77, 'name': 'all', 'HIT@5': '0.0306', 'NDCG@5': '0.0201', 'HIT@10': '0.0470', 'NDCG@10': '0.0253', 'HIT@20': '0.0713', 'NDCG@20': '0.0315'}
EarlyStopping counter: 3 out of 40
rec dataset length: 186
100%|█████████████████████████████████████████████████████████████████████████████████████████████████████████████████████████████████████████| 186/186 [00:47<00:00,  3.90it/s]
{'epoch': 78, 'rec_avg_loss': '0.4899', 'joint_avg_loss': '0.8263', 'cl_avg_loss': '3.3639', 'itemcl_loss': '0.0000', 'cl_pair_0_loss': '3.3639'}
Recommendation EP_test:78: 100%|| 35/35 [00:08<00:00,  4.27it/s]
{'Epoch': 78, 'name': 'high_freq', 'HIT@5': '0.0417', 'NDCG@5': '0.0270', 'HIT@10': '0.0633', 'NDCG@10': '0.0339', 'HIT@20': '0.0999', 'NDCG@20': '0.0430'}
{'Epoch': 78, 'name': 'mid_freq', 'HIT@5': '0.0063', 'NDCG@5': '0.0045', 'HIT@10': '0.0089', 'NDCG@10': '0.0053', 'HIT@20': '0.0139', 'NDCG@20': '0.0065'}
{'Epoch': 78, 'name': 'low_freq', 'HIT@5': '0.0041', 'NDCG@5': '0.0032', 'HIT@10': '0.0054', 'NDCG@10': '0.0037', 'HIT@20': '0.0072', 'NDCG@20': '0.0041'}
{'Epoch': 78, 'name': 'all', 'HIT@5': '0.0301', 'NDCG@5': '0.0196', 'HIT@10': '0.0455', 'NDCG@10': '0.0245', 'HIT@20': '0.0716', 'NDCG@20': '0.0311'}
EarlyStopping counter: 4 out of 40
rec dataset length: 186
100%|█████████████████████████████████████████████████████████████████████████████████████████████████████████████████████████████████████████| 186/186 [00:47<00:00,  3.90it/s]
{'epoch': 79, 'rec_avg_loss': '0.4900', 'joint_avg_loss': '0.8248', 'cl_avg_loss': '3.3475', 'itemcl_loss': '0.0000', 'cl_pair_0_loss': '3.3475'}
Recommendation EP_test:79: 100%|| 35/35 [00:08<00:00,  4.22it/s]
{'Epoch': 79, 'name': 'high_freq', 'HIT@5': '0.0422', 'NDCG@5': '0.0274', 'HIT@10': '0.0664', 'NDCG@10': '0.0352', 'HIT@20': '0.1006', 'NDCG@20': '0.0438'}
{'Epoch': 79, 'name': 'mid_freq', 'HIT@5': '0.0066', 'NDCG@5': '0.0047', 'HIT@10': '0.0101', 'NDCG@10': '0.0058', 'HIT@20': '0.0147', 'NDCG@20': '0.0069'}
{'Epoch': 79, 'name': 'low_freq', 'HIT@5': '0.0041', 'NDCG@5': '0.0031', 'HIT@10': '0.0059', 'NDCG@10': '0.0037', 'HIT@20': '0.0081', 'NDCG@20': '0.0043'}
{'Epoch': 79, 'name': 'all', 'HIT@5': '0.0305', 'NDCG@5': '0.0200', 'HIT@10': '0.0478', 'NDCG@10': '0.0255', 'HIT@20': '0.0723', 'NDCG@20': '0.0317'}
EarlyStopping counter: 5 out of 40
rec dataset length: 186
100%|█████████████████████████████████████████████████████████████████████████████████████████████████████████████████████████████████████████| 186/186 [00:47<00:00,  3.91it/s]
{'epoch': 80, 'rec_avg_loss': '0.4876', 'joint_avg_loss': '0.8230', 'cl_avg_loss': '3.3534', 'itemcl_loss': '0.0000', 'cl_pair_0_loss': '3.3534'}
Recommendation EP_test:80: 100%|| 35/35 [00:08<00:00,  4.27it/s]
{'Epoch': 80, 'name': 'high_freq', 'HIT@5': '0.0422', 'NDCG@5': '0.0277', 'HIT@10': '0.0661', 'NDCG@10': '0.0353', 'HIT@20': '0.1008', 'NDCG@20': '0.0440'}
{'Epoch': 80, 'name': 'mid_freq', 'HIT@5': '0.0069', 'NDCG@5': '0.0048', 'HIT@10': '0.0096', 'NDCG@10': '0.0057', 'HIT@20': '0.0147', 'NDCG@20': '0.0070'}
{'Epoch': 80, 'name': 'low_freq', 'HIT@5': '0.0048', 'NDCG@5': '0.0034', 'HIT@10': '0.0066', 'NDCG@10': '0.0040', 'HIT@20': '0.0086', 'NDCG@20': '0.0045'}
{'Epoch': 80, 'name': 'all', 'HIT@5': '0.0307', 'NDCG@5': '0.0202', 'HIT@10': '0.0476', 'NDCG@10': '0.0256', 'HIT@20': '0.0725', 'NDCG@20': '0.0319'}
EarlyStopping counter: 6 out of 40
rec dataset length: 186
100%|█████████████████████████████████████████████████████████████████████████████████████████████████████████████████████████████████████████| 186/186 [00:47<00:00,  3.91it/s]
{'epoch': 81, 'rec_avg_loss': '0.4859', 'joint_avg_loss': '0.8210', 'cl_avg_loss': '3.3509', 'itemcl_loss': '0.0000', 'cl_pair_0_loss': '3.3509'}
Recommendation EP_test:81: 100%|| 35/35 [00:08<00:00,  4.30it/s]
{'Epoch': 81, 'name': 'high_freq', 'HIT@5': '0.0432', 'NDCG@5': '0.0284', 'HIT@10': '0.0660', 'NDCG@10': '0.0358', 'HIT@20': '0.1013', 'NDCG@20': '0.0446'}
{'Epoch': 81, 'name': 'mid_freq', 'HIT@5': '0.0073', 'NDCG@5': '0.0052', 'HIT@10': '0.0095', 'NDCG@10': '0.0059', 'HIT@20': '0.0148', 'NDCG@20': '0.0072'}
{'Epoch': 81, 'name': 'low_freq', 'HIT@5': '0.0038', 'NDCG@5': '0.0030', 'HIT@10': '0.0057', 'NDCG@10': '0.0036', 'HIT@20': '0.0077', 'NDCG@20': '0.0041'}
{'Epoch': 81, 'name': 'all', 'HIT@5': '0.0313', 'NDCG@5': '0.0207', 'HIT@10': '0.0475', 'NDCG@10': '0.0259', 'HIT@20': '0.0727', 'NDCG@20': '0.0323'}
EarlyStopping counter: 7 out of 40
rec dataset length: 186
100%|█████████████████████████████████████████████████████████████████████████████████████████████████████████████████████████████████████████| 186/186 [00:47<00:00,  3.90it/s]
{'epoch': 82, 'rec_avg_loss': '0.4830', 'joint_avg_loss': '0.8164', 'cl_avg_loss': '3.3345', 'itemcl_loss': '0.0000', 'cl_pair_0_loss': '3.3345'}
Recommendation EP_test:82: 100%|| 35/35 [00:08<00:00,  4.31it/s]
{'Epoch': 82, 'name': 'high_freq', 'HIT@5': '0.0429', 'NDCG@5': '0.0279', 'HIT@10': '0.0686', 'NDCG@10': '0.0361', 'HIT@20': '0.1021', 'NDCG@20': '0.0445'}
{'Epoch': 82, 'name': 'mid_freq', 'HIT@5': '0.0069', 'NDCG@5': '0.0048', 'HIT@10': '0.0096', 'NDCG@10': '0.0057', 'HIT@20': '0.0138', 'NDCG@20': '0.0068'}
{'Epoch': 82, 'name': 'low_freq', 'HIT@5': '0.0043', 'NDCG@5': '0.0032', 'HIT@10': '0.0057', 'NDCG@10': '0.0036', 'HIT@20': '0.0081', 'NDCG@20': '0.0042'}
{'Epoch': 82, 'name': 'all', 'HIT@5': '0.0310', 'NDCG@5': '0.0203', 'HIT@10': '0.0492', 'NDCG@10': '0.0261', 'HIT@20': '0.0732', 'NDCG@20': '0.0321'}
EarlyStopping counter: 8 out of 40
rec dataset length: 186
100%|█████████████████████████████████████████████████████████████████████████████████████████████████████████████████████████████████████████| 186/186 [00:48<00:00,  3.84it/s]
{'epoch': 83, 'rec_avg_loss': '0.4824', 'joint_avg_loss': '0.8013', 'cl_avg_loss': '3.1896', 'itemcl_loss': '0.0000', 'cl_pair_0_loss': '3.1896'}
Recommendation EP_test:83: 100%|| 35/35 [00:08<00:00,  4.22it/s]
{'Epoch': 83, 'name': 'high_freq', 'HIT@5': '0.0438', 'NDCG@5': '0.0283', 'HIT@10': '0.0662', 'NDCG@10': '0.0355', 'HIT@20': '0.1023', 'NDCG@20': '0.0446'}
{'Epoch': 83, 'name': 'mid_freq', 'HIT@5': '0.0075', 'NDCG@5': '0.0051', 'HIT@10': '0.0102', 'NDCG@10': '0.0060', 'HIT@20': '0.0139', 'NDCG@20': '0.0069'}
{'Epoch': 83, 'name': 'low_freq', 'HIT@5': '0.0043', 'NDCG@5': '0.0032', 'HIT@10': '0.0068', 'NDCG@10': '0.0040', 'HIT@20': '0.0088', 'NDCG@20': '0.0045'}
{'Epoch': 83, 'name': 'all', 'HIT@5': '0.0318', 'NDCG@5': '0.0207', 'HIT@10': '0.0479', 'NDCG@10': '0.0258', 'HIT@20': '0.0734', 'NDCG@20': '0.0322'}
EarlyStopping counter: 9 out of 40
rec dataset length: 186
100%|█████████████████████████████████████████████████████████████████████████████████████████████████████████████████████████████████████████| 186/186 [00:49<00:00,  3.79it/s]
{'epoch': 84, 'rec_avg_loss': '0.4850', 'joint_avg_loss': '0.8180', 'cl_avg_loss': '3.3292', 'itemcl_loss': '0.0000', 'cl_pair_0_loss': '3.3292'}
Recommendation EP_test:84: 100%|| 35/35 [00:08<00:00,  4.23it/s]
{'Epoch': 84, 'name': 'high_freq', 'HIT@5': '0.0410', 'NDCG@5': '0.0268', 'HIT@10': '0.0657', 'NDCG@10': '0.0348', 'HIT@20': '0.1012', 'NDCG@20': '0.0437'}
{'Epoch': 84, 'name': 'mid_freq', 'HIT@5': '0.0072', 'NDCG@5': '0.0051', 'HIT@10': '0.0108', 'NDCG@10': '0.0062', 'HIT@20': '0.0145', 'NDCG@20': '0.0071'}
{'Epoch': 84, 'name': 'low_freq', 'HIT@5': '0.0043', 'NDCG@5': '0.0031', 'HIT@10': '0.0066', 'NDCG@10': '0.0038', 'HIT@20': '0.0079', 'NDCG@20': '0.0041'}
{'Epoch': 84, 'name': 'all', 'HIT@5': '0.0298', 'NDCG@5': '0.0196', 'HIT@10': '0.0476', 'NDCG@10': '0.0254', 'HIT@20': '0.0726', 'NDCG@20': '0.0316'}
EarlyStopping counter: 10 out of 40
rec dataset length: 186
100%|█████████████████████████████████████████████████████████████████████████████████████████████████████████████████████████████████████████| 186/186 [00:47<00:00,  3.90it/s]
{'epoch': 85, 'rec_avg_loss': '0.4812', 'joint_avg_loss': '0.8121', 'cl_avg_loss': '3.3089', 'itemcl_loss': '0.0000', 'cl_pair_0_loss': '3.3089'}
Recommendation EP_test:85: 100%|| 35/35 [00:08<00:00,  4.31it/s]
{'Epoch': 85, 'name': 'high_freq', 'HIT@5': '0.0417', 'NDCG@5': '0.0270', 'HIT@10': '0.0647', 'NDCG@10': '0.0344', 'HIT@20': '0.1006', 'NDCG@20': '0.0435'}
{'Epoch': 85, 'name': 'mid_freq', 'HIT@5': '0.0066', 'NDCG@5': '0.0047', 'HIT@10': '0.0092', 'NDCG@10': '0.0055', 'HIT@20': '0.0131', 'NDCG@20': '0.0065'}
{'Epoch': 85, 'name': 'low_freq', 'HIT@5': '0.0043', 'NDCG@5': '0.0033', 'HIT@10': '0.0059', 'NDCG@10': '0.0038', 'HIT@20': '0.0079', 'NDCG@20': '0.0043'}
{'Epoch': 85, 'name': 'all', 'HIT@5': '0.0302', 'NDCG@5': '0.0197', 'HIT@10': '0.0466', 'NDCG@10': '0.0250', 'HIT@20': '0.0720', 'NDCG@20': '0.0314'}
EarlyStopping counter: 11 out of 40
rec dataset length: 186
100%|█████████████████████████████████████████████████████████████████████████████████████████████████████████████████████████████████████████| 186/186 [00:47<00:00,  3.89it/s]
{'epoch': 86, 'rec_avg_loss': '0.4770', 'joint_avg_loss': '0.8071', 'cl_avg_loss': '3.3012', 'itemcl_loss': '0.0000', 'cl_pair_0_loss': '3.3012'}
Recommendation EP_test:86: 100%|| 35/35 [00:08<00:00,  4.18it/s]
{'Epoch': 86, 'name': 'high_freq', 'HIT@5': '0.0412', 'NDCG@5': '0.0269', 'HIT@10': '0.0647', 'NDCG@10': '0.0344', 'HIT@20': '0.0998', 'NDCG@20': '0.0433'}
{'Epoch': 86, 'name': 'mid_freq', 'HIT@5': '0.0065', 'NDCG@5': '0.0043', 'HIT@10': '0.0096', 'NDCG@10': '0.0053', 'HIT@20': '0.0141', 'NDCG@20': '0.0065'}
{'Epoch': 86, 'name': 'low_freq', 'HIT@5': '0.0043', 'NDCG@5': '0.0032', 'HIT@10': '0.0057', 'NDCG@10': '0.0037', 'HIT@20': '0.0075', 'NDCG@20': '0.0041'}
{'Epoch': 86, 'name': 'all', 'HIT@5': '0.0298', 'NDCG@5': '0.0195', 'HIT@10': '0.0466', 'NDCG@10': '0.0249', 'HIT@20': '0.0715', 'NDCG@20': '0.0312'}
EarlyStopping counter: 12 out of 40
rec dataset length: 186
100%|█████████████████████████████████████████████████████████████████████████████████████████████████████████████████████████████████████████| 186/186 [00:47<00:00,  3.90it/s]
{'epoch': 87, 'rec_avg_loss': '0.4751', 'joint_avg_loss': '0.8046', 'cl_avg_loss': '3.2943', 'itemcl_loss': '0.0000', 'cl_pair_0_loss': '3.2943'}
Recommendation EP_test:87: 100%|| 35/35 [00:08<00:00,  4.20it/s]
{'Epoch': 87, 'name': 'high_freq', 'HIT@5': '0.0412', 'NDCG@5': '0.0268', 'HIT@10': '0.0650', 'NDCG@10': '0.0343', 'HIT@20': '0.1004', 'NDCG@20': '0.0433'}
{'Epoch': 87, 'name': 'mid_freq', 'HIT@5': '0.0068', 'NDCG@5': '0.0048', 'HIT@10': '0.0096', 'NDCG@10': '0.0057', 'HIT@20': '0.0151', 'NDCG@20': '0.0071'}
{'Epoch': 87, 'name': 'low_freq', 'HIT@5': '0.0048', 'NDCG@5': '0.0037', 'HIT@10': '0.0061', 'NDCG@10': '0.0041', 'HIT@20': '0.0084', 'NDCG@20': '0.0047'}
{'Epoch': 87, 'name': 'all', 'HIT@5': '0.0299', 'NDCG@5': '0.0196', 'HIT@10': '0.0468', 'NDCG@10': '0.0250', 'HIT@20': '0.0723', 'NDCG@20': '0.0314'}
EarlyStopping counter: 13 out of 40
rec dataset length: 186
100%|█████████████████████████████████████████████████████████████████████████████████████████████████████████████████████████████████████████| 186/186 [00:49<00:00,  3.77it/s]
{'epoch': 88, 'rec_avg_loss': '0.4753', 'joint_avg_loss': '0.8050', 'cl_avg_loss': '3.2969', 'itemcl_loss': '0.0000', 'cl_pair_0_loss': '3.2969'}
Recommendation EP_test:88: 100%|| 35/35 [00:08<00:00,  4.17it/s]
{'Epoch': 88, 'name': 'high_freq', 'HIT@5': '0.0402', 'NDCG@5': '0.0261', 'HIT@10': '0.0641', 'NDCG@10': '0.0337', 'HIT@20': '0.0989', 'NDCG@20': '0.0425'}
{'Epoch': 88, 'name': 'mid_freq', 'HIT@5': '0.0066', 'NDCG@5': '0.0044', 'HIT@10': '0.0093', 'NDCG@10': '0.0053', 'HIT@20': '0.0142', 'NDCG@20': '0.0065'}
{'Epoch': 88, 'name': 'low_freq', 'HIT@5': '0.0052', 'NDCG@5': '0.0037', 'HIT@10': '0.0061', 'NDCG@10': '0.0040', 'HIT@20': '0.0077', 'NDCG@20': '0.0044'}
{'Epoch': 88, 'name': 'all', 'HIT@5': '0.0293', 'NDCG@5': '0.0191', 'HIT@10': '0.0462', 'NDCG@10': '0.0245', 'HIT@20': '0.0710', 'NDCG@20': '0.0307'}
EarlyStopping counter: 14 out of 40
rec dataset length: 186
100%|█████████████████████████████████████████████████████████████████████████████████████████████████████████████████████████████████████████| 186/186 [00:49<00:00,  3.79it/s]
{'epoch': 89, 'rec_avg_loss': '0.4718', 'joint_avg_loss': '0.8004', 'cl_avg_loss': '3.2858', 'itemcl_loss': '0.0000', 'cl_pair_0_loss': '3.2858'}
Recommendation EP_test:89: 100%|| 35/35 [00:08<00:00,  4.22it/s]
{'Epoch': 89, 'name': 'high_freq', 'HIT@5': '0.0413', 'NDCG@5': '0.0266', 'HIT@10': '0.0638', 'NDCG@10': '0.0339', 'HIT@20': '0.0988', 'NDCG@20': '0.0427'}
{'Epoch': 89, 'name': 'mid_freq', 'HIT@5': '0.0076', 'NDCG@5': '0.0052', 'HIT@10': '0.0105', 'NDCG@10': '0.0061', 'HIT@20': '0.0149', 'NDCG@20': '0.0073'}
{'Epoch': 89, 'name': 'low_freq', 'HIT@5': '0.0048', 'NDCG@5': '0.0037', 'HIT@10': '0.0066', 'NDCG@10': '0.0043', 'HIT@20': '0.0084', 'NDCG@20': '0.0047'}
{'Epoch': 89, 'name': 'all', 'HIT@5': '0.0302', 'NDCG@5': '0.0196', 'HIT@10': '0.0462', 'NDCG@10': '0.0248', 'HIT@20': '0.0712', 'NDCG@20': '0.0311'}
EarlyStopping counter: 15 out of 40
rec dataset length: 186
100%|█████████████████████████████████████████████████████████████████████████████████████████████████████████████████████████████████████████| 186/186 [00:48<00:00,  3.81it/s]
{'epoch': 90, 'rec_avg_loss': '0.4700', 'joint_avg_loss': '0.7974', 'cl_avg_loss': '3.2732', 'itemcl_loss': '0.0000', 'cl_pair_0_loss': '3.2732'}
Recommendation EP_test:90: 100%|| 35/35 [00:08<00:00,  4.15it/s]
{'Epoch': 90, 'name': 'high_freq', 'HIT@5': '0.0413', 'NDCG@5': '0.0267', 'HIT@10': '0.0641', 'NDCG@10': '0.0340', 'HIT@20': '0.0998', 'NDCG@20': '0.0430'}
{'Epoch': 90, 'name': 'mid_freq', 'HIT@5': '0.0070', 'NDCG@5': '0.0049', 'HIT@10': '0.0093', 'NDCG@10': '0.0057', 'HIT@20': '0.0145', 'NDCG@20': '0.0069'}
{'Epoch': 90, 'name': 'low_freq', 'HIT@5': '0.0048', 'NDCG@5': '0.0038', 'HIT@10': '0.0063', 'NDCG@10': '0.0043', 'HIT@20': '0.0088', 'NDCG@20': '0.0049'}
{'Epoch': 90, 'name': 'all', 'HIT@5': '0.0300', 'NDCG@5': '0.0196', 'HIT@10': '0.0462', 'NDCG@10': '0.0248', 'HIT@20': '0.0718', 'NDCG@20': '0.0312'}
EarlyStopping counter: 16 out of 40
rec dataset length: 186
100%|█████████████████████████████████████████████████████████████████████████████████████████████████████████████████████████████████████████| 186/186 [00:49<00:00,  3.76it/s]
{'epoch': 91, 'rec_avg_loss': '0.4710', 'joint_avg_loss': '0.7960', 'cl_avg_loss': '3.2507', 'itemcl_loss': '0.0000', 'cl_pair_0_loss': '3.2507'}
Recommendation EP_test:91: 100%|| 35/35 [00:08<00:00,  4.15it/s]
{'Epoch': 91, 'name': 'high_freq', 'HIT@5': '0.0421', 'NDCG@5': '0.0269', 'HIT@10': '0.0640', 'NDCG@10': '0.0340', 'HIT@20': '0.0998', 'NDCG@20': '0.0430'}
{'Epoch': 91, 'name': 'mid_freq', 'HIT@5': '0.0075', 'NDCG@5': '0.0051', 'HIT@10': '0.0101', 'NDCG@10': '0.0059', 'HIT@20': '0.0145', 'NDCG@20': '0.0071'}
{'Epoch': 91, 'name': 'low_freq', 'HIT@5': '0.0048', 'NDCG@5': '0.0036', 'HIT@10': '0.0063', 'NDCG@10': '0.0041', 'HIT@20': '0.0095', 'NDCG@20': '0.0049'}
{'Epoch': 91, 'name': 'all', 'HIT@5': '0.0307', 'NDCG@5': '0.0198', 'HIT@10': '0.0463', 'NDCG@10': '0.0248', 'HIT@20': '0.0719', 'NDCG@20': '0.0312'}
EarlyStopping counter: 17 out of 40
rec dataset length: 186
100%|█████████████████████████████████████████████████████████████████████████████████████████████████████████████████████████████████████████| 186/186 [00:47<00:00,  3.89it/s]
{'epoch': 92, 'rec_avg_loss': '0.4711', 'joint_avg_loss': '0.7964', 'cl_avg_loss': '3.2530', 'itemcl_loss': '0.0000', 'cl_pair_0_loss': '3.2530'}
Recommendation EP_test:92: 100%|| 35/35 [00:08<00:00,  3.97it/s]
{'Epoch': 92, 'name': 'high_freq', 'HIT@5': '0.0417', 'NDCG@5': '0.0270', 'HIT@10': '0.0640', 'NDCG@10': '0.0341', 'HIT@20': '0.1006', 'NDCG@20': '0.0433'}
{'Epoch': 92, 'name': 'mid_freq', 'HIT@5': '0.0078', 'NDCG@5': '0.0055', 'HIT@10': '0.0099', 'NDCG@10': '0.0062', 'HIT@20': '0.0139', 'NDCG@20': '0.0072'}
{'Epoch': 92, 'name': 'low_freq', 'HIT@5': '0.0050', 'NDCG@5': '0.0038', 'HIT@10': '0.0057', 'NDCG@10': '0.0040', 'HIT@20': '0.0091', 'NDCG@20': '0.0048'}
{'Epoch': 92, 'name': 'all', 'HIT@5': '0.0305', 'NDCG@5': '0.0199', 'HIT@10': '0.0462', 'NDCG@10': '0.0249', 'HIT@20': '0.0723', 'NDCG@20': '0.0315'}
EarlyStopping counter: 18 out of 40
rec dataset length: 186
100%|█████████████████████████████████████████████████████████████████████████████████████████████████████████████████████████████████████████| 186/186 [00:48<00:00,  3.83it/s]
{'epoch': 93, 'rec_avg_loss': '0.4650', 'joint_avg_loss': '0.7904', 'cl_avg_loss': '3.2540', 'itemcl_loss': '0.0000', 'cl_pair_0_loss': '3.2540'}
Recommendation EP_test:93: 100%|| 35/35 [00:08<00:00,  4.11it/s]
{'Epoch': 93, 'name': 'high_freq', 'HIT@5': '0.0408', 'NDCG@5': '0.0267', 'HIT@10': '0.0631', 'NDCG@10': '0.0339', 'HIT@20': '0.1001', 'NDCG@20': '0.0433'}
{'Epoch': 93, 'name': 'mid_freq', 'HIT@5': '0.0078', 'NDCG@5': '0.0052', 'HIT@10': '0.0109', 'NDCG@10': '0.0062', 'HIT@20': '0.0164', 'NDCG@20': '0.0076'}
{'Epoch': 93, 'name': 'low_freq', 'HIT@5': '0.0048', 'NDCG@5': '0.0038', 'HIT@10': '0.0068', 'NDCG@10': '0.0044', 'HIT@20': '0.0100', 'NDCG@20': '0.0052'}
{'Epoch': 93, 'name': 'all', 'HIT@5': '0.0298', 'NDCG@5': '0.0197', 'HIT@10': '0.0459', 'NDCG@10': '0.0248', 'HIT@20': '0.0726', 'NDCG@20': '0.0316'}
EarlyStopping counter: 19 out of 40
rec dataset length: 186
100%|█████████████████████████████████████████████████████████████████████████████████████████████████████████████████████████████████████████| 186/186 [00:50<00:00,  3.66it/s]
{'epoch': 94, 'rec_avg_loss': '0.4680', 'joint_avg_loss': '0.7919', 'cl_avg_loss': '3.2386', 'itemcl_loss': '0.0000', 'cl_pair_0_loss': '3.2386'}
Recommendation EP_test:94: 100%|| 35/35 [00:08<00:00,  4.25it/s]
{'Epoch': 94, 'name': 'high_freq', 'HIT@5': '0.0412', 'NDCG@5': '0.0265', 'HIT@10': '0.0654', 'NDCG@10': '0.0342', 'HIT@20': '0.0995', 'NDCG@20': '0.0428'}
{'Epoch': 94, 'name': 'mid_freq', 'HIT@5': '0.0083', 'NDCG@5': '0.0057', 'HIT@10': '0.0113', 'NDCG@10': '0.0067', 'HIT@20': '0.0169', 'NDCG@20': '0.0081'}
{'Epoch': 94, 'name': 'low_freq', 'HIT@5': '0.0050', 'NDCG@5': '0.0038', 'HIT@10': '0.0063', 'NDCG@10': '0.0043', 'HIT@20': '0.0084', 'NDCG@20': '0.0048'}
{'Epoch': 94, 'name': 'all', 'HIT@5': '0.0303', 'NDCG@5': '0.0196', 'HIT@10': '0.0475', 'NDCG@10': '0.0251', 'HIT@20': '0.0720', 'NDCG@20': '0.0313'}
EarlyStopping counter: 20 out of 40
rec dataset length: 186
100%|█████████████████████████████████████████████████████████████████████████████████████████████████████████████████████████████████████████| 186/186 [00:48<00:00,  3.86it/s]
{'epoch': 95, 'rec_avg_loss': '0.4656', 'joint_avg_loss': '0.7893', 'cl_avg_loss': '3.2363', 'itemcl_loss': '0.0000', 'cl_pair_0_loss': '3.2363'}
Recommendation EP_test:95: 100%|| 35/35 [00:08<00:00,  4.04it/s]
{'Epoch': 95, 'name': 'high_freq', 'HIT@5': '0.0409', 'NDCG@5': '0.0267', 'HIT@10': '0.0653', 'NDCG@10': '0.0345', 'HIT@20': '0.1002', 'NDCG@20': '0.0433'}
{'Epoch': 95, 'name': 'mid_freq', 'HIT@5': '0.0073', 'NDCG@5': '0.0050', 'HIT@10': '0.0118', 'NDCG@10': '0.0064', 'HIT@20': '0.0169', 'NDCG@20': '0.0077'}
{'Epoch': 95, 'name': 'low_freq', 'HIT@5': '0.0050', 'NDCG@5': '0.0037', 'HIT@10': '0.0070', 'NDCG@10': '0.0043', 'HIT@20': '0.0086', 'NDCG@20': '0.0047'}
{'Epoch': 95, 'name': 'all', 'HIT@5': '0.0299', 'NDCG@5': '0.0196', 'HIT@10': '0.0476', 'NDCG@10': '0.0253', 'HIT@20': '0.0725', 'NDCG@20': '0.0315'}
EarlyStopping counter: 21 out of 40
rec dataset length: 186
100%|█████████████████████████████████████████████████████████████████████████████████████████████████████████████████████████████████████████| 186/186 [00:48<00:00,  3.80it/s]
{'epoch': 96, 'rec_avg_loss': '0.4627', 'joint_avg_loss': '0.7720', 'cl_avg_loss': '3.0929', 'itemcl_loss': '0.0000', 'cl_pair_0_loss': '3.0929'}
Recommendation EP_test:96: 100%|| 35/35 [00:08<00:00,  4.04it/s]
{'Epoch': 96, 'name': 'high_freq', 'HIT@5': '0.0410', 'NDCG@5': '0.0269', 'HIT@10': '0.0660', 'NDCG@10': '0.0349', 'HIT@20': '0.0997', 'NDCG@20': '0.0434'}
{'Epoch': 96, 'name': 'mid_freq', 'HIT@5': '0.0082', 'NDCG@5': '0.0057', 'HIT@10': '0.0115', 'NDCG@10': '0.0067', 'HIT@20': '0.0167', 'NDCG@20': '0.0080'}
{'Epoch': 96, 'name': 'low_freq', 'HIT@5': '0.0050', 'NDCG@5': '0.0037', 'HIT@10': '0.0072', 'NDCG@10': '0.0044', 'HIT@20': '0.0075', 'NDCG@20': '0.0045'}
{'Epoch': 96, 'name': 'all', 'HIT@5': '0.0301', 'NDCG@5': '0.0199', 'HIT@10': '0.0480', 'NDCG@10': '0.0256', 'HIT@20': '0.0720', 'NDCG@20': '0.0316'}
EarlyStopping counter: 22 out of 40
rec dataset length: 186
100%|█████████████████████████████████████████████████████████████████████████████████████████████████████████████████████████████████████████| 186/186 [00:48<00:00,  3.80it/s]
{'epoch': 97, 'rec_avg_loss': '0.4638', 'joint_avg_loss': '0.7860', 'cl_avg_loss': '3.2218', 'itemcl_loss': '0.0000', 'cl_pair_0_loss': '3.2218'}
Recommendation EP_test:97: 100%|| 35/35 [00:08<00:00,  4.12it/s]
{'Epoch': 97, 'name': 'high_freq', 'HIT@5': '0.0406', 'NDCG@5': '0.0265', 'HIT@10': '0.0644', 'NDCG@10': '0.0342', 'HIT@20': '0.0998', 'NDCG@20': '0.0431'}
{'Epoch': 97, 'name': 'mid_freq', 'HIT@5': '0.0085', 'NDCG@5': '0.0061', 'HIT@10': '0.0111', 'NDCG@10': '0.0069', 'HIT@20': '0.0169', 'NDCG@20': '0.0084'}
{'Epoch': 97, 'name': 'low_freq', 'HIT@5': '0.0061', 'NDCG@5': '0.0043', 'HIT@10': '0.0068', 'NDCG@10': '0.0045', 'HIT@20': '0.0093', 'NDCG@20': '0.0051'}
{'Epoch': 97, 'name': 'all', 'HIT@5': '0.0301', 'NDCG@5': '0.0198', 'HIT@10': '0.0468', 'NDCG@10': '0.0251', 'HIT@20': '0.0724', 'NDCG@20': '0.0316'}
EarlyStopping counter: 23 out of 40
rec dataset length: 186
100%|█████████████████████████████████████████████████████████████████████████████████████████████████████████████████████████████████████████| 186/186 [00:48<00:00,  3.85it/s]
{'epoch': 98, 'rec_avg_loss': '0.4602', 'joint_avg_loss': '0.7820', 'cl_avg_loss': '3.2182', 'itemcl_loss': '0.0000', 'cl_pair_0_loss': '3.2182'}
Recommendation EP_test:98: 100%|| 35/35 [00:08<00:00,  4.17it/s]
{'Epoch': 98, 'name': 'high_freq', 'HIT@5': '0.0409', 'NDCG@5': '0.0267', 'HIT@10': '0.0649', 'NDCG@10': '0.0344', 'HIT@20': '0.0999', 'NDCG@20': '0.0432'}
{'Epoch': 98, 'name': 'mid_freq', 'HIT@5': '0.0078', 'NDCG@5': '0.0055', 'HIT@10': '0.0108', 'NDCG@10': '0.0065', 'HIT@20': '0.0177', 'NDCG@20': '0.0082'}
{'Epoch': 98, 'name': 'low_freq', 'HIT@5': '0.0054', 'NDCG@5': '0.0040', 'HIT@10': '0.0068', 'NDCG@10': '0.0045', 'HIT@20': '0.0088', 'NDCG@20': '0.0050'}
{'Epoch': 98, 'name': 'all', 'HIT@5': '0.0300', 'NDCG@5': '0.0198', 'HIT@10': '0.0471', 'NDCG@10': '0.0253', 'HIT@20': '0.0725', 'NDCG@20': '0.0316'}
EarlyStopping counter: 24 out of 40
rec dataset length: 186
100%|█████████████████████████████████████████████████████████████████████████████████████████████████████████████████████████████████████████| 186/186 [00:48<00:00,  3.86it/s]
{'epoch': 99, 'rec_avg_loss': '0.4613', 'joint_avg_loss': '0.7832', 'cl_avg_loss': '3.2191', 'itemcl_loss': '0.0000', 'cl_pair_0_loss': '3.2191'}
Recommendation EP_test:99: 100%|| 35/35 [00:08<00:00,  4.18it/s]
{'Epoch': 99, 'name': 'high_freq', 'HIT@5': '0.0402', 'NDCG@5': '0.0260', 'HIT@10': '0.0654', 'NDCG@10': '0.0341', 'HIT@20': '0.0992', 'NDCG@20': '0.0425'}
{'Epoch': 99, 'name': 'mid_freq', 'HIT@5': '0.0075', 'NDCG@5': '0.0053', 'HIT@10': '0.0115', 'NDCG@10': '0.0066', 'HIT@20': '0.0181', 'NDCG@20': '0.0082'}
{'Epoch': 99, 'name': 'low_freq', 'HIT@5': '0.0050', 'NDCG@5': '0.0038', 'HIT@10': '0.0070', 'NDCG@10': '0.0045', 'HIT@20': '0.0081', 'NDCG@20': '0.0048'}
{'Epoch': 99, 'name': 'all', 'HIT@5': '0.0294', 'NDCG@5': '0.0192', 'HIT@10': '0.0476', 'NDCG@10': '0.0250', 'HIT@20': '0.0720', 'NDCG@20': '0.0311'}
EarlyStopping counter: 25 out of 40
rec dataset length: 186
100%|█████████████████████████████████████████████████████████████████████████████████████████████████████████████████████████████████████████| 186/186 [00:48<00:00,  3.87it/s]
{'epoch': 100, 'rec_avg_loss': '0.4589', 'joint_avg_loss': '0.7787', 'cl_avg_loss': '3.1975', 'itemcl_loss': '0.0000', 'cl_pair_0_loss': '3.1975'}
Recommendation EP_test:100: 100%|| 35/35 [00:08<00:00,  4.21it/s]
{'Epoch': 100, 'name': 'high_freq', 'HIT@5': '0.0406', 'NDCG@5': '0.0266', 'HIT@10': '0.0642', 'NDCG@10': '0.0342', 'HIT@20': '0.0983', 'NDCG@20': '0.0427'}
{'Epoch': 100, 'name': 'mid_freq', 'HIT@5': '0.0088', 'NDCG@5': '0.0061', 'HIT@10': '0.0119', 'NDCG@10': '0.0071', 'HIT@20': '0.0181', 'NDCG@20': '0.0087'}
{'Epoch': 100, 'name': 'low_freq', 'HIT@5': '0.0048', 'NDCG@5': '0.0037', 'HIT@10': '0.0068', 'NDCG@10': '0.0043', 'HIT@20': '0.0091', 'NDCG@20': '0.0049'}
{'Epoch': 100, 'name': 'all', 'HIT@5': '0.0299', 'NDCG@5': '0.0197', 'HIT@10': '0.0469', 'NDCG@10': '0.0252', 'HIT@20': '0.0715', 'NDCG@20': '0.0314'}
EarlyStopping counter: 26 out of 40
rec dataset length: 186
100%|█████████████████████████████████████████████████████████████████████████████████████████████████████████████████████████████████████████| 186/186 [00:49<00:00,  3.77it/s]
{'epoch': 101, 'rec_avg_loss': '0.4570', 'joint_avg_loss': '0.7749', 'cl_avg_loss': '3.1793', 'itemcl_loss': '0.0000', 'cl_pair_0_loss': '3.1793'}
Recommendation EP_test:101: 100%|| 35/35 [00:08<00:00,  4.18it/s]
{'Epoch': 101, 'name': 'high_freq', 'HIT@5': '0.0407', 'NDCG@5': '0.0266', 'HIT@10': '0.0644', 'NDCG@10': '0.0342', 'HIT@20': '0.0981', 'NDCG@20': '0.0427'}
{'Epoch': 101, 'name': 'mid_freq', 'HIT@5': '0.0082', 'NDCG@5': '0.0061', 'HIT@10': '0.0124', 'NDCG@10': '0.0074', 'HIT@20': '0.0181', 'NDCG@20': '0.0089'}
{'Epoch': 101, 'name': 'low_freq', 'HIT@5': '0.0045', 'NDCG@5': '0.0036', 'HIT@10': '0.0070', 'NDCG@10': '0.0044', 'HIT@20': '0.0088', 'NDCG@20': '0.0048'}
{'Epoch': 101, 'name': 'all', 'HIT@5': '0.0298', 'NDCG@5': '0.0197', 'HIT@10': '0.0471', 'NDCG@10': '0.0253', 'HIT@20': '0.0714', 'NDCG@20': '0.0314'}
EarlyStopping counter: 27 out of 40
rec dataset length: 186
100%|█████████████████████████████████████████████████████████████████████████████████████████████████████████████████████████████████████████| 186/186 [00:49<00:00,  3.78it/s]
{'epoch': 102, 'rec_avg_loss': '0.4582', 'joint_avg_loss': '0.7750', 'cl_avg_loss': '3.1682', 'itemcl_loss': '0.0000', 'cl_pair_0_loss': '3.1682'}
Recommendation EP_test:102: 100%|| 35/35 [00:08<00:00,  4.18it/s]
{'Epoch': 102, 'name': 'high_freq', 'HIT@5': '0.0400', 'NDCG@5': '0.0264', 'HIT@10': '0.0626', 'NDCG@10': '0.0337', 'HIT@20': '0.0967', 'NDCG@20': '0.0423'}
{'Epoch': 102, 'name': 'mid_freq', 'HIT@5': '0.0086', 'NDCG@5': '0.0057', 'HIT@10': '0.0121', 'NDCG@10': '0.0068', 'HIT@20': '0.0182', 'NDCG@20': '0.0084'}
{'Epoch': 102, 'name': 'low_freq', 'HIT@5': '0.0048', 'NDCG@5': '0.0035', 'HIT@10': '0.0066', 'NDCG@10': '0.0041', 'HIT@20': '0.0102', 'NDCG@20': '0.0050'}
{'Epoch': 102, 'name': 'all', 'HIT@5': '0.0295', 'NDCG@5': '0.0196', 'HIT@10': '0.0458', 'NDCG@10': '0.0248', 'HIT@20': '0.0706', 'NDCG@20': '0.0310'}
EarlyStopping counter: 28 out of 40
rec dataset length: 186
100%|█████████████████████████████████████████████████████████████████████████████████████████████████████████████████████████████████████████| 186/186 [00:48<00:00,  3.82it/s]
{'epoch': 103, 'rec_avg_loss': '0.4546', 'joint_avg_loss': '0.7720', 'cl_avg_loss': '3.1746', 'itemcl_loss': '0.0000', 'cl_pair_0_loss': '3.1746'}
Recommendation EP_test:103: 100%|| 35/35 [00:08<00:00,  4.27it/s]
{'Epoch': 103, 'name': 'high_freq', 'HIT@5': '0.0408', 'NDCG@5': '0.0271', 'HIT@10': '0.0637', 'NDCG@10': '0.0344', 'HIT@20': '0.0982', 'NDCG@20': '0.0430'}
{'Epoch': 103, 'name': 'mid_freq', 'HIT@5': '0.0069', 'NDCG@5': '0.0048', 'HIT@10': '0.0125', 'NDCG@10': '0.0066', 'HIT@20': '0.0184', 'NDCG@20': '0.0081'}
{'Epoch': 103, 'name': 'low_freq', 'HIT@5': '0.0048', 'NDCG@5': '0.0033', 'HIT@10': '0.0068', 'NDCG@10': '0.0040', 'HIT@20': '0.0081', 'NDCG@20': '0.0043'}
{'Epoch': 103, 'name': 'all', 'HIT@5': '0.0297', 'NDCG@5': '0.0198', 'HIT@10': '0.0466', 'NDCG@10': '0.0252', 'HIT@20': '0.0714', 'NDCG@20': '0.0314'}
EarlyStopping counter: 29 out of 40
rec dataset length: 186
100%|█████████████████████████████████████████████████████████████████████████████████████████████████████████████████████████████████████████| 186/186 [00:49<00:00,  3.74it/s]
{'epoch': 104, 'rec_avg_loss': '0.4537', 'joint_avg_loss': '0.7547', 'cl_avg_loss': '3.0094', 'itemcl_loss': '0.0000', 'cl_pair_0_loss': '3.0094'}
Recommendation EP_test:104: 100%|| 35/35 [00:08<00:00,  3.96it/s]
{'Epoch': 104, 'name': 'high_freq', 'HIT@5': '0.0399', 'NDCG@5': '0.0262', 'HIT@10': '0.0636', 'NDCG@10': '0.0338', 'HIT@20': '0.0981', 'NDCG@20': '0.0424'}
{'Epoch': 104, 'name': 'mid_freq', 'HIT@5': '0.0069', 'NDCG@5': '0.0044', 'HIT@10': '0.0119', 'NDCG@10': '0.0061', 'HIT@20': '0.0178', 'NDCG@20': '0.0075'}
{'Epoch': 104, 'name': 'low_freq', 'HIT@5': '0.0052', 'NDCG@5': '0.0035', 'HIT@10': '0.0068', 'NDCG@10': '0.0040', 'HIT@20': '0.0093', 'NDCG@20': '0.0046'}
{'Epoch': 104, 'name': 'all', 'HIT@5': '0.0291', 'NDCG@5': '0.0191', 'HIT@10': '0.0465', 'NDCG@10': '0.0247', 'HIT@20': '0.0714', 'NDCG@20': '0.0309'}
EarlyStopping counter: 30 out of 40
rec dataset length: 186
100%|█████████████████████████████████████████████████████████████████████████████████████████████████████████████████████████████████████████| 186/186 [00:49<00:00,  3.76it/s]
{'epoch': 105, 'rec_avg_loss': '0.4536', 'joint_avg_loss': '0.7552', 'cl_avg_loss': '3.0161', 'itemcl_loss': '0.0000', 'cl_pair_0_loss': '3.0161'}
Recommendation EP_test:105: 100%|| 35/35 [00:08<00:00,  4.25it/s]
{'Epoch': 105, 'name': 'high_freq', 'HIT@5': '0.0405', 'NDCG@5': '0.0271', 'HIT@10': '0.0636', 'NDCG@10': '0.0345', 'HIT@20': '0.0990', 'NDCG@20': '0.0433'}
{'Epoch': 105, 'name': 'mid_freq', 'HIT@5': '0.0079', 'NDCG@5': '0.0054', 'HIT@10': '0.0116', 'NDCG@10': '0.0066', 'HIT@20': '0.0188', 'NDCG@20': '0.0084'}
{'Epoch': 105, 'name': 'low_freq', 'HIT@5': '0.0048', 'NDCG@5': '0.0035', 'HIT@10': '0.0057', 'NDCG@10': '0.0038', 'HIT@20': '0.0086', 'NDCG@20': '0.0045'}
{'Epoch': 105, 'name': 'all', 'HIT@5': '0.0297', 'NDCG@5': '0.0199', 'HIT@10': '0.0462', 'NDCG@10': '0.0252', 'HIT@20': '0.0721', 'NDCG@20': '0.0317'}
EarlyStopping counter: 31 out of 40
rec dataset length: 186
 59%|███████████████████████████████████████████████████████████████████████████████████▍                                                         | 110/186 [00:29<00:19,  3.82it/s]


EarlyStopping counter: 31 out of 40
rec dataset length: 186
100%|█████████████████████████████████████████████████████████████████████████████████████████████████████████████████████████████████████████████| 186/186 [00:49<00:00,  3.75it/s]
{'epoch': 106, 'rec_avg_loss': '0.4506', 'joint_avg_loss': '0.7648', 'cl_avg_loss': '3.1414', 'itemcl_loss': '0.0000', 'cl_pair_0_loss': '3.1414'}
Recommendation EP_test:106: 100%|| 35/35 [00:08<00:00,  4.23it/s]
{'Epoch': 106, 'name': 'high_freq', 'HIT@5': '0.0409', 'NDCG@5': '0.0270', 'HIT@10': '0.0626', 'NDCG@10': '0.0340', 'HIT@20': '0.0977', 'NDCG@20': '0.0428'}
{'Epoch': 106, 'name': 'mid_freq', 'HIT@5': '0.0085', 'NDCG@5': '0.0059', 'HIT@10': '0.0122', 'NDCG@10': '0.0071', 'HIT@20': '0.0174', 'NDCG@20': '0.0084'}
{'Epoch': 106, 'name': 'low_freq', 'HIT@5': '0.0048', 'NDCG@5': '0.0035', 'HIT@10': '0.0070', 'NDCG@10': '0.0043', 'HIT@20': '0.0086', 'NDCG@20': '0.0047'}
{'Epoch': 106, 'name': 'all', 'HIT@5': '0.0301', 'NDCG@5': '0.0200', 'HIT@10': '0.0459', 'NDCG@10': '0.0250', 'HIT@20': '0.0710', 'NDCG@20': '0.0313'}
EarlyStopping counter: 32 out of 40
rec dataset length: 186
100%|█████████████████████████████████████████████████████████████████████████████████████████████████████████████████████████████████████████████| 186/186 [00:49<00:00,  3.76it/s]
{'epoch': 107, 'rec_avg_loss': '0.4522', 'joint_avg_loss': '0.7666', 'cl_avg_loss': '3.1437', 'itemcl_loss': '0.0000', 'cl_pair_0_loss': '3.1437'}
Recommendation EP_test:107: 100%|| 35/35 [00:08<00:00,  3.97it/s]
{'Epoch': 107, 'name': 'high_freq', 'HIT@5': '0.0414', 'NDCG@5': '0.0269', 'HIT@10': '0.0638', 'NDCG@10': '0.0340', 'HIT@20': '0.0967', 'NDCG@20': '0.0423'}
{'Epoch': 107, 'name': 'mid_freq', 'HIT@5': '0.0078', 'NDCG@5': '0.0051', 'HIT@10': '0.0124', 'NDCG@10': '0.0065', 'HIT@20': '0.0188', 'NDCG@20': '0.0082'}
{'Epoch': 107, 'name': 'low_freq', 'HIT@5': '0.0048', 'NDCG@5': '0.0036', 'HIT@10': '0.0066', 'NDCG@10': '0.0042', 'HIT@20': '0.0095', 'NDCG@20': '0.0049'}
{'Epoch': 107, 'name': 'all', 'HIT@5': '0.0303', 'NDCG@5': '0.0197', 'HIT@10': '0.0466', 'NDCG@10': '0.0249', 'HIT@20': '0.0706', 'NDCG@20': '0.0310'}
EarlyStopping counter: 33 out of 40
rec dataset length: 186
100%|█████████████████████████████████████████████████████████████████████████████████████████████████████████████████████████████████████████████| 186/186 [00:50<00:00,  3.71it/s]
{'epoch': 108, 'rec_avg_loss': '0.4511', 'joint_avg_loss': '0.7662', 'cl_avg_loss': '3.1515', 'itemcl_loss': '0.0000', 'cl_pair_0_loss': '3.1515'}
Recommendation EP_test:108: 100%|| 35/35 [00:08<00:00,  4.04it/s]
{'Epoch': 108, 'name': 'high_freq', 'HIT@5': '0.0395', 'NDCG@5': '0.0257', 'HIT@10': '0.0632', 'NDCG@10': '0.0333', 'HIT@20': '0.0969', 'NDCG@20': '0.0418'}
{'Epoch': 108, 'name': 'mid_freq', 'HIT@5': '0.0078', 'NDCG@5': '0.0055', 'HIT@10': '0.0134', 'NDCG@10': '0.0073', 'HIT@20': '0.0201', 'NDCG@20': '0.0091'}
{'Epoch': 108, 'name': 'low_freq', 'HIT@5': '0.0052', 'NDCG@5': '0.0039', 'HIT@10': '0.0072', 'NDCG@10': '0.0046', 'HIT@20': '0.0104', 'NDCG@20': '0.0053'}
{'Epoch': 108, 'name': 'all', 'HIT@5': '0.0290', 'NDCG@5': '0.0191', 'HIT@10': '0.0465', 'NDCG@10': '0.0247', 'HIT@20': '0.0712', 'NDCG@20': '0.0308'}
EarlyStopping counter: 34 out of 40
rec dataset length: 186
100%|█████████████████████████████████████████████████████████████████████████████████████████████████████████████████████████████████████████████| 186/186 [00:50<00:00,  3.71it/s]
{'epoch': 109, 'rec_avg_loss': '0.4489', 'joint_avg_loss': '0.7642', 'cl_avg_loss': '3.1540', 'itemcl_loss': '0.0000', 'cl_pair_0_loss': '3.1540'}
Recommendation EP_test:109: 100%|| 35/35 [00:08<00:00,  4.02it/s]
{'Epoch': 109, 'name': 'high_freq', 'HIT@5': '0.0400', 'NDCG@5': '0.0258', 'HIT@10': '0.0618', 'NDCG@10': '0.0328', 'HIT@20': '0.0974', 'NDCG@20': '0.0417'}
{'Epoch': 109, 'name': 'mid_freq', 'HIT@5': '0.0093', 'NDCG@5': '0.0062', 'HIT@10': '0.0141', 'NDCG@10': '0.0077', 'HIT@20': '0.0200', 'NDCG@20': '0.0092'}
{'Epoch': 109, 'name': 'low_freq', 'HIT@5': '0.0052', 'NDCG@5': '0.0037', 'HIT@10': '0.0068', 'NDCG@10': '0.0042', 'HIT@20': '0.0100', 'NDCG@20': '0.0050'}
{'Epoch': 109, 'name': 'all', 'HIT@5': '0.0297', 'NDCG@5': '0.0192', 'HIT@10': '0.0456', 'NDCG@10': '0.0243', 'HIT@20': '0.0714', 'NDCG@20': '0.0308'}
EarlyStopping counter: 35 out of 40
rec dataset length: 186
100%|█████████████████████████████████████████████████████████████████████████████████████████████████████████████████████████████████████████████| 186/186 [00:49<00:00,  3.75it/s]
{'epoch': 110, 'rec_avg_loss': '0.4493', 'joint_avg_loss': '0.7629', 'cl_avg_loss': '3.1358', 'itemcl_loss': '0.0000', 'cl_pair_0_loss': '3.1358'}
Recommendation EP_test:110: 100%|| 35/35 [00:08<00:00,  3.97it/s]
{'Epoch': 110, 'name': 'high_freq', 'HIT@5': '0.0413', 'NDCG@5': '0.0265', 'HIT@10': '0.0638', 'NDCG@10': '0.0337', 'HIT@20': '0.0978', 'NDCG@20': '0.0422'}
{'Epoch': 110, 'name': 'mid_freq', 'HIT@5': '0.0085', 'NDCG@5': '0.0057', 'HIT@10': '0.0126', 'NDCG@10': '0.0071', 'HIT@20': '0.0195', 'NDCG@20': '0.0089'}
{'Epoch': 110, 'name': 'low_freq', 'HIT@5': '0.0057', 'NDCG@5': '0.0039', 'HIT@10': '0.0070', 'NDCG@10': '0.0044', 'HIT@20': '0.0104', 'NDCG@20': '0.0052'}
{'Epoch': 110, 'name': 'all', 'HIT@5': '0.0305', 'NDCG@5': '0.0196', 'HIT@10': '0.0467', 'NDCG@10': '0.0248', 'HIT@20': '0.0716', 'NDCG@20': '0.0311'}
EarlyStopping counter: 36 out of 40
rec dataset length: 186
100%|█████████████████████████████████████████████████████████████████████████████████████████████████████████████████████████████████████████████| 186/186 [00:48<00:00,  3.80it/s]
{'epoch': 111, 'rec_avg_loss': '0.4483', 'joint_avg_loss': '0.7621', 'cl_avg_loss': '3.1374', 'itemcl_loss': '0.0000', 'cl_pair_0_loss': '3.1374'}
Recommendation EP_test:111: 100%|| 35/35 [00:08<00:00,  4.03it/s]
{'Epoch': 111, 'name': 'high_freq', 'HIT@5': '0.0401', 'NDCG@5': '0.0268', 'HIT@10': '0.0629', 'NDCG@10': '0.0341', 'HIT@20': '0.0970', 'NDCG@20': '0.0427'}
{'Epoch': 111, 'name': 'mid_freq', 'HIT@5': '0.0079', 'NDCG@5': '0.0053', 'HIT@10': '0.0115', 'NDCG@10': '0.0065', 'HIT@20': '0.0198', 'NDCG@20': '0.0086'}
{'Epoch': 111, 'name': 'low_freq', 'HIT@5': '0.0050', 'NDCG@5': '0.0036', 'HIT@10': '0.0075', 'NDCG@10': '0.0044', 'HIT@20': '0.0106', 'NDCG@20': '0.0052'}
{'Epoch': 111, 'name': 'all', 'HIT@5': '0.0294', 'NDCG@5': '0.0197', 'HIT@10': '0.0460', 'NDCG@10': '0.0250', 'HIT@20': '0.0712', 'NDCG@20': '0.0314'}
EarlyStopping counter: 37 out of 40
rec dataset length: 186
100%|█████████████████████████████████████████████████████████████████████████████████████████████████████████████████████████████████████████████| 186/186 [00:50<00:00,  3.70it/s]
{'epoch': 112, 'rec_avg_loss': '0.4454', 'joint_avg_loss': '0.7453', 'cl_avg_loss': '2.9990', 'itemcl_loss': '0.0000', 'cl_pair_0_loss': '2.9990'}
Recommendation EP_test:112: 100%|| 35/35 [00:08<00:00,  4.07it/s]
{'Epoch': 112, 'name': 'high_freq', 'HIT@5': '0.0408', 'NDCG@5': '0.0266', 'HIT@10': '0.0637', 'NDCG@10': '0.0340', 'HIT@20': '0.0975', 'NDCG@20': '0.0425'}
{'Epoch': 112, 'name': 'mid_freq', 'HIT@5': '0.0078', 'NDCG@5': '0.0052', 'HIT@10': '0.0134', 'NDCG@10': '0.0070', 'HIT@20': '0.0195', 'NDCG@20': '0.0086'}
{'Epoch': 112, 'name': 'low_freq', 'HIT@5': '0.0050', 'NDCG@5': '0.0037', 'HIT@10': '0.0066', 'NDCG@10': '0.0042', 'HIT@20': '0.0100', 'NDCG@20': '0.0050'}
{'Epoch': 112, 'name': 'all', 'HIT@5': '0.0299', 'NDCG@5': '0.0196', 'HIT@10': '0.0468', 'NDCG@10': '0.0250', 'HIT@20': '0.0714', 'NDCG@20': '0.0312'}
EarlyStopping counter: 38 out of 40
rec dataset length: 186
100%|██████████████████████████████████████████████████████████████████████████████████████████████████████████████████████████████████████████████████████████| 186/186 [00:49<00:00,  3.76it/s]
{'epoch': 113, 'rec_avg_loss': '0.4451', 'joint_avg_loss': '0.7397', 'cl_avg_loss': '2.9464', 'itemcl_loss': '0.0000', 'cl_pair_0_loss': '2.9464'}
Recommendation EP_test:113: 100%|| 35/35 [00:08<00:00,  4.16it/s]
{'Epoch': 113, 'name': 'high_freq', 'HIT@5': '0.0400', 'NDCG@5': '0.0259', 'HIT@10': '0.0636', 'NDCG@10': '0.0335', 'HIT@20': '0.0972', 'NDCG@20': '0.0419'}
{'Epoch': 113, 'name': 'mid_freq', 'HIT@5': '0.0076', 'NDCG@5': '0.0049', 'HIT@10': '0.0129', 'NDCG@10': '0.0066', 'HIT@20': '0.0190', 'NDCG@20': '0.0081'}
{'Epoch': 113, 'name': 'low_freq', 'HIT@5': '0.0048', 'NDCG@5': '0.0036', 'HIT@10': '0.0070', 'NDCG@10': '0.0043', 'HIT@20': '0.0106', 'NDCG@20': '0.0052'}
{'Epoch': 113, 'name': 'all', 'HIT@5': '0.0293', 'NDCG@5': '0.0190', 'HIT@10': '0.0467', 'NDCG@10': '0.0246', 'HIT@20': '0.0712', 'NDCG@20': '0.0307'}
EarlyStopping counter: 39 out of 40
rec dataset length: 186
100%|██████████████████████████████████████████████████████████████████████████████████████████████████████████████████████████████████████████████████████████| 186/186 [00:48<00:00,  3.82it/s]
{'epoch': 114, 'rec_avg_loss': '0.4450', 'joint_avg_loss': '0.7384', 'cl_avg_loss': '2.9344', 'itemcl_loss': '0.0000', 'cl_pair_0_loss': '2.9344'}
Recommendation EP_test:114: 100%|| 35/35 [00:08<00:00,  4.26it/s]
{'Epoch': 114, 'name': 'high_freq', 'HIT@5': '0.0389', 'NDCG@5': '0.0257', 'HIT@10': '0.0618', 'NDCG@10': '0.0330', 'HIT@20': '0.0951', 'NDCG@20': '0.0414'}
{'Epoch': 114, 'name': 'mid_freq', 'HIT@5': '0.0080', 'NDCG@5': '0.0050', 'HIT@10': '0.0115', 'NDCG@10': '0.0061', 'HIT@20': '0.0184', 'NDCG@20': '0.0079'}
{'Epoch': 114, 'name': 'low_freq', 'HIT@5': '0.0050', 'NDCG@5': '0.0035', 'HIT@10': '0.0075', 'NDCG@10': '0.0043', 'HIT@20': '0.0106', 'NDCG@20': '0.0051'}
{'Epoch': 114, 'name': 'all', 'HIT@5': '0.0287', 'NDCG@5': '0.0189', 'HIT@10': '0.0452', 'NDCG@10': '0.0242', 'HIT@20': '0.0696', 'NDCG@20': '0.0303'}
EarlyStopping counter: 40 out of 40
Early stopping
---------------Change to test_rating_matrix!-------------------
Recommendation EP_test:115: 100%|| 35/35 [00:08<00:00,  4.08it/s]
{'Epoch': 115, 'name': 'high_freq', 'HIT@5': '0.0350', 'NDCG@5': '0.0228', 'HIT@10': '0.0545', 'NDCG@10': '0.0290', 'HIT@20': '0.0853', 'NDCG@20': '0.0368'}
{'Epoch': 115, 'name': 'mid_freq', 'HIT@5': '0.0055', 'NDCG@5': '0.0034', 'HIT@10': '0.0079', 'NDCG@10': '0.0042', 'HIT@20': '0.0129', 'NDCG@20': '0.0054'}
{'Epoch': 115, 'name': 'low_freq', 'HIT@5': '0.0037', 'NDCG@5': '0.0027', 'HIT@10': '0.0056', 'NDCG@10': '0.0034', 'HIT@20': '0.0081', 'NDCG@20': '0.0040'}
{'Epoch': 115, 'name': 'all', 'HIT@5': '0.0239', 'NDCG@5': '0.0155', 'HIT@10': '0.0370', 'NDCG@10': '0.0197', 'HIT@20': '0.0579', 'NDCG@20': '0.0250'}
CoSeRec-Sports_and_Outdoors-single_1024_adaptive_mask_v2
{'Epoch': 115, 'name': 'all', 'HIT@5': '0.0239', 'NDCG@5': '0.0155', 'HIT@10': '0.0370', 'NDCG@10': '0.0197', 'HIT@20': '0.0579', 'NDCG@20': '0.0250'}
