Using Cuda: True
(18359, 18359)
--------------------Configure Info:------------
data_dir                       :                             ./data/
output_dir                     :                             output/
data_name                      :                 Sports_and_Outdoors
do_eval                        :                                   0
model_idx                      :         single_cl_mask_mid_low_1024
gpu_id                         :                                   0
noise_ratio                    :                                 0.0
training_data_ratio            :                                 1.0
augment_threshold              :                                   4
similarity_model_name          :                          ItemCF_IUF
augmentation_warm_up_epoches   :                                 160
base_augment_type              :                                mask
augment_type_for_short         :                                 SIM
tao                            :                                 0.2
gamma                          :                                 0.7
beta                           :                                 0.2
substitute_rate                :                                 0.1
insert_rate                    :                                 0.4
max_insert_num_per_pos         :                                   1
temperature                    :                                 1.0
n_views                        :                                   2
model_name                     :                             CoSeRec
hidden_size                    :                                  64
num_hidden_layers              :                                   2
num_attention_heads            :                                   2
hidden_act                     :                                gelu
attention_probs_dropout_prob   :                                 0.5
hidden_dropout_prob            :                                 0.5
initializer_range              :                                0.02
max_seq_length                 :                                  50
lr                             :                               0.001
batch_size                     :                                1024
epochs                         :                                 300
no_cuda                        :                                   0
log_freq                       :                                   1
seed                           :                                   1
cf_weight                      :                                 0.1
rec_weight                     :                                 1.0
weight_decay                   :                                 0.0
adam_beta1                     :                                 0.9
adam_beta2                     :                               0.999
cl                             :                                   1
multi_neg                      :                                   0
use_freq                       :                                   0
mask_strategy                  :                    mask_mid_low_all
cuda_condition                 :                                   1
data_file                      :      ./data/Sports_and_Outdoors.txt
item_size                      :                               18359
mask_id                        :                               18358
log_file                       : output/CoSeRec-Sports_and_Outdoors-single_cl_mask_mid_low_1024.txt
Similarity Model Type: offline
short sequence augment type: SIM
Augmentation methods for Long sequences: 5
Augmentation methods for short sequences: 3
Creating Contrastive Learning Dataset using 'mask' data augmentation
Similarity Model Type: offline
short sequence augment type: SIM
Augmentation methods for Long sequences: 5
Augmentation methods for short sequences: 3
Creating Contrastive Learning Dataset using 'mask' data augmentation
Similarity Model Type: offline
short sequence augment type: SIM
Augmentation methods for Long sequences: 5
Augmentation methods for short sequences: 3
Creating Contrastive Learning Dataset using 'mask' data augmentation
Total Parameters: 1278464
self.cf_criterion: NCELoss
Train CoSeRec
rec dataset length: 186
100%|█████████████████████████████████████████████████████████████████████████████████████████████████████████████████████████████████████████████████████████| 186/186 [00:52<00:00,  3.53it/s]
{'epoch': 0, 'rec_avg_loss': '1.2696', 'joint_avg_loss': '2.1336', 'cl_avg_loss': '8.6403', 'itemcl_loss': '0.0000', 'cl_pair_0_loss': '8.6403'}
Recommendation EP_test:0: 100%|| 35/35 [00:06<00:00,  5.65it/s]
{'Epoch': 0, 'name': 'high_freq', 'HIT@5': '0.0107', 'NDCG@5': '0.0073', 'HIT@10': '0.0188', 'NDCG@10': '0.0099', 'HIT@20': '0.0301', 'NDCG@20': '0.0128'}
{'Epoch': 0, 'name': 'mid_freq', 'HIT@5': '0.0000', 'NDCG@5': '0.0000', 'HIT@10': '0.0000', 'NDCG@10': '0.0000', 'HIT@20': '0.0000', 'NDCG@20': '0.0000'}
{'Epoch': 0, 'name': 'low_freq', 'HIT@5': '0.0000', 'NDCG@5': '0.0000', 'HIT@10': '0.0000', 'NDCG@10': '0.0000', 'HIT@20': '0.0000', 'NDCG@20': '0.0000'}
{'Epoch': 0, 'name': 'all', 'HIT@5': '0.0073', 'NDCG@5': '0.0050', 'HIT@10': '0.0128', 'NDCG@10': '0.0068', 'HIT@20': '0.0205', 'NDCG@20': '0.0087'}
Validation score increased.  Saving model ...
rec dataset length: 186
100%|█████████████████████████████████████████████████████████████████████████████████████████████████████████████████████████████████████████████████████████| 186/186 [00:51<00:00,  3.59it/s]
{'epoch': 1, 'rec_avg_loss': '1.1852', 'joint_avg_loss': '1.8985', 'cl_avg_loss': '7.1330', 'itemcl_loss': '0.0000', 'cl_pair_0_loss': '7.1330'}
Recommendation EP_test:1: 100%|| 35/35 [00:06<00:00,  5.08it/s]
{'Epoch': 1, 'name': 'high_freq', 'HIT@5': '0.0123', 'NDCG@5': '0.0081', 'HIT@10': '0.0222', 'NDCG@10': '0.0112', 'HIT@20': '0.0339', 'NDCG@20': '0.0141'}
{'Epoch': 1, 'name': 'mid_freq', 'HIT@5': '0.0000', 'NDCG@5': '0.0000', 'HIT@10': '0.0000', 'NDCG@10': '0.0000', 'HIT@20': '0.0000', 'NDCG@20': '0.0000'}
{'Epoch': 1, 'name': 'low_freq', 'HIT@5': '0.0000', 'NDCG@5': '0.0000', 'HIT@10': '0.0000', 'NDCG@10': '0.0000', 'HIT@20': '0.0000', 'NDCG@20': '0.0000'}
{'Epoch': 1, 'name': 'all', 'HIT@5': '0.0084', 'NDCG@5': '0.0055', 'HIT@10': '0.0151', 'NDCG@10': '0.0076', 'HIT@20': '0.0230', 'NDCG@20': '0.0096'}
Validation score increased.  Saving model ...
rec dataset length: 186
100%|█████████████████████████████████████████████████████████████████████████████████████████████████████████████████████████████████████████████████████████| 186/186 [00:51<00:00,  3.58it/s]
{'epoch': 2, 'rec_avg_loss': '1.1714', 'joint_avg_loss': '1.8610', 'cl_avg_loss': '6.8961', 'itemcl_loss': '0.0000', 'cl_pair_0_loss': '6.8961'}
Recommendation EP_test:2: 100%|| 35/35 [00:08<00:00,  4.25it/s]
{'Epoch': 2, 'name': 'high_freq', 'HIT@5': '0.0118', 'NDCG@5': '0.0079', 'HIT@10': '0.0187', 'NDCG@10': '0.0101', 'HIT@20': '0.0345', 'NDCG@20': '0.0140'}
{'Epoch': 2, 'name': 'mid_freq', 'HIT@5': '0.0000', 'NDCG@5': '0.0000', 'HIT@10': '0.0000', 'NDCG@10': '0.0000', 'HIT@20': '0.0000', 'NDCG@20': '0.0000'}
{'Epoch': 2, 'name': 'low_freq', 'HIT@5': '0.0000', 'NDCG@5': '0.0000', 'HIT@10': '0.0000', 'NDCG@10': '0.0000', 'HIT@20': '0.0000', 'NDCG@20': '0.0000'}
{'Epoch': 2, 'name': 'all', 'HIT@5': '0.0080', 'NDCG@5': '0.0054', 'HIT@10': '0.0127', 'NDCG@10': '0.0069', 'HIT@20': '0.0235', 'NDCG@20': '0.0095'}
EarlyStopping counter: 1 out of 40
rec dataset length: 186
100%|█████████████████████████████████████████████████████████████████████████████████████████████████████████████████████████████████████████████████████████| 186/186 [00:51<00:00,  3.60it/s]
{'epoch': 3, 'rec_avg_loss': '1.1550', 'joint_avg_loss': '1.8357', 'cl_avg_loss': '6.8070', 'itemcl_loss': '0.0000', 'cl_pair_0_loss': '6.8070'}
Recommendation EP_test:3: 100%|| 35/35 [00:07<00:00,  4.45it/s]
{'Epoch': 3, 'name': 'high_freq', 'HIT@5': '0.0122', 'NDCG@5': '0.0080', 'HIT@10': '0.0204', 'NDCG@10': '0.0106', 'HIT@20': '0.0354', 'NDCG@20': '0.0143'}
{'Epoch': 3, 'name': 'mid_freq', 'HIT@5': '0.0000', 'NDCG@5': '0.0000', 'HIT@10': '0.0000', 'NDCG@10': '0.0000', 'HIT@20': '0.0000', 'NDCG@20': '0.0000'}
{'Epoch': 3, 'name': 'low_freq', 'HIT@5': '0.0000', 'NDCG@5': '0.0000', 'HIT@10': '0.0000', 'NDCG@10': '0.0000', 'HIT@20': '0.0000', 'NDCG@20': '0.0000'}
{'Epoch': 3, 'name': 'all', 'HIT@5': '0.0083', 'NDCG@5': '0.0054', 'HIT@10': '0.0139', 'NDCG@10': '0.0072', 'HIT@20': '0.0241', 'NDCG@20': '0.0098'}
Validation score increased.  Saving model ...
rec dataset length: 186
100%|█████████████████████████████████████████████████████████████████████████████████████████████████████████████████████████████████████████████████████████| 186/186 [00:51<00:00,  3.59it/s]
{'epoch': 4, 'rec_avg_loss': '1.1374', 'joint_avg_loss': '1.8085', 'cl_avg_loss': '6.7109', 'itemcl_loss': '0.0000', 'cl_pair_0_loss': '6.7109'}
Recommendation EP_test:4: 100%|| 35/35 [00:09<00:00,  3.72it/s]
{'Epoch': 4, 'name': 'high_freq', 'HIT@5': '0.0125', 'NDCG@5': '0.0082', 'HIT@10': '0.0222', 'NDCG@10': '0.0113', 'HIT@20': '0.0399', 'NDCG@20': '0.0157'}
{'Epoch': 4, 'name': 'mid_freq', 'HIT@5': '0.0000', 'NDCG@5': '0.0000', 'HIT@10': '0.0000', 'NDCG@10': '0.0000', 'HIT@20': '0.0000', 'NDCG@20': '0.0000'}
{'Epoch': 4, 'name': 'low_freq', 'HIT@5': '0.0000', 'NDCG@5': '0.0000', 'HIT@10': '0.0000', 'NDCG@10': '0.0000', 'HIT@20': '0.0000', 'NDCG@20': '0.0000'}
{'Epoch': 4, 'name': 'all', 'HIT@5': '0.0085', 'NDCG@5': '0.0056', 'HIT@10': '0.0151', 'NDCG@10': '0.0077', 'HIT@20': '0.0271', 'NDCG@20': '0.0107'}
Validation score increased.  Saving model ...
rec dataset length: 186
100%|█████████████████████████████████████████████████████████████████████████████████████████████████████████████████████████████████████████████████████████| 186/186 [00:51<00:00,  3.59it/s]
{'epoch': 5, 'rec_avg_loss': '1.1088', 'joint_avg_loss': '1.7704', 'cl_avg_loss': '6.6156', 'itemcl_loss': '0.0000', 'cl_pair_0_loss': '6.6156'}
Recommendation EP_test:5: 100%|| 35/35 [00:08<00:00,  4.09it/s]
{'Epoch': 5, 'name': 'high_freq', 'HIT@5': '0.0141', 'NDCG@5': '0.0089', 'HIT@10': '0.0246', 'NDCG@10': '0.0123', 'HIT@20': '0.0437', 'NDCG@20': '0.0171'}
{'Epoch': 5, 'name': 'mid_freq', 'HIT@5': '0.0000', 'NDCG@5': '0.0000', 'HIT@10': '0.0000', 'NDCG@10': '0.0000', 'HIT@20': '0.0001', 'NDCG@20': '0.0000'}
{'Epoch': 5, 'name': 'low_freq', 'HIT@5': '0.0000', 'NDCG@5': '0.0000', 'HIT@10': '0.0000', 'NDCG@10': '0.0000', 'HIT@20': '0.0000', 'NDCG@20': '0.0000'}
{'Epoch': 5, 'name': 'all', 'HIT@5': '0.0096', 'NDCG@5': '0.0061', 'HIT@10': '0.0167', 'NDCG@10': '0.0084', 'HIT@20': '0.0297', 'NDCG@20': '0.0117'}
Validation score increased.  Saving model ...
rec dataset length: 186
100%|█████████████████████████████████████████████████████████████████████████████████████████████████████████████████████████████████████████████████████████| 186/186 [00:51<00:00,  3.59it/s]
{'epoch': 6, 'rec_avg_loss': '1.0718', 'joint_avg_loss': '1.7244', 'cl_avg_loss': '6.5260', 'itemcl_loss': '0.0000', 'cl_pair_0_loss': '6.5260'}
Recommendation EP_test:6: 100%|| 35/35 [00:08<00:00,  4.14it/s]
{'Epoch': 6, 'name': 'high_freq', 'HIT@5': '0.0147', 'NDCG@5': '0.0094', 'HIT@10': '0.0263', 'NDCG@10': '0.0131', 'HIT@20': '0.0462', 'NDCG@20': '0.0181'}
{'Epoch': 6, 'name': 'mid_freq', 'HIT@5': '0.0000', 'NDCG@5': '0.0000', 'HIT@10': '0.0000', 'NDCG@10': '0.0000', 'HIT@20': '0.0001', 'NDCG@20': '0.0000'}
{'Epoch': 6, 'name': 'low_freq', 'HIT@5': '0.0002', 'NDCG@5': '0.0002', 'HIT@10': '0.0002', 'NDCG@10': '0.0002', 'HIT@20': '0.0002', 'NDCG@20': '0.0002'}
{'Epoch': 6, 'name': 'all', 'HIT@5': '0.0101', 'NDCG@5': '0.0064', 'HIT@10': '0.0179', 'NDCG@10': '0.0089', 'HIT@20': '0.0315', 'NDCG@20': '0.0123'}
Validation score increased.  Saving model ...
rec dataset length: 186
100%|█████████████████████████████████████████████████████████████████████████████████████████████████████████████████████████████████████████████████████████| 186/186 [00:51<00:00,  3.59it/s]
{'epoch': 7, 'rec_avg_loss': '1.0432', 'joint_avg_loss': '1.6872', 'cl_avg_loss': '6.4396', 'itemcl_loss': '0.0000', 'cl_pair_0_loss': '6.4396'}
Recommendation EP_test:7: 100%|| 35/35 [00:08<00:00,  4.13it/s]
{'Epoch': 7, 'name': 'high_freq', 'HIT@5': '0.0161', 'NDCG@5': '0.0102', 'HIT@10': '0.0289', 'NDCG@10': '0.0142', 'HIT@20': '0.0490', 'NDCG@20': '0.0193'}
{'Epoch': 7, 'name': 'mid_freq', 'HIT@5': '0.0000', 'NDCG@5': '0.0000', 'HIT@10': '0.0000', 'NDCG@10': '0.0000', 'HIT@20': '0.0000', 'NDCG@20': '0.0000'}
{'Epoch': 7, 'name': 'low_freq', 'HIT@5': '0.0000', 'NDCG@5': '0.0000', 'HIT@10': '0.0000', 'NDCG@10': '0.0000', 'HIT@20': '0.0000', 'NDCG@20': '0.0000'}
{'Epoch': 7, 'name': 'all', 'HIT@5': '0.0110', 'NDCG@5': '0.0069', 'HIT@10': '0.0197', 'NDCG@10': '0.0097', 'HIT@20': '0.0333', 'NDCG@20': '0.0131'}
Validation score increased.  Saving model ...
rec dataset length: 186
100%|█████████████████████████████████████████████████████████████████████████████████████████████████████████████████████████████████████████████████████████| 186/186 [00:51<00:00,  3.59it/s]
{'epoch': 8, 'rec_avg_loss': '1.0109', 'joint_avg_loss': '1.6491', 'cl_avg_loss': '6.3821', 'itemcl_loss': '0.0000', 'cl_pair_0_loss': '6.3821'}
Recommendation EP_test:8: 100%|| 35/35 [00:08<00:00,  4.17it/s]
{'Epoch': 8, 'name': 'high_freq', 'HIT@5': '0.0171', 'NDCG@5': '0.0108', 'HIT@10': '0.0304', 'NDCG@10': '0.0151', 'HIT@20': '0.0505', 'NDCG@20': '0.0202'}
{'Epoch': 8, 'name': 'mid_freq', 'HIT@5': '0.0000', 'NDCG@5': '0.0000', 'HIT@10': '0.0000', 'NDCG@10': '0.0000', 'HIT@20': '0.0001', 'NDCG@20': '0.0000'}
{'Epoch': 8, 'name': 'low_freq', 'HIT@5': '0.0000', 'NDCG@5': '0.0000', 'HIT@10': '0.0000', 'NDCG@10': '0.0000', 'HIT@20': '0.0000', 'NDCG@20': '0.0000'}
{'Epoch': 8, 'name': 'all', 'HIT@5': '0.0116', 'NDCG@5': '0.0074', 'HIT@10': '0.0207', 'NDCG@10': '0.0103', 'HIT@20': '0.0344', 'NDCG@20': '0.0137'}
Validation score increased.  Saving model ...
rec dataset length: 186
100%|█████████████████████████████████████████████████████████████████████████████████████████████████████████████████████████████████████████████████████████| 186/186 [00:51<00:00,  3.58it/s]
{'epoch': 9, 'rec_avg_loss': '0.9846', 'joint_avg_loss': '1.6181', 'cl_avg_loss': '6.3347', 'itemcl_loss': '0.0000', 'cl_pair_0_loss': '6.3347'}
Recommendation EP_test:9: 100%|| 35/35 [00:08<00:00,  4.19it/s]
{'Epoch': 9, 'name': 'high_freq', 'HIT@5': '0.0173', 'NDCG@5': '0.0111', 'HIT@10': '0.0328', 'NDCG@10': '0.0161', 'HIT@20': '0.0527', 'NDCG@20': '0.0211'}
{'Epoch': 9, 'name': 'mid_freq', 'HIT@5': '0.0003', 'NDCG@5': '0.0001', 'HIT@10': '0.0003', 'NDCG@10': '0.0001', 'HIT@20': '0.0004', 'NDCG@20': '0.0002'}
{'Epoch': 9, 'name': 'low_freq', 'HIT@5': '0.0000', 'NDCG@5': '0.0000', 'HIT@10': '0.0000', 'NDCG@10': '0.0000', 'HIT@20': '0.0000', 'NDCG@20': '0.0000'}
{'Epoch': 9, 'name': 'all', 'HIT@5': '0.0119', 'NDCG@5': '0.0076', 'HIT@10': '0.0224', 'NDCG@10': '0.0110', 'HIT@20': '0.0360', 'NDCG@20': '0.0144'}
Validation score increased.  Saving model ...
rec dataset length: 186
100%|█████████████████████████████████████████████████████████████████████████████████████████████████████████████████████████████████████████████████████████| 186/186 [00:51<00:00,  3.60it/s]
{'epoch': 10, 'rec_avg_loss': '0.9656', 'joint_avg_loss': '1.5949', 'cl_avg_loss': '6.2929', 'itemcl_loss': '0.0000', 'cl_pair_0_loss': '6.2929'}
Recommendation EP_test:10: 100%|| 35/35 [00:08<00:00,  4.09it/s]
{'Epoch': 10, 'name': 'high_freq', 'HIT@5': '0.0202', 'NDCG@5': '0.0128', 'HIT@10': '0.0360', 'NDCG@10': '0.0179', 'HIT@20': '0.0572', 'NDCG@20': '0.0232'}
{'Epoch': 10, 'name': 'mid_freq', 'HIT@5': '0.0003', 'NDCG@5': '0.0002', 'HIT@10': '0.0007', 'NDCG@10': '0.0003', 'HIT@20': '0.0011', 'NDCG@20': '0.0004'}
{'Epoch': 10, 'name': 'low_freq', 'HIT@5': '0.0000', 'NDCG@5': '0.0000', 'HIT@10': '0.0000', 'NDCG@10': '0.0000', 'HIT@20': '0.0000', 'NDCG@20': '0.0000'}
{'Epoch': 10, 'name': 'all', 'HIT@5': '0.0138', 'NDCG@5': '0.0088', 'HIT@10': '0.0246', 'NDCG@10': '0.0122', 'HIT@20': '0.0391', 'NDCG@20': '0.0159'}
Validation score increased.  Saving model ...
rec dataset length: 186
100%|█████████████████████████████████████████████████████████████████████████████████████████████████████████████████████████████████████████████████████████| 186/186 [00:51<00:00,  3.59it/s]
{'epoch': 11, 'rec_avg_loss': '0.9466', 'joint_avg_loss': '1.5730', 'cl_avg_loss': '6.2635', 'itemcl_loss': '0.0000', 'cl_pair_0_loss': '6.2635'}
Recommendation EP_test:11: 100%|| 35/35 [00:08<00:00,  4.05it/s]
{'Epoch': 11, 'name': 'high_freq', 'HIT@5': '0.0206', 'NDCG@5': '0.0135', 'HIT@10': '0.0370', 'NDCG@10': '0.0188', 'HIT@20': '0.0590', 'NDCG@20': '0.0243'}
{'Epoch': 11, 'name': 'mid_freq', 'HIT@5': '0.0003', 'NDCG@5': '0.0002', 'HIT@10': '0.0006', 'NDCG@10': '0.0003', 'HIT@20': '0.0010', 'NDCG@20': '0.0004'}
{'Epoch': 11, 'name': 'low_freq', 'HIT@5': '0.0000', 'NDCG@5': '0.0000', 'HIT@10': '0.0000', 'NDCG@10': '0.0000', 'HIT@20': '0.0005', 'NDCG@20': '0.0001'}
{'Epoch': 11, 'name': 'all', 'HIT@5': '0.0141', 'NDCG@5': '0.0092', 'HIT@10': '0.0253', 'NDCG@10': '0.0128', 'HIT@20': '0.0404', 'NDCG@20': '0.0166'}
Validation score increased.  Saving model ...
rec dataset length: 186
100%|█████████████████████████████████████████████████████████████████████████████████████████████████████████████████████████████████████████████████████████| 186/186 [00:51<00:00,  3.60it/s]
{'epoch': 12, 'rec_avg_loss': '0.9254', 'joint_avg_loss': '1.5485', 'cl_avg_loss': '6.2307', 'itemcl_loss': '0.0000', 'cl_pair_0_loss': '6.2307'}
Recommendation EP_test:12: 100%|| 35/35 [00:08<00:00,  4.01it/s]
{'Epoch': 12, 'name': 'high_freq', 'HIT@5': '0.0230', 'NDCG@5': '0.0147', 'HIT@10': '0.0382', 'NDCG@10': '0.0195', 'HIT@20': '0.0613', 'NDCG@20': '0.0253'}
{'Epoch': 12, 'name': 'mid_freq', 'HIT@5': '0.0001', 'NDCG@5': '0.0001', 'HIT@10': '0.0004', 'NDCG@10': '0.0002', 'HIT@20': '0.0013', 'NDCG@20': '0.0005'}
{'Epoch': 12, 'name': 'low_freq', 'HIT@5': '0.0000', 'NDCG@5': '0.0000', 'HIT@10': '0.0002', 'NDCG@10': '0.0001', 'HIT@20': '0.0005', 'NDCG@20': '0.0001'}
{'Epoch': 12, 'name': 'all', 'HIT@5': '0.0157', 'NDCG@5': '0.0100', 'HIT@10': '0.0261', 'NDCG@10': '0.0133', 'HIT@20': '0.0420', 'NDCG@20': '0.0173'}
Validation score increased.  Saving model ...
rec dataset length: 186
100%|█████████████████████████████████████████████████████████████████████████████████████████████████████████████████████████████████████████████████████████| 186/186 [00:51<00:00,  3.59it/s]
{'epoch': 13, 'rec_avg_loss': '0.9064', 'joint_avg_loss': '1.5269', 'cl_avg_loss': '6.2049', 'itemcl_loss': '0.0000', 'cl_pair_0_loss': '6.2049'}
Recommendation EP_test:13: 100%|| 35/35 [00:08<00:00,  4.04it/s]
{'Epoch': 13, 'name': 'high_freq', 'HIT@5': '0.0239', 'NDCG@5': '0.0151', 'HIT@10': '0.0401', 'NDCG@10': '0.0203', 'HIT@20': '0.0659', 'NDCG@20': '0.0268'}
{'Epoch': 13, 'name': 'mid_freq', 'HIT@5': '0.0001', 'NDCG@5': '0.0001', 'HIT@10': '0.0004', 'NDCG@10': '0.0001', 'HIT@20': '0.0009', 'NDCG@20': '0.0002'}
{'Epoch': 13, 'name': 'low_freq', 'HIT@5': '0.0000', 'NDCG@5': '0.0000', 'HIT@10': '0.0002', 'NDCG@10': '0.0001', 'HIT@20': '0.0005', 'NDCG@20': '0.0001'}
{'Epoch': 13, 'name': 'all', 'HIT@5': '0.0163', 'NDCG@5': '0.0103', 'HIT@10': '0.0274', 'NDCG@10': '0.0138', 'HIT@20': '0.0451', 'NDCG@20': '0.0183'}
Validation score increased.  Saving model ...
rec dataset length: 186
100%|█████████████████████████████████████████████████████████████████████████████████████████████████████████████████████████████████████████████████████████| 186/186 [00:51<00:00,  3.59it/s]
{'epoch': 14, 'rec_avg_loss': '0.8897', 'joint_avg_loss': '1.5079', 'cl_avg_loss': '6.1816', 'itemcl_loss': '0.0000', 'cl_pair_0_loss': '6.1816'}
Recommendation EP_test:14: 100%|| 35/35 [00:08<00:00,  4.05it/s]
{'Epoch': 14, 'name': 'high_freq', 'HIT@5': '0.0241', 'NDCG@5': '0.0156', 'HIT@10': '0.0415', 'NDCG@10': '0.0212', 'HIT@20': '0.0652', 'NDCG@20': '0.0271'}
{'Epoch': 14, 'name': 'mid_freq', 'HIT@5': '0.0001', 'NDCG@5': '0.0001', 'HIT@10': '0.0006', 'NDCG@10': '0.0002', 'HIT@20': '0.0010', 'NDCG@20': '0.0003'}
{'Epoch': 14, 'name': 'low_freq', 'HIT@5': '0.0000', 'NDCG@5': '0.0000', 'HIT@10': '0.0000', 'NDCG@10': '0.0000', 'HIT@20': '0.0007', 'NDCG@20': '0.0002'}
{'Epoch': 14, 'name': 'all', 'HIT@5': '0.0164', 'NDCG@5': '0.0106', 'HIT@10': '0.0283', 'NDCG@10': '0.0144', 'HIT@20': '0.0447', 'NDCG@20': '0.0185'}
Validation score increased.  Saving model ...
rec dataset length: 186
100%|█████████████████████████████████████████████████████████████████████████████████████████████████████████████████████████████████████████████████████████| 186/186 [00:51<00:00,  3.59it/s]
{'epoch': 15, 'rec_avg_loss': '0.8714', 'joint_avg_loss': '1.4882', 'cl_avg_loss': '6.1684', 'itemcl_loss': '0.0000', 'cl_pair_0_loss': '6.1684'}
Recommendation EP_test:15: 100%|| 35/35 [00:08<00:00,  4.06it/s]
{'Epoch': 15, 'name': 'high_freq', 'HIT@5': '0.0248', 'NDCG@5': '0.0151', 'HIT@10': '0.0421', 'NDCG@10': '0.0207', 'HIT@20': '0.0674', 'NDCG@20': '0.0270'}
{'Epoch': 15, 'name': 'mid_freq', 'HIT@5': '0.0000', 'NDCG@5': '0.0000', 'HIT@10': '0.0003', 'NDCG@10': '0.0001', 'HIT@20': '0.0011', 'NDCG@20': '0.0003'}
{'Epoch': 15, 'name': 'low_freq', 'HIT@5': '0.0000', 'NDCG@5': '0.0000', 'HIT@10': '0.0002', 'NDCG@10': '0.0001', 'HIT@20': '0.0002', 'NDCG@20': '0.0001'}
{'Epoch': 15, 'name': 'all', 'HIT@5': '0.0169', 'NDCG@5': '0.0103', 'HIT@10': '0.0287', 'NDCG@10': '0.0141', 'HIT@20': '0.0461', 'NDCG@20': '0.0185'}
EarlyStopping counter: 1 out of 40
rec dataset length: 186
100%|█████████████████████████████████████████████████████████████████████████████████████████████████████████████████████████████████████████████████████████| 186/186 [00:51<00:00,  3.59it/s]
{'epoch': 16, 'rec_avg_loss': '0.8540', 'joint_avg_loss': '1.4693', 'cl_avg_loss': '6.1523', 'itemcl_loss': '0.0000', 'cl_pair_0_loss': '6.1523'}
Recommendation EP_test:16: 100%|| 35/35 [00:08<00:00,  4.05it/s]
{'Epoch': 16, 'name': 'high_freq', 'HIT@5': '0.0258', 'NDCG@5': '0.0166', 'HIT@10': '0.0443', 'NDCG@10': '0.0225', 'HIT@20': '0.0688', 'NDCG@20': '0.0286'}
{'Epoch': 16, 'name': 'mid_freq', 'HIT@5': '0.0000', 'NDCG@5': '0.0000', 'HIT@10': '0.0007', 'NDCG@10': '0.0002', 'HIT@20': '0.0014', 'NDCG@20': '0.0004'}
{'Epoch': 16, 'name': 'low_freq', 'HIT@5': '0.0000', 'NDCG@5': '0.0000', 'HIT@10': '0.0000', 'NDCG@10': '0.0000', 'HIT@20': '0.0000', 'NDCG@20': '0.0000'}
{'Epoch': 16, 'name': 'all', 'HIT@5': '0.0175', 'NDCG@5': '0.0113', 'HIT@10': '0.0303', 'NDCG@10': '0.0154', 'HIT@20': '0.0471', 'NDCG@20': '0.0196'}
Validation score increased.  Saving model ...
rec dataset length: 186
100%|█████████████████████████████████████████████████████████████████████████████████████████████████████████████████████████████████████████████████████████| 186/186 [00:51<00:00,  3.60it/s]
{'epoch': 17, 'rec_avg_loss': '0.8372', 'joint_avg_loss': '1.4516', 'cl_avg_loss': '6.1436', 'itemcl_loss': '0.0000', 'cl_pair_0_loss': '6.1436'}
Recommendation EP_test:17: 100%|| 35/35 [00:08<00:00,  4.02it/s]
{'Epoch': 17, 'name': 'high_freq', 'HIT@5': '0.0271', 'NDCG@5': '0.0171', 'HIT@10': '0.0453', 'NDCG@10': '0.0230', 'HIT@20': '0.0719', 'NDCG@20': '0.0296'}
{'Epoch': 17, 'name': 'mid_freq', 'HIT@5': '0.0003', 'NDCG@5': '0.0001', 'HIT@10': '0.0010', 'NDCG@10': '0.0004', 'HIT@20': '0.0017', 'NDCG@20': '0.0005'}
{'Epoch': 17, 'name': 'low_freq', 'HIT@5': '0.0000', 'NDCG@5': '0.0000', 'HIT@10': '0.0000', 'NDCG@10': '0.0000', 'HIT@20': '0.0007', 'NDCG@20': '0.0002'}
{'Epoch': 17, 'name': 'all', 'HIT@5': '0.0185', 'NDCG@5': '0.0117', 'HIT@10': '0.0310', 'NDCG@10': '0.0157', 'HIT@20': '0.0493', 'NDCG@20': '0.0203'}
Validation score increased.  Saving model ...
rec dataset length: 186
100%|█████████████████████████████████████████████████████████████████████████████████████████████████████████████████████████████████████████████████████████| 186/186 [00:51<00:00,  3.59it/s]
{'epoch': 18, 'rec_avg_loss': '0.8270', 'joint_avg_loss': '1.4389', 'cl_avg_loss': '6.1189', 'itemcl_loss': '0.0000', 'cl_pair_0_loss': '6.1189'}
Recommendation EP_test:18: 100%|| 35/35 [00:08<00:00,  3.97it/s]
{'Epoch': 18, 'name': 'high_freq', 'HIT@5': '0.0280', 'NDCG@5': '0.0179', 'HIT@10': '0.0449', 'NDCG@10': '0.0233', 'HIT@20': '0.0742', 'NDCG@20': '0.0307'}
{'Epoch': 18, 'name': 'mid_freq', 'HIT@5': '0.0010', 'NDCG@5': '0.0005', 'HIT@10': '0.0011', 'NDCG@10': '0.0006', 'HIT@20': '0.0017', 'NDCG@20': '0.0007'}
{'Epoch': 18, 'name': 'low_freq', 'HIT@5': '0.0000', 'NDCG@5': '0.0000', 'HIT@10': '0.0000', 'NDCG@10': '0.0000', 'HIT@20': '0.0007', 'NDCG@20': '0.0002'}
{'Epoch': 18, 'name': 'all', 'HIT@5': '0.0192', 'NDCG@5': '0.0123', 'HIT@10': '0.0308', 'NDCG@10': '0.0160', 'HIT@20': '0.0509', 'NDCG@20': '0.0210'}
Validation score increased.  Saving model ...
rec dataset length: 186
100%|█████████████████████████████████████████████████████████████████████████████████████████████████████████████████████████████████████████████████████████| 186/186 [00:51<00:00,  3.59it/s]
{'epoch': 19, 'rec_avg_loss': '0.8122', 'joint_avg_loss': '1.4236', 'cl_avg_loss': '6.1147', 'itemcl_loss': '0.0000', 'cl_pair_0_loss': '6.1147'}
Recommendation EP_test:19: 100%|| 35/35 [00:08<00:00,  4.01it/s]
{'Epoch': 19, 'name': 'high_freq', 'HIT@5': '0.0272', 'NDCG@5': '0.0174', 'HIT@10': '0.0463', 'NDCG@10': '0.0235', 'HIT@20': '0.0748', 'NDCG@20': '0.0307'}
{'Epoch': 19, 'name': 'mid_freq', 'HIT@5': '0.0006', 'NDCG@5': '0.0004', 'HIT@10': '0.0011', 'NDCG@10': '0.0006', 'HIT@20': '0.0023', 'NDCG@20': '0.0009'}
{'Epoch': 19, 'name': 'low_freq', 'HIT@5': '0.0000', 'NDCG@5': '0.0000', 'HIT@10': '0.0000', 'NDCG@10': '0.0000', 'HIT@20': '0.0005', 'NDCG@20': '0.0001'}
{'Epoch': 19, 'name': 'all', 'HIT@5': '0.0186', 'NDCG@5': '0.0119', 'HIT@10': '0.0317', 'NDCG@10': '0.0161', 'HIT@20': '0.0514', 'NDCG@20': '0.0210'}
Validation score increased.  Saving model ...
rec dataset length: 186
100%|█████████████████████████████████████████████████████████████████████████████████████████████████████████████████████████████████████████████████████████| 186/186 [00:51<00:00,  3.60it/s]
{'epoch': 20, 'rec_avg_loss': '0.7984', 'joint_avg_loss': '1.4093', 'cl_avg_loss': '6.1091', 'itemcl_loss': '0.0000', 'cl_pair_0_loss': '6.1091'}
Recommendation EP_test:20: 100%|| 35/35 [00:08<00:00,  4.03it/s]
{'Epoch': 20, 'name': 'high_freq', 'HIT@5': '0.0282', 'NDCG@5': '0.0180', 'HIT@10': '0.0470', 'NDCG@10': '0.0240', 'HIT@20': '0.0755', 'NDCG@20': '0.0312'}
{'Epoch': 20, 'name': 'mid_freq', 'HIT@5': '0.0004', 'NDCG@5': '0.0002', 'HIT@10': '0.0010', 'NDCG@10': '0.0004', 'HIT@20': '0.0022', 'NDCG@20': '0.0007'}
{'Epoch': 20, 'name': 'low_freq', 'HIT@5': '0.0000', 'NDCG@5': '0.0000', 'HIT@10': '0.0002', 'NDCG@10': '0.0001', 'HIT@20': '0.0005', 'NDCG@20': '0.0001'}
{'Epoch': 20, 'name': 'all', 'HIT@5': '0.0193', 'NDCG@5': '0.0123', 'HIT@10': '0.0322', 'NDCG@10': '0.0164', 'HIT@20': '0.0519', 'NDCG@20': '0.0214'}
Validation score increased.  Saving model ...
rec dataset length: 186
100%|█████████████████████████████████████████████████████████████████████████████████████████████████████████████████████████████████████████████████████████| 186/186 [00:51<00:00,  3.59it/s]
{'epoch': 21, 'rec_avg_loss': '0.7869', 'joint_avg_loss': '1.3971', 'cl_avg_loss': '6.1015', 'itemcl_loss': '0.0000', 'cl_pair_0_loss': '6.1015'}
Recommendation EP_test:21: 100%|| 35/35 [00:08<00:00,  4.05it/s]
{'Epoch': 21, 'name': 'high_freq', 'HIT@5': '0.0282', 'NDCG@5': '0.0180', 'HIT@10': '0.0482', 'NDCG@10': '0.0244', 'HIT@20': '0.0757', 'NDCG@20': '0.0313'}
{'Epoch': 21, 'name': 'mid_freq', 'HIT@5': '0.0013', 'NDCG@5': '0.0006', 'HIT@10': '0.0019', 'NDCG@10': '0.0008', 'HIT@20': '0.0024', 'NDCG@20': '0.0009'}
{'Epoch': 21, 'name': 'low_freq', 'HIT@5': '0.0000', 'NDCG@5': '0.0000', 'HIT@10': '0.0005', 'NDCG@10': '0.0001', 'HIT@20': '0.0007', 'NDCG@20': '0.0002'}
{'Epoch': 21, 'name': 'all', 'HIT@5': '0.0194', 'NDCG@5': '0.0124', 'HIT@10': '0.0332', 'NDCG@10': '0.0168', 'HIT@20': '0.0521', 'NDCG@20': '0.0215'}
Validation score increased.  Saving model ...
rec dataset length: 186
100%|█████████████████████████████████████████████████████████████████████████████████████████████████████████████████████████████████████████████████████████| 186/186 [00:51<00:00,  3.59it/s]
{'epoch': 22, 'rec_avg_loss': '0.7753', 'joint_avg_loss': '1.3839', 'cl_avg_loss': '6.0858', 'itemcl_loss': '0.0000', 'cl_pair_0_loss': '6.0858'}
Recommendation EP_test:22: 100%|| 35/35 [00:08<00:00,  4.07it/s]
{'Epoch': 22, 'name': 'high_freq', 'HIT@5': '0.0288', 'NDCG@5': '0.0185', 'HIT@10': '0.0472', 'NDCG@10': '0.0244', 'HIT@20': '0.0752', 'NDCG@20': '0.0314'}
{'Epoch': 22, 'name': 'mid_freq', 'HIT@5': '0.0009', 'NDCG@5': '0.0005', 'HIT@10': '0.0014', 'NDCG@10': '0.0006', 'HIT@20': '0.0026', 'NDCG@20': '0.0009'}
{'Epoch': 22, 'name': 'low_freq', 'HIT@5': '0.0000', 'NDCG@5': '0.0000', 'HIT@10': '0.0005', 'NDCG@10': '0.0002', 'HIT@20': '0.0011', 'NDCG@20': '0.0003'}
{'Epoch': 22, 'name': 'all', 'HIT@5': '0.0198', 'NDCG@5': '0.0127', 'HIT@10': '0.0325', 'NDCG@10': '0.0168', 'HIT@20': '0.0518', 'NDCG@20': '0.0216'}
Validation score increased.  Saving model ...
rec dataset length: 186
100%|█████████████████████████████████████████████████████████████████████████████████████████████████████████████████████████████████████████████████████████| 186/186 [00:51<00:00,  3.59it/s]
{'epoch': 23, 'rec_avg_loss': '0.7619', 'joint_avg_loss': '1.3701', 'cl_avg_loss': '6.0817', 'itemcl_loss': '0.0000', 'cl_pair_0_loss': '6.0817'}
Recommendation EP_test:23: 100%|| 35/35 [00:08<00:00,  4.05it/s]
{'Epoch': 23, 'name': 'high_freq', 'HIT@5': '0.0283', 'NDCG@5': '0.0181', 'HIT@10': '0.0465', 'NDCG@10': '0.0239', 'HIT@20': '0.0761', 'NDCG@20': '0.0313'}
{'Epoch': 23, 'name': 'mid_freq', 'HIT@5': '0.0017', 'NDCG@5': '0.0009', 'HIT@10': '0.0022', 'NDCG@10': '0.0011', 'HIT@20': '0.0029', 'NDCG@20': '0.0012'}
{'Epoch': 23, 'name': 'low_freq', 'HIT@5': '0.0000', 'NDCG@5': '0.0000', 'HIT@10': '0.0005', 'NDCG@10': '0.0002', 'HIT@20': '0.0014', 'NDCG@20': '0.0004'}
{'Epoch': 23, 'name': 'all', 'HIT@5': '0.0196', 'NDCG@5': '0.0125', 'HIT@10': '0.0321', 'NDCG@10': '0.0165', 'HIT@20': '0.0525', 'NDCG@20': '0.0216'}
EarlyStopping counter: 1 out of 40
rec dataset length: 186
100%|█████████████████████████████████████████████████████████████████████████████████████████████████████████████████████████████████████████████████████████| 186/186 [00:51<00:00,  3.60it/s]
{'epoch': 24, 'rec_avg_loss': '0.7544', 'joint_avg_loss': '1.3621', 'cl_avg_loss': '6.0772', 'itemcl_loss': '0.0000', 'cl_pair_0_loss': '6.0772'}
Recommendation EP_test:24: 100%|| 35/35 [00:08<00:00,  4.14it/s]
{'Epoch': 24, 'name': 'high_freq', 'HIT@5': '0.0287', 'NDCG@5': '0.0185', 'HIT@10': '0.0480', 'NDCG@10': '0.0247', 'HIT@20': '0.0788', 'NDCG@20': '0.0324'}
{'Epoch': 24, 'name': 'mid_freq', 'HIT@5': '0.0014', 'NDCG@5': '0.0009', 'HIT@10': '0.0020', 'NDCG@10': '0.0011', 'HIT@20': '0.0030', 'NDCG@20': '0.0014'}
{'Epoch': 24, 'name': 'low_freq', 'HIT@5': '0.0000', 'NDCG@5': '0.0000', 'HIT@10': '0.0005', 'NDCG@10': '0.0002', 'HIT@20': '0.0014', 'NDCG@20': '0.0004'}
{'Epoch': 24, 'name': 'all', 'HIT@5': '0.0198', 'NDCG@5': '0.0128', 'HIT@10': '0.0331', 'NDCG@10': '0.0170', 'HIT@20': '0.0544', 'NDCG@20': '0.0224'}
Validation score increased.  Saving model ...
rec dataset length: 186
100%|█████████████████████████████████████████████████████████████████████████████████████████████████████████████████████████████████████████████████████████| 186/186 [00:51<00:00,  3.60it/s]
{'epoch': 25, 'rec_avg_loss': '0.7432', 'joint_avg_loss': '1.3509', 'cl_avg_loss': '6.0768', 'itemcl_loss': '0.0000', 'cl_pair_0_loss': '6.0768'}
Recommendation EP_test:25: 100%|| 35/35 [00:08<00:00,  4.04it/s]
{'Epoch': 25, 'name': 'high_freq', 'HIT@5': '0.0287', 'NDCG@5': '0.0189', 'HIT@10': '0.0477', 'NDCG@10': '0.0250', 'HIT@20': '0.0793', 'NDCG@20': '0.0329'}
{'Epoch': 25, 'name': 'mid_freq', 'HIT@5': '0.0016', 'NDCG@5': '0.0012', 'HIT@10': '0.0026', 'NDCG@10': '0.0015', 'HIT@20': '0.0033', 'NDCG@20': '0.0016'}
{'Epoch': 25, 'name': 'low_freq', 'HIT@5': '0.0009', 'NDCG@5': '0.0005', 'HIT@10': '0.0014', 'NDCG@10': '0.0006', 'HIT@20': '0.0016', 'NDCG@20': '0.0006'}
{'Epoch': 25, 'name': 'all', 'HIT@5': '0.0199', 'NDCG@5': '0.0131', 'HIT@10': '0.0331', 'NDCG@10': '0.0174', 'HIT@20': '0.0548', 'NDCG@20': '0.0228'}
Validation score increased.  Saving model ...
rec dataset length: 186
100%|█████████████████████████████████████████████████████████████████████████████████████████████████████████████████████████████████████████████████████████| 186/186 [00:51<00:00,  3.59it/s]
{'epoch': 26, 'rec_avg_loss': '0.7342', 'joint_avg_loss': '1.3404', 'cl_avg_loss': '6.0624', 'itemcl_loss': '0.0000', 'cl_pair_0_loss': '6.0624'}
Recommendation EP_test:26: 100%|| 35/35 [00:08<00:00,  4.01it/s]
{'Epoch': 26, 'name': 'high_freq', 'HIT@5': '0.0301', 'NDCG@5': '0.0191', 'HIT@10': '0.0489', 'NDCG@10': '0.0251', 'HIT@20': '0.0797', 'NDCG@20': '0.0328'}
{'Epoch': 26, 'name': 'mid_freq', 'HIT@5': '0.0013', 'NDCG@5': '0.0007', 'HIT@10': '0.0016', 'NDCG@10': '0.0008', 'HIT@20': '0.0033', 'NDCG@20': '0.0012'}
{'Epoch': 26, 'name': 'low_freq', 'HIT@5': '0.0007', 'NDCG@5': '0.0004', 'HIT@10': '0.0009', 'NDCG@10': '0.0005', 'HIT@20': '0.0025', 'NDCG@20': '0.0009'}
{'Epoch': 26, 'name': 'all', 'HIT@5': '0.0208', 'NDCG@5': '0.0132', 'HIT@10': '0.0337', 'NDCG@10': '0.0173', 'HIT@20': '0.0552', 'NDCG@20': '0.0227'}
EarlyStopping counter: 1 out of 40
rec dataset length: 186
100%|█████████████████████████████████████████████████████████████████████████████████████████████████████████████████████████████████████████████████████████| 186/186 [00:51<00:00,  3.59it/s]
{'epoch': 27, 'rec_avg_loss': '0.7232', 'joint_avg_loss': '1.3283', 'cl_avg_loss': '6.0504', 'itemcl_loss': '0.0000', 'cl_pair_0_loss': '6.0504'}
Recommendation EP_test:27: 100%|| 35/35 [00:08<00:00,  4.10it/s]
{'Epoch': 27, 'name': 'high_freq', 'HIT@5': '0.0291', 'NDCG@5': '0.0185', 'HIT@10': '0.0489', 'NDCG@10': '0.0249', 'HIT@20': '0.0797', 'NDCG@20': '0.0326'}
{'Epoch': 27, 'name': 'mid_freq', 'HIT@5': '0.0016', 'NDCG@5': '0.0009', 'HIT@10': '0.0029', 'NDCG@10': '0.0013', 'HIT@20': '0.0036', 'NDCG@20': '0.0015'}
{'Epoch': 27, 'name': 'low_freq', 'HIT@5': '0.0011', 'NDCG@5': '0.0006', 'HIT@10': '0.0018', 'NDCG@10': '0.0008', 'HIT@20': '0.0020', 'NDCG@20': '0.0009'}
{'Epoch': 27, 'name': 'all', 'HIT@5': '0.0202', 'NDCG@5': '0.0129', 'HIT@10': '0.0340', 'NDCG@10': '0.0173', 'HIT@20': '0.0552', 'NDCG@20': '0.0226'}
EarlyStopping counter: 2 out of 40
rec dataset length: 186
100%|█████████████████████████████████████████████████████████████████████████████████████████████████████████████████████████████████████████████████████████| 186/186 [00:51<00:00,  3.59it/s]
{'epoch': 28, 'rec_avg_loss': '0.7150', 'joint_avg_loss': '1.3208', 'cl_avg_loss': '6.0579', 'itemcl_loss': '0.0000', 'cl_pair_0_loss': '6.0579'}
Recommendation EP_test:28: 100%|| 35/35 [00:08<00:00,  4.03it/s]
{'Epoch': 28, 'name': 'high_freq', 'HIT@5': '0.0302', 'NDCG@5': '0.0190', 'HIT@10': '0.0496', 'NDCG@10': '0.0252', 'HIT@20': '0.0797', 'NDCG@20': '0.0327'}
{'Epoch': 28, 'name': 'mid_freq', 'HIT@5': '0.0013', 'NDCG@5': '0.0009', 'HIT@10': '0.0019', 'NDCG@10': '0.0011', 'HIT@20': '0.0029', 'NDCG@20': '0.0013'}
{'Epoch': 28, 'name': 'low_freq', 'HIT@5': '0.0007', 'NDCG@5': '0.0004', 'HIT@10': '0.0007', 'NDCG@10': '0.0004', 'HIT@20': '0.0018', 'NDCG@20': '0.0006'}
{'Epoch': 28, 'name': 'all', 'HIT@5': '0.0209', 'NDCG@5': '0.0131', 'HIT@10': '0.0342', 'NDCG@10': '0.0174', 'HIT@20': '0.0550', 'NDCG@20': '0.0226'}
EarlyStopping counter: 3 out of 40
rec dataset length: 186
100%|█████████████████████████████████████████████████████████████████████████████████████████████████████████████████████████████████████████████████████████| 186/186 [00:51<00:00,  3.61it/s]
{'epoch': 29, 'rec_avg_loss': '0.7091', 'joint_avg_loss': '1.3132', 'cl_avg_loss': '6.0414', 'itemcl_loss': '0.0000', 'cl_pair_0_loss': '6.0414'}
Recommendation EP_test:29: 100%|| 35/35 [00:08<00:00,  4.08it/s]
{'Epoch': 29, 'name': 'high_freq', 'HIT@5': '0.0310', 'NDCG@5': '0.0199', 'HIT@10': '0.0517', 'NDCG@10': '0.0265', 'HIT@20': '0.0823', 'NDCG@20': '0.0342'}
{'Epoch': 29, 'name': 'mid_freq', 'HIT@5': '0.0014', 'NDCG@5': '0.0011', 'HIT@10': '0.0023', 'NDCG@10': '0.0014', 'HIT@20': '0.0034', 'NDCG@20': '0.0017'}
{'Epoch': 29, 'name': 'low_freq', 'HIT@5': '0.0007', 'NDCG@5': '0.0004', 'HIT@10': '0.0020', 'NDCG@10': '0.0008', 'HIT@20': '0.0027', 'NDCG@20': '0.0010'}
{'Epoch': 29, 'name': 'all', 'HIT@5': '0.0215', 'NDCG@5': '0.0138', 'HIT@10': '0.0358', 'NDCG@10': '0.0184', 'HIT@20': '0.0570', 'NDCG@20': '0.0237'}
Validation score increased.  Saving model ...
rec dataset length: 186
100%|█████████████████████████████████████████████████████████████████████████████████████████████████████████████████████████████████████████████████████████| 186/186 [00:51<00:00,  3.59it/s]
{'epoch': 30, 'rec_avg_loss': '0.6989', 'joint_avg_loss': '1.3031', 'cl_avg_loss': '6.0412', 'itemcl_loss': '0.0000', 'cl_pair_0_loss': '6.0412'}
Recommendation EP_test:30: 100%|| 35/35 [00:08<00:00,  3.98it/s]
{'Epoch': 30, 'name': 'high_freq', 'HIT@5': '0.0316', 'NDCG@5': '0.0203', 'HIT@10': '0.0511', 'NDCG@10': '0.0266', 'HIT@20': '0.0816', 'NDCG@20': '0.0342'}
{'Epoch': 30, 'name': 'mid_freq', 'HIT@5': '0.0014', 'NDCG@5': '0.0011', 'HIT@10': '0.0030', 'NDCG@10': '0.0016', 'HIT@20': '0.0045', 'NDCG@20': '0.0019'}
{'Epoch': 30, 'name': 'low_freq', 'HIT@5': '0.0009', 'NDCG@5': '0.0008', 'HIT@10': '0.0018', 'NDCG@10': '0.0011', 'HIT@20': '0.0034', 'NDCG@20': '0.0015'}
{'Epoch': 30, 'name': 'all', 'HIT@5': '0.0219', 'NDCG@5': '0.0141', 'HIT@10': '0.0356', 'NDCG@10': '0.0185', 'HIT@20': '0.0568', 'NDCG@20': '0.0238'}
Validation score increased.  Saving model ...
rec dataset length: 186
100%|█████████████████████████████████████████████████████████████████████████████████████████████████████████████████████████████████████████████████████████| 186/186 [00:51<00:00,  3.60it/s]
{'epoch': 31, 'rec_avg_loss': '0.6929', 'joint_avg_loss': '1.2970', 'cl_avg_loss': '6.0408', 'itemcl_loss': '0.0000', 'cl_pair_0_loss': '6.0408'}
Recommendation EP_test:31: 100%|| 35/35 [00:08<00:00,  4.03it/s]
{'Epoch': 31, 'name': 'high_freq', 'HIT@5': '0.0304', 'NDCG@5': '0.0194', 'HIT@10': '0.0507', 'NDCG@10': '0.0259', 'HIT@20': '0.0823', 'NDCG@20': '0.0338'}
{'Epoch': 31, 'name': 'mid_freq', 'HIT@5': '0.0017', 'NDCG@5': '0.0013', 'HIT@10': '0.0027', 'NDCG@10': '0.0016', 'HIT@20': '0.0046', 'NDCG@20': '0.0021'}
{'Epoch': 31, 'name': 'low_freq', 'HIT@5': '0.0007', 'NDCG@5': '0.0007', 'HIT@10': '0.0011', 'NDCG@10': '0.0008', 'HIT@20': '0.0029', 'NDCG@20': '0.0013'}
{'Epoch': 31, 'name': 'all', 'HIT@5': '0.0211', 'NDCG@5': '0.0135', 'HIT@10': '0.0352', 'NDCG@10': '0.0180', 'HIT@20': '0.0573', 'NDCG@20': '0.0236'}
EarlyStopping counter: 1 out of 40
rec dataset length: 186
100%|█████████████████████████████████████████████████████████████████████████████████████████████████████████████████████████████████████████████████████████| 186/186 [00:51<00:00,  3.60it/s]
{'epoch': 32, 'rec_avg_loss': '0.6848', 'joint_avg_loss': '1.2877', 'cl_avg_loss': '6.0298', 'itemcl_loss': '0.0000', 'cl_pair_0_loss': '6.0298'}
Recommendation EP_test:32: 100%|| 35/35 [00:08<00:00,  4.10it/s]
{'Epoch': 32, 'name': 'high_freq', 'HIT@5': '0.0322', 'NDCG@5': '0.0203', 'HIT@10': '0.0514', 'NDCG@10': '0.0264', 'HIT@20': '0.0827', 'NDCG@20': '0.0343'}
{'Epoch': 32, 'name': 'mid_freq', 'HIT@5': '0.0024', 'NDCG@5': '0.0016', 'HIT@10': '0.0037', 'NDCG@10': '0.0020', 'HIT@20': '0.0057', 'NDCG@20': '0.0025'}
{'Epoch': 32, 'name': 'low_freq', 'HIT@5': '0.0014', 'NDCG@5': '0.0008', 'HIT@10': '0.0016', 'NDCG@10': '0.0009', 'HIT@20': '0.0034', 'NDCG@20': '0.0013'}
{'Epoch': 32, 'name': 'all', 'HIT@5': '0.0226', 'NDCG@5': '0.0142', 'HIT@10': '0.0359', 'NDCG@10': '0.0185', 'HIT@20': '0.0578', 'NDCG@20': '0.0240'}
Validation score increased.  Saving model ...
rec dataset length: 186
100%|█████████████████████████████████████████████████████████████████████████████████████████████████████████████████████████████████████████████████████████| 186/186 [00:51<00:00,  3.60it/s]
{'epoch': 33, 'rec_avg_loss': '0.6783', 'joint_avg_loss': '1.2805', 'cl_avg_loss': '6.0218', 'itemcl_loss': '0.0000', 'cl_pair_0_loss': '6.0218'}
Recommendation EP_test:33: 100%|| 35/35 [00:08<00:00,  4.12it/s]
{'Epoch': 33, 'name': 'high_freq', 'HIT@5': '0.0325', 'NDCG@5': '0.0204', 'HIT@10': '0.0516', 'NDCG@10': '0.0265', 'HIT@20': '0.0849', 'NDCG@20': '0.0349'}
{'Epoch': 33, 'name': 'mid_freq', 'HIT@5': '0.0023', 'NDCG@5': '0.0015', 'HIT@10': '0.0030', 'NDCG@10': '0.0017', 'HIT@20': '0.0053', 'NDCG@20': '0.0023'}
{'Epoch': 33, 'name': 'low_freq', 'HIT@5': '0.0025', 'NDCG@5': '0.0016', 'HIT@10': '0.0025', 'NDCG@10': '0.0016', 'HIT@20': '0.0029', 'NDCG@20': '0.0017'}
{'Epoch': 33, 'name': 'all', 'HIT@5': '0.0228', 'NDCG@5': '0.0144', 'HIT@10': '0.0360', 'NDCG@10': '0.0186', 'HIT@20': '0.0592', 'NDCG@20': '0.0244'}
Validation score increased.  Saving model ...
rec dataset length: 186
100%|█████████████████████████████████████████████████████████████████████████████████████████████████████████████████████████████████████████████████████████| 186/186 [00:52<00:00,  3.58it/s]
{'epoch': 34, 'rec_avg_loss': '0.6716', 'joint_avg_loss': '1.2737', 'cl_avg_loss': '6.0209', 'itemcl_loss': '0.0000', 'cl_pair_0_loss': '6.0209'}
Recommendation EP_test:34: 100%|| 35/35 [00:08<00:00,  4.17it/s]
{'Epoch': 34, 'name': 'high_freq', 'HIT@5': '0.0319', 'NDCG@5': '0.0204', 'HIT@10': '0.0536', 'NDCG@10': '0.0274', 'HIT@20': '0.0848', 'NDCG@20': '0.0352'}
{'Epoch': 34, 'name': 'mid_freq', 'HIT@5': '0.0022', 'NDCG@5': '0.0014', 'HIT@10': '0.0030', 'NDCG@10': '0.0017', 'HIT@20': '0.0050', 'NDCG@20': '0.0022'}
{'Epoch': 34, 'name': 'low_freq', 'HIT@5': '0.0020', 'NDCG@5': '0.0013', 'HIT@10': '0.0023', 'NDCG@10': '0.0014', 'HIT@20': '0.0032', 'NDCG@20': '0.0016'}
{'Epoch': 34, 'name': 'all', 'HIT@5': '0.0224', 'NDCG@5': '0.0143', 'HIT@10': '0.0373', 'NDCG@10': '0.0191', 'HIT@20': '0.0590', 'NDCG@20': '0.0246'}
Validation score increased.  Saving model ...
rec dataset length: 186
100%|█████████████████████████████████████████████████████████████████████████████████████████████████████████████████████████████████████████████████████████| 186/186 [00:51<00:00,  3.61it/s]
{'epoch': 35, 'rec_avg_loss': '0.6647', 'joint_avg_loss': '1.2666', 'cl_avg_loss': '6.0184', 'itemcl_loss': '0.0000', 'cl_pair_0_loss': '6.0184'}
Recommendation EP_test:35: 100%|| 35/35 [00:08<00:00,  4.23it/s]
{'Epoch': 35, 'name': 'high_freq', 'HIT@5': '0.0305', 'NDCG@5': '0.0193', 'HIT@10': '0.0517', 'NDCG@10': '0.0261', 'HIT@20': '0.0851', 'NDCG@20': '0.0345'}
{'Epoch': 35, 'name': 'mid_freq', 'HIT@5': '0.0022', 'NDCG@5': '0.0014', 'HIT@10': '0.0036', 'NDCG@10': '0.0018', 'HIT@20': '0.0055', 'NDCG@20': '0.0023'}
{'Epoch': 35, 'name': 'low_freq', 'HIT@5': '0.0020', 'NDCG@5': '0.0014', 'HIT@10': '0.0025', 'NDCG@10': '0.0016', 'HIT@20': '0.0029', 'NDCG@20': '0.0017'}
{'Epoch': 35, 'name': 'all', 'HIT@5': '0.0214', 'NDCG@5': '0.0136', 'HIT@10': '0.0362', 'NDCG@10': '0.0183', 'HIT@20': '0.0593', 'NDCG@20': '0.0241'}
EarlyStopping counter: 1 out of 40
rec dataset length: 186
100%|█████████████████████████████████████████████████████████████████████████████████████████████████████████████████████████████████████████████████████████| 186/186 [00:51<00:00,  3.59it/s]
{'epoch': 36, 'rec_avg_loss': '0.6583', 'joint_avg_loss': '1.2591', 'cl_avg_loss': '6.0079', 'itemcl_loss': '0.0000', 'cl_pair_0_loss': '6.0079'}
Recommendation EP_test:36: 100%|| 35/35 [00:08<00:00,  4.24it/s]
{'Epoch': 36, 'name': 'high_freq', 'HIT@5': '0.0320', 'NDCG@5': '0.0202', 'HIT@10': '0.0534', 'NDCG@10': '0.0270', 'HIT@20': '0.0849', 'NDCG@20': '0.0350'}
{'Epoch': 36, 'name': 'mid_freq', 'HIT@5': '0.0024', 'NDCG@5': '0.0017', 'HIT@10': '0.0036', 'NDCG@10': '0.0021', 'HIT@20': '0.0060', 'NDCG@20': '0.0027'}
{'Epoch': 36, 'name': 'low_freq', 'HIT@5': '0.0016', 'NDCG@5': '0.0012', 'HIT@10': '0.0023', 'NDCG@10': '0.0015', 'HIT@20': '0.0029', 'NDCG@20': '0.0016'}
{'Epoch': 36, 'name': 'all', 'HIT@5': '0.0224', 'NDCG@5': '0.0142', 'HIT@10': '0.0373', 'NDCG@10': '0.0190', 'HIT@20': '0.0593', 'NDCG@20': '0.0245'}
EarlyStopping counter: 2 out of 40
rec dataset length: 186
100%|█████████████████████████████████████████████████████████████████████████████████████████████████████████████████████████████████████████████████████████| 186/186 [00:51<00:00,  3.59it/s]
{'epoch': 37, 'rec_avg_loss': '0.6538', 'joint_avg_loss': '1.2548', 'cl_avg_loss': '6.0100', 'itemcl_loss': '0.0000', 'cl_pair_0_loss': '6.0100'}
Recommendation EP_test:37: 100%|| 35/35 [00:08<00:00,  4.23it/s]
{'Epoch': 37, 'name': 'high_freq', 'HIT@5': '0.0341', 'NDCG@5': '0.0212', 'HIT@10': '0.0541', 'NDCG@10': '0.0276', 'HIT@20': '0.0861', 'NDCG@20': '0.0356'}
{'Epoch': 37, 'name': 'mid_freq', 'HIT@5': '0.0034', 'NDCG@5': '0.0024', 'HIT@10': '0.0040', 'NDCG@10': '0.0026', 'HIT@20': '0.0059', 'NDCG@20': '0.0031'}
{'Epoch': 37, 'name': 'low_freq', 'HIT@5': '0.0020', 'NDCG@5': '0.0015', 'HIT@10': '0.0025', 'NDCG@10': '0.0017', 'HIT@20': '0.0038', 'NDCG@20': '0.0020'}
{'Epoch': 37, 'name': 'all', 'HIT@5': '0.0242', 'NDCG@5': '0.0151', 'HIT@10': '0.0379', 'NDCG@10': '0.0195', 'HIT@20': '0.0602', 'NDCG@20': '0.0251'}
Validation score increased.  Saving model ...
rec dataset length: 186
100%|█████████████████████████████████████████████████████████████████████████████████████████████████████████████████████████████████████████████████████████| 186/186 [00:51<00:00,  3.59it/s]
{'epoch': 38, 'rec_avg_loss': '0.6481', 'joint_avg_loss': '1.2482', 'cl_avg_loss': '6.0010', 'itemcl_loss': '0.0000', 'cl_pair_0_loss': '6.0010'}
Recommendation EP_test:38: 100%|| 35/35 [00:08<00:00,  4.25it/s]
{'Epoch': 38, 'name': 'high_freq', 'HIT@5': '0.0324', 'NDCG@5': '0.0207', 'HIT@10': '0.0534', 'NDCG@10': '0.0275', 'HIT@20': '0.0844', 'NDCG@20': '0.0352'}
{'Epoch': 38, 'name': 'mid_freq', 'HIT@5': '0.0027', 'NDCG@5': '0.0019', 'HIT@10': '0.0042', 'NDCG@10': '0.0024', 'HIT@20': '0.0060', 'NDCG@20': '0.0029'}
{'Epoch': 38, 'name': 'low_freq', 'HIT@5': '0.0011', 'NDCG@5': '0.0009', 'HIT@10': '0.0032', 'NDCG@10': '0.0016', 'HIT@20': '0.0045', 'NDCG@20': '0.0019'}
{'Epoch': 38, 'name': 'all', 'HIT@5': '0.0227', 'NDCG@5': '0.0146', 'HIT@10': '0.0375', 'NDCG@10': '0.0193', 'HIT@20': '0.0592', 'NDCG@20': '0.0248'}
EarlyStopping counter: 1 out of 40
rec dataset length: 186
100%|█████████████████████████████████████████████████████████████████████████████████████████████████████████████████████████████████████████████████████████| 186/186 [00:51<00:00,  3.58it/s]
{'epoch': 39, 'rec_avg_loss': '0.6391', 'joint_avg_loss': '1.2391', 'cl_avg_loss': '6.0005', 'itemcl_loss': '0.0000', 'cl_pair_0_loss': '6.0005'}
Recommendation EP_test:39: 100%|| 35/35 [00:08<00:00,  4.20it/s]
{'Epoch': 39, 'name': 'high_freq', 'HIT@5': '0.0310', 'NDCG@5': '0.0195', 'HIT@10': '0.0530', 'NDCG@10': '0.0266', 'HIT@20': '0.0835', 'NDCG@20': '0.0343'}
{'Epoch': 39, 'name': 'mid_freq', 'HIT@5': '0.0032', 'NDCG@5': '0.0022', 'HIT@10': '0.0043', 'NDCG@10': '0.0026', 'HIT@20': '0.0066', 'NDCG@20': '0.0032'}
{'Epoch': 39, 'name': 'low_freq', 'HIT@5': '0.0025', 'NDCG@5': '0.0016', 'HIT@10': '0.0029', 'NDCG@10': '0.0018', 'HIT@20': '0.0041', 'NDCG@20': '0.0021'}
{'Epoch': 39, 'name': 'all', 'HIT@5': '0.0220', 'NDCG@5': '0.0139', 'HIT@10': '0.0372', 'NDCG@10': '0.0188', 'HIT@20': '0.0586', 'NDCG@20': '0.0242'}
EarlyStopping counter: 2 out of 40
rec dataset length: 186
100%|█████████████████████████████████████████████████████████████████████████████████████████████████████████████████████████████████████████████████████████| 186/186 [00:51<00:00,  3.59it/s]
{'epoch': 40, 'rec_avg_loss': '0.6355', 'joint_avg_loss': '1.2354', 'cl_avg_loss': '5.9983', 'itemcl_loss': '0.0000', 'cl_pair_0_loss': '5.9983'}
Recommendation EP_test:40: 100%|| 35/35 [00:08<00:00,  4.12it/s]
{'Epoch': 40, 'name': 'high_freq', 'HIT@5': '0.0316', 'NDCG@5': '0.0193', 'HIT@10': '0.0525', 'NDCG@10': '0.0259', 'HIT@20': '0.0841', 'NDCG@20': '0.0338'}
{'Epoch': 40, 'name': 'mid_freq', 'HIT@5': '0.0034', 'NDCG@5': '0.0027', 'HIT@10': '0.0052', 'NDCG@10': '0.0032', 'HIT@20': '0.0068', 'NDCG@20': '0.0036'}
{'Epoch': 40, 'name': 'low_freq', 'HIT@5': '0.0036', 'NDCG@5': '0.0027', 'HIT@10': '0.0041', 'NDCG@10': '0.0029', 'HIT@20': '0.0048', 'NDCG@20': '0.0031'}
{'Epoch': 40, 'name': 'all', 'HIT@5': '0.0226', 'NDCG@5': '0.0140', 'HIT@10': '0.0372', 'NDCG@10': '0.0186', 'HIT@20': '0.0591', 'NDCG@20': '0.0241'}
EarlyStopping counter: 3 out of 40
rec dataset length: 186
100%|█████████████████████████████████████████████████████████████████████████████████████████████████████████████████████████████████████████████████████████| 186/186 [00:51<00:00,  3.59it/s]
{'epoch': 41, 'rec_avg_loss': '0.6321', 'joint_avg_loss': '1.2304', 'cl_avg_loss': '5.9825', 'itemcl_loss': '0.0000', 'cl_pair_0_loss': '5.9825'}
Recommendation EP_test:41: 100%|| 35/35 [00:08<00:00,  4.13it/s]
{'Epoch': 41, 'name': 'high_freq', 'HIT@5': '0.0325', 'NDCG@5': '0.0205', 'HIT@10': '0.0520', 'NDCG@10': '0.0268', 'HIT@20': '0.0842', 'NDCG@20': '0.0348'}
{'Epoch': 41, 'name': 'mid_freq', 'HIT@5': '0.0036', 'NDCG@5': '0.0025', 'HIT@10': '0.0052', 'NDCG@10': '0.0030', 'HIT@20': '0.0073', 'NDCG@20': '0.0036'}
{'Epoch': 41, 'name': 'low_freq', 'HIT@5': '0.0032', 'NDCG@5': '0.0021', 'HIT@10': '0.0038', 'NDCG@10': '0.0023', 'HIT@20': '0.0048', 'NDCG@20': '0.0026'}
{'Epoch': 41, 'name': 'all', 'HIT@5': '0.0232', 'NDCG@5': '0.0147', 'HIT@10': '0.0369', 'NDCG@10': '0.0191', 'HIT@20': '0.0593', 'NDCG@20': '0.0247'}
EarlyStopping counter: 4 out of 40
rec dataset length: 186
100%|█████████████████████████████████████████████████████████████████████████████████████████████████████████████████████████████████████████████████████████| 186/186 [00:51<00:00,  3.61it/s]
{'epoch': 42, 'rec_avg_loss': '0.6281', 'joint_avg_loss': '1.2268', 'cl_avg_loss': '5.9876', 'itemcl_loss': '0.0000', 'cl_pair_0_loss': '5.9876'}
Recommendation EP_test:42: 100%|| 35/35 [00:08<00:00,  4.08it/s]
{'Epoch': 42, 'name': 'high_freq', 'HIT@5': '0.0332', 'NDCG@5': '0.0205', 'HIT@10': '0.0541', 'NDCG@10': '0.0272', 'HIT@20': '0.0847', 'NDCG@20': '0.0349'}
{'Epoch': 42, 'name': 'mid_freq', 'HIT@5': '0.0037', 'NDCG@5': '0.0027', 'HIT@10': '0.0055', 'NDCG@10': '0.0033', 'HIT@20': '0.0079', 'NDCG@20': '0.0039'}
{'Epoch': 42, 'name': 'low_freq', 'HIT@5': '0.0038', 'NDCG@5': '0.0030', 'HIT@10': '0.0041', 'NDCG@10': '0.0031', 'HIT@20': '0.0050', 'NDCG@20': '0.0033'}
{'Epoch': 42, 'name': 'all', 'HIT@5': '0.0238', 'NDCG@5': '0.0149', 'HIT@10': '0.0383', 'NDCG@10': '0.0195', 'HIT@20': '0.0598', 'NDCG@20': '0.0249'}
EarlyStopping counter: 5 out of 40
rec dataset length: 186
100%|█████████████████████████████████████████████████████████████████████████████████████████████████████████████████████████████████████████████████████████| 186/186 [00:51<00:00,  3.59it/s]
{'epoch': 43, 'rec_avg_loss': '0.6229', 'joint_avg_loss': '1.2203', 'cl_avg_loss': '5.9742', 'itemcl_loss': '0.0000', 'cl_pair_0_loss': '5.9742'}
Recommendation EP_test:43: 100%|| 35/35 [00:08<00:00,  4.17it/s]
{'Epoch': 43, 'name': 'high_freq', 'HIT@5': '0.0327', 'NDCG@5': '0.0208', 'HIT@10': '0.0540', 'NDCG@10': '0.0276', 'HIT@20': '0.0862', 'NDCG@20': '0.0357'}
{'Epoch': 43, 'name': 'mid_freq', 'HIT@5': '0.0042', 'NDCG@5': '0.0027', 'HIT@10': '0.0057', 'NDCG@10': '0.0032', 'HIT@20': '0.0079', 'NDCG@20': '0.0038'}
{'Epoch': 43, 'name': 'low_freq', 'HIT@5': '0.0029', 'NDCG@5': '0.0019', 'HIT@10': '0.0036', 'NDCG@10': '0.0021', 'HIT@20': '0.0048', 'NDCG@20': '0.0024'}
{'Epoch': 43, 'name': 'all', 'HIT@5': '0.0234', 'NDCG@5': '0.0149', 'HIT@10': '0.0383', 'NDCG@10': '0.0197', 'HIT@20': '0.0608', 'NDCG@20': '0.0253'}
Validation score increased.  Saving model ...
rec dataset length: 186
100%|█████████████████████████████████████████████████████████████████████████████████████████████████████████████████████████████████████████████████████████| 186/186 [00:51<00:00,  3.59it/s]
{'epoch': 44, 'rec_avg_loss': '0.6175', 'joint_avg_loss': '1.2152', 'cl_avg_loss': '5.9773', 'itemcl_loss': '0.0000', 'cl_pair_0_loss': '5.9773'}
Recommendation EP_test:44: 100%|| 35/35 [00:08<00:00,  4.25it/s]
{'Epoch': 44, 'name': 'high_freq', 'HIT@5': '0.0323', 'NDCG@5': '0.0208', 'HIT@10': '0.0533', 'NDCG@10': '0.0275', 'HIT@20': '0.0859', 'NDCG@20': '0.0357'}
{'Epoch': 44, 'name': 'mid_freq', 'HIT@5': '0.0036', 'NDCG@5': '0.0025', 'HIT@10': '0.0046', 'NDCG@10': '0.0028', 'HIT@20': '0.0075', 'NDCG@20': '0.0035'}
{'Epoch': 44, 'name': 'low_freq', 'HIT@5': '0.0025', 'NDCG@5': '0.0017', 'HIT@10': '0.0034', 'NDCG@10': '0.0020', 'HIT@20': '0.0041', 'NDCG@20': '0.0022'}
{'Epoch': 44, 'name': 'all', 'HIT@5': '0.0230', 'NDCG@5': '0.0148', 'HIT@10': '0.0376', 'NDCG@10': '0.0195', 'HIT@20': '0.0604', 'NDCG@20': '0.0252'}
EarlyStopping counter: 1 out of 40
rec dataset length: 186
100%|█████████████████████████████████████████████████████████████████████████████████████████████████████████████████████████████████████████████████████████| 186/186 [00:51<00:00,  3.59it/s]
{'epoch': 45, 'rec_avg_loss': '0.6155', 'joint_avg_loss': '1.2121', 'cl_avg_loss': '5.9659', 'itemcl_loss': '0.0000', 'cl_pair_0_loss': '5.9659'}
Recommendation EP_test:45: 100%|| 35/35 [00:08<00:00,  4.04it/s]
{'Epoch': 45, 'name': 'high_freq', 'HIT@5': '0.0327', 'NDCG@5': '0.0202', 'HIT@10': '0.0528', 'NDCG@10': '0.0266', 'HIT@20': '0.0860', 'NDCG@20': '0.0350'}
{'Epoch': 45, 'name': 'mid_freq', 'HIT@5': '0.0043', 'NDCG@5': '0.0027', 'HIT@10': '0.0060', 'NDCG@10': '0.0033', 'HIT@20': '0.0086', 'NDCG@20': '0.0039'}
{'Epoch': 45, 'name': 'low_freq', 'HIT@5': '0.0020', 'NDCG@5': '0.0013', 'HIT@10': '0.0029', 'NDCG@10': '0.0016', 'HIT@20': '0.0041', 'NDCG@20': '0.0019'}
{'Epoch': 45, 'name': 'all', 'HIT@5': '0.0233', 'NDCG@5': '0.0144', 'HIT@10': '0.0375', 'NDCG@10': '0.0190', 'HIT@20': '0.0607', 'NDCG@20': '0.0248'}
EarlyStopping counter: 2 out of 40
rec dataset length: 186
100%|█████████████████████████████████████████████████████████████████████████████████████████████████████████████████████████████████████████████████████████| 186/186 [00:51<00:00,  3.59it/s]
{'epoch': 46, 'rec_avg_loss': '0.6093', 'joint_avg_loss': '1.2067', 'cl_avg_loss': '5.9734', 'itemcl_loss': '0.0000', 'cl_pair_0_loss': '5.9734'}
Recommendation EP_test:46: 100%|| 35/35 [00:08<00:00,  4.15it/s]
{'Epoch': 46, 'name': 'high_freq', 'HIT@5': '0.0319', 'NDCG@5': '0.0197', 'HIT@10': '0.0525', 'NDCG@10': '0.0263', 'HIT@20': '0.0848', 'NDCG@20': '0.0344'}
{'Epoch': 46, 'name': 'mid_freq', 'HIT@5': '0.0045', 'NDCG@5': '0.0031', 'HIT@10': '0.0060', 'NDCG@10': '0.0036', 'HIT@20': '0.0089', 'NDCG@20': '0.0044'}
{'Epoch': 46, 'name': 'low_freq', 'HIT@5': '0.0038', 'NDCG@5': '0.0024', 'HIT@10': '0.0041', 'NDCG@10': '0.0024', 'HIT@20': '0.0050', 'NDCG@20': '0.0027'}
{'Epoch': 46, 'name': 'all', 'HIT@5': '0.0231', 'NDCG@5': '0.0143', 'HIT@10': '0.0374', 'NDCG@10': '0.0189', 'HIT@20': '0.0600', 'NDCG@20': '0.0246'}
EarlyStopping counter: 3 out of 40
rec dataset length: 186
100%|█████████████████████████████████████████████████████████████████████████████████████████████████████████████████████████████████████████████████████████| 186/186 [00:51<00:00,  3.60it/s]
{'epoch': 47, 'rec_avg_loss': '0.6052', 'joint_avg_loss': '1.2017', 'cl_avg_loss': '5.9645', 'itemcl_loss': '0.0000', 'cl_pair_0_loss': '5.9645'}
Recommendation EP_test:47: 100%|| 35/35 [00:08<00:00,  4.17it/s]
{'Epoch': 47, 'name': 'high_freq', 'HIT@5': '0.0323', 'NDCG@5': '0.0202', 'HIT@10': '0.0531', 'NDCG@10': '0.0269', 'HIT@20': '0.0855', 'NDCG@20': '0.0351'}
{'Epoch': 47, 'name': 'mid_freq', 'HIT@5': '0.0040', 'NDCG@5': '0.0027', 'HIT@10': '0.0056', 'NDCG@10': '0.0032', 'HIT@20': '0.0088', 'NDCG@20': '0.0040'}
{'Epoch': 47, 'name': 'low_freq', 'HIT@5': '0.0036', 'NDCG@5': '0.0025', 'HIT@10': '0.0045', 'NDCG@10': '0.0028', 'HIT@20': '0.0054', 'NDCG@20': '0.0030'}
{'Epoch': 47, 'name': 'all', 'HIT@5': '0.0232', 'NDCG@5': '0.0146', 'HIT@10': '0.0378', 'NDCG@10': '0.0193', 'HIT@20': '0.0605', 'NDCG@20': '0.0250'}
EarlyStopping counter: 4 out of 40
rec dataset length: 186
100%|█████████████████████████████████████████████████████████████████████████████████████████████████████████████████████████████████████████████████████████| 186/186 [00:51<00:00,  3.60it/s]
{'epoch': 48, 'rec_avg_loss': '0.6013', 'joint_avg_loss': '1.1972', 'cl_avg_loss': '5.9593', 'itemcl_loss': '0.0000', 'cl_pair_0_loss': '5.9593'}
Recommendation EP_test:48: 100%|| 35/35 [00:08<00:00,  4.23it/s]
{'Epoch': 48, 'name': 'high_freq', 'HIT@5': '0.0322', 'NDCG@5': '0.0204', 'HIT@10': '0.0532', 'NDCG@10': '0.0271', 'HIT@20': '0.0855', 'NDCG@20': '0.0352'}
{'Epoch': 48, 'name': 'mid_freq', 'HIT@5': '0.0045', 'NDCG@5': '0.0030', 'HIT@10': '0.0070', 'NDCG@10': '0.0039', 'HIT@20': '0.0095', 'NDCG@20': '0.0045'}
{'Epoch': 48, 'name': 'low_freq', 'HIT@5': '0.0045', 'NDCG@5': '0.0034', 'HIT@10': '0.0045', 'NDCG@10': '0.0034', 'HIT@20': '0.0057', 'NDCG@20': '0.0037'}
{'Epoch': 48, 'name': 'all', 'HIT@5': '0.0233', 'NDCG@5': '0.0149', 'HIT@10': '0.0381', 'NDCG@10': '0.0196', 'HIT@20': '0.0607', 'NDCG@20': '0.0253'}
EarlyStopping counter: 5 out of 40
rec dataset length: 186
100%|█████████████████████████████████████████████████████████████████████████████████████████████████████████████████████████████████████████████████████████| 186/186 [00:51<00:00,  3.59it/s]
{'epoch': 49, 'rec_avg_loss': '0.5976', 'joint_avg_loss': '1.1930', 'cl_avg_loss': '5.9542', 'itemcl_loss': '0.0000', 'cl_pair_0_loss': '5.9542'}
Recommendation EP_test:49: 100%|| 35/35 [00:08<00:00,  4.31it/s]
{'Epoch': 49, 'name': 'high_freq', 'HIT@5': '0.0311', 'NDCG@5': '0.0196', 'HIT@10': '0.0534', 'NDCG@10': '0.0268', 'HIT@20': '0.0858', 'NDCG@20': '0.0350'}
{'Epoch': 49, 'name': 'mid_freq', 'HIT@5': '0.0042', 'NDCG@5': '0.0028', 'HIT@10': '0.0069', 'NDCG@10': '0.0037', 'HIT@20': '0.0096', 'NDCG@20': '0.0044'}
{'Epoch': 49, 'name': 'low_freq', 'HIT@5': '0.0029', 'NDCG@5': '0.0024', 'HIT@10': '0.0043', 'NDCG@10': '0.0029', 'HIT@20': '0.0057', 'NDCG@20': '0.0032'}
{'Epoch': 49, 'name': 'all', 'HIT@5': '0.0223', 'NDCG@5': '0.0142', 'HIT@10': '0.0382', 'NDCG@10': '0.0193', 'HIT@20': '0.0609', 'NDCG@20': '0.0250'}
EarlyStopping counter: 6 out of 40
rec dataset length: 186
100%|█████████████████████████████████████████████████████████████████████████████████████████████████████████████████████████████████████████████████████████| 186/186 [00:51<00:00,  3.59it/s]
{'epoch': 50, 'rec_avg_loss': '0.5921', 'joint_avg_loss': '1.1869', 'cl_avg_loss': '5.9477', 'itemcl_loss': '0.0000', 'cl_pair_0_loss': '5.9477'}
Recommendation EP_test:50: 100%|| 35/35 [00:08<00:00,  4.20it/s]
{'Epoch': 50, 'name': 'high_freq', 'HIT@5': '0.0322', 'NDCG@5': '0.0204', 'HIT@10': '0.0533', 'NDCG@10': '0.0272', 'HIT@20': '0.0886', 'NDCG@20': '0.0361'}
{'Epoch': 50, 'name': 'mid_freq', 'HIT@5': '0.0040', 'NDCG@5': '0.0028', 'HIT@10': '0.0060', 'NDCG@10': '0.0035', 'HIT@20': '0.0092', 'NDCG@20': '0.0043'}
{'Epoch': 50, 'name': 'low_freq', 'HIT@5': '0.0038', 'NDCG@5': '0.0025', 'HIT@10': '0.0043', 'NDCG@10': '0.0026', 'HIT@20': '0.0054', 'NDCG@20': '0.0029'}
{'Epoch': 50, 'name': 'all', 'HIT@5': '0.0232', 'NDCG@5': '0.0148', 'HIT@10': '0.0380', 'NDCG@10': '0.0195', 'HIT@20': '0.0628', 'NDCG@20': '0.0257'}
Validation score increased.  Saving model ...
rec dataset length: 186
100%|█████████████████████████████████████████████████████████████████████████████████████████████████████████████████████████████████████████████████████████| 186/186 [00:51<00:00,  3.60it/s]
{'epoch': 51, 'rec_avg_loss': '0.5891', 'joint_avg_loss': '1.1840', 'cl_avg_loss': '5.9490', 'itemcl_loss': '0.0000', 'cl_pair_0_loss': '5.9490'}
Recommendation EP_test:51: 100%|| 35/35 [00:08<00:00,  4.09it/s]
{'Epoch': 51, 'name': 'high_freq', 'HIT@5': '0.0331', 'NDCG@5': '0.0208', 'HIT@10': '0.0531', 'NDCG@10': '0.0273', 'HIT@20': '0.0870', 'NDCG@20': '0.0358'}
{'Epoch': 51, 'name': 'mid_freq', 'HIT@5': '0.0042', 'NDCG@5': '0.0029', 'HIT@10': '0.0059', 'NDCG@10': '0.0034', 'HIT@20': '0.0085', 'NDCG@20': '0.0041'}
{'Epoch': 51, 'name': 'low_freq', 'HIT@5': '0.0025', 'NDCG@5': '0.0019', 'HIT@10': '0.0036', 'NDCG@10': '0.0023', 'HIT@20': '0.0052', 'NDCG@20': '0.0027'}
{'Epoch': 51, 'name': 'all', 'HIT@5': '0.0236', 'NDCG@5': '0.0150', 'HIT@10': '0.0378', 'NDCG@10': '0.0195', 'HIT@20': '0.0615', 'NDCG@20': '0.0255'}
EarlyStopping counter: 1 out of 40
rec dataset length: 186
100%|█████████████████████████████████████████████████████████████████████████████████████████████████████████████████████████████████████████████████████████| 186/186 [00:51<00:00,  3.60it/s]
{'epoch': 52, 'rec_avg_loss': '0.5853', 'joint_avg_loss': '1.1809', 'cl_avg_loss': '5.9556', 'itemcl_loss': '0.0000', 'cl_pair_0_loss': '5.9556'}
Recommendation EP_test:52: 100%|| 35/35 [00:08<00:00,  4.20it/s]
{'Epoch': 52, 'name': 'high_freq', 'HIT@5': '0.0309', 'NDCG@5': '0.0200', 'HIT@10': '0.0519', 'NDCG@10': '0.0267', 'HIT@20': '0.0854', 'NDCG@20': '0.0352'}
{'Epoch': 52, 'name': 'mid_freq', 'HIT@5': '0.0037', 'NDCG@5': '0.0027', 'HIT@10': '0.0053', 'NDCG@10': '0.0032', 'HIT@20': '0.0090', 'NDCG@20': '0.0041'}
{'Epoch': 52, 'name': 'low_freq', 'HIT@5': '0.0029', 'NDCG@5': '0.0021', 'HIT@10': '0.0043', 'NDCG@10': '0.0026', 'HIT@20': '0.0063', 'NDCG@20': '0.0031'}
{'Epoch': 52, 'name': 'all', 'HIT@5': '0.0221', 'NDCG@5': '0.0144', 'HIT@10': '0.0369', 'NDCG@10': '0.0191', 'HIT@20': '0.0606', 'NDCG@20': '0.0251'}
EarlyStopping counter: 2 out of 40
rec dataset length: 186
100%|█████████████████████████████████████████████████████████████████████████████████████████████████████████████████████████████████████████████████████████| 186/186 [00:51<00:00,  3.60it/s]
{'epoch': 53, 'rec_avg_loss': '0.5836', 'joint_avg_loss': '1.1782', 'cl_avg_loss': '5.9455', 'itemcl_loss': '0.0000', 'cl_pair_0_loss': '5.9455'}
Recommendation EP_test:53: 100%|| 35/35 [00:08<00:00,  4.20it/s]
{'Epoch': 53, 'name': 'high_freq', 'HIT@5': '0.0309', 'NDCG@5': '0.0197', 'HIT@10': '0.0521', 'NDCG@10': '0.0265', 'HIT@20': '0.0858', 'NDCG@20': '0.0350'}
{'Epoch': 53, 'name': 'mid_freq', 'HIT@5': '0.0043', 'NDCG@5': '0.0029', 'HIT@10': '0.0057', 'NDCG@10': '0.0034', 'HIT@20': '0.0096', 'NDCG@20': '0.0044'}
{'Epoch': 53, 'name': 'low_freq', 'HIT@5': '0.0034', 'NDCG@5': '0.0026', 'HIT@10': '0.0048', 'NDCG@10': '0.0030', 'HIT@20': '0.0059', 'NDCG@20': '0.0033'}
{'Epoch': 53, 'name': 'all', 'HIT@5': '0.0223', 'NDCG@5': '0.0143', 'HIT@10': '0.0371', 'NDCG@10': '0.0191', 'HIT@20': '0.0610', 'NDCG@20': '0.0251'}
EarlyStopping counter: 3 out of 40
rec dataset length: 186
100%|█████████████████████████████████████████████████████████████████████████████████████████████████████████████████████████████████████████████████████████| 186/186 [00:51<00:00,  3.61it/s]
{'epoch': 54, 'rec_avg_loss': '0.5810', 'joint_avg_loss': '1.1754', 'cl_avg_loss': '5.9445', 'itemcl_loss': '0.0000', 'cl_pair_0_loss': '5.9445'}
Recommendation EP_test:54: 100%|| 35/35 [00:08<00:00,  4.15it/s]
{'Epoch': 54, 'name': 'high_freq', 'HIT@5': '0.0308', 'NDCG@5': '0.0191', 'HIT@10': '0.0536', 'NDCG@10': '0.0263', 'HIT@20': '0.0866', 'NDCG@20': '0.0347'}
{'Epoch': 54, 'name': 'mid_freq', 'HIT@5': '0.0046', 'NDCG@5': '0.0034', 'HIT@10': '0.0066', 'NDCG@10': '0.0040', 'HIT@20': '0.0106', 'NDCG@20': '0.0050'}
{'Epoch': 54, 'name': 'low_freq', 'HIT@5': '0.0034', 'NDCG@5': '0.0026', 'HIT@10': '0.0038', 'NDCG@10': '0.0028', 'HIT@20': '0.0057', 'NDCG@20': '0.0032'}
{'Epoch': 54, 'name': 'all', 'HIT@5': '0.0223', 'NDCG@5': '0.0140', 'HIT@10': '0.0382', 'NDCG@10': '0.0190', 'HIT@20': '0.0617', 'NDCG@20': '0.0250'}
EarlyStopping counter: 4 out of 40
rec dataset length: 186
100%|█████████████████████████████████████████████████████████████████████████████████████████████████████████████████████████████████████████████████████████| 186/186 [00:51<00:00,  3.59it/s]
{'epoch': 55, 'rec_avg_loss': '0.5774', 'joint_avg_loss': '1.1709', 'cl_avg_loss': '5.9351', 'itemcl_loss': '0.0000', 'cl_pair_0_loss': '5.9351'}
Recommendation EP_test:55: 100%|| 35/35 [00:08<00:00,  4.23it/s]
{'Epoch': 55, 'name': 'high_freq', 'HIT@5': '0.0308', 'NDCG@5': '0.0197', 'HIT@10': '0.0512', 'NDCG@10': '0.0262', 'HIT@20': '0.0844', 'NDCG@20': '0.0345'}
{'Epoch': 55, 'name': 'mid_freq', 'HIT@5': '0.0055', 'NDCG@5': '0.0037', 'HIT@10': '0.0076', 'NDCG@10': '0.0043', 'HIT@20': '0.0101', 'NDCG@20': '0.0050'}
{'Epoch': 55, 'name': 'low_freq', 'HIT@5': '0.0038', 'NDCG@5': '0.0029', 'HIT@10': '0.0050', 'NDCG@10': '0.0032', 'HIT@20': '0.0063', 'NDCG@20': '0.0036'}
{'Epoch': 55, 'name': 'all', 'HIT@5': '0.0225', 'NDCG@5': '0.0145', 'HIT@10': '0.0369', 'NDCG@10': '0.0191', 'HIT@20': '0.0601', 'NDCG@20': '0.0249'}
EarlyStopping counter: 5 out of 40
rec dataset length: 186
100%|█████████████████████████████████████████████████████████████████████████████████████████████████████████████████████████████████████████████████████████| 186/186 [00:51<00:00,  3.61it/s]
{'epoch': 56, 'rec_avg_loss': '0.5768', 'joint_avg_loss': '1.1702', 'cl_avg_loss': '5.9340', 'itemcl_loss': '0.0000', 'cl_pair_0_loss': '5.9340'}
Recommendation EP_test:56: 100%|| 35/35 [00:08<00:00,  4.26it/s]
{'Epoch': 56, 'name': 'high_freq', 'HIT@5': '0.0304', 'NDCG@5': '0.0195', 'HIT@10': '0.0534', 'NDCG@10': '0.0269', 'HIT@20': '0.0856', 'NDCG@20': '0.0349'}
{'Epoch': 56, 'name': 'mid_freq', 'HIT@5': '0.0050', 'NDCG@5': '0.0035', 'HIT@10': '0.0078', 'NDCG@10': '0.0044', 'HIT@20': '0.0112', 'NDCG@20': '0.0053'}
{'Epoch': 56, 'name': 'low_freq', 'HIT@5': '0.0038', 'NDCG@5': '0.0030', 'HIT@10': '0.0041', 'NDCG@10': '0.0031', 'HIT@20': '0.0063', 'NDCG@20': '0.0036'}
{'Epoch': 56, 'name': 'all', 'HIT@5': '0.0221', 'NDCG@5': '0.0143', 'HIT@10': '0.0383', 'NDCG@10': '0.0195', 'HIT@20': '0.0612', 'NDCG@20': '0.0252'}
EarlyStopping counter: 6 out of 40
rec dataset length: 186
100%|█████████████████████████████████████████████████████████████████████████████████████████████████████████████████████████████████████████████████████████| 186/186 [00:51<00:00,  3.60it/s]
{'epoch': 57, 'rec_avg_loss': '0.5734', 'joint_avg_loss': '1.1669', 'cl_avg_loss': '5.9354', 'itemcl_loss': '0.0000', 'cl_pair_0_loss': '5.9354'}
Recommendation EP_test:57: 100%|| 35/35 [00:08<00:00,  4.25it/s]
{'Epoch': 57, 'name': 'high_freq', 'HIT@5': '0.0332', 'NDCG@5': '0.0209', 'HIT@10': '0.0538', 'NDCG@10': '0.0275', 'HIT@20': '0.0858', 'NDCG@20': '0.0355'}
{'Epoch': 57, 'name': 'mid_freq', 'HIT@5': '0.0055', 'NDCG@5': '0.0036', 'HIT@10': '0.0076', 'NDCG@10': '0.0043', 'HIT@20': '0.0121', 'NDCG@20': '0.0054'}
{'Epoch': 57, 'name': 'low_freq', 'HIT@5': '0.0045', 'NDCG@5': '0.0035', 'HIT@10': '0.0050', 'NDCG@10': '0.0037', 'HIT@20': '0.0063', 'NDCG@20': '0.0040'}
{'Epoch': 57, 'name': 'all', 'HIT@5': '0.0242', 'NDCG@5': '0.0153', 'HIT@10': '0.0387', 'NDCG@10': '0.0200', 'HIT@20': '0.0615', 'NDCG@20': '0.0257'}
EarlyStopping counter: 7 out of 40
rec dataset length: 186
100%|█████████████████████████████████████████████████████████████████████████████████████████████████████████████████████████████████████████████████████████| 186/186 [00:51<00:00,  3.61it/s]
{'epoch': 58, 'rec_avg_loss': '0.5693', 'joint_avg_loss': '1.1622', 'cl_avg_loss': '5.9290', 'itemcl_loss': '0.0000', 'cl_pair_0_loss': '5.9290'}
Recommendation EP_test:58: 100%|| 35/35 [00:08<00:00,  4.28it/s]
{'Epoch': 58, 'name': 'high_freq', 'HIT@5': '0.0306', 'NDCG@5': '0.0191', 'HIT@10': '0.0532', 'NDCG@10': '0.0264', 'HIT@20': '0.0852', 'NDCG@20': '0.0344'}
{'Epoch': 58, 'name': 'mid_freq', 'HIT@5': '0.0053', 'NDCG@5': '0.0034', 'HIT@10': '0.0076', 'NDCG@10': '0.0042', 'HIT@20': '0.0118', 'NDCG@20': '0.0052'}
{'Epoch': 58, 'name': 'low_freq', 'HIT@5': '0.0045', 'NDCG@5': '0.0033', 'HIT@10': '0.0048', 'NDCG@10': '0.0033', 'HIT@20': '0.0061', 'NDCG@20': '0.0037'}
{'Epoch': 58, 'name': 'all', 'HIT@5': '0.0224', 'NDCG@5': '0.0141', 'HIT@10': '0.0383', 'NDCG@10': '0.0192', 'HIT@20': '0.0610', 'NDCG@20': '0.0249'}
EarlyStopping counter: 8 out of 40
rec dataset length: 186
100%|█████████████████████████████████████████████████████████████████████████████████████████████████████████████████████████████████████████████████████████| 186/186 [00:51<00:00,  3.62it/s]
{'epoch': 59, 'rec_avg_loss': '0.5640', 'joint_avg_loss': '1.1567', 'cl_avg_loss': '5.9271', 'itemcl_loss': '0.0000', 'cl_pair_0_loss': '5.9271'}
Recommendation EP_test:59: 100%|| 35/35 [00:08<00:00,  4.18it/s]
{'Epoch': 59, 'name': 'high_freq', 'HIT@5': '0.0325', 'NDCG@5': '0.0200', 'HIT@10': '0.0545', 'NDCG@10': '0.0271', 'HIT@20': '0.0870', 'NDCG@20': '0.0352'}
{'Epoch': 59, 'name': 'mid_freq', 'HIT@5': '0.0047', 'NDCG@5': '0.0030', 'HIT@10': '0.0076', 'NDCG@10': '0.0039', 'HIT@20': '0.0119', 'NDCG@20': '0.0050'}
{'Epoch': 59, 'name': 'low_freq', 'HIT@5': '0.0036', 'NDCG@5': '0.0027', 'HIT@10': '0.0048', 'NDCG@10': '0.0031', 'HIT@20': '0.0066', 'NDCG@20': '0.0035'}
{'Epoch': 59, 'name': 'all', 'HIT@5': '0.0235', 'NDCG@5': '0.0145', 'HIT@10': '0.0391', 'NDCG@10': '0.0196', 'HIT@20': '0.0623', 'NDCG@20': '0.0254'}
EarlyStopping counter: 9 out of 40
rec dataset length: 186
100%|█████████████████████████████████████████████████████████████████████████████████████████████████████████████████████████████████████████████████████████| 186/186 [00:51<00:00,  3.59it/s]
{'epoch': 60, 'rec_avg_loss': '0.5614', 'joint_avg_loss': '1.1536', 'cl_avg_loss': '5.9223', 'itemcl_loss': '0.0000', 'cl_pair_0_loss': '5.9223'}
Recommendation EP_test:60: 100%|| 35/35 [00:08<00:00,  4.19it/s]
{'Epoch': 60, 'name': 'high_freq', 'HIT@5': '0.0315', 'NDCG@5': '0.0199', 'HIT@10': '0.0534', 'NDCG@10': '0.0269', 'HIT@20': '0.0856', 'NDCG@20': '0.0350'}
{'Epoch': 60, 'name': 'mid_freq', 'HIT@5': '0.0050', 'NDCG@5': '0.0035', 'HIT@10': '0.0088', 'NDCG@10': '0.0047', 'HIT@20': '0.0115', 'NDCG@20': '0.0053'}
{'Epoch': 60, 'name': 'low_freq', 'HIT@5': '0.0041', 'NDCG@5': '0.0034', 'HIT@10': '0.0052', 'NDCG@10': '0.0037', 'HIT@20': '0.0063', 'NDCG@20': '0.0040'}
{'Epoch': 60, 'name': 'all', 'HIT@5': '0.0230', 'NDCG@5': '0.0146', 'HIT@10': '0.0387', 'NDCG@10': '0.0196', 'HIT@20': '0.0613', 'NDCG@20': '0.0253'}
EarlyStopping counter: 10 out of 40
rec dataset length: 186
100%|█████████████████████████████████████████████████████████████████████████████████████████████████████████████████████████████████████████████████████████| 186/186 [00:51<00:00,  3.59it/s]
{'epoch': 61, 'rec_avg_loss': '0.5579', 'joint_avg_loss': '1.1500', 'cl_avg_loss': '5.9211', 'itemcl_loss': '0.0000', 'cl_pair_0_loss': '5.9211'}
Recommendation EP_test:61: 100%|| 35/35 [00:08<00:00,  4.14it/s]
{'Epoch': 61, 'name': 'high_freq', 'HIT@5': '0.0315', 'NDCG@5': '0.0205', 'HIT@10': '0.0526', 'NDCG@10': '0.0272', 'HIT@20': '0.0845', 'NDCG@20': '0.0352'}
{'Epoch': 61, 'name': 'mid_freq', 'HIT@5': '0.0049', 'NDCG@5': '0.0035', 'HIT@10': '0.0079', 'NDCG@10': '0.0045', 'HIT@20': '0.0116', 'NDCG@20': '0.0054'}
{'Epoch': 61, 'name': 'low_freq', 'HIT@5': '0.0041', 'NDCG@5': '0.0032', 'HIT@10': '0.0050', 'NDCG@10': '0.0035', 'HIT@20': '0.0070', 'NDCG@20': '0.0040'}
{'Epoch': 61, 'name': 'all', 'HIT@5': '0.0229', 'NDCG@5': '0.0150', 'HIT@10': '0.0380', 'NDCG@10': '0.0198', 'HIT@20': '0.0606', 'NDCG@20': '0.0255'}
EarlyStopping counter: 11 out of 40
rec dataset length: 186
100%|█████████████████████████████████████████████████████████████████████████████████████████████████████████████████████████████████████████████████████████| 186/186 [00:51<00:00,  3.61it/s]
{'epoch': 62, 'rec_avg_loss': '0.5568', 'joint_avg_loss': '1.1486', 'cl_avg_loss': '5.9176', 'itemcl_loss': '0.0000', 'cl_pair_0_loss': '5.9176'}
Recommendation EP_test:62: 100%|| 35/35 [00:08<00:00,  4.12it/s]
{'Epoch': 62, 'name': 'high_freq', 'HIT@5': '0.0332', 'NDCG@5': '0.0207', 'HIT@10': '0.0543', 'NDCG@10': '0.0274', 'HIT@20': '0.0875', 'NDCG@20': '0.0358'}
{'Epoch': 62, 'name': 'mid_freq', 'HIT@5': '0.0047', 'NDCG@5': '0.0035', 'HIT@10': '0.0069', 'NDCG@10': '0.0042', 'HIT@20': '0.0106', 'NDCG@20': '0.0051'}
{'Epoch': 62, 'name': 'low_freq', 'HIT@5': '0.0038', 'NDCG@5': '0.0028', 'HIT@10': '0.0052', 'NDCG@10': '0.0032', 'HIT@20': '0.0068', 'NDCG@20': '0.0036'}
{'Epoch': 62, 'name': 'all', 'HIT@5': '0.0240', 'NDCG@5': '0.0151', 'HIT@10': '0.0389', 'NDCG@10': '0.0199', 'HIT@20': '0.0624', 'NDCG@20': '0.0258'}
Validation score increased.  Saving model ...
rec dataset length: 186
100%|█████████████████████████████████████████████████████████████████████████████████████████████████████████████████████████████████████████████████████████| 186/186 [00:51<00:00,  3.59it/s]
{'epoch': 63, 'rec_avg_loss': '0.5555', 'joint_avg_loss': '1.1474', 'cl_avg_loss': '5.9190', 'itemcl_loss': '0.0000', 'cl_pair_0_loss': '5.9190'}
Recommendation EP_test:63: 100%|| 35/35 [00:08<00:00,  4.20it/s]
{'Epoch': 63, 'name': 'high_freq', 'HIT@5': '0.0329', 'NDCG@5': '0.0210', 'HIT@10': '0.0547', 'NDCG@10': '0.0281', 'HIT@20': '0.0867', 'NDCG@20': '0.0361'}
{'Epoch': 63, 'name': 'mid_freq', 'HIT@5': '0.0052', 'NDCG@5': '0.0034', 'HIT@10': '0.0075', 'NDCG@10': '0.0041', 'HIT@20': '0.0118', 'NDCG@20': '0.0052'}
{'Epoch': 63, 'name': 'low_freq', 'HIT@5': '0.0032', 'NDCG@5': '0.0027', 'HIT@10': '0.0061', 'NDCG@10': '0.0036', 'HIT@20': '0.0079', 'NDCG@20': '0.0040'}
{'Epoch': 63, 'name': 'all', 'HIT@5': '0.0238', 'NDCG@5': '0.0153', 'HIT@10': '0.0394', 'NDCG@10': '0.0204', 'HIT@20': '0.0623', 'NDCG@20': '0.0261'}
Validation score increased.  Saving model ...
rec dataset length: 186
100%|█████████████████████████████████████████████████████████████████████████████████████████████████████████████████████████████████████████████████████████| 186/186 [00:51<00:00,  3.62it/s]
{'epoch': 64, 'rec_avg_loss': '0.5511', 'joint_avg_loss': '1.1431', 'cl_avg_loss': '5.9193', 'itemcl_loss': '0.0000', 'cl_pair_0_loss': '5.9193'}
Recommendation EP_test:64: 100%|| 35/35 [00:08<00:00,  4.20it/s]
{'Epoch': 64, 'name': 'high_freq', 'HIT@5': '0.0342', 'NDCG@5': '0.0219', 'HIT@10': '0.0547', 'NDCG@10': '0.0285', 'HIT@20': '0.0885', 'NDCG@20': '0.0370'}
{'Epoch': 64, 'name': 'mid_freq', 'HIT@5': '0.0049', 'NDCG@5': '0.0033', 'HIT@10': '0.0072', 'NDCG@10': '0.0041', 'HIT@20': '0.0124', 'NDCG@20': '0.0054'}
{'Epoch': 64, 'name': 'low_freq', 'HIT@5': '0.0048', 'NDCG@5': '0.0035', 'HIT@10': '0.0066', 'NDCG@10': '0.0041', 'HIT@20': '0.0081', 'NDCG@20': '0.0045'}
{'Epoch': 64, 'name': 'all', 'HIT@5': '0.0248', 'NDCG@5': '0.0160', 'HIT@10': '0.0394', 'NDCG@10': '0.0207', 'HIT@20': '0.0636', 'NDCG@20': '0.0268'}
Validation score increased.  Saving model ...
rec dataset length: 186
100%|█████████████████████████████████████████████████████████████████████████████████████████████████████████████████████████████████████████████████████████| 186/186 [00:51<00:00,  3.59it/s]
{'epoch': 65, 'rec_avg_loss': '0.5502', 'joint_avg_loss': '1.1407', 'cl_avg_loss': '5.9057', 'itemcl_loss': '0.0000', 'cl_pair_0_loss': '5.9057'}
Recommendation EP_test:65: 100%|| 35/35 [00:08<00:00,  4.26it/s]
{'Epoch': 65, 'name': 'high_freq', 'HIT@5': '0.0340', 'NDCG@5': '0.0216', 'HIT@10': '0.0553', 'NDCG@10': '0.0284', 'HIT@20': '0.0858', 'NDCG@20': '0.0361'}
{'Epoch': 65, 'name': 'mid_freq', 'HIT@5': '0.0050', 'NDCG@5': '0.0033', 'HIT@10': '0.0069', 'NDCG@10': '0.0039', 'HIT@20': '0.0121', 'NDCG@20': '0.0052'}
{'Epoch': 65, 'name': 'low_freq', 'HIT@5': '0.0050', 'NDCG@5': '0.0036', 'HIT@10': '0.0059', 'NDCG@10': '0.0039', 'HIT@20': '0.0070', 'NDCG@20': '0.0042'}
{'Epoch': 65, 'name': 'all', 'HIT@5': '0.0247', 'NDCG@5': '0.0158', 'HIT@10': '0.0397', 'NDCG@10': '0.0206', 'HIT@20': '0.0616', 'NDCG@20': '0.0261'}
EarlyStopping counter: 1 out of 40
rec dataset length: 186
100%|█████████████████████████████████████████████████████████████████████████████████████████████████████████████████████████████████████████████████████████| 186/186 [00:51<00:00,  3.59it/s]
{'epoch': 66, 'rec_avg_loss': '0.5485', 'joint_avg_loss': '1.1392', 'cl_avg_loss': '5.9076', 'itemcl_loss': '0.0000', 'cl_pair_0_loss': '5.9076'}
Recommendation EP_test:66: 100%|| 35/35 [00:08<00:00,  4.27it/s]
{'Epoch': 66, 'name': 'high_freq', 'HIT@5': '0.0330', 'NDCG@5': '0.0213', 'HIT@10': '0.0545', 'NDCG@10': '0.0282', 'HIT@20': '0.0872', 'NDCG@20': '0.0364'}
{'Epoch': 66, 'name': 'mid_freq', 'HIT@5': '0.0050', 'NDCG@5': '0.0031', 'HIT@10': '0.0075', 'NDCG@10': '0.0039', 'HIT@20': '0.0113', 'NDCG@20': '0.0048'}
{'Epoch': 66, 'name': 'low_freq', 'HIT@5': '0.0041', 'NDCG@5': '0.0035', 'HIT@10': '0.0057', 'NDCG@10': '0.0040', 'HIT@20': '0.0063', 'NDCG@20': '0.0042'}
{'Epoch': 66, 'name': 'all', 'HIT@5': '0.0240', 'NDCG@5': '0.0155', 'HIT@10': '0.0393', 'NDCG@10': '0.0204', 'HIT@20': '0.0623', 'NDCG@20': '0.0262'}
EarlyStopping counter: 2 out of 40
rec dataset length: 186
100%|█████████████████████████████████████████████████████████████████████████████████████████████████████████████████████████████████████████████████████████| 186/186 [00:51<00:00,  3.58it/s]
{'epoch': 67, 'rec_avg_loss': '0.5455', 'joint_avg_loss': '1.1354', 'cl_avg_loss': '5.8985', 'itemcl_loss': '0.0000', 'cl_pair_0_loss': '5.8985'}
Recommendation EP_test:67: 100%|| 35/35 [00:08<00:00,  4.25it/s]
{'Epoch': 67, 'name': 'high_freq', 'HIT@5': '0.0333', 'NDCG@5': '0.0215', 'HIT@10': '0.0557', 'NDCG@10': '0.0286', 'HIT@20': '0.0881', 'NDCG@20': '0.0367'}
{'Epoch': 67, 'name': 'mid_freq', 'HIT@5': '0.0059', 'NDCG@5': '0.0038', 'HIT@10': '0.0079', 'NDCG@10': '0.0044', 'HIT@20': '0.0115', 'NDCG@20': '0.0053'}
{'Epoch': 67, 'name': 'low_freq', 'HIT@5': '0.0048', 'NDCG@5': '0.0038', 'HIT@10': '0.0061', 'NDCG@10': '0.0043', 'HIT@20': '0.0072', 'NDCG@20': '0.0046'}
{'Epoch': 67, 'name': 'all', 'HIT@5': '0.0244', 'NDCG@5': '0.0158', 'HIT@10': '0.0402', 'NDCG@10': '0.0208', 'HIT@20': '0.0631', 'NDCG@20': '0.0266'}
EarlyStopping counter: 3 out of 40
rec dataset length: 186
100%|█████████████████████████████████████████████████████████████████████████████████████████████████████████████████████████████████████████████████████████| 186/186 [00:51<00:00,  3.60it/s]
{'epoch': 68, 'rec_avg_loss': '0.5428', 'joint_avg_loss': '1.1330', 'cl_avg_loss': '5.9025', 'itemcl_loss': '0.0000', 'cl_pair_0_loss': '5.9025'}
Recommendation EP_test:68: 100%|| 35/35 [00:08<00:00,  4.30it/s]
{'Epoch': 68, 'name': 'high_freq', 'HIT@5': '0.0341', 'NDCG@5': '0.0215', 'HIT@10': '0.0555', 'NDCG@10': '0.0283', 'HIT@20': '0.0891', 'NDCG@20': '0.0368'}
{'Epoch': 68, 'name': 'mid_freq', 'HIT@5': '0.0047', 'NDCG@5': '0.0031', 'HIT@10': '0.0082', 'NDCG@10': '0.0042', 'HIT@20': '0.0119', 'NDCG@20': '0.0052'}
{'Epoch': 68, 'name': 'low_freq', 'HIT@5': '0.0050', 'NDCG@5': '0.0040', 'HIT@10': '0.0061', 'NDCG@10': '0.0044', 'HIT@20': '0.0077', 'NDCG@20': '0.0047'}
{'Epoch': 68, 'name': 'all', 'HIT@5': '0.0247', 'NDCG@5': '0.0157', 'HIT@10': '0.0401', 'NDCG@10': '0.0206', 'HIT@20': '0.0639', 'NDCG@20': '0.0266'}
EarlyStopping counter: 4 out of 40
rec dataset length: 186
100%|█████████████████████████████████████████████████████████████████████████████████████████████████████████████████████████████████████████████████████████| 186/186 [00:51<00:00,  3.61it/s]
{'epoch': 69, 'rec_avg_loss': '0.5426', 'joint_avg_loss': '1.1330', 'cl_avg_loss': '5.9042', 'itemcl_loss': '0.0000', 'cl_pair_0_loss': '5.9042'}
Recommendation EP_test:69: 100%|| 35/35 [00:08<00:00,  4.20it/s]
{'Epoch': 69, 'name': 'high_freq', 'HIT@5': '0.0352', 'NDCG@5': '0.0221', 'HIT@10': '0.0551', 'NDCG@10': '0.0286', 'HIT@20': '0.0871', 'NDCG@20': '0.0366'}
{'Epoch': 69, 'name': 'mid_freq', 'HIT@5': '0.0062', 'NDCG@5': '0.0042', 'HIT@10': '0.0088', 'NDCG@10': '0.0050', 'HIT@20': '0.0113', 'NDCG@20': '0.0056'}
{'Epoch': 69, 'name': 'low_freq', 'HIT@5': '0.0048', 'NDCG@5': '0.0040', 'HIT@10': '0.0057', 'NDCG@10': '0.0043', 'HIT@20': '0.0077', 'NDCG@20': '0.0048'}
{'Epoch': 69, 'name': 'all', 'HIT@5': '0.0257', 'NDCG@5': '0.0164', 'HIT@10': '0.0399', 'NDCG@10': '0.0209', 'HIT@20': '0.0624', 'NDCG@20': '0.0266'}
EarlyStopping counter: 5 out of 40
rec dataset length: 186
100%|█████████████████████████████████████████████████████████████████████████████████████████████████████████████████████████████████████████████████████████| 186/186 [00:51<00:00,  3.60it/s]
{'epoch': 70, 'rec_avg_loss': '0.5385', 'joint_avg_loss': '1.1279', 'cl_avg_loss': '5.8946', 'itemcl_loss': '0.0000', 'cl_pair_0_loss': '5.8946'}
Recommendation EP_test:70: 100%|| 35/35 [00:08<00:00,  4.29it/s]
{'Epoch': 70, 'name': 'high_freq', 'HIT@5': '0.0329', 'NDCG@5': '0.0208', 'HIT@10': '0.0533', 'NDCG@10': '0.0273', 'HIT@20': '0.0856', 'NDCG@20': '0.0355'}
{'Epoch': 70, 'name': 'mid_freq', 'HIT@5': '0.0057', 'NDCG@5': '0.0042', 'HIT@10': '0.0088', 'NDCG@10': '0.0052', 'HIT@20': '0.0125', 'NDCG@20': '0.0061'}
{'Epoch': 70, 'name': 'low_freq', 'HIT@5': '0.0050', 'NDCG@5': '0.0037', 'HIT@10': '0.0063', 'NDCG@10': '0.0041', 'HIT@20': '0.0072', 'NDCG@20': '0.0044'}
{'Epoch': 70, 'name': 'all', 'HIT@5': '0.0241', 'NDCG@5': '0.0154', 'HIT@10': '0.0388', 'NDCG@10': '0.0201', 'HIT@20': '0.0616', 'NDCG@20': '0.0259'}
EarlyStopping counter: 6 out of 40
rec dataset length: 186
100%|█████████████████████████████████████████████████████████████████████████████████████████████████████████████████████████████████████████████████████████| 186/186 [00:51<00:00,  3.60it/s]
{'epoch': 71, 'rec_avg_loss': '0.5372', 'joint_avg_loss': '1.1271', 'cl_avg_loss': '5.8987', 'itemcl_loss': '0.0000', 'cl_pair_0_loss': '5.8987'}
Recommendation EP_test:71: 100%|| 35/35 [00:08<00:00,  4.29it/s]
{'Epoch': 71, 'name': 'high_freq', 'HIT@5': '0.0352', 'NDCG@5': '0.0222', 'HIT@10': '0.0557', 'NDCG@10': '0.0287', 'HIT@20': '0.0891', 'NDCG@20': '0.0371'}
{'Epoch': 71, 'name': 'mid_freq', 'HIT@5': '0.0057', 'NDCG@5': '0.0041', 'HIT@10': '0.0080', 'NDCG@10': '0.0048', 'HIT@20': '0.0118', 'NDCG@20': '0.0058'}
{'Epoch': 71, 'name': 'low_freq', 'HIT@5': '0.0048', 'NDCG@5': '0.0036', 'HIT@10': '0.0063', 'NDCG@10': '0.0042', 'HIT@20': '0.0084', 'NDCG@20': '0.0047'}
{'Epoch': 71, 'name': 'all', 'HIT@5': '0.0257', 'NDCG@5': '0.0163', 'HIT@10': '0.0402', 'NDCG@10': '0.0210', 'HIT@20': '0.0640', 'NDCG@20': '0.0269'}
Validation score increased.  Saving model ...
rec dataset length: 186
100%|█████████████████████████████████████████████████████████████████████████████████████████████████████████████████████████████████████████████████████████| 186/186 [00:51<00:00,  3.61it/s]
{'epoch': 72, 'rec_avg_loss': '0.5373', 'joint_avg_loss': '1.1264', 'cl_avg_loss': '5.8913', 'itemcl_loss': '0.0000', 'cl_pair_0_loss': '5.8913'}
Recommendation EP_test:72: 100%|| 35/35 [00:08<00:00,  4.19it/s]
{'Epoch': 72, 'name': 'high_freq', 'HIT@5': '0.0355', 'NDCG@5': '0.0222', 'HIT@10': '0.0568', 'NDCG@10': '0.0290', 'HIT@20': '0.0891', 'NDCG@20': '0.0371'}
{'Epoch': 72, 'name': 'mid_freq', 'HIT@5': '0.0065', 'NDCG@5': '0.0045', 'HIT@10': '0.0089', 'NDCG@10': '0.0053', 'HIT@20': '0.0121', 'NDCG@20': '0.0061'}
{'Epoch': 72, 'name': 'low_freq', 'HIT@5': '0.0052', 'NDCG@5': '0.0042', 'HIT@10': '0.0063', 'NDCG@10': '0.0046', 'HIT@20': '0.0088', 'NDCG@20': '0.0052'}
{'Epoch': 72, 'name': 'all', 'HIT@5': '0.0261', 'NDCG@5': '0.0165', 'HIT@10': '0.0412', 'NDCG@10': '0.0213', 'HIT@20': '0.0640', 'NDCG@20': '0.0271'}
Validation score increased.  Saving model ...
rec dataset length: 186
100%|█████████████████████████████████████████████████████████████████████████████████████████████████████████████████████████████████████████████████████████| 186/186 [00:51<00:00,  3.60it/s]
{'epoch': 73, 'rec_avg_loss': '0.5315', 'joint_avg_loss': '1.1204', 'cl_avg_loss': '5.8892', 'itemcl_loss': '0.0000', 'cl_pair_0_loss': '5.8892'}
Recommendation EP_test:73: 100%|| 35/35 [00:08<00:00,  4.26it/s]
{'Epoch': 73, 'name': 'high_freq', 'HIT@5': '0.0342', 'NDCG@5': '0.0221', 'HIT@10': '0.0552', 'NDCG@10': '0.0288', 'HIT@20': '0.0885', 'NDCG@20': '0.0371'}
{'Epoch': 73, 'name': 'mid_freq', 'HIT@5': '0.0052', 'NDCG@5': '0.0039', 'HIT@10': '0.0088', 'NDCG@10': '0.0051', 'HIT@20': '0.0131', 'NDCG@20': '0.0061'}
{'Epoch': 73, 'name': 'low_freq', 'HIT@5': '0.0059', 'NDCG@5': '0.0046', 'HIT@10': '0.0068', 'NDCG@10': '0.0049', 'HIT@20': '0.0086', 'NDCG@20': '0.0054'}
{'Epoch': 73, 'name': 'all', 'HIT@5': '0.0250', 'NDCG@5': '0.0164', 'HIT@10': '0.0401', 'NDCG@10': '0.0212', 'HIT@20': '0.0638', 'NDCG@20': '0.0271'}
Validation score increased.  Saving model ...
rec dataset length: 186
100%|█████████████████████████████████████████████████████████████████████████████████████████████████████████████████████████████████████████████████████████| 186/186 [00:51<00:00,  3.61it/s]
{'epoch': 74, 'rec_avg_loss': '0.5333', 'joint_avg_loss': '1.1226', 'cl_avg_loss': '5.8923', 'itemcl_loss': '0.0000', 'cl_pair_0_loss': '5.8923'}
Recommendation EP_test:74: 100%|| 35/35 [00:08<00:00,  4.28it/s]
{'Epoch': 74, 'name': 'high_freq', 'HIT@5': '0.0334', 'NDCG@5': '0.0216', 'HIT@10': '0.0552', 'NDCG@10': '0.0286', 'HIT@20': '0.0873', 'NDCG@20': '0.0367'}
{'Epoch': 74, 'name': 'mid_freq', 'HIT@5': '0.0056', 'NDCG@5': '0.0036', 'HIT@10': '0.0090', 'NDCG@10': '0.0047', 'HIT@20': '0.0125', 'NDCG@20': '0.0056'}
{'Epoch': 74, 'name': 'low_freq', 'HIT@5': '0.0054', 'NDCG@5': '0.0044', 'HIT@10': '0.0070', 'NDCG@10': '0.0049', 'HIT@20': '0.0081', 'NDCG@20': '0.0052'}
{'Epoch': 74, 'name': 'all', 'HIT@5': '0.0245', 'NDCG@5': '0.0160', 'HIT@10': '0.0402', 'NDCG@10': '0.0210', 'HIT@20': '0.0629', 'NDCG@20': '0.0267'}
EarlyStopping counter: 1 out of 40
rec dataset length: 186
100%|█████████████████████████████████████████████████████████████████████████████████████████████████████████████████████████████████████████████████████████| 186/186 [00:51<00:00,  3.61it/s]
{'epoch': 75, 'rec_avg_loss': '0.5263', 'joint_avg_loss': '1.1146', 'cl_avg_loss': '5.8829', 'itemcl_loss': '0.0000', 'cl_pair_0_loss': '5.8829'}
Recommendation EP_test:75: 100%|| 35/35 [00:08<00:00,  4.19it/s]
{'Epoch': 75, 'name': 'high_freq', 'HIT@5': '0.0351', 'NDCG@5': '0.0225', 'HIT@10': '0.0555', 'NDCG@10': '0.0290', 'HIT@20': '0.0868', 'NDCG@20': '0.0369'}
{'Epoch': 75, 'name': 'mid_freq', 'HIT@5': '0.0057', 'NDCG@5': '0.0037', 'HIT@10': '0.0089', 'NDCG@10': '0.0048', 'HIT@20': '0.0122', 'NDCG@20': '0.0056'}
{'Epoch': 75, 'name': 'low_freq', 'HIT@5': '0.0054', 'NDCG@5': '0.0046', 'HIT@10': '0.0063', 'NDCG@10': '0.0049', 'HIT@20': '0.0077', 'NDCG@20': '0.0053'}
{'Epoch': 75, 'name': 'all', 'HIT@5': '0.0257', 'NDCG@5': '0.0166', 'HIT@10': '0.0403', 'NDCG@10': '0.0213', 'HIT@20': '0.0624', 'NDCG@20': '0.0268'}
EarlyStopping counter: 2 out of 40
rec dataset length: 186
100%|█████████████████████████████████████████████████████████████████████████████████████████████████████████████████████████████████████████████████████████| 186/186 [00:51<00:00,  3.60it/s]
{'epoch': 76, 'rec_avg_loss': '0.5286', 'joint_avg_loss': '1.1171', 'cl_avg_loss': '5.8852', 'itemcl_loss': '0.0000', 'cl_pair_0_loss': '5.8852'}
Recommendation EP_test:76: 100%|| 35/35 [00:08<00:00,  4.22it/s]
{'Epoch': 76, 'name': 'high_freq', 'HIT@5': '0.0332', 'NDCG@5': '0.0211', 'HIT@10': '0.0552', 'NDCG@10': '0.0282', 'HIT@20': '0.0855', 'NDCG@20': '0.0358'}
{'Epoch': 76, 'name': 'mid_freq', 'HIT@5': '0.0057', 'NDCG@5': '0.0039', 'HIT@10': '0.0085', 'NDCG@10': '0.0047', 'HIT@20': '0.0122', 'NDCG@20': '0.0057'}
{'Epoch': 76, 'name': 'low_freq', 'HIT@5': '0.0052', 'NDCG@5': '0.0041', 'HIT@10': '0.0063', 'NDCG@10': '0.0045', 'HIT@20': '0.0070', 'NDCG@20': '0.0047'}
{'Epoch': 76, 'name': 'all', 'HIT@5': '0.0244', 'NDCG@5': '0.0157', 'HIT@10': '0.0400', 'NDCG@10': '0.0207', 'HIT@20': '0.0614', 'NDCG@20': '0.0260'}
EarlyStopping counter: 3 out of 40
rec dataset length: 186
100%|█████████████████████████████████████████████████████████████████████████████████████████████████████████████████████████████████████████████████████████| 186/186 [00:51<00:00,  3.60it/s]
{'epoch': 77, 'rec_avg_loss': '0.5258', 'joint_avg_loss': '1.1146', 'cl_avg_loss': '5.8880', 'itemcl_loss': '0.0000', 'cl_pair_0_loss': '5.8880'}
Recommendation EP_test:77: 100%|| 35/35 [00:08<00:00,  4.27it/s]
{'Epoch': 77, 'name': 'high_freq', 'HIT@5': '0.0337', 'NDCG@5': '0.0215', 'HIT@10': '0.0556', 'NDCG@10': '0.0285', 'HIT@20': '0.0871', 'NDCG@20': '0.0364'}
{'Epoch': 77, 'name': 'mid_freq', 'HIT@5': '0.0055', 'NDCG@5': '0.0040', 'HIT@10': '0.0088', 'NDCG@10': '0.0050', 'HIT@20': '0.0132', 'NDCG@20': '0.0062'}
{'Epoch': 77, 'name': 'low_freq', 'HIT@5': '0.0054', 'NDCG@5': '0.0042', 'HIT@10': '0.0061', 'NDCG@10': '0.0045', 'HIT@20': '0.0077', 'NDCG@20': '0.0049'}
{'Epoch': 77, 'name': 'all', 'HIT@5': '0.0247', 'NDCG@5': '0.0159', 'HIT@10': '0.0403', 'NDCG@10': '0.0209', 'HIT@20': '0.0628', 'NDCG@20': '0.0266'}
EarlyStopping counter: 4 out of 40
rec dataset length: 186
100%|█████████████████████████████████████████████████████████████████████████████████████████████████████████████████████████████████████████████████████████| 186/186 [00:51<00:00,  3.60it/s]
{'epoch': 78, 'rec_avg_loss': '0.5245', 'joint_avg_loss': '1.1128', 'cl_avg_loss': '5.8827', 'itemcl_loss': '0.0000', 'cl_pair_0_loss': '5.8827'}
Recommendation EP_test:78: 100%|| 35/35 [00:08<00:00,  4.29it/s]
{'Epoch': 78, 'name': 'high_freq', 'HIT@5': '0.0339', 'NDCG@5': '0.0214', 'HIT@10': '0.0547', 'NDCG@10': '0.0281', 'HIT@20': '0.0839', 'NDCG@20': '0.0355'}
{'Epoch': 78, 'name': 'mid_freq', 'HIT@5': '0.0053', 'NDCG@5': '0.0036', 'HIT@10': '0.0083', 'NDCG@10': '0.0046', 'HIT@20': '0.0126', 'NDCG@20': '0.0057'}
{'Epoch': 78, 'name': 'low_freq', 'HIT@5': '0.0054', 'NDCG@5': '0.0039', 'HIT@10': '0.0063', 'NDCG@10': '0.0042', 'HIT@20': '0.0084', 'NDCG@20': '0.0047'}
{'Epoch': 78, 'name': 'all', 'HIT@5': '0.0247', 'NDCG@5': '0.0158', 'HIT@10': '0.0396', 'NDCG@10': '0.0206', 'HIT@20': '0.0606', 'NDCG@20': '0.0258'}
EarlyStopping counter: 5 out of 40
rec dataset length: 186
100%|█████████████████████████████████████████████████████████████████████████████████████████████████████████████████████████████████████████████████████████| 186/186 [00:51<00:00,  3.62it/s]
{'epoch': 79, 'rec_avg_loss': '0.5207', 'joint_avg_loss': '1.1085', 'cl_avg_loss': '5.8779', 'itemcl_loss': '0.0000', 'cl_pair_0_loss': '5.8779'}
Recommendation EP_test:79: 100%|| 35/35 [00:08<00:00,  4.29it/s]
{'Epoch': 79, 'name': 'high_freq', 'HIT@5': '0.0343', 'NDCG@5': '0.0218', 'HIT@10': '0.0558', 'NDCG@10': '0.0287', 'HIT@20': '0.0862', 'NDCG@20': '0.0363'}
{'Epoch': 79, 'name': 'mid_freq', 'HIT@5': '0.0063', 'NDCG@5': '0.0041', 'HIT@10': '0.0086', 'NDCG@10': '0.0049', 'HIT@20': '0.0122', 'NDCG@20': '0.0058'}
{'Epoch': 79, 'name': 'low_freq', 'HIT@5': '0.0061', 'NDCG@5': '0.0045', 'HIT@10': '0.0068', 'NDCG@10': '0.0047', 'HIT@20': '0.0081', 'NDCG@20': '0.0050'}
{'Epoch': 79, 'name': 'all', 'HIT@5': '0.0253', 'NDCG@5': '0.0162', 'HIT@10': '0.0405', 'NDCG@10': '0.0211', 'HIT@20': '0.0620', 'NDCG@20': '0.0265'}
EarlyStopping counter: 6 out of 40
rec dataset length: 186
100%|█████████████████████████████████████████████████████████████████████████████████████████████████████████████████████████████████████████████████████████| 186/186 [00:51<00:00,  3.61it/s]
{'epoch': 80, 'rec_avg_loss': '0.5209', 'joint_avg_loss': '1.1086', 'cl_avg_loss': '5.8775', 'itemcl_loss': '0.0000', 'cl_pair_0_loss': '5.8775'}
Recommendation EP_test:80: 100%|| 35/35 [00:08<00:00,  4.34it/s]
{'Epoch': 80, 'name': 'high_freq', 'HIT@5': '0.0334', 'NDCG@5': '0.0211', 'HIT@10': '0.0562', 'NDCG@10': '0.0284', 'HIT@20': '0.0858', 'NDCG@20': '0.0359'}
{'Epoch': 80, 'name': 'mid_freq', 'HIT@5': '0.0063', 'NDCG@5': '0.0042', 'HIT@10': '0.0082', 'NDCG@10': '0.0048', 'HIT@20': '0.0129', 'NDCG@20': '0.0060'}
{'Epoch': 80, 'name': 'low_freq', 'HIT@5': '0.0048', 'NDCG@5': '0.0038', 'HIT@10': '0.0059', 'NDCG@10': '0.0042', 'HIT@20': '0.0072', 'NDCG@20': '0.0046'}
{'Epoch': 80, 'name': 'all', 'HIT@5': '0.0246', 'NDCG@5': '0.0157', 'HIT@10': '0.0406', 'NDCG@10': '0.0208', 'HIT@20': '0.0618', 'NDCG@20': '0.0261'}
EarlyStopping counter: 7 out of 40
rec dataset length: 186
100%|█████████████████████████████████████████████████████████████████████████████████████████████████████████████████████████████████████████████████████████| 186/186 [00:51<00:00,  3.61it/s]
{'epoch': 81, 'rec_avg_loss': '0.5186', 'joint_avg_loss': '1.1063', 'cl_avg_loss': '5.8774', 'itemcl_loss': '0.0000', 'cl_pair_0_loss': '5.8774'}
Recommendation EP_test:81: 100%|| 35/35 [00:08<00:00,  4.31it/s]
{'Epoch': 81, 'name': 'high_freq', 'HIT@5': '0.0347', 'NDCG@5': '0.0215', 'HIT@10': '0.0565', 'NDCG@10': '0.0285', 'HIT@20': '0.0862', 'NDCG@20': '0.0360'}
{'Epoch': 81, 'name': 'mid_freq', 'HIT@5': '0.0056', 'NDCG@5': '0.0041', 'HIT@10': '0.0069', 'NDCG@10': '0.0045', 'HIT@20': '0.0106', 'NDCG@20': '0.0054'}
{'Epoch': 81, 'name': 'low_freq', 'HIT@5': '0.0052', 'NDCG@5': '0.0039', 'HIT@10': '0.0059', 'NDCG@10': '0.0041', 'HIT@20': '0.0072', 'NDCG@20': '0.0045'}
{'Epoch': 81, 'name': 'all', 'HIT@5': '0.0253', 'NDCG@5': '0.0159', 'HIT@10': '0.0405', 'NDCG@10': '0.0208', 'HIT@20': '0.0616', 'NDCG@20': '0.0261'}
EarlyStopping counter: 8 out of 40
rec dataset length: 186
100%|█████████████████████████████████████████████████████████████████████████████████████████████████████████████████████████████████████████████████████████| 186/186 [00:51<00:00,  3.62it/s]
{'epoch': 82, 'rec_avg_loss': '0.5162', 'joint_avg_loss': '1.1039', 'cl_avg_loss': '5.8768', 'itemcl_loss': '0.0000', 'cl_pair_0_loss': '5.8768'}
Recommendation EP_test:82: 100%|| 35/35 [00:08<00:00,  4.27it/s]
{'Epoch': 82, 'name': 'high_freq', 'HIT@5': '0.0349', 'NDCG@5': '0.0220', 'HIT@10': '0.0556', 'NDCG@10': '0.0287', 'HIT@20': '0.0866', 'NDCG@20': '0.0365'}
{'Epoch': 82, 'name': 'mid_freq', 'HIT@5': '0.0057', 'NDCG@5': '0.0040', 'HIT@10': '0.0080', 'NDCG@10': '0.0048', 'HIT@20': '0.0128', 'NDCG@20': '0.0059'}
{'Epoch': 82, 'name': 'low_freq', 'HIT@5': '0.0057', 'NDCG@5': '0.0048', 'HIT@10': '0.0066', 'NDCG@10': '0.0051', 'HIT@20': '0.0086', 'NDCG@20': '0.0056'}
{'Epoch': 82, 'name': 'all', 'HIT@5': '0.0255', 'NDCG@5': '0.0164', 'HIT@10': '0.0402', 'NDCG@10': '0.0211', 'HIT@20': '0.0625', 'NDCG@20': '0.0267'}
EarlyStopping counter: 9 out of 40
rec dataset length: 186
100%|█████████████████████████████████████████████████████████████████████████████████████████████████████████████████████████████████████████████████████████| 186/186 [00:51<00:00,  3.60it/s]
{'epoch': 83, 'rec_avg_loss': '0.5155', 'joint_avg_loss': '1.1030', 'cl_avg_loss': '5.8750', 'itemcl_loss': '0.0000', 'cl_pair_0_loss': '5.8750'}
Recommendation EP_test:83: 100%|| 35/35 [00:08<00:00,  4.21it/s]
{'Epoch': 83, 'name': 'high_freq', 'HIT@5': '0.0348', 'NDCG@5': '0.0222', 'HIT@10': '0.0553', 'NDCG@10': '0.0288', 'HIT@20': '0.0867', 'NDCG@20': '0.0367'}
{'Epoch': 83, 'name': 'mid_freq', 'HIT@5': '0.0068', 'NDCG@5': '0.0046', 'HIT@10': '0.0079', 'NDCG@10': '0.0050', 'HIT@20': '0.0121', 'NDCG@20': '0.0060'}
{'Epoch': 83, 'name': 'low_freq', 'HIT@5': '0.0059', 'NDCG@5': '0.0048', 'HIT@10': '0.0063', 'NDCG@10': '0.0050', 'HIT@20': '0.0079', 'NDCG@20': '0.0054'}
{'Epoch': 83, 'name': 'all', 'HIT@5': '0.0257', 'NDCG@5': '0.0166', 'HIT@10': '0.0399', 'NDCG@10': '0.0212', 'HIT@20': '0.0623', 'NDCG@20': '0.0268'}
EarlyStopping counter: 10 out of 40
rec dataset length: 186
100%|█████████████████████████████████████████████████████████████████████████████████████████████████████████████████████████████████████████████████████████| 186/186 [00:51<00:00,  3.61it/s]
{'epoch': 84, 'rec_avg_loss': '0.5130', 'joint_avg_loss': '1.0997', 'cl_avg_loss': '5.8673', 'itemcl_loss': '0.0000', 'cl_pair_0_loss': '5.8673'}
Recommendation EP_test:84: 100%|| 35/35 [00:08<00:00,  4.13it/s]
{'Epoch': 84, 'name': 'high_freq', 'HIT@5': '0.0341', 'NDCG@5': '0.0214', 'HIT@10': '0.0553', 'NDCG@10': '0.0283', 'HIT@20': '0.0861', 'NDCG@20': '0.0360'}
{'Epoch': 84, 'name': 'mid_freq', 'HIT@5': '0.0059', 'NDCG@5': '0.0040', 'HIT@10': '0.0079', 'NDCG@10': '0.0047', 'HIT@20': '0.0142', 'NDCG@20': '0.0062'}
{'Epoch': 84, 'name': 'low_freq', 'HIT@5': '0.0061', 'NDCG@5': '0.0052', 'HIT@10': '0.0068', 'NDCG@10': '0.0054', 'HIT@20': '0.0081', 'NDCG@20': '0.0057'}
{'Epoch': 84, 'name': 'all', 'HIT@5': '0.0251', 'NDCG@5': '0.0160', 'HIT@10': '0.0400', 'NDCG@10': '0.0208', 'HIT@20': '0.0623', 'NDCG@20': '0.0264'}
EarlyStopping counter: 11 out of 40
rec dataset length: 186
100%|█████████████████████████████████████████████████████████████████████████████████████████████████████████████████████████████████████████████████████████| 186/186 [00:51<00:00,  3.61it/s]
{'epoch': 85, 'rec_avg_loss': '0.5119', 'joint_avg_loss': '1.0982', 'cl_avg_loss': '5.8635', 'itemcl_loss': '0.0000', 'cl_pair_0_loss': '5.8635'}
Recommendation EP_test:85: 100%|| 35/35 [00:08<00:00,  4.10it/s]
{'Epoch': 85, 'name': 'high_freq', 'HIT@5': '0.0341', 'NDCG@5': '0.0211', 'HIT@10': '0.0552', 'NDCG@10': '0.0279', 'HIT@20': '0.0879', 'NDCG@20': '0.0361'}
{'Epoch': 85, 'name': 'mid_freq', 'HIT@5': '0.0062', 'NDCG@5': '0.0041', 'HIT@10': '0.0083', 'NDCG@10': '0.0048', 'HIT@20': '0.0128', 'NDCG@20': '0.0059'}
{'Epoch': 85, 'name': 'low_freq', 'HIT@5': '0.0061', 'NDCG@5': '0.0044', 'HIT@10': '0.0066', 'NDCG@10': '0.0046', 'HIT@20': '0.0097', 'NDCG@20': '0.0054'}
{'Epoch': 85, 'name': 'all', 'HIT@5': '0.0252', 'NDCG@5': '0.0157', 'HIT@10': '0.0400', 'NDCG@10': '0.0205', 'HIT@20': '0.0635', 'NDCG@20': '0.0264'}
EarlyStopping counter: 12 out of 40
rec dataset length: 186
100%|█████████████████████████████████████████████████████████████████████████████████████████████████████████████████████████████████████████████████████████| 186/186 [00:51<00:00,  3.62it/s]
{'epoch': 86, 'rec_avg_loss': '0.5089', 'joint_avg_loss': '1.0951', 'cl_avg_loss': '5.8624', 'itemcl_loss': '0.0000', 'cl_pair_0_loss': '5.8624'}
Recommendation EP_test:86: 100%|| 35/35 [00:08<00:00,  4.14it/s]
{'Epoch': 86, 'name': 'high_freq', 'HIT@5': '0.0335', 'NDCG@5': '0.0210', 'HIT@10': '0.0550', 'NDCG@10': '0.0279', 'HIT@20': '0.0875', 'NDCG@20': '0.0361'}
{'Epoch': 86, 'name': 'mid_freq', 'HIT@5': '0.0059', 'NDCG@5': '0.0040', 'HIT@10': '0.0080', 'NDCG@10': '0.0046', 'HIT@20': '0.0122', 'NDCG@20': '0.0057'}
{'Epoch': 86, 'name': 'low_freq', 'HIT@5': '0.0059', 'NDCG@5': '0.0046', 'HIT@10': '0.0068', 'NDCG@10': '0.0049', 'HIT@20': '0.0086', 'NDCG@20': '0.0054'}
{'Epoch': 86, 'name': 'all', 'HIT@5': '0.0247', 'NDCG@5': '0.0156', 'HIT@10': '0.0398', 'NDCG@10': '0.0205', 'HIT@20': '0.0630', 'NDCG@20': '0.0263'}
EarlyStopping counter: 13 out of 40
rec dataset length: 186
100%|█████████████████████████████████████████████████████████████████████████████████████████████████████████████████████████████████████████████████████████| 186/186 [00:51<00:00,  3.61it/s]
{'epoch': 87, 'rec_avg_loss': '0.5093', 'joint_avg_loss': '1.0952', 'cl_avg_loss': '5.8589', 'itemcl_loss': '0.0000', 'cl_pair_0_loss': '5.8589'}
Recommendation EP_test:87: 100%|| 35/35 [00:08<00:00,  4.17it/s]
{'Epoch': 87, 'name': 'high_freq', 'HIT@5': '0.0331', 'NDCG@5': '0.0209', 'HIT@10': '0.0541', 'NDCG@10': '0.0277', 'HIT@20': '0.0858', 'NDCG@20': '0.0357'}
{'Epoch': 87, 'name': 'mid_freq', 'HIT@5': '0.0060', 'NDCG@5': '0.0043', 'HIT@10': '0.0085', 'NDCG@10': '0.0050', 'HIT@20': '0.0122', 'NDCG@20': '0.0060'}
{'Epoch': 87, 'name': 'low_freq', 'HIT@5': '0.0054', 'NDCG@5': '0.0046', 'HIT@10': '0.0068', 'NDCG@10': '0.0050', 'HIT@20': '0.0091', 'NDCG@20': '0.0056'}
{'Epoch': 87, 'name': 'all', 'HIT@5': '0.0244', 'NDCG@5': '0.0156', 'HIT@10': '0.0393', 'NDCG@10': '0.0204', 'HIT@20': '0.0619', 'NDCG@20': '0.0261'}
EarlyStopping counter: 14 out of 40
rec dataset length: 186
100%|█████████████████████████████████████████████████████████████████████████████████████████████████████████████████████████████████████████████████████████| 186/186 [00:51<00:00,  3.60it/s]
{'epoch': 88, 'rec_avg_loss': '0.5071', 'joint_avg_loss': '1.0932', 'cl_avg_loss': '5.8617', 'itemcl_loss': '0.0000', 'cl_pair_0_loss': '5.8617'}
Recommendation EP_test:88: 100%|| 35/35 [00:08<00:00,  4.28it/s]
{'Epoch': 88, 'name': 'high_freq', 'HIT@5': '0.0332', 'NDCG@5': '0.0209', 'HIT@10': '0.0550', 'NDCG@10': '0.0279', 'HIT@20': '0.0876', 'NDCG@20': '0.0361'}
{'Epoch': 88, 'name': 'mid_freq', 'HIT@5': '0.0068', 'NDCG@5': '0.0046', 'HIT@10': '0.0093', 'NDCG@10': '0.0055', 'HIT@20': '0.0138', 'NDCG@20': '0.0066'}
{'Epoch': 88, 'name': 'low_freq', 'HIT@5': '0.0059', 'NDCG@5': '0.0047', 'HIT@10': '0.0070', 'NDCG@10': '0.0051', 'HIT@20': '0.0088', 'NDCG@20': '0.0055'}
{'Epoch': 88, 'name': 'all', 'HIT@5': '0.0246', 'NDCG@5': '0.0157', 'HIT@10': '0.0401', 'NDCG@10': '0.0207', 'HIT@20': '0.0634', 'NDCG@20': '0.0265'}
EarlyStopping counter: 15 out of 40
rec dataset length: 186
100%|█████████████████████████████████████████████████████████████████████████████████████████████████████████████████████████████████████████████████████████| 186/186 [00:51<00:00,  3.61it/s]
{'epoch': 89, 'rec_avg_loss': '0.5074', 'joint_avg_loss': '1.0937', 'cl_avg_loss': '5.8630', 'itemcl_loss': '0.0000', 'cl_pair_0_loss': '5.8630'}
Recommendation EP_test:89: 100%|| 35/35 [00:08<00:00,  4.17it/s]
{'Epoch': 89, 'name': 'high_freq', 'HIT@5': '0.0338', 'NDCG@5': '0.0209', 'HIT@10': '0.0562', 'NDCG@10': '0.0281', 'HIT@20': '0.0884', 'NDCG@20': '0.0361'}
{'Epoch': 89, 'name': 'mid_freq', 'HIT@5': '0.0065', 'NDCG@5': '0.0044', 'HIT@10': '0.0090', 'NDCG@10': '0.0052', 'HIT@20': '0.0131', 'NDCG@20': '0.0062'}
{'Epoch': 89, 'name': 'low_freq', 'HIT@5': '0.0052', 'NDCG@5': '0.0042', 'HIT@10': '0.0066', 'NDCG@10': '0.0046', 'HIT@20': '0.0079', 'NDCG@20': '0.0049'}
{'Epoch': 89, 'name': 'all', 'HIT@5': '0.0249', 'NDCG@5': '0.0156', 'HIT@10': '0.0408', 'NDCG@10': '0.0207', 'HIT@20': '0.0637', 'NDCG@20': '0.0264'}
EarlyStopping counter: 16 out of 40
rec dataset length: 186
100%|█████████████████████████████████████████████████████████████████████████████████████████████████████████████████████████████████████████████████████████| 186/186 [00:51<00:00,  3.60it/s]
{'epoch': 90, 'rec_avg_loss': '0.5038', 'joint_avg_loss': '1.0895', 'cl_avg_loss': '5.8567', 'itemcl_loss': '0.0000', 'cl_pair_0_loss': '5.8567'}
Recommendation EP_test:90: 100%|| 35/35 [00:08<00:00,  4.31it/s]
{'Epoch': 90, 'name': 'high_freq', 'HIT@5': '0.0338', 'NDCG@5': '0.0211', 'HIT@10': '0.0557', 'NDCG@10': '0.0281', 'HIT@20': '0.0875', 'NDCG@20': '0.0361'}
{'Epoch': 90, 'name': 'mid_freq', 'HIT@5': '0.0075', 'NDCG@5': '0.0050', 'HIT@10': '0.0096', 'NDCG@10': '0.0057', 'HIT@20': '0.0139', 'NDCG@20': '0.0068'}
{'Epoch': 90, 'name': 'low_freq', 'HIT@5': '0.0061', 'NDCG@5': '0.0051', 'HIT@10': '0.0075', 'NDCG@10': '0.0055', 'HIT@20': '0.0084', 'NDCG@20': '0.0058'}
{'Epoch': 90, 'name': 'all', 'HIT@5': '0.0252', 'NDCG@5': '0.0160', 'HIT@10': '0.0407', 'NDCG@10': '0.0209', 'HIT@20': '0.0633', 'NDCG@20': '0.0266'}
EarlyStopping counter: 17 out of 40
rec dataset length: 186
100%|█████████████████████████████████████████████████████████████████████████████████████████████████████████████████████████████████████████████████████████| 186/186 [00:51<00:00,  3.61it/s]
{'epoch': 91, 'rec_avg_loss': '0.5039', 'joint_avg_loss': '1.0892', 'cl_avg_loss': '5.8532', 'itemcl_loss': '0.0000', 'cl_pair_0_loss': '5.8532'}
Recommendation EP_test:91: 100%|| 35/35 [00:08<00:00,  4.22it/s]
{'Epoch': 91, 'name': 'high_freq', 'HIT@5': '0.0358', 'NDCG@5': '0.0225', 'HIT@10': '0.0576', 'NDCG@10': '0.0295', 'HIT@20': '0.0895', 'NDCG@20': '0.0375'}
{'Epoch': 91, 'name': 'mid_freq', 'HIT@5': '0.0069', 'NDCG@5': '0.0047', 'HIT@10': '0.0092', 'NDCG@10': '0.0054', 'HIT@20': '0.0142', 'NDCG@20': '0.0067'}
{'Epoch': 91, 'name': 'low_freq', 'HIT@5': '0.0066', 'NDCG@5': '0.0048', 'HIT@10': '0.0068', 'NDCG@10': '0.0049', 'HIT@20': '0.0095', 'NDCG@20': '0.0055'}
{'Epoch': 91, 'name': 'all', 'HIT@5': '0.0265', 'NDCG@5': '0.0168', 'HIT@10': '0.0418', 'NDCG@10': '0.0218', 'HIT@20': '0.0649', 'NDCG@20': '0.0275'}
Validation score increased.  Saving model ...
rec dataset length: 186
100%|█████████████████████████████████████████████████████████████████████████████████████████████████████████████████████████████████████████████████████████| 186/186 [00:51<00:00,  3.61it/s]
{'epoch': 92, 'rec_avg_loss': '0.5036', 'joint_avg_loss': '1.0888', 'cl_avg_loss': '5.8515', 'itemcl_loss': '0.0000', 'cl_pair_0_loss': '5.8515'}
Recommendation EP_test:92: 100%|| 35/35 [00:08<00:00,  4.34it/s]
{'Epoch': 92, 'name': 'high_freq', 'HIT@5': '0.0356', 'NDCG@5': '0.0223', 'HIT@10': '0.0570', 'NDCG@10': '0.0292', 'HIT@20': '0.0895', 'NDCG@20': '0.0374'}
{'Epoch': 92, 'name': 'mid_freq', 'HIT@5': '0.0059', 'NDCG@5': '0.0040', 'HIT@10': '0.0085', 'NDCG@10': '0.0049', 'HIT@20': '0.0132', 'NDCG@20': '0.0061'}
{'Epoch': 92, 'name': 'low_freq', 'HIT@5': '0.0059', 'NDCG@5': '0.0041', 'HIT@10': '0.0063', 'NDCG@10': '0.0043', 'HIT@20': '0.0081', 'NDCG@20': '0.0048'}
{'Epoch': 92, 'name': 'all', 'HIT@5': '0.0261', 'NDCG@5': '0.0165', 'HIT@10': '0.0412', 'NDCG@10': '0.0213', 'HIT@20': '0.0645', 'NDCG@20': '0.0272'}
EarlyStopping counter: 1 out of 40
rec dataset length: 186
100%|█████████████████████████████████████████████████████████████████████████████████████████████████████████████████████████████████████████████████████████| 186/186 [00:51<00:00,  3.60it/s]
{'epoch': 93, 'rec_avg_loss': '0.5024', 'joint_avg_loss': '1.0876', 'cl_avg_loss': '5.8521', 'itemcl_loss': '0.0000', 'cl_pair_0_loss': '5.8521'}
Recommendation EP_test:93: 100%|| 35/35 [00:08<00:00,  4.33it/s]
{'Epoch': 93, 'name': 'high_freq', 'HIT@5': '0.0343', 'NDCG@5': '0.0219', 'HIT@10': '0.0576', 'NDCG@10': '0.0294', 'HIT@20': '0.0903', 'NDCG@20': '0.0376'}
{'Epoch': 93, 'name': 'mid_freq', 'HIT@5': '0.0063', 'NDCG@5': '0.0043', 'HIT@10': '0.0098', 'NDCG@10': '0.0054', 'HIT@20': '0.0144', 'NDCG@20': '0.0066'}
{'Epoch': 93, 'name': 'low_freq', 'HIT@5': '0.0068', 'NDCG@5': '0.0044', 'HIT@10': '0.0077', 'NDCG@10': '0.0047', 'HIT@20': '0.0095', 'NDCG@20': '0.0052'}
{'Epoch': 93, 'name': 'all', 'HIT@5': '0.0254', 'NDCG@5': '0.0163', 'HIT@10': '0.0420', 'NDCG@10': '0.0216', 'HIT@20': '0.0654', 'NDCG@20': '0.0275'}
EarlyStopping counter: 2 out of 40
rec dataset length: 186
100%|█████████████████████████████████████████████████████████████████████████████████████████████████████████████████████████████████████████████████████████| 186/186 [00:51<00:00,  3.59it/s]
{'epoch': 94, 'rec_avg_loss': '0.4975', 'joint_avg_loss': '1.0826', 'cl_avg_loss': '5.8513', 'itemcl_loss': '0.0000', 'cl_pair_0_loss': '5.8513'}
Recommendation EP_test:94: 100%|| 35/35 [00:07<00:00,  4.39it/s]
{'Epoch': 94, 'name': 'high_freq', 'HIT@5': '0.0358', 'NDCG@5': '0.0230', 'HIT@10': '0.0581', 'NDCG@10': '0.0302', 'HIT@20': '0.0908', 'NDCG@20': '0.0384'}
{'Epoch': 94, 'name': 'mid_freq', 'HIT@5': '0.0050', 'NDCG@5': '0.0036', 'HIT@10': '0.0085', 'NDCG@10': '0.0047', 'HIT@20': '0.0139', 'NDCG@20': '0.0061'}
{'Epoch': 94, 'name': 'low_freq', 'HIT@5': '0.0057', 'NDCG@5': '0.0042', 'HIT@10': '0.0075', 'NDCG@10': '0.0048', 'HIT@20': '0.0093', 'NDCG@20': '0.0052'}
{'Epoch': 94, 'name': 'all', 'HIT@5': '0.0261', 'NDCG@5': '0.0169', 'HIT@10': '0.0421', 'NDCG@10': '0.0220', 'HIT@20': '0.0656', 'NDCG@20': '0.0279'}
Validation score increased.  Saving model ...
rec dataset length: 186
100%|█████████████████████████████████████████████████████████████████████████████████████████████████████████████████████████████████████████████████████████| 186/186 [00:51<00:00,  3.62it/s]
{'epoch': 95, 'rec_avg_loss': '0.4985', 'joint_avg_loss': '1.0835', 'cl_avg_loss': '5.8500', 'itemcl_loss': '0.0000', 'cl_pair_0_loss': '5.8500'}
Recommendation EP_test:95: 100%|| 35/35 [00:08<00:00,  4.28it/s]
{'Epoch': 95, 'name': 'high_freq', 'HIT@5': '0.0347', 'NDCG@5': '0.0221', 'HIT@10': '0.0568', 'NDCG@10': '0.0292', 'HIT@20': '0.0878', 'NDCG@20': '0.0370'}
{'Epoch': 95, 'name': 'mid_freq', 'HIT@5': '0.0053', 'NDCG@5': '0.0037', 'HIT@10': '0.0090', 'NDCG@10': '0.0049', 'HIT@20': '0.0151', 'NDCG@20': '0.0064'}
{'Epoch': 95, 'name': 'low_freq', 'HIT@5': '0.0061', 'NDCG@5': '0.0047', 'HIT@10': '0.0077', 'NDCG@10': '0.0052', 'HIT@20': '0.0102', 'NDCG@20': '0.0058'}
{'Epoch': 95, 'name': 'all', 'HIT@5': '0.0254', 'NDCG@5': '0.0164', 'HIT@10': '0.0414', 'NDCG@10': '0.0215', 'HIT@20': '0.0640', 'NDCG@20': '0.0272'}
EarlyStopping counter: 1 out of 40
rec dataset length: 186
100%|█████████████████████████████████████████████████████████████████████████████████████████████████████████████████████████████████████████████████████████| 186/186 [00:51<00:00,  3.60it/s]
{'epoch': 96, 'rec_avg_loss': '0.4961', 'joint_avg_loss': '1.0805', 'cl_avg_loss': '5.8443', 'itemcl_loss': '0.0000', 'cl_pair_0_loss': '5.8443'}
Recommendation EP_test:96: 100%|| 35/35 [00:08<00:00,  4.32it/s]
{'Epoch': 96, 'name': 'high_freq', 'HIT@5': '0.0351', 'NDCG@5': '0.0223', 'HIT@10': '0.0572', 'NDCG@10': '0.0294', 'HIT@20': '0.0873', 'NDCG@20': '0.0370'}
{'Epoch': 96, 'name': 'mid_freq', 'HIT@5': '0.0063', 'NDCG@5': '0.0041', 'HIT@10': '0.0088', 'NDCG@10': '0.0049', 'HIT@20': '0.0138', 'NDCG@20': '0.0062'}
{'Epoch': 96, 'name': 'low_freq', 'HIT@5': '0.0061', 'NDCG@5': '0.0050', 'HIT@10': '0.0072', 'NDCG@10': '0.0054', 'HIT@20': '0.0097', 'NDCG@20': '0.0060'}
{'Epoch': 96, 'name': 'all', 'HIT@5': '0.0259', 'NDCG@5': '0.0166', 'HIT@10': '0.0415', 'NDCG@10': '0.0216', 'HIT@20': '0.0633', 'NDCG@20': '0.0271'}
EarlyStopping counter: 2 out of 40
rec dataset length: 186
100%|█████████████████████████████████████████████████████████████████████████████████████████████████████████████████████████████████████████████████████████| 186/186 [00:51<00:00,  3.61it/s]
{'epoch': 97, 'rec_avg_loss': '0.4944', 'joint_avg_loss': '1.0788', 'cl_avg_loss': '5.8440', 'itemcl_loss': '0.0000', 'cl_pair_0_loss': '5.8440'}
Recommendation EP_test:97: 100%|| 35/35 [00:08<00:00,  4.34it/s]
{'Epoch': 97, 'name': 'high_freq', 'HIT@5': '0.0352', 'NDCG@5': '0.0228', 'HIT@10': '0.0557', 'NDCG@10': '0.0294', 'HIT@20': '0.0894', 'NDCG@20': '0.0378'}
{'Epoch': 97, 'name': 'mid_freq', 'HIT@5': '0.0060', 'NDCG@5': '0.0038', 'HIT@10': '0.0103', 'NDCG@10': '0.0052', 'HIT@20': '0.0144', 'NDCG@20': '0.0062'}
{'Epoch': 97, 'name': 'low_freq', 'HIT@5': '0.0063', 'NDCG@5': '0.0049', 'HIT@10': '0.0075', 'NDCG@10': '0.0053', 'HIT@20': '0.0091', 'NDCG@20': '0.0057'}
{'Epoch': 97, 'name': 'all', 'HIT@5': '0.0259', 'NDCG@5': '0.0168', 'HIT@10': '0.0409', 'NDCG@10': '0.0216', 'HIT@20': '0.0648', 'NDCG@20': '0.0277'}
EarlyStopping counter: 3 out of 40
rec dataset length: 186
100%|█████████████████████████████████████████████████████████████████████████████████████████████████████████████████████████████████████████████████████████| 186/186 [00:51<00:00,  3.61it/s]
{'epoch': 98, 'rec_avg_loss': '0.4933', 'joint_avg_loss': '1.0772', 'cl_avg_loss': '5.8388', 'itemcl_loss': '0.0000', 'cl_pair_0_loss': '5.8388'}
Recommendation EP_test:98: 100%|| 35/35 [00:08<00:00,  4.30it/s]
{'Epoch': 98, 'name': 'high_freq', 'HIT@5': '0.0341', 'NDCG@5': '0.0217', 'HIT@10': '0.0553', 'NDCG@10': '0.0285', 'HIT@20': '0.0865', 'NDCG@20': '0.0363'}
{'Epoch': 98, 'name': 'mid_freq', 'HIT@5': '0.0063', 'NDCG@5': '0.0044', 'HIT@10': '0.0105', 'NDCG@10': '0.0057', 'HIT@20': '0.0149', 'NDCG@20': '0.0068'}
{'Epoch': 98, 'name': 'low_freq', 'HIT@5': '0.0068', 'NDCG@5': '0.0055', 'HIT@10': '0.0075', 'NDCG@10': '0.0057', 'HIT@20': '0.0091', 'NDCG@20': '0.0061'}
{'Epoch': 98, 'name': 'all', 'HIT@5': '0.0253', 'NDCG@5': '0.0163', 'HIT@10': '0.0406', 'NDCG@10': '0.0212', 'HIT@20': '0.0629', 'NDCG@20': '0.0268'}
EarlyStopping counter: 4 out of 40
rec dataset length: 186
100%|█████████████████████████████████████████████████████████████████████████████████████████████████████████████████████████████████████████████████████████| 186/186 [00:51<00:00,  3.60it/s]
{'epoch': 99, 'rec_avg_loss': '0.4942', 'joint_avg_loss': '1.0777', 'cl_avg_loss': '5.8350', 'itemcl_loss': '0.0000', 'cl_pair_0_loss': '5.8350'}
Recommendation EP_test:99: 100%|| 35/35 [00:08<00:00,  4.32it/s]
{'Epoch': 99, 'name': 'high_freq', 'HIT@5': '0.0343', 'NDCG@5': '0.0219', 'HIT@10': '0.0560', 'NDCG@10': '0.0288', 'HIT@20': '0.0863', 'NDCG@20': '0.0364'}
{'Epoch': 99, 'name': 'mid_freq', 'HIT@5': '0.0069', 'NDCG@5': '0.0046', 'HIT@10': '0.0092', 'NDCG@10': '0.0053', 'HIT@20': '0.0144', 'NDCG@20': '0.0067'}
{'Epoch': 99, 'name': 'low_freq', 'HIT@5': '0.0068', 'NDCG@5': '0.0052', 'HIT@10': '0.0075', 'NDCG@10': '0.0054', 'HIT@20': '0.0102', 'NDCG@20': '0.0061'}
{'Epoch': 99, 'name': 'all', 'HIT@5': '0.0255', 'NDCG@5': '0.0164', 'HIT@10': '0.0408', 'NDCG@10': '0.0213', 'HIT@20': '0.0628', 'NDCG@20': '0.0268'}
EarlyStopping counter: 5 out of 40
rec dataset length: 186
100%|█████████████████████████████████████████████████████████████████████████████████████████████████████████████████████████████████████████████████████████| 186/186 [00:51<00:00,  3.61it/s]
{'epoch': 100, 'rec_avg_loss': '0.4912', 'joint_avg_loss': '1.0749', 'cl_avg_loss': '5.8372', 'itemcl_loss': '0.0000', 'cl_pair_0_loss': '5.8372'}
Recommendation EP_test:100: 100%|| 35/35 [00:07<00:00,  4.39it/s]
{'Epoch': 100, 'name': 'high_freq', 'HIT@5': '0.0338', 'NDCG@5': '0.0216', 'HIT@10': '0.0550', 'NDCG@10': '0.0284', 'HIT@20': '0.0870', 'NDCG@20': '0.0365'}
{'Epoch': 100, 'name': 'mid_freq', 'HIT@5': '0.0065', 'NDCG@5': '0.0042', 'HIT@10': '0.0106', 'NDCG@10': '0.0056', 'HIT@20': '0.0141', 'NDCG@20': '0.0064'}
{'Epoch': 100, 'name': 'low_freq', 'HIT@5': '0.0063', 'NDCG@5': '0.0049', 'HIT@10': '0.0077', 'NDCG@10': '0.0054', 'HIT@20': '0.0097', 'NDCG@20': '0.0059'}
{'Epoch': 100, 'name': 'all', 'HIT@5': '0.0251', 'NDCG@5': '0.0161', 'HIT@10': '0.0404', 'NDCG@10': '0.0211', 'HIT@20': '0.0632', 'NDCG@20': '0.0268'}
EarlyStopping counter: 6 out of 40
rec dataset length: 186
100%|█████████████████████████████████████████████████████████████████████████████████████████████████████████████████████████████████████████████████████████| 186/186 [00:51<00:00,  3.61it/s]
{'epoch': 101, 'rec_avg_loss': '0.4892', 'joint_avg_loss': '1.0727', 'cl_avg_loss': '5.8351', 'itemcl_loss': '0.0000', 'cl_pair_0_loss': '5.8351'}
Recommendation EP_test:101: 100%|| 35/35 [00:07<00:00,  4.47it/s]
{'Epoch': 101, 'name': 'high_freq', 'HIT@5': '0.0347', 'NDCG@5': '0.0222', 'HIT@10': '0.0575', 'NDCG@10': '0.0294', 'HIT@20': '0.0887', 'NDCG@20': '0.0373'}
{'Epoch': 101, 'name': 'mid_freq', 'HIT@5': '0.0059', 'NDCG@5': '0.0039', 'HIT@10': '0.0095', 'NDCG@10': '0.0050', 'HIT@20': '0.0139', 'NDCG@20': '0.0061'}
{'Epoch': 101, 'name': 'low_freq', 'HIT@5': '0.0066', 'NDCG@5': '0.0052', 'HIT@10': '0.0077', 'NDCG@10': '0.0055', 'HIT@20': '0.0093', 'NDCG@20': '0.0059'}
{'Epoch': 101, 'name': 'all', 'HIT@5': '0.0256', 'NDCG@5': '0.0165', 'HIT@10': '0.0419', 'NDCG@10': '0.0217', 'HIT@20': '0.0642', 'NDCG@20': '0.0273'}
EarlyStopping counter: 7 out of 40
rec dataset length: 186
100%|█████████████████████████████████████████████████████████████████████████████████████████████████████████████████████████████████████████████████████████| 186/186 [00:51<00:00,  3.61it/s]
{'epoch': 102, 'rec_avg_loss': '0.4881', 'joint_avg_loss': '1.0718', 'cl_avg_loss': '5.8362', 'itemcl_loss': '0.0000', 'cl_pair_0_loss': '5.8362'}
Recommendation EP_test:102: 100%|| 35/35 [00:07<00:00,  4.39it/s]
{'Epoch': 102, 'name': 'high_freq', 'HIT@5': '0.0346', 'NDCG@5': '0.0219', 'HIT@10': '0.0567', 'NDCG@10': '0.0289', 'HIT@20': '0.0907', 'NDCG@20': '0.0375'}
{'Epoch': 102, 'name': 'mid_freq', 'HIT@5': '0.0063', 'NDCG@5': '0.0040', 'HIT@10': '0.0098', 'NDCG@10': '0.0051', 'HIT@20': '0.0149', 'NDCG@20': '0.0064'}
{'Epoch': 102, 'name': 'low_freq', 'HIT@5': '0.0063', 'NDCG@5': '0.0054', 'HIT@10': '0.0072', 'NDCG@10': '0.0057', 'HIT@20': '0.0091', 'NDCG@20': '0.0062'}
{'Epoch': 102, 'name': 'all', 'HIT@5': '0.0255', 'NDCG@5': '0.0163', 'HIT@10': '0.0414', 'NDCG@10': '0.0214', 'HIT@20': '0.0658', 'NDCG@20': '0.0275'}
EarlyStopping counter: 8 out of 40
rec dataset length: 186
100%|█████████████████████████████████████████████████████████████████████████████████████████████████████████████████████████████████████████████████████████| 186/186 [00:51<00:00,  3.61it/s]
{'epoch': 103, 'rec_avg_loss': '0.4873', 'joint_avg_loss': '1.0707', 'cl_avg_loss': '5.8339', 'itemcl_loss': '0.0000', 'cl_pair_0_loss': '5.8339'}
Recommendation EP_test:103: 100%|| 35/35 [00:07<00:00,  4.45it/s]
{'Epoch': 103, 'name': 'high_freq', 'HIT@5': '0.0333', 'NDCG@5': '0.0216', 'HIT@10': '0.0571', 'NDCG@10': '0.0293', 'HIT@20': '0.0887', 'NDCG@20': '0.0372'}
{'Epoch': 103, 'name': 'mid_freq', 'HIT@5': '0.0065', 'NDCG@5': '0.0044', 'HIT@10': '0.0095', 'NDCG@10': '0.0054', 'HIT@20': '0.0148', 'NDCG@20': '0.0067'}
{'Epoch': 103, 'name': 'low_freq', 'HIT@5': '0.0066', 'NDCG@5': '0.0053', 'HIT@10': '0.0075', 'NDCG@10': '0.0055', 'HIT@20': '0.0086', 'NDCG@20': '0.0058'}
{'Epoch': 103, 'name': 'all', 'HIT@5': '0.0247', 'NDCG@5': '0.0162', 'HIT@10': '0.0416', 'NDCG@10': '0.0217', 'HIT@20': '0.0643', 'NDCG@20': '0.0274'}
EarlyStopping counter: 9 out of 40
rec dataset length: 186
100%|█████████████████████████████████████████████████████████████████████████████████████████████████████████████████████████████████████████████████████████| 186/186 [00:51<00:00,  3.61it/s]
{'epoch': 104, 'rec_avg_loss': '0.4877', 'joint_avg_loss': '1.0706', 'cl_avg_loss': '5.8285', 'itemcl_loss': '0.0000', 'cl_pair_0_loss': '5.8285'}
Recommendation EP_test:104: 100%|| 35/35 [00:08<00:00,  4.37it/s]
{'Epoch': 104, 'name': 'high_freq', 'HIT@5': '0.0348', 'NDCG@5': '0.0224', 'HIT@10': '0.0573', 'NDCG@10': '0.0296', 'HIT@20': '0.0905', 'NDCG@20': '0.0379'}
{'Epoch': 104, 'name': 'mid_freq', 'HIT@5': '0.0052', 'NDCG@5': '0.0036', 'HIT@10': '0.0092', 'NDCG@10': '0.0049', 'HIT@20': '0.0144', 'NDCG@20': '0.0062'}
{'Epoch': 104, 'name': 'low_freq', 'HIT@5': '0.0057', 'NDCG@5': '0.0041', 'HIT@10': '0.0072', 'NDCG@10': '0.0047', 'HIT@20': '0.0081', 'NDCG@20': '0.0049'}
{'Epoch': 104, 'name': 'all', 'HIT@5': '0.0254', 'NDCG@5': '0.0164', 'HIT@10': '0.0417', 'NDCG@10': '0.0217', 'HIT@20': '0.0654', 'NDCG@20': '0.0276'}
EarlyStopping counter: 10 out of 40
rec dataset length: 186
100%|█████████████████████████████████████████████████████████████████████████████████████████████████████████████████████████████████████████████████████████| 186/186 [00:51<00:00,  3.61it/s]
{'epoch': 105, 'rec_avg_loss': '0.4872', 'joint_avg_loss': '1.0697', 'cl_avg_loss': '5.8249', 'itemcl_loss': '0.0000', 'cl_pair_0_loss': '5.8249'}
Recommendation EP_test:105: 100%|| 35/35 [00:07<00:00,  4.49it/s]
{'Epoch': 105, 'name': 'high_freq', 'HIT@5': '0.0327', 'NDCG@5': '0.0213', 'HIT@10': '0.0557', 'NDCG@10': '0.0287', 'HIT@20': '0.0871', 'NDCG@20': '0.0366'}
{'Epoch': 105, 'name': 'mid_freq', 'HIT@5': '0.0066', 'NDCG@5': '0.0045', 'HIT@10': '0.0093', 'NDCG@10': '0.0054', 'HIT@20': '0.0134', 'NDCG@20': '0.0064'}
{'Epoch': 105, 'name': 'low_freq', 'HIT@5': '0.0070', 'NDCG@5': '0.0050', 'HIT@10': '0.0081', 'NDCG@10': '0.0053', 'HIT@20': '0.0095', 'NDCG@20': '0.0057'}
{'Epoch': 105, 'name': 'all', 'HIT@5': '0.0244', 'NDCG@5': '0.0160', 'HIT@10': '0.0408', 'NDCG@10': '0.0213', 'HIT@20': '0.0630', 'NDCG@20': '0.0269'}
EarlyStopping counter: 11 out of 40
rec dataset length: 186
100%|█████████████████████████████████████████████████████████████████████████████████████████████████████████████████████████████████████████████████████████| 186/186 [00:51<00:00,  3.61it/s]
{'epoch': 106, 'rec_avg_loss': '0.4841', 'joint_avg_loss': '1.0677', 'cl_avg_loss': '5.8365', 'itemcl_loss': '0.0000', 'cl_pair_0_loss': '5.8365'}
Recommendation EP_test:106: 100%|| 35/35 [00:08<00:00,  4.31it/s]
{'Epoch': 106, 'name': 'high_freq', 'HIT@5': '0.0342', 'NDCG@5': '0.0220', 'HIT@10': '0.0566', 'NDCG@10': '0.0292', 'HIT@20': '0.0891', 'NDCG@20': '0.0374'}
{'Epoch': 106, 'name': 'mid_freq', 'HIT@5': '0.0069', 'NDCG@5': '0.0047', 'HIT@10': '0.0096', 'NDCG@10': '0.0056', 'HIT@20': '0.0144', 'NDCG@20': '0.0068'}
{'Epoch': 106, 'name': 'low_freq', 'HIT@5': '0.0052', 'NDCG@5': '0.0039', 'HIT@10': '0.0066', 'NDCG@10': '0.0044', 'HIT@20': '0.0081', 'NDCG@20': '0.0048'}
{'Epoch': 106, 'name': 'all', 'HIT@5': '0.0253', 'NDCG@5': '0.0164', 'HIT@10': '0.0412', 'NDCG@10': '0.0215', 'HIT@20': '0.0644', 'NDCG@20': '0.0274'}
EarlyStopping counter: 12 out of 40
rec dataset length: 186
100%|█████████████████████████████████████████████████████████████████████████████████████████████████████████████████████████████████████████████████████████| 186/186 [00:51<00:00,  3.60it/s]
{'epoch': 107, 'rec_avg_loss': '0.4829', 'joint_avg_loss': '1.0661', 'cl_avg_loss': '5.8319', 'itemcl_loss': '0.0000', 'cl_pair_0_loss': '5.8319'}
Recommendation EP_test:107: 100%|| 35/35 [00:08<00:00,  4.31it/s]
{'Epoch': 107, 'name': 'high_freq', 'HIT@5': '0.0346', 'NDCG@5': '0.0223', 'HIT@10': '0.0548', 'NDCG@10': '0.0288', 'HIT@20': '0.0895', 'NDCG@20': '0.0376'}
{'Epoch': 107, 'name': 'mid_freq', 'HIT@5': '0.0075', 'NDCG@5': '0.0050', 'HIT@10': '0.0096', 'NDCG@10': '0.0057', 'HIT@20': '0.0155', 'NDCG@20': '0.0072'}
{'Epoch': 107, 'name': 'low_freq', 'HIT@5': '0.0057', 'NDCG@5': '0.0042', 'HIT@10': '0.0070', 'NDCG@10': '0.0046', 'HIT@20': '0.0088', 'NDCG@20': '0.0051'}
{'Epoch': 107, 'name': 'all', 'HIT@5': '0.0257', 'NDCG@5': '0.0167', 'HIT@10': '0.0400', 'NDCG@10': '0.0213', 'HIT@20': '0.0650', 'NDCG@20': '0.0276'}
EarlyStopping counter: 13 out of 40
rec dataset length: 186
100%|█████████████████████████████████████████████████████████████████████████████████████████████████████████████████████████████████████████████████████████| 186/186 [00:51<00:00,  3.62it/s]
{'epoch': 108, 'rec_avg_loss': '0.4808', 'joint_avg_loss': '1.0624', 'cl_avg_loss': '5.8157', 'itemcl_loss': '0.0000', 'cl_pair_0_loss': '5.8157'}
Recommendation EP_test:108: 100%|| 35/35 [00:08<00:00,  4.19it/s]
{'Epoch': 108, 'name': 'high_freq', 'HIT@5': '0.0336', 'NDCG@5': '0.0215', 'HIT@10': '0.0547', 'NDCG@10': '0.0282', 'HIT@20': '0.0875', 'NDCG@20': '0.0365'}
{'Epoch': 108, 'name': 'mid_freq', 'HIT@5': '0.0076', 'NDCG@5': '0.0052', 'HIT@10': '0.0108', 'NDCG@10': '0.0062', 'HIT@20': '0.0157', 'NDCG@20': '0.0075'}
{'Epoch': 108, 'name': 'low_freq', 'HIT@5': '0.0063', 'NDCG@5': '0.0047', 'HIT@10': '0.0070', 'NDCG@10': '0.0049', 'HIT@20': '0.0091', 'NDCG@20': '0.0054'}
{'Epoch': 108, 'name': 'all', 'HIT@5': '0.0251', 'NDCG@5': '0.0162', 'HIT@10': '0.0402', 'NDCG@10': '0.0210', 'HIT@20': '0.0637', 'NDCG@20': '0.0269'}
EarlyStopping counter: 14 out of 40
rec dataset length: 186
100%|█████████████████████████████████████████████████████████████████████████████████████████████████████████████████████████████████████████████████████████| 186/186 [00:51<00:00,  3.61it/s]
{'epoch': 109, 'rec_avg_loss': '0.4820', 'joint_avg_loss': '1.0647', 'cl_avg_loss': '5.8271', 'itemcl_loss': '0.0000', 'cl_pair_0_loss': '5.8271'}
Recommendation EP_test:109: 100%|| 35/35 [00:08<00:00,  4.24it/s]
{'Epoch': 109, 'name': 'high_freq', 'HIT@5': '0.0323', 'NDCG@5': '0.0211', 'HIT@10': '0.0546', 'NDCG@10': '0.0282', 'HIT@20': '0.0876', 'NDCG@20': '0.0366'}
{'Epoch': 109, 'name': 'mid_freq', 'HIT@5': '0.0065', 'NDCG@5': '0.0043', 'HIT@10': '0.0103', 'NDCG@10': '0.0056', 'HIT@20': '0.0149', 'NDCG@20': '0.0067'}
{'Epoch': 109, 'name': 'low_freq', 'HIT@5': '0.0066', 'NDCG@5': '0.0049', 'HIT@10': '0.0077', 'NDCG@10': '0.0053', 'HIT@20': '0.0093', 'NDCG@20': '0.0057'}
{'Epoch': 109, 'name': 'all', 'HIT@5': '0.0240', 'NDCG@5': '0.0158', 'HIT@10': '0.0401', 'NDCG@10': '0.0210', 'HIT@20': '0.0637', 'NDCG@20': '0.0269'}
EarlyStopping counter: 15 out of 40
rec dataset length: 186
100%|█████████████████████████████████████████████████████████████████████████████████████████████████████████████████████████████████████████████████████████| 186/186 [00:51<00:00,  3.61it/s]
{'epoch': 110, 'rec_avg_loss': '0.4774', 'joint_avg_loss': '1.0603', 'cl_avg_loss': '5.8293', 'itemcl_loss': '0.0000', 'cl_pair_0_loss': '5.8293'}
Recommendation EP_test:110: 100%|| 35/35 [00:08<00:00,  4.37it/s]
{'Epoch': 110, 'name': 'high_freq', 'HIT@5': '0.0335', 'NDCG@5': '0.0214', 'HIT@10': '0.0546', 'NDCG@10': '0.0282', 'HIT@20': '0.0863', 'NDCG@20': '0.0361'}
{'Epoch': 110, 'name': 'mid_freq', 'HIT@5': '0.0069', 'NDCG@5': '0.0046', 'HIT@10': '0.0103', 'NDCG@10': '0.0057', 'HIT@20': '0.0145', 'NDCG@20': '0.0068'}
{'Epoch': 110, 'name': 'low_freq', 'HIT@5': '0.0070', 'NDCG@5': '0.0055', 'HIT@10': '0.0079', 'NDCG@10': '0.0058', 'HIT@20': '0.0095', 'NDCG@20': '0.0062'}
{'Epoch': 110, 'name': 'all', 'HIT@5': '0.0250', 'NDCG@5': '0.0161', 'HIT@10': '0.0402', 'NDCG@10': '0.0210', 'HIT@20': '0.0628', 'NDCG@20': '0.0267'}
EarlyStopping counter: 16 out of 40
rec dataset length: 186
100%|█████████████████████████████████████████████████████████████████████████████████████████████████████████████████████████████████████████████████████████| 186/186 [00:51<00:00,  3.61it/s]
{'epoch': 111, 'rec_avg_loss': '0.4799', 'joint_avg_loss': '1.0617', 'cl_avg_loss': '5.8182', 'itemcl_loss': '0.0000', 'cl_pair_0_loss': '5.8182'}
Recommendation EP_test:111: 100%|| 35/35 [00:08<00:00,  4.35it/s]
{'Epoch': 111, 'name': 'high_freq', 'HIT@5': '0.0340', 'NDCG@5': '0.0216', 'HIT@10': '0.0541', 'NDCG@10': '0.0281', 'HIT@20': '0.0854', 'NDCG@20': '0.0359'}
{'Epoch': 111, 'name': 'mid_freq', 'HIT@5': '0.0068', 'NDCG@5': '0.0047', 'HIT@10': '0.0105', 'NDCG@10': '0.0059', 'HIT@20': '0.0151', 'NDCG@20': '0.0070'}
{'Epoch': 111, 'name': 'low_freq', 'HIT@5': '0.0063', 'NDCG@5': '0.0049', 'HIT@10': '0.0079', 'NDCG@10': '0.0054', 'HIT@20': '0.0100', 'NDCG@20': '0.0059'}
{'Epoch': 111, 'name': 'all', 'HIT@5': '0.0253', 'NDCG@5': '0.0162', 'HIT@10': '0.0399', 'NDCG@10': '0.0209', 'HIT@20': '0.0623', 'NDCG@20': '0.0265'}
EarlyStopping counter: 17 out of 40
rec dataset length: 186
100%|█████████████████████████████████████████████████████████████████████████████████████████████████████████████████████████████████████████████████████████| 186/186 [00:51<00:00,  3.60it/s]
{'epoch': 112, 'rec_avg_loss': '0.4787', 'joint_avg_loss': '1.0605', 'cl_avg_loss': '5.8181', 'itemcl_loss': '0.0000', 'cl_pair_0_loss': '5.8181'}
Recommendation EP_test:112: 100%|| 35/35 [00:07<00:00,  4.39it/s]
{'Epoch': 112, 'name': 'high_freq', 'HIT@5': '0.0344', 'NDCG@5': '0.0221', 'HIT@10': '0.0564', 'NDCG@10': '0.0292', 'HIT@20': '0.0880', 'NDCG@20': '0.0371'}
{'Epoch': 112, 'name': 'mid_freq', 'HIT@5': '0.0075', 'NDCG@5': '0.0050', 'HIT@10': '0.0106', 'NDCG@10': '0.0060', 'HIT@20': '0.0161', 'NDCG@20': '0.0074'}
{'Epoch': 112, 'name': 'low_freq', 'HIT@5': '0.0061', 'NDCG@5': '0.0048', 'HIT@10': '0.0077', 'NDCG@10': '0.0054', 'HIT@20': '0.0102', 'NDCG@20': '0.0060'}
{'Epoch': 112, 'name': 'all', 'HIT@5': '0.0256', 'NDCG@5': '0.0166', 'HIT@10': '0.0414', 'NDCG@10': '0.0217', 'HIT@20': '0.0643', 'NDCG@20': '0.0274'}
EarlyStopping counter: 18 out of 40
rec dataset length: 186
100%|█████████████████████████████████████████████████████████████████████████████████████████████████████████████████████████████████████████████████████████| 186/186 [00:51<00:00,  3.60it/s]
{'epoch': 113, 'rec_avg_loss': '0.4758', 'joint_avg_loss': '1.0575', 'cl_avg_loss': '5.8167', 'itemcl_loss': '0.0000', 'cl_pair_0_loss': '5.8167'}
Recommendation EP_test:113: 100%|| 35/35 [00:08<00:00,  4.34it/s]
{'Epoch': 113, 'name': 'high_freq', 'HIT@5': '0.0341', 'NDCG@5': '0.0220', 'HIT@10': '0.0567', 'NDCG@10': '0.0292', 'HIT@20': '0.0899', 'NDCG@20': '0.0376'}
{'Epoch': 113, 'name': 'mid_freq', 'HIT@5': '0.0063', 'NDCG@5': '0.0045', 'HIT@10': '0.0099', 'NDCG@10': '0.0056', 'HIT@20': '0.0145', 'NDCG@20': '0.0068'}
{'Epoch': 113, 'name': 'low_freq', 'HIT@5': '0.0063', 'NDCG@5': '0.0050', 'HIT@10': '0.0075', 'NDCG@10': '0.0054', 'HIT@20': '0.0084', 'NDCG@20': '0.0056'}
{'Epoch': 113, 'name': 'all', 'HIT@5': '0.0252', 'NDCG@5': '0.0165', 'HIT@10': '0.0414', 'NDCG@10': '0.0217', 'HIT@20': '0.0650', 'NDCG@20': '0.0276'}
EarlyStopping counter: 19 out of 40
rec dataset length: 186
100%|█████████████████████████████████████████████████████████████████████████████████████████████████████████████████████████████████████████████████████████| 186/186 [00:51<00:00,  3.61it/s]
{'epoch': 114, 'rec_avg_loss': '0.4772', 'joint_avg_loss': '1.0581', 'cl_avg_loss': '5.8088', 'itemcl_loss': '0.0000', 'cl_pair_0_loss': '5.8088'}
Recommendation EP_test:114: 100%|| 35/35 [00:07<00:00,  4.46it/s]
{'Epoch': 114, 'name': 'high_freq', 'HIT@5': '0.0330', 'NDCG@5': '0.0209', 'HIT@10': '0.0550', 'NDCG@10': '0.0279', 'HIT@20': '0.0873', 'NDCG@20': '0.0361'}
{'Epoch': 114, 'name': 'mid_freq', 'HIT@5': '0.0066', 'NDCG@5': '0.0046', 'HIT@10': '0.0103', 'NDCG@10': '0.0058', 'HIT@20': '0.0151', 'NDCG@20': '0.0070'}
{'Epoch': 114, 'name': 'low_freq', 'HIT@5': '0.0070', 'NDCG@5': '0.0053', 'HIT@10': '0.0075', 'NDCG@10': '0.0054', 'HIT@20': '0.0093', 'NDCG@20': '0.0059'}
{'Epoch': 114, 'name': 'all', 'HIT@5': '0.0246', 'NDCG@5': '0.0158', 'HIT@10': '0.0404', 'NDCG@10': '0.0208', 'HIT@20': '0.0635', 'NDCG@20': '0.0266'}
EarlyStopping counter: 20 out of 40
rec dataset length: 186
100%|█████████████████████████████████████████████████████████████████████████████████████████████████████████████████████████████████████████████████████████| 186/186 [00:51<00:00,  3.60it/s]
{'epoch': 115, 'rec_avg_loss': '0.4757', 'joint_avg_loss': '1.0573', 'cl_avg_loss': '5.8159', 'itemcl_loss': '0.0000', 'cl_pair_0_loss': '5.8159'}
Recommendation EP_test:115: 100%|| 35/35 [00:08<00:00,  4.30it/s]
{'Epoch': 115, 'name': 'high_freq', 'HIT@5': '0.0354', 'NDCG@5': '0.0225', 'HIT@10': '0.0573', 'NDCG@10': '0.0295', 'HIT@20': '0.0887', 'NDCG@20': '0.0374'}
{'Epoch': 115, 'name': 'mid_freq', 'HIT@5': '0.0078', 'NDCG@5': '0.0050', 'HIT@10': '0.0105', 'NDCG@10': '0.0059', 'HIT@20': '0.0148', 'NDCG@20': '0.0070'}
{'Epoch': 115, 'name': 'low_freq', 'HIT@5': '0.0066', 'NDCG@5': '0.0047', 'HIT@10': '0.0084', 'NDCG@10': '0.0053', 'HIT@20': '0.0095', 'NDCG@20': '0.0056'}
{'Epoch': 115, 'name': 'all', 'HIT@5': '0.0264', 'NDCG@5': '0.0169', 'HIT@10': '0.0421', 'NDCG@10': '0.0219', 'HIT@20': '0.0644', 'NDCG@20': '0.0275'}
EarlyStopping counter: 21 out of 40
rec dataset length: 186
100%|█████████████████████████████████████████████████████████████████████████████████████████████████████████████████████████████████████████████████████████| 186/186 [00:51<00:00,  3.61it/s]
{'epoch': 116, 'rec_avg_loss': '0.4719', 'joint_avg_loss': '1.0537', 'cl_avg_loss': '5.8184', 'itemcl_loss': '0.0000', 'cl_pair_0_loss': '5.8184'}
Recommendation EP_test:116: 100%|| 35/35 [00:07<00:00,  4.38it/s]
{'Epoch': 116, 'name': 'high_freq', 'HIT@5': '0.0337', 'NDCG@5': '0.0221', 'HIT@10': '0.0564', 'NDCG@10': '0.0294', 'HIT@20': '0.0885', 'NDCG@20': '0.0375'}
{'Epoch': 116, 'name': 'mid_freq', 'HIT@5': '0.0072', 'NDCG@5': '0.0051', 'HIT@10': '0.0106', 'NDCG@10': '0.0062', 'HIT@20': '0.0159', 'NDCG@20': '0.0075'}
{'Epoch': 116, 'name': 'low_freq', 'HIT@5': '0.0072', 'NDCG@5': '0.0052', 'HIT@10': '0.0086', 'NDCG@10': '0.0057', 'HIT@20': '0.0091', 'NDCG@20': '0.0058'}
{'Epoch': 116, 'name': 'all', 'HIT@5': '0.0253', 'NDCG@5': '0.0167', 'HIT@10': '0.0415', 'NDCG@10': '0.0219', 'HIT@20': '0.0644', 'NDCG@20': '0.0277'}
EarlyStopping counter: 22 out of 40
rec dataset length: 186
100%|█████████████████████████████████████████████████████████████████████████████████████████████████████████████████████████████████████████████████████████| 186/186 [00:51<00:00,  3.60it/s]
{'epoch': 117, 'rec_avg_loss': '0.4727', 'joint_avg_loss': '1.0544', 'cl_avg_loss': '5.8176', 'itemcl_loss': '0.0000', 'cl_pair_0_loss': '5.8176'}
Recommendation EP_test:117: 100%|| 35/35 [00:08<00:00,  4.24it/s]
{'Epoch': 117, 'name': 'high_freq', 'HIT@5': '0.0323', 'NDCG@5': '0.0208', 'HIT@10': '0.0543', 'NDCG@10': '0.0279', 'HIT@20': '0.0873', 'NDCG@20': '0.0361'}
{'Epoch': 117, 'name': 'mid_freq', 'HIT@5': '0.0073', 'NDCG@5': '0.0050', 'HIT@10': '0.0108', 'NDCG@10': '0.0061', 'HIT@20': '0.0162', 'NDCG@20': '0.0074'}
{'Epoch': 117, 'name': 'low_freq', 'HIT@5': '0.0068', 'NDCG@5': '0.0053', 'HIT@10': '0.0081', 'NDCG@10': '0.0057', 'HIT@20': '0.0104', 'NDCG@20': '0.0063'}
{'Epoch': 117, 'name': 'all', 'HIT@5': '0.0242', 'NDCG@5': '0.0158', 'HIT@10': '0.0401', 'NDCG@10': '0.0209', 'HIT@20': '0.0638', 'NDCG@20': '0.0268'}
EarlyStopping counter: 23 out of 40
rec dataset length: 186
100%|█████████████████████████████████████████████████████████████████████████████████████████████████████████████████████████████████████████████████████████| 186/186 [00:51<00:00,  3.60it/s]
{'epoch': 118, 'rec_avg_loss': '0.4729', 'joint_avg_loss': '1.0533', 'cl_avg_loss': '5.8045', 'itemcl_loss': '0.0000', 'cl_pair_0_loss': '5.8045'}
Recommendation EP_test:118: 100%|| 35/35 [00:08<00:00,  4.34it/s]
{'Epoch': 118, 'name': 'high_freq', 'HIT@5': '0.0338', 'NDCG@5': '0.0216', 'HIT@10': '0.0545', 'NDCG@10': '0.0283', 'HIT@20': '0.0861', 'NDCG@20': '0.0362'}
{'Epoch': 118, 'name': 'mid_freq', 'HIT@5': '0.0072', 'NDCG@5': '0.0049', 'HIT@10': '0.0099', 'NDCG@10': '0.0057', 'HIT@20': '0.0147', 'NDCG@20': '0.0069'}
{'Epoch': 118, 'name': 'low_freq', 'HIT@5': '0.0068', 'NDCG@5': '0.0052', 'HIT@10': '0.0081', 'NDCG@10': '0.0057', 'HIT@20': '0.0102', 'NDCG@20': '0.0062'}
{'Epoch': 118, 'name': 'all', 'HIT@5': '0.0252', 'NDCG@5': '0.0163', 'HIT@10': '0.0401', 'NDCG@10': '0.0211', 'HIT@20': '0.0627', 'NDCG@20': '0.0268'}
EarlyStopping counter: 24 out of 40
rec dataset length: 186
100%|█████████████████████████████████████████████████████████████████████████████████████████████████████████████████████████████████████████████████████████| 186/186 [00:51<00:00,  3.62it/s]
{'epoch': 119, 'rec_avg_loss': '0.4729', 'joint_avg_loss': '1.0541', 'cl_avg_loss': '5.8116', 'itemcl_loss': '0.0000', 'cl_pair_0_loss': '5.8116'}
Recommendation EP_test:119: 100%|| 35/35 [00:08<00:00,  4.30it/s]
{'Epoch': 119, 'name': 'high_freq', 'HIT@5': '0.0339', 'NDCG@5': '0.0219', 'HIT@10': '0.0554', 'NDCG@10': '0.0288', 'HIT@20': '0.0859', 'NDCG@20': '0.0365'}
{'Epoch': 119, 'name': 'mid_freq', 'HIT@5': '0.0080', 'NDCG@5': '0.0054', 'HIT@10': '0.0111', 'NDCG@10': '0.0063', 'HIT@20': '0.0155', 'NDCG@20': '0.0075'}
{'Epoch': 119, 'name': 'low_freq', 'HIT@5': '0.0061', 'NDCG@5': '0.0049', 'HIT@10': '0.0075', 'NDCG@10': '0.0054', 'HIT@20': '0.0102', 'NDCG@20': '0.0060'}
{'Epoch': 119, 'name': 'all', 'HIT@5': '0.0254', 'NDCG@5': '0.0166', 'HIT@10': '0.0408', 'NDCG@10': '0.0215', 'HIT@20': '0.0627', 'NDCG@20': '0.0270'}
EarlyStopping counter: 25 out of 40
rec dataset length: 186
100%|█████████████████████████████████████████████████████████████████████████████████████████████████████████████████████████████████████████████████████████| 186/186 [00:51<00:00,  3.60it/s]
{'epoch': 120, 'rec_avg_loss': '0.4697', 'joint_avg_loss': '1.0510', 'cl_avg_loss': '5.8135', 'itemcl_loss': '0.0000', 'cl_pair_0_loss': '5.8135'}
Recommendation EP_test:120: 100%|| 35/35 [00:08<00:00,  4.30it/s]
{'Epoch': 120, 'name': 'high_freq', 'HIT@5': '0.0334', 'NDCG@5': '0.0215', 'HIT@10': '0.0561', 'NDCG@10': '0.0287', 'HIT@20': '0.0889', 'NDCG@20': '0.0369'}
{'Epoch': 120, 'name': 'mid_freq', 'HIT@5': '0.0078', 'NDCG@5': '0.0052', 'HIT@10': '0.0109', 'NDCG@10': '0.0062', 'HIT@20': '0.0151', 'NDCG@20': '0.0072'}
{'Epoch': 120, 'name': 'low_freq', 'HIT@5': '0.0061', 'NDCG@5': '0.0050', 'HIT@10': '0.0075', 'NDCG@10': '0.0054', 'HIT@20': '0.0093', 'NDCG@20': '0.0059'}
{'Epoch': 120, 'name': 'all', 'HIT@5': '0.0250', 'NDCG@5': '0.0162', 'HIT@10': '0.0412', 'NDCG@10': '0.0214', 'HIT@20': '0.0646', 'NDCG@20': '0.0273'}
EarlyStopping counter: 26 out of 40
rec dataset length: 186
100%|█████████████████████████████████████████████████████████████████████████████████████████████████████████████████████████████████████████████████████████| 186/186 [00:51<00:00,  3.60it/s]
{'epoch': 121, 'rec_avg_loss': '0.4720', 'joint_avg_loss': '1.0532', 'cl_avg_loss': '5.8119', 'itemcl_loss': '0.0000', 'cl_pair_0_loss': '5.8119'}
Recommendation EP_test:121: 100%|| 35/35 [00:08<00:00,  4.31it/s]
{'Epoch': 121, 'name': 'high_freq', 'HIT@5': '0.0346', 'NDCG@5': '0.0219', 'HIT@10': '0.0565', 'NDCG@10': '0.0289', 'HIT@20': '0.0898', 'NDCG@20': '0.0372'}
{'Epoch': 121, 'name': 'mid_freq', 'HIT@5': '0.0069', 'NDCG@5': '0.0048', 'HIT@10': '0.0092', 'NDCG@10': '0.0055', 'HIT@20': '0.0147', 'NDCG@20': '0.0069'}
{'Epoch': 121, 'name': 'low_freq', 'HIT@5': '0.0066', 'NDCG@5': '0.0047', 'HIT@10': '0.0075', 'NDCG@10': '0.0049', 'HIT@20': '0.0095', 'NDCG@20': '0.0055'}
{'Epoch': 121, 'name': 'all', 'HIT@5': '0.0257', 'NDCG@5': '0.0164', 'HIT@10': '0.0412', 'NDCG@10': '0.0214', 'HIT@20': '0.0651', 'NDCG@20': '0.0274'}
EarlyStopping counter: 27 out of 40
rec dataset length: 186
100%|█████████████████████████████████████████████████████████████████████████████████████████████████████████████████████████████████████████████████████████| 186/186 [00:51<00:00,  3.60it/s]
{'epoch': 122, 'rec_avg_loss': '0.4648', 'joint_avg_loss': '1.0455', 'cl_avg_loss': '5.8079', 'itemcl_loss': '0.0000', 'cl_pair_0_loss': '5.8079'}
Recommendation EP_test:122: 100%|| 35/35 [00:08<00:00,  4.37it/s]
{'Epoch': 122, 'name': 'high_freq', 'HIT@5': '0.0346', 'NDCG@5': '0.0219', 'HIT@10': '0.0564', 'NDCG@10': '0.0289', 'HIT@20': '0.0889', 'NDCG@20': '0.0371'}
{'Epoch': 122, 'name': 'mid_freq', 'HIT@5': '0.0078', 'NDCG@5': '0.0051', 'HIT@10': '0.0109', 'NDCG@10': '0.0062', 'HIT@20': '0.0154', 'NDCG@20': '0.0073'}
{'Epoch': 122, 'name': 'low_freq', 'HIT@5': '0.0066', 'NDCG@5': '0.0050', 'HIT@10': '0.0075', 'NDCG@10': '0.0053', 'HIT@20': '0.0104', 'NDCG@20': '0.0060'}
{'Epoch': 122, 'name': 'all', 'HIT@5': '0.0258', 'NDCG@5': '0.0166', 'HIT@10': '0.0415', 'NDCG@10': '0.0216', 'HIT@20': '0.0648', 'NDCG@20': '0.0274'}
EarlyStopping counter: 28 out of 40
rec dataset length: 186
100%|█████████████████████████████████████████████████████████████████████████████████████████████████████████████████████████████████████████████████████████| 186/186 [00:51<00:00,  3.60it/s]
{'epoch': 123, 'rec_avg_loss': '0.4672', 'joint_avg_loss': '1.0474', 'cl_avg_loss': '5.8020', 'itemcl_loss': '0.0000', 'cl_pair_0_loss': '5.8020'}
Recommendation EP_test:123: 100%|| 35/35 [00:08<00:00,  4.31it/s]
{'Epoch': 123, 'name': 'high_freq', 'HIT@5': '0.0346', 'NDCG@5': '0.0224', 'HIT@10': '0.0559', 'NDCG@10': '0.0292', 'HIT@20': '0.0886', 'NDCG@20': '0.0374'}
{'Epoch': 123, 'name': 'mid_freq', 'HIT@5': '0.0075', 'NDCG@5': '0.0051', 'HIT@10': '0.0113', 'NDCG@10': '0.0063', 'HIT@20': '0.0167', 'NDCG@20': '0.0077'}
{'Epoch': 123, 'name': 'low_freq', 'HIT@5': '0.0066', 'NDCG@5': '0.0050', 'HIT@10': '0.0075', 'NDCG@10': '0.0053', 'HIT@20': '0.0097', 'NDCG@20': '0.0058'}
{'Epoch': 123, 'name': 'all', 'HIT@5': '0.0258', 'NDCG@5': '0.0168', 'HIT@10': '0.0412', 'NDCG@10': '0.0217', 'HIT@20': '0.0647', 'NDCG@20': '0.0277'}
EarlyStopping counter: 29 out of 40
rec dataset length: 186
100%|█████████████████████████████████████████████████████████████████████████████████████████████████████████████████████████████████████████████████████████| 186/186 [00:51<00:00,  3.62it/s]
{'epoch': 124, 'rec_avg_loss': '0.4707', 'joint_avg_loss': '1.0512', 'cl_avg_loss': '5.8047', 'itemcl_loss': '0.0000', 'cl_pair_0_loss': '5.8047'}
Recommendation EP_test:124: 100%|| 35/35 [00:08<00:00,  4.31it/s]
{'Epoch': 124, 'name': 'high_freq', 'HIT@5': '0.0345', 'NDCG@5': '0.0226', 'HIT@10': '0.0579', 'NDCG@10': '0.0302', 'HIT@20': '0.0905', 'NDCG@20': '0.0383'}
{'Epoch': 124, 'name': 'mid_freq', 'HIT@5': '0.0066', 'NDCG@5': '0.0042', 'HIT@10': '0.0103', 'NDCG@10': '0.0054', 'HIT@20': '0.0157', 'NDCG@20': '0.0068'}
{'Epoch': 124, 'name': 'low_freq', 'HIT@5': '0.0054', 'NDCG@5': '0.0041', 'HIT@10': '0.0066', 'NDCG@10': '0.0044', 'HIT@20': '0.0091', 'NDCG@20': '0.0051'}
{'Epoch': 124, 'name': 'all', 'HIT@5': '0.0254', 'NDCG@5': '0.0167', 'HIT@10': '0.0422', 'NDCG@10': '0.0221', 'HIT@20': '0.0657', 'NDCG@20': '0.0280'}
Validation score increased.  Saving model ...
rec dataset length: 186
100%|█████████████████████████████████████████████████████████████████████████████████████████████████████████████████████████████████████████████████████████| 186/186 [00:51<00:00,  3.59it/s]
{'epoch': 125, 'rec_avg_loss': '0.4661', 'joint_avg_loss': '1.0468', 'cl_avg_loss': '5.8062', 'itemcl_loss': '0.0000', 'cl_pair_0_loss': '5.8062'}
Recommendation EP_test:125: 100%|| 35/35 [00:08<00:00,  4.36it/s]
{'Epoch': 125, 'name': 'high_freq', 'HIT@5': '0.0328', 'NDCG@5': '0.0210', 'HIT@10': '0.0557', 'NDCG@10': '0.0283', 'HIT@20': '0.0890', 'NDCG@20': '0.0367'}
{'Epoch': 125, 'name': 'mid_freq', 'HIT@5': '0.0079', 'NDCG@5': '0.0054', 'HIT@10': '0.0124', 'NDCG@10': '0.0068', 'HIT@20': '0.0177', 'NDCG@20': '0.0081'}
{'Epoch': 125, 'name': 'low_freq', 'HIT@5': '0.0066', 'NDCG@5': '0.0050', 'HIT@10': '0.0081', 'NDCG@10': '0.0055', 'HIT@20': '0.0100', 'NDCG@20': '0.0059'}
{'Epoch': 125, 'name': 'all', 'HIT@5': '0.0247', 'NDCG@5': '0.0160', 'HIT@10': '0.0413', 'NDCG@10': '0.0213', 'HIT@20': '0.0653', 'NDCG@20': '0.0273'}
EarlyStopping counter: 1 out of 40
rec dataset length: 186
100%|█████████████████████████████████████████████████████████████████████████████████████████████████████████████████████████████████████████████████████████| 186/186 [00:51<00:00,  3.61it/s]
{'epoch': 126, 'rec_avg_loss': '0.4661', 'joint_avg_loss': '1.0465', 'cl_avg_loss': '5.8040', 'itemcl_loss': '0.0000', 'cl_pair_0_loss': '5.8040'}
Recommendation EP_test:126: 100%|| 35/35 [00:08<00:00,  4.37it/s]
{'Epoch': 126, 'name': 'high_freq', 'HIT@5': '0.0335', 'NDCG@5': '0.0215', 'HIT@10': '0.0559', 'NDCG@10': '0.0287', 'HIT@20': '0.0879', 'NDCG@20': '0.0367'}
{'Epoch': 126, 'name': 'mid_freq', 'HIT@5': '0.0078', 'NDCG@5': '0.0053', 'HIT@10': '0.0112', 'NDCG@10': '0.0064', 'HIT@20': '0.0155', 'NDCG@20': '0.0075'}
{'Epoch': 126, 'name': 'low_freq', 'HIT@5': '0.0063', 'NDCG@5': '0.0047', 'HIT@10': '0.0075', 'NDCG@10': '0.0051', 'HIT@20': '0.0100', 'NDCG@20': '0.0057'}
{'Epoch': 126, 'name': 'all', 'HIT@5': '0.0251', 'NDCG@5': '0.0163', 'HIT@10': '0.0412', 'NDCG@10': '0.0214', 'HIT@20': '0.0640', 'NDCG@20': '0.0272'}
EarlyStopping counter: 2 out of 40
rec dataset length: 186
100%|█████████████████████████████████████████████████████████████████████████████████████████████████████████████████████████████████████████████████████████| 186/186 [00:51<00:00,  3.60it/s]
{'epoch': 127, 'rec_avg_loss': '0.4663', 'joint_avg_loss': '1.0463', 'cl_avg_loss': '5.8000', 'itemcl_loss': '0.0000', 'cl_pair_0_loss': '5.8000'}
Recommendation EP_test:127: 100%|| 35/35 [00:08<00:00,  4.30it/s]
{'Epoch': 127, 'name': 'high_freq', 'HIT@5': '0.0326', 'NDCG@5': '0.0211', 'HIT@10': '0.0546', 'NDCG@10': '0.0281', 'HIT@20': '0.0873', 'NDCG@20': '0.0363'}
{'Epoch': 127, 'name': 'mid_freq', 'HIT@5': '0.0073', 'NDCG@5': '0.0053', 'HIT@10': '0.0109', 'NDCG@10': '0.0065', 'HIT@20': '0.0162', 'NDCG@20': '0.0079'}
{'Epoch': 127, 'name': 'low_freq', 'HIT@5': '0.0063', 'NDCG@5': '0.0044', 'HIT@10': '0.0075', 'NDCG@10': '0.0048', 'HIT@20': '0.0102', 'NDCG@20': '0.0055'}
{'Epoch': 127, 'name': 'all', 'HIT@5': '0.0244', 'NDCG@5': '0.0159', 'HIT@10': '0.0402', 'NDCG@10': '0.0210', 'HIT@20': '0.0638', 'NDCG@20': '0.0269'}
EarlyStopping counter: 3 out of 40
rec dataset length: 186
100%|█████████████████████████████████████████████████████████████████████████████████████████████████████████████████████████████████████████████████████████| 186/186 [00:51<00:00,  3.60it/s]
{'epoch': 128, 'rec_avg_loss': '0.4639', 'joint_avg_loss': '1.0433', 'cl_avg_loss': '5.7938', 'itemcl_loss': '0.0000', 'cl_pair_0_loss': '5.7938'}
Recommendation EP_test:128: 100%|| 35/35 [00:07<00:00,  4.39it/s]
{'Epoch': 128, 'name': 'high_freq', 'HIT@5': '0.0323', 'NDCG@5': '0.0209', 'HIT@10': '0.0537', 'NDCG@10': '0.0278', 'HIT@20': '0.0865', 'NDCG@20': '0.0360'}
{'Epoch': 128, 'name': 'mid_freq', 'HIT@5': '0.0072', 'NDCG@5': '0.0054', 'HIT@10': '0.0103', 'NDCG@10': '0.0065', 'HIT@20': '0.0162', 'NDCG@20': '0.0079'}
{'Epoch': 128, 'name': 'low_freq', 'HIT@5': '0.0059', 'NDCG@5': '0.0046', 'HIT@10': '0.0077', 'NDCG@10': '0.0052', 'HIT@20': '0.0091', 'NDCG@20': '0.0056'}
{'Epoch': 128, 'name': 'all', 'HIT@5': '0.0241', 'NDCG@5': '0.0158', 'HIT@10': '0.0395', 'NDCG@10': '0.0208', 'HIT@20': '0.0631', 'NDCG@20': '0.0267'}
EarlyStopping counter: 4 out of 40
rec dataset length: 186
100%|█████████████████████████████████████████████████████████████████████████████████████████████████████████████████████████████████████████████████████████| 186/186 [00:51<00:00,  3.60it/s]
{'epoch': 129, 'rec_avg_loss': '0.4672', 'joint_avg_loss': '1.0468', 'cl_avg_loss': '5.7966', 'itemcl_loss': '0.0000', 'cl_pair_0_loss': '5.7966'}
Recommendation EP_test:129: 100%|| 35/35 [00:08<00:00,  4.27it/s]
{'Epoch': 129, 'name': 'high_freq', 'HIT@5': '0.0336', 'NDCG@5': '0.0214', 'HIT@10': '0.0550', 'NDCG@10': '0.0283', 'HIT@20': '0.0870', 'NDCG@20': '0.0364'}
{'Epoch': 129, 'name': 'mid_freq', 'HIT@5': '0.0079', 'NDCG@5': '0.0056', 'HIT@10': '0.0111', 'NDCG@10': '0.0066', 'HIT@20': '0.0159', 'NDCG@20': '0.0078'}
{'Epoch': 129, 'name': 'low_freq', 'HIT@5': '0.0052', 'NDCG@5': '0.0044', 'HIT@10': '0.0070', 'NDCG@10': '0.0050', 'HIT@20': '0.0088', 'NDCG@20': '0.0054'}
{'Epoch': 129, 'name': 'all', 'HIT@5': '0.0251', 'NDCG@5': '0.0162', 'HIT@10': '0.0405', 'NDCG@10': '0.0212', 'HIT@20': '0.0634', 'NDCG@20': '0.0269'}
EarlyStopping counter: 5 out of 40
rec dataset length: 186
100%|█████████████████████████████████████████████████████████████████████████████████████████████████████████████████████████████████████████████████████████| 186/186 [00:51<00:00,  3.61it/s]
{'epoch': 130, 'rec_avg_loss': '0.4623', 'joint_avg_loss': '1.0424', 'cl_avg_loss': '5.8003', 'itemcl_loss': '0.0000', 'cl_pair_0_loss': '5.8003'}
Recommendation EP_test:130: 100%|| 35/35 [00:08<00:00,  4.34it/s]
{'Epoch': 130, 'name': 'high_freq', 'HIT@5': '0.0346', 'NDCG@5': '0.0219', 'HIT@10': '0.0558', 'NDCG@10': '0.0287', 'HIT@20': '0.0885', 'NDCG@20': '0.0369'}
{'Epoch': 130, 'name': 'mid_freq', 'HIT@5': '0.0075', 'NDCG@5': '0.0052', 'HIT@10': '0.0109', 'NDCG@10': '0.0063', 'HIT@20': '0.0147', 'NDCG@20': '0.0072'}
{'Epoch': 130, 'name': 'low_freq', 'HIT@5': '0.0061', 'NDCG@5': '0.0047', 'HIT@10': '0.0081', 'NDCG@10': '0.0053', 'HIT@20': '0.0100', 'NDCG@20': '0.0058'}
{'Epoch': 130, 'name': 'all', 'HIT@5': '0.0258', 'NDCG@5': '0.0165', 'HIT@10': '0.0411', 'NDCG@10': '0.0214', 'HIT@20': '0.0643', 'NDCG@20': '0.0272'}
EarlyStopping counter: 6 out of 40
rec dataset length: 186
100%|█████████████████████████████████████████████████████████████████████████████████████████████████████████████████████████████████████████████████████████| 186/186 [00:51<00:00,  3.61it/s]
{'epoch': 131, 'rec_avg_loss': '0.4604', 'joint_avg_loss': '1.0397', 'cl_avg_loss': '5.7929', 'itemcl_loss': '0.0000', 'cl_pair_0_loss': '5.7929'}
Recommendation EP_test:131: 100%|| 35/35 [00:08<00:00,  4.10it/s]
{'Epoch': 131, 'name': 'high_freq', 'HIT@5': '0.0336', 'NDCG@5': '0.0212', 'HIT@10': '0.0538', 'NDCG@10': '0.0277', 'HIT@20': '0.0882', 'NDCG@20': '0.0363'}
{'Epoch': 131, 'name': 'mid_freq', 'HIT@5': '0.0068', 'NDCG@5': '0.0048', 'HIT@10': '0.0108', 'NDCG@10': '0.0061', 'HIT@20': '0.0159', 'NDCG@20': '0.0074'}
{'Epoch': 131, 'name': 'low_freq', 'HIT@5': '0.0063', 'NDCG@5': '0.0051', 'HIT@10': '0.0077', 'NDCG@10': '0.0056', 'HIT@20': '0.0106', 'NDCG@20': '0.0063'}
{'Epoch': 131, 'name': 'all', 'HIT@5': '0.0250', 'NDCG@5': '0.0160', 'HIT@10': '0.0397', 'NDCG@10': '0.0207', 'HIT@20': '0.0644', 'NDCG@20': '0.0269'}
EarlyStopping counter: 7 out of 40
rec dataset length: 186
100%|█████████████████████████████████████████████████████████████████████████████████████████████████████████████████████████████████████████████████████████| 186/186 [00:51<00:00,  3.60it/s]
{'epoch': 132, 'rec_avg_loss': '0.4613', 'joint_avg_loss': '1.0406', 'cl_avg_loss': '5.7929', 'itemcl_loss': '0.0000', 'cl_pair_0_loss': '5.7929'}
Recommendation EP_test:132: 100%|| 35/35 [00:08<00:00,  4.24it/s]
{'Epoch': 132, 'name': 'high_freq', 'HIT@5': '0.0343', 'NDCG@5': '0.0220', 'HIT@10': '0.0545', 'NDCG@10': '0.0284', 'HIT@20': '0.0888', 'NDCG@20': '0.0370'}
{'Epoch': 132, 'name': 'mid_freq', 'HIT@5': '0.0083', 'NDCG@5': '0.0058', 'HIT@10': '0.0111', 'NDCG@10': '0.0067', 'HIT@20': '0.0165', 'NDCG@20': '0.0080'}
{'Epoch': 132, 'name': 'low_freq', 'HIT@5': '0.0070', 'NDCG@5': '0.0052', 'HIT@10': '0.0084', 'NDCG@10': '0.0056', 'HIT@20': '0.0109', 'NDCG@20': '0.0062'}
{'Epoch': 132, 'name': 'all', 'HIT@5': '0.0258', 'NDCG@5': '0.0167', 'HIT@10': '0.0403', 'NDCG@10': '0.0213', 'HIT@20': '0.0650', 'NDCG@20': '0.0275'}
EarlyStopping counter: 8 out of 40
rec dataset length: 186
100%|█████████████████████████████████████████████████████████████████████████████████████████████████████████████████████████████████████████████████████████| 186/186 [00:51<00:00,  3.60it/s]
{'epoch': 133, 'rec_avg_loss': '0.4564', 'joint_avg_loss': '1.0352', 'cl_avg_loss': '5.7879', 'itemcl_loss': '0.0000', 'cl_pair_0_loss': '5.7879'}
Recommendation EP_test:133: 100%|| 35/35 [00:08<00:00,  4.31it/s]
{'Epoch': 133, 'name': 'high_freq', 'HIT@5': '0.0334', 'NDCG@5': '0.0213', 'HIT@10': '0.0542', 'NDCG@10': '0.0280', 'HIT@20': '0.0858', 'NDCG@20': '0.0359'}
{'Epoch': 133, 'name': 'mid_freq', 'HIT@5': '0.0076', 'NDCG@5': '0.0053', 'HIT@10': '0.0115', 'NDCG@10': '0.0066', 'HIT@20': '0.0162', 'NDCG@20': '0.0078'}
{'Epoch': 133, 'name': 'low_freq', 'HIT@5': '0.0063', 'NDCG@5': '0.0048', 'HIT@10': '0.0070', 'NDCG@10': '0.0050', 'HIT@20': '0.0109', 'NDCG@20': '0.0060'}
{'Epoch': 133, 'name': 'all', 'HIT@5': '0.0250', 'NDCG@5': '0.0161', 'HIT@10': '0.0400', 'NDCG@10': '0.0209', 'HIT@20': '0.0629', 'NDCG@20': '0.0267'}
EarlyStopping counter: 9 out of 40
rec dataset length: 186
100%|█████████████████████████████████████████████████████████████████████████████████████████████████████████████████████████████████████████████████████████| 186/186 [00:51<00:00,  3.59it/s]
{'epoch': 134, 'rec_avg_loss': '0.4582', 'joint_avg_loss': '1.0375', 'cl_avg_loss': '5.7933', 'itemcl_loss': '0.0000', 'cl_pair_0_loss': '5.7933'}
Recommendation EP_test:134: 100%|| 35/35 [00:08<00:00,  4.31it/s]
{'Epoch': 134, 'name': 'high_freq', 'HIT@5': '0.0346', 'NDCG@5': '0.0223', 'HIT@10': '0.0581', 'NDCG@10': '0.0298', 'HIT@20': '0.0908', 'NDCG@20': '0.0380'}
{'Epoch': 134, 'name': 'mid_freq', 'HIT@5': '0.0073', 'NDCG@5': '0.0050', 'HIT@10': '0.0103', 'NDCG@10': '0.0060', 'HIT@20': '0.0159', 'NDCG@20': '0.0074'}
{'Epoch': 134, 'name': 'low_freq', 'HIT@5': '0.0063', 'NDCG@5': '0.0045', 'HIT@10': '0.0072', 'NDCG@10': '0.0048', 'HIT@20': '0.0106', 'NDCG@20': '0.0057'}
{'Epoch': 134, 'name': 'all', 'HIT@5': '0.0258', 'NDCG@5': '0.0167', 'HIT@10': '0.0424', 'NDCG@10': '0.0220', 'HIT@20': '0.0662', 'NDCG@20': '0.0280'}
Validation score increased.  Saving model ...
rec dataset length: 186
100%|█████████████████████████████████████████████████████████████████████████████████████████████████████████████████████████████████████████████████████████| 186/186 [00:51<00:00,  3.59it/s]
{'epoch': 135, 'rec_avg_loss': '0.4605', 'joint_avg_loss': '1.0396', 'cl_avg_loss': '5.7910', 'itemcl_loss': '0.0000', 'cl_pair_0_loss': '5.7910'}
Recommendation EP_test:135: 100%|| 35/35 [00:08<00:00,  4.29it/s]
{'Epoch': 135, 'name': 'high_freq', 'HIT@5': '0.0346', 'NDCG@5': '0.0222', 'HIT@10': '0.0561', 'NDCG@10': '0.0291', 'HIT@20': '0.0889', 'NDCG@20': '0.0374'}
{'Epoch': 135, 'name': 'mid_freq', 'HIT@5': '0.0082', 'NDCG@5': '0.0058', 'HIT@10': '0.0112', 'NDCG@10': '0.0068', 'HIT@20': '0.0159', 'NDCG@20': '0.0080'}
{'Epoch': 135, 'name': 'low_freq', 'HIT@5': '0.0066', 'NDCG@5': '0.0048', 'HIT@10': '0.0084', 'NDCG@10': '0.0054', 'HIT@20': '0.0115', 'NDCG@20': '0.0062'}
{'Epoch': 135, 'name': 'all', 'HIT@5': '0.0260', 'NDCG@5': '0.0169', 'HIT@10': '0.0414', 'NDCG@10': '0.0218', 'HIT@20': '0.0650', 'NDCG@20': '0.0277'}
EarlyStopping counter: 1 out of 40
rec dataset length: 186
100%|█████████████████████████████████████████████████████████████████████████████████████████████████████████████████████████████████████████████████████████| 186/186 [00:51<00:00,  3.61it/s]
{'epoch': 136, 'rec_avg_loss': '0.4573', 'joint_avg_loss': '1.0365', 'cl_avg_loss': '5.7919', 'itemcl_loss': '0.0000', 'cl_pair_0_loss': '5.7919'}
Recommendation EP_test:136: 100%|| 35/35 [00:07<00:00,  4.50it/s]
{'Epoch': 136, 'name': 'high_freq', 'HIT@5': '0.0335', 'NDCG@5': '0.0216', 'HIT@10': '0.0563', 'NDCG@10': '0.0289', 'HIT@20': '0.0893', 'NDCG@20': '0.0372'}
{'Epoch': 136, 'name': 'mid_freq', 'HIT@5': '0.0076', 'NDCG@5': '0.0053', 'HIT@10': '0.0106', 'NDCG@10': '0.0063', 'HIT@20': '0.0152', 'NDCG@20': '0.0074'}
{'Epoch': 136, 'name': 'low_freq', 'HIT@5': '0.0066', 'NDCG@5': '0.0050', 'HIT@10': '0.0088', 'NDCG@10': '0.0057', 'HIT@20': '0.0109', 'NDCG@20': '0.0062'}
{'Epoch': 136, 'name': 'all', 'HIT@5': '0.0251', 'NDCG@5': '0.0163', 'HIT@10': '0.0415', 'NDCG@10': '0.0216', 'HIT@20': '0.0651', 'NDCG@20': '0.0275'}
EarlyStopping counter: 2 out of 40
rec dataset length: 186
100%|█████████████████████████████████████████████████████████████████████████████████████████████████████████████████████████████████████████████████████████| 186/186 [00:51<00:00,  3.61it/s]
{'epoch': 137, 'rec_avg_loss': '0.4580', 'joint_avg_loss': '1.0372', 'cl_avg_loss': '5.7924', 'itemcl_loss': '0.0000', 'cl_pair_0_loss': '5.7924'}
Recommendation EP_test:137: 100%|| 35/35 [00:07<00:00,  4.39it/s]
{'Epoch': 137, 'name': 'high_freq', 'HIT@5': '0.0333', 'NDCG@5': '0.0219', 'HIT@10': '0.0558', 'NDCG@10': '0.0292', 'HIT@20': '0.0885', 'NDCG@20': '0.0374'}
{'Epoch': 137, 'name': 'mid_freq', 'HIT@5': '0.0079', 'NDCG@5': '0.0057', 'HIT@10': '0.0113', 'NDCG@10': '0.0068', 'HIT@20': '0.0155', 'NDCG@20': '0.0078'}
{'Epoch': 137, 'name': 'low_freq', 'HIT@5': '0.0063', 'NDCG@5': '0.0049', 'HIT@10': '0.0086', 'NDCG@10': '0.0056', 'HIT@20': '0.0118', 'NDCG@20': '0.0064'}
{'Epoch': 137, 'name': 'all', 'HIT@5': '0.0250', 'NDCG@5': '0.0166', 'HIT@10': '0.0413', 'NDCG@10': '0.0219', 'HIT@20': '0.0647', 'NDCG@20': '0.0278'}
EarlyStopping counter: 3 out of 40
rec dataset length: 186
100%|█████████████████████████████████████████████████████████████████████████████████████████████████████████████████████████████████████████████████████████| 186/186 [00:51<00:00,  3.60it/s]
{'epoch': 138, 'rec_avg_loss': '0.4577', 'joint_avg_loss': '1.0361', 'cl_avg_loss': '5.7841', 'itemcl_loss': '0.0000', 'cl_pair_0_loss': '5.7841'}
Recommendation EP_test:138: 100%|| 35/35 [00:08<00:00,  4.30it/s]
{'Epoch': 138, 'name': 'high_freq', 'HIT@5': '0.0344', 'NDCG@5': '0.0226', 'HIT@10': '0.0580', 'NDCG@10': '0.0301', 'HIT@20': '0.0901', 'NDCG@20': '0.0382'}
{'Epoch': 138, 'name': 'mid_freq', 'HIT@5': '0.0076', 'NDCG@5': '0.0053', 'HIT@10': '0.0111', 'NDCG@10': '0.0064', 'HIT@20': '0.0159', 'NDCG@20': '0.0076'}
{'Epoch': 138, 'name': 'low_freq', 'HIT@5': '0.0066', 'NDCG@5': '0.0049', 'HIT@10': '0.0081', 'NDCG@10': '0.0054', 'HIT@20': '0.0118', 'NDCG@20': '0.0063'}
{'Epoch': 138, 'name': 'all', 'HIT@5': '0.0257', 'NDCG@5': '0.0170', 'HIT@10': '0.0426', 'NDCG@10': '0.0224', 'HIT@20': '0.0659', 'NDCG@20': '0.0282'}
Validation score increased.  Saving model ...
rec dataset length: 186
100%|█████████████████████████████████████████████████████████████████████████████████████████████████████████████████████████████████████████████████████████| 186/186 [00:51<00:00,  3.60it/s]
{'epoch': 139, 'rec_avg_loss': '0.4551', 'joint_avg_loss': '1.0340', 'cl_avg_loss': '5.7888', 'itemcl_loss': '0.0000', 'cl_pair_0_loss': '5.7888'}
Recommendation EP_test:139: 100%|| 35/35 [00:08<00:00,  4.22it/s]
{'Epoch': 139, 'name': 'high_freq', 'HIT@5': '0.0356', 'NDCG@5': '0.0229', 'HIT@10': '0.0582', 'NDCG@10': '0.0301', 'HIT@20': '0.0915', 'NDCG@20': '0.0385'}
{'Epoch': 139, 'name': 'mid_freq', 'HIT@5': '0.0073', 'NDCG@5': '0.0053', 'HIT@10': '0.0103', 'NDCG@10': '0.0063', 'HIT@20': '0.0155', 'NDCG@20': '0.0075'}
{'Epoch': 139, 'name': 'low_freq', 'HIT@5': '0.0063', 'NDCG@5': '0.0048', 'HIT@10': '0.0081', 'NDCG@10': '0.0054', 'HIT@20': '0.0106', 'NDCG@20': '0.0060'}
{'Epoch': 139, 'name': 'all', 'HIT@5': '0.0264', 'NDCG@5': '0.0172', 'HIT@10': '0.0426', 'NDCG@10': '0.0224', 'HIT@20': '0.0666', 'NDCG@20': '0.0284'}
Validation score increased.  Saving model ...
rec dataset length: 186
100%|█████████████████████████████████████████████████████████████████████████████████████████████████████████████████████████████████████████████████████████| 186/186 [00:51<00:00,  3.61it/s]
{'epoch': 140, 'rec_avg_loss': '0.4525', 'joint_avg_loss': '1.0314', 'cl_avg_loss': '5.7898', 'itemcl_loss': '0.0000', 'cl_pair_0_loss': '5.7898'}
Recommendation EP_test:140: 100%|| 35/35 [00:08<00:00,  4.28it/s]
{'Epoch': 140, 'name': 'high_freq', 'HIT@5': '0.0348', 'NDCG@5': '0.0223', 'HIT@10': '0.0571', 'NDCG@10': '0.0295', 'HIT@20': '0.0901', 'NDCG@20': '0.0377'}
{'Epoch': 140, 'name': 'mid_freq', 'HIT@5': '0.0079', 'NDCG@5': '0.0055', 'HIT@10': '0.0106', 'NDCG@10': '0.0064', 'HIT@20': '0.0148', 'NDCG@20': '0.0074'}
{'Epoch': 140, 'name': 'low_freq', 'HIT@5': '0.0066', 'NDCG@5': '0.0049', 'HIT@10': '0.0086', 'NDCG@10': '0.0056', 'HIT@20': '0.0115', 'NDCG@20': '0.0064'}
{'Epoch': 140, 'name': 'all', 'HIT@5': '0.0260', 'NDCG@5': '0.0169', 'HIT@10': '0.0420', 'NDCG@10': '0.0220', 'HIT@20': '0.0656', 'NDCG@20': '0.0279'}
EarlyStopping counter: 1 out of 40
rec dataset length: 186
100%|█████████████████████████████████████████████████████████████████████████████████████████████████████████████████████████████████████████████████████████| 186/186 [00:51<00:00,  3.61it/s]
{'epoch': 141, 'rec_avg_loss': '0.4528', 'joint_avg_loss': '1.0312', 'cl_avg_loss': '5.7840', 'itemcl_loss': '0.0000', 'cl_pair_0_loss': '5.7840'}
Recommendation EP_test:141: 100%|| 35/35 [00:08<00:00,  4.33it/s]
{'Epoch': 141, 'name': 'high_freq', 'HIT@5': '0.0340', 'NDCG@5': '0.0221', 'HIT@10': '0.0553', 'NDCG@10': '0.0290', 'HIT@20': '0.0899', 'NDCG@20': '0.0377'}
{'Epoch': 141, 'name': 'mid_freq', 'HIT@5': '0.0069', 'NDCG@5': '0.0051', 'HIT@10': '0.0095', 'NDCG@10': '0.0060', 'HIT@20': '0.0148', 'NDCG@20': '0.0073'}
{'Epoch': 141, 'name': 'low_freq', 'HIT@5': '0.0066', 'NDCG@5': '0.0045', 'HIT@10': '0.0091', 'NDCG@10': '0.0053', 'HIT@20': '0.0111', 'NDCG@20': '0.0058'}
{'Epoch': 141, 'name': 'all', 'HIT@5': '0.0253', 'NDCG@5': '0.0166', 'HIT@10': '0.0406', 'NDCG@10': '0.0215', 'HIT@20': '0.0654', 'NDCG@20': '0.0278'}
EarlyStopping counter: 2 out of 40
rec dataset length: 186
100%|█████████████████████████████████████████████████████████████████████████████████████████████████████████████████████████████████████████████████████████| 186/186 [00:51<00:00,  3.60it/s]
{'epoch': 142, 'rec_avg_loss': '0.4541', 'joint_avg_loss': '1.0320', 'cl_avg_loss': '5.7785', 'itemcl_loss': '0.0000', 'cl_pair_0_loss': '5.7785'}
Recommendation EP_test:142: 100%|| 35/35 [00:08<00:00,  4.27it/s]
{'Epoch': 142, 'name': 'high_freq', 'HIT@5': '0.0351', 'NDCG@5': '0.0226', 'HIT@10': '0.0555', 'NDCG@10': '0.0291', 'HIT@20': '0.0907', 'NDCG@20': '0.0380'}
{'Epoch': 142, 'name': 'mid_freq', 'HIT@5': '0.0070', 'NDCG@5': '0.0053', 'HIT@10': '0.0099', 'NDCG@10': '0.0062', 'HIT@20': '0.0148', 'NDCG@20': '0.0074'}
{'Epoch': 142, 'name': 'low_freq', 'HIT@5': '0.0061', 'NDCG@5': '0.0045', 'HIT@10': '0.0091', 'NDCG@10': '0.0054', 'HIT@20': '0.0115', 'NDCG@20': '0.0060'}
{'Epoch': 142, 'name': 'all', 'HIT@5': '0.0260', 'NDCG@5': '0.0170', 'HIT@10': '0.0408', 'NDCG@10': '0.0217', 'HIT@20': '0.0660', 'NDCG@20': '0.0280'}
EarlyStopping counter: 3 out of 40
rec dataset length: 186
100%|█████████████████████████████████████████████████████████████████████████████████████████████████████████████████████████████████████████████████████████| 186/186 [00:51<00:00,  3.60it/s]
{'epoch': 143, 'rec_avg_loss': '0.4509', 'joint_avg_loss': '1.0289', 'cl_avg_loss': '5.7801', 'itemcl_loss': '0.0000', 'cl_pair_0_loss': '5.7801'}
Recommendation EP_test:143: 100%|| 35/35 [00:07<00:00,  4.39it/s]
{'Epoch': 143, 'name': 'high_freq', 'HIT@5': '0.0339', 'NDCG@5': '0.0221', 'HIT@10': '0.0557', 'NDCG@10': '0.0291', 'HIT@20': '0.0863', 'NDCG@20': '0.0368'}
{'Epoch': 143, 'name': 'mid_freq', 'HIT@5': '0.0076', 'NDCG@5': '0.0054', 'HIT@10': '0.0105', 'NDCG@10': '0.0063', 'HIT@20': '0.0145', 'NDCG@20': '0.0073'}
{'Epoch': 143, 'name': 'low_freq', 'HIT@5': '0.0061', 'NDCG@5': '0.0048', 'HIT@10': '0.0077', 'NDCG@10': '0.0053', 'HIT@20': '0.0109', 'NDCG@20': '0.0062'}
{'Epoch': 143, 'name': 'all', 'HIT@5': '0.0253', 'NDCG@5': '0.0167', 'HIT@10': '0.0409', 'NDCG@10': '0.0217', 'HIT@20': '0.0629', 'NDCG@20': '0.0272'}
EarlyStopping counter: 4 out of 40
rec dataset length: 186
100%|█████████████████████████████████████████████████████████████████████████████████████████████████████████████████████████████████████████████████████████| 186/186 [00:51<00:00,  3.61it/s]
{'epoch': 144, 'rec_avg_loss': '0.4508', 'joint_avg_loss': '1.0298', 'cl_avg_loss': '5.7896', 'itemcl_loss': '0.0000', 'cl_pair_0_loss': '5.7896'}
Recommendation EP_test:144: 100%|| 35/35 [00:08<00:00,  4.30it/s]
{'Epoch': 144, 'name': 'high_freq', 'HIT@5': '0.0343', 'NDCG@5': '0.0222', 'HIT@10': '0.0556', 'NDCG@10': '0.0290', 'HIT@20': '0.0876', 'NDCG@20': '0.0370'}
{'Epoch': 144, 'name': 'mid_freq', 'HIT@5': '0.0080', 'NDCG@5': '0.0053', 'HIT@10': '0.0103', 'NDCG@10': '0.0060', 'HIT@20': '0.0158', 'NDCG@20': '0.0074'}
{'Epoch': 144, 'name': 'low_freq', 'HIT@5': '0.0054', 'NDCG@5': '0.0045', 'HIT@10': '0.0086', 'NDCG@10': '0.0055', 'HIT@20': '0.0113', 'NDCG@20': '0.0062'}
{'Epoch': 144, 'name': 'all', 'HIT@5': '0.0256', 'NDCG@5': '0.0167', 'HIT@10': '0.0409', 'NDCG@10': '0.0216', 'HIT@20': '0.0641', 'NDCG@20': '0.0274'}
EarlyStopping counter: 5 out of 40
rec dataset length: 186
100%|█████████████████████████████████████████████████████████████████████████████████████████████████████████████████████████████████████████████████████████| 186/186 [00:51<00:00,  3.62it/s]
{'epoch': 145, 'rec_avg_loss': '0.4491', 'joint_avg_loss': '1.0267', 'cl_avg_loss': '5.7754', 'itemcl_loss': '0.0000', 'cl_pair_0_loss': '5.7754'}
Recommendation EP_test:145: 100%|| 35/35 [00:08<00:00,  4.32it/s]
{'Epoch': 145, 'name': 'high_freq', 'HIT@5': '0.0345', 'NDCG@5': '0.0222', 'HIT@10': '0.0554', 'NDCG@10': '0.0289', 'HIT@20': '0.0898', 'NDCG@20': '0.0375'}
{'Epoch': 145, 'name': 'mid_freq', 'HIT@5': '0.0066', 'NDCG@5': '0.0044', 'HIT@10': '0.0096', 'NDCG@10': '0.0054', 'HIT@20': '0.0126', 'NDCG@20': '0.0061'}
{'Epoch': 145, 'name': 'low_freq', 'HIT@5': '0.0057', 'NDCG@5': '0.0045', 'HIT@10': '0.0084', 'NDCG@10': '0.0054', 'HIT@20': '0.0115', 'NDCG@20': '0.0062'}
{'Epoch': 145, 'name': 'all', 'HIT@5': '0.0255', 'NDCG@5': '0.0165', 'HIT@10': '0.0406', 'NDCG@10': '0.0214', 'HIT@20': '0.0650', 'NDCG@20': '0.0275'}
EarlyStopping counter: 6 out of 40
rec dataset length: 186
100%|█████████████████████████████████████████████████████████████████████████████████████████████████████████████████████████████████████████████████████████| 186/186 [00:51<00:00,  3.62it/s]
{'epoch': 146, 'rec_avg_loss': '0.4500', 'joint_avg_loss': '1.0271', 'cl_avg_loss': '5.7712', 'itemcl_loss': '0.0000', 'cl_pair_0_loss': '5.7712'}
Recommendation EP_test:146: 100%|| 35/35 [00:08<00:00,  4.37it/s]
{'Epoch': 146, 'name': 'high_freq', 'HIT@5': '0.0329', 'NDCG@5': '0.0216', 'HIT@10': '0.0553', 'NDCG@10': '0.0288', 'HIT@20': '0.0868', 'NDCG@20': '0.0367'}
{'Epoch': 146, 'name': 'mid_freq', 'HIT@5': '0.0080', 'NDCG@5': '0.0053', 'HIT@10': '0.0106', 'NDCG@10': '0.0061', 'HIT@20': '0.0152', 'NDCG@20': '0.0073'}
{'Epoch': 146, 'name': 'low_freq', 'HIT@5': '0.0072', 'NDCG@5': '0.0050', 'HIT@10': '0.0091', 'NDCG@10': '0.0055', 'HIT@20': '0.0113', 'NDCG@20': '0.0061'}
{'Epoch': 146, 'name': 'all', 'HIT@5': '0.0248', 'NDCG@5': '0.0163', 'HIT@10': '0.0408', 'NDCG@10': '0.0215', 'HIT@20': '0.0634', 'NDCG@20': '0.0271'}
EarlyStopping counter: 7 out of 40
rec dataset length: 186
100%|█████████████████████████████████████████████████████████████████████████████████████████████████████████████████████████████████████████████████████████| 186/186 [00:51<00:00,  3.62it/s]
{'epoch': 147, 'rec_avg_loss': '0.4506', 'joint_avg_loss': '1.0282', 'cl_avg_loss': '5.7766', 'itemcl_loss': '0.0000', 'cl_pair_0_loss': '5.7766'}
Recommendation EP_test:147: 100%|| 35/35 [00:07<00:00,  4.49it/s]
{'Epoch': 147, 'name': 'high_freq', 'HIT@5': '0.0350', 'NDCG@5': '0.0224', 'HIT@10': '0.0544', 'NDCG@10': '0.0286', 'HIT@20': '0.0864', 'NDCG@20': '0.0367'}
{'Epoch': 147, 'name': 'mid_freq', 'HIT@5': '0.0083', 'NDCG@5': '0.0054', 'HIT@10': '0.0108', 'NDCG@10': '0.0062', 'HIT@20': '0.0155', 'NDCG@20': '0.0074'}
{'Epoch': 147, 'name': 'low_freq', 'HIT@5': '0.0075', 'NDCG@5': '0.0054', 'HIT@10': '0.0097', 'NDCG@10': '0.0061', 'HIT@20': '0.0124', 'NDCG@20': '0.0068'}
{'Epoch': 147, 'name': 'all', 'HIT@5': '0.0264', 'NDCG@5': '0.0170', 'HIT@10': '0.0403', 'NDCG@10': '0.0214', 'HIT@20': '0.0634', 'NDCG@20': '0.0272'}
EarlyStopping counter: 8 out of 40
rec dataset length: 186
100%|█████████████████████████████████████████████████████████████████████████████████████████████████████████████████████████████████████████████████████████| 186/186 [00:51<00:00,  3.60it/s]
{'epoch': 148, 'rec_avg_loss': '0.4481', 'joint_avg_loss': '1.0254', 'cl_avg_loss': '5.7728', 'itemcl_loss': '0.0000', 'cl_pair_0_loss': '5.7728'}
Recommendation EP_test:148: 100%|| 35/35 [00:07<00:00,  4.42it/s]
{'Epoch': 148, 'name': 'high_freq', 'HIT@5': '0.0347', 'NDCG@5': '0.0226', 'HIT@10': '0.0572', 'NDCG@10': '0.0298', 'HIT@20': '0.0883', 'NDCG@20': '0.0376'}
{'Epoch': 148, 'name': 'mid_freq', 'HIT@5': '0.0078', 'NDCG@5': '0.0051', 'HIT@10': '0.0098', 'NDCG@10': '0.0057', 'HIT@20': '0.0149', 'NDCG@20': '0.0070'}
{'Epoch': 148, 'name': 'low_freq', 'HIT@5': '0.0061', 'NDCG@5': '0.0048', 'HIT@10': '0.0091', 'NDCG@10': '0.0057', 'HIT@20': '0.0115', 'NDCG@20': '0.0064'}
{'Epoch': 148, 'name': 'all', 'HIT@5': '0.0259', 'NDCG@5': '0.0170', 'HIT@10': '0.0420', 'NDCG@10': '0.0221', 'HIT@20': '0.0644', 'NDCG@20': '0.0278'}
EarlyStopping counter: 9 out of 40
rec dataset length: 186
100%|█████████████████████████████████████████████████████████████████████████████████████████████████████████████████████████████████████████████████████████| 186/186 [00:51<00:00,  3.60it/s]
{'epoch': 149, 'rec_avg_loss': '0.4486', 'joint_avg_loss': '1.0265', 'cl_avg_loss': '5.7786', 'itemcl_loss': '0.0000', 'cl_pair_0_loss': '5.7786'}
Recommendation EP_test:149: 100%|| 35/35 [00:08<00:00,  4.26it/s]
{'Epoch': 149, 'name': 'high_freq', 'HIT@5': '0.0337', 'NDCG@5': '0.0221', 'HIT@10': '0.0543', 'NDCG@10': '0.0287', 'HIT@20': '0.0870', 'NDCG@20': '0.0370'}
{'Epoch': 149, 'name': 'mid_freq', 'HIT@5': '0.0073', 'NDCG@5': '0.0050', 'HIT@10': '0.0109', 'NDCG@10': '0.0061', 'HIT@20': '0.0157', 'NDCG@20': '0.0073'}
{'Epoch': 149, 'name': 'low_freq', 'HIT@5': '0.0075', 'NDCG@5': '0.0054', 'HIT@10': '0.0097', 'NDCG@10': '0.0061', 'HIT@20': '0.0106', 'NDCG@20': '0.0063'}
{'Epoch': 149, 'name': 'all', 'HIT@5': '0.0253', 'NDCG@5': '0.0167', 'HIT@10': '0.0403', 'NDCG@10': '0.0215', 'HIT@20': '0.0635', 'NDCG@20': '0.0274'}
EarlyStopping counter: 10 out of 40
rec dataset length: 186
100%|█████████████████████████████████████████████████████████████████████████████████████████████████████████████████████████████████████████████████████████| 186/186 [00:51<00:00,  3.62it/s]
{'epoch': 150, 'rec_avg_loss': '0.4467', 'joint_avg_loss': '1.0243', 'cl_avg_loss': '5.7758', 'itemcl_loss': '0.0000', 'cl_pair_0_loss': '5.7758'}
Recommendation EP_test:150: 100%|| 35/35 [00:08<00:00,  4.27it/s]
{'Epoch': 150, 'name': 'high_freq', 'HIT@5': '0.0342', 'NDCG@5': '0.0225', 'HIT@10': '0.0553', 'NDCG@10': '0.0293', 'HIT@20': '0.0887', 'NDCG@20': '0.0377'}
{'Epoch': 150, 'name': 'mid_freq', 'HIT@5': '0.0082', 'NDCG@5': '0.0057', 'HIT@10': '0.0109', 'NDCG@10': '0.0066', 'HIT@20': '0.0171', 'NDCG@20': '0.0081'}
{'Epoch': 150, 'name': 'low_freq', 'HIT@5': '0.0068', 'NDCG@5': '0.0048', 'HIT@10': '0.0093', 'NDCG@10': '0.0056', 'HIT@20': '0.0118', 'NDCG@20': '0.0063'}
{'Epoch': 150, 'name': 'all', 'HIT@5': '0.0257', 'NDCG@5': '0.0170', 'HIT@10': '0.0409', 'NDCG@10': '0.0219', 'HIT@20': '0.0651', 'NDCG@20': '0.0280'}
EarlyStopping counter: 11 out of 40
rec dataset length: 186
100%|█████████████████████████████████████████████████████████████████████████████████████████████████████████████████████████████████████████████████████████| 186/186 [00:51<00:00,  3.61it/s]
{'epoch': 151, 'rec_avg_loss': '0.4460', 'joint_avg_loss': '1.0227', 'cl_avg_loss': '5.7668', 'itemcl_loss': '0.0000', 'cl_pair_0_loss': '5.7668'}
Recommendation EP_test:151: 100%|| 35/35 [00:08<00:00,  4.30it/s]
{'Epoch': 151, 'name': 'high_freq', 'HIT@5': '0.0343', 'NDCG@5': '0.0222', 'HIT@10': '0.0553', 'NDCG@10': '0.0289', 'HIT@20': '0.0887', 'NDCG@20': '0.0373'}
{'Epoch': 151, 'name': 'mid_freq', 'HIT@5': '0.0075', 'NDCG@5': '0.0052', 'HIT@10': '0.0105', 'NDCG@10': '0.0062', 'HIT@20': '0.0165', 'NDCG@20': '0.0077'}
{'Epoch': 151, 'name': 'low_freq', 'HIT@5': '0.0068', 'NDCG@5': '0.0051', 'HIT@10': '0.0084', 'NDCG@10': '0.0057', 'HIT@20': '0.0134', 'NDCG@20': '0.0069'}
{'Epoch': 151, 'name': 'all', 'HIT@5': '0.0256', 'NDCG@5': '0.0168', 'HIT@10': '0.0407', 'NDCG@10': '0.0216', 'HIT@20': '0.0653', 'NDCG@20': '0.0277'}
EarlyStopping counter: 12 out of 40
rec dataset length: 186
100%|█████████████████████████████████████████████████████████████████████████████████████████████████████████████████████████████████████████████████████████| 186/186 [00:51<00:00,  3.60it/s]
{'epoch': 152, 'rec_avg_loss': '0.4469', 'joint_avg_loss': '1.0240', 'cl_avg_loss': '5.7705', 'itemcl_loss': '0.0000', 'cl_pair_0_loss': '5.7705'}
Recommendation EP_test:152: 100%|| 35/35 [00:08<00:00,  4.24it/s]
{'Epoch': 152, 'name': 'high_freq', 'HIT@5': '0.0352', 'NDCG@5': '0.0226', 'HIT@10': '0.0563', 'NDCG@10': '0.0294', 'HIT@20': '0.0877', 'NDCG@20': '0.0373'}
{'Epoch': 152, 'name': 'mid_freq', 'HIT@5': '0.0072', 'NDCG@5': '0.0048', 'HIT@10': '0.0105', 'NDCG@10': '0.0058', 'HIT@20': '0.0157', 'NDCG@20': '0.0071'}
{'Epoch': 152, 'name': 'low_freq', 'HIT@5': '0.0063', 'NDCG@5': '0.0048', 'HIT@10': '0.0081', 'NDCG@10': '0.0054', 'HIT@20': '0.0120', 'NDCG@20': '0.0064'}
{'Epoch': 152, 'name': 'all', 'HIT@5': '0.0262', 'NDCG@5': '0.0169', 'HIT@10': '0.0414', 'NDCG@10': '0.0218', 'HIT@20': '0.0642', 'NDCG@20': '0.0276'}
EarlyStopping counter: 13 out of 40
rec dataset length: 186
100%|█████████████████████████████████████████████████████████████████████████████████████████████████████████████████████████████████████████████████████████| 186/186 [00:51<00:00,  3.60it/s]
{'epoch': 153, 'rec_avg_loss': '0.4451', 'joint_avg_loss': '1.0229', 'cl_avg_loss': '5.7776', 'itemcl_loss': '0.0000', 'cl_pair_0_loss': '5.7776'}
Recommendation EP_test:153: 100%|| 35/35 [00:08<00:00,  4.23it/s]
{'Epoch': 153, 'name': 'high_freq', 'HIT@5': '0.0340', 'NDCG@5': '0.0217', 'HIT@10': '0.0560', 'NDCG@10': '0.0288', 'HIT@20': '0.0873', 'NDCG@20': '0.0366'}
{'Epoch': 153, 'name': 'mid_freq', 'HIT@5': '0.0075', 'NDCG@5': '0.0052', 'HIT@10': '0.0118', 'NDCG@10': '0.0066', 'HIT@20': '0.0168', 'NDCG@20': '0.0078'}
{'Epoch': 153, 'name': 'low_freq', 'HIT@5': '0.0066', 'NDCG@5': '0.0049', 'HIT@10': '0.0088', 'NDCG@10': '0.0057', 'HIT@20': '0.0115', 'NDCG@20': '0.0063'}
{'Epoch': 153, 'name': 'all', 'HIT@5': '0.0254', 'NDCG@5': '0.0164', 'HIT@10': '0.0415', 'NDCG@10': '0.0216', 'HIT@20': '0.0641', 'NDCG@20': '0.0272'}
EarlyStopping counter: 14 out of 40
rec dataset length: 186
100%|█████████████████████████████████████████████████████████████████████████████████████████████████████████████████████████████████████████████████████████| 186/186 [00:51<00:00,  3.61it/s]
{'epoch': 154, 'rec_avg_loss': '0.4436', 'joint_avg_loss': '1.0203', 'cl_avg_loss': '5.7668', 'itemcl_loss': '0.0000', 'cl_pair_0_loss': '5.7668'}
Recommendation EP_test:154: 100%|| 35/35 [00:08<00:00,  4.33it/s]
{'Epoch': 154, 'name': 'high_freq', 'HIT@5': '0.0346', 'NDCG@5': '0.0221', 'HIT@10': '0.0571', 'NDCG@10': '0.0293', 'HIT@20': '0.0887', 'NDCG@20': '0.0372'}
{'Epoch': 154, 'name': 'mid_freq', 'HIT@5': '0.0075', 'NDCG@5': '0.0050', 'HIT@10': '0.0106', 'NDCG@10': '0.0060', 'HIT@20': '0.0155', 'NDCG@20': '0.0072'}
{'Epoch': 154, 'name': 'low_freq', 'HIT@5': '0.0066', 'NDCG@5': '0.0050', 'HIT@10': '0.0088', 'NDCG@10': '0.0057', 'HIT@20': '0.0111', 'NDCG@20': '0.0063'}
{'Epoch': 154, 'name': 'all', 'HIT@5': '0.0258', 'NDCG@5': '0.0166', 'HIT@10': '0.0421', 'NDCG@10': '0.0218', 'HIT@20': '0.0647', 'NDCG@20': '0.0275'}
EarlyStopping counter: 15 out of 40
rec dataset length: 186
100%|█████████████████████████████████████████████████████████████████████████████████████████████████████████████████████████████████████████████████████████| 186/186 [00:51<00:00,  3.61it/s]
{'epoch': 155, 'rec_avg_loss': '0.4433', 'joint_avg_loss': '1.0200', 'cl_avg_loss': '5.7674', 'itemcl_loss': '0.0000', 'cl_pair_0_loss': '5.7674'}
Recommendation EP_test:155: 100%|| 35/35 [00:08<00:00,  4.29it/s]
{'Epoch': 155, 'name': 'high_freq', 'HIT@5': '0.0347', 'NDCG@5': '0.0222', 'HIT@10': '0.0549', 'NDCG@10': '0.0287', 'HIT@20': '0.0890', 'NDCG@20': '0.0372'}
{'Epoch': 155, 'name': 'mid_freq', 'HIT@5': '0.0072', 'NDCG@5': '0.0050', 'HIT@10': '0.0113', 'NDCG@10': '0.0063', 'HIT@20': '0.0174', 'NDCG@20': '0.0078'}
{'Epoch': 155, 'name': 'low_freq', 'HIT@5': '0.0072', 'NDCG@5': '0.0053', 'HIT@10': '0.0093', 'NDCG@10': '0.0060', 'HIT@20': '0.0120', 'NDCG@20': '0.0067'}
{'Epoch': 155, 'name': 'all', 'HIT@5': '0.0259', 'NDCG@5': '0.0167', 'HIT@10': '0.0407', 'NDCG@10': '0.0215', 'HIT@20': '0.0654', 'NDCG@20': '0.0277'}
EarlyStopping counter: 16 out of 40
rec dataset length: 186
100%|█████████████████████████████████████████████████████████████████████████████████████████████████████████████████████████████████████████████████████████| 186/186 [00:51<00:00,  3.61it/s]
{'epoch': 156, 'rec_avg_loss': '0.4443', 'joint_avg_loss': '1.0208', 'cl_avg_loss': '5.7654', 'itemcl_loss': '0.0000', 'cl_pair_0_loss': '5.7654'}
Recommendation EP_test:156: 100%|| 35/35 [00:07<00:00,  4.41it/s]
{'Epoch': 156, 'name': 'high_freq', 'HIT@5': '0.0350', 'NDCG@5': '0.0225', 'HIT@10': '0.0562', 'NDCG@10': '0.0293', 'HIT@20': '0.0893', 'NDCG@20': '0.0376'}
{'Epoch': 156, 'name': 'mid_freq', 'HIT@5': '0.0066', 'NDCG@5': '0.0045', 'HIT@10': '0.0102', 'NDCG@10': '0.0056', 'HIT@20': '0.0161', 'NDCG@20': '0.0071'}
{'Epoch': 156, 'name': 'low_freq', 'HIT@5': '0.0061', 'NDCG@5': '0.0046', 'HIT@10': '0.0077', 'NDCG@10': '0.0051', 'HIT@20': '0.0115', 'NDCG@20': '0.0060'}
{'Epoch': 156, 'name': 'all', 'HIT@5': '0.0258', 'NDCG@5': '0.0168', 'HIT@10': '0.0412', 'NDCG@10': '0.0217', 'HIT@20': '0.0653', 'NDCG@20': '0.0277'}
EarlyStopping counter: 17 out of 40
rec dataset length: 186
100%|█████████████████████████████████████████████████████████████████████████████████████████████████████████████████████████████████████████████████████████| 186/186 [00:51<00:00,  3.60it/s]
{'epoch': 157, 'rec_avg_loss': '0.4406', 'joint_avg_loss': '1.0178', 'cl_avg_loss': '5.7719', 'itemcl_loss': '0.0000', 'cl_pair_0_loss': '5.7719'}
Recommendation EP_test:157: 100%|| 35/35 [00:08<00:00,  4.35it/s]
{'Epoch': 157, 'name': 'high_freq', 'HIT@5': '0.0343', 'NDCG@5': '0.0219', 'HIT@10': '0.0549', 'NDCG@10': '0.0285', 'HIT@20': '0.0856', 'NDCG@20': '0.0362'}
{'Epoch': 157, 'name': 'mid_freq', 'HIT@5': '0.0085', 'NDCG@5': '0.0057', 'HIT@10': '0.0121', 'NDCG@10': '0.0069', 'HIT@20': '0.0175', 'NDCG@20': '0.0083'}
{'Epoch': 157, 'name': 'low_freq', 'HIT@5': '0.0068', 'NDCG@5': '0.0051', 'HIT@10': '0.0084', 'NDCG@10': '0.0056', 'HIT@20': '0.0118', 'NDCG@20': '0.0064'}
{'Epoch': 157, 'name': 'all', 'HIT@5': '0.0258', 'NDCG@5': '0.0166', 'HIT@10': '0.0408', 'NDCG@10': '0.0214', 'HIT@20': '0.0631', 'NDCG@20': '0.0270'}
EarlyStopping counter: 18 out of 40
rec dataset length: 186
100%|█████████████████████████████████████████████████████████████████████████████████████████████████████████████████████████████████████████████████████████| 186/186 [00:51<00:00,  3.62it/s]
{'epoch': 158, 'rec_avg_loss': '0.4451', 'joint_avg_loss': '1.0220', 'cl_avg_loss': '5.7688', 'itemcl_loss': '0.0000', 'cl_pair_0_loss': '5.7688'}
Recommendation EP_test:158: 100%|| 35/35 [00:07<00:00,  4.40it/s]
{'Epoch': 158, 'name': 'high_freq', 'HIT@5': '0.0353', 'NDCG@5': '0.0225', 'HIT@10': '0.0553', 'NDCG@10': '0.0289', 'HIT@20': '0.0868', 'NDCG@20': '0.0368'}
{'Epoch': 158, 'name': 'mid_freq', 'HIT@5': '0.0082', 'NDCG@5': '0.0052', 'HIT@10': '0.0113', 'NDCG@10': '0.0062', 'HIT@20': '0.0164', 'NDCG@20': '0.0075'}
{'Epoch': 158, 'name': 'low_freq', 'HIT@5': '0.0066', 'NDCG@5': '0.0052', 'HIT@10': '0.0088', 'NDCG@10': '0.0060', 'HIT@20': '0.0106', 'NDCG@20': '0.0064'}
{'Epoch': 158, 'name': 'all', 'HIT@5': '0.0264', 'NDCG@5': '0.0169', 'HIT@10': '0.0409', 'NDCG@10': '0.0216', 'HIT@20': '0.0636', 'NDCG@20': '0.0273'}
EarlyStopping counter: 19 out of 40
rec dataset length: 186
100%|█████████████████████████████████████████████████████████████████████████████████████████████████████████████████████████████████████████████████████████| 186/186 [00:51<00:00,  3.60it/s]
{'epoch': 159, 'rec_avg_loss': '0.4420', 'joint_avg_loss': '1.0184', 'cl_avg_loss': '5.7639', 'itemcl_loss': '0.0000', 'cl_pair_0_loss': '5.7639'}
Recommendation EP_test:159: 100%|| 35/35 [00:07<00:00,  4.42it/s]
{'Epoch': 159, 'name': 'high_freq', 'HIT@5': '0.0343', 'NDCG@5': '0.0220', 'HIT@10': '0.0552', 'NDCG@10': '0.0287', 'HIT@20': '0.0844', 'NDCG@20': '0.0361'}
{'Epoch': 159, 'name': 'mid_freq', 'HIT@5': '0.0086', 'NDCG@5': '0.0058', 'HIT@10': '0.0118', 'NDCG@10': '0.0068', 'HIT@20': '0.0167', 'NDCG@20': '0.0081'}
{'Epoch': 159, 'name': 'low_freq', 'HIT@5': '0.0066', 'NDCG@5': '0.0050', 'HIT@10': '0.0086', 'NDCG@10': '0.0057', 'HIT@20': '0.0120', 'NDCG@20': '0.0065'}
{'Epoch': 159, 'name': 'all', 'HIT@5': '0.0258', 'NDCG@5': '0.0167', 'HIT@10': '0.0409', 'NDCG@10': '0.0216', 'HIT@20': '0.0621', 'NDCG@20': '0.0269'}
EarlyStopping counter: 20 out of 40
rec dataset length: 186
100%|█████████████████████████████████████████████████████████████████████████████████████████████████████████████████████████████████████████████████████████| 186/186 [00:51<00:00,  3.61it/s]
{'epoch': 160, 'rec_avg_loss': '0.4431', 'joint_avg_loss': '1.0197', 'cl_avg_loss': '5.7658', 'itemcl_loss': '0.0000', 'cl_pair_0_loss': '5.7658'}
Recommendation EP_test:160: 100%|| 35/35 [00:07<00:00,  4.43it/s]
{'Epoch': 160, 'name': 'high_freq', 'HIT@5': '0.0354', 'NDCG@5': '0.0230', 'HIT@10': '0.0569', 'NDCG@10': '0.0298', 'HIT@20': '0.0892', 'NDCG@20': '0.0379'}
{'Epoch': 160, 'name': 'mid_freq', 'HIT@5': '0.0079', 'NDCG@5': '0.0057', 'HIT@10': '0.0102', 'NDCG@10': '0.0064', 'HIT@20': '0.0154', 'NDCG@20': '0.0077'}
{'Epoch': 160, 'name': 'low_freq', 'HIT@5': '0.0063', 'NDCG@5': '0.0048', 'HIT@10': '0.0084', 'NDCG@10': '0.0055', 'HIT@20': '0.0122', 'NDCG@20': '0.0064'}
{'Epoch': 160, 'name': 'all', 'HIT@5': '0.0264', 'NDCG@5': '0.0173', 'HIT@10': '0.0417', 'NDCG@10': '0.0222', 'HIT@20': '0.0652', 'NDCG@20': '0.0281'}
EarlyStopping counter: 21 out of 40
rec dataset length: 186
100%|█████████████████████████████████████████████████████████████████████████████████████████████████████████████████████████████████████████████████████████| 186/186 [00:51<00:00,  3.62it/s]
{'epoch': 161, 'rec_avg_loss': '0.4408', 'joint_avg_loss': '1.0169', 'cl_avg_loss': '5.7609', 'itemcl_loss': '0.0000', 'cl_pair_0_loss': '5.7609'}
Recommendation EP_test:161: 100%|| 35/35 [00:07<00:00,  4.43it/s]
{'Epoch': 161, 'name': 'high_freq', 'HIT@5': '0.0358', 'NDCG@5': '0.0231', 'HIT@10': '0.0561', 'NDCG@10': '0.0296', 'HIT@20': '0.0871', 'NDCG@20': '0.0374'}
{'Epoch': 161, 'name': 'mid_freq', 'HIT@5': '0.0085', 'NDCG@5': '0.0057', 'HIT@10': '0.0102', 'NDCG@10': '0.0062', 'HIT@20': '0.0158', 'NDCG@20': '0.0076'}
{'Epoch': 161, 'name': 'low_freq', 'HIT@5': '0.0066', 'NDCG@5': '0.0046', 'HIT@10': '0.0081', 'NDCG@10': '0.0051', 'HIT@20': '0.0113', 'NDCG@20': '0.0059'}
{'Epoch': 161, 'name': 'all', 'HIT@5': '0.0269', 'NDCG@5': '0.0174', 'HIT@10': '0.0412', 'NDCG@10': '0.0220', 'HIT@20': '0.0637', 'NDCG@20': '0.0277'}
EarlyStopping counter: 22 out of 40
rec dataset length: 186
100%|█████████████████████████████████████████████████████████████████████████████████████████████████████████████████████████████████████████████████████████| 186/186 [00:51<00:00,  3.59it/s]
{'epoch': 162, 'rec_avg_loss': '0.4392', 'joint_avg_loss': '1.0148', 'cl_avg_loss': '5.7562', 'itemcl_loss': '0.0000', 'cl_pair_0_loss': '5.7562'}
Recommendation EP_test:162: 100%|| 35/35 [00:07<00:00,  4.42it/s]
{'Epoch': 162, 'name': 'high_freq', 'HIT@5': '0.0340', 'NDCG@5': '0.0222', 'HIT@10': '0.0553', 'NDCG@10': '0.0291', 'HIT@20': '0.0867', 'NDCG@20': '0.0370'}
{'Epoch': 162, 'name': 'mid_freq', 'HIT@5': '0.0090', 'NDCG@5': '0.0062', 'HIT@10': '0.0122', 'NDCG@10': '0.0073', 'HIT@20': '0.0159', 'NDCG@20': '0.0082'}
{'Epoch': 162, 'name': 'low_freq', 'HIT@5': '0.0063', 'NDCG@5': '0.0051', 'HIT@10': '0.0086', 'NDCG@10': '0.0058', 'HIT@20': '0.0118', 'NDCG@20': '0.0066'}
{'Epoch': 162, 'name': 'all', 'HIT@5': '0.0257', 'NDCG@5': '0.0170', 'HIT@10': '0.0411', 'NDCG@10': '0.0219', 'HIT@20': '0.0636', 'NDCG@20': '0.0276'}
EarlyStopping counter: 23 out of 40
rec dataset length: 186
100%|█████████████████████████████████████████████████████████████████████████████████████████████████████████████████████████████████████████████████████████| 186/186 [00:51<00:00,  3.61it/s]
{'epoch': 163, 'rec_avg_loss': '0.4406', 'joint_avg_loss': '1.0167', 'cl_avg_loss': '5.7612', 'itemcl_loss': '0.0000', 'cl_pair_0_loss': '5.7612'}
Recommendation EP_test:163: 100%|| 35/35 [00:07<00:00,  4.43it/s]
{'Epoch': 163, 'name': 'high_freq', 'HIT@5': '0.0346', 'NDCG@5': '0.0230', 'HIT@10': '0.0558', 'NDCG@10': '0.0298', 'HIT@20': '0.0882', 'NDCG@20': '0.0379'}
{'Epoch': 163, 'name': 'mid_freq', 'HIT@5': '0.0083', 'NDCG@5': '0.0060', 'HIT@10': '0.0118', 'NDCG@10': '0.0071', 'HIT@20': '0.0168', 'NDCG@20': '0.0083'}
{'Epoch': 163, 'name': 'low_freq', 'HIT@5': '0.0063', 'NDCG@5': '0.0050', 'HIT@10': '0.0088', 'NDCG@10': '0.0058', 'HIT@20': '0.0122', 'NDCG@20': '0.0066'}
{'Epoch': 163, 'name': 'all', 'HIT@5': '0.0260', 'NDCG@5': '0.0174', 'HIT@10': '0.0414', 'NDCG@10': '0.0224', 'HIT@20': '0.0648', 'NDCG@20': '0.0282'}
EarlyStopping counter: 24 out of 40
rec dataset length: 186
100%|█████████████████████████████████████████████████████████████████████████████████████████████████████████████████████████████████████████████████████████| 186/186 [00:51<00:00,  3.61it/s]
{'epoch': 164, 'rec_avg_loss': '0.4384', 'joint_avg_loss': '1.0140', 'cl_avg_loss': '5.7556', 'itemcl_loss': '0.0000', 'cl_pair_0_loss': '5.7556'}
Recommendation EP_test:164: 100%|| 35/35 [00:08<00:00,  4.36it/s]
{'Epoch': 164, 'name': 'high_freq', 'HIT@5': '0.0356', 'NDCG@5': '0.0233', 'HIT@10': '0.0573', 'NDCG@10': '0.0303', 'HIT@20': '0.0901', 'NDCG@20': '0.0385'}
{'Epoch': 164, 'name': 'mid_freq', 'HIT@5': '0.0072', 'NDCG@5': '0.0050', 'HIT@10': '0.0112', 'NDCG@10': '0.0063', 'HIT@20': '0.0158', 'NDCG@20': '0.0075'}
{'Epoch': 164, 'name': 'low_freq', 'HIT@5': '0.0061', 'NDCG@5': '0.0048', 'HIT@10': '0.0091', 'NDCG@10': '0.0057', 'HIT@20': '0.0111', 'NDCG@20': '0.0062'}
{'Epoch': 164, 'name': 'all', 'HIT@5': '0.0264', 'NDCG@5': '0.0174', 'HIT@10': '0.0423', 'NDCG@10': '0.0225', 'HIT@20': '0.0658', 'NDCG@20': '0.0284'}
Validation score increased.  Saving model ...
rec dataset length: 186
100%|█████████████████████████████████████████████████████████████████████████████████████████████████████████████████████████████████████████████████████████| 186/186 [00:51<00:00,  3.60it/s]
{'epoch': 165, 'rec_avg_loss': '0.4372', 'joint_avg_loss': '1.0124', 'cl_avg_loss': '5.7522', 'itemcl_loss': '0.0000', 'cl_pair_0_loss': '5.7522'}
Recommendation EP_test:165: 100%|| 35/35 [00:07<00:00,  4.40it/s]
{'Epoch': 165, 'name': 'high_freq', 'HIT@5': '0.0362', 'NDCG@5': '0.0236', 'HIT@10': '0.0578', 'NDCG@10': '0.0306', 'HIT@20': '0.0905', 'NDCG@20': '0.0388'}
{'Epoch': 165, 'name': 'mid_freq', 'HIT@5': '0.0080', 'NDCG@5': '0.0052', 'HIT@10': '0.0112', 'NDCG@10': '0.0062', 'HIT@20': '0.0162', 'NDCG@20': '0.0074'}
{'Epoch': 165, 'name': 'low_freq', 'HIT@5': '0.0059', 'NDCG@5': '0.0044', 'HIT@10': '0.0086', 'NDCG@10': '0.0053', 'HIT@20': '0.0115', 'NDCG@20': '0.0060'}
{'Epoch': 165, 'name': 'all', 'HIT@5': '0.0269', 'NDCG@5': '0.0176', 'HIT@10': '0.0426', 'NDCG@10': '0.0226', 'HIT@20': '0.0662', 'NDCG@20': '0.0286'}
Validation score increased.  Saving model ...
rec dataset length: 186
100%|█████████████████████████████████████████████████████████████████████████████████████████████████████████████████████████████████████████████████████████| 186/186 [00:51<00:00,  3.60it/s]
{'epoch': 166, 'rec_avg_loss': '0.4340', 'joint_avg_loss': '1.0094', 'cl_avg_loss': '5.7542', 'itemcl_loss': '0.0000', 'cl_pair_0_loss': '5.7542'}
Recommendation EP_test:166: 100%|| 35/35 [00:08<00:00,  4.26it/s]
{'Epoch': 166, 'name': 'high_freq', 'HIT@5': '0.0356', 'NDCG@5': '0.0228', 'HIT@10': '0.0566', 'NDCG@10': '0.0295', 'HIT@20': '0.0867', 'NDCG@20': '0.0370'}
{'Epoch': 166, 'name': 'mid_freq', 'HIT@5': '0.0079', 'NDCG@5': '0.0054', 'HIT@10': '0.0118', 'NDCG@10': '0.0067', 'HIT@20': '0.0171', 'NDCG@20': '0.0080'}
{'Epoch': 166, 'name': 'low_freq', 'HIT@5': '0.0061', 'NDCG@5': '0.0048', 'HIT@10': '0.0091', 'NDCG@10': '0.0058', 'HIT@20': '0.0118', 'NDCG@20': '0.0065'}
{'Epoch': 166, 'name': 'all', 'HIT@5': '0.0265', 'NDCG@5': '0.0171', 'HIT@10': '0.0419', 'NDCG@10': '0.0221', 'HIT@20': '0.0638', 'NDCG@20': '0.0276'}
EarlyStopping counter: 1 out of 40
rec dataset length: 186
100%|█████████████████████████████████████████████████████████████████████████████████████████████████████████████████████████████████████████████████████████| 186/186 [00:51<00:00,  3.60it/s]
{'epoch': 167, 'rec_avg_loss': '0.4359', 'joint_avg_loss': '1.0113', 'cl_avg_loss': '5.7536', 'itemcl_loss': '0.0000', 'cl_pair_0_loss': '5.7536'}
Recommendation EP_test:167: 100%|| 35/35 [00:07<00:00,  4.43it/s]
{'Epoch': 167, 'name': 'high_freq', 'HIT@5': '0.0344', 'NDCG@5': '0.0226', 'HIT@10': '0.0565', 'NDCG@10': '0.0297', 'HIT@20': '0.0895', 'NDCG@20': '0.0380'}
{'Epoch': 167, 'name': 'mid_freq', 'HIT@5': '0.0085', 'NDCG@5': '0.0058', 'HIT@10': '0.0116', 'NDCG@10': '0.0068', 'HIT@20': '0.0175', 'NDCG@20': '0.0083'}
{'Epoch': 167, 'name': 'low_freq', 'HIT@5': '0.0072', 'NDCG@5': '0.0052', 'HIT@10': '0.0091', 'NDCG@10': '0.0058', 'HIT@20': '0.0124', 'NDCG@20': '0.0066'}
{'Epoch': 167, 'name': 'all', 'HIT@5': '0.0260', 'NDCG@5': '0.0172', 'HIT@10': '0.0419', 'NDCG@10': '0.0223', 'HIT@20': '0.0658', 'NDCG@20': '0.0283'}
EarlyStopping counter: 2 out of 40
rec dataset length: 186
100%|█████████████████████████████████████████████████████████████████████████████████████████████████████████████████████████████████████████████████████████| 186/186 [00:51<00:00,  3.60it/s]
{'epoch': 168, 'rec_avg_loss': '0.4364', 'joint_avg_loss': '1.0116', 'cl_avg_loss': '5.7521', 'itemcl_loss': '0.0000', 'cl_pair_0_loss': '5.7521'}
Recommendation EP_test:168: 100%|| 35/35 [00:08<00:00,  4.31it/s]
{'Epoch': 168, 'name': 'high_freq', 'HIT@5': '0.0352', 'NDCG@5': '0.0229', 'HIT@10': '0.0574', 'NDCG@10': '0.0300', 'HIT@20': '0.0907', 'NDCG@20': '0.0384'}
{'Epoch': 168, 'name': 'mid_freq', 'HIT@5': '0.0085', 'NDCG@5': '0.0055', 'HIT@10': '0.0118', 'NDCG@10': '0.0065', 'HIT@20': '0.0165', 'NDCG@20': '0.0077'}
{'Epoch': 168, 'name': 'low_freq', 'HIT@5': '0.0068', 'NDCG@5': '0.0049', 'HIT@10': '0.0095', 'NDCG@10': '0.0058', 'HIT@20': '0.0118', 'NDCG@20': '0.0063'}
{'Epoch': 168, 'name': 'all', 'HIT@5': '0.0265', 'NDCG@5': '0.0172', 'HIT@10': '0.0425', 'NDCG@10': '0.0224', 'HIT@20': '0.0664', 'NDCG@20': '0.0284'}
EarlyStopping counter: 3 out of 40
rec dataset length: 186
100%|█████████████████████████████████████████████████████████████████████████████████████████████████████████████████████████████████████████████████████████| 186/186 [00:51<00:00,  3.61it/s]
{'epoch': 169, 'rec_avg_loss': '0.4368', 'joint_avg_loss': '1.0121', 'cl_avg_loss': '5.7530', 'itemcl_loss': '0.0000', 'cl_pair_0_loss': '5.7530'}
Recommendation EP_test:169: 100%|| 35/35 [00:08<00:00,  4.33it/s]
{'Epoch': 169, 'name': 'high_freq', 'HIT@5': '0.0351', 'NDCG@5': '0.0230', 'HIT@10': '0.0577', 'NDCG@10': '0.0302', 'HIT@20': '0.0929', 'NDCG@20': '0.0390'}
{'Epoch': 169, 'name': 'mid_freq', 'HIT@5': '0.0082', 'NDCG@5': '0.0052', 'HIT@10': '0.0116', 'NDCG@10': '0.0063', 'HIT@20': '0.0162', 'NDCG@20': '0.0074'}
{'Epoch': 169, 'name': 'low_freq', 'HIT@5': '0.0063', 'NDCG@5': '0.0044', 'HIT@10': '0.0091', 'NDCG@10': '0.0053', 'HIT@20': '0.0113', 'NDCG@20': '0.0058'}
{'Epoch': 169, 'name': 'all', 'HIT@5': '0.0263', 'NDCG@5': '0.0172', 'HIT@10': '0.0426', 'NDCG@10': '0.0225', 'HIT@20': '0.0678', 'NDCG@20': '0.0287'}
Validation score increased.  Saving model ...
rec dataset length: 186
100%|█████████████████████████████████████████████████████████████████████████████████████████████████████████████████████████████████████████████████████████| 186/186 [00:51<00:00,  3.60it/s]
{'epoch': 170, 'rec_avg_loss': '0.4356', 'joint_avg_loss': '1.0102', 'cl_avg_loss': '5.7464', 'itemcl_loss': '0.0000', 'cl_pair_0_loss': '5.7464'}
Recommendation EP_test:170: 100%|| 35/35 [00:07<00:00,  4.47it/s]
{'Epoch': 170, 'name': 'high_freq', 'HIT@5': '0.0358', 'NDCG@5': '0.0236', 'HIT@10': '0.0581', 'NDCG@10': '0.0308', 'HIT@20': '0.0909', 'NDCG@20': '0.0391'}
{'Epoch': 170, 'name': 'mid_freq', 'HIT@5': '0.0082', 'NDCG@5': '0.0052', 'HIT@10': '0.0113', 'NDCG@10': '0.0063', 'HIT@20': '0.0157', 'NDCG@20': '0.0073'}
{'Epoch': 170, 'name': 'low_freq', 'HIT@5': '0.0068', 'NDCG@5': '0.0047', 'HIT@10': '0.0097', 'NDCG@10': '0.0056', 'HIT@20': '0.0111', 'NDCG@20': '0.0060'}
{'Epoch': 170, 'name': 'all', 'HIT@5': '0.0268', 'NDCG@5': '0.0177', 'HIT@10': '0.0430', 'NDCG@10': '0.0229', 'HIT@20': '0.0663', 'NDCG@20': '0.0288'}
Validation score increased.  Saving model ...
rec dataset length: 186
100%|█████████████████████████████████████████████████████████████████████████████████████████████████████████████████████████████████████████████████████████| 186/186 [00:51<00:00,  3.59it/s]
{'epoch': 171, 'rec_avg_loss': '0.4357', 'joint_avg_loss': '1.0113', 'cl_avg_loss': '5.7558', 'itemcl_loss': '0.0000', 'cl_pair_0_loss': '5.7558'}
Recommendation EP_test:171: 100%|| 35/35 [00:08<00:00,  4.35it/s]
{'Epoch': 171, 'name': 'high_freq', 'HIT@5': '0.0330', 'NDCG@5': '0.0219', 'HIT@10': '0.0553', 'NDCG@10': '0.0291', 'HIT@20': '0.0880', 'NDCG@20': '0.0373'}
{'Epoch': 171, 'name': 'mid_freq', 'HIT@5': '0.0080', 'NDCG@5': '0.0050', 'HIT@10': '0.0113', 'NDCG@10': '0.0061', 'HIT@20': '0.0172', 'NDCG@20': '0.0075'}
{'Epoch': 171, 'name': 'low_freq', 'HIT@5': '0.0075', 'NDCG@5': '0.0056', 'HIT@10': '0.0088', 'NDCG@10': '0.0060', 'HIT@20': '0.0113', 'NDCG@20': '0.0067'}
{'Epoch': 171, 'name': 'all', 'HIT@5': '0.0249', 'NDCG@5': '0.0166', 'HIT@10': '0.0409', 'NDCG@10': '0.0217', 'HIT@20': '0.0647', 'NDCG@20': '0.0277'}
EarlyStopping counter: 1 out of 40
rec dataset length: 186
100%|█████████████████████████████████████████████████████████████████████████████████████████████████████████████████████████████████████████████████████████| 186/186 [00:51<00:00,  3.61it/s]
{'epoch': 172, 'rec_avg_loss': '0.4324', 'joint_avg_loss': '1.0075', 'cl_avg_loss': '5.7518', 'itemcl_loss': '0.0000', 'cl_pair_0_loss': '5.7518'}
Recommendation EP_test:172: 100%|| 35/35 [00:08<00:00,  4.30it/s]
{'Epoch': 172, 'name': 'high_freq', 'HIT@5': '0.0346', 'NDCG@5': '0.0223', 'HIT@10': '0.0559', 'NDCG@10': '0.0291', 'HIT@20': '0.0879', 'NDCG@20': '0.0372'}
{'Epoch': 172, 'name': 'mid_freq', 'HIT@5': '0.0072', 'NDCG@5': '0.0046', 'HIT@10': '0.0108', 'NDCG@10': '0.0058', 'HIT@20': '0.0171', 'NDCG@20': '0.0074'}
{'Epoch': 172, 'name': 'low_freq', 'HIT@5': '0.0072', 'NDCG@5': '0.0057', 'HIT@10': '0.0086', 'NDCG@10': '0.0061', 'HIT@20': '0.0106', 'NDCG@20': '0.0066'}
{'Epoch': 172, 'name': 'all', 'HIT@5': '0.0259', 'NDCG@5': '0.0168', 'HIT@10': '0.0412', 'NDCG@10': '0.0217', 'HIT@20': '0.0645', 'NDCG@20': '0.0276'}
EarlyStopping counter: 2 out of 40
rec dataset length: 186
100%|█████████████████████████████████████████████████████████████████████████████████████████████████████████████████████████████████████████████████████████| 186/186 [00:51<00:00,  3.61it/s]
{'epoch': 173, 'rec_avg_loss': '0.4336', 'joint_avg_loss': '1.0093', 'cl_avg_loss': '5.7575', 'itemcl_loss': '0.0000', 'cl_pair_0_loss': '5.7575'}
Recommendation EP_test:173: 100%|| 35/35 [00:08<00:00,  4.24it/s]
{'Epoch': 173, 'name': 'high_freq', 'HIT@5': '0.0348', 'NDCG@5': '0.0222', 'HIT@10': '0.0558', 'NDCG@10': '0.0290', 'HIT@20': '0.0889', 'NDCG@20': '0.0373'}
{'Epoch': 173, 'name': 'mid_freq', 'HIT@5': '0.0076', 'NDCG@5': '0.0049', 'HIT@10': '0.0118', 'NDCG@10': '0.0062', 'HIT@20': '0.0162', 'NDCG@20': '0.0073'}
{'Epoch': 173, 'name': 'low_freq', 'HIT@5': '0.0070', 'NDCG@5': '0.0054', 'HIT@10': '0.0084', 'NDCG@10': '0.0058', 'HIT@20': '0.0102', 'NDCG@20': '0.0063'}
{'Epoch': 173, 'name': 'all', 'HIT@5': '0.0260', 'NDCG@5': '0.0168', 'HIT@10': '0.0413', 'NDCG@10': '0.0217', 'HIT@20': '0.0649', 'NDCG@20': '0.0276'}
EarlyStopping counter: 3 out of 40
rec dataset length: 186
100%|█████████████████████████████████████████████████████████████████████████████████████████████████████████████████████████████████████████████████████████| 186/186 [00:51<00:00,  3.63it/s]
{'epoch': 174, 'rec_avg_loss': '0.4335', 'joint_avg_loss': '1.0084', 'cl_avg_loss': '5.7491', 'itemcl_loss': '0.0000', 'cl_pair_0_loss': '5.7491'}
Recommendation EP_test:174: 100%|| 35/35 [00:08<00:00,  4.30it/s]
{'Epoch': 174, 'name': 'high_freq', 'HIT@5': '0.0349', 'NDCG@5': '0.0228', 'HIT@10': '0.0572', 'NDCG@10': '0.0299', 'HIT@20': '0.0894', 'NDCG@20': '0.0380'}
{'Epoch': 174, 'name': 'mid_freq', 'HIT@5': '0.0078', 'NDCG@5': '0.0054', 'HIT@10': '0.0109', 'NDCG@10': '0.0065', 'HIT@20': '0.0164', 'NDCG@20': '0.0078'}
{'Epoch': 174, 'name': 'low_freq', 'HIT@5': '0.0066', 'NDCG@5': '0.0051', 'HIT@10': '0.0086', 'NDCG@10': '0.0057', 'HIT@20': '0.0111', 'NDCG@20': '0.0064'}
{'Epoch': 174, 'name': 'all', 'HIT@5': '0.0260', 'NDCG@5': '0.0172', 'HIT@10': '0.0421', 'NDCG@10': '0.0223', 'HIT@20': '0.0654', 'NDCG@20': '0.0282'}
EarlyStopping counter: 4 out of 40
rec dataset length: 186
100%|█████████████████████████████████████████████████████████████████████████████████████████████████████████████████████████████████████████████████████████| 186/186 [00:51<00:00,  3.60it/s]
{'epoch': 175, 'rec_avg_loss': '0.4324', 'joint_avg_loss': '1.0066', 'cl_avg_loss': '5.7423', 'itemcl_loss': '0.0000', 'cl_pair_0_loss': '5.7423'}
Recommendation EP_test:175: 100%|| 35/35 [00:08<00:00,  4.35it/s]
{'Epoch': 175, 'name': 'high_freq', 'HIT@5': '0.0348', 'NDCG@5': '0.0227', 'HIT@10': '0.0546', 'NDCG@10': '0.0291', 'HIT@20': '0.0885', 'NDCG@20': '0.0376'}
{'Epoch': 175, 'name': 'mid_freq', 'HIT@5': '0.0079', 'NDCG@5': '0.0056', 'HIT@10': '0.0115', 'NDCG@10': '0.0068', 'HIT@20': '0.0177', 'NDCG@20': '0.0083'}
{'Epoch': 175, 'name': 'low_freq', 'HIT@5': '0.0070', 'NDCG@5': '0.0054', 'HIT@10': '0.0088', 'NDCG@10': '0.0060', 'HIT@20': '0.0115', 'NDCG@20': '0.0067'}
{'Epoch': 175, 'name': 'all', 'HIT@5': '0.0261', 'NDCG@5': '0.0172', 'HIT@10': '0.0405', 'NDCG@10': '0.0219', 'HIT@20': '0.0651', 'NDCG@20': '0.0280'}
EarlyStopping counter: 5 out of 40
rec dataset length: 186
100%|█████████████████████████████████████████████████████████████████████████████████████████████████████████████████████████████████████████████████████████| 186/186 [00:51<00:00,  3.59it/s]
{'epoch': 176, 'rec_avg_loss': '0.4308', 'joint_avg_loss': '1.0049', 'cl_avg_loss': '5.7403', 'itemcl_loss': '0.0000', 'cl_pair_0_loss': '5.7403'}
Recommendation EP_test:176: 100%|| 35/35 [00:07<00:00,  4.38it/s]
{'Epoch': 176, 'name': 'high_freq', 'HIT@5': '0.0350', 'NDCG@5': '0.0228', 'HIT@10': '0.0567', 'NDCG@10': '0.0298', 'HIT@20': '0.0881', 'NDCG@20': '0.0376'}
{'Epoch': 176, 'name': 'mid_freq', 'HIT@5': '0.0080', 'NDCG@5': '0.0053', 'HIT@10': '0.0126', 'NDCG@10': '0.0068', 'HIT@20': '0.0175', 'NDCG@20': '0.0080'}
{'Epoch': 176, 'name': 'low_freq', 'HIT@5': '0.0068', 'NDCG@5': '0.0057', 'HIT@10': '0.0086', 'NDCG@10': '0.0063', 'HIT@20': '0.0109', 'NDCG@20': '0.0069'}
{'Epoch': 176, 'name': 'all', 'HIT@5': '0.0262', 'NDCG@5': '0.0173', 'HIT@10': '0.0421', 'NDCG@10': '0.0224', 'HIT@20': '0.0647', 'NDCG@20': '0.0280'}
EarlyStopping counter: 6 out of 40
rec dataset length: 186
100%|█████████████████████████████████████████████████████████████████████████████████████████████████████████████████████████████████████████████████████████| 186/186 [00:51<00:00,  3.62it/s]
{'epoch': 177, 'rec_avg_loss': '0.4312', 'joint_avg_loss': '1.0064', 'cl_avg_loss': '5.7521', 'itemcl_loss': '0.0000', 'cl_pair_0_loss': '5.7521'}
Recommendation EP_test:177: 100%|| 35/35 [00:07<00:00,  4.40it/s]
{'Epoch': 177, 'name': 'high_freq', 'HIT@5': '0.0348', 'NDCG@5': '0.0226', 'HIT@10': '0.0569', 'NDCG@10': '0.0297', 'HIT@20': '0.0891', 'NDCG@20': '0.0378'}
{'Epoch': 177, 'name': 'mid_freq', 'HIT@5': '0.0085', 'NDCG@5': '0.0058', 'HIT@10': '0.0122', 'NDCG@10': '0.0070', 'HIT@20': '0.0171', 'NDCG@20': '0.0082'}
{'Epoch': 177, 'name': 'low_freq', 'HIT@5': '0.0072', 'NDCG@5': '0.0057', 'HIT@10': '0.0095', 'NDCG@10': '0.0064', 'HIT@20': '0.0120', 'NDCG@20': '0.0070'}
{'Epoch': 177, 'name': 'all', 'HIT@5': '0.0262', 'NDCG@5': '0.0172', 'HIT@10': '0.0423', 'NDCG@10': '0.0224', 'HIT@20': '0.0655', 'NDCG@20': '0.0282'}
EarlyStopping counter: 7 out of 40
rec dataset length: 186
100%|█████████████████████████████████████████████████████████████████████████████████████████████████████████████████████████████████████████████████████████| 186/186 [00:51<00:00,  3.61it/s]
{'epoch': 178, 'rec_avg_loss': '0.4297', 'joint_avg_loss': '1.0050', 'cl_avg_loss': '5.7525', 'itemcl_loss': '0.0000', 'cl_pair_0_loss': '5.7525'}
Recommendation EP_test:178: 100%|| 35/35 [00:08<00:00,  4.36it/s]
{'Epoch': 178, 'name': 'high_freq', 'HIT@5': '0.0347', 'NDCG@5': '0.0229', 'HIT@10': '0.0577', 'NDCG@10': '0.0303', 'HIT@20': '0.0903', 'NDCG@20': '0.0385'}
{'Epoch': 178, 'name': 'mid_freq', 'HIT@5': '0.0088', 'NDCG@5': '0.0058', 'HIT@10': '0.0109', 'NDCG@10': '0.0065', 'HIT@20': '0.0165', 'NDCG@20': '0.0079'}
{'Epoch': 178, 'name': 'low_freq', 'HIT@5': '0.0068', 'NDCG@5': '0.0051', 'HIT@10': '0.0100', 'NDCG@10': '0.0061', 'HIT@20': '0.0129', 'NDCG@20': '0.0068'}
{'Epoch': 178, 'name': 'all', 'HIT@5': '0.0262', 'NDCG@5': '0.0174', 'HIT@10': '0.0426', 'NDCG@10': '0.0226', 'HIT@20': '0.0663', 'NDCG@20': '0.0286'}
EarlyStopping counter: 8 out of 40
rec dataset length: 186
100%|█████████████████████████████████████████████████████████████████████████████████████████████████████████████████████████████████████████████████████████| 186/186 [00:51<00:00,  3.61it/s]
{'epoch': 179, 'rec_avg_loss': '0.4287', 'joint_avg_loss': '1.0029', 'cl_avg_loss': '5.7420', 'itemcl_loss': '0.0000', 'cl_pair_0_loss': '5.7420'}
Recommendation EP_test:179: 100%|| 35/35 [00:08<00:00,  4.36it/s]
{'Epoch': 179, 'name': 'high_freq', 'HIT@5': '0.0358', 'NDCG@5': '0.0235', 'HIT@10': '0.0558', 'NDCG@10': '0.0299', 'HIT@20': '0.0898', 'NDCG@20': '0.0385'}
{'Epoch': 179, 'name': 'mid_freq', 'HIT@5': '0.0080', 'NDCG@5': '0.0054', 'HIT@10': '0.0109', 'NDCG@10': '0.0064', 'HIT@20': '0.0162', 'NDCG@20': '0.0077'}
{'Epoch': 179, 'name': 'low_freq', 'HIT@5': '0.0059', 'NDCG@5': '0.0047', 'HIT@10': '0.0088', 'NDCG@10': '0.0056', 'HIT@20': '0.0115', 'NDCG@20': '0.0063'}
{'Epoch': 179, 'name': 'all', 'HIT@5': '0.0266', 'NDCG@5': '0.0176', 'HIT@10': '0.0412', 'NDCG@10': '0.0223', 'HIT@20': '0.0657', 'NDCG@20': '0.0285'}
EarlyStopping counter: 9 out of 40
rec dataset length: 186
100%|█████████████████████████████████████████████████████████████████████████████████████████████████████████████████████████████████████████████████████████| 186/186 [00:51<00:00,  3.61it/s]
{'epoch': 180, 'rec_avg_loss': '0.4314', 'joint_avg_loss': '1.0053', 'cl_avg_loss': '5.7394', 'itemcl_loss': '0.0000', 'cl_pair_0_loss': '5.7394'}
Recommendation EP_test:180: 100%|| 35/35 [00:07<00:00,  4.39it/s]
{'Epoch': 180, 'name': 'high_freq', 'HIT@5': '0.0347', 'NDCG@5': '0.0227', 'HIT@10': '0.0562', 'NDCG@10': '0.0296', 'HIT@20': '0.0888', 'NDCG@20': '0.0378'}
{'Epoch': 180, 'name': 'mid_freq', 'HIT@5': '0.0076', 'NDCG@5': '0.0055', 'HIT@10': '0.0102', 'NDCG@10': '0.0064', 'HIT@20': '0.0154', 'NDCG@20': '0.0077'}
{'Epoch': 180, 'name': 'low_freq', 'HIT@5': '0.0068', 'NDCG@5': '0.0049', 'HIT@10': '0.0086', 'NDCG@10': '0.0055', 'HIT@20': '0.0111', 'NDCG@20': '0.0061'}
{'Epoch': 180, 'name': 'all', 'HIT@5': '0.0259', 'NDCG@5': '0.0171', 'HIT@10': '0.0413', 'NDCG@10': '0.0221', 'HIT@20': '0.0648', 'NDCG@20': '0.0280'}
EarlyStopping counter: 10 out of 40
rec dataset length: 186
100%|█████████████████████████████████████████████████████████████████████████████████████████████████████████████████████████████████████████████████████████| 186/186 [00:51<00:00,  3.61it/s]
{'epoch': 181, 'rec_avg_loss': '0.4296', 'joint_avg_loss': '1.0043', 'cl_avg_loss': '5.7473', 'itemcl_loss': '0.0000', 'cl_pair_0_loss': '5.7473'}
Recommendation EP_test:181: 100%|| 35/35 [00:07<00:00,  4.40it/s]
{'Epoch': 181, 'name': 'high_freq', 'HIT@5': '0.0352', 'NDCG@5': '0.0230', 'HIT@10': '0.0558', 'NDCG@10': '0.0296', 'HIT@20': '0.0871', 'NDCG@20': '0.0375'}
{'Epoch': 181, 'name': 'mid_freq', 'HIT@5': '0.0080', 'NDCG@5': '0.0058', 'HIT@10': '0.0102', 'NDCG@10': '0.0065', 'HIT@20': '0.0152', 'NDCG@20': '0.0077'}
{'Epoch': 181, 'name': 'low_freq', 'HIT@5': '0.0068', 'NDCG@5': '0.0051', 'HIT@10': '0.0088', 'NDCG@10': '0.0057', 'HIT@20': '0.0120', 'NDCG@20': '0.0065'}
{'Epoch': 181, 'name': 'all', 'HIT@5': '0.0263', 'NDCG@5': '0.0174', 'HIT@10': '0.0410', 'NDCG@10': '0.0221', 'HIT@20': '0.0637', 'NDCG@20': '0.0278'}
EarlyStopping counter: 11 out of 40
rec dataset length: 186
100%|█████████████████████████████████████████████████████████████████████████████████████████████████████████████████████████████████████████████████████████| 186/186 [00:51<00:00,  3.60it/s]
{'epoch': 182, 'rec_avg_loss': '0.4288', 'joint_avg_loss': '1.0027', 'cl_avg_loss': '5.7396', 'itemcl_loss': '0.0000', 'cl_pair_0_loss': '5.7396'}
Recommendation EP_test:182: 100%|| 35/35 [00:08<00:00,  4.29it/s]
{'Epoch': 182, 'name': 'high_freq', 'HIT@5': '0.0362', 'NDCG@5': '0.0235', 'HIT@10': '0.0567', 'NDCG@10': '0.0301', 'HIT@20': '0.0915', 'NDCG@20': '0.0388'}
{'Epoch': 182, 'name': 'mid_freq', 'HIT@5': '0.0069', 'NDCG@5': '0.0049', 'HIT@10': '0.0092', 'NDCG@10': '0.0056', 'HIT@20': '0.0155', 'NDCG@20': '0.0072'}
{'Epoch': 182, 'name': 'low_freq', 'HIT@5': '0.0072', 'NDCG@5': '0.0052', 'HIT@10': '0.0086', 'NDCG@10': '0.0056', 'HIT@20': '0.0120', 'NDCG@20': '0.0065'}
{'Epoch': 182, 'name': 'all', 'HIT@5': '0.0269', 'NDCG@5': '0.0176', 'HIT@10': '0.0415', 'NDCG@10': '0.0222', 'HIT@20': '0.0668', 'NDCG@20': '0.0286'}
EarlyStopping counter: 12 out of 40
rec dataset length: 186
100%|█████████████████████████████████████████████████████████████████████████████████████████████████████████████████████████████████████████████████████████| 186/186 [00:51<00:00,  3.61it/s]
{'epoch': 183, 'rec_avg_loss': '0.4289', 'joint_avg_loss': '1.0022', 'cl_avg_loss': '5.7329', 'itemcl_loss': '0.0000', 'cl_pair_0_loss': '5.7329'}
Recommendation EP_test:183: 100%|| 35/35 [00:08<00:00,  4.27it/s]
{'Epoch': 183, 'name': 'high_freq', 'HIT@5': '0.0350', 'NDCG@5': '0.0230', 'HIT@10': '0.0555', 'NDCG@10': '0.0296', 'HIT@20': '0.0899', 'NDCG@20': '0.0382'}
{'Epoch': 183, 'name': 'mid_freq', 'HIT@5': '0.0075', 'NDCG@5': '0.0053', 'HIT@10': '0.0102', 'NDCG@10': '0.0061', 'HIT@20': '0.0177', 'NDCG@20': '0.0080'}
{'Epoch': 183, 'name': 'low_freq', 'HIT@5': '0.0070', 'NDCG@5': '0.0054', 'HIT@10': '0.0091', 'NDCG@10': '0.0061', 'HIT@20': '0.0118', 'NDCG@20': '0.0067'}
{'Epoch': 183, 'name': 'all', 'HIT@5': '0.0262', 'NDCG@5': '0.0174', 'HIT@10': '0.0409', 'NDCG@10': '0.0221', 'HIT@20': '0.0661', 'NDCG@20': '0.0284'}
EarlyStopping counter: 13 out of 40
rec dataset length: 186
100%|█████████████████████████████████████████████████████████████████████████████████████████████████████████████████████████████████████████████████████████| 186/186 [00:51<00:00,  3.61it/s]
{'epoch': 184, 'rec_avg_loss': '0.4268', 'joint_avg_loss': '1.0017', 'cl_avg_loss': '5.7496', 'itemcl_loss': '0.0000', 'cl_pair_0_loss': '5.7496'}
Recommendation EP_test:184: 100%|| 35/35 [00:07<00:00,  4.39it/s]
{'Epoch': 184, 'name': 'high_freq', 'HIT@5': '0.0349', 'NDCG@5': '0.0225', 'HIT@10': '0.0568', 'NDCG@10': '0.0296', 'HIT@20': '0.0894', 'NDCG@20': '0.0377'}
{'Epoch': 184, 'name': 'mid_freq', 'HIT@5': '0.0075', 'NDCG@5': '0.0052', 'HIT@10': '0.0103', 'NDCG@10': '0.0061', 'HIT@20': '0.0157', 'NDCG@20': '0.0075'}
{'Epoch': 184, 'name': 'low_freq', 'HIT@5': '0.0070', 'NDCG@5': '0.0055', 'HIT@10': '0.0097', 'NDCG@10': '0.0064', 'HIT@20': '0.0122', 'NDCG@20': '0.0070'}
{'Epoch': 184, 'name': 'all', 'HIT@5': '0.0260', 'NDCG@5': '0.0170', 'HIT@10': '0.0419', 'NDCG@10': '0.0221', 'HIT@20': '0.0654', 'NDCG@20': '0.0280'}
EarlyStopping counter: 14 out of 40
rec dataset length: 186
100%|█████████████████████████████████████████████████████████████████████████████████████████████████████████████████████████████████████████████████████████| 186/186 [00:51<00:00,  3.62it/s]
{'epoch': 185, 'rec_avg_loss': '0.4264', 'joint_avg_loss': '1.0001', 'cl_avg_loss': '5.7377', 'itemcl_loss': '0.0000', 'cl_pair_0_loss': '5.7377'}
Recommendation EP_test:185: 100%|| 35/35 [00:08<00:00,  4.29it/s]
{'Epoch': 185, 'name': 'high_freq', 'HIT@5': '0.0336', 'NDCG@5': '0.0220', 'HIT@10': '0.0548', 'NDCG@10': '0.0289', 'HIT@20': '0.0863', 'NDCG@20': '0.0368'}
{'Epoch': 185, 'name': 'mid_freq', 'HIT@5': '0.0068', 'NDCG@5': '0.0050', 'HIT@10': '0.0101', 'NDCG@10': '0.0061', 'HIT@20': '0.0158', 'NDCG@20': '0.0075'}
{'Epoch': 185, 'name': 'low_freq', 'HIT@5': '0.0070', 'NDCG@5': '0.0056', 'HIT@10': '0.0093', 'NDCG@10': '0.0064', 'HIT@20': '0.0106', 'NDCG@20': '0.0067'}
{'Epoch': 185, 'name': 'all', 'HIT@5': '0.0250', 'NDCG@5': '0.0167', 'HIT@10': '0.0404', 'NDCG@10': '0.0216', 'HIT@20': '0.0631', 'NDCG@20': '0.0273'}
EarlyStopping counter: 15 out of 40
rec dataset length: 186
100%|█████████████████████████████████████████████████████████████████████████████████████████████████████████████████████████████████████████████████████████| 186/186 [00:51<00:00,  3.62it/s]
{'epoch': 186, 'rec_avg_loss': '0.4270', 'joint_avg_loss': '1.0007', 'cl_avg_loss': '5.7371', 'itemcl_loss': '0.0000', 'cl_pair_0_loss': '5.7371'}
Recommendation EP_test:186: 100%|| 35/35 [00:08<00:00,  4.33it/s]
{'Epoch': 186, 'name': 'high_freq', 'HIT@5': '0.0349', 'NDCG@5': '0.0224', 'HIT@10': '0.0552', 'NDCG@10': '0.0289', 'HIT@20': '0.0876', 'NDCG@20': '0.0370'}
{'Epoch': 186, 'name': 'mid_freq', 'HIT@5': '0.0068', 'NDCG@5': '0.0048', 'HIT@10': '0.0106', 'NDCG@10': '0.0060', 'HIT@20': '0.0152', 'NDCG@20': '0.0072'}
{'Epoch': 186, 'name': 'low_freq', 'HIT@5': '0.0066', 'NDCG@5': '0.0051', 'HIT@10': '0.0086', 'NDCG@10': '0.0058', 'HIT@20': '0.0118', 'NDCG@20': '0.0066'}
{'Epoch': 186, 'name': 'all', 'HIT@5': '0.0259', 'NDCG@5': '0.0168', 'HIT@10': '0.0407', 'NDCG@10': '0.0215', 'HIT@20': '0.0640', 'NDCG@20': '0.0274'}
EarlyStopping counter: 16 out of 40
rec dataset length: 186
100%|█████████████████████████████████████████████████████████████████████████████████████████████████████████████████████████████████████████████████████████| 186/186 [00:51<00:00,  3.60it/s]
{'epoch': 187, 'rec_avg_loss': '0.4242', 'joint_avg_loss': '0.9982', 'cl_avg_loss': '5.7394', 'itemcl_loss': '0.0000', 'cl_pair_0_loss': '5.7394'}
Recommendation EP_test:187: 100%|| 35/35 [00:08<00:00,  4.27it/s]
{'Epoch': 187, 'name': 'high_freq', 'HIT@5': '0.0353', 'NDCG@5': '0.0227', 'HIT@10': '0.0577', 'NDCG@10': '0.0299', 'HIT@20': '0.0878', 'NDCG@20': '0.0375'}
{'Epoch': 187, 'name': 'mid_freq', 'HIT@5': '0.0076', 'NDCG@5': '0.0050', 'HIT@10': '0.0096', 'NDCG@10': '0.0057', 'HIT@20': '0.0149', 'NDCG@20': '0.0070'}
{'Epoch': 187, 'name': 'low_freq', 'HIT@5': '0.0063', 'NDCG@5': '0.0052', 'HIT@10': '0.0093', 'NDCG@10': '0.0061', 'HIT@20': '0.0122', 'NDCG@20': '0.0068'}
{'Epoch': 187, 'name': 'all', 'HIT@5': '0.0263', 'NDCG@5': '0.0171', 'HIT@10': '0.0423', 'NDCG@10': '0.0222', 'HIT@20': '0.0642', 'NDCG@20': '0.0277'}
EarlyStopping counter: 17 out of 40
rec dataset length: 186
100%|█████████████████████████████████████████████████████████████████████████████████████████████████████████████████████████████████████████████████████████| 186/186 [00:51<00:00,  3.61it/s]
{'epoch': 188, 'rec_avg_loss': '0.4280', 'joint_avg_loss': '1.0021', 'cl_avg_loss': '5.7405', 'itemcl_loss': '0.0000', 'cl_pair_0_loss': '5.7405'}
Recommendation EP_test:188: 100%|| 35/35 [00:07<00:00,  4.40it/s]
{'Epoch': 188, 'name': 'high_freq', 'HIT@5': '0.0351', 'NDCG@5': '0.0227', 'HIT@10': '0.0564', 'NDCG@10': '0.0295', 'HIT@20': '0.0885', 'NDCG@20': '0.0375'}
{'Epoch': 188, 'name': 'mid_freq', 'HIT@5': '0.0073', 'NDCG@5': '0.0053', 'HIT@10': '0.0113', 'NDCG@10': '0.0065', 'HIT@20': '0.0162', 'NDCG@20': '0.0078'}
{'Epoch': 188, 'name': 'low_freq', 'HIT@5': '0.0063', 'NDCG@5': '0.0052', 'HIT@10': '0.0086', 'NDCG@10': '0.0059', 'HIT@20': '0.0104', 'NDCG@20': '0.0064'}
{'Epoch': 188, 'name': 'all', 'HIT@5': '0.0261', 'NDCG@5': '0.0171', 'HIT@10': '0.0416', 'NDCG@10': '0.0221', 'HIT@20': '0.0646', 'NDCG@20': '0.0279'}
EarlyStopping counter: 18 out of 40
rec dataset length: 186
100%|█████████████████████████████████████████████████████████████████████████████████████████████████████████████████████████████████████████████████████████| 186/186 [00:51<00:00,  3.61it/s]
{'epoch': 189, 'rec_avg_loss': '0.4258', 'joint_avg_loss': '0.9993', 'cl_avg_loss': '5.7348', 'itemcl_loss': '0.0000', 'cl_pair_0_loss': '5.7348'}
Recommendation EP_test:189: 100%|| 35/35 [00:07<00:00,  4.47it/s]
{'Epoch': 189, 'name': 'high_freq', 'HIT@5': '0.0358', 'NDCG@5': '0.0232', 'HIT@10': '0.0580', 'NDCG@10': '0.0303', 'HIT@20': '0.0906', 'NDCG@20': '0.0385'}
{'Epoch': 189, 'name': 'mid_freq', 'HIT@5': '0.0076', 'NDCG@5': '0.0052', 'HIT@10': '0.0103', 'NDCG@10': '0.0060', 'HIT@20': '0.0154', 'NDCG@20': '0.0073'}
{'Epoch': 189, 'name': 'low_freq', 'HIT@5': '0.0063', 'NDCG@5': '0.0048', 'HIT@10': '0.0086', 'NDCG@10': '0.0056', 'HIT@20': '0.0111', 'NDCG@20': '0.0062'}
{'Epoch': 189, 'name': 'all', 'HIT@5': '0.0266', 'NDCG@5': '0.0174', 'HIT@10': '0.0426', 'NDCG@10': '0.0225', 'HIT@20': '0.0660', 'NDCG@20': '0.0284'}
EarlyStopping counter: 19 out of 40
rec dataset length: 186
100%|█████████████████████████████████████████████████████████████████████████████████████████████████████████████████████████████████████████████████████████| 186/186 [00:51<00:00,  3.61it/s]
{'epoch': 190, 'rec_avg_loss': '0.4236', 'joint_avg_loss': '0.9969', 'cl_avg_loss': '5.7328', 'itemcl_loss': '0.0000', 'cl_pair_0_loss': '5.7328'}
Recommendation EP_test:190: 100%|| 35/35 [00:07<00:00,  4.43it/s]
{'Epoch': 190, 'name': 'high_freq', 'HIT@5': '0.0349', 'NDCG@5': '0.0224', 'HIT@10': '0.0567', 'NDCG@10': '0.0294', 'HIT@20': '0.0891', 'NDCG@20': '0.0375'}
{'Epoch': 190, 'name': 'mid_freq', 'HIT@5': '0.0082', 'NDCG@5': '0.0054', 'HIT@10': '0.0111', 'NDCG@10': '0.0063', 'HIT@20': '0.0168', 'NDCG@20': '0.0078'}
{'Epoch': 190, 'name': 'low_freq', 'HIT@5': '0.0070', 'NDCG@5': '0.0054', 'HIT@10': '0.0095', 'NDCG@10': '0.0062', 'HIT@20': '0.0120', 'NDCG@20': '0.0068'}
{'Epoch': 190, 'name': 'all', 'HIT@5': '0.0262', 'NDCG@5': '0.0170', 'HIT@10': '0.0419', 'NDCG@10': '0.0220', 'HIT@20': '0.0654', 'NDCG@20': '0.0279'}
EarlyStopping counter: 20 out of 40
rec dataset length: 186
100%|█████████████████████████████████████████████████████████████████████████████████████████████████████████████████████████████████████████████████████████| 186/186 [00:51<00:00,  3.60it/s]
{'epoch': 191, 'rec_avg_loss': '0.4249', 'joint_avg_loss': '0.9977', 'cl_avg_loss': '5.7282', 'itemcl_loss': '0.0000', 'cl_pair_0_loss': '5.7282'}
Recommendation EP_test:191: 100%|| 35/35 [00:07<00:00,  4.48it/s]
{'Epoch': 191, 'name': 'high_freq', 'HIT@5': '0.0353', 'NDCG@5': '0.0234', 'HIT@10': '0.0567', 'NDCG@10': '0.0303', 'HIT@20': '0.0899', 'NDCG@20': '0.0386'}
{'Epoch': 191, 'name': 'mid_freq', 'HIT@5': '0.0076', 'NDCG@5': '0.0054', 'HIT@10': '0.0112', 'NDCG@10': '0.0065', 'HIT@20': '0.0167', 'NDCG@20': '0.0079'}
{'Epoch': 191, 'name': 'low_freq', 'HIT@5': '0.0066', 'NDCG@5': '0.0053', 'HIT@10': '0.0100', 'NDCG@10': '0.0063', 'HIT@20': '0.0120', 'NDCG@20': '0.0069'}
{'Epoch': 191, 'name': 'all', 'HIT@5': '0.0263', 'NDCG@5': '0.0177', 'HIT@10': '0.0420', 'NDCG@10': '0.0227', 'HIT@20': '0.0659', 'NDCG@20': '0.0287'}
EarlyStopping counter: 21 out of 40
rec dataset length: 186
100%|█████████████████████████████████████████████████████████████████████████████████████████████████████████████████████████████████████████████████████████| 186/186 [00:51<00:00,  3.59it/s]
{'epoch': 192, 'rec_avg_loss': '0.4228', 'joint_avg_loss': '0.9964', 'cl_avg_loss': '5.7358', 'itemcl_loss': '0.0000', 'cl_pair_0_loss': '5.7358'}
Recommendation EP_test:192: 100%|| 35/35 [00:07<00:00,  4.42it/s]
{'Epoch': 192, 'name': 'high_freq', 'HIT@5': '0.0346', 'NDCG@5': '0.0229', 'HIT@10': '0.0557', 'NDCG@10': '0.0297', 'HIT@20': '0.0902', 'NDCG@20': '0.0383'}
{'Epoch': 192, 'name': 'mid_freq', 'HIT@5': '0.0079', 'NDCG@5': '0.0053', 'HIT@10': '0.0109', 'NDCG@10': '0.0063', 'HIT@20': '0.0171', 'NDCG@20': '0.0078'}
{'Epoch': 192, 'name': 'low_freq', 'HIT@5': '0.0070', 'NDCG@5': '0.0054', 'HIT@10': '0.0100', 'NDCG@10': '0.0064', 'HIT@20': '0.0122', 'NDCG@20': '0.0069'}
{'Epoch': 192, 'name': 'all', 'HIT@5': '0.0259', 'NDCG@5': '0.0173', 'HIT@10': '0.0413', 'NDCG@10': '0.0222', 'HIT@20': '0.0662', 'NDCG@20': '0.0285'}
EarlyStopping counter: 22 out of 40
rec dataset length: 186
100%|█████████████████████████████████████████████████████████████████████████████████████████████████████████████████████████████████████████████████████████| 186/186 [00:51<00:00,  3.60it/s]
{'epoch': 193, 'rec_avg_loss': '0.4212', 'joint_avg_loss': '0.9943', 'cl_avg_loss': '5.7314', 'itemcl_loss': '0.0000', 'cl_pair_0_loss': '5.7314'}
Recommendation EP_test:193: 100%|| 35/35 [00:07<00:00,  4.39it/s]
{'Epoch': 193, 'name': 'high_freq', 'HIT@5': '0.0365', 'NDCG@5': '0.0236', 'HIT@10': '0.0574', 'NDCG@10': '0.0303', 'HIT@20': '0.0885', 'NDCG@20': '0.0381'}
{'Epoch': 193, 'name': 'mid_freq', 'HIT@5': '0.0082', 'NDCG@5': '0.0055', 'HIT@10': '0.0118', 'NDCG@10': '0.0066', 'HIT@20': '0.0175', 'NDCG@20': '0.0081'}
{'Epoch': 193, 'name': 'low_freq', 'HIT@5': '0.0068', 'NDCG@5': '0.0054', 'HIT@10': '0.0091', 'NDCG@10': '0.0061', 'HIT@20': '0.0122', 'NDCG@20': '0.0069'}
{'Epoch': 193, 'name': 'all', 'HIT@5': '0.0272', 'NDCG@5': '0.0178', 'HIT@10': '0.0424', 'NDCG@10': '0.0226', 'HIT@20': '0.0651', 'NDCG@20': '0.0283'}
EarlyStopping counter: 23 out of 40
rec dataset length: 186
100%|█████████████████████████████████████████████████████████████████████████████████████████████████████████████████████████████████████████████████████████| 186/186 [00:51<00:00,  3.60it/s]
{'epoch': 194, 'rec_avg_loss': '0.4223', 'joint_avg_loss': '0.9956', 'cl_avg_loss': '5.7328', 'itemcl_loss': '0.0000', 'cl_pair_0_loss': '5.7328'}
Recommendation EP_test:194: 100%|| 35/35 [00:07<00:00,  4.43it/s]
{'Epoch': 194, 'name': 'high_freq', 'HIT@5': '0.0345', 'NDCG@5': '0.0225', 'HIT@10': '0.0563', 'NDCG@10': '0.0295', 'HIT@20': '0.0877', 'NDCG@20': '0.0374'}
{'Epoch': 194, 'name': 'mid_freq', 'HIT@5': '0.0080', 'NDCG@5': '0.0054', 'HIT@10': '0.0116', 'NDCG@10': '0.0066', 'HIT@20': '0.0171', 'NDCG@20': '0.0080'}
{'Epoch': 194, 'name': 'low_freq', 'HIT@5': '0.0070', 'NDCG@5': '0.0057', 'HIT@10': '0.0100', 'NDCG@10': '0.0066', 'HIT@20': '0.0122', 'NDCG@20': '0.0072'}
{'Epoch': 194, 'name': 'all', 'HIT@5': '0.0259', 'NDCG@5': '0.0171', 'HIT@10': '0.0418', 'NDCG@10': '0.0222', 'HIT@20': '0.0645', 'NDCG@20': '0.0279'}
EarlyStopping counter: 24 out of 40
rec dataset length: 186
100%|█████████████████████████████████████████████████████████████████████████████████████████████████████████████████████████████████████████████████████████| 186/186 [00:51<00:00,  3.60it/s]
{'epoch': 195, 'rec_avg_loss': '0.4240', 'joint_avg_loss': '0.9975', 'cl_avg_loss': '5.7356', 'itemcl_loss': '0.0000', 'cl_pair_0_loss': '5.7356'}
Recommendation EP_test:195: 100%|| 35/35 [00:08<00:00,  4.36it/s]
{'Epoch': 195, 'name': 'high_freq', 'HIT@5': '0.0361', 'NDCG@5': '0.0234', 'HIT@10': '0.0571', 'NDCG@10': '0.0301', 'HIT@20': '0.0887', 'NDCG@20': '0.0381'}
{'Epoch': 195, 'name': 'mid_freq', 'HIT@5': '0.0083', 'NDCG@5': '0.0058', 'HIT@10': '0.0118', 'NDCG@10': '0.0068', 'HIT@20': '0.0168', 'NDCG@20': '0.0081'}
{'Epoch': 195, 'name': 'low_freq', 'HIT@5': '0.0072', 'NDCG@5': '0.0057', 'HIT@10': '0.0100', 'NDCG@10': '0.0065', 'HIT@20': '0.0129', 'NDCG@20': '0.0073'}
{'Epoch': 195, 'name': 'all', 'HIT@5': '0.0271', 'NDCG@5': '0.0177', 'HIT@10': '0.0424', 'NDCG@10': '0.0227', 'HIT@20': '0.0652', 'NDCG@20': '0.0284'}
EarlyStopping counter: 25 out of 40
rec dataset length: 186
100%|█████████████████████████████████████████████████████████████████████████████████████████████████████████████████████████████████████████████████████████| 186/186 [00:51<00:00,  3.61it/s]
{'epoch': 196, 'rec_avg_loss': '0.4231', 'joint_avg_loss': '0.9960', 'cl_avg_loss': '5.7286', 'itemcl_loss': '0.0000', 'cl_pair_0_loss': '5.7286'}
Recommendation EP_test:196: 100%|| 35/35 [00:08<00:00,  4.31it/s]
{'Epoch': 196, 'name': 'high_freq', 'HIT@5': '0.0352', 'NDCG@5': '0.0230', 'HIT@10': '0.0570', 'NDCG@10': '0.0300', 'HIT@20': '0.0889', 'NDCG@20': '0.0380'}
{'Epoch': 196, 'name': 'mid_freq', 'HIT@5': '0.0075', 'NDCG@5': '0.0054', 'HIT@10': '0.0111', 'NDCG@10': '0.0065', 'HIT@20': '0.0168', 'NDCG@20': '0.0080'}
{'Epoch': 196, 'name': 'low_freq', 'HIT@5': '0.0077', 'NDCG@5': '0.0057', 'HIT@10': '0.0091', 'NDCG@10': '0.0061', 'HIT@20': '0.0122', 'NDCG@20': '0.0069'}
{'Epoch': 196, 'name': 'all', 'HIT@5': '0.0264', 'NDCG@5': '0.0174', 'HIT@10': '0.0421', 'NDCG@10': '0.0225', 'HIT@20': '0.0653', 'NDCG@20': '0.0283'}
EarlyStopping counter: 26 out of 40
rec dataset length: 186
100%|█████████████████████████████████████████████████████████████████████████████████████████████████████████████████████████████████████████████████████████| 186/186 [00:51<00:00,  3.61it/s]
{'epoch': 197, 'rec_avg_loss': '0.4199', 'joint_avg_loss': '0.9918', 'cl_avg_loss': '5.7197', 'itemcl_loss': '0.0000', 'cl_pair_0_loss': '5.7197'}
Recommendation EP_test:197: 100%|| 35/35 [00:08<00:00,  4.22it/s]
{'Epoch': 197, 'name': 'high_freq', 'HIT@5': '0.0352', 'NDCG@5': '0.0231', 'HIT@10': '0.0547', 'NDCG@10': '0.0293', 'HIT@20': '0.0865', 'NDCG@20': '0.0373'}
{'Epoch': 197, 'name': 'mid_freq', 'HIT@5': '0.0088', 'NDCG@5': '0.0057', 'HIT@10': '0.0122', 'NDCG@10': '0.0068', 'HIT@20': '0.0165', 'NDCG@20': '0.0079'}
{'Epoch': 197, 'name': 'low_freq', 'HIT@5': '0.0077', 'NDCG@5': '0.0054', 'HIT@10': '0.0095', 'NDCG@10': '0.0060', 'HIT@20': '0.0129', 'NDCG@20': '0.0069'}
{'Epoch': 197, 'name': 'all', 'HIT@5': '0.0266', 'NDCG@5': '0.0175', 'HIT@10': '0.0408', 'NDCG@10': '0.0220', 'HIT@20': '0.0637', 'NDCG@20': '0.0278'}
EarlyStopping counter: 27 out of 40
rec dataset length: 186
100%|█████████████████████████████████████████████████████████████████████████████████████████████████████████████████████████████████████████████████████████| 186/186 [00:51<00:00,  3.60it/s]
{'epoch': 198, 'rec_avg_loss': '0.4205', 'joint_avg_loss': '0.9932', 'cl_avg_loss': '5.7276', 'itemcl_loss': '0.0000', 'cl_pair_0_loss': '5.7276'}
Recommendation EP_test:198: 100%|| 35/35 [00:08<00:00,  4.33it/s]
{'Epoch': 198, 'name': 'high_freq', 'HIT@5': '0.0350', 'NDCG@5': '0.0230', 'HIT@10': '0.0560', 'NDCG@10': '0.0297', 'HIT@20': '0.0894', 'NDCG@20': '0.0381'}
{'Epoch': 198, 'name': 'mid_freq', 'HIT@5': '0.0086', 'NDCG@5': '0.0053', 'HIT@10': '0.0109', 'NDCG@10': '0.0061', 'HIT@20': '0.0174', 'NDCG@20': '0.0077'}
{'Epoch': 198, 'name': 'low_freq', 'HIT@5': '0.0075', 'NDCG@5': '0.0055', 'HIT@10': '0.0104', 'NDCG@10': '0.0064', 'HIT@20': '0.0120', 'NDCG@20': '0.0068'}
{'Epoch': 198, 'name': 'all', 'HIT@5': '0.0264', 'NDCG@5': '0.0173', 'HIT@10': '0.0415', 'NDCG@10': '0.0222', 'HIT@20': '0.0657', 'NDCG@20': '0.0282'}
EarlyStopping counter: 28 out of 40
rec dataset length: 186
100%|█████████████████████████████████████████████████████████████████████████████████████████████████████████████████████████████████████████████████████████| 186/186 [00:51<00:00,  3.60it/s]
{'epoch': 199, 'rec_avg_loss': '0.4210', 'joint_avg_loss': '0.9935', 'cl_avg_loss': '5.7250', 'itemcl_loss': '0.0000', 'cl_pair_0_loss': '5.7250'}
Recommendation EP_test:199: 100%|| 35/35 [00:08<00:00,  4.10it/s]
{'Epoch': 199, 'name': 'high_freq', 'HIT@5': '0.0346', 'NDCG@5': '0.0225', 'HIT@10': '0.0569', 'NDCG@10': '0.0297', 'HIT@20': '0.0899', 'NDCG@20': '0.0379'}
{'Epoch': 199, 'name': 'mid_freq', 'HIT@5': '0.0085', 'NDCG@5': '0.0058', 'HIT@10': '0.0121', 'NDCG@10': '0.0070', 'HIT@20': '0.0171', 'NDCG@20': '0.0082'}
{'Epoch': 199, 'name': 'low_freq', 'HIT@5': '0.0077', 'NDCG@5': '0.0056', 'HIT@10': '0.0093', 'NDCG@10': '0.0061', 'HIT@20': '0.0118', 'NDCG@20': '0.0067'}
{'Epoch': 199, 'name': 'all', 'HIT@5': '0.0261', 'NDCG@5': '0.0171', 'HIT@10': '0.0422', 'NDCG@10': '0.0223', 'HIT@20': '0.0659', 'NDCG@20': '0.0283'}
EarlyStopping counter: 29 out of 40
rec dataset length: 186
100%|█████████████████████████████████████████████████████████████████████████████████████████████████████████████████████████████████████████████████████████| 186/186 [00:51<00:00,  3.61it/s]
{'epoch': 200, 'rec_avg_loss': '0.4215', 'joint_avg_loss': '0.9941', 'cl_avg_loss': '5.7255', 'itemcl_loss': '0.0000', 'cl_pair_0_loss': '5.7255'}
Recommendation EP_test:200: 100%|| 35/35 [00:08<00:00,  4.33it/s]
{'Epoch': 200, 'name': 'high_freq', 'HIT@5': '0.0355', 'NDCG@5': '0.0233', 'HIT@10': '0.0569', 'NDCG@10': '0.0302', 'HIT@20': '0.0894', 'NDCG@20': '0.0384'}
{'Epoch': 200, 'name': 'mid_freq', 'HIT@5': '0.0078', 'NDCG@5': '0.0050', 'HIT@10': '0.0108', 'NDCG@10': '0.0060', 'HIT@20': '0.0162', 'NDCG@20': '0.0074'}
{'Epoch': 200, 'name': 'low_freq', 'HIT@5': '0.0070', 'NDCG@5': '0.0052', 'HIT@10': '0.0088', 'NDCG@10': '0.0058', 'HIT@20': '0.0122', 'NDCG@20': '0.0067'}
{'Epoch': 200, 'name': 'all', 'HIT@5': '0.0265', 'NDCG@5': '0.0175', 'HIT@10': '0.0419', 'NDCG@10': '0.0224', 'HIT@20': '0.0655', 'NDCG@20': '0.0284'}
EarlyStopping counter: 30 out of 40
rec dataset length: 186
100%|█████████████████████████████████████████████████████████████████████████████████████████████████████████████████████████████████████████████████████████| 186/186 [00:51<00:00,  3.62it/s]
{'epoch': 201, 'rec_avg_loss': '0.4204', 'joint_avg_loss': '0.9929', 'cl_avg_loss': '5.7245', 'itemcl_loss': '0.0000', 'cl_pair_0_loss': '5.7245'}
Recommendation EP_test:201: 100%|| 35/35 [00:08<00:00,  4.29it/s]
{'Epoch': 201, 'name': 'high_freq', 'HIT@5': '0.0350', 'NDCG@5': '0.0232', 'HIT@10': '0.0560', 'NDCG@10': '0.0300', 'HIT@20': '0.0888', 'NDCG@20': '0.0382'}
{'Epoch': 201, 'name': 'mid_freq', 'HIT@5': '0.0080', 'NDCG@5': '0.0053', 'HIT@10': '0.0112', 'NDCG@10': '0.0063', 'HIT@20': '0.0158', 'NDCG@20': '0.0075'}
{'Epoch': 201, 'name': 'low_freq', 'HIT@5': '0.0079', 'NDCG@5': '0.0058', 'HIT@10': '0.0095', 'NDCG@10': '0.0063', 'HIT@20': '0.0118', 'NDCG@20': '0.0069'}
{'Epoch': 201, 'name': 'all', 'HIT@5': '0.0263', 'NDCG@5': '0.0175', 'HIT@10': '0.0415', 'NDCG@10': '0.0224', 'HIT@20': '0.0649', 'NDCG@20': '0.0283'}
EarlyStopping counter: 31 out of 40
rec dataset length: 186
100%|█████████████████████████████████████████████████████████████████████████████████████████████████████████████████████████████████████████████████████████| 186/186 [00:51<00:00,  3.59it/s]
{'epoch': 202, 'rec_avg_loss': '0.4188', 'joint_avg_loss': '0.9903', 'cl_avg_loss': '5.7152', 'itemcl_loss': '0.0000', 'cl_pair_0_loss': '5.7152'}
Recommendation EP_test:202: 100%|| 35/35 [00:07<00:00,  4.43it/s]
{'Epoch': 202, 'name': 'high_freq', 'HIT@5': '0.0368', 'NDCG@5': '0.0242', 'HIT@10': '0.0587', 'NDCG@10': '0.0313', 'HIT@20': '0.0896', 'NDCG@20': '0.0390'}
{'Epoch': 202, 'name': 'mid_freq', 'HIT@5': '0.0079', 'NDCG@5': '0.0053', 'HIT@10': '0.0103', 'NDCG@10': '0.0061', 'HIT@20': '0.0154', 'NDCG@20': '0.0073'}
{'Epoch': 202, 'name': 'low_freq', 'HIT@5': '0.0072', 'NDCG@5': '0.0057', 'HIT@10': '0.0097', 'NDCG@10': '0.0066', 'HIT@20': '0.0111', 'NDCG@20': '0.0069'}
{'Epoch': 202, 'name': 'all', 'HIT@5': '0.0275', 'NDCG@5': '0.0182', 'HIT@10': '0.0431', 'NDCG@10': '0.0233', 'HIT@20': '0.0654', 'NDCG@20': '0.0288'}
Validation score increased.  Saving model ...
rec dataset length: 186
100%|█████████████████████████████████████████████████████████████████████████████████████████████████████████████████████████████████████████████████████████| 186/186 [00:51<00:00,  3.61it/s]
{'epoch': 203, 'rec_avg_loss': '0.4216', 'joint_avg_loss': '0.9938', 'cl_avg_loss': '5.7222', 'itemcl_loss': '0.0000', 'cl_pair_0_loss': '5.7222'}
Recommendation EP_test:203: 100%|| 35/35 [00:07<00:00,  4.47it/s]
{'Epoch': 203, 'name': 'high_freq', 'HIT@5': '0.0365', 'NDCG@5': '0.0236', 'HIT@10': '0.0562', 'NDCG@10': '0.0300', 'HIT@20': '0.0882', 'NDCG@20': '0.0380'}
{'Epoch': 203, 'name': 'mid_freq', 'HIT@5': '0.0075', 'NDCG@5': '0.0052', 'HIT@10': '0.0109', 'NDCG@10': '0.0064', 'HIT@20': '0.0168', 'NDCG@20': '0.0079'}
{'Epoch': 203, 'name': 'low_freq', 'HIT@5': '0.0072', 'NDCG@5': '0.0057', 'HIT@10': '0.0102', 'NDCG@10': '0.0067', 'HIT@20': '0.0118', 'NDCG@20': '0.0071'}
{'Epoch': 203, 'name': 'all', 'HIT@5': '0.0272', 'NDCG@5': '0.0178', 'HIT@10': '0.0417', 'NDCG@10': '0.0225', 'HIT@20': '0.0647', 'NDCG@20': '0.0282'}
EarlyStopping counter: 1 out of 40
rec dataset length: 186
100%|█████████████████████████████████████████████████████████████████████████████████████████████████████████████████████████████████████████████████████████| 186/186 [00:51<00:00,  3.61it/s]
{'epoch': 204, 'rec_avg_loss': '0.4140', 'joint_avg_loss': '0.9866', 'cl_avg_loss': '5.7263', 'itemcl_loss': '0.0000', 'cl_pair_0_loss': '5.7263'}
Recommendation EP_test:204: 100%|| 35/35 [00:07<00:00,  4.44it/s]
{'Epoch': 204, 'name': 'high_freq', 'HIT@5': '0.0368', 'NDCG@5': '0.0237', 'HIT@10': '0.0578', 'NDCG@10': '0.0304', 'HIT@20': '0.0889', 'NDCG@20': '0.0383'}
{'Epoch': 204, 'name': 'mid_freq', 'HIT@5': '0.0072', 'NDCG@5': '0.0050', 'HIT@10': '0.0103', 'NDCG@10': '0.0061', 'HIT@20': '0.0158', 'NDCG@20': '0.0074'}
{'Epoch': 204, 'name': 'low_freq', 'HIT@5': '0.0079', 'NDCG@5': '0.0061', 'HIT@10': '0.0095', 'NDCG@10': '0.0066', 'HIT@20': '0.0127', 'NDCG@20': '0.0074'}
{'Epoch': 204, 'name': 'all', 'HIT@5': '0.0274', 'NDCG@5': '0.0178', 'HIT@10': '0.0425', 'NDCG@10': '0.0227', 'HIT@20': '0.0651', 'NDCG@20': '0.0284'}
EarlyStopping counter: 2 out of 40
rec dataset length: 186
100%|█████████████████████████████████████████████████████████████████████████████████████████████████████████████████████████████████████████████████████████| 186/186 [00:51<00:00,  3.60it/s]
{'epoch': 205, 'rec_avg_loss': '0.4163', 'joint_avg_loss': '0.9895', 'cl_avg_loss': '5.7323', 'itemcl_loss': '0.0000', 'cl_pair_0_loss': '5.7323'}
Recommendation EP_test:205: 100%|| 35/35 [00:07<00:00,  4.38it/s]
{'Epoch': 205, 'name': 'high_freq', 'HIT@5': '0.0375', 'NDCG@5': '0.0240', 'HIT@10': '0.0589', 'NDCG@10': '0.0309', 'HIT@20': '0.0914', 'NDCG@20': '0.0390'}
{'Epoch': 205, 'name': 'mid_freq', 'HIT@5': '0.0070', 'NDCG@5': '0.0049', 'HIT@10': '0.0106', 'NDCG@10': '0.0061', 'HIT@20': '0.0161', 'NDCG@20': '0.0074'}
{'Epoch': 205, 'name': 'low_freq', 'HIT@5': '0.0079', 'NDCG@5': '0.0058', 'HIT@10': '0.0091', 'NDCG@10': '0.0062', 'HIT@20': '0.0122', 'NDCG@20': '0.0070'}
{'Epoch': 205, 'name': 'all', 'HIT@5': '0.0278', 'NDCG@5': '0.0180', 'HIT@10': '0.0433', 'NDCG@10': '0.0230', 'HIT@20': '0.0669', 'NDCG@20': '0.0288'}
Validation score increased.  Saving model ...
rec dataset length: 186
100%|█████████████████████████████████████████████████████████████████████████████████████████████████████████████████████████████████████████████████████████| 186/186 [00:51<00:00,  3.62it/s]
{'epoch': 206, 'rec_avg_loss': '0.4185', 'joint_avg_loss': '0.9910', 'cl_avg_loss': '5.7242', 'itemcl_loss': '0.0000', 'cl_pair_0_loss': '5.7242'}
Recommendation EP_test:206: 100%|| 35/35 [00:08<00:00,  4.34it/s]
{'Epoch': 206, 'name': 'high_freq', 'HIT@5': '0.0347', 'NDCG@5': '0.0224', 'HIT@10': '0.0568', 'NDCG@10': '0.0295', 'HIT@20': '0.0882', 'NDCG@20': '0.0374'}
{'Epoch': 206, 'name': 'mid_freq', 'HIT@5': '0.0079', 'NDCG@5': '0.0051', 'HIT@10': '0.0119', 'NDCG@10': '0.0064', 'HIT@20': '0.0167', 'NDCG@20': '0.0076'}
{'Epoch': 206, 'name': 'low_freq', 'HIT@5': '0.0084', 'NDCG@5': '0.0061', 'HIT@10': '0.0093', 'NDCG@10': '0.0064', 'HIT@20': '0.0124', 'NDCG@20': '0.0072'}
{'Epoch': 206, 'name': 'all', 'HIT@5': '0.0262', 'NDCG@5': '0.0170', 'HIT@10': '0.0421', 'NDCG@10': '0.0221', 'HIT@20': '0.0648', 'NDCG@20': '0.0278'}
EarlyStopping counter: 1 out of 40
rec dataset length: 186
100%|█████████████████████████████████████████████████████████████████████████████████████████████████████████████████████████████████████████████████████████| 186/186 [00:51<00:00,  3.62it/s]
{'epoch': 207, 'rec_avg_loss': '0.4184', 'joint_avg_loss': '0.9904', 'cl_avg_loss': '5.7204', 'itemcl_loss': '0.0000', 'cl_pair_0_loss': '5.7204'}
Recommendation EP_test:207: 100%|| 35/35 [00:08<00:00,  4.33it/s]
{'Epoch': 207, 'name': 'high_freq', 'HIT@5': '0.0358', 'NDCG@5': '0.0231', 'HIT@10': '0.0568', 'NDCG@10': '0.0299', 'HIT@20': '0.0892', 'NDCG@20': '0.0380'}
{'Epoch': 207, 'name': 'mid_freq', 'HIT@5': '0.0076', 'NDCG@5': '0.0052', 'HIT@10': '0.0105', 'NDCG@10': '0.0061', 'HIT@20': '0.0164', 'NDCG@20': '0.0076'}
{'Epoch': 207, 'name': 'low_freq', 'HIT@5': '0.0077', 'NDCG@5': '0.0059', 'HIT@10': '0.0093', 'NDCG@10': '0.0064', 'HIT@20': '0.0120', 'NDCG@20': '0.0071'}
{'Epoch': 207, 'name': 'all', 'HIT@5': '0.0268', 'NDCG@5': '0.0175', 'HIT@10': '0.0419', 'NDCG@10': '0.0223', 'HIT@20': '0.0654', 'NDCG@20': '0.0282'}
EarlyStopping counter: 2 out of 40
rec dataset length: 186
100%|█████████████████████████████████████████████████████████████████████████████████████████████████████████████████████████████████████████████████████████| 186/186 [00:51<00:00,  3.61it/s]
{'epoch': 208, 'rec_avg_loss': '0.4198', 'joint_avg_loss': '0.9921', 'cl_avg_loss': '5.7227', 'itemcl_loss': '0.0000', 'cl_pair_0_loss': '5.7227'}
Recommendation EP_test:208: 100%|| 35/35 [00:08<00:00,  4.30it/s]
{'Epoch': 208, 'name': 'high_freq', 'HIT@5': '0.0354', 'NDCG@5': '0.0229', 'HIT@10': '0.0571', 'NDCG@10': '0.0299', 'HIT@20': '0.0903', 'NDCG@20': '0.0382'}
{'Epoch': 208, 'name': 'mid_freq', 'HIT@5': '0.0078', 'NDCG@5': '0.0053', 'HIT@10': '0.0108', 'NDCG@10': '0.0063', 'HIT@20': '0.0158', 'NDCG@20': '0.0075'}
{'Epoch': 208, 'name': 'low_freq', 'HIT@5': '0.0081', 'NDCG@5': '0.0061', 'HIT@10': '0.0095', 'NDCG@10': '0.0066', 'HIT@20': '0.0120', 'NDCG@20': '0.0072'}
{'Epoch': 208, 'name': 'all', 'HIT@5': '0.0266', 'NDCG@5': '0.0174', 'HIT@10': '0.0421', 'NDCG@10': '0.0224', 'HIT@20': '0.0660', 'NDCG@20': '0.0283'}
EarlyStopping counter: 3 out of 40
rec dataset length: 186
100%|█████████████████████████████████████████████████████████████████████████████████████████████████████████████████████████████████████████████████████████| 186/186 [00:51<00:00,  3.60it/s]
{'epoch': 209, 'rec_avg_loss': '0.4162', 'joint_avg_loss': '0.9879', 'cl_avg_loss': '5.7175', 'itemcl_loss': '0.0000', 'cl_pair_0_loss': '5.7175'}
Recommendation EP_test:209: 100%|| 35/35 [00:08<00:00,  4.35it/s]
{'Epoch': 209, 'name': 'high_freq', 'HIT@5': '0.0352', 'NDCG@5': '0.0229', 'HIT@10': '0.0571', 'NDCG@10': '0.0299', 'HIT@20': '0.0880', 'NDCG@20': '0.0376'}
{'Epoch': 209, 'name': 'mid_freq', 'HIT@5': '0.0069', 'NDCG@5': '0.0048', 'HIT@10': '0.0108', 'NDCG@10': '0.0061', 'HIT@20': '0.0157', 'NDCG@20': '0.0073'}
{'Epoch': 209, 'name': 'low_freq', 'HIT@5': '0.0081', 'NDCG@5': '0.0064', 'HIT@10': '0.0088', 'NDCG@10': '0.0066', 'HIT@20': '0.0118', 'NDCG@20': '0.0073'}
{'Epoch': 209, 'name': 'all', 'HIT@5': '0.0263', 'NDCG@5': '0.0173', 'HIT@10': '0.0421', 'NDCG@10': '0.0223', 'HIT@20': '0.0644', 'NDCG@20': '0.0279'}
EarlyStopping counter: 4 out of 40
rec dataset length: 186
100%|█████████████████████████████████████████████████████████████████████████████████████████████████████████████████████████████████████████████████████████| 186/186 [00:51<00:00,  3.60it/s]
{'epoch': 210, 'rec_avg_loss': '0.4148', 'joint_avg_loss': '0.9873', 'cl_avg_loss': '5.7244', 'itemcl_loss': '0.0000', 'cl_pair_0_loss': '5.7244'}
Recommendation EP_test:210: 100%|| 35/35 [00:08<00:00,  4.33it/s]
{'Epoch': 210, 'name': 'high_freq', 'HIT@5': '0.0346', 'NDCG@5': '0.0227', 'HIT@10': '0.0543', 'NDCG@10': '0.0291', 'HIT@20': '0.0871', 'NDCG@20': '0.0373'}
{'Epoch': 210, 'name': 'mid_freq', 'HIT@5': '0.0078', 'NDCG@5': '0.0055', 'HIT@10': '0.0113', 'NDCG@10': '0.0066', 'HIT@20': '0.0168', 'NDCG@20': '0.0079'}
{'Epoch': 210, 'name': 'low_freq', 'HIT@5': '0.0077', 'NDCG@5': '0.0060', 'HIT@10': '0.0084', 'NDCG@10': '0.0062', 'HIT@20': '0.0120', 'NDCG@20': '0.0071'}
{'Epoch': 210, 'name': 'all', 'HIT@5': '0.0260', 'NDCG@5': '0.0173', 'HIT@10': '0.0402', 'NDCG@10': '0.0219', 'HIT@20': '0.0640', 'NDCG@20': '0.0278'}
EarlyStopping counter: 5 out of 40
rec dataset length: 186
100%|█████████████████████████████████████████████████████████████████████████████████████████████████████████████████████████████████████████████████████████| 186/186 [00:51<00:00,  3.61it/s]
{'epoch': 211, 'rec_avg_loss': '0.4185', 'joint_avg_loss': '0.9910', 'cl_avg_loss': '5.7252', 'itemcl_loss': '0.0000', 'cl_pair_0_loss': '5.7252'}
Recommendation EP_test:211: 100%|| 35/35 [00:07<00:00,  4.42it/s]
{'Epoch': 211, 'name': 'high_freq', 'HIT@5': '0.0354', 'NDCG@5': '0.0230', 'HIT@10': '0.0564', 'NDCG@10': '0.0297', 'HIT@20': '0.0875', 'NDCG@20': '0.0375'}
{'Epoch': 211, 'name': 'mid_freq', 'HIT@5': '0.0073', 'NDCG@5': '0.0049', 'HIT@10': '0.0101', 'NDCG@10': '0.0057', 'HIT@20': '0.0161', 'NDCG@20': '0.0072'}
{'Epoch': 211, 'name': 'low_freq', 'HIT@5': '0.0079', 'NDCG@5': '0.0062', 'HIT@10': '0.0086', 'NDCG@10': '0.0065', 'HIT@20': '0.0120', 'NDCG@20': '0.0073'}
{'Epoch': 211, 'name': 'all', 'HIT@5': '0.0265', 'NDCG@5': '0.0174', 'HIT@10': '0.0414', 'NDCG@10': '0.0221', 'HIT@20': '0.0642', 'NDCG@20': '0.0279'}
EarlyStopping counter: 6 out of 40
rec dataset length: 186
100%|█████████████████████████████████████████████████████████████████████████████████████████████████████████████████████████████████████████████████████████| 186/186 [00:51<00:00,  3.61it/s]
{'epoch': 212, 'rec_avg_loss': '0.4172', 'joint_avg_loss': '0.9889', 'cl_avg_loss': '5.7175', 'itemcl_loss': '0.0000', 'cl_pair_0_loss': '5.7175'}
Recommendation EP_test:212: 100%|| 35/35 [00:08<00:00,  4.32it/s]
{'Epoch': 212, 'name': 'high_freq', 'HIT@5': '0.0349', 'NDCG@5': '0.0226', 'HIT@10': '0.0560', 'NDCG@10': '0.0294', 'HIT@20': '0.0879', 'NDCG@20': '0.0375'}
{'Epoch': 212, 'name': 'mid_freq', 'HIT@5': '0.0072', 'NDCG@5': '0.0049', 'HIT@10': '0.0099', 'NDCG@10': '0.0057', 'HIT@20': '0.0161', 'NDCG@20': '0.0073'}
{'Epoch': 212, 'name': 'low_freq', 'HIT@5': '0.0068', 'NDCG@5': '0.0057', 'HIT@10': '0.0100', 'NDCG@10': '0.0067', 'HIT@20': '0.0122', 'NDCG@20': '0.0072'}
{'Epoch': 212, 'name': 'all', 'HIT@5': '0.0260', 'NDCG@5': '0.0171', 'HIT@10': '0.0413', 'NDCG@10': '0.0220', 'HIT@20': '0.0645', 'NDCG@20': '0.0278'}
EarlyStopping counter: 7 out of 40
rec dataset length: 186
100%|█████████████████████████████████████████████████████████████████████████████████████████████████████████████████████████████████████████████████████████| 186/186 [00:51<00:00,  3.59it/s]
{'epoch': 213, 'rec_avg_loss': '0.4132', 'joint_avg_loss': '0.9852', 'cl_avg_loss': '5.7200', 'itemcl_loss': '0.0000', 'cl_pair_0_loss': '5.7200'}
Recommendation EP_test:213: 100%|| 35/35 [00:07<00:00,  4.40it/s]
{'Epoch': 213, 'name': 'high_freq', 'HIT@5': '0.0351', 'NDCG@5': '0.0229', 'HIT@10': '0.0568', 'NDCG@10': '0.0299', 'HIT@20': '0.0904', 'NDCG@20': '0.0384'}
{'Epoch': 213, 'name': 'mid_freq', 'HIT@5': '0.0072', 'NDCG@5': '0.0047', 'HIT@10': '0.0109', 'NDCG@10': '0.0058', 'HIT@20': '0.0182', 'NDCG@20': '0.0077'}
{'Epoch': 213, 'name': 'low_freq', 'HIT@5': '0.0063', 'NDCG@5': '0.0054', 'HIT@10': '0.0091', 'NDCG@10': '0.0062', 'HIT@20': '0.0124', 'NDCG@20': '0.0071'}
{'Epoch': 213, 'name': 'all', 'HIT@5': '0.0260', 'NDCG@5': '0.0172', 'HIT@10': '0.0419', 'NDCG@10': '0.0222', 'HIT@20': '0.0666', 'NDCG@20': '0.0285'}
EarlyStopping counter: 8 out of 40
rec dataset length: 186
100%|█████████████████████████████████████████████████████████████████████████████████████████████████████████████████████████████████████████████████████████| 186/186 [00:51<00:00,  3.62it/s]
{'epoch': 214, 'rec_avg_loss': '0.4140', 'joint_avg_loss': '0.9858', 'cl_avg_loss': '5.7173', 'itemcl_loss': '0.0000', 'cl_pair_0_loss': '5.7173'}
Recommendation EP_test:214: 100%|| 35/35 [00:07<00:00,  4.49it/s]
{'Epoch': 214, 'name': 'high_freq', 'HIT@5': '0.0360', 'NDCG@5': '0.0236', 'HIT@10': '0.0590', 'NDCG@10': '0.0310', 'HIT@20': '0.0907', 'NDCG@20': '0.0389'}
{'Epoch': 214, 'name': 'mid_freq', 'HIT@5': '0.0070', 'NDCG@5': '0.0047', 'HIT@10': '0.0109', 'NDCG@10': '0.0059', 'HIT@20': '0.0158', 'NDCG@20': '0.0071'}
{'Epoch': 214, 'name': 'low_freq', 'HIT@5': '0.0068', 'NDCG@5': '0.0055', 'HIT@10': '0.0091', 'NDCG@10': '0.0062', 'HIT@20': '0.0113', 'NDCG@20': '0.0068'}
{'Epoch': 214, 'name': 'all', 'HIT@5': '0.0267', 'NDCG@5': '0.0177', 'HIT@10': '0.0434', 'NDCG@10': '0.0230', 'HIT@20': '0.0662', 'NDCG@20': '0.0287'}
EarlyStopping counter: 9 out of 40
rec dataset length: 186
100%|█████████████████████████████████████████████████████████████████████████████████████████████████████████████████████████████████████████████████████████| 186/186 [00:51<00:00,  3.59it/s]
{'epoch': 215, 'rec_avg_loss': '0.4155', 'joint_avg_loss': '0.9872', 'cl_avg_loss': '5.7165', 'itemcl_loss': '0.0000', 'cl_pair_0_loss': '5.7165'}
Recommendation EP_test:215: 100%|| 35/35 [00:07<00:00,  4.44it/s]
{'Epoch': 215, 'name': 'high_freq', 'HIT@5': '0.0360', 'NDCG@5': '0.0233', 'HIT@10': '0.0588', 'NDCG@10': '0.0306', 'HIT@20': '0.0910', 'NDCG@20': '0.0387'}
{'Epoch': 215, 'name': 'mid_freq', 'HIT@5': '0.0068', 'NDCG@5': '0.0043', 'HIT@10': '0.0113', 'NDCG@10': '0.0057', 'HIT@20': '0.0165', 'NDCG@20': '0.0070'}
{'Epoch': 215, 'name': 'low_freq', 'HIT@5': '0.0063', 'NDCG@5': '0.0049', 'HIT@10': '0.0086', 'NDCG@10': '0.0056', 'HIT@20': '0.0109', 'NDCG@20': '0.0062'}
{'Epoch': 215, 'name': 'all', 'HIT@5': '0.0266', 'NDCG@5': '0.0173', 'HIT@10': '0.0433', 'NDCG@10': '0.0227', 'HIT@20': '0.0665', 'NDCG@20': '0.0285'}
EarlyStopping counter: 10 out of 40
rec dataset length: 186
100%|█████████████████████████████████████████████████████████████████████████████████████████████████████████████████████████████████████████████████████████| 186/186 [00:51<00:00,  3.60it/s]
{'epoch': 216, 'rec_avg_loss': '0.4158', 'joint_avg_loss': '0.9880', 'cl_avg_loss': '5.7212', 'itemcl_loss': '0.0000', 'cl_pair_0_loss': '5.7212'}
Recommendation EP_test:216: 100%|| 35/35 [00:08<00:00,  4.35it/s]
{'Epoch': 216, 'name': 'high_freq', 'HIT@5': '0.0353', 'NDCG@5': '0.0233', 'HIT@10': '0.0569', 'NDCG@10': '0.0302', 'HIT@20': '0.0889', 'NDCG@20': '0.0383'}
{'Epoch': 216, 'name': 'mid_freq', 'HIT@5': '0.0078', 'NDCG@5': '0.0052', 'HIT@10': '0.0118', 'NDCG@10': '0.0064', 'HIT@20': '0.0175', 'NDCG@20': '0.0078'}
{'Epoch': 216, 'name': 'low_freq', 'HIT@5': '0.0068', 'NDCG@5': '0.0057', 'HIT@10': '0.0095', 'NDCG@10': '0.0066', 'HIT@20': '0.0120', 'NDCG@20': '0.0072'}
{'Epoch': 216, 'name': 'all', 'HIT@5': '0.0264', 'NDCG@5': '0.0176', 'HIT@10': '0.0422', 'NDCG@10': '0.0226', 'HIT@20': '0.0654', 'NDCG@20': '0.0285'}
EarlyStopping counter: 11 out of 40
rec dataset length: 186
100%|█████████████████████████████████████████████████████████████████████████████████████████████████████████████████████████████████████████████████████████| 186/186 [00:51<00:00,  3.62it/s]
{'epoch': 217, 'rec_avg_loss': '0.4145', 'joint_avg_loss': '0.9856', 'cl_avg_loss': '5.7109', 'itemcl_loss': '0.0000', 'cl_pair_0_loss': '5.7109'}
Recommendation EP_test:217: 100%|| 35/35 [00:08<00:00,  4.37it/s]
{'Epoch': 217, 'name': 'high_freq', 'HIT@5': '0.0366', 'NDCG@5': '0.0239', 'HIT@10': '0.0569', 'NDCG@10': '0.0304', 'HIT@20': '0.0896', 'NDCG@20': '0.0386'}
{'Epoch': 217, 'name': 'mid_freq', 'HIT@5': '0.0079', 'NDCG@5': '0.0053', 'HIT@10': '0.0111', 'NDCG@10': '0.0063', 'HIT@20': '0.0157', 'NDCG@20': '0.0075'}
{'Epoch': 217, 'name': 'low_freq', 'HIT@5': '0.0072', 'NDCG@5': '0.0056', 'HIT@10': '0.0081', 'NDCG@10': '0.0059', 'HIT@20': '0.0122', 'NDCG@20': '0.0069'}
{'Epoch': 217, 'name': 'all', 'HIT@5': '0.0274', 'NDCG@5': '0.0180', 'HIT@10': '0.0419', 'NDCG@10': '0.0226', 'HIT@20': '0.0655', 'NDCG@20': '0.0286'}
EarlyStopping counter: 12 out of 40
rec dataset length: 186
100%|█████████████████████████████████████████████████████████████████████████████████████████████████████████████████████████████████████████████████████████| 186/186 [00:51<00:00,  3.62it/s]
{'epoch': 218, 'rec_avg_loss': '0.4149', 'joint_avg_loss': '0.9864', 'cl_avg_loss': '5.7150', 'itemcl_loss': '0.0000', 'cl_pair_0_loss': '5.7150'}
Recommendation EP_test:218: 100%|| 35/35 [00:07<00:00,  4.40it/s]
{'Epoch': 218, 'name': 'high_freq', 'HIT@5': '0.0365', 'NDCG@5': '0.0238', 'HIT@10': '0.0563', 'NDCG@10': '0.0301', 'HIT@20': '0.0886', 'NDCG@20': '0.0382'}
{'Epoch': 218, 'name': 'mid_freq', 'HIT@5': '0.0078', 'NDCG@5': '0.0054', 'HIT@10': '0.0113', 'NDCG@10': '0.0066', 'HIT@20': '0.0167', 'NDCG@20': '0.0079'}
{'Epoch': 218, 'name': 'low_freq', 'HIT@5': '0.0066', 'NDCG@5': '0.0054', 'HIT@10': '0.0093', 'NDCG@10': '0.0063', 'HIT@20': '0.0134', 'NDCG@20': '0.0073'}
{'Epoch': 218, 'name': 'all', 'HIT@5': '0.0272', 'NDCG@5': '0.0179', 'HIT@10': '0.0417', 'NDCG@10': '0.0226', 'HIT@20': '0.0652', 'NDCG@20': '0.0285'}
EarlyStopping counter: 13 out of 40
rec dataset length: 186
100%|█████████████████████████████████████████████████████████████████████████████████████████████████████████████████████████████████████████████████████████| 186/186 [00:51<00:00,  3.61it/s]
{'epoch': 219, 'rec_avg_loss': '0.4132', 'joint_avg_loss': '0.9857', 'cl_avg_loss': '5.7246', 'itemcl_loss': '0.0000', 'cl_pair_0_loss': '5.7246'}
Recommendation EP_test:219: 100%|| 35/35 [00:07<00:00,  4.39it/s]
{'Epoch': 219, 'name': 'high_freq', 'HIT@5': '0.0349', 'NDCG@5': '0.0229', 'HIT@10': '0.0569', 'NDCG@10': '0.0299', 'HIT@20': '0.0909', 'NDCG@20': '0.0385'}
{'Epoch': 219, 'name': 'mid_freq', 'HIT@5': '0.0072', 'NDCG@5': '0.0048', 'HIT@10': '0.0106', 'NDCG@10': '0.0059', 'HIT@20': '0.0151', 'NDCG@20': '0.0070'}
{'Epoch': 219, 'name': 'low_freq', 'HIT@5': '0.0068', 'NDCG@5': '0.0052', 'HIT@10': '0.0088', 'NDCG@10': '0.0059', 'HIT@20': '0.0124', 'NDCG@20': '0.0068'}
{'Epoch': 219, 'name': 'all', 'HIT@5': '0.0260', 'NDCG@5': '0.0171', 'HIT@10': '0.0419', 'NDCG@10': '0.0222', 'HIT@20': '0.0664', 'NDCG@20': '0.0284'}
EarlyStopping counter: 14 out of 40
rec dataset length: 186
100%|█████████████████████████████████████████████████████████████████████████████████████████████████████████████████████████████████████████████████████████| 186/186 [00:51<00:00,  3.60it/s]
{'epoch': 220, 'rec_avg_loss': '0.4132', 'joint_avg_loss': '0.9845', 'cl_avg_loss': '5.7132', 'itemcl_loss': '0.0000', 'cl_pair_0_loss': '5.7132'}
Recommendation EP_test:220: 100%|| 35/35 [00:07<00:00,  4.43it/s]
{'Epoch': 220, 'name': 'high_freq', 'HIT@5': '0.0349', 'NDCG@5': '0.0227', 'HIT@10': '0.0580', 'NDCG@10': '0.0301', 'HIT@20': '0.0886', 'NDCG@20': '0.0378'}
{'Epoch': 220, 'name': 'mid_freq', 'HIT@5': '0.0080', 'NDCG@5': '0.0053', 'HIT@10': '0.0112', 'NDCG@10': '0.0062', 'HIT@20': '0.0165', 'NDCG@20': '0.0075'}
{'Epoch': 220, 'name': 'low_freq', 'HIT@5': '0.0068', 'NDCG@5': '0.0055', 'HIT@10': '0.0095', 'NDCG@10': '0.0064', 'HIT@20': '0.0115', 'NDCG@20': '0.0069'}
{'Epoch': 220, 'name': 'all', 'HIT@5': '0.0261', 'NDCG@5': '0.0172', 'HIT@10': '0.0428', 'NDCG@10': '0.0225', 'HIT@20': '0.0649', 'NDCG@20': '0.0280'}
EarlyStopping counter: 15 out of 40
rec dataset length: 186
100%|█████████████████████████████████████████████████████████████████████████████████████████████████████████████████████████████████████████████████████████| 186/186 [00:51<00:00,  3.61it/s]
{'epoch': 221, 'rec_avg_loss': '0.4137', 'joint_avg_loss': '0.9856', 'cl_avg_loss': '5.7189', 'itemcl_loss': '0.0000', 'cl_pair_0_loss': '5.7189'}
Recommendation EP_test:221: 100%|| 35/35 [00:08<00:00,  4.34it/s]
{'Epoch': 221, 'name': 'high_freq', 'HIT@5': '0.0356', 'NDCG@5': '0.0234', 'HIT@10': '0.0579', 'NDCG@10': '0.0306', 'HIT@20': '0.0904', 'NDCG@20': '0.0387'}
{'Epoch': 221, 'name': 'mid_freq', 'HIT@5': '0.0076', 'NDCG@5': '0.0049', 'HIT@10': '0.0118', 'NDCG@10': '0.0063', 'HIT@20': '0.0169', 'NDCG@20': '0.0076'}
{'Epoch': 221, 'name': 'low_freq', 'HIT@5': '0.0068', 'NDCG@5': '0.0054', 'HIT@10': '0.0086', 'NDCG@10': '0.0060', 'HIT@20': '0.0120', 'NDCG@20': '0.0068'}
{'Epoch': 221, 'name': 'all', 'HIT@5': '0.0266', 'NDCG@5': '0.0176', 'HIT@10': '0.0428', 'NDCG@10': '0.0228', 'HIT@20': '0.0663', 'NDCG@20': '0.0287'}
EarlyStopping counter: 16 out of 40
rec dataset length: 186
100%|█████████████████████████████████████████████████████████████████████████████████████████████████████████████████████████████████████████████████████████| 186/186 [00:51<00:00,  3.61it/s]
{'epoch': 222, 'rec_avg_loss': '0.4119', 'joint_avg_loss': '0.9827', 'cl_avg_loss': '5.7077', 'itemcl_loss': '0.0000', 'cl_pair_0_loss': '5.7077'}
Recommendation EP_test:222: 100%|| 35/35 [00:07<00:00,  4.44it/s]
{'Epoch': 222, 'name': 'high_freq', 'HIT@5': '0.0357', 'NDCG@5': '0.0235', 'HIT@10': '0.0582', 'NDCG@10': '0.0308', 'HIT@20': '0.0907', 'NDCG@20': '0.0389'}
{'Epoch': 222, 'name': 'mid_freq', 'HIT@5': '0.0080', 'NDCG@5': '0.0055', 'HIT@10': '0.0103', 'NDCG@10': '0.0063', 'HIT@20': '0.0162', 'NDCG@20': '0.0078'}
{'Epoch': 222, 'name': 'low_freq', 'HIT@5': '0.0068', 'NDCG@5': '0.0053', 'HIT@10': '0.0088', 'NDCG@10': '0.0060', 'HIT@20': '0.0127', 'NDCG@20': '0.0069'}
{'Epoch': 222, 'name': 'all', 'HIT@5': '0.0267', 'NDCG@5': '0.0178', 'HIT@10': '0.0427', 'NDCG@10': '0.0229', 'HIT@20': '0.0665', 'NDCG@20': '0.0289'}
Validation score increased.  Saving model ...
rec dataset length: 186
100%|█████████████████████████████████████████████████████████████████████████████████████████████████████████████████████████████████████████████████████████| 186/186 [00:51<00:00,  3.62it/s]
{'epoch': 223, 'rec_avg_loss': '0.4109', 'joint_avg_loss': '0.9814', 'cl_avg_loss': '5.7055', 'itemcl_loss': '0.0000', 'cl_pair_0_loss': '5.7055'}
Recommendation EP_test:223: 100%|| 35/35 [00:07<00:00,  4.42it/s]
{'Epoch': 223, 'name': 'high_freq', 'HIT@5': '0.0352', 'NDCG@5': '0.0232', 'HIT@10': '0.0566', 'NDCG@10': '0.0300', 'HIT@20': '0.0890', 'NDCG@20': '0.0381'}
{'Epoch': 223, 'name': 'mid_freq', 'HIT@5': '0.0079', 'NDCG@5': '0.0055', 'HIT@10': '0.0108', 'NDCG@10': '0.0064', 'HIT@20': '0.0161', 'NDCG@20': '0.0077'}
{'Epoch': 223, 'name': 'low_freq', 'HIT@5': '0.0072', 'NDCG@5': '0.0053', 'HIT@10': '0.0091', 'NDCG@10': '0.0059', 'HIT@20': '0.0118', 'NDCG@20': '0.0066'}
{'Epoch': 223, 'name': 'all', 'HIT@5': '0.0264', 'NDCG@5': '0.0175', 'HIT@10': '0.0417', 'NDCG@10': '0.0224', 'HIT@20': '0.0652', 'NDCG@20': '0.0283'}
EarlyStopping counter: 1 out of 40
rec dataset length: 186
100%|█████████████████████████████████████████████████████████████████████████████████████████████████████████████████████████████████████████████████████████| 186/186 [00:51<00:00,  3.62it/s]
{'epoch': 224, 'rec_avg_loss': '0.4136', 'joint_avg_loss': '0.9842', 'cl_avg_loss': '5.7064', 'itemcl_loss': '0.0000', 'cl_pair_0_loss': '5.7064'}
Recommendation EP_test:224: 100%|| 35/35 [00:08<00:00,  4.33it/s]
{'Epoch': 224, 'name': 'high_freq', 'HIT@5': '0.0352', 'NDCG@5': '0.0229', 'HIT@10': '0.0574', 'NDCG@10': '0.0300', 'HIT@20': '0.0880', 'NDCG@20': '0.0377'}
{'Epoch': 224, 'name': 'mid_freq', 'HIT@5': '0.0083', 'NDCG@5': '0.0058', 'HIT@10': '0.0113', 'NDCG@10': '0.0068', 'HIT@20': '0.0161', 'NDCG@20': '0.0080'}
{'Epoch': 224, 'name': 'low_freq', 'HIT@5': '0.0075', 'NDCG@5': '0.0058', 'HIT@10': '0.0093', 'NDCG@10': '0.0064', 'HIT@20': '0.0124', 'NDCG@20': '0.0072'}
{'Epoch': 224, 'name': 'all', 'HIT@5': '0.0265', 'NDCG@5': '0.0174', 'HIT@10': '0.0424', 'NDCG@10': '0.0225', 'HIT@20': '0.0646', 'NDCG@20': '0.0281'}
EarlyStopping counter: 2 out of 40
rec dataset length: 186
100%|█████████████████████████████████████████████████████████████████████████████████████████████████████████████████████████████████████████████████████████| 186/186 [00:51<00:00,  3.60it/s]
{'epoch': 225, 'rec_avg_loss': '0.4103', 'joint_avg_loss': '0.9811', 'cl_avg_loss': '5.7080', 'itemcl_loss': '0.0000', 'cl_pair_0_loss': '5.7080'}
Recommendation EP_test:225: 100%|| 35/35 [00:08<00:00,  4.31it/s]
{'Epoch': 225, 'name': 'high_freq', 'HIT@5': '0.0355', 'NDCG@5': '0.0230', 'HIT@10': '0.0580', 'NDCG@10': '0.0302', 'HIT@20': '0.0886', 'NDCG@20': '0.0379'}
{'Epoch': 225, 'name': 'mid_freq', 'HIT@5': '0.0076', 'NDCG@5': '0.0053', 'HIT@10': '0.0105', 'NDCG@10': '0.0062', 'HIT@20': '0.0142', 'NDCG@20': '0.0071'}
{'Epoch': 225, 'name': 'low_freq', 'HIT@5': '0.0063', 'NDCG@5': '0.0050', 'HIT@10': '0.0093', 'NDCG@10': '0.0059', 'HIT@20': '0.0127', 'NDCG@20': '0.0068'}
{'Epoch': 225, 'name': 'all', 'HIT@5': '0.0264', 'NDCG@5': '0.0173', 'HIT@10': '0.0426', 'NDCG@10': '0.0225', 'HIT@20': '0.0646', 'NDCG@20': '0.0280'}
EarlyStopping counter: 3 out of 40
rec dataset length: 186
100%|█████████████████████████████████████████████████████████████████████████████████████████████████████████████████████████████████████████████████████████| 186/186 [00:51<00:00,  3.61it/s]
{'epoch': 226, 'rec_avg_loss': '0.4102', 'joint_avg_loss': '0.9812', 'cl_avg_loss': '5.7107', 'itemcl_loss': '0.0000', 'cl_pair_0_loss': '5.7107'}
Recommendation EP_test:226: 100%|| 35/35 [00:08<00:00,  4.22it/s]
{'Epoch': 226, 'name': 'high_freq', 'HIT@5': '0.0344', 'NDCG@5': '0.0223', 'HIT@10': '0.0566', 'NDCG@10': '0.0293', 'HIT@20': '0.0880', 'NDCG@20': '0.0372'}
{'Epoch': 226, 'name': 'mid_freq', 'HIT@5': '0.0075', 'NDCG@5': '0.0052', 'HIT@10': '0.0109', 'NDCG@10': '0.0064', 'HIT@20': '0.0167', 'NDCG@20': '0.0078'}
{'Epoch': 226, 'name': 'low_freq', 'HIT@5': '0.0068', 'NDCG@5': '0.0054', 'HIT@10': '0.0079', 'NDCG@10': '0.0058', 'HIT@20': '0.0118', 'NDCG@20': '0.0067'}
{'Epoch': 226, 'name': 'all', 'HIT@5': '0.0257', 'NDCG@5': '0.0168', 'HIT@10': '0.0416', 'NDCG@10': '0.0219', 'HIT@20': '0.0646', 'NDCG@20': '0.0277'}
EarlyStopping counter: 4 out of 40
rec dataset length: 186
100%|█████████████████████████████████████████████████████████████████████████████████████████████████████████████████████████████████████████████████████████| 186/186 [00:51<00:00,  3.61it/s]
{'epoch': 227, 'rec_avg_loss': '0.4083', 'joint_avg_loss': '0.9791', 'cl_avg_loss': '5.7079', 'itemcl_loss': '0.0000', 'cl_pair_0_loss': '5.7079'}
Recommendation EP_test:227: 100%|| 35/35 [00:08<00:00,  4.24it/s]
{'Epoch': 227, 'name': 'high_freq', 'HIT@5': '0.0350', 'NDCG@5': '0.0227', 'HIT@10': '0.0563', 'NDCG@10': '0.0296', 'HIT@20': '0.0893', 'NDCG@20': '0.0379'}
{'Epoch': 227, 'name': 'mid_freq', 'HIT@5': '0.0078', 'NDCG@5': '0.0054', 'HIT@10': '0.0116', 'NDCG@10': '0.0066', 'HIT@20': '0.0161', 'NDCG@20': '0.0077'}
{'Epoch': 227, 'name': 'low_freq', 'HIT@5': '0.0070', 'NDCG@5': '0.0055', 'HIT@10': '0.0084', 'NDCG@10': '0.0060', 'HIT@20': '0.0120', 'NDCG@20': '0.0069'}
{'Epoch': 227, 'name': 'all', 'HIT@5': '0.0262', 'NDCG@5': '0.0172', 'HIT@10': '0.0416', 'NDCG@10': '0.0222', 'HIT@20': '0.0654', 'NDCG@20': '0.0281'}
EarlyStopping counter: 5 out of 40
rec dataset length: 186
100%|█████████████████████████████████████████████████████████████████████████████████████████████████████████████████████████████████████████████████████████| 186/186 [00:51<00:00,  3.60it/s]
{'epoch': 228, 'rec_avg_loss': '0.4092', 'joint_avg_loss': '0.9804', 'cl_avg_loss': '5.7118', 'itemcl_loss': '0.0000', 'cl_pair_0_loss': '5.7118'}
Recommendation EP_test:228: 100%|| 35/35 [00:08<00:00,  4.29it/s]
{'Epoch': 228, 'name': 'high_freq', 'HIT@5': '0.0350', 'NDCG@5': '0.0228', 'HIT@10': '0.0580', 'NDCG@10': '0.0301', 'HIT@20': '0.0884', 'NDCG@20': '0.0378'}
{'Epoch': 228, 'name': 'mid_freq', 'HIT@5': '0.0078', 'NDCG@5': '0.0055', 'HIT@10': '0.0108', 'NDCG@10': '0.0065', 'HIT@20': '0.0157', 'NDCG@20': '0.0077'}
{'Epoch': 228, 'name': 'low_freq', 'HIT@5': '0.0068', 'NDCG@5': '0.0056', 'HIT@10': '0.0091', 'NDCG@10': '0.0064', 'HIT@20': '0.0115', 'NDCG@20': '0.0070'}
{'Epoch': 228, 'name': 'all', 'HIT@5': '0.0262', 'NDCG@5': '0.0173', 'HIT@10': '0.0427', 'NDCG@10': '0.0226', 'HIT@20': '0.0646', 'NDCG@20': '0.0281'}
EarlyStopping counter: 6 out of 40
rec dataset length: 186
100%|█████████████████████████████████████████████████████████████████████████████████████████████████████████████████████████████████████████████████████████| 186/186 [00:51<00:00,  3.62it/s]
{'epoch': 229, 'rec_avg_loss': '0.4083', 'joint_avg_loss': '0.9788', 'cl_avg_loss': '5.7047', 'itemcl_loss': '0.0000', 'cl_pair_0_loss': '5.7047'}
Recommendation EP_test:229: 100%|| 35/35 [00:08<00:00,  4.27it/s]
{'Epoch': 229, 'name': 'high_freq', 'HIT@5': '0.0358', 'NDCG@5': '0.0234', 'HIT@10': '0.0588', 'NDCG@10': '0.0308', 'HIT@20': '0.0901', 'NDCG@20': '0.0387'}
{'Epoch': 229, 'name': 'mid_freq', 'HIT@5': '0.0088', 'NDCG@5': '0.0060', 'HIT@10': '0.0109', 'NDCG@10': '0.0067', 'HIT@20': '0.0167', 'NDCG@20': '0.0082'}
{'Epoch': 229, 'name': 'low_freq', 'HIT@5': '0.0072', 'NDCG@5': '0.0058', 'HIT@10': '0.0091', 'NDCG@10': '0.0064', 'HIT@20': '0.0120', 'NDCG@20': '0.0071'}
{'Epoch': 229, 'name': 'all', 'HIT@5': '0.0270', 'NDCG@5': '0.0178', 'HIT@10': '0.0432', 'NDCG@10': '0.0231', 'HIT@20': '0.0661', 'NDCG@20': '0.0288'}
EarlyStopping counter: 7 out of 40
rec dataset length: 186
100%|█████████████████████████████████████████████████████████████████████████████████████████████████████████████████████████████████████████████████████████| 186/186 [00:51<00:00,  3.61it/s]
{'epoch': 230, 'rec_avg_loss': '0.4095', 'joint_avg_loss': '0.9795', 'cl_avg_loss': '5.6997', 'itemcl_loss': '0.0000', 'cl_pair_0_loss': '5.6997'}
Recommendation EP_test:230: 100%|| 35/35 [00:08<00:00,  4.30it/s]
{'Epoch': 230, 'name': 'high_freq', 'HIT@5': '0.0356', 'NDCG@5': '0.0230', 'HIT@10': '0.0583', 'NDCG@10': '0.0303', 'HIT@20': '0.0897', 'NDCG@20': '0.0382'}
{'Epoch': 230, 'name': 'mid_freq', 'HIT@5': '0.0089', 'NDCG@5': '0.0062', 'HIT@10': '0.0115', 'NDCG@10': '0.0071', 'HIT@20': '0.0159', 'NDCG@20': '0.0082'}
{'Epoch': 230, 'name': 'low_freq', 'HIT@5': '0.0072', 'NDCG@5': '0.0059', 'HIT@10': '0.0093', 'NDCG@10': '0.0065', 'HIT@20': '0.0129', 'NDCG@20': '0.0074'}
{'Epoch': 230, 'name': 'all', 'HIT@5': '0.0269', 'NDCG@5': '0.0176', 'HIT@10': '0.0430', 'NDCG@10': '0.0228', 'HIT@20': '0.0658', 'NDCG@20': '0.0285'}
EarlyStopping counter: 8 out of 40
rec dataset length: 186
100%|█████████████████████████████████████████████████████████████████████████████████████████████████████████████████████████████████████████████████████████| 186/186 [00:51<00:00,  3.61it/s]
{'epoch': 231, 'rec_avg_loss': '0.4081', 'joint_avg_loss': '0.9791', 'cl_avg_loss': '5.7102', 'itemcl_loss': '0.0000', 'cl_pair_0_loss': '5.7102'}
Recommendation EP_test:231: 100%|| 35/35 [00:08<00:00,  4.36it/s]
{'Epoch': 231, 'name': 'high_freq', 'HIT@5': '0.0366', 'NDCG@5': '0.0241', 'HIT@10': '0.0580', 'NDCG@10': '0.0310', 'HIT@20': '0.0908', 'NDCG@20': '0.0392'}
{'Epoch': 231, 'name': 'mid_freq', 'HIT@5': '0.0088', 'NDCG@5': '0.0058', 'HIT@10': '0.0124', 'NDCG@10': '0.0069', 'HIT@20': '0.0171', 'NDCG@20': '0.0081'}
{'Epoch': 231, 'name': 'low_freq', 'HIT@5': '0.0077', 'NDCG@5': '0.0059', 'HIT@10': '0.0100', 'NDCG@10': '0.0066', 'HIT@20': '0.0127', 'NDCG@20': '0.0073'}
{'Epoch': 231, 'name': 'all', 'HIT@5': '0.0276', 'NDCG@5': '0.0183', 'HIT@10': '0.0431', 'NDCG@10': '0.0233', 'HIT@20': '0.0667', 'NDCG@20': '0.0292'}
Validation score increased.  Saving model ...
rec dataset length: 186
100%|█████████████████████████████████████████████████████████████████████████████████████████████████████████████████████████████████████████████████████████| 186/186 [00:51<00:00,  3.62it/s]
{'epoch': 232, 'rec_avg_loss': '0.4073', 'joint_avg_loss': '0.9782', 'cl_avg_loss': '5.7093', 'itemcl_loss': '0.0000', 'cl_pair_0_loss': '5.7093'}
Recommendation EP_test:232: 100%|| 35/35 [00:07<00:00,  4.41it/s]
{'Epoch': 232, 'name': 'high_freq', 'HIT@5': '0.0353', 'NDCG@5': '0.0233', 'HIT@10': '0.0564', 'NDCG@10': '0.0301', 'HIT@20': '0.0897', 'NDCG@20': '0.0385'}
{'Epoch': 232, 'name': 'mid_freq', 'HIT@5': '0.0082', 'NDCG@5': '0.0058', 'HIT@10': '0.0113', 'NDCG@10': '0.0068', 'HIT@20': '0.0168', 'NDCG@20': '0.0081'}
{'Epoch': 232, 'name': 'low_freq', 'HIT@5': '0.0070', 'NDCG@5': '0.0053', 'HIT@10': '0.0095', 'NDCG@10': '0.0061', 'HIT@20': '0.0124', 'NDCG@20': '0.0068'}
{'Epoch': 232, 'name': 'all', 'HIT@5': '0.0265', 'NDCG@5': '0.0177', 'HIT@10': '0.0418', 'NDCG@10': '0.0226', 'HIT@20': '0.0658', 'NDCG@20': '0.0286'}
EarlyStopping counter: 1 out of 40
rec dataset length: 186
100%|█████████████████████████████████████████████████████████████████████████████████████████████████████████████████████████████████████████████████████████| 186/186 [00:51<00:00,  3.60it/s]
{'epoch': 233, 'rec_avg_loss': '0.4055', 'joint_avg_loss': '0.9760', 'cl_avg_loss': '5.7051', 'itemcl_loss': '0.0000', 'cl_pair_0_loss': '5.7051'}
Recommendation EP_test:233: 100%|| 35/35 [00:08<00:00,  4.36it/s]
{'Epoch': 233, 'name': 'high_freq', 'HIT@5': '0.0356', 'NDCG@5': '0.0237', 'HIT@10': '0.0574', 'NDCG@10': '0.0307', 'HIT@20': '0.0908', 'NDCG@20': '0.0391'}
{'Epoch': 233, 'name': 'mid_freq', 'HIT@5': '0.0080', 'NDCG@5': '0.0056', 'HIT@10': '0.0122', 'NDCG@10': '0.0070', 'HIT@20': '0.0171', 'NDCG@20': '0.0082'}
{'Epoch': 233, 'name': 'low_freq', 'HIT@5': '0.0068', 'NDCG@5': '0.0055', 'HIT@10': '0.0088', 'NDCG@10': '0.0061', 'HIT@20': '0.0124', 'NDCG@20': '0.0070'}
{'Epoch': 233, 'name': 'all', 'HIT@5': '0.0266', 'NDCG@5': '0.0179', 'HIT@10': '0.0425', 'NDCG@10': '0.0230', 'HIT@20': '0.0666', 'NDCG@20': '0.0291'}
EarlyStopping counter: 2 out of 40
rec dataset length: 186
100%|█████████████████████████████████████████████████████████████████████████████████████████████████████████████████████████████████████████████████████████| 186/186 [00:51<00:00,  3.61it/s]
{'epoch': 234, 'rec_avg_loss': '0.4054', 'joint_avg_loss': '0.9762', 'cl_avg_loss': '5.7082', 'itemcl_loss': '0.0000', 'cl_pair_0_loss': '5.7082'}
Recommendation EP_test:234: 100%|| 35/35 [00:07<00:00,  4.40it/s]
{'Epoch': 234, 'name': 'high_freq', 'HIT@5': '0.0353', 'NDCG@5': '0.0233', 'HIT@10': '0.0568', 'NDCG@10': '0.0302', 'HIT@20': '0.0885', 'NDCG@20': '0.0381'}
{'Epoch': 234, 'name': 'mid_freq', 'HIT@5': '0.0095', 'NDCG@5': '0.0064', 'HIT@10': '0.0125', 'NDCG@10': '0.0074', 'HIT@20': '0.0175', 'NDCG@20': '0.0086'}
{'Epoch': 234, 'name': 'low_freq', 'HIT@5': '0.0084', 'NDCG@5': '0.0063', 'HIT@10': '0.0100', 'NDCG@10': '0.0068', 'HIT@20': '0.0131', 'NDCG@20': '0.0076'}
{'Epoch': 234, 'name': 'all', 'HIT@5': '0.0269', 'NDCG@5': '0.0179', 'HIT@10': '0.0423', 'NDCG@10': '0.0228', 'HIT@20': '0.0653', 'NDCG@20': '0.0286'}
EarlyStopping counter: 3 out of 40
rec dataset length: 186
100%|█████████████████████████████████████████████████████████████████████████████████████████████████████████████████████████████████████████████████████████| 186/186 [00:51<00:00,  3.61it/s]
{'epoch': 235, 'rec_avg_loss': '0.4045', 'joint_avg_loss': '0.9745', 'cl_avg_loss': '5.7003', 'itemcl_loss': '0.0000', 'cl_pair_0_loss': '5.7003'}
Recommendation EP_test:235: 100%|| 35/35 [00:07<00:00,  4.42it/s]
{'Epoch': 235, 'name': 'high_freq', 'HIT@5': '0.0356', 'NDCG@5': '0.0231', 'HIT@10': '0.0564', 'NDCG@10': '0.0298', 'HIT@20': '0.0887', 'NDCG@20': '0.0379'}
{'Epoch': 235, 'name': 'mid_freq', 'HIT@5': '0.0098', 'NDCG@5': '0.0068', 'HIT@10': '0.0126', 'NDCG@10': '0.0077', 'HIT@20': '0.0180', 'NDCG@20': '0.0091'}
{'Epoch': 235, 'name': 'low_freq', 'HIT@5': '0.0081', 'NDCG@5': '0.0062', 'HIT@10': '0.0104', 'NDCG@10': '0.0069', 'HIT@20': '0.0138', 'NDCG@20': '0.0078'}
{'Epoch': 235, 'name': 'all', 'HIT@5': '0.0271', 'NDCG@5': '0.0178', 'HIT@10': '0.0422', 'NDCG@10': '0.0226', 'HIT@20': '0.0656', 'NDCG@20': '0.0285'}
EarlyStopping counter: 4 out of 40
rec dataset length: 186
100%|█████████████████████████████████████████████████████████████████████████████████████████████████████████████████████████████████████████████████████████| 186/186 [00:51<00:00,  3.59it/s]
{'epoch': 236, 'rec_avg_loss': '0.4077', 'joint_avg_loss': '0.9779', 'cl_avg_loss': '5.7014', 'itemcl_loss': '0.0000', 'cl_pair_0_loss': '5.7014'}
Recommendation EP_test:236: 100%|| 35/35 [00:07<00:00,  4.44it/s]
{'Epoch': 236, 'name': 'high_freq', 'HIT@5': '0.0352', 'NDCG@5': '0.0229', 'HIT@10': '0.0575', 'NDCG@10': '0.0300', 'HIT@20': '0.0896', 'NDCG@20': '0.0380'}
{'Epoch': 236, 'name': 'mid_freq', 'HIT@5': '0.0086', 'NDCG@5': '0.0059', 'HIT@10': '0.0119', 'NDCG@10': '0.0070', 'HIT@20': '0.0184', 'NDCG@20': '0.0086'}
{'Epoch': 236, 'name': 'low_freq', 'HIT@5': '0.0070', 'NDCG@5': '0.0056', 'HIT@10': '0.0093', 'NDCG@10': '0.0063', 'HIT@20': '0.0129', 'NDCG@20': '0.0072'}
{'Epoch': 236, 'name': 'all', 'HIT@5': '0.0265', 'NDCG@5': '0.0174', 'HIT@10': '0.0426', 'NDCG@10': '0.0226', 'HIT@20': '0.0661', 'NDCG@20': '0.0284'}
EarlyStopping counter: 5 out of 40
rec dataset length: 186
100%|█████████████████████████████████████████████████████████████████████████████████████████████████████████████████████████████████████████████████████████| 186/186 [00:51<00:00,  3.61it/s]
{'epoch': 237, 'rec_avg_loss': '0.4051', 'joint_avg_loss': '0.9751', 'cl_avg_loss': '5.7006', 'itemcl_loss': '0.0000', 'cl_pair_0_loss': '5.7006'}
Recommendation EP_test:237: 100%|| 35/35 [00:07<00:00,  4.38it/s]
{'Epoch': 237, 'name': 'high_freq', 'HIT@5': '0.0351', 'NDCG@5': '0.0230', 'HIT@10': '0.0566', 'NDCG@10': '0.0299', 'HIT@20': '0.0894', 'NDCG@20': '0.0381'}
{'Epoch': 237, 'name': 'mid_freq', 'HIT@5': '0.0082', 'NDCG@5': '0.0056', 'HIT@10': '0.0124', 'NDCG@10': '0.0069', 'HIT@20': '0.0171', 'NDCG@20': '0.0081'}
{'Epoch': 237, 'name': 'low_freq', 'HIT@5': '0.0072', 'NDCG@5': '0.0058', 'HIT@10': '0.0100', 'NDCG@10': '0.0067', 'HIT@20': '0.0129', 'NDCG@20': '0.0074'}
{'Epoch': 237, 'name': 'all', 'HIT@5': '0.0264', 'NDCG@5': '0.0175', 'HIT@10': '0.0422', 'NDCG@10': '0.0225', 'HIT@20': '0.0657', 'NDCG@20': '0.0284'}
EarlyStopping counter: 6 out of 40
rec dataset length: 186
100%|█████████████████████████████████████████████████████████████████████████████████████████████████████████████████████████████████████████████████████████| 186/186 [00:51<00:00,  3.61it/s]
{'epoch': 238, 'rec_avg_loss': '0.4063', 'joint_avg_loss': '0.9768', 'cl_avg_loss': '5.7045', 'itemcl_loss': '0.0000', 'cl_pair_0_loss': '5.7045'}
Recommendation EP_test:238: 100%|| 35/35 [00:07<00:00,  4.38it/s]
{'Epoch': 238, 'name': 'high_freq', 'HIT@5': '0.0353', 'NDCG@5': '0.0234', 'HIT@10': '0.0579', 'NDCG@10': '0.0307', 'HIT@20': '0.0906', 'NDCG@20': '0.0389'}
{'Epoch': 238, 'name': 'mid_freq', 'HIT@5': '0.0080', 'NDCG@5': '0.0053', 'HIT@10': '0.0115', 'NDCG@10': '0.0064', 'HIT@20': '0.0168', 'NDCG@20': '0.0078'}
{'Epoch': 238, 'name': 'low_freq', 'HIT@5': '0.0077', 'NDCG@5': '0.0059', 'HIT@10': '0.0086', 'NDCG@10': '0.0062', 'HIT@20': '0.0118', 'NDCG@20': '0.0070'}
{'Epoch': 238, 'name': 'all', 'HIT@5': '0.0266', 'NDCG@5': '0.0177', 'HIT@10': '0.0427', 'NDCG@10': '0.0229', 'HIT@20': '0.0664', 'NDCG@20': '0.0289'}
EarlyStopping counter: 7 out of 40
rec dataset length: 186
100%|█████████████████████████████████████████████████████████████████████████████████████████████████████████████████████████████████████████████████████████| 186/186 [00:51<00:00,  3.61it/s]
{'epoch': 239, 'rec_avg_loss': '0.4020', 'joint_avg_loss': '0.9721', 'cl_avg_loss': '5.7012', 'itemcl_loss': '0.0000', 'cl_pair_0_loss': '5.7012'}
Recommendation EP_test:239: 100%|| 35/35 [00:07<00:00,  4.43it/s]
{'Epoch': 239, 'name': 'high_freq', 'HIT@5': '0.0348', 'NDCG@5': '0.0232', 'HIT@10': '0.0579', 'NDCG@10': '0.0306', 'HIT@20': '0.0885', 'NDCG@20': '0.0383'}
{'Epoch': 239, 'name': 'mid_freq', 'HIT@5': '0.0086', 'NDCG@5': '0.0058', 'HIT@10': '0.0125', 'NDCG@10': '0.0070', 'HIT@20': '0.0172', 'NDCG@20': '0.0082'}
{'Epoch': 239, 'name': 'low_freq', 'HIT@5': '0.0077', 'NDCG@5': '0.0060', 'HIT@10': '0.0093', 'NDCG@10': '0.0065', 'HIT@20': '0.0122', 'NDCG@20': '0.0073'}
{'Epoch': 239, 'name': 'all', 'HIT@5': '0.0263', 'NDCG@5': '0.0177', 'HIT@10': '0.0430', 'NDCG@10': '0.0230', 'HIT@20': '0.0651', 'NDCG@20': '0.0286'}
EarlyStopping counter: 8 out of 40
rec dataset length: 186
100%|█████████████████████████████████████████████████████████████████████████████████████████████████████████████████████████████████████████████████████████| 186/186 [00:51<00:00,  3.60it/s]
{'epoch': 240, 'rec_avg_loss': '0.4047', 'joint_avg_loss': '0.9743', 'cl_avg_loss': '5.6959', 'itemcl_loss': '0.0000', 'cl_pair_0_loss': '5.6959'}
Recommendation EP_test:240: 100%|| 35/35 [00:08<00:00,  4.32it/s]
{'Epoch': 240, 'name': 'high_freq', 'HIT@5': '0.0351', 'NDCG@5': '0.0235', 'HIT@10': '0.0582', 'NDCG@10': '0.0309', 'HIT@20': '0.0906', 'NDCG@20': '0.0391'}
{'Epoch': 240, 'name': 'mid_freq', 'HIT@5': '0.0082', 'NDCG@5': '0.0055', 'HIT@10': '0.0118', 'NDCG@10': '0.0067', 'HIT@20': '0.0180', 'NDCG@20': '0.0082'}
{'Epoch': 240, 'name': 'low_freq', 'HIT@5': '0.0070', 'NDCG@5': '0.0056', 'HIT@10': '0.0091', 'NDCG@10': '0.0063', 'HIT@20': '0.0120', 'NDCG@20': '0.0070'}
{'Epoch': 240, 'name': 'all', 'HIT@5': '0.0263', 'NDCG@5': '0.0178', 'HIT@10': '0.0430', 'NDCG@10': '0.0231', 'HIT@20': '0.0667', 'NDCG@20': '0.0291'}
EarlyStopping counter: 9 out of 40
rec dataset length: 186
100%|█████████████████████████████████████████████████████████████████████████████████████████████████████████████████████████████████████████████████████████| 186/186 [00:51<00:00,  3.61it/s]
{'epoch': 241, 'rec_avg_loss': '0.4029', 'joint_avg_loss': '0.9729', 'cl_avg_loss': '5.7000', 'itemcl_loss': '0.0000', 'cl_pair_0_loss': '5.7000'}
Recommendation EP_test:241: 100%|| 35/35 [00:08<00:00,  4.19it/s]
{'Epoch': 241, 'name': 'high_freq', 'HIT@5': '0.0354', 'NDCG@5': '0.0236', 'HIT@10': '0.0569', 'NDCG@10': '0.0305', 'HIT@20': '0.0894', 'NDCG@20': '0.0387'}
{'Epoch': 241, 'name': 'mid_freq', 'HIT@5': '0.0073', 'NDCG@5': '0.0052', 'HIT@10': '0.0122', 'NDCG@10': '0.0068', 'HIT@20': '0.0164', 'NDCG@20': '0.0078'}
{'Epoch': 241, 'name': 'low_freq', 'HIT@5': '0.0068', 'NDCG@5': '0.0053', 'HIT@10': '0.0086', 'NDCG@10': '0.0059', 'HIT@20': '0.0122', 'NDCG@20': '0.0068'}
{'Epoch': 241, 'name': 'all', 'HIT@5': '0.0263', 'NDCG@5': '0.0177', 'HIT@10': '0.0422', 'NDCG@10': '0.0228', 'HIT@20': '0.0655', 'NDCG@20': '0.0287'}
EarlyStopping counter: 10 out of 40
rec dataset length: 186
100%|█████████████████████████████████████████████████████████████████████████████████████████████████████████████████████████████████████████████████████████| 186/186 [00:51<00:00,  3.60it/s]
{'epoch': 242, 'rec_avg_loss': '0.4042', 'joint_avg_loss': '0.9749', 'cl_avg_loss': '5.7069', 'itemcl_loss': '0.0000', 'cl_pair_0_loss': '5.7069'}
Recommendation EP_test:242: 100%|| 35/35 [00:07<00:00,  4.40it/s]
{'Epoch': 242, 'name': 'high_freq', 'HIT@5': '0.0364', 'NDCG@5': '0.0233', 'HIT@10': '0.0576', 'NDCG@10': '0.0301', 'HIT@20': '0.0902', 'NDCG@20': '0.0383'}
{'Epoch': 242, 'name': 'mid_freq', 'HIT@5': '0.0080', 'NDCG@5': '0.0055', 'HIT@10': '0.0115', 'NDCG@10': '0.0066', 'HIT@20': '0.0164', 'NDCG@20': '0.0079'}
{'Epoch': 242, 'name': 'low_freq', 'HIT@5': '0.0072', 'NDCG@5': '0.0054', 'HIT@10': '0.0100', 'NDCG@10': '0.0062', 'HIT@20': '0.0129', 'NDCG@20': '0.0070'}
{'Epoch': 242, 'name': 'all', 'HIT@5': '0.0272', 'NDCG@5': '0.0176', 'HIT@10': '0.0427', 'NDCG@10': '0.0225', 'HIT@20': '0.0662', 'NDCG@20': '0.0284'}
EarlyStopping counter: 11 out of 40
rec dataset length: 186
100%|█████████████████████████████████████████████████████████████████████████████████████████████████████████████████████████████████████████████████████████| 186/186 [00:51<00:00,  3.60it/s]
{'epoch': 243, 'rec_avg_loss': '0.4030', 'joint_avg_loss': '0.9724', 'cl_avg_loss': '5.6941', 'itemcl_loss': '0.0000', 'cl_pair_0_loss': '5.6941'}
Recommendation EP_test:243: 100%|| 35/35 [00:08<00:00,  4.24it/s]
{'Epoch': 243, 'name': 'high_freq', 'HIT@5': '0.0363', 'NDCG@5': '0.0238', 'HIT@10': '0.0583', 'NDCG@10': '0.0308', 'HIT@20': '0.0910', 'NDCG@20': '0.0391'}
{'Epoch': 243, 'name': 'mid_freq', 'HIT@5': '0.0079', 'NDCG@5': '0.0056', 'HIT@10': '0.0105', 'NDCG@10': '0.0065', 'HIT@20': '0.0165', 'NDCG@20': '0.0080'}
{'Epoch': 243, 'name': 'low_freq', 'HIT@5': '0.0075', 'NDCG@5': '0.0054', 'HIT@10': '0.0093', 'NDCG@10': '0.0060', 'HIT@20': '0.0127', 'NDCG@20': '0.0069'}
{'Epoch': 243, 'name': 'all', 'HIT@5': '0.0272', 'NDCG@5': '0.0179', 'HIT@10': '0.0428', 'NDCG@10': '0.0230', 'HIT@20': '0.0667', 'NDCG@20': '0.0290'}
EarlyStopping counter: 12 out of 40
rec dataset length: 186
100%|█████████████████████████████████████████████████████████████████████████████████████████████████████████████████████████████████████████████████████████| 186/186 [00:51<00:00,  3.61it/s]
{'epoch': 244, 'rec_avg_loss': '0.4021', 'joint_avg_loss': '0.9717', 'cl_avg_loss': '5.6966', 'itemcl_loss': '0.0000', 'cl_pair_0_loss': '5.6966'}
Recommendation EP_test:244: 100%|| 35/35 [00:07<00:00,  4.45it/s]
{'Epoch': 244, 'name': 'high_freq', 'HIT@5': '0.0360', 'NDCG@5': '0.0236', 'HIT@10': '0.0572', 'NDCG@10': '0.0304', 'HIT@20': '0.0899', 'NDCG@20': '0.0386'}
{'Epoch': 244, 'name': 'mid_freq', 'HIT@5': '0.0085', 'NDCG@5': '0.0057', 'HIT@10': '0.0113', 'NDCG@10': '0.0066', 'HIT@20': '0.0178', 'NDCG@20': '0.0082'}
{'Epoch': 244, 'name': 'low_freq', 'HIT@5': '0.0066', 'NDCG@5': '0.0048', 'HIT@10': '0.0095', 'NDCG@10': '0.0057', 'HIT@20': '0.0124', 'NDCG@20': '0.0065'}
{'Epoch': 244, 'name': 'all', 'HIT@5': '0.0270', 'NDCG@5': '0.0178', 'HIT@10': '0.0423', 'NDCG@10': '0.0227', 'HIT@20': '0.0662', 'NDCG@20': '0.0287'}
EarlyStopping counter: 13 out of 40
rec dataset length: 186
100%|█████████████████████████████████████████████████████████████████████████████████████████████████████████████████████████████████████████████████████████| 186/186 [00:51<00:00,  3.60it/s]
{'epoch': 245, 'rec_avg_loss': '0.4046', 'joint_avg_loss': '0.9746', 'cl_avg_loss': '5.6998', 'itemcl_loss': '0.0000', 'cl_pair_0_loss': '5.6998'}
Recommendation EP_test:245: 100%|| 35/35 [00:08<00:00,  4.35it/s]
{'Epoch': 245, 'name': 'high_freq', 'HIT@5': '0.0356', 'NDCG@5': '0.0232', 'HIT@10': '0.0568', 'NDCG@10': '0.0300', 'HIT@20': '0.0911', 'NDCG@20': '0.0386'}
{'Epoch': 245, 'name': 'mid_freq', 'HIT@5': '0.0086', 'NDCG@5': '0.0061', 'HIT@10': '0.0119', 'NDCG@10': '0.0072', 'HIT@20': '0.0180', 'NDCG@20': '0.0087'}
{'Epoch': 245, 'name': 'low_freq', 'HIT@5': '0.0075', 'NDCG@5': '0.0055', 'HIT@10': '0.0102', 'NDCG@10': '0.0063', 'HIT@20': '0.0152', 'NDCG@20': '0.0076'}
{'Epoch': 245, 'name': 'all', 'HIT@5': '0.0269', 'NDCG@5': '0.0177', 'HIT@10': '0.0422', 'NDCG@10': '0.0226', 'HIT@20': '0.0674', 'NDCG@20': '0.0289'}
EarlyStopping counter: 14 out of 40
rec dataset length: 186
100%|█████████████████████████████████████████████████████████████████████████████████████████████████████████████████████████████████████████████████████████| 186/186 [00:51<00:00,  3.60it/s]
{'epoch': 246, 'rec_avg_loss': '0.4005', 'joint_avg_loss': '0.9700', 'cl_avg_loss': '5.6946', 'itemcl_loss': '0.0000', 'cl_pair_0_loss': '5.6946'}
Recommendation EP_test:246: 100%|| 35/35 [00:07<00:00,  4.43it/s]
{'Epoch': 246, 'name': 'high_freq', 'HIT@5': '0.0362', 'NDCG@5': '0.0234', 'HIT@10': '0.0571', 'NDCG@10': '0.0301', 'HIT@20': '0.0906', 'NDCG@20': '0.0385'}
{'Epoch': 246, 'name': 'mid_freq', 'HIT@5': '0.0078', 'NDCG@5': '0.0054', 'HIT@10': '0.0121', 'NDCG@10': '0.0068', 'HIT@20': '0.0181', 'NDCG@20': '0.0083'}
{'Epoch': 246, 'name': 'low_freq', 'HIT@5': '0.0059', 'NDCG@5': '0.0045', 'HIT@10': '0.0100', 'NDCG@10': '0.0058', 'HIT@20': '0.0131', 'NDCG@20': '0.0066'}
{'Epoch': 246, 'name': 'all', 'HIT@5': '0.0269', 'NDCG@5': '0.0175', 'HIT@10': '0.0424', 'NDCG@10': '0.0225', 'HIT@20': '0.0668', 'NDCG@20': '0.0287'}
EarlyStopping counter: 15 out of 40
rec dataset length: 186
100%|█████████████████████████████████████████████████████████████████████████████████████████████████████████████████████████████████████████████████████████| 186/186 [00:51<00:00,  3.60it/s]
{'epoch': 247, 'rec_avg_loss': '0.4030', 'joint_avg_loss': '0.9727', 'cl_avg_loss': '5.6968', 'itemcl_loss': '0.0000', 'cl_pair_0_loss': '5.6968'}
Recommendation EP_test:247: 100%|| 35/35 [00:07<00:00,  4.39it/s]
{'Epoch': 247, 'name': 'high_freq', 'HIT@5': '0.0348', 'NDCG@5': '0.0230', 'HIT@10': '0.0574', 'NDCG@10': '0.0303', 'HIT@20': '0.0894', 'NDCG@20': '0.0383'}
{'Epoch': 247, 'name': 'mid_freq', 'HIT@5': '0.0088', 'NDCG@5': '0.0059', 'HIT@10': '0.0126', 'NDCG@10': '0.0072', 'HIT@20': '0.0180', 'NDCG@20': '0.0085'}
{'Epoch': 247, 'name': 'low_freq', 'HIT@5': '0.0066', 'NDCG@5': '0.0049', 'HIT@10': '0.0093', 'NDCG@10': '0.0058', 'HIT@20': '0.0140', 'NDCG@20': '0.0070'}
{'Epoch': 247, 'name': 'all', 'HIT@5': '0.0262', 'NDCG@5': '0.0174', 'HIT@10': '0.0427', 'NDCG@10': '0.0227', 'HIT@20': '0.0661', 'NDCG@20': '0.0286'}
EarlyStopping counter: 16 out of 40
rec dataset length: 186
100%|█████████████████████████████████████████████████████████████████████████████████████████████████████████████████████████████████████████████████████████| 186/186 [00:51<00:00,  3.60it/s]
{'epoch': 248, 'rec_avg_loss': '0.4031', 'joint_avg_loss': '0.9725', 'cl_avg_loss': '5.6935', 'itemcl_loss': '0.0000', 'cl_pair_0_loss': '5.6935'}
Recommendation EP_test:248: 100%|| 35/35 [00:07<00:00,  4.39it/s]
{'Epoch': 248, 'name': 'high_freq', 'HIT@5': '0.0359', 'NDCG@5': '0.0234', 'HIT@10': '0.0586', 'NDCG@10': '0.0307', 'HIT@20': '0.0917', 'NDCG@20': '0.0390'}
{'Epoch': 248, 'name': 'mid_freq', 'HIT@5': '0.0088', 'NDCG@5': '0.0061', 'HIT@10': '0.0116', 'NDCG@10': '0.0070', 'HIT@20': '0.0169', 'NDCG@20': '0.0084'}
{'Epoch': 248, 'name': 'low_freq', 'HIT@5': '0.0070', 'NDCG@5': '0.0051', 'HIT@10': '0.0091', 'NDCG@10': '0.0058', 'HIT@20': '0.0134', 'NDCG@20': '0.0069'}
{'Epoch': 248, 'name': 'all', 'HIT@5': '0.0270', 'NDCG@5': '0.0177', 'HIT@10': '0.0432', 'NDCG@10': '0.0230', 'HIT@20': '0.0674', 'NDCG@20': '0.0290'}
EarlyStopping counter: 17 out of 40
rec dataset length: 186
100%|█████████████████████████████████████████████████████████████████████████████████████████████████████████████████████████████████████████████████████████| 186/186 [00:51<00:00,  3.61it/s]
{'epoch': 249, 'rec_avg_loss': '0.4001', 'joint_avg_loss': '0.9687', 'cl_avg_loss': '5.6860', 'itemcl_loss': '0.0000', 'cl_pair_0_loss': '5.6860'}
Recommendation EP_test:249: 100%|| 35/35 [00:07<00:00,  4.40it/s]
{'Epoch': 249, 'name': 'high_freq', 'HIT@5': '0.0353', 'NDCG@5': '0.0233', 'HIT@10': '0.0579', 'NDCG@10': '0.0306', 'HIT@20': '0.0903', 'NDCG@20': '0.0387'}
{'Epoch': 249, 'name': 'mid_freq', 'HIT@5': '0.0088', 'NDCG@5': '0.0056', 'HIT@10': '0.0118', 'NDCG@10': '0.0065', 'HIT@20': '0.0165', 'NDCG@20': '0.0077'}
{'Epoch': 249, 'name': 'low_freq', 'HIT@5': '0.0063', 'NDCG@5': '0.0048', 'HIT@10': '0.0088', 'NDCG@10': '0.0056', 'HIT@20': '0.0129', 'NDCG@20': '0.0067'}
{'Epoch': 249, 'name': 'all', 'HIT@5': '0.0265', 'NDCG@5': '0.0175', 'HIT@10': '0.0428', 'NDCG@10': '0.0228', 'HIT@20': '0.0663', 'NDCG@20': '0.0287'}
EarlyStopping counter: 18 out of 40
rec dataset length: 186
100%|█████████████████████████████████████████████████████████████████████████████████████████████████████████████████████████████████████████████████████████| 186/186 [00:51<00:00,  3.61it/s]
{'epoch': 250, 'rec_avg_loss': '0.4010', 'joint_avg_loss': '0.9710', 'cl_avg_loss': '5.7002', 'itemcl_loss': '0.0000', 'cl_pair_0_loss': '5.7002'}
Recommendation EP_test:250: 100%|| 35/35 [00:07<00:00,  4.42it/s]
{'Epoch': 250, 'name': 'high_freq', 'HIT@5': '0.0336', 'NDCG@5': '0.0222', 'HIT@10': '0.0549', 'NDCG@10': '0.0290', 'HIT@20': '0.0877', 'NDCG@20': '0.0372'}
{'Epoch': 250, 'name': 'mid_freq', 'HIT@5': '0.0080', 'NDCG@5': '0.0056', 'HIT@10': '0.0125', 'NDCG@10': '0.0071', 'HIT@20': '0.0168', 'NDCG@20': '0.0081'}
{'Epoch': 250, 'name': 'low_freq', 'HIT@5': '0.0084', 'NDCG@5': '0.0057', 'HIT@10': '0.0100', 'NDCG@10': '0.0062', 'HIT@20': '0.0134', 'NDCG@20': '0.0071'}
{'Epoch': 250, 'name': 'all', 'HIT@5': '0.0255', 'NDCG@5': '0.0169', 'HIT@10': '0.0410', 'NDCG@10': '0.0219', 'HIT@20': '0.0646', 'NDCG@20': '0.0278'}
EarlyStopping counter: 19 out of 40
rec dataset length: 186
100%|█████████████████████████████████████████████████████████████████████████████████████████████████████████████████████████████████████████████████████████| 186/186 [00:51<00:00,  3.62it/s]
{'epoch': 251, 'rec_avg_loss': '0.3998', 'joint_avg_loss': '0.9693', 'cl_avg_loss': '5.6950', 'itemcl_loss': '0.0000', 'cl_pair_0_loss': '5.6950'}
Recommendation EP_test:251: 100%|| 35/35 [00:07<00:00,  4.38it/s]
{'Epoch': 251, 'name': 'high_freq', 'HIT@5': '0.0346', 'NDCG@5': '0.0227', 'HIT@10': '0.0569', 'NDCG@10': '0.0298', 'HIT@20': '0.0892', 'NDCG@20': '0.0379'}
{'Epoch': 251, 'name': 'mid_freq', 'HIT@5': '0.0078', 'NDCG@5': '0.0053', 'HIT@10': '0.0119', 'NDCG@10': '0.0066', 'HIT@20': '0.0164', 'NDCG@20': '0.0077'}
{'Epoch': 251, 'name': 'low_freq', 'HIT@5': '0.0066', 'NDCG@5': '0.0049', 'HIT@10': '0.0091', 'NDCG@10': '0.0057', 'HIT@20': '0.0124', 'NDCG@20': '0.0066'}
{'Epoch': 251, 'name': 'all', 'HIT@5': '0.0259', 'NDCG@5': '0.0171', 'HIT@10': '0.0422', 'NDCG@10': '0.0223', 'HIT@20': '0.0654', 'NDCG@20': '0.0281'}
EarlyStopping counter: 20 out of 40
rec dataset length: 186
100%|█████████████████████████████████████████████████████████████████████████████████████████████████████████████████████████████████████████████████████████| 186/186 [00:51<00:00,  3.60it/s]
{'epoch': 252, 'rec_avg_loss': '0.3997', 'joint_avg_loss': '0.9696', 'cl_avg_loss': '5.6993', 'itemcl_loss': '0.0000', 'cl_pair_0_loss': '5.6993'}
Recommendation EP_test:252: 100%|| 35/35 [00:08<00:00,  4.29it/s]
{'Epoch': 252, 'name': 'high_freq', 'HIT@5': '0.0357', 'NDCG@5': '0.0236', 'HIT@10': '0.0583', 'NDCG@10': '0.0310', 'HIT@20': '0.0911', 'NDCG@20': '0.0392'}
{'Epoch': 252, 'name': 'mid_freq', 'HIT@5': '0.0080', 'NDCG@5': '0.0053', 'HIT@10': '0.0108', 'NDCG@10': '0.0062', 'HIT@20': '0.0151', 'NDCG@20': '0.0072'}
{'Epoch': 252, 'name': 'low_freq', 'HIT@5': '0.0061', 'NDCG@5': '0.0049', 'HIT@10': '0.0081', 'NDCG@10': '0.0056', 'HIT@20': '0.0118', 'NDCG@20': '0.0065'}
{'Epoch': 252, 'name': 'all', 'HIT@5': '0.0266', 'NDCG@5': '0.0177', 'HIT@10': '0.0428', 'NDCG@10': '0.0230', 'HIT@20': '0.0664', 'NDCG@20': '0.0289'}
EarlyStopping counter: 21 out of 40
rec dataset length: 186
100%|█████████████████████████████████████████████████████████████████████████████████████████████████████████████████████████████████████████████████████████| 186/186 [00:51<00:00,  3.60it/s]
{'epoch': 253, 'rec_avg_loss': '0.4004', 'joint_avg_loss': '0.9701', 'cl_avg_loss': '5.6966', 'itemcl_loss': '0.0000', 'cl_pair_0_loss': '5.6966'}
Recommendation EP_test:253: 100%|| 35/35 [00:08<00:00,  4.31it/s]
{'Epoch': 253, 'name': 'high_freq', 'HIT@5': '0.0364', 'NDCG@5': '0.0235', 'HIT@10': '0.0580', 'NDCG@10': '0.0304', 'HIT@20': '0.0912', 'NDCG@20': '0.0388'}
{'Epoch': 253, 'name': 'mid_freq', 'HIT@5': '0.0085', 'NDCG@5': '0.0055', 'HIT@10': '0.0111', 'NDCG@10': '0.0063', 'HIT@20': '0.0161', 'NDCG@20': '0.0076'}
{'Epoch': 253, 'name': 'low_freq', 'HIT@5': '0.0066', 'NDCG@5': '0.0052', 'HIT@10': '0.0086', 'NDCG@10': '0.0058', 'HIT@20': '0.0120', 'NDCG@20': '0.0067'}
{'Epoch': 253, 'name': 'all', 'HIT@5': '0.0272', 'NDCG@5': '0.0177', 'HIT@10': '0.0427', 'NDCG@10': '0.0227', 'HIT@20': '0.0667', 'NDCG@20': '0.0287'}
EarlyStopping counter: 22 out of 40
rec dataset length: 186
100%|█████████████████████████████████████████████████████████████████████████████████████████████████████████████████████████████████████████████████████████| 186/186 [00:51<00:00,  3.62it/s]
{'epoch': 254, 'rec_avg_loss': '0.3993', 'joint_avg_loss': '0.9693', 'cl_avg_loss': '5.7004', 'itemcl_loss': '0.0000', 'cl_pair_0_loss': '5.7004'}
Recommendation EP_test:254: 100%|| 35/35 [00:08<00:00,  4.25it/s]
{'Epoch': 254, 'name': 'high_freq', 'HIT@5': '0.0348', 'NDCG@5': '0.0233', 'HIT@10': '0.0564', 'NDCG@10': '0.0303', 'HIT@20': '0.0897', 'NDCG@20': '0.0386'}
{'Epoch': 254, 'name': 'mid_freq', 'HIT@5': '0.0083', 'NDCG@5': '0.0053', 'HIT@10': '0.0111', 'NDCG@10': '0.0062', 'HIT@20': '0.0165', 'NDCG@20': '0.0076'}
{'Epoch': 254, 'name': 'low_freq', 'HIT@5': '0.0072', 'NDCG@5': '0.0056', 'HIT@10': '0.0095', 'NDCG@10': '0.0063', 'HIT@20': '0.0124', 'NDCG@20': '0.0071'}
{'Epoch': 254, 'name': 'all', 'HIT@5': '0.0262', 'NDCG@5': '0.0176', 'HIT@10': '0.0417', 'NDCG@10': '0.0226', 'HIT@20': '0.0658', 'NDCG@20': '0.0286'}
EarlyStopping counter: 23 out of 40
rec dataset length: 186
100%|█████████████████████████████████████████████████████████████████████████████████████████████████████████████████████████████████████████████████████████| 186/186 [00:51<00:00,  3.61it/s]
{'epoch': 255, 'rec_avg_loss': '0.3999', 'joint_avg_loss': '0.9689', 'cl_avg_loss': '5.6903', 'itemcl_loss': '0.0000', 'cl_pair_0_loss': '5.6903'}
Recommendation EP_test:255: 100%|| 35/35 [00:08<00:00,  4.34it/s]
{'Epoch': 255, 'name': 'high_freq', 'HIT@5': '0.0357', 'NDCG@5': '0.0235', 'HIT@10': '0.0573', 'NDCG@10': '0.0304', 'HIT@20': '0.0898', 'NDCG@20': '0.0385'}
{'Epoch': 255, 'name': 'mid_freq', 'HIT@5': '0.0078', 'NDCG@5': '0.0051', 'HIT@10': '0.0116', 'NDCG@10': '0.0063', 'HIT@20': '0.0162', 'NDCG@20': '0.0075'}
{'Epoch': 255, 'name': 'low_freq', 'HIT@5': '0.0077', 'NDCG@5': '0.0057', 'HIT@10': '0.0102', 'NDCG@10': '0.0065', 'HIT@20': '0.0134', 'NDCG@20': '0.0073'}
{'Epoch': 255, 'name': 'all', 'HIT@5': '0.0268', 'NDCG@5': '0.0177', 'HIT@10': '0.0425', 'NDCG@10': '0.0227', 'HIT@20': '0.0659', 'NDCG@20': '0.0286'}
EarlyStopping counter: 24 out of 40
rec dataset length: 186
100%|█████████████████████████████████████████████████████████████████████████████████████████████████████████████████████████████████████████████████████████| 186/186 [00:51<00:00,  3.62it/s]
{'epoch': 256, 'rec_avg_loss': '0.3993', 'joint_avg_loss': '0.9685', 'cl_avg_loss': '5.6926', 'itemcl_loss': '0.0000', 'cl_pair_0_loss': '5.6926'}
Recommendation EP_test:256: 100%|| 35/35 [00:08<00:00,  4.21it/s]
{'Epoch': 256, 'name': 'high_freq', 'HIT@5': '0.0350', 'NDCG@5': '0.0229', 'HIT@10': '0.0567', 'NDCG@10': '0.0299', 'HIT@20': '0.0882', 'NDCG@20': '0.0378'}
{'Epoch': 256, 'name': 'mid_freq', 'HIT@5': '0.0079', 'NDCG@5': '0.0047', 'HIT@10': '0.0116', 'NDCG@10': '0.0059', 'HIT@20': '0.0165', 'NDCG@20': '0.0072'}
{'Epoch': 256, 'name': 'low_freq', 'HIT@5': '0.0077', 'NDCG@5': '0.0055', 'HIT@10': '0.0093', 'NDCG@10': '0.0060', 'HIT@20': '0.0134', 'NDCG@20': '0.0071'}
{'Epoch': 256, 'name': 'all', 'HIT@5': '0.0263', 'NDCG@5': '0.0172', 'HIT@10': '0.0420', 'NDCG@10': '0.0222', 'HIT@20': '0.0649', 'NDCG@20': '0.0280'}
EarlyStopping counter: 25 out of 40
rec dataset length: 186
100%|█████████████████████████████████████████████████████████████████████████████████████████████████████████████████████████████████████████████████████████| 186/186 [00:51<00:00,  3.61it/s]
{'epoch': 257, 'rec_avg_loss': '0.3983', 'joint_avg_loss': '0.9676', 'cl_avg_loss': '5.6937', 'itemcl_loss': '0.0000', 'cl_pair_0_loss': '5.6937'}
Recommendation EP_test:257: 100%|| 35/35 [00:07<00:00,  4.40it/s]
{'Epoch': 257, 'name': 'high_freq', 'HIT@5': '0.0353', 'NDCG@5': '0.0235', 'HIT@10': '0.0585', 'NDCG@10': '0.0309', 'HIT@20': '0.0888', 'NDCG@20': '0.0385'}
{'Epoch': 257, 'name': 'mid_freq', 'HIT@5': '0.0079', 'NDCG@5': '0.0050', 'HIT@10': '0.0109', 'NDCG@10': '0.0060', 'HIT@20': '0.0165', 'NDCG@20': '0.0074'}
{'Epoch': 257, 'name': 'low_freq', 'HIT@5': '0.0066', 'NDCG@5': '0.0051', 'HIT@10': '0.0097', 'NDCG@10': '0.0061', 'HIT@20': '0.0124', 'NDCG@20': '0.0068'}
{'Epoch': 257, 'name': 'all', 'HIT@5': '0.0263', 'NDCG@5': '0.0176', 'HIT@10': '0.0431', 'NDCG@10': '0.0230', 'HIT@20': '0.0652', 'NDCG@20': '0.0285'}
EarlyStopping counter: 26 out of 40
rec dataset length: 186
100%|█████████████████████████████████████████████████████████████████████████████████████████████████████████████████████████████████████████████████████████| 186/186 [00:51<00:00,  3.60it/s]
{'epoch': 258, 'rec_avg_loss': '0.3972', 'joint_avg_loss': '0.9665', 'cl_avg_loss': '5.6936', 'itemcl_loss': '0.0000', 'cl_pair_0_loss': '5.6936'}
Recommendation EP_test:258: 100%|| 35/35 [00:08<00:00,  4.26it/s]
{'Epoch': 258, 'name': 'high_freq', 'HIT@5': '0.0342', 'NDCG@5': '0.0225', 'HIT@10': '0.0568', 'NDCG@10': '0.0298', 'HIT@20': '0.0877', 'NDCG@20': '0.0375'}
{'Epoch': 258, 'name': 'mid_freq', 'HIT@5': '0.0083', 'NDCG@5': '0.0054', 'HIT@10': '0.0118', 'NDCG@10': '0.0065', 'HIT@20': '0.0165', 'NDCG@20': '0.0077'}
{'Epoch': 258, 'name': 'low_freq', 'HIT@5': '0.0070', 'NDCG@5': '0.0052', 'HIT@10': '0.0093', 'NDCG@10': '0.0059', 'HIT@20': '0.0127', 'NDCG@20': '0.0068'}
{'Epoch': 258, 'name': 'all', 'HIT@5': '0.0258', 'NDCG@5': '0.0170', 'HIT@10': '0.0421', 'NDCG@10': '0.0223', 'HIT@20': '0.0645', 'NDCG@20': '0.0279'}
EarlyStopping counter: 27 out of 40
rec dataset length: 186
100%|█████████████████████████████████████████████████████████████████████████████████████████████████████████████████████████████████████████████████████████| 186/186 [00:51<00:00,  3.61it/s]
{'epoch': 259, 'rec_avg_loss': '0.3998', 'joint_avg_loss': '0.9694', 'cl_avg_loss': '5.6959', 'itemcl_loss': '0.0000', 'cl_pair_0_loss': '5.6959'}
Recommendation EP_test:259: 100%|| 35/35 [00:08<00:00,  4.35it/s]
{'Epoch': 259, 'name': 'high_freq', 'HIT@5': '0.0342', 'NDCG@5': '0.0224', 'HIT@10': '0.0571', 'NDCG@10': '0.0297', 'HIT@20': '0.0892', 'NDCG@20': '0.0378'}
{'Epoch': 259, 'name': 'mid_freq', 'HIT@5': '0.0085', 'NDCG@5': '0.0057', 'HIT@10': '0.0116', 'NDCG@10': '0.0067', 'HIT@20': '0.0155', 'NDCG@20': '0.0077'}
{'Epoch': 259, 'name': 'low_freq', 'HIT@5': '0.0070', 'NDCG@5': '0.0051', 'HIT@10': '0.0100', 'NDCG@10': '0.0060', 'HIT@20': '0.0129', 'NDCG@20': '0.0067'}
{'Epoch': 259, 'name': 'all', 'HIT@5': '0.0258', 'NDCG@5': '0.0170', 'HIT@10': '0.0423', 'NDCG@10': '0.0223', 'HIT@20': '0.0653', 'NDCG@20': '0.0280'}
EarlyStopping counter: 28 out of 40
rec dataset length: 186
100%|█████████████████████████████████████████████████████████████████████████████████████████████████████████████████████████████████████████████████████████| 186/186 [00:51<00:00,  3.62it/s]
{'epoch': 260, 'rec_avg_loss': '0.4006', 'joint_avg_loss': '0.9694', 'cl_avg_loss': '5.6881', 'itemcl_loss': '0.0000', 'cl_pair_0_loss': '5.6881'}
Recommendation EP_test:260: 100%|| 35/35 [00:08<00:00,  4.33it/s]
{'Epoch': 260, 'name': 'high_freq', 'HIT@5': '0.0340', 'NDCG@5': '0.0224', 'HIT@10': '0.0567', 'NDCG@10': '0.0297', 'HIT@20': '0.0883', 'NDCG@20': '0.0376'}
{'Epoch': 260, 'name': 'mid_freq', 'HIT@5': '0.0076', 'NDCG@5': '0.0055', 'HIT@10': '0.0111', 'NDCG@10': '0.0067', 'HIT@20': '0.0158', 'NDCG@20': '0.0079'}
{'Epoch': 260, 'name': 'low_freq', 'HIT@5': '0.0072', 'NDCG@5': '0.0050', 'HIT@10': '0.0091', 'NDCG@10': '0.0055', 'HIT@20': '0.0129', 'NDCG@20': '0.0065'}
{'Epoch': 260, 'name': 'all', 'HIT@5': '0.0255', 'NDCG@5': '0.0170', 'HIT@10': '0.0418', 'NDCG@10': '0.0222', 'HIT@20': '0.0648', 'NDCG@20': '0.0279'}
EarlyStopping counter: 29 out of 40
rec dataset length: 186
100%|█████████████████████████████████████████████████████████████████████████████████████████████████████████████████████████████████████████████████████████| 186/186 [00:51<00:00,  3.62it/s]
{'epoch': 261, 'rec_avg_loss': '0.3969', 'joint_avg_loss': '0.9653', 'cl_avg_loss': '5.6844', 'itemcl_loss': '0.0000', 'cl_pair_0_loss': '5.6844'}
Recommendation EP_test:261: 100%|| 35/35 [00:07<00:00,  4.41it/s]
{'Epoch': 261, 'name': 'high_freq', 'HIT@5': '0.0360', 'NDCG@5': '0.0236', 'HIT@10': '0.0579', 'NDCG@10': '0.0306', 'HIT@20': '0.0896', 'NDCG@20': '0.0386'}
{'Epoch': 261, 'name': 'mid_freq', 'HIT@5': '0.0089', 'NDCG@5': '0.0061', 'HIT@10': '0.0118', 'NDCG@10': '0.0070', 'HIT@20': '0.0177', 'NDCG@20': '0.0085'}
{'Epoch': 261, 'name': 'low_freq', 'HIT@5': '0.0072', 'NDCG@5': '0.0052', 'HIT@10': '0.0095', 'NDCG@10': '0.0059', 'HIT@20': '0.0127', 'NDCG@20': '0.0068'}
{'Epoch': 261, 'name': 'all', 'HIT@5': '0.0271', 'NDCG@5': '0.0179', 'HIT@10': '0.0428', 'NDCG@10': '0.0229', 'HIT@20': '0.0660', 'NDCG@20': '0.0287'}
EarlyStopping counter: 30 out of 40
rec dataset length: 186
100%|█████████████████████████████████████████████████████████████████████████████████████████████████████████████████████████████████████████████████████████| 186/186 [00:51<00:00,  3.60it/s]
{'epoch': 262, 'rec_avg_loss': '0.3972', 'joint_avg_loss': '0.9660', 'cl_avg_loss': '5.6880', 'itemcl_loss': '0.0000', 'cl_pair_0_loss': '5.6880'}
Recommendation EP_test:262: 100%|| 35/35 [00:07<00:00,  4.40it/s]
{'Epoch': 262, 'name': 'high_freq', 'HIT@5': '0.0355', 'NDCG@5': '0.0233', 'HIT@10': '0.0558', 'NDCG@10': '0.0298', 'HIT@20': '0.0896', 'NDCG@20': '0.0383'}
{'Epoch': 262, 'name': 'mid_freq', 'HIT@5': '0.0089', 'NDCG@5': '0.0061', 'HIT@10': '0.0113', 'NDCG@10': '0.0069', 'HIT@20': '0.0180', 'NDCG@20': '0.0085'}
{'Epoch': 262, 'name': 'low_freq', 'HIT@5': '0.0072', 'NDCG@5': '0.0052', 'HIT@10': '0.0091', 'NDCG@10': '0.0058', 'HIT@20': '0.0134', 'NDCG@20': '0.0069'}
{'Epoch': 262, 'name': 'all', 'HIT@5': '0.0268', 'NDCG@5': '0.0177', 'HIT@10': '0.0413', 'NDCG@10': '0.0224', 'HIT@20': '0.0661', 'NDCG@20': '0.0286'}
EarlyStopping counter: 31 out of 40
rec dataset length: 186
100%|█████████████████████████████████████████████████████████████████████████████████████████████████████████████████████████████████████████████████████████| 186/186 [00:51<00:00,  3.61it/s]
{'epoch': 263, 'rec_avg_loss': '0.3975', 'joint_avg_loss': '0.9667', 'cl_avg_loss': '5.6923', 'itemcl_loss': '0.0000', 'cl_pair_0_loss': '5.6923'}
Recommendation EP_test:263: 100%|| 35/35 [00:08<00:00,  4.37it/s]
{'Epoch': 263, 'name': 'high_freq', 'HIT@5': '0.0369', 'NDCG@5': '0.0241', 'HIT@10': '0.0588', 'NDCG@10': '0.0311', 'HIT@20': '0.0921', 'NDCG@20': '0.0394'}
{'Epoch': 263, 'name': 'mid_freq', 'HIT@5': '0.0080', 'NDCG@5': '0.0057', 'HIT@10': '0.0113', 'NDCG@10': '0.0068', 'HIT@20': '0.0174', 'NDCG@20': '0.0083'}
{'Epoch': 263, 'name': 'low_freq', 'HIT@5': '0.0068', 'NDCG@5': '0.0052', 'HIT@10': '0.0084', 'NDCG@10': '0.0057', 'HIT@20': '0.0136', 'NDCG@20': '0.0070'}
{'Epoch': 263, 'name': 'all', 'HIT@5': '0.0275', 'NDCG@5': '0.0181', 'HIT@10': '0.0432', 'NDCG@10': '0.0232', 'HIT@20': '0.0677', 'NDCG@20': '0.0293'}
Validation score increased.  Saving model ...
rec dataset length: 186
100%|█████████████████████████████████████████████████████████████████████████████████████████████████████████████████████████████████████████████████████████| 186/186 [00:51<00:00,  3.59it/s]
{'epoch': 264, 'rec_avg_loss': '0.3968', 'joint_avg_loss': '0.9648', 'cl_avg_loss': '5.6797', 'itemcl_loss': '0.0000', 'cl_pair_0_loss': '5.6797'}
Recommendation EP_test:264: 100%|| 35/35 [00:07<00:00,  4.51it/s]
{'Epoch': 264, 'name': 'high_freq', 'HIT@5': '0.0367', 'NDCG@5': '0.0237', 'HIT@10': '0.0588', 'NDCG@10': '0.0308', 'HIT@20': '0.0899', 'NDCG@20': '0.0386'}
{'Epoch': 264, 'name': 'mid_freq', 'HIT@5': '0.0079', 'NDCG@5': '0.0055', 'HIT@10': '0.0119', 'NDCG@10': '0.0068', 'HIT@20': '0.0177', 'NDCG@20': '0.0083'}
{'Epoch': 264, 'name': 'low_freq', 'HIT@5': '0.0068', 'NDCG@5': '0.0049', 'HIT@10': '0.0093', 'NDCG@10': '0.0057', 'HIT@20': '0.0131', 'NDCG@20': '0.0067'}
{'Epoch': 264, 'name': 'all', 'HIT@5': '0.0273', 'NDCG@5': '0.0178', 'HIT@10': '0.0435', 'NDCG@10': '0.0230', 'HIT@20': '0.0663', 'NDCG@20': '0.0287'}
EarlyStopping counter: 1 out of 40
rec dataset length: 186
100%|█████████████████████████████████████████████████████████████████████████████████████████████████████████████████████████████████████████████████████████| 186/186 [00:51<00:00,  3.60it/s]
{'epoch': 265, 'rec_avg_loss': '0.3977', 'joint_avg_loss': '0.9669', 'cl_avg_loss': '5.6914', 'itemcl_loss': '0.0000', 'cl_pair_0_loss': '5.6914'}
Recommendation EP_test:265: 100%|| 35/35 [00:07<00:00,  4.38it/s]
{'Epoch': 265, 'name': 'high_freq', 'HIT@5': '0.0376', 'NDCG@5': '0.0240', 'HIT@10': '0.0585', 'NDCG@10': '0.0307', 'HIT@20': '0.0895', 'NDCG@20': '0.0385'}
{'Epoch': 265, 'name': 'mid_freq', 'HIT@5': '0.0078', 'NDCG@5': '0.0053', 'HIT@10': '0.0108', 'NDCG@10': '0.0062', 'HIT@20': '0.0168', 'NDCG@20': '0.0077'}
{'Epoch': 265, 'name': 'low_freq', 'HIT@5': '0.0068', 'NDCG@5': '0.0051', 'HIT@10': '0.0093', 'NDCG@10': '0.0059', 'HIT@20': '0.0127', 'NDCG@20': '0.0067'}
{'Epoch': 265, 'name': 'all', 'HIT@5': '0.0279', 'NDCG@5': '0.0180', 'HIT@10': '0.0431', 'NDCG@10': '0.0229', 'HIT@20': '0.0658', 'NDCG@20': '0.0286'}
EarlyStopping counter: 2 out of 40
rec dataset length: 186
100%|█████████████████████████████████████████████████████████████████████████████████████████████████████████████████████████████████████████████████████████| 186/186 [00:51<00:00,  3.62it/s]
{'epoch': 266, 'rec_avg_loss': '0.3964', 'joint_avg_loss': '0.9645', 'cl_avg_loss': '5.6805', 'itemcl_loss': '0.0000', 'cl_pair_0_loss': '5.6805'}
Recommendation EP_test:266: 100%|| 35/35 [00:07<00:00,  4.51it/s]
{'Epoch': 266, 'name': 'high_freq', 'HIT@5': '0.0365', 'NDCG@5': '0.0238', 'HIT@10': '0.0579', 'NDCG@10': '0.0307', 'HIT@20': '0.0911', 'NDCG@20': '0.0390'}
{'Epoch': 266, 'name': 'mid_freq', 'HIT@5': '0.0063', 'NDCG@5': '0.0047', 'HIT@10': '0.0103', 'NDCG@10': '0.0060', 'HIT@20': '0.0169', 'NDCG@20': '0.0076'}
{'Epoch': 266, 'name': 'low_freq', 'HIT@5': '0.0072', 'NDCG@5': '0.0054', 'HIT@10': '0.0095', 'NDCG@10': '0.0061', 'HIT@20': '0.0131', 'NDCG@20': '0.0070'}
{'Epoch': 266, 'name': 'all', 'HIT@5': '0.0269', 'NDCG@5': '0.0178', 'HIT@10': '0.0426', 'NDCG@10': '0.0228', 'HIT@20': '0.0669', 'NDCG@20': '0.0289'}
EarlyStopping counter: 3 out of 40
rec dataset length: 186
100%|█████████████████████████████████████████████████████████████████████████████████████████████████████████████████████████████████████████████████████████| 186/186 [00:51<00:00,  3.60it/s]
{'epoch': 267, 'rec_avg_loss': '0.3971', 'joint_avg_loss': '0.9659', 'cl_avg_loss': '5.6881', 'itemcl_loss': '0.0000', 'cl_pair_0_loss': '5.6881'}
Recommendation EP_test:267: 100%|| 35/35 [00:07<00:00,  4.39it/s]
{'Epoch': 267, 'name': 'high_freq', 'HIT@5': '0.0362', 'NDCG@5': '0.0238', 'HIT@10': '0.0583', 'NDCG@10': '0.0309', 'HIT@20': '0.0915', 'NDCG@20': '0.0392'}
{'Epoch': 267, 'name': 'mid_freq', 'HIT@5': '0.0070', 'NDCG@5': '0.0051', 'HIT@10': '0.0111', 'NDCG@10': '0.0064', 'HIT@20': '0.0167', 'NDCG@20': '0.0078'}
{'Epoch': 267, 'name': 'low_freq', 'HIT@5': '0.0079', 'NDCG@5': '0.0056', 'HIT@10': '0.0095', 'NDCG@10': '0.0061', 'HIT@20': '0.0120', 'NDCG@20': '0.0067'}
{'Epoch': 267, 'name': 'all', 'HIT@5': '0.0270', 'NDCG@5': '0.0179', 'HIT@10': '0.0430', 'NDCG@10': '0.0230', 'HIT@20': '0.0670', 'NDCG@20': '0.0290'}
EarlyStopping counter: 4 out of 40
rec dataset length: 186
100%|█████████████████████████████████████████████████████████████████████████████████████████████████████████████████████████████████████████████████████████| 186/186 [00:51<00:00,  3.60it/s]
{'epoch': 268, 'rec_avg_loss': '0.3960', 'joint_avg_loss': '0.9646', 'cl_avg_loss': '5.6856', 'itemcl_loss': '0.0000', 'cl_pair_0_loss': '5.6856'}
Recommendation EP_test:268: 100%|| 35/35 [00:07<00:00,  4.58it/s]
{'Epoch': 268, 'name': 'high_freq', 'HIT@5': '0.0353', 'NDCG@5': '0.0232', 'HIT@10': '0.0570', 'NDCG@10': '0.0302', 'HIT@20': '0.0894', 'NDCG@20': '0.0383'}
{'Epoch': 268, 'name': 'mid_freq', 'HIT@5': '0.0080', 'NDCG@5': '0.0056', 'HIT@10': '0.0121', 'NDCG@10': '0.0069', 'HIT@20': '0.0174', 'NDCG@20': '0.0082'}
{'Epoch': 268, 'name': 'low_freq', 'HIT@5': '0.0077', 'NDCG@5': '0.0057', 'HIT@10': '0.0100', 'NDCG@10': '0.0064', 'HIT@20': '0.0134', 'NDCG@20': '0.0073'}
{'Epoch': 268, 'name': 'all', 'HIT@5': '0.0266', 'NDCG@5': '0.0176', 'HIT@10': '0.0424', 'NDCG@10': '0.0227', 'HIT@20': '0.0659', 'NDCG@20': '0.0286'}
EarlyStopping counter: 5 out of 40
rec dataset length: 186
100%|█████████████████████████████████████████████████████████████████████████████████████████████████████████████████████████████████████████████████████████| 186/186 [00:51<00:00,  3.60it/s]
{'epoch': 269, 'rec_avg_loss': '0.3969', 'joint_avg_loss': '0.9660', 'cl_avg_loss': '5.6910', 'itemcl_loss': '0.0000', 'cl_pair_0_loss': '5.6910'}
Recommendation EP_test:269: 100%|| 35/35 [00:07<00:00,  4.47it/s]
{'Epoch': 269, 'name': 'high_freq', 'HIT@5': '0.0362', 'NDCG@5': '0.0238', 'HIT@10': '0.0576', 'NDCG@10': '0.0306', 'HIT@20': '0.0899', 'NDCG@20': '0.0387'}
{'Epoch': 269, 'name': 'mid_freq', 'HIT@5': '0.0090', 'NDCG@5': '0.0061', 'HIT@10': '0.0118', 'NDCG@10': '0.0070', 'HIT@20': '0.0168', 'NDCG@20': '0.0082'}
{'Epoch': 269, 'name': 'low_freq', 'HIT@5': '0.0072', 'NDCG@5': '0.0053', 'HIT@10': '0.0086', 'NDCG@10': '0.0058', 'HIT@20': '0.0134', 'NDCG@20': '0.0069'}
{'Epoch': 269, 'name': 'all', 'HIT@5': '0.0273', 'NDCG@5': '0.0180', 'HIT@10': '0.0426', 'NDCG@10': '0.0229', 'HIT@20': '0.0661', 'NDCG@20': '0.0288'}
EarlyStopping counter: 6 out of 40
rec dataset length: 186
100%|█████████████████████████████████████████████████████████████████████████████████████████████████████████████████████████████████████████████████████████| 186/186 [00:51<00:00,  3.60it/s]
{'epoch': 270, 'rec_avg_loss': '0.3913', 'joint_avg_loss': '0.9592', 'cl_avg_loss': '5.6789', 'itemcl_loss': '0.0000', 'cl_pair_0_loss': '5.6789'}
Recommendation EP_test:270: 100%|| 35/35 [00:07<00:00,  4.43it/s]
{'Epoch': 270, 'name': 'high_freq', 'HIT@5': '0.0349', 'NDCG@5': '0.0231', 'HIT@10': '0.0567', 'NDCG@10': '0.0301', 'HIT@20': '0.0877', 'NDCG@20': '0.0379'}
{'Epoch': 270, 'name': 'mid_freq', 'HIT@5': '0.0076', 'NDCG@5': '0.0053', 'HIT@10': '0.0112', 'NDCG@10': '0.0065', 'HIT@20': '0.0182', 'NDCG@20': '0.0083'}
{'Epoch': 270, 'name': 'low_freq', 'HIT@5': '0.0072', 'NDCG@5': '0.0054', 'HIT@10': '0.0084', 'NDCG@10': '0.0057', 'HIT@20': '0.0118', 'NDCG@20': '0.0066'}
{'Epoch': 270, 'name': 'all', 'HIT@5': '0.0261', 'NDCG@5': '0.0174', 'HIT@10': '0.0418', 'NDCG@10': '0.0224', 'HIT@20': '0.0647', 'NDCG@20': '0.0282'}
EarlyStopping counter: 7 out of 40
rec dataset length: 186
100%|█████████████████████████████████████████████████████████████████████████████████████████████████████████████████████████████████████████████████████████| 186/186 [00:51<00:00,  3.61it/s]
{'epoch': 271, 'rec_avg_loss': '0.3960', 'joint_avg_loss': '0.9645', 'cl_avg_loss': '5.6851', 'itemcl_loss': '0.0000', 'cl_pair_0_loss': '5.6851'}
Recommendation EP_test:271: 100%|| 35/35 [00:07<00:00,  4.44it/s]
{'Epoch': 271, 'name': 'high_freq', 'HIT@5': '0.0362', 'NDCG@5': '0.0236', 'HIT@10': '0.0585', 'NDCG@10': '0.0307', 'HIT@20': '0.0891', 'NDCG@20': '0.0384'}
{'Epoch': 271, 'name': 'mid_freq', 'HIT@5': '0.0080', 'NDCG@5': '0.0057', 'HIT@10': '0.0108', 'NDCG@10': '0.0066', 'HIT@20': '0.0182', 'NDCG@20': '0.0085'}
{'Epoch': 271, 'name': 'low_freq', 'HIT@5': '0.0070', 'NDCG@5': '0.0056', 'HIT@10': '0.0091', 'NDCG@10': '0.0062', 'HIT@20': '0.0124', 'NDCG@20': '0.0071'}
{'Epoch': 271, 'name': 'all', 'HIT@5': '0.0271', 'NDCG@5': '0.0179', 'HIT@10': '0.0430', 'NDCG@10': '0.0230', 'HIT@20': '0.0657', 'NDCG@20': '0.0286'}
EarlyStopping counter: 8 out of 40
rec dataset length: 186
100%|█████████████████████████████████████████████████████████████████████████████████████████████████████████████████████████████████████████████████████████| 186/186 [00:51<00:00,  3.60it/s]
{'epoch': 272, 'rec_avg_loss': '0.3957', 'joint_avg_loss': '0.9644', 'cl_avg_loss': '5.6875', 'itemcl_loss': '0.0000', 'cl_pair_0_loss': '5.6875'}
Recommendation EP_test:272: 100%|| 35/35 [00:07<00:00,  4.39it/s]
{'Epoch': 272, 'name': 'high_freq', 'HIT@5': '0.0353', 'NDCG@5': '0.0230', 'HIT@10': '0.0586', 'NDCG@10': '0.0306', 'HIT@20': '0.0887', 'NDCG@20': '0.0382'}
{'Epoch': 272, 'name': 'mid_freq', 'HIT@5': '0.0082', 'NDCG@5': '0.0057', 'HIT@10': '0.0111', 'NDCG@10': '0.0067', 'HIT@20': '0.0174', 'NDCG@20': '0.0083'}
{'Epoch': 272, 'name': 'low_freq', 'HIT@5': '0.0075', 'NDCG@5': '0.0055', 'HIT@10': '0.0093', 'NDCG@10': '0.0061', 'HIT@20': '0.0122', 'NDCG@20': '0.0069'}
{'Epoch': 272, 'name': 'all', 'HIT@5': '0.0265', 'NDCG@5': '0.0175', 'HIT@10': '0.0432', 'NDCG@10': '0.0229', 'HIT@20': '0.0653', 'NDCG@20': '0.0284'}
EarlyStopping counter: 9 out of 40
rec dataset length: 186
100%|█████████████████████████████████████████████████████████████████████████████████████████████████████████████████████████████████████████████████████████| 186/186 [00:51<00:00,  3.61it/s]
{'epoch': 273, 'rec_avg_loss': '0.3955', 'joint_avg_loss': '0.9639', 'cl_avg_loss': '5.6835', 'itemcl_loss': '0.0000', 'cl_pair_0_loss': '5.6835'}
Recommendation EP_test:273: 100%|| 35/35 [00:08<00:00,  4.37it/s]
{'Epoch': 273, 'name': 'high_freq', 'HIT@5': '0.0361', 'NDCG@5': '0.0235', 'HIT@10': '0.0589', 'NDCG@10': '0.0308', 'HIT@20': '0.0889', 'NDCG@20': '0.0383'}
{'Epoch': 273, 'name': 'mid_freq', 'HIT@5': '0.0088', 'NDCG@5': '0.0059', 'HIT@10': '0.0122', 'NDCG@10': '0.0070', 'HIT@20': '0.0177', 'NDCG@20': '0.0084'}
{'Epoch': 273, 'name': 'low_freq', 'HIT@5': '0.0079', 'NDCG@5': '0.0059', 'HIT@10': '0.0100', 'NDCG@10': '0.0066', 'HIT@20': '0.0122', 'NDCG@20': '0.0072'}
{'Epoch': 273, 'name': 'all', 'HIT@5': '0.0272', 'NDCG@5': '0.0179', 'HIT@10': '0.0437', 'NDCG@10': '0.0231', 'HIT@20': '0.0654', 'NDCG@20': '0.0286'}
EarlyStopping counter: 10 out of 40
rec dataset length: 186
100%|█████████████████████████████████████████████████████████████████████████████████████████████████████████████████████████████████████████████████████████| 186/186 [00:51<00:00,  3.61it/s]
{'epoch': 274, 'rec_avg_loss': '0.3905', 'joint_avg_loss': '0.9589', 'cl_avg_loss': '5.6844', 'itemcl_loss': '0.0000', 'cl_pair_0_loss': '5.6844'}
Recommendation EP_test:274: 100%|| 35/35 [00:07<00:00,  4.49it/s]
{'Epoch': 274, 'name': 'high_freq', 'HIT@5': '0.0356', 'NDCG@5': '0.0235', 'HIT@10': '0.0573', 'NDCG@10': '0.0305', 'HIT@20': '0.0899', 'NDCG@20': '0.0387'}
{'Epoch': 274, 'name': 'mid_freq', 'HIT@5': '0.0083', 'NDCG@5': '0.0059', 'HIT@10': '0.0124', 'NDCG@10': '0.0072', 'HIT@20': '0.0181', 'NDCG@20': '0.0086'}
{'Epoch': 274, 'name': 'low_freq', 'HIT@5': '0.0077', 'NDCG@5': '0.0056', 'HIT@10': '0.0097', 'NDCG@10': '0.0063', 'HIT@20': '0.0124', 'NDCG@20': '0.0069'}
{'Epoch': 274, 'name': 'all', 'HIT@5': '0.0268', 'NDCG@5': '0.0178', 'HIT@10': '0.0426', 'NDCG@10': '0.0229', 'HIT@20': '0.0662', 'NDCG@20': '0.0288'}
EarlyStopping counter: 11 out of 40
rec dataset length: 186
100%|█████████████████████████████████████████████████████████████████████████████████████████████████████████████████████████████████████████████████████████| 186/186 [00:51<00:00,  3.60it/s]
{'epoch': 275, 'rec_avg_loss': '0.3952', 'joint_avg_loss': '0.9637', 'cl_avg_loss': '5.6851', 'itemcl_loss': '0.0000', 'cl_pair_0_loss': '5.6851'}
Recommendation EP_test:275: 100%|| 35/35 [00:07<00:00,  4.55it/s]
{'Epoch': 275, 'name': 'high_freq', 'HIT@5': '0.0365', 'NDCG@5': '0.0235', 'HIT@10': '0.0570', 'NDCG@10': '0.0301', 'HIT@20': '0.0895', 'NDCG@20': '0.0383'}
{'Epoch': 275, 'name': 'mid_freq', 'HIT@5': '0.0086', 'NDCG@5': '0.0059', 'HIT@10': '0.0113', 'NDCG@10': '0.0067', 'HIT@20': '0.0168', 'NDCG@20': '0.0081'}
{'Epoch': 275, 'name': 'low_freq', 'HIT@5': '0.0077', 'NDCG@5': '0.0057', 'HIT@10': '0.0102', 'NDCG@10': '0.0065', 'HIT@20': '0.0129', 'NDCG@20': '0.0072'}
{'Epoch': 275, 'name': 'all', 'HIT@5': '0.0274', 'NDCG@5': '0.0179', 'HIT@10': '0.0422', 'NDCG@10': '0.0226', 'HIT@20': '0.0658', 'NDCG@20': '0.0285'}
EarlyStopping counter: 12 out of 40
rec dataset length: 186
100%|█████████████████████████████████████████████████████████████████████████████████████████████████████████████████████████████████████████████████████████| 186/186 [00:51<00:00,  3.59it/s]
{'epoch': 276, 'rec_avg_loss': '0.3913', 'joint_avg_loss': '0.9600', 'cl_avg_loss': '5.6872', 'itemcl_loss': '0.0000', 'cl_pair_0_loss': '5.6872'}
Recommendation EP_test:276: 100%|| 35/35 [00:07<00:00,  4.49it/s]
{'Epoch': 276, 'name': 'high_freq', 'HIT@5': '0.0348', 'NDCG@5': '0.0228', 'HIT@10': '0.0562', 'NDCG@10': '0.0297', 'HIT@20': '0.0885', 'NDCG@20': '0.0378'}
{'Epoch': 276, 'name': 'mid_freq', 'HIT@5': '0.0082', 'NDCG@5': '0.0058', 'HIT@10': '0.0125', 'NDCG@10': '0.0072', 'HIT@20': '0.0169', 'NDCG@20': '0.0083'}
{'Epoch': 276, 'name': 'low_freq', 'HIT@5': '0.0072', 'NDCG@5': '0.0059', 'HIT@10': '0.0106', 'NDCG@10': '0.0070', 'HIT@20': '0.0131', 'NDCG@20': '0.0076'}
{'Epoch': 276, 'name': 'all', 'HIT@5': '0.0262', 'NDCG@5': '0.0174', 'HIT@10': '0.0420', 'NDCG@10': '0.0225', 'HIT@20': '0.0652', 'NDCG@20': '0.0283'}
EarlyStopping counter: 13 out of 40
rec dataset length: 186
100%|█████████████████████████████████████████████████████████████████████████████████████████████████████████████████████████████████████████████████████████| 186/186 [00:51<00:00,  3.62it/s]
{'epoch': 277, 'rec_avg_loss': '0.3939', 'joint_avg_loss': '0.9619', 'cl_avg_loss': '5.6805', 'itemcl_loss': '0.0000', 'cl_pair_0_loss': '5.6805'}
Recommendation EP_test:277: 100%|| 35/35 [00:07<00:00,  4.47it/s]
{'Epoch': 277, 'name': 'high_freq', 'HIT@5': '0.0353', 'NDCG@5': '0.0233', 'HIT@10': '0.0569', 'NDCG@10': '0.0303', 'HIT@20': '0.0880', 'NDCG@20': '0.0380'}
{'Epoch': 277, 'name': 'mid_freq', 'HIT@5': '0.0085', 'NDCG@5': '0.0062', 'HIT@10': '0.0122', 'NDCG@10': '0.0074', 'HIT@20': '0.0162', 'NDCG@20': '0.0084'}
{'Epoch': 277, 'name': 'low_freq', 'HIT@5': '0.0077', 'NDCG@5': '0.0060', 'HIT@10': '0.0106', 'NDCG@10': '0.0069', 'HIT@20': '0.0136', 'NDCG@20': '0.0077'}
{'Epoch': 277, 'name': 'all', 'HIT@5': '0.0266', 'NDCG@5': '0.0178', 'HIT@10': '0.0424', 'NDCG@10': '0.0229', 'HIT@20': '0.0647', 'NDCG@20': '0.0285'}
EarlyStopping counter: 14 out of 40
rec dataset length: 186
100%|█████████████████████████████████████████████████████████████████████████████████████████████████████████████████████████████████████████████████████████| 186/186 [00:51<00:00,  3.60it/s]
{'epoch': 278, 'rec_avg_loss': '0.3956', 'joint_avg_loss': '0.9629', 'cl_avg_loss': '5.6728', 'itemcl_loss': '0.0000', 'cl_pair_0_loss': '5.6728'}
Recommendation EP_test:278: 100%|| 35/35 [00:07<00:00,  4.48it/s]
{'Epoch': 278, 'name': 'high_freq', 'HIT@5': '0.0352', 'NDCG@5': '0.0235', 'HIT@10': '0.0572', 'NDCG@10': '0.0305', 'HIT@20': '0.0910', 'NDCG@20': '0.0391'}
{'Epoch': 278, 'name': 'mid_freq', 'HIT@5': '0.0082', 'NDCG@5': '0.0056', 'HIT@10': '0.0115', 'NDCG@10': '0.0067', 'HIT@20': '0.0158', 'NDCG@20': '0.0078'}
{'Epoch': 278, 'name': 'low_freq', 'HIT@5': '0.0068', 'NDCG@5': '0.0056', 'HIT@10': '0.0100', 'NDCG@10': '0.0066', 'HIT@20': '0.0124', 'NDCG@20': '0.0072'}
{'Epoch': 278, 'name': 'all', 'HIT@5': '0.0264', 'NDCG@5': '0.0178', 'HIT@10': '0.0424', 'NDCG@10': '0.0229', 'HIT@20': '0.0665', 'NDCG@20': '0.0290'}
EarlyStopping counter: 15 out of 40
rec dataset length: 186
100%|█████████████████████████████████████████████████████████████████████████████████████████████████████████████████████████████████████████████████████████| 186/186 [00:51<00:00,  3.60it/s]
{'epoch': 279, 'rec_avg_loss': '0.3917', 'joint_avg_loss': '0.9590', 'cl_avg_loss': '5.6733', 'itemcl_loss': '0.0000', 'cl_pair_0_loss': '5.6733'}
Recommendation EP_test:279: 100%|| 35/35 [00:07<00:00,  4.52it/s]
{'Epoch': 279, 'name': 'high_freq', 'HIT@5': '0.0348', 'NDCG@5': '0.0230', 'HIT@10': '0.0565', 'NDCG@10': '0.0299', 'HIT@20': '0.0887', 'NDCG@20': '0.0380'}
{'Epoch': 279, 'name': 'mid_freq', 'HIT@5': '0.0101', 'NDCG@5': '0.0069', 'HIT@10': '0.0131', 'NDCG@10': '0.0079', 'HIT@20': '0.0177', 'NDCG@20': '0.0091'}
{'Epoch': 279, 'name': 'low_freq', 'HIT@5': '0.0070', 'NDCG@5': '0.0057', 'HIT@10': '0.0104', 'NDCG@10': '0.0068', 'HIT@20': '0.0134', 'NDCG@20': '0.0075'}
{'Epoch': 279, 'name': 'all', 'HIT@5': '0.0265', 'NDCG@5': '0.0177', 'HIT@10': '0.0423', 'NDCG@10': '0.0227', 'HIT@20': '0.0655', 'NDCG@20': '0.0286'}
EarlyStopping counter: 16 out of 40
rec dataset length: 186
100%|█████████████████████████████████████████████████████████████████████████████████████████████████████████████████████████████████████████████████████████| 186/186 [00:51<00:00,  3.62it/s]
{'epoch': 280, 'rec_avg_loss': '0.3923', 'joint_avg_loss': '0.9601', 'cl_avg_loss': '5.6774', 'itemcl_loss': '0.0000', 'cl_pair_0_loss': '5.6774'}
Recommendation EP_test:280: 100%|| 35/35 [00:07<00:00,  4.58it/s]
{'Epoch': 280, 'name': 'high_freq', 'HIT@5': '0.0351', 'NDCG@5': '0.0229', 'HIT@10': '0.0577', 'NDCG@10': '0.0302', 'HIT@20': '0.0903', 'NDCG@20': '0.0383'}
{'Epoch': 280, 'name': 'mid_freq', 'HIT@5': '0.0090', 'NDCG@5': '0.0066', 'HIT@10': '0.0124', 'NDCG@10': '0.0077', 'HIT@20': '0.0184', 'NDCG@20': '0.0092'}
{'Epoch': 280, 'name': 'low_freq', 'HIT@5': '0.0079', 'NDCG@5': '0.0063', 'HIT@10': '0.0102', 'NDCG@10': '0.0071', 'HIT@20': '0.0136', 'NDCG@20': '0.0079'}
{'Epoch': 280, 'name': 'all', 'HIT@5': '0.0266', 'NDCG@5': '0.0176', 'HIT@10': '0.0430', 'NDCG@10': '0.0229', 'HIT@20': '0.0667', 'NDCG@20': '0.0288'}
EarlyStopping counter: 17 out of 40
rec dataset length: 186
100%|█████████████████████████████████████████████████████████████████████████████████████████████████████████████████████████████████████████████████████████| 186/186 [00:51<00:00,  3.60it/s]
{'epoch': 281, 'rec_avg_loss': '0.3911', 'joint_avg_loss': '0.9592', 'cl_avg_loss': '5.6806', 'itemcl_loss': '0.0000', 'cl_pair_0_loss': '5.6806'}
Recommendation EP_test:281: 100%|| 35/35 [00:07<00:00,  4.47it/s]
{'Epoch': 281, 'name': 'high_freq', 'HIT@5': '0.0353', 'NDCG@5': '0.0231', 'HIT@10': '0.0577', 'NDCG@10': '0.0302', 'HIT@20': '0.0905', 'NDCG@20': '0.0385'}
{'Epoch': 281, 'name': 'mid_freq', 'HIT@5': '0.0093', 'NDCG@5': '0.0067', 'HIT@10': '0.0122', 'NDCG@10': '0.0076', 'HIT@20': '0.0174', 'NDCG@20': '0.0089'}
{'Epoch': 281, 'name': 'low_freq', 'HIT@5': '0.0075', 'NDCG@5': '0.0060', 'HIT@10': '0.0100', 'NDCG@10': '0.0068', 'HIT@20': '0.0122', 'NDCG@20': '0.0074'}
{'Epoch': 281, 'name': 'all', 'HIT@5': '0.0267', 'NDCG@5': '0.0178', 'HIT@10': '0.0429', 'NDCG@10': '0.0229', 'HIT@20': '0.0665', 'NDCG@20': '0.0288'}
EarlyStopping counter: 18 out of 40
rec dataset length: 186
100%|█████████████████████████████████████████████████████████████████████████████████████████████████████████████████████████████████████████████████████████| 186/186 [00:51<00:00,  3.61it/s]
{'epoch': 282, 'rec_avg_loss': '0.3927', 'joint_avg_loss': '0.9601', 'cl_avg_loss': '5.6741', 'itemcl_loss': '0.0000', 'cl_pair_0_loss': '5.6741'}
Recommendation EP_test:282: 100%|| 35/35 [00:07<00:00,  4.47it/s]
{'Epoch': 282, 'name': 'high_freq', 'HIT@5': '0.0351', 'NDCG@5': '0.0232', 'HIT@10': '0.0557', 'NDCG@10': '0.0297', 'HIT@20': '0.0894', 'NDCG@20': '0.0382'}
{'Epoch': 282, 'name': 'mid_freq', 'HIT@5': '0.0092', 'NDCG@5': '0.0064', 'HIT@10': '0.0132', 'NDCG@10': '0.0078', 'HIT@20': '0.0185', 'NDCG@20': '0.0091'}
{'Epoch': 282, 'name': 'low_freq', 'HIT@5': '0.0070', 'NDCG@5': '0.0057', 'HIT@10': '0.0095', 'NDCG@10': '0.0065', 'HIT@20': '0.0134', 'NDCG@20': '0.0075'}
{'Epoch': 282, 'name': 'all', 'HIT@5': '0.0265', 'NDCG@5': '0.0177', 'HIT@10': '0.0416', 'NDCG@10': '0.0225', 'HIT@20': '0.0661', 'NDCG@20': '0.0287'}
EarlyStopping counter: 19 out of 40
rec dataset length: 186
100%|█████████████████████████████████████████████████████████████████████████████████████████████████████████████████████████████████████████████████████████| 186/186 [00:51<00:00,  3.60it/s]
{'epoch': 283, 'rec_avg_loss': '0.3938', 'joint_avg_loss': '0.9618', 'cl_avg_loss': '5.6802', 'itemcl_loss': '0.0000', 'cl_pair_0_loss': '5.6802'}
Recommendation EP_test:283: 100%|| 35/35 [00:07<00:00,  4.40it/s]
{'Epoch': 283, 'name': 'high_freq', 'HIT@5': '0.0349', 'NDCG@5': '0.0228', 'HIT@10': '0.0575', 'NDCG@10': '0.0300', 'HIT@20': '0.0891', 'NDCG@20': '0.0380'}
{'Epoch': 283, 'name': 'mid_freq', 'HIT@5': '0.0085', 'NDCG@5': '0.0064', 'HIT@10': '0.0126', 'NDCG@10': '0.0077', 'HIT@20': '0.0191', 'NDCG@20': '0.0093'}
{'Epoch': 283, 'name': 'low_freq', 'HIT@5': '0.0068', 'NDCG@5': '0.0054', 'HIT@10': '0.0102', 'NDCG@10': '0.0065', 'HIT@20': '0.0131', 'NDCG@20': '0.0072'}
{'Epoch': 283, 'name': 'all', 'HIT@5': '0.0263', 'NDCG@5': '0.0174', 'HIT@10': '0.0428', 'NDCG@10': '0.0228', 'HIT@20': '0.0660', 'NDCG@20': '0.0286'}
EarlyStopping counter: 20 out of 40
rec dataset length: 186
100%|█████████████████████████████████████████████████████████████████████████████████████████████████████████████████████████████████████████████████████████| 186/186 [00:51<00:00,  3.62it/s]
{'epoch': 284, 'rec_avg_loss': '0.3937', 'joint_avg_loss': '0.9609', 'cl_avg_loss': '5.6726', 'itemcl_loss': '0.0000', 'cl_pair_0_loss': '5.6726'}
Recommendation EP_test:284: 100%|| 35/35 [00:07<00:00,  4.41it/s]
{'Epoch': 284, 'name': 'high_freq', 'HIT@5': '0.0342', 'NDCG@5': '0.0224', 'HIT@10': '0.0550', 'NDCG@10': '0.0291', 'HIT@20': '0.0868', 'NDCG@20': '0.0371'}
{'Epoch': 284, 'name': 'mid_freq', 'HIT@5': '0.0090', 'NDCG@5': '0.0067', 'HIT@10': '0.0125', 'NDCG@10': '0.0078', 'HIT@20': '0.0175', 'NDCG@20': '0.0090'}
{'Epoch': 284, 'name': 'low_freq', 'HIT@5': '0.0081', 'NDCG@5': '0.0063', 'HIT@10': '0.0102', 'NDCG@10': '0.0070', 'HIT@20': '0.0138', 'NDCG@20': '0.0079'}
{'Epoch': 284, 'name': 'all', 'HIT@5': '0.0260', 'NDCG@5': '0.0173', 'HIT@10': '0.0411', 'NDCG@10': '0.0222', 'HIT@20': '0.0642', 'NDCG@20': '0.0280'}
EarlyStopping counter: 21 out of 40
rec dataset length: 186
100%|█████████████████████████████████████████████████████████████████████████████████████████████████████████████████████████████████████████████████████████| 186/186 [00:51<00:00,  3.62it/s]
{'epoch': 285, 'rec_avg_loss': '0.3902', 'joint_avg_loss': '0.9581', 'cl_avg_loss': '5.6781', 'itemcl_loss': '0.0000', 'cl_pair_0_loss': '5.6781'}
Recommendation EP_test:285: 100%|| 35/35 [00:08<00:00,  4.37it/s]
{'Epoch': 285, 'name': 'high_freq', 'HIT@5': '0.0356', 'NDCG@5': '0.0232', 'HIT@10': '0.0579', 'NDCG@10': '0.0303', 'HIT@20': '0.0890', 'NDCG@20': '0.0382'}
{'Epoch': 285, 'name': 'mid_freq', 'HIT@5': '0.0083', 'NDCG@5': '0.0063', 'HIT@10': '0.0116', 'NDCG@10': '0.0073', 'HIT@20': '0.0172', 'NDCG@20': '0.0087'}
{'Epoch': 285, 'name': 'low_freq', 'HIT@5': '0.0068', 'NDCG@5': '0.0053', 'HIT@10': '0.0095', 'NDCG@10': '0.0062', 'HIT@20': '0.0131', 'NDCG@20': '0.0071'}
{'Epoch': 285, 'name': 'all', 'HIT@5': '0.0267', 'NDCG@5': '0.0177', 'HIT@10': '0.0428', 'NDCG@10': '0.0228', 'HIT@20': '0.0656', 'NDCG@20': '0.0285'}
EarlyStopping counter: 22 out of 40
rec dataset length: 186
100%|█████████████████████████████████████████████████████████████████████████████████████████████████████████████████████████████████████████████████████████| 186/186 [00:51<00:00,  3.60it/s]
{'epoch': 286, 'rec_avg_loss': '0.3913', 'joint_avg_loss': '0.9591', 'cl_avg_loss': '5.6774', 'itemcl_loss': '0.0000', 'cl_pair_0_loss': '5.6774'}
Recommendation EP_test:286: 100%|| 35/35 [00:07<00:00,  4.42it/s]
{'Epoch': 286, 'name': 'high_freq', 'HIT@5': '0.0355', 'NDCG@5': '0.0230', 'HIT@10': '0.0570', 'NDCG@10': '0.0300', 'HIT@20': '0.0888', 'NDCG@20': '0.0379'}
{'Epoch': 286, 'name': 'mid_freq', 'HIT@5': '0.0085', 'NDCG@5': '0.0063', 'HIT@10': '0.0121', 'NDCG@10': '0.0075', 'HIT@20': '0.0169', 'NDCG@20': '0.0087'}
{'Epoch': 286, 'name': 'low_freq', 'HIT@5': '0.0072', 'NDCG@5': '0.0058', 'HIT@10': '0.0100', 'NDCG@10': '0.0067', 'HIT@20': '0.0138', 'NDCG@20': '0.0077'}
{'Epoch': 286, 'name': 'all', 'HIT@5': '0.0267', 'NDCG@5': '0.0176', 'HIT@10': '0.0424', 'NDCG@10': '0.0227', 'HIT@20': '0.0655', 'NDCG@20': '0.0285'}
EarlyStopping counter: 23 out of 40
rec dataset length: 186
100%|█████████████████████████████████████████████████████████████████████████████████████████████████████████████████████████████████████████████████████████| 186/186 [00:51<00:00,  3.61it/s]
{'epoch': 287, 'rec_avg_loss': '0.3902', 'joint_avg_loss': '0.9576', 'cl_avg_loss': '5.6740', 'itemcl_loss': '0.0000', 'cl_pair_0_loss': '5.6740'}
Recommendation EP_test:287: 100%|| 35/35 [00:07<00:00,  4.43it/s]
{'Epoch': 287, 'name': 'high_freq', 'HIT@5': '0.0360', 'NDCG@5': '0.0235', 'HIT@10': '0.0582', 'NDCG@10': '0.0306', 'HIT@20': '0.0883', 'NDCG@20': '0.0382'}
{'Epoch': 287, 'name': 'mid_freq', 'HIT@5': '0.0079', 'NDCG@5': '0.0059', 'HIT@10': '0.0122', 'NDCG@10': '0.0073', 'HIT@20': '0.0174', 'NDCG@20': '0.0086'}
{'Epoch': 287, 'name': 'low_freq', 'HIT@5': '0.0066', 'NDCG@5': '0.0053', 'HIT@10': '0.0088', 'NDCG@10': '0.0060', 'HIT@20': '0.0134', 'NDCG@20': '0.0071'}
{'Epoch': 287, 'name': 'all', 'HIT@5': '0.0269', 'NDCG@5': '0.0178', 'HIT@10': '0.0431', 'NDCG@10': '0.0230', 'HIT@20': '0.0651', 'NDCG@20': '0.0285'}
EarlyStopping counter: 24 out of 40
rec dataset length: 186
100%|█████████████████████████████████████████████████████████████████████████████████████████████████████████████████████████████████████████████████████████| 186/186 [00:51<00:00,  3.60it/s]
{'epoch': 288, 'rec_avg_loss': '0.3923', 'joint_avg_loss': '0.9602', 'cl_avg_loss': '5.6792', 'itemcl_loss': '0.0000', 'cl_pair_0_loss': '5.6792'}
Recommendation EP_test:288: 100%|| 35/35 [00:08<00:00,  4.31it/s]
{'Epoch': 288, 'name': 'high_freq', 'HIT@5': '0.0370', 'NDCG@5': '0.0241', 'HIT@10': '0.0573', 'NDCG@10': '0.0306', 'HIT@20': '0.0895', 'NDCG@20': '0.0387'}
{'Epoch': 288, 'name': 'mid_freq', 'HIT@5': '0.0085', 'NDCG@5': '0.0060', 'HIT@10': '0.0125', 'NDCG@10': '0.0073', 'HIT@20': '0.0175', 'NDCG@20': '0.0086'}
{'Epoch': 288, 'name': 'low_freq', 'HIT@5': '0.0077', 'NDCG@5': '0.0057', 'HIT@10': '0.0102', 'NDCG@10': '0.0064', 'HIT@20': '0.0136', 'NDCG@20': '0.0073'}
{'Epoch': 288, 'name': 'all', 'HIT@5': '0.0278', 'NDCG@5': '0.0183', 'HIT@10': '0.0427', 'NDCG@10': '0.0230', 'HIT@20': '0.0660', 'NDCG@20': '0.0289'}
EarlyStopping counter: 25 out of 40
rec dataset length: 186
100%|█████████████████████████████████████████████████████████████████████████████████████████████████████████████████████████████████████████████████████████| 186/186 [00:51<00:00,  3.61it/s]
{'epoch': 289, 'rec_avg_loss': '0.3932', 'joint_avg_loss': '0.9602', 'cl_avg_loss': '5.6701', 'itemcl_loss': '0.0000', 'cl_pair_0_loss': '5.6701'}
Recommendation EP_test:289: 100%|| 35/35 [00:08<00:00,  4.33it/s]
{'Epoch': 289, 'name': 'high_freq', 'HIT@5': '0.0353', 'NDCG@5': '0.0234', 'HIT@10': '0.0571', 'NDCG@10': '0.0304', 'HIT@20': '0.0894', 'NDCG@20': '0.0385'}
{'Epoch': 289, 'name': 'mid_freq', 'HIT@5': '0.0079', 'NDCG@5': '0.0056', 'HIT@10': '0.0119', 'NDCG@10': '0.0069', 'HIT@20': '0.0172', 'NDCG@20': '0.0083'}
{'Epoch': 289, 'name': 'low_freq', 'HIT@5': '0.0075', 'NDCG@5': '0.0055', 'HIT@10': '0.0104', 'NDCG@10': '0.0065', 'HIT@20': '0.0136', 'NDCG@20': '0.0072'}
{'Epoch': 289, 'name': 'all', 'HIT@5': '0.0265', 'NDCG@5': '0.0177', 'HIT@10': '0.0424', 'NDCG@10': '0.0228', 'HIT@20': '0.0658', 'NDCG@20': '0.0287'}
EarlyStopping counter: 26 out of 40
rec dataset length: 186
100%|█████████████████████████████████████████████████████████████████████████████████████████████████████████████████████████████████████████████████████████| 186/186 [00:51<00:00,  3.60it/s]
{'epoch': 290, 'rec_avg_loss': '0.3920', 'joint_avg_loss': '0.9588', 'cl_avg_loss': '5.6679', 'itemcl_loss': '0.0000', 'cl_pair_0_loss': '5.6679'}
Recommendation EP_test:290: 100%|| 35/35 [00:08<00:00,  4.35it/s]
{'Epoch': 290, 'name': 'high_freq', 'HIT@5': '0.0365', 'NDCG@5': '0.0242', 'HIT@10': '0.0572', 'NDCG@10': '0.0308', 'HIT@20': '0.0915', 'NDCG@20': '0.0394'}
{'Epoch': 290, 'name': 'mid_freq', 'HIT@5': '0.0083', 'NDCG@5': '0.0062', 'HIT@10': '0.0124', 'NDCG@10': '0.0075', 'HIT@20': '0.0175', 'NDCG@20': '0.0088'}
{'Epoch': 290, 'name': 'low_freq', 'HIT@5': '0.0063', 'NDCG@5': '0.0051', 'HIT@10': '0.0102', 'NDCG@10': '0.0063', 'HIT@20': '0.0131', 'NDCG@20': '0.0071'}
{'Epoch': 290, 'name': 'all', 'HIT@5': '0.0272', 'NDCG@5': '0.0183', 'HIT@10': '0.0426', 'NDCG@10': '0.0232', 'HIT@20': '0.0673', 'NDCG@20': '0.0294'}
Validation score increased.  Saving model ...
rec dataset length: 186
100%|█████████████████████████████████████████████████████████████████████████████████████████████████████████████████████████████████████████████████████████| 186/186 [00:51<00:00,  3.61it/s]
{'epoch': 291, 'rec_avg_loss': '0.3887', 'joint_avg_loss': '0.9564', 'cl_avg_loss': '5.6767', 'itemcl_loss': '0.0000', 'cl_pair_0_loss': '5.6767'}
Recommendation EP_test:291: 100%|| 35/35 [00:07<00:00,  4.42it/s]
{'Epoch': 291, 'name': 'high_freq', 'HIT@5': '0.0363', 'NDCG@5': '0.0236', 'HIT@10': '0.0562', 'NDCG@10': '0.0299', 'HIT@20': '0.0887', 'NDCG@20': '0.0381'}
{'Epoch': 291, 'name': 'mid_freq', 'HIT@5': '0.0086', 'NDCG@5': '0.0062', 'HIT@10': '0.0118', 'NDCG@10': '0.0072', 'HIT@20': '0.0169', 'NDCG@20': '0.0085'}
{'Epoch': 291, 'name': 'low_freq', 'HIT@5': '0.0075', 'NDCG@5': '0.0060', 'HIT@10': '0.0100', 'NDCG@10': '0.0067', 'HIT@20': '0.0143', 'NDCG@20': '0.0078'}
{'Epoch': 291, 'name': 'all', 'HIT@5': '0.0273', 'NDCG@5': '0.0180', 'HIT@10': '0.0418', 'NDCG@10': '0.0226', 'HIT@20': '0.0655', 'NDCG@20': '0.0286'}
EarlyStopping counter: 1 out of 40
rec dataset length: 186
100%|█████████████████████████████████████████████████████████████████████████████████████████████████████████████████████████████████████████████████████████| 186/186 [00:51<00:00,  3.60it/s]
{'epoch': 292, 'rec_avg_loss': '0.3872', 'joint_avg_loss': '0.9537', 'cl_avg_loss': '5.6648', 'itemcl_loss': '0.0000', 'cl_pair_0_loss': '5.6648'}
Recommendation EP_test:292: 100%|| 35/35 [00:08<00:00,  4.25it/s]
{'Epoch': 292, 'name': 'high_freq', 'HIT@5': '0.0373', 'NDCG@5': '0.0247', 'HIT@10': '0.0589', 'NDCG@10': '0.0316', 'HIT@20': '0.0911', 'NDCG@20': '0.0396'}
{'Epoch': 292, 'name': 'mid_freq', 'HIT@5': '0.0076', 'NDCG@5': '0.0052', 'HIT@10': '0.0105', 'NDCG@10': '0.0061', 'HIT@20': '0.0154', 'NDCG@20': '0.0074'}
{'Epoch': 292, 'name': 'low_freq', 'HIT@5': '0.0070', 'NDCG@5': '0.0055', 'HIT@10': '0.0093', 'NDCG@10': '0.0063', 'HIT@20': '0.0131', 'NDCG@20': '0.0073'}
{'Epoch': 292, 'name': 'all', 'HIT@5': '0.0278', 'NDCG@5': '0.0185', 'HIT@10': '0.0433', 'NDCG@10': '0.0235', 'HIT@20': '0.0666', 'NDCG@20': '0.0293'}
EarlyStopping counter: 2 out of 40
rec dataset length: 186
100%|█████████████████████████████████████████████████████████████████████████████████████████████████████████████████████████████████████████████████████████| 186/186 [00:51<00:00,  3.59it/s]
{'epoch': 293, 'rec_avg_loss': '0.3884', 'joint_avg_loss': '0.9568', 'cl_avg_loss': '5.6840', 'itemcl_loss': '0.0000', 'cl_pair_0_loss': '5.6840'}
Recommendation EP_test:293: 100%|| 35/35 [00:08<00:00,  4.28it/s]
{'Epoch': 293, 'name': 'high_freq', 'HIT@5': '0.0367', 'NDCG@5': '0.0242', 'HIT@10': '0.0570', 'NDCG@10': '0.0307', 'HIT@20': '0.0910', 'NDCG@20': '0.0392'}
{'Epoch': 293, 'name': 'mid_freq', 'HIT@5': '0.0090', 'NDCG@5': '0.0060', 'HIT@10': '0.0121', 'NDCG@10': '0.0069', 'HIT@20': '0.0171', 'NDCG@20': '0.0082'}
{'Epoch': 293, 'name': 'low_freq', 'HIT@5': '0.0072', 'NDCG@5': '0.0057', 'HIT@10': '0.0100', 'NDCG@10': '0.0066', 'HIT@20': '0.0138', 'NDCG@20': '0.0075'}
{'Epoch': 293, 'name': 'all', 'HIT@5': '0.0276', 'NDCG@5': '0.0183', 'HIT@10': '0.0424', 'NDCG@10': '0.0231', 'HIT@20': '0.0669', 'NDCG@20': '0.0292'}
EarlyStopping counter: 3 out of 40
rec dataset length: 186
100%|█████████████████████████████████████████████████████████████████████████████████████████████████████████████████████████████████████████████████████████| 186/186 [00:51<00:00,  3.61it/s]
{'epoch': 294, 'rec_avg_loss': '0.3899', 'joint_avg_loss': '0.9568', 'cl_avg_loss': '5.6689', 'itemcl_loss': '0.0000', 'cl_pair_0_loss': '5.6689'}
Recommendation EP_test:294: 100%|| 35/35 [00:08<00:00,  4.30it/s]
{'Epoch': 294, 'name': 'high_freq', 'HIT@5': '0.0365', 'NDCG@5': '0.0235', 'HIT@10': '0.0580', 'NDCG@10': '0.0304', 'HIT@20': '0.0889', 'NDCG@20': '0.0382'}
{'Epoch': 294, 'name': 'mid_freq', 'HIT@5': '0.0086', 'NDCG@5': '0.0061', 'HIT@10': '0.0121', 'NDCG@10': '0.0072', 'HIT@20': '0.0174', 'NDCG@20': '0.0085'}
{'Epoch': 294, 'name': 'low_freq', 'HIT@5': '0.0075', 'NDCG@5': '0.0055', 'HIT@10': '0.0102', 'NDCG@10': '0.0064', 'HIT@20': '0.0138', 'NDCG@20': '0.0073'}
{'Epoch': 294, 'name': 'all', 'HIT@5': '0.0275', 'NDCG@5': '0.0179', 'HIT@10': '0.0431', 'NDCG@10': '0.0229', 'HIT@20': '0.0656', 'NDCG@20': '0.0285'}
EarlyStopping counter: 4 out of 40
rec dataset length: 186
100%|█████████████████████████████████████████████████████████████████████████████████████████████████████████████████████████████████████████████████████████| 186/186 [00:51<00:00,  3.61it/s]
{'epoch': 295, 'rec_avg_loss': '0.3873', 'joint_avg_loss': '0.9550', 'cl_avg_loss': '5.6776', 'itemcl_loss': '0.0000', 'cl_pair_0_loss': '5.6776'}
Recommendation EP_test:295: 100%|| 35/35 [00:08<00:00,  4.36it/s]
{'Epoch': 295, 'name': 'high_freq', 'HIT@5': '0.0363', 'NDCG@5': '0.0237', 'HIT@10': '0.0570', 'NDCG@10': '0.0304', 'HIT@20': '0.0900', 'NDCG@20': '0.0386'}
{'Epoch': 295, 'name': 'mid_freq', 'HIT@5': '0.0085', 'NDCG@5': '0.0059', 'HIT@10': '0.0116', 'NDCG@10': '0.0070', 'HIT@20': '0.0177', 'NDCG@20': '0.0085'}
{'Epoch': 295, 'name': 'low_freq', 'HIT@5': '0.0072', 'NDCG@5': '0.0055', 'HIT@10': '0.0102', 'NDCG@10': '0.0064', 'HIT@20': '0.0138', 'NDCG@20': '0.0074'}
{'Epoch': 295, 'name': 'all', 'HIT@5': '0.0273', 'NDCG@5': '0.0180', 'HIT@10': '0.0423', 'NDCG@10': '0.0228', 'HIT@20': '0.0664', 'NDCG@20': '0.0289'}
EarlyStopping counter: 5 out of 40
rec dataset length: 186
100%|█████████████████████████████████████████████████████████████████████████████████████████████████████████████████████████████████████████████████████████| 186/186 [00:51<00:00,  3.61it/s]
{'epoch': 296, 'rec_avg_loss': '0.3901', 'joint_avg_loss': '0.9583', 'cl_avg_loss': '5.6819', 'itemcl_loss': '0.0000', 'cl_pair_0_loss': '5.6819'}
Recommendation EP_test:296: 100%|| 35/35 [00:08<00:00,  4.28it/s]
{'Epoch': 296, 'name': 'high_freq', 'HIT@5': '0.0360', 'NDCG@5': '0.0232', 'HIT@10': '0.0554', 'NDCG@10': '0.0294', 'HIT@20': '0.0880', 'NDCG@20': '0.0376'}
{'Epoch': 296, 'name': 'mid_freq', 'HIT@5': '0.0080', 'NDCG@5': '0.0058', 'HIT@10': '0.0115', 'NDCG@10': '0.0069', 'HIT@20': '0.0177', 'NDCG@20': '0.0085'}
{'Epoch': 296, 'name': 'low_freq', 'HIT@5': '0.0072', 'NDCG@5': '0.0055', 'HIT@10': '0.0102', 'NDCG@10': '0.0065', 'HIT@20': '0.0138', 'NDCG@20': '0.0074'}
{'Epoch': 296, 'name': 'all', 'HIT@5': '0.0269', 'NDCG@5': '0.0176', 'HIT@10': '0.0412', 'NDCG@10': '0.0222', 'HIT@20': '0.0650', 'NDCG@20': '0.0282'}
EarlyStopping counter: 6 out of 40
rec dataset length: 186
100%|█████████████████████████████████████████████████████████████████████████████████████████████████████████████████████████████████████████████████████████| 186/186 [00:51<00:00,  3.60it/s]
{'epoch': 297, 'rec_avg_loss': '0.3890', 'joint_avg_loss': '0.9550', 'cl_avg_loss': '5.6602', 'itemcl_loss': '0.0000', 'cl_pair_0_loss': '5.6602'}
Recommendation EP_test:297: 100%|| 35/35 [00:08<00:00,  4.36it/s]
{'Epoch': 297, 'name': 'high_freq', 'HIT@5': '0.0365', 'NDCG@5': '0.0233', 'HIT@10': '0.0564', 'NDCG@10': '0.0297', 'HIT@20': '0.0889', 'NDCG@20': '0.0379'}
{'Epoch': 297, 'name': 'mid_freq', 'HIT@5': '0.0092', 'NDCG@5': '0.0064', 'HIT@10': '0.0132', 'NDCG@10': '0.0077', 'HIT@20': '0.0190', 'NDCG@20': '0.0091'}
{'Epoch': 297, 'name': 'low_freq', 'HIT@5': '0.0075', 'NDCG@5': '0.0061', 'HIT@10': '0.0109', 'NDCG@10': '0.0071', 'HIT@20': '0.0143', 'NDCG@20': '0.0080'}
{'Epoch': 297, 'name': 'all', 'HIT@5': '0.0275', 'NDCG@5': '0.0178', 'HIT@10': '0.0423', 'NDCG@10': '0.0226', 'HIT@20': '0.0660', 'NDCG@20': '0.0285'}
EarlyStopping counter: 7 out of 40
rec dataset length: 186
100%|█████████████████████████████████████████████████████████████████████████████████████████████████████████████████████████████████████████████████████████| 186/186 [00:51<00:00,  3.61it/s]
{'epoch': 298, 'rec_avg_loss': '0.3872', 'joint_avg_loss': '0.9544', 'cl_avg_loss': '5.6717', 'itemcl_loss': '0.0000', 'cl_pair_0_loss': '5.6717'}
Recommendation EP_test:298: 100%|| 35/35 [00:07<00:00,  4.45it/s]
{'Epoch': 298, 'name': 'high_freq', 'HIT@5': '0.0374', 'NDCG@5': '0.0240', 'HIT@10': '0.0580', 'NDCG@10': '0.0306', 'HIT@20': '0.0903', 'NDCG@20': '0.0386'}
{'Epoch': 298, 'name': 'mid_freq', 'HIT@5': '0.0096', 'NDCG@5': '0.0062', 'HIT@10': '0.0119', 'NDCG@10': '0.0070', 'HIT@20': '0.0180', 'NDCG@20': '0.0085'}
{'Epoch': 298, 'name': 'low_freq', 'HIT@5': '0.0068', 'NDCG@5': '0.0053', 'HIT@10': '0.0104', 'NDCG@10': '0.0065', 'HIT@20': '0.0140', 'NDCG@20': '0.0074'}
{'Epoch': 298, 'name': 'all', 'HIT@5': '0.0281', 'NDCG@5': '0.0182', 'HIT@10': '0.0431', 'NDCG@10': '0.0230', 'HIT@20': '0.0667', 'NDCG@20': '0.0289'}
EarlyStopping counter: 8 out of 40
rec dataset length: 186
100%|█████████████████████████████████████████████████████████████████████████████████████████████████████████████████████████████████████████████████████████| 186/186 [00:51<00:00,  3.61it/s]
{'epoch': 299, 'rec_avg_loss': '0.3865', 'joint_avg_loss': '0.9543', 'cl_avg_loss': '5.6777', 'itemcl_loss': '0.0000', 'cl_pair_0_loss': '5.6777'}
Recommendation EP_test:299: 100%|| 35/35 [00:07<00:00,  4.45it/s]
{'Epoch': 299, 'name': 'high_freq', 'HIT@5': '0.0353', 'NDCG@5': '0.0228', 'HIT@10': '0.0571', 'NDCG@10': '0.0298', 'HIT@20': '0.0887', 'NDCG@20': '0.0377'}
{'Epoch': 299, 'name': 'mid_freq', 'HIT@5': '0.0083', 'NDCG@5': '0.0057', 'HIT@10': '0.0121', 'NDCG@10': '0.0069', 'HIT@20': '0.0187', 'NDCG@20': '0.0086'}
{'Epoch': 299, 'name': 'low_freq', 'HIT@5': '0.0072', 'NDCG@5': '0.0056', 'HIT@10': '0.0102', 'NDCG@10': '0.0066', 'HIT@20': '0.0145', 'NDCG@20': '0.0077'}
{'Epoch': 299, 'name': 'all', 'HIT@5': '0.0266', 'NDCG@5': '0.0173', 'HIT@10': '0.0424', 'NDCG@10': '0.0224', 'HIT@20': '0.0658', 'NDCG@20': '0.0283'}
EarlyStopping counter: 9 out of 40
---------------Change to test_rating_matrix!-------------------
Recommendation EP_test:300: 100%|| 35/35 [00:09<00:00,  3.86it/s]
{'Epoch': 300, 'name': 'high_freq', 'HIT@5': '0.0309', 'NDCG@5': '0.0200', 'HIT@10': '0.0486', 'NDCG@10': '0.0258', 'HIT@20': '0.0766', 'NDCG@20': '0.0328'}
{'Epoch': 300, 'name': 'mid_freq', 'HIT@5': '0.0083', 'NDCG@5': '0.0059', 'HIT@10': '0.0115', 'NDCG@10': '0.0069', 'HIT@20': '0.0165', 'NDCG@20': '0.0082'}
{'Epoch': 300, 'name': 'low_freq', 'HIT@5': '0.0058', 'NDCG@5': '0.0042', 'HIT@10': '0.0075', 'NDCG@10': '0.0048', 'HIT@20': '0.0100', 'NDCG@20': '0.0054'}
{'Epoch': 300, 'name': 'all', 'HIT@5': '0.0222', 'NDCG@5': '0.0146', 'HIT@10': '0.0343', 'NDCG@10': '0.0185', 'HIT@20': '0.0535', 'NDCG@20': '0.0233'}
CoSeRec-Sports_and_Outdoors-single_cl_mask_mid_low_1024
{'Epoch': 300, 'name': 'all', 'HIT@5': '0.0222', 'NDCG@5': '0.0146', 'HIT@10': '0.0343', 'NDCG@10': '0.0185', 'HIT@20': '0.0535', 'NDCG@20': '0.0233'}
