(env1) zzx@DDST-zzx:~/seqRec/CLTrys/CoSeRec_Augment/CoSeRec$ sh run_0728.sh 
Using Cuda: True
(18359, 18359)
--------------------Configure Info:------------
data_dir                       :                             ./data/
output_dir                     :                             output/
data_name                      :                 Sports_and_Outdoors
do_eval                        :                                   0
model_idx                      :                      single_cl_1024
gpu_id                         :                                   0
noise_ratio                    :                                 0.0
training_data_ratio            :                                 1.0
augment_threshold              :                                   4
similarity_model_name          :                          ItemCF_IUF
augmentation_warm_up_epoches   :                                 160
base_augment_type              :                              random
augment_type_for_short         :                                 SIM
tao                            :                                 0.2
gamma                          :                                 0.7
beta                           :                                 0.2
substitute_rate                :                                 0.1
insert_rate                    :                                 0.4
max_insert_num_per_pos         :                                   1
temperature                    :                                 1.0
n_views                        :                                   2
model_name                     :                             CoSeRec
hidden_size                    :                                  64
num_hidden_layers              :                                   2
num_attention_heads            :                                   2
hidden_act                     :                                gelu
attention_probs_dropout_prob   :                                 0.5
hidden_dropout_prob            :                                 0.5
initializer_range              :                                0.02
max_seq_length                 :                                  50
lr                             :                               0.001
batch_size                     :                                1024
epochs                         :                                 300
no_cuda                        :                                   0
log_freq                       :                                   1
seed                           :                                   1
cf_weight                      :                                 0.1
rec_weight                     :                                 1.0
weight_decay                   :                                 0.0
adam_beta1                     :                                 0.9
adam_beta2                     :                               0.999
cl                             :                                   1
multi_neg                      :                                   0
use_freq                       :                                   0
cuda_condition                 :                                   1
data_file                      :      ./data/Sports_and_Outdoors.txt
item_size                      :                               18359
mask_id                        :                               18358
log_file                       : output/CoSeRec-Sports_and_Outdoors-single_cl_1024.txt
Similarity Model Type: offline
short sequence augment type: SIM
Augmentation methods for Long sequences: 5
Augmentation methods for short sequences: 3
Creating Contrastive Learning Dataset using 'random' data augmentation
Similarity Model Type: offline
short sequence augment type: SIM
Augmentation methods for Long sequences: 5
Augmentation methods for short sequences: 3
Creating Contrastive Learning Dataset using 'random' data augmentation
Similarity Model Type: offline
short sequence augment type: SIM
Augmentation methods for Long sequences: 5
Augmentation methods for short sequences: 3
Creating Contrastive Learning Dataset using 'random' data augmentation
Total Parameters: 1278464
self.cf_criterion: NCELoss
Train CoSeRec
rec dataset length: 186
100%|█████████████████████████████████████████████████████████████████████████████████████████████████████████████████████████████████████████| 186/186 [01:06<00:00,  2.81it/s]
{'epoch': 0, 'rec_avg_loss': '1.2915', 'joint_avg_loss': '2.1362', 'cl_avg_loss': '8.4461', 'itemcl_loss': '0.0000', 'cl_pair_0_loss': '8.4461'}
Recommendation EP_test:0: 100%|| 35/35 [00:08<00:00,  4.19it/s]
{'Epoch': 0, 'name': 'high_freq', 'HIT@5': '0.0129', 'NDCG@5': '0.0082', 'HIT@10': '0.0199', 'NDCG@10': '0.0104', 'HIT@20': '0.0335', 'NDCG@20': '0.0138'}
{'Epoch': 0, 'name': 'mid_freq', 'HIT@5': '0.0000', 'NDCG@5': '0.0000', 'HIT@10': '0.0000', 'NDCG@10': '0.0000', 'HIT@20': '0.0000', 'NDCG@20': '0.0000'}
{'Epoch': 0, 'name': 'low_freq', 'HIT@5': '0.0000', 'NDCG@5': '0.0000', 'HIT@10': '0.0000', 'NDCG@10': '0.0000', 'HIT@20': '0.0000', 'NDCG@20': '0.0000'}
{'Epoch': 0, 'name': 'all', 'HIT@5': '0.0088', 'NDCG@5': '0.0056', 'HIT@10': '0.0135', 'NDCG@10': '0.0071', 'HIT@20': '0.0228', 'NDCG@20': '0.0094'}
Validation score increased.  Saving model ...
rec dataset length: 186
100%|█████████████████████████████████████████████████████████████████████████████████████████████████████████████████████████████████████████| 186/186 [01:05<00:00,  2.85it/s]
{'epoch': 1, 'rec_avg_loss': '1.1986', 'joint_avg_loss': '1.8590', 'cl_avg_loss': '6.6047', 'itemcl_loss': '0.0000', 'cl_pair_0_loss': '6.6047'}
Recommendation EP_test:1: 100%|| 35/35 [00:07<00:00,  4.43it/s]
{'Epoch': 1, 'name': 'high_freq', 'HIT@5': '0.0145', 'NDCG@5': '0.0089', 'HIT@10': '0.0230', 'NDCG@10': '0.0116', 'HIT@20': '0.0372', 'NDCG@20': '0.0152'}
{'Epoch': 1, 'name': 'mid_freq', 'HIT@5': '0.0000', 'NDCG@5': '0.0000', 'HIT@10': '0.0000', 'NDCG@10': '0.0000', 'HIT@20': '0.0000', 'NDCG@20': '0.0000'}
{'Epoch': 1, 'name': 'low_freq', 'HIT@5': '0.0000', 'NDCG@5': '0.0000', 'HIT@10': '0.0000', 'NDCG@10': '0.0000', 'HIT@20': '0.0000', 'NDCG@20': '0.0000'}
{'Epoch': 1, 'name': 'all', 'HIT@5': '0.0099', 'NDCG@5': '0.0061', 'HIT@10': '0.0157', 'NDCG@10': '0.0079', 'HIT@20': '0.0253', 'NDCG@20': '0.0103'}
Validation score increased.  Saving model ...
rec dataset length: 186
100%|█████████████████████████████████████████████████████████████████████████████████████████████████████████████████████████████████████████| 186/186 [01:05<00:00,  2.86it/s]
{'epoch': 2, 'rec_avg_loss': '1.1678', 'joint_avg_loss': '1.7363', 'cl_avg_loss': '5.6851', 'itemcl_loss': '0.0000', 'cl_pair_0_loss': '5.6851'}
Recommendation EP_test:2: 100%|| 35/35 [00:07<00:00,  4.45it/s]
{'Epoch': 2, 'name': 'high_freq', 'HIT@5': '0.0138', 'NDCG@5': '0.0087', 'HIT@10': '0.0229', 'NDCG@10': '0.0117', 'HIT@20': '0.0371', 'NDCG@20': '0.0152'}
{'Epoch': 2, 'name': 'mid_freq', 'HIT@5': '0.0000', 'NDCG@5': '0.0000', 'HIT@10': '0.0000', 'NDCG@10': '0.0000', 'HIT@20': '0.0000', 'NDCG@20': '0.0000'}
{'Epoch': 2, 'name': 'low_freq', 'HIT@5': '0.0000', 'NDCG@5': '0.0000', 'HIT@10': '0.0000', 'NDCG@10': '0.0000', 'HIT@20': '0.0000', 'NDCG@20': '0.0000'}
{'Epoch': 2, 'name': 'all', 'HIT@5': '0.0094', 'NDCG@5': '0.0059', 'HIT@10': '0.0156', 'NDCG@10': '0.0079', 'HIT@20': '0.0252', 'NDCG@20': '0.0104'}
Validation score increased.  Saving model ...
rec dataset length: 186
100%|█████████████████████████████████████████████████████████████████████████████████████████████████████████████████████████████████████████| 186/186 [01:05<00:00,  2.85it/s]
{'epoch': 3, 'rec_avg_loss': '1.1471', 'joint_avg_loss': '1.6761', 'cl_avg_loss': '5.2898', 'itemcl_loss': '0.0000', 'cl_pair_0_loss': '5.2898'}
Recommendation EP_test:3: 100%|| 35/35 [00:08<00:00,  4.32it/s]
{'Epoch': 3, 'name': 'high_freq', 'HIT@5': '0.0152', 'NDCG@5': '0.0096', 'HIT@10': '0.0243', 'NDCG@10': '0.0125', 'HIT@20': '0.0387', 'NDCG@20': '0.0161'}
{'Epoch': 3, 'name': 'mid_freq', 'HIT@5': '0.0000', 'NDCG@5': '0.0000', 'HIT@10': '0.0000', 'NDCG@10': '0.0000', 'HIT@20': '0.0000', 'NDCG@20': '0.0000'}
{'Epoch': 3, 'name': 'low_freq', 'HIT@5': '0.0000', 'NDCG@5': '0.0000', 'HIT@10': '0.0000', 'NDCG@10': '0.0000', 'HIT@20': '0.0000', 'NDCG@20': '0.0000'}
{'Epoch': 3, 'name': 'all', 'HIT@5': '0.0103', 'NDCG@5': '0.0065', 'HIT@10': '0.0165', 'NDCG@10': '0.0085', 'HIT@20': '0.0263', 'NDCG@20': '0.0110'}
Validation score increased.  Saving model ...
rec dataset length: 186
100%|█████████████████████████████████████████████████████████████████████████████████████████████████████████████████████████████████████████| 186/186 [01:05<00:00,  2.86it/s]
{'epoch': 4, 'rec_avg_loss': '1.1283', 'joint_avg_loss': '1.6279', 'cl_avg_loss': '4.9963', 'itemcl_loss': '0.0000', 'cl_pair_0_loss': '4.9963'}
Recommendation EP_test:4: 100%|| 35/35 [00:08<00:00,  4.24it/s]
{'Epoch': 4, 'name': 'high_freq', 'HIT@5': '0.0155', 'NDCG@5': '0.0099', 'HIT@10': '0.0255', 'NDCG@10': '0.0131', 'HIT@20': '0.0399', 'NDCG@20': '0.0167'}
{'Epoch': 4, 'name': 'mid_freq', 'HIT@5': '0.0000', 'NDCG@5': '0.0000', 'HIT@10': '0.0000', 'NDCG@10': '0.0000', 'HIT@20': '0.0000', 'NDCG@20': '0.0000'}
{'Epoch': 4, 'name': 'low_freq', 'HIT@5': '0.0000', 'NDCG@5': '0.0000', 'HIT@10': '0.0000', 'NDCG@10': '0.0000', 'HIT@20': '0.0000', 'NDCG@20': '0.0000'}
{'Epoch': 4, 'name': 'all', 'HIT@5': '0.0105', 'NDCG@5': '0.0067', 'HIT@10': '0.0174', 'NDCG@10': '0.0089', 'HIT@20': '0.0272', 'NDCG@20': '0.0114'}
Validation score increased.  Saving model ...
rec dataset length: 186
100%|█████████████████████████████████████████████████████████████████████████████████████████████████████████████████████████████████████████| 186/186 [01:05<00:00,  2.85it/s]
{'epoch': 5, 'rec_avg_loss': '1.1082', 'joint_avg_loss': '1.5876', 'cl_avg_loss': '4.7941', 'itemcl_loss': '0.0000', 'cl_pair_0_loss': '4.7941'}
Recommendation EP_test:5: 100%|| 35/35 [00:09<00:00,  3.86it/s]
{'Epoch': 5, 'name': 'high_freq', 'HIT@5': '0.0171', 'NDCG@5': '0.0106', 'HIT@10': '0.0282', 'NDCG@10': '0.0142', 'HIT@20': '0.0448', 'NDCG@20': '0.0184'}
{'Epoch': 5, 'name': 'mid_freq', 'HIT@5': '0.0000', 'NDCG@5': '0.0000', 'HIT@10': '0.0000', 'NDCG@10': '0.0000', 'HIT@20': '0.0000', 'NDCG@20': '0.0000'}
{'Epoch': 5, 'name': 'low_freq', 'HIT@5': '0.0000', 'NDCG@5': '0.0000', 'HIT@10': '0.0000', 'NDCG@10': '0.0000', 'HIT@20': '0.0000', 'NDCG@20': '0.0000'}
{'Epoch': 5, 'name': 'all', 'HIT@5': '0.0117', 'NDCG@5': '0.0072', 'HIT@10': '0.0192', 'NDCG@10': '0.0097', 'HIT@20': '0.0305', 'NDCG@20': '0.0125'}
Validation score increased.  Saving model ...
rec dataset length: 186
100%|█████████████████████████████████████████████████████████████████████████████████████████████████████████████████████████████████████████| 186/186 [01:05<00:00,  2.84it/s]
{'epoch': 6, 'rec_avg_loss': '1.0817', 'joint_avg_loss': '1.5464', 'cl_avg_loss': '4.6464', 'itemcl_loss': '0.0000', 'cl_pair_0_loss': '4.6464'}
Recommendation EP_test:6: 100%|| 35/35 [00:08<00:00,  4.14it/s]
{'Epoch': 6, 'name': 'high_freq', 'HIT@5': '0.0198', 'NDCG@5': '0.0123', 'HIT@10': '0.0327', 'NDCG@10': '0.0164', 'HIT@20': '0.0512', 'NDCG@20': '0.0211'}
{'Epoch': 6, 'name': 'mid_freq', 'HIT@5': '0.0000', 'NDCG@5': '0.0000', 'HIT@10': '0.0000', 'NDCG@10': '0.0000', 'HIT@20': '0.0000', 'NDCG@20': '0.0000'}
{'Epoch': 6, 'name': 'low_freq', 'HIT@5': '0.0000', 'NDCG@5': '0.0000', 'HIT@10': '0.0000', 'NDCG@10': '0.0000', 'HIT@20': '0.0000', 'NDCG@20': '0.0000'}
{'Epoch': 6, 'name': 'all', 'HIT@5': '0.0135', 'NDCG@5': '0.0083', 'HIT@10': '0.0222', 'NDCG@10': '0.0112', 'HIT@20': '0.0349', 'NDCG@20': '0.0143'}
Validation score increased.  Saving model ...
rec dataset length: 186
100%|█████████████████████████████████████████████████████████████████████████████████████████████████████████████████████████████████████████| 186/186 [01:05<00:00,  2.83it/s]
{'epoch': 7, 'rec_avg_loss': '1.0561', 'joint_avg_loss': '1.5098', 'cl_avg_loss': '4.5367', 'itemcl_loss': '0.0000', 'cl_pair_0_loss': '4.5367'}
Recommendation EP_test:7: 100%|| 35/35 [00:08<00:00,  4.01it/s]
{'Epoch': 7, 'name': 'high_freq', 'HIT@5': '0.0225', 'NDCG@5': '0.0137', 'HIT@10': '0.0357', 'NDCG@10': '0.0180', 'HIT@20': '0.0563', 'NDCG@20': '0.0231'}
{'Epoch': 7, 'name': 'mid_freq', 'HIT@5': '0.0000', 'NDCG@5': '0.0000', 'HIT@10': '0.0000', 'NDCG@10': '0.0000', 'HIT@20': '0.0000', 'NDCG@20': '0.0000'}
{'Epoch': 7, 'name': 'low_freq', 'HIT@5': '0.0000', 'NDCG@5': '0.0000', 'HIT@10': '0.0000', 'NDCG@10': '0.0000', 'HIT@20': '0.0000', 'NDCG@20': '0.0000'}
{'Epoch': 7, 'name': 'all', 'HIT@5': '0.0153', 'NDCG@5': '0.0093', 'HIT@10': '0.0243', 'NDCG@10': '0.0122', 'HIT@20': '0.0383', 'NDCG@20': '0.0157'}
Validation score increased.  Saving model ...
rec dataset length: 186
100%|█████████████████████████████████████████████████████████████████████████████████████████████████████████████████████████████████████████| 186/186 [01:05<00:00,  2.85it/s]
{'epoch': 8, 'rec_avg_loss': '1.0300', 'joint_avg_loss': '1.4777', 'cl_avg_loss': '4.4774', 'itemcl_loss': '0.0000', 'cl_pair_0_loss': '4.4774'}
Recommendation EP_test:8: 100%|| 35/35 [00:08<00:00,  3.98it/s]
{'Epoch': 8, 'name': 'high_freq', 'HIT@5': '0.0226', 'NDCG@5': '0.0140', 'HIT@10': '0.0376', 'NDCG@10': '0.0188', 'HIT@20': '0.0613', 'NDCG@20': '0.0247'}
{'Epoch': 8, 'name': 'mid_freq', 'HIT@5': '0.0000', 'NDCG@5': '0.0000', 'HIT@10': '0.0000', 'NDCG@10': '0.0000', 'HIT@20': '0.0000', 'NDCG@20': '0.0000'}
{'Epoch': 8, 'name': 'low_freq', 'HIT@5': '0.0000', 'NDCG@5': '0.0000', 'HIT@10': '0.0000', 'NDCG@10': '0.0000', 'HIT@20': '0.0000', 'NDCG@20': '0.0000'}
{'Epoch': 8, 'name': 'all', 'HIT@5': '0.0154', 'NDCG@5': '0.0095', 'HIT@10': '0.0256', 'NDCG@10': '0.0128', 'HIT@20': '0.0417', 'NDCG@20': '0.0168'}
Validation score increased.  Saving model ...
rec dataset length: 186
100%|█████████████████████████████████████████████████████████████████████████████████████████████████████████████████████████████████████████| 186/186 [01:07<00:00,  2.74it/s]
{'epoch': 9, 'rec_avg_loss': '1.0049', 'joint_avg_loss': '1.4454', 'cl_avg_loss': '4.4057', 'itemcl_loss': '0.0000', 'cl_pair_0_loss': '4.4057'}
Recommendation EP_test:9: 100%|| 35/35 [00:08<00:00,  4.28it/s]
{'Epoch': 9, 'name': 'high_freq', 'HIT@5': '0.0239', 'NDCG@5': '0.0146', 'HIT@10': '0.0399', 'NDCG@10': '0.0198', 'HIT@20': '0.0645', 'NDCG@20': '0.0260'}
{'Epoch': 9, 'name': 'mid_freq', 'HIT@5': '0.0000', 'NDCG@5': '0.0000', 'HIT@10': '0.0000', 'NDCG@10': '0.0000', 'HIT@20': '0.0000', 'NDCG@20': '0.0000'}
{'Epoch': 9, 'name': 'low_freq', 'HIT@5': '0.0000', 'NDCG@5': '0.0000', 'HIT@10': '0.0000', 'NDCG@10': '0.0000', 'HIT@20': '0.0000', 'NDCG@20': '0.0000'}
{'Epoch': 9, 'name': 'all', 'HIT@5': '0.0162', 'NDCG@5': '0.0100', 'HIT@10': '0.0272', 'NDCG@10': '0.0135', 'HIT@20': '0.0439', 'NDCG@20': '0.0177'}
Validation score increased.  Saving model ...
rec dataset length: 186
100%|█████████████████████████████████████████████████████████████████████████████████████████████████████████████████████████████████████████| 186/186 [01:04<00:00,  2.88it/s]
{'epoch': 10, 'rec_avg_loss': '0.9808', 'joint_avg_loss': '1.4168', 'cl_avg_loss': '4.3593', 'itemcl_loss': '0.0000', 'cl_pair_0_loss': '4.3593'}
Recommendation EP_test:10: 100%|| 35/35 [00:08<00:00,  4.04it/s]
{'Epoch': 10, 'name': 'high_freq', 'HIT@5': '0.0239', 'NDCG@5': '0.0149', 'HIT@10': '0.0406', 'NDCG@10': '0.0202', 'HIT@20': '0.0659', 'NDCG@20': '0.0266'}
{'Epoch': 10, 'name': 'mid_freq', 'HIT@5': '0.0000', 'NDCG@5': '0.0000', 'HIT@10': '0.0000', 'NDCG@10': '0.0000', 'HIT@20': '0.0000', 'NDCG@20': '0.0000'}
{'Epoch': 10, 'name': 'low_freq', 'HIT@5': '0.0000', 'NDCG@5': '0.0000', 'HIT@10': '0.0000', 'NDCG@10': '0.0000', 'HIT@20': '0.0000', 'NDCG@20': '0.0000'}
{'Epoch': 10, 'name': 'all', 'HIT@5': '0.0163', 'NDCG@5': '0.0101', 'HIT@10': '0.0276', 'NDCG@10': '0.0137', 'HIT@20': '0.0448', 'NDCG@20': '0.0181'}
Validation score increased.  Saving model ...
rec dataset length: 186
100%|█████████████████████████████████████████████████████████████████████████████████████████████████████████████████████████████████████████| 186/186 [01:04<00:00,  2.88it/s]
{'epoch': 11, 'rec_avg_loss': '0.9586', 'joint_avg_loss': '1.3912', 'cl_avg_loss': '4.3256', 'itemcl_loss': '0.0000', 'cl_pair_0_loss': '4.3256'}
Recommendation EP_test:11: 100%|| 35/35 [00:08<00:00,  3.95it/s]
{'Epoch': 11, 'name': 'high_freq', 'HIT@5': '0.0264', 'NDCG@5': '0.0162', 'HIT@10': '0.0433', 'NDCG@10': '0.0216', 'HIT@20': '0.0690', 'NDCG@20': '0.0280'}
{'Epoch': 11, 'name': 'mid_freq', 'HIT@5': '0.0000', 'NDCG@5': '0.0000', 'HIT@10': '0.0000', 'NDCG@10': '0.0000', 'HIT@20': '0.0000', 'NDCG@20': '0.0000'}
{'Epoch': 11, 'name': 'low_freq', 'HIT@5': '0.0000', 'NDCG@5': '0.0000', 'HIT@10': '0.0000', 'NDCG@10': '0.0000', 'HIT@20': '0.0000', 'NDCG@20': '0.0000'}
{'Epoch': 11, 'name': 'all', 'HIT@5': '0.0180', 'NDCG@5': '0.0110', 'HIT@10': '0.0295', 'NDCG@10': '0.0147', 'HIT@20': '0.0469', 'NDCG@20': '0.0191'}
Validation score increased.  Saving model ...
rec dataset length: 186
100%|█████████████████████████████████████████████████████████████████████████████████████████████████████████████████████████████████████████| 186/186 [01:04<00:00,  2.88it/s]
{'epoch': 12, 'rec_avg_loss': '0.9393', 'joint_avg_loss': '1.3676', 'cl_avg_loss': '4.2832', 'itemcl_loss': '0.0000', 'cl_pair_0_loss': '4.2832'}
Recommendation EP_test:12: 100%|| 35/35 [00:08<00:00,  4.02it/s]
{'Epoch': 12, 'name': 'high_freq', 'HIT@5': '0.0280', 'NDCG@5': '0.0176', 'HIT@10': '0.0448', 'NDCG@10': '0.0231', 'HIT@20': '0.0718', 'NDCG@20': '0.0298'}
{'Epoch': 12, 'name': 'mid_freq', 'HIT@5': '0.0000', 'NDCG@5': '0.0000', 'HIT@10': '0.0000', 'NDCG@10': '0.0000', 'HIT@20': '0.0001', 'NDCG@20': '0.0000'}
{'Epoch': 12, 'name': 'low_freq', 'HIT@5': '0.0000', 'NDCG@5': '0.0000', 'HIT@10': '0.0000', 'NDCG@10': '0.0000', 'HIT@20': '0.0000', 'NDCG@20': '0.0000'}
{'Epoch': 12, 'name': 'all', 'HIT@5': '0.0190', 'NDCG@5': '0.0120', 'HIT@10': '0.0305', 'NDCG@10': '0.0157', 'HIT@20': '0.0489', 'NDCG@20': '0.0203'}
Validation score increased.  Saving model ...
rec dataset length: 186
100%|█████████████████████████████████████████████████████████████████████████████████████████████████████████████████████████████████████████| 186/186 [01:04<00:00,  2.88it/s]
{'epoch': 13, 'rec_avg_loss': '0.9215', 'joint_avg_loss': '1.3472', 'cl_avg_loss': '4.2566', 'itemcl_loss': '0.0000', 'cl_pair_0_loss': '4.2566'}
Recommendation EP_test:13: 100%|| 35/35 [00:08<00:00,  4.01it/s]
{'Epoch': 13, 'name': 'high_freq', 'HIT@5': '0.0286', 'NDCG@5': '0.0181', 'HIT@10': '0.0455', 'NDCG@10': '0.0235', 'HIT@20': '0.0738', 'NDCG@20': '0.0306'}
{'Epoch': 13, 'name': 'mid_freq', 'HIT@5': '0.0000', 'NDCG@5': '0.0000', 'HIT@10': '0.0000', 'NDCG@10': '0.0000', 'HIT@20': '0.0001', 'NDCG@20': '0.0000'}
{'Epoch': 13, 'name': 'low_freq', 'HIT@5': '0.0000', 'NDCG@5': '0.0000', 'HIT@10': '0.0000', 'NDCG@10': '0.0000', 'HIT@20': '0.0000', 'NDCG@20': '0.0000'}
{'Epoch': 13, 'name': 'all', 'HIT@5': '0.0195', 'NDCG@5': '0.0123', 'HIT@10': '0.0310', 'NDCG@10': '0.0160', 'HIT@20': '0.0503', 'NDCG@20': '0.0208'}
Validation score increased.  Saving model ...
rec dataset length: 186
100%|█████████████████████████████████████████████████████████████████████████████████████████████████████████████████████████████████████████| 186/186 [01:04<00:00,  2.87it/s]
{'epoch': 14, 'rec_avg_loss': '0.9037', 'joint_avg_loss': '1.3259', 'cl_avg_loss': '4.2223', 'itemcl_loss': '0.0000', 'cl_pair_0_loss': '4.2223'}
Recommendation EP_test:14: 100%|| 35/35 [00:08<00:00,  3.98it/s]
{'Epoch': 14, 'name': 'high_freq', 'HIT@5': '0.0294', 'NDCG@5': '0.0187', 'HIT@10': '0.0469', 'NDCG@10': '0.0243', 'HIT@20': '0.0773', 'NDCG@20': '0.0319'}
{'Epoch': 14, 'name': 'mid_freq', 'HIT@5': '0.0000', 'NDCG@5': '0.0000', 'HIT@10': '0.0000', 'NDCG@10': '0.0000', 'HIT@20': '0.0006', 'NDCG@20': '0.0001'}
{'Epoch': 14, 'name': 'low_freq', 'HIT@5': '0.0000', 'NDCG@5': '0.0000', 'HIT@10': '0.0000', 'NDCG@10': '0.0000', 'HIT@20': '0.0000', 'NDCG@20': '0.0000'}
{'Epoch': 14, 'name': 'all', 'HIT@5': '0.0200', 'NDCG@5': '0.0127', 'HIT@10': '0.0319', 'NDCG@10': '0.0165', 'HIT@20': '0.0527', 'NDCG@20': '0.0217'}
Validation score increased.  Saving model ...
rec dataset length: 186
100%|█████████████████████████████████████████████████████████████████████████████████████████████████████████████████████████████████████████| 186/186 [01:04<00:00,  2.87it/s]
{'epoch': 15, 'rec_avg_loss': '0.8856', 'joint_avg_loss': '1.3054', 'cl_avg_loss': '4.1978', 'itemcl_loss': '0.0000', 'cl_pair_0_loss': '4.1978'}
Recommendation EP_test:15: 100%|| 35/35 [00:08<00:00,  4.05it/s]
{'Epoch': 15, 'name': 'high_freq', 'HIT@5': '0.0313', 'NDCG@5': '0.0197', 'HIT@10': '0.0489', 'NDCG@10': '0.0253', 'HIT@20': '0.0787', 'NDCG@20': '0.0328'}
{'Epoch': 15, 'name': 'mid_freq', 'HIT@5': '0.0001', 'NDCG@5': '0.0001', 'HIT@10': '0.0004', 'NDCG@10': '0.0001', 'HIT@20': '0.0007', 'NDCG@20': '0.0002'}
{'Epoch': 15, 'name': 'low_freq', 'HIT@5': '0.0000', 'NDCG@5': '0.0000', 'HIT@10': '0.0000', 'NDCG@10': '0.0000', 'HIT@20': '0.0000', 'NDCG@20': '0.0000'}
{'Epoch': 15, 'name': 'all', 'HIT@5': '0.0213', 'NDCG@5': '0.0134', 'HIT@10': '0.0334', 'NDCG@10': '0.0172', 'HIT@20': '0.0537', 'NDCG@20': '0.0224'}
Validation score increased.  Saving model ...
rec dataset length: 186
100%|█████████████████████████████████████████████████████████████████████████████████████████████████████████████████████████████████████████| 186/186 [01:04<00:00,  2.88it/s]
{'epoch': 16, 'rec_avg_loss': '0.8706', 'joint_avg_loss': '1.2876', 'cl_avg_loss': '4.1693', 'itemcl_loss': '0.0000', 'cl_pair_0_loss': '4.1693'}
Recommendation EP_test:16: 100%|| 35/35 [00:08<00:00,  4.05it/s]
{'Epoch': 16, 'name': 'high_freq', 'HIT@5': '0.0317', 'NDCG@5': '0.0205', 'HIT@10': '0.0517', 'NDCG@10': '0.0269', 'HIT@20': '0.0820', 'NDCG@20': '0.0345'}
{'Epoch': 16, 'name': 'mid_freq', 'HIT@5': '0.0001', 'NDCG@5': '0.0001', 'HIT@10': '0.0004', 'NDCG@10': '0.0002', 'HIT@20': '0.0011', 'NDCG@20': '0.0003'}
{'Epoch': 16, 'name': 'low_freq', 'HIT@5': '0.0000', 'NDCG@5': '0.0000', 'HIT@10': '0.0000', 'NDCG@10': '0.0000', 'HIT@20': '0.0000', 'NDCG@20': '0.0000'}
{'Epoch': 16, 'name': 'all', 'HIT@5': '0.0216', 'NDCG@5': '0.0139', 'HIT@10': '0.0353', 'NDCG@10': '0.0183', 'HIT@20': '0.0560', 'NDCG@20': '0.0235'}
Validation score increased.  Saving model ...
rec dataset length: 186
100%|█████████████████████████████████████████████████████████████████████████████████████████████████████████████████████████████████████████| 186/186 [01:04<00:00,  2.88it/s]
{'epoch': 17, 'rec_avg_loss': '0.8560', 'joint_avg_loss': '1.2684', 'cl_avg_loss': '4.1237', 'itemcl_loss': '0.0000', 'cl_pair_0_loss': '4.1237'}
Recommendation EP_test:17: 100%|| 35/35 [00:08<00:00,  4.02it/s]
{'Epoch': 17, 'name': 'high_freq', 'HIT@5': '0.0331', 'NDCG@5': '0.0210', 'HIT@10': '0.0529', 'NDCG@10': '0.0274', 'HIT@20': '0.0841', 'NDCG@20': '0.0352'}
{'Epoch': 17, 'name': 'mid_freq', 'HIT@5': '0.0001', 'NDCG@5': '0.0001', 'HIT@10': '0.0006', 'NDCG@10': '0.0002', 'HIT@20': '0.0011', 'NDCG@20': '0.0003'}
{'Epoch': 17, 'name': 'low_freq', 'HIT@5': '0.0000', 'NDCG@5': '0.0000', 'HIT@10': '0.0000', 'NDCG@10': '0.0000', 'HIT@20': '0.0002', 'NDCG@20': '0.0001'}
{'Epoch': 17, 'name': 'all', 'HIT@5': '0.0226', 'NDCG@5': '0.0143', 'HIT@10': '0.0361', 'NDCG@10': '0.0186', 'HIT@20': '0.0575', 'NDCG@20': '0.0240'}
Validation score increased.  Saving model ...
rec dataset length: 186
100%|█████████████████████████████████████████████████████████████████████████████████████████████████████████████████████████████████████████| 186/186 [01:04<00:00,  2.88it/s]
{'epoch': 18, 'rec_avg_loss': '0.8450', 'joint_avg_loss': '1.2561', 'cl_avg_loss': '4.1111', 'itemcl_loss': '0.0000', 'cl_pair_0_loss': '4.1111'}
Recommendation EP_test:18: 100%|| 35/35 [00:08<00:00,  3.98it/s]
{'Epoch': 18, 'name': 'high_freq', 'HIT@5': '0.0338', 'NDCG@5': '0.0215', 'HIT@10': '0.0537', 'NDCG@10': '0.0278', 'HIT@20': '0.0847', 'NDCG@20': '0.0357'}
{'Epoch': 18, 'name': 'mid_freq', 'HIT@5': '0.0006', 'NDCG@5': '0.0004', 'HIT@10': '0.0010', 'NDCG@10': '0.0005', 'HIT@20': '0.0014', 'NDCG@20': '0.0006'}
{'Epoch': 18, 'name': 'low_freq', 'HIT@5': '0.0000', 'NDCG@5': '0.0000', 'HIT@10': '0.0000', 'NDCG@10': '0.0000', 'HIT@20': '0.0002', 'NDCG@20': '0.0001'}
{'Epoch': 18, 'name': 'all', 'HIT@5': '0.0231', 'NDCG@5': '0.0147', 'HIT@10': '0.0367', 'NDCG@10': '0.0190', 'HIT@20': '0.0580', 'NDCG@20': '0.0244'}
Validation score increased.  Saving model ...
rec dataset length: 186
100%|█████████████████████████████████████████████████████████████████████████████████████████████████████████████████████████████████████████| 186/186 [01:04<00:00,  2.87it/s]
{'epoch': 19, 'rec_avg_loss': '0.8303', 'joint_avg_loss': '1.2386', 'cl_avg_loss': '4.0821', 'itemcl_loss': '0.0000', 'cl_pair_0_loss': '4.0821'}
Recommendation EP_test:19: 100%|| 35/35 [00:08<00:00,  4.06it/s]
{'Epoch': 19, 'name': 'high_freq', 'HIT@5': '0.0363', 'NDCG@5': '0.0230', 'HIT@10': '0.0570', 'NDCG@10': '0.0296', 'HIT@20': '0.0886', 'NDCG@20': '0.0376'}
{'Epoch': 19, 'name': 'mid_freq', 'HIT@5': '0.0006', 'NDCG@5': '0.0003', 'HIT@10': '0.0009', 'NDCG@10': '0.0004', 'HIT@20': '0.0013', 'NDCG@20': '0.0005'}
{'Epoch': 19, 'name': 'low_freq', 'HIT@5': '0.0000', 'NDCG@5': '0.0000', 'HIT@10': '0.0000', 'NDCG@10': '0.0000', 'HIT@20': '0.0000', 'NDCG@20': '0.0000'}
{'Epoch': 19, 'name': 'all', 'HIT@5': '0.0248', 'NDCG@5': '0.0157', 'HIT@10': '0.0389', 'NDCG@10': '0.0202', 'HIT@20': '0.0605', 'NDCG@20': '0.0256'}
Validation score increased.  Saving model ...
rec dataset length: 186
100%|█████████████████████████████████████████████████████████████████████████████████████████████████████████████████████████████████████████| 186/186 [01:04<00:00,  2.90it/s]
{'epoch': 20, 'rec_avg_loss': '0.8174', 'joint_avg_loss': '1.2225', 'cl_avg_loss': '4.0512', 'itemcl_loss': '0.0000', 'cl_pair_0_loss': '4.0512'}
Recommendation EP_test:20: 100%|| 35/35 [00:08<00:00,  4.08it/s]
{'Epoch': 20, 'name': 'high_freq', 'HIT@5': '0.0350', 'NDCG@5': '0.0219', 'HIT@10': '0.0564', 'NDCG@10': '0.0287', 'HIT@20': '0.0875', 'NDCG@20': '0.0365'}
{'Epoch': 20, 'name': 'mid_freq', 'HIT@5': '0.0007', 'NDCG@5': '0.0004', 'HIT@10': '0.0009', 'NDCG@10': '0.0004', 'HIT@20': '0.0011', 'NDCG@20': '0.0005'}
{'Epoch': 20, 'name': 'low_freq', 'HIT@5': '0.0000', 'NDCG@5': '0.0000', 'HIT@10': '0.0000', 'NDCG@10': '0.0000', 'HIT@20': '0.0000', 'NDCG@20': '0.0000'}
{'Epoch': 20, 'name': 'all', 'HIT@5': '0.0240', 'NDCG@5': '0.0149', 'HIT@10': '0.0385', 'NDCG@10': '0.0196', 'HIT@20': '0.0598', 'NDCG@20': '0.0249'}
EarlyStopping counter: 1 out of 40
rec dataset length: 186
100%|█████████████████████████████████████████████████████████████████████████████████████████████████████████████████████████████████████████| 186/186 [01:04<00:00,  2.88it/s]
{'epoch': 21, 'rec_avg_loss': '0.8042', 'joint_avg_loss': '1.2067', 'cl_avg_loss': '4.0252', 'itemcl_loss': '0.0000', 'cl_pair_0_loss': '4.0252'}
Recommendation EP_test:21: 100%|| 35/35 [00:08<00:00,  4.06it/s]
{'Epoch': 21, 'name': 'high_freq', 'HIT@5': '0.0369', 'NDCG@5': '0.0229', 'HIT@10': '0.0585', 'NDCG@10': '0.0298', 'HIT@20': '0.0903', 'NDCG@20': '0.0378'}
{'Epoch': 21, 'name': 'mid_freq', 'HIT@5': '0.0004', 'NDCG@5': '0.0002', 'HIT@10': '0.0009', 'NDCG@10': '0.0003', 'HIT@20': '0.0014', 'NDCG@20': '0.0005'}
{'Epoch': 21, 'name': 'low_freq', 'HIT@5': '0.0000', 'NDCG@5': '0.0000', 'HIT@10': '0.0000', 'NDCG@10': '0.0000', 'HIT@20': '0.0000', 'NDCG@20': '0.0000'}
{'Epoch': 21, 'name': 'all', 'HIT@5': '0.0252', 'NDCG@5': '0.0156', 'HIT@10': '0.0399', 'NDCG@10': '0.0203', 'HIT@20': '0.0617', 'NDCG@20': '0.0258'}
Validation score increased.  Saving model ...
rec dataset length: 186
100%|█████████████████████████████████████████████████████████████████████████████████████████████████████████████████████████████████████████| 186/186 [01:04<00:00,  2.87it/s]
{'epoch': 22, 'rec_avg_loss': '0.7933', 'joint_avg_loss': '1.1947', 'cl_avg_loss': '4.0142', 'itemcl_loss': '0.0000', 'cl_pair_0_loss': '4.0142'}
Recommendation EP_test:22: 100%|| 35/35 [00:08<00:00,  4.05it/s]
{'Epoch': 22, 'name': 'high_freq', 'HIT@5': '0.0377', 'NDCG@5': '0.0235', 'HIT@10': '0.0593', 'NDCG@10': '0.0304', 'HIT@20': '0.0935', 'NDCG@20': '0.0390'}
{'Epoch': 22, 'name': 'mid_freq', 'HIT@5': '0.0003', 'NDCG@5': '0.0001', 'HIT@10': '0.0010', 'NDCG@10': '0.0004', 'HIT@20': '0.0019', 'NDCG@20': '0.0006'}
{'Epoch': 22, 'name': 'low_freq', 'HIT@5': '0.0000', 'NDCG@5': '0.0000', 'HIT@10': '0.0000', 'NDCG@10': '0.0000', 'HIT@20': '0.0000', 'NDCG@20': '0.0000'}
{'Epoch': 22, 'name': 'all', 'HIT@5': '0.0257', 'NDCG@5': '0.0160', 'HIT@10': '0.0405', 'NDCG@10': '0.0208', 'HIT@20': '0.0640', 'NDCG@20': '0.0267'}
Validation score increased.  Saving model ...
rec dataset length: 186
100%|█████████████████████████████████████████████████████████████████████████████████████████████████████████████████████████████████████████| 186/186 [01:05<00:00,  2.86it/s]
{'epoch': 23, 'rec_avg_loss': '0.7819', 'joint_avg_loss': '1.1807', 'cl_avg_loss': '3.9878', 'itemcl_loss': '0.0000', 'cl_pair_0_loss': '3.9878'}
Recommendation EP_test:23: 100%|| 35/35 [00:08<00:00,  4.02it/s]
{'Epoch': 23, 'name': 'high_freq', 'HIT@5': '0.0381', 'NDCG@5': '0.0242', 'HIT@10': '0.0594', 'NDCG@10': '0.0311', 'HIT@20': '0.0932', 'NDCG@20': '0.0395'}
{'Epoch': 23, 'name': 'mid_freq', 'HIT@5': '0.0007', 'NDCG@5': '0.0003', 'HIT@10': '0.0013', 'NDCG@10': '0.0005', 'HIT@20': '0.0020', 'NDCG@20': '0.0007'}
{'Epoch': 23, 'name': 'low_freq', 'HIT@5': '0.0000', 'NDCG@5': '0.0000', 'HIT@10': '0.0000', 'NDCG@10': '0.0000', 'HIT@20': '0.0000', 'NDCG@20': '0.0000'}
{'Epoch': 23, 'name': 'all', 'HIT@5': '0.0260', 'NDCG@5': '0.0166', 'HIT@10': '0.0407', 'NDCG@10': '0.0212', 'HIT@20': '0.0638', 'NDCG@20': '0.0270'}
Validation score increased.  Saving model ...
rec dataset length: 186
100%|█████████████████████████████████████████████████████████████████████████████████████████████████████████████████████████████████████████| 186/186 [01:04<00:00,  2.87it/s]
{'epoch': 24, 'rec_avg_loss': '0.7712', 'joint_avg_loss': '1.1668', 'cl_avg_loss': '3.9554', 'itemcl_loss': '0.0000', 'cl_pair_0_loss': '3.9554'}
Recommendation EP_test:24: 100%|| 35/35 [00:08<00:00,  4.12it/s]
{'Epoch': 24, 'name': 'high_freq', 'HIT@5': '0.0406', 'NDCG@5': '0.0256', 'HIT@10': '0.0621', 'NDCG@10': '0.0325', 'HIT@20': '0.0948', 'NDCG@20': '0.0407'}
{'Epoch': 24, 'name': 'mid_freq', 'HIT@5': '0.0006', 'NDCG@5': '0.0003', 'HIT@10': '0.0011', 'NDCG@10': '0.0005', 'HIT@20': '0.0023', 'NDCG@20': '0.0008'}
{'Epoch': 24, 'name': 'low_freq', 'HIT@5': '0.0000', 'NDCG@5': '0.0000', 'HIT@10': '0.0000', 'NDCG@10': '0.0000', 'HIT@20': '0.0000', 'NDCG@20': '0.0000'}
{'Epoch': 24, 'name': 'all', 'HIT@5': '0.0277', 'NDCG@5': '0.0175', 'HIT@10': '0.0425', 'NDCG@10': '0.0222', 'HIT@20': '0.0649', 'NDCG@20': '0.0279'}
Validation score increased.  Saving model ...
rec dataset length: 186
100%|█████████████████████████████████████████████████████████████████████████████████████████████████████████████████████████████████████████| 186/186 [01:04<00:00,  2.88it/s]
{'epoch': 25, 'rec_avg_loss': '0.7626', 'joint_avg_loss': '1.1556', 'cl_avg_loss': '3.9298', 'itemcl_loss': '0.0000', 'cl_pair_0_loss': '3.9298'}
Recommendation EP_test:25: 100%|| 35/35 [00:08<00:00,  4.00it/s]
{'Epoch': 25, 'name': 'high_freq', 'HIT@5': '0.0384', 'NDCG@5': '0.0248', 'HIT@10': '0.0622', 'NDCG@10': '0.0325', 'HIT@20': '0.0962', 'NDCG@20': '0.0410'}
{'Epoch': 25, 'name': 'mid_freq', 'HIT@5': '0.0007', 'NDCG@5': '0.0003', 'HIT@10': '0.0014', 'NDCG@10': '0.0005', 'HIT@20': '0.0024', 'NDCG@20': '0.0008'}
{'Epoch': 25, 'name': 'low_freq', 'HIT@5': '0.0000', 'NDCG@5': '0.0000', 'HIT@10': '0.0000', 'NDCG@10': '0.0000', 'HIT@20': '0.0000', 'NDCG@20': '0.0000'}
{'Epoch': 25, 'name': 'all', 'HIT@5': '0.0263', 'NDCG@5': '0.0170', 'HIT@10': '0.0426', 'NDCG@10': '0.0222', 'HIT@20': '0.0659', 'NDCG@20': '0.0280'}
Validation score increased.  Saving model ...
rec dataset length: 186
100%|█████████████████████████████████████████████████████████████████████████████████████████████████████████████████████████████████████████| 186/186 [01:04<00:00,  2.86it/s]
{'epoch': 26, 'rec_avg_loss': '0.7541', 'joint_avg_loss': '1.1451', 'cl_avg_loss': '3.9102', 'itemcl_loss': '0.0000', 'cl_pair_0_loss': '3.9102'}
Recommendation EP_test:26: 100%|| 35/35 [00:08<00:00,  4.00it/s]
{'Epoch': 26, 'name': 'high_freq', 'HIT@5': '0.0398', 'NDCG@5': '0.0251', 'HIT@10': '0.0620', 'NDCG@10': '0.0322', 'HIT@20': '0.0959', 'NDCG@20': '0.0408'}
{'Epoch': 26, 'name': 'mid_freq', 'HIT@5': '0.0010', 'NDCG@5': '0.0004', 'HIT@10': '0.0014', 'NDCG@10': '0.0006', 'HIT@20': '0.0030', 'NDCG@20': '0.0010'}
{'Epoch': 26, 'name': 'low_freq', 'HIT@5': '0.0000', 'NDCG@5': '0.0000', 'HIT@10': '0.0000', 'NDCG@10': '0.0000', 'HIT@20': '0.0000', 'NDCG@20': '0.0000'}
{'Epoch': 26, 'name': 'all', 'HIT@5': '0.0272', 'NDCG@5': '0.0172', 'HIT@10': '0.0425', 'NDCG@10': '0.0220', 'HIT@20': '0.0658', 'NDCG@20': '0.0279'}
EarlyStopping counter: 1 out of 40
rec dataset length: 186
100%|█████████████████████████████████████████████████████████████████████████████████████████████████████████████████████████████████████████| 186/186 [01:04<00:00,  2.87it/s]
{'epoch': 27, 'rec_avg_loss': '0.7433', 'joint_avg_loss': '1.1327', 'cl_avg_loss': '3.8935', 'itemcl_loss': '0.0000', 'cl_pair_0_loss': '3.8935'}
Recommendation EP_test:27: 100%|| 35/35 [00:08<00:00,  3.98it/s]
{'Epoch': 27, 'name': 'high_freq', 'HIT@5': '0.0393', 'NDCG@5': '0.0249', 'HIT@10': '0.0634', 'NDCG@10': '0.0326', 'HIT@20': '0.0968', 'NDCG@20': '0.0410'}
{'Epoch': 27, 'name': 'mid_freq', 'HIT@5': '0.0007', 'NDCG@5': '0.0004', 'HIT@10': '0.0014', 'NDCG@10': '0.0006', 'HIT@20': '0.0030', 'NDCG@20': '0.0010'}
{'Epoch': 27, 'name': 'low_freq', 'HIT@5': '0.0000', 'NDCG@5': '0.0000', 'HIT@10': '0.0000', 'NDCG@10': '0.0000', 'HIT@20': '0.0005', 'NDCG@20': '0.0001'}
{'Epoch': 27, 'name': 'all', 'HIT@5': '0.0269', 'NDCG@5': '0.0170', 'HIT@10': '0.0434', 'NDCG@10': '0.0223', 'HIT@20': '0.0665', 'NDCG@20': '0.0281'}
Validation score increased.  Saving model ...
rec dataset length: 186
100%|█████████████████████████████████████████████████████████████████████████████████████████████████████████████████████████████████████████| 186/186 [01:04<00:00,  2.87it/s]
{'epoch': 28, 'rec_avg_loss': '0.7368', 'joint_avg_loss': '1.1247', 'cl_avg_loss': '3.8786', 'itemcl_loss': '0.0000', 'cl_pair_0_loss': '3.8786'}
Recommendation EP_test:28: 100%|| 35/35 [00:08<00:00,  4.05it/s]
{'Epoch': 28, 'name': 'high_freq', 'HIT@5': '0.0403', 'NDCG@5': '0.0257', 'HIT@10': '0.0638', 'NDCG@10': '0.0333', 'HIT@20': '0.0984', 'NDCG@20': '0.0420'}
{'Epoch': 28, 'name': 'mid_freq', 'HIT@5': '0.0011', 'NDCG@5': '0.0005', 'HIT@10': '0.0017', 'NDCG@10': '0.0007', 'HIT@20': '0.0034', 'NDCG@20': '0.0011'}
{'Epoch': 28, 'name': 'low_freq', 'HIT@5': '0.0000', 'NDCG@5': '0.0000', 'HIT@10': '0.0000', 'NDCG@10': '0.0000', 'HIT@20': '0.0005', 'NDCG@20': '0.0001'}
{'Epoch': 28, 'name': 'all', 'HIT@5': '0.0276', 'NDCG@5': '0.0176', 'HIT@10': '0.0438', 'NDCG@10': '0.0228', 'HIT@20': '0.0677', 'NDCG@20': '0.0288'}
Validation score increased.  Saving model ...
rec dataset length: 186
100%|█████████████████████████████████████████████████████████████████████████████████████████████████████████████████████████████████████████| 186/186 [01:05<00:00,  2.85it/s]
{'epoch': 29, 'rec_avg_loss': '0.7251', 'joint_avg_loss': '1.1103', 'cl_avg_loss': '3.8518', 'itemcl_loss': '0.0000', 'cl_pair_0_loss': '3.8518'}
Recommendation EP_test:29: 100%|| 35/35 [00:08<00:00,  4.05it/s]
{'Epoch': 29, 'name': 'high_freq', 'HIT@5': '0.0419', 'NDCG@5': '0.0271', 'HIT@10': '0.0650', 'NDCG@10': '0.0345', 'HIT@20': '0.0988', 'NDCG@20': '0.0430'}
{'Epoch': 29, 'name': 'mid_freq', 'HIT@5': '0.0009', 'NDCG@5': '0.0005', 'HIT@10': '0.0020', 'NDCG@10': '0.0008', 'HIT@20': '0.0034', 'NDCG@20': '0.0012'}
{'Epoch': 29, 'name': 'low_freq', 'HIT@5': '0.0000', 'NDCG@5': '0.0000', 'HIT@10': '0.0000', 'NDCG@10': '0.0000', 'HIT@20': '0.0002', 'NDCG@20': '0.0001'}
{'Epoch': 29, 'name': 'all', 'HIT@5': '0.0287', 'NDCG@5': '0.0185', 'HIT@10': '0.0446', 'NDCG@10': '0.0236', 'HIT@20': '0.0679', 'NDCG@20': '0.0295'}
Validation score increased.  Saving model ...
rec dataset length: 186
100%|█████████████████████████████████████████████████████████████████████████████████████████████████████████████████████████████████████████| 186/186 [01:04<00:00,  2.87it/s]
{'epoch': 30, 'rec_avg_loss': '0.7183', 'joint_avg_loss': '1.1021', 'cl_avg_loss': '3.8380', 'itemcl_loss': '0.0000', 'cl_pair_0_loss': '3.8380'}
Recommendation EP_test:30: 100%|| 35/35 [00:08<00:00,  4.11it/s]
{'Epoch': 30, 'name': 'high_freq', 'HIT@5': '0.0423', 'NDCG@5': '0.0272', 'HIT@10': '0.0659', 'NDCG@10': '0.0348', 'HIT@20': '0.1005', 'NDCG@20': '0.0435'}
{'Epoch': 30, 'name': 'mid_freq', 'HIT@5': '0.0006', 'NDCG@5': '0.0003', 'HIT@10': '0.0020', 'NDCG@10': '0.0008', 'HIT@20': '0.0037', 'NDCG@20': '0.0012'}
{'Epoch': 30, 'name': 'low_freq', 'HIT@5': '0.0000', 'NDCG@5': '0.0000', 'HIT@10': '0.0002', 'NDCG@10': '0.0001', 'HIT@20': '0.0002', 'NDCG@20': '0.0001'}
{'Epoch': 30, 'name': 'all', 'HIT@5': '0.0289', 'NDCG@5': '0.0186', 'HIT@10': '0.0452', 'NDCG@10': '0.0238', 'HIT@20': '0.0692', 'NDCG@20': '0.0299'}
Validation score increased.  Saving model ...
rec dataset length: 186
100%|█████████████████████████████████████████████████████████████████████████████████████████████████████████████████████████████████████████| 186/186 [01:04<00:00,  2.86it/s]
{'epoch': 31, 'rec_avg_loss': '0.7108', 'joint_avg_loss': '1.0913', 'cl_avg_loss': '3.8051', 'itemcl_loss': '0.0000', 'cl_pair_0_loss': '3.8051'}
Recommendation EP_test:31: 100%|| 35/35 [00:08<00:00,  3.95it/s]
{'Epoch': 31, 'name': 'high_freq', 'HIT@5': '0.0421', 'NDCG@5': '0.0273', 'HIT@10': '0.0647', 'NDCG@10': '0.0346', 'HIT@20': '0.1006', 'NDCG@20': '0.0436'}
{'Epoch': 31, 'name': 'mid_freq', 'HIT@5': '0.0009', 'NDCG@5': '0.0006', 'HIT@10': '0.0020', 'NDCG@10': '0.0010', 'HIT@20': '0.0042', 'NDCG@20': '0.0015'}
{'Epoch': 31, 'name': 'low_freq', 'HIT@5': '0.0000', 'NDCG@5': '0.0000', 'HIT@10': '0.0000', 'NDCG@10': '0.0000', 'HIT@20': '0.0002', 'NDCG@20': '0.0001'}
{'Epoch': 31, 'name': 'all', 'HIT@5': '0.0288', 'NDCG@5': '0.0187', 'HIT@10': '0.0444', 'NDCG@10': '0.0237', 'HIT@20': '0.0693', 'NDCG@20': '0.0300'}
Validation score increased.  Saving model ...
rec dataset length: 186
100%|█████████████████████████████████████████████████████████████████████████████████████████████████████████████████████████████████████████| 186/186 [01:05<00:00,  2.84it/s]
{'epoch': 32, 'rec_avg_loss': '0.7030', 'joint_avg_loss': '1.0839', 'cl_avg_loss': '3.8093', 'itemcl_loss': '0.0000', 'cl_pair_0_loss': '3.8093'}
Recommendation EP_test:32: 100%|| 35/35 [00:08<00:00,  3.93it/s]
{'Epoch': 32, 'name': 'high_freq', 'HIT@5': '0.0441', 'NDCG@5': '0.0286', 'HIT@10': '0.0669', 'NDCG@10': '0.0359', 'HIT@20': '0.1015', 'NDCG@20': '0.0447'}
{'Epoch': 32, 'name': 'mid_freq', 'HIT@5': '0.0004', 'NDCG@5': '0.0003', 'HIT@10': '0.0024', 'NDCG@10': '0.0009', 'HIT@20': '0.0039', 'NDCG@20': '0.0013'}
{'Epoch': 32, 'name': 'low_freq', 'HIT@5': '0.0000', 'NDCG@5': '0.0000', 'HIT@10': '0.0002', 'NDCG@10': '0.0001', 'HIT@20': '0.0005', 'NDCG@20': '0.0001'}
{'Epoch': 32, 'name': 'all', 'HIT@5': '0.0301', 'NDCG@5': '0.0195', 'HIT@10': '0.0460', 'NDCG@10': '0.0246', 'HIT@20': '0.0699', 'NDCG@20': '0.0306'}
Validation score increased.  Saving model ...
rec dataset length: 186
100%|█████████████████████████████████████████████████████████████████████████████████████████████████████████████████████████████████████████| 186/186 [01:04<00:00,  2.87it/s]
{'epoch': 33, 'rec_avg_loss': '0.6988', 'joint_avg_loss': '1.0765', 'cl_avg_loss': '3.7775', 'itemcl_loss': '0.0000', 'cl_pair_0_loss': '3.7775'}
Recommendation EP_test:33: 100%|| 35/35 [00:08<00:00,  4.09it/s]
{'Epoch': 33, 'name': 'high_freq', 'HIT@5': '0.0422', 'NDCG@5': '0.0277', 'HIT@10': '0.0658', 'NDCG@10': '0.0352', 'HIT@20': '0.0984', 'NDCG@20': '0.0434'}
{'Epoch': 33, 'name': 'mid_freq', 'HIT@5': '0.0013', 'NDCG@5': '0.0007', 'HIT@10': '0.0024', 'NDCG@10': '0.0010', 'HIT@20': '0.0049', 'NDCG@20': '0.0017'}
{'Epoch': 33, 'name': 'low_freq', 'HIT@5': '0.0000', 'NDCG@5': '0.0000', 'HIT@10': '0.0002', 'NDCG@10': '0.0001', 'HIT@20': '0.0007', 'NDCG@20': '0.0002'}
{'Epoch': 33, 'name': 'all', 'HIT@5': '0.0290', 'NDCG@5': '0.0190', 'HIT@10': '0.0453', 'NDCG@10': '0.0242', 'HIT@20': '0.0680', 'NDCG@20': '0.0299'}
EarlyStopping counter: 1 out of 40
rec dataset length: 186
100%|█████████████████████████████████████████████████████████████████████████████████████████████████████████████████████████████████████████| 186/186 [01:04<00:00,  2.87it/s]
{'epoch': 34, 'rec_avg_loss': '0.6885', 'joint_avg_loss': '1.0651', 'cl_avg_loss': '3.7655', 'itemcl_loss': '0.0000', 'cl_pair_0_loss': '3.7655'}
Recommendation EP_test:34: 100%|| 35/35 [00:08<00:00,  4.10it/s]
{'Epoch': 34, 'name': 'high_freq', 'HIT@5': '0.0419', 'NDCG@5': '0.0275', 'HIT@10': '0.0647', 'NDCG@10': '0.0349', 'HIT@20': '0.0998', 'NDCG@20': '0.0437'}
{'Epoch': 34, 'name': 'mid_freq', 'HIT@5': '0.0006', 'NDCG@5': '0.0003', 'HIT@10': '0.0024', 'NDCG@10': '0.0009', 'HIT@20': '0.0045', 'NDCG@20': '0.0014'}
{'Epoch': 34, 'name': 'low_freq', 'HIT@5': '0.0000', 'NDCG@5': '0.0000', 'HIT@10': '0.0002', 'NDCG@10': '0.0001', 'HIT@20': '0.0005', 'NDCG@20': '0.0001'}
{'Epoch': 34, 'name': 'all', 'HIT@5': '0.0286', 'NDCG@5': '0.0188', 'HIT@10': '0.0446', 'NDCG@10': '0.0239', 'HIT@20': '0.0689', 'NDCG@20': '0.0300'}
EarlyStopping counter: 2 out of 40
rec dataset length: 186
100%|█████████████████████████████████████████████████████████████████████████████████████████████████████████████████████████████████████████| 186/186 [01:04<00:00,  2.88it/s]
{'epoch': 35, 'rec_avg_loss': '0.6841', 'joint_avg_loss': '1.0594', 'cl_avg_loss': '3.7523', 'itemcl_loss': '0.0000', 'cl_pair_0_loss': '3.7523'}
Recommendation EP_test:35: 100%|| 35/35 [00:08<00:00,  4.17it/s]
{'Epoch': 35, 'name': 'high_freq', 'HIT@5': '0.0436', 'NDCG@5': '0.0285', 'HIT@10': '0.0675', 'NDCG@10': '0.0362', 'HIT@20': '0.1011', 'NDCG@20': '0.0446'}
{'Epoch': 35, 'name': 'mid_freq', 'HIT@5': '0.0013', 'NDCG@5': '0.0007', 'HIT@10': '0.0024', 'NDCG@10': '0.0010', 'HIT@20': '0.0047', 'NDCG@20': '0.0016'}
{'Epoch': 35, 'name': 'low_freq', 'HIT@5': '0.0000', 'NDCG@5': '0.0000', 'HIT@10': '0.0002', 'NDCG@10': '0.0001', 'HIT@20': '0.0007', 'NDCG@20': '0.0002'}
{'Epoch': 35, 'name': 'all', 'HIT@5': '0.0299', 'NDCG@5': '0.0195', 'HIT@10': '0.0464', 'NDCG@10': '0.0248', 'HIT@20': '0.0698', 'NDCG@20': '0.0307'}
Validation score increased.  Saving model ...
rec dataset length: 186
100%|█████████████████████████████████████████████████████████████████████████████████████████████████████████████████████████████████████████| 186/186 [01:05<00:00,  2.85it/s]
{'epoch': 36, 'rec_avg_loss': '0.6770', 'joint_avg_loss': '1.0510', 'cl_avg_loss': '3.7403', 'itemcl_loss': '0.0000', 'cl_pair_0_loss': '3.7403'}
Recommendation EP_test:36: 100%|| 35/35 [00:08<00:00,  4.32it/s]
{'Epoch': 36, 'name': 'high_freq', 'HIT@5': '0.0434', 'NDCG@5': '0.0285', 'HIT@10': '0.0669', 'NDCG@10': '0.0360', 'HIT@20': '0.1041', 'NDCG@20': '0.0454'}
{'Epoch': 36, 'name': 'mid_freq', 'HIT@5': '0.0017', 'NDCG@5': '0.0009', 'HIT@10': '0.0032', 'NDCG@10': '0.0013', 'HIT@20': '0.0050', 'NDCG@20': '0.0018'}
{'Epoch': 36, 'name': 'low_freq', 'HIT@5': '0.0000', 'NDCG@5': '0.0000', 'HIT@10': '0.0005', 'NDCG@10': '0.0001', 'HIT@20': '0.0005', 'NDCG@20': '0.0001'}
{'Epoch': 36, 'name': 'all', 'HIT@5': '0.0299', 'NDCG@5': '0.0196', 'HIT@10': '0.0462', 'NDCG@10': '0.0248', 'HIT@20': '0.0718', 'NDCG@20': '0.0312'}
Validation score increased.  Saving model ...
rec dataset length: 186
100%|█████████████████████████████████████████████████████████████████████████████████████████████████████████████████████████████████████████| 186/186 [01:04<00:00,  2.88it/s]
{'epoch': 37, 'rec_avg_loss': '0.6678', 'joint_avg_loss': '1.0406', 'cl_avg_loss': '3.7287', 'itemcl_loss': '0.0000', 'cl_pair_0_loss': '3.7287'}
Recommendation EP_test:37: 100%|| 35/35 [00:08<00:00,  4.11it/s]
{'Epoch': 37, 'name': 'high_freq', 'HIT@5': '0.0431', 'NDCG@5': '0.0279', 'HIT@10': '0.0695', 'NDCG@10': '0.0363', 'HIT@20': '0.1047', 'NDCG@20': '0.0451'}
{'Epoch': 37, 'name': 'mid_freq', 'HIT@5': '0.0017', 'NDCG@5': '0.0008', 'HIT@10': '0.0030', 'NDCG@10': '0.0012', 'HIT@20': '0.0050', 'NDCG@20': '0.0018'}
{'Epoch': 37, 'name': 'low_freq', 'HIT@5': '0.0000', 'NDCG@5': '0.0000', 'HIT@10': '0.0000', 'NDCG@10': '0.0000', 'HIT@20': '0.0007', 'NDCG@20': '0.0002'}
{'Epoch': 37, 'name': 'all', 'HIT@5': '0.0297', 'NDCG@5': '0.0191', 'HIT@10': '0.0478', 'NDCG@10': '0.0249', 'HIT@20': '0.0723', 'NDCG@20': '0.0311'}
EarlyStopping counter: 1 out of 40
rec dataset length: 186
100%|█████████████████████████████████████████████████████████████████████████████████████████████████████████████████████████████████████████| 186/186 [01:04<00:00,  2.86it/s]
{'epoch': 38, 'rec_avg_loss': '0.6623', 'joint_avg_loss': '1.0332', 'cl_avg_loss': '3.7089', 'itemcl_loss': '0.0000', 'cl_pair_0_loss': '3.7089'}
Recommendation EP_test:38: 100%|| 35/35 [00:08<00:00,  4.20it/s]
{'Epoch': 38, 'name': 'high_freq', 'HIT@5': '0.0422', 'NDCG@5': '0.0280', 'HIT@10': '0.0676', 'NDCG@10': '0.0361', 'HIT@20': '0.1036', 'NDCG@20': '0.0452'}
{'Epoch': 38, 'name': 'mid_freq', 'HIT@5': '0.0016', 'NDCG@5': '0.0008', 'HIT@10': '0.0030', 'NDCG@10': '0.0013', 'HIT@20': '0.0053', 'NDCG@20': '0.0019'}
{'Epoch': 38, 'name': 'low_freq', 'HIT@5': '0.0000', 'NDCG@5': '0.0000', 'HIT@10': '0.0000', 'NDCG@10': '0.0000', 'HIT@20': '0.0005', 'NDCG@20': '0.0001'}
{'Epoch': 38, 'name': 'all', 'HIT@5': '0.0290', 'NDCG@5': '0.0192', 'HIT@10': '0.0466', 'NDCG@10': '0.0248', 'HIT@20': '0.0716', 'NDCG@20': '0.0311'}
EarlyStopping counter: 2 out of 40
rec dataset length: 186
100%|█████████████████████████████████████████████████████████████████████████████████████████████████████████████████████████████████████████| 186/186 [01:04<00:00,  2.87it/s]
{'epoch': 39, 'rec_avg_loss': '0.6566', 'joint_avg_loss': '1.0263', 'cl_avg_loss': '3.6963', 'itemcl_loss': '0.0000', 'cl_pair_0_loss': '3.6963'}
Recommendation EP_test:39: 100%|| 35/35 [00:08<00:00,  4.12it/s]
{'Epoch': 39, 'name': 'high_freq', 'HIT@5': '0.0446', 'NDCG@5': '0.0292', 'HIT@10': '0.0706', 'NDCG@10': '0.0376', 'HIT@20': '0.1056', 'NDCG@20': '0.0464'}
{'Epoch': 39, 'name': 'mid_freq', 'HIT@5': '0.0019', 'NDCG@5': '0.0010', 'HIT@10': '0.0034', 'NDCG@10': '0.0015', 'HIT@20': '0.0060', 'NDCG@20': '0.0021'}
{'Epoch': 39, 'name': 'low_freq', 'HIT@5': '0.0000', 'NDCG@5': '0.0000', 'HIT@10': '0.0002', 'NDCG@10': '0.0001', 'HIT@20': '0.0009', 'NDCG@20': '0.0002'}
{'Epoch': 39, 'name': 'all', 'HIT@5': '0.0307', 'NDCG@5': '0.0200', 'HIT@10': '0.0487', 'NDCG@10': '0.0259', 'HIT@20': '0.0731', 'NDCG@20': '0.0320'}
Validation score increased.  Saving model ...
rec dataset length: 186
100%|█████████████████████████████████████████████████████████████████████████████████████████████████████████████████████████████████████████| 186/186 [01:04<00:00,  2.88it/s]
{'epoch': 40, 'rec_avg_loss': '0.6507', 'joint_avg_loss': '1.0182', 'cl_avg_loss': '3.6758', 'itemcl_loss': '0.0000', 'cl_pair_0_loss': '3.6758'}
Recommendation EP_test:40: 100%|| 35/35 [00:08<00:00,  4.27it/s]
{'Epoch': 40, 'name': 'high_freq', 'HIT@5': '0.0457', 'NDCG@5': '0.0296', 'HIT@10': '0.0704', 'NDCG@10': '0.0375', 'HIT@20': '0.1058', 'NDCG@20': '0.0463'}
{'Epoch': 40, 'name': 'mid_freq', 'HIT@5': '0.0022', 'NDCG@5': '0.0011', 'HIT@10': '0.0037', 'NDCG@10': '0.0016', 'HIT@20': '0.0056', 'NDCG@20': '0.0021'}
{'Epoch': 40, 'name': 'low_freq', 'HIT@5': '0.0000', 'NDCG@5': '0.0000', 'HIT@10': '0.0002', 'NDCG@10': '0.0001', 'HIT@20': '0.0009', 'NDCG@20': '0.0002'}
{'Epoch': 40, 'name': 'all', 'HIT@5': '0.0315', 'NDCG@5': '0.0203', 'HIT@10': '0.0487', 'NDCG@10': '0.0258', 'HIT@20': '0.0732', 'NDCG@20': '0.0320'}
EarlyStopping counter: 1 out of 40
rec dataset length: 186
100%|█████████████████████████████████████████████████████████████████████████████████████████████████████████████████████████████████████████| 186/186 [01:04<00:00,  2.87it/s]
{'epoch': 41, 'rec_avg_loss': '0.6470', 'joint_avg_loss': '1.0140', 'cl_avg_loss': '3.6704', 'itemcl_loss': '0.0000', 'cl_pair_0_loss': '3.6704'}
Recommendation EP_test:41: 100%|| 35/35 [00:08<00:00,  4.14it/s]
{'Epoch': 41, 'name': 'high_freq', 'HIT@5': '0.0467', 'NDCG@5': '0.0305', 'HIT@10': '0.0716', 'NDCG@10': '0.0384', 'HIT@20': '0.1053', 'NDCG@20': '0.0469'}
{'Epoch': 41, 'name': 'mid_freq', 'HIT@5': '0.0023', 'NDCG@5': '0.0013', 'HIT@10': '0.0036', 'NDCG@10': '0.0017', 'HIT@20': '0.0056', 'NDCG@20': '0.0022'}
{'Epoch': 41, 'name': 'low_freq', 'HIT@5': '0.0000', 'NDCG@5': '0.0000', 'HIT@10': '0.0002', 'NDCG@10': '0.0001', 'HIT@20': '0.0007', 'NDCG@20': '0.0002'}
{'Epoch': 41, 'name': 'all', 'HIT@5': '0.0322', 'NDCG@5': '0.0210', 'HIT@10': '0.0494', 'NDCG@10': '0.0265', 'HIT@20': '0.0728', 'NDCG@20': '0.0324'}
Validation score increased.  Saving model ...
rec dataset length: 186
100%|█████████████████████████████████████████████████████████████████████████████████████████████████████████████████████████████████████████| 186/186 [01:04<00:00,  2.88it/s]
{'epoch': 42, 'rec_avg_loss': '0.6412', 'joint_avg_loss': '1.0064', 'cl_avg_loss': '3.6521', 'itemcl_loss': '0.0000', 'cl_pair_0_loss': '3.6521'}
Recommendation EP_test:42: 100%|| 35/35 [00:08<00:00,  4.09it/s]
{'Epoch': 42, 'name': 'high_freq', 'HIT@5': '0.0474', 'NDCG@5': '0.0307', 'HIT@10': '0.0702', 'NDCG@10': '0.0380', 'HIT@20': '0.1062', 'NDCG@20': '0.0471'}
{'Epoch': 42, 'name': 'mid_freq', 'HIT@5': '0.0017', 'NDCG@5': '0.0010', 'HIT@10': '0.0040', 'NDCG@10': '0.0017', 'HIT@20': '0.0059', 'NDCG@20': '0.0022'}
{'Epoch': 42, 'name': 'low_freq', 'HIT@5': '0.0000', 'NDCG@5': '0.0000', 'HIT@10': '0.0002', 'NDCG@10': '0.0001', 'HIT@20': '0.0007', 'NDCG@20': '0.0002'}
{'Epoch': 42, 'name': 'all', 'HIT@5': '0.0326', 'NDCG@5': '0.0211', 'HIT@10': '0.0486', 'NDCG@10': '0.0262', 'HIT@20': '0.0735', 'NDCG@20': '0.0325'}
Validation score increased.  Saving model ...
rec dataset length: 186
100%|█████████████████████████████████████████████████████████████████████████████████████████████████████████████████████████████████████████| 186/186 [01:05<00:00,  2.86it/s]
{'epoch': 43, 'rec_avg_loss': '0.6363', 'joint_avg_loss': '1.0015', 'cl_avg_loss': '3.6524', 'itemcl_loss': '0.0000', 'cl_pair_0_loss': '3.6524'}
Recommendation EP_test:43: 100%|| 35/35 [00:08<00:00,  4.10it/s]
{'Epoch': 43, 'name': 'high_freq', 'HIT@5': '0.0462', 'NDCG@5': '0.0301', 'HIT@10': '0.0695', 'NDCG@10': '0.0376', 'HIT@20': '0.1053', 'NDCG@20': '0.0466'}
{'Epoch': 43, 'name': 'mid_freq', 'HIT@5': '0.0023', 'NDCG@5': '0.0012', 'HIT@10': '0.0042', 'NDCG@10': '0.0018', 'HIT@20': '0.0063', 'NDCG@20': '0.0023'}
{'Epoch': 43, 'name': 'low_freq', 'HIT@5': '0.0000', 'NDCG@5': '0.0000', 'HIT@10': '0.0000', 'NDCG@10': '0.0000', 'HIT@20': '0.0007', 'NDCG@20': '0.0002'}
{'Epoch': 43, 'name': 'all', 'HIT@5': '0.0319', 'NDCG@5': '0.0207', 'HIT@10': '0.0481', 'NDCG@10': '0.0259', 'HIT@20': '0.0730', 'NDCG@20': '0.0322'}
EarlyStopping counter: 1 out of 40
rec dataset length: 186
100%|█████████████████████████████████████████████████████████████████████████████████████████████████████████████████████████████████████████| 186/186 [01:04<00:00,  2.87it/s]
{'epoch': 44, 'rec_avg_loss': '0.6333', 'joint_avg_loss': '0.9968', 'cl_avg_loss': '3.6348', 'itemcl_loss': '0.0000', 'cl_pair_0_loss': '3.6348'}
Recommendation EP_test:44: 100%|| 35/35 [00:08<00:00,  4.08it/s]
{'Epoch': 44, 'name': 'high_freq', 'HIT@5': '0.0474', 'NDCG@5': '0.0313', 'HIT@10': '0.0713', 'NDCG@10': '0.0390', 'HIT@20': '0.1057', 'NDCG@20': '0.0476'}
{'Epoch': 44, 'name': 'mid_freq', 'HIT@5': '0.0017', 'NDCG@5': '0.0010', 'HIT@10': '0.0037', 'NDCG@10': '0.0016', 'HIT@20': '0.0059', 'NDCG@20': '0.0021'}
{'Epoch': 44, 'name': 'low_freq', 'HIT@5': '0.0000', 'NDCG@5': '0.0000', 'HIT@10': '0.0002', 'NDCG@10': '0.0001', 'HIT@20': '0.0009', 'NDCG@20': '0.0002'}
{'Epoch': 44, 'name': 'all', 'HIT@5': '0.0326', 'NDCG@5': '0.0215', 'HIT@10': '0.0492', 'NDCG@10': '0.0268', 'HIT@20': '0.0732', 'NDCG@20': '0.0328'}
Validation score increased.  Saving model ...
rec dataset length: 186
100%|█████████████████████████████████████████████████████████████████████████████████████████████████████████████████████████████████████████| 186/186 [01:04<00:00,  2.86it/s]
{'epoch': 45, 'rec_avg_loss': '0.6284', 'joint_avg_loss': '0.9908', 'cl_avg_loss': '3.6234', 'itemcl_loss': '0.0000', 'cl_pair_0_loss': '3.6234'}
Recommendation EP_test:45: 100%|| 35/35 [00:08<00:00,  4.29it/s]
{'Epoch': 45, 'name': 'high_freq', 'HIT@5': '0.0477', 'NDCG@5': '0.0311', 'HIT@10': '0.0717', 'NDCG@10': '0.0388', 'HIT@20': '0.1068', 'NDCG@20': '0.0476'}
{'Epoch': 45, 'name': 'mid_freq', 'HIT@5': '0.0024', 'NDCG@5': '0.0013', 'HIT@10': '0.0040', 'NDCG@10': '0.0018', 'HIT@20': '0.0065', 'NDCG@20': '0.0024'}
{'Epoch': 45, 'name': 'low_freq', 'HIT@5': '0.0000', 'NDCG@5': '0.0000', 'HIT@10': '0.0002', 'NDCG@10': '0.0001', 'HIT@20': '0.0005', 'NDCG@20': '0.0001'}
{'Epoch': 45, 'name': 'all', 'HIT@5': '0.0330', 'NDCG@5': '0.0214', 'HIT@10': '0.0496', 'NDCG@10': '0.0268', 'HIT@20': '0.0740', 'NDCG@20': '0.0329'}
Validation score increased.  Saving model ...
rec dataset length: 186
100%|█████████████████████████████████████████████████████████████████████████████████████████████████████████████████████████████████████████| 186/186 [01:04<00:00,  2.88it/s]
{'epoch': 46, 'rec_avg_loss': '0.6205', 'joint_avg_loss': '0.9827', 'cl_avg_loss': '3.6217', 'itemcl_loss': '0.0000', 'cl_pair_0_loss': '3.6217'}
Recommendation EP_test:46: 100%|| 35/35 [00:08<00:00,  4.08it/s]
{'Epoch': 46, 'name': 'high_freq', 'HIT@5': '0.0473', 'NDCG@5': '0.0310', 'HIT@10': '0.0711', 'NDCG@10': '0.0387', 'HIT@20': '0.1053', 'NDCG@20': '0.0473'}
{'Epoch': 46, 'name': 'mid_freq', 'HIT@5': '0.0027', 'NDCG@5': '0.0013', 'HIT@10': '0.0049', 'NDCG@10': '0.0020', 'HIT@20': '0.0069', 'NDCG@20': '0.0025'}
{'Epoch': 46, 'name': 'low_freq', 'HIT@5': '0.0002', 'NDCG@5': '0.0001', 'HIT@10': '0.0002', 'NDCG@10': '0.0001', 'HIT@20': '0.0007', 'NDCG@20': '0.0002'}
{'Epoch': 46, 'name': 'all', 'HIT@5': '0.0328', 'NDCG@5': '0.0214', 'HIT@10': '0.0494', 'NDCG@10': '0.0267', 'HIT@20': '0.0730', 'NDCG@20': '0.0327'}
EarlyStopping counter: 1 out of 40
rec dataset length: 186
100%|█████████████████████████████████████████████████████████████████████████████████████████████████████████████████████████████████████████| 186/186 [01:04<00:00,  2.87it/s]
{'epoch': 47, 'rec_avg_loss': '0.6173', 'joint_avg_loss': '0.9772', 'cl_avg_loss': '3.5988', 'itemcl_loss': '0.0000', 'cl_pair_0_loss': '3.5988'}
Recommendation EP_test:47: 100%|| 35/35 [00:08<00:00,  4.16it/s]
{'Epoch': 47, 'name': 'high_freq', 'HIT@5': '0.0457', 'NDCG@5': '0.0299', 'HIT@10': '0.0698', 'NDCG@10': '0.0377', 'HIT@20': '0.1051', 'NDCG@20': '0.0465'}
{'Epoch': 47, 'name': 'mid_freq', 'HIT@5': '0.0020', 'NDCG@5': '0.0010', 'HIT@10': '0.0037', 'NDCG@10': '0.0016', 'HIT@20': '0.0063', 'NDCG@20': '0.0023'}
{'Epoch': 47, 'name': 'low_freq', 'HIT@5': '0.0002', 'NDCG@5': '0.0002', 'HIT@10': '0.0005', 'NDCG@10': '0.0003', 'HIT@20': '0.0007', 'NDCG@20': '0.0003'}
{'Epoch': 47, 'name': 'all', 'HIT@5': '0.0315', 'NDCG@5': '0.0206', 'HIT@10': '0.0483', 'NDCG@10': '0.0260', 'HIT@20': '0.0728', 'NDCG@20': '0.0321'}
EarlyStopping counter: 2 out of 40
rec dataset length: 186
100%|█████████████████████████████████████████████████████████████████████████████████████████████████████████████████████████████████████████| 186/186 [01:04<00:00,  2.87it/s]
{'epoch': 48, 'rec_avg_loss': '0.6121', 'joint_avg_loss': '0.9715', 'cl_avg_loss': '3.5937', 'itemcl_loss': '0.0000', 'cl_pair_0_loss': '3.5937'}
Recommendation EP_test:48: 100%|| 35/35 [00:08<00:00,  4.21it/s]
{'Epoch': 48, 'name': 'high_freq', 'HIT@5': '0.0462', 'NDCG@5': '0.0305', 'HIT@10': '0.0695', 'NDCG@10': '0.0379', 'HIT@20': '0.1051', 'NDCG@20': '0.0468'}
{'Epoch': 48, 'name': 'mid_freq', 'HIT@5': '0.0019', 'NDCG@5': '0.0011', 'HIT@10': '0.0043', 'NDCG@10': '0.0018', 'HIT@20': '0.0075', 'NDCG@20': '0.0027'}
{'Epoch': 48, 'name': 'low_freq', 'HIT@5': '0.0000', 'NDCG@5': '0.0000', 'HIT@10': '0.0000', 'NDCG@10': '0.0000', 'HIT@20': '0.0009', 'NDCG@20': '0.0002'}
{'Epoch': 48, 'name': 'all', 'HIT@5': '0.0318', 'NDCG@5': '0.0209', 'HIT@10': '0.0481', 'NDCG@10': '0.0262', 'HIT@20': '0.0731', 'NDCG@20': '0.0324'}
EarlyStopping counter: 3 out of 40
rec dataset length: 186
100%|█████████████████████████████████████████████████████████████████████████████████████████████████████████████████████████████████████████| 186/186 [01:04<00:00,  2.87it/s]
{'epoch': 49, 'rec_avg_loss': '0.6071', 'joint_avg_loss': '0.9656', 'cl_avg_loss': '3.5849', 'itemcl_loss': '0.0000', 'cl_pair_0_loss': '3.5849'}
Recommendation EP_test:49: 100%|| 35/35 [00:08<00:00,  4.13it/s]
{'Epoch': 49, 'name': 'high_freq', 'HIT@5': '0.0467', 'NDCG@5': '0.0304', 'HIT@10': '0.0707', 'NDCG@10': '0.0381', 'HIT@20': '0.1077', 'NDCG@20': '0.0474'}
{'Epoch': 49, 'name': 'mid_freq', 'HIT@5': '0.0019', 'NDCG@5': '0.0013', 'HIT@10': '0.0047', 'NDCG@10': '0.0022', 'HIT@20': '0.0069', 'NDCG@20': '0.0028'}
{'Epoch': 49, 'name': 'low_freq', 'HIT@5': '0.0000', 'NDCG@5': '0.0000', 'HIT@10': '0.0002', 'NDCG@10': '0.0001', 'HIT@20': '0.0011', 'NDCG@20': '0.0003'}
{'Epoch': 49, 'name': 'all', 'HIT@5': '0.0321', 'NDCG@5': '0.0209', 'HIT@10': '0.0491', 'NDCG@10': '0.0264', 'HIT@20': '0.0747', 'NDCG@20': '0.0328'}
EarlyStopping counter: 4 out of 40
rec dataset length: 186
100%|█████████████████████████████████████████████████████████████████████████████████████████████████████████████████████████████████████████| 186/186 [01:04<00:00,  2.87it/s]
{'epoch': 50, 'rec_avg_loss': '0.6043', 'joint_avg_loss': '0.9608', 'cl_avg_loss': '3.5641', 'itemcl_loss': '0.0000', 'cl_pair_0_loss': '3.5641'}
Recommendation EP_test:50: 100%|| 35/35 [00:08<00:00,  3.99it/s]
{'Epoch': 50, 'name': 'high_freq', 'HIT@5': '0.0455', 'NDCG@5': '0.0296', 'HIT@10': '0.0716', 'NDCG@10': '0.0380', 'HIT@20': '0.1076', 'NDCG@20': '0.0470'}
{'Epoch': 50, 'name': 'mid_freq', 'HIT@5': '0.0026', 'NDCG@5': '0.0017', 'HIT@10': '0.0043', 'NDCG@10': '0.0022', 'HIT@20': '0.0080', 'NDCG@20': '0.0032'}
{'Epoch': 50, 'name': 'low_freq', 'HIT@5': '0.0000', 'NDCG@5': '0.0000', 'HIT@10': '0.0005', 'NDCG@10': '0.0001', 'HIT@20': '0.0011', 'NDCG@20': '0.0003'}
{'Epoch': 50, 'name': 'all', 'HIT@5': '0.0314', 'NDCG@5': '0.0205', 'HIT@10': '0.0496', 'NDCG@10': '0.0263', 'HIT@20': '0.0749', 'NDCG@20': '0.0327'}
EarlyStopping counter: 5 out of 40
rec dataset length: 186
100%|█████████████████████████████████████████████████████████████████████████████████████████████████████████████████████████████████████████| 186/186 [01:04<00:00,  2.87it/s]
{'epoch': 51, 'rec_avg_loss': '0.6007', 'joint_avg_loss': '0.9579', 'cl_avg_loss': '3.5717', 'itemcl_loss': '0.0000', 'cl_pair_0_loss': '3.5717'}
Recommendation EP_test:51: 100%|| 35/35 [00:08<00:00,  4.08it/s]
{'Epoch': 51, 'name': 'high_freq', 'HIT@5': '0.0477', 'NDCG@5': '0.0311', 'HIT@10': '0.0729', 'NDCG@10': '0.0391', 'HIT@20': '0.1084', 'NDCG@20': '0.0481'}
{'Epoch': 51, 'name': 'mid_freq', 'HIT@5': '0.0029', 'NDCG@5': '0.0017', 'HIT@10': '0.0050', 'NDCG@10': '0.0024', 'HIT@20': '0.0079', 'NDCG@20': '0.0031'}
{'Epoch': 51, 'name': 'low_freq', 'HIT@5': '0.0000', 'NDCG@5': '0.0000', 'HIT@10': '0.0005', 'NDCG@10': '0.0001', 'HIT@20': '0.0011', 'NDCG@20': '0.0003'}
{'Epoch': 51, 'name': 'all', 'HIT@5': '0.0330', 'NDCG@5': '0.0215', 'HIT@10': '0.0506', 'NDCG@10': '0.0271', 'HIT@20': '0.0754', 'NDCG@20': '0.0334'}
Validation score increased.  Saving model ...
rec dataset length: 186
100%|█████████████████████████████████████████████████████████████████████████████████████████████████████████████████████████████████████████| 186/186 [01:04<00:00,  2.87it/s]
{'epoch': 52, 'rec_avg_loss': '0.5959', 'joint_avg_loss': '0.9517', 'cl_avg_loss': '3.5576', 'itemcl_loss': '0.0000', 'cl_pair_0_loss': '3.5576'}
Recommendation EP_test:52: 100%|| 35/35 [00:08<00:00,  4.06it/s]
{'Epoch': 52, 'name': 'high_freq', 'HIT@5': '0.0463', 'NDCG@5': '0.0302', 'HIT@10': '0.0721', 'NDCG@10': '0.0385', 'HIT@20': '0.1088', 'NDCG@20': '0.0478'}
{'Epoch': 52, 'name': 'mid_freq', 'HIT@5': '0.0024', 'NDCG@5': '0.0016', 'HIT@10': '0.0040', 'NDCG@10': '0.0021', 'HIT@20': '0.0079', 'NDCG@20': '0.0030'}
{'Epoch': 52, 'name': 'low_freq', 'HIT@5': '0.0002', 'NDCG@5': '0.0001', 'HIT@10': '0.0005', 'NDCG@10': '0.0002', 'HIT@20': '0.0018', 'NDCG@20': '0.0005'}
{'Epoch': 52, 'name': 'all', 'HIT@5': '0.0320', 'NDCG@5': '0.0209', 'HIT@10': '0.0499', 'NDCG@10': '0.0266', 'HIT@20': '0.0758', 'NDCG@20': '0.0332'}
EarlyStopping counter: 1 out of 40
rec dataset length: 186
100%|█████████████████████████████████████████████████████████████████████████████████████████████████████████████████████████████████████████| 186/186 [01:04<00:00,  2.86it/s]
{'epoch': 53, 'rec_avg_loss': '0.5928', 'joint_avg_loss': '0.9475', 'cl_avg_loss': '3.5476', 'itemcl_loss': '0.0000', 'cl_pair_0_loss': '3.5476'}
Recommendation EP_test:53: 100%|| 35/35 [00:08<00:00,  4.16it/s]
{'Epoch': 53, 'name': 'high_freq', 'HIT@5': '0.0478', 'NDCG@5': '0.0311', 'HIT@10': '0.0730', 'NDCG@10': '0.0392', 'HIT@20': '0.1084', 'NDCG@20': '0.0481'}
{'Epoch': 53, 'name': 'mid_freq', 'HIT@5': '0.0032', 'NDCG@5': '0.0020', 'HIT@10': '0.0046', 'NDCG@10': '0.0025', 'HIT@20': '0.0068', 'NDCG@20': '0.0030'}
{'Epoch': 53, 'name': 'low_freq', 'HIT@5': '0.0005', 'NDCG@5': '0.0002', 'HIT@10': '0.0007', 'NDCG@10': '0.0003', 'HIT@20': '0.0018', 'NDCG@20': '0.0005'}
{'Epoch': 53, 'name': 'all', 'HIT@5': '0.0332', 'NDCG@5': '0.0216', 'HIT@10': '0.0506', 'NDCG@10': '0.0272', 'HIT@20': '0.0753', 'NDCG@20': '0.0334'}
Validation score increased.  Saving model ...
rec dataset length: 186
100%|█████████████████████████████████████████████████████████████████████████████████████████████████████████████████████████████████████████| 186/186 [01:04<00:00,  2.87it/s]
{'epoch': 54, 'rec_avg_loss': '0.5877', 'joint_avg_loss': '0.9420', 'cl_avg_loss': '3.5428', 'itemcl_loss': '0.0000', 'cl_pair_0_loss': '3.5428'}
Recommendation EP_test:54: 100%|| 35/35 [00:08<00:00,  4.21it/s]
{'Epoch': 54, 'name': 'high_freq', 'HIT@5': '0.0484', 'NDCG@5': '0.0321', 'HIT@10': '0.0731', 'NDCG@10': '0.0401', 'HIT@20': '0.1086', 'NDCG@20': '0.0489'}
{'Epoch': 54, 'name': 'mid_freq', 'HIT@5': '0.0032', 'NDCG@5': '0.0019', 'HIT@10': '0.0050', 'NDCG@10': '0.0025', 'HIT@20': '0.0075', 'NDCG@20': '0.0031'}
{'Epoch': 54, 'name': 'low_freq', 'HIT@5': '0.0002', 'NDCG@5': '0.0001', 'HIT@10': '0.0009', 'NDCG@10': '0.0004', 'HIT@20': '0.0014', 'NDCG@20': '0.0005'}
{'Epoch': 54, 'name': 'all', 'HIT@5': '0.0336', 'NDCG@5': '0.0222', 'HIT@10': '0.0508', 'NDCG@10': '0.0278', 'HIT@20': '0.0755', 'NDCG@20': '0.0340'}
Validation score increased.  Saving model ...
rec dataset length: 186
100%|█████████████████████████████████████████████████████████████████████████████████████████████████████████████████████████████████████████| 186/186 [01:04<00:00,  2.87it/s]
{'epoch': 55, 'rec_avg_loss': '0.5832', 'joint_avg_loss': '0.9352', 'cl_avg_loss': '3.5204', 'itemcl_loss': '0.0000', 'cl_pair_0_loss': '3.5204'}
Recommendation EP_test:55: 100%|| 35/35 [00:08<00:00,  4.15it/s]
{'Epoch': 55, 'name': 'high_freq', 'HIT@5': '0.0470', 'NDCG@5': '0.0312', 'HIT@10': '0.0717', 'NDCG@10': '0.0391', 'HIT@20': '0.1072', 'NDCG@20': '0.0481'}
{'Epoch': 55, 'name': 'mid_freq', 'HIT@5': '0.0027', 'NDCG@5': '0.0018', 'HIT@10': '0.0050', 'NDCG@10': '0.0026', 'HIT@20': '0.0069', 'NDCG@20': '0.0030'}
{'Epoch': 55, 'name': 'low_freq', 'HIT@5': '0.0000', 'NDCG@5': '0.0000', 'HIT@10': '0.0002', 'NDCG@10': '0.0001', 'HIT@20': '0.0009', 'NDCG@20': '0.0002'}
{'Epoch': 55, 'name': 'all', 'HIT@5': '0.0325', 'NDCG@5': '0.0215', 'HIT@10': '0.0498', 'NDCG@10': '0.0271', 'HIT@20': '0.0744', 'NDCG@20': '0.0333'}
EarlyStopping counter: 1 out of 40
rec dataset length: 186
100%|█████████████████████████████████████████████████████████████████████████████████████████████████████████████████████████████████████████| 186/186 [01:04<00:00,  2.87it/s]
{'epoch': 56, 'rec_avg_loss': '0.5805', 'joint_avg_loss': '0.9340', 'cl_avg_loss': '3.5349', 'itemcl_loss': '0.0000', 'cl_pair_0_loss': '3.5349'}
Recommendation EP_test:56: 100%|| 35/35 [00:08<00:00,  4.21it/s]
{'Epoch': 56, 'name': 'high_freq', 'HIT@5': '0.0480', 'NDCG@5': '0.0316', 'HIT@10': '0.0727', 'NDCG@10': '0.0396', 'HIT@20': '0.1077', 'NDCG@20': '0.0484'}
{'Epoch': 56, 'name': 'mid_freq', 'HIT@5': '0.0020', 'NDCG@5': '0.0013', 'HIT@10': '0.0052', 'NDCG@10': '0.0023', 'HIT@20': '0.0082', 'NDCG@20': '0.0031'}
{'Epoch': 56, 'name': 'low_freq', 'HIT@5': '0.0002', 'NDCG@5': '0.0001', 'HIT@10': '0.0005', 'NDCG@10': '0.0002', 'HIT@20': '0.0014', 'NDCG@20': '0.0004'}
{'Epoch': 56, 'name': 'all', 'HIT@5': '0.0331', 'NDCG@5': '0.0218', 'HIT@10': '0.0505', 'NDCG@10': '0.0274', 'HIT@20': '0.0751', 'NDCG@20': '0.0336'}
EarlyStopping counter: 2 out of 40
rec dataset length: 186
100%|█████████████████████████████████████████████████████████████████████████████████████████████████████████████████████████████████████████| 186/186 [01:04<00:00,  2.87it/s]
{'epoch': 57, 'rec_avg_loss': '0.5791', 'joint_avg_loss': '0.9301', 'cl_avg_loss': '3.5102', 'itemcl_loss': '0.0000', 'cl_pair_0_loss': '3.5102'}
Recommendation EP_test:57: 100%|| 35/35 [00:08<00:00,  4.17it/s]
{'Epoch': 57, 'name': 'high_freq', 'HIT@5': '0.0476', 'NDCG@5': '0.0312', 'HIT@10': '0.0712', 'NDCG@10': '0.0388', 'HIT@20': '0.1072', 'NDCG@20': '0.0478'}
{'Epoch': 57, 'name': 'mid_freq', 'HIT@5': '0.0029', 'NDCG@5': '0.0017', 'HIT@10': '0.0056', 'NDCG@10': '0.0026', 'HIT@20': '0.0085', 'NDCG@20': '0.0033'}
{'Epoch': 57, 'name': 'low_freq', 'HIT@5': '0.0000', 'NDCG@5': '0.0000', 'HIT@10': '0.0005', 'NDCG@10': '0.0001', 'HIT@20': '0.0020', 'NDCG@20': '0.0005'}
{'Epoch': 57, 'name': 'all', 'HIT@5': '0.0330', 'NDCG@5': '0.0216', 'HIT@10': '0.0496', 'NDCG@10': '0.0269', 'HIT@20': '0.0748', 'NDCG@20': '0.0333'}
EarlyStopping counter: 3 out of 40
rec dataset length: 186
100%|█████████████████████████████████████████████████████████████████████████████████████████████████████████████████████████████████████████| 186/186 [01:04<00:00,  2.88it/s]
{'epoch': 58, 'rec_avg_loss': '0.5743', 'joint_avg_loss': '0.9247', 'cl_avg_loss': '3.5041', 'itemcl_loss': '0.0000', 'cl_pair_0_loss': '3.5041'}
Recommendation EP_test:58: 100%|| 35/35 [00:08<00:00,  4.25it/s]
{'Epoch': 58, 'name': 'high_freq', 'HIT@5': '0.0480', 'NDCG@5': '0.0316', 'HIT@10': '0.0718', 'NDCG@10': '0.0392', 'HIT@20': '0.1061', 'NDCG@20': '0.0478'}
{'Epoch': 58, 'name': 'mid_freq', 'HIT@5': '0.0023', 'NDCG@5': '0.0014', 'HIT@10': '0.0046', 'NDCG@10': '0.0021', 'HIT@20': '0.0088', 'NDCG@20': '0.0032'}
{'Epoch': 58, 'name': 'low_freq', 'HIT@5': '0.0000', 'NDCG@5': '0.0000', 'HIT@10': '0.0005', 'NDCG@10': '0.0001', 'HIT@20': '0.0016', 'NDCG@20': '0.0004'}
{'Epoch': 58, 'name': 'all', 'HIT@5': '0.0331', 'NDCG@5': '0.0218', 'HIT@10': '0.0498', 'NDCG@10': '0.0271', 'HIT@20': '0.0741', 'NDCG@20': '0.0332'}
EarlyStopping counter: 4 out of 40
rec dataset length: 186
100%|█████████████████████████████████████████████████████████████████████████████████████████████████████████████████████████████████████████| 186/186 [01:04<00:00,  2.88it/s]
{'epoch': 59, 'rec_avg_loss': '0.5708', 'joint_avg_loss': '0.9204', 'cl_avg_loss': '3.4958', 'itemcl_loss': '0.0000', 'cl_pair_0_loss': '3.4958'}
Recommendation EP_test:59: 100%|| 35/35 [00:08<00:00,  4.18it/s]
{'Epoch': 59, 'name': 'high_freq', 'HIT@5': '0.0464', 'NDCG@5': '0.0309', 'HIT@10': '0.0728', 'NDCG@10': '0.0394', 'HIT@20': '0.1069', 'NDCG@20': '0.0479'}
{'Epoch': 59, 'name': 'mid_freq', 'HIT@5': '0.0034', 'NDCG@5': '0.0018', 'HIT@10': '0.0059', 'NDCG@10': '0.0026', 'HIT@20': '0.0095', 'NDCG@20': '0.0035'}
{'Epoch': 59, 'name': 'low_freq', 'HIT@5': '0.0000', 'NDCG@5': '0.0000', 'HIT@10': '0.0002', 'NDCG@10': '0.0001', 'HIT@20': '0.0014', 'NDCG@20': '0.0003'}
{'Epoch': 59, 'name': 'all', 'HIT@5': '0.0322', 'NDCG@5': '0.0214', 'HIT@10': '0.0507', 'NDCG@10': '0.0273', 'HIT@20': '0.0748', 'NDCG@20': '0.0333'}
EarlyStopping counter: 5 out of 40
rec dataset length: 186
100%|█████████████████████████████████████████████████████████████████████████████████████████████████████████████████████████████████████████| 186/186 [01:04<00:00,  2.89it/s]
{'epoch': 60, 'rec_avg_loss': '0.5675', 'joint_avg_loss': '0.9170', 'cl_avg_loss': '3.4953', 'itemcl_loss': '0.0000', 'cl_pair_0_loss': '3.4953'}
Recommendation EP_test:60: 100%|| 35/35 [00:08<00:00,  4.30it/s]
{'Epoch': 60, 'name': 'high_freq', 'HIT@5': '0.0472', 'NDCG@5': '0.0310', 'HIT@10': '0.0729', 'NDCG@10': '0.0392', 'HIT@20': '0.1073', 'NDCG@20': '0.0479'}
{'Epoch': 60, 'name': 'mid_freq', 'HIT@5': '0.0033', 'NDCG@5': '0.0018', 'HIT@10': '0.0062', 'NDCG@10': '0.0027', 'HIT@20': '0.0090', 'NDCG@20': '0.0034'}
{'Epoch': 60, 'name': 'low_freq', 'HIT@5': '0.0002', 'NDCG@5': '0.0001', 'HIT@10': '0.0002', 'NDCG@10': '0.0001', 'HIT@20': '0.0020', 'NDCG@20': '0.0005'}
{'Epoch': 60, 'name': 'all', 'HIT@5': '0.0328', 'NDCG@5': '0.0214', 'HIT@10': '0.0508', 'NDCG@10': '0.0272', 'HIT@20': '0.0750', 'NDCG@20': '0.0333'}
EarlyStopping counter: 6 out of 40
rec dataset length: 186
100%|█████████████████████████████████████████████████████████████████████████████████████████████████████████████████████████████████████████| 186/186 [01:04<00:00,  2.89it/s]
{'epoch': 61, 'rec_avg_loss': '0.5657', 'joint_avg_loss': '0.9145', 'cl_avg_loss': '3.4886', 'itemcl_loss': '0.0000', 'cl_pair_0_loss': '3.4886'}
Recommendation EP_test:61: 100%|| 35/35 [00:08<00:00,  4.19it/s]
{'Epoch': 61, 'name': 'high_freq', 'HIT@5': '0.0473', 'NDCG@5': '0.0310', 'HIT@10': '0.0718', 'NDCG@10': '0.0388', 'HIT@20': '0.1062', 'NDCG@20': '0.0475'}
{'Epoch': 61, 'name': 'mid_freq', 'HIT@5': '0.0037', 'NDCG@5': '0.0021', 'HIT@10': '0.0056', 'NDCG@10': '0.0027', 'HIT@20': '0.0098', 'NDCG@20': '0.0037'}
{'Epoch': 61, 'name': 'low_freq', 'HIT@5': '0.0002', 'NDCG@5': '0.0001', 'HIT@10': '0.0007', 'NDCG@10': '0.0002', 'HIT@20': '0.0027', 'NDCG@20': '0.0007'}
{'Epoch': 61, 'name': 'all', 'HIT@5': '0.0330', 'NDCG@5': '0.0215', 'HIT@10': '0.0500', 'NDCG@10': '0.0270', 'HIT@20': '0.0745', 'NDCG@20': '0.0331'}
EarlyStopping counter: 7 out of 40
rec dataset length: 186
100%|█████████████████████████████████████████████████████████████████████████████████████████████████████████████████████████████████████████| 186/186 [01:04<00:00,  2.88it/s]
{'epoch': 62, 'rec_avg_loss': '0.5621', 'joint_avg_loss': '0.9095', 'cl_avg_loss': '3.4737', 'itemcl_loss': '0.0000', 'cl_pair_0_loss': '3.4737'}
Recommendation EP_test:62: 100%|| 35/35 [00:08<00:00,  4.24it/s]
{'Epoch': 62, 'name': 'high_freq', 'HIT@5': '0.0469', 'NDCG@5': '0.0311', 'HIT@10': '0.0711', 'NDCG@10': '0.0389', 'HIT@20': '0.1040', 'NDCG@20': '0.0471'}
{'Epoch': 62, 'name': 'mid_freq', 'HIT@5': '0.0037', 'NDCG@5': '0.0022', 'HIT@10': '0.0053', 'NDCG@10': '0.0027', 'HIT@20': '0.0089', 'NDCG@20': '0.0036'}
{'Epoch': 62, 'name': 'low_freq', 'HIT@5': '0.0005', 'NDCG@5': '0.0003', 'HIT@10': '0.0007', 'NDCG@10': '0.0003', 'HIT@20': '0.0020', 'NDCG@20': '0.0007'}
{'Epoch': 62, 'name': 'all', 'HIT@5': '0.0327', 'NDCG@5': '0.0216', 'HIT@10': '0.0495', 'NDCG@10': '0.0270', 'HIT@20': '0.0727', 'NDCG@20': '0.0329'}
EarlyStopping counter: 8 out of 40
rec dataset length: 186
100%|█████████████████████████████████████████████████████████████████████████████████████████████████████████████████████████████████████████| 186/186 [01:04<00:00,  2.87it/s]
{'epoch': 63, 'rec_avg_loss': '0.5573', 'joint_avg_loss': '0.9058', 'cl_avg_loss': '3.4850', 'itemcl_loss': '0.0000', 'cl_pair_0_loss': '3.4850'}
Recommendation EP_test:63: 100%|| 35/35 [00:08<00:00,  4.26it/s]
{'Epoch': 63, 'name': 'high_freq', 'HIT@5': '0.0479', 'NDCG@5': '0.0314', 'HIT@10': '0.0711', 'NDCG@10': '0.0389', 'HIT@20': '0.1070', 'NDCG@20': '0.0478'}
{'Epoch': 63, 'name': 'mid_freq', 'HIT@5': '0.0034', 'NDCG@5': '0.0021', 'HIT@10': '0.0055', 'NDCG@10': '0.0027', 'HIT@20': '0.0088', 'NDCG@20': '0.0035'}
{'Epoch': 63, 'name': 'low_freq', 'HIT@5': '0.0005', 'NDCG@5': '0.0003', 'HIT@10': '0.0016', 'NDCG@10': '0.0006', 'HIT@20': '0.0029', 'NDCG@20': '0.0010'}
{'Epoch': 63, 'name': 'all', 'HIT@5': '0.0333', 'NDCG@5': '0.0218', 'HIT@10': '0.0497', 'NDCG@10': '0.0270', 'HIT@20': '0.0749', 'NDCG@20': '0.0334'}
EarlyStopping counter: 9 out of 40
rec dataset length: 186
100%|█████████████████████████████████████████████████████████████████████████████████████████████████████████████████████████████████████████| 186/186 [01:04<00:00,  2.88it/s]
{'epoch': 64, 'rec_avg_loss': '0.5574', 'joint_avg_loss': '0.9049', 'cl_avg_loss': '3.4754', 'itemcl_loss': '0.0000', 'cl_pair_0_loss': '3.4754'}
Recommendation EP_test:64: 100%|| 35/35 [00:08<00:00,  4.09it/s]
{'Epoch': 64, 'name': 'high_freq', 'HIT@5': '0.0470', 'NDCG@5': '0.0313', 'HIT@10': '0.0723', 'NDCG@10': '0.0395', 'HIT@20': '0.1078', 'NDCG@20': '0.0484'}
{'Epoch': 64, 'name': 'mid_freq', 'HIT@5': '0.0039', 'NDCG@5': '0.0022', 'HIT@10': '0.0055', 'NDCG@10': '0.0027', 'HIT@20': '0.0095', 'NDCG@20': '0.0037'}
{'Epoch': 64, 'name': 'low_freq', 'HIT@5': '0.0005', 'NDCG@5': '0.0003', 'HIT@10': '0.0007', 'NDCG@10': '0.0004', 'HIT@20': '0.0034', 'NDCG@20': '0.0011'}
{'Epoch': 64, 'name': 'all', 'HIT@5': '0.0328', 'NDCG@5': '0.0218', 'HIT@10': '0.0504', 'NDCG@10': '0.0275', 'HIT@20': '0.0756', 'NDCG@20': '0.0338'}
EarlyStopping counter: 10 out of 40
rec dataset length: 186
100%|█████████████████████████████████████████████████████████████████████████████████████████████████████████████████████████████████████████| 186/186 [01:04<00:00,  2.88it/s]
{'epoch': 65, 'rec_avg_loss': '0.5535', 'joint_avg_loss': '0.8990', 'cl_avg_loss': '3.4556', 'itemcl_loss': '0.0000', 'cl_pair_0_loss': '3.4556'}
Recommendation EP_test:65: 100%|| 35/35 [00:08<00:00,  4.05it/s]
{'Epoch': 65, 'name': 'high_freq', 'HIT@5': '0.0475', 'NDCG@5': '0.0314', 'HIT@10': '0.0704', 'NDCG@10': '0.0388', 'HIT@20': '0.1069', 'NDCG@20': '0.0479'}
{'Epoch': 65, 'name': 'mid_freq', 'HIT@5': '0.0037', 'NDCG@5': '0.0021', 'HIT@10': '0.0056', 'NDCG@10': '0.0027', 'HIT@20': '0.0096', 'NDCG@20': '0.0037'}
{'Epoch': 65, 'name': 'low_freq', 'HIT@5': '0.0005', 'NDCG@5': '0.0002', 'HIT@10': '0.0007', 'NDCG@10': '0.0003', 'HIT@20': '0.0025', 'NDCG@20': '0.0007'}
{'Epoch': 65, 'name': 'all', 'HIT@5': '0.0331', 'NDCG@5': '0.0218', 'HIT@10': '0.0490', 'NDCG@10': '0.0269', 'HIT@20': '0.0749', 'NDCG@20': '0.0334'}
EarlyStopping counter: 11 out of 40
rec dataset length: 186
100%|█████████████████████████████████████████████████████████████████████████████████████████████████████████████████████████████████████████| 186/186 [01:04<00:00,  2.89it/s]
{'epoch': 66, 'rec_avg_loss': '0.5512', 'joint_avg_loss': '0.8975', 'cl_avg_loss': '3.4633', 'itemcl_loss': '0.0000', 'cl_pair_0_loss': '3.4633'}
Recommendation EP_test:66: 100%|| 35/35 [00:08<00:00,  4.12it/s]
{'Epoch': 66, 'name': 'high_freq', 'HIT@5': '0.0467', 'NDCG@5': '0.0311', 'HIT@10': '0.0706', 'NDCG@10': '0.0388', 'HIT@20': '0.1065', 'NDCG@20': '0.0478'}
{'Epoch': 66, 'name': 'mid_freq', 'HIT@5': '0.0036', 'NDCG@5': '0.0024', 'HIT@10': '0.0063', 'NDCG@10': '0.0032', 'HIT@20': '0.0099', 'NDCG@20': '0.0041'}
{'Epoch': 66, 'name': 'low_freq', 'HIT@5': '0.0002', 'NDCG@5': '0.0001', 'HIT@10': '0.0011', 'NDCG@10': '0.0004', 'HIT@20': '0.0025', 'NDCG@20': '0.0007'}
{'Epoch': 66, 'name': 'all', 'HIT@5': '0.0325', 'NDCG@5': '0.0217', 'HIT@10': '0.0494', 'NDCG@10': '0.0271', 'HIT@20': '0.0747', 'NDCG@20': '0.0334'}
EarlyStopping counter: 12 out of 40
rec dataset length: 186
100%|█████████████████████████████████████████████████████████████████████████████████████████████████████████████████████████████████████████| 186/186 [01:04<00:00,  2.88it/s]
{'epoch': 67, 'rec_avg_loss': '0.5490', 'joint_avg_loss': '0.8935', 'cl_avg_loss': '3.4458', 'itemcl_loss': '0.0000', 'cl_pair_0_loss': '3.4458'}
Recommendation EP_test:67: 100%|| 35/35 [00:08<00:00,  4.10it/s]
{'Epoch': 67, 'name': 'high_freq', 'HIT@5': '0.0486', 'NDCG@5': '0.0325', 'HIT@10': '0.0724', 'NDCG@10': '0.0401', 'HIT@20': '0.1077', 'NDCG@20': '0.0490'}
{'Epoch': 67, 'name': 'mid_freq', 'HIT@5': '0.0034', 'NDCG@5': '0.0023', 'HIT@10': '0.0062', 'NDCG@10': '0.0032', 'HIT@20': '0.0101', 'NDCG@20': '0.0041'}
{'Epoch': 67, 'name': 'low_freq', 'HIT@5': '0.0005', 'NDCG@5': '0.0002', 'HIT@10': '0.0014', 'NDCG@10': '0.0005', 'HIT@20': '0.0029', 'NDCG@20': '0.0009'}
{'Epoch': 67, 'name': 'all', 'HIT@5': '0.0338', 'NDCG@5': '0.0226', 'HIT@10': '0.0506', 'NDCG@10': '0.0280', 'HIT@20': '0.0756', 'NDCG@20': '0.0342'}
Validation score increased.  Saving model ...
rec dataset length: 186
100%|█████████████████████████████████████████████████████████████████████████████████████████████████████████████████████████████████████████| 186/186 [01:04<00:00,  2.88it/s]
{'epoch': 68, 'rec_avg_loss': '0.5487', 'joint_avg_loss': '0.8932', 'cl_avg_loss': '3.4455', 'itemcl_loss': '0.0000', 'cl_pair_0_loss': '3.4455'}
Recommendation EP_test:68: 100%|| 35/35 [00:08<00:00,  4.12it/s]
{'Epoch': 68, 'name': 'high_freq', 'HIT@5': '0.0477', 'NDCG@5': '0.0320', 'HIT@10': '0.0723', 'NDCG@10': '0.0398', 'HIT@20': '0.1086', 'NDCG@20': '0.0490'}
{'Epoch': 68, 'name': 'mid_freq', 'HIT@5': '0.0037', 'NDCG@5': '0.0025', 'HIT@10': '0.0060', 'NDCG@10': '0.0032', 'HIT@20': '0.0106', 'NDCG@20': '0.0044'}
{'Epoch': 68, 'name': 'low_freq', 'HIT@5': '0.0005', 'NDCG@5': '0.0002', 'HIT@10': '0.0011', 'NDCG@10': '0.0004', 'HIT@20': '0.0027', 'NDCG@20': '0.0008'}
{'Epoch': 68, 'name': 'all', 'HIT@5': '0.0333', 'NDCG@5': '0.0223', 'HIT@10': '0.0505', 'NDCG@10': '0.0278', 'HIT@20': '0.0763', 'NDCG@20': '0.0343'}
Validation score increased.  Saving model ...
rec dataset length: 186
100%|█████████████████████████████████████████████████████████████████████████████████████████████████████████████████████████████████████████| 186/186 [01:04<00:00,  2.88it/s]
{'epoch': 69, 'rec_avg_loss': '0.5411', 'joint_avg_loss': '0.8845', 'cl_avg_loss': '3.4344', 'itemcl_loss': '0.0000', 'cl_pair_0_loss': '3.4344'}
Recommendation EP_test:69: 100%|| 35/35 [00:08<00:00,  4.18it/s]
{'Epoch': 69, 'name': 'high_freq', 'HIT@5': '0.0475', 'NDCG@5': '0.0314', 'HIT@10': '0.0710', 'NDCG@10': '0.0389', 'HIT@20': '0.1080', 'NDCG@20': '0.0483'}
{'Epoch': 69, 'name': 'mid_freq', 'HIT@5': '0.0037', 'NDCG@5': '0.0024', 'HIT@10': '0.0069', 'NDCG@10': '0.0033', 'HIT@20': '0.0105', 'NDCG@20': '0.0043'}
{'Epoch': 69, 'name': 'low_freq', 'HIT@5': '0.0005', 'NDCG@5': '0.0003', 'HIT@10': '0.0014', 'NDCG@10': '0.0006', 'HIT@20': '0.0036', 'NDCG@20': '0.0011'}
{'Epoch': 69, 'name': 'all', 'HIT@5': '0.0331', 'NDCG@5': '0.0219', 'HIT@10': '0.0498', 'NDCG@10': '0.0272', 'HIT@20': '0.0760', 'NDCG@20': '0.0338'}
EarlyStopping counter: 1 out of 40
rec dataset length: 186
100%|█████████████████████████████████████████████████████████████████████████████████████████████████████████████████████████████████████████| 186/186 [01:04<00:00,  2.88it/s]
{'epoch': 70, 'rec_avg_loss': '0.5421', 'joint_avg_loss': '0.8868', 'cl_avg_loss': '3.4471', 'itemcl_loss': '0.0000', 'cl_pair_0_loss': '3.4471'}
Recommendation EP_test:70: 100%|| 35/35 [00:08<00:00,  4.08it/s]
{'Epoch': 70, 'name': 'high_freq', 'HIT@5': '0.0482', 'NDCG@5': '0.0319', 'HIT@10': '0.0730', 'NDCG@10': '0.0399', 'HIT@20': '0.1093', 'NDCG@20': '0.0490'}
{'Epoch': 70, 'name': 'mid_freq', 'HIT@5': '0.0037', 'NDCG@5': '0.0023', 'HIT@10': '0.0070', 'NDCG@10': '0.0033', 'HIT@20': '0.0111', 'NDCG@20': '0.0043'}
{'Epoch': 70, 'name': 'low_freq', 'HIT@5': '0.0011', 'NDCG@5': '0.0006', 'HIT@10': '0.0011', 'NDCG@10': '0.0006', 'HIT@20': '0.0032', 'NDCG@20': '0.0011'}
{'Epoch': 70, 'name': 'all', 'HIT@5': '0.0337', 'NDCG@5': '0.0222', 'HIT@10': '0.0512', 'NDCG@10': '0.0279', 'HIT@20': '0.0769', 'NDCG@20': '0.0343'}
Validation score increased.  Saving model ...
rec dataset length: 186
100%|█████████████████████████████████████████████████████████████████████████████████████████████████████████████████████████████████████████| 186/186 [01:04<00:00,  2.88it/s]
{'epoch': 71, 'rec_avg_loss': '0.5396', 'joint_avg_loss': '0.8826', 'cl_avg_loss': '3.4304', 'itemcl_loss': '0.0000', 'cl_pair_0_loss': '3.4304'}
Recommendation EP_test:71: 100%|| 35/35 [00:08<00:00,  4.08it/s]
{'Epoch': 71, 'name': 'high_freq', 'HIT@5': '0.0480', 'NDCG@5': '0.0320', 'HIT@10': '0.0726', 'NDCG@10': '0.0398', 'HIT@20': '0.1080', 'NDCG@20': '0.0488'}
{'Epoch': 71, 'name': 'mid_freq', 'HIT@5': '0.0040', 'NDCG@5': '0.0022', 'HIT@10': '0.0065', 'NDCG@10': '0.0030', 'HIT@20': '0.0098', 'NDCG@20': '0.0038'}
{'Epoch': 71, 'name': 'low_freq', 'HIT@5': '0.0011', 'NDCG@5': '0.0007', 'HIT@10': '0.0014', 'NDCG@10': '0.0008', 'HIT@20': '0.0034', 'NDCG@20': '0.0013'}
{'Epoch': 71, 'name': 'all', 'HIT@5': '0.0336', 'NDCG@5': '0.0223', 'HIT@10': '0.0508', 'NDCG@10': '0.0278', 'HIT@20': '0.0758', 'NDCG@20': '0.0341'}
EarlyStopping counter: 1 out of 40
rec dataset length: 186
100%|█████████████████████████████████████████████████████████████████████████████████████████████████████████████████████████████████████████| 186/186 [01:04<00:00,  2.88it/s]
{'epoch': 72, 'rec_avg_loss': '0.5367', 'joint_avg_loss': '0.8789', 'cl_avg_loss': '3.4214', 'itemcl_loss': '0.0000', 'cl_pair_0_loss': '3.4214'}
Recommendation EP_test:72: 100%|| 35/35 [00:08<00:00,  4.18it/s]
{'Epoch': 72, 'name': 'high_freq', 'HIT@5': '0.0484', 'NDCG@5': '0.0322', 'HIT@10': '0.0722', 'NDCG@10': '0.0398', 'HIT@20': '0.1081', 'NDCG@20': '0.0488'}
{'Epoch': 72, 'name': 'mid_freq', 'HIT@5': '0.0034', 'NDCG@5': '0.0021', 'HIT@10': '0.0068', 'NDCG@10': '0.0031', 'HIT@20': '0.0102', 'NDCG@20': '0.0040'}
{'Epoch': 72, 'name': 'low_freq', 'HIT@5': '0.0007', 'NDCG@5': '0.0005', 'HIT@10': '0.0014', 'NDCG@10': '0.0008', 'HIT@20': '0.0032', 'NDCG@20': '0.0012'}
{'Epoch': 72, 'name': 'all', 'HIT@5': '0.0337', 'NDCG@5': '0.0224', 'HIT@10': '0.0506', 'NDCG@10': '0.0278', 'HIT@20': '0.0759', 'NDCG@20': '0.0342'}
EarlyStopping counter: 2 out of 40
rec dataset length: 186
100%|█████████████████████████████████████████████████████████████████████████████████████████████████████████████████████████████████████████| 186/186 [01:04<00:00,  2.88it/s]
{'epoch': 73, 'rec_avg_loss': '0.5325', 'joint_avg_loss': '0.8755', 'cl_avg_loss': '3.4307', 'itemcl_loss': '0.0000', 'cl_pair_0_loss': '3.4307'}
Recommendation EP_test:73: 100%|| 35/35 [00:08<00:00,  4.15it/s]
{'Epoch': 73, 'name': 'high_freq', 'HIT@5': '0.0457', 'NDCG@5': '0.0309', 'HIT@10': '0.0703', 'NDCG@10': '0.0387', 'HIT@20': '0.1061', 'NDCG@20': '0.0478'}
{'Epoch': 73, 'name': 'mid_freq', 'HIT@5': '0.0045', 'NDCG@5': '0.0026', 'HIT@10': '0.0072', 'NDCG@10': '0.0034', 'HIT@20': '0.0099', 'NDCG@20': '0.0041'}
{'Epoch': 73, 'name': 'low_freq', 'HIT@5': '0.0007', 'NDCG@5': '0.0004', 'HIT@10': '0.0007', 'NDCG@10': '0.0004', 'HIT@20': '0.0027', 'NDCG@20': '0.0009'}
{'Epoch': 73, 'name': 'all', 'HIT@5': '0.0321', 'NDCG@5': '0.0215', 'HIT@10': '0.0493', 'NDCG@10': '0.0271', 'HIT@20': '0.0745', 'NDCG@20': '0.0334'}
EarlyStopping counter: 3 out of 40
rec dataset length: 186
100%|█████████████████████████████████████████████████████████████████████████████████████████████████████████████████████████████████████████| 186/186 [01:05<00:00,  2.86it/s]
{'epoch': 74, 'rec_avg_loss': '0.5325', 'joint_avg_loss': '0.8740', 'cl_avg_loss': '3.4157', 'itemcl_loss': '0.0000', 'cl_pair_0_loss': '3.4157'}
Recommendation EP_test:74: 100%|| 35/35 [00:08<00:00,  4.13it/s]
{'Epoch': 74, 'name': 'high_freq', 'HIT@5': '0.0457', 'NDCG@5': '0.0300', 'HIT@10': '0.0699', 'NDCG@10': '0.0378', 'HIT@20': '0.1059', 'NDCG@20': '0.0468'}
{'Epoch': 74, 'name': 'mid_freq', 'HIT@5': '0.0046', 'NDCG@5': '0.0028', 'HIT@10': '0.0068', 'NDCG@10': '0.0034', 'HIT@20': '0.0101', 'NDCG@20': '0.0043'}
{'Epoch': 74, 'name': 'low_freq', 'HIT@5': '0.0007', 'NDCG@5': '0.0004', 'HIT@10': '0.0009', 'NDCG@10': '0.0005', 'HIT@20': '0.0025', 'NDCG@20': '0.0009'}
{'Epoch': 74, 'name': 'all', 'HIT@5': '0.0321', 'NDCG@5': '0.0210', 'HIT@10': '0.0490', 'NDCG@10': '0.0264', 'HIT@20': '0.0743', 'NDCG@20': '0.0328'}
EarlyStopping counter: 4 out of 40
rec dataset length: 186
100%|█████████████████████████████████████████████████████████████████████████████████████████████████████████████████████████████████████████| 186/186 [01:04<00:00,  2.88it/s]
{'epoch': 75, 'rec_avg_loss': '0.5307', 'joint_avg_loss': '0.8721', 'cl_avg_loss': '3.4146', 'itemcl_loss': '0.0000', 'cl_pair_0_loss': '3.4146'}
Recommendation EP_test:75: 100%|| 35/35 [00:08<00:00,  4.11it/s]
{'Epoch': 75, 'name': 'high_freq', 'HIT@5': '0.0478', 'NDCG@5': '0.0320', 'HIT@10': '0.0724', 'NDCG@10': '0.0399', 'HIT@20': '0.1079', 'NDCG@20': '0.0488'}
{'Epoch': 75, 'name': 'mid_freq', 'HIT@5': '0.0039', 'NDCG@5': '0.0024', 'HIT@10': '0.0072', 'NDCG@10': '0.0035', 'HIT@20': '0.0108', 'NDCG@20': '0.0044'}
{'Epoch': 75, 'name': 'low_freq', 'HIT@5': '0.0007', 'NDCG@5': '0.0005', 'HIT@10': '0.0009', 'NDCG@10': '0.0006', 'HIT@20': '0.0036', 'NDCG@20': '0.0012'}
{'Epoch': 75, 'name': 'all', 'HIT@5': '0.0334', 'NDCG@5': '0.0223', 'HIT@10': '0.0508', 'NDCG@10': '0.0279', 'HIT@20': '0.0760', 'NDCG@20': '0.0342'}
EarlyStopping counter: 5 out of 40
rec dataset length: 186
100%|█████████████████████████████████████████████████████████████████████████████████████████████████████████████████████████████████████████| 186/186 [01:04<00:00,  2.88it/s]
{'epoch': 76, 'rec_avg_loss': '0.5272', 'joint_avg_loss': '0.8672', 'cl_avg_loss': '3.3992', 'itemcl_loss': '0.0000', 'cl_pair_0_loss': '3.3992'}
Recommendation EP_test:76: 100%|| 35/35 [00:08<00:00,  4.08it/s]
{'Epoch': 76, 'name': 'high_freq', 'HIT@5': '0.0478', 'NDCG@5': '0.0317', 'HIT@10': '0.0717', 'NDCG@10': '0.0394', 'HIT@20': '0.1075', 'NDCG@20': '0.0483'}
{'Epoch': 76, 'name': 'mid_freq', 'HIT@5': '0.0034', 'NDCG@5': '0.0023', 'HIT@10': '0.0060', 'NDCG@10': '0.0032', 'HIT@20': '0.0105', 'NDCG@20': '0.0043'}
{'Epoch': 76, 'name': 'low_freq', 'HIT@5': '0.0007', 'NDCG@5': '0.0004', 'HIT@10': '0.0007', 'NDCG@10': '0.0004', 'HIT@20': '0.0034', 'NDCG@20': '0.0011'}
{'Epoch': 76, 'name': 'all', 'HIT@5': '0.0333', 'NDCG@5': '0.0221', 'HIT@10': '0.0501', 'NDCG@10': '0.0274', 'HIT@20': '0.0756', 'NDCG@20': '0.0338'}
EarlyStopping counter: 6 out of 40
rec dataset length: 186
100%|█████████████████████████████████████████████████████████████████████████████████████████████████████████████████████████████████████████| 186/186 [01:04<00:00,  2.88it/s]
{'epoch': 77, 'rec_avg_loss': '0.5254', 'joint_avg_loss': '0.8651', 'cl_avg_loss': '3.3978', 'itemcl_loss': '0.0000', 'cl_pair_0_loss': '3.3978'}
Recommendation EP_test:77: 100%|| 35/35 [00:08<00:00,  4.17it/s]
{'Epoch': 77, 'name': 'high_freq', 'HIT@5': '0.0489', 'NDCG@5': '0.0321', 'HIT@10': '0.0726', 'NDCG@10': '0.0398', 'HIT@20': '0.1063', 'NDCG@20': '0.0482'}
{'Epoch': 77, 'name': 'mid_freq', 'HIT@5': '0.0039', 'NDCG@5': '0.0025', 'HIT@10': '0.0073', 'NDCG@10': '0.0036', 'HIT@20': '0.0115', 'NDCG@20': '0.0047'}
{'Epoch': 77, 'name': 'low_freq', 'HIT@5': '0.0007', 'NDCG@5': '0.0004', 'HIT@10': '0.0007', 'NDCG@10': '0.0004', 'HIT@20': '0.0045', 'NDCG@20': '0.0014'}
{'Epoch': 77, 'name': 'all', 'HIT@5': '0.0341', 'NDCG@5': '0.0224', 'HIT@10': '0.0509', 'NDCG@10': '0.0278', 'HIT@20': '0.0751', 'NDCG@20': '0.0339'}
EarlyStopping counter: 7 out of 40
rec dataset length: 186
100%|█████████████████████████████████████████████████████████████████████████████████████████████████████████████████████████████████████████| 186/186 [01:04<00:00,  2.87it/s]
{'epoch': 78, 'rec_avg_loss': '0.5236', 'joint_avg_loss': '0.8629', 'cl_avg_loss': '3.3928', 'itemcl_loss': '0.0000', 'cl_pair_0_loss': '3.3928'}
Recommendation EP_test:78: 100%|| 35/35 [00:08<00:00,  4.26it/s]
{'Epoch': 78, 'name': 'high_freq', 'HIT@5': '0.0486', 'NDCG@5': '0.0322', 'HIT@10': '0.0719', 'NDCG@10': '0.0397', 'HIT@20': '0.1062', 'NDCG@20': '0.0484'}
{'Epoch': 78, 'name': 'mid_freq', 'HIT@5': '0.0046', 'NDCG@5': '0.0029', 'HIT@10': '0.0078', 'NDCG@10': '0.0039', 'HIT@20': '0.0113', 'NDCG@20': '0.0048'}
{'Epoch': 78, 'name': 'low_freq', 'HIT@5': '0.0007', 'NDCG@5': '0.0005', 'HIT@10': '0.0016', 'NDCG@10': '0.0008', 'HIT@20': '0.0050', 'NDCG@20': '0.0016'}
{'Epoch': 78, 'name': 'all', 'HIT@5': '0.0340', 'NDCG@5': '0.0225', 'HIT@10': '0.0506', 'NDCG@10': '0.0279', 'HIT@20': '0.0751', 'NDCG@20': '0.0340'}
EarlyStopping counter: 8 out of 40
rec dataset length: 186
100%|█████████████████████████████████████████████████████████████████████████████████████████████████████████████████████████████████████████| 186/186 [01:04<00:00,  2.87it/s]
{'epoch': 79, 'rec_avg_loss': '0.5214', 'joint_avg_loss': '0.8623', 'cl_avg_loss': '3.4088', 'itemcl_loss': '0.0000', 'cl_pair_0_loss': '3.4088'}
Recommendation EP_test:79: 100%|| 35/35 [00:08<00:00,  4.20it/s]
{'Epoch': 79, 'name': 'high_freq', 'HIT@5': '0.0472', 'NDCG@5': '0.0312', 'HIT@10': '0.0708', 'NDCG@10': '0.0388', 'HIT@20': '0.1053', 'NDCG@20': '0.0475'}
{'Epoch': 79, 'name': 'mid_freq', 'HIT@5': '0.0047', 'NDCG@5': '0.0027', 'HIT@10': '0.0072', 'NDCG@10': '0.0035', 'HIT@20': '0.0111', 'NDCG@20': '0.0045'}
{'Epoch': 79, 'name': 'low_freq', 'HIT@5': '0.0007', 'NDCG@5': '0.0006', 'HIT@10': '0.0018', 'NDCG@10': '0.0009', 'HIT@20': '0.0045', 'NDCG@20': '0.0016'}
{'Epoch': 79, 'name': 'all', 'HIT@5': '0.0331', 'NDCG@5': '0.0219', 'HIT@10': '0.0498', 'NDCG@10': '0.0272', 'HIT@20': '0.0744', 'NDCG@20': '0.0334'}
EarlyStopping counter: 9 out of 40
rec dataset length: 186
100%|█████████████████████████████████████████████████████████████████████████████████████████████████████████████████████████████████████████| 186/186 [01:04<00:00,  2.88it/s]
{'epoch': 80, 'rec_avg_loss': '0.5215', 'joint_avg_loss': '0.8620', 'cl_avg_loss': '3.4046', 'itemcl_loss': '0.0000', 'cl_pair_0_loss': '3.4046'}
Recommendation EP_test:80: 100%|| 35/35 [00:08<00:00,  4.30it/s]
{'Epoch': 80, 'name': 'high_freq', 'HIT@5': '0.0475', 'NDCG@5': '0.0315', 'HIT@10': '0.0722', 'NDCG@10': '0.0394', 'HIT@20': '0.1067', 'NDCG@20': '0.0480'}
{'Epoch': 80, 'name': 'mid_freq', 'HIT@5': '0.0047', 'NDCG@5': '0.0029', 'HIT@10': '0.0078', 'NDCG@10': '0.0039', 'HIT@20': '0.0122', 'NDCG@20': '0.0050'}
{'Epoch': 80, 'name': 'low_freq', 'HIT@5': '0.0007', 'NDCG@5': '0.0005', 'HIT@10': '0.0029', 'NDCG@10': '0.0012', 'HIT@20': '0.0038', 'NDCG@20': '0.0014'}
{'Epoch': 80, 'name': 'all', 'HIT@5': '0.0333', 'NDCG@5': '0.0220', 'HIT@10': '0.0510', 'NDCG@10': '0.0277', 'HIT@20': '0.0755', 'NDCG@20': '0.0338'}
EarlyStopping counter: 10 out of 40
rec dataset length: 186
100%|█████████████████████████████████████████████████████████████████████████████████████████████████████████████████████████████████████████| 186/186 [01:04<00:00,  2.88it/s]
{'epoch': 81, 'rec_avg_loss': '0.5176', 'joint_avg_loss': '0.8564', 'cl_avg_loss': '3.3877', 'itemcl_loss': '0.0000', 'cl_pair_0_loss': '3.3877'}
Recommendation EP_test:81: 100%|| 35/35 [00:08<00:00,  4.26it/s]
{'Epoch': 81, 'name': 'high_freq', 'HIT@5': '0.0476', 'NDCG@5': '0.0316', 'HIT@10': '0.0711', 'NDCG@10': '0.0391', 'HIT@20': '0.1080', 'NDCG@20': '0.0484'}
{'Epoch': 81, 'name': 'mid_freq', 'HIT@5': '0.0045', 'NDCG@5': '0.0030', 'HIT@10': '0.0078', 'NDCG@10': '0.0040', 'HIT@20': '0.0125', 'NDCG@20': '0.0052'}
{'Epoch': 81, 'name': 'low_freq', 'HIT@5': '0.0014', 'NDCG@5': '0.0009', 'HIT@10': '0.0020', 'NDCG@10': '0.0012', 'HIT@20': '0.0041', 'NDCG@20': '0.0017'}
{'Epoch': 81, 'name': 'all', 'HIT@5': '0.0334', 'NDCG@5': '0.0222', 'HIT@10': '0.0501', 'NDCG@10': '0.0275', 'HIT@20': '0.0764', 'NDCG@20': '0.0341'}
EarlyStopping counter: 11 out of 40
rec dataset length: 186
100%|█████████████████████████████████████████████████████████████████████████████████████████████████████████████████████████████████████████| 186/186 [01:04<00:00,  2.88it/s]
{'epoch': 82, 'rec_avg_loss': '0.5172', 'joint_avg_loss': '0.8560', 'cl_avg_loss': '3.3882', 'itemcl_loss': '0.0000', 'cl_pair_0_loss': '3.3882'}
Recommendation EP_test:82: 100%|| 35/35 [00:08<00:00,  4.29it/s]
{'Epoch': 82, 'name': 'high_freq', 'HIT@5': '0.0462', 'NDCG@5': '0.0303', 'HIT@10': '0.0718', 'NDCG@10': '0.0385', 'HIT@20': '0.1068', 'NDCG@20': '0.0473'}
{'Epoch': 82, 'name': 'mid_freq', 'HIT@5': '0.0046', 'NDCG@5': '0.0029', 'HIT@10': '0.0075', 'NDCG@10': '0.0038', 'HIT@20': '0.0113', 'NDCG@20': '0.0048'}
{'Epoch': 82, 'name': 'low_freq', 'HIT@5': '0.0011', 'NDCG@5': '0.0008', 'HIT@10': '0.0020', 'NDCG@10': '0.0010', 'HIT@20': '0.0043', 'NDCG@20': '0.0016'}
{'Epoch': 82, 'name': 'all', 'HIT@5': '0.0325', 'NDCG@5': '0.0212', 'HIT@10': '0.0505', 'NDCG@10': '0.0271', 'HIT@20': '0.0754', 'NDCG@20': '0.0333'}
EarlyStopping counter: 12 out of 40
rec dataset length: 186
100%|█████████████████████████████████████████████████████████████████████████████████████████████████████████████████████████████████████████| 186/186 [01:04<00:00,  2.88it/s]
{'epoch': 83, 'rec_avg_loss': '0.5143', 'joint_avg_loss': '0.8531', 'cl_avg_loss': '3.3882', 'itemcl_loss': '0.0000', 'cl_pair_0_loss': '3.3882'}
Recommendation EP_test:83: 100%|| 35/35 [00:08<00:00,  4.18it/s]
{'Epoch': 83, 'name': 'high_freq', 'HIT@5': '0.0463', 'NDCG@5': '0.0308', 'HIT@10': '0.0701', 'NDCG@10': '0.0385', 'HIT@20': '0.1067', 'NDCG@20': '0.0477'}
{'Epoch': 83, 'name': 'mid_freq', 'HIT@5': '0.0052', 'NDCG@5': '0.0033', 'HIT@10': '0.0076', 'NDCG@10': '0.0041', 'HIT@20': '0.0098', 'NDCG@20': '0.0046'}
{'Epoch': 83, 'name': 'low_freq', 'HIT@5': '0.0005', 'NDCG@5': '0.0004', 'HIT@10': '0.0018', 'NDCG@10': '0.0008', 'HIT@20': '0.0034', 'NDCG@20': '0.0012'}
{'Epoch': 83, 'name': 'all', 'HIT@5': '0.0326', 'NDCG@5': '0.0217', 'HIT@10': '0.0494', 'NDCG@10': '0.0271', 'HIT@20': '0.0749', 'NDCG@20': '0.0335'}
EarlyStopping counter: 13 out of 40
rec dataset length: 186
100%|█████████████████████████████████████████████████████████████████████████████████████████████████████████████████████████████████████████| 186/186 [01:04<00:00,  2.89it/s]
{'epoch': 84, 'rec_avg_loss': '0.5116', 'joint_avg_loss': '0.8505', 'cl_avg_loss': '3.3886', 'itemcl_loss': '0.0000', 'cl_pair_0_loss': '3.3886'}
Recommendation EP_test:84: 100%|| 35/35 [00:08<00:00,  4.29it/s]
{'Epoch': 84, 'name': 'high_freq', 'HIT@5': '0.0458', 'NDCG@5': '0.0308', 'HIT@10': '0.0702', 'NDCG@10': '0.0386', 'HIT@20': '0.1055', 'NDCG@20': '0.0475'}
{'Epoch': 84, 'name': 'mid_freq', 'HIT@5': '0.0050', 'NDCG@5': '0.0030', 'HIT@10': '0.0079', 'NDCG@10': '0.0039', 'HIT@20': '0.0105', 'NDCG@20': '0.0046'}
{'Epoch': 84, 'name': 'low_freq', 'HIT@5': '0.0009', 'NDCG@5': '0.0007', 'HIT@10': '0.0014', 'NDCG@10': '0.0008', 'HIT@20': '0.0036', 'NDCG@20': '0.0014'}
{'Epoch': 84, 'name': 'all', 'HIT@5': '0.0323', 'NDCG@5': '0.0216', 'HIT@10': '0.0494', 'NDCG@10': '0.0271', 'HIT@20': '0.0743', 'NDCG@20': '0.0334'}
EarlyStopping counter: 14 out of 40
rec dataset length: 186
100%|█████████████████████████████████████████████████████████████████████████████████████████████████████████████████████████████████████████| 186/186 [01:04<00:00,  2.88it/s]
{'epoch': 85, 'rec_avg_loss': '0.5115', 'joint_avg_loss': '0.8491', 'cl_avg_loss': '3.3763', 'itemcl_loss': '0.0000', 'cl_pair_0_loss': '3.3763'}
Recommendation EP_test:85: 100%|| 35/35 [00:08<00:00,  4.14it/s]
{'Epoch': 85, 'name': 'high_freq', 'HIT@5': '0.0464', 'NDCG@5': '0.0309', 'HIT@10': '0.0695', 'NDCG@10': '0.0383', 'HIT@20': '0.1043', 'NDCG@20': '0.0471'}
{'Epoch': 85, 'name': 'mid_freq', 'HIT@5': '0.0043', 'NDCG@5': '0.0026', 'HIT@10': '0.0069', 'NDCG@10': '0.0034', 'HIT@20': '0.0113', 'NDCG@20': '0.0046'}
{'Epoch': 85, 'name': 'low_freq', 'HIT@5': '0.0009', 'NDCG@5': '0.0005', 'HIT@10': '0.0025', 'NDCG@10': '0.0010', 'HIT@20': '0.0043', 'NDCG@20': '0.0015'}
{'Epoch': 85, 'name': 'all', 'HIT@5': '0.0325', 'NDCG@5': '0.0216', 'HIT@10': '0.0489', 'NDCG@10': '0.0269', 'HIT@20': '0.0737', 'NDCG@20': '0.0331'}
EarlyStopping counter: 15 out of 40
rec dataset length: 186
100%|█████████████████████████████████████████████████████████████████████████████████████████████████████████████████████████████████████████| 186/186 [01:04<00:00,  2.89it/s]
{'epoch': 86, 'rec_avg_loss': '0.5104', 'joint_avg_loss': '0.8475', 'cl_avg_loss': '3.3717', 'itemcl_loss': '0.0000', 'cl_pair_0_loss': '3.3717'}
Recommendation EP_test:86: 100%|| 35/35 [00:08<00:00,  4.02it/s]
{'Epoch': 86, 'name': 'high_freq', 'HIT@5': '0.0445', 'NDCG@5': '0.0299', 'HIT@10': '0.0694', 'NDCG@10': '0.0378', 'HIT@20': '0.1046', 'NDCG@20': '0.0467'}
{'Epoch': 86, 'name': 'mid_freq', 'HIT@5': '0.0040', 'NDCG@5': '0.0024', 'HIT@10': '0.0072', 'NDCG@10': '0.0035', 'HIT@20': '0.0113', 'NDCG@20': '0.0045'}
{'Epoch': 86, 'name': 'low_freq', 'HIT@5': '0.0011', 'NDCG@5': '0.0006', 'HIT@10': '0.0018', 'NDCG@10': '0.0008', 'HIT@20': '0.0038', 'NDCG@20': '0.0014'}
{'Epoch': 86, 'name': 'all', 'HIT@5': '0.0312', 'NDCG@5': '0.0209', 'HIT@10': '0.0488', 'NDCG@10': '0.0265', 'HIT@20': '0.0739', 'NDCG@20': '0.0328'}
EarlyStopping counter: 16 out of 40
rec dataset length: 186
100%|█████████████████████████████████████████████████████████████████████████████████████████████████████████████████████████████████████████| 186/186 [01:04<00:00,  2.87it/s]
{'epoch': 87, 'rec_avg_loss': '0.5068', 'joint_avg_loss': '0.8439', 'cl_avg_loss': '3.3708', 'itemcl_loss': '0.0000', 'cl_pair_0_loss': '3.3708'}
Recommendation EP_test:87: 100%|| 35/35 [00:08<00:00,  4.05it/s]
{'Epoch': 87, 'name': 'high_freq', 'HIT@5': '0.0451', 'NDCG@5': '0.0299', 'HIT@10': '0.0703', 'NDCG@10': '0.0380', 'HIT@20': '0.1045', 'NDCG@20': '0.0466'}
{'Epoch': 87, 'name': 'mid_freq', 'HIT@5': '0.0045', 'NDCG@5': '0.0027', 'HIT@10': '0.0073', 'NDCG@10': '0.0036', 'HIT@20': '0.0109', 'NDCG@20': '0.0045'}
{'Epoch': 87, 'name': 'low_freq', 'HIT@5': '0.0007', 'NDCG@5': '0.0003', 'HIT@10': '0.0020', 'NDCG@10': '0.0008', 'HIT@20': '0.0048', 'NDCG@20': '0.0014'}
{'Epoch': 87, 'name': 'all', 'HIT@5': '0.0317', 'NDCG@5': '0.0209', 'HIT@10': '0.0495', 'NDCG@10': '0.0266', 'HIT@20': '0.0738', 'NDCG@20': '0.0327'}
EarlyStopping counter: 17 out of 40
rec dataset length: 186
100%|█████████████████████████████████████████████████████████████████████████████████████████████████████████████████████████████████████████| 186/186 [01:04<00:00,  2.87it/s]
{'epoch': 88, 'rec_avg_loss': '0.5065', 'joint_avg_loss': '0.8443', 'cl_avg_loss': '3.3771', 'itemcl_loss': '0.0000', 'cl_pair_0_loss': '3.3771'}
Recommendation EP_test:88: 100%|| 35/35 [00:08<00:00,  4.14it/s]
{'Epoch': 88, 'name': 'high_freq', 'HIT@5': '0.0464', 'NDCG@5': '0.0310', 'HIT@10': '0.0704', 'NDCG@10': '0.0387', 'HIT@20': '0.1043', 'NDCG@20': '0.0472'}
{'Epoch': 88, 'name': 'mid_freq', 'HIT@5': '0.0047', 'NDCG@5': '0.0029', 'HIT@10': '0.0075', 'NDCG@10': '0.0038', 'HIT@20': '0.0124', 'NDCG@20': '0.0050'}
{'Epoch': 88, 'name': 'low_freq', 'HIT@5': '0.0014', 'NDCG@5': '0.0007', 'HIT@10': '0.0018', 'NDCG@10': '0.0009', 'HIT@20': '0.0043', 'NDCG@20': '0.0015'}
{'Epoch': 88, 'name': 'all', 'HIT@5': '0.0327', 'NDCG@5': '0.0217', 'HIT@10': '0.0496', 'NDCG@10': '0.0272', 'HIT@20': '0.0739', 'NDCG@20': '0.0333'}
EarlyStopping counter: 18 out of 40
rec dataset length: 186
100%|█████████████████████████████████████████████████████████████████████████████████████████████████████████████████████████████████████████| 186/186 [01:04<00:00,  2.88it/s]
{'epoch': 89, 'rec_avg_loss': '0.5048', 'joint_avg_loss': '0.8428', 'cl_avg_loss': '3.3804', 'itemcl_loss': '0.0000', 'cl_pair_0_loss': '3.3804'}
Recommendation EP_test:89: 100%|| 35/35 [00:08<00:00,  4.33it/s]
{'Epoch': 89, 'name': 'high_freq', 'HIT@5': '0.0463', 'NDCG@5': '0.0308', 'HIT@10': '0.0708', 'NDCG@10': '0.0386', 'HIT@20': '0.1055', 'NDCG@20': '0.0474'}
{'Epoch': 89, 'name': 'mid_freq', 'HIT@5': '0.0053', 'NDCG@5': '0.0035', 'HIT@10': '0.0083', 'NDCG@10': '0.0045', 'HIT@20': '0.0125', 'NDCG@20': '0.0056'}
{'Epoch': 89, 'name': 'low_freq', 'HIT@5': '0.0011', 'NDCG@5': '0.0008', 'HIT@10': '0.0020', 'NDCG@10': '0.0010', 'HIT@20': '0.0048', 'NDCG@20': '0.0017'}
{'Epoch': 89, 'name': 'all', 'HIT@5': '0.0327', 'NDCG@5': '0.0217', 'HIT@10': '0.0500', 'NDCG@10': '0.0273', 'HIT@20': '0.0748', 'NDCG@20': '0.0335'}
EarlyStopping counter: 19 out of 40
rec dataset length: 186
100%|█████████████████████████████████████████████████████████████████████████████████████████████████████████████████████████████████████████| 186/186 [01:04<00:00,  2.88it/s]
{'epoch': 90, 'rec_avg_loss': '0.5031', 'joint_avg_loss': '0.8398', 'cl_avg_loss': '3.3675', 'itemcl_loss': '0.0000', 'cl_pair_0_loss': '3.3675'}
Recommendation EP_test:90: 100%|| 35/35 [00:08<00:00,  4.21it/s]
{'Epoch': 90, 'name': 'high_freq', 'HIT@5': '0.0465', 'NDCG@5': '0.0312', 'HIT@10': '0.0711', 'NDCG@10': '0.0392', 'HIT@20': '0.1056', 'NDCG@20': '0.0478'}
{'Epoch': 90, 'name': 'mid_freq', 'HIT@5': '0.0055', 'NDCG@5': '0.0035', 'HIT@10': '0.0089', 'NDCG@10': '0.0046', 'HIT@20': '0.0125', 'NDCG@20': '0.0055'}
{'Epoch': 90, 'name': 'low_freq', 'HIT@5': '0.0009', 'NDCG@5': '0.0006', 'HIT@10': '0.0029', 'NDCG@10': '0.0012', 'HIT@20': '0.0050', 'NDCG@20': '0.0017'}
{'Epoch': 90, 'name': 'all', 'HIT@5': '0.0328', 'NDCG@5': '0.0220', 'HIT@10': '0.0505', 'NDCG@10': '0.0277', 'HIT@20': '0.0749', 'NDCG@20': '0.0338'}
EarlyStopping counter: 20 out of 40
rec dataset length: 186
100%|█████████████████████████████████████████████████████████████████████████████████████████████████████████████████████████████████████████| 186/186 [01:04<00:00,  2.88it/s]
{'epoch': 91, 'rec_avg_loss': '0.5029', 'joint_avg_loss': '0.8391', 'cl_avg_loss': '3.3621', 'itemcl_loss': '0.0000', 'cl_pair_0_loss': '3.3621'}
Recommendation EP_test:91: 100%|| 35/35 [00:08<00:00,  4.23it/s]
{'Epoch': 91, 'name': 'high_freq', 'HIT@5': '0.0467', 'NDCG@5': '0.0310', 'HIT@10': '0.0709', 'NDCG@10': '0.0388', 'HIT@20': '0.1072', 'NDCG@20': '0.0479'}
{'Epoch': 91, 'name': 'mid_freq', 'HIT@5': '0.0047', 'NDCG@5': '0.0030', 'HIT@10': '0.0076', 'NDCG@10': '0.0039', 'HIT@20': '0.0116', 'NDCG@20': '0.0049'}
{'Epoch': 91, 'name': 'low_freq', 'HIT@5': '0.0009', 'NDCG@5': '0.0007', 'HIT@10': '0.0025', 'NDCG@10': '0.0012', 'HIT@20': '0.0041', 'NDCG@20': '0.0016'}
{'Epoch': 91, 'name': 'all', 'HIT@5': '0.0328', 'NDCG@5': '0.0217', 'HIT@10': '0.0500', 'NDCG@10': '0.0273', 'HIT@20': '0.0757', 'NDCG@20': '0.0338'}
EarlyStopping counter: 21 out of 40
rec dataset length: 186
100%|█████████████████████████████████████████████████████████████████████████████████████████████████████████████████████████████████████████| 186/186 [01:04<00:00,  2.87it/s]
{'epoch': 92, 'rec_avg_loss': '0.4972', 'joint_avg_loss': '0.8339', 'cl_avg_loss': '3.3667', 'itemcl_loss': '0.0000', 'cl_pair_0_loss': '3.3667'}
Recommendation EP_test:92: 100%|| 35/35 [00:08<00:00,  4.20it/s]
{'Epoch': 92, 'name': 'high_freq', 'HIT@5': '0.0468', 'NDCG@5': '0.0310', 'HIT@10': '0.0715', 'NDCG@10': '0.0389', 'HIT@20': '0.1060', 'NDCG@20': '0.0475'}
{'Epoch': 92, 'name': 'mid_freq', 'HIT@5': '0.0050', 'NDCG@5': '0.0032', 'HIT@10': '0.0080', 'NDCG@10': '0.0042', 'HIT@20': '0.0125', 'NDCG@20': '0.0053'}
{'Epoch': 92, 'name': 'low_freq', 'HIT@5': '0.0005', 'NDCG@5': '0.0004', 'HIT@10': '0.0020', 'NDCG@10': '0.0009', 'HIT@20': '0.0050', 'NDCG@20': '0.0016'}
{'Epoch': 92, 'name': 'all', 'HIT@5': '0.0329', 'NDCG@5': '0.0217', 'HIT@10': '0.0505', 'NDCG@10': '0.0274', 'HIT@20': '0.0751', 'NDCG@20': '0.0336'}
EarlyStopping counter: 22 out of 40
rec dataset length: 186
100%|█████████████████████████████████████████████████████████████████████████████████████████████████████████████████████████████████████████| 186/186 [01:04<00:00,  2.87it/s]
{'epoch': 93, 'rec_avg_loss': '0.4972', 'joint_avg_loss': '0.8331', 'cl_avg_loss': '3.3590', 'itemcl_loss': '0.0000', 'cl_pair_0_loss': '3.3590'}
Recommendation EP_test:93: 100%|| 35/35 [00:08<00:00,  4.21it/s]
{'Epoch': 93, 'name': 'high_freq', 'HIT@5': '0.0465', 'NDCG@5': '0.0306', 'HIT@10': '0.0705', 'NDCG@10': '0.0383', 'HIT@20': '0.1059', 'NDCG@20': '0.0473'}
{'Epoch': 93, 'name': 'mid_freq', 'HIT@5': '0.0052', 'NDCG@5': '0.0032', 'HIT@10': '0.0080', 'NDCG@10': '0.0041', 'HIT@20': '0.0113', 'NDCG@20': '0.0049'}
{'Epoch': 93, 'name': 'low_freq', 'HIT@5': '0.0014', 'NDCG@5': '0.0008', 'HIT@10': '0.0029', 'NDCG@10': '0.0013', 'HIT@20': '0.0050', 'NDCG@20': '0.0018'}
{'Epoch': 93, 'name': 'all', 'HIT@5': '0.0328', 'NDCG@5': '0.0216', 'HIT@10': '0.0499', 'NDCG@10': '0.0270', 'HIT@20': '0.0749', 'NDCG@20': '0.0333'}
EarlyStopping counter: 23 out of 40
rec dataset length: 186
100%|█████████████████████████████████████████████████████████████████████████████████████████████████████████████████████████████████████████| 186/186 [01:04<00:00,  2.88it/s]
{'epoch': 94, 'rec_avg_loss': '0.4949', 'joint_avg_loss': '0.8310', 'cl_avg_loss': '3.3610', 'itemcl_loss': '0.0000', 'cl_pair_0_loss': '3.3610'}
Recommendation EP_test:94: 100%|| 35/35 [00:08<00:00,  4.12it/s]
{'Epoch': 94, 'name': 'high_freq', 'HIT@5': '0.0477', 'NDCG@5': '0.0320', 'HIT@10': '0.0710', 'NDCG@10': '0.0395', 'HIT@20': '0.1061', 'NDCG@20': '0.0483'}
{'Epoch': 94, 'name': 'mid_freq', 'HIT@5': '0.0045', 'NDCG@5': '0.0027', 'HIT@10': '0.0075', 'NDCG@10': '0.0037', 'HIT@20': '0.0122', 'NDCG@20': '0.0049'}
{'Epoch': 94, 'name': 'low_freq', 'HIT@5': '0.0007', 'NDCG@5': '0.0006', 'HIT@10': '0.0023', 'NDCG@10': '0.0011', 'HIT@20': '0.0041', 'NDCG@20': '0.0015'}
{'Epoch': 94, 'name': 'all', 'HIT@5': '0.0334', 'NDCG@5': '0.0223', 'HIT@10': '0.0500', 'NDCG@10': '0.0277', 'HIT@20': '0.0751', 'NDCG@20': '0.0340'}
EarlyStopping counter: 24 out of 40
rec dataset length: 186
100%|█████████████████████████████████████████████████████████████████████████████████████████████████████████████████████████████████████████| 186/186 [01:04<00:00,  2.87it/s]
{'epoch': 95, 'rec_avg_loss': '0.4968', 'joint_avg_loss': '0.8328', 'cl_avg_loss': '3.3591', 'itemcl_loss': '0.0000', 'cl_pair_0_loss': '3.3591'}
Recommendation EP_test:95: 100%|| 35/35 [00:08<00:00,  4.13it/s]
{'Epoch': 95, 'name': 'high_freq', 'HIT@5': '0.0482', 'NDCG@5': '0.0321', 'HIT@10': '0.0704', 'NDCG@10': '0.0392', 'HIT@20': '0.1058', 'NDCG@20': '0.0481'}
{'Epoch': 95, 'name': 'mid_freq', 'HIT@5': '0.0049', 'NDCG@5': '0.0029', 'HIT@10': '0.0073', 'NDCG@10': '0.0037', 'HIT@20': '0.0122', 'NDCG@20': '0.0049'}
{'Epoch': 95, 'name': 'low_freq', 'HIT@5': '0.0011', 'NDCG@5': '0.0008', 'HIT@10': '0.0029', 'NDCG@10': '0.0013', 'HIT@20': '0.0045', 'NDCG@20': '0.0017'}
{'Epoch': 95, 'name': 'all', 'HIT@5': '0.0339', 'NDCG@5': '0.0225', 'HIT@10': '0.0497', 'NDCG@10': '0.0275', 'HIT@20': '0.0749', 'NDCG@20': '0.0339'}
EarlyStopping counter: 25 out of 40
rec dataset length: 186
100%|█████████████████████████████████████████████████████████████████████████████████████████████████████████████████████████████████████████| 186/186 [01:04<00:00,  2.88it/s]
{'epoch': 96, 'rec_avg_loss': '0.4927', 'joint_avg_loss': '0.8274', 'cl_avg_loss': '3.3472', 'itemcl_loss': '0.0000', 'cl_pair_0_loss': '3.3472'}
Recommendation EP_test:96: 100%|| 35/35 [00:08<00:00,  4.18it/s]
{'Epoch': 96, 'name': 'high_freq', 'HIT@5': '0.0482', 'NDCG@5': '0.0319', 'HIT@10': '0.0718', 'NDCG@10': '0.0395', 'HIT@20': '0.1052', 'NDCG@20': '0.0478'}
{'Epoch': 96, 'name': 'mid_freq', 'HIT@5': '0.0050', 'NDCG@5': '0.0032', 'HIT@10': '0.0075', 'NDCG@10': '0.0040', 'HIT@20': '0.0126', 'NDCG@20': '0.0053'}
{'Epoch': 96, 'name': 'low_freq', 'HIT@5': '0.0009', 'NDCG@5': '0.0006', 'HIT@10': '0.0018', 'NDCG@10': '0.0008', 'HIT@20': '0.0048', 'NDCG@20': '0.0016'}
{'Epoch': 96, 'name': 'all', 'HIT@5': '0.0339', 'NDCG@5': '0.0224', 'HIT@10': '0.0505', 'NDCG@10': '0.0277', 'HIT@20': '0.0746', 'NDCG@20': '0.0338'}
EarlyStopping counter: 26 out of 40
rec dataset length: 186
100%|█████████████████████████████████████████████████████████████████████████████████████████████████████████████████████████████████████████| 186/186 [01:04<00:00,  2.87it/s]
{'epoch': 97, 'rec_avg_loss': '0.4947', 'joint_avg_loss': '0.8298', 'cl_avg_loss': '3.3513', 'itemcl_loss': '0.0000', 'cl_pair_0_loss': '3.3513'}
Recommendation EP_test:97: 100%|| 35/35 [00:08<00:00,  4.23it/s]
{'Epoch': 97, 'name': 'high_freq', 'HIT@5': '0.0458', 'NDCG@5': '0.0307', 'HIT@10': '0.0705', 'NDCG@10': '0.0386', 'HIT@20': '0.1042', 'NDCG@20': '0.0471'}
{'Epoch': 97, 'name': 'mid_freq', 'HIT@5': '0.0046', 'NDCG@5': '0.0028', 'HIT@10': '0.0080', 'NDCG@10': '0.0040', 'HIT@20': '0.0126', 'NDCG@20': '0.0051'}
{'Epoch': 97, 'name': 'low_freq', 'HIT@5': '0.0007', 'NDCG@5': '0.0005', 'HIT@10': '0.0018', 'NDCG@10': '0.0008', 'HIT@20': '0.0043', 'NDCG@20': '0.0015'}
{'Epoch': 97, 'name': 'all', 'HIT@5': '0.0321', 'NDCG@5': '0.0215', 'HIT@10': '0.0498', 'NDCG@10': '0.0272', 'HIT@20': '0.0739', 'NDCG@20': '0.0332'}
EarlyStopping counter: 27 out of 40
rec dataset length: 186
100%|█████████████████████████████████████████████████████████████████████████████████████████████████████████████████████████████████████████| 186/186 [01:04<00:00,  2.89it/s]
{'epoch': 98, 'rec_avg_loss': '0.4928', 'joint_avg_loss': '0.8277', 'cl_avg_loss': '3.3489', 'itemcl_loss': '0.0000', 'cl_pair_0_loss': '3.3489'}
Recommendation EP_test:98: 100%|| 35/35 [00:08<00:00,  4.30it/s]
{'Epoch': 98, 'name': 'high_freq', 'HIT@5': '0.0460', 'NDCG@5': '0.0304', 'HIT@10': '0.0714', 'NDCG@10': '0.0386', 'HIT@20': '0.1060', 'NDCG@20': '0.0472'}
{'Epoch': 98, 'name': 'mid_freq', 'HIT@5': '0.0046', 'NDCG@5': '0.0029', 'HIT@10': '0.0082', 'NDCG@10': '0.0041', 'HIT@20': '0.0122', 'NDCG@20': '0.0051'}
{'Epoch': 98, 'name': 'low_freq', 'HIT@5': '0.0011', 'NDCG@5': '0.0007', 'HIT@10': '0.0029', 'NDCG@10': '0.0012', 'HIT@20': '0.0054', 'NDCG@20': '0.0019'}
{'Epoch': 98, 'name': 'all', 'HIT@5': '0.0323', 'NDCG@5': '0.0213', 'HIT@10': '0.0505', 'NDCG@10': '0.0272', 'HIT@20': '0.0752', 'NDCG@20': '0.0334'}
EarlyStopping counter: 28 out of 40
rec dataset length: 186
100%|█████████████████████████████████████████████████████████████████████████████████████████████████████████████████████████████████████████| 186/186 [01:04<00:00,  2.87it/s]
{'epoch': 99, 'rec_avg_loss': '0.4897', 'joint_avg_loss': '0.8245', 'cl_avg_loss': '3.3480', 'itemcl_loss': '0.0000', 'cl_pair_0_loss': '3.3480'}
Recommendation EP_test:99: 100%|| 35/35 [00:08<00:00,  4.25it/s]
{'Epoch': 99, 'name': 'high_freq', 'HIT@5': '0.0454', 'NDCG@5': '0.0303', 'HIT@10': '0.0702', 'NDCG@10': '0.0383', 'HIT@20': '0.1065', 'NDCG@20': '0.0474'}
{'Epoch': 99, 'name': 'mid_freq', 'HIT@5': '0.0052', 'NDCG@5': '0.0033', 'HIT@10': '0.0075', 'NDCG@10': '0.0040', 'HIT@20': '0.0122', 'NDCG@20': '0.0052'}
{'Epoch': 99, 'name': 'low_freq', 'HIT@5': '0.0009', 'NDCG@5': '0.0005', 'HIT@10': '0.0023', 'NDCG@10': '0.0010', 'HIT@20': '0.0043', 'NDCG@20': '0.0015'}
{'Epoch': 99, 'name': 'all', 'HIT@5': '0.0320', 'NDCG@5': '0.0213', 'HIT@10': '0.0495', 'NDCG@10': '0.0269', 'HIT@20': '0.0754', 'NDCG@20': '0.0334'}
EarlyStopping counter: 29 out of 40
rec dataset length: 186
100%|█████████████████████████████████████████████████████████████████████████████████████████████████████████████████████████████████████████| 186/186 [01:04<00:00,  2.88it/s]
{'epoch': 100, 'rec_avg_loss': '0.4893', 'joint_avg_loss': '0.8232', 'cl_avg_loss': '3.3394', 'itemcl_loss': '0.0000', 'cl_pair_0_loss': '3.3394'}
Recommendation EP_test:100: 100%|| 35/35 [00:08<00:00,  4.32it/s]
{'Epoch': 100, 'name': 'high_freq', 'HIT@5': '0.0466', 'NDCG@5': '0.0312', 'HIT@10': '0.0707', 'NDCG@10': '0.0389', 'HIT@20': '0.1060', 'NDCG@20': '0.0478'}
{'Epoch': 100, 'name': 'mid_freq', 'HIT@5': '0.0047', 'NDCG@5': '0.0031', 'HIT@10': '0.0080', 'NDCG@10': '0.0042', 'HIT@20': '0.0131', 'NDCG@20': '0.0055'}
{'Epoch': 100, 'name': 'low_freq', 'HIT@5': '0.0007', 'NDCG@5': '0.0005', 'HIT@10': '0.0027', 'NDCG@10': '0.0011', 'HIT@20': '0.0048', 'NDCG@20': '0.0016'}
{'Epoch': 100, 'name': 'all', 'HIT@5': '0.0327', 'NDCG@5': '0.0219', 'HIT@10': '0.0500', 'NDCG@10': '0.0274', 'HIT@20': '0.0753', 'NDCG@20': '0.0338'}
EarlyStopping counter: 30 out of 40
rec dataset length: 186
100%|█████████████████████████████████████████████████████████████████████████████████████████████████████████████████████████████████████████| 186/186 [01:04<00:00,  2.87it/s]
{'epoch': 101, 'rec_avg_loss': '0.4882', 'joint_avg_loss': '0.8217', 'cl_avg_loss': '3.3342', 'itemcl_loss': '0.0000', 'cl_pair_0_loss': '3.3342'}
Recommendation EP_test:101: 100%|| 35/35 [00:08<00:00,  4.28it/s]
{'Epoch': 101, 'name': 'high_freq', 'HIT@5': '0.0451', 'NDCG@5': '0.0304', 'HIT@10': '0.0695', 'NDCG@10': '0.0382', 'HIT@20': '0.1051', 'NDCG@20': '0.0472'}
{'Epoch': 101, 'name': 'mid_freq', 'HIT@5': '0.0053', 'NDCG@5': '0.0036', 'HIT@10': '0.0085', 'NDCG@10': '0.0047', 'HIT@20': '0.0135', 'NDCG@20': '0.0059'}
{'Epoch': 101, 'name': 'low_freq', 'HIT@5': '0.0009', 'NDCG@5': '0.0006', 'HIT@10': '0.0020', 'NDCG@10': '0.0010', 'HIT@20': '0.0043', 'NDCG@20': '0.0016'}
{'Epoch': 101, 'name': 'all', 'HIT@5': '0.0318', 'NDCG@5': '0.0215', 'HIT@10': '0.0492', 'NDCG@10': '0.0270', 'HIT@20': '0.0747', 'NDCG@20': '0.0335'}
EarlyStopping counter: 31 out of 40
rec dataset length: 186
100%|█████████████████████████████████████████████████████████████████████████████████████████████████████████████████████████████████████████| 186/186 [01:04<00:00,  2.88it/s]
{'epoch': 102, 'rec_avg_loss': '0.4843', 'joint_avg_loss': '0.8183', 'cl_avg_loss': '3.3401', 'itemcl_loss': '0.0000', 'cl_pair_0_loss': '3.3401'}
Recommendation EP_test:102: 100%|| 35/35 [00:08<00:00,  4.22it/s]
{'Epoch': 102, 'name': 'high_freq', 'HIT@5': '0.0454', 'NDCG@5': '0.0305', 'HIT@10': '0.0695', 'NDCG@10': '0.0383', 'HIT@20': '0.1048', 'NDCG@20': '0.0471'}
{'Epoch': 102, 'name': 'mid_freq', 'HIT@5': '0.0056', 'NDCG@5': '0.0035', 'HIT@10': '0.0088', 'NDCG@10': '0.0045', 'HIT@20': '0.0129', 'NDCG@20': '0.0056'}
{'Epoch': 102, 'name': 'low_freq', 'HIT@5': '0.0016', 'NDCG@5': '0.0008', 'HIT@10': '0.0018', 'NDCG@10': '0.0009', 'HIT@20': '0.0041', 'NDCG@20': '0.0014'}
{'Epoch': 102, 'name': 'all', 'HIT@5': '0.0322', 'NDCG@5': '0.0215', 'HIT@10': '0.0492', 'NDCG@10': '0.0270', 'HIT@20': '0.0744', 'NDCG@20': '0.0333'}
EarlyStopping counter: 32 out of 40
rec dataset length: 186
100%|█████████████████████████████████████████████████████████████████████████████████████████████████████████████████████████████████████████| 186/186 [01:04<00:00,  2.87it/s]
{'epoch': 103, 'rec_avg_loss': '0.4877', 'joint_avg_loss': '0.8209', 'cl_avg_loss': '3.3325', 'itemcl_loss': '0.0000', 'cl_pair_0_loss': '3.3325'}
Recommendation EP_test:103: 100%|| 35/35 [00:08<00:00,  4.16it/s]
{'Epoch': 103, 'name': 'high_freq', 'HIT@5': '0.0474', 'NDCG@5': '0.0312', 'HIT@10': '0.0706', 'NDCG@10': '0.0386', 'HIT@20': '0.1049', 'NDCG@20': '0.0472'}
{'Epoch': 103, 'name': 'mid_freq', 'HIT@5': '0.0057', 'NDCG@5': '0.0037', 'HIT@10': '0.0083', 'NDCG@10': '0.0045', 'HIT@20': '0.0136', 'NDCG@20': '0.0058'}
{'Epoch': 103, 'name': 'low_freq', 'HIT@5': '0.0009', 'NDCG@5': '0.0005', 'HIT@10': '0.0018', 'NDCG@10': '0.0008', 'HIT@20': '0.0041', 'NDCG@20': '0.0014'}
{'Epoch': 103, 'name': 'all', 'HIT@5': '0.0335', 'NDCG@5': '0.0220', 'HIT@10': '0.0499', 'NDCG@10': '0.0273', 'HIT@20': '0.0745', 'NDCG@20': '0.0335'}
EarlyStopping counter: 33 out of 40
rec dataset length: 186
100%|█████████████████████████████████████████████████████████████████████████████████████████████████████████████████████████████████████████| 186/186 [01:04<00:00,  2.88it/s]
{'epoch': 104, 'rec_avg_loss': '0.4836', 'joint_avg_loss': '0.8182', 'cl_avg_loss': '3.3466', 'itemcl_loss': '0.0000', 'cl_pair_0_loss': '3.3466'}
Recommendation EP_test:104: 100%|| 35/35 [00:08<00:00,  4.16it/s]
{'Epoch': 104, 'name': 'high_freq', 'HIT@5': '0.0465', 'NDCG@5': '0.0309', 'HIT@10': '0.0707', 'NDCG@10': '0.0387', 'HIT@20': '0.1054', 'NDCG@20': '0.0474'}
{'Epoch': 104, 'name': 'mid_freq', 'HIT@5': '0.0050', 'NDCG@5': '0.0031', 'HIT@10': '0.0083', 'NDCG@10': '0.0042', 'HIT@20': '0.0132', 'NDCG@20': '0.0054'}
{'Epoch': 104, 'name': 'low_freq', 'HIT@5': '0.0014', 'NDCG@5': '0.0009', 'HIT@10': '0.0023', 'NDCG@10': '0.0012', 'HIT@20': '0.0052', 'NDCG@20': '0.0019'}
{'Epoch': 104, 'name': 'all', 'HIT@5': '0.0328', 'NDCG@5': '0.0217', 'HIT@10': '0.0500', 'NDCG@10': '0.0273', 'HIT@20': '0.0749', 'NDCG@20': '0.0335'}
EarlyStopping counter: 34 out of 40
rec dataset length: 186
100%|█████████████████████████████████████████████████████████████████████████████████████████████████████████████████████████████████████████| 186/186 [01:04<00:00,  2.88it/s]
{'epoch': 105, 'rec_avg_loss': '0.4823', 'joint_avg_loss': '0.8164', 'cl_avg_loss': '3.3402', 'itemcl_loss': '0.0000', 'cl_pair_0_loss': '3.3402'}
Recommendation EP_test:105: 100%|| 35/35 [00:08<00:00,  4.23it/s]
{'Epoch': 105, 'name': 'high_freq', 'HIT@5': '0.0466', 'NDCG@5': '0.0306', 'HIT@10': '0.0701', 'NDCG@10': '0.0382', 'HIT@20': '0.1057', 'NDCG@20': '0.0471'}
{'Epoch': 105, 'name': 'mid_freq', 'HIT@5': '0.0052', 'NDCG@5': '0.0031', 'HIT@10': '0.0079', 'NDCG@10': '0.0040', 'HIT@20': '0.0132', 'NDCG@20': '0.0053'}
{'Epoch': 105, 'name': 'low_freq', 'HIT@5': '0.0011', 'NDCG@5': '0.0007', 'HIT@10': '0.0027', 'NDCG@10': '0.0012', 'HIT@20': '0.0043', 'NDCG@20': '0.0016'}
{'Epoch': 105, 'name': 'all', 'HIT@5': '0.0329', 'NDCG@5': '0.0215', 'HIT@10': '0.0496', 'NDCG@10': '0.0269', 'HIT@20': '0.0750', 'NDCG@20': '0.0333'}
EarlyStopping counter: 35 out of 40
rec dataset length: 186
100%|█████████████████████████████████████████████████████████████████████████████████████████████████████████████████████████████████████████| 186/186 [01:04<00:00,  2.88it/s]
{'epoch': 106, 'rec_avg_loss': '0.4781', 'joint_avg_loss': '0.8118', 'cl_avg_loss': '3.3372', 'itemcl_loss': '0.0000', 'cl_pair_0_loss': '3.3372'}
Recommendation EP_test:106: 100%|| 35/35 [00:08<00:00,  4.24it/s]
{'Epoch': 106, 'name': 'high_freq', 'HIT@5': '0.0468', 'NDCG@5': '0.0306', 'HIT@10': '0.0702', 'NDCG@10': '0.0381', 'HIT@20': '0.1056', 'NDCG@20': '0.0470'}
{'Epoch': 106, 'name': 'mid_freq', 'HIT@5': '0.0060', 'NDCG@5': '0.0038', 'HIT@10': '0.0098', 'NDCG@10': '0.0050', 'HIT@20': '0.0144', 'NDCG@20': '0.0061'}
{'Epoch': 106, 'name': 'low_freq', 'HIT@5': '0.0009', 'NDCG@5': '0.0006', 'HIT@10': '0.0027', 'NDCG@10': '0.0012', 'HIT@20': '0.0061', 'NDCG@20': '0.0020'}
{'Epoch': 106, 'name': 'all', 'HIT@5': '0.0331', 'NDCG@5': '0.0216', 'HIT@10': '0.0500', 'NDCG@10': '0.0270', 'HIT@20': '0.0754', 'NDCG@20': '0.0334'}
EarlyStopping counter: 36 out of 40
rec dataset length: 186
100%|█████████████████████████████████████████████████████████████████████████████████████████████████████████████████████████████████████████| 186/186 [01:04<00:00,  2.87it/s]
{'epoch': 107, 'rec_avg_loss': '0.4827', 'joint_avg_loss': '0.8152', 'cl_avg_loss': '3.3247', 'itemcl_loss': '0.0000', 'cl_pair_0_loss': '3.3247'}
Recommendation EP_test:107: 100%|| 35/35 [00:08<00:00,  4.22it/s]
{'Epoch': 107, 'name': 'high_freq', 'HIT@5': '0.0454', 'NDCG@5': '0.0301', 'HIT@10': '0.0708', 'NDCG@10': '0.0383', 'HIT@20': '0.1057', 'NDCG@20': '0.0471'}
{'Epoch': 107, 'name': 'mid_freq', 'HIT@5': '0.0062', 'NDCG@5': '0.0039', 'HIT@10': '0.0089', 'NDCG@10': '0.0048', 'HIT@20': '0.0136', 'NDCG@20': '0.0060'}
{'Epoch': 107, 'name': 'low_freq', 'HIT@5': '0.0016', 'NDCG@5': '0.0009', 'HIT@10': '0.0027', 'NDCG@10': '0.0013', 'HIT@20': '0.0057', 'NDCG@20': '0.0020'}
{'Epoch': 107, 'name': 'all', 'HIT@5': '0.0323', 'NDCG@5': '0.0214', 'HIT@10': '0.0502', 'NDCG@10': '0.0272', 'HIT@20': '0.0753', 'NDCG@20': '0.0334'}
EarlyStopping counter: 37 out of 40
rec dataset length: 186
100%|█████████████████████████████████████████████████████████████████████████████████████████████████████████████████████████████████████████| 186/186 [01:04<00:00,  2.88it/s]
{'epoch': 108, 'rec_avg_loss': '0.4794', 'joint_avg_loss': '0.8114', 'cl_avg_loss': '3.3201', 'itemcl_loss': '0.0000', 'cl_pair_0_loss': '3.3201'}
Recommendation EP_test:108: 100%|| 35/35 [00:08<00:00,  4.21it/s]
{'Epoch': 108, 'name': 'high_freq', 'HIT@5': '0.0463', 'NDCG@5': '0.0304', 'HIT@10': '0.0722', 'NDCG@10': '0.0387', 'HIT@20': '0.1070', 'NDCG@20': '0.0474'}
{'Epoch': 108, 'name': 'mid_freq', 'HIT@5': '0.0060', 'NDCG@5': '0.0037', 'HIT@10': '0.0080', 'NDCG@10': '0.0043', 'HIT@20': '0.0129', 'NDCG@20': '0.0056'}
{'Epoch': 108, 'name': 'low_freq', 'HIT@5': '0.0014', 'NDCG@5': '0.0008', 'HIT@10': '0.0027', 'NDCG@10': '0.0012', 'HIT@20': '0.0050', 'NDCG@20': '0.0018'}
{'Epoch': 108, 'name': 'all', 'HIT@5': '0.0328', 'NDCG@5': '0.0215', 'HIT@10': '0.0510', 'NDCG@10': '0.0273', 'HIT@20': '0.0759', 'NDCG@20': '0.0336'}
EarlyStopping counter: 38 out of 40
rec dataset length: 186
100%|█████████████████████████████████████████████████████████████████████████████████████████████████████████████████████████████████████████| 186/186 [01:04<00:00,  2.88it/s]
{'epoch': 109, 'rec_avg_loss': '0.4789', 'joint_avg_loss': '0.8110', 'cl_avg_loss': '3.3209', 'itemcl_loss': '0.0000', 'cl_pair_0_loss': '3.3209'}
Recommendation EP_test:109: 100%|| 35/35 [00:08<00:00,  4.17it/s]
{'Epoch': 109, 'name': 'high_freq', 'HIT@5': '0.0460', 'NDCG@5': '0.0304', 'HIT@10': '0.0705', 'NDCG@10': '0.0383', 'HIT@20': '0.1047', 'NDCG@20': '0.0468'}
{'Epoch': 109, 'name': 'mid_freq', 'HIT@5': '0.0055', 'NDCG@5': '0.0033', 'HIT@10': '0.0088', 'NDCG@10': '0.0044', 'HIT@20': '0.0131', 'NDCG@20': '0.0054'}
{'Epoch': 109, 'name': 'low_freq', 'HIT@5': '0.0009', 'NDCG@5': '0.0006', 'HIT@10': '0.0023', 'NDCG@10': '0.0010', 'HIT@20': '0.0050', 'NDCG@20': '0.0017'}
{'Epoch': 109, 'name': 'all', 'HIT@5': '0.0324', 'NDCG@5': '0.0214', 'HIT@10': '0.0499', 'NDCG@10': '0.0270', 'HIT@20': '0.0744', 'NDCG@20': '0.0331'}
EarlyStopping counter: 39 out of 40
rec dataset length: 186
100%|█████████████████████████████████████████████████████████████████████████████████████████████████████████████████████████████████████████| 186/186 [01:04<00:00,  2.88it/s]
{'epoch': 110, 'rec_avg_loss': '0.4767', 'joint_avg_loss': '0.8072', 'cl_avg_loss': '3.3051', 'itemcl_loss': '0.0000', 'cl_pair_0_loss': '3.3051'}
Recommendation EP_test:110: 100%|| 35/35 [00:08<00:00,  4.15it/s]
{'Epoch': 110, 'name': 'high_freq', 'HIT@5': '0.0469', 'NDCG@5': '0.0312', 'HIT@10': '0.0712', 'NDCG@10': '0.0390', 'HIT@20': '0.1046', 'NDCG@20': '0.0474'}
{'Epoch': 110, 'name': 'mid_freq', 'HIT@5': '0.0059', 'NDCG@5': '0.0035', 'HIT@10': '0.0085', 'NDCG@10': '0.0044', 'HIT@20': '0.0125', 'NDCG@20': '0.0054'}
{'Epoch': 110, 'name': 'low_freq', 'HIT@5': '0.0009', 'NDCG@5': '0.0006', 'HIT@10': '0.0034', 'NDCG@10': '0.0014', 'HIT@20': '0.0054', 'NDCG@20': '0.0019'}
{'Epoch': 110, 'name': 'all', 'HIT@5': '0.0331', 'NDCG@5': '0.0220', 'HIT@10': '0.0505', 'NDCG@10': '0.0276', 'HIT@20': '0.0742', 'NDCG@20': '0.0336'}
EarlyStopping counter: 40 out of 40
Early stopping
---------------Change to test_rating_matrix!-------------------
Recommendation EP_test:111: 100%|| 35/35 [00:08<00:00,  3.95it/s]
{'Epoch': 111, 'name': 'high_freq', 'HIT@5': '0.0363', 'NDCG@5': '0.0236', 'HIT@10': '0.0578', 'NDCG@10': '0.0306', 'HIT@20': '0.0896', 'NDCG@20': '0.0386'}
{'Epoch': 111, 'name': 'mid_freq', 'HIT@5': '0.0023', 'NDCG@5': '0.0016', 'HIT@10': '0.0042', 'NDCG@10': '0.0022', 'HIT@20': '0.0090', 'NDCG@20': '0.0034'}
{'Epoch': 111, 'name': 'low_freq', 'HIT@5': '0.0006', 'NDCG@5': '0.0004', 'HIT@10': '0.0013', 'NDCG@10': '0.0006', 'HIT@20': '0.0025', 'NDCG@20': '0.0009'}
{'Epoch': 111, 'name': 'all', 'HIT@5': '0.0235', 'NDCG@5': '0.0153', 'HIT@10': '0.0376', 'NDCG@10': '0.0199', 'HIT@20': '0.0589', 'NDCG@20': '0.0252'}
CoSeRec-Sports_and_Outdoors-single_cl_1024
{'Epoch': 111, 'name': 'all', 'HIT@5': '0.0235', 'NDCG@5': '0.0153', 'HIT@10': '0.0376', 'NDCG@10': '0.0199', 'HIT@20': '0.0589', 'NDCG@20': '0.0252'}
Using Cuda: True
(18359, 18359)
--------------------Configure Info:------------
data_dir                       :                             ./data/
output_dir                     :                             output/
data_name                      :                 Sports_and_Outdoors
do_eval                        :                                   0
model_idx                      :                 single_cl_mask_1024
gpu_id                         :                                   0
noise_ratio                    :                                 0.0
training_data_ratio            :                                 1.0
augment_threshold              :                                   4
similarity_model_name          :                          ItemCF_IUF
augmentation_warm_up_epoches   :                                 160
base_augment_type              :                                mask
augment_type_for_short         :                                 SIM
tao                            :                                 0.2
gamma                          :                                 0.7
beta                           :                                 0.2
substitute_rate                :                                 0.1
insert_rate                    :                                 0.4
max_insert_num_per_pos         :                                   1
temperature                    :                                 1.0
n_views                        :                                   2
model_name                     :                             CoSeRec
hidden_size                    :                                  64
num_hidden_layers              :                                   2
num_attention_heads            :                                   2
hidden_act                     :                                gelu
attention_probs_dropout_prob   :                                 0.5
hidden_dropout_prob            :                                 0.5
initializer_range              :                                0.02
max_seq_length                 :                                  50
lr                             :                               0.001
batch_size                     :                                1024
epochs                         :                                 300
no_cuda                        :                                   0
log_freq                       :                                   1
seed                           :                                   1
cf_weight                      :                                 0.1
rec_weight                     :                                 1.0
weight_decay                   :                                 0.0
adam_beta1                     :                                 0.9
adam_beta2                     :                               0.999
cl                             :                                   1
multi_neg                      :                                   0
use_freq                       :                                   0
cuda_condition                 :                                   1
data_file                      :      ./data/Sports_and_Outdoors.txt
item_size                      :                               18359
mask_id                        :                               18358
log_file                       : output/CoSeRec-Sports_and_Outdoors-single_cl_mask_1024.txt
Similarity Model Type: offline
short sequence augment type: SIM
Augmentation methods for Long sequences: 5
Augmentation methods for short sequences: 3
Creating Contrastive Learning Dataset using 'mask' data augmentation
Similarity Model Type: offline
short sequence augment type: SIM
Augmentation methods for Long sequences: 5
Augmentation methods for short sequences: 3
Creating Contrastive Learning Dataset using 'mask' data augmentation
Similarity Model Type: offline
short sequence augment type: SIM
Augmentation methods for Long sequences: 5
Augmentation methods for short sequences: 3
Creating Contrastive Learning Dataset using 'mask' data augmentation
Total Parameters: 1278464
self.cf_criterion: NCELoss
Train CoSeRec
rec dataset length: 186
100%|█████████████████████████████████████████████████████████████████████████████████████████████████████████████████████████████████████████| 186/186 [00:48<00:00,  3.83it/s]
{'epoch': 0, 'rec_avg_loss': '1.2786', 'joint_avg_loss': '2.1441', 'cl_avg_loss': '8.6548', 'itemcl_loss': '0.0000', 'cl_pair_0_loss': '8.6548'}
Recommendation EP_test:0: 100%|| 35/35 [00:06<00:00,  5.64it/s]
{'Epoch': 0, 'name': 'high_freq', 'HIT@5': '0.0135', 'NDCG@5': '0.0084', 'HIT@10': '0.0213', 'NDCG@10': '0.0109', 'HIT@20': '0.0345', 'NDCG@20': '0.0142'}
{'Epoch': 0, 'name': 'mid_freq', 'HIT@5': '0.0000', 'NDCG@5': '0.0000', 'HIT@10': '0.0000', 'NDCG@10': '0.0000', 'HIT@20': '0.0000', 'NDCG@20': '0.0000'}
{'Epoch': 0, 'name': 'low_freq', 'HIT@5': '0.0000', 'NDCG@5': '0.0000', 'HIT@10': '0.0000', 'NDCG@10': '0.0000', 'HIT@20': '0.0000', 'NDCG@20': '0.0000'}
{'Epoch': 0, 'name': 'all', 'HIT@5': '0.0092', 'NDCG@5': '0.0057', 'HIT@10': '0.0145', 'NDCG@10': '0.0074', 'HIT@20': '0.0235', 'NDCG@20': '0.0097'}
Validation score increased.  Saving model ...
rec dataset length: 186
100%|█████████████████████████████████████████████████████████████████████████████████████████████████████████████████████████████████████████| 186/186 [00:47<00:00,  3.89it/s]
{'epoch': 1, 'rec_avg_loss': '1.1892', 'joint_avg_loss': '1.8821', 'cl_avg_loss': '6.9294', 'itemcl_loss': '0.0000', 'cl_pair_0_loss': '6.9294'}
Recommendation EP_test:1: 100%|| 35/35 [00:07<00:00,  4.53it/s]
{'Epoch': 1, 'name': 'high_freq', 'HIT@5': '0.0128', 'NDCG@5': '0.0083', 'HIT@10': '0.0206', 'NDCG@10': '0.0107', 'HIT@20': '0.0366', 'NDCG@20': '0.0147'}
{'Epoch': 1, 'name': 'mid_freq', 'HIT@5': '0.0000', 'NDCG@5': '0.0000', 'HIT@10': '0.0000', 'NDCG@10': '0.0000', 'HIT@20': '0.0000', 'NDCG@20': '0.0000'}
{'Epoch': 1, 'name': 'low_freq', 'HIT@5': '0.0000', 'NDCG@5': '0.0000', 'HIT@10': '0.0000', 'NDCG@10': '0.0000', 'HIT@20': '0.0000', 'NDCG@20': '0.0000'}
{'Epoch': 1, 'name': 'all', 'HIT@5': '0.0087', 'NDCG@5': '0.0056', 'HIT@10': '0.0140', 'NDCG@10': '0.0073', 'HIT@20': '0.0249', 'NDCG@20': '0.0100'}
Validation score increased.  Saving model ...
rec dataset length: 186
100%|█████████████████████████████████████████████████████████████████████████████████████████████████████████████████████████████████████████| 186/186 [00:47<00:00,  3.89it/s]
{'epoch': 2, 'rec_avg_loss': '1.1652', 'joint_avg_loss': '1.7971', 'cl_avg_loss': '6.3191', 'itemcl_loss': '0.0000', 'cl_pair_0_loss': '6.3191'}
Recommendation EP_test:2: 100%|| 35/35 [00:07<00:00,  4.43it/s]
{'Epoch': 2, 'name': 'high_freq', 'HIT@5': '0.0127', 'NDCG@5': '0.0081', 'HIT@10': '0.0216', 'NDCG@10': '0.0110', 'HIT@20': '0.0352', 'NDCG@20': '0.0144'}
{'Epoch': 2, 'name': 'mid_freq', 'HIT@5': '0.0000', 'NDCG@5': '0.0000', 'HIT@10': '0.0000', 'NDCG@10': '0.0000', 'HIT@20': '0.0000', 'NDCG@20': '0.0000'}
{'Epoch': 2, 'name': 'low_freq', 'HIT@5': '0.0000', 'NDCG@5': '0.0000', 'HIT@10': '0.0000', 'NDCG@10': '0.0000', 'HIT@20': '0.0000', 'NDCG@20': '0.0000'}
{'Epoch': 2, 'name': 'all', 'HIT@5': '0.0086', 'NDCG@5': '0.0055', 'HIT@10': '0.0147', 'NDCG@10': '0.0075', 'HIT@20': '0.0239', 'NDCG@20': '0.0098'}
EarlyStopping counter: 1 out of 40
rec dataset length: 186
100%|█████████████████████████████████████████████████████████████████████████████████████████████████████████████████████████████████████████| 186/186 [00:47<00:00,  3.90it/s]
{'epoch': 3, 'rec_avg_loss': '1.1519', 'joint_avg_loss': '1.7557', 'cl_avg_loss': '6.0379', 'itemcl_loss': '0.0000', 'cl_pair_0_loss': '6.0379'}
Recommendation EP_test:3: 100%|| 35/35 [00:07<00:00,  4.67it/s]
{'Epoch': 3, 'name': 'high_freq', 'HIT@5': '0.0122', 'NDCG@5': '0.0078', 'HIT@10': '0.0209', 'NDCG@10': '0.0106', 'HIT@20': '0.0349', 'NDCG@20': '0.0141'}
{'Epoch': 3, 'name': 'mid_freq', 'HIT@5': '0.0000', 'NDCG@5': '0.0000', 'HIT@10': '0.0000', 'NDCG@10': '0.0000', 'HIT@20': '0.0000', 'NDCG@20': '0.0000'}
{'Epoch': 3, 'name': 'low_freq', 'HIT@5': '0.0000', 'NDCG@5': '0.0000', 'HIT@10': '0.0000', 'NDCG@10': '0.0000', 'HIT@20': '0.0000', 'NDCG@20': '0.0000'}
{'Epoch': 3, 'name': 'all', 'HIT@5': '0.0083', 'NDCG@5': '0.0053', 'HIT@10': '0.0142', 'NDCG@10': '0.0072', 'HIT@20': '0.0238', 'NDCG@20': '0.0096'}
EarlyStopping counter: 2 out of 40
rec dataset length: 186
100%|█████████████████████████████████████████████████████████████████████████████████████████████████████████████████████████████████████████| 186/186 [00:47<00:00,  3.89it/s]
{'epoch': 4, 'rec_avg_loss': '1.1361', 'joint_avg_loss': '1.7222', 'cl_avg_loss': '5.8605', 'itemcl_loss': '0.0000', 'cl_pair_0_loss': '5.8605'}
Recommendation EP_test:4: 100%|| 35/35 [00:07<00:00,  4.62it/s]
{'Epoch': 4, 'name': 'high_freq', 'HIT@5': '0.0127', 'NDCG@5': '0.0080', 'HIT@10': '0.0201', 'NDCG@10': '0.0104', 'HIT@20': '0.0346', 'NDCG@20': '0.0140'}
{'Epoch': 4, 'name': 'mid_freq', 'HIT@5': '0.0000', 'NDCG@5': '0.0000', 'HIT@10': '0.0000', 'NDCG@10': '0.0000', 'HIT@20': '0.0000', 'NDCG@20': '0.0000'}
{'Epoch': 4, 'name': 'low_freq', 'HIT@5': '0.0000', 'NDCG@5': '0.0000', 'HIT@10': '0.0000', 'NDCG@10': '0.0000', 'HIT@20': '0.0000', 'NDCG@20': '0.0000'}
{'Epoch': 4, 'name': 'all', 'HIT@5': '0.0086', 'NDCG@5': '0.0054', 'HIT@10': '0.0137', 'NDCG@10': '0.0071', 'HIT@20': '0.0235', 'NDCG@20': '0.0095'}
EarlyStopping counter: 3 out of 40
rec dataset length: 186
100%|█████████████████████████████████████████████████████████████████████████████████████████████████████████████████████████████████████████| 186/186 [00:47<00:00,  3.89it/s]
{'epoch': 5, 'rec_avg_loss': '1.1184', 'joint_avg_loss': '1.6926', 'cl_avg_loss': '5.7420', 'itemcl_loss': '0.0000', 'cl_pair_0_loss': '5.7420'}
Recommendation EP_test:5: 100%|| 35/35 [00:08<00:00,  3.90it/s]
{'Epoch': 5, 'name': 'high_freq', 'HIT@5': '0.0126', 'NDCG@5': '0.0081', 'HIT@10': '0.0215', 'NDCG@10': '0.0109', 'HIT@20': '0.0371', 'NDCG@20': '0.0148'}
{'Epoch': 5, 'name': 'mid_freq', 'HIT@5': '0.0000', 'NDCG@5': '0.0000', 'HIT@10': '0.0000', 'NDCG@10': '0.0000', 'HIT@20': '0.0000', 'NDCG@20': '0.0000'}
{'Epoch': 5, 'name': 'low_freq', 'HIT@5': '0.0000', 'NDCG@5': '0.0000', 'HIT@10': '0.0000', 'NDCG@10': '0.0000', 'HIT@20': '0.0000', 'NDCG@20': '0.0000'}
{'Epoch': 5, 'name': 'all', 'HIT@5': '0.0086', 'NDCG@5': '0.0055', 'HIT@10': '0.0146', 'NDCG@10': '0.0074', 'HIT@20': '0.0252', 'NDCG@20': '0.0101'}
Validation score increased.  Saving model ...
rec dataset length: 186
100%|█████████████████████████████████████████████████████████████████████████████████████████████████████████████████████████████████████████| 186/186 [00:47<00:00,  3.90it/s]
{'epoch': 6, 'rec_avg_loss': '1.1040', 'joint_avg_loss': '1.6717', 'cl_avg_loss': '5.6773', 'itemcl_loss': '0.0000', 'cl_pair_0_loss': '5.6773'}
Recommendation EP_test:6: 100%|| 35/35 [00:07<00:00,  4.40it/s]
{'Epoch': 6, 'name': 'high_freq', 'HIT@5': '0.0127', 'NDCG@5': '0.0082', 'HIT@10': '0.0228', 'NDCG@10': '0.0114', 'HIT@20': '0.0373', 'NDCG@20': '0.0150'}
{'Epoch': 6, 'name': 'mid_freq', 'HIT@5': '0.0000', 'NDCG@5': '0.0000', 'HIT@10': '0.0000', 'NDCG@10': '0.0000', 'HIT@20': '0.0000', 'NDCG@20': '0.0000'}
{'Epoch': 6, 'name': 'low_freq', 'HIT@5': '0.0000', 'NDCG@5': '0.0000', 'HIT@10': '0.0000', 'NDCG@10': '0.0000', 'HIT@20': '0.0000', 'NDCG@20': '0.0000'}
{'Epoch': 6, 'name': 'all', 'HIT@5': '0.0086', 'NDCG@5': '0.0056', 'HIT@10': '0.0155', 'NDCG@10': '0.0077', 'HIT@20': '0.0254', 'NDCG@20': '0.0102'}
Validation score increased.  Saving model ...
rec dataset length: 186
100%|█████████████████████████████████████████████████████████████████████████████████████████████████████████████████████████████████████████| 186/186 [00:47<00:00,  3.88it/s]
{'epoch': 7, 'rec_avg_loss': '1.0815', 'joint_avg_loss': '1.6437', 'cl_avg_loss': '5.6218', 'itemcl_loss': '0.0000', 'cl_pair_0_loss': '5.6218'}
Recommendation EP_test:7: 100%|| 35/35 [00:07<00:00,  4.51it/s]
{'Epoch': 7, 'name': 'high_freq', 'HIT@5': '0.0133', 'NDCG@5': '0.0084', 'HIT@10': '0.0229', 'NDCG@10': '0.0115', 'HIT@20': '0.0393', 'NDCG@20': '0.0156'}
{'Epoch': 7, 'name': 'mid_freq', 'HIT@5': '0.0000', 'NDCG@5': '0.0000', 'HIT@10': '0.0000', 'NDCG@10': '0.0000', 'HIT@20': '0.0000', 'NDCG@20': '0.0000'}
{'Epoch': 7, 'name': 'low_freq', 'HIT@5': '0.0000', 'NDCG@5': '0.0000', 'HIT@10': '0.0000', 'NDCG@10': '0.0000', 'HIT@20': '0.0000', 'NDCG@20': '0.0000'}
{'Epoch': 7, 'name': 'all', 'HIT@5': '0.0090', 'NDCG@5': '0.0057', 'HIT@10': '0.0156', 'NDCG@10': '0.0078', 'HIT@20': '0.0267', 'NDCG@20': '0.0106'}
Validation score increased.  Saving model ...
rec dataset length: 186
100%|█████████████████████████████████████████████████████████████████████████████████████████████████████████████████████████████████████████| 186/186 [00:47<00:00,  3.89it/s]
{'epoch': 8, 'rec_avg_loss': '1.0626', 'joint_avg_loss': '1.6234', 'cl_avg_loss': '5.6077', 'itemcl_loss': '0.0000', 'cl_pair_0_loss': '5.6077'}
Recommendation EP_test:8: 100%|| 35/35 [00:08<00:00,  4.16it/s]
{'Epoch': 8, 'name': 'high_freq', 'HIT@5': '0.0138', 'NDCG@5': '0.0088', 'HIT@10': '0.0256', 'NDCG@10': '0.0125', 'HIT@20': '0.0437', 'NDCG@20': '0.0171'}
{'Epoch': 8, 'name': 'mid_freq', 'HIT@5': '0.0000', 'NDCG@5': '0.0000', 'HIT@10': '0.0000', 'NDCG@10': '0.0000', 'HIT@20': '0.0000', 'NDCG@20': '0.0000'}
{'Epoch': 8, 'name': 'low_freq', 'HIT@5': '0.0000', 'NDCG@5': '0.0000', 'HIT@10': '0.0000', 'NDCG@10': '0.0000', 'HIT@20': '0.0000', 'NDCG@20': '0.0000'}
{'Epoch': 8, 'name': 'all', 'HIT@5': '0.0094', 'NDCG@5': '0.0060', 'HIT@10': '0.0174', 'NDCG@10': '0.0085', 'HIT@20': '0.0297', 'NDCG@20': '0.0116'}
Validation score increased.  Saving model ...
rec dataset length: 186
100%|█████████████████████████████████████████████████████████████████████████████████████████████████████████████████████████████████████████| 186/186 [00:47<00:00,  3.88it/s]
{'epoch': 9, 'rec_avg_loss': '1.0371', 'joint_avg_loss': '1.5953', 'cl_avg_loss': '5.5824', 'itemcl_loss': '0.0000', 'cl_pair_0_loss': '5.5824'}
Recommendation EP_test:9: 100%|| 35/35 [00:08<00:00,  4.10it/s]
{'Epoch': 9, 'name': 'high_freq', 'HIT@5': '0.0157', 'NDCG@5': '0.0101', 'HIT@10': '0.0277', 'NDCG@10': '0.0139', 'HIT@20': '0.0474', 'NDCG@20': '0.0189'}
{'Epoch': 9, 'name': 'mid_freq', 'HIT@5': '0.0000', 'NDCG@5': '0.0000', 'HIT@10': '0.0001', 'NDCG@10': '0.0000', 'HIT@20': '0.0001', 'NDCG@20': '0.0000'}
{'Epoch': 9, 'name': 'low_freq', 'HIT@5': '0.0000', 'NDCG@5': '0.0000', 'HIT@10': '0.0000', 'NDCG@10': '0.0000', 'HIT@20': '0.0000', 'NDCG@20': '0.0000'}
{'Epoch': 9, 'name': 'all', 'HIT@5': '0.0107', 'NDCG@5': '0.0069', 'HIT@10': '0.0188', 'NDCG@10': '0.0095', 'HIT@20': '0.0322', 'NDCG@20': '0.0128'}
Validation score increased.  Saving model ...
rec dataset length: 186
100%|█████████████████████████████████████████████████████████████████████████████████████████████████████████████████████████████████████████| 186/186 [00:47<00:00,  3.90it/s]
{'epoch': 10, 'rec_avg_loss': '1.0116', 'joint_avg_loss': '1.5651', 'cl_avg_loss': '5.5347', 'itemcl_loss': '0.0000', 'cl_pair_0_loss': '5.5347'}
Recommendation EP_test:10: 100%|| 35/35 [00:08<00:00,  4.23it/s]
{'Epoch': 10, 'name': 'high_freq', 'HIT@5': '0.0193', 'NDCG@5': '0.0122', 'HIT@10': '0.0332', 'NDCG@10': '0.0166', 'HIT@20': '0.0543', 'NDCG@20': '0.0219'}
{'Epoch': 10, 'name': 'mid_freq', 'HIT@5': '0.0001', 'NDCG@5': '0.0001', 'HIT@10': '0.0001', 'NDCG@10': '0.0001', 'HIT@20': '0.0003', 'NDCG@20': '0.0001'}
{'Epoch': 10, 'name': 'low_freq', 'HIT@5': '0.0000', 'NDCG@5': '0.0000', 'HIT@10': '0.0000', 'NDCG@10': '0.0000', 'HIT@20': '0.0000', 'NDCG@20': '0.0000'}
{'Epoch': 10, 'name': 'all', 'HIT@5': '0.0131', 'NDCG@5': '0.0083', 'HIT@10': '0.0226', 'NDCG@10': '0.0113', 'HIT@20': '0.0370', 'NDCG@20': '0.0149'}
Validation score increased.  Saving model ...
rec dataset length: 186
100%|█████████████████████████████████████████████████████████████████████████████████████████████████████████████████████████████████████████| 186/186 [00:47<00:00,  3.91it/s]
{'epoch': 11, 'rec_avg_loss': '0.9819', 'joint_avg_loss': '1.5330', 'cl_avg_loss': '5.5115', 'itemcl_loss': '0.0000', 'cl_pair_0_loss': '5.5115'}
Recommendation EP_test:11: 100%|| 35/35 [00:08<00:00,  4.20it/s]
{'Epoch': 11, 'name': 'high_freq', 'HIT@5': '0.0209', 'NDCG@5': '0.0131', 'HIT@10': '0.0348', 'NDCG@10': '0.0175', 'HIT@20': '0.0583', 'NDCG@20': '0.0235'}
{'Epoch': 11, 'name': 'mid_freq', 'HIT@5': '0.0001', 'NDCG@5': '0.0001', 'HIT@10': '0.0003', 'NDCG@10': '0.0002', 'HIT@20': '0.0003', 'NDCG@20': '0.0002'}
{'Epoch': 11, 'name': 'low_freq', 'HIT@5': '0.0000', 'NDCG@5': '0.0000', 'HIT@10': '0.0000', 'NDCG@10': '0.0000', 'HIT@20': '0.0000', 'NDCG@20': '0.0000'}
{'Epoch': 11, 'name': 'all', 'HIT@5': '0.0142', 'NDCG@5': '0.0089', 'HIT@10': '0.0237', 'NDCG@10': '0.0120', 'HIT@20': '0.0397', 'NDCG@20': '0.0160'}
Validation score increased.  Saving model ...
rec dataset length: 186
100%|█████████████████████████████████████████████████████████████████████████████████████████████████████████████████████████████████████████| 186/186 [00:47<00:00,  3.89it/s]
{'epoch': 12, 'rec_avg_loss': '0.9583', 'joint_avg_loss': '1.5079', 'cl_avg_loss': '5.4961', 'itemcl_loss': '0.0000', 'cl_pair_0_loss': '5.4961'}
Recommendation EP_test:12: 100%|| 35/35 [00:08<00:00,  3.97it/s]
{'Epoch': 12, 'name': 'high_freq', 'HIT@5': '0.0230', 'NDCG@5': '0.0147', 'HIT@10': '0.0391', 'NDCG@10': '0.0198', 'HIT@20': '0.0622', 'NDCG@20': '0.0256'}
{'Epoch': 12, 'name': 'mid_freq', 'HIT@5': '0.0001', 'NDCG@5': '0.0001', 'HIT@10': '0.0003', 'NDCG@10': '0.0001', 'HIT@20': '0.0006', 'NDCG@20': '0.0002'}
{'Epoch': 12, 'name': 'low_freq', 'HIT@5': '0.0000', 'NDCG@5': '0.0000', 'HIT@10': '0.0000', 'NDCG@10': '0.0000', 'HIT@20': '0.0000', 'NDCG@20': '0.0000'}
{'Epoch': 12, 'name': 'all', 'HIT@5': '0.0157', 'NDCG@5': '0.0100', 'HIT@10': '0.0267', 'NDCG@10': '0.0135', 'HIT@20': '0.0424', 'NDCG@20': '0.0175'}
Validation score increased.  Saving model ...
rec dataset length: 186
100%|█████████████████████████████████████████████████████████████████████████████████████████████████████████████████████████████████████████| 186/186 [00:47<00:00,  3.90it/s]
{'epoch': 13, 'rec_avg_loss': '0.9363', 'joint_avg_loss': '1.4832', 'cl_avg_loss': '5.4696', 'itemcl_loss': '0.0000', 'cl_pair_0_loss': '5.4696'}
Recommendation EP_test:13: 100%|| 35/35 [00:08<00:00,  4.03it/s]
{'Epoch': 13, 'name': 'high_freq', 'HIT@5': '0.0249', 'NDCG@5': '0.0159', 'HIT@10': '0.0420', 'NDCG@10': '0.0214', 'HIT@20': '0.0676', 'NDCG@20': '0.0278'}
{'Epoch': 13, 'name': 'mid_freq', 'HIT@5': '0.0003', 'NDCG@5': '0.0002', 'HIT@10': '0.0006', 'NDCG@10': '0.0003', 'HIT@20': '0.0010', 'NDCG@20': '0.0004'}
{'Epoch': 13, 'name': 'low_freq', 'HIT@5': '0.0000', 'NDCG@5': '0.0000', 'HIT@10': '0.0000', 'NDCG@10': '0.0000', 'HIT@20': '0.0000', 'NDCG@20': '0.0000'}
{'Epoch': 13, 'name': 'all', 'HIT@5': '0.0170', 'NDCG@5': '0.0108', 'HIT@10': '0.0287', 'NDCG@10': '0.0146', 'HIT@20': '0.0462', 'NDCG@20': '0.0190'}
Validation score increased.  Saving model ...
rec dataset length: 186
100%|█████████████████████████████████████████████████████████████████████████████████████████████████████████████████████████████████████████| 186/186 [00:47<00:00,  3.90it/s]
{'epoch': 14, 'rec_avg_loss': '0.9150', 'joint_avg_loss': '1.4604', 'cl_avg_loss': '5.4538', 'itemcl_loss': '0.0000', 'cl_pair_0_loss': '5.4538'}
Recommendation EP_test:14: 100%|| 35/35 [00:08<00:00,  3.96it/s]
{'Epoch': 14, 'name': 'high_freq', 'HIT@5': '0.0249', 'NDCG@5': '0.0155', 'HIT@10': '0.0439', 'NDCG@10': '0.0216', 'HIT@20': '0.0718', 'NDCG@20': '0.0286'}
{'Epoch': 14, 'name': 'mid_freq', 'HIT@5': '0.0003', 'NDCG@5': '0.0002', 'HIT@10': '0.0007', 'NDCG@10': '0.0004', 'HIT@20': '0.0014', 'NDCG@20': '0.0006'}
{'Epoch': 14, 'name': 'low_freq', 'HIT@5': '0.0000', 'NDCG@5': '0.0000', 'HIT@10': '0.0000', 'NDCG@10': '0.0000', 'HIT@20': '0.0000', 'NDCG@20': '0.0000'}
{'Epoch': 14, 'name': 'all', 'HIT@5': '0.0170', 'NDCG@5': '0.0106', 'HIT@10': '0.0300', 'NDCG@10': '0.0148', 'HIT@20': '0.0491', 'NDCG@20': '0.0196'}
Validation score increased.  Saving model ...
rec dataset length: 186
100%|█████████████████████████████████████████████████████████████████████████████████████████████████████████████████████████████████████████| 186/186 [00:47<00:00,  3.90it/s]
{'epoch': 15, 'rec_avg_loss': '0.8935', 'joint_avg_loss': '1.4376', 'cl_avg_loss': '5.4409', 'itemcl_loss': '0.0000', 'cl_pair_0_loss': '5.4409'}
Recommendation EP_test:15: 100%|| 35/35 [00:08<00:00,  3.94it/s]
{'Epoch': 15, 'name': 'high_freq', 'HIT@5': '0.0249', 'NDCG@5': '0.0153', 'HIT@10': '0.0434', 'NDCG@10': '0.0213', 'HIT@20': '0.0710', 'NDCG@20': '0.0282'}
{'Epoch': 15, 'name': 'mid_freq', 'HIT@5': '0.0006', 'NDCG@5': '0.0004', 'HIT@10': '0.0010', 'NDCG@10': '0.0006', 'HIT@20': '0.0016', 'NDCG@20': '0.0007'}
{'Epoch': 15, 'name': 'low_freq', 'HIT@5': '0.0000', 'NDCG@5': '0.0000', 'HIT@10': '0.0000', 'NDCG@10': '0.0000', 'HIT@20': '0.0002', 'NDCG@20': '0.0001'}
{'Epoch': 15, 'name': 'all', 'HIT@5': '0.0171', 'NDCG@5': '0.0105', 'HIT@10': '0.0297', 'NDCG@10': '0.0146', 'HIT@20': '0.0487', 'NDCG@20': '0.0193'}
EarlyStopping counter: 1 out of 40
rec dataset length: 186
100%|█████████████████████████████████████████████████████████████████████████████████████████████████████████████████████████████████████████| 186/186 [00:47<00:00,  3.90it/s]
{'epoch': 16, 'rec_avg_loss': '0.8747', 'joint_avg_loss': '1.4167', 'cl_avg_loss': '5.4203', 'itemcl_loss': '0.0000', 'cl_pair_0_loss': '5.4203'}
Recommendation EP_test:16: 100%|| 35/35 [00:08<00:00,  3.97it/s]
{'Epoch': 16, 'name': 'high_freq', 'HIT@5': '0.0265', 'NDCG@5': '0.0168', 'HIT@10': '0.0457', 'NDCG@10': '0.0229', 'HIT@20': '0.0749', 'NDCG@20': '0.0303'}
{'Epoch': 16, 'name': 'mid_freq', 'HIT@5': '0.0009', 'NDCG@5': '0.0007', 'HIT@10': '0.0013', 'NDCG@10': '0.0008', 'HIT@20': '0.0017', 'NDCG@20': '0.0010'}
{'Epoch': 16, 'name': 'low_freq', 'HIT@5': '0.0000', 'NDCG@5': '0.0000', 'HIT@10': '0.0000', 'NDCG@10': '0.0000', 'HIT@20': '0.0002', 'NDCG@20': '0.0001'}
{'Epoch': 16, 'name': 'all', 'HIT@5': '0.0182', 'NDCG@5': '0.0116', 'HIT@10': '0.0313', 'NDCG@10': '0.0158', 'HIT@20': '0.0513', 'NDCG@20': '0.0208'}
Validation score increased.  Saving model ...
rec dataset length: 186
100%|█████████████████████████████████████████████████████████████████████████████████████████████████████████████████████████████████████████| 186/186 [00:47<00:00,  3.88it/s]
{'epoch': 17, 'rec_avg_loss': '0.8569', 'joint_avg_loss': '1.3968', 'cl_avg_loss': '5.3986', 'itemcl_loss': '0.0000', 'cl_pair_0_loss': '5.3986'}
Recommendation EP_test:17: 100%|| 35/35 [00:08<00:00,  3.99it/s]
{'Epoch': 17, 'name': 'high_freq', 'HIT@5': '0.0300', 'NDCG@5': '0.0189', 'HIT@10': '0.0499', 'NDCG@10': '0.0253', 'HIT@20': '0.0790', 'NDCG@20': '0.0326'}
{'Epoch': 17, 'name': 'mid_freq', 'HIT@5': '0.0010', 'NDCG@5': '0.0007', 'HIT@10': '0.0014', 'NDCG@10': '0.0008', 'HIT@20': '0.0017', 'NDCG@20': '0.0009'}
{'Epoch': 17, 'name': 'low_freq', 'HIT@5': '0.0000', 'NDCG@5': '0.0000', 'HIT@10': '0.0005', 'NDCG@10': '0.0001', 'HIT@20': '0.0005', 'NDCG@20': '0.0001'}
{'Epoch': 17, 'name': 'all', 'HIT@5': '0.0206', 'NDCG@5': '0.0130', 'HIT@10': '0.0343', 'NDCG@10': '0.0174', 'HIT@20': '0.0541', 'NDCG@20': '0.0223'}
Validation score increased.  Saving model ...
rec dataset length: 186
100%|█████████████████████████████████████████████████████████████████████████████████████████████████████████████████████████████████████████| 186/186 [00:47<00:00,  3.90it/s]
{'epoch': 18, 'rec_avg_loss': '0.8406', 'joint_avg_loss': '1.3783', 'cl_avg_loss': '5.3772', 'itemcl_loss': '0.0000', 'cl_pair_0_loss': '5.3772'}
Recommendation EP_test:18: 100%|| 35/35 [00:08<00:00,  3.91it/s]
{'Epoch': 18, 'name': 'high_freq', 'HIT@5': '0.0294', 'NDCG@5': '0.0185', 'HIT@10': '0.0510', 'NDCG@10': '0.0254', 'HIT@20': '0.0794', 'NDCG@20': '0.0325'}
{'Epoch': 18, 'name': 'mid_freq', 'HIT@5': '0.0013', 'NDCG@5': '0.0009', 'HIT@10': '0.0019', 'NDCG@10': '0.0011', 'HIT@20': '0.0022', 'NDCG@20': '0.0011'}
{'Epoch': 18, 'name': 'low_freq', 'HIT@5': '0.0000', 'NDCG@5': '0.0000', 'HIT@10': '0.0005', 'NDCG@10': '0.0001', 'HIT@20': '0.0007', 'NDCG@20': '0.0002'}
{'Epoch': 18, 'name': 'all', 'HIT@5': '0.0203', 'NDCG@5': '0.0128', 'HIT@10': '0.0351', 'NDCG@10': '0.0175', 'HIT@20': '0.0546', 'NDCG@20': '0.0224'}
Validation score increased.  Saving model ...
rec dataset length: 186
100%|█████████████████████████████████████████████████████████████████████████████████████████████████████████████████████████████████████████| 186/186 [00:47<00:00,  3.90it/s]
{'epoch': 19, 'rec_avg_loss': '0.8232', 'joint_avg_loss': '1.3589', 'cl_avg_loss': '5.3578', 'itemcl_loss': '0.0000', 'cl_pair_0_loss': '5.3578'}
Recommendation EP_test:19: 100%|| 35/35 [00:08<00:00,  3.95it/s]
{'Epoch': 19, 'name': 'high_freq', 'HIT@5': '0.0297', 'NDCG@5': '0.0185', 'HIT@10': '0.0516', 'NDCG@10': '0.0256', 'HIT@20': '0.0829', 'NDCG@20': '0.0335'}
{'Epoch': 19, 'name': 'mid_freq', 'HIT@5': '0.0013', 'NDCG@5': '0.0008', 'HIT@10': '0.0019', 'NDCG@10': '0.0010', 'HIT@20': '0.0024', 'NDCG@20': '0.0011'}
{'Epoch': 19, 'name': 'low_freq', 'HIT@5': '0.0002', 'NDCG@5': '0.0001', 'HIT@10': '0.0009', 'NDCG@10': '0.0003', 'HIT@20': '0.0011', 'NDCG@20': '0.0004'}
{'Epoch': 19, 'name': 'all', 'HIT@5': '0.0205', 'NDCG@5': '0.0128', 'HIT@10': '0.0356', 'NDCG@10': '0.0176', 'HIT@20': '0.0570', 'NDCG@20': '0.0230'}
Validation score increased.  Saving model ...
rec dataset length: 186
100%|█████████████████████████████████████████████████████████████████████████████████████████████████████████████████████████████████████████| 186/186 [00:47<00:00,  3.91it/s]
{'epoch': 20, 'rec_avg_loss': '0.8085', 'joint_avg_loss': '1.3428', 'cl_avg_loss': '5.3431', 'itemcl_loss': '0.0000', 'cl_pair_0_loss': '5.3431'}
Recommendation EP_test:20: 100%|| 35/35 [00:08<00:00,  4.02it/s]
{'Epoch': 20, 'name': 'high_freq', 'HIT@5': '0.0321', 'NDCG@5': '0.0198', 'HIT@10': '0.0531', 'NDCG@10': '0.0265', 'HIT@20': '0.0846', 'NDCG@20': '0.0345'}
{'Epoch': 20, 'name': 'mid_freq', 'HIT@5': '0.0013', 'NDCG@5': '0.0007', 'HIT@10': '0.0016', 'NDCG@10': '0.0008', 'HIT@20': '0.0027', 'NDCG@20': '0.0011'}
{'Epoch': 20, 'name': 'low_freq', 'HIT@5': '0.0005', 'NDCG@5': '0.0002', 'HIT@10': '0.0009', 'NDCG@10': '0.0004', 'HIT@20': '0.0014', 'NDCG@20': '0.0005'}
{'Epoch': 20, 'name': 'all', 'HIT@5': '0.0221', 'NDCG@5': '0.0136', 'HIT@10': '0.0366', 'NDCG@10': '0.0183', 'HIT@20': '0.0583', 'NDCG@20': '0.0237'}
Validation score increased.  Saving model ...
rec dataset length: 186
100%|█████████████████████████████████████████████████████████████████████████████████████████████████████████████████████████████████████████| 186/186 [00:47<00:00,  3.89it/s]
{'epoch': 21, 'rec_avg_loss': '0.7929', 'joint_avg_loss': '1.3257', 'cl_avg_loss': '5.3281', 'itemcl_loss': '0.0000', 'cl_pair_0_loss': '5.3281'}
Recommendation EP_test:21: 100%|| 35/35 [00:08<00:00,  4.03it/s]
{'Epoch': 21, 'name': 'high_freq', 'HIT@5': '0.0317', 'NDCG@5': '0.0200', 'HIT@10': '0.0541', 'NDCG@10': '0.0271', 'HIT@20': '0.0852', 'NDCG@20': '0.0349'}
{'Epoch': 21, 'name': 'mid_freq', 'HIT@5': '0.0011', 'NDCG@5': '0.0010', 'HIT@10': '0.0020', 'NDCG@10': '0.0012', 'HIT@20': '0.0032', 'NDCG@20': '0.0015'}
{'Epoch': 21, 'name': 'low_freq', 'HIT@5': '0.0002', 'NDCG@5': '0.0001', 'HIT@10': '0.0007', 'NDCG@10': '0.0002', 'HIT@20': '0.0018', 'NDCG@20': '0.0005'}
{'Epoch': 21, 'name': 'all', 'HIT@5': '0.0218', 'NDCG@5': '0.0138', 'HIT@10': '0.0373', 'NDCG@10': '0.0187', 'HIT@20': '0.0588', 'NDCG@20': '0.0241'}
Validation score increased.  Saving model ...
rec dataset length: 186
100%|█████████████████████████████████████████████████████████████████████████████████████████████████████████████████████████████████████████| 186/186 [00:47<00:00,  3.89it/s]
{'epoch': 22, 'rec_avg_loss': '0.7823', 'joint_avg_loss': '1.3133', 'cl_avg_loss': '5.3105', 'itemcl_loss': '0.0000', 'cl_pair_0_loss': '5.3105'}
Recommendation EP_test:22: 100%|| 35/35 [00:08<00:00,  3.98it/s]
{'Epoch': 22, 'name': 'high_freq', 'HIT@5': '0.0341', 'NDCG@5': '0.0218', 'HIT@10': '0.0564', 'NDCG@10': '0.0289', 'HIT@20': '0.0890', 'NDCG@20': '0.0371'}
{'Epoch': 22, 'name': 'mid_freq', 'HIT@5': '0.0016', 'NDCG@5': '0.0012', 'HIT@10': '0.0029', 'NDCG@10': '0.0016', 'HIT@20': '0.0033', 'NDCG@20': '0.0017'}
{'Epoch': 22, 'name': 'low_freq', 'HIT@5': '0.0007', 'NDCG@5': '0.0004', 'HIT@10': '0.0011', 'NDCG@10': '0.0006', 'HIT@20': '0.0020', 'NDCG@20': '0.0008'}
{'Epoch': 22, 'name': 'all', 'HIT@5': '0.0236', 'NDCG@5': '0.0151', 'HIT@10': '0.0390', 'NDCG@10': '0.0200', 'HIT@20': '0.0615', 'NDCG@20': '0.0257'}
Validation score increased.  Saving model ...
rec dataset length: 186
100%|█████████████████████████████████████████████████████████████████████████████████████████████████████████████████████████████████████████| 186/186 [00:47<00:00,  3.89it/s]
{'epoch': 23, 'rec_avg_loss': '0.7681', 'joint_avg_loss': '1.2974', 'cl_avg_loss': '5.2924', 'itemcl_loss': '0.0000', 'cl_pair_0_loss': '5.2924'}
Recommendation EP_test:23: 100%|| 35/35 [00:08<00:00,  4.00it/s]
{'Epoch': 23, 'name': 'high_freq', 'HIT@5': '0.0346', 'NDCG@5': '0.0220', 'HIT@10': '0.0569', 'NDCG@10': '0.0291', 'HIT@20': '0.0870', 'NDCG@20': '0.0367'}
{'Epoch': 23, 'name': 'mid_freq', 'HIT@5': '0.0017', 'NDCG@5': '0.0011', 'HIT@10': '0.0026', 'NDCG@10': '0.0013', 'HIT@20': '0.0030', 'NDCG@20': '0.0014'}
{'Epoch': 23, 'name': 'low_freq', 'HIT@5': '0.0009', 'NDCG@5': '0.0005', 'HIT@10': '0.0011', 'NDCG@10': '0.0006', 'HIT@20': '0.0018', 'NDCG@20': '0.0008'}
{'Epoch': 23, 'name': 'all', 'HIT@5': '0.0240', 'NDCG@5': '0.0152', 'HIT@10': '0.0393', 'NDCG@10': '0.0201', 'HIT@20': '0.0600', 'NDCG@20': '0.0253'}
EarlyStopping counter: 1 out of 40
rec dataset length: 186
100%|█████████████████████████████████████████████████████████████████████████████████████████████████████████████████████████████████████████| 186/186 [00:47<00:00,  3.90it/s]
{'epoch': 24, 'rec_avg_loss': '0.7589', 'joint_avg_loss': '1.2865', 'cl_avg_loss': '5.2759', 'itemcl_loss': '0.0000', 'cl_pair_0_loss': '5.2759'}
Recommendation EP_test:24: 100%|| 35/35 [00:08<00:00,  4.00it/s]
{'Epoch': 24, 'name': 'high_freq', 'HIT@5': '0.0341', 'NDCG@5': '0.0220', 'HIT@10': '0.0571', 'NDCG@10': '0.0293', 'HIT@20': '0.0912', 'NDCG@20': '0.0379'}
{'Epoch': 24, 'name': 'mid_freq', 'HIT@5': '0.0016', 'NDCG@5': '0.0012', 'HIT@10': '0.0029', 'NDCG@10': '0.0016', 'HIT@20': '0.0040', 'NDCG@20': '0.0019'}
{'Epoch': 24, 'name': 'low_freq', 'HIT@5': '0.0020', 'NDCG@5': '0.0013', 'HIT@10': '0.0020', 'NDCG@10': '0.0013', 'HIT@20': '0.0023', 'NDCG@20': '0.0013'}
{'Epoch': 24, 'name': 'all', 'HIT@5': '0.0238', 'NDCG@5': '0.0153', 'HIT@10': '0.0396', 'NDCG@10': '0.0204', 'HIT@20': '0.0631', 'NDCG@20': '0.0263'}
Validation score increased.  Saving model ...
rec dataset length: 186
100%|█████████████████████████████████████████████████████████████████████████████████████████████████████████████████████████████████████████| 186/186 [00:47<00:00,  3.90it/s]
{'epoch': 25, 'rec_avg_loss': '0.7460', 'joint_avg_loss': '1.2734', 'cl_avg_loss': '5.2740', 'itemcl_loss': '0.0000', 'cl_pair_0_loss': '5.2740'}
Recommendation EP_test:25: 100%|| 35/35 [00:08<00:00,  3.99it/s]
{'Epoch': 25, 'name': 'high_freq', 'HIT@5': '0.0352', 'NDCG@5': '0.0222', 'HIT@10': '0.0590', 'NDCG@10': '0.0298', 'HIT@20': '0.0919', 'NDCG@20': '0.0381'}
{'Epoch': 25, 'name': 'mid_freq', 'HIT@5': '0.0014', 'NDCG@5': '0.0011', 'HIT@10': '0.0029', 'NDCG@10': '0.0016', 'HIT@20': '0.0040', 'NDCG@20': '0.0019'}
{'Epoch': 25, 'name': 'low_freq', 'HIT@5': '0.0018', 'NDCG@5': '0.0011', 'HIT@10': '0.0025', 'NDCG@10': '0.0013', 'HIT@20': '0.0032', 'NDCG@20': '0.0015'}
{'Epoch': 25, 'name': 'all', 'HIT@5': '0.0245', 'NDCG@5': '0.0154', 'HIT@10': '0.0410', 'NDCG@10': '0.0208', 'HIT@20': '0.0637', 'NDCG@20': '0.0265'}
Validation score increased.  Saving model ...
rec dataset length: 186
100%|█████████████████████████████████████████████████████████████████████████████████████████████████████████████████████████████████████████| 186/186 [00:47<00:00,  3.88it/s]
{'epoch': 26, 'rec_avg_loss': '0.7360', 'joint_avg_loss': '1.2608', 'cl_avg_loss': '5.2479', 'itemcl_loss': '0.0000', 'cl_pair_0_loss': '5.2479'}
Recommendation EP_test:26: 100%|| 35/35 [00:08<00:00,  4.00it/s]
{'Epoch': 26, 'name': 'high_freq', 'HIT@5': '0.0357', 'NDCG@5': '0.0231', 'HIT@10': '0.0586', 'NDCG@10': '0.0305', 'HIT@20': '0.0928', 'NDCG@20': '0.0390'}
{'Epoch': 26, 'name': 'mid_freq', 'HIT@5': '0.0017', 'NDCG@5': '0.0012', 'HIT@10': '0.0029', 'NDCG@10': '0.0015', 'HIT@20': '0.0047', 'NDCG@20': '0.0020'}
{'Epoch': 26, 'name': 'low_freq', 'HIT@5': '0.0018', 'NDCG@5': '0.0013', 'HIT@10': '0.0020', 'NDCG@10': '0.0013', 'HIT@20': '0.0027', 'NDCG@20': '0.0015'}
{'Epoch': 26, 'name': 'all', 'HIT@5': '0.0249', 'NDCG@5': '0.0161', 'HIT@10': '0.0406', 'NDCG@10': '0.0212', 'HIT@20': '0.0644', 'NDCG@20': '0.0271'}
Validation score increased.  Saving model ...
rec dataset length: 186
100%|█████████████████████████████████████████████████████████████████████████████████████████████████████████████████████████████████████████| 186/186 [00:47<00:00,  3.89it/s]
{'epoch': 27, 'rec_avg_loss': '0.7235', 'joint_avg_loss': '1.2487', 'cl_avg_loss': '5.2525', 'itemcl_loss': '0.0000', 'cl_pair_0_loss': '5.2525'}
Recommendation EP_test:27: 100%|| 35/35 [00:08<00:00,  3.97it/s]
{'Epoch': 27, 'name': 'high_freq', 'HIT@5': '0.0358', 'NDCG@5': '0.0235', 'HIT@10': '0.0600', 'NDCG@10': '0.0313', 'HIT@20': '0.0940', 'NDCG@20': '0.0399'}
{'Epoch': 27, 'name': 'mid_freq', 'HIT@5': '0.0023', 'NDCG@5': '0.0014', 'HIT@10': '0.0030', 'NDCG@10': '0.0017', 'HIT@20': '0.0047', 'NDCG@20': '0.0021'}
{'Epoch': 27, 'name': 'low_freq', 'HIT@5': '0.0018', 'NDCG@5': '0.0012', 'HIT@10': '0.0018', 'NDCG@10': '0.0012', 'HIT@20': '0.0023', 'NDCG@20': '0.0013'}
{'Epoch': 27, 'name': 'all', 'HIT@5': '0.0250', 'NDCG@5': '0.0164', 'HIT@10': '0.0417', 'NDCG@10': '0.0218', 'HIT@20': '0.0652', 'NDCG@20': '0.0277'}
Validation score increased.  Saving model ...
rec dataset length: 186
100%|█████████████████████████████████████████████████████████████████████████████████████████████████████████████████████████████████████████| 186/186 [00:47<00:00,  3.90it/s]
{'epoch': 28, 'rec_avg_loss': '0.7126', 'joint_avg_loss': '1.2352', 'cl_avg_loss': '5.2252', 'itemcl_loss': '0.0000', 'cl_pair_0_loss': '5.2252'}
Recommendation EP_test:28: 100%|| 35/35 [00:08<00:00,  4.02it/s]
{'Epoch': 28, 'name': 'high_freq', 'HIT@5': '0.0372', 'NDCG@5': '0.0245', 'HIT@10': '0.0625', 'NDCG@10': '0.0326', 'HIT@20': '0.0959', 'NDCG@20': '0.0410'}
{'Epoch': 28, 'name': 'mid_freq', 'HIT@5': '0.0027', 'NDCG@5': '0.0018', 'HIT@10': '0.0039', 'NDCG@10': '0.0022', 'HIT@20': '0.0055', 'NDCG@20': '0.0026'}
{'Epoch': 28, 'name': 'low_freq', 'HIT@5': '0.0020', 'NDCG@5': '0.0013', 'HIT@10': '0.0027', 'NDCG@10': '0.0015', 'HIT@20': '0.0036', 'NDCG@20': '0.0018'}
{'Epoch': 28, 'name': 'all', 'HIT@5': '0.0261', 'NDCG@5': '0.0172', 'HIT@10': '0.0436', 'NDCG@10': '0.0228', 'HIT@20': '0.0667', 'NDCG@20': '0.0286'}
Validation score increased.  Saving model ...
rec dataset length: 186
100%|█████████████████████████████████████████████████████████████████████████████████████████████████████████████████████████████████████████| 186/186 [00:47<00:00,  3.90it/s]
{'epoch': 29, 'rec_avg_loss': '0.7043', 'joint_avg_loss': '1.2271', 'cl_avg_loss': '5.2281', 'itemcl_loss': '0.0000', 'cl_pair_0_loss': '5.2281'}
Recommendation EP_test:29: 100%|| 35/35 [00:09<00:00,  3.78it/s]
{'Epoch': 29, 'name': 'high_freq', 'HIT@5': '0.0375', 'NDCG@5': '0.0247', 'HIT@10': '0.0630', 'NDCG@10': '0.0329', 'HIT@20': '0.0975', 'NDCG@20': '0.0416'}
{'Epoch': 29, 'name': 'mid_freq', 'HIT@5': '0.0032', 'NDCG@5': '0.0023', 'HIT@10': '0.0039', 'NDCG@10': '0.0025', 'HIT@20': '0.0060', 'NDCG@20': '0.0031'}
{'Epoch': 29, 'name': 'low_freq', 'HIT@5': '0.0020', 'NDCG@5': '0.0014', 'HIT@10': '0.0027', 'NDCG@10': '0.0016', 'HIT@20': '0.0043', 'NDCG@20': '0.0020'}
{'Epoch': 29, 'name': 'all', 'HIT@5': '0.0263', 'NDCG@5': '0.0174', 'HIT@10': '0.0439', 'NDCG@10': '0.0231', 'HIT@20': '0.0680', 'NDCG@20': '0.0291'}
Validation score increased.  Saving model ...
rec dataset length: 186
100%|█████████████████████████████████████████████████████████████████████████████████████████████████████████████████████████████████████████| 186/186 [00:47<00:00,  3.88it/s]
{'epoch': 30, 'rec_avg_loss': '0.6957', 'joint_avg_loss': '1.2165', 'cl_avg_loss': '5.2074', 'itemcl_loss': '0.0000', 'cl_pair_0_loss': '5.2074'}
Recommendation EP_test:30: 100%|| 35/35 [00:08<00:00,  3.96it/s]
{'Epoch': 30, 'name': 'high_freq', 'HIT@5': '0.0376', 'NDCG@5': '0.0242', 'HIT@10': '0.0626', 'NDCG@10': '0.0322', 'HIT@20': '0.0971', 'NDCG@20': '0.0409'}
{'Epoch': 30, 'name': 'mid_freq', 'HIT@5': '0.0027', 'NDCG@5': '0.0018', 'HIT@10': '0.0043', 'NDCG@10': '0.0023', 'HIT@20': '0.0055', 'NDCG@20': '0.0026'}
{'Epoch': 30, 'name': 'low_freq', 'HIT@5': '0.0027', 'NDCG@5': '0.0016', 'HIT@10': '0.0032', 'NDCG@10': '0.0018', 'HIT@20': '0.0038', 'NDCG@20': '0.0019'}
{'Epoch': 30, 'name': 'all', 'HIT@5': '0.0264', 'NDCG@5': '0.0170', 'HIT@10': '0.0438', 'NDCG@10': '0.0226', 'HIT@20': '0.0676', 'NDCG@20': '0.0286'}
EarlyStopping counter: 1 out of 40
rec dataset length: 186
100%|█████████████████████████████████████████████████████████████████████████████████████████████████████████████████████████████████████████| 186/186 [00:47<00:00,  3.89it/s]
{'epoch': 31, 'rec_avg_loss': '0.6852', 'joint_avg_loss': '1.2053', 'cl_avg_loss': '5.2010', 'itemcl_loss': '0.0000', 'cl_pair_0_loss': '5.2010'}
Recommendation EP_test:31: 100%|| 35/35 [00:08<00:00,  4.01it/s]
{'Epoch': 31, 'name': 'high_freq', 'HIT@5': '0.0391', 'NDCG@5': '0.0250', 'HIT@10': '0.0637', 'NDCG@10': '0.0329', 'HIT@20': '0.0983', 'NDCG@20': '0.0416'}
{'Epoch': 31, 'name': 'mid_freq', 'HIT@5': '0.0030', 'NDCG@5': '0.0024', 'HIT@10': '0.0049', 'NDCG@10': '0.0029', 'HIT@20': '0.0059', 'NDCG@20': '0.0032'}
{'Epoch': 31, 'name': 'low_freq', 'HIT@5': '0.0027', 'NDCG@5': '0.0020', 'HIT@10': '0.0034', 'NDCG@10': '0.0022', 'HIT@20': '0.0041', 'NDCG@20': '0.0024'}
{'Epoch': 31, 'name': 'all', 'HIT@5': '0.0276', 'NDCG@5': '0.0177', 'HIT@10': '0.0447', 'NDCG@10': '0.0233', 'HIT@20': '0.0685', 'NDCG@20': '0.0292'}
Validation score increased.  Saving model ...
rec dataset length: 186
100%|█████████████████████████████████████████████████████████████████████████████████████████████████████████████████████████████████████████| 186/186 [00:47<00:00,  3.90it/s]
{'epoch': 32, 'rec_avg_loss': '0.6795', 'joint_avg_loss': '1.1992', 'cl_avg_loss': '5.1969', 'itemcl_loss': '0.0000', 'cl_pair_0_loss': '5.1969'}
Recommendation EP_test:32: 100%|| 35/35 [00:08<00:00,  4.08it/s]
{'Epoch': 32, 'name': 'high_freq', 'HIT@5': '0.0408', 'NDCG@5': '0.0260', 'HIT@10': '0.0634', 'NDCG@10': '0.0333', 'HIT@20': '0.0974', 'NDCG@20': '0.0418'}
{'Epoch': 32, 'name': 'mid_freq', 'HIT@5': '0.0029', 'NDCG@5': '0.0024', 'HIT@10': '0.0040', 'NDCG@10': '0.0028', 'HIT@20': '0.0068', 'NDCG@20': '0.0035'}
{'Epoch': 32, 'name': 'low_freq', 'HIT@5': '0.0029', 'NDCG@5': '0.0021', 'HIT@10': '0.0036', 'NDCG@10': '0.0024', 'HIT@20': '0.0043', 'NDCG@20': '0.0025'}
{'Epoch': 32, 'name': 'all', 'HIT@5': '0.0287', 'NDCG@5': '0.0184', 'HIT@10': '0.0444', 'NDCG@10': '0.0235', 'HIT@20': '0.0681', 'NDCG@20': '0.0295'}
Validation score increased.  Saving model ...
rec dataset length: 186
100%|█████████████████████████████████████████████████████████████████████████████████████████████████████████████████████████████████████████| 186/186 [00:47<00:00,  3.89it/s]
{'epoch': 33, 'rec_avg_loss': '0.6719', 'joint_avg_loss': '1.1902', 'cl_avg_loss': '5.1830', 'itemcl_loss': '0.0000', 'cl_pair_0_loss': '5.1830'}
Recommendation EP_test:33: 100%|| 35/35 [00:08<00:00,  4.00it/s]
{'Epoch': 33, 'name': 'high_freq', 'HIT@5': '0.0403', 'NDCG@5': '0.0258', 'HIT@10': '0.0634', 'NDCG@10': '0.0332', 'HIT@20': '0.0971', 'NDCG@20': '0.0417'}
{'Epoch': 33, 'name': 'mid_freq', 'HIT@5': '0.0032', 'NDCG@5': '0.0025', 'HIT@10': '0.0045', 'NDCG@10': '0.0030', 'HIT@20': '0.0063', 'NDCG@20': '0.0034'}
{'Epoch': 33, 'name': 'low_freq', 'HIT@5': '0.0034', 'NDCG@5': '0.0027', 'HIT@10': '0.0036', 'NDCG@10': '0.0027', 'HIT@20': '0.0043', 'NDCG@20': '0.0029'}
{'Epoch': 33, 'name': 'all', 'HIT@5': '0.0284', 'NDCG@5': '0.0184', 'HIT@10': '0.0444', 'NDCG@10': '0.0235', 'HIT@20': '0.0678', 'NDCG@20': '0.0294'}
EarlyStopping counter: 1 out of 40
rec dataset length: 186
100%|█████████████████████████████████████████████████████████████████████████████████████████████████████████████████████████████████████████| 186/186 [00:47<00:00,  3.90it/s]
{'epoch': 34, 'rec_avg_loss': '0.6626', 'joint_avg_loss': '1.1801', 'cl_avg_loss': '5.1751', 'itemcl_loss': '0.0000', 'cl_pair_0_loss': '5.1751'}
Recommendation EP_test:34: 100%|| 35/35 [00:08<00:00,  4.02it/s]
{'Epoch': 34, 'name': 'high_freq', 'HIT@5': '0.0411', 'NDCG@5': '0.0268', 'HIT@10': '0.0637', 'NDCG@10': '0.0341', 'HIT@20': '0.0974', 'NDCG@20': '0.0426'}
{'Epoch': 34, 'name': 'mid_freq', 'HIT@5': '0.0027', 'NDCG@5': '0.0022', 'HIT@10': '0.0046', 'NDCG@10': '0.0028', 'HIT@20': '0.0070', 'NDCG@20': '0.0034'}
{'Epoch': 34, 'name': 'low_freq', 'HIT@5': '0.0032', 'NDCG@5': '0.0026', 'HIT@10': '0.0036', 'NDCG@10': '0.0028', 'HIT@20': '0.0041', 'NDCG@20': '0.0029'}
{'Epoch': 34, 'name': 'all', 'HIT@5': '0.0289', 'NDCG@5': '0.0190', 'HIT@10': '0.0447', 'NDCG@10': '0.0241', 'HIT@20': '0.0681', 'NDCG@20': '0.0300'}
Validation score increased.  Saving model ...
rec dataset length: 186
100%|█████████████████████████████████████████████████████████████████████████████████████████████████████████████████████████████████████████| 186/186 [00:47<00:00,  3.88it/s]
{'epoch': 35, 'rec_avg_loss': '0.6554', 'joint_avg_loss': '1.1717', 'cl_avg_loss': '5.1630', 'itemcl_loss': '0.0000', 'cl_pair_0_loss': '5.1630'}
Recommendation EP_test:35: 100%|| 35/35 [00:08<00:00,  4.09it/s]
{'Epoch': 35, 'name': 'high_freq', 'HIT@5': '0.0406', 'NDCG@5': '0.0263', 'HIT@10': '0.0656', 'NDCG@10': '0.0343', 'HIT@20': '0.0983', 'NDCG@20': '0.0425'}
{'Epoch': 35, 'name': 'mid_freq', 'HIT@5': '0.0030', 'NDCG@5': '0.0023', 'HIT@10': '0.0047', 'NDCG@10': '0.0029', 'HIT@20': '0.0066', 'NDCG@20': '0.0033'}
{'Epoch': 35, 'name': 'low_freq', 'HIT@5': '0.0027', 'NDCG@5': '0.0020', 'HIT@10': '0.0032', 'NDCG@10': '0.0022', 'HIT@20': '0.0041', 'NDCG@20': '0.0024'}
{'Epoch': 35, 'name': 'all', 'HIT@5': '0.0286', 'NDCG@5': '0.0186', 'HIT@10': '0.0459', 'NDCG@10': '0.0242', 'HIT@20': '0.0687', 'NDCG@20': '0.0299'}
EarlyStopping counter: 1 out of 40
rec dataset length: 186
100%|█████████████████████████████████████████████████████████████████████████████████████████████████████████████████████████████████████████| 186/186 [00:47<00:00,  3.88it/s]
{'epoch': 36, 'rec_avg_loss': '0.6503', 'joint_avg_loss': '1.1655', 'cl_avg_loss': '5.1519', 'itemcl_loss': '0.0000', 'cl_pair_0_loss': '5.1519'}
Recommendation EP_test:36: 100%|| 35/35 [00:08<00:00,  4.06it/s]
{'Epoch': 36, 'name': 'high_freq', 'HIT@5': '0.0397', 'NDCG@5': '0.0256', 'HIT@10': '0.0645', 'NDCG@10': '0.0336', 'HIT@20': '0.0989', 'NDCG@20': '0.0422'}
{'Epoch': 36, 'name': 'mid_freq', 'HIT@5': '0.0032', 'NDCG@5': '0.0024', 'HIT@10': '0.0046', 'NDCG@10': '0.0029', 'HIT@20': '0.0066', 'NDCG@20': '0.0034'}
{'Epoch': 36, 'name': 'low_freq', 'HIT@5': '0.0029', 'NDCG@5': '0.0024', 'HIT@10': '0.0034', 'NDCG@10': '0.0025', 'HIT@20': '0.0041', 'NDCG@20': '0.0027'}
{'Epoch': 36, 'name': 'all', 'HIT@5': '0.0280', 'NDCG@5': '0.0182', 'HIT@10': '0.0452', 'NDCG@10': '0.0237', 'HIT@20': '0.0691', 'NDCG@20': '0.0297'}
EarlyStopping counter: 2 out of 40
rec dataset length: 186
100%|█████████████████████████████████████████████████████████████████████████████████████████████████████████████████████████████████████████| 186/186 [00:47<00:00,  3.89it/s]
{'epoch': 37, 'rec_avg_loss': '0.6429', 'joint_avg_loss': '1.1564', 'cl_avg_loss': '5.1353', 'itemcl_loss': '0.0000', 'cl_pair_0_loss': '5.1353'}
Recommendation EP_test:37: 100%|| 35/35 [00:08<00:00,  4.01it/s]
{'Epoch': 37, 'name': 'high_freq', 'HIT@5': '0.0406', 'NDCG@5': '0.0262', 'HIT@10': '0.0654', 'NDCG@10': '0.0341', 'HIT@20': '0.1003', 'NDCG@20': '0.0429'}
{'Epoch': 37, 'name': 'mid_freq', 'HIT@5': '0.0036', 'NDCG@5': '0.0026', 'HIT@10': '0.0043', 'NDCG@10': '0.0028', 'HIT@20': '0.0070', 'NDCG@20': '0.0035'}
{'Epoch': 37, 'name': 'low_freq', 'HIT@5': '0.0032', 'NDCG@5': '0.0025', 'HIT@10': '0.0036', 'NDCG@10': '0.0026', 'HIT@20': '0.0045', 'NDCG@20': '0.0029'}
{'Epoch': 37, 'name': 'all', 'HIT@5': '0.0287', 'NDCG@5': '0.0186', 'HIT@10': '0.0458', 'NDCG@10': '0.0241', 'HIT@20': '0.0702', 'NDCG@20': '0.0302'}
Validation score increased.  Saving model ...
rec dataset length: 186
100%|█████████████████████████████████████████████████████████████████████████████████████████████████████████████████████████████████████████| 186/186 [00:47<00:00,  3.90it/s]
{'epoch': 38, 'rec_avg_loss': '0.6331', 'joint_avg_loss': '1.1470', 'cl_avg_loss': '5.1385', 'itemcl_loss': '0.0000', 'cl_pair_0_loss': '5.1385'}
Recommendation EP_test:38: 100%|| 35/35 [00:08<00:00,  4.05it/s]
{'Epoch': 38, 'name': 'high_freq', 'HIT@5': '0.0391', 'NDCG@5': '0.0252', 'HIT@10': '0.0650', 'NDCG@10': '0.0335', 'HIT@20': '0.0992', 'NDCG@20': '0.0421'}
{'Epoch': 38, 'name': 'mid_freq', 'HIT@5': '0.0034', 'NDCG@5': '0.0025', 'HIT@10': '0.0049', 'NDCG@10': '0.0030', 'HIT@20': '0.0080', 'NDCG@20': '0.0038'}
{'Epoch': 38, 'name': 'low_freq', 'HIT@5': '0.0027', 'NDCG@5': '0.0024', 'HIT@10': '0.0036', 'NDCG@10': '0.0026', 'HIT@20': '0.0048', 'NDCG@20': '0.0029'}
{'Epoch': 38, 'name': 'all', 'HIT@5': '0.0276', 'NDCG@5': '0.0179', 'HIT@10': '0.0456', 'NDCG@10': '0.0237', 'HIT@20': '0.0697', 'NDCG@20': '0.0297'}
EarlyStopping counter: 1 out of 40
rec dataset length: 186
100%|█████████████████████████████████████████████████████████████████████████████████████████████████████████████████████████████████████████| 186/186 [00:47<00:00,  3.89it/s]
{'epoch': 39, 'rec_avg_loss': '0.6309', 'joint_avg_loss': '1.1442', 'cl_avg_loss': '5.1327', 'itemcl_loss': '0.0000', 'cl_pair_0_loss': '5.1327'}
Recommendation EP_test:39: 100%|| 35/35 [00:08<00:00,  4.01it/s]
{'Epoch': 39, 'name': 'high_freq', 'HIT@5': '0.0408', 'NDCG@5': '0.0263', 'HIT@10': '0.0654', 'NDCG@10': '0.0341', 'HIT@20': '0.1017', 'NDCG@20': '0.0433'}
{'Epoch': 39, 'name': 'mid_freq', 'HIT@5': '0.0034', 'NDCG@5': '0.0027', 'HIT@10': '0.0047', 'NDCG@10': '0.0031', 'HIT@20': '0.0076', 'NDCG@20': '0.0038'}
{'Epoch': 39, 'name': 'low_freq', 'HIT@5': '0.0027', 'NDCG@5': '0.0023', 'HIT@10': '0.0032', 'NDCG@10': '0.0024', 'HIT@20': '0.0048', 'NDCG@20': '0.0028'}
{'Epoch': 39, 'name': 'all', 'HIT@5': '0.0288', 'NDCG@5': '0.0187', 'HIT@10': '0.0458', 'NDCG@10': '0.0241', 'HIT@20': '0.0713', 'NDCG@20': '0.0305'}
Validation score increased.  Saving model ...
rec dataset length: 186
100%|█████████████████████████████████████████████████████████████████████████████████████████████████████████████████████████████████████████| 186/186 [00:47<00:00,  3.89it/s]
{'epoch': 40, 'rec_avg_loss': '0.6210', 'joint_avg_loss': '1.1324', 'cl_avg_loss': '5.1147', 'itemcl_loss': '0.0000', 'cl_pair_0_loss': '5.1147'}
Recommendation EP_test:40: 100%|| 35/35 [00:08<00:00,  4.06it/s]
{'Epoch': 40, 'name': 'high_freq', 'HIT@5': '0.0419', 'NDCG@5': '0.0270', 'HIT@10': '0.0657', 'NDCG@10': '0.0347', 'HIT@20': '0.1004', 'NDCG@20': '0.0434'}
{'Epoch': 40, 'name': 'mid_freq', 'HIT@5': '0.0034', 'NDCG@5': '0.0024', 'HIT@10': '0.0060', 'NDCG@10': '0.0032', 'HIT@20': '0.0080', 'NDCG@20': '0.0037'}
{'Epoch': 40, 'name': 'low_freq', 'HIT@5': '0.0027', 'NDCG@5': '0.0021', 'HIT@10': '0.0034', 'NDCG@10': '0.0023', 'HIT@20': '0.0052', 'NDCG@20': '0.0028'}
{'Epoch': 40, 'name': 'all', 'HIT@5': '0.0295', 'NDCG@5': '0.0191', 'HIT@10': '0.0463', 'NDCG@10': '0.0245', 'HIT@20': '0.0705', 'NDCG@20': '0.0306'}
Validation score increased.  Saving model ...
rec dataset length: 186
100%|█████████████████████████████████████████████████████████████████████████████████████████████████████████████████████████████████████████| 186/186 [00:47<00:00,  3.89it/s]
{'epoch': 41, 'rec_avg_loss': '0.6176', 'joint_avg_loss': '1.1296', 'cl_avg_loss': '5.1195', 'itemcl_loss': '0.0000', 'cl_pair_0_loss': '5.1195'}
Recommendation EP_test:41: 100%|| 35/35 [00:08<00:00,  4.24it/s]
{'Epoch': 41, 'name': 'high_freq', 'HIT@5': '0.0407', 'NDCG@5': '0.0265', 'HIT@10': '0.0661', 'NDCG@10': '0.0346', 'HIT@20': '0.1000', 'NDCG@20': '0.0431'}
{'Epoch': 41, 'name': 'mid_freq', 'HIT@5': '0.0036', 'NDCG@5': '0.0027', 'HIT@10': '0.0053', 'NDCG@10': '0.0033', 'HIT@20': '0.0076', 'NDCG@20': '0.0039'}
{'Epoch': 41, 'name': 'low_freq', 'HIT@5': '0.0032', 'NDCG@5': '0.0024', 'HIT@10': '0.0043', 'NDCG@10': '0.0027', 'HIT@20': '0.0050', 'NDCG@20': '0.0029'}
{'Epoch': 41, 'name': 'all', 'HIT@5': '0.0288', 'NDCG@5': '0.0188', 'HIT@10': '0.0465', 'NDCG@10': '0.0245', 'HIT@20': '0.0701', 'NDCG@20': '0.0304'}
EarlyStopping counter: 1 out of 40
rec dataset length: 186
100%|█████████████████████████████████████████████████████████████████████████████████████████████████████████████████████████████████████████| 186/186 [00:47<00:00,  3.88it/s]
{'epoch': 42, 'rec_avg_loss': '0.6124', 'joint_avg_loss': '1.1225', 'cl_avg_loss': '5.1008', 'itemcl_loss': '0.0000', 'cl_pair_0_loss': '5.1008'}
Recommendation EP_test:42: 100%|| 35/35 [00:08<00:00,  4.11it/s]
{'Epoch': 42, 'name': 'high_freq', 'HIT@5': '0.0418', 'NDCG@5': '0.0269', 'HIT@10': '0.0666', 'NDCG@10': '0.0349', 'HIT@20': '0.1020', 'NDCG@20': '0.0438'}
{'Epoch': 42, 'name': 'mid_freq', 'HIT@5': '0.0037', 'NDCG@5': '0.0028', 'HIT@10': '0.0056', 'NDCG@10': '0.0034', 'HIT@20': '0.0078', 'NDCG@20': '0.0040'}
{'Epoch': 42, 'name': 'low_freq', 'HIT@5': '0.0029', 'NDCG@5': '0.0023', 'HIT@10': '0.0036', 'NDCG@10': '0.0026', 'HIT@20': '0.0059', 'NDCG@20': '0.0031'}
{'Epoch': 42, 'name': 'all', 'HIT@5': '0.0296', 'NDCG@5': '0.0192', 'HIT@10': '0.0468', 'NDCG@10': '0.0247', 'HIT@20': '0.0716', 'NDCG@20': '0.0310'}
Validation score increased.  Saving model ...
rec dataset length: 186
100%|█████████████████████████████████████████████████████████████████████████████████████████████████████████████████████████████████████████| 186/186 [00:47<00:00,  3.90it/s]
{'epoch': 43, 'rec_avg_loss': '0.6059', 'joint_avg_loss': '1.1145', 'cl_avg_loss': '5.0864', 'itemcl_loss': '0.0000', 'cl_pair_0_loss': '5.0864'}
Recommendation EP_test:43: 100%|| 35/35 [00:08<00:00,  4.18it/s]
{'Epoch': 43, 'name': 'high_freq', 'HIT@5': '0.0417', 'NDCG@5': '0.0272', 'HIT@10': '0.0674', 'NDCG@10': '0.0354', 'HIT@20': '0.0996', 'NDCG@20': '0.0435'}
{'Epoch': 43, 'name': 'mid_freq', 'HIT@5': '0.0037', 'NDCG@5': '0.0028', 'HIT@10': '0.0060', 'NDCG@10': '0.0036', 'HIT@20': '0.0089', 'NDCG@20': '0.0043'}
{'Epoch': 43, 'name': 'low_freq', 'HIT@5': '0.0034', 'NDCG@5': '0.0024', 'HIT@10': '0.0048', 'NDCG@10': '0.0028', 'HIT@20': '0.0052', 'NDCG@20': '0.0030'}
{'Epoch': 43, 'name': 'all', 'HIT@5': '0.0296', 'NDCG@5': '0.0194', 'HIT@10': '0.0476', 'NDCG@10': '0.0252', 'HIT@20': '0.0701', 'NDCG@20': '0.0308'}
EarlyStopping counter: 1 out of 40
rec dataset length: 186
100%|█████████████████████████████████████████████████████████████████████████████████████████████████████████████████████████████████████████| 186/186 [00:47<00:00,  3.89it/s]
{'epoch': 44, 'rec_avg_loss': '0.5996', 'joint_avg_loss': '1.1082', 'cl_avg_loss': '5.0863', 'itemcl_loss': '0.0000', 'cl_pair_0_loss': '5.0863'}
Recommendation EP_test:44: 100%|| 35/35 [00:08<00:00,  4.19it/s]
{'Epoch': 44, 'name': 'high_freq', 'HIT@5': '0.0413', 'NDCG@5': '0.0264', 'HIT@10': '0.0664', 'NDCG@10': '0.0345', 'HIT@20': '0.1001', 'NDCG@20': '0.0430'}
{'Epoch': 44, 'name': 'mid_freq', 'HIT@5': '0.0036', 'NDCG@5': '0.0031', 'HIT@10': '0.0059', 'NDCG@10': '0.0038', 'HIT@20': '0.0086', 'NDCG@20': '0.0045'}
{'Epoch': 44, 'name': 'low_freq', 'HIT@5': '0.0029', 'NDCG@5': '0.0022', 'HIT@10': '0.0045', 'NDCG@10': '0.0027', 'HIT@20': '0.0057', 'NDCG@20': '0.0030'}
{'Epoch': 44, 'name': 'all', 'HIT@5': '0.0291', 'NDCG@5': '0.0188', 'HIT@10': '0.0469', 'NDCG@10': '0.0246', 'HIT@20': '0.0705', 'NDCG@20': '0.0305'}
EarlyStopping counter: 2 out of 40
rec dataset length: 186
100%|█████████████████████████████████████████████████████████████████████████████████████████████████████████████████████████████████████████| 186/186 [00:47<00:00,  3.89it/s]
{'epoch': 45, 'rec_avg_loss': '0.5958', 'joint_avg_loss': '1.1045', 'cl_avg_loss': '5.0874', 'itemcl_loss': '0.0000', 'cl_pair_0_loss': '5.0874'}
Recommendation EP_test:45: 100%|| 35/35 [00:08<00:00,  4.18it/s]
{'Epoch': 45, 'name': 'high_freq', 'HIT@5': '0.0421', 'NDCG@5': '0.0271', 'HIT@10': '0.0671', 'NDCG@10': '0.0351', 'HIT@20': '0.0987', 'NDCG@20': '0.0431'}
{'Epoch': 45, 'name': 'mid_freq', 'HIT@5': '0.0037', 'NDCG@5': '0.0032', 'HIT@10': '0.0055', 'NDCG@10': '0.0037', 'HIT@20': '0.0089', 'NDCG@20': '0.0046'}
{'Epoch': 45, 'name': 'low_freq', 'HIT@5': '0.0034', 'NDCG@5': '0.0025', 'HIT@10': '0.0043', 'NDCG@10': '0.0028', 'HIT@20': '0.0054', 'NDCG@20': '0.0030'}
{'Epoch': 45, 'name': 'all', 'HIT@5': '0.0298', 'NDCG@5': '0.0194', 'HIT@10': '0.0473', 'NDCG@10': '0.0250', 'HIT@20': '0.0696', 'NDCG@20': '0.0306'}
EarlyStopping counter: 3 out of 40
rec dataset length: 186
100%|█████████████████████████████████████████████████████████████████████████████████████████████████████████████████████████████████████████| 186/186 [00:47<00:00,  3.90it/s]
{'epoch': 46, 'rec_avg_loss': '0.5923', 'joint_avg_loss': '1.1000', 'cl_avg_loss': '5.0774', 'itemcl_loss': '0.0000', 'cl_pair_0_loss': '5.0774'}
Recommendation EP_test:46: 100%|| 35/35 [00:08<00:00,  4.09it/s]
{'Epoch': 46, 'name': 'high_freq', 'HIT@5': '0.0426', 'NDCG@5': '0.0276', 'HIT@10': '0.0670', 'NDCG@10': '0.0354', 'HIT@20': '0.1019', 'NDCG@20': '0.0442'}
{'Epoch': 46, 'name': 'mid_freq', 'HIT@5': '0.0036', 'NDCG@5': '0.0028', 'HIT@10': '0.0056', 'NDCG@10': '0.0035', 'HIT@20': '0.0086', 'NDCG@20': '0.0043'}
{'Epoch': 46, 'name': 'low_freq', 'HIT@5': '0.0029', 'NDCG@5': '0.0021', 'HIT@10': '0.0043', 'NDCG@10': '0.0026', 'HIT@20': '0.0052', 'NDCG@20': '0.0028'}
{'Epoch': 46, 'name': 'all', 'HIT@5': '0.0301', 'NDCG@5': '0.0196', 'HIT@10': '0.0472', 'NDCG@10': '0.0251', 'HIT@20': '0.0716', 'NDCG@20': '0.0312'}
Validation score increased.  Saving model ...
rec dataset length: 186
100%|█████████████████████████████████████████████████████████████████████████████████████████████████████████████████████████████████████████| 186/186 [00:47<00:00,  3.89it/s]
{'epoch': 47, 'rec_avg_loss': '0.5887', 'joint_avg_loss': '1.0940', 'cl_avg_loss': '5.0528', 'itemcl_loss': '0.0000', 'cl_pair_0_loss': '5.0528'}
Recommendation EP_test:47: 100%|| 35/35 [00:08<00:00,  4.16it/s]
{'Epoch': 47, 'name': 'high_freq', 'HIT@5': '0.0422', 'NDCG@5': '0.0273', 'HIT@10': '0.0673', 'NDCG@10': '0.0354', 'HIT@20': '0.1000', 'NDCG@20': '0.0436'}
{'Epoch': 47, 'name': 'mid_freq', 'HIT@5': '0.0039', 'NDCG@5': '0.0030', 'HIT@10': '0.0069', 'NDCG@10': '0.0040', 'HIT@20': '0.0102', 'NDCG@20': '0.0048'}
{'Epoch': 47, 'name': 'low_freq', 'HIT@5': '0.0038', 'NDCG@5': '0.0026', 'HIT@10': '0.0045', 'NDCG@10': '0.0028', 'HIT@20': '0.0054', 'NDCG@20': '0.0030'}
{'Epoch': 47, 'name': 'all', 'HIT@5': '0.0299', 'NDCG@5': '0.0195', 'HIT@10': '0.0477', 'NDCG@10': '0.0252', 'HIT@20': '0.0707', 'NDCG@20': '0.0310'}
EarlyStopping counter: 1 out of 40
rec dataset length: 186
100%|█████████████████████████████████████████████████████████████████████████████████████████████████████████████████████████████████████████| 186/186 [00:47<00:00,  3.89it/s]
{'epoch': 48, 'rec_avg_loss': '0.5808', 'joint_avg_loss': '1.0868', 'cl_avg_loss': '5.0602', 'itemcl_loss': '0.0000', 'cl_pair_0_loss': '5.0602'}
Recommendation EP_test:48: 100%|| 35/35 [00:08<00:00,  4.03it/s]
{'Epoch': 48, 'name': 'high_freq', 'HIT@5': '0.0409', 'NDCG@5': '0.0267', 'HIT@10': '0.0662', 'NDCG@10': '0.0348', 'HIT@20': '0.1004', 'NDCG@20': '0.0434'}
{'Epoch': 48, 'name': 'mid_freq', 'HIT@5': '0.0040', 'NDCG@5': '0.0030', 'HIT@10': '0.0068', 'NDCG@10': '0.0039', 'HIT@20': '0.0098', 'NDCG@20': '0.0046'}
{'Epoch': 48, 'name': 'low_freq', 'HIT@5': '0.0036', 'NDCG@5': '0.0026', 'HIT@10': '0.0045', 'NDCG@10': '0.0029', 'HIT@20': '0.0054', 'NDCG@20': '0.0032'}
{'Epoch': 48, 'name': 'all', 'HIT@5': '0.0290', 'NDCG@5': '0.0191', 'HIT@10': '0.0469', 'NDCG@10': '0.0248', 'HIT@20': '0.0709', 'NDCG@20': '0.0308'}
EarlyStopping counter: 2 out of 40
rec dataset length: 186
100%|█████████████████████████████████████████████████████████████████████████████████████████████████████████████████████████████████████████| 186/186 [00:47<00:00,  3.89it/s]
{'epoch': 49, 'rec_avg_loss': '0.5770', 'joint_avg_loss': '1.0819', 'cl_avg_loss': '5.0489', 'itemcl_loss': '0.0000', 'cl_pair_0_loss': '5.0489'}
Recommendation EP_test:49: 100%|| 35/35 [00:08<00:00,  4.02it/s]
{'Epoch': 49, 'name': 'high_freq', 'HIT@5': '0.0401', 'NDCG@5': '0.0264', 'HIT@10': '0.0649', 'NDCG@10': '0.0344', 'HIT@20': '0.0991', 'NDCG@20': '0.0430'}
{'Epoch': 49, 'name': 'mid_freq', 'HIT@5': '0.0036', 'NDCG@5': '0.0027', 'HIT@10': '0.0060', 'NDCG@10': '0.0035', 'HIT@20': '0.0093', 'NDCG@20': '0.0043'}
{'Epoch': 49, 'name': 'low_freq', 'HIT@5': '0.0036', 'NDCG@5': '0.0029', 'HIT@10': '0.0043', 'NDCG@10': '0.0032', 'HIT@20': '0.0063', 'NDCG@20': '0.0037'}
{'Epoch': 49, 'name': 'all', 'HIT@5': '0.0285', 'NDCG@5': '0.0189', 'HIT@10': '0.0458', 'NDCG@10': '0.0245', 'HIT@20': '0.0701', 'NDCG@20': '0.0306'}
EarlyStopping counter: 3 out of 40
rec dataset length: 186
100%|█████████████████████████████████████████████████████████████████████████████████████████████████████████████████████████████████████████| 186/186 [00:47<00:00,  3.89it/s]
{'epoch': 50, 'rec_avg_loss': '0.5730', 'joint_avg_loss': '1.0769', 'cl_avg_loss': '5.0397', 'itemcl_loss': '0.0000', 'cl_pair_0_loss': '5.0397'}
Recommendation EP_test:50: 100%|| 35/35 [00:08<00:00,  4.08it/s]
{'Epoch': 50, 'name': 'high_freq', 'HIT@5': '0.0412', 'NDCG@5': '0.0271', 'HIT@10': '0.0656', 'NDCG@10': '0.0350', 'HIT@20': '0.0995', 'NDCG@20': '0.0435'}
{'Epoch': 50, 'name': 'mid_freq', 'HIT@5': '0.0042', 'NDCG@5': '0.0030', 'HIT@10': '0.0065', 'NDCG@10': '0.0038', 'HIT@20': '0.0099', 'NDCG@20': '0.0046'}
{'Epoch': 50, 'name': 'low_freq', 'HIT@5': '0.0038', 'NDCG@5': '0.0029', 'HIT@10': '0.0041', 'NDCG@10': '0.0030', 'HIT@20': '0.0068', 'NDCG@20': '0.0037'}
{'Epoch': 50, 'name': 'all', 'HIT@5': '0.0293', 'NDCG@5': '0.0194', 'HIT@10': '0.0464', 'NDCG@10': '0.0249', 'HIT@20': '0.0705', 'NDCG@20': '0.0310'}
EarlyStopping counter: 4 out of 40
rec dataset length: 186
100%|█████████████████████████████████████████████████████████████████████████████████████████████████████████████████████████████████████████| 186/186 [00:47<00:00,  3.89it/s]
{'epoch': 51, 'rec_avg_loss': '0.5711', 'joint_avg_loss': '1.0726', 'cl_avg_loss': '5.0152', 'itemcl_loss': '0.0000', 'cl_pair_0_loss': '5.0152'}
Recommendation EP_test:51: 100%|| 35/35 [00:08<00:00,  4.04it/s]
{'Epoch': 51, 'name': 'high_freq', 'HIT@5': '0.0406', 'NDCG@5': '0.0266', 'HIT@10': '0.0659', 'NDCG@10': '0.0347', 'HIT@20': '0.1032', 'NDCG@20': '0.0441'}
{'Epoch': 51, 'name': 'mid_freq', 'HIT@5': '0.0042', 'NDCG@5': '0.0031', 'HIT@10': '0.0063', 'NDCG@10': '0.0038', 'HIT@20': '0.0095', 'NDCG@20': '0.0046'}
{'Epoch': 51, 'name': 'low_freq', 'HIT@5': '0.0036', 'NDCG@5': '0.0028', 'HIT@10': '0.0045', 'NDCG@10': '0.0031', 'HIT@20': '0.0059', 'NDCG@20': '0.0034'}
{'Epoch': 51, 'name': 'all', 'HIT@5': '0.0289', 'NDCG@5': '0.0190', 'HIT@10': '0.0467', 'NDCG@10': '0.0248', 'HIT@20': '0.0728', 'NDCG@20': '0.0313'}
Validation score increased.  Saving model ...
rec dataset length: 186
100%|█████████████████████████████████████████████████████████████████████████████████████████████████████████████████████████████████████████| 186/186 [00:47<00:00,  3.88it/s]
{'epoch': 52, 'rec_avg_loss': '0.5675', 'joint_avg_loss': '1.0696', 'cl_avg_loss': '5.0211', 'itemcl_loss': '0.0000', 'cl_pair_0_loss': '5.0211'}
Recommendation EP_test:52: 100%|| 35/35 [00:08<00:00,  4.05it/s]
{'Epoch': 52, 'name': 'high_freq', 'HIT@5': '0.0426', 'NDCG@5': '0.0277', 'HIT@10': '0.0673', 'NDCG@10': '0.0356', 'HIT@20': '0.1014', 'NDCG@20': '0.0441'}
{'Epoch': 52, 'name': 'mid_freq', 'HIT@5': '0.0047', 'NDCG@5': '0.0034', 'HIT@10': '0.0069', 'NDCG@10': '0.0041', 'HIT@20': '0.0098', 'NDCG@20': '0.0048'}
{'Epoch': 52, 'name': 'low_freq', 'HIT@5': '0.0043', 'NDCG@5': '0.0032', 'HIT@10': '0.0048', 'NDCG@10': '0.0034', 'HIT@20': '0.0061', 'NDCG@20': '0.0037'}
{'Epoch': 52, 'name': 'all', 'HIT@5': '0.0305', 'NDCG@5': '0.0199', 'HIT@10': '0.0478', 'NDCG@10': '0.0254', 'HIT@20': '0.0716', 'NDCG@20': '0.0314'}
Validation score increased.  Saving model ...
rec dataset length: 186
100%|█████████████████████████████████████████████████████████████████████████████████████████████████████████████████████████████████████████| 186/186 [00:47<00:00,  3.91it/s]
{'epoch': 53, 'rec_avg_loss': '0.5624', 'joint_avg_loss': '1.0641', 'cl_avg_loss': '5.0169', 'itemcl_loss': '0.0000', 'cl_pair_0_loss': '5.0169'}
Recommendation EP_test:53: 100%|| 35/35 [00:08<00:00,  4.06it/s]
{'Epoch': 53, 'name': 'high_freq', 'HIT@5': '0.0431', 'NDCG@5': '0.0275', 'HIT@10': '0.0661', 'NDCG@10': '0.0349', 'HIT@20': '0.1026', 'NDCG@20': '0.0441'}
{'Epoch': 53, 'name': 'mid_freq', 'HIT@5': '0.0040', 'NDCG@5': '0.0031', 'HIT@10': '0.0055', 'NDCG@10': '0.0035', 'HIT@20': '0.0088', 'NDCG@20': '0.0044'}
{'Epoch': 53, 'name': 'low_freq', 'HIT@5': '0.0034', 'NDCG@5': '0.0024', 'HIT@10': '0.0043', 'NDCG@10': '0.0027', 'HIT@20': '0.0054', 'NDCG@20': '0.0030'}
{'Epoch': 53, 'name': 'all', 'HIT@5': '0.0305', 'NDCG@5': '0.0196', 'HIT@10': '0.0465', 'NDCG@10': '0.0248', 'HIT@20': '0.0722', 'NDCG@20': '0.0312'}
EarlyStopping counter: 1 out of 40
rec dataset length: 186
100%|█████████████████████████████████████████████████████████████████████████████████████████████████████████████████████████████████████████| 186/186 [00:47<00:00,  3.90it/s]
{'epoch': 54, 'rec_avg_loss': '0.5605', 'joint_avg_loss': '1.0612', 'cl_avg_loss': '5.0074', 'itemcl_loss': '0.0000', 'cl_pair_0_loss': '5.0074'}
Recommendation EP_test:54: 100%|| 35/35 [00:08<00:00,  4.07it/s]
{'Epoch': 54, 'name': 'high_freq', 'HIT@5': '0.0433', 'NDCG@5': '0.0280', 'HIT@10': '0.0670', 'NDCG@10': '0.0356', 'HIT@20': '0.1018', 'NDCG@20': '0.0444'}
{'Epoch': 54, 'name': 'mid_freq', 'HIT@5': '0.0037', 'NDCG@5': '0.0029', 'HIT@10': '0.0065', 'NDCG@10': '0.0037', 'HIT@20': '0.0095', 'NDCG@20': '0.0045'}
{'Epoch': 54, 'name': 'low_freq', 'HIT@5': '0.0036', 'NDCG@5': '0.0025', 'HIT@10': '0.0043', 'NDCG@10': '0.0027', 'HIT@20': '0.0070', 'NDCG@20': '0.0034'}
{'Epoch': 54, 'name': 'all', 'HIT@5': '0.0306', 'NDCG@5': '0.0199', 'HIT@10': '0.0474', 'NDCG@10': '0.0253', 'HIT@20': '0.0720', 'NDCG@20': '0.0315'}
Validation score increased.  Saving model ...
rec dataset length: 186
100%|█████████████████████████████████████████████████████████████████████████████████████████████████████████████████████████████████████████| 186/186 [00:47<00:00,  3.90it/s]
{'epoch': 55, 'rec_avg_loss': '0.5549', 'joint_avg_loss': '1.0550', 'cl_avg_loss': '5.0009', 'itemcl_loss': '0.0000', 'cl_pair_0_loss': '5.0009'}
Recommendation EP_test:55: 100%|| 35/35 [00:08<00:00,  4.07it/s]
{'Epoch': 55, 'name': 'high_freq', 'HIT@5': '0.0427', 'NDCG@5': '0.0274', 'HIT@10': '0.0671', 'NDCG@10': '0.0352', 'HIT@20': '0.1018', 'NDCG@20': '0.0440'}
{'Epoch': 55, 'name': 'mid_freq', 'HIT@5': '0.0042', 'NDCG@5': '0.0030', 'HIT@10': '0.0065', 'NDCG@10': '0.0037', 'HIT@20': '0.0098', 'NDCG@20': '0.0046'}
{'Epoch': 55, 'name': 'low_freq', 'HIT@5': '0.0036', 'NDCG@5': '0.0024', 'HIT@10': '0.0048', 'NDCG@10': '0.0027', 'HIT@20': '0.0061', 'NDCG@20': '0.0031'}
{'Epoch': 55, 'name': 'all', 'HIT@5': '0.0303', 'NDCG@5': '0.0195', 'HIT@10': '0.0475', 'NDCG@10': '0.0250', 'HIT@20': '0.0719', 'NDCG@20': '0.0312'}
EarlyStopping counter: 1 out of 40
rec dataset length: 186
100%|█████████████████████████████████████████████████████████████████████████████████████████████████████████████████████████████████████████| 186/186 [00:47<00:00,  3.89it/s]
{'epoch': 56, 'rec_avg_loss': '0.5520', 'joint_avg_loss': '1.0515', 'cl_avg_loss': '4.9950', 'itemcl_loss': '0.0000', 'cl_pair_0_loss': '4.9950'}
Recommendation EP_test:56: 100%|| 35/35 [00:08<00:00,  4.10it/s]
{'Epoch': 56, 'name': 'high_freq', 'HIT@5': '0.0421', 'NDCG@5': '0.0271', 'HIT@10': '0.0666', 'NDCG@10': '0.0349', 'HIT@20': '0.1032', 'NDCG@20': '0.0441'}
{'Epoch': 56, 'name': 'mid_freq', 'HIT@5': '0.0045', 'NDCG@5': '0.0031', 'HIT@10': '0.0070', 'NDCG@10': '0.0040', 'HIT@20': '0.0106', 'NDCG@20': '0.0049'}
{'Epoch': 56, 'name': 'low_freq', 'HIT@5': '0.0043', 'NDCG@5': '0.0031', 'HIT@10': '0.0048', 'NDCG@10': '0.0032', 'HIT@20': '0.0072', 'NDCG@20': '0.0038'}
{'Epoch': 56, 'name': 'all', 'HIT@5': '0.0301', 'NDCG@5': '0.0194', 'HIT@10': '0.0473', 'NDCG@10': '0.0249', 'HIT@20': '0.0732', 'NDCG@20': '0.0314'}
EarlyStopping counter: 2 out of 40
rec dataset length: 186
100%|█████████████████████████████████████████████████████████████████████████████████████████████████████████████████████████████████████████| 186/186 [00:47<00:00,  3.89it/s]
{'epoch': 57, 'rec_avg_loss': '0.5457', 'joint_avg_loss': '1.0439', 'cl_avg_loss': '4.9827', 'itemcl_loss': '0.0000', 'cl_pair_0_loss': '4.9827'}
Recommendation EP_test:57: 100%|| 35/35 [00:08<00:00,  4.08it/s]
{'Epoch': 57, 'name': 'high_freq', 'HIT@5': '0.0408', 'NDCG@5': '0.0264', 'HIT@10': '0.0658', 'NDCG@10': '0.0344', 'HIT@20': '0.1003', 'NDCG@20': '0.0431'}
{'Epoch': 57, 'name': 'mid_freq', 'HIT@5': '0.0045', 'NDCG@5': '0.0031', 'HIT@10': '0.0076', 'NDCG@10': '0.0042', 'HIT@20': '0.0108', 'NDCG@20': '0.0049'}
{'Epoch': 57, 'name': 'low_freq', 'HIT@5': '0.0036', 'NDCG@5': '0.0028', 'HIT@10': '0.0043', 'NDCG@10': '0.0030', 'HIT@20': '0.0059', 'NDCG@20': '0.0034'}
{'Epoch': 57, 'name': 'all', 'HIT@5': '0.0291', 'NDCG@5': '0.0189', 'HIT@10': '0.0468', 'NDCG@10': '0.0246', 'HIT@20': '0.0711', 'NDCG@20': '0.0307'}
EarlyStopping counter: 3 out of 40
rec dataset length: 186
100%|█████████████████████████████████████████████████████████████████████████████████████████████████████████████████████████████████████████| 186/186 [00:47<00:00,  3.89it/s]
{'epoch': 58, 'rec_avg_loss': '0.5437', 'joint_avg_loss': '1.0413', 'cl_avg_loss': '4.9763', 'itemcl_loss': '0.0000', 'cl_pair_0_loss': '4.9763'}
Recommendation EP_test:58: 100%|| 35/35 [00:08<00:00,  4.03it/s]
{'Epoch': 58, 'name': 'high_freq', 'HIT@5': '0.0410', 'NDCG@5': '0.0267', 'HIT@10': '0.0651', 'NDCG@10': '0.0344', 'HIT@20': '0.1008', 'NDCG@20': '0.0434'}
{'Epoch': 58, 'name': 'mid_freq', 'HIT@5': '0.0045', 'NDCG@5': '0.0032', 'HIT@10': '0.0075', 'NDCG@10': '0.0042', 'HIT@20': '0.0105', 'NDCG@20': '0.0049'}
{'Epoch': 58, 'name': 'low_freq', 'HIT@5': '0.0032', 'NDCG@5': '0.0025', 'HIT@10': '0.0048', 'NDCG@10': '0.0030', 'HIT@20': '0.0063', 'NDCG@20': '0.0034'}
{'Epoch': 58, 'name': 'all', 'HIT@5': '0.0292', 'NDCG@5': '0.0191', 'HIT@10': '0.0463', 'NDCG@10': '0.0246', 'HIT@20': '0.0714', 'NDCG@20': '0.0309'}
EarlyStopping counter: 4 out of 40
rec dataset length: 186
100%|█████████████████████████████████████████████████████████████████████████████████████████████████████████████████████████████████████████| 186/186 [00:47<00:00,  3.89it/s]
{'epoch': 59, 'rec_avg_loss': '0.5417', 'joint_avg_loss': '1.0398', 'cl_avg_loss': '4.9812', 'itemcl_loss': '0.0000', 'cl_pair_0_loss': '4.9812'}
Recommendation EP_test:59: 100%|| 35/35 [00:08<00:00,  4.09it/s]
{'Epoch': 59, 'name': 'high_freq', 'HIT@5': '0.0426', 'NDCG@5': '0.0274', 'HIT@10': '0.0664', 'NDCG@10': '0.0350', 'HIT@20': '0.1004', 'NDCG@20': '0.0435'}
{'Epoch': 59, 'name': 'mid_freq', 'HIT@5': '0.0049', 'NDCG@5': '0.0035', 'HIT@10': '0.0068', 'NDCG@10': '0.0042', 'HIT@20': '0.0105', 'NDCG@20': '0.0051'}
{'Epoch': 59, 'name': 'low_freq', 'HIT@5': '0.0034', 'NDCG@5': '0.0026', 'HIT@10': '0.0050', 'NDCG@10': '0.0032', 'HIT@20': '0.0066', 'NDCG@20': '0.0036'}
{'Epoch': 59, 'name': 'all', 'HIT@5': '0.0303', 'NDCG@5': '0.0196', 'HIT@10': '0.0471', 'NDCG@10': '0.0250', 'HIT@20': '0.0712', 'NDCG@20': '0.0311'}
EarlyStopping counter: 5 out of 40
rec dataset length: 186
100%|█████████████████████████████████████████████████████████████████████████████████████████████████████████████████████████████████████████| 186/186 [00:47<00:00,  3.89it/s]
{'epoch': 60, 'rec_avg_loss': '0.5379', 'joint_avg_loss': '1.0353', 'cl_avg_loss': '4.9741', 'itemcl_loss': '0.0000', 'cl_pair_0_loss': '4.9741'}
Recommendation EP_test:60: 100%|| 35/35 [00:08<00:00,  4.03it/s]
{'Epoch': 60, 'name': 'high_freq', 'HIT@5': '0.0411', 'NDCG@5': '0.0272', 'HIT@10': '0.0650', 'NDCG@10': '0.0348', 'HIT@20': '0.1000', 'NDCG@20': '0.0436'}
{'Epoch': 60, 'name': 'mid_freq', 'HIT@5': '0.0047', 'NDCG@5': '0.0032', 'HIT@10': '0.0076', 'NDCG@10': '0.0041', 'HIT@20': '0.0118', 'NDCG@20': '0.0052'}
{'Epoch': 60, 'name': 'low_freq', 'HIT@5': '0.0041', 'NDCG@5': '0.0032', 'HIT@10': '0.0048', 'NDCG@10': '0.0034', 'HIT@20': '0.0066', 'NDCG@20': '0.0039'}
{'Epoch': 60, 'name': 'all', 'HIT@5': '0.0294', 'NDCG@5': '0.0195', 'HIT@10': '0.0463', 'NDCG@10': '0.0249', 'HIT@20': '0.0711', 'NDCG@20': '0.0312'}
EarlyStopping counter: 6 out of 40
rec dataset length: 186
100%|█████████████████████████████████████████████████████████████████████████████████████████████████████████████████████████████████████████| 186/186 [00:47<00:00,  3.90it/s]
{'epoch': 61, 'rec_avg_loss': '0.5340', 'joint_avg_loss': '1.0306', 'cl_avg_loss': '4.9657', 'itemcl_loss': '0.0000', 'cl_pair_0_loss': '4.9657'}
Recommendation EP_test:61: 100%|| 35/35 [00:08<00:00,  4.09it/s]
{'Epoch': 61, 'name': 'high_freq', 'HIT@5': '0.0425', 'NDCG@5': '0.0277', 'HIT@10': '0.0656', 'NDCG@10': '0.0351', 'HIT@20': '0.0998', 'NDCG@20': '0.0437'}
{'Epoch': 61, 'name': 'mid_freq', 'HIT@5': '0.0060', 'NDCG@5': '0.0040', 'HIT@10': '0.0078', 'NDCG@10': '0.0046', 'HIT@20': '0.0106', 'NDCG@20': '0.0053'}
{'Epoch': 61, 'name': 'low_freq', 'HIT@5': '0.0041', 'NDCG@5': '0.0028', 'HIT@10': '0.0050', 'NDCG@10': '0.0031', 'HIT@20': '0.0070', 'NDCG@20': '0.0036'}
{'Epoch': 61, 'name': 'all', 'HIT@5': '0.0306', 'NDCG@5': '0.0200', 'HIT@10': '0.0467', 'NDCG@10': '0.0252', 'HIT@20': '0.0708', 'NDCG@20': '0.0312'}
EarlyStopping counter: 7 out of 40
rec dataset length: 186
100%|█████████████████████████████████████████████████████████████████████████████████████████████████████████████████████████████████████████| 186/186 [00:47<00:00,  3.89it/s]
{'epoch': 62, 'rec_avg_loss': '0.5318', 'joint_avg_loss': '1.0284', 'cl_avg_loss': '4.9659', 'itemcl_loss': '0.0000', 'cl_pair_0_loss': '4.9659'}
Recommendation EP_test:62: 100%|| 35/35 [00:08<00:00,  4.08it/s]
{'Epoch': 62, 'name': 'high_freq', 'HIT@5': '0.0411', 'NDCG@5': '0.0269', 'HIT@10': '0.0652', 'NDCG@10': '0.0347', 'HIT@20': '0.1016', 'NDCG@20': '0.0438'}
{'Epoch': 62, 'name': 'mid_freq', 'HIT@5': '0.0045', 'NDCG@5': '0.0033', 'HIT@10': '0.0072', 'NDCG@10': '0.0042', 'HIT@20': '0.0118', 'NDCG@20': '0.0053'}
{'Epoch': 62, 'name': 'low_freq', 'HIT@5': '0.0036', 'NDCG@5': '0.0025', 'HIT@10': '0.0057', 'NDCG@10': '0.0032', 'HIT@20': '0.0077', 'NDCG@20': '0.0037'}
{'Epoch': 62, 'name': 'all', 'HIT@5': '0.0293', 'NDCG@5': '0.0193', 'HIT@10': '0.0465', 'NDCG@10': '0.0248', 'HIT@20': '0.0724', 'NDCG@20': '0.0313'}
EarlyStopping counter: 8 out of 40
rec dataset length: 186
100%|█████████████████████████████████████████████████████████████████████████████████████████████████████████████████████████████████████████| 186/186 [00:47<00:00,  3.88it/s]
{'epoch': 63, 'rec_avg_loss': '0.5280', 'joint_avg_loss': '1.0228', 'cl_avg_loss': '4.9487', 'itemcl_loss': '0.0000', 'cl_pair_0_loss': '4.9487'}
Recommendation EP_test:63: 100%|| 35/35 [00:08<00:00,  4.06it/s]
{'Epoch': 63, 'name': 'high_freq', 'HIT@5': '0.0410', 'NDCG@5': '0.0266', 'HIT@10': '0.0660', 'NDCG@10': '0.0346', 'HIT@20': '0.1017', 'NDCG@20': '0.0436'}
{'Epoch': 63, 'name': 'mid_freq', 'HIT@5': '0.0052', 'NDCG@5': '0.0037', 'HIT@10': '0.0073', 'NDCG@10': '0.0044', 'HIT@20': '0.0112', 'NDCG@20': '0.0054'}
{'Epoch': 63, 'name': 'low_freq', 'HIT@5': '0.0045', 'NDCG@5': '0.0029', 'HIT@10': '0.0063', 'NDCG@10': '0.0035', 'HIT@20': '0.0072', 'NDCG@20': '0.0037'}
{'Epoch': 63, 'name': 'all', 'HIT@5': '0.0294', 'NDCG@5': '0.0192', 'HIT@10': '0.0471', 'NDCG@10': '0.0249', 'HIT@20': '0.0723', 'NDCG@20': '0.0312'}
EarlyStopping counter: 9 out of 40
rec dataset length: 186
100%|█████████████████████████████████████████████████████████████████████████████████████████████████████████████████████████████████████████| 186/186 [00:47<00:00,  3.89it/s]
{'epoch': 64, 'rec_avg_loss': '0.5279', 'joint_avg_loss': '1.0229', 'cl_avg_loss': '4.9505', 'itemcl_loss': '0.0000', 'cl_pair_0_loss': '4.9505'}
Recommendation EP_test:64: 100%|| 35/35 [00:08<00:00,  4.07it/s]
{'Epoch': 64, 'name': 'high_freq', 'HIT@5': '0.0414', 'NDCG@5': '0.0272', 'HIT@10': '0.0644', 'NDCG@10': '0.0346', 'HIT@20': '0.0996', 'NDCG@20': '0.0435'}
{'Epoch': 64, 'name': 'mid_freq', 'HIT@5': '0.0056', 'NDCG@5': '0.0037', 'HIT@10': '0.0085', 'NDCG@10': '0.0047', 'HIT@20': '0.0112', 'NDCG@20': '0.0053'}
{'Epoch': 64, 'name': 'low_freq', 'HIT@5': '0.0043', 'NDCG@5': '0.0031', 'HIT@10': '0.0057', 'NDCG@10': '0.0035', 'HIT@20': '0.0070', 'NDCG@20': '0.0039'}
{'Epoch': 64, 'name': 'all', 'HIT@5': '0.0298', 'NDCG@5': '0.0196', 'HIT@10': '0.0462', 'NDCG@10': '0.0249', 'HIT@20': '0.0708', 'NDCG@20': '0.0311'}
EarlyStopping counter: 10 out of 40
rec dataset length: 186
100%|█████████████████████████████████████████████████████████████████████████████████████████████████████████████████████████████████████████| 186/186 [00:47<00:00,  3.89it/s]
{'epoch': 65, 'rec_avg_loss': '0.5239', 'joint_avg_loss': '1.0185', 'cl_avg_loss': '4.9459', 'itemcl_loss': '0.0000', 'cl_pair_0_loss': '4.9459'}
Recommendation EP_test:65: 100%|| 35/35 [00:08<00:00,  4.10it/s]
{'Epoch': 65, 'name': 'high_freq', 'HIT@5': '0.0420', 'NDCG@5': '0.0271', 'HIT@10': '0.0667', 'NDCG@10': '0.0350', 'HIT@20': '0.1010', 'NDCG@20': '0.0437'}
{'Epoch': 65, 'name': 'mid_freq', 'HIT@5': '0.0050', 'NDCG@5': '0.0033', 'HIT@10': '0.0080', 'NDCG@10': '0.0042', 'HIT@20': '0.0121', 'NDCG@20': '0.0052'}
{'Epoch': 65, 'name': 'low_freq', 'HIT@5': '0.0043', 'NDCG@5': '0.0030', 'HIT@10': '0.0059', 'NDCG@10': '0.0035', 'HIT@20': '0.0075', 'NDCG@20': '0.0039'}
{'Epoch': 65, 'name': 'all', 'HIT@5': '0.0301', 'NDCG@5': '0.0195', 'HIT@10': '0.0477', 'NDCG@10': '0.0251', 'HIT@20': '0.0720', 'NDCG@20': '0.0312'}
EarlyStopping counter: 11 out of 40
rec dataset length: 186
100%|█████████████████████████████████████████████████████████████████████████████████████████████████████████████████████████████████████████| 186/186 [00:47<00:00,  3.90it/s]
{'epoch': 66, 'rec_avg_loss': '0.5212', 'joint_avg_loss': '1.0145', 'cl_avg_loss': '4.9333', 'itemcl_loss': '0.0000', 'cl_pair_0_loss': '4.9333'}
Recommendation EP_test:66: 100%|| 35/35 [00:08<00:00,  4.10it/s]
{'Epoch': 66, 'name': 'high_freq', 'HIT@5': '0.0419', 'NDCG@5': '0.0274', 'HIT@10': '0.0664', 'NDCG@10': '0.0353', 'HIT@20': '0.1017', 'NDCG@20': '0.0442'}
{'Epoch': 66, 'name': 'mid_freq', 'HIT@5': '0.0053', 'NDCG@5': '0.0036', 'HIT@10': '0.0078', 'NDCG@10': '0.0044', 'HIT@20': '0.0116', 'NDCG@20': '0.0054'}
{'Epoch': 66, 'name': 'low_freq', 'HIT@5': '0.0041', 'NDCG@5': '0.0030', 'HIT@10': '0.0048', 'NDCG@10': '0.0032', 'HIT@20': '0.0066', 'NDCG@20': '0.0037'}
{'Epoch': 66, 'name': 'all', 'HIT@5': '0.0301', 'NDCG@5': '0.0198', 'HIT@10': '0.0473', 'NDCG@10': '0.0253', 'HIT@20': '0.0723', 'NDCG@20': '0.0315'}
Validation score increased.  Saving model ...
rec dataset length: 186
100%|█████████████████████████████████████████████████████████████████████████████████████████████████████████████████████████████████████████| 186/186 [00:47<00:00,  3.89it/s]
{'epoch': 67, 'rec_avg_loss': '0.5176', 'joint_avg_loss': '1.0108', 'cl_avg_loss': '4.9320', 'itemcl_loss': '0.0000', 'cl_pair_0_loss': '4.9320'}
Recommendation EP_test:67: 100%|| 35/35 [00:08<00:00,  4.08it/s]
{'Epoch': 67, 'name': 'high_freq', 'HIT@5': '0.0424', 'NDCG@5': '0.0279', 'HIT@10': '0.0668', 'NDCG@10': '0.0357', 'HIT@20': '0.1001', 'NDCG@20': '0.0441'}
{'Epoch': 67, 'name': 'mid_freq', 'HIT@5': '0.0056', 'NDCG@5': '0.0037', 'HIT@10': '0.0086', 'NDCG@10': '0.0047', 'HIT@20': '0.0125', 'NDCG@20': '0.0057'}
{'Epoch': 67, 'name': 'low_freq', 'HIT@5': '0.0045', 'NDCG@5': '0.0033', 'HIT@10': '0.0063', 'NDCG@10': '0.0039', 'HIT@20': '0.0075', 'NDCG@20': '0.0042'}
{'Epoch': 67, 'name': 'all', 'HIT@5': '0.0305', 'NDCG@5': '0.0201', 'HIT@10': '0.0479', 'NDCG@10': '0.0257', 'HIT@20': '0.0715', 'NDCG@20': '0.0316'}
Validation score increased.  Saving model ...
rec dataset length: 186
100%|█████████████████████████████████████████████████████████████████████████████████████████████████████████████████████████████████████████| 186/186 [00:47<00:00,  3.88it/s]
{'epoch': 68, 'rec_avg_loss': '0.5166', 'joint_avg_loss': '1.0093', 'cl_avg_loss': '4.9263', 'itemcl_loss': '0.0000', 'cl_pair_0_loss': '4.9263'}
Recommendation EP_test:68: 100%|| 35/35 [00:08<00:00,  4.14it/s]
{'Epoch': 68, 'name': 'high_freq', 'HIT@5': '0.0438', 'NDCG@5': '0.0286', 'HIT@10': '0.0668', 'NDCG@10': '0.0360', 'HIT@20': '0.1021', 'NDCG@20': '0.0449'}
{'Epoch': 68, 'name': 'mid_freq', 'HIT@5': '0.0062', 'NDCG@5': '0.0042', 'HIT@10': '0.0089', 'NDCG@10': '0.0051', 'HIT@20': '0.0126', 'NDCG@20': '0.0060'}
{'Epoch': 68, 'name': 'low_freq', 'HIT@5': '0.0038', 'NDCG@5': '0.0028', 'HIT@10': '0.0052', 'NDCG@10': '0.0032', 'HIT@20': '0.0081', 'NDCG@20': '0.0040'}
{'Epoch': 68, 'name': 'all', 'HIT@5': '0.0315', 'NDCG@5': '0.0206', 'HIT@10': '0.0478', 'NDCG@10': '0.0259', 'HIT@20': '0.0730', 'NDCG@20': '0.0322'}
Validation score increased.  Saving model ...
rec dataset length: 186
100%|█████████████████████████████████████████████████████████████████████████████████████████████████████████████████████████████████████████| 186/186 [00:47<00:00,  3.89it/s]
{'epoch': 69, 'rec_avg_loss': '0.5144', 'joint_avg_loss': '1.0067', 'cl_avg_loss': '4.9231', 'itemcl_loss': '0.0000', 'cl_pair_0_loss': '4.9231'}
Recommendation EP_test:69: 100%|| 35/35 [00:08<00:00,  4.15it/s]
{'Epoch': 69, 'name': 'high_freq', 'HIT@5': '0.0430', 'NDCG@5': '0.0277', 'HIT@10': '0.0678', 'NDCG@10': '0.0357', 'HIT@20': '0.1020', 'NDCG@20': '0.0443'}
{'Epoch': 69, 'name': 'mid_freq', 'HIT@5': '0.0066', 'NDCG@5': '0.0045', 'HIT@10': '0.0092', 'NDCG@10': '0.0053', 'HIT@20': '0.0132', 'NDCG@20': '0.0063'}
{'Epoch': 69, 'name': 'low_freq', 'HIT@5': '0.0038', 'NDCG@5': '0.0028', 'HIT@10': '0.0057', 'NDCG@10': '0.0034', 'HIT@20': '0.0081', 'NDCG@20': '0.0040'}
{'Epoch': 69, 'name': 'all', 'HIT@5': '0.0310', 'NDCG@5': '0.0201', 'HIT@10': '0.0486', 'NDCG@10': '0.0257', 'HIT@20': '0.0730', 'NDCG@20': '0.0318'}
EarlyStopping counter: 1 out of 40
rec dataset length: 186
100%|█████████████████████████████████████████████████████████████████████████████████████████████████████████████████████████████████████████| 186/186 [00:47<00:00,  3.90it/s]
{'epoch': 70, 'rec_avg_loss': '0.5114', 'joint_avg_loss': '1.0031', 'cl_avg_loss': '4.9174', 'itemcl_loss': '0.0000', 'cl_pair_0_loss': '4.9174'}
Recommendation EP_test:70: 100%|| 35/35 [00:08<00:00,  4.09it/s]
{'Epoch': 70, 'name': 'high_freq', 'HIT@5': '0.0434', 'NDCG@5': '0.0281', 'HIT@10': '0.0669', 'NDCG@10': '0.0355', 'HIT@20': '0.1007', 'NDCG@20': '0.0440'}
{'Epoch': 70, 'name': 'mid_freq', 'HIT@5': '0.0057', 'NDCG@5': '0.0041', 'HIT@10': '0.0082', 'NDCG@10': '0.0049', 'HIT@20': '0.0116', 'NDCG@20': '0.0057'}
{'Epoch': 70, 'name': 'low_freq', 'HIT@5': '0.0036', 'NDCG@5': '0.0028', 'HIT@10': '0.0050', 'NDCG@10': '0.0033', 'HIT@20': '0.0079', 'NDCG@20': '0.0040'}
{'Epoch': 70, 'name': 'all', 'HIT@5': '0.0311', 'NDCG@5': '0.0202', 'HIT@10': '0.0477', 'NDCG@10': '0.0255', 'HIT@20': '0.0718', 'NDCG@20': '0.0316'}
EarlyStopping counter: 2 out of 40
rec dataset length: 186
100%|█████████████████████████████████████████████████████████████████████████████████████████████████████████████████████████████████████████| 186/186 [00:47<00:00,  3.89it/s]
{'epoch': 71, 'rec_avg_loss': '0.5071', 'joint_avg_loss': '0.9986', 'cl_avg_loss': '4.9154', 'itemcl_loss': '0.0000', 'cl_pair_0_loss': '4.9154'}
Recommendation EP_test:71: 100%|| 35/35 [00:08<00:00,  4.15it/s]
{'Epoch': 71, 'name': 'high_freq', 'HIT@5': '0.0424', 'NDCG@5': '0.0276', 'HIT@10': '0.0667', 'NDCG@10': '0.0354', 'HIT@20': '0.1005', 'NDCG@20': '0.0439'}
{'Epoch': 71, 'name': 'mid_freq', 'HIT@5': '0.0062', 'NDCG@5': '0.0041', 'HIT@10': '0.0088', 'NDCG@10': '0.0050', 'HIT@20': '0.0115', 'NDCG@20': '0.0057'}
{'Epoch': 71, 'name': 'low_freq', 'HIT@5': '0.0041', 'NDCG@5': '0.0029', 'HIT@10': '0.0052', 'NDCG@10': '0.0032', 'HIT@20': '0.0075', 'NDCG@20': '0.0038'}
{'Epoch': 71, 'name': 'all', 'HIT@5': '0.0305', 'NDCG@5': '0.0199', 'HIT@10': '0.0477', 'NDCG@10': '0.0255', 'HIT@20': '0.0715', 'NDCG@20': '0.0314'}
EarlyStopping counter: 3 out of 40
rec dataset length: 186
100%|█████████████████████████████████████████████████████████████████████████████████████████████████████████████████████████████████████████| 186/186 [00:47<00:00,  3.90it/s]
{'epoch': 72, 'rec_avg_loss': '0.5083', 'joint_avg_loss': '0.9985', 'cl_avg_loss': '4.9028', 'itemcl_loss': '0.0000', 'cl_pair_0_loss': '4.9028'}
Recommendation EP_test:72: 100%|| 35/35 [00:08<00:00,  4.16it/s]
{'Epoch': 72, 'name': 'high_freq', 'HIT@5': '0.0427', 'NDCG@5': '0.0277', 'HIT@10': '0.0674', 'NDCG@10': '0.0355', 'HIT@20': '0.1017', 'NDCG@20': '0.0442'}
{'Epoch': 72, 'name': 'mid_freq', 'HIT@5': '0.0060', 'NDCG@5': '0.0042', 'HIT@10': '0.0082', 'NDCG@10': '0.0049', 'HIT@20': '0.0124', 'NDCG@20': '0.0060'}
{'Epoch': 72, 'name': 'low_freq', 'HIT@5': '0.0043', 'NDCG@5': '0.0031', 'HIT@10': '0.0054', 'NDCG@10': '0.0035', 'HIT@20': '0.0077', 'NDCG@20': '0.0040'}
{'Epoch': 72, 'name': 'all', 'HIT@5': '0.0308', 'NDCG@5': '0.0200', 'HIT@10': '0.0481', 'NDCG@10': '0.0256', 'HIT@20': '0.0726', 'NDCG@20': '0.0317'}
EarlyStopping counter: 4 out of 40
rec dataset length: 186
100%|█████████████████████████████████████████████████████████████████████████████████████████████████████████████████████████████████████████| 186/186 [00:47<00:00,  3.89it/s]
{'epoch': 73, 'rec_avg_loss': '0.5066', 'joint_avg_loss': '0.9968', 'cl_avg_loss': '4.9023', 'itemcl_loss': '0.0000', 'cl_pair_0_loss': '4.9023'}
Recommendation EP_test:73: 100%|| 35/35 [00:08<00:00,  4.17it/s]
{'Epoch': 73, 'name': 'high_freq', 'HIT@5': '0.0433', 'NDCG@5': '0.0284', 'HIT@10': '0.0673', 'NDCG@10': '0.0361', 'HIT@20': '0.1016', 'NDCG@20': '0.0447'}
{'Epoch': 73, 'name': 'mid_freq', 'HIT@5': '0.0050', 'NDCG@5': '0.0036', 'HIT@10': '0.0082', 'NDCG@10': '0.0046', 'HIT@20': '0.0118', 'NDCG@20': '0.0055'}
{'Epoch': 73, 'name': 'low_freq', 'HIT@5': '0.0036', 'NDCG@5': '0.0027', 'HIT@10': '0.0050', 'NDCG@10': '0.0031', 'HIT@20': '0.0077', 'NDCG@20': '0.0038'}
{'Epoch': 73, 'name': 'all', 'HIT@5': '0.0309', 'NDCG@5': '0.0203', 'HIT@10': '0.0480', 'NDCG@10': '0.0259', 'HIT@20': '0.0724', 'NDCG@20': '0.0320'}
EarlyStopping counter: 5 out of 40
rec dataset length: 186
100%|█████████████████████████████████████████████████████████████████████████████████████████████████████████████████████████████████████████| 186/186 [00:47<00:00,  3.90it/s]
{'epoch': 74, 'rec_avg_loss': '0.5038', 'joint_avg_loss': '0.9932', 'cl_avg_loss': '4.8941', 'itemcl_loss': '0.0000', 'cl_pair_0_loss': '4.8941'}
Recommendation EP_test:74: 100%|| 35/35 [00:08<00:00,  4.16it/s]
{'Epoch': 74, 'name': 'high_freq', 'HIT@5': '0.0426', 'NDCG@5': '0.0275', 'HIT@10': '0.0658', 'NDCG@10': '0.0349', 'HIT@20': '0.0991', 'NDCG@20': '0.0433'}
{'Epoch': 74, 'name': 'mid_freq', 'HIT@5': '0.0060', 'NDCG@5': '0.0042', 'HIT@10': '0.0095', 'NDCG@10': '0.0053', 'HIT@20': '0.0129', 'NDCG@20': '0.0062'}
{'Epoch': 74, 'name': 'low_freq', 'HIT@5': '0.0038', 'NDCG@5': '0.0029', 'HIT@10': '0.0059', 'NDCG@10': '0.0035', 'HIT@20': '0.0079', 'NDCG@20': '0.0040'}
{'Epoch': 74, 'name': 'all', 'HIT@5': '0.0306', 'NDCG@5': '0.0199', 'HIT@10': '0.0473', 'NDCG@10': '0.0252', 'HIT@20': '0.0709', 'NDCG@20': '0.0311'}
EarlyStopping counter: 6 out of 40
rec dataset length: 186
100%|█████████████████████████████████████████████████████████████████████████████████████████████████████████████████████████████████████████| 186/186 [00:47<00:00,  3.90it/s]
{'epoch': 75, 'rec_avg_loss': '0.5010', 'joint_avg_loss': '0.9907', 'cl_avg_loss': '4.8973', 'itemcl_loss': '0.0000', 'cl_pair_0_loss': '4.8973'}
Recommendation EP_test:75: 100%|| 35/35 [00:08<00:00,  4.10it/s]
{'Epoch': 75, 'name': 'high_freq', 'HIT@5': '0.0416', 'NDCG@5': '0.0270', 'HIT@10': '0.0658', 'NDCG@10': '0.0347', 'HIT@20': '0.1010', 'NDCG@20': '0.0436'}
{'Epoch': 75, 'name': 'mid_freq', 'HIT@5': '0.0072', 'NDCG@5': '0.0046', 'HIT@10': '0.0093', 'NDCG@10': '0.0053', 'HIT@20': '0.0139', 'NDCG@20': '0.0065'}
{'Epoch': 75, 'name': 'low_freq', 'HIT@5': '0.0032', 'NDCG@5': '0.0025', 'HIT@10': '0.0057', 'NDCG@10': '0.0033', 'HIT@20': '0.0081', 'NDCG@20': '0.0040'}
{'Epoch': 75, 'name': 'all', 'HIT@5': '0.0301', 'NDCG@5': '0.0196', 'HIT@10': '0.0473', 'NDCG@10': '0.0251', 'HIT@20': '0.0725', 'NDCG@20': '0.0314'}
EarlyStopping counter: 7 out of 40
rec dataset length: 186
100%|█████████████████████████████████████████████████████████████████████████████████████████████████████████████████████████████████████████| 186/186 [00:47<00:00,  3.89it/s]
{'epoch': 76, 'rec_avg_loss': '0.4980', 'joint_avg_loss': '0.9861', 'cl_avg_loss': '4.8814', 'itemcl_loss': '0.0000', 'cl_pair_0_loss': '4.8814'}
Recommendation EP_test:76: 100%|| 35/35 [00:08<00:00,  4.13it/s]
{'Epoch': 76, 'name': 'high_freq', 'HIT@5': '0.0417', 'NDCG@5': '0.0266', 'HIT@10': '0.0664', 'NDCG@10': '0.0345', 'HIT@20': '0.1008', 'NDCG@20': '0.0431'}
{'Epoch': 76, 'name': 'mid_freq', 'HIT@5': '0.0066', 'NDCG@5': '0.0043', 'HIT@10': '0.0099', 'NDCG@10': '0.0053', 'HIT@20': '0.0147', 'NDCG@20': '0.0065'}
{'Epoch': 76, 'name': 'low_freq', 'HIT@5': '0.0036', 'NDCG@5': '0.0027', 'HIT@10': '0.0052', 'NDCG@10': '0.0032', 'HIT@20': '0.0075', 'NDCG@20': '0.0038'}
{'Epoch': 76, 'name': 'all', 'HIT@5': '0.0301', 'NDCG@5': '0.0192', 'HIT@10': '0.0478', 'NDCG@10': '0.0249', 'HIT@20': '0.0724', 'NDCG@20': '0.0311'}
EarlyStopping counter: 8 out of 40
rec dataset length: 186
100%|█████████████████████████████████████████████████████████████████████████████████████████████████████████████████████████████████████████| 186/186 [00:47<00:00,  3.88it/s]
{'epoch': 77, 'rec_avg_loss': '0.4956', 'joint_avg_loss': '0.9846', 'cl_avg_loss': '4.8901', 'itemcl_loss': '0.0000', 'cl_pair_0_loss': '4.8901'}
Recommendation EP_test:77: 100%|| 35/35 [00:08<00:00,  4.12it/s]
{'Epoch': 77, 'name': 'high_freq', 'HIT@5': '0.0409', 'NDCG@5': '0.0268', 'HIT@10': '0.0662', 'NDCG@10': '0.0349', 'HIT@20': '0.1001', 'NDCG@20': '0.0434'}
{'Epoch': 77, 'name': 'mid_freq', 'HIT@5': '0.0066', 'NDCG@5': '0.0045', 'HIT@10': '0.0086', 'NDCG@10': '0.0051', 'HIT@20': '0.0132', 'NDCG@20': '0.0063'}
{'Epoch': 77, 'name': 'low_freq', 'HIT@5': '0.0043', 'NDCG@5': '0.0031', 'HIT@10': '0.0063', 'NDCG@10': '0.0038', 'HIT@20': '0.0075', 'NDCG@20': '0.0040'}
{'Epoch': 77, 'name': 'all', 'HIT@5': '0.0296', 'NDCG@5': '0.0195', 'HIT@10': '0.0475', 'NDCG@10': '0.0252', 'HIT@20': '0.0716', 'NDCG@20': '0.0313'}
EarlyStopping counter: 9 out of 40
rec dataset length: 186
100%|█████████████████████████████████████████████████████████████████████████████████████████████████████████████████████████████████████████| 186/186 [00:47<00:00,  3.89it/s]
{'epoch': 78, 'rec_avg_loss': '0.4960', 'joint_avg_loss': '0.9837', 'cl_avg_loss': '4.8773', 'itemcl_loss': '0.0000', 'cl_pair_0_loss': '4.8773'}
Recommendation EP_test:78: 100%|| 35/35 [00:08<00:00,  4.16it/s]
{'Epoch': 78, 'name': 'high_freq', 'HIT@5': '0.0417', 'NDCG@5': '0.0272', 'HIT@10': '0.0664', 'NDCG@10': '0.0351', 'HIT@20': '0.1003', 'NDCG@20': '0.0436'}
{'Epoch': 78, 'name': 'mid_freq', 'HIT@5': '0.0060', 'NDCG@5': '0.0043', 'HIT@10': '0.0086', 'NDCG@10': '0.0052', 'HIT@20': '0.0134', 'NDCG@20': '0.0064'}
{'Epoch': 78, 'name': 'low_freq', 'HIT@5': '0.0048', 'NDCG@5': '0.0034', 'HIT@10': '0.0059', 'NDCG@10': '0.0037', 'HIT@20': '0.0075', 'NDCG@20': '0.0041'}
{'Epoch': 78, 'name': 'all', 'HIT@5': '0.0302', 'NDCG@5': '0.0198', 'HIT@10': '0.0476', 'NDCG@10': '0.0254', 'HIT@20': '0.0717', 'NDCG@20': '0.0314'}
EarlyStopping counter: 10 out of 40
rec dataset length: 186
100%|█████████████████████████████████████████████████████████████████████████████████████████████████████████████████████████████████████████| 186/186 [00:47<00:00,  3.90it/s]
{'epoch': 79, 'rec_avg_loss': '0.4932', 'joint_avg_loss': '0.9804', 'cl_avg_loss': '4.8722', 'itemcl_loss': '0.0000', 'cl_pair_0_loss': '4.8722'}
Recommendation EP_test:79: 100%|| 35/35 [00:08<00:00,  4.07it/s]
{'Epoch': 79, 'name': 'high_freq', 'HIT@5': '0.0413', 'NDCG@5': '0.0271', 'HIT@10': '0.0659', 'NDCG@10': '0.0350', 'HIT@20': '0.1006', 'NDCG@20': '0.0437'}
{'Epoch': 79, 'name': 'mid_freq', 'HIT@5': '0.0059', 'NDCG@5': '0.0041', 'HIT@10': '0.0089', 'NDCG@10': '0.0050', 'HIT@20': '0.0134', 'NDCG@20': '0.0062'}
{'Epoch': 79, 'name': 'low_freq', 'HIT@5': '0.0048', 'NDCG@5': '0.0036', 'HIT@10': '0.0063', 'NDCG@10': '0.0041', 'HIT@20': '0.0081', 'NDCG@20': '0.0045'}
{'Epoch': 79, 'name': 'all', 'HIT@5': '0.0299', 'NDCG@5': '0.0197', 'HIT@10': '0.0473', 'NDCG@10': '0.0253', 'HIT@20': '0.0721', 'NDCG@20': '0.0315'}
EarlyStopping counter: 11 out of 40
rec dataset length: 186
100%|█████████████████████████████████████████████████████████████████████████████████████████████████████████████████████████████████████████| 186/186 [00:47<00:00,  3.89it/s]
{'epoch': 80, 'rec_avg_loss': '0.4884', 'joint_avg_loss': '0.9751', 'cl_avg_loss': '4.8666', 'itemcl_loss': '0.0000', 'cl_pair_0_loss': '4.8666'}
Recommendation EP_test:80: 100%|| 35/35 [00:08<00:00,  4.26it/s]
{'Epoch': 80, 'name': 'high_freq', 'HIT@5': '0.0427', 'NDCG@5': '0.0278', 'HIT@10': '0.0661', 'NDCG@10': '0.0353', 'HIT@20': '0.1010', 'NDCG@20': '0.0441'}
{'Epoch': 80, 'name': 'mid_freq', 'HIT@5': '0.0059', 'NDCG@5': '0.0041', 'HIT@10': '0.0093', 'NDCG@10': '0.0052', 'HIT@20': '0.0125', 'NDCG@20': '0.0060'}
{'Epoch': 80, 'name': 'low_freq', 'HIT@5': '0.0043', 'NDCG@5': '0.0031', 'HIT@10': '0.0061', 'NDCG@10': '0.0036', 'HIT@20': '0.0084', 'NDCG@20': '0.0042'}
{'Epoch': 80, 'name': 'all', 'HIT@5': '0.0307', 'NDCG@5': '0.0201', 'HIT@10': '0.0475', 'NDCG@10': '0.0255', 'HIT@20': '0.0722', 'NDCG@20': '0.0317'}
EarlyStopping counter: 12 out of 40
rec dataset length: 186
100%|█████████████████████████████████████████████████████████████████████████████████████████████████████████████████████████████████████████| 186/186 [00:47<00:00,  3.90it/s]
{'epoch': 81, 'rec_avg_loss': '0.4903', 'joint_avg_loss': '0.9768', 'cl_avg_loss': '4.8656', 'itemcl_loss': '0.0000', 'cl_pair_0_loss': '4.8656'}
Recommendation EP_test:81: 100%|| 35/35 [00:08<00:00,  4.19it/s]
{'Epoch': 81, 'name': 'high_freq', 'HIT@5': '0.0407', 'NDCG@5': '0.0262', 'HIT@10': '0.0644', 'NDCG@10': '0.0337', 'HIT@20': '0.0991', 'NDCG@20': '0.0425'}
{'Epoch': 81, 'name': 'mid_freq', 'HIT@5': '0.0059', 'NDCG@5': '0.0040', 'HIT@10': '0.0093', 'NDCG@10': '0.0051', 'HIT@20': '0.0132', 'NDCG@20': '0.0061'}
{'Epoch': 81, 'name': 'low_freq', 'HIT@5': '0.0054', 'NDCG@5': '0.0038', 'HIT@10': '0.0066', 'NDCG@10': '0.0041', 'HIT@20': '0.0084', 'NDCG@20': '0.0046'}
{'Epoch': 81, 'name': 'all', 'HIT@5': '0.0295', 'NDCG@5': '0.0191', 'HIT@10': '0.0464', 'NDCG@10': '0.0245', 'HIT@20': '0.0711', 'NDCG@20': '0.0307'}
EarlyStopping counter: 13 out of 40
rec dataset length: 186
100%|█████████████████████████████████████████████████████████████████████████████████████████████████████████████████████████████████████████| 186/186 [00:47<00:00,  3.89it/s]
{'epoch': 82, 'rec_avg_loss': '0.4887', 'joint_avg_loss': '0.9733', 'cl_avg_loss': '4.8455', 'itemcl_loss': '0.0000', 'cl_pair_0_loss': '4.8455'}
Recommendation EP_test:82: 100%|| 35/35 [00:08<00:00,  4.10it/s]
{'Epoch': 82, 'name': 'high_freq', 'HIT@5': '0.0407', 'NDCG@5': '0.0264', 'HIT@10': '0.0641', 'NDCG@10': '0.0339', 'HIT@20': '0.1009', 'NDCG@20': '0.0431'}
{'Epoch': 82, 'name': 'mid_freq', 'HIT@5': '0.0062', 'NDCG@5': '0.0043', 'HIT@10': '0.0093', 'NDCG@10': '0.0053', 'HIT@20': '0.0144', 'NDCG@20': '0.0066'}
{'Epoch': 82, 'name': 'low_freq', 'HIT@5': '0.0054', 'NDCG@5': '0.0041', 'HIT@10': '0.0070', 'NDCG@10': '0.0046', 'HIT@20': '0.0081', 'NDCG@20': '0.0049'}
{'Epoch': 82, 'name': 'all', 'HIT@5': '0.0296', 'NDCG@5': '0.0193', 'HIT@10': '0.0463', 'NDCG@10': '0.0247', 'HIT@20': '0.0724', 'NDCG@20': '0.0312'}
EarlyStopping counter: 14 out of 40
rec dataset length: 186
100%|█████████████████████████████████████████████████████████████████████████████████████████████████████████████████████████████████████████| 186/186 [00:47<00:00,  3.89it/s]
{'epoch': 83, 'rec_avg_loss': '0.4849', 'joint_avg_loss': '0.9706', 'cl_avg_loss': '4.8566', 'itemcl_loss': '0.0000', 'cl_pair_0_loss': '4.8566'}
Recommendation EP_test:83: 100%|| 35/35 [00:08<00:00,  4.19it/s]
{'Epoch': 83, 'name': 'high_freq', 'HIT@5': '0.0407', 'NDCG@5': '0.0265', 'HIT@10': '0.0658', 'NDCG@10': '0.0346', 'HIT@20': '0.0996', 'NDCG@20': '0.0431'}
{'Epoch': 83, 'name': 'mid_freq', 'HIT@5': '0.0062', 'NDCG@5': '0.0042', 'HIT@10': '0.0092', 'NDCG@10': '0.0052', 'HIT@20': '0.0144', 'NDCG@20': '0.0065'}
{'Epoch': 83, 'name': 'low_freq', 'HIT@5': '0.0057', 'NDCG@5': '0.0041', 'HIT@10': '0.0066', 'NDCG@10': '0.0044', 'HIT@20': '0.0084', 'NDCG@20': '0.0049'}
{'Epoch': 83, 'name': 'all', 'HIT@5': '0.0296', 'NDCG@5': '0.0194', 'HIT@10': '0.0474', 'NDCG@10': '0.0251', 'HIT@20': '0.0716', 'NDCG@20': '0.0312'}
EarlyStopping counter: 15 out of 40
rec dataset length: 186
100%|█████████████████████████████████████████████████████████████████████████████████████████████████████████████████████████████████████████| 186/186 [00:47<00:00,  3.89it/s]
{'epoch': 84, 'rec_avg_loss': '0.4860', 'joint_avg_loss': '0.9723', 'cl_avg_loss': '4.8632', 'itemcl_loss': '0.0000', 'cl_pair_0_loss': '4.8632'}
Recommendation EP_test:84: 100%|| 35/35 [00:08<00:00,  4.09it/s]
{'Epoch': 84, 'name': 'high_freq', 'HIT@5': '0.0413', 'NDCG@5': '0.0266', 'HIT@10': '0.0664', 'NDCG@10': '0.0346', 'HIT@20': '0.1005', 'NDCG@20': '0.0432'}
{'Epoch': 84, 'name': 'mid_freq', 'HIT@5': '0.0060', 'NDCG@5': '0.0041', 'HIT@10': '0.0098', 'NDCG@10': '0.0053', 'HIT@20': '0.0142', 'NDCG@20': '0.0065'}
{'Epoch': 84, 'name': 'low_freq', 'HIT@5': '0.0052', 'NDCG@5': '0.0035', 'HIT@10': '0.0068', 'NDCG@10': '0.0040', 'HIT@20': '0.0084', 'NDCG@20': '0.0044'}
{'Epoch': 84, 'name': 'all', 'HIT@5': '0.0299', 'NDCG@5': '0.0193', 'HIT@10': '0.0479', 'NDCG@10': '0.0251', 'HIT@20': '0.0722', 'NDCG@20': '0.0312'}
EarlyStopping counter: 16 out of 40
rec dataset length: 186
100%|█████████████████████████████████████████████████████████████████████████████████████████████████████████████████████████████████████████| 186/186 [00:47<00:00,  3.89it/s]
{'epoch': 85, 'rec_avg_loss': '0.4859', 'joint_avg_loss': '0.9715', 'cl_avg_loss': '4.8566', 'itemcl_loss': '0.0000', 'cl_pair_0_loss': '4.8566'}
Recommendation EP_test:85: 100%|| 35/35 [00:08<00:00,  4.16it/s]
{'Epoch': 85, 'name': 'high_freq', 'HIT@5': '0.0421', 'NDCG@5': '0.0270', 'HIT@10': '0.0664', 'NDCG@10': '0.0348', 'HIT@20': '0.1009', 'NDCG@20': '0.0434'}
{'Epoch': 85, 'name': 'mid_freq', 'HIT@5': '0.0063', 'NDCG@5': '0.0042', 'HIT@10': '0.0101', 'NDCG@10': '0.0053', 'HIT@20': '0.0141', 'NDCG@20': '0.0063'}
{'Epoch': 85, 'name': 'low_freq', 'HIT@5': '0.0050', 'NDCG@5': '0.0036', 'HIT@10': '0.0075', 'NDCG@10': '0.0045', 'HIT@20': '0.0084', 'NDCG@20': '0.0047'}
{'Epoch': 85, 'name': 'all', 'HIT@5': '0.0305', 'NDCG@5': '0.0196', 'HIT@10': '0.0481', 'NDCG@10': '0.0252', 'HIT@20': '0.0724', 'NDCG@20': '0.0314'}
EarlyStopping counter: 17 out of 40
rec dataset length: 186
100%|█████████████████████████████████████████████████████████████████████████████████████████████████████████████████████████████████████████| 186/186 [00:47<00:00,  3.88it/s]
{'epoch': 86, 'rec_avg_loss': '0.4780', 'joint_avg_loss': '0.9628', 'cl_avg_loss': '4.8479', 'itemcl_loss': '0.0000', 'cl_pair_0_loss': '4.8479'}
Recommendation EP_test:86: 100%|| 35/35 [00:08<00:00,  4.15it/s]
{'Epoch': 86, 'name': 'high_freq', 'HIT@5': '0.0406', 'NDCG@5': '0.0263', 'HIT@10': '0.0657', 'NDCG@10': '0.0344', 'HIT@20': '0.0989', 'NDCG@20': '0.0427'}
{'Epoch': 86, 'name': 'mid_freq', 'HIT@5': '0.0065', 'NDCG@5': '0.0043', 'HIT@10': '0.0098', 'NDCG@10': '0.0053', 'HIT@20': '0.0145', 'NDCG@20': '0.0065'}
{'Epoch': 86, 'name': 'low_freq', 'HIT@5': '0.0054', 'NDCG@5': '0.0041', 'HIT@10': '0.0068', 'NDCG@10': '0.0046', 'HIT@20': '0.0077', 'NDCG@20': '0.0048'}
{'Epoch': 86, 'name': 'all', 'HIT@5': '0.0296', 'NDCG@5': '0.0192', 'HIT@10': '0.0474', 'NDCG@10': '0.0250', 'HIT@20': '0.0710', 'NDCG@20': '0.0309'}
EarlyStopping counter: 18 out of 40
rec dataset length: 186
100%|█████████████████████████████████████████████████████████████████████████████████████████████████████████████████████████████████████████| 186/186 [00:47<00:00,  3.88it/s]
{'epoch': 87, 'rec_avg_loss': '0.4790', 'joint_avg_loss': '0.9633', 'cl_avg_loss': '4.8431', 'itemcl_loss': '0.0000', 'cl_pair_0_loss': '4.8431'}
Recommendation EP_test:87: 100%|| 35/35 [00:08<00:00,  4.07it/s]
{'Epoch': 87, 'name': 'high_freq', 'HIT@5': '0.0412', 'NDCG@5': '0.0264', 'HIT@10': '0.0654', 'NDCG@10': '0.0342', 'HIT@20': '0.1005', 'NDCG@20': '0.0431'}
{'Epoch': 87, 'name': 'mid_freq', 'HIT@5': '0.0065', 'NDCG@5': '0.0042', 'HIT@10': '0.0093', 'NDCG@10': '0.0052', 'HIT@20': '0.0134', 'NDCG@20': '0.0062'}
{'Epoch': 87, 'name': 'low_freq', 'HIT@5': '0.0048', 'NDCG@5': '0.0037', 'HIT@10': '0.0061', 'NDCG@10': '0.0041', 'HIT@20': '0.0079', 'NDCG@20': '0.0045'}
{'Epoch': 87, 'name': 'all', 'HIT@5': '0.0299', 'NDCG@5': '0.0193', 'HIT@10': '0.0471', 'NDCG@10': '0.0248', 'HIT@20': '0.0719', 'NDCG@20': '0.0311'}
EarlyStopping counter: 19 out of 40
rec dataset length: 186
100%|█████████████████████████████████████████████████████████████████████████████████████████████████████████████████████████████████████████| 186/186 [00:47<00:00,  3.89it/s]
{'epoch': 88, 'rec_avg_loss': '0.4773', 'joint_avg_loss': '0.9602', 'cl_avg_loss': '4.8296', 'itemcl_loss': '0.0000', 'cl_pair_0_loss': '4.8296'}
Recommendation EP_test:88: 100%|| 35/35 [00:08<00:00,  4.19it/s]
{'Epoch': 88, 'name': 'high_freq', 'HIT@5': '0.0412', 'NDCG@5': '0.0266', 'HIT@10': '0.0652', 'NDCG@10': '0.0343', 'HIT@20': '0.1000', 'NDCG@20': '0.0431'}
{'Epoch': 88, 'name': 'mid_freq', 'HIT@5': '0.0073', 'NDCG@5': '0.0051', 'HIT@10': '0.0101', 'NDCG@10': '0.0060', 'HIT@20': '0.0147', 'NDCG@20': '0.0071'}
{'Epoch': 88, 'name': 'low_freq', 'HIT@5': '0.0043', 'NDCG@5': '0.0034', 'HIT@10': '0.0068', 'NDCG@10': '0.0042', 'HIT@20': '0.0091', 'NDCG@20': '0.0047'}
{'Epoch': 88, 'name': 'all', 'HIT@5': '0.0300', 'NDCG@5': '0.0195', 'HIT@10': '0.0472', 'NDCG@10': '0.0251', 'HIT@20': '0.0720', 'NDCG@20': '0.0313'}
EarlyStopping counter: 20 out of 40
rec dataset length: 186
100%|█████████████████████████████████████████████████████████████████████████████████████████████████████████████████████████████████████████| 186/186 [00:47<00:00,  3.90it/s]
{'epoch': 89, 'rec_avg_loss': '0.4740', 'joint_avg_loss': '0.9574', 'cl_avg_loss': '4.8340', 'itemcl_loss': '0.0000', 'cl_pair_0_loss': '4.8340'}
Recommendation EP_test:89: 100%|| 35/35 [00:08<00:00,  4.17it/s]
{'Epoch': 89, 'name': 'high_freq', 'HIT@5': '0.0422', 'NDCG@5': '0.0267', 'HIT@10': '0.0663', 'NDCG@10': '0.0344', 'HIT@20': '0.0994', 'NDCG@20': '0.0428'}
{'Epoch': 89, 'name': 'mid_freq', 'HIT@5': '0.0073', 'NDCG@5': '0.0051', 'HIT@10': '0.0099', 'NDCG@10': '0.0059', 'HIT@20': '0.0141', 'NDCG@20': '0.0069'}
{'Epoch': 89, 'name': 'low_freq', 'HIT@5': '0.0054', 'NDCG@5': '0.0040', 'HIT@10': '0.0063', 'NDCG@10': '0.0043', 'HIT@20': '0.0086', 'NDCG@20': '0.0049'}
{'Epoch': 89, 'name': 'all', 'HIT@5': '0.0308', 'NDCG@5': '0.0196', 'HIT@10': '0.0478', 'NDCG@10': '0.0251', 'HIT@20': '0.0715', 'NDCG@20': '0.0310'}
EarlyStopping counter: 21 out of 40
rec dataset length: 186
100%|█████████████████████████████████████████████████████████████████████████████████████████████████████████████████████████████████████████| 186/186 [00:47<00:00,  3.89it/s]
{'epoch': 90, 'rec_avg_loss': '0.4758', 'joint_avg_loss': '0.9578', 'cl_avg_loss': '4.8205', 'itemcl_loss': '0.0000', 'cl_pair_0_loss': '4.8205'}
Recommendation EP_test:90: 100%|| 35/35 [00:08<00:00,  3.96it/s]
{'Epoch': 90, 'name': 'high_freq', 'HIT@5': '0.0424', 'NDCG@5': '0.0267', 'HIT@10': '0.0659', 'NDCG@10': '0.0342', 'HIT@20': '0.1008', 'NDCG@20': '0.0430'}
{'Epoch': 90, 'name': 'mid_freq', 'HIT@5': '0.0073', 'NDCG@5': '0.0049', 'HIT@10': '0.0092', 'NDCG@10': '0.0055', 'HIT@20': '0.0145', 'NDCG@20': '0.0068'}
{'Epoch': 90, 'name': 'low_freq', 'HIT@5': '0.0045', 'NDCG@5': '0.0036', 'HIT@10': '0.0068', 'NDCG@10': '0.0043', 'HIT@20': '0.0081', 'NDCG@20': '0.0047'}
{'Epoch': 90, 'name': 'all', 'HIT@5': '0.0308', 'NDCG@5': '0.0196', 'HIT@10': '0.0475', 'NDCG@10': '0.0249', 'HIT@20': '0.0724', 'NDCG@20': '0.0312'}
EarlyStopping counter: 22 out of 40
rec dataset length: 186
100%|█████████████████████████████████████████████████████████████████████████████████████████████████████████████████████████████████████████| 186/186 [00:47<00:00,  3.89it/s]
{'epoch': 91, 'rec_avg_loss': '0.4737', 'joint_avg_loss': '0.9569', 'cl_avg_loss': '4.8317', 'itemcl_loss': '0.0000', 'cl_pair_0_loss': '4.8317'}
Recommendation EP_test:91: 100%|| 35/35 [00:08<00:00,  4.21it/s]
{'Epoch': 91, 'name': 'high_freq', 'HIT@5': '0.0405', 'NDCG@5': '0.0261', 'HIT@10': '0.0638', 'NDCG@10': '0.0336', 'HIT@20': '0.0984', 'NDCG@20': '0.0423'}
{'Epoch': 91, 'name': 'mid_freq', 'HIT@5': '0.0079', 'NDCG@5': '0.0054', 'HIT@10': '0.0102', 'NDCG@10': '0.0061', 'HIT@20': '0.0148', 'NDCG@20': '0.0072'}
{'Epoch': 91, 'name': 'low_freq', 'HIT@5': '0.0045', 'NDCG@5': '0.0036', 'HIT@10': '0.0057', 'NDCG@10': '0.0039', 'HIT@20': '0.0077', 'NDCG@20': '0.0044'}
{'Epoch': 91, 'name': 'all', 'HIT@5': '0.0297', 'NDCG@5': '0.0193', 'HIT@10': '0.0461', 'NDCG@10': '0.0245', 'HIT@20': '0.0708', 'NDCG@20': '0.0307'}
EarlyStopping counter: 23 out of 40
rec dataset length: 186
100%|█████████████████████████████████████████████████████████████████████████████████████████████████████████████████████████████████████████| 186/186 [00:47<00:00,  3.89it/s]
{'epoch': 92, 'rec_avg_loss': '0.4688', 'joint_avg_loss': '0.9523', 'cl_avg_loss': '4.8346', 'itemcl_loss': '0.0000', 'cl_pair_0_loss': '4.8346'}
Recommendation EP_test:92: 100%|| 35/35 [00:08<00:00,  4.30it/s]
{'Epoch': 92, 'name': 'high_freq', 'HIT@5': '0.0405', 'NDCG@5': '0.0263', 'HIT@10': '0.0647', 'NDCG@10': '0.0341', 'HIT@20': '0.1000', 'NDCG@20': '0.0429'}
{'Epoch': 92, 'name': 'mid_freq', 'HIT@5': '0.0070', 'NDCG@5': '0.0047', 'HIT@10': '0.0098', 'NDCG@10': '0.0056', 'HIT@20': '0.0138', 'NDCG@20': '0.0067'}
{'Epoch': 92, 'name': 'low_freq', 'HIT@5': '0.0041', 'NDCG@5': '0.0033', 'HIT@10': '0.0057', 'NDCG@10': '0.0038', 'HIT@20': '0.0077', 'NDCG@20': '0.0043'}
{'Epoch': 92, 'name': 'all', 'HIT@5': '0.0294', 'NDCG@5': '0.0192', 'HIT@10': '0.0466', 'NDCG@10': '0.0247', 'HIT@20': '0.0717', 'NDCG@20': '0.0310'}
EarlyStopping counter: 24 out of 40
rec dataset length: 186
100%|█████████████████████████████████████████████████████████████████████████████████████████████████████████████████████████████████████████| 186/186 [00:47<00:00,  3.90it/s]
{'epoch': 93, 'rec_avg_loss': '0.4691', 'joint_avg_loss': '0.9500', 'cl_avg_loss': '4.8091', 'itemcl_loss': '0.0000', 'cl_pair_0_loss': '4.8091'}
Recommendation EP_test:93: 100%|| 35/35 [00:08<00:00,  4.13it/s]
{'Epoch': 93, 'name': 'high_freq', 'HIT@5': '0.0424', 'NDCG@5': '0.0269', 'HIT@10': '0.0661', 'NDCG@10': '0.0345', 'HIT@20': '0.0995', 'NDCG@20': '0.0429'}
{'Epoch': 93, 'name': 'mid_freq', 'HIT@5': '0.0060', 'NDCG@5': '0.0043', 'HIT@10': '0.0093', 'NDCG@10': '0.0054', 'HIT@20': '0.0151', 'NDCG@20': '0.0068'}
{'Epoch': 93, 'name': 'low_freq', 'HIT@5': '0.0050', 'NDCG@5': '0.0038', 'HIT@10': '0.0063', 'NDCG@10': '0.0043', 'HIT@20': '0.0086', 'NDCG@20': '0.0048'}
{'Epoch': 93, 'name': 'all', 'HIT@5': '0.0306', 'NDCG@5': '0.0196', 'HIT@10': '0.0476', 'NDCG@10': '0.0251', 'HIT@20': '0.0717', 'NDCG@20': '0.0311'}
EarlyStopping counter: 25 out of 40
rec dataset length: 186
100%|█████████████████████████████████████████████████████████████████████████████████████████████████████████████████████████████████████████| 186/186 [00:47<00:00,  3.91it/s]
{'epoch': 94, 'rec_avg_loss': '0.4682', 'joint_avg_loss': '0.9492', 'cl_avg_loss': '4.8102', 'itemcl_loss': '0.0000', 'cl_pair_0_loss': '4.8102'}
Recommendation EP_test:94: 100%|| 35/35 [00:08<00:00,  4.07it/s]
{'Epoch': 94, 'name': 'high_freq', 'HIT@5': '0.0422', 'NDCG@5': '0.0269', 'HIT@10': '0.0645', 'NDCG@10': '0.0342', 'HIT@20': '0.1003', 'NDCG@20': '0.0432'}
{'Epoch': 94, 'name': 'mid_freq', 'HIT@5': '0.0066', 'NDCG@5': '0.0046', 'HIT@10': '0.0092', 'NDCG@10': '0.0055', 'HIT@20': '0.0147', 'NDCG@20': '0.0068'}
{'Epoch': 94, 'name': 'low_freq', 'HIT@5': '0.0048', 'NDCG@5': '0.0035', 'HIT@10': '0.0057', 'NDCG@10': '0.0038', 'HIT@20': '0.0084', 'NDCG@20': '0.0044'}
{'Epoch': 94, 'name': 'all', 'HIT@5': '0.0306', 'NDCG@5': '0.0197', 'HIT@10': '0.0464', 'NDCG@10': '0.0248', 'HIT@20': '0.0722', 'NDCG@20': '0.0312'}
EarlyStopping counter: 26 out of 40
rec dataset length: 186
100%|█████████████████████████████████████████████████████████████████████████████████████████████████████████████████████████████████████████| 186/186 [00:47<00:00,  3.88it/s]
{'epoch': 95, 'rec_avg_loss': '0.4660', 'joint_avg_loss': '0.9466', 'cl_avg_loss': '4.8063', 'itemcl_loss': '0.0000', 'cl_pair_0_loss': '4.8063'}
Recommendation EP_test:95: 100%|| 35/35 [00:08<00:00,  4.12it/s]
{'Epoch': 95, 'name': 'high_freq', 'HIT@5': '0.0409', 'NDCG@5': '0.0262', 'HIT@10': '0.0642', 'NDCG@10': '0.0336', 'HIT@20': '0.0971', 'NDCG@20': '0.0419'}
{'Epoch': 95, 'name': 'mid_freq', 'HIT@5': '0.0069', 'NDCG@5': '0.0044', 'HIT@10': '0.0103', 'NDCG@10': '0.0055', 'HIT@20': '0.0165', 'NDCG@20': '0.0070'}
{'Epoch': 95, 'name': 'low_freq', 'HIT@5': '0.0045', 'NDCG@5': '0.0034', 'HIT@10': '0.0063', 'NDCG@10': '0.0040', 'HIT@20': '0.0091', 'NDCG@20': '0.0047'}
{'Epoch': 95, 'name': 'all', 'HIT@5': '0.0297', 'NDCG@5': '0.0191', 'HIT@10': '0.0465', 'NDCG@10': '0.0244', 'HIT@20': '0.0704', 'NDCG@20': '0.0304'}
EarlyStopping counter: 27 out of 40
rec dataset length: 186
100%|█████████████████████████████████████████████████████████████████████████████████████████████████████████████████████████████████████████| 186/186 [00:47<00:00,  3.89it/s]
{'epoch': 96, 'rec_avg_loss': '0.4667', 'joint_avg_loss': '0.9480', 'cl_avg_loss': '4.8124', 'itemcl_loss': '0.0000', 'cl_pair_0_loss': '4.8124'}
Recommendation EP_test:96: 100%|| 35/35 [00:08<00:00,  4.15it/s]
{'Epoch': 96, 'name': 'high_freq', 'HIT@5': '0.0420', 'NDCG@5': '0.0271', 'HIT@10': '0.0651', 'NDCG@10': '0.0346', 'HIT@20': '0.0992', 'NDCG@20': '0.0431'}
{'Epoch': 96, 'name': 'mid_freq', 'HIT@5': '0.0065', 'NDCG@5': '0.0044', 'HIT@10': '0.0093', 'NDCG@10': '0.0053', 'HIT@20': '0.0149', 'NDCG@20': '0.0067'}
{'Epoch': 96, 'name': 'low_freq', 'HIT@5': '0.0045', 'NDCG@5': '0.0032', 'HIT@10': '0.0063', 'NDCG@10': '0.0038', 'HIT@20': '0.0086', 'NDCG@20': '0.0043'}
{'Epoch': 96, 'name': 'all', 'HIT@5': '0.0304', 'NDCG@5': '0.0197', 'HIT@10': '0.0469', 'NDCG@10': '0.0250', 'HIT@20': '0.0715', 'NDCG@20': '0.0312'}
EarlyStopping counter: 28 out of 40
rec dataset length: 186
100%|█████████████████████████████████████████████████████████████████████████████████████████████████████████████████████████████████████████| 186/186 [00:47<00:00,  3.90it/s]
{'epoch': 97, 'rec_avg_loss': '0.4626', 'joint_avg_loss': '0.9432', 'cl_avg_loss': '4.8066', 'itemcl_loss': '0.0000', 'cl_pair_0_loss': '4.8066'}
Recommendation EP_test:97: 100%|| 35/35 [00:08<00:00,  4.07it/s]
{'Epoch': 97, 'name': 'high_freq', 'HIT@5': '0.0412', 'NDCG@5': '0.0263', 'HIT@10': '0.0660', 'NDCG@10': '0.0342', 'HIT@20': '0.1000', 'NDCG@20': '0.0428'}
{'Epoch': 97, 'name': 'mid_freq', 'HIT@5': '0.0069', 'NDCG@5': '0.0046', 'HIT@10': '0.0103', 'NDCG@10': '0.0057', 'HIT@20': '0.0159', 'NDCG@20': '0.0071'}
{'Epoch': 97, 'name': 'low_freq', 'HIT@5': '0.0043', 'NDCG@5': '0.0034', 'HIT@10': '0.0057', 'NDCG@10': '0.0039', 'HIT@20': '0.0086', 'NDCG@20': '0.0046'}
{'Epoch': 97, 'name': 'all', 'HIT@5': '0.0299', 'NDCG@5': '0.0192', 'HIT@10': '0.0476', 'NDCG@10': '0.0249', 'HIT@20': '0.0722', 'NDCG@20': '0.0311'}
EarlyStopping counter: 29 out of 40
rec dataset length: 186
100%|█████████████████████████████████████████████████████████████████████████████████████████████████████████████████████████████████████████| 186/186 [00:47<00:00,  3.89it/s]
{'epoch': 98, 'rec_avg_loss': '0.4608', 'joint_avg_loss': '0.9412', 'cl_avg_loss': '4.8043', 'itemcl_loss': '0.0000', 'cl_pair_0_loss': '4.8043'}
Recommendation EP_test:98: 100%|| 35/35 [00:08<00:00,  4.11it/s]
{'Epoch': 98, 'name': 'high_freq', 'HIT@5': '0.0410', 'NDCG@5': '0.0263', 'HIT@10': '0.0650', 'NDCG@10': '0.0340', 'HIT@20': '0.0985', 'NDCG@20': '0.0424'}
{'Epoch': 98, 'name': 'mid_freq', 'HIT@5': '0.0063', 'NDCG@5': '0.0044', 'HIT@10': '0.0095', 'NDCG@10': '0.0054', 'HIT@20': '0.0157', 'NDCG@20': '0.0070'}
{'Epoch': 98, 'name': 'low_freq', 'HIT@5': '0.0043', 'NDCG@5': '0.0034', 'HIT@10': '0.0059', 'NDCG@10': '0.0039', 'HIT@20': '0.0084', 'NDCG@20': '0.0045'}
{'Epoch': 98, 'name': 'all', 'HIT@5': '0.0297', 'NDCG@5': '0.0192', 'HIT@10': '0.0468', 'NDCG@10': '0.0247', 'HIT@20': '0.0711', 'NDCG@20': '0.0308'}
EarlyStopping counter: 30 out of 40
rec dataset length: 186
100%|█████████████████████████████████████████████████████████████████████████████████████████████████████████████████████████████████████████| 186/186 [00:47<00:00,  3.89it/s]
{'epoch': 99, 'rec_avg_loss': '0.4607', 'joint_avg_loss': '0.9414', 'cl_avg_loss': '4.8067', 'itemcl_loss': '0.0000', 'cl_pair_0_loss': '4.8067'}
Recommendation EP_test:99: 100%|| 35/35 [00:08<00:00,  4.16it/s]
{'Epoch': 99, 'name': 'high_freq', 'HIT@5': '0.0408', 'NDCG@5': '0.0258', 'HIT@10': '0.0663', 'NDCG@10': '0.0340', 'HIT@20': '0.0999', 'NDCG@20': '0.0424'}
{'Epoch': 99, 'name': 'mid_freq', 'HIT@5': '0.0063', 'NDCG@5': '0.0042', 'HIT@10': '0.0099', 'NDCG@10': '0.0054', 'HIT@20': '0.0148', 'NDCG@20': '0.0066'}
{'Epoch': 99, 'name': 'low_freq', 'HIT@5': '0.0038', 'NDCG@5': '0.0030', 'HIT@10': '0.0066', 'NDCG@10': '0.0039', 'HIT@20': '0.0079', 'NDCG@20': '0.0043'}
{'Epoch': 99, 'name': 'all', 'HIT@5': '0.0294', 'NDCG@5': '0.0187', 'HIT@10': '0.0478', 'NDCG@10': '0.0246', 'HIT@20': '0.0718', 'NDCG@20': '0.0307'}
EarlyStopping counter: 31 out of 40
rec dataset length: 186
100%|█████████████████████████████████████████████████████████████████████████████████████████████████████████████████████████████████████████| 186/186 [00:47<00:00,  3.90it/s]
{'epoch': 100, 'rec_avg_loss': '0.4608', 'joint_avg_loss': '0.9391', 'cl_avg_loss': '4.7826', 'itemcl_loss': '0.0000', 'cl_pair_0_loss': '4.7826'}
Recommendation EP_test:100: 100%|| 35/35 [00:08<00:00,  4.13it/s]
{'Epoch': 100, 'name': 'high_freq', 'HIT@5': '0.0407', 'NDCG@5': '0.0260', 'HIT@10': '0.0646', 'NDCG@10': '0.0337', 'HIT@20': '0.0987', 'NDCG@20': '0.0422'}
{'Epoch': 100, 'name': 'mid_freq', 'HIT@5': '0.0073', 'NDCG@5': '0.0051', 'HIT@10': '0.0109', 'NDCG@10': '0.0062', 'HIT@20': '0.0168', 'NDCG@20': '0.0077'}
{'Epoch': 100, 'name': 'low_freq', 'HIT@5': '0.0045', 'NDCG@5': '0.0034', 'HIT@10': '0.0061', 'NDCG@10': '0.0039', 'HIT@20': '0.0079', 'NDCG@20': '0.0044'}
{'Epoch': 100, 'name': 'all', 'HIT@5': '0.0297', 'NDCG@5': '0.0191', 'HIT@10': '0.0469', 'NDCG@10': '0.0246', 'HIT@20': '0.0714', 'NDCG@20': '0.0308'}
EarlyStopping counter: 32 out of 40
rec dataset length: 186
100%|█████████████████████████████████████████████████████████████████████████████████████████████████████████████████████████████████████████| 186/186 [00:47<00:00,  3.89it/s]
{'epoch': 101, 'rec_avg_loss': '0.4603', 'joint_avg_loss': '0.9391', 'cl_avg_loss': '4.7881', 'itemcl_loss': '0.0000', 'cl_pair_0_loss': '4.7881'}
Recommendation EP_test:101: 100%|| 35/35 [00:08<00:00,  4.25it/s]
{'Epoch': 101, 'name': 'high_freq', 'HIT@5': '0.0409', 'NDCG@5': '0.0264', 'HIT@10': '0.0657', 'NDCG@10': '0.0344', 'HIT@20': '0.0991', 'NDCG@20': '0.0427'}
{'Epoch': 101, 'name': 'mid_freq', 'HIT@5': '0.0072', 'NDCG@5': '0.0049', 'HIT@10': '0.0108', 'NDCG@10': '0.0061', 'HIT@20': '0.0162', 'NDCG@20': '0.0074'}
{'Epoch': 101, 'name': 'low_freq', 'HIT@5': '0.0048', 'NDCG@5': '0.0037', 'HIT@10': '0.0066', 'NDCG@10': '0.0042', 'HIT@20': '0.0086', 'NDCG@20': '0.0048'}
{'Epoch': 101, 'name': 'all', 'HIT@5': '0.0298', 'NDCG@5': '0.0194', 'HIT@10': '0.0476', 'NDCG@10': '0.0251', 'HIT@20': '0.0716', 'NDCG@20': '0.0311'}
EarlyStopping counter: 33 out of 40
rec dataset length: 186
100%|█████████████████████████████████████████████████████████████████████████████████████████████████████████████████████████████████████████| 186/186 [00:47<00:00,  3.90it/s]
{'epoch': 102, 'rec_avg_loss': '0.4591', 'joint_avg_loss': '0.9385', 'cl_avg_loss': '4.7938', 'itemcl_loss': '0.0000', 'cl_pair_0_loss': '4.7938'}
Recommendation EP_test:102: 100%|| 35/35 [00:08<00:00,  4.20it/s]
{'Epoch': 102, 'name': 'high_freq', 'HIT@5': '0.0419', 'NDCG@5': '0.0268', 'HIT@10': '0.0650', 'NDCG@10': '0.0342', 'HIT@20': '0.0990', 'NDCG@20': '0.0428'}
{'Epoch': 102, 'name': 'mid_freq', 'HIT@5': '0.0070', 'NDCG@5': '0.0047', 'HIT@10': '0.0101', 'NDCG@10': '0.0056', 'HIT@20': '0.0162', 'NDCG@20': '0.0071'}
{'Epoch': 102, 'name': 'low_freq', 'HIT@5': '0.0045', 'NDCG@5': '0.0036', 'HIT@10': '0.0068', 'NDCG@10': '0.0043', 'HIT@20': '0.0088', 'NDCG@20': '0.0048'}
{'Epoch': 102, 'name': 'all', 'HIT@5': '0.0304', 'NDCG@5': '0.0196', 'HIT@10': '0.0470', 'NDCG@10': '0.0249', 'HIT@20': '0.0716', 'NDCG@20': '0.0311'}
EarlyStopping counter: 34 out of 40
rec dataset length: 186
100%|█████████████████████████████████████████████████████████████████████████████████████████████████████████████████████████████████████████| 186/186 [00:47<00:00,  3.89it/s]
{'epoch': 103, 'rec_avg_loss': '0.4585', 'joint_avg_loss': '0.9367', 'cl_avg_loss': '4.7820', 'itemcl_loss': '0.0000', 'cl_pair_0_loss': '4.7820'}
Recommendation EP_test:103: 100%|| 35/35 [00:08<00:00,  4.17it/s]
{'Epoch': 103, 'name': 'high_freq', 'HIT@5': '0.0415', 'NDCG@5': '0.0269', 'HIT@10': '0.0654', 'NDCG@10': '0.0346', 'HIT@20': '0.0998', 'NDCG@20': '0.0433'}
{'Epoch': 103, 'name': 'mid_freq', 'HIT@5': '0.0072', 'NDCG@5': '0.0049', 'HIT@10': '0.0103', 'NDCG@10': '0.0059', 'HIT@20': '0.0165', 'NDCG@20': '0.0074'}
{'Epoch': 103, 'name': 'low_freq', 'HIT@5': '0.0048', 'NDCG@5': '0.0038', 'HIT@10': '0.0066', 'NDCG@10': '0.0044', 'HIT@20': '0.0088', 'NDCG@20': '0.0050'}
{'Epoch': 103, 'name': 'all', 'HIT@5': '0.0302', 'NDCG@5': '0.0197', 'HIT@10': '0.0473', 'NDCG@10': '0.0253', 'HIT@20': '0.0722', 'NDCG@20': '0.0315'}
EarlyStopping counter: 35 out of 40
rec dataset length: 186
100%|█████████████████████████████████████████████████████████████████████████████████████████████████████████████████████████████████████████| 186/186 [00:47<00:00,  3.88it/s]
{'epoch': 104, 'rec_avg_loss': '0.4556', 'joint_avg_loss': '0.9335', 'cl_avg_loss': '4.7786', 'itemcl_loss': '0.0000', 'cl_pair_0_loss': '4.7786'}
Recommendation EP_test:104: 100%|| 35/35 [00:08<00:00,  4.08it/s]
{'Epoch': 104, 'name': 'high_freq', 'HIT@5': '0.0418', 'NDCG@5': '0.0266', 'HIT@10': '0.0658', 'NDCG@10': '0.0344', 'HIT@20': '0.0995', 'NDCG@20': '0.0428'}
{'Epoch': 104, 'name': 'mid_freq', 'HIT@5': '0.0057', 'NDCG@5': '0.0040', 'HIT@10': '0.0102', 'NDCG@10': '0.0055', 'HIT@20': '0.0155', 'NDCG@20': '0.0068'}
{'Epoch': 104, 'name': 'low_freq', 'HIT@5': '0.0052', 'NDCG@5': '0.0039', 'HIT@10': '0.0059', 'NDCG@10': '0.0041', 'HIT@20': '0.0084', 'NDCG@20': '0.0047'}
{'Epoch': 104, 'name': 'all', 'HIT@5': '0.0302', 'NDCG@5': '0.0194', 'HIT@10': '0.0475', 'NDCG@10': '0.0250', 'HIT@20': '0.0718', 'NDCG@20': '0.0310'}
EarlyStopping counter: 36 out of 40
rec dataset length: 186
100%|█████████████████████████████████████████████████████████████████████████████████████████████████████████████████████████████████████████| 186/186 [00:47<00:00,  3.88it/s]
{'epoch': 105, 'rec_avg_loss': '0.4546', 'joint_avg_loss': '0.9333', 'cl_avg_loss': '4.7871', 'itemcl_loss': '0.0000', 'cl_pair_0_loss': '4.7871'}
Recommendation EP_test:105: 100%|| 35/35 [00:08<00:00,  4.22it/s]
{'Epoch': 105, 'name': 'high_freq', 'HIT@5': '0.0424', 'NDCG@5': '0.0270', 'HIT@10': '0.0652', 'NDCG@10': '0.0342', 'HIT@20': '0.0999', 'NDCG@20': '0.0430'}
{'Epoch': 105, 'name': 'mid_freq', 'HIT@5': '0.0059', 'NDCG@5': '0.0044', 'HIT@10': '0.0105', 'NDCG@10': '0.0058', 'HIT@20': '0.0144', 'NDCG@20': '0.0068'}
{'Epoch': 105, 'name': 'low_freq', 'HIT@5': '0.0048', 'NDCG@5': '0.0037', 'HIT@10': '0.0068', 'NDCG@10': '0.0044', 'HIT@20': '0.0088', 'NDCG@20': '0.0049'}
{'Epoch': 105, 'name': 'all', 'HIT@5': '0.0306', 'NDCG@5': '0.0197', 'HIT@10': '0.0472', 'NDCG@10': '0.0250', 'HIT@20': '0.0719', 'NDCG@20': '0.0312'}
EarlyStopping counter: 37 out of 40
rec dataset length: 186
100%|█████████████████████████████████████████████████████████████████████████████████████████████████████████████████████████████████████████| 186/186 [00:47<00:00,  3.92it/s]
{'epoch': 106, 'rec_avg_loss': '0.4555', 'joint_avg_loss': '0.9329', 'cl_avg_loss': '4.7742', 'itemcl_loss': '0.0000', 'cl_pair_0_loss': '4.7742'}
Recommendation EP_test:106: 100%|| 35/35 [00:08<00:00,  4.16it/s]
{'Epoch': 106, 'name': 'high_freq', 'HIT@5': '0.0414', 'NDCG@5': '0.0263', 'HIT@10': '0.0649', 'NDCG@10': '0.0338', 'HIT@20': '0.0982', 'NDCG@20': '0.0422'}
{'Epoch': 106, 'name': 'mid_freq', 'HIT@5': '0.0066', 'NDCG@5': '0.0046', 'HIT@10': '0.0092', 'NDCG@10': '0.0054', 'HIT@20': '0.0157', 'NDCG@20': '0.0070'}
{'Epoch': 106, 'name': 'low_freq', 'HIT@5': '0.0045', 'NDCG@5': '0.0037', 'HIT@10': '0.0063', 'NDCG@10': '0.0043', 'HIT@20': '0.0086', 'NDCG@20': '0.0048'}
{'Epoch': 106, 'name': 'all', 'HIT@5': '0.0300', 'NDCG@5': '0.0193', 'HIT@10': '0.0467', 'NDCG@10': '0.0246', 'HIT@20': '0.0710', 'NDCG@20': '0.0307'}
EarlyStopping counter: 38 out of 40
rec dataset length: 186
100%|█████████████████████████████████████████████████████████████████████████████████████████████████████████████████████████████████████████| 186/186 [00:47<00:00,  3.89it/s]
{'epoch': 107, 'rec_avg_loss': '0.4520', 'joint_avg_loss': '0.9289', 'cl_avg_loss': '4.7689', 'itemcl_loss': '0.0000', 'cl_pair_0_loss': '4.7689'}
Recommendation EP_test:107: 100%|| 35/35 [00:08<00:00,  4.11it/s]
{'Epoch': 107, 'name': 'high_freq', 'HIT@5': '0.0419', 'NDCG@5': '0.0266', 'HIT@10': '0.0653', 'NDCG@10': '0.0341', 'HIT@20': '0.0996', 'NDCG@20': '0.0427'}
{'Epoch': 107, 'name': 'mid_freq', 'HIT@5': '0.0063', 'NDCG@5': '0.0044', 'HIT@10': '0.0105', 'NDCG@10': '0.0057', 'HIT@20': '0.0161', 'NDCG@20': '0.0071'}
{'Epoch': 107, 'name': 'low_freq', 'HIT@5': '0.0048', 'NDCG@5': '0.0039', 'HIT@10': '0.0061', 'NDCG@10': '0.0044', 'HIT@20': '0.0079', 'NDCG@20': '0.0048'}
{'Epoch': 107, 'name': 'all', 'HIT@5': '0.0303', 'NDCG@5': '0.0194', 'HIT@10': '0.0472', 'NDCG@10': '0.0249', 'HIT@20': '0.0719', 'NDCG@20': '0.0311'}
EarlyStopping counter: 39 out of 40
rec dataset length: 186
100%|█████████████████████████████████████████████████████████████████████████████████████████████████████████████████████████████████████████| 186/186 [00:47<00:00,  3.89it/s]
{'epoch': 108, 'rec_avg_loss': '0.4493', 'joint_avg_loss': '0.9249', 'cl_avg_loss': '4.7566', 'itemcl_loss': '0.0000', 'cl_pair_0_loss': '4.7566'}
Recommendation EP_test:108: 100%|| 35/35 [00:08<00:00,  4.11it/s]
{'Epoch': 108, 'name': 'high_freq', 'HIT@5': '0.0415', 'NDCG@5': '0.0267', 'HIT@10': '0.0660', 'NDCG@10': '0.0345', 'HIT@20': '0.0996', 'NDCG@20': '0.0430'}
{'Epoch': 108, 'name': 'mid_freq', 'HIT@5': '0.0068', 'NDCG@5': '0.0046', 'HIT@10': '0.0102', 'NDCG@10': '0.0057', 'HIT@20': '0.0174', 'NDCG@20': '0.0075'}
{'Epoch': 108, 'name': 'low_freq', 'HIT@5': '0.0050', 'NDCG@5': '0.0038', 'HIT@10': '0.0059', 'NDCG@10': '0.0040', 'HIT@20': '0.0081', 'NDCG@20': '0.0046'}
{'Epoch': 108, 'name': 'all', 'HIT@5': '0.0302', 'NDCG@5': '0.0195', 'HIT@10': '0.0476', 'NDCG@10': '0.0251', 'HIT@20': '0.0722', 'NDCG@20': '0.0313'}
EarlyStopping counter: 40 out of 40
Early stopping
---------------Change to test_rating_matrix!-------------------
Recommendation EP_test:109: 100%|| 35/35 [00:08<00:00,  3.96it/s]
{'Epoch': 109, 'name': 'high_freq', 'HIT@5': '0.0347', 'NDCG@5': '0.0226', 'HIT@10': '0.0547', 'NDCG@10': '0.0290', 'HIT@20': '0.0822', 'NDCG@20': '0.0359'}
{'Epoch': 109, 'name': 'mid_freq', 'HIT@5': '0.0040', 'NDCG@5': '0.0029', 'HIT@10': '0.0068', 'NDCG@10': '0.0037', 'HIT@20': '0.0101', 'NDCG@20': '0.0045'}
{'Epoch': 109, 'name': 'low_freq', 'HIT@5': '0.0035', 'NDCG@5': '0.0029', 'HIT@10': '0.0050', 'NDCG@10': '0.0033', 'HIT@20': '0.0061', 'NDCG@20': '0.0037'}
{'Epoch': 109, 'name': 'all', 'HIT@5': '0.0233', 'NDCG@5': '0.0153', 'HIT@10': '0.0367', 'NDCG@10': '0.0196', 'HIT@20': '0.0550', 'NDCG@20': '0.0242'}
CoSeRec-Sports_and_Outdoors-single_cl_mask_1024
{'Epoch': 109, 'name': 'all', 'HIT@5': '0.0233', 'NDCG@5': '0.0153', 'HIT@10': '0.0367', 'NDCG@10': '0.0196', 'HIT@20': '0.0550', 'NDCG@20': '0.0242'}
Using Cuda: True
(18359, 18359)
--------------------Configure Info:------------
data_dir                       :                             ./data/
output_dir                     :                             output/
data_name                      :                 Sports_and_Outdoors
do_eval                        :                                   0
model_idx                      :                 single_cl_crop_1024
gpu_id                         :                                   0
noise_ratio                    :                                 0.0
training_data_ratio            :                                 1.0
augment_threshold              :                                   4
similarity_model_name          :                          ItemCF_IUF
augmentation_warm_up_epoches   :                                 160
base_augment_type              :                                crop
augment_type_for_short         :                                 SIM
tao                            :                                 0.2
gamma                          :                                 0.7
beta                           :                                 0.2
substitute_rate                :                                 0.1
insert_rate                    :                                 0.4
max_insert_num_per_pos         :                                   1
temperature                    :                                 1.0
n_views                        :                                   2
model_name                     :                             CoSeRec
hidden_size                    :                                  64
num_hidden_layers              :                                   2
num_attention_heads            :                                   2
hidden_act                     :                                gelu
attention_probs_dropout_prob   :                                 0.5
hidden_dropout_prob            :                                 0.5
initializer_range              :                                0.02
max_seq_length                 :                                  50
lr                             :                               0.001
batch_size                     :                                1024
epochs                         :                                 300
no_cuda                        :                                   0
log_freq                       :                                   1
seed                           :                                   1
cf_weight                      :                                 0.1
rec_weight                     :                                 1.0
weight_decay                   :                                 0.0
adam_beta1                     :                                 0.9
adam_beta2                     :                               0.999
cl                             :                                   1
multi_neg                      :                                   0
use_freq                       :                                   0
cuda_condition                 :                                   1
data_file                      :      ./data/Sports_and_Outdoors.txt
item_size                      :                               18359
mask_id                        :                               18358
log_file                       : output/CoSeRec-Sports_and_Outdoors-single_cl_crop_1024.txt
Similarity Model Type: offline
short sequence augment type: SIM
Augmentation methods for Long sequences: 5
Augmentation methods for short sequences: 3
Creating Contrastive Learning Dataset using 'crop' data augmentation
Similarity Model Type: offline
short sequence augment type: SIM
Augmentation methods for Long sequences: 5
Augmentation methods for short sequences: 3
Creating Contrastive Learning Dataset using 'crop' data augmentation
Similarity Model Type: offline
short sequence augment type: SIM
Augmentation methods for Long sequences: 5
Augmentation methods for short sequences: 3
Creating Contrastive Learning Dataset using 'crop' data augmentation
Total Parameters: 1278464
self.cf_criterion: NCELoss
Train CoSeRec
rec dataset length: 186
100%|█████████████████████████████████████████████████████████████████████████████████████████████████████████████████████████████████████████| 186/186 [00:47<00:00,  3.92it/s]
{'epoch': 0, 'rec_avg_loss': '1.2872', 'joint_avg_loss': '2.1571', 'cl_avg_loss': '8.6990', 'itemcl_loss': '0.0000', 'cl_pair_0_loss': '8.6990'}
Recommendation EP_test:0: 100%|| 35/35 [00:07<00:00,  4.52it/s]
{'Epoch': 0, 'name': 'high_freq', 'HIT@5': '0.0130', 'NDCG@5': '0.0083', 'HIT@10': '0.0206', 'NDCG@10': '0.0107', 'HIT@20': '0.0323', 'NDCG@20': '0.0136'}
{'Epoch': 0, 'name': 'mid_freq', 'HIT@5': '0.0000', 'NDCG@5': '0.0000', 'HIT@10': '0.0000', 'NDCG@10': '0.0000', 'HIT@20': '0.0000', 'NDCG@20': '0.0000'}
{'Epoch': 0, 'name': 'low_freq', 'HIT@5': '0.0000', 'NDCG@5': '0.0000', 'HIT@10': '0.0000', 'NDCG@10': '0.0000', 'HIT@20': '0.0000', 'NDCG@20': '0.0000'}
{'Epoch': 0, 'name': 'all', 'HIT@5': '0.0088', 'NDCG@5': '0.0056', 'HIT@10': '0.0140', 'NDCG@10': '0.0073', 'HIT@20': '0.0219', 'NDCG@20': '0.0093'}
Validation score increased.  Saving model ...
rec dataset length: 186
100%|█████████████████████████████████████████████████████████████████████████████████████████████████████████████████████████████████████████| 186/186 [00:46<00:00,  3.96it/s]
{'epoch': 1, 'rec_avg_loss': '1.1919', 'joint_avg_loss': '1.9142', 'cl_avg_loss': '7.2230', 'itemcl_loss': '0.0000', 'cl_pair_0_loss': '7.2230'}
Recommendation EP_test:1: 100%|| 35/35 [00:07<00:00,  4.78it/s]
{'Epoch': 1, 'name': 'high_freq', 'HIT@5': '0.0123', 'NDCG@5': '0.0080', 'HIT@10': '0.0203', 'NDCG@10': '0.0106', 'HIT@20': '0.0351', 'NDCG@20': '0.0143'}
{'Epoch': 1, 'name': 'mid_freq', 'HIT@5': '0.0000', 'NDCG@5': '0.0000', 'HIT@10': '0.0000', 'NDCG@10': '0.0000', 'HIT@20': '0.0000', 'NDCG@20': '0.0000'}
{'Epoch': 1, 'name': 'low_freq', 'HIT@5': '0.0000', 'NDCG@5': '0.0000', 'HIT@10': '0.0000', 'NDCG@10': '0.0000', 'HIT@20': '0.0000', 'NDCG@20': '0.0000'}
{'Epoch': 1, 'name': 'all', 'HIT@5': '0.0084', 'NDCG@5': '0.0055', 'HIT@10': '0.0138', 'NDCG@10': '0.0072', 'HIT@20': '0.0239', 'NDCG@20': '0.0097'}
Validation score increased.  Saving model ...
rec dataset length: 186
100%|█████████████████████████████████████████████████████████████████████████████████████████████████████████████████████████████████████████| 186/186 [00:47<00:00,  3.95it/s]
{'epoch': 2, 'rec_avg_loss': '1.1689', 'joint_avg_loss': '1.8104', 'cl_avg_loss': '6.4152', 'itemcl_loss': '0.0000', 'cl_pair_0_loss': '6.4152'}
Recommendation EP_test:2: 100%|| 35/35 [00:07<00:00,  4.74it/s]
{'Epoch': 2, 'name': 'high_freq', 'HIT@5': '0.0126', 'NDCG@5': '0.0081', 'HIT@10': '0.0206', 'NDCG@10': '0.0107', 'HIT@20': '0.0360', 'NDCG@20': '0.0146'}
{'Epoch': 2, 'name': 'mid_freq', 'HIT@5': '0.0000', 'NDCG@5': '0.0000', 'HIT@10': '0.0000', 'NDCG@10': '0.0000', 'HIT@20': '0.0000', 'NDCG@20': '0.0000'}
{'Epoch': 2, 'name': 'low_freq', 'HIT@5': '0.0000', 'NDCG@5': '0.0000', 'HIT@10': '0.0000', 'NDCG@10': '0.0000', 'HIT@20': '0.0000', 'NDCG@20': '0.0000'}
{'Epoch': 2, 'name': 'all', 'HIT@5': '0.0086', 'NDCG@5': '0.0055', 'HIT@10': '0.0140', 'NDCG@10': '0.0073', 'HIT@20': '0.0245', 'NDCG@20': '0.0099'}
Validation score increased.  Saving model ...
rec dataset length: 186
100%|█████████████████████████████████████████████████████████████████████████████████████████████████████████████████████████████████████████| 186/186 [00:47<00:00,  3.95it/s]
{'epoch': 3, 'rec_avg_loss': '1.1540', 'joint_avg_loss': '1.7599', 'cl_avg_loss': '6.0591', 'itemcl_loss': '0.0000', 'cl_pair_0_loss': '6.0591'}
Recommendation EP_test:3: 100%|| 35/35 [00:07<00:00,  4.74it/s]
{'Epoch': 3, 'name': 'high_freq', 'HIT@5': '0.0139', 'NDCG@5': '0.0087', 'HIT@10': '0.0228', 'NDCG@10': '0.0116', 'HIT@20': '0.0374', 'NDCG@20': '0.0152'}
{'Epoch': 3, 'name': 'mid_freq', 'HIT@5': '0.0000', 'NDCG@5': '0.0000', 'HIT@10': '0.0000', 'NDCG@10': '0.0000', 'HIT@20': '0.0000', 'NDCG@20': '0.0000'}
{'Epoch': 3, 'name': 'low_freq', 'HIT@5': '0.0000', 'NDCG@5': '0.0000', 'HIT@10': '0.0000', 'NDCG@10': '0.0000', 'HIT@20': '0.0000', 'NDCG@20': '0.0000'}
{'Epoch': 3, 'name': 'all', 'HIT@5': '0.0094', 'NDCG@5': '0.0059', 'HIT@10': '0.0155', 'NDCG@10': '0.0079', 'HIT@20': '0.0254', 'NDCG@20': '0.0104'}
Validation score increased.  Saving model ...
rec dataset length: 186
100%|█████████████████████████████████████████████████████████████████████████████████████████████████████████████████████████████████████████| 186/186 [00:47<00:00,  3.95it/s]
{'epoch': 4, 'rec_avg_loss': '1.1414', 'joint_avg_loss': '1.7221', 'cl_avg_loss': '5.8075', 'itemcl_loss': '0.0000', 'cl_pair_0_loss': '5.8075'}
Recommendation EP_test:4: 100%|| 35/35 [00:07<00:00,  4.67it/s]
{'Epoch': 4, 'name': 'high_freq', 'HIT@5': '0.0135', 'NDCG@5': '0.0085', 'HIT@10': '0.0223', 'NDCG@10': '0.0113', 'HIT@20': '0.0378', 'NDCG@20': '0.0151'}
{'Epoch': 4, 'name': 'mid_freq', 'HIT@5': '0.0000', 'NDCG@5': '0.0000', 'HIT@10': '0.0000', 'NDCG@10': '0.0000', 'HIT@20': '0.0000', 'NDCG@20': '0.0000'}
{'Epoch': 4, 'name': 'low_freq', 'HIT@5': '0.0000', 'NDCG@5': '0.0000', 'HIT@10': '0.0000', 'NDCG@10': '0.0000', 'HIT@20': '0.0000', 'NDCG@20': '0.0000'}
{'Epoch': 4, 'name': 'all', 'HIT@5': '0.0092', 'NDCG@5': '0.0058', 'HIT@10': '0.0151', 'NDCG@10': '0.0077', 'HIT@20': '0.0257', 'NDCG@20': '0.0103'}
EarlyStopping counter: 1 out of 40
rec dataset length: 186
100%|█████████████████████████████████████████████████████████████████████████████████████████████████████████████████████████████████████████| 186/186 [00:47<00:00,  3.95it/s]
{'epoch': 5, 'rec_avg_loss': '1.1208', 'joint_avg_loss': '1.6807', 'cl_avg_loss': '5.5990', 'itemcl_loss': '0.0000', 'cl_pair_0_loss': '5.5990'}
Recommendation EP_test:5: 100%|| 35/35 [00:07<00:00,  4.38it/s]
{'Epoch': 5, 'name': 'high_freq', 'HIT@5': '0.0161', 'NDCG@5': '0.0101', 'HIT@10': '0.0266', 'NDCG@10': '0.0134', 'HIT@20': '0.0452', 'NDCG@20': '0.0181'}
{'Epoch': 5, 'name': 'mid_freq', 'HIT@5': '0.0000', 'NDCG@5': '0.0000', 'HIT@10': '0.0000', 'NDCG@10': '0.0000', 'HIT@20': '0.0000', 'NDCG@20': '0.0000'}
{'Epoch': 5, 'name': 'low_freq', 'HIT@5': '0.0000', 'NDCG@5': '0.0000', 'HIT@10': '0.0000', 'NDCG@10': '0.0000', 'HIT@20': '0.0000', 'NDCG@20': '0.0000'}
{'Epoch': 5, 'name': 'all', 'HIT@5': '0.0110', 'NDCG@5': '0.0068', 'HIT@10': '0.0181', 'NDCG@10': '0.0091', 'HIT@20': '0.0308', 'NDCG@20': '0.0123'}
Validation score increased.  Saving model ...
rec dataset length: 186
100%|█████████████████████████████████████████████████████████████████████████████████████████████████████████████████████████████████████████| 186/186 [00:46<00:00,  3.96it/s]
{'epoch': 6, 'rec_avg_loss': '1.0909', 'joint_avg_loss': '1.6374', 'cl_avg_loss': '5.4658', 'itemcl_loss': '0.0000', 'cl_pair_0_loss': '5.4658'}
Recommendation EP_test:6: 100%|| 35/35 [00:08<00:00,  4.31it/s]
{'Epoch': 6, 'name': 'high_freq', 'HIT@5': '0.0175', 'NDCG@5': '0.0111', 'HIT@10': '0.0322', 'NDCG@10': '0.0158', 'HIT@20': '0.0530', 'NDCG@20': '0.0210'}
{'Epoch': 6, 'name': 'mid_freq', 'HIT@5': '0.0000', 'NDCG@5': '0.0000', 'HIT@10': '0.0000', 'NDCG@10': '0.0000', 'HIT@20': '0.0000', 'NDCG@20': '0.0000'}
{'Epoch': 6, 'name': 'low_freq', 'HIT@5': '0.0000', 'NDCG@5': '0.0000', 'HIT@10': '0.0000', 'NDCG@10': '0.0000', 'HIT@20': '0.0000', 'NDCG@20': '0.0000'}
{'Epoch': 6, 'name': 'all', 'HIT@5': '0.0119', 'NDCG@5': '0.0075', 'HIT@10': '0.0219', 'NDCG@10': '0.0107', 'HIT@20': '0.0360', 'NDCG@20': '0.0143'}
Validation score increased.  Saving model ...
rec dataset length: 186
100%|█████████████████████████████████████████████████████████████████████████████████████████████████████████████████████████████████████████| 186/186 [00:47<00:00,  3.96it/s]
{'epoch': 7, 'rec_avg_loss': '1.0589', 'joint_avg_loss': '1.5982', 'cl_avg_loss': '5.3925', 'itemcl_loss': '0.0000', 'cl_pair_0_loss': '5.3925'}
Recommendation EP_test:7: 100%|| 35/35 [00:08<00:00,  4.25it/s]
{'Epoch': 7, 'name': 'high_freq', 'HIT@5': '0.0185', 'NDCG@5': '0.0113', 'HIT@10': '0.0323', 'NDCG@10': '0.0157', 'HIT@20': '0.0545', 'NDCG@20': '0.0213'}
{'Epoch': 7, 'name': 'mid_freq', 'HIT@5': '0.0000', 'NDCG@5': '0.0000', 'HIT@10': '0.0000', 'NDCG@10': '0.0000', 'HIT@20': '0.0000', 'NDCG@20': '0.0000'}
{'Epoch': 7, 'name': 'low_freq', 'HIT@5': '0.0000', 'NDCG@5': '0.0000', 'HIT@10': '0.0000', 'NDCG@10': '0.0000', 'HIT@20': '0.0000', 'NDCG@20': '0.0000'}
{'Epoch': 7, 'name': 'all', 'HIT@5': '0.0126', 'NDCG@5': '0.0077', 'HIT@10': '0.0220', 'NDCG@10': '0.0107', 'HIT@20': '0.0371', 'NDCG@20': '0.0145'}
Validation score increased.  Saving model ...
rec dataset length: 186
100%|█████████████████████████████████████████████████████████████████████████████████████████████████████████████████████████████████████████| 186/186 [00:47<00:00,  3.95it/s]
{'epoch': 8, 'rec_avg_loss': '1.0281', 'joint_avg_loss': '1.5617', 'cl_avg_loss': '5.3361', 'itemcl_loss': '0.0000', 'cl_pair_0_loss': '5.3361'}
Recommendation EP_test:8: 100%|| 35/35 [00:08<00:00,  4.16it/s]
{'Epoch': 8, 'name': 'high_freq', 'HIT@5': '0.0212', 'NDCG@5': '0.0129', 'HIT@10': '0.0376', 'NDCG@10': '0.0182', 'HIT@20': '0.0604', 'NDCG@20': '0.0239'}
{'Epoch': 8, 'name': 'mid_freq', 'HIT@5': '0.0000', 'NDCG@5': '0.0000', 'HIT@10': '0.0000', 'NDCG@10': '0.0000', 'HIT@20': '0.0000', 'NDCG@20': '0.0000'}
{'Epoch': 8, 'name': 'low_freq', 'HIT@5': '0.0000', 'NDCG@5': '0.0000', 'HIT@10': '0.0000', 'NDCG@10': '0.0000', 'HIT@20': '0.0000', 'NDCG@20': '0.0000'}
{'Epoch': 8, 'name': 'all', 'HIT@5': '0.0144', 'NDCG@5': '0.0088', 'HIT@10': '0.0256', 'NDCG@10': '0.0124', 'HIT@20': '0.0411', 'NDCG@20': '0.0163'}
Validation score increased.  Saving model ...
rec dataset length: 186
100%|█████████████████████████████████████████████████████████████████████████████████████████████████████████████████████████████████████████| 186/186 [00:47<00:00,  3.95it/s]
{'epoch': 9, 'rec_avg_loss': '0.9987', 'joint_avg_loss': '1.5283', 'cl_avg_loss': '5.2956', 'itemcl_loss': '0.0000', 'cl_pair_0_loss': '5.2956'}
Recommendation EP_test:9: 100%|| 35/35 [00:08<00:00,  4.00it/s]
{'Epoch': 9, 'name': 'high_freq', 'HIT@5': '0.0230', 'NDCG@5': '0.0144', 'HIT@10': '0.0382', 'NDCG@10': '0.0193', 'HIT@20': '0.0628', 'NDCG@20': '0.0255'}
{'Epoch': 9, 'name': 'mid_freq', 'HIT@5': '0.0000', 'NDCG@5': '0.0000', 'HIT@10': '0.0000', 'NDCG@10': '0.0000', 'HIT@20': '0.0000', 'NDCG@20': '0.0000'}
{'Epoch': 9, 'name': 'low_freq', 'HIT@5': '0.0000', 'NDCG@5': '0.0000', 'HIT@10': '0.0000', 'NDCG@10': '0.0000', 'HIT@20': '0.0000', 'NDCG@20': '0.0000'}
{'Epoch': 9, 'name': 'all', 'HIT@5': '0.0156', 'NDCG@5': '0.0098', 'HIT@10': '0.0260', 'NDCG@10': '0.0132', 'HIT@20': '0.0428', 'NDCG@20': '0.0174'}
Validation score increased.  Saving model ...
rec dataset length: 186
100%|█████████████████████████████████████████████████████████████████████████████████████████████████████████████████████████████████████████| 186/186 [00:47<00:00,  3.96it/s]
{'epoch': 10, 'rec_avg_loss': '0.9759', 'joint_avg_loss': '1.5013', 'cl_avg_loss': '5.2540', 'itemcl_loss': '0.0000', 'cl_pair_0_loss': '5.2540'}
Recommendation EP_test:10: 100%|| 35/35 [00:08<00:00,  4.08it/s]
{'Epoch': 10, 'name': 'high_freq', 'HIT@5': '0.0240', 'NDCG@5': '0.0156', 'HIT@10': '0.0405', 'NDCG@10': '0.0209', 'HIT@20': '0.0677', 'NDCG@20': '0.0278'}
{'Epoch': 10, 'name': 'mid_freq', 'HIT@5': '0.0000', 'NDCG@5': '0.0000', 'HIT@10': '0.0001', 'NDCG@10': '0.0000', 'HIT@20': '0.0004', 'NDCG@20': '0.0001'}
{'Epoch': 10, 'name': 'low_freq', 'HIT@5': '0.0000', 'NDCG@5': '0.0000', 'HIT@10': '0.0000', 'NDCG@10': '0.0000', 'HIT@20': '0.0000', 'NDCG@20': '0.0000'}
{'Epoch': 10, 'name': 'all', 'HIT@5': '0.0163', 'NDCG@5': '0.0106', 'HIT@10': '0.0276', 'NDCG@10': '0.0142', 'HIT@20': '0.0461', 'NDCG@20': '0.0189'}
Validation score increased.  Saving model ...
rec dataset length: 186
100%|█████████████████████████████████████████████████████████████████████████████████████████████████████████████████████████████████████████| 186/186 [00:47<00:00,  3.95it/s]
{'epoch': 11, 'rec_avg_loss': '0.9558', 'joint_avg_loss': '1.4783', 'cl_avg_loss': '5.2247', 'itemcl_loss': '0.0000', 'cl_pair_0_loss': '5.2247'}
Recommendation EP_test:11: 100%|| 35/35 [00:08<00:00,  4.07it/s]
{'Epoch': 11, 'name': 'high_freq', 'HIT@5': '0.0256', 'NDCG@5': '0.0158', 'HIT@10': '0.0429', 'NDCG@10': '0.0213', 'HIT@20': '0.0715', 'NDCG@20': '0.0285'}
{'Epoch': 11, 'name': 'mid_freq', 'HIT@5': '0.0000', 'NDCG@5': '0.0000', 'HIT@10': '0.0003', 'NDCG@10': '0.0001', 'HIT@20': '0.0004', 'NDCG@20': '0.0001'}
{'Epoch': 11, 'name': 'low_freq', 'HIT@5': '0.0000', 'NDCG@5': '0.0000', 'HIT@10': '0.0000', 'NDCG@10': '0.0000', 'HIT@20': '0.0000', 'NDCG@20': '0.0000'}
{'Epoch': 11, 'name': 'all', 'HIT@5': '0.0174', 'NDCG@5': '0.0107', 'HIT@10': '0.0292', 'NDCG@10': '0.0145', 'HIT@20': '0.0487', 'NDCG@20': '0.0194'}
Validation score increased.  Saving model ...
rec dataset length: 186
100%|█████████████████████████████████████████████████████████████████████████████████████████████████████████████████████████████████████████| 186/186 [00:46<00:00,  3.96it/s]
{'epoch': 12, 'rec_avg_loss': '0.9376', 'joint_avg_loss': '1.4583', 'cl_avg_loss': '5.2069', 'itemcl_loss': '0.0000', 'cl_pair_0_loss': '5.2069'}
Recommendation EP_test:12: 100%|| 35/35 [00:08<00:00,  4.07it/s]
{'Epoch': 12, 'name': 'high_freq', 'HIT@5': '0.0266', 'NDCG@5': '0.0169', 'HIT@10': '0.0452', 'NDCG@10': '0.0229', 'HIT@20': '0.0727', 'NDCG@20': '0.0298'}
{'Epoch': 12, 'name': 'mid_freq', 'HIT@5': '0.0000', 'NDCG@5': '0.0000', 'HIT@10': '0.0000', 'NDCG@10': '0.0000', 'HIT@20': '0.0003', 'NDCG@20': '0.0001'}
{'Epoch': 12, 'name': 'low_freq', 'HIT@5': '0.0000', 'NDCG@5': '0.0000', 'HIT@10': '0.0000', 'NDCG@10': '0.0000', 'HIT@20': '0.0000', 'NDCG@20': '0.0000'}
{'Epoch': 12, 'name': 'all', 'HIT@5': '0.0181', 'NDCG@5': '0.0115', 'HIT@10': '0.0308', 'NDCG@10': '0.0156', 'HIT@20': '0.0495', 'NDCG@20': '0.0203'}
Validation score increased.  Saving model ...
rec dataset length: 186
100%|█████████████████████████████████████████████████████████████████████████████████████████████████████████████████████████████████████████| 186/186 [00:47<00:00,  3.95it/s]
{'epoch': 13, 'rec_avg_loss': '0.9190', 'joint_avg_loss': '1.4387', 'cl_avg_loss': '5.1967', 'itemcl_loss': '0.0000', 'cl_pair_0_loss': '5.1967'}
Recommendation EP_test:13: 100%|| 35/35 [00:08<00:00,  4.09it/s]
{'Epoch': 13, 'name': 'high_freq', 'HIT@5': '0.0292', 'NDCG@5': '0.0186', 'HIT@10': '0.0485', 'NDCG@10': '0.0248', 'HIT@20': '0.0775', 'NDCG@20': '0.0321'}
{'Epoch': 13, 'name': 'mid_freq', 'HIT@5': '0.0000', 'NDCG@5': '0.0000', 'HIT@10': '0.0001', 'NDCG@10': '0.0000', 'HIT@20': '0.0007', 'NDCG@20': '0.0002'}
{'Epoch': 13, 'name': 'low_freq', 'HIT@5': '0.0000', 'NDCG@5': '0.0000', 'HIT@10': '0.0000', 'NDCG@10': '0.0000', 'HIT@20': '0.0000', 'NDCG@20': '0.0000'}
{'Epoch': 13, 'name': 'all', 'HIT@5': '0.0199', 'NDCG@5': '0.0126', 'HIT@10': '0.0330', 'NDCG@10': '0.0169', 'HIT@20': '0.0529', 'NDCG@20': '0.0219'}
Validation score increased.  Saving model ...
rec dataset length: 186
100%|█████████████████████████████████████████████████████████████████████████████████████████████████████████████████████████████████████████| 186/186 [00:46<00:00,  3.96it/s]
{'epoch': 14, 'rec_avg_loss': '0.9027', 'joint_avg_loss': '1.4209', 'cl_avg_loss': '5.1821', 'itemcl_loss': '0.0000', 'cl_pair_0_loss': '5.1821'}
Recommendation EP_test:14: 100%|| 35/35 [00:08<00:00,  4.12it/s]
{'Epoch': 14, 'name': 'high_freq', 'HIT@5': '0.0297', 'NDCG@5': '0.0188', 'HIT@10': '0.0494', 'NDCG@10': '0.0251', 'HIT@20': '0.0792', 'NDCG@20': '0.0326'}
{'Epoch': 14, 'name': 'mid_freq', 'HIT@5': '0.0001', 'NDCG@5': '0.0001', 'HIT@10': '0.0004', 'NDCG@10': '0.0002', 'HIT@20': '0.0010', 'NDCG@20': '0.0003'}
{'Epoch': 14, 'name': 'low_freq', 'HIT@5': '0.0000', 'NDCG@5': '0.0000', 'HIT@10': '0.0000', 'NDCG@10': '0.0000', 'HIT@20': '0.0002', 'NDCG@20': '0.0001'}
{'Epoch': 14, 'name': 'all', 'HIT@5': '0.0203', 'NDCG@5': '0.0128', 'HIT@10': '0.0337', 'NDCG@10': '0.0171', 'HIT@20': '0.0541', 'NDCG@20': '0.0222'}
Validation score increased.  Saving model ...
rec dataset length: 186
100%|█████████████████████████████████████████████████████████████████████████████████████████████████████████████████████████████████████████| 186/186 [00:47<00:00,  3.96it/s]
{'epoch': 15, 'rec_avg_loss': '0.8861', 'joint_avg_loss': '1.4013', 'cl_avg_loss': '5.1518', 'itemcl_loss': '0.0000', 'cl_pair_0_loss': '5.1518'}
Recommendation EP_test:15: 100%|| 35/35 [00:08<00:00,  4.03it/s]
{'Epoch': 15, 'name': 'high_freq', 'HIT@5': '0.0335', 'NDCG@5': '0.0212', 'HIT@10': '0.0525', 'NDCG@10': '0.0273', 'HIT@20': '0.0845', 'NDCG@20': '0.0353'}
{'Epoch': 15, 'name': 'mid_freq', 'HIT@5': '0.0001', 'NDCG@5': '0.0001', 'HIT@10': '0.0009', 'NDCG@10': '0.0003', 'HIT@20': '0.0014', 'NDCG@20': '0.0004'}
{'Epoch': 15, 'name': 'low_freq', 'HIT@5': '0.0000', 'NDCG@5': '0.0000', 'HIT@10': '0.0000', 'NDCG@10': '0.0000', 'HIT@20': '0.0000', 'NDCG@20': '0.0000'}
{'Epoch': 15, 'name': 'all', 'HIT@5': '0.0228', 'NDCG@5': '0.0144', 'HIT@10': '0.0359', 'NDCG@10': '0.0186', 'HIT@20': '0.0578', 'NDCG@20': '0.0241'}
Validation score increased.  Saving model ...
rec dataset length: 186
100%|█████████████████████████████████████████████████████████████████████████████████████████████████████████████████████████████████████████| 186/186 [00:47<00:00,  3.95it/s]
{'epoch': 16, 'rec_avg_loss': '0.8717', 'joint_avg_loss': '1.3867', 'cl_avg_loss': '5.1498', 'itemcl_loss': '0.0000', 'cl_pair_0_loss': '5.1498'}
Recommendation EP_test:16: 100%|| 35/35 [00:08<00:00,  3.98it/s]
{'Epoch': 16, 'name': 'high_freq', 'HIT@5': '0.0332', 'NDCG@5': '0.0214', 'HIT@10': '0.0536', 'NDCG@10': '0.0279', 'HIT@20': '0.0848', 'NDCG@20': '0.0358'}
{'Epoch': 16, 'name': 'mid_freq', 'HIT@5': '0.0003', 'NDCG@5': '0.0001', 'HIT@10': '0.0007', 'NDCG@10': '0.0003', 'HIT@20': '0.0017', 'NDCG@20': '0.0005'}
{'Epoch': 16, 'name': 'low_freq', 'HIT@5': '0.0000', 'NDCG@5': '0.0000', 'HIT@10': '0.0000', 'NDCG@10': '0.0000', 'HIT@20': '0.0000', 'NDCG@20': '0.0000'}
{'Epoch': 16, 'name': 'all', 'HIT@5': '0.0226', 'NDCG@5': '0.0146', 'HIT@10': '0.0366', 'NDCG@10': '0.0191', 'HIT@20': '0.0580', 'NDCG@20': '0.0244'}
Validation score increased.  Saving model ...
rec dataset length: 186
100%|█████████████████████████████████████████████████████████████████████████████████████████████████████████████████████████████████████████| 186/186 [00:47<00:00,  3.95it/s]
{'epoch': 17, 'rec_avg_loss': '0.8600', 'joint_avg_loss': '1.3742', 'cl_avg_loss': '5.1421', 'itemcl_loss': '0.0000', 'cl_pair_0_loss': '5.1421'}
Recommendation EP_test:17: 100%|| 35/35 [00:08<00:00,  4.08it/s]
{'Epoch': 17, 'name': 'high_freq', 'HIT@5': '0.0341', 'NDCG@5': '0.0216', 'HIT@10': '0.0541', 'NDCG@10': '0.0280', 'HIT@20': '0.0851', 'NDCG@20': '0.0358'}
{'Epoch': 17, 'name': 'mid_freq', 'HIT@5': '0.0004', 'NDCG@5': '0.0002', 'HIT@10': '0.0011', 'NDCG@10': '0.0004', 'HIT@20': '0.0023', 'NDCG@20': '0.0007'}
{'Epoch': 17, 'name': 'low_freq', 'HIT@5': '0.0000', 'NDCG@5': '0.0000', 'HIT@10': '0.0000', 'NDCG@10': '0.0000', 'HIT@20': '0.0000', 'NDCG@20': '0.0000'}
{'Epoch': 17, 'name': 'all', 'HIT@5': '0.0233', 'NDCG@5': '0.0147', 'HIT@10': '0.0370', 'NDCG@10': '0.0191', 'HIT@20': '0.0583', 'NDCG@20': '0.0245'}
Validation score increased.  Saving model ...
rec dataset length: 186
100%|█████████████████████████████████████████████████████████████████████████████████████████████████████████████████████████████████████████| 186/186 [00:47<00:00,  3.95it/s]
{'epoch': 18, 'rec_avg_loss': '0.8460', 'joint_avg_loss': '1.3585', 'cl_avg_loss': '5.1255', 'itemcl_loss': '0.0000', 'cl_pair_0_loss': '5.1255'}
Recommendation EP_test:18: 100%|| 35/35 [00:08<00:00,  4.05it/s]
{'Epoch': 18, 'name': 'high_freq', 'HIT@5': '0.0341', 'NDCG@5': '0.0223', 'HIT@10': '0.0551', 'NDCG@10': '0.0291', 'HIT@20': '0.0857', 'NDCG@20': '0.0367'}
{'Epoch': 18, 'name': 'mid_freq', 'HIT@5': '0.0007', 'NDCG@5': '0.0004', 'HIT@10': '0.0013', 'NDCG@10': '0.0006', 'HIT@20': '0.0023', 'NDCG@20': '0.0008'}
{'Epoch': 18, 'name': 'low_freq', 'HIT@5': '0.0000', 'NDCG@5': '0.0000', 'HIT@10': '0.0000', 'NDCG@10': '0.0000', 'HIT@20': '0.0002', 'NDCG@20': '0.0001'}
{'Epoch': 18, 'name': 'all', 'HIT@5': '0.0233', 'NDCG@5': '0.0153', 'HIT@10': '0.0378', 'NDCG@10': '0.0199', 'HIT@20': '0.0588', 'NDCG@20': '0.0251'}
Validation score increased.  Saving model ...
rec dataset length: 186
100%|█████████████████████████████████████████████████████████████████████████████████████████████████████████████████████████████████████████| 186/186 [00:47<00:00,  3.96it/s]
{'epoch': 19, 'rec_avg_loss': '0.8289', 'joint_avg_loss': '1.3394', 'cl_avg_loss': '5.1052', 'itemcl_loss': '0.0000', 'cl_pair_0_loss': '5.1052'}
Recommendation EP_test:19: 100%|| 35/35 [00:08<00:00,  4.00it/s]
{'Epoch': 19, 'name': 'high_freq', 'HIT@5': '0.0365', 'NDCG@5': '0.0237', 'HIT@10': '0.0583', 'NDCG@10': '0.0307', 'HIT@20': '0.0883', 'NDCG@20': '0.0382'}
{'Epoch': 19, 'name': 'mid_freq', 'HIT@5': '0.0011', 'NDCG@5': '0.0009', 'HIT@10': '0.0017', 'NDCG@10': '0.0011', 'HIT@20': '0.0029', 'NDCG@20': '0.0014'}
{'Epoch': 19, 'name': 'low_freq', 'HIT@5': '0.0002', 'NDCG@5': '0.0001', 'HIT@10': '0.0002', 'NDCG@10': '0.0001', 'HIT@20': '0.0007', 'NDCG@20': '0.0002'}
{'Epoch': 19, 'name': 'all', 'HIT@5': '0.0251', 'NDCG@5': '0.0163', 'HIT@10': '0.0400', 'NDCG@10': '0.0211', 'HIT@20': '0.0607', 'NDCG@20': '0.0263'}
Validation score increased.  Saving model ...
rec dataset length: 186
100%|█████████████████████████████████████████████████████████████████████████████████████████████████████████████████████████████████████████| 186/186 [00:47<00:00,  3.95it/s]
{'epoch': 20, 'rec_avg_loss': '0.8177', 'joint_avg_loss': '1.3277', 'cl_avg_loss': '5.0994', 'itemcl_loss': '0.0000', 'cl_pair_0_loss': '5.0994'}
Recommendation EP_test:20: 100%|| 35/35 [00:08<00:00,  4.07it/s]
{'Epoch': 20, 'name': 'high_freq', 'HIT@5': '0.0365', 'NDCG@5': '0.0234', 'HIT@10': '0.0605', 'NDCG@10': '0.0311', 'HIT@20': '0.0916', 'NDCG@20': '0.0389'}
{'Epoch': 20, 'name': 'mid_freq', 'HIT@5': '0.0010', 'NDCG@5': '0.0006', 'HIT@10': '0.0016', 'NDCG@10': '0.0008', 'HIT@20': '0.0029', 'NDCG@20': '0.0011'}
{'Epoch': 20, 'name': 'low_freq', 'HIT@5': '0.0002', 'NDCG@5': '0.0001', 'HIT@10': '0.0005', 'NDCG@10': '0.0002', 'HIT@20': '0.0009', 'NDCG@20': '0.0003'}
{'Epoch': 20, 'name': 'all', 'HIT@5': '0.0251', 'NDCG@5': '0.0160', 'HIT@10': '0.0415', 'NDCG@10': '0.0213', 'HIT@20': '0.0630', 'NDCG@20': '0.0267'}
Validation score increased.  Saving model ...
rec dataset length: 186
100%|█████████████████████████████████████████████████████████████████████████████████████████████████████████████████████████████████████████| 186/186 [00:46<00:00,  3.96it/s]
{'epoch': 21, 'rec_avg_loss': '0.8077', 'joint_avg_loss': '1.3186', 'cl_avg_loss': '5.1092', 'itemcl_loss': '0.0000', 'cl_pair_0_loss': '5.1092'}
Recommendation EP_test:21: 100%|| 35/35 [00:08<00:00,  4.08it/s]
{'Epoch': 21, 'name': 'high_freq', 'HIT@5': '0.0370', 'NDCG@5': '0.0237', 'HIT@10': '0.0598', 'NDCG@10': '0.0309', 'HIT@20': '0.0913', 'NDCG@20': '0.0389'}
{'Epoch': 21, 'name': 'mid_freq', 'HIT@5': '0.0011', 'NDCG@5': '0.0006', 'HIT@10': '0.0016', 'NDCG@10': '0.0007', 'HIT@20': '0.0024', 'NDCG@20': '0.0010'}
{'Epoch': 21, 'name': 'low_freq', 'HIT@5': '0.0002', 'NDCG@5': '0.0002', 'HIT@10': '0.0002', 'NDCG@10': '0.0002', 'HIT@20': '0.0005', 'NDCG@20': '0.0003'}
{'Epoch': 21, 'name': 'all', 'HIT@5': '0.0255', 'NDCG@5': '0.0162', 'HIT@10': '0.0410', 'NDCG@10': '0.0212', 'HIT@20': '0.0626', 'NDCG@20': '0.0267'}
EarlyStopping counter: 1 out of 40
rec dataset length: 186
100%|█████████████████████████████████████████████████████████████████████████████████████████████████████████████████████████████████████████| 186/186 [00:47<00:00,  3.95it/s]
{'epoch': 22, 'rec_avg_loss': '0.7975', 'joint_avg_loss': '1.3068', 'cl_avg_loss': '5.0932', 'itemcl_loss': '0.0000', 'cl_pair_0_loss': '5.0932'}
Recommendation EP_test:22: 100%|| 35/35 [00:08<00:00,  4.14it/s]
{'Epoch': 22, 'name': 'high_freq', 'HIT@5': '0.0387', 'NDCG@5': '0.0250', 'HIT@10': '0.0609', 'NDCG@10': '0.0322', 'HIT@20': '0.0934', 'NDCG@20': '0.0403'}
{'Epoch': 22, 'name': 'mid_freq', 'HIT@5': '0.0007', 'NDCG@5': '0.0004', 'HIT@10': '0.0011', 'NDCG@10': '0.0005', 'HIT@20': '0.0024', 'NDCG@20': '0.0008'}
{'Epoch': 22, 'name': 'low_freq', 'HIT@5': '0.0002', 'NDCG@5': '0.0002', 'HIT@10': '0.0002', 'NDCG@10': '0.0002', 'HIT@20': '0.0005', 'NDCG@20': '0.0003'}
{'Epoch': 22, 'name': 'all', 'HIT@5': '0.0265', 'NDCG@5': '0.0171', 'HIT@10': '0.0417', 'NDCG@10': '0.0220', 'HIT@20': '0.0641', 'NDCG@20': '0.0276'}
Validation score increased.  Saving model ...
rec dataset length: 186
100%|█████████████████████████████████████████████████████████████████████████████████████████████████████████████████████████████████████████| 186/186 [00:47<00:00,  3.96it/s]
{'epoch': 23, 'rec_avg_loss': '0.7857', 'joint_avg_loss': '1.2946', 'cl_avg_loss': '5.0891', 'itemcl_loss': '0.0000', 'cl_pair_0_loss': '5.0891'}
Recommendation EP_test:23: 100%|| 35/35 [00:08<00:00,  4.11it/s]
{'Epoch': 23, 'name': 'high_freq', 'HIT@5': '0.0390', 'NDCG@5': '0.0251', 'HIT@10': '0.0609', 'NDCG@10': '0.0321', 'HIT@20': '0.0953', 'NDCG@20': '0.0407'}
{'Epoch': 23, 'name': 'mid_freq', 'HIT@5': '0.0010', 'NDCG@5': '0.0005', 'HIT@10': '0.0017', 'NDCG@10': '0.0008', 'HIT@20': '0.0032', 'NDCG@20': '0.0011'}
{'Epoch': 23, 'name': 'low_freq', 'HIT@5': '0.0002', 'NDCG@5': '0.0001', 'HIT@10': '0.0002', 'NDCG@10': '0.0001', 'HIT@20': '0.0009', 'NDCG@20': '0.0003'}
{'Epoch': 23, 'name': 'all', 'HIT@5': '0.0267', 'NDCG@5': '0.0172', 'HIT@10': '0.0418', 'NDCG@10': '0.0220', 'HIT@20': '0.0656', 'NDCG@20': '0.0280'}
Validation score increased.  Saving model ...
rec dataset length: 186
100%|█████████████████████████████████████████████████████████████████████████████████████████████████████████████████████████████████████████| 186/186 [00:47<00:00,  3.94it/s]
{'epoch': 24, 'rec_avg_loss': '0.7766', 'joint_avg_loss': '1.2852', 'cl_avg_loss': '5.0859', 'itemcl_loss': '0.0000', 'cl_pair_0_loss': '5.0859'}
Recommendation EP_test:24: 100%|| 35/35 [00:08<00:00,  4.12it/s]
{'Epoch': 24, 'name': 'high_freq', 'HIT@5': '0.0408', 'NDCG@5': '0.0265', 'HIT@10': '0.0631', 'NDCG@10': '0.0337', 'HIT@20': '0.0960', 'NDCG@20': '0.0420'}
{'Epoch': 24, 'name': 'mid_freq', 'HIT@5': '0.0013', 'NDCG@5': '0.0008', 'HIT@10': '0.0017', 'NDCG@10': '0.0010', 'HIT@20': '0.0040', 'NDCG@20': '0.0015'}
{'Epoch': 24, 'name': 'low_freq', 'HIT@5': '0.0005', 'NDCG@5': '0.0002', 'HIT@10': '0.0009', 'NDCG@10': '0.0003', 'HIT@20': '0.0011', 'NDCG@20': '0.0004'}
{'Epoch': 24, 'name': 'all', 'HIT@5': '0.0281', 'NDCG@5': '0.0182', 'HIT@10': '0.0434', 'NDCG@10': '0.0232', 'HIT@20': '0.0663', 'NDCG@20': '0.0289'}
Validation score increased.  Saving model ...
rec dataset length: 186
100%|█████████████████████████████████████████████████████████████████████████████████████████████████████████████████████████████████████████| 186/186 [00:46<00:00,  3.96it/s]
{'epoch': 25, 'rec_avg_loss': '0.7661', 'joint_avg_loss': '1.2720', 'cl_avg_loss': '5.0593', 'itemcl_loss': '0.0000', 'cl_pair_0_loss': '5.0593'}
Recommendation EP_test:25: 100%|| 35/35 [00:08<00:00,  4.08it/s]
{'Epoch': 25, 'name': 'high_freq', 'HIT@5': '0.0395', 'NDCG@5': '0.0255', 'HIT@10': '0.0623', 'NDCG@10': '0.0329', 'HIT@20': '0.0958', 'NDCG@20': '0.0413'}
{'Epoch': 25, 'name': 'mid_freq', 'HIT@5': '0.0014', 'NDCG@5': '0.0010', 'HIT@10': '0.0022', 'NDCG@10': '0.0013', 'HIT@20': '0.0040', 'NDCG@20': '0.0017'}
{'Epoch': 25, 'name': 'low_freq', 'HIT@5': '0.0007', 'NDCG@5': '0.0003', 'HIT@10': '0.0007', 'NDCG@10': '0.0003', 'HIT@20': '0.0011', 'NDCG@20': '0.0005'}
{'Epoch': 25, 'name': 'all', 'HIT@5': '0.0272', 'NDCG@5': '0.0176', 'HIT@10': '0.0429', 'NDCG@10': '0.0227', 'HIT@20': '0.0661', 'NDCG@20': '0.0285'}
EarlyStopping counter: 1 out of 40
rec dataset length: 186
100%|█████████████████████████████████████████████████████████████████████████████████████████████████████████████████████████████████████████| 186/186 [00:47<00:00,  3.95it/s]
{'epoch': 26, 'rec_avg_loss': '0.7543', 'joint_avg_loss': '1.2608', 'cl_avg_loss': '5.0651', 'itemcl_loss': '0.0000', 'cl_pair_0_loss': '5.0651'}
Recommendation EP_test:26: 100%|| 35/35 [00:08<00:00,  4.15it/s]
{'Epoch': 26, 'name': 'high_freq', 'HIT@5': '0.0404', 'NDCG@5': '0.0264', 'HIT@10': '0.0647', 'NDCG@10': '0.0342', 'HIT@20': '0.0984', 'NDCG@20': '0.0427'}
{'Epoch': 26, 'name': 'mid_freq', 'HIT@5': '0.0016', 'NDCG@5': '0.0011', 'HIT@10': '0.0023', 'NDCG@10': '0.0013', 'HIT@20': '0.0040', 'NDCG@20': '0.0017'}
{'Epoch': 26, 'name': 'low_freq', 'HIT@5': '0.0011', 'NDCG@5': '0.0006', 'HIT@10': '0.0014', 'NDCG@10': '0.0006', 'HIT@20': '0.0020', 'NDCG@20': '0.0008'}
{'Epoch': 26, 'name': 'all', 'HIT@5': '0.0279', 'NDCG@5': '0.0182', 'HIT@10': '0.0447', 'NDCG@10': '0.0236', 'HIT@20': '0.0680', 'NDCG@20': '0.0295'}
Validation score increased.  Saving model ...
rec dataset length: 186
100%|█████████████████████████████████████████████████████████████████████████████████████████████████████████████████████████████████████████| 186/186 [00:46<00:00,  3.96it/s]
{'epoch': 27, 'rec_avg_loss': '0.7476', 'joint_avg_loss': '1.2535', 'cl_avg_loss': '5.0595', 'itemcl_loss': '0.0000', 'cl_pair_0_loss': '5.0595'}
Recommendation EP_test:27: 100%|| 35/35 [00:08<00:00,  4.09it/s]
{'Epoch': 27, 'name': 'high_freq', 'HIT@5': '0.0405', 'NDCG@5': '0.0259', 'HIT@10': '0.0637', 'NDCG@10': '0.0333', 'HIT@20': '0.0982', 'NDCG@20': '0.0420'}
{'Epoch': 27, 'name': 'mid_freq', 'HIT@5': '0.0010', 'NDCG@5': '0.0006', 'HIT@10': '0.0026', 'NDCG@10': '0.0012', 'HIT@20': '0.0039', 'NDCG@20': '0.0015'}
{'Epoch': 27, 'name': 'low_freq', 'HIT@5': '0.0009', 'NDCG@5': '0.0004', 'HIT@10': '0.0016', 'NDCG@10': '0.0007', 'HIT@20': '0.0023', 'NDCG@20': '0.0008'}
{'Epoch': 27, 'name': 'all', 'HIT@5': '0.0278', 'NDCG@5': '0.0178', 'HIT@10': '0.0440', 'NDCG@10': '0.0230', 'HIT@20': '0.0678', 'NDCG@20': '0.0290'}
EarlyStopping counter: 1 out of 40
rec dataset length: 186
100%|█████████████████████████████████████████████████████████████████████████████████████████████████████████████████████████████████████████| 186/186 [00:46<00:00,  3.97it/s]
{'epoch': 28, 'rec_avg_loss': '0.7374', 'joint_avg_loss': '1.2439', 'cl_avg_loss': '5.0646', 'itemcl_loss': '0.0000', 'cl_pair_0_loss': '5.0646'}
Recommendation EP_test:28: 100%|| 35/35 [00:08<00:00,  4.08it/s]
{'Epoch': 28, 'name': 'high_freq', 'HIT@5': '0.0409', 'NDCG@5': '0.0269', 'HIT@10': '0.0646', 'NDCG@10': '0.0345', 'HIT@20': '0.0999', 'NDCG@20': '0.0433'}
{'Epoch': 28, 'name': 'mid_freq', 'HIT@5': '0.0014', 'NDCG@5': '0.0008', 'HIT@10': '0.0026', 'NDCG@10': '0.0011', 'HIT@20': '0.0043', 'NDCG@20': '0.0016'}
{'Epoch': 28, 'name': 'low_freq', 'HIT@5': '0.0011', 'NDCG@5': '0.0007', 'HIT@10': '0.0014', 'NDCG@10': '0.0008', 'HIT@20': '0.0016', 'NDCG@20': '0.0009'}
{'Epoch': 28, 'name': 'all', 'HIT@5': '0.0283', 'NDCG@5': '0.0185', 'HIT@10': '0.0446', 'NDCG@10': '0.0238', 'HIT@20': '0.0690', 'NDCG@20': '0.0299'}
Validation score increased.  Saving model ...
rec dataset length: 186
100%|█████████████████████████████████████████████████████████████████████████████████████████████████████████████████████████████████████████| 186/186 [00:47<00:00,  3.95it/s]
{'epoch': 29, 'rec_avg_loss': '0.7284', 'joint_avg_loss': '1.2334', 'cl_avg_loss': '5.0498', 'itemcl_loss': '0.0000', 'cl_pair_0_loss': '5.0498'}
Recommendation EP_test:29: 100%|| 35/35 [00:08<00:00,  4.13it/s]
{'Epoch': 29, 'name': 'high_freq', 'HIT@5': '0.0415', 'NDCG@5': '0.0269', 'HIT@10': '0.0649', 'NDCG@10': '0.0344', 'HIT@20': '0.0997', 'NDCG@20': '0.0431'}
{'Epoch': 29, 'name': 'mid_freq', 'HIT@5': '0.0016', 'NDCG@5': '0.0010', 'HIT@10': '0.0027', 'NDCG@10': '0.0013', 'HIT@20': '0.0040', 'NDCG@20': '0.0016'}
{'Epoch': 29, 'name': 'low_freq', 'HIT@5': '0.0011', 'NDCG@5': '0.0006', 'HIT@10': '0.0016', 'NDCG@10': '0.0007', 'HIT@20': '0.0020', 'NDCG@20': '0.0008'}
{'Epoch': 29, 'name': 'all', 'HIT@5': '0.0287', 'NDCG@5': '0.0185', 'HIT@10': '0.0449', 'NDCG@10': '0.0238', 'HIT@20': '0.0689', 'NDCG@20': '0.0298'}
EarlyStopping counter: 1 out of 40
rec dataset length: 186
100%|█████████████████████████████████████████████████████████████████████████████████████████████████████████████████████████████████████████| 186/186 [00:46<00:00,  3.96it/s]
{'epoch': 30, 'rec_avg_loss': '0.7214', 'joint_avg_loss': '1.2262', 'cl_avg_loss': '5.0482', 'itemcl_loss': '0.0000', 'cl_pair_0_loss': '5.0482'}
Recommendation EP_test:30: 100%|| 35/35 [00:08<00:00,  4.09it/s]
{'Epoch': 30, 'name': 'high_freq', 'HIT@5': '0.0423', 'NDCG@5': '0.0275', 'HIT@10': '0.0655', 'NDCG@10': '0.0349', 'HIT@20': '0.0989', 'NDCG@20': '0.0433'}
{'Epoch': 30, 'name': 'mid_freq', 'HIT@5': '0.0022', 'NDCG@5': '0.0012', 'HIT@10': '0.0030', 'NDCG@10': '0.0015', 'HIT@20': '0.0056', 'NDCG@20': '0.0021'}
{'Epoch': 30, 'name': 'low_freq', 'HIT@5': '0.0016', 'NDCG@5': '0.0008', 'HIT@10': '0.0018', 'NDCG@10': '0.0009', 'HIT@20': '0.0023', 'NDCG@20': '0.0010'}
{'Epoch': 30, 'name': 'all', 'HIT@5': '0.0294', 'NDCG@5': '0.0191', 'HIT@10': '0.0454', 'NDCG@10': '0.0242', 'HIT@20': '0.0686', 'NDCG@20': '0.0300'}
Validation score increased.  Saving model ...
rec dataset length: 186
100%|█████████████████████████████████████████████████████████████████████████████████████████████████████████████████████████████████████████| 186/186 [00:46<00:00,  3.97it/s]
{'epoch': 31, 'rec_avg_loss': '0.7114', 'joint_avg_loss': '1.2160', 'cl_avg_loss': '5.0461', 'itemcl_loss': '0.0000', 'cl_pair_0_loss': '5.0461'}
Recommendation EP_test:31: 100%|| 35/35 [00:08<00:00,  4.16it/s]
{'Epoch': 31, 'name': 'high_freq', 'HIT@5': '0.0412', 'NDCG@5': '0.0269', 'HIT@10': '0.0654', 'NDCG@10': '0.0346', 'HIT@20': '0.1010', 'NDCG@20': '0.0436'}
{'Epoch': 31, 'name': 'mid_freq', 'HIT@5': '0.0020', 'NDCG@5': '0.0013', 'HIT@10': '0.0036', 'NDCG@10': '0.0018', 'HIT@20': '0.0059', 'NDCG@20': '0.0024'}
{'Epoch': 31, 'name': 'low_freq', 'HIT@5': '0.0016', 'NDCG@5': '0.0011', 'HIT@10': '0.0023', 'NDCG@10': '0.0013', 'HIT@20': '0.0023', 'NDCG@20': '0.0013'}
{'Epoch': 31, 'name': 'all', 'HIT@5': '0.0286', 'NDCG@5': '0.0187', 'HIT@10': '0.0455', 'NDCG@10': '0.0241', 'HIT@20': '0.0702', 'NDCG@20': '0.0303'}
Validation score increased.  Saving model ...
rec dataset length: 186
100%|█████████████████████████████████████████████████████████████████████████████████████████████████████████████████████████████████████████| 186/186 [00:47<00:00,  3.95it/s]
{'epoch': 32, 'rec_avg_loss': '0.7057', 'joint_avg_loss': '1.2103', 'cl_avg_loss': '5.0461', 'itemcl_loss': '0.0000', 'cl_pair_0_loss': '5.0461'}
Recommendation EP_test:32: 100%|| 35/35 [00:08<00:00,  4.20it/s]
{'Epoch': 32, 'name': 'high_freq', 'HIT@5': '0.0421', 'NDCG@5': '0.0275', 'HIT@10': '0.0650', 'NDCG@10': '0.0348', 'HIT@20': '0.0998', 'NDCG@20': '0.0436'}
{'Epoch': 32, 'name': 'mid_freq', 'HIT@5': '0.0023', 'NDCG@5': '0.0015', 'HIT@10': '0.0034', 'NDCG@10': '0.0018', 'HIT@20': '0.0055', 'NDCG@20': '0.0023'}
{'Epoch': 32, 'name': 'low_freq', 'HIT@5': '0.0018', 'NDCG@5': '0.0012', 'HIT@10': '0.0018', 'NDCG@10': '0.0012', 'HIT@20': '0.0023', 'NDCG@20': '0.0013'}
{'Epoch': 32, 'name': 'all', 'HIT@5': '0.0293', 'NDCG@5': '0.0191', 'HIT@10': '0.0451', 'NDCG@10': '0.0242', 'HIT@20': '0.0693', 'NDCG@20': '0.0303'}
EarlyStopping counter: 1 out of 40
rec dataset length: 186
100%|█████████████████████████████████████████████████████████████████████████████████████████████████████████████████████████████████████████| 186/186 [00:47<00:00,  3.95it/s]
{'epoch': 33, 'rec_avg_loss': '0.6985', 'joint_avg_loss': '1.2026', 'cl_avg_loss': '5.0417', 'itemcl_loss': '0.0000', 'cl_pair_0_loss': '5.0417'}
Recommendation EP_test:33: 100%|| 35/35 [00:08<00:00,  4.13it/s]
{'Epoch': 33, 'name': 'high_freq', 'HIT@5': '0.0421', 'NDCG@5': '0.0274', 'HIT@10': '0.0670', 'NDCG@10': '0.0353', 'HIT@20': '0.1021', 'NDCG@20': '0.0441'}
{'Epoch': 33, 'name': 'mid_freq', 'HIT@5': '0.0027', 'NDCG@5': '0.0018', 'HIT@10': '0.0036', 'NDCG@10': '0.0020', 'HIT@20': '0.0056', 'NDCG@20': '0.0025'}
{'Epoch': 33, 'name': 'low_freq', 'HIT@5': '0.0018', 'NDCG@5': '0.0010', 'HIT@10': '0.0020', 'NDCG@10': '0.0011', 'HIT@20': '0.0025', 'NDCG@20': '0.0012'}
{'Epoch': 33, 'name': 'all', 'HIT@5': '0.0294', 'NDCG@5': '0.0191', 'HIT@10': '0.0465', 'NDCG@10': '0.0246', 'HIT@20': '0.0708', 'NDCG@20': '0.0307'}
Validation score increased.  Saving model ...
rec dataset length: 186
100%|█████████████████████████████████████████████████████████████████████████████████████████████████████████████████████████████████████████| 186/186 [00:46<00:00,  3.97it/s]
{'epoch': 34, 'rec_avg_loss': '0.6908', 'joint_avg_loss': '1.1940', 'cl_avg_loss': '5.0323', 'itemcl_loss': '0.0000', 'cl_pair_0_loss': '5.0323'}
Recommendation EP_test:34: 100%|| 35/35 [00:08<00:00,  4.13it/s]
{'Epoch': 34, 'name': 'high_freq', 'HIT@5': '0.0422', 'NDCG@5': '0.0273', 'HIT@10': '0.0667', 'NDCG@10': '0.0351', 'HIT@20': '0.1027', 'NDCG@20': '0.0442'}
{'Epoch': 34, 'name': 'mid_freq', 'HIT@5': '0.0026', 'NDCG@5': '0.0014', 'HIT@10': '0.0039', 'NDCG@10': '0.0018', 'HIT@20': '0.0059', 'NDCG@20': '0.0023'}
{'Epoch': 34, 'name': 'low_freq', 'HIT@5': '0.0018', 'NDCG@5': '0.0011', 'HIT@10': '0.0023', 'NDCG@10': '0.0012', 'HIT@20': '0.0029', 'NDCG@20': '0.0014'}
{'Epoch': 34, 'name': 'all', 'HIT@5': '0.0295', 'NDCG@5': '0.0190', 'HIT@10': '0.0464', 'NDCG@10': '0.0244', 'HIT@20': '0.0714', 'NDCG@20': '0.0307'}
EarlyStopping counter: 1 out of 40
rec dataset length: 186
100%|█████████████████████████████████████████████████████████████████████████████████████████████████████████████████████████████████████████| 186/186 [00:47<00:00,  3.95it/s]
{'epoch': 35, 'rec_avg_loss': '0.6857', 'joint_avg_loss': '1.1887', 'cl_avg_loss': '5.0306', 'itemcl_loss': '0.0000', 'cl_pair_0_loss': '5.0306'}
Recommendation EP_test:35: 100%|| 35/35 [00:08<00:00,  4.24it/s]
{'Epoch': 35, 'name': 'high_freq', 'HIT@5': '0.0446', 'NDCG@5': '0.0290', 'HIT@10': '0.0689', 'NDCG@10': '0.0368', 'HIT@20': '0.1060', 'NDCG@20': '0.0461'}
{'Epoch': 35, 'name': 'mid_freq', 'HIT@5': '0.0033', 'NDCG@5': '0.0021', 'HIT@10': '0.0040', 'NDCG@10': '0.0024', 'HIT@20': '0.0069', 'NDCG@20': '0.0031'}
{'Epoch': 35, 'name': 'low_freq', 'HIT@5': '0.0020', 'NDCG@5': '0.0012', 'HIT@10': '0.0025', 'NDCG@10': '0.0014', 'HIT@20': '0.0029', 'NDCG@20': '0.0015'}
{'Epoch': 35, 'name': 'all', 'HIT@5': '0.0312', 'NDCG@5': '0.0203', 'HIT@10': '0.0480', 'NDCG@10': '0.0257', 'HIT@20': '0.0738', 'NDCG@20': '0.0322'}
Validation score increased.  Saving model ...
rec dataset length: 186
100%|█████████████████████████████████████████████████████████████████████████████████████████████████████████████████████████████████████████| 186/186 [00:47<00:00,  3.95it/s]
{'epoch': 36, 'rec_avg_loss': '0.6782', 'joint_avg_loss': '1.1801', 'cl_avg_loss': '5.0186', 'itemcl_loss': '0.0000', 'cl_pair_0_loss': '5.0186'}
Recommendation EP_test:36: 100%|| 35/35 [00:08<00:00,  4.23it/s]
{'Epoch': 36, 'name': 'high_freq', 'HIT@5': '0.0428', 'NDCG@5': '0.0279', 'HIT@10': '0.0677', 'NDCG@10': '0.0358', 'HIT@20': '0.1042', 'NDCG@20': '0.0450'}
{'Epoch': 36, 'name': 'mid_freq', 'HIT@5': '0.0032', 'NDCG@5': '0.0020', 'HIT@10': '0.0047', 'NDCG@10': '0.0025', 'HIT@20': '0.0068', 'NDCG@20': '0.0030'}
{'Epoch': 36, 'name': 'low_freq', 'HIT@5': '0.0016', 'NDCG@5': '0.0011', 'HIT@10': '0.0020', 'NDCG@10': '0.0013', 'HIT@20': '0.0032', 'NDCG@20': '0.0016'}
{'Epoch': 36, 'name': 'all', 'HIT@5': '0.0299', 'NDCG@5': '0.0195', 'HIT@10': '0.0472', 'NDCG@10': '0.0250', 'HIT@20': '0.0726', 'NDCG@20': '0.0314'}
EarlyStopping counter: 1 out of 40
rec dataset length: 186
100%|█████████████████████████████████████████████████████████████████████████████████████████████████████████████████████████████████████████| 186/186 [00:46<00:00,  3.97it/s]
{'epoch': 37, 'rec_avg_loss': '0.6716', 'joint_avg_loss': '1.1737', 'cl_avg_loss': '5.0206', 'itemcl_loss': '0.0000', 'cl_pair_0_loss': '5.0206'}
Recommendation EP_test:37: 100%|| 35/35 [00:08<00:00,  4.16it/s]
{'Epoch': 37, 'name': 'high_freq', 'HIT@5': '0.0429', 'NDCG@5': '0.0278', 'HIT@10': '0.0680', 'NDCG@10': '0.0359', 'HIT@20': '0.1049', 'NDCG@20': '0.0452'}
{'Epoch': 37, 'name': 'mid_freq', 'HIT@5': '0.0032', 'NDCG@5': '0.0020', 'HIT@10': '0.0042', 'NDCG@10': '0.0024', 'HIT@20': '0.0076', 'NDCG@20': '0.0032'}
{'Epoch': 37, 'name': 'low_freq', 'HIT@5': '0.0014', 'NDCG@5': '0.0009', 'HIT@10': '0.0023', 'NDCG@10': '0.0012', 'HIT@20': '0.0034', 'NDCG@20': '0.0015'}
{'Epoch': 37, 'name': 'all', 'HIT@5': '0.0300', 'NDCG@5': '0.0195', 'HIT@10': '0.0473', 'NDCG@10': '0.0251', 'HIT@20': '0.0733', 'NDCG@20': '0.0315'}
EarlyStopping counter: 2 out of 40
rec dataset length: 186
100%|█████████████████████████████████████████████████████████████████████████████████████████████████████████████████████████████████████████| 186/186 [00:46<00:00,  3.96it/s]
{'epoch': 38, 'rec_avg_loss': '0.6648', 'joint_avg_loss': '1.1672', 'cl_avg_loss': '5.0239', 'itemcl_loss': '0.0000', 'cl_pair_0_loss': '5.0239'}
Recommendation EP_test:38: 100%|| 35/35 [00:08<00:00,  4.29it/s]
{'Epoch': 38, 'name': 'high_freq', 'HIT@5': '0.0434', 'NDCG@5': '0.0282', 'HIT@10': '0.0677', 'NDCG@10': '0.0360', 'HIT@20': '0.1036', 'NDCG@20': '0.0450'}
{'Epoch': 38, 'name': 'mid_freq', 'HIT@5': '0.0029', 'NDCG@5': '0.0020', 'HIT@10': '0.0043', 'NDCG@10': '0.0024', 'HIT@20': '0.0072', 'NDCG@20': '0.0031'}
{'Epoch': 38, 'name': 'low_freq', 'HIT@5': '0.0018', 'NDCG@5': '0.0011', 'HIT@10': '0.0025', 'NDCG@10': '0.0013', 'HIT@20': '0.0027', 'NDCG@20': '0.0013'}
{'Epoch': 38, 'name': 'all', 'HIT@5': '0.0303', 'NDCG@5': '0.0197', 'HIT@10': '0.0472', 'NDCG@10': '0.0251', 'HIT@20': '0.0722', 'NDCG@20': '0.0314'}
EarlyStopping counter: 3 out of 40
rec dataset length: 186
100%|█████████████████████████████████████████████████████████████████████████████████████████████████████████████████████████████████████████| 186/186 [00:46<00:00,  3.96it/s]
{'epoch': 39, 'rec_avg_loss': '0.6591', 'joint_avg_loss': '1.1597', 'cl_avg_loss': '5.0064', 'itemcl_loss': '0.0000', 'cl_pair_0_loss': '5.0064'}
Recommendation EP_test:39: 100%|| 35/35 [00:08<00:00,  4.31it/s]
{'Epoch': 39, 'name': 'high_freq', 'HIT@5': '0.0436', 'NDCG@5': '0.0283', 'HIT@10': '0.0692', 'NDCG@10': '0.0366', 'HIT@20': '0.1055', 'NDCG@20': '0.0457'}
{'Epoch': 39, 'name': 'mid_freq', 'HIT@5': '0.0036', 'NDCG@5': '0.0021', 'HIT@10': '0.0045', 'NDCG@10': '0.0024', 'HIT@20': '0.0073', 'NDCG@20': '0.0031'}
{'Epoch': 39, 'name': 'low_freq', 'HIT@5': '0.0018', 'NDCG@5': '0.0012', 'HIT@10': '0.0020', 'NDCG@10': '0.0013', 'HIT@20': '0.0029', 'NDCG@20': '0.0015'}
{'Epoch': 39, 'name': 'all', 'HIT@5': '0.0306', 'NDCG@5': '0.0198', 'HIT@10': '0.0482', 'NDCG@10': '0.0255', 'HIT@20': '0.0735', 'NDCG@20': '0.0319'}
EarlyStopping counter: 4 out of 40
rec dataset length: 186
100%|█████████████████████████████████████████████████████████████████████████████████████████████████████████████████████████████████████████| 186/186 [00:46<00:00,  3.97it/s]
{'epoch': 40, 'rec_avg_loss': '0.6542', 'joint_avg_loss': '1.1555', 'cl_avg_loss': '5.0131', 'itemcl_loss': '0.0000', 'cl_pair_0_loss': '5.0131'}
Recommendation EP_test:40: 100%|| 35/35 [00:08<00:00,  4.22it/s]
{'Epoch': 40, 'name': 'high_freq', 'HIT@5': '0.0433', 'NDCG@5': '0.0277', 'HIT@10': '0.0679', 'NDCG@10': '0.0356', 'HIT@20': '0.1032', 'NDCG@20': '0.0445'}
{'Epoch': 40, 'name': 'mid_freq', 'HIT@5': '0.0033', 'NDCG@5': '0.0022', 'HIT@10': '0.0043', 'NDCG@10': '0.0026', 'HIT@20': '0.0068', 'NDCG@20': '0.0032'}
{'Epoch': 40, 'name': 'low_freq', 'HIT@5': '0.0018', 'NDCG@5': '0.0013', 'HIT@10': '0.0020', 'NDCG@10': '0.0013', 'HIT@20': '0.0029', 'NDCG@20': '0.0016'}
{'Epoch': 40, 'name': 'all', 'HIT@5': '0.0303', 'NDCG@5': '0.0194', 'HIT@10': '0.0473', 'NDCG@10': '0.0249', 'HIT@20': '0.0719', 'NDCG@20': '0.0311'}
EarlyStopping counter: 5 out of 40
rec dataset length: 186
100%|█████████████████████████████████████████████████████████████████████████████████████████████████████████████████████████████████████████| 186/186 [00:47<00:00,  3.93it/s]
{'epoch': 41, 'rec_avg_loss': '0.6476', 'joint_avg_loss': '1.1494', 'cl_avg_loss': '5.0178', 'itemcl_loss': '0.0000', 'cl_pair_0_loss': '5.0178'}
Recommendation EP_test:41: 100%|| 35/35 [00:08<00:00,  4.23it/s]
{'Epoch': 41, 'name': 'high_freq', 'HIT@5': '0.0442', 'NDCG@5': '0.0287', 'HIT@10': '0.0695', 'NDCG@10': '0.0368', 'HIT@20': '0.1058', 'NDCG@20': '0.0459'}
{'Epoch': 41, 'name': 'mid_freq', 'HIT@5': '0.0034', 'NDCG@5': '0.0023', 'HIT@10': '0.0037', 'NDCG@10': '0.0024', 'HIT@20': '0.0075', 'NDCG@20': '0.0034'}
{'Epoch': 41, 'name': 'low_freq', 'HIT@5': '0.0020', 'NDCG@5': '0.0014', 'HIT@10': '0.0027', 'NDCG@10': '0.0016', 'HIT@20': '0.0043', 'NDCG@20': '0.0020'}
{'Epoch': 41, 'name': 'all', 'HIT@5': '0.0310', 'NDCG@5': '0.0202', 'HIT@10': '0.0484', 'NDCG@10': '0.0257', 'HIT@20': '0.0740', 'NDCG@20': '0.0322'}
EarlyStopping counter: 6 out of 40
rec dataset length: 186
100%|█████████████████████████████████████████████████████████████████████████████████████████████████████████████████████████████████████████| 186/186 [00:47<00:00,  3.95it/s]
{'epoch': 42, 'rec_avg_loss': '0.6417', 'joint_avg_loss': '1.1422', 'cl_avg_loss': '5.0045', 'itemcl_loss': '0.0000', 'cl_pair_0_loss': '5.0045'}
Recommendation EP_test:42: 100%|| 35/35 [00:08<00:00,  4.19it/s]
{'Epoch': 42, 'name': 'high_freq', 'HIT@5': '0.0443', 'NDCG@5': '0.0288', 'HIT@10': '0.0692', 'NDCG@10': '0.0369', 'HIT@20': '0.1063', 'NDCG@20': '0.0462'}
{'Epoch': 42, 'name': 'mid_freq', 'HIT@5': '0.0032', 'NDCG@5': '0.0023', 'HIT@10': '0.0043', 'NDCG@10': '0.0026', 'HIT@20': '0.0078', 'NDCG@20': '0.0035'}
{'Epoch': 42, 'name': 'low_freq', 'HIT@5': '0.0020', 'NDCG@5': '0.0014', 'HIT@10': '0.0020', 'NDCG@10': '0.0014', 'HIT@20': '0.0038', 'NDCG@20': '0.0018'}
{'Epoch': 42, 'name': 'all', 'HIT@5': '0.0310', 'NDCG@5': '0.0202', 'HIT@10': '0.0482', 'NDCG@10': '0.0258', 'HIT@20': '0.0743', 'NDCG@20': '0.0323'}
Validation score increased.  Saving model ...
rec dataset length: 186
100%|█████████████████████████████████████████████████████████████████████████████████████████████████████████████████████████████████████████| 186/186 [00:46<00:00,  3.96it/s]
{'epoch': 43, 'rec_avg_loss': '0.6368', 'joint_avg_loss': '1.1361', 'cl_avg_loss': '4.9924', 'itemcl_loss': '0.0000', 'cl_pair_0_loss': '4.9924'}
Recommendation EP_test:43: 100%|| 35/35 [00:08<00:00,  4.22it/s]
{'Epoch': 43, 'name': 'high_freq', 'HIT@5': '0.0446', 'NDCG@5': '0.0294', 'HIT@10': '0.0673', 'NDCG@10': '0.0368', 'HIT@20': '0.1049', 'NDCG@20': '0.0462'}
{'Epoch': 43, 'name': 'mid_freq', 'HIT@5': '0.0033', 'NDCG@5': '0.0024', 'HIT@10': '0.0043', 'NDCG@10': '0.0027', 'HIT@20': '0.0080', 'NDCG@20': '0.0036'}
{'Epoch': 43, 'name': 'low_freq', 'HIT@5': '0.0020', 'NDCG@5': '0.0015', 'HIT@10': '0.0020', 'NDCG@10': '0.0015', 'HIT@20': '0.0043', 'NDCG@20': '0.0020'}
{'Epoch': 43, 'name': 'all', 'HIT@5': '0.0312', 'NDCG@5': '0.0206', 'HIT@10': '0.0469', 'NDCG@10': '0.0257', 'HIT@20': '0.0735', 'NDCG@20': '0.0324'}
Validation score increased.  Saving model ...
rec dataset length: 186
100%|█████████████████████████████████████████████████████████████████████████████████████████████████████████████████████████████████████████| 186/186 [00:47<00:00,  3.95it/s]
{'epoch': 44, 'rec_avg_loss': '0.6326', 'joint_avg_loss': '1.1335', 'cl_avg_loss': '5.0086', 'itemcl_loss': '0.0000', 'cl_pair_0_loss': '5.0086'}
Recommendation EP_test:44: 100%|| 35/35 [00:08<00:00,  4.27it/s]
{'Epoch': 44, 'name': 'high_freq', 'HIT@5': '0.0454', 'NDCG@5': '0.0298', 'HIT@10': '0.0696', 'NDCG@10': '0.0377', 'HIT@20': '0.1056', 'NDCG@20': '0.0467'}
{'Epoch': 44, 'name': 'mid_freq', 'HIT@5': '0.0032', 'NDCG@5': '0.0021', 'HIT@10': '0.0043', 'NDCG@10': '0.0025', 'HIT@20': '0.0082', 'NDCG@20': '0.0034'}
{'Epoch': 44, 'name': 'low_freq', 'HIT@5': '0.0023', 'NDCG@5': '0.0014', 'HIT@10': '0.0029', 'NDCG@10': '0.0016', 'HIT@20': '0.0045', 'NDCG@20': '0.0020'}
{'Epoch': 44, 'name': 'all', 'HIT@5': '0.0318', 'NDCG@5': '0.0209', 'HIT@10': '0.0486', 'NDCG@10': '0.0263', 'HIT@20': '0.0740', 'NDCG@20': '0.0327'}
Validation score increased.  Saving model ...
rec dataset length: 186
100%|█████████████████████████████████████████████████████████████████████████████████████████████████████████████████████████████████████████| 186/186 [00:46<00:00,  3.96it/s]
{'epoch': 45, 'rec_avg_loss': '0.6266', 'joint_avg_loss': '1.1266', 'cl_avg_loss': '5.0000', 'itemcl_loss': '0.0000', 'cl_pair_0_loss': '5.0000'}
Recommendation EP_test:45: 100%|| 35/35 [00:08<00:00,  4.32it/s]
{'Epoch': 45, 'name': 'high_freq', 'HIT@5': '0.0455', 'NDCG@5': '0.0299', 'HIT@10': '0.0702', 'NDCG@10': '0.0378', 'HIT@20': '0.1060', 'NDCG@20': '0.0468'}
{'Epoch': 45, 'name': 'mid_freq', 'HIT@5': '0.0033', 'NDCG@5': '0.0021', 'HIT@10': '0.0040', 'NDCG@10': '0.0024', 'HIT@20': '0.0083', 'NDCG@20': '0.0035'}
{'Epoch': 45, 'name': 'low_freq', 'HIT@5': '0.0020', 'NDCG@5': '0.0014', 'HIT@10': '0.0034', 'NDCG@10': '0.0019', 'HIT@20': '0.0054', 'NDCG@20': '0.0024'}
{'Epoch': 45, 'name': 'all', 'HIT@5': '0.0318', 'NDCG@5': '0.0209', 'HIT@10': '0.0490', 'NDCG@10': '0.0264', 'HIT@20': '0.0744', 'NDCG@20': '0.0328'}
Validation score increased.  Saving model ...
rec dataset length: 186
100%|█████████████████████████████████████████████████████████████████████████████████████████████████████████████████████████████████████████| 186/186 [00:46<00:00,  3.97it/s]
{'epoch': 46, 'rec_avg_loss': '0.6211', 'joint_avg_loss': '1.1217', 'cl_avg_loss': '5.0060', 'itemcl_loss': '0.0000', 'cl_pair_0_loss': '5.0060'}
Recommendation EP_test:46: 100%|| 35/35 [00:08<00:00,  4.21it/s]
{'Epoch': 46, 'name': 'high_freq', 'HIT@5': '0.0462', 'NDCG@5': '0.0303', 'HIT@10': '0.0704', 'NDCG@10': '0.0381', 'HIT@20': '0.1084', 'NDCG@20': '0.0476'}
{'Epoch': 46, 'name': 'mid_freq', 'HIT@5': '0.0033', 'NDCG@5': '0.0021', 'HIT@10': '0.0045', 'NDCG@10': '0.0025', 'HIT@20': '0.0080', 'NDCG@20': '0.0034'}
{'Epoch': 46, 'name': 'low_freq', 'HIT@5': '0.0025', 'NDCG@5': '0.0017', 'HIT@10': '0.0036', 'NDCG@10': '0.0020', 'HIT@20': '0.0050', 'NDCG@20': '0.0023'}
{'Epoch': 46, 'name': 'all', 'HIT@5': '0.0324', 'NDCG@5': '0.0213', 'HIT@10': '0.0492', 'NDCG@10': '0.0267', 'HIT@20': '0.0759', 'NDCG@20': '0.0333'}
Validation score increased.  Saving model ...
rec dataset length: 186
100%|█████████████████████████████████████████████████████████████████████████████████████████████████████████████████████████████████████████| 186/186 [00:46<00:00,  3.96it/s]
{'epoch': 47, 'rec_avg_loss': '0.6164', 'joint_avg_loss': '1.1156', 'cl_avg_loss': '4.9920', 'itemcl_loss': '0.0000', 'cl_pair_0_loss': '4.9920'}
Recommendation EP_test:47: 100%|| 35/35 [00:08<00:00,  4.29it/s]
{'Epoch': 47, 'name': 'high_freq', 'HIT@5': '0.0461', 'NDCG@5': '0.0302', 'HIT@10': '0.0700', 'NDCG@10': '0.0379', 'HIT@20': '0.1058', 'NDCG@20': '0.0469'}
{'Epoch': 47, 'name': 'mid_freq', 'HIT@5': '0.0034', 'NDCG@5': '0.0024', 'HIT@10': '0.0047', 'NDCG@10': '0.0028', 'HIT@20': '0.0086', 'NDCG@20': '0.0038'}
{'Epoch': 47, 'name': 'low_freq', 'HIT@5': '0.0027', 'NDCG@5': '0.0016', 'HIT@10': '0.0036', 'NDCG@10': '0.0019', 'HIT@20': '0.0050', 'NDCG@20': '0.0023'}
{'Epoch': 47, 'name': 'all', 'HIT@5': '0.0324', 'NDCG@5': '0.0212', 'HIT@10': '0.0490', 'NDCG@10': '0.0266', 'HIT@20': '0.0743', 'NDCG@20': '0.0329'}
EarlyStopping counter: 1 out of 40
rec dataset length: 186
100%|█████████████████████████████████████████████████████████████████████████████████████████████████████████████████████████████████████████| 186/186 [00:46<00:00,  3.96it/s]
{'epoch': 48, 'rec_avg_loss': '0.6128', 'joint_avg_loss': '1.1121', 'cl_avg_loss': '4.9924', 'itemcl_loss': '0.0000', 'cl_pair_0_loss': '4.9924'}
Recommendation EP_test:48: 100%|| 35/35 [00:08<00:00,  4.11it/s]
{'Epoch': 48, 'name': 'high_freq', 'HIT@5': '0.0436', 'NDCG@5': '0.0285', 'HIT@10': '0.0690', 'NDCG@10': '0.0366', 'HIT@20': '0.1060', 'NDCG@20': '0.0460'}
{'Epoch': 48, 'name': 'mid_freq', 'HIT@5': '0.0032', 'NDCG@5': '0.0021', 'HIT@10': '0.0053', 'NDCG@10': '0.0028', 'HIT@20': '0.0078', 'NDCG@20': '0.0034'}
{'Epoch': 48, 'name': 'low_freq', 'HIT@5': '0.0023', 'NDCG@5': '0.0014', 'HIT@10': '0.0034', 'NDCG@10': '0.0018', 'HIT@20': '0.0052', 'NDCG@20': '0.0022'}
{'Epoch': 48, 'name': 'all', 'HIT@5': '0.0305', 'NDCG@5': '0.0199', 'HIT@10': '0.0484', 'NDCG@10': '0.0257', 'HIT@20': '0.0743', 'NDCG@20': '0.0322'}
EarlyStopping counter: 2 out of 40
rec dataset length: 186
100%|█████████████████████████████████████████████████████████████████████████████████████████████████████████████████████████████████████████| 186/186 [00:46<00:00,  3.97it/s]
{'epoch': 49, 'rec_avg_loss': '0.6059', 'joint_avg_loss': '1.1039', 'cl_avg_loss': '4.9793', 'itemcl_loss': '0.0000', 'cl_pair_0_loss': '4.9793'}
Recommendation EP_test:49: 100%|| 35/35 [00:08<00:00,  4.22it/s]
{'Epoch': 49, 'name': 'high_freq', 'HIT@5': '0.0455', 'NDCG@5': '0.0298', 'HIT@10': '0.0715', 'NDCG@10': '0.0381', 'HIT@20': '0.1081', 'NDCG@20': '0.0473'}
{'Epoch': 49, 'name': 'mid_freq', 'HIT@5': '0.0032', 'NDCG@5': '0.0023', 'HIT@10': '0.0060', 'NDCG@10': '0.0032', 'HIT@20': '0.0095', 'NDCG@20': '0.0040'}
{'Epoch': 49, 'name': 'low_freq', 'HIT@5': '0.0025', 'NDCG@5': '0.0015', 'HIT@10': '0.0032', 'NDCG@10': '0.0017', 'HIT@20': '0.0048', 'NDCG@20': '0.0021'}
{'Epoch': 49, 'name': 'all', 'HIT@5': '0.0319', 'NDCG@5': '0.0209', 'HIT@10': '0.0502', 'NDCG@10': '0.0268', 'HIT@20': '0.0760', 'NDCG@20': '0.0332'}
EarlyStopping counter: 3 out of 40
rec dataset length: 186
100%|█████████████████████████████████████████████████████████████████████████████████████████████████████████████████████████████████████████| 186/186 [00:46<00:00,  3.96it/s]
{'epoch': 50, 'rec_avg_loss': '0.6033', 'joint_avg_loss': '1.1002', 'cl_avg_loss': '4.9692', 'itemcl_loss': '0.0000', 'cl_pair_0_loss': '4.9692'}
Recommendation EP_test:50: 100%|| 35/35 [00:08<00:00,  4.19it/s]
{'Epoch': 50, 'name': 'high_freq', 'HIT@5': '0.0455', 'NDCG@5': '0.0298', 'HIT@10': '0.0719', 'NDCG@10': '0.0383', 'HIT@20': '0.1079', 'NDCG@20': '0.0473'}
{'Epoch': 50, 'name': 'mid_freq', 'HIT@5': '0.0037', 'NDCG@5': '0.0025', 'HIT@10': '0.0046', 'NDCG@10': '0.0027', 'HIT@20': '0.0101', 'NDCG@20': '0.0041'}
{'Epoch': 50, 'name': 'low_freq', 'HIT@5': '0.0020', 'NDCG@5': '0.0014', 'HIT@10': '0.0029', 'NDCG@10': '0.0017', 'HIT@20': '0.0052', 'NDCG@20': '0.0023'}
{'Epoch': 50, 'name': 'all', 'HIT@5': '0.0319', 'NDCG@5': '0.0209', 'HIT@10': '0.0502', 'NDCG@10': '0.0268', 'HIT@20': '0.0760', 'NDCG@20': '0.0333'}
EarlyStopping counter: 4 out of 40
rec dataset length: 186
100%|█████████████████████████████████████████████████████████████████████████████████████████████████████████████████████████████████████████| 186/186 [00:47<00:00,  3.96it/s]
{'epoch': 51, 'rec_avg_loss': '0.5979', 'joint_avg_loss': '1.0955', 'cl_avg_loss': '4.9757', 'itemcl_loss': '0.0000', 'cl_pair_0_loss': '4.9757'}
Recommendation EP_test:51: 100%|| 35/35 [00:08<00:00,  4.20it/s]
{'Epoch': 51, 'name': 'high_freq', 'HIT@5': '0.0470', 'NDCG@5': '0.0300', 'HIT@10': '0.0722', 'NDCG@10': '0.0381', 'HIT@20': '0.1090', 'NDCG@20': '0.0473'}
{'Epoch': 51, 'name': 'mid_freq', 'HIT@5': '0.0032', 'NDCG@5': '0.0023', 'HIT@10': '0.0052', 'NDCG@10': '0.0029', 'HIT@20': '0.0092', 'NDCG@20': '0.0039'}
{'Epoch': 51, 'name': 'low_freq', 'HIT@5': '0.0020', 'NDCG@5': '0.0014', 'HIT@10': '0.0027', 'NDCG@10': '0.0016', 'HIT@20': '0.0052', 'NDCG@20': '0.0022'}
{'Epoch': 51, 'name': 'all', 'HIT@5': '0.0328', 'NDCG@5': '0.0210', 'HIT@10': '0.0505', 'NDCG@10': '0.0267', 'HIT@20': '0.0766', 'NDCG@20': '0.0332'}
EarlyStopping counter: 5 out of 40
rec dataset length: 186
100%|█████████████████████████████████████████████████████████████████████████████████████████████████████████████████████████████████████████| 186/186 [00:46<00:00,  3.97it/s]
{'epoch': 52, 'rec_avg_loss': '0.5961', 'joint_avg_loss': '1.0936', 'cl_avg_loss': '4.9744', 'itemcl_loss': '0.0000', 'cl_pair_0_loss': '4.9744'}
Recommendation EP_test:52: 100%|| 35/35 [00:08<00:00,  4.16it/s]
{'Epoch': 52, 'name': 'high_freq', 'HIT@5': '0.0468', 'NDCG@5': '0.0303', 'HIT@10': '0.0724', 'NDCG@10': '0.0386', 'HIT@20': '0.1086', 'NDCG@20': '0.0477'}
{'Epoch': 52, 'name': 'mid_freq', 'HIT@5': '0.0033', 'NDCG@5': '0.0024', 'HIT@10': '0.0047', 'NDCG@10': '0.0029', 'HIT@20': '0.0101', 'NDCG@20': '0.0042'}
{'Epoch': 52, 'name': 'low_freq', 'HIT@5': '0.0023', 'NDCG@5': '0.0015', 'HIT@10': '0.0032', 'NDCG@10': '0.0018', 'HIT@20': '0.0054', 'NDCG@20': '0.0024'}
{'Epoch': 52, 'name': 'all', 'HIT@5': '0.0328', 'NDCG@5': '0.0213', 'HIT@10': '0.0506', 'NDCG@10': '0.0270', 'HIT@20': '0.0765', 'NDCG@20': '0.0335'}
Validation score increased.  Saving model ...
rec dataset length: 186
100%|█████████████████████████████████████████████████████████████████████████████████████████████████████████████████████████████████████████| 186/186 [00:47<00:00,  3.96it/s]
{'epoch': 53, 'rec_avg_loss': '0.5889', 'joint_avg_loss': '1.0849', 'cl_avg_loss': '4.9605', 'itemcl_loss': '0.0000', 'cl_pair_0_loss': '4.9605'}
Recommendation EP_test:53: 100%|| 35/35 [00:08<00:00,  4.22it/s]
{'Epoch': 53, 'name': 'high_freq', 'HIT@5': '0.0467', 'NDCG@5': '0.0302', 'HIT@10': '0.0707', 'NDCG@10': '0.0379', 'HIT@20': '0.1096', 'NDCG@20': '0.0477'}
{'Epoch': 53, 'name': 'mid_freq', 'HIT@5': '0.0036', 'NDCG@5': '0.0025', 'HIT@10': '0.0053', 'NDCG@10': '0.0030', 'HIT@20': '0.0090', 'NDCG@20': '0.0040'}
{'Epoch': 53, 'name': 'low_freq', 'HIT@5': '0.0023', 'NDCG@5': '0.0015', 'HIT@10': '0.0029', 'NDCG@10': '0.0017', 'HIT@20': '0.0052', 'NDCG@20': '0.0023'}
{'Epoch': 53, 'name': 'all', 'HIT@5': '0.0328', 'NDCG@5': '0.0212', 'HIT@10': '0.0495', 'NDCG@10': '0.0266', 'HIT@20': '0.0770', 'NDCG@20': '0.0335'}
EarlyStopping counter: 1 out of 40
rec dataset length: 186
100%|█████████████████████████████████████████████████████████████████████████████████████████████████████████████████████████████████████████| 186/186 [00:46<00:00,  3.96it/s]
{'epoch': 54, 'rec_avg_loss': '0.5852', 'joint_avg_loss': '1.0824', 'cl_avg_loss': '4.9724', 'itemcl_loss': '0.0000', 'cl_pair_0_loss': '4.9724'}
Recommendation EP_test:54: 100%|| 35/35 [00:08<00:00,  4.14it/s]
{'Epoch': 54, 'name': 'high_freq', 'HIT@5': '0.0466', 'NDCG@5': '0.0306', 'HIT@10': '0.0726', 'NDCG@10': '0.0390', 'HIT@20': '0.1097', 'NDCG@20': '0.0484'}
{'Epoch': 54, 'name': 'mid_freq', 'HIT@5': '0.0046', 'NDCG@5': '0.0030', 'HIT@10': '0.0059', 'NDCG@10': '0.0035', 'HIT@20': '0.0102', 'NDCG@20': '0.0045'}
{'Epoch': 54, 'name': 'low_freq', 'HIT@5': '0.0020', 'NDCG@5': '0.0015', 'HIT@10': '0.0027', 'NDCG@10': '0.0017', 'HIT@20': '0.0054', 'NDCG@20': '0.0024'}
{'Epoch': 54, 'name': 'all', 'HIT@5': '0.0329', 'NDCG@5': '0.0216', 'HIT@10': '0.0508', 'NDCG@10': '0.0274', 'HIT@20': '0.0773', 'NDCG@20': '0.0341'}
Validation score increased.  Saving model ...
rec dataset length: 186
100%|█████████████████████████████████████████████████████████████████████████████████████████████████████████████████████████████████████████| 186/186 [00:46<00:00,  3.96it/s]
{'epoch': 55, 'rec_avg_loss': '0.5839', 'joint_avg_loss': '1.0803', 'cl_avg_loss': '4.9633', 'itemcl_loss': '0.0000', 'cl_pair_0_loss': '4.9633'}
Recommendation EP_test:55: 100%|| 35/35 [00:08<00:00,  4.18it/s]
{'Epoch': 55, 'name': 'high_freq', 'HIT@5': '0.0459', 'NDCG@5': '0.0300', 'HIT@10': '0.0723', 'NDCG@10': '0.0385', 'HIT@20': '0.1085', 'NDCG@20': '0.0476'}
{'Epoch': 55, 'name': 'mid_freq', 'HIT@5': '0.0045', 'NDCG@5': '0.0029', 'HIT@10': '0.0052', 'NDCG@10': '0.0032', 'HIT@20': '0.0102', 'NDCG@20': '0.0044'}
{'Epoch': 55, 'name': 'low_freq', 'HIT@5': '0.0027', 'NDCG@5': '0.0017', 'HIT@10': '0.0036', 'NDCG@10': '0.0020', 'HIT@20': '0.0054', 'NDCG@20': '0.0025'}
{'Epoch': 55, 'name': 'all', 'HIT@5': '0.0324', 'NDCG@5': '0.0212', 'HIT@10': '0.0506', 'NDCG@10': '0.0271', 'HIT@20': '0.0765', 'NDCG@20': '0.0336'}
EarlyStopping counter: 1 out of 40
rec dataset length: 186
100%|█████████████████████████████████████████████████████████████████████████████████████████████████████████████████████████████████████████| 186/186 [00:47<00:00,  3.94it/s]
{'epoch': 56, 'rec_avg_loss': '0.5790', 'joint_avg_loss': '1.0745', 'cl_avg_loss': '4.9553', 'itemcl_loss': '0.0000', 'cl_pair_0_loss': '4.9553'}
Recommendation EP_test:56: 100%|| 35/35 [00:08<00:00,  4.26it/s]
{'Epoch': 56, 'name': 'high_freq', 'HIT@5': '0.0462', 'NDCG@5': '0.0304', 'HIT@10': '0.0705', 'NDCG@10': '0.0381', 'HIT@20': '0.1076', 'NDCG@20': '0.0475'}
{'Epoch': 56, 'name': 'mid_freq', 'HIT@5': '0.0040', 'NDCG@5': '0.0026', 'HIT@10': '0.0059', 'NDCG@10': '0.0032', 'HIT@20': '0.0115', 'NDCG@20': '0.0046'}
{'Epoch': 56, 'name': 'low_freq', 'HIT@5': '0.0027', 'NDCG@5': '0.0018', 'HIT@10': '0.0036', 'NDCG@10': '0.0021', 'HIT@20': '0.0059', 'NDCG@20': '0.0027'}
{'Epoch': 56, 'name': 'all', 'HIT@5': '0.0326', 'NDCG@5': '0.0214', 'HIT@10': '0.0496', 'NDCG@10': '0.0268', 'HIT@20': '0.0762', 'NDCG@20': '0.0335'}
EarlyStopping counter: 2 out of 40
rec dataset length: 186
100%|█████████████████████████████████████████████████████████████████████████████████████████████████████████████████████████████████████████| 186/186 [00:47<00:00,  3.95it/s]
{'epoch': 57, 'rec_avg_loss': '0.5776', 'joint_avg_loss': '1.0741', 'cl_avg_loss': '4.9650', 'itemcl_loss': '0.0000', 'cl_pair_0_loss': '4.9650'}
Recommendation EP_test:57: 100%|| 35/35 [00:08<00:00,  4.23it/s]
{'Epoch': 57, 'name': 'high_freq', 'HIT@5': '0.0467', 'NDCG@5': '0.0301', 'HIT@10': '0.0716', 'NDCG@10': '0.0381', 'HIT@20': '0.1075', 'NDCG@20': '0.0471'}
{'Epoch': 57, 'name': 'mid_freq', 'HIT@5': '0.0037', 'NDCG@5': '0.0024', 'HIT@10': '0.0053', 'NDCG@10': '0.0029', 'HIT@20': '0.0103', 'NDCG@20': '0.0042'}
{'Epoch': 57, 'name': 'low_freq', 'HIT@5': '0.0023', 'NDCG@5': '0.0017', 'HIT@10': '0.0029', 'NDCG@10': '0.0019', 'HIT@20': '0.0048', 'NDCG@20': '0.0023'}
{'Epoch': 57, 'name': 'all', 'HIT@5': '0.0328', 'NDCG@5': '0.0212', 'HIT@10': '0.0501', 'NDCG@10': '0.0267', 'HIT@20': '0.0758', 'NDCG@20': '0.0332'}
EarlyStopping counter: 3 out of 40
rec dataset length: 186
100%|█████████████████████████████████████████████████████████████████████████████████████████████████████████████████████████████████████████| 186/186 [00:46<00:00,  3.96it/s]
{'epoch': 58, 'rec_avg_loss': '0.5724', 'joint_avg_loss': '1.0684', 'cl_avg_loss': '4.9599', 'itemcl_loss': '0.0000', 'cl_pair_0_loss': '4.9599'}
Recommendation EP_test:58: 100%|| 35/35 [00:08<00:00,  4.10it/s]
{'Epoch': 58, 'name': 'high_freq', 'HIT@5': '0.0465', 'NDCG@5': '0.0300', 'HIT@10': '0.0720', 'NDCG@10': '0.0382', 'HIT@20': '0.1079', 'NDCG@20': '0.0472'}
{'Epoch': 58, 'name': 'mid_freq', 'HIT@5': '0.0046', 'NDCG@5': '0.0031', 'HIT@10': '0.0063', 'NDCG@10': '0.0037', 'HIT@20': '0.0113', 'NDCG@20': '0.0049'}
{'Epoch': 58, 'name': 'low_freq', 'HIT@5': '0.0023', 'NDCG@5': '0.0018', 'HIT@10': '0.0029', 'NDCG@10': '0.0020', 'HIT@20': '0.0057', 'NDCG@20': '0.0027'}
{'Epoch': 58, 'name': 'all', 'HIT@5': '0.0328', 'NDCG@5': '0.0212', 'HIT@10': '0.0506', 'NDCG@10': '0.0269', 'HIT@20': '0.0764', 'NDCG@20': '0.0334'}
EarlyStopping counter: 4 out of 40
rec dataset length: 186
100%|█████████████████████████████████████████████████████████████████████████████████████████████████████████████████████████████████████████| 186/186 [00:47<00:00,  3.95it/s]
{'epoch': 59, 'rec_avg_loss': '0.5695', 'joint_avg_loss': '1.0645', 'cl_avg_loss': '4.9507', 'itemcl_loss': '0.0000', 'cl_pair_0_loss': '4.9507'}
Recommendation EP_test:59: 100%|| 35/35 [00:08<00:00,  4.30it/s]
{'Epoch': 59, 'name': 'high_freq', 'HIT@5': '0.0477', 'NDCG@5': '0.0312', 'HIT@10': '0.0723', 'NDCG@10': '0.0392', 'HIT@20': '0.1065', 'NDCG@20': '0.0478'}
{'Epoch': 59, 'name': 'mid_freq', 'HIT@5': '0.0042', 'NDCG@5': '0.0029', 'HIT@10': '0.0060', 'NDCG@10': '0.0035', 'HIT@20': '0.0128', 'NDCG@20': '0.0052'}
{'Epoch': 59, 'name': 'low_freq', 'HIT@5': '0.0025', 'NDCG@5': '0.0017', 'HIT@10': '0.0036', 'NDCG@10': '0.0020', 'HIT@20': '0.0059', 'NDCG@20': '0.0026'}
{'Epoch': 59, 'name': 'all', 'HIT@5': '0.0335', 'NDCG@5': '0.0220', 'HIT@10': '0.0508', 'NDCG@10': '0.0276', 'HIT@20': '0.0757', 'NDCG@20': '0.0338'}
EarlyStopping counter: 5 out of 40
rec dataset length: 186
100%|█████████████████████████████████████████████████████████████████████████████████████████████████████████████████████████████████████████| 186/186 [00:47<00:00,  3.95it/s]
{'epoch': 60, 'rec_avg_loss': '0.5677', 'joint_avg_loss': '1.0619', 'cl_avg_loss': '4.9426', 'itemcl_loss': '0.0000', 'cl_pair_0_loss': '4.9426'}
Recommendation EP_test:60: 100%|| 35/35 [00:08<00:00,  4.18it/s]
{'Epoch': 60, 'name': 'high_freq', 'HIT@5': '0.0471', 'NDCG@5': '0.0307', 'HIT@10': '0.0728', 'NDCG@10': '0.0390', 'HIT@20': '0.1077', 'NDCG@20': '0.0478'}
{'Epoch': 60, 'name': 'mid_freq', 'HIT@5': '0.0042', 'NDCG@5': '0.0028', 'HIT@10': '0.0069', 'NDCG@10': '0.0037', 'HIT@20': '0.0115', 'NDCG@20': '0.0048'}
{'Epoch': 60, 'name': 'low_freq', 'HIT@5': '0.0023', 'NDCG@5': '0.0014', 'HIT@10': '0.0036', 'NDCG@10': '0.0018', 'HIT@20': '0.0057', 'NDCG@20': '0.0024'}
{'Epoch': 60, 'name': 'all', 'HIT@5': '0.0331', 'NDCG@5': '0.0216', 'HIT@10': '0.0514', 'NDCG@10': '0.0275', 'HIT@20': '0.0762', 'NDCG@20': '0.0337'}
EarlyStopping counter: 6 out of 40
rec dataset length: 186
100%|█████████████████████████████████████████████████████████████████████████████████████████████████████████████████████████████████████████| 186/186 [00:46<00:00,  3.97it/s]
{'epoch': 61, 'rec_avg_loss': '0.5608', 'joint_avg_loss': '1.0544', 'cl_avg_loss': '4.9358', 'itemcl_loss': '0.0000', 'cl_pair_0_loss': '4.9358'}
Recommendation EP_test:61: 100%|| 35/35 [00:08<00:00,  4.12it/s]
{'Epoch': 61, 'name': 'high_freq', 'HIT@5': '0.0468', 'NDCG@5': '0.0303', 'HIT@10': '0.0726', 'NDCG@10': '0.0386', 'HIT@20': '0.1076', 'NDCG@20': '0.0475'}
{'Epoch': 61, 'name': 'mid_freq', 'HIT@5': '0.0032', 'NDCG@5': '0.0023', 'HIT@10': '0.0062', 'NDCG@10': '0.0033', 'HIT@20': '0.0119', 'NDCG@20': '0.0047'}
{'Epoch': 61, 'name': 'low_freq', 'HIT@5': '0.0025', 'NDCG@5': '0.0015', 'HIT@10': '0.0034', 'NDCG@10': '0.0018', 'HIT@20': '0.0059', 'NDCG@20': '0.0024'}
{'Epoch': 61, 'name': 'all', 'HIT@5': '0.0328', 'NDCG@5': '0.0213', 'HIT@10': '0.0510', 'NDCG@10': '0.0271', 'HIT@20': '0.0763', 'NDCG@20': '0.0335'}
EarlyStopping counter: 7 out of 40
rec dataset length: 186
100%|█████████████████████████████████████████████████████████████████████████████████████████████████████████████████████████████████████████| 186/186 [00:47<00:00,  3.96it/s]
{'epoch': 62, 'rec_avg_loss': '0.5590', 'joint_avg_loss': '1.0540', 'cl_avg_loss': '4.9498', 'itemcl_loss': '0.0000', 'cl_pair_0_loss': '4.9498'}
Recommendation EP_test:62: 100%|| 35/35 [00:08<00:00,  4.20it/s]
{'Epoch': 62, 'name': 'high_freq', 'HIT@5': '0.0466', 'NDCG@5': '0.0303', 'HIT@10': '0.0723', 'NDCG@10': '0.0385', 'HIT@20': '0.1084', 'NDCG@20': '0.0476'}
{'Epoch': 62, 'name': 'mid_freq', 'HIT@5': '0.0039', 'NDCG@5': '0.0027', 'HIT@10': '0.0073', 'NDCG@10': '0.0038', 'HIT@20': '0.0124', 'NDCG@20': '0.0051'}
{'Epoch': 62, 'name': 'low_freq', 'HIT@5': '0.0025', 'NDCG@5': '0.0016', 'HIT@10': '0.0036', 'NDCG@10': '0.0020', 'HIT@20': '0.0054', 'NDCG@20': '0.0024'}
{'Epoch': 62, 'name': 'all', 'HIT@5': '0.0328', 'NDCG@5': '0.0213', 'HIT@10': '0.0510', 'NDCG@10': '0.0272', 'HIT@20': '0.0769', 'NDCG@20': '0.0337'}
EarlyStopping counter: 8 out of 40
rec dataset length: 186
100%|█████████████████████████████████████████████████████████████████████████████████████████████████████████████████████████████████████████| 186/186 [00:46<00:00,  3.96it/s]
{'epoch': 63, 'rec_avg_loss': '0.5553', 'joint_avg_loss': '1.0487', 'cl_avg_loss': '4.9339', 'itemcl_loss': '0.0000', 'cl_pair_0_loss': '4.9339'}
Recommendation EP_test:63: 100%|| 35/35 [00:08<00:00,  4.21it/s]
{'Epoch': 63, 'name': 'high_freq', 'HIT@5': '0.0474', 'NDCG@5': '0.0312', 'HIT@10': '0.0742', 'NDCG@10': '0.0398', 'HIT@20': '0.1110', 'NDCG@20': '0.0491'}
{'Epoch': 63, 'name': 'mid_freq', 'HIT@5': '0.0045', 'NDCG@5': '0.0031', 'HIT@10': '0.0070', 'NDCG@10': '0.0039', 'HIT@20': '0.0126', 'NDCG@20': '0.0053'}
{'Epoch': 63, 'name': 'low_freq', 'HIT@5': '0.0023', 'NDCG@5': '0.0017', 'HIT@10': '0.0036', 'NDCG@10': '0.0021', 'HIT@20': '0.0057', 'NDCG@20': '0.0027'}
{'Epoch': 63, 'name': 'all', 'HIT@5': '0.0334', 'NDCG@5': '0.0221', 'HIT@10': '0.0523', 'NDCG@10': '0.0281', 'HIT@20': '0.0787', 'NDCG@20': '0.0348'}
Validation score increased.  Saving model ...
rec dataset length: 186
100%|█████████████████████████████████████████████████████████████████████████████████████████████████████████████████████████████████████████| 186/186 [00:46<00:00,  3.96it/s]
{'epoch': 64, 'rec_avg_loss': '0.5541', 'joint_avg_loss': '1.0481', 'cl_avg_loss': '4.9397', 'itemcl_loss': '0.0000', 'cl_pair_0_loss': '4.9397'}
Recommendation EP_test:64: 100%|| 35/35 [00:08<00:00,  4.18it/s]
{'Epoch': 64, 'name': 'high_freq', 'HIT@5': '0.0463', 'NDCG@5': '0.0302', 'HIT@10': '0.0726', 'NDCG@10': '0.0386', 'HIT@20': '0.1084', 'NDCG@20': '0.0476'}
{'Epoch': 64, 'name': 'mid_freq', 'HIT@5': '0.0039', 'NDCG@5': '0.0028', 'HIT@10': '0.0065', 'NDCG@10': '0.0036', 'HIT@20': '0.0112', 'NDCG@20': '0.0048'}
{'Epoch': 64, 'name': 'low_freq', 'HIT@5': '0.0027', 'NDCG@5': '0.0017', 'HIT@10': '0.0038', 'NDCG@10': '0.0021', 'HIT@20': '0.0057', 'NDCG@20': '0.0025'}
{'Epoch': 64, 'name': 'all', 'HIT@5': '0.0326', 'NDCG@5': '0.0213', 'HIT@10': '0.0511', 'NDCG@10': '0.0272', 'HIT@20': '0.0766', 'NDCG@20': '0.0337'}
EarlyStopping counter: 1 out of 40
rec dataset length: 186
100%|█████████████████████████████████████████████████████████████████████████████████████████████████████████████████████████████████████████| 186/186 [00:46<00:00,  3.96it/s]
{'epoch': 65, 'rec_avg_loss': '0.5475', 'joint_avg_loss': '1.0411', 'cl_avg_loss': '4.9356', 'itemcl_loss': '0.0000', 'cl_pair_0_loss': '4.9356'}
Recommendation EP_test:65: 100%|| 35/35 [00:08<00:00,  4.31it/s]
{'Epoch': 65, 'name': 'high_freq', 'HIT@5': '0.0466', 'NDCG@5': '0.0307', 'HIT@10': '0.0721', 'NDCG@10': '0.0389', 'HIT@20': '0.1060', 'NDCG@20': '0.0475'}
{'Epoch': 65, 'name': 'mid_freq', 'HIT@5': '0.0045', 'NDCG@5': '0.0028', 'HIT@10': '0.0066', 'NDCG@10': '0.0035', 'HIT@20': '0.0111', 'NDCG@20': '0.0046'}
{'Epoch': 65, 'name': 'low_freq', 'HIT@5': '0.0027', 'NDCG@5': '0.0017', 'HIT@10': '0.0041', 'NDCG@10': '0.0022', 'HIT@20': '0.0052', 'NDCG@20': '0.0025'}
{'Epoch': 65, 'name': 'all', 'HIT@5': '0.0329', 'NDCG@5': '0.0217', 'HIT@10': '0.0508', 'NDCG@10': '0.0274', 'HIT@20': '0.0749', 'NDCG@20': '0.0335'}
EarlyStopping counter: 2 out of 40
rec dataset length: 186
100%|█████████████████████████████████████████████████████████████████████████████████████████████████████████████████████████████████████████| 186/186 [00:47<00:00,  3.95it/s]
{'epoch': 66, 'rec_avg_loss': '0.5465', 'joint_avg_loss': '1.0393', 'cl_avg_loss': '4.9280', 'itemcl_loss': '0.0000', 'cl_pair_0_loss': '4.9280'}
Recommendation EP_test:66: 100%|| 35/35 [00:08<00:00,  4.14it/s]
{'Epoch': 66, 'name': 'high_freq', 'HIT@5': '0.0462', 'NDCG@5': '0.0304', 'HIT@10': '0.0723', 'NDCG@10': '0.0388', 'HIT@20': '0.1070', 'NDCG@20': '0.0475'}
{'Epoch': 66, 'name': 'mid_freq', 'HIT@5': '0.0050', 'NDCG@5': '0.0031', 'HIT@10': '0.0075', 'NDCG@10': '0.0039', 'HIT@20': '0.0125', 'NDCG@20': '0.0051'}
{'Epoch': 66, 'name': 'low_freq', 'HIT@5': '0.0023', 'NDCG@5': '0.0014', 'HIT@10': '0.0041', 'NDCG@10': '0.0020', 'HIT@20': '0.0059', 'NDCG@20': '0.0025'}
{'Epoch': 66, 'name': 'all', 'HIT@5': '0.0327', 'NDCG@5': '0.0215', 'HIT@10': '0.0512', 'NDCG@10': '0.0274', 'HIT@20': '0.0760', 'NDCG@20': '0.0336'}
EarlyStopping counter: 3 out of 40
rec dataset length: 186
100%|█████████████████████████████████████████████████████████████████████████████████████████████████████████████████████████████████████████| 186/186 [00:46<00:00,  3.97it/s]
{'epoch': 67, 'rec_avg_loss': '0.5457', 'joint_avg_loss': '1.0395', 'cl_avg_loss': '4.9371', 'itemcl_loss': '0.0000', 'cl_pair_0_loss': '4.9371'}
Recommendation EP_test:67: 100%|| 35/35 [00:08<00:00,  4.22it/s]
{'Epoch': 67, 'name': 'high_freq', 'HIT@5': '0.0474', 'NDCG@5': '0.0309', 'HIT@10': '0.0726', 'NDCG@10': '0.0390', 'HIT@20': '0.1084', 'NDCG@20': '0.0481'}
{'Epoch': 67, 'name': 'mid_freq', 'HIT@5': '0.0047', 'NDCG@5': '0.0031', 'HIT@10': '0.0072', 'NDCG@10': '0.0039', 'HIT@20': '0.0131', 'NDCG@20': '0.0053'}
{'Epoch': 67, 'name': 'low_freq', 'HIT@5': '0.0029', 'NDCG@5': '0.0019', 'HIT@10': '0.0036', 'NDCG@10': '0.0021', 'HIT@20': '0.0054', 'NDCG@20': '0.0025'}
{'Epoch': 67, 'name': 'all', 'HIT@5': '0.0335', 'NDCG@5': '0.0219', 'HIT@10': '0.0512', 'NDCG@10': '0.0276', 'HIT@20': '0.0770', 'NDCG@20': '0.0340'}
EarlyStopping counter: 4 out of 40
rec dataset length: 186
100%|█████████████████████████████████████████████████████████████████████████████████████████████████████████████████████████████████████████| 186/186 [00:46<00:00,  3.98it/s]
{'epoch': 68, 'rec_avg_loss': '0.5403', 'joint_avg_loss': '1.0338', 'cl_avg_loss': '4.9347', 'itemcl_loss': '0.0000', 'cl_pair_0_loss': '4.9347'}
Recommendation EP_test:68: 100%|| 35/35 [00:08<00:00,  4.25it/s]
{'Epoch': 68, 'name': 'high_freq', 'HIT@5': '0.0467', 'NDCG@5': '0.0303', 'HIT@10': '0.0728', 'NDCG@10': '0.0387', 'HIT@20': '0.1081', 'NDCG@20': '0.0476'}
{'Epoch': 68, 'name': 'mid_freq', 'HIT@5': '0.0046', 'NDCG@5': '0.0031', 'HIT@10': '0.0066', 'NDCG@10': '0.0038', 'HIT@20': '0.0115', 'NDCG@20': '0.0050'}
{'Epoch': 68, 'name': 'low_freq', 'HIT@5': '0.0023', 'NDCG@5': '0.0017', 'HIT@10': '0.0036', 'NDCG@10': '0.0021', 'HIT@20': '0.0059', 'NDCG@20': '0.0027'}
{'Epoch': 68, 'name': 'all', 'HIT@5': '0.0330', 'NDCG@5': '0.0215', 'HIT@10': '0.0513', 'NDCG@10': '0.0274', 'HIT@20': '0.0765', 'NDCG@20': '0.0337'}
EarlyStopping counter: 5 out of 40
rec dataset length: 186
100%|█████████████████████████████████████████████████████████████████████████████████████████████████████████████████████████████████████████| 186/186 [00:47<00:00,  3.96it/s]
{'epoch': 69, 'rec_avg_loss': '0.5392', 'joint_avg_loss': '1.0307', 'cl_avg_loss': '4.9146', 'itemcl_loss': '0.0000', 'cl_pair_0_loss': '4.9146'}
Recommendation EP_test:69: 100%|| 35/35 [00:08<00:00,  4.14it/s]
{'Epoch': 69, 'name': 'high_freq', 'HIT@5': '0.0470', 'NDCG@5': '0.0310', 'HIT@10': '0.0718', 'NDCG@10': '0.0389', 'HIT@20': '0.1073', 'NDCG@20': '0.0479'}
{'Epoch': 69, 'name': 'mid_freq', 'HIT@5': '0.0045', 'NDCG@5': '0.0033', 'HIT@10': '0.0062', 'NDCG@10': '0.0039', 'HIT@20': '0.0125', 'NDCG@20': '0.0055'}
{'Epoch': 69, 'name': 'low_freq', 'HIT@5': '0.0027', 'NDCG@5': '0.0018', 'HIT@10': '0.0043', 'NDCG@10': '0.0023', 'HIT@20': '0.0063', 'NDCG@20': '0.0028'}
{'Epoch': 69, 'name': 'all', 'HIT@5': '0.0332', 'NDCG@5': '0.0219', 'HIT@10': '0.0506', 'NDCG@10': '0.0275', 'HIT@20': '0.0762', 'NDCG@20': '0.0340'}
EarlyStopping counter: 6 out of 40
rec dataset length: 186
100%|█████████████████████████████████████████████████████████████████████████████████████████████████████████████████████████████████████████| 186/186 [00:47<00:00,  3.95it/s]
{'epoch': 70, 'rec_avg_loss': '0.5358', 'joint_avg_loss': '1.0280', 'cl_avg_loss': '4.9221', 'itemcl_loss': '0.0000', 'cl_pair_0_loss': '4.9221'}
Recommendation EP_test:70: 100%|| 35/35 [00:08<00:00,  4.14it/s]
{'Epoch': 70, 'name': 'high_freq', 'HIT@5': '0.0466', 'NDCG@5': '0.0302', 'HIT@10': '0.0719', 'NDCG@10': '0.0384', 'HIT@20': '0.1089', 'NDCG@20': '0.0477'}
{'Epoch': 70, 'name': 'mid_freq', 'HIT@5': '0.0045', 'NDCG@5': '0.0033', 'HIT@10': '0.0065', 'NDCG@10': '0.0039', 'HIT@20': '0.0118', 'NDCG@20': '0.0053'}
{'Epoch': 70, 'name': 'low_freq', 'HIT@5': '0.0023', 'NDCG@5': '0.0014', 'HIT@10': '0.0032', 'NDCG@10': '0.0017', 'HIT@20': '0.0061', 'NDCG@20': '0.0025'}
{'Epoch': 70, 'name': 'all', 'HIT@5': '0.0328', 'NDCG@5': '0.0214', 'HIT@10': '0.0506', 'NDCG@10': '0.0271', 'HIT@20': '0.0771', 'NDCG@20': '0.0338'}
EarlyStopping counter: 7 out of 40
rec dataset length: 186
100%|█████████████████████████████████████████████████████████████████████████████████████████████████████████████████████████████████████████| 186/186 [00:46<00:00,  3.97it/s]
{'epoch': 71, 'rec_avg_loss': '0.5338', 'joint_avg_loss': '1.0259', 'cl_avg_loss': '4.9213', 'itemcl_loss': '0.0000', 'cl_pair_0_loss': '4.9213'}
Recommendation EP_test:71: 100%|| 35/35 [00:07<00:00,  4.40it/s]
{'Epoch': 71, 'name': 'high_freq', 'HIT@5': '0.0471', 'NDCG@5': '0.0305', 'HIT@10': '0.0733', 'NDCG@10': '0.0389', 'HIT@20': '0.1096', 'NDCG@20': '0.0480'}
{'Epoch': 71, 'name': 'mid_freq', 'HIT@5': '0.0046', 'NDCG@5': '0.0034', 'HIT@10': '0.0078', 'NDCG@10': '0.0044', 'HIT@20': '0.0132', 'NDCG@20': '0.0057'}
{'Epoch': 71, 'name': 'low_freq', 'HIT@5': '0.0025', 'NDCG@5': '0.0015', 'HIT@10': '0.0038', 'NDCG@10': '0.0020', 'HIT@20': '0.0066', 'NDCG@20': '0.0026'}
{'Epoch': 71, 'name': 'all', 'HIT@5': '0.0332', 'NDCG@5': '0.0216', 'HIT@10': '0.0518', 'NDCG@10': '0.0276', 'HIT@20': '0.0780', 'NDCG@20': '0.0341'}
EarlyStopping counter: 8 out of 40
rec dataset length: 186
100%|█████████████████████████████████████████████████████████████████████████████████████████████████████████████████████████████████████████| 186/186 [00:47<00:00,  3.96it/s]
{'epoch': 72, 'rec_avg_loss': '0.5320', 'joint_avg_loss': '1.0248', 'cl_avg_loss': '4.9280', 'itemcl_loss': '0.0000', 'cl_pair_0_loss': '4.9280'}
Recommendation EP_test:72: 100%|| 35/35 [00:08<00:00,  4.20it/s]
{'Epoch': 72, 'name': 'high_freq', 'HIT@5': '0.0471', 'NDCG@5': '0.0310', 'HIT@10': '0.0727', 'NDCG@10': '0.0392', 'HIT@20': '0.1092', 'NDCG@20': '0.0484'}
{'Epoch': 72, 'name': 'mid_freq', 'HIT@5': '0.0049', 'NDCG@5': '0.0036', 'HIT@10': '0.0076', 'NDCG@10': '0.0045', 'HIT@20': '0.0141', 'NDCG@20': '0.0061'}
{'Epoch': 72, 'name': 'low_freq', 'HIT@5': '0.0029', 'NDCG@5': '0.0018', 'HIT@10': '0.0041', 'NDCG@10': '0.0022', 'HIT@20': '0.0070', 'NDCG@20': '0.0029'}
{'Epoch': 72, 'name': 'all', 'HIT@5': '0.0333', 'NDCG@5': '0.0220', 'HIT@10': '0.0514', 'NDCG@10': '0.0278', 'HIT@20': '0.0779', 'NDCG@20': '0.0345'}
EarlyStopping counter: 9 out of 40
rec dataset length: 186
100%|█████████████████████████████████████████████████████████████████████████████████████████████████████████████████████████████████████████| 186/186 [00:46<00:00,  3.97it/s]
{'epoch': 73, 'rec_avg_loss': '0.5277', 'joint_avg_loss': '1.0192', 'cl_avg_loss': '4.9150', 'itemcl_loss': '0.0000', 'cl_pair_0_loss': '4.9150'}
Recommendation EP_test:73: 100%|| 35/35 [00:08<00:00,  4.23it/s]
{'Epoch': 73, 'name': 'high_freq', 'HIT@5': '0.0478', 'NDCG@5': '0.0313', 'HIT@10': '0.0747', 'NDCG@10': '0.0400', 'HIT@20': '0.1100', 'NDCG@20': '0.0488'}
{'Epoch': 73, 'name': 'mid_freq', 'HIT@5': '0.0050', 'NDCG@5': '0.0035', 'HIT@10': '0.0078', 'NDCG@10': '0.0043', 'HIT@20': '0.0131', 'NDCG@20': '0.0057'}
{'Epoch': 73, 'name': 'low_freq', 'HIT@5': '0.0023', 'NDCG@5': '0.0014', 'HIT@10': '0.0032', 'NDCG@10': '0.0017', 'HIT@20': '0.0063', 'NDCG@20': '0.0025'}
{'Epoch': 73, 'name': 'all', 'HIT@5': '0.0338', 'NDCG@5': '0.0222', 'HIT@10': '0.0527', 'NDCG@10': '0.0283', 'HIT@20': '0.0782', 'NDCG@20': '0.0346'}
EarlyStopping counter: 10 out of 40
rec dataset length: 186
100%|█████████████████████████████████████████████████████████████████████████████████████████████████████████████████████████████████████████| 186/186 [00:46<00:00,  3.96it/s]
{'epoch': 74, 'rec_avg_loss': '0.5255', 'joint_avg_loss': '1.0172', 'cl_avg_loss': '4.9176', 'itemcl_loss': '0.0000', 'cl_pair_0_loss': '4.9176'}
Recommendation EP_test:74: 100%|| 35/35 [00:08<00:00,  4.27it/s]
{'Epoch': 74, 'name': 'high_freq', 'HIT@5': '0.0476', 'NDCG@5': '0.0310', 'HIT@10': '0.0738', 'NDCG@10': '0.0395', 'HIT@20': '0.1093', 'NDCG@20': '0.0484'}
{'Epoch': 74, 'name': 'mid_freq', 'HIT@5': '0.0050', 'NDCG@5': '0.0037', 'HIT@10': '0.0072', 'NDCG@10': '0.0044', 'HIT@20': '0.0136', 'NDCG@20': '0.0060'}
{'Epoch': 74, 'name': 'low_freq', 'HIT@5': '0.0023', 'NDCG@5': '0.0015', 'HIT@10': '0.0034', 'NDCG@10': '0.0018', 'HIT@20': '0.0059', 'NDCG@20': '0.0024'}
{'Epoch': 74, 'name': 'all', 'HIT@5': '0.0336', 'NDCG@5': '0.0220', 'HIT@10': '0.0520', 'NDCG@10': '0.0279', 'HIT@20': '0.0777', 'NDCG@20': '0.0344'}
EarlyStopping counter: 11 out of 40
rec dataset length: 186
100%|█████████████████████████████████████████████████████████████████████████████████████████████████████████████████████████████████████████| 186/186 [00:46<00:00,  3.96it/s]
{'epoch': 75, 'rec_avg_loss': '0.5246', 'joint_avg_loss': '1.0161', 'cl_avg_loss': '4.9142', 'itemcl_loss': '0.0000', 'cl_pair_0_loss': '4.9142'}
Recommendation EP_test:75: 100%|| 35/35 [00:08<00:00,  4.17it/s]
{'Epoch': 75, 'name': 'high_freq', 'HIT@5': '0.0482', 'NDCG@5': '0.0315', 'HIT@10': '0.0750', 'NDCG@10': '0.0401', 'HIT@20': '0.1095', 'NDCG@20': '0.0488'}
{'Epoch': 75, 'name': 'mid_freq', 'HIT@5': '0.0045', 'NDCG@5': '0.0033', 'HIT@10': '0.0080', 'NDCG@10': '0.0044', 'HIT@20': '0.0138', 'NDCG@20': '0.0059'}
{'Epoch': 75, 'name': 'low_freq', 'HIT@5': '0.0023', 'NDCG@5': '0.0016', 'HIT@10': '0.0043', 'NDCG@10': '0.0022', 'HIT@20': '0.0075', 'NDCG@20': '0.0030'}
{'Epoch': 75, 'name': 'all', 'HIT@5': '0.0340', 'NDCG@5': '0.0223', 'HIT@10': '0.0531', 'NDCG@10': '0.0284', 'HIT@20': '0.0781', 'NDCG@20': '0.0347'}
EarlyStopping counter: 12 out of 40
rec dataset length: 186
100%|█████████████████████████████████████████████████████████████████████████████████████████████████████████████████████████████████████████| 186/186 [00:46<00:00,  3.97it/s]
{'epoch': 76, 'rec_avg_loss': '0.5222', 'joint_avg_loss': '1.0129', 'cl_avg_loss': '4.9071', 'itemcl_loss': '0.0000', 'cl_pair_0_loss': '4.9071'}
Recommendation EP_test:76: 100%|| 35/35 [00:08<00:00,  4.24it/s]
{'Epoch': 76, 'name': 'high_freq', 'HIT@5': '0.0498', 'NDCG@5': '0.0323', 'HIT@10': '0.0745', 'NDCG@10': '0.0403', 'HIT@20': '0.1117', 'NDCG@20': '0.0496'}
{'Epoch': 76, 'name': 'mid_freq', 'HIT@5': '0.0047', 'NDCG@5': '0.0033', 'HIT@10': '0.0068', 'NDCG@10': '0.0039', 'HIT@20': '0.0134', 'NDCG@20': '0.0056'}
{'Epoch': 76, 'name': 'low_freq', 'HIT@5': '0.0020', 'NDCG@5': '0.0014', 'HIT@10': '0.0038', 'NDCG@10': '0.0020', 'HIT@20': '0.0072', 'NDCG@20': '0.0028'}
{'Epoch': 76, 'name': 'all', 'HIT@5': '0.0350', 'NDCG@5': '0.0228', 'HIT@10': '0.0524', 'NDCG@10': '0.0284', 'HIT@20': '0.0795', 'NDCG@20': '0.0352'}
Validation score increased.  Saving model ...
rec dataset length: 186
100%|█████████████████████████████████████████████████████████████████████████████████████████████████████████████████████████████████████████| 186/186 [00:47<00:00,  3.95it/s]
{'epoch': 77, 'rec_avg_loss': '0.5169', 'joint_avg_loss': '1.0084', 'cl_avg_loss': '4.9145', 'itemcl_loss': '0.0000', 'cl_pair_0_loss': '4.9145'}
Recommendation EP_test:77: 100%|| 35/35 [00:08<00:00,  4.23it/s]
{'Epoch': 77, 'name': 'high_freq', 'HIT@5': '0.0486', 'NDCG@5': '0.0311', 'HIT@10': '0.0741', 'NDCG@10': '0.0392', 'HIT@20': '0.1107', 'NDCG@20': '0.0484'}
{'Epoch': 77, 'name': 'mid_freq', 'HIT@5': '0.0059', 'NDCG@5': '0.0038', 'HIT@10': '0.0083', 'NDCG@10': '0.0045', 'HIT@20': '0.0147', 'NDCG@20': '0.0061'}
{'Epoch': 77, 'name': 'low_freq', 'HIT@5': '0.0027', 'NDCG@5': '0.0017', 'HIT@10': '0.0045', 'NDCG@10': '0.0023', 'HIT@20': '0.0070', 'NDCG@20': '0.0029'}
{'Epoch': 77, 'name': 'all', 'HIT@5': '0.0345', 'NDCG@5': '0.0221', 'HIT@10': '0.0526', 'NDCG@10': '0.0278', 'HIT@20': '0.0790', 'NDCG@20': '0.0345'}
EarlyStopping counter: 1 out of 40
rec dataset length: 186
100%|█████████████████████████████████████████████████████████████████████████████████████████████████████████████████████████████████████████| 186/186 [00:46<00:00,  3.97it/s]
{'epoch': 78, 'rec_avg_loss': '0.5176', 'joint_avg_loss': '1.0085', 'cl_avg_loss': '4.9085', 'itemcl_loss': '0.0000', 'cl_pair_0_loss': '4.9085'}
Recommendation EP_test:78: 100%|| 35/35 [00:08<00:00,  4.17it/s]
{'Epoch': 78, 'name': 'high_freq', 'HIT@5': '0.0468', 'NDCG@5': '0.0298', 'HIT@10': '0.0732', 'NDCG@10': '0.0383', 'HIT@20': '0.1084', 'NDCG@20': '0.0472'}
{'Epoch': 78, 'name': 'mid_freq', 'HIT@5': '0.0049', 'NDCG@5': '0.0034', 'HIT@10': '0.0090', 'NDCG@10': '0.0047', 'HIT@20': '0.0138', 'NDCG@20': '0.0059'}
{'Epoch': 78, 'name': 'low_freq', 'HIT@5': '0.0023', 'NDCG@5': '0.0015', 'HIT@10': '0.0045', 'NDCG@10': '0.0022', 'HIT@20': '0.0068', 'NDCG@20': '0.0028'}
{'Epoch': 78, 'name': 'all', 'HIT@5': '0.0331', 'NDCG@5': '0.0211', 'HIT@10': '0.0521', 'NDCG@10': '0.0273', 'HIT@20': '0.0773', 'NDCG@20': '0.0336'}
EarlyStopping counter: 2 out of 40
rec dataset length: 186
100%|█████████████████████████████████████████████████████████████████████████████████████████████████████████████████████████████████████████| 186/186 [00:46<00:00,  3.97it/s]
{'epoch': 79, 'rec_avg_loss': '0.5165', 'joint_avg_loss': '1.0068', 'cl_avg_loss': '4.9030', 'itemcl_loss': '0.0000', 'cl_pair_0_loss': '4.9030'}
Recommendation EP_test:79: 100%|| 35/35 [00:08<00:00,  4.13it/s]
{'Epoch': 79, 'name': 'high_freq', 'HIT@5': '0.0481', 'NDCG@5': '0.0313', 'HIT@10': '0.0745', 'NDCG@10': '0.0397', 'HIT@20': '0.1110', 'NDCG@20': '0.0489'}
{'Epoch': 79, 'name': 'mid_freq', 'HIT@5': '0.0050', 'NDCG@5': '0.0032', 'HIT@10': '0.0085', 'NDCG@10': '0.0043', 'HIT@20': '0.0134', 'NDCG@20': '0.0056'}
{'Epoch': 79, 'name': 'low_freq', 'HIT@5': '0.0027', 'NDCG@5': '0.0019', 'HIT@10': '0.0050', 'NDCG@10': '0.0026', 'HIT@20': '0.0068', 'NDCG@20': '0.0030'}
{'Epoch': 79, 'name': 'all', 'HIT@5': '0.0341', 'NDCG@5': '0.0221', 'HIT@10': '0.0530', 'NDCG@10': '0.0282', 'HIT@20': '0.0790', 'NDCG@20': '0.0347'}
EarlyStopping counter: 3 out of 40
rec dataset length: 186
100%|█████████████████████████████████████████████████████████████████████████████████████████████████████████████████████████████████████████| 186/186 [00:47<00:00,  3.96it/s]
{'epoch': 80, 'rec_avg_loss': '0.5142', 'joint_avg_loss': '1.0042', 'cl_avg_loss': '4.9003', 'itemcl_loss': '0.0000', 'cl_pair_0_loss': '4.9003'}
Recommendation EP_test:80: 100%|| 35/35 [00:08<00:00,  4.32it/s]
{'Epoch': 80, 'name': 'high_freq', 'HIT@5': '0.0488', 'NDCG@5': '0.0322', 'HIT@10': '0.0751', 'NDCG@10': '0.0406', 'HIT@20': '0.1112', 'NDCG@20': '0.0497'}
{'Epoch': 80, 'name': 'mid_freq', 'HIT@5': '0.0049', 'NDCG@5': '0.0035', 'HIT@10': '0.0083', 'NDCG@10': '0.0046', 'HIT@20': '0.0138', 'NDCG@20': '0.0060'}
{'Epoch': 80, 'name': 'low_freq', 'HIT@5': '0.0025', 'NDCG@5': '0.0017', 'HIT@10': '0.0041', 'NDCG@10': '0.0023', 'HIT@20': '0.0070', 'NDCG@20': '0.0030'}
{'Epoch': 80, 'name': 'all', 'HIT@5': '0.0345', 'NDCG@5': '0.0228', 'HIT@10': '0.0532', 'NDCG@10': '0.0288', 'HIT@20': '0.0792', 'NDCG@20': '0.0353'}
Validation score increased.  Saving model ...
rec dataset length: 186
100%|█████████████████████████████████████████████████████████████████████████████████████████████████████████████████████████████████████████| 186/186 [00:46<00:00,  3.96it/s]
{'epoch': 81, 'rec_avg_loss': '0.5126', 'joint_avg_loss': '1.0019', 'cl_avg_loss': '4.8928', 'itemcl_loss': '0.0000', 'cl_pair_0_loss': '4.8928'}
Recommendation EP_test:81: 100%|| 35/35 [00:08<00:00,  4.16it/s]
{'Epoch': 81, 'name': 'high_freq', 'HIT@5': '0.0480', 'NDCG@5': '0.0315', 'HIT@10': '0.0747', 'NDCG@10': '0.0401', 'HIT@20': '0.1105', 'NDCG@20': '0.0491'}
{'Epoch': 81, 'name': 'mid_freq', 'HIT@5': '0.0050', 'NDCG@5': '0.0036', 'HIT@10': '0.0082', 'NDCG@10': '0.0046', 'HIT@20': '0.0141', 'NDCG@20': '0.0061'}
{'Epoch': 81, 'name': 'low_freq', 'HIT@5': '0.0023', 'NDCG@5': '0.0016', 'HIT@10': '0.0038', 'NDCG@10': '0.0021', 'HIT@20': '0.0063', 'NDCG@20': '0.0027'}
{'Epoch': 81, 'name': 'all', 'HIT@5': '0.0339', 'NDCG@5': '0.0224', 'HIT@10': '0.0529', 'NDCG@10': '0.0284', 'HIT@20': '0.0787', 'NDCG@20': '0.0349'}
EarlyStopping counter: 1 out of 40
rec dataset length: 186
100%|█████████████████████████████████████████████████████████████████████████████████████████████████████████████████████████████████████████| 186/186 [00:46<00:00,  3.96it/s]
{'epoch': 82, 'rec_avg_loss': '0.5109', 'joint_avg_loss': '1.0009', 'cl_avg_loss': '4.9005', 'itemcl_loss': '0.0000', 'cl_pair_0_loss': '4.9005'}
Recommendation EP_test:82: 100%|| 35/35 [00:08<00:00,  4.25it/s]
{'Epoch': 82, 'name': 'high_freq', 'HIT@5': '0.0482', 'NDCG@5': '0.0320', 'HIT@10': '0.0754', 'NDCG@10': '0.0407', 'HIT@20': '0.1121', 'NDCG@20': '0.0499'}
{'Epoch': 82, 'name': 'mid_freq', 'HIT@5': '0.0052', 'NDCG@5': '0.0036', 'HIT@10': '0.0080', 'NDCG@10': '0.0046', 'HIT@20': '0.0149', 'NDCG@20': '0.0063'}
{'Epoch': 82, 'name': 'low_freq', 'HIT@5': '0.0032', 'NDCG@5': '0.0021', 'HIT@10': '0.0052', 'NDCG@10': '0.0027', 'HIT@20': '0.0070', 'NDCG@20': '0.0032'}
{'Epoch': 82, 'name': 'all', 'HIT@5': '0.0342', 'NDCG@5': '0.0227', 'HIT@10': '0.0535', 'NDCG@10': '0.0289', 'HIT@20': '0.0801', 'NDCG@20': '0.0356'}
Validation score increased.  Saving model ...
rec dataset length: 186
100%|█████████████████████████████████████████████████████████████████████████████████████████████████████████████████████████████████████████| 186/186 [00:47<00:00,  3.96it/s]
{'epoch': 83, 'rec_avg_loss': '0.5049', 'joint_avg_loss': '0.9938', 'cl_avg_loss': '4.8893', 'itemcl_loss': '0.0000', 'cl_pair_0_loss': '4.8893'}
Recommendation EP_test:83: 100%|| 35/35 [00:08<00:00,  4.15it/s]
{'Epoch': 83, 'name': 'high_freq', 'HIT@5': '0.0488', 'NDCG@5': '0.0323', 'HIT@10': '0.0757', 'NDCG@10': '0.0409', 'HIT@20': '0.1114', 'NDCG@20': '0.0499'}
{'Epoch': 83, 'name': 'mid_freq', 'HIT@5': '0.0053', 'NDCG@5': '0.0036', 'HIT@10': '0.0080', 'NDCG@10': '0.0045', 'HIT@20': '0.0152', 'NDCG@20': '0.0063'}
{'Epoch': 83, 'name': 'low_freq', 'HIT@5': '0.0027', 'NDCG@5': '0.0019', 'HIT@10': '0.0050', 'NDCG@10': '0.0026', 'HIT@20': '0.0072', 'NDCG@20': '0.0032'}
{'Epoch': 83, 'name': 'all', 'HIT@5': '0.0346', 'NDCG@5': '0.0229', 'HIT@10': '0.0537', 'NDCG@10': '0.0290', 'HIT@20': '0.0796', 'NDCG@20': '0.0355'}
EarlyStopping counter: 1 out of 40
rec dataset length: 186
100%|█████████████████████████████████████████████████████████████████████████████████████████████████████████████████████████████████████████| 186/186 [00:47<00:00,  3.94it/s]
{'epoch': 84, 'rec_avg_loss': '0.5057', 'joint_avg_loss': '0.9941', 'cl_avg_loss': '4.8845', 'itemcl_loss': '0.0000', 'cl_pair_0_loss': '4.8845'}
Recommendation EP_test:84: 100%|| 35/35 [00:08<00:00,  4.17it/s]
{'Epoch': 84, 'name': 'high_freq', 'HIT@5': '0.0496', 'NDCG@5': '0.0326', 'HIT@10': '0.0750', 'NDCG@10': '0.0409', 'HIT@20': '0.1102', 'NDCG@20': '0.0497'}
{'Epoch': 84, 'name': 'mid_freq', 'HIT@5': '0.0049', 'NDCG@5': '0.0035', 'HIT@10': '0.0101', 'NDCG@10': '0.0051', 'HIT@20': '0.0164', 'NDCG@20': '0.0067'}
{'Epoch': 84, 'name': 'low_freq', 'HIT@5': '0.0027', 'NDCG@5': '0.0019', 'HIT@10': '0.0043', 'NDCG@10': '0.0024', 'HIT@20': '0.0077', 'NDCG@20': '0.0033'}
{'Epoch': 84, 'name': 'all', 'HIT@5': '0.0350', 'NDCG@5': '0.0231', 'HIT@10': '0.0535', 'NDCG@10': '0.0291', 'HIT@20': '0.0791', 'NDCG@20': '0.0355'}
EarlyStopping counter: 2 out of 40
rec dataset length: 186
100%|█████████████████████████████████████████████████████████████████████████████████████████████████████████████████████████████████████████| 186/186 [00:46<00:00,  3.97it/s]
{'epoch': 85, 'rec_avg_loss': '0.5023', 'joint_avg_loss': '0.9920', 'cl_avg_loss': '4.8976', 'itemcl_loss': '0.0000', 'cl_pair_0_loss': '4.8976'}
Recommendation EP_test:85: 100%|| 35/35 [00:08<00:00,  4.20it/s]
{'Epoch': 85, 'name': 'high_freq', 'HIT@5': '0.0485', 'NDCG@5': '0.0320', 'HIT@10': '0.0743', 'NDCG@10': '0.0403', 'HIT@20': '0.1104', 'NDCG@20': '0.0494'}
{'Epoch': 85, 'name': 'mid_freq', 'HIT@5': '0.0050', 'NDCG@5': '0.0034', 'HIT@10': '0.0092', 'NDCG@10': '0.0047', 'HIT@20': '0.0158', 'NDCG@20': '0.0063'}
{'Epoch': 85, 'name': 'low_freq', 'HIT@5': '0.0025', 'NDCG@5': '0.0017', 'HIT@10': '0.0043', 'NDCG@10': '0.0023', 'HIT@20': '0.0059', 'NDCG@20': '0.0027'}
{'Epoch': 85, 'name': 'all', 'HIT@5': '0.0343', 'NDCG@5': '0.0227', 'HIT@10': '0.0529', 'NDCG@10': '0.0286', 'HIT@20': '0.0789', 'NDCG@20': '0.0351'}
EarlyStopping counter: 3 out of 40
rec dataset length: 186
100%|█████████████████████████████████████████████████████████████████████████████████████████████████████████████████████████████████████████| 186/186 [00:46<00:00,  3.97it/s]
{'epoch': 86, 'rec_avg_loss': '0.5016', 'joint_avg_loss': '0.9900', 'cl_avg_loss': '4.8836', 'itemcl_loss': '0.0000', 'cl_pair_0_loss': '4.8836'}
Recommendation EP_test:86: 100%|| 35/35 [00:07<00:00,  4.38it/s]
{'Epoch': 86, 'name': 'high_freq', 'HIT@5': '0.0478', 'NDCG@5': '0.0315', 'HIT@10': '0.0731', 'NDCG@10': '0.0396', 'HIT@20': '0.1084', 'NDCG@20': '0.0485'}
{'Epoch': 86, 'name': 'mid_freq', 'HIT@5': '0.0059', 'NDCG@5': '0.0038', 'HIT@10': '0.0098', 'NDCG@10': '0.0051', 'HIT@20': '0.0162', 'NDCG@20': '0.0067'}
{'Epoch': 86, 'name': 'low_freq', 'HIT@5': '0.0036', 'NDCG@5': '0.0022', 'HIT@10': '0.0043', 'NDCG@10': '0.0024', 'HIT@20': '0.0063', 'NDCG@20': '0.0029'}
{'Epoch': 86, 'name': 'all', 'HIT@5': '0.0341', 'NDCG@5': '0.0224', 'HIT@10': '0.0522', 'NDCG@10': '0.0282', 'HIT@20': '0.0777', 'NDCG@20': '0.0346'}
EarlyStopping counter: 4 out of 40
rec dataset length: 186
100%|█████████████████████████████████████████████████████████████████████████████████████████████████████████████████████████████████████████| 186/186 [00:47<00:00,  3.95it/s]
{'epoch': 87, 'rec_avg_loss': '0.4997', 'joint_avg_loss': '0.9876', 'cl_avg_loss': '4.8784', 'itemcl_loss': '0.0000', 'cl_pair_0_loss': '4.8784'}
Recommendation EP_test:87: 100%|| 35/35 [00:08<00:00,  4.15it/s]
{'Epoch': 87, 'name': 'high_freq', 'HIT@5': '0.0479', 'NDCG@5': '0.0315', 'HIT@10': '0.0735', 'NDCG@10': '0.0397', 'HIT@20': '0.1091', 'NDCG@20': '0.0487'}
{'Epoch': 87, 'name': 'mid_freq', 'HIT@5': '0.0057', 'NDCG@5': '0.0037', 'HIT@10': '0.0096', 'NDCG@10': '0.0050', 'HIT@20': '0.0151', 'NDCG@20': '0.0063'}
{'Epoch': 87, 'name': 'low_freq', 'HIT@5': '0.0034', 'NDCG@5': '0.0020', 'HIT@10': '0.0041', 'NDCG@10': '0.0022', 'HIT@20': '0.0061', 'NDCG@20': '0.0027'}
{'Epoch': 87, 'name': 'all', 'HIT@5': '0.0342', 'NDCG@5': '0.0224', 'HIT@10': '0.0524', 'NDCG@10': '0.0282', 'HIT@20': '0.0780', 'NDCG@20': '0.0347'}
EarlyStopping counter: 5 out of 40
rec dataset length: 186
100%|█████████████████████████████████████████████████████████████████████████████████████████████████████████████████████████████████████████| 186/186 [00:46<00:00,  3.96it/s]
{'epoch': 88, 'rec_avg_loss': '0.4970', 'joint_avg_loss': '0.9851', 'cl_avg_loss': '4.8809', 'itemcl_loss': '0.0000', 'cl_pair_0_loss': '4.8809'}
Recommendation EP_test:88: 100%|| 35/35 [00:08<00:00,  4.25it/s]
{'Epoch': 88, 'name': 'high_freq', 'HIT@5': '0.0475', 'NDCG@5': '0.0309', 'HIT@10': '0.0744', 'NDCG@10': '0.0395', 'HIT@20': '0.1072', 'NDCG@20': '0.0477'}
{'Epoch': 88, 'name': 'mid_freq', 'HIT@5': '0.0065', 'NDCG@5': '0.0044', 'HIT@10': '0.0092', 'NDCG@10': '0.0053', 'HIT@20': '0.0161', 'NDCG@20': '0.0070'}
{'Epoch': 88, 'name': 'low_freq', 'HIT@5': '0.0032', 'NDCG@5': '0.0020', 'HIT@10': '0.0043', 'NDCG@10': '0.0023', 'HIT@20': '0.0072', 'NDCG@20': '0.0031'}
{'Epoch': 88, 'name': 'all', 'HIT@5': '0.0340', 'NDCG@5': '0.0221', 'HIT@10': '0.0530', 'NDCG@10': '0.0282', 'HIT@20': '0.0769', 'NDCG@20': '0.0342'}
EarlyStopping counter: 6 out of 40
rec dataset length: 186
100%|█████████████████████████████████████████████████████████████████████████████████████████████████████████████████████████████████████████| 186/186 [00:47<00:00,  3.95it/s]
{'epoch': 89, 'rec_avg_loss': '0.4948', 'joint_avg_loss': '0.9837', 'cl_avg_loss': '4.8886', 'itemcl_loss': '0.0000', 'cl_pair_0_loss': '4.8886'}
Recommendation EP_test:89: 100%|| 35/35 [00:08<00:00,  4.34it/s]
{'Epoch': 89, 'name': 'high_freq', 'HIT@5': '0.0476', 'NDCG@5': '0.0308', 'HIT@10': '0.0740', 'NDCG@10': '0.0393', 'HIT@20': '0.1079', 'NDCG@20': '0.0478'}
{'Epoch': 89, 'name': 'mid_freq', 'HIT@5': '0.0063', 'NDCG@5': '0.0042', 'HIT@10': '0.0095', 'NDCG@10': '0.0052', 'HIT@20': '0.0167', 'NDCG@20': '0.0070'}
{'Epoch': 89, 'name': 'low_freq', 'HIT@5': '0.0027', 'NDCG@5': '0.0018', 'HIT@10': '0.0041', 'NDCG@10': '0.0022', 'HIT@20': '0.0057', 'NDCG@20': '0.0026'}
{'Epoch': 89, 'name': 'all', 'HIT@5': '0.0339', 'NDCG@5': '0.0220', 'HIT@10': '0.0527', 'NDCG@10': '0.0280', 'HIT@20': '0.0774', 'NDCG@20': '0.0342'}
EarlyStopping counter: 7 out of 40
rec dataset length: 186
100%|█████████████████████████████████████████████████████████████████████████████████████████████████████████████████████████████████████████| 186/186 [00:46<00:00,  3.97it/s]
{'epoch': 90, 'rec_avg_loss': '0.4942', 'joint_avg_loss': '0.9819', 'cl_avg_loss': '4.8766', 'itemcl_loss': '0.0000', 'cl_pair_0_loss': '4.8766'}
Recommendation EP_test:90: 100%|| 35/35 [00:08<00:00,  4.27it/s]
{'Epoch': 90, 'name': 'high_freq', 'HIT@5': '0.0474', 'NDCG@5': '0.0313', 'HIT@10': '0.0733', 'NDCG@10': '0.0395', 'HIT@20': '0.1094', 'NDCG@20': '0.0487'}
{'Epoch': 90, 'name': 'mid_freq', 'HIT@5': '0.0059', 'NDCG@5': '0.0040', 'HIT@10': '0.0102', 'NDCG@10': '0.0054', 'HIT@20': '0.0169', 'NDCG@20': '0.0071'}
{'Epoch': 90, 'name': 'low_freq', 'HIT@5': '0.0025', 'NDCG@5': '0.0016', 'HIT@10': '0.0034', 'NDCG@10': '0.0019', 'HIT@20': '0.0063', 'NDCG@20': '0.0026'}
{'Epoch': 90, 'name': 'all', 'HIT@5': '0.0337', 'NDCG@5': '0.0222', 'HIT@10': '0.0523', 'NDCG@10': '0.0282', 'HIT@20': '0.0785', 'NDCG@20': '0.0348'}
EarlyStopping counter: 8 out of 40
rec dataset length: 186
100%|█████████████████████████████████████████████████████████████████████████████████████████████████████████████████████████████████████████| 186/186 [00:46<00:00,  3.96it/s]
{'epoch': 91, 'rec_avg_loss': '0.4901', 'joint_avg_loss': '0.9777', 'cl_avg_loss': '4.8759', 'itemcl_loss': '0.0000', 'cl_pair_0_loss': '4.8759'}
Recommendation EP_test:91: 100%|| 35/35 [00:08<00:00,  4.20it/s]
{'Epoch': 91, 'name': 'high_freq', 'HIT@5': '0.0477', 'NDCG@5': '0.0315', 'HIT@10': '0.0728', 'NDCG@10': '0.0396', 'HIT@20': '0.1092', 'NDCG@20': '0.0487'}
{'Epoch': 91, 'name': 'mid_freq', 'HIT@5': '0.0062', 'NDCG@5': '0.0042', 'HIT@10': '0.0098', 'NDCG@10': '0.0053', 'HIT@20': '0.0161', 'NDCG@20': '0.0069'}
{'Epoch': 91, 'name': 'low_freq', 'HIT@5': '0.0032', 'NDCG@5': '0.0021', 'HIT@10': '0.0041', 'NDCG@10': '0.0023', 'HIT@20': '0.0063', 'NDCG@20': '0.0029'}
{'Epoch': 91, 'name': 'all', 'HIT@5': '0.0340', 'NDCG@5': '0.0225', 'HIT@10': '0.0519', 'NDCG@10': '0.0282', 'HIT@20': '0.0782', 'NDCG@20': '0.0348'}
EarlyStopping counter: 9 out of 40
rec dataset length: 186
100%|█████████████████████████████████████████████████████████████████████████████████████████████████████████████████████████████████████████| 186/186 [00:46<00:00,  3.96it/s]
{'epoch': 92, 'rec_avg_loss': '0.4922', 'joint_avg_loss': '0.9802', 'cl_avg_loss': '4.8799', 'itemcl_loss': '0.0000', 'cl_pair_0_loss': '4.8799'}
Recommendation EP_test:92: 100%|| 35/35 [00:08<00:00,  4.23it/s]
{'Epoch': 92, 'name': 'high_freq', 'HIT@5': '0.0479', 'NDCG@5': '0.0318', 'HIT@10': '0.0733', 'NDCG@10': '0.0399', 'HIT@20': '0.1088', 'NDCG@20': '0.0488'}
{'Epoch': 92, 'name': 'mid_freq', 'HIT@5': '0.0057', 'NDCG@5': '0.0040', 'HIT@10': '0.0096', 'NDCG@10': '0.0053', 'HIT@20': '0.0168', 'NDCG@20': '0.0071'}
{'Epoch': 92, 'name': 'low_freq', 'HIT@5': '0.0027', 'NDCG@5': '0.0018', 'HIT@10': '0.0041', 'NDCG@10': '0.0023', 'HIT@20': '0.0070', 'NDCG@20': '0.0030'}
{'Epoch': 92, 'name': 'all', 'HIT@5': '0.0340', 'NDCG@5': '0.0226', 'HIT@10': '0.0522', 'NDCG@10': '0.0285', 'HIT@20': '0.0782', 'NDCG@20': '0.0350'}
EarlyStopping counter: 10 out of 40
rec dataset length: 186
100%|█████████████████████████████████████████████████████████████████████████████████████████████████████████████████████████████████████████| 186/186 [00:46<00:00,  3.97it/s]
{'epoch': 93, 'rec_avg_loss': '0.4875', 'joint_avg_loss': '0.9744', 'cl_avg_loss': '4.8686', 'itemcl_loss': '0.0000', 'cl_pair_0_loss': '4.8686'}
Recommendation EP_test:93: 100%|| 35/35 [00:08<00:00,  4.15it/s]
{'Epoch': 93, 'name': 'high_freq', 'HIT@5': '0.0483', 'NDCG@5': '0.0314', 'HIT@10': '0.0739', 'NDCG@10': '0.0396', 'HIT@20': '0.1083', 'NDCG@20': '0.0482'}
{'Epoch': 93, 'name': 'mid_freq', 'HIT@5': '0.0053', 'NDCG@5': '0.0036', 'HIT@10': '0.0089', 'NDCG@10': '0.0047', 'HIT@20': '0.0178', 'NDCG@20': '0.0070'}
{'Epoch': 93, 'name': 'low_freq', 'HIT@5': '0.0034', 'NDCG@5': '0.0023', 'HIT@10': '0.0038', 'NDCG@10': '0.0025', 'HIT@20': '0.0070', 'NDCG@20': '0.0032'}
{'Epoch': 93, 'name': 'all', 'HIT@5': '0.0343', 'NDCG@5': '0.0224', 'HIT@10': '0.0525', 'NDCG@10': '0.0282', 'HIT@20': '0.0780', 'NDCG@20': '0.0346'}
EarlyStopping counter: 11 out of 40
rec dataset length: 186
100%|█████████████████████████████████████████████████████████████████████████████████████████████████████████████████████████████████████████| 186/186 [00:46<00:00,  3.96it/s]
{'epoch': 94, 'rec_avg_loss': '0.4870', 'joint_avg_loss': '0.9741', 'cl_avg_loss': '4.8706', 'itemcl_loss': '0.0000', 'cl_pair_0_loss': '4.8706'}
Recommendation EP_test:94: 100%|| 35/35 [00:08<00:00,  4.13it/s]
{'Epoch': 94, 'name': 'high_freq', 'HIT@5': '0.0480', 'NDCG@5': '0.0312', 'HIT@10': '0.0742', 'NDCG@10': '0.0397', 'HIT@20': '0.1097', 'NDCG@20': '0.0486'}
{'Epoch': 94, 'name': 'mid_freq', 'HIT@5': '0.0057', 'NDCG@5': '0.0036', 'HIT@10': '0.0095', 'NDCG@10': '0.0048', 'HIT@20': '0.0171', 'NDCG@20': '0.0067'}
{'Epoch': 94, 'name': 'low_freq', 'HIT@5': '0.0029', 'NDCG@5': '0.0021', 'HIT@10': '0.0041', 'NDCG@10': '0.0025', 'HIT@20': '0.0052', 'NDCG@20': '0.0027'}
{'Epoch': 94, 'name': 'all', 'HIT@5': '0.0341', 'NDCG@5': '0.0222', 'HIT@10': '0.0529', 'NDCG@10': '0.0282', 'HIT@20': '0.0786', 'NDCG@20': '0.0347'}
EarlyStopping counter: 12 out of 40
rec dataset length: 186
100%|█████████████████████████████████████████████████████████████████████████████████████████████████████████████████████████████████████████| 186/186 [00:46<00:00,  3.97it/s]
{'epoch': 95, 'rec_avg_loss': '0.4828', 'joint_avg_loss': '0.9685', 'cl_avg_loss': '4.8572', 'itemcl_loss': '0.0000', 'cl_pair_0_loss': '4.8572'}
Recommendation EP_test:95: 100%|| 35/35 [00:08<00:00,  4.29it/s]
{'Epoch': 95, 'name': 'high_freq', 'HIT@5': '0.0471', 'NDCG@5': '0.0307', 'HIT@10': '0.0730', 'NDCG@10': '0.0391', 'HIT@20': '0.1088', 'NDCG@20': '0.0481'}
{'Epoch': 95, 'name': 'mid_freq', 'HIT@5': '0.0053', 'NDCG@5': '0.0034', 'HIT@10': '0.0096', 'NDCG@10': '0.0049', 'HIT@20': '0.0157', 'NDCG@20': '0.0064'}
{'Epoch': 95, 'name': 'low_freq', 'HIT@5': '0.0032', 'NDCG@5': '0.0021', 'HIT@10': '0.0045', 'NDCG@10': '0.0026', 'HIT@20': '0.0072', 'NDCG@20': '0.0033'}
{'Epoch': 95, 'name': 'all', 'HIT@5': '0.0335', 'NDCG@5': '0.0218', 'HIT@10': '0.0521', 'NDCG@10': '0.0279', 'HIT@20': '0.0780', 'NDCG@20': '0.0344'}
EarlyStopping counter: 13 out of 40
rec dataset length: 186
100%|█████████████████████████████████████████████████████████████████████████████████████████████████████████████████████████████████████████| 186/186 [00:46<00:00,  3.98it/s]
{'epoch': 96, 'rec_avg_loss': '0.4847', 'joint_avg_loss': '0.9729', 'cl_avg_loss': '4.8823', 'itemcl_loss': '0.0000', 'cl_pair_0_loss': '4.8823'}
Recommendation EP_test:96: 100%|| 35/35 [00:08<00:00,  4.24it/s]
{'Epoch': 96, 'name': 'high_freq', 'HIT@5': '0.0487', 'NDCG@5': '0.0316', 'HIT@10': '0.0730', 'NDCG@10': '0.0395', 'HIT@20': '0.1098', 'NDCG@20': '0.0488'}
{'Epoch': 96, 'name': 'mid_freq', 'HIT@5': '0.0062', 'NDCG@5': '0.0039', 'HIT@10': '0.0095', 'NDCG@10': '0.0049', 'HIT@20': '0.0158', 'NDCG@20': '0.0065'}
{'Epoch': 96, 'name': 'low_freq', 'HIT@5': '0.0027', 'NDCG@5': '0.0020', 'HIT@10': '0.0045', 'NDCG@10': '0.0026', 'HIT@20': '0.0066', 'NDCG@20': '0.0031'}
{'Epoch': 96, 'name': 'all', 'HIT@5': '0.0347', 'NDCG@5': '0.0225', 'HIT@10': '0.0521', 'NDCG@10': '0.0282', 'HIT@20': '0.0786', 'NDCG@20': '0.0348'}
EarlyStopping counter: 14 out of 40
rec dataset length: 186
100%|█████████████████████████████████████████████████████████████████████████████████████████████████████████████████████████████████████████| 186/186 [00:46<00:00,  3.97it/s]
{'epoch': 97, 'rec_avg_loss': '0.4837', 'joint_avg_loss': '0.9702', 'cl_avg_loss': '4.8656', 'itemcl_loss': '0.0000', 'cl_pair_0_loss': '4.8656'}
Recommendation EP_test:97: 100%|| 35/35 [00:08<00:00,  4.24it/s]
{'Epoch': 97, 'name': 'high_freq', 'HIT@5': '0.0490', 'NDCG@5': '0.0324', 'HIT@10': '0.0756', 'NDCG@10': '0.0409', 'HIT@20': '0.1096', 'NDCG@20': '0.0494'}
{'Epoch': 97, 'name': 'mid_freq', 'HIT@5': '0.0059', 'NDCG@5': '0.0039', 'HIT@10': '0.0111', 'NDCG@10': '0.0055', 'HIT@20': '0.0159', 'NDCG@20': '0.0068'}
{'Epoch': 97, 'name': 'low_freq', 'HIT@5': '0.0034', 'NDCG@5': '0.0024', 'HIT@10': '0.0054', 'NDCG@10': '0.0031', 'HIT@20': '0.0091', 'NDCG@20': '0.0040'}
{'Epoch': 97, 'name': 'all', 'HIT@5': '0.0349', 'NDCG@5': '0.0231', 'HIT@10': '0.0542', 'NDCG@10': '0.0293', 'HIT@20': '0.0788', 'NDCG@20': '0.0354'}
EarlyStopping counter: 15 out of 40
rec dataset length: 186
100%|█████████████████████████████████████████████████████████████████████████████████████████████████████████████████████████████████████████| 186/186 [00:46<00:00,  3.97it/s]
{'epoch': 98, 'rec_avg_loss': '0.4830', 'joint_avg_loss': '0.9701', 'cl_avg_loss': '4.8702', 'itemcl_loss': '0.0000', 'cl_pair_0_loss': '4.8702'}
Recommendation EP_test:98: 100%|| 35/35 [00:08<00:00,  4.30it/s]
{'Epoch': 98, 'name': 'high_freq', 'HIT@5': '0.0488', 'NDCG@5': '0.0321', 'HIT@10': '0.0755', 'NDCG@10': '0.0407', 'HIT@20': '0.1109', 'NDCG@20': '0.0496'}
{'Epoch': 98, 'name': 'mid_freq', 'HIT@5': '0.0056', 'NDCG@5': '0.0039', 'HIT@10': '0.0112', 'NDCG@10': '0.0057', 'HIT@20': '0.0165', 'NDCG@20': '0.0070'}
{'Epoch': 98, 'name': 'low_freq', 'HIT@5': '0.0027', 'NDCG@5': '0.0021', 'HIT@10': '0.0052', 'NDCG@10': '0.0029', 'HIT@20': '0.0075', 'NDCG@20': '0.0034'}
{'Epoch': 98, 'name': 'all', 'HIT@5': '0.0346', 'NDCG@5': '0.0228', 'HIT@10': '0.0542', 'NDCG@10': '0.0292', 'HIT@20': '0.0796', 'NDCG@20': '0.0355'}
EarlyStopping counter: 16 out of 40
rec dataset length: 186
100%|█████████████████████████████████████████████████████████████████████████████████████████████████████████████████████████████████████████| 186/186 [00:47<00:00,  3.95it/s]
{'epoch': 99, 'rec_avg_loss': '0.4795', 'joint_avg_loss': '0.9656', 'cl_avg_loss': '4.8612', 'itemcl_loss': '0.0000', 'cl_pair_0_loss': '4.8612'}
Recommendation EP_test:99: 100%|| 35/35 [00:08<00:00,  4.23it/s]
{'Epoch': 99, 'name': 'high_freq', 'HIT@5': '0.0475', 'NDCG@5': '0.0314', 'HIT@10': '0.0741', 'NDCG@10': '0.0399', 'HIT@20': '0.1085', 'NDCG@20': '0.0485'}
{'Epoch': 99, 'name': 'mid_freq', 'HIT@5': '0.0069', 'NDCG@5': '0.0044', 'HIT@10': '0.0106', 'NDCG@10': '0.0056', 'HIT@20': '0.0172', 'NDCG@20': '0.0072'}
{'Epoch': 99, 'name': 'low_freq', 'HIT@5': '0.0025', 'NDCG@5': '0.0020', 'HIT@10': '0.0043', 'NDCG@10': '0.0025', 'HIT@20': '0.0068', 'NDCG@20': '0.0032'}
{'Epoch': 99, 'name': 'all', 'HIT@5': '0.0340', 'NDCG@5': '0.0224', 'HIT@10': '0.0530', 'NDCG@10': '0.0285', 'HIT@20': '0.0780', 'NDCG@20': '0.0348'}
EarlyStopping counter: 17 out of 40
rec dataset length: 186
100%|█████████████████████████████████████████████████████████████████████████████████████████████████████████████████████████████████████████| 186/186 [00:46<00:00,  3.97it/s]
{'epoch': 100, 'rec_avg_loss': '0.4774', 'joint_avg_loss': '0.9633', 'cl_avg_loss': '4.8590', 'itemcl_loss': '0.0000', 'cl_pair_0_loss': '4.8590'}
Recommendation EP_test:100: 100%|| 35/35 [00:08<00:00,  4.36it/s]
{'Epoch': 100, 'name': 'high_freq', 'HIT@5': '0.0472', 'NDCG@5': '0.0309', 'HIT@10': '0.0730', 'NDCG@10': '0.0393', 'HIT@20': '0.1078', 'NDCG@20': '0.0480'}
{'Epoch': 100, 'name': 'mid_freq', 'HIT@5': '0.0063', 'NDCG@5': '0.0040', 'HIT@10': '0.0095', 'NDCG@10': '0.0050', 'HIT@20': '0.0162', 'NDCG@20': '0.0067'}
{'Epoch': 100, 'name': 'low_freq', 'HIT@5': '0.0027', 'NDCG@5': '0.0018', 'HIT@10': '0.0038', 'NDCG@10': '0.0022', 'HIT@20': '0.0068', 'NDCG@20': '0.0029'}
{'Epoch': 100, 'name': 'all', 'HIT@5': '0.0337', 'NDCG@5': '0.0220', 'HIT@10': '0.0520', 'NDCG@10': '0.0280', 'HIT@20': '0.0773', 'NDCG@20': '0.0343'}
EarlyStopping counter: 18 out of 40
rec dataset length: 186
100%|█████████████████████████████████████████████████████████████████████████████████████████████████████████████████████████████████████████| 186/186 [00:47<00:00,  3.95it/s]
{'epoch': 101, 'rec_avg_loss': '0.4768', 'joint_avg_loss': '0.9621', 'cl_avg_loss': '4.8522', 'itemcl_loss': '0.0000', 'cl_pair_0_loss': '4.8522'}
Recommendation EP_test:101: 100%|| 35/35 [00:07<00:00,  4.40it/s]
{'Epoch': 101, 'name': 'high_freq', 'HIT@5': '0.0473', 'NDCG@5': '0.0311', 'HIT@10': '0.0724', 'NDCG@10': '0.0392', 'HIT@20': '0.1098', 'NDCG@20': '0.0486'}
{'Epoch': 101, 'name': 'mid_freq', 'HIT@5': '0.0072', 'NDCG@5': '0.0046', 'HIT@10': '0.0109', 'NDCG@10': '0.0058', 'HIT@20': '0.0185', 'NDCG@20': '0.0077'}
{'Epoch': 101, 'name': 'low_freq', 'HIT@5': '0.0029', 'NDCG@5': '0.0022', 'HIT@10': '0.0043', 'NDCG@10': '0.0026', 'HIT@20': '0.0077', 'NDCG@20': '0.0034'}
{'Epoch': 101, 'name': 'all', 'HIT@5': '0.0339', 'NDCG@5': '0.0223', 'HIT@10': '0.0519', 'NDCG@10': '0.0281', 'HIT@20': '0.0792', 'NDCG@20': '0.0350'}
EarlyStopping counter: 19 out of 40
rec dataset length: 186
100%|█████████████████████████████████████████████████████████████████████████████████████████████████████████████████████████████████████████| 186/186 [00:46<00:00,  3.96it/s]
{'epoch': 102, 'rec_avg_loss': '0.4742', 'joint_avg_loss': '0.9605', 'cl_avg_loss': '4.8632', 'itemcl_loss': '0.0000', 'cl_pair_0_loss': '4.8632'}
Recommendation EP_test:102: 100%|| 35/35 [00:08<00:00,  4.32it/s]
{'Epoch': 102, 'name': 'high_freq', 'HIT@5': '0.0476', 'NDCG@5': '0.0312', 'HIT@10': '0.0735', 'NDCG@10': '0.0396', 'HIT@20': '0.1083', 'NDCG@20': '0.0483'}
{'Epoch': 102, 'name': 'mid_freq', 'HIT@5': '0.0068', 'NDCG@5': '0.0043', 'HIT@10': '0.0103', 'NDCG@10': '0.0054', 'HIT@20': '0.0167', 'NDCG@20': '0.0070'}
{'Epoch': 102, 'name': 'low_freq', 'HIT@5': '0.0036', 'NDCG@5': '0.0025', 'HIT@10': '0.0043', 'NDCG@10': '0.0027', 'HIT@20': '0.0081', 'NDCG@20': '0.0036'}
{'Epoch': 102, 'name': 'all', 'HIT@5': '0.0341', 'NDCG@5': '0.0224', 'HIT@10': '0.0526', 'NDCG@10': '0.0283', 'HIT@20': '0.0780', 'NDCG@20': '0.0347'}
EarlyStopping counter: 20 out of 40
rec dataset length: 186
100%|█████████████████████████████████████████████████████████████████████████████████████████████████████████████████████████████████████████| 186/186 [00:46<00:00,  3.96it/s]
{'epoch': 103, 'rec_avg_loss': '0.4736', 'joint_avg_loss': '0.9595', 'cl_avg_loss': '4.8584', 'itemcl_loss': '0.0000', 'cl_pair_0_loss': '4.8584'}
Recommendation EP_test:103: 100%|| 35/35 [00:08<00:00,  4.17it/s]
{'Epoch': 103, 'name': 'high_freq', 'HIT@5': '0.0493', 'NDCG@5': '0.0319', 'HIT@10': '0.0760', 'NDCG@10': '0.0405', 'HIT@20': '0.1095', 'NDCG@20': '0.0489'}
{'Epoch': 103, 'name': 'mid_freq', 'HIT@5': '0.0062', 'NDCG@5': '0.0039', 'HIT@10': '0.0099', 'NDCG@10': '0.0051', 'HIT@20': '0.0165', 'NDCG@20': '0.0068'}
{'Epoch': 103, 'name': 'low_freq', 'HIT@5': '0.0027', 'NDCG@5': '0.0019', 'HIT@10': '0.0048', 'NDCG@10': '0.0025', 'HIT@20': '0.0072', 'NDCG@20': '0.0032'}
{'Epoch': 103, 'name': 'all', 'HIT@5': '0.0351', 'NDCG@5': '0.0227', 'HIT@10': '0.0542', 'NDCG@10': '0.0289', 'HIT@20': '0.0786', 'NDCG@20': '0.0350'}
EarlyStopping counter: 21 out of 40
rec dataset length: 186
100%|█████████████████████████████████████████████████████████████████████████████████████████████████████████████████████████████████████████| 186/186 [00:47<00:00,  3.96it/s]
{'epoch': 104, 'rec_avg_loss': '0.4719', 'joint_avg_loss': '0.9574', 'cl_avg_loss': '4.8551', 'itemcl_loss': '0.0000', 'cl_pair_0_loss': '4.8551'}
Recommendation EP_test:104: 100%|| 35/35 [00:07<00:00,  4.40it/s]
{'Epoch': 104, 'name': 'high_freq', 'HIT@5': '0.0476', 'NDCG@5': '0.0310', 'HIT@10': '0.0754', 'NDCG@10': '0.0400', 'HIT@20': '0.1085', 'NDCG@20': '0.0483'}
{'Epoch': 104, 'name': 'mid_freq', 'HIT@5': '0.0069', 'NDCG@5': '0.0044', 'HIT@10': '0.0101', 'NDCG@10': '0.0054', 'HIT@20': '0.0177', 'NDCG@20': '0.0073'}
{'Epoch': 104, 'name': 'low_freq', 'HIT@5': '0.0034', 'NDCG@5': '0.0022', 'HIT@10': '0.0050', 'NDCG@10': '0.0026', 'HIT@20': '0.0091', 'NDCG@20': '0.0037'}
{'Epoch': 104, 'name': 'all', 'HIT@5': '0.0342', 'NDCG@5': '0.0222', 'HIT@10': '0.0539', 'NDCG@10': '0.0286', 'HIT@20': '0.0784', 'NDCG@20': '0.0347'}
EarlyStopping counter: 22 out of 40
rec dataset length: 186
100%|█████████████████████████████████████████████████████████████████████████████████████████████████████████████████████████████████████████| 186/186 [00:46<00:00,  3.96it/s]
{'epoch': 105, 'rec_avg_loss': '0.4722', 'joint_avg_loss': '0.9569', 'cl_avg_loss': '4.8470', 'itemcl_loss': '0.0000', 'cl_pair_0_loss': '4.8470'}
Recommendation EP_test:105: 100%|| 35/35 [00:08<00:00,  4.16it/s]
{'Epoch': 105, 'name': 'high_freq', 'HIT@5': '0.0474', 'NDCG@5': '0.0304', 'HIT@10': '0.0751', 'NDCG@10': '0.0393', 'HIT@20': '0.1120', 'NDCG@20': '0.0486'}
{'Epoch': 105, 'name': 'mid_freq', 'HIT@5': '0.0057', 'NDCG@5': '0.0034', 'HIT@10': '0.0103', 'NDCG@10': '0.0049', 'HIT@20': '0.0168', 'NDCG@20': '0.0065'}
{'Epoch': 105, 'name': 'low_freq', 'HIT@5': '0.0032', 'NDCG@5': '0.0021', 'HIT@10': '0.0045', 'NDCG@10': '0.0026', 'HIT@20': '0.0084', 'NDCG@20': '0.0035'}
{'Epoch': 105, 'name': 'all', 'HIT@5': '0.0337', 'NDCG@5': '0.0216', 'HIT@10': '0.0537', 'NDCG@10': '0.0280', 'HIT@20': '0.0805', 'NDCG@20': '0.0348'}
EarlyStopping counter: 23 out of 40
rec dataset length: 186
100%|█████████████████████████████████████████████████████████████████████████████████████████████████████████████████████████████████████████| 186/186 [00:46<00:00,  3.98it/s]
{'epoch': 106, 'rec_avg_loss': '0.4702', 'joint_avg_loss': '0.9559', 'cl_avg_loss': '4.8576', 'itemcl_loss': '0.0000', 'cl_pair_0_loss': '4.8576'}
Recommendation EP_test:106: 100%|| 35/35 [00:08<00:00,  4.32it/s]
{'Epoch': 106, 'name': 'high_freq', 'HIT@5': '0.0472', 'NDCG@5': '0.0310', 'HIT@10': '0.0740', 'NDCG@10': '0.0396', 'HIT@20': '0.1127', 'NDCG@20': '0.0494'}
{'Epoch': 106, 'name': 'mid_freq', 'HIT@5': '0.0065', 'NDCG@5': '0.0039', 'HIT@10': '0.0101', 'NDCG@10': '0.0050', 'HIT@20': '0.0168', 'NDCG@20': '0.0067'}
{'Epoch': 106, 'name': 'low_freq', 'HIT@5': '0.0038', 'NDCG@5': '0.0025', 'HIT@10': '0.0057', 'NDCG@10': '0.0031', 'HIT@20': '0.0081', 'NDCG@20': '0.0037'}
{'Epoch': 106, 'name': 'all', 'HIT@5': '0.0339', 'NDCG@5': '0.0222', 'HIT@10': '0.0530', 'NDCG@10': '0.0283', 'HIT@20': '0.0810', 'NDCG@20': '0.0354'}
EarlyStopping counter: 24 out of 40
rec dataset length: 186
100%|█████████████████████████████████████████████████████████████████████████████████████████████████████████████████████████████████████████| 186/186 [00:47<00:00,  3.96it/s]
{'epoch': 107, 'rec_avg_loss': '0.4688', 'joint_avg_loss': '0.9545', 'cl_avg_loss': '4.8569', 'itemcl_loss': '0.0000', 'cl_pair_0_loss': '4.8569'}
Recommendation EP_test:107: 100%|| 35/35 [00:08<00:00,  4.36it/s]
{'Epoch': 107, 'name': 'high_freq', 'HIT@5': '0.0474', 'NDCG@5': '0.0310', 'HIT@10': '0.0737', 'NDCG@10': '0.0394', 'HIT@20': '0.1106', 'NDCG@20': '0.0487'}
{'Epoch': 107, 'name': 'mid_freq', 'HIT@5': '0.0070', 'NDCG@5': '0.0044', 'HIT@10': '0.0112', 'NDCG@10': '0.0057', 'HIT@20': '0.0164', 'NDCG@20': '0.0070'}
{'Epoch': 107, 'name': 'low_freq', 'HIT@5': '0.0029', 'NDCG@5': '0.0020', 'HIT@10': '0.0043', 'NDCG@10': '0.0025', 'HIT@20': '0.0079', 'NDCG@20': '0.0034'}
{'Epoch': 107, 'name': 'all', 'HIT@5': '0.0340', 'NDCG@5': '0.0222', 'HIT@10': '0.0529', 'NDCG@10': '0.0282', 'HIT@20': '0.0794', 'NDCG@20': '0.0349'}
EarlyStopping counter: 25 out of 40
rec dataset length: 186
100%|█████████████████████████████████████████████████████████████████████████████████████████████████████████████████████████████████████████| 186/186 [00:47<00:00,  3.95it/s]
{'epoch': 108, 'rec_avg_loss': '0.4670', 'joint_avg_loss': '0.9508', 'cl_avg_loss': '4.8382', 'itemcl_loss': '0.0000', 'cl_pair_0_loss': '4.8382'}
Recommendation EP_test:108: 100%|| 35/35 [00:08<00:00,  4.28it/s]
{'Epoch': 108, 'name': 'high_freq', 'HIT@5': '0.0472', 'NDCG@5': '0.0307', 'HIT@10': '0.0728', 'NDCG@10': '0.0389', 'HIT@20': '0.1103', 'NDCG@20': '0.0483'}
{'Epoch': 108, 'name': 'mid_freq', 'HIT@5': '0.0080', 'NDCG@5': '0.0051', 'HIT@10': '0.0119', 'NDCG@10': '0.0063', 'HIT@20': '0.0167', 'NDCG@20': '0.0075'}
{'Epoch': 108, 'name': 'low_freq', 'HIT@5': '0.0038', 'NDCG@5': '0.0027', 'HIT@10': '0.0052', 'NDCG@10': '0.0031', 'HIT@20': '0.0081', 'NDCG@20': '0.0039'}
{'Epoch': 108, 'name': 'all', 'HIT@5': '0.0342', 'NDCG@5': '0.0222', 'HIT@10': '0.0525', 'NDCG@10': '0.0281', 'HIT@20': '0.0793', 'NDCG@20': '0.0348'}
EarlyStopping counter: 26 out of 40
rec dataset length: 186
100%|█████████████████████████████████████████████████████████████████████████████████████████████████████████████████████████████████████████| 186/186 [00:46<00:00,  3.96it/s]
{'epoch': 109, 'rec_avg_loss': '0.4636', 'joint_avg_loss': '0.9492', 'cl_avg_loss': '4.8561', 'itemcl_loss': '0.0000', 'cl_pair_0_loss': '4.8561'}
Recommendation EP_test:109: 100%|| 35/35 [00:08<00:00,  4.37it/s]
{'Epoch': 109, 'name': 'high_freq', 'HIT@5': '0.0464', 'NDCG@5': '0.0309', 'HIT@10': '0.0732', 'NDCG@10': '0.0395', 'HIT@20': '0.1105', 'NDCG@20': '0.0488'}
{'Epoch': 109, 'name': 'mid_freq', 'HIT@5': '0.0065', 'NDCG@5': '0.0041', 'HIT@10': '0.0101', 'NDCG@10': '0.0052', 'HIT@20': '0.0167', 'NDCG@20': '0.0069'}
{'Epoch': 109, 'name': 'low_freq', 'HIT@5': '0.0027', 'NDCG@5': '0.0021', 'HIT@10': '0.0052', 'NDCG@10': '0.0029', 'HIT@20': '0.0072', 'NDCG@20': '0.0034'}
{'Epoch': 109, 'name': 'all', 'HIT@5': '0.0332', 'NDCG@5': '0.0221', 'HIT@10': '0.0524', 'NDCG@10': '0.0282', 'HIT@20': '0.0793', 'NDCG@20': '0.0350'}
EarlyStopping counter: 27 out of 40
rec dataset length: 186
100%|█████████████████████████████████████████████████████████████████████████████████████████████████████████████████████████████████████████| 186/186 [00:46<00:00,  3.97it/s]
{'epoch': 110, 'rec_avg_loss': '0.4645', 'joint_avg_loss': '0.9497', 'cl_avg_loss': '4.8519', 'itemcl_loss': '0.0000', 'cl_pair_0_loss': '4.8519'}
Recommendation EP_test:110: 100%|| 35/35 [00:08<00:00,  4.32it/s]
{'Epoch': 110, 'name': 'high_freq', 'HIT@5': '0.0473', 'NDCG@5': '0.0316', 'HIT@10': '0.0725', 'NDCG@10': '0.0396', 'HIT@20': '0.1109', 'NDCG@20': '0.0493'}
{'Epoch': 110, 'name': 'mid_freq', 'HIT@5': '0.0066', 'NDCG@5': '0.0043', 'HIT@10': '0.0105', 'NDCG@10': '0.0056', 'HIT@20': '0.0171', 'NDCG@20': '0.0072'}
{'Epoch': 110, 'name': 'low_freq', 'HIT@5': '0.0036', 'NDCG@5': '0.0025', 'HIT@10': '0.0045', 'NDCG@10': '0.0028', 'HIT@20': '0.0077', 'NDCG@20': '0.0036'}
{'Epoch': 110, 'name': 'all', 'HIT@5': '0.0339', 'NDCG@5': '0.0226', 'HIT@10': '0.0519', 'NDCG@10': '0.0284', 'HIT@20': '0.0798', 'NDCG@20': '0.0354'}
EarlyStopping counter: 28 out of 40
rec dataset length: 186
100%|█████████████████████████████████████████████████████████████████████████████████████████████████████████████████████████████████████████| 186/186 [00:47<00:00,  3.96it/s]
{'epoch': 111, 'rec_avg_loss': '0.4656', 'joint_avg_loss': '0.9492', 'cl_avg_loss': '4.8362', 'itemcl_loss': '0.0000', 'cl_pair_0_loss': '4.8362'}
Recommendation EP_test:111: 100%|| 35/35 [00:08<00:00,  4.32it/s]
{'Epoch': 111, 'name': 'high_freq', 'HIT@5': '0.0463', 'NDCG@5': '0.0312', 'HIT@10': '0.0734', 'NDCG@10': '0.0399', 'HIT@20': '0.1100', 'NDCG@20': '0.0491'}
{'Epoch': 111, 'name': 'mid_freq', 'HIT@5': '0.0068', 'NDCG@5': '0.0045', 'HIT@10': '0.0109', 'NDCG@10': '0.0058', 'HIT@20': '0.0175', 'NDCG@20': '0.0075'}
{'Epoch': 111, 'name': 'low_freq', 'HIT@5': '0.0043', 'NDCG@5': '0.0030', 'HIT@10': '0.0054', 'NDCG@10': '0.0034', 'HIT@20': '0.0086', 'NDCG@20': '0.0042'}
{'Epoch': 111, 'name': 'all', 'HIT@5': '0.0333', 'NDCG@5': '0.0225', 'HIT@10': '0.0528', 'NDCG@10': '0.0287', 'HIT@20': '0.0793', 'NDCG@20': '0.0354'}
EarlyStopping counter: 29 out of 40
rec dataset length: 186
100%|█████████████████████████████████████████████████████████████████████████████████████████████████████████████████████████████████████████| 186/186 [00:47<00:00,  3.95it/s]
{'epoch': 112, 'rec_avg_loss': '0.4629', 'joint_avg_loss': '0.9475', 'cl_avg_loss': '4.8457', 'itemcl_loss': '0.0000', 'cl_pair_0_loss': '4.8457'}
Recommendation EP_test:112: 100%|| 35/35 [00:08<00:00,  4.26it/s]
{'Epoch': 112, 'name': 'high_freq', 'HIT@5': '0.0474', 'NDCG@5': '0.0309', 'HIT@10': '0.0735', 'NDCG@10': '0.0393', 'HIT@20': '0.1102', 'NDCG@20': '0.0485'}
{'Epoch': 112, 'name': 'mid_freq', 'HIT@5': '0.0066', 'NDCG@5': '0.0044', 'HIT@10': '0.0115', 'NDCG@10': '0.0060', 'HIT@20': '0.0161', 'NDCG@20': '0.0072'}
{'Epoch': 112, 'name': 'low_freq', 'HIT@5': '0.0034', 'NDCG@5': '0.0022', 'HIT@10': '0.0052', 'NDCG@10': '0.0028', 'HIT@20': '0.0077', 'NDCG@20': '0.0035'}
{'Epoch': 112, 'name': 'all', 'HIT@5': '0.0340', 'NDCG@5': '0.0222', 'HIT@10': '0.0529', 'NDCG@10': '0.0282', 'HIT@20': '0.0790', 'NDCG@20': '0.0348'}
EarlyStopping counter: 30 out of 40
rec dataset length: 186
100%|█████████████████████████████████████████████████████████████████████████████████████████████████████████████████████████████████████████| 186/186 [00:47<00:00,  3.96it/s]
{'epoch': 113, 'rec_avg_loss': '0.4626', 'joint_avg_loss': '0.9457', 'cl_avg_loss': '4.8305', 'itemcl_loss': '0.0000', 'cl_pair_0_loss': '4.8305'}
Recommendation EP_test:113: 100%|| 35/35 [00:08<00:00,  4.33it/s]
{'Epoch': 113, 'name': 'high_freq', 'HIT@5': '0.0477', 'NDCG@5': '0.0307', 'HIT@10': '0.0739', 'NDCG@10': '0.0391', 'HIT@20': '0.1090', 'NDCG@20': '0.0479'}
{'Epoch': 113, 'name': 'mid_freq', 'HIT@5': '0.0079', 'NDCG@5': '0.0054', 'HIT@10': '0.0116', 'NDCG@10': '0.0065', 'HIT@20': '0.0177', 'NDCG@20': '0.0081'}
{'Epoch': 113, 'name': 'low_freq', 'HIT@5': '0.0038', 'NDCG@5': '0.0026', 'HIT@10': '0.0057', 'NDCG@10': '0.0031', 'HIT@20': '0.0091', 'NDCG@20': '0.0040'}
{'Epoch': 113, 'name': 'all', 'HIT@5': '0.0344', 'NDCG@5': '0.0222', 'HIT@10': '0.0532', 'NDCG@10': '0.0283', 'HIT@20': '0.0787', 'NDCG@20': '0.0347'}
EarlyStopping counter: 31 out of 40
rec dataset length: 186
100%|█████████████████████████████████████████████████████████████████████████████████████████████████████████████████████████████████████████| 186/186 [00:47<00:00,  3.95it/s]
{'epoch': 114, 'rec_avg_loss': '0.4613', 'joint_avg_loss': '0.9441', 'cl_avg_loss': '4.8274', 'itemcl_loss': '0.0000', 'cl_pair_0_loss': '4.8274'}
Recommendation EP_test:114: 100%|| 35/35 [00:08<00:00,  4.30it/s]
{'Epoch': 114, 'name': 'high_freq', 'HIT@5': '0.0464', 'NDCG@5': '0.0299', 'HIT@10': '0.0732', 'NDCG@10': '0.0385', 'HIT@20': '0.1079', 'NDCG@20': '0.0473'}
{'Epoch': 114, 'name': 'mid_freq', 'HIT@5': '0.0083', 'NDCG@5': '0.0053', 'HIT@10': '0.0106', 'NDCG@10': '0.0060', 'HIT@20': '0.0167', 'NDCG@20': '0.0076'}
{'Epoch': 114, 'name': 'low_freq', 'HIT@5': '0.0036', 'NDCG@5': '0.0024', 'HIT@10': '0.0059', 'NDCG@10': '0.0031', 'HIT@20': '0.0070', 'NDCG@20': '0.0034'}
{'Epoch': 114, 'name': 'all', 'HIT@5': '0.0337', 'NDCG@5': '0.0217', 'HIT@10': '0.0526', 'NDCG@10': '0.0278', 'HIT@20': '0.0776', 'NDCG@20': '0.0341'}
EarlyStopping counter: 32 out of 40
rec dataset length: 186
100%|█████████████████████████████████████████████████████████████████████████████████████████████████████████████████████████████████████████| 186/186 [00:46<00:00,  3.97it/s]
{'epoch': 115, 'rec_avg_loss': '0.4611', 'joint_avg_loss': '0.9444', 'cl_avg_loss': '4.8338', 'itemcl_loss': '0.0000', 'cl_pair_0_loss': '4.8338'}
Recommendation EP_test:115: 100%|| 35/35 [00:08<00:00,  4.37it/s]
{'Epoch': 115, 'name': 'high_freq', 'HIT@5': '0.0488', 'NDCG@5': '0.0317', 'HIT@10': '0.0747', 'NDCG@10': '0.0400', 'HIT@20': '0.1101', 'NDCG@20': '0.0489'}
{'Epoch': 115, 'name': 'mid_freq', 'HIT@5': '0.0082', 'NDCG@5': '0.0052', 'HIT@10': '0.0116', 'NDCG@10': '0.0063', 'HIT@20': '0.0168', 'NDCG@20': '0.0076'}
{'Epoch': 115, 'name': 'low_freq', 'HIT@5': '0.0034', 'NDCG@5': '0.0023', 'HIT@10': '0.0052', 'NDCG@10': '0.0029', 'HIT@20': '0.0072', 'NDCG@20': '0.0034'}
{'Epoch': 115, 'name': 'all', 'HIT@5': '0.0353', 'NDCG@5': '0.0229', 'HIT@10': '0.0537', 'NDCG@10': '0.0288', 'HIT@20': '0.0791', 'NDCG@20': '0.0352'}
EarlyStopping counter: 33 out of 40
rec dataset length: 186
100%|█████████████████████████████████████████████████████████████████████████████████████████████████████████████████████████████████████████| 186/186 [00:47<00:00,  3.96it/s]
{'epoch': 116, 'rec_avg_loss': '0.4603', 'joint_avg_loss': '0.9431', 'cl_avg_loss': '4.8279', 'itemcl_loss': '0.0000', 'cl_pair_0_loss': '4.8279'}
Recommendation EP_test:116: 100%|| 35/35 [00:08<00:00,  4.36it/s]
{'Epoch': 116, 'name': 'high_freq', 'HIT@5': '0.0487', 'NDCG@5': '0.0315', 'HIT@10': '0.0746', 'NDCG@10': '0.0398', 'HIT@20': '0.1089', 'NDCG@20': '0.0484'}
{'Epoch': 116, 'name': 'mid_freq', 'HIT@5': '0.0072', 'NDCG@5': '0.0045', 'HIT@10': '0.0115', 'NDCG@10': '0.0059', 'HIT@20': '0.0171', 'NDCG@20': '0.0073'}
{'Epoch': 116, 'name': 'low_freq', 'HIT@5': '0.0038', 'NDCG@5': '0.0025', 'HIT@10': '0.0052', 'NDCG@10': '0.0029', 'HIT@20': '0.0070', 'NDCG@20': '0.0034'}
{'Epoch': 116, 'name': 'all', 'HIT@5': '0.0350', 'NDCG@5': '0.0226', 'HIT@10': '0.0537', 'NDCG@10': '0.0286', 'HIT@20': '0.0783', 'NDCG@20': '0.0348'}
EarlyStopping counter: 34 out of 40
rec dataset length: 186
100%|█████████████████████████████████████████████████████████████████████████████████████████████████████████████████████████████████████████| 186/186 [00:47<00:00,  3.95it/s]
{'epoch': 117, 'rec_avg_loss': '0.4551', 'joint_avg_loss': '0.9386', 'cl_avg_loss': '4.8357', 'itemcl_loss': '0.0000', 'cl_pair_0_loss': '4.8357'}
Recommendation EP_test:117: 100%|| 35/35 [00:08<00:00,  4.34it/s]
{'Epoch': 117, 'name': 'high_freq', 'HIT@5': '0.0475', 'NDCG@5': '0.0311', 'HIT@10': '0.0742', 'NDCG@10': '0.0397', 'HIT@20': '0.1094', 'NDCG@20': '0.0486'}
{'Epoch': 117, 'name': 'mid_freq', 'HIT@5': '0.0076', 'NDCG@5': '0.0050', 'HIT@10': '0.0119', 'NDCG@10': '0.0063', 'HIT@20': '0.0175', 'NDCG@20': '0.0077'}
{'Epoch': 117, 'name': 'low_freq', 'HIT@5': '0.0043', 'NDCG@5': '0.0029', 'HIT@10': '0.0059', 'NDCG@10': '0.0034', 'HIT@20': '0.0091', 'NDCG@20': '0.0042'}
{'Epoch': 117, 'name': 'all', 'HIT@5': '0.0343', 'NDCG@5': '0.0225', 'HIT@10': '0.0535', 'NDCG@10': '0.0287', 'HIT@20': '0.0790', 'NDCG@20': '0.0351'}
EarlyStopping counter: 35 out of 40
rec dataset length: 186
100%|█████████████████████████████████████████████████████████████████████████████████████████████████████████████████████████████████████████| 186/186 [00:46<00:00,  3.97it/s]
{'epoch': 118, 'rec_avg_loss': '0.4548', 'joint_avg_loss': '0.9387', 'cl_avg_loss': '4.8386', 'itemcl_loss': '0.0000', 'cl_pair_0_loss': '4.8386'}
Recommendation EP_test:118: 100%|| 35/35 [00:08<00:00,  4.28it/s]
{'Epoch': 118, 'name': 'high_freq', 'HIT@5': '0.0479', 'NDCG@5': '0.0310', 'HIT@10': '0.0726', 'NDCG@10': '0.0389', 'HIT@20': '0.1075', 'NDCG@20': '0.0477'}
{'Epoch': 118, 'name': 'mid_freq', 'HIT@5': '0.0080', 'NDCG@5': '0.0053', 'HIT@10': '0.0116', 'NDCG@10': '0.0064', 'HIT@20': '0.0185', 'NDCG@20': '0.0082'}
{'Epoch': 118, 'name': 'low_freq', 'HIT@5': '0.0041', 'NDCG@5': '0.0027', 'HIT@10': '0.0059', 'NDCG@10': '0.0033', 'HIT@20': '0.0088', 'NDCG@20': '0.0041'}
{'Epoch': 118, 'name': 'all', 'HIT@5': '0.0347', 'NDCG@5': '0.0224', 'HIT@10': '0.0524', 'NDCG@10': '0.0281', 'HIT@20': '0.0779', 'NDCG@20': '0.0346'}
EarlyStopping counter: 36 out of 40
rec dataset length: 186
100%|█████████████████████████████████████████████████████████████████████████████████████████████████████████████████████████████████████████| 186/186 [00:47<00:00,  3.96it/s]
{'epoch': 119, 'rec_avg_loss': '0.4547', 'joint_avg_loss': '0.9378', 'cl_avg_loss': '4.8303', 'itemcl_loss': '0.0000', 'cl_pair_0_loss': '4.8303'}
Recommendation EP_test:119: 100%|| 35/35 [00:08<00:00,  4.28it/s]
{'Epoch': 119, 'name': 'high_freq', 'HIT@5': '0.0475', 'NDCG@5': '0.0312', 'HIT@10': '0.0728', 'NDCG@10': '0.0394', 'HIT@20': '0.1091', 'NDCG@20': '0.0485'}
{'Epoch': 119, 'name': 'mid_freq', 'HIT@5': '0.0076', 'NDCG@5': '0.0052', 'HIT@10': '0.0122', 'NDCG@10': '0.0067', 'HIT@20': '0.0185', 'NDCG@20': '0.0083'}
{'Epoch': 119, 'name': 'low_freq', 'HIT@5': '0.0043', 'NDCG@5': '0.0029', 'HIT@10': '0.0054', 'NDCG@10': '0.0032', 'HIT@20': '0.0088', 'NDCG@20': '0.0041'}
{'Epoch': 119, 'name': 'all', 'HIT@5': '0.0343', 'NDCG@5': '0.0226', 'HIT@10': '0.0526', 'NDCG@10': '0.0285', 'HIT@20': '0.0789', 'NDCG@20': '0.0351'}
EarlyStopping counter: 37 out of 40
rec dataset length: 186
100%|█████████████████████████████████████████████████████████████████████████████████████████████████████████████████████████████████████████| 186/186 [00:46<00:00,  3.97it/s]
{'epoch': 120, 'rec_avg_loss': '0.4540', 'joint_avg_loss': '0.9364', 'cl_avg_loss': '4.8245', 'itemcl_loss': '0.0000', 'cl_pair_0_loss': '4.8245'}
Recommendation EP_test:120: 100%|| 35/35 [00:08<00:00,  4.26it/s]
{'Epoch': 120, 'name': 'high_freq', 'HIT@5': '0.0489', 'NDCG@5': '0.0321', 'HIT@10': '0.0737', 'NDCG@10': '0.0400', 'HIT@20': '0.1110', 'NDCG@20': '0.0494'}
{'Epoch': 120, 'name': 'mid_freq', 'HIT@5': '0.0072', 'NDCG@5': '0.0047', 'HIT@10': '0.0108', 'NDCG@10': '0.0058', 'HIT@20': '0.0181', 'NDCG@20': '0.0077'}
{'Epoch': 120, 'name': 'low_freq', 'HIT@5': '0.0041', 'NDCG@5': '0.0030', 'HIT@10': '0.0052', 'NDCG@10': '0.0033', 'HIT@20': '0.0079', 'NDCG@20': '0.0040'}
{'Epoch': 120, 'name': 'all', 'HIT@5': '0.0352', 'NDCG@5': '0.0231', 'HIT@10': '0.0529', 'NDCG@10': '0.0288', 'HIT@20': '0.0800', 'NDCG@20': '0.0356'}
Validation score increased.  Saving model ...
rec dataset length: 186
100%|█████████████████████████████████████████████████████████████████████████████████████████████████████████████████████████████████████████| 186/186 [00:47<00:00,  3.94it/s]
{'epoch': 121, 'rec_avg_loss': '0.4508', 'joint_avg_loss': '0.9338', 'cl_avg_loss': '4.8301', 'itemcl_loss': '0.0000', 'cl_pair_0_loss': '4.8301'}
Recommendation EP_test:121: 100%|| 35/35 [00:08<00:00,  4.34it/s]
{'Epoch': 121, 'name': 'high_freq', 'HIT@5': '0.0486', 'NDCG@5': '0.0319', 'HIT@10': '0.0747', 'NDCG@10': '0.0402', 'HIT@20': '0.1110', 'NDCG@20': '0.0494'}
{'Epoch': 121, 'name': 'mid_freq', 'HIT@5': '0.0076', 'NDCG@5': '0.0044', 'HIT@10': '0.0108', 'NDCG@10': '0.0054', 'HIT@20': '0.0180', 'NDCG@20': '0.0073'}
{'Epoch': 121, 'name': 'low_freq', 'HIT@5': '0.0041', 'NDCG@5': '0.0028', 'HIT@10': '0.0050', 'NDCG@10': '0.0031', 'HIT@20': '0.0079', 'NDCG@20': '0.0038'}
{'Epoch': 121, 'name': 'all', 'HIT@5': '0.0351', 'NDCG@5': '0.0229', 'HIT@10': '0.0535', 'NDCG@10': '0.0288', 'HIT@20': '0.0800', 'NDCG@20': '0.0355'}
EarlyStopping counter: 1 out of 40
rec dataset length: 186
100%|█████████████████████████████████████████████████████████████████████████████████████████████████████████████████████████████████████████| 186/186 [00:46<00:00,  3.96it/s]
{'epoch': 122, 'rec_avg_loss': '0.4496', 'joint_avg_loss': '0.9320', 'cl_avg_loss': '4.8242', 'itemcl_loss': '0.0000', 'cl_pair_0_loss': '4.8242'}
Recommendation EP_test:122: 100%|| 35/35 [00:07<00:00,  4.41it/s]
{'Epoch': 122, 'name': 'high_freq', 'HIT@5': '0.0479', 'NDCG@5': '0.0311', 'HIT@10': '0.0744', 'NDCG@10': '0.0396', 'HIT@20': '0.1097', 'NDCG@20': '0.0485'}
{'Epoch': 122, 'name': 'mid_freq', 'HIT@5': '0.0076', 'NDCG@5': '0.0049', 'HIT@10': '0.0124', 'NDCG@10': '0.0064', 'HIT@20': '0.0181', 'NDCG@20': '0.0079'}
{'Epoch': 122, 'name': 'low_freq', 'HIT@5': '0.0048', 'NDCG@5': '0.0031', 'HIT@10': '0.0061', 'NDCG@10': '0.0035', 'HIT@20': '0.0091', 'NDCG@20': '0.0043'}
{'Epoch': 122, 'name': 'all', 'HIT@5': '0.0347', 'NDCG@5': '0.0225', 'HIT@10': '0.0538', 'NDCG@10': '0.0287', 'HIT@20': '0.0793', 'NDCG@20': '0.0351'}
EarlyStopping counter: 2 out of 40
rec dataset length: 186
100%|█████████████████████████████████████████████████████████████████████████████████████████████████████████████████████████████████████████| 186/186 [00:47<00:00,  3.95it/s]
{'epoch': 123, 'rec_avg_loss': '0.4502', 'joint_avg_loss': '0.9322', 'cl_avg_loss': '4.8202', 'itemcl_loss': '0.0000', 'cl_pair_0_loss': '4.8202'}
Recommendation EP_test:123: 100%|| 35/35 [00:08<00:00,  4.36it/s]
{'Epoch': 123, 'name': 'high_freq', 'HIT@5': '0.0487', 'NDCG@5': '0.0318', 'HIT@10': '0.0761', 'NDCG@10': '0.0405', 'HIT@20': '0.1116', 'NDCG@20': '0.0495'}
{'Epoch': 123, 'name': 'mid_freq', 'HIT@5': '0.0068', 'NDCG@5': '0.0044', 'HIT@10': '0.0121', 'NDCG@10': '0.0062', 'HIT@20': '0.0184', 'NDCG@20': '0.0077'}
{'Epoch': 123, 'name': 'low_freq', 'HIT@5': '0.0045', 'NDCG@5': '0.0031', 'HIT@10': '0.0054', 'NDCG@10': '0.0034', 'HIT@20': '0.0081', 'NDCG@20': '0.0041'}
{'Epoch': 123, 'name': 'all', 'HIT@5': '0.0350', 'NDCG@5': '0.0229', 'HIT@10': '0.0548', 'NDCG@10': '0.0292', 'HIT@20': '0.0805', 'NDCG@20': '0.0357'}
Validation score increased.  Saving model ...
rec dataset length: 186
100%|█████████████████████████████████████████████████████████████████████████████████████████████████████████████████████████████████████████| 186/186 [00:46<00:00,  3.96it/s]
{'epoch': 124, 'rec_avg_loss': '0.4470', 'joint_avg_loss': '0.9290', 'cl_avg_loss': '4.8202', 'itemcl_loss': '0.0000', 'cl_pair_0_loss': '4.8202'}
Recommendation EP_test:124: 100%|| 35/35 [00:08<00:00,  4.37it/s]
{'Epoch': 124, 'name': 'high_freq', 'HIT@5': '0.0484', 'NDCG@5': '0.0320', 'HIT@10': '0.0749', 'NDCG@10': '0.0405', 'HIT@20': '0.1110', 'NDCG@20': '0.0495'}
{'Epoch': 124, 'name': 'mid_freq', 'HIT@5': '0.0070', 'NDCG@5': '0.0048', 'HIT@10': '0.0113', 'NDCG@10': '0.0062', 'HIT@20': '0.0177', 'NDCG@20': '0.0078'}
{'Epoch': 124, 'name': 'low_freq', 'HIT@5': '0.0043', 'NDCG@5': '0.0029', 'HIT@10': '0.0052', 'NDCG@10': '0.0031', 'HIT@20': '0.0079', 'NDCG@20': '0.0038'}
{'Epoch': 124, 'name': 'all', 'HIT@5': '0.0348', 'NDCG@5': '0.0230', 'HIT@10': '0.0538', 'NDCG@10': '0.0291', 'HIT@20': '0.0800', 'NDCG@20': '0.0357'}
Validation score increased.  Saving model ...
rec dataset length: 186
100%|█████████████████████████████████████████████████████████████████████████████████████████████████████████████████████████████████████████| 186/186 [00:47<00:00,  3.93it/s]
{'epoch': 125, 'rec_avg_loss': '0.4499', 'joint_avg_loss': '0.9311', 'cl_avg_loss': '4.8118', 'itemcl_loss': '0.0000', 'cl_pair_0_loss': '4.8118'}
Recommendation EP_test:125: 100%|| 35/35 [00:08<00:00,  4.31it/s]
{'Epoch': 125, 'name': 'high_freq', 'HIT@5': '0.0482', 'NDCG@5': '0.0316', 'HIT@10': '0.0746', 'NDCG@10': '0.0401', 'HIT@20': '0.1097', 'NDCG@20': '0.0489'}
{'Epoch': 125, 'name': 'mid_freq', 'HIT@5': '0.0079', 'NDCG@5': '0.0053', 'HIT@10': '0.0116', 'NDCG@10': '0.0065', 'HIT@20': '0.0194', 'NDCG@20': '0.0085'}
{'Epoch': 125, 'name': 'low_freq', 'HIT@5': '0.0043', 'NDCG@5': '0.0032', 'HIT@10': '0.0057', 'NDCG@10': '0.0036', 'HIT@20': '0.0088', 'NDCG@20': '0.0044'}
{'Epoch': 125, 'name': 'all', 'HIT@5': '0.0349', 'NDCG@5': '0.0229', 'HIT@10': '0.0537', 'NDCG@10': '0.0290', 'HIT@20': '0.0795', 'NDCG@20': '0.0355'}
EarlyStopping counter: 1 out of 40
rec dataset length: 186
100%|█████████████████████████████████████████████████████████████████████████████████████████████████████████████████████████████████████████| 186/186 [00:47<00:00,  3.95it/s]
{'epoch': 126, 'rec_avg_loss': '0.4461', 'joint_avg_loss': '0.9285', 'cl_avg_loss': '4.8240', 'itemcl_loss': '0.0000', 'cl_pair_0_loss': '4.8240'}
Recommendation EP_test:126: 100%|| 35/35 [00:08<00:00,  4.25it/s]
{'Epoch': 126, 'name': 'high_freq', 'HIT@5': '0.0485', 'NDCG@5': '0.0316', 'HIT@10': '0.0734', 'NDCG@10': '0.0396', 'HIT@20': '0.1084', 'NDCG@20': '0.0484'}
{'Epoch': 126, 'name': 'mid_freq', 'HIT@5': '0.0076', 'NDCG@5': '0.0054', 'HIT@10': '0.0122', 'NDCG@10': '0.0069', 'HIT@20': '0.0180', 'NDCG@20': '0.0083'}
{'Epoch': 126, 'name': 'low_freq', 'HIT@5': '0.0041', 'NDCG@5': '0.0028', 'HIT@10': '0.0054', 'NDCG@10': '0.0032', 'HIT@20': '0.0079', 'NDCG@20': '0.0039'}
{'Epoch': 126, 'name': 'all', 'HIT@5': '0.0350', 'NDCG@5': '0.0229', 'HIT@10': '0.0530', 'NDCG@10': '0.0287', 'HIT@20': '0.0782', 'NDCG@20': '0.0350'}
EarlyStopping counter: 2 out of 40
rec dataset length: 186
100%|█████████████████████████████████████████████████████████████████████████████████████████████████████████████████████████████████████████| 186/186 [00:46<00:00,  3.97it/s]
{'epoch': 127, 'rec_avg_loss': '0.4452', 'joint_avg_loss': '0.9278', 'cl_avg_loss': '4.8257', 'itemcl_loss': '0.0000', 'cl_pair_0_loss': '4.8257'}
Recommendation EP_test:127: 100%|| 35/35 [00:08<00:00,  4.33it/s]
{'Epoch': 127, 'name': 'high_freq', 'HIT@5': '0.0493', 'NDCG@5': '0.0321', 'HIT@10': '0.0741', 'NDCG@10': '0.0401', 'HIT@20': '0.1117', 'NDCG@20': '0.0495'}
{'Epoch': 127, 'name': 'mid_freq', 'HIT@5': '0.0079', 'NDCG@5': '0.0054', 'HIT@10': '0.0132', 'NDCG@10': '0.0071', 'HIT@20': '0.0181', 'NDCG@20': '0.0083'}
{'Epoch': 127, 'name': 'low_freq', 'HIT@5': '0.0043', 'NDCG@5': '0.0030', 'HIT@10': '0.0061', 'NDCG@10': '0.0036', 'HIT@20': '0.0091', 'NDCG@20': '0.0043'}
{'Epoch': 127, 'name': 'all', 'HIT@5': '0.0356', 'NDCG@5': '0.0233', 'HIT@10': '0.0538', 'NDCG@10': '0.0291', 'HIT@20': '0.0807', 'NDCG@20': '0.0359'}
Validation score increased.  Saving model ...
rec dataset length: 186
100%|█████████████████████████████████████████████████████████████████████████████████████████████████████████████████████████████████████████| 186/186 [00:46<00:00,  3.97it/s]
{'epoch': 128, 'rec_avg_loss': '0.4462', 'joint_avg_loss': '0.9281', 'cl_avg_loss': '4.8192', 'itemcl_loss': '0.0000', 'cl_pair_0_loss': '4.8192'}
Recommendation EP_test:128: 100%|| 35/35 [00:08<00:00,  4.31it/s]
{'Epoch': 128, 'name': 'high_freq', 'HIT@5': '0.0481', 'NDCG@5': '0.0312', 'HIT@10': '0.0741', 'NDCG@10': '0.0395', 'HIT@20': '0.1103', 'NDCG@20': '0.0486'}
{'Epoch': 128, 'name': 'mid_freq', 'HIT@5': '0.0075', 'NDCG@5': '0.0051', 'HIT@10': '0.0116', 'NDCG@10': '0.0065', 'HIT@20': '0.0187', 'NDCG@20': '0.0082'}
{'Epoch': 128, 'name': 'low_freq', 'HIT@5': '0.0038', 'NDCG@5': '0.0028', 'HIT@10': '0.0052', 'NDCG@10': '0.0032', 'HIT@20': '0.0081', 'NDCG@20': '0.0040'}
{'Epoch': 128, 'name': 'all', 'HIT@5': '0.0346', 'NDCG@5': '0.0226', 'HIT@10': '0.0533', 'NDCG@10': '0.0286', 'HIT@20': '0.0797', 'NDCG@20': '0.0352'}
EarlyStopping counter: 1 out of 40
rec dataset length: 186
100%|█████████████████████████████████████████████████████████████████████████████████████████████████████████████████████████████████████████| 186/186 [00:47<00:00,  3.96it/s]
{'epoch': 129, 'rec_avg_loss': '0.4453', 'joint_avg_loss': '0.9272', 'cl_avg_loss': '4.8189', 'itemcl_loss': '0.0000', 'cl_pair_0_loss': '4.8189'}
Recommendation EP_test:129: 100%|| 35/35 [00:08<00:00,  4.25it/s]
{'Epoch': 129, 'name': 'high_freq', 'HIT@5': '0.0474', 'NDCG@5': '0.0311', 'HIT@10': '0.0737', 'NDCG@10': '0.0396', 'HIT@20': '0.1103', 'NDCG@20': '0.0488'}
{'Epoch': 129, 'name': 'mid_freq', 'HIT@5': '0.0078', 'NDCG@5': '0.0054', 'HIT@10': '0.0124', 'NDCG@10': '0.0069', 'HIT@20': '0.0190', 'NDCG@20': '0.0085'}
{'Epoch': 129, 'name': 'low_freq', 'HIT@5': '0.0043', 'NDCG@5': '0.0031', 'HIT@10': '0.0054', 'NDCG@10': '0.0035', 'HIT@20': '0.0079', 'NDCG@20': '0.0041'}
{'Epoch': 129, 'name': 'all', 'HIT@5': '0.0343', 'NDCG@5': '0.0226', 'HIT@10': '0.0533', 'NDCG@10': '0.0287', 'HIT@20': '0.0797', 'NDCG@20': '0.0354'}
EarlyStopping counter: 2 out of 40
rec dataset length: 186
100%|█████████████████████████████████████████████████████████████████████████████████████████████████████████████████████████████████████████| 186/186 [00:46<00:00,  3.96it/s]
{'epoch': 130, 'rec_avg_loss': '0.4423', 'joint_avg_loss': '0.9246', 'cl_avg_loss': '4.8230', 'itemcl_loss': '0.0000', 'cl_pair_0_loss': '4.8230'}
Recommendation EP_test:130: 100%|| 35/35 [00:08<00:00,  4.31it/s]
{'Epoch': 130, 'name': 'high_freq', 'HIT@5': '0.0472', 'NDCG@5': '0.0311', 'HIT@10': '0.0732', 'NDCG@10': '0.0394', 'HIT@20': '0.1104', 'NDCG@20': '0.0488'}
{'Epoch': 130, 'name': 'mid_freq', 'HIT@5': '0.0083', 'NDCG@5': '0.0054', 'HIT@10': '0.0125', 'NDCG@10': '0.0068', 'HIT@20': '0.0188', 'NDCG@20': '0.0083'}
{'Epoch': 130, 'name': 'low_freq', 'HIT@5': '0.0036', 'NDCG@5': '0.0026', 'HIT@10': '0.0043', 'NDCG@10': '0.0028', 'HIT@20': '0.0081', 'NDCG@20': '0.0038'}
{'Epoch': 130, 'name': 'all', 'HIT@5': '0.0342', 'NDCG@5': '0.0226', 'HIT@10': '0.0528', 'NDCG@10': '0.0285', 'HIT@20': '0.0798', 'NDCG@20': '0.0353'}
EarlyStopping counter: 3 out of 40
rec dataset length: 186
100%|█████████████████████████████████████████████████████████████████████████████████████████████████████████████████████████████████████████| 186/186 [00:46<00:00,  3.96it/s]
{'epoch': 131, 'rec_avg_loss': '0.4400', 'joint_avg_loss': '0.9208', 'cl_avg_loss': '4.8085', 'itemcl_loss': '0.0000', 'cl_pair_0_loss': '4.8085'}
Recommendation EP_test:131: 100%|| 35/35 [00:08<00:00,  4.28it/s]
{'Epoch': 131, 'name': 'high_freq', 'HIT@5': '0.0467', 'NDCG@5': '0.0302', 'HIT@10': '0.0729', 'NDCG@10': '0.0386', 'HIT@20': '0.1096', 'NDCG@20': '0.0479'}
{'Epoch': 131, 'name': 'mid_freq', 'HIT@5': '0.0078', 'NDCG@5': '0.0053', 'HIT@10': '0.0129', 'NDCG@10': '0.0069', 'HIT@20': '0.0187', 'NDCG@20': '0.0083'}
{'Epoch': 131, 'name': 'low_freq', 'HIT@5': '0.0036', 'NDCG@5': '0.0027', 'HIT@10': '0.0045', 'NDCG@10': '0.0030', 'HIT@20': '0.0084', 'NDCG@20': '0.0039'}
{'Epoch': 131, 'name': 'all', 'HIT@5': '0.0338', 'NDCG@5': '0.0219', 'HIT@10': '0.0527', 'NDCG@10': '0.0280', 'HIT@20': '0.0792', 'NDCG@20': '0.0347'}
EarlyStopping counter: 4 out of 40
rec dataset length: 186
100%|█████████████████████████████████████████████████████████████████████████████████████████████████████████████████████████████████████████| 186/186 [00:46<00:00,  3.96it/s]
{'epoch': 132, 'rec_avg_loss': '0.4394', 'joint_avg_loss': '0.9192', 'cl_avg_loss': '4.7978', 'itemcl_loss': '0.0000', 'cl_pair_0_loss': '4.7978'}
Recommendation EP_test:132: 100%|| 35/35 [00:08<00:00,  4.19it/s]
{'Epoch': 132, 'name': 'high_freq', 'HIT@5': '0.0484', 'NDCG@5': '0.0312', 'HIT@10': '0.0745', 'NDCG@10': '0.0396', 'HIT@20': '0.1108', 'NDCG@20': '0.0487'}
{'Epoch': 132, 'name': 'mid_freq', 'HIT@5': '0.0066', 'NDCG@5': '0.0047', 'HIT@10': '0.0112', 'NDCG@10': '0.0062', 'HIT@20': '0.0175', 'NDCG@20': '0.0078'}
{'Epoch': 132, 'name': 'low_freq', 'HIT@5': '0.0043', 'NDCG@5': '0.0028', 'HIT@10': '0.0054', 'NDCG@10': '0.0032', 'HIT@20': '0.0081', 'NDCG@20': '0.0039'}
{'Epoch': 132, 'name': 'all', 'HIT@5': '0.0348', 'NDCG@5': '0.0225', 'HIT@10': '0.0535', 'NDCG@10': '0.0285', 'HIT@20': '0.0798', 'NDCG@20': '0.0351'}
EarlyStopping counter: 5 out of 40
rec dataset length: 186
100%|█████████████████████████████████████████████████████████████████████████████████████████████████████████████████████████████████████████| 186/186 [00:46<00:00,  3.97it/s]
{'epoch': 133, 'rec_avg_loss': '0.4402', 'joint_avg_loss': '0.9206', 'cl_avg_loss': '4.8039', 'itemcl_loss': '0.0000', 'cl_pair_0_loss': '4.8039'}
Recommendation EP_test:133: 100%|| 35/35 [00:08<00:00,  4.28it/s]
{'Epoch': 133, 'name': 'high_freq', 'HIT@5': '0.0479', 'NDCG@5': '0.0310', 'HIT@10': '0.0748', 'NDCG@10': '0.0397', 'HIT@20': '0.1112', 'NDCG@20': '0.0488'}
{'Epoch': 133, 'name': 'mid_freq', 'HIT@5': '0.0080', 'NDCG@5': '0.0050', 'HIT@10': '0.0124', 'NDCG@10': '0.0064', 'HIT@20': '0.0184', 'NDCG@20': '0.0079'}
{'Epoch': 133, 'name': 'low_freq', 'HIT@5': '0.0045', 'NDCG@5': '0.0031', 'HIT@10': '0.0059', 'NDCG@10': '0.0035', 'HIT@20': '0.0088', 'NDCG@20': '0.0043'}
{'Epoch': 133, 'name': 'all', 'HIT@5': '0.0347', 'NDCG@5': '0.0225', 'HIT@10': '0.0540', 'NDCG@10': '0.0287', 'HIT@20': '0.0803', 'NDCG@20': '0.0353'}
EarlyStopping counter: 6 out of 40
rec dataset length: 186
100%|█████████████████████████████████████████████████████████████████████████████████████████████████████████████████████████████████████████| 186/186 [00:46<00:00,  3.97it/s]
{'epoch': 134, 'rec_avg_loss': '0.4417', 'joint_avg_loss': '0.9230', 'cl_avg_loss': '4.8133', 'itemcl_loss': '0.0000', 'cl_pair_0_loss': '4.8133'}
Recommendation EP_test:134: 100%|| 35/35 [00:08<00:00,  4.26it/s]
{'Epoch': 134, 'name': 'high_freq', 'HIT@5': '0.0462', 'NDCG@5': '0.0301', 'HIT@10': '0.0725', 'NDCG@10': '0.0386', 'HIT@20': '0.1075', 'NDCG@20': '0.0474'}
{'Epoch': 134, 'name': 'mid_freq', 'HIT@5': '0.0078', 'NDCG@5': '0.0049', 'HIT@10': '0.0113', 'NDCG@10': '0.0061', 'HIT@20': '0.0190', 'NDCG@20': '0.0080'}
{'Epoch': 134, 'name': 'low_freq', 'HIT@5': '0.0045', 'NDCG@5': '0.0030', 'HIT@10': '0.0057', 'NDCG@10': '0.0033', 'HIT@20': '0.0079', 'NDCG@20': '0.0039'}
{'Epoch': 134, 'name': 'all', 'HIT@5': '0.0335', 'NDCG@5': '0.0218', 'HIT@10': '0.0523', 'NDCG@10': '0.0279', 'HIT@20': '0.0778', 'NDCG@20': '0.0343'}
EarlyStopping counter: 7 out of 40
rec dataset length: 186
100%|█████████████████████████████████████████████████████████████████████████████████████████████████████████████████████████████████████████| 186/186 [00:47<00:00,  3.95it/s]
{'epoch': 135, 'rec_avg_loss': '0.4388', 'joint_avg_loss': '0.9188', 'cl_avg_loss': '4.7999', 'itemcl_loss': '0.0000', 'cl_pair_0_loss': '4.7999'}
Recommendation EP_test:135: 100%|| 35/35 [00:08<00:00,  4.28it/s]
{'Epoch': 135, 'name': 'high_freq', 'HIT@5': '0.0475', 'NDCG@5': '0.0307', 'HIT@10': '0.0730', 'NDCG@10': '0.0389', 'HIT@20': '0.1077', 'NDCG@20': '0.0476'}
{'Epoch': 135, 'name': 'mid_freq', 'HIT@5': '0.0075', 'NDCG@5': '0.0050', 'HIT@10': '0.0111', 'NDCG@10': '0.0061', 'HIT@20': '0.0188', 'NDCG@20': '0.0081'}
{'Epoch': 135, 'name': 'low_freq', 'HIT@5': '0.0041', 'NDCG@5': '0.0027', 'HIT@10': '0.0048', 'NDCG@10': '0.0029', 'HIT@20': '0.0084', 'NDCG@20': '0.0038'}
{'Epoch': 135, 'name': 'all', 'HIT@5': '0.0343', 'NDCG@5': '0.0222', 'HIT@10': '0.0524', 'NDCG@10': '0.0280', 'HIT@20': '0.0780', 'NDCG@20': '0.0344'}
EarlyStopping counter: 8 out of 40
rec dataset length: 186
100%|█████████████████████████████████████████████████████████████████████████████████████████████████████████████████████████████████████████| 186/186 [00:46<00:00,  3.96it/s]
{'epoch': 136, 'rec_avg_loss': '0.4367', 'joint_avg_loss': '0.9164', 'cl_avg_loss': '4.7978', 'itemcl_loss': '0.0000', 'cl_pair_0_loss': '4.7978'}
Recommendation EP_test:136: 100%|| 35/35 [00:08<00:00,  4.22it/s]
{'Epoch': 136, 'name': 'high_freq', 'HIT@5': '0.0476', 'NDCG@5': '0.0304', 'HIT@10': '0.0738', 'NDCG@10': '0.0388', 'HIT@20': '0.1097', 'NDCG@20': '0.0478'}
{'Epoch': 136, 'name': 'mid_freq', 'HIT@5': '0.0082', 'NDCG@5': '0.0054', 'HIT@10': '0.0112', 'NDCG@10': '0.0064', 'HIT@20': '0.0182', 'NDCG@20': '0.0082'}
{'Epoch': 136, 'name': 'low_freq', 'HIT@5': '0.0041', 'NDCG@5': '0.0030', 'HIT@10': '0.0054', 'NDCG@10': '0.0034', 'HIT@20': '0.0088', 'NDCG@20': '0.0043'}
{'Epoch': 136, 'name': 'all', 'HIT@5': '0.0345', 'NDCG@5': '0.0221', 'HIT@10': '0.0531', 'NDCG@10': '0.0281', 'HIT@20': '0.0793', 'NDCG@20': '0.0346'}
EarlyStopping counter: 9 out of 40
rec dataset length: 186
100%|█████████████████████████████████████████████████████████████████████████████████████████████████████████████████████████████████████████| 186/186 [00:46<00:00,  3.96it/s]
{'epoch': 137, 'rec_avg_loss': '0.4364', 'joint_avg_loss': '0.9181', 'cl_avg_loss': '4.8173', 'itemcl_loss': '0.0000', 'cl_pair_0_loss': '4.8173'}
Recommendation EP_test:137: 100%|| 35/35 [00:07<00:00,  4.45it/s]
{'Epoch': 137, 'name': 'high_freq', 'HIT@5': '0.0459', 'NDCG@5': '0.0300', 'HIT@10': '0.0718', 'NDCG@10': '0.0383', 'HIT@20': '0.1081', 'NDCG@20': '0.0475'}
{'Epoch': 137, 'name': 'mid_freq', 'HIT@5': '0.0083', 'NDCG@5': '0.0054', 'HIT@10': '0.0118', 'NDCG@10': '0.0066', 'HIT@20': '0.0195', 'NDCG@20': '0.0085'}
{'Epoch': 137, 'name': 'low_freq', 'HIT@5': '0.0041', 'NDCG@5': '0.0029', 'HIT@10': '0.0057', 'NDCG@10': '0.0034', 'HIT@20': '0.0088', 'NDCG@20': '0.0042'}
{'Epoch': 137, 'name': 'all', 'HIT@5': '0.0334', 'NDCG@5': '0.0218', 'HIT@10': '0.0518', 'NDCG@10': '0.0278', 'HIT@20': '0.0785', 'NDCG@20': '0.0345'}
EarlyStopping counter: 10 out of 40
rec dataset length: 186
100%|█████████████████████████████████████████████████████████████████████████████████████████████████████████████████████████████████████████| 186/186 [00:47<00:00,  3.95it/s]
{'epoch': 138, 'rec_avg_loss': '0.4366', 'joint_avg_loss': '0.9175', 'cl_avg_loss': '4.8085', 'itemcl_loss': '0.0000', 'cl_pair_0_loss': '4.8085'}
Recommendation EP_test:138: 100%|| 35/35 [00:07<00:00,  4.40it/s]
{'Epoch': 138, 'name': 'high_freq', 'HIT@5': '0.0476', 'NDCG@5': '0.0310', 'HIT@10': '0.0730', 'NDCG@10': '0.0391', 'HIT@20': '0.1102', 'NDCG@20': '0.0485'}
{'Epoch': 138, 'name': 'mid_freq', 'HIT@5': '0.0076', 'NDCG@5': '0.0052', 'HIT@10': '0.0106', 'NDCG@10': '0.0061', 'HIT@20': '0.0178', 'NDCG@20': '0.0079'}
{'Epoch': 138, 'name': 'low_freq', 'HIT@5': '0.0038', 'NDCG@5': '0.0025', 'HIT@10': '0.0054', 'NDCG@10': '0.0030', 'HIT@20': '0.0077', 'NDCG@20': '0.0035'}
{'Epoch': 138, 'name': 'all', 'HIT@5': '0.0344', 'NDCG@5': '0.0224', 'HIT@10': '0.0524', 'NDCG@10': '0.0282', 'HIT@20': '0.0794', 'NDCG@20': '0.0350'}
EarlyStopping counter: 11 out of 40
rec dataset length: 186
100%|█████████████████████████████████████████████████████████████████████████████████████████████████████████████████████████████████████████| 186/186 [00:46<00:00,  3.97it/s]
{'epoch': 139, 'rec_avg_loss': '0.4342', 'joint_avg_loss': '0.9134', 'cl_avg_loss': '4.7923', 'itemcl_loss': '0.0000', 'cl_pair_0_loss': '4.7923'}
Recommendation EP_test:139: 100%|| 35/35 [00:08<00:00,  4.19it/s]
{'Epoch': 139, 'name': 'high_freq', 'HIT@5': '0.0462', 'NDCG@5': '0.0300', 'HIT@10': '0.0720', 'NDCG@10': '0.0382', 'HIT@20': '0.1090', 'NDCG@20': '0.0475'}
{'Epoch': 139, 'name': 'mid_freq', 'HIT@5': '0.0075', 'NDCG@5': '0.0051', 'HIT@10': '0.0115', 'NDCG@10': '0.0064', 'HIT@20': '0.0187', 'NDCG@20': '0.0082'}
{'Epoch': 139, 'name': 'low_freq', 'HIT@5': '0.0036', 'NDCG@5': '0.0026', 'HIT@10': '0.0057', 'NDCG@10': '0.0033', 'HIT@20': '0.0086', 'NDCG@20': '0.0040'}
{'Epoch': 139, 'name': 'all', 'HIT@5': '0.0334', 'NDCG@5': '0.0218', 'HIT@10': '0.0519', 'NDCG@10': '0.0277', 'HIT@20': '0.0789', 'NDCG@20': '0.0344'}
EarlyStopping counter: 12 out of 40
rec dataset length: 186
100%|█████████████████████████████████████████████████████████████████████████████████████████████████████████████████████████████████████████| 186/186 [00:46<00:00,  3.97it/s]
{'epoch': 140, 'rec_avg_loss': '0.4345', 'joint_avg_loss': '0.9151', 'cl_avg_loss': '4.8063', 'itemcl_loss': '0.0000', 'cl_pair_0_loss': '4.8063'}
Recommendation EP_test:140: 100%|| 35/35 [00:08<00:00,  4.29it/s]
{'Epoch': 140, 'name': 'high_freq', 'HIT@5': '0.0472', 'NDCG@5': '0.0300', 'HIT@10': '0.0719', 'NDCG@10': '0.0380', 'HIT@20': '0.1079', 'NDCG@20': '0.0470'}
{'Epoch': 140, 'name': 'mid_freq', 'HIT@5': '0.0076', 'NDCG@5': '0.0052', 'HIT@10': '0.0111', 'NDCG@10': '0.0063', 'HIT@20': '0.0182', 'NDCG@20': '0.0081'}
{'Epoch': 140, 'name': 'low_freq', 'HIT@5': '0.0043', 'NDCG@5': '0.0029', 'HIT@10': '0.0057', 'NDCG@10': '0.0033', 'HIT@20': '0.0081', 'NDCG@20': '0.0040'}
{'Epoch': 140, 'name': 'all', 'HIT@5': '0.0341', 'NDCG@5': '0.0218', 'HIT@10': '0.0517', 'NDCG@10': '0.0275', 'HIT@20': '0.0780', 'NDCG@20': '0.0340'}
EarlyStopping counter: 13 out of 40
rec dataset length: 186
100%|█████████████████████████████████████████████████████████████████████████████████████████████████████████████████████████████████████████| 186/186 [00:46<00:00,  3.98it/s]
{'epoch': 141, 'rec_avg_loss': '0.4352', 'joint_avg_loss': '0.9152', 'cl_avg_loss': '4.8006', 'itemcl_loss': '0.0000', 'cl_pair_0_loss': '4.8006'}
Recommendation EP_test:141: 100%|| 35/35 [00:08<00:00,  4.30it/s]
{'Epoch': 141, 'name': 'high_freq', 'HIT@5': '0.0476', 'NDCG@5': '0.0306', 'HIT@10': '0.0730', 'NDCG@10': '0.0388', 'HIT@20': '0.1097', 'NDCG@20': '0.0480'}
{'Epoch': 141, 'name': 'mid_freq', 'HIT@5': '0.0075', 'NDCG@5': '0.0049', 'HIT@10': '0.0105', 'NDCG@10': '0.0058', 'HIT@20': '0.0177', 'NDCG@20': '0.0076'}
{'Epoch': 141, 'name': 'low_freq', 'HIT@5': '0.0041', 'NDCG@5': '0.0027', 'HIT@10': '0.0048', 'NDCG@10': '0.0029', 'HIT@20': '0.0077', 'NDCG@20': '0.0037'}
{'Epoch': 141, 'name': 'all', 'HIT@5': '0.0343', 'NDCG@5': '0.0221', 'HIT@10': '0.0523', 'NDCG@10': '0.0279', 'HIT@20': '0.0790', 'NDCG@20': '0.0346'}
EarlyStopping counter: 14 out of 40
rec dataset length: 186
100%|█████████████████████████████████████████████████████████████████████████████████████████████████████████████████████████████████████████| 186/186 [00:46<00:00,  3.98it/s]
{'epoch': 142, 'rec_avg_loss': '0.4329', 'joint_avg_loss': '0.9125', 'cl_avg_loss': '4.7961', 'itemcl_loss': '0.0000', 'cl_pair_0_loss': '4.7961'}
Recommendation EP_test:142: 100%|| 35/35 [00:08<00:00,  4.26it/s]
{'Epoch': 142, 'name': 'high_freq', 'HIT@5': '0.0456', 'NDCG@5': '0.0298', 'HIT@10': '0.0716', 'NDCG@10': '0.0381', 'HIT@20': '0.1085', 'NDCG@20': '0.0474'}
{'Epoch': 142, 'name': 'mid_freq', 'HIT@5': '0.0078', 'NDCG@5': '0.0049', 'HIT@10': '0.0112', 'NDCG@10': '0.0060', 'HIT@20': '0.0172', 'NDCG@20': '0.0075'}
{'Epoch': 142, 'name': 'low_freq', 'HIT@5': '0.0045', 'NDCG@5': '0.0031', 'HIT@10': '0.0059', 'NDCG@10': '0.0035', 'HIT@20': '0.0072', 'NDCG@20': '0.0038'}
{'Epoch': 142, 'name': 'all', 'HIT@5': '0.0331', 'NDCG@5': '0.0216', 'HIT@10': '0.0517', 'NDCG@10': '0.0276', 'HIT@20': '0.0781', 'NDCG@20': '0.0342'}
EarlyStopping counter: 15 out of 40
rec dataset length: 186
100%|█████████████████████████████████████████████████████████████████████████████████████████████████████████████████████████████████████████| 186/186 [00:47<00:00,  3.96it/s]
{'epoch': 143, 'rec_avg_loss': '0.4333', 'joint_avg_loss': '0.9141', 'cl_avg_loss': '4.8077', 'itemcl_loss': '0.0000', 'cl_pair_0_loss': '4.8077'}
Recommendation EP_test:143: 100%|| 35/35 [00:07<00:00,  4.39it/s]
{'Epoch': 143, 'name': 'high_freq', 'HIT@5': '0.0473', 'NDCG@5': '0.0307', 'HIT@10': '0.0736', 'NDCG@10': '0.0391', 'HIT@20': '0.1095', 'NDCG@20': '0.0481'}
{'Epoch': 143, 'name': 'mid_freq', 'HIT@5': '0.0082', 'NDCG@5': '0.0055', 'HIT@10': '0.0119', 'NDCG@10': '0.0067', 'HIT@20': '0.0188', 'NDCG@20': '0.0084'}
{'Epoch': 143, 'name': 'low_freq', 'HIT@5': '0.0041', 'NDCG@5': '0.0030', 'HIT@10': '0.0054', 'NDCG@10': '0.0034', 'HIT@20': '0.0097', 'NDCG@20': '0.0045'}
{'Epoch': 143, 'name': 'all', 'HIT@5': '0.0343', 'NDCG@5': '0.0223', 'HIT@10': '0.0531', 'NDCG@10': '0.0283', 'HIT@20': '0.0794', 'NDCG@20': '0.0349'}
EarlyStopping counter: 16 out of 40
rec dataset length: 186
100%|█████████████████████████████████████████████████████████████████████████████████████████████████████████████████████████████████████████| 186/186 [00:46<00:00,  3.96it/s]
{'epoch': 144, 'rec_avg_loss': '0.4327', 'joint_avg_loss': '0.9123', 'cl_avg_loss': '4.7959', 'itemcl_loss': '0.0000', 'cl_pair_0_loss': '4.7959'}
Recommendation EP_test:144: 100%|| 35/35 [00:08<00:00,  4.32it/s]
{'Epoch': 144, 'name': 'high_freq', 'HIT@5': '0.0469', 'NDCG@5': '0.0304', 'HIT@10': '0.0730', 'NDCG@10': '0.0388', 'HIT@20': '0.1083', 'NDCG@20': '0.0477'}
{'Epoch': 144, 'name': 'mid_freq', 'HIT@5': '0.0079', 'NDCG@5': '0.0055', 'HIT@10': '0.0115', 'NDCG@10': '0.0066', 'HIT@20': '0.0195', 'NDCG@20': '0.0086'}
{'Epoch': 144, 'name': 'low_freq', 'HIT@5': '0.0041', 'NDCG@5': '0.0030', 'HIT@10': '0.0068', 'NDCG@10': '0.0038', 'HIT@20': '0.0102', 'NDCG@20': '0.0047'}
{'Epoch': 144, 'name': 'all', 'HIT@5': '0.0339', 'NDCG@5': '0.0221', 'HIT@10': '0.0528', 'NDCG@10': '0.0282', 'HIT@20': '0.0788', 'NDCG@20': '0.0347'}
EarlyStopping counter: 17 out of 40
rec dataset length: 186
100%|█████████████████████████████████████████████████████████████████████████████████████████████████████████████████████████████████████████| 186/186 [00:46<00:00,  3.97it/s]
{'epoch': 145, 'rec_avg_loss': '0.4300', 'joint_avg_loss': '0.9092', 'cl_avg_loss': '4.7915', 'itemcl_loss': '0.0000', 'cl_pair_0_loss': '4.7915'}
Recommendation EP_test:145: 100%|| 35/35 [00:08<00:00,  4.27it/s]
{'Epoch': 145, 'name': 'high_freq', 'HIT@5': '0.0472', 'NDCG@5': '0.0305', 'HIT@10': '0.0731', 'NDCG@10': '0.0388', 'HIT@20': '0.1086', 'NDCG@20': '0.0477'}
{'Epoch': 145, 'name': 'mid_freq', 'HIT@5': '0.0075', 'NDCG@5': '0.0052', 'HIT@10': '0.0115', 'NDCG@10': '0.0065', 'HIT@20': '0.0195', 'NDCG@20': '0.0085'}
{'Epoch': 145, 'name': 'low_freq', 'HIT@5': '0.0038', 'NDCG@5': '0.0027', 'HIT@10': '0.0063', 'NDCG@10': '0.0035', 'HIT@20': '0.0091', 'NDCG@20': '0.0042'}
{'Epoch': 145, 'name': 'all', 'HIT@5': '0.0340', 'NDCG@5': '0.0221', 'HIT@10': '0.0528', 'NDCG@10': '0.0281', 'HIT@20': '0.0789', 'NDCG@20': '0.0346'}
EarlyStopping counter: 18 out of 40
rec dataset length: 186
100%|█████████████████████████████████████████████████████████████████████████████████████████████████████████████████████████████████████████| 186/186 [00:46<00:00,  3.97it/s]
{'epoch': 146, 'rec_avg_loss': '0.4300', 'joint_avg_loss': '0.9092', 'cl_avg_loss': '4.7921', 'itemcl_loss': '0.0000', 'cl_pair_0_loss': '4.7921'}
Recommendation EP_test:146: 100%|| 35/35 [00:07<00:00,  4.43it/s]
{'Epoch': 146, 'name': 'high_freq', 'HIT@5': '0.0475', 'NDCG@5': '0.0309', 'HIT@10': '0.0728', 'NDCG@10': '0.0391', 'HIT@20': '0.1079', 'NDCG@20': '0.0479'}
{'Epoch': 146, 'name': 'mid_freq', 'HIT@5': '0.0080', 'NDCG@5': '0.0054', 'HIT@10': '0.0125', 'NDCG@10': '0.0068', 'HIT@20': '0.0194', 'NDCG@20': '0.0086'}
{'Epoch': 146, 'name': 'low_freq', 'HIT@5': '0.0043', 'NDCG@5': '0.0028', 'HIT@10': '0.0057', 'NDCG@10': '0.0032', 'HIT@20': '0.0086', 'NDCG@20': '0.0040'}
{'Epoch': 146, 'name': 'all', 'HIT@5': '0.0344', 'NDCG@5': '0.0225', 'HIT@10': '0.0527', 'NDCG@10': '0.0283', 'HIT@20': '0.0782', 'NDCG@20': '0.0348'}
EarlyStopping counter: 19 out of 40
rec dataset length: 186
100%|█████████████████████████████████████████████████████████████████████████████████████████████████████████████████████████████████████████| 186/186 [00:46<00:00,  3.98it/s]
{'epoch': 147, 'rec_avg_loss': '0.4288', 'joint_avg_loss': '0.9088', 'cl_avg_loss': '4.7997', 'itemcl_loss': '0.0000', 'cl_pair_0_loss': '4.7997'}
Recommendation EP_test:147: 100%|| 35/35 [00:08<00:00,  4.35it/s]
{'Epoch': 147, 'name': 'high_freq', 'HIT@5': '0.0484', 'NDCG@5': '0.0315', 'HIT@10': '0.0744', 'NDCG@10': '0.0398', 'HIT@20': '0.1089', 'NDCG@20': '0.0485'}
{'Epoch': 147, 'name': 'mid_freq', 'HIT@5': '0.0082', 'NDCG@5': '0.0053', 'HIT@10': '0.0112', 'NDCG@10': '0.0062', 'HIT@20': '0.0194', 'NDCG@20': '0.0083'}
{'Epoch': 147, 'name': 'low_freq', 'HIT@5': '0.0043', 'NDCG@5': '0.0028', 'HIT@10': '0.0059', 'NDCG@10': '0.0033', 'HIT@20': '0.0091', 'NDCG@20': '0.0041'}
{'Epoch': 147, 'name': 'all', 'HIT@5': '0.0351', 'NDCG@5': '0.0228', 'HIT@10': '0.0535', 'NDCG@10': '0.0287', 'HIT@20': '0.0790', 'NDCG@20': '0.0351'}
EarlyStopping counter: 20 out of 40
rec dataset length: 186
100%|█████████████████████████████████████████████████████████████████████████████████████████████████████████████████████████████████████████| 186/186 [00:46<00:00,  3.96it/s]
{'epoch': 148, 'rec_avg_loss': '0.4297', 'joint_avg_loss': '0.9097', 'cl_avg_loss': '4.7998', 'itemcl_loss': '0.0000', 'cl_pair_0_loss': '4.7998'}
Recommendation EP_test:148: 100%|| 35/35 [00:08<00:00,  4.32it/s]
{'Epoch': 148, 'name': 'high_freq', 'HIT@5': '0.0478', 'NDCG@5': '0.0314', 'HIT@10': '0.0735', 'NDCG@10': '0.0396', 'HIT@20': '0.1109', 'NDCG@20': '0.0490'}
{'Epoch': 148, 'name': 'mid_freq', 'HIT@5': '0.0073', 'NDCG@5': '0.0051', 'HIT@10': '0.0109', 'NDCG@10': '0.0063', 'HIT@20': '0.0200', 'NDCG@20': '0.0086'}
{'Epoch': 148, 'name': 'low_freq', 'HIT@5': '0.0036', 'NDCG@5': '0.0026', 'HIT@10': '0.0061', 'NDCG@10': '0.0034', 'HIT@20': '0.0095', 'NDCG@20': '0.0042'}
{'Epoch': 148, 'name': 'all', 'HIT@5': '0.0344', 'NDCG@5': '0.0227', 'HIT@10': '0.0529', 'NDCG@10': '0.0286', 'HIT@20': '0.0805', 'NDCG@20': '0.0356'}
EarlyStopping counter: 21 out of 40
rec dataset length: 186
100%|█████████████████████████████████████████████████████████████████████████████████████████████████████████████████████████████████████████| 186/186 [00:46<00:00,  3.97it/s]
{'epoch': 149, 'rec_avg_loss': '0.4289', 'joint_avg_loss': '0.9087', 'cl_avg_loss': '4.7982', 'itemcl_loss': '0.0000', 'cl_pair_0_loss': '4.7982'}
Recommendation EP_test:149: 100%|| 35/35 [00:07<00:00,  4.40it/s]
{'Epoch': 149, 'name': 'high_freq', 'HIT@5': '0.0469', 'NDCG@5': '0.0310', 'HIT@10': '0.0728', 'NDCG@10': '0.0393', 'HIT@20': '0.1098', 'NDCG@20': '0.0486'}
{'Epoch': 149, 'name': 'mid_freq', 'HIT@5': '0.0079', 'NDCG@5': '0.0055', 'HIT@10': '0.0124', 'NDCG@10': '0.0069', 'HIT@20': '0.0191', 'NDCG@20': '0.0086'}
{'Epoch': 149, 'name': 'low_freq', 'HIT@5': '0.0045', 'NDCG@5': '0.0030', 'HIT@10': '0.0068', 'NDCG@10': '0.0038', 'HIT@20': '0.0097', 'NDCG@20': '0.0045'}
{'Epoch': 149, 'name': 'all', 'HIT@5': '0.0340', 'NDCG@5': '0.0225', 'HIT@10': '0.0528', 'NDCG@10': '0.0285', 'HIT@20': '0.0796', 'NDCG@20': '0.0353'}
EarlyStopping counter: 22 out of 40
rec dataset length: 186
100%|█████████████████████████████████████████████████████████████████████████████████████████████████████████████████████████████████████████| 186/186 [00:46<00:00,  3.97it/s]
{'epoch': 150, 'rec_avg_loss': '0.4272', 'joint_avg_loss': '0.9068', 'cl_avg_loss': '4.7957', 'itemcl_loss': '0.0000', 'cl_pair_0_loss': '4.7957'}
Recommendation EP_test:150: 100%|| 35/35 [00:08<00:00,  4.31it/s]
{'Epoch': 150, 'name': 'high_freq', 'HIT@5': '0.0489', 'NDCG@5': '0.0315', 'HIT@10': '0.0736', 'NDCG@10': '0.0395', 'HIT@20': '0.1084', 'NDCG@20': '0.0482'}
{'Epoch': 150, 'name': 'mid_freq', 'HIT@5': '0.0072', 'NDCG@5': '0.0051', 'HIT@10': '0.0119', 'NDCG@10': '0.0067', 'HIT@20': '0.0180', 'NDCG@20': '0.0082'}
{'Epoch': 150, 'name': 'low_freq', 'HIT@5': '0.0045', 'NDCG@5': '0.0030', 'HIT@10': '0.0063', 'NDCG@10': '0.0036', 'HIT@20': '0.0088', 'NDCG@20': '0.0042'}
{'Epoch': 150, 'name': 'all', 'HIT@5': '0.0353', 'NDCG@5': '0.0228', 'HIT@10': '0.0532', 'NDCG@10': '0.0286', 'HIT@20': '0.0783', 'NDCG@20': '0.0349'}
EarlyStopping counter: 23 out of 40
rec dataset length: 186
100%|█████████████████████████████████████████████████████████████████████████████████████████████████████████████████████████████████████████| 186/186 [00:46<00:00,  3.97it/s]
{'epoch': 151, 'rec_avg_loss': '0.4242', 'joint_avg_loss': '0.9034', 'cl_avg_loss': '4.7912', 'itemcl_loss': '0.0000', 'cl_pair_0_loss': '4.7912'}
Recommendation EP_test:151: 100%|| 35/35 [00:08<00:00,  4.29it/s]
{'Epoch': 151, 'name': 'high_freq', 'HIT@5': '0.0477', 'NDCG@5': '0.0314', 'HIT@10': '0.0719', 'NDCG@10': '0.0392', 'HIT@20': '0.1091', 'NDCG@20': '0.0485'}
{'Epoch': 151, 'name': 'mid_freq', 'HIT@5': '0.0085', 'NDCG@5': '0.0056', 'HIT@10': '0.0129', 'NDCG@10': '0.0070', 'HIT@20': '0.0197', 'NDCG@20': '0.0087'}
{'Epoch': 151, 'name': 'low_freq', 'HIT@5': '0.0038', 'NDCG@5': '0.0026', 'HIT@10': '0.0063', 'NDCG@10': '0.0034', 'HIT@20': '0.0088', 'NDCG@20': '0.0040'}
{'Epoch': 151, 'name': 'all', 'HIT@5': '0.0346', 'NDCG@5': '0.0228', 'HIT@10': '0.0522', 'NDCG@10': '0.0285', 'HIT@20': '0.0792', 'NDCG@20': '0.0352'}
EarlyStopping counter: 24 out of 40
rec dataset length: 186
100%|█████████████████████████████████████████████████████████████████████████████████████████████████████████████████████████████████████████| 186/186 [00:47<00:00,  3.96it/s]
{'epoch': 152, 'rec_avg_loss': '0.4246', 'joint_avg_loss': '0.9041', 'cl_avg_loss': '4.7949', 'itemcl_loss': '0.0000', 'cl_pair_0_loss': '4.7949'}
Recommendation EP_test:152: 100%|| 35/35 [00:08<00:00,  4.29it/s]
{'Epoch': 152, 'name': 'high_freq', 'HIT@5': '0.0458', 'NDCG@5': '0.0303', 'HIT@10': '0.0713', 'NDCG@10': '0.0385', 'HIT@20': '0.1079', 'NDCG@20': '0.0477'}
{'Epoch': 152, 'name': 'mid_freq', 'HIT@5': '0.0090', 'NDCG@5': '0.0059', 'HIT@10': '0.0125', 'NDCG@10': '0.0070', 'HIT@20': '0.0191', 'NDCG@20': '0.0087'}
{'Epoch': 152, 'name': 'low_freq', 'HIT@5': '0.0036', 'NDCG@5': '0.0026', 'HIT@10': '0.0059', 'NDCG@10': '0.0033', 'HIT@20': '0.0084', 'NDCG@20': '0.0039'}
{'Epoch': 152, 'name': 'all', 'HIT@5': '0.0333', 'NDCG@5': '0.0221', 'HIT@10': '0.0517', 'NDCG@10': '0.0280', 'HIT@20': '0.0782', 'NDCG@20': '0.0347'}
EarlyStopping counter: 25 out of 40
rec dataset length: 186
100%|█████████████████████████████████████████████████████████████████████████████████████████████████████████████████████████████████████████| 186/186 [00:46<00:00,  3.97it/s]
{'epoch': 153, 'rec_avg_loss': '0.4269', 'joint_avg_loss': '0.9058', 'cl_avg_loss': '4.7888', 'itemcl_loss': '0.0000', 'cl_pair_0_loss': '4.7888'}
Recommendation EP_test:153: 100%|| 35/35 [00:08<00:00,  4.35it/s]
{'Epoch': 153, 'name': 'high_freq', 'HIT@5': '0.0451', 'NDCG@5': '0.0296', 'HIT@10': '0.0719', 'NDCG@10': '0.0382', 'HIT@20': '0.1072', 'NDCG@20': '0.0470'}
{'Epoch': 153, 'name': 'mid_freq', 'HIT@5': '0.0083', 'NDCG@5': '0.0057', 'HIT@10': '0.0141', 'NDCG@10': '0.0076', 'HIT@20': '0.0204', 'NDCG@20': '0.0091'}
{'Epoch': 153, 'name': 'low_freq', 'HIT@5': '0.0045', 'NDCG@5': '0.0030', 'HIT@10': '0.0061', 'NDCG@10': '0.0035', 'HIT@20': '0.0091', 'NDCG@20': '0.0042'}
{'Epoch': 153, 'name': 'all', 'HIT@5': '0.0329', 'NDCG@5': '0.0216', 'HIT@10': '0.0524', 'NDCG@10': '0.0279', 'HIT@20': '0.0780', 'NDCG@20': '0.0343'}
EarlyStopping counter: 26 out of 40
rec dataset length: 186
100%|█████████████████████████████████████████████████████████████████████████████████████████████████████████████████████████████████████████| 186/186 [00:46<00:00,  3.96it/s]
{'epoch': 154, 'rec_avg_loss': '0.4229', 'joint_avg_loss': '0.9023', 'cl_avg_loss': '4.7935', 'itemcl_loss': '0.0000', 'cl_pair_0_loss': '4.7935'}
Recommendation EP_test:154: 100%|| 35/35 [00:08<00:00,  4.19it/s]
{'Epoch': 154, 'name': 'high_freq', 'HIT@5': '0.0466', 'NDCG@5': '0.0306', 'HIT@10': '0.0714', 'NDCG@10': '0.0386', 'HIT@20': '0.1070', 'NDCG@20': '0.0475'}
{'Epoch': 154, 'name': 'mid_freq', 'HIT@5': '0.0083', 'NDCG@5': '0.0058', 'HIT@10': '0.0128', 'NDCG@10': '0.0073', 'HIT@20': '0.0203', 'NDCG@20': '0.0091'}
{'Epoch': 154, 'name': 'low_freq', 'HIT@5': '0.0034', 'NDCG@5': '0.0025', 'HIT@10': '0.0059', 'NDCG@10': '0.0033', 'HIT@20': '0.0084', 'NDCG@20': '0.0039'}
{'Epoch': 154, 'name': 'all', 'HIT@5': '0.0338', 'NDCG@5': '0.0223', 'HIT@10': '0.0518', 'NDCG@10': '0.0281', 'HIT@20': '0.0778', 'NDCG@20': '0.0346'}
EarlyStopping counter: 27 out of 40
rec dataset length: 186
100%|█████████████████████████████████████████████████████████████████████████████████████████████████████████████████████████████████████████| 186/186 [00:47<00:00,  3.95it/s]
{'epoch': 155, 'rec_avg_loss': '0.4222', 'joint_avg_loss': '0.9018', 'cl_avg_loss': '4.7959', 'itemcl_loss': '0.0000', 'cl_pair_0_loss': '4.7959'}
Recommendation EP_test:155: 100%|| 35/35 [00:08<00:00,  4.32it/s]
{'Epoch': 155, 'name': 'high_freq', 'HIT@5': '0.0456', 'NDCG@5': '0.0299', 'HIT@10': '0.0714', 'NDCG@10': '0.0382', 'HIT@20': '0.1062', 'NDCG@20': '0.0469'}
{'Epoch': 155, 'name': 'mid_freq', 'HIT@5': '0.0083', 'NDCG@5': '0.0055', 'HIT@10': '0.0131', 'NDCG@10': '0.0070', 'HIT@20': '0.0214', 'NDCG@20': '0.0091'}
{'Epoch': 155, 'name': 'low_freq', 'HIT@5': '0.0036', 'NDCG@5': '0.0026', 'HIT@10': '0.0059', 'NDCG@10': '0.0033', 'HIT@20': '0.0095', 'NDCG@20': '0.0042'}
{'Epoch': 155, 'name': 'all', 'HIT@5': '0.0331', 'NDCG@5': '0.0217', 'HIT@10': '0.0519', 'NDCG@10': '0.0278', 'HIT@20': '0.0776', 'NDCG@20': '0.0342'}
EarlyStopping counter: 28 out of 40
rec dataset length: 186
100%|█████████████████████████████████████████████████████████████████████████████████████████████████████████████████████████████████████████| 186/186 [00:46<00:00,  3.96it/s]
{'epoch': 156, 'rec_avg_loss': '0.4191', 'joint_avg_loss': '0.8975', 'cl_avg_loss': '4.7838', 'itemcl_loss': '0.0000', 'cl_pair_0_loss': '4.7838'}
Recommendation EP_test:156: 100%|| 35/35 [00:08<00:00,  4.16it/s]
{'Epoch': 156, 'name': 'high_freq', 'HIT@5': '0.0472', 'NDCG@5': '0.0307', 'HIT@10': '0.0729', 'NDCG@10': '0.0391', 'HIT@20': '0.1093', 'NDCG@20': '0.0482'}
{'Epoch': 156, 'name': 'mid_freq', 'HIT@5': '0.0086', 'NDCG@5': '0.0057', 'HIT@10': '0.0145', 'NDCG@10': '0.0076', 'HIT@20': '0.0213', 'NDCG@20': '0.0093'}
{'Epoch': 156, 'name': 'low_freq', 'HIT@5': '0.0045', 'NDCG@5': '0.0030', 'HIT@10': '0.0063', 'NDCG@10': '0.0036', 'HIT@20': '0.0088', 'NDCG@20': '0.0042'}
{'Epoch': 156, 'name': 'all', 'HIT@5': '0.0344', 'NDCG@5': '0.0224', 'HIT@10': '0.0532', 'NDCG@10': '0.0285', 'HIT@20': '0.0796', 'NDCG@20': '0.0351'}
EarlyStopping counter: 29 out of 40
rec dataset length: 186
100%|█████████████████████████████████████████████████████████████████████████████████████████████████████████████████████████████████████████| 186/186 [00:46<00:00,  3.98it/s]
{'epoch': 157, 'rec_avg_loss': '0.4200', 'joint_avg_loss': '0.8984', 'cl_avg_loss': '4.7842', 'itemcl_loss': '0.0000', 'cl_pair_0_loss': '4.7842'}
Recommendation EP_test:157: 100%|| 35/35 [00:08<00:00,  4.12it/s]
{'Epoch': 157, 'name': 'high_freq', 'HIT@5': '0.0483', 'NDCG@5': '0.0313', 'HIT@10': '0.0732', 'NDCG@10': '0.0393', 'HIT@20': '0.1092', 'NDCG@20': '0.0484'}
{'Epoch': 157, 'name': 'mid_freq', 'HIT@5': '0.0079', 'NDCG@5': '0.0056', 'HIT@10': '0.0131', 'NDCG@10': '0.0072', 'HIT@20': '0.0204', 'NDCG@20': '0.0091'}
{'Epoch': 157, 'name': 'low_freq', 'HIT@5': '0.0038', 'NDCG@5': '0.0027', 'HIT@10': '0.0061', 'NDCG@10': '0.0035', 'HIT@20': '0.0100', 'NDCG@20': '0.0044'}
{'Epoch': 157, 'name': 'all', 'HIT@5': '0.0349', 'NDCG@5': '0.0227', 'HIT@10': '0.0531', 'NDCG@10': '0.0286', 'HIT@20': '0.0795', 'NDCG@20': '0.0352'}
EarlyStopping counter: 30 out of 40
rec dataset length: 186
100%|█████████████████████████████████████████████████████████████████████████████████████████████████████████████████████████████████████████| 186/186 [00:47<00:00,  3.95it/s]
{'epoch': 158, 'rec_avg_loss': '0.4195', 'joint_avg_loss': '0.8987', 'cl_avg_loss': '4.7923', 'itemcl_loss': '0.0000', 'cl_pair_0_loss': '4.7923'}
Recommendation EP_test:158: 100%|| 35/35 [00:08<00:00,  4.30it/s]
{'Epoch': 158, 'name': 'high_freq', 'HIT@5': '0.0461', 'NDCG@5': '0.0308', 'HIT@10': '0.0735', 'NDCG@10': '0.0396', 'HIT@20': '0.1088', 'NDCG@20': '0.0484'}
{'Epoch': 158, 'name': 'mid_freq', 'HIT@5': '0.0088', 'NDCG@5': '0.0057', 'HIT@10': '0.0138', 'NDCG@10': '0.0073', 'HIT@20': '0.0204', 'NDCG@20': '0.0090'}
{'Epoch': 158, 'name': 'low_freq', 'HIT@5': '0.0036', 'NDCG@5': '0.0026', 'HIT@10': '0.0059', 'NDCG@10': '0.0034', 'HIT@20': '0.0095', 'NDCG@20': '0.0042'}
{'Epoch': 158, 'name': 'all', 'HIT@5': '0.0335', 'NDCG@5': '0.0224', 'HIT@10': '0.0535', 'NDCG@10': '0.0288', 'HIT@20': '0.0792', 'NDCG@20': '0.0352'}
EarlyStopping counter: 31 out of 40
rec dataset length: 186
100%|█████████████████████████████████████████████████████████████████████████████████████████████████████████████████████████████████████████| 186/186 [00:46<00:00,  3.97it/s]
{'epoch': 159, 'rec_avg_loss': '0.4202', 'joint_avg_loss': '0.8976', 'cl_avg_loss': '4.7731', 'itemcl_loss': '0.0000', 'cl_pair_0_loss': '4.7731'}
Recommendation EP_test:159: 100%|| 35/35 [00:08<00:00,  4.30it/s]
{'Epoch': 159, 'name': 'high_freq', 'HIT@5': '0.0458', 'NDCG@5': '0.0300', 'HIT@10': '0.0714', 'NDCG@10': '0.0382', 'HIT@20': '0.1061', 'NDCG@20': '0.0469'}
{'Epoch': 159, 'name': 'mid_freq', 'HIT@5': '0.0085', 'NDCG@5': '0.0058', 'HIT@10': '0.0135', 'NDCG@10': '0.0074', 'HIT@20': '0.0208', 'NDCG@20': '0.0092'}
{'Epoch': 159, 'name': 'low_freq', 'HIT@5': '0.0043', 'NDCG@5': '0.0030', 'HIT@10': '0.0059', 'NDCG@10': '0.0035', 'HIT@20': '0.0104', 'NDCG@20': '0.0046'}
{'Epoch': 159, 'name': 'all', 'HIT@5': '0.0334', 'NDCG@5': '0.0219', 'HIT@10': '0.0519', 'NDCG@10': '0.0278', 'HIT@20': '0.0776', 'NDCG@20': '0.0343'}
EarlyStopping counter: 32 out of 40
rec dataset length: 186
100%|█████████████████████████████████████████████████████████████████████████████████████████████████████████████████████████████████████████| 186/186 [00:46<00:00,  3.97it/s]
{'epoch': 160, 'rec_avg_loss': '0.4200', 'joint_avg_loss': '0.8974', 'cl_avg_loss': '4.7740', 'itemcl_loss': '0.0000', 'cl_pair_0_loss': '4.7740'}
Recommendation EP_test:160: 100%|| 35/35 [00:08<00:00,  4.17it/s]
{'Epoch': 160, 'name': 'high_freq', 'HIT@5': '0.0456', 'NDCG@5': '0.0300', 'HIT@10': '0.0714', 'NDCG@10': '0.0383', 'HIT@20': '0.1077', 'NDCG@20': '0.0474'}
{'Epoch': 160, 'name': 'mid_freq', 'HIT@5': '0.0086', 'NDCG@5': '0.0055', 'HIT@10': '0.0141', 'NDCG@10': '0.0072', 'HIT@20': '0.0205', 'NDCG@20': '0.0088'}
{'Epoch': 160, 'name': 'low_freq', 'HIT@5': '0.0041', 'NDCG@5': '0.0030', 'HIT@10': '0.0063', 'NDCG@10': '0.0037', 'HIT@20': '0.0093', 'NDCG@20': '0.0044'}
{'Epoch': 160, 'name': 'all', 'HIT@5': '0.0332', 'NDCG@5': '0.0219', 'HIT@10': '0.0521', 'NDCG@10': '0.0279', 'HIT@20': '0.0784', 'NDCG@20': '0.0345'}
EarlyStopping counter: 33 out of 40
refresh dataset with updated item embedding
Embedding(18359, 64, padding_idx=0)
Similarity Model Type: hybrid
short sequence augment type: SIM
Augmentation methods for Long sequences: 5
Augmentation methods for short sequences: 3
Creating Contrastive Learning Dataset using 'crop' data augmentation
rec dataset length: 35
  0%|                                                                                                                                                    | 0/35 [00:00<?, ?it/s]
Traceback (most recent call last):
  File "/home/zzx/seqRec/CLTrys/CoSeRec_Augment/CoSeRec/src/main.py", line 229, in <module>
    main()
  File "/home/zzx/seqRec/CLTrys/CoSeRec_Augment/CoSeRec/src/main.py", line 211, in main
    trainer.train(epoch)
  File "/home/zzx/seqRec/CLTrys/CoSeRec_Augment/CoSeRec/src/trainers.py", line 72, in train
    self.iteration(epoch, self.train_dataloader)
  File "/home/zzx/seqRec/CLTrys/CoSeRec_Augment/CoSeRec/src/trainers.py", line 244, in iteration
    _, input_ids, target_pos, target_neg = rec_batch
ValueError: too many values to unpack (expected 4)
Using Cuda: True
(18359, 18359)
--------------------Configure Info:------------
data_dir                       :                             ./data/
output_dir                     :                             output/
data_name                      :                 Sports_and_Outdoors
do_eval                        :                                   0
model_idx                      :           single_cl_substitute_1024
gpu_id                         :                                   0
noise_ratio                    :                                 0.0
training_data_ratio            :                                 1.0
augment_threshold              :                                   4
similarity_model_name          :                          ItemCF_IUF
augmentation_warm_up_epoches   :                                 160
base_augment_type              :                          substitute
augment_type_for_short         :                                 SIM
tao                            :                                 0.2
gamma                          :                                 0.7
beta                           :                                 0.2
substitute_rate                :                                 0.1
insert_rate                    :                                 0.4
max_insert_num_per_pos         :                                   1
temperature                    :                                 1.0
n_views                        :                                   2
model_name                     :                             CoSeRec
hidden_size                    :                                  64
num_hidden_layers              :                                   2
num_attention_heads            :                                   2
hidden_act                     :                                gelu
attention_probs_dropout_prob   :                                 0.5
hidden_dropout_prob            :                                 0.5
initializer_range              :                                0.02
max_seq_length                 :                                  50
lr                             :                               0.001
batch_size                     :                                1024
epochs                         :                                 300
no_cuda                        :                                   0
log_freq                       :                                   1
seed                           :                                   1
cf_weight                      :                                 0.1
rec_weight                     :                                 1.0
weight_decay                   :                                 0.0
adam_beta1                     :                                 0.9
adam_beta2                     :                               0.999
cl                             :                                   1
multi_neg                      :                                   0
use_freq                       :                                   0
cuda_condition                 :                                   1
data_file                      :      ./data/Sports_and_Outdoors.txt
item_size                      :                               18359
mask_id                        :                               18358
log_file                       : output/CoSeRec-Sports_and_Outdoors-single_cl_substitute_1024.txt
Similarity Model Type: offline
short sequence augment type: SIM
Augmentation methods for Long sequences: 5
Augmentation methods for short sequences: 3
Creating Contrastive Learning Dataset using 'substitute' data augmentation
Similarity Model Type: offline
short sequence augment type: SIM
Augmentation methods for Long sequences: 5
Augmentation methods for short sequences: 3
Creating Contrastive Learning Dataset using 'substitute' data augmentation
Similarity Model Type: offline
short sequence augment type: SIM
Augmentation methods for Long sequences: 5
Augmentation methods for short sequences: 3
Creating Contrastive Learning Dataset using 'substitute' data augmentation
Total Parameters: 1278464
self.cf_criterion: NCELoss
Train CoSeRec
rec dataset length: 186
100%|█████████████████████████████████████████████████████████████████████████████████████████████████████████████████████████████████████████| 186/186 [01:10<00:00,  2.65it/s]
{'epoch': 0, 'rec_avg_loss': '1.3407', 'joint_avg_loss': '1.8862', 'cl_avg_loss': '5.4551', 'itemcl_loss': '0.0000', 'cl_pair_0_loss': '5.4551'}
Recommendation EP_test:0: 100%|| 35/35 [00:08<00:00,  4.20it/s]
{'Epoch': 0, 'name': 'high_freq', 'HIT@5': '0.0149', 'NDCG@5': '0.0095', 'HIT@10': '0.0223', 'NDCG@10': '0.0119', 'HIT@20': '0.0332', 'NDCG@20': '0.0147'}
{'Epoch': 0, 'name': 'mid_freq', 'HIT@5': '0.0000', 'NDCG@5': '0.0000', 'HIT@10': '0.0000', 'NDCG@10': '0.0000', 'HIT@20': '0.0000', 'NDCG@20': '0.0000'}
{'Epoch': 0, 'name': 'low_freq', 'HIT@5': '0.0000', 'NDCG@5': '0.0000', 'HIT@10': '0.0000', 'NDCG@10': '0.0000', 'HIT@20': '0.0000', 'NDCG@20': '0.0000'}
{'Epoch': 0, 'name': 'all', 'HIT@5': '0.0101', 'NDCG@5': '0.0065', 'HIT@10': '0.0152', 'NDCG@10': '0.0081', 'HIT@20': '0.0226', 'NDCG@20': '0.0100'}
Validation score increased.  Saving model ...
rec dataset length: 186
100%|█████████████████████████████████████████████████████████████████████████████████████████████████████████████████████████████████████████| 186/186 [01:08<00:00,  2.70it/s]
{'epoch': 1, 'rec_avg_loss': '1.2631', 'joint_avg_loss': '1.5812', 'cl_avg_loss': '3.1813', 'itemcl_loss': '0.0000', 'cl_pair_0_loss': '3.1813'}
Recommendation EP_test:1: 100%|| 35/35 [00:07<00:00,  4.49it/s]
{'Epoch': 1, 'name': 'high_freq', 'HIT@5': '0.0148', 'NDCG@5': '0.0093', 'HIT@10': '0.0230', 'NDCG@10': '0.0119', 'HIT@20': '0.0362', 'NDCG@20': '0.0152'}
{'Epoch': 1, 'name': 'mid_freq', 'HIT@5': '0.0000', 'NDCG@5': '0.0000', 'HIT@10': '0.0000', 'NDCG@10': '0.0000', 'HIT@20': '0.0000', 'NDCG@20': '0.0000'}
{'Epoch': 1, 'name': 'low_freq', 'HIT@5': '0.0000', 'NDCG@5': '0.0000', 'HIT@10': '0.0000', 'NDCG@10': '0.0000', 'HIT@20': '0.0000', 'NDCG@20': '0.0000'}
{'Epoch': 1, 'name': 'all', 'HIT@5': '0.0101', 'NDCG@5': '0.0063', 'HIT@10': '0.0157', 'NDCG@10': '0.0081', 'HIT@20': '0.0246', 'NDCG@20': '0.0103'}
Validation score increased.  Saving model ...
rec dataset length: 186
100%|█████████████████████████████████████████████████████████████████████████████████████████████████████████████████████████████████████████| 186/186 [01:08<00:00,  2.70it/s]
{'epoch': 2, 'rec_avg_loss': '1.2024', 'joint_avg_loss': '1.4579', 'cl_avg_loss': '2.5550', 'itemcl_loss': '0.0000', 'cl_pair_0_loss': '2.5550'}
Recommendation EP_test:2: 100%|| 35/35 [00:07<00:00,  4.62it/s]
{'Epoch': 2, 'name': 'high_freq', 'HIT@5': '0.0145', 'NDCG@5': '0.0090', 'HIT@10': '0.0232', 'NDCG@10': '0.0118', 'HIT@20': '0.0376', 'NDCG@20': '0.0154'}
{'Epoch': 2, 'name': 'mid_freq', 'HIT@5': '0.0000', 'NDCG@5': '0.0000', 'HIT@10': '0.0000', 'NDCG@10': '0.0000', 'HIT@20': '0.0000', 'NDCG@20': '0.0000'}
{'Epoch': 2, 'name': 'low_freq', 'HIT@5': '0.0000', 'NDCG@5': '0.0000', 'HIT@10': '0.0000', 'NDCG@10': '0.0000', 'HIT@20': '0.0000', 'NDCG@20': '0.0000'}
{'Epoch': 2, 'name': 'all', 'HIT@5': '0.0098', 'NDCG@5': '0.0062', 'HIT@10': '0.0158', 'NDCG@10': '0.0081', 'HIT@20': '0.0256', 'NDCG@20': '0.0105'}
Validation score increased.  Saving model ...
rec dataset length: 186
100%|█████████████████████████████████████████████████████████████████████████████████████████████████████████████████████████████████████████| 186/186 [01:08<00:00,  2.71it/s]
{'epoch': 3, 'rec_avg_loss': '1.1610', 'joint_avg_loss': '1.3893', 'cl_avg_loss': '2.2836', 'itemcl_loss': '0.0000', 'cl_pair_0_loss': '2.2836'}
Recommendation EP_test:3: 100%|| 35/35 [00:07<00:00,  4.42it/s]
{'Epoch': 3, 'name': 'high_freq', 'HIT@5': '0.0144', 'NDCG@5': '0.0091', 'HIT@10': '0.0238', 'NDCG@10': '0.0121', 'HIT@20': '0.0367', 'NDCG@20': '0.0154'}
{'Epoch': 3, 'name': 'mid_freq', 'HIT@5': '0.0000', 'NDCG@5': '0.0000', 'HIT@10': '0.0000', 'NDCG@10': '0.0000', 'HIT@20': '0.0000', 'NDCG@20': '0.0000'}
{'Epoch': 3, 'name': 'low_freq', 'HIT@5': '0.0000', 'NDCG@5': '0.0000', 'HIT@10': '0.0000', 'NDCG@10': '0.0000', 'HIT@20': '0.0000', 'NDCG@20': '0.0000'}
{'Epoch': 3, 'name': 'all', 'HIT@5': '0.0098', 'NDCG@5': '0.0062', 'HIT@10': '0.0162', 'NDCG@10': '0.0083', 'HIT@20': '0.0250', 'NDCG@20': '0.0105'}
EarlyStopping counter: 1 out of 40
rec dataset length: 186
100%|█████████████████████████████████████████████████████████████████████████████████████████████████████████████████████████████████████████| 186/186 [01:08<00:00,  2.71it/s]
{'epoch': 4, 'rec_avg_loss': '1.1358', 'joint_avg_loss': '1.3461', 'cl_avg_loss': '2.1023', 'itemcl_loss': '0.0000', 'cl_pair_0_loss': '2.1023'}
Recommendation EP_test:4: 100%|| 35/35 [00:08<00:00,  4.22it/s]
{'Epoch': 4, 'name': 'high_freq', 'HIT@5': '0.0152', 'NDCG@5': '0.0096', 'HIT@10': '0.0240', 'NDCG@10': '0.0124', 'HIT@20': '0.0383', 'NDCG@20': '0.0160'}
{'Epoch': 4, 'name': 'mid_freq', 'HIT@5': '0.0000', 'NDCG@5': '0.0000', 'HIT@10': '0.0000', 'NDCG@10': '0.0000', 'HIT@20': '0.0000', 'NDCG@20': '0.0000'}
{'Epoch': 4, 'name': 'low_freq', 'HIT@5': '0.0000', 'NDCG@5': '0.0000', 'HIT@10': '0.0000', 'NDCG@10': '0.0000', 'HIT@20': '0.0000', 'NDCG@20': '0.0000'}
{'Epoch': 4, 'name': 'all', 'HIT@5': '0.0103', 'NDCG@5': '0.0065', 'HIT@10': '0.0163', 'NDCG@10': '0.0084', 'HIT@20': '0.0260', 'NDCG@20': '0.0109'}
Validation score increased.  Saving model ...
rec dataset length: 186
100%|█████████████████████████████████████████████████████████████████████████████████████████████████████████████████████████████████████████| 186/186 [01:08<00:00,  2.71it/s]
{'epoch': 5, 'rec_avg_loss': '1.1163', 'joint_avg_loss': '1.3101', 'cl_avg_loss': '1.9381', 'itemcl_loss': '0.0000', 'cl_pair_0_loss': '1.9381'}
Recommendation EP_test:5: 100%|| 35/35 [00:08<00:00,  4.13it/s]
{'Epoch': 5, 'name': 'high_freq', 'HIT@5': '0.0152', 'NDCG@5': '0.0097', 'HIT@10': '0.0242', 'NDCG@10': '0.0126', 'HIT@20': '0.0395', 'NDCG@20': '0.0164'}
{'Epoch': 5, 'name': 'mid_freq', 'HIT@5': '0.0000', 'NDCG@5': '0.0000', 'HIT@10': '0.0000', 'NDCG@10': '0.0000', 'HIT@20': '0.0000', 'NDCG@20': '0.0000'}
{'Epoch': 5, 'name': 'low_freq', 'HIT@5': '0.0000', 'NDCG@5': '0.0000', 'HIT@10': '0.0000', 'NDCG@10': '0.0000', 'HIT@20': '0.0000', 'NDCG@20': '0.0000'}
{'Epoch': 5, 'name': 'all', 'HIT@5': '0.0103', 'NDCG@5': '0.0066', 'HIT@10': '0.0165', 'NDCG@10': '0.0085', 'HIT@20': '0.0269', 'NDCG@20': '0.0112'}
Validation score increased.  Saving model ...
rec dataset length: 186
100%|█████████████████████████████████████████████████████████████████████████████████████████████████████████████████████████████████████████| 186/186 [01:08<00:00,  2.72it/s]
{'epoch': 6, 'rec_avg_loss': '1.0973', 'joint_avg_loss': '1.2810', 'cl_avg_loss': '1.8362', 'itemcl_loss': '0.0000', 'cl_pair_0_loss': '1.8362'}
Recommendation EP_test:6: 100%|| 35/35 [00:08<00:00,  3.96it/s]
{'Epoch': 6, 'name': 'high_freq', 'HIT@5': '0.0160', 'NDCG@5': '0.0104', 'HIT@10': '0.0260', 'NDCG@10': '0.0136', 'HIT@20': '0.0404', 'NDCG@20': '0.0173'}
{'Epoch': 6, 'name': 'mid_freq', 'HIT@5': '0.0000', 'NDCG@5': '0.0000', 'HIT@10': '0.0000', 'NDCG@10': '0.0000', 'HIT@20': '0.0000', 'NDCG@20': '0.0000'}
{'Epoch': 6, 'name': 'low_freq', 'HIT@5': '0.0000', 'NDCG@5': '0.0000', 'HIT@10': '0.0000', 'NDCG@10': '0.0000', 'HIT@20': '0.0000', 'NDCG@20': '0.0000'}
{'Epoch': 6, 'name': 'all', 'HIT@5': '0.0109', 'NDCG@5': '0.0071', 'HIT@10': '0.0177', 'NDCG@10': '0.0093', 'HIT@20': '0.0275', 'NDCG@20': '0.0117'}
Validation score increased.  Saving model ...
rec dataset length: 186
100%|█████████████████████████████████████████████████████████████████████████████████████████████████████████████████████████████████████████| 186/186 [01:08<00:00,  2.70it/s]
{'epoch': 7, 'rec_avg_loss': '1.0796', 'joint_avg_loss': '1.2549', 'cl_avg_loss': '1.7527', 'itemcl_loss': '0.0000', 'cl_pair_0_loss': '1.7527'}
Recommendation EP_test:7: 100%|| 35/35 [00:08<00:00,  4.24it/s]
{'Epoch': 7, 'name': 'high_freq', 'HIT@5': '0.0169', 'NDCG@5': '0.0107', 'HIT@10': '0.0273', 'NDCG@10': '0.0141', 'HIT@20': '0.0420', 'NDCG@20': '0.0178'}
{'Epoch': 7, 'name': 'mid_freq', 'HIT@5': '0.0000', 'NDCG@5': '0.0000', 'HIT@10': '0.0000', 'NDCG@10': '0.0000', 'HIT@20': '0.0000', 'NDCG@20': '0.0000'}
{'Epoch': 7, 'name': 'low_freq', 'HIT@5': '0.0000', 'NDCG@5': '0.0000', 'HIT@10': '0.0000', 'NDCG@10': '0.0000', 'HIT@20': '0.0000', 'NDCG@20': '0.0000'}
{'Epoch': 7, 'name': 'all', 'HIT@5': '0.0115', 'NDCG@5': '0.0073', 'HIT@10': '0.0186', 'NDCG@10': '0.0096', 'HIT@20': '0.0285', 'NDCG@20': '0.0121'}
Validation score increased.  Saving model ...
rec dataset length: 186
100%|█████████████████████████████████████████████████████████████████████████████████████████████████████████████████████████████████████████| 186/186 [01:08<00:00,  2.72it/s]
{'epoch': 8, 'rec_avg_loss': '1.0610', 'joint_avg_loss': '1.2303', 'cl_avg_loss': '1.6926', 'itemcl_loss': '0.0000', 'cl_pair_0_loss': '1.6926'}
Recommendation EP_test:8: 100%|| 35/35 [00:08<00:00,  4.35it/s]
{'Epoch': 8, 'name': 'high_freq', 'HIT@5': '0.0181', 'NDCG@5': '0.0112', 'HIT@10': '0.0298', 'NDCG@10': '0.0149', 'HIT@20': '0.0468', 'NDCG@20': '0.0192'}
{'Epoch': 8, 'name': 'mid_freq', 'HIT@5': '0.0000', 'NDCG@5': '0.0000', 'HIT@10': '0.0000', 'NDCG@10': '0.0000', 'HIT@20': '0.0000', 'NDCG@20': '0.0000'}
{'Epoch': 8, 'name': 'low_freq', 'HIT@5': '0.0000', 'NDCG@5': '0.0000', 'HIT@10': '0.0000', 'NDCG@10': '0.0000', 'HIT@20': '0.0000', 'NDCG@20': '0.0000'}
{'Epoch': 8, 'name': 'all', 'HIT@5': '0.0123', 'NDCG@5': '0.0076', 'HIT@10': '0.0203', 'NDCG@10': '0.0101', 'HIT@20': '0.0318', 'NDCG@20': '0.0130'}
Validation score increased.  Saving model ...
rec dataset length: 186
100%|█████████████████████████████████████████████████████████████████████████████████████████████████████████████████████████████████████████| 186/186 [01:08<00:00,  2.71it/s]
{'epoch': 9, 'rec_avg_loss': '1.0381', 'joint_avg_loss': '1.2046', 'cl_avg_loss': '1.6651', 'itemcl_loss': '0.0000', 'cl_pair_0_loss': '1.6651'}
Recommendation EP_test:9: 100%|| 35/35 [00:09<00:00,  3.87it/s]
{'Epoch': 9, 'name': 'high_freq', 'HIT@5': '0.0199', 'NDCG@5': '0.0126', 'HIT@10': '0.0324', 'NDCG@10': '0.0166', 'HIT@20': '0.0512', 'NDCG@20': '0.0214'}
{'Epoch': 9, 'name': 'mid_freq', 'HIT@5': '0.0003', 'NDCG@5': '0.0002', 'HIT@10': '0.0003', 'NDCG@10': '0.0002', 'HIT@20': '0.0004', 'NDCG@20': '0.0002'}
{'Epoch': 9, 'name': 'low_freq', 'HIT@5': '0.0000', 'NDCG@5': '0.0000', 'HIT@10': '0.0000', 'NDCG@10': '0.0000', 'HIT@20': '0.0000', 'NDCG@20': '0.0000'}
{'Epoch': 9, 'name': 'all', 'HIT@5': '0.0136', 'NDCG@5': '0.0086', 'HIT@10': '0.0221', 'NDCG@10': '0.0113', 'HIT@20': '0.0349', 'NDCG@20': '0.0146'}
Validation score increased.  Saving model ...
rec dataset length: 186
100%|█████████████████████████████████████████████████████████████████████████████████████████████████████████████████████████████████████████| 186/186 [01:08<00:00,  2.71it/s]
{'epoch': 10, 'rec_avg_loss': '1.0173', 'joint_avg_loss': '1.1822', 'cl_avg_loss': '1.6492', 'itemcl_loss': '0.0000', 'cl_pair_0_loss': '1.6492'}
Recommendation EP_test:10: 100%|| 35/35 [00:08<00:00,  3.91it/s]
{'Epoch': 10, 'name': 'high_freq', 'HIT@5': '0.0218', 'NDCG@5': '0.0139', 'HIT@10': '0.0342', 'NDCG@10': '0.0179', 'HIT@20': '0.0542', 'NDCG@20': '0.0229'}
{'Epoch': 10, 'name': 'mid_freq', 'HIT@5': '0.0003', 'NDCG@5': '0.0002', 'HIT@10': '0.0003', 'NDCG@10': '0.0002', 'HIT@20': '0.0004', 'NDCG@20': '0.0002'}
{'Epoch': 10, 'name': 'low_freq', 'HIT@5': '0.0000', 'NDCG@5': '0.0000', 'HIT@10': '0.0000', 'NDCG@10': '0.0000', 'HIT@20': '0.0000', 'NDCG@20': '0.0000'}
{'Epoch': 10, 'name': 'all', 'HIT@5': '0.0149', 'NDCG@5': '0.0095', 'HIT@10': '0.0233', 'NDCG@10': '0.0122', 'HIT@20': '0.0369', 'NDCG@20': '0.0156'}
Validation score increased.  Saving model ...
rec dataset length: 186
100%|█████████████████████████████████████████████████████████████████████████████████████████████████████████████████████████████████████████| 186/186 [01:08<00:00,  2.71it/s]
{'epoch': 11, 'rec_avg_loss': '0.9927', 'joint_avg_loss': '1.1587', 'cl_avg_loss': '1.6605', 'itemcl_loss': '0.0000', 'cl_pair_0_loss': '1.6605'}
Recommendation EP_test:11: 100%|| 35/35 [00:08<00:00,  4.15it/s]
{'Epoch': 11, 'name': 'high_freq', 'HIT@5': '0.0220', 'NDCG@5': '0.0138', 'HIT@10': '0.0357', 'NDCG@10': '0.0182', 'HIT@20': '0.0566', 'NDCG@20': '0.0235'}
{'Epoch': 11, 'name': 'mid_freq', 'HIT@5': '0.0003', 'NDCG@5': '0.0001', 'HIT@10': '0.0004', 'NDCG@10': '0.0002', 'HIT@20': '0.0006', 'NDCG@20': '0.0002'}
{'Epoch': 11, 'name': 'low_freq', 'HIT@5': '0.0000', 'NDCG@5': '0.0000', 'HIT@10': '0.0000', 'NDCG@10': '0.0000', 'HIT@20': '0.0000', 'NDCG@20': '0.0000'}
{'Epoch': 11, 'name': 'all', 'HIT@5': '0.0150', 'NDCG@5': '0.0094', 'HIT@10': '0.0244', 'NDCG@10': '0.0124', 'HIT@20': '0.0386', 'NDCG@20': '0.0160'}
Validation score increased.  Saving model ...
rec dataset length: 186
100%|█████████████████████████████████████████████████████████████████████████████████████████████████████████████████████████████████████████| 186/186 [01:09<00:00,  2.70it/s]
{'epoch': 12, 'rec_avg_loss': '0.9681', 'joint_avg_loss': '1.1362', 'cl_avg_loss': '1.6814', 'itemcl_loss': '0.0000', 'cl_pair_0_loss': '1.6814'}
Recommendation EP_test:12: 100%|| 35/35 [00:08<00:00,  4.03it/s]
{'Epoch': 12, 'name': 'high_freq', 'HIT@5': '0.0238', 'NDCG@5': '0.0151', 'HIT@10': '0.0381', 'NDCG@10': '0.0197', 'HIT@20': '0.0599', 'NDCG@20': '0.0251'}
{'Epoch': 12, 'name': 'mid_freq', 'HIT@5': '0.0004', 'NDCG@5': '0.0002', 'HIT@10': '0.0006', 'NDCG@10': '0.0002', 'HIT@20': '0.0009', 'NDCG@20': '0.0003'}
{'Epoch': 12, 'name': 'low_freq', 'HIT@5': '0.0000', 'NDCG@5': '0.0000', 'HIT@10': '0.0000', 'NDCG@10': '0.0000', 'HIT@20': '0.0000', 'NDCG@20': '0.0000'}
{'Epoch': 12, 'name': 'all', 'HIT@5': '0.0163', 'NDCG@5': '0.0103', 'HIT@10': '0.0260', 'NDCG@10': '0.0134', 'HIT@20': '0.0409', 'NDCG@20': '0.0172'}
Validation score increased.  Saving model ...
rec dataset length: 186
100%|█████████████████████████████████████████████████████████████████████████████████████████████████████████████████████████████████████████| 186/186 [01:08<00:00,  2.70it/s]
{'epoch': 13, 'rec_avg_loss': '0.9469', 'joint_avg_loss': '1.1160', 'cl_avg_loss': '1.6902', 'itemcl_loss': '0.0000', 'cl_pair_0_loss': '1.6902'}
Recommendation EP_test:13: 100%|| 35/35 [00:08<00:00,  4.30it/s]
{'Epoch': 13, 'name': 'high_freq', 'HIT@5': '0.0249', 'NDCG@5': '0.0158', 'HIT@10': '0.0400', 'NDCG@10': '0.0206', 'HIT@20': '0.0623', 'NDCG@20': '0.0262'}
{'Epoch': 13, 'name': 'mid_freq', 'HIT@5': '0.0003', 'NDCG@5': '0.0001', 'HIT@10': '0.0006', 'NDCG@10': '0.0002', 'HIT@20': '0.0009', 'NDCG@20': '0.0003'}
{'Epoch': 13, 'name': 'low_freq', 'HIT@5': '0.0000', 'NDCG@5': '0.0000', 'HIT@10': '0.0000', 'NDCG@10': '0.0000', 'HIT@20': '0.0002', 'NDCG@20': '0.0001'}
{'Epoch': 13, 'name': 'all', 'HIT@5': '0.0170', 'NDCG@5': '0.0107', 'HIT@10': '0.0273', 'NDCG@10': '0.0141', 'HIT@20': '0.0426', 'NDCG@20': '0.0179'}
Validation score increased.  Saving model ...
rec dataset length: 186
100%|█████████████████████████████████████████████████████████████████████████████████████████████████████████████████████████████████████████| 186/186 [01:08<00:00,  2.71it/s]
{'epoch': 14, 'rec_avg_loss': '0.9273', 'joint_avg_loss': '1.0964', 'cl_avg_loss': '1.6912', 'itemcl_loss': '0.0000', 'cl_pair_0_loss': '1.6912'}
Recommendation EP_test:14: 100%|| 35/35 [00:08<00:00,  4.15it/s]
{'Epoch': 14, 'name': 'high_freq', 'HIT@5': '0.0262', 'NDCG@5': '0.0167', 'HIT@10': '0.0410', 'NDCG@10': '0.0215', 'HIT@20': '0.0646', 'NDCG@20': '0.0274'}
{'Epoch': 14, 'name': 'mid_freq', 'HIT@5': '0.0001', 'NDCG@5': '0.0001', 'HIT@10': '0.0006', 'NDCG@10': '0.0002', 'HIT@20': '0.0007', 'NDCG@20': '0.0002'}
{'Epoch': 14, 'name': 'low_freq', 'HIT@5': '0.0000', 'NDCG@5': '0.0000', 'HIT@10': '0.0000', 'NDCG@10': '0.0000', 'HIT@20': '0.0002', 'NDCG@20': '0.0001'}
{'Epoch': 14, 'name': 'all', 'HIT@5': '0.0179', 'NDCG@5': '0.0114', 'HIT@10': '0.0280', 'NDCG@10': '0.0146', 'HIT@20': '0.0441', 'NDCG@20': '0.0187'}
Validation score increased.  Saving model ...
rec dataset length: 186
100%|█████████████████████████████████████████████████████████████████████████████████████████████████████████████████████████████████████████| 186/186 [01:08<00:00,  2.71it/s]
{'epoch': 15, 'rec_avg_loss': '0.9097', 'joint_avg_loss': '1.0814', 'cl_avg_loss': '1.7177', 'itemcl_loss': '0.0000', 'cl_pair_0_loss': '1.7177'}
Recommendation EP_test:15: 100%|| 35/35 [00:08<00:00,  4.17it/s]
{'Epoch': 15, 'name': 'high_freq', 'HIT@5': '0.0265', 'NDCG@5': '0.0166', 'HIT@10': '0.0426', 'NDCG@10': '0.0218', 'HIT@20': '0.0676', 'NDCG@20': '0.0281'}
{'Epoch': 15, 'name': 'mid_freq', 'HIT@5': '0.0006', 'NDCG@5': '0.0003', 'HIT@10': '0.0006', 'NDCG@10': '0.0003', 'HIT@20': '0.0011', 'NDCG@20': '0.0004'}
{'Epoch': 15, 'name': 'low_freq', 'HIT@5': '0.0000', 'NDCG@5': '0.0000', 'HIT@10': '0.0002', 'NDCG@10': '0.0001', 'HIT@20': '0.0002', 'NDCG@20': '0.0001'}
{'Epoch': 15, 'name': 'all', 'HIT@5': '0.0181', 'NDCG@5': '0.0114', 'HIT@10': '0.0291', 'NDCG@10': '0.0149', 'HIT@20': '0.0463', 'NDCG@20': '0.0192'}
Validation score increased.  Saving model ...
rec dataset length: 186
100%|█████████████████████████████████████████████████████████████████████████████████████████████████████████████████████████████████████████| 186/186 [01:08<00:00,  2.71it/s]
{'epoch': 16, 'rec_avg_loss': '0.8925', 'joint_avg_loss': '1.0636', 'cl_avg_loss': '1.7113', 'itemcl_loss': '0.0000', 'cl_pair_0_loss': '1.7113'}
Recommendation EP_test:16: 100%|| 35/35 [00:08<00:00,  4.31it/s]
{'Epoch': 16, 'name': 'high_freq', 'HIT@5': '0.0277', 'NDCG@5': '0.0173', 'HIT@10': '0.0448', 'NDCG@10': '0.0227', 'HIT@20': '0.0715', 'NDCG@20': '0.0295'}
{'Epoch': 16, 'name': 'mid_freq', 'HIT@5': '0.0006', 'NDCG@5': '0.0004', 'HIT@10': '0.0006', 'NDCG@10': '0.0004', 'HIT@20': '0.0011', 'NDCG@20': '0.0005'}
{'Epoch': 16, 'name': 'low_freq', 'HIT@5': '0.0002', 'NDCG@5': '0.0001', 'HIT@10': '0.0002', 'NDCG@10': '0.0001', 'HIT@20': '0.0002', 'NDCG@20': '0.0001'}
{'Epoch': 16, 'name': 'all', 'HIT@5': '0.0190', 'NDCG@5': '0.0118', 'HIT@10': '0.0306', 'NDCG@10': '0.0156', 'HIT@20': '0.0489', 'NDCG@20': '0.0202'}
Validation score increased.  Saving model ...
rec dataset length: 186
100%|█████████████████████████████████████████████████████████████████████████████████████████████████████████████████████████████████████████| 186/186 [01:08<00:00,  2.71it/s]
{'epoch': 17, 'rec_avg_loss': '0.8750', 'joint_avg_loss': '1.0467', 'cl_avg_loss': '1.7162', 'itemcl_loss': '0.0000', 'cl_pair_0_loss': '1.7162'}
Recommendation EP_test:17: 100%|| 35/35 [00:08<00:00,  4.10it/s]
{'Epoch': 17, 'name': 'high_freq', 'HIT@5': '0.0293', 'NDCG@5': '0.0183', 'HIT@10': '0.0471', 'NDCG@10': '0.0240', 'HIT@20': '0.0758', 'NDCG@20': '0.0312'}
{'Epoch': 17, 'name': 'mid_freq', 'HIT@5': '0.0006', 'NDCG@5': '0.0003', 'HIT@10': '0.0009', 'NDCG@10': '0.0004', 'HIT@20': '0.0011', 'NDCG@20': '0.0005'}
{'Epoch': 17, 'name': 'low_freq', 'HIT@5': '0.0002', 'NDCG@5': '0.0001', 'HIT@10': '0.0002', 'NDCG@10': '0.0001', 'HIT@20': '0.0002', 'NDCG@20': '0.0001'}
{'Epoch': 17, 'name': 'all', 'HIT@5': '0.0201', 'NDCG@5': '0.0125', 'HIT@10': '0.0322', 'NDCG@10': '0.0164', 'HIT@20': '0.0518', 'NDCG@20': '0.0214'}
Validation score increased.  Saving model ...
rec dataset length: 186
100%|█████████████████████████████████████████████████████████████████████████████████████████████████████████████████████████████████████████| 186/186 [01:08<00:00,  2.71it/s]
{'epoch': 18, 'rec_avg_loss': '0.8587', 'joint_avg_loss': '1.0307', 'cl_avg_loss': '1.7201', 'itemcl_loss': '0.0000', 'cl_pair_0_loss': '1.7201'}
Recommendation EP_test:18: 100%|| 35/35 [00:08<00:00,  4.13it/s]
{'Epoch': 18, 'name': 'high_freq', 'HIT@5': '0.0288', 'NDCG@5': '0.0182', 'HIT@10': '0.0472', 'NDCG@10': '0.0240', 'HIT@20': '0.0737', 'NDCG@20': '0.0307'}
{'Epoch': 18, 'name': 'mid_freq', 'HIT@5': '0.0007', 'NDCG@5': '0.0005', 'HIT@10': '0.0011', 'NDCG@10': '0.0006', 'HIT@20': '0.0019', 'NDCG@20': '0.0008'}
{'Epoch': 18, 'name': 'low_freq', 'HIT@5': '0.0000', 'NDCG@5': '0.0000', 'HIT@10': '0.0002', 'NDCG@10': '0.0001', 'HIT@20': '0.0002', 'NDCG@20': '0.0001'}
{'Epoch': 18, 'name': 'all', 'HIT@5': '0.0197', 'NDCG@5': '0.0124', 'HIT@10': '0.0324', 'NDCG@10': '0.0165', 'HIT@20': '0.0506', 'NDCG@20': '0.0210'}
EarlyStopping counter: 1 out of 40
rec dataset length: 186
100%|█████████████████████████████████████████████████████████████████████████████████████████████████████████████████████████████████████████| 186/186 [01:08<00:00,  2.72it/s]
{'epoch': 19, 'rec_avg_loss': '0.8444', 'joint_avg_loss': '1.0156', 'cl_avg_loss': '1.7120', 'itemcl_loss': '0.0000', 'cl_pair_0_loss': '1.7120'}
Recommendation EP_test:19: 100%|| 35/35 [00:08<00:00,  4.11it/s]
{'Epoch': 19, 'name': 'high_freq', 'HIT@5': '0.0296', 'NDCG@5': '0.0188', 'HIT@10': '0.0480', 'NDCG@10': '0.0247', 'HIT@20': '0.0762', 'NDCG@20': '0.0318'}
{'Epoch': 19, 'name': 'mid_freq', 'HIT@5': '0.0006', 'NDCG@5': '0.0004', 'HIT@10': '0.0010', 'NDCG@10': '0.0006', 'HIT@20': '0.0017', 'NDCG@20': '0.0008'}
{'Epoch': 19, 'name': 'low_freq', 'HIT@5': '0.0000', 'NDCG@5': '0.0000', 'HIT@10': '0.0002', 'NDCG@10': '0.0001', 'HIT@20': '0.0002', 'NDCG@20': '0.0001'}
{'Epoch': 19, 'name': 'all', 'HIT@5': '0.0203', 'NDCG@5': '0.0129', 'HIT@10': '0.0329', 'NDCG@10': '0.0169', 'HIT@20': '0.0522', 'NDCG@20': '0.0218'}
Validation score increased.  Saving model ...
rec dataset length: 186
100%|█████████████████████████████████████████████████████████████████████████████████████████████████████████████████████████████████████████| 186/186 [01:08<00:00,  2.71it/s]
{'epoch': 20, 'rec_avg_loss': '0.8310', 'joint_avg_loss': '1.0024', 'cl_avg_loss': '1.7148', 'itemcl_loss': '0.0000', 'cl_pair_0_loss': '1.7148'}
Recommendation EP_test:20: 100%|| 35/35 [00:08<00:00,  4.27it/s]
{'Epoch': 20, 'name': 'high_freq', 'HIT@5': '0.0300', 'NDCG@5': '0.0191', 'HIT@10': '0.0491', 'NDCG@10': '0.0252', 'HIT@20': '0.0766', 'NDCG@20': '0.0321'}
{'Epoch': 20, 'name': 'mid_freq', 'HIT@5': '0.0006', 'NDCG@5': '0.0005', 'HIT@10': '0.0006', 'NDCG@10': '0.0005', 'HIT@20': '0.0016', 'NDCG@20': '0.0007'}
{'Epoch': 20, 'name': 'low_freq', 'HIT@5': '0.0000', 'NDCG@5': '0.0000', 'HIT@10': '0.0002', 'NDCG@10': '0.0001', 'HIT@20': '0.0002', 'NDCG@20': '0.0001'}
{'Epoch': 20, 'name': 'all', 'HIT@5': '0.0205', 'NDCG@5': '0.0131', 'HIT@10': '0.0336', 'NDCG@10': '0.0173', 'HIT@20': '0.0525', 'NDCG@20': '0.0220'}
Validation score increased.  Saving model ...
rec dataset length: 186
100%|█████████████████████████████████████████████████████████████████████████████████████████████████████████████████████████████████████████| 186/186 [01:08<00:00,  2.71it/s]
{'epoch': 21, 'rec_avg_loss': '0.8192', 'joint_avg_loss': '0.9917', 'cl_avg_loss': '1.7246', 'itemcl_loss': '0.0000', 'cl_pair_0_loss': '1.7246'}
Recommendation EP_test:21: 100%|| 35/35 [00:08<00:00,  4.24it/s]
{'Epoch': 21, 'name': 'high_freq', 'HIT@5': '0.0315', 'NDCG@5': '0.0199', 'HIT@10': '0.0501', 'NDCG@10': '0.0258', 'HIT@20': '0.0779', 'NDCG@20': '0.0328'}
{'Epoch': 21, 'name': 'mid_freq', 'HIT@5': '0.0004', 'NDCG@5': '0.0003', 'HIT@10': '0.0011', 'NDCG@10': '0.0005', 'HIT@20': '0.0016', 'NDCG@20': '0.0006'}
{'Epoch': 21, 'name': 'low_freq', 'HIT@5': '0.0000', 'NDCG@5': '0.0000', 'HIT@10': '0.0002', 'NDCG@10': '0.0001', 'HIT@20': '0.0002', 'NDCG@20': '0.0001'}
{'Epoch': 21, 'name': 'all', 'HIT@5': '0.0215', 'NDCG@5': '0.0136', 'HIT@10': '0.0343', 'NDCG@10': '0.0177', 'HIT@20': '0.0533', 'NDCG@20': '0.0225'}
Validation score increased.  Saving model ...
rec dataset length: 186
100%|█████████████████████████████████████████████████████████████████████████████████████████████████████████████████████████████████████████| 186/186 [01:08<00:00,  2.71it/s]
{'epoch': 22, 'rec_avg_loss': '0.8059', 'joint_avg_loss': '0.9771', 'cl_avg_loss': '1.7123', 'itemcl_loss': '0.0000', 'cl_pair_0_loss': '1.7123'}
Recommendation EP_test:22: 100%|| 35/35 [00:08<00:00,  4.21it/s]
{'Epoch': 22, 'name': 'high_freq', 'HIT@5': '0.0307', 'NDCG@5': '0.0202', 'HIT@10': '0.0512', 'NDCG@10': '0.0268', 'HIT@20': '0.0797', 'NDCG@20': '0.0339'}
{'Epoch': 22, 'name': 'mid_freq', 'HIT@5': '0.0007', 'NDCG@5': '0.0004', 'HIT@10': '0.0013', 'NDCG@10': '0.0006', 'HIT@20': '0.0020', 'NDCG@20': '0.0007'}
{'Epoch': 22, 'name': 'low_freq', 'HIT@5': '0.0002', 'NDCG@5': '0.0001', 'HIT@10': '0.0002', 'NDCG@10': '0.0001', 'HIT@20': '0.0002', 'NDCG@20': '0.0001'}
{'Epoch': 22, 'name': 'all', 'HIT@5': '0.0210', 'NDCG@5': '0.0138', 'HIT@10': '0.0351', 'NDCG@10': '0.0183', 'HIT@20': '0.0546', 'NDCG@20': '0.0232'}
Validation score increased.  Saving model ...
rec dataset length: 186
100%|█████████████████████████████████████████████████████████████████████████████████████████████████████████████████████████████████████████| 186/186 [01:08<00:00,  2.71it/s]
{'epoch': 23, 'rec_avg_loss': '0.7937', 'joint_avg_loss': '0.9654', 'cl_avg_loss': '1.7166', 'itemcl_loss': '0.0000', 'cl_pair_0_loss': '1.7166'}
Recommendation EP_test:23: 100%|| 35/35 [00:08<00:00,  4.21it/s]
{'Epoch': 23, 'name': 'high_freq', 'HIT@5': '0.0323', 'NDCG@5': '0.0207', 'HIT@10': '0.0518', 'NDCG@10': '0.0270', 'HIT@20': '0.0806', 'NDCG@20': '0.0342'}
{'Epoch': 23, 'name': 'mid_freq', 'HIT@5': '0.0009', 'NDCG@5': '0.0006', 'HIT@10': '0.0013', 'NDCG@10': '0.0007', 'HIT@20': '0.0027', 'NDCG@20': '0.0011'}
{'Epoch': 23, 'name': 'low_freq', 'HIT@5': '0.0002', 'NDCG@5': '0.0001', 'HIT@10': '0.0002', 'NDCG@10': '0.0001', 'HIT@20': '0.0002', 'NDCG@20': '0.0001'}
{'Epoch': 23, 'name': 'all', 'HIT@5': '0.0222', 'NDCG@5': '0.0142', 'HIT@10': '0.0355', 'NDCG@10': '0.0185', 'HIT@20': '0.0554', 'NDCG@20': '0.0235'}
Validation score increased.  Saving model ...
rec dataset length: 186
100%|█████████████████████████████████████████████████████████████████████████████████████████████████████████████████████████████████████████| 186/186 [01:08<00:00,  2.71it/s]
{'epoch': 24, 'rec_avg_loss': '0.7831', 'joint_avg_loss': '0.9544', 'cl_avg_loss': '1.7133', 'itemcl_loss': '0.0000', 'cl_pair_0_loss': '1.7133'}
Recommendation EP_test:24: 100%|| 35/35 [00:08<00:00,  4.20it/s]
{'Epoch': 24, 'name': 'high_freq', 'HIT@5': '0.0326', 'NDCG@5': '0.0209', 'HIT@10': '0.0532', 'NDCG@10': '0.0275', 'HIT@20': '0.0821', 'NDCG@20': '0.0347'}
{'Epoch': 24, 'name': 'mid_freq', 'HIT@5': '0.0010', 'NDCG@5': '0.0005', 'HIT@10': '0.0017', 'NDCG@10': '0.0007', 'HIT@20': '0.0032', 'NDCG@20': '0.0011'}
{'Epoch': 24, 'name': 'low_freq', 'HIT@5': '0.0002', 'NDCG@5': '0.0001', 'HIT@10': '0.0002', 'NDCG@10': '0.0001', 'HIT@20': '0.0002', 'NDCG@20': '0.0001'}
{'Epoch': 24, 'name': 'all', 'HIT@5': '0.0224', 'NDCG@5': '0.0143', 'HIT@10': '0.0366', 'NDCG@10': '0.0188', 'HIT@20': '0.0565', 'NDCG@20': '0.0239'}
Validation score increased.  Saving model ...
rec dataset length: 186
100%|█████████████████████████████████████████████████████████████████████████████████████████████████████████████████████████████████████████| 186/186 [01:08<00:00,  2.71it/s]
{'epoch': 25, 'rec_avg_loss': '0.7725', 'joint_avg_loss': '0.9424', 'cl_avg_loss': '1.6985', 'itemcl_loss': '0.0000', 'cl_pair_0_loss': '1.6985'}
Recommendation EP_test:25: 100%|| 35/35 [00:08<00:00,  4.25it/s]
{'Epoch': 25, 'name': 'high_freq', 'HIT@5': '0.0330', 'NDCG@5': '0.0210', 'HIT@10': '0.0512', 'NDCG@10': '0.0268', 'HIT@20': '0.0811', 'NDCG@20': '0.0343'}
{'Epoch': 25, 'name': 'mid_freq', 'HIT@5': '0.0010', 'NDCG@5': '0.0005', 'HIT@10': '0.0017', 'NDCG@10': '0.0007', 'HIT@20': '0.0027', 'NDCG@20': '0.0009'}
{'Epoch': 25, 'name': 'low_freq', 'HIT@5': '0.0000', 'NDCG@5': '0.0000', 'HIT@10': '0.0002', 'NDCG@10': '0.0001', 'HIT@20': '0.0002', 'NDCG@20': '0.0001'}
{'Epoch': 25, 'name': 'all', 'HIT@5': '0.0226', 'NDCG@5': '0.0144', 'HIT@10': '0.0352', 'NDCG@10': '0.0184', 'HIT@20': '0.0557', 'NDCG@20': '0.0236'}
EarlyStopping counter: 1 out of 40
rec dataset length: 186
100%|█████████████████████████████████████████████████████████████████████████████████████████████████████████████████████████████████████████| 186/186 [01:08<00:00,  2.70it/s]
{'epoch': 26, 'rec_avg_loss': '0.7629', 'joint_avg_loss': '0.9330', 'cl_avg_loss': '1.7005', 'itemcl_loss': '0.0000', 'cl_pair_0_loss': '1.7005'}
Recommendation EP_test:26: 100%|| 35/35 [00:08<00:00,  4.06it/s]
{'Epoch': 26, 'name': 'high_freq', 'HIT@5': '0.0339', 'NDCG@5': '0.0216', 'HIT@10': '0.0537', 'NDCG@10': '0.0279', 'HIT@20': '0.0849', 'NDCG@20': '0.0357'}
{'Epoch': 26, 'name': 'mid_freq', 'HIT@5': '0.0014', 'NDCG@5': '0.0008', 'HIT@10': '0.0022', 'NDCG@10': '0.0010', 'HIT@20': '0.0033', 'NDCG@20': '0.0013'}
{'Epoch': 26, 'name': 'low_freq', 'HIT@5': '0.0002', 'NDCG@5': '0.0001', 'HIT@10': '0.0002', 'NDCG@10': '0.0001', 'HIT@20': '0.0002', 'NDCG@20': '0.0001'}
{'Epoch': 26, 'name': 'all', 'HIT@5': '0.0234', 'NDCG@5': '0.0148', 'HIT@10': '0.0370', 'NDCG@10': '0.0192', 'HIT@20': '0.0585', 'NDCG@20': '0.0246'}
Validation score increased.  Saving model ...
rec dataset length: 186
100%|█████████████████████████████████████████████████████████████████████████████████████████████████████████████████████████████████████████| 186/186 [01:08<00:00,  2.70it/s]
{'epoch': 27, 'rec_avg_loss': '0.7529', 'joint_avg_loss': '0.9228', 'cl_avg_loss': '1.6990', 'itemcl_loss': '0.0000', 'cl_pair_0_loss': '1.6990'}
Recommendation EP_test:27: 100%|| 35/35 [00:08<00:00,  4.17it/s]
{'Epoch': 27, 'name': 'high_freq', 'HIT@5': '0.0346', 'NDCG@5': '0.0222', 'HIT@10': '0.0532', 'NDCG@10': '0.0282', 'HIT@20': '0.0849', 'NDCG@20': '0.0362'}
{'Epoch': 27, 'name': 'mid_freq', 'HIT@5': '0.0016', 'NDCG@5': '0.0010', 'HIT@10': '0.0023', 'NDCG@10': '0.0013', 'HIT@20': '0.0034', 'NDCG@20': '0.0016'}
{'Epoch': 27, 'name': 'low_freq', 'HIT@5': '0.0002', 'NDCG@5': '0.0001', 'HIT@10': '0.0002', 'NDCG@10': '0.0001', 'HIT@20': '0.0002', 'NDCG@20': '0.0001'}
{'Epoch': 27, 'name': 'all', 'HIT@5': '0.0238', 'NDCG@5': '0.0153', 'HIT@10': '0.0367', 'NDCG@10': '0.0194', 'HIT@20': '0.0585', 'NDCG@20': '0.0249'}
Validation score increased.  Saving model ...
rec dataset length: 186
100%|█████████████████████████████████████████████████████████████████████████████████████████████████████████████████████████████████████████| 186/186 [01:08<00:00,  2.72it/s]
{'epoch': 28, 'rec_avg_loss': '0.7456', 'joint_avg_loss': '0.9148', 'cl_avg_loss': '1.6915', 'itemcl_loss': '0.0000', 'cl_pair_0_loss': '1.6915'}
Recommendation EP_test:28: 100%|| 35/35 [00:08<00:00,  4.06it/s]
{'Epoch': 28, 'name': 'high_freq', 'HIT@5': '0.0349', 'NDCG@5': '0.0224', 'HIT@10': '0.0552', 'NDCG@10': '0.0289', 'HIT@20': '0.0854', 'NDCG@20': '0.0365'}
{'Epoch': 28, 'name': 'mid_freq', 'HIT@5': '0.0016', 'NDCG@5': '0.0010', 'HIT@10': '0.0026', 'NDCG@10': '0.0014', 'HIT@20': '0.0039', 'NDCG@20': '0.0017'}
{'Epoch': 28, 'name': 'low_freq', 'HIT@5': '0.0002', 'NDCG@5': '0.0002', 'HIT@10': '0.0002', 'NDCG@10': '0.0002', 'HIT@20': '0.0002', 'NDCG@20': '0.0002'}
{'Epoch': 28, 'name': 'all', 'HIT@5': '0.0240', 'NDCG@5': '0.0155', 'HIT@10': '0.0381', 'NDCG@10': '0.0200', 'HIT@20': '0.0589', 'NDCG@20': '0.0252'}
Validation score increased.  Saving model ...
rec dataset length: 186
100%|█████████████████████████████████████████████████████████████████████████████████████████████████████████████████████████████████████████| 186/186 [01:08<00:00,  2.72it/s]
{'epoch': 29, 'rec_avg_loss': '0.7349', 'joint_avg_loss': '0.9041', 'cl_avg_loss': '1.6921', 'itemcl_loss': '0.0000', 'cl_pair_0_loss': '1.6921'}
Recommendation EP_test:29: 100%|| 35/35 [00:08<00:00,  4.20it/s]
{'Epoch': 29, 'name': 'high_freq', 'HIT@5': '0.0363', 'NDCG@5': '0.0236', 'HIT@10': '0.0560', 'NDCG@10': '0.0299', 'HIT@20': '0.0846', 'NDCG@20': '0.0371'}
{'Epoch': 29, 'name': 'mid_freq', 'HIT@5': '0.0017', 'NDCG@5': '0.0011', 'HIT@10': '0.0024', 'NDCG@10': '0.0013', 'HIT@20': '0.0040', 'NDCG@20': '0.0017'}
{'Epoch': 29, 'name': 'low_freq', 'HIT@5': '0.0002', 'NDCG@5': '0.0001', 'HIT@10': '0.0002', 'NDCG@10': '0.0001', 'HIT@20': '0.0002', 'NDCG@20': '0.0001'}
{'Epoch': 29, 'name': 'all', 'HIT@5': '0.0250', 'NDCG@5': '0.0163', 'HIT@10': '0.0386', 'NDCG@10': '0.0206', 'HIT@20': '0.0583', 'NDCG@20': '0.0256'}
Validation score increased.  Saving model ...
rec dataset length: 186
100%|█████████████████████████████████████████████████████████████████████████████████████████████████████████████████████████████████████████| 186/186 [01:08<00:00,  2.71it/s]
{'epoch': 30, 'rec_avg_loss': '0.7281', 'joint_avg_loss': '0.8966', 'cl_avg_loss': '1.6842', 'itemcl_loss': '0.0000', 'cl_pair_0_loss': '1.6842'}
Recommendation EP_test:30: 100%|| 35/35 [00:08<00:00,  4.17it/s]
{'Epoch': 30, 'name': 'high_freq', 'HIT@5': '0.0371', 'NDCG@5': '0.0242', 'HIT@10': '0.0568', 'NDCG@10': '0.0306', 'HIT@20': '0.0854', 'NDCG@20': '0.0377'}
{'Epoch': 30, 'name': 'mid_freq', 'HIT@5': '0.0016', 'NDCG@5': '0.0009', 'HIT@10': '0.0027', 'NDCG@10': '0.0013', 'HIT@20': '0.0039', 'NDCG@20': '0.0016'}
{'Epoch': 30, 'name': 'low_freq', 'HIT@5': '0.0002', 'NDCG@5': '0.0001', 'HIT@10': '0.0002', 'NDCG@10': '0.0001', 'HIT@20': '0.0002', 'NDCG@20': '0.0001'}
{'Epoch': 30, 'name': 'all', 'HIT@5': '0.0256', 'NDCG@5': '0.0167', 'HIT@10': '0.0392', 'NDCG@10': '0.0211', 'HIT@20': '0.0589', 'NDCG@20': '0.0260'}
Validation score increased.  Saving model ...
rec dataset length: 186
100%|█████████████████████████████████████████████████████████████████████████████████████████████████████████████████████████████████████████| 186/186 [01:08<00:00,  2.70it/s]
{'epoch': 31, 'rec_avg_loss': '0.7189', 'joint_avg_loss': '0.8863', 'cl_avg_loss': '1.6740', 'itemcl_loss': '0.0000', 'cl_pair_0_loss': '1.6740'}
Recommendation EP_test:31: 100%|| 35/35 [00:08<00:00,  4.12it/s]
{'Epoch': 31, 'name': 'high_freq', 'HIT@5': '0.0363', 'NDCG@5': '0.0238', 'HIT@10': '0.0562', 'NDCG@10': '0.0302', 'HIT@20': '0.0860', 'NDCG@20': '0.0377'}
{'Epoch': 31, 'name': 'mid_freq', 'HIT@5': '0.0023', 'NDCG@5': '0.0011', 'HIT@10': '0.0033', 'NDCG@10': '0.0015', 'HIT@20': '0.0052', 'NDCG@20': '0.0019'}
{'Epoch': 31, 'name': 'low_freq', 'HIT@5': '0.0002', 'NDCG@5': '0.0001', 'HIT@10': '0.0002', 'NDCG@10': '0.0001', 'HIT@20': '0.0002', 'NDCG@20': '0.0001'}
{'Epoch': 31, 'name': 'all', 'HIT@5': '0.0252', 'NDCG@5': '0.0164', 'HIT@10': '0.0389', 'NDCG@10': '0.0209', 'HIT@20': '0.0595', 'NDCG@20': '0.0260'}
Validation score increased.  Saving model ...
rec dataset length: 186
100%|█████████████████████████████████████████████████████████████████████████████████████████████████████████████████████████████████████████| 186/186 [01:08<00:00,  2.71it/s]
{'epoch': 32, 'rec_avg_loss': '0.7127', 'joint_avg_loss': '0.8804', 'cl_avg_loss': '1.6775', 'itemcl_loss': '0.0000', 'cl_pair_0_loss': '1.6775'}
Recommendation EP_test:32: 100%|| 35/35 [00:08<00:00,  4.13it/s]
{'Epoch': 32, 'name': 'high_freq', 'HIT@5': '0.0375', 'NDCG@5': '0.0247', 'HIT@10': '0.0577', 'NDCG@10': '0.0312', 'HIT@20': '0.0882', 'NDCG@20': '0.0388'}
{'Epoch': 32, 'name': 'mid_freq', 'HIT@5': '0.0026', 'NDCG@5': '0.0013', 'HIT@10': '0.0033', 'NDCG@10': '0.0016', 'HIT@20': '0.0052', 'NDCG@20': '0.0020'}
{'Epoch': 32, 'name': 'low_freq', 'HIT@5': '0.0002', 'NDCG@5': '0.0001', 'HIT@10': '0.0002', 'NDCG@10': '0.0001', 'HIT@20': '0.0007', 'NDCG@20': '0.0002'}
{'Epoch': 32, 'name': 'all', 'HIT@5': '0.0260', 'NDCG@5': '0.0171', 'HIT@10': '0.0399', 'NDCG@10': '0.0215', 'HIT@20': '0.0611', 'NDCG@20': '0.0268'}
Validation score increased.  Saving model ...
rec dataset length: 186
100%|█████████████████████████████████████████████████████████████████████████████████████████████████████████████████████████████████████████| 186/186 [01:08<00:00,  2.70it/s]
{'epoch': 33, 'rec_avg_loss': '0.7025', 'joint_avg_loss': '0.8693', 'cl_avg_loss': '1.6685', 'itemcl_loss': '0.0000', 'cl_pair_0_loss': '1.6685'}
Recommendation EP_test:33: 100%|| 35/35 [00:08<00:00,  4.13it/s]
{'Epoch': 33, 'name': 'high_freq', 'HIT@5': '0.0376', 'NDCG@5': '0.0246', 'HIT@10': '0.0574', 'NDCG@10': '0.0309', 'HIT@20': '0.0866', 'NDCG@20': '0.0382'}
{'Epoch': 33, 'name': 'mid_freq', 'HIT@5': '0.0023', 'NDCG@5': '0.0013', 'HIT@10': '0.0030', 'NDCG@10': '0.0016', 'HIT@20': '0.0053', 'NDCG@20': '0.0021'}
{'Epoch': 33, 'name': 'low_freq', 'HIT@5': '0.0002', 'NDCG@5': '0.0001', 'HIT@10': '0.0002', 'NDCG@10': '0.0001', 'HIT@20': '0.0005', 'NDCG@20': '0.0002'}
{'Epoch': 33, 'name': 'all', 'HIT@5': '0.0261', 'NDCG@5': '0.0170', 'HIT@10': '0.0397', 'NDCG@10': '0.0213', 'HIT@20': '0.0600', 'NDCG@20': '0.0265'}
EarlyStopping counter: 1 out of 40
rec dataset length: 186
100%|█████████████████████████████████████████████████████████████████████████████████████████████████████████████████████████████████████████| 186/186 [01:08<00:00,  2.72it/s]
{'epoch': 34, 'rec_avg_loss': '0.6963', 'joint_avg_loss': '0.8624', 'cl_avg_loss': '1.6613', 'itemcl_loss': '0.0000', 'cl_pair_0_loss': '1.6613'}
Recommendation EP_test:34: 100%|| 35/35 [00:08<00:00,  4.23it/s]
{'Epoch': 34, 'name': 'high_freq', 'HIT@5': '0.0375', 'NDCG@5': '0.0251', 'HIT@10': '0.0571', 'NDCG@10': '0.0314', 'HIT@20': '0.0873', 'NDCG@20': '0.0390'}
{'Epoch': 34, 'name': 'mid_freq', 'HIT@5': '0.0022', 'NDCG@5': '0.0013', 'HIT@10': '0.0034', 'NDCG@10': '0.0017', 'HIT@20': '0.0057', 'NDCG@20': '0.0023'}
{'Epoch': 34, 'name': 'low_freq', 'HIT@5': '0.0002', 'NDCG@5': '0.0001', 'HIT@10': '0.0002', 'NDCG@10': '0.0001', 'HIT@20': '0.0005', 'NDCG@20': '0.0002'}
{'Epoch': 34, 'name': 'all', 'HIT@5': '0.0260', 'NDCG@5': '0.0173', 'HIT@10': '0.0395', 'NDCG@10': '0.0217', 'HIT@20': '0.0606', 'NDCG@20': '0.0270'}
Validation score increased.  Saving model ...
rec dataset length: 186
100%|█████████████████████████████████████████████████████████████████████████████████████████████████████████████████████████████████████████| 186/186 [01:08<00:00,  2.71it/s]
{'epoch': 35, 'rec_avg_loss': '0.6888', 'joint_avg_loss': '0.8548', 'cl_avg_loss': '1.6602', 'itemcl_loss': '0.0000', 'cl_pair_0_loss': '1.6602'}
Recommendation EP_test:35: 100%|| 35/35 [00:08<00:00,  4.15it/s]
{'Epoch': 35, 'name': 'high_freq', 'HIT@5': '0.0369', 'NDCG@5': '0.0244', 'HIT@10': '0.0569', 'NDCG@10': '0.0309', 'HIT@20': '0.0873', 'NDCG@20': '0.0385'}
{'Epoch': 35, 'name': 'mid_freq', 'HIT@5': '0.0017', 'NDCG@5': '0.0010', 'HIT@10': '0.0034', 'NDCG@10': '0.0016', 'HIT@20': '0.0059', 'NDCG@20': '0.0022'}
{'Epoch': 35, 'name': 'low_freq', 'HIT@5': '0.0002', 'NDCG@5': '0.0001', 'HIT@10': '0.0002', 'NDCG@10': '0.0001', 'HIT@20': '0.0002', 'NDCG@20': '0.0001'}
{'Epoch': 35, 'name': 'all', 'HIT@5': '0.0255', 'NDCG@5': '0.0168', 'HIT@10': '0.0394', 'NDCG@10': '0.0213', 'HIT@20': '0.0606', 'NDCG@20': '0.0266'}
EarlyStopping counter: 1 out of 40
rec dataset length: 186
100%|█████████████████████████████████████████████████████████████████████████████████████████████████████████████████████████████████████████| 186/186 [01:08<00:00,  2.71it/s]
{'epoch': 36, 'rec_avg_loss': '0.6817', 'joint_avg_loss': '0.8466', 'cl_avg_loss': '1.6490', 'itemcl_loss': '0.0000', 'cl_pair_0_loss': '1.6490'}
Recommendation EP_test:36: 100%|| 35/35 [00:08<00:00,  4.14it/s]
{'Epoch': 36, 'name': 'high_freq', 'HIT@5': '0.0381', 'NDCG@5': '0.0256', 'HIT@10': '0.0584', 'NDCG@10': '0.0322', 'HIT@20': '0.0882', 'NDCG@20': '0.0397'}
{'Epoch': 36, 'name': 'mid_freq', 'HIT@5': '0.0023', 'NDCG@5': '0.0013', 'HIT@10': '0.0039', 'NDCG@10': '0.0018', 'HIT@20': '0.0062', 'NDCG@20': '0.0024'}
{'Epoch': 36, 'name': 'low_freq', 'HIT@5': '0.0002', 'NDCG@5': '0.0001', 'HIT@10': '0.0002', 'NDCG@10': '0.0001', 'HIT@20': '0.0007', 'NDCG@20': '0.0002'}
{'Epoch': 36, 'name': 'all', 'HIT@5': '0.0264', 'NDCG@5': '0.0177', 'HIT@10': '0.0405', 'NDCG@10': '0.0223', 'HIT@20': '0.0613', 'NDCG@20': '0.0275'}
Validation score increased.  Saving model ...
rec dataset length: 186
100%|█████████████████████████████████████████████████████████████████████████████████████████████████████████████████████████████████████████| 186/186 [01:08<00:00,  2.71it/s]
{'epoch': 37, 'rec_avg_loss': '0.6763', 'joint_avg_loss': '0.8416', 'cl_avg_loss': '1.6532', 'itemcl_loss': '0.0000', 'cl_pair_0_loss': '1.6532'}
Recommendation EP_test:37: 100%|| 35/35 [00:08<00:00,  4.18it/s]
{'Epoch': 37, 'name': 'high_freq', 'HIT@5': '0.0391', 'NDCG@5': '0.0261', 'HIT@10': '0.0590', 'NDCG@10': '0.0325', 'HIT@20': '0.0892', 'NDCG@20': '0.0401'}
{'Epoch': 37, 'name': 'mid_freq', 'HIT@5': '0.0024', 'NDCG@5': '0.0014', 'HIT@10': '0.0039', 'NDCG@10': '0.0019', 'HIT@20': '0.0065', 'NDCG@20': '0.0025'}
{'Epoch': 37, 'name': 'low_freq', 'HIT@5': '0.0002', 'NDCG@5': '0.0001', 'HIT@10': '0.0002', 'NDCG@10': '0.0001', 'HIT@20': '0.0005', 'NDCG@20': '0.0001'}
{'Epoch': 37, 'name': 'all', 'HIT@5': '0.0271', 'NDCG@5': '0.0181', 'HIT@10': '0.0409', 'NDCG@10': '0.0225', 'HIT@20': '0.0620', 'NDCG@20': '0.0278'}
Validation score increased.  Saving model ...
rec dataset length: 186
100%|█████████████████████████████████████████████████████████████████████████████████████████████████████████████████████████████████████████| 186/186 [01:08<00:00,  2.71it/s]
{'epoch': 38, 'rec_avg_loss': '0.6691', 'joint_avg_loss': '0.8334', 'cl_avg_loss': '1.6428', 'itemcl_loss': '0.0000', 'cl_pair_0_loss': '1.6428'}
Recommendation EP_test:38: 100%|| 35/35 [00:08<00:00,  4.19it/s]
{'Epoch': 38, 'name': 'high_freq', 'HIT@5': '0.0385', 'NDCG@5': '0.0258', 'HIT@10': '0.0589', 'NDCG@10': '0.0324', 'HIT@20': '0.0901', 'NDCG@20': '0.0403'}
{'Epoch': 38, 'name': 'mid_freq', 'HIT@5': '0.0026', 'NDCG@5': '0.0016', 'HIT@10': '0.0040', 'NDCG@10': '0.0020', 'HIT@20': '0.0068', 'NDCG@20': '0.0027'}
{'Epoch': 38, 'name': 'low_freq', 'HIT@5': '0.0005', 'NDCG@5': '0.0003', 'HIT@10': '0.0005', 'NDCG@10': '0.0003', 'HIT@20': '0.0009', 'NDCG@20': '0.0004'}
{'Epoch': 38, 'name': 'all', 'HIT@5': '0.0268', 'NDCG@5': '0.0179', 'HIT@10': '0.0409', 'NDCG@10': '0.0225', 'HIT@20': '0.0628', 'NDCG@20': '0.0280'}
Validation score increased.  Saving model ...
rec dataset length: 186
100%|█████████████████████████████████████████████████████████████████████████████████████████████████████████████████████████████████████████| 186/186 [01:08<00:00,  2.71it/s]
{'epoch': 39, 'rec_avg_loss': '0.6656', 'joint_avg_loss': '0.8298', 'cl_avg_loss': '1.6420', 'itemcl_loss': '0.0000', 'cl_pair_0_loss': '1.6420'}
Recommendation EP_test:39: 100%|| 35/35 [00:08<00:00,  4.14it/s]
{'Epoch': 39, 'name': 'high_freq', 'HIT@5': '0.0382', 'NDCG@5': '0.0258', 'HIT@10': '0.0587', 'NDCG@10': '0.0323', 'HIT@20': '0.0892', 'NDCG@20': '0.0400'}
{'Epoch': 39, 'name': 'mid_freq', 'HIT@5': '0.0033', 'NDCG@5': '0.0019', 'HIT@10': '0.0047', 'NDCG@10': '0.0024', 'HIT@20': '0.0072', 'NDCG@20': '0.0030'}
{'Epoch': 39, 'name': 'low_freq', 'HIT@5': '0.0002', 'NDCG@5': '0.0001', 'HIT@10': '0.0005', 'NDCG@10': '0.0002', 'HIT@20': '0.0009', 'NDCG@20': '0.0003'}
{'Epoch': 39, 'name': 'all', 'HIT@5': '0.0267', 'NDCG@5': '0.0179', 'HIT@10': '0.0409', 'NDCG@10': '0.0225', 'HIT@20': '0.0622', 'NDCG@20': '0.0278'}
EarlyStopping counter: 1 out of 40
rec dataset length: 186
100%|█████████████████████████████████████████████████████████████████████████████████████████████████████████████████████████████████████████| 186/186 [01:08<00:00,  2.71it/s]
{'epoch': 40, 'rec_avg_loss': '0.6582', 'joint_avg_loss': '0.8217', 'cl_avg_loss': '1.6347', 'itemcl_loss': '0.0000', 'cl_pair_0_loss': '1.6347'}
Recommendation EP_test:40: 100%|| 35/35 [00:08<00:00,  4.05it/s]
{'Epoch': 40, 'name': 'high_freq', 'HIT@5': '0.0389', 'NDCG@5': '0.0264', 'HIT@10': '0.0588', 'NDCG@10': '0.0328', 'HIT@20': '0.0898', 'NDCG@20': '0.0406'}
{'Epoch': 40, 'name': 'mid_freq', 'HIT@5': '0.0029', 'NDCG@5': '0.0018', 'HIT@10': '0.0045', 'NDCG@10': '0.0023', 'HIT@20': '0.0070', 'NDCG@20': '0.0030'}
{'Epoch': 40, 'name': 'low_freq', 'HIT@5': '0.0002', 'NDCG@5': '0.0002', 'HIT@10': '0.0002', 'NDCG@10': '0.0002', 'HIT@20': '0.0011', 'NDCG@20': '0.0005'}
{'Epoch': 40, 'name': 'all', 'HIT@5': '0.0270', 'NDCG@5': '0.0184', 'HIT@10': '0.0409', 'NDCG@10': '0.0228', 'HIT@20': '0.0626', 'NDCG@20': '0.0282'}
Validation score increased.  Saving model ...
rec dataset length: 186
100%|█████████████████████████████████████████████████████████████████████████████████████████████████████████████████████████████████████████| 186/186 [01:08<00:00,  2.71it/s]
{'epoch': 41, 'rec_avg_loss': '0.6527', 'joint_avg_loss': '0.8148', 'cl_avg_loss': '1.6203', 'itemcl_loss': '0.0000', 'cl_pair_0_loss': '1.6203'}
Recommendation EP_test:41: 100%|| 35/35 [00:08<00:00,  4.08it/s]
{'Epoch': 41, 'name': 'high_freq', 'HIT@5': '0.0379', 'NDCG@5': '0.0261', 'HIT@10': '0.0588', 'NDCG@10': '0.0328', 'HIT@20': '0.0893', 'NDCG@20': '0.0404'}
{'Epoch': 41, 'name': 'mid_freq', 'HIT@5': '0.0033', 'NDCG@5': '0.0020', 'HIT@10': '0.0047', 'NDCG@10': '0.0025', 'HIT@20': '0.0073', 'NDCG@20': '0.0031'}
{'Epoch': 41, 'name': 'low_freq', 'HIT@5': '0.0002', 'NDCG@5': '0.0002', 'HIT@10': '0.0005', 'NDCG@10': '0.0003', 'HIT@20': '0.0011', 'NDCG@20': '0.0005'}
{'Epoch': 41, 'name': 'all', 'HIT@5': '0.0265', 'NDCG@5': '0.0182', 'HIT@10': '0.0410', 'NDCG@10': '0.0228', 'HIT@20': '0.0623', 'NDCG@20': '0.0282'}
EarlyStopping counter: 1 out of 40
rec dataset length: 186
100%|█████████████████████████████████████████████████████████████████████████████████████████████████████████████████████████████████████████| 186/186 [01:08<00:00,  2.71it/s]
{'epoch': 42, 'rec_avg_loss': '0.6469', 'joint_avg_loss': '0.8086', 'cl_avg_loss': '1.6172', 'itemcl_loss': '0.0000', 'cl_pair_0_loss': '1.6172'}
Recommendation EP_test:42: 100%|| 35/35 [00:08<00:00,  4.12it/s]
{'Epoch': 42, 'name': 'high_freq', 'HIT@5': '0.0400', 'NDCG@5': '0.0274', 'HIT@10': '0.0594', 'NDCG@10': '0.0336', 'HIT@20': '0.0912', 'NDCG@20': '0.0415'}
{'Epoch': 42, 'name': 'mid_freq', 'HIT@5': '0.0032', 'NDCG@5': '0.0019', 'HIT@10': '0.0057', 'NDCG@10': '0.0028', 'HIT@20': '0.0083', 'NDCG@20': '0.0034'}
{'Epoch': 42, 'name': 'low_freq', 'HIT@5': '0.0002', 'NDCG@5': '0.0001', 'HIT@10': '0.0005', 'NDCG@10': '0.0002', 'HIT@20': '0.0009', 'NDCG@20': '0.0003'}
{'Epoch': 42, 'name': 'all', 'HIT@5': '0.0278', 'NDCG@5': '0.0190', 'HIT@10': '0.0416', 'NDCG@10': '0.0234', 'HIT@20': '0.0638', 'NDCG@20': '0.0290'}
Validation score increased.  Saving model ...
rec dataset length: 186
100%|█████████████████████████████████████████████████████████████████████████████████████████████████████████████████████████████████████████| 186/186 [01:08<00:00,  2.71it/s]
{'epoch': 43, 'rec_avg_loss': '0.6430', 'joint_avg_loss': '0.8046', 'cl_avg_loss': '1.6165', 'itemcl_loss': '0.0000', 'cl_pair_0_loss': '1.6165'}
Recommendation EP_test:43: 100%|| 35/35 [00:08<00:00,  4.05it/s]
{'Epoch': 43, 'name': 'high_freq', 'HIT@5': '0.0392', 'NDCG@5': '0.0267', 'HIT@10': '0.0607', 'NDCG@10': '0.0336', 'HIT@20': '0.0905', 'NDCG@20': '0.0411'}
{'Epoch': 43, 'name': 'mid_freq', 'HIT@5': '0.0030', 'NDCG@5': '0.0019', 'HIT@10': '0.0060', 'NDCG@10': '0.0029', 'HIT@20': '0.0079', 'NDCG@20': '0.0033'}
{'Epoch': 43, 'name': 'low_freq', 'HIT@5': '0.0000', 'NDCG@5': '0.0000', 'HIT@10': '0.0005', 'NDCG@10': '0.0001', 'HIT@20': '0.0009', 'NDCG@20': '0.0003'}
{'Epoch': 43, 'name': 'all', 'HIT@5': '0.0273', 'NDCG@5': '0.0185', 'HIT@10': '0.0425', 'NDCG@10': '0.0234', 'HIT@20': '0.0632', 'NDCG@20': '0.0286'}
EarlyStopping counter: 1 out of 40
rec dataset length: 186
100%|█████████████████████████████████████████████████████████████████████████████████████████████████████████████████████████████████████████| 186/186 [01:08<00:00,  2.71it/s]
{'epoch': 44, 'rec_avg_loss': '0.6375', 'joint_avg_loss': '0.7977', 'cl_avg_loss': '1.6020', 'itemcl_loss': '0.0000', 'cl_pair_0_loss': '1.6020'}
Recommendation EP_test:44: 100%|| 35/35 [00:08<00:00,  4.10it/s]
{'Epoch': 44, 'name': 'high_freq', 'HIT@5': '0.0391', 'NDCG@5': '0.0262', 'HIT@10': '0.0602', 'NDCG@10': '0.0330', 'HIT@20': '0.0901', 'NDCG@20': '0.0405'}
{'Epoch': 44, 'name': 'mid_freq', 'HIT@5': '0.0030', 'NDCG@5': '0.0017', 'HIT@10': '0.0049', 'NDCG@10': '0.0023', 'HIT@20': '0.0080', 'NDCG@20': '0.0031'}
{'Epoch': 44, 'name': 'low_freq', 'HIT@5': '0.0000', 'NDCG@5': '0.0000', 'HIT@10': '0.0005', 'NDCG@10': '0.0001', 'HIT@20': '0.0011', 'NDCG@20': '0.0003'}
{'Epoch': 44, 'name': 'all', 'HIT@5': '0.0272', 'NDCG@5': '0.0182', 'HIT@10': '0.0419', 'NDCG@10': '0.0229', 'HIT@20': '0.0630', 'NDCG@20': '0.0282'}
EarlyStopping counter: 2 out of 40
rec dataset length: 186
100%|█████████████████████████████████████████████████████████████████████████████████████████████████████████████████████████████████████████| 186/186 [01:08<00:00,  2.71it/s]
{'epoch': 45, 'rec_avg_loss': '0.6314', 'joint_avg_loss': '0.7916', 'cl_avg_loss': '1.6012', 'itemcl_loss': '0.0000', 'cl_pair_0_loss': '1.6012'}
Recommendation EP_test:45: 100%|| 35/35 [00:08<00:00,  4.21it/s]
{'Epoch': 45, 'name': 'high_freq', 'HIT@5': '0.0398', 'NDCG@5': '0.0268', 'HIT@10': '0.0606', 'NDCG@10': '0.0335', 'HIT@20': '0.0897', 'NDCG@20': '0.0408'}
{'Epoch': 45, 'name': 'mid_freq', 'HIT@5': '0.0032', 'NDCG@5': '0.0019', 'HIT@10': '0.0050', 'NDCG@10': '0.0025', 'HIT@20': '0.0086', 'NDCG@20': '0.0034'}
{'Epoch': 45, 'name': 'low_freq', 'HIT@5': '0.0000', 'NDCG@5': '0.0000', 'HIT@10': '0.0007', 'NDCG@10': '0.0002', 'HIT@20': '0.0011', 'NDCG@20': '0.0003'}
{'Epoch': 45, 'name': 'all', 'HIT@5': '0.0277', 'NDCG@5': '0.0186', 'HIT@10': '0.0423', 'NDCG@10': '0.0233', 'HIT@20': '0.0628', 'NDCG@20': '0.0284'}
EarlyStopping counter: 3 out of 40
rec dataset length: 186
100%|█████████████████████████████████████████████████████████████████████████████████████████████████████████████████████████████████████████| 186/186 [01:08<00:00,  2.71it/s]
{'epoch': 46, 'rec_avg_loss': '0.6267', 'joint_avg_loss': '0.7869', 'cl_avg_loss': '1.6018', 'itemcl_loss': '0.0000', 'cl_pair_0_loss': '1.6018'}
Recommendation EP_test:46: 100%|| 35/35 [00:08<00:00,  4.19it/s]
{'Epoch': 46, 'name': 'high_freq', 'HIT@5': '0.0404', 'NDCG@5': '0.0270', 'HIT@10': '0.0593', 'NDCG@10': '0.0331', 'HIT@20': '0.0913', 'NDCG@20': '0.0411'}
{'Epoch': 46, 'name': 'mid_freq', 'HIT@5': '0.0029', 'NDCG@5': '0.0016', 'HIT@10': '0.0050', 'NDCG@10': '0.0023', 'HIT@20': '0.0073', 'NDCG@20': '0.0029'}
{'Epoch': 46, 'name': 'low_freq', 'HIT@5': '0.0002', 'NDCG@5': '0.0002', 'HIT@10': '0.0005', 'NDCG@10': '0.0003', 'HIT@20': '0.0011', 'NDCG@20': '0.0005'}
{'Epoch': 46, 'name': 'all', 'HIT@5': '0.0281', 'NDCG@5': '0.0187', 'HIT@10': '0.0414', 'NDCG@10': '0.0230', 'HIT@20': '0.0637', 'NDCG@20': '0.0286'}
EarlyStopping counter: 4 out of 40
rec dataset length: 186
100%|█████████████████████████████████████████████████████████████████████████████████████████████████████████████████████████████████████████| 186/186 [01:08<00:00,  2.71it/s]
{'epoch': 47, 'rec_avg_loss': '0.6255', 'joint_avg_loss': '0.7849', 'cl_avg_loss': '1.5942', 'itemcl_loss': '0.0000', 'cl_pair_0_loss': '1.5942'}
Recommendation EP_test:47: 100%|| 35/35 [00:08<00:00,  4.20it/s]
{'Epoch': 47, 'name': 'high_freq', 'HIT@5': '0.0400', 'NDCG@5': '0.0266', 'HIT@10': '0.0600', 'NDCG@10': '0.0331', 'HIT@20': '0.0910', 'NDCG@20': '0.0408'}
{'Epoch': 47, 'name': 'mid_freq', 'HIT@5': '0.0029', 'NDCG@5': '0.0020', 'HIT@10': '0.0052', 'NDCG@10': '0.0028', 'HIT@20': '0.0085', 'NDCG@20': '0.0036'}
{'Epoch': 47, 'name': 'low_freq', 'HIT@5': '0.0007', 'NDCG@5': '0.0004', 'HIT@10': '0.0009', 'NDCG@10': '0.0005', 'HIT@20': '0.0014', 'NDCG@20': '0.0006'}
{'Epoch': 47, 'name': 'all', 'HIT@5': '0.0278', 'NDCG@5': '0.0185', 'HIT@10': '0.0419', 'NDCG@10': '0.0231', 'HIT@20': '0.0637', 'NDCG@20': '0.0286'}
EarlyStopping counter: 5 out of 40
rec dataset length: 186
100%|█████████████████████████████████████████████████████████████████████████████████████████████████████████████████████████████████████████| 186/186 [01:08<00:00,  2.71it/s]
{'epoch': 48, 'rec_avg_loss': '0.6177', 'joint_avg_loss': '0.7780', 'cl_avg_loss': '1.6025', 'itemcl_loss': '0.0000', 'cl_pair_0_loss': '1.6025'}
Recommendation EP_test:48: 100%|| 35/35 [00:08<00:00,  4.21it/s]
{'Epoch': 48, 'name': 'high_freq', 'HIT@5': '0.0409', 'NDCG@5': '0.0275', 'HIT@10': '0.0609', 'NDCG@10': '0.0340', 'HIT@20': '0.0920', 'NDCG@20': '0.0417'}
{'Epoch': 48, 'name': 'mid_freq', 'HIT@5': '0.0032', 'NDCG@5': '0.0021', 'HIT@10': '0.0056', 'NDCG@10': '0.0029', 'HIT@20': '0.0092', 'NDCG@20': '0.0038'}
{'Epoch': 48, 'name': 'low_freq', 'HIT@5': '0.0005', 'NDCG@5': '0.0003', 'HIT@10': '0.0007', 'NDCG@10': '0.0004', 'HIT@20': '0.0018', 'NDCG@20': '0.0007'}
{'Epoch': 48, 'name': 'all', 'HIT@5': '0.0285', 'NDCG@5': '0.0192', 'HIT@10': '0.0426', 'NDCG@10': '0.0237', 'HIT@20': '0.0646', 'NDCG@20': '0.0292'}
Validation score increased.  Saving model ...
rec dataset length: 186
100%|█████████████████████████████████████████████████████████████████████████████████████████████████████████████████████████████████████████| 186/186 [01:08<00:00,  2.71it/s]
{'epoch': 49, 'rec_avg_loss': '0.6132', 'joint_avg_loss': '0.7713', 'cl_avg_loss': '1.5811', 'itemcl_loss': '0.0000', 'cl_pair_0_loss': '1.5811'}
Recommendation EP_test:49: 100%|| 35/35 [00:08<00:00,  4.26it/s]
{'Epoch': 49, 'name': 'high_freq', 'HIT@5': '0.0405', 'NDCG@5': '0.0273', 'HIT@10': '0.0617', 'NDCG@10': '0.0342', 'HIT@20': '0.0903', 'NDCG@20': '0.0414'}
{'Epoch': 49, 'name': 'mid_freq', 'HIT@5': '0.0034', 'NDCG@5': '0.0021', 'HIT@10': '0.0057', 'NDCG@10': '0.0029', 'HIT@20': '0.0089', 'NDCG@20': '0.0037'}
{'Epoch': 49, 'name': 'low_freq', 'HIT@5': '0.0005', 'NDCG@5': '0.0002', 'HIT@10': '0.0009', 'NDCG@10': '0.0003', 'HIT@20': '0.0023', 'NDCG@20': '0.0007'}
{'Epoch': 49, 'name': 'all', 'HIT@5': '0.0283', 'NDCG@5': '0.0190', 'HIT@10': '0.0432', 'NDCG@10': '0.0238', 'HIT@20': '0.0634', 'NDCG@20': '0.0289'}
EarlyStopping counter: 1 out of 40
rec dataset length: 186
100%|█████████████████████████████████████████████████████████████████████████████████████████████████████████████████████████████████████████| 186/186 [01:08<00:00,  2.71it/s]
{'epoch': 50, 'rec_avg_loss': '0.6092', 'joint_avg_loss': '0.7679', 'cl_avg_loss': '1.5868', 'itemcl_loss': '0.0000', 'cl_pair_0_loss': '1.5868'}
Recommendation EP_test:50: 100%|| 35/35 [00:08<00:00,  4.20it/s]
{'Epoch': 50, 'name': 'high_freq', 'HIT@5': '0.0411', 'NDCG@5': '0.0274', 'HIT@10': '0.0621', 'NDCG@10': '0.0342', 'HIT@20': '0.0922', 'NDCG@20': '0.0417'}
{'Epoch': 50, 'name': 'mid_freq', 'HIT@5': '0.0030', 'NDCG@5': '0.0022', 'HIT@10': '0.0055', 'NDCG@10': '0.0030', 'HIT@20': '0.0085', 'NDCG@20': '0.0038'}
{'Epoch': 50, 'name': 'low_freq', 'HIT@5': '0.0005', 'NDCG@5': '0.0002', 'HIT@10': '0.0009', 'NDCG@10': '0.0004', 'HIT@20': '0.0016', 'NDCG@20': '0.0005'}
{'Epoch': 50, 'name': 'all', 'HIT@5': '0.0286', 'NDCG@5': '0.0191', 'HIT@10': '0.0434', 'NDCG@10': '0.0239', 'HIT@20': '0.0646', 'NDCG@20': '0.0292'}
EarlyStopping counter: 2 out of 40
rec dataset length: 186
100%|█████████████████████████████████████████████████████████████████████████████████████████████████████████████████████████████████████████| 186/186 [01:08<00:00,  2.71it/s]
{'epoch': 51, 'rec_avg_loss': '0.6054', 'joint_avg_loss': '0.7636', 'cl_avg_loss': '1.5819', 'itemcl_loss': '0.0000', 'cl_pair_0_loss': '1.5819'}
Recommendation EP_test:51: 100%|| 35/35 [00:08<00:00,  4.17it/s]
{'Epoch': 51, 'name': 'high_freq', 'HIT@5': '0.0410', 'NDCG@5': '0.0275', 'HIT@10': '0.0620', 'NDCG@10': '0.0342', 'HIT@20': '0.0928', 'NDCG@20': '0.0419'}
{'Epoch': 51, 'name': 'mid_freq', 'HIT@5': '0.0032', 'NDCG@5': '0.0021', 'HIT@10': '0.0053', 'NDCG@10': '0.0028', 'HIT@20': '0.0085', 'NDCG@20': '0.0036'}
{'Epoch': 51, 'name': 'low_freq', 'HIT@5': '0.0005', 'NDCG@5': '0.0002', 'HIT@10': '0.0005', 'NDCG@10': '0.0002', 'HIT@20': '0.0014', 'NDCG@20': '0.0005'}
{'Epoch': 51, 'name': 'all', 'HIT@5': '0.0286', 'NDCG@5': '0.0191', 'HIT@10': '0.0433', 'NDCG@10': '0.0238', 'HIT@20': '0.0649', 'NDCG@20': '0.0293'}
Validation score increased.  Saving model ...
rec dataset length: 186
100%|█████████████████████████████████████████████████████████████████████████████████████████████████████████████████████████████████████████| 186/186 [01:08<00:00,  2.71it/s]
{'epoch': 52, 'rec_avg_loss': '0.6023', 'joint_avg_loss': '0.7592', 'cl_avg_loss': '1.5683', 'itemcl_loss': '0.0000', 'cl_pair_0_loss': '1.5683'}
Recommendation EP_test:52: 100%|| 35/35 [00:08<00:00,  4.15it/s]
{'Epoch': 52, 'name': 'high_freq', 'HIT@5': '0.0413', 'NDCG@5': '0.0277', 'HIT@10': '0.0609', 'NDCG@10': '0.0340', 'HIT@20': '0.0921', 'NDCG@20': '0.0418'}
{'Epoch': 52, 'name': 'mid_freq', 'HIT@5': '0.0036', 'NDCG@5': '0.0023', 'HIT@10': '0.0060', 'NDCG@10': '0.0031', 'HIT@20': '0.0090', 'NDCG@20': '0.0039'}
{'Epoch': 52, 'name': 'low_freq', 'HIT@5': '0.0009', 'NDCG@5': '0.0006', 'HIT@10': '0.0009', 'NDCG@10': '0.0006', 'HIT@20': '0.0020', 'NDCG@20': '0.0008'}
{'Epoch': 52, 'name': 'all', 'HIT@5': '0.0289', 'NDCG@5': '0.0194', 'HIT@10': '0.0427', 'NDCG@10': '0.0238', 'HIT@20': '0.0647', 'NDCG@20': '0.0293'}
Validation score increased.  Saving model ...
rec dataset length: 186
100%|█████████████████████████████████████████████████████████████████████████████████████████████████████████████████████████████████████████| 186/186 [01:08<00:00,  2.70it/s]
{'epoch': 53, 'rec_avg_loss': '0.5988', 'joint_avg_loss': '0.7561', 'cl_avg_loss': '1.5728', 'itemcl_loss': '0.0000', 'cl_pair_0_loss': '1.5728'}
Recommendation EP_test:53: 100%|| 35/35 [00:08<00:00,  4.10it/s]
{'Epoch': 53, 'name': 'high_freq', 'HIT@5': '0.0412', 'NDCG@5': '0.0276', 'HIT@10': '0.0620', 'NDCG@10': '0.0343', 'HIT@20': '0.0930', 'NDCG@20': '0.0421'}
{'Epoch': 53, 'name': 'mid_freq', 'HIT@5': '0.0042', 'NDCG@5': '0.0027', 'HIT@10': '0.0070', 'NDCG@10': '0.0036', 'HIT@20': '0.0098', 'NDCG@20': '0.0043'}
{'Epoch': 53, 'name': 'low_freq', 'HIT@5': '0.0005', 'NDCG@5': '0.0002', 'HIT@10': '0.0009', 'NDCG@10': '0.0004', 'HIT@20': '0.0023', 'NDCG@20': '0.0007'}
{'Epoch': 53, 'name': 'all', 'HIT@5': '0.0289', 'NDCG@5': '0.0194', 'HIT@10': '0.0437', 'NDCG@10': '0.0241', 'HIT@20': '0.0655', 'NDCG@20': '0.0296'}
Validation score increased.  Saving model ...
rec dataset length: 186
100%|█████████████████████████████████████████████████████████████████████████████████████████████████████████████████████████████████████████| 186/186 [01:08<00:00,  2.72it/s]
{'epoch': 54, 'rec_avg_loss': '0.5953', 'joint_avg_loss': '0.7524', 'cl_avg_loss': '1.5717', 'itemcl_loss': '0.0000', 'cl_pair_0_loss': '1.5717'}
Recommendation EP_test:54: 100%|| 35/35 [00:08<00:00,  4.19it/s]
{'Epoch': 54, 'name': 'high_freq', 'HIT@5': '0.0410', 'NDCG@5': '0.0277', 'HIT@10': '0.0624', 'NDCG@10': '0.0346', 'HIT@20': '0.0935', 'NDCG@20': '0.0424'}
{'Epoch': 54, 'name': 'mid_freq', 'HIT@5': '0.0037', 'NDCG@5': '0.0023', 'HIT@10': '0.0065', 'NDCG@10': '0.0032', 'HIT@20': '0.0095', 'NDCG@20': '0.0040'}
{'Epoch': 54, 'name': 'low_freq', 'HIT@5': '0.0007', 'NDCG@5': '0.0003', 'HIT@10': '0.0018', 'NDCG@10': '0.0007', 'HIT@20': '0.0023', 'NDCG@20': '0.0008'}
{'Epoch': 54, 'name': 'all', 'HIT@5': '0.0287', 'NDCG@5': '0.0194', 'HIT@10': '0.0439', 'NDCG@10': '0.0243', 'HIT@20': '0.0657', 'NDCG@20': '0.0297'}
Validation score increased.  Saving model ...
rec dataset length: 186
100%|█████████████████████████████████████████████████████████████████████████████████████████████████████████████████████████████████████████| 186/186 [01:08<00:00,  2.71it/s]
{'epoch': 55, 'rec_avg_loss': '0.5893', 'joint_avg_loss': '0.7452', 'cl_avg_loss': '1.5585', 'itemcl_loss': '0.0000', 'cl_pair_0_loss': '1.5585'}
Recommendation EP_test:55: 100%|| 35/35 [00:08<00:00,  4.24it/s]
{'Epoch': 55, 'name': 'high_freq', 'HIT@5': '0.0417', 'NDCG@5': '0.0281', 'HIT@10': '0.0631', 'NDCG@10': '0.0350', 'HIT@20': '0.0942', 'NDCG@20': '0.0428'}
{'Epoch': 55, 'name': 'mid_freq', 'HIT@5': '0.0043', 'NDCG@5': '0.0027', 'HIT@10': '0.0060', 'NDCG@10': '0.0033', 'HIT@20': '0.0098', 'NDCG@20': '0.0042'}
{'Epoch': 55, 'name': 'low_freq', 'HIT@5': '0.0009', 'NDCG@5': '0.0004', 'HIT@10': '0.0014', 'NDCG@10': '0.0006', 'HIT@20': '0.0023', 'NDCG@20': '0.0008'}
{'Epoch': 55, 'name': 'all', 'HIT@5': '0.0294', 'NDCG@5': '0.0197', 'HIT@10': '0.0443', 'NDCG@10': '0.0245', 'HIT@20': '0.0663', 'NDCG@20': '0.0300'}
Validation score increased.  Saving model ...
rec dataset length: 186
100%|█████████████████████████████████████████████████████████████████████████████████████████████████████████████████████████████████████████| 186/186 [01:08<00:00,  2.71it/s]
{'epoch': 56, 'rec_avg_loss': '0.5866', 'joint_avg_loss': '0.7428', 'cl_avg_loss': '1.5620', 'itemcl_loss': '0.0000', 'cl_pair_0_loss': '1.5620'}
Recommendation EP_test:56: 100%|| 35/35 [00:08<00:00,  4.25it/s]
{'Epoch': 56, 'name': 'high_freq', 'HIT@5': '0.0420', 'NDCG@5': '0.0283', 'HIT@10': '0.0627', 'NDCG@10': '0.0349', 'HIT@20': '0.0915', 'NDCG@20': '0.0422'}
{'Epoch': 56, 'name': 'mid_freq', 'HIT@5': '0.0042', 'NDCG@5': '0.0025', 'HIT@10': '0.0066', 'NDCG@10': '0.0032', 'HIT@20': '0.0103', 'NDCG@20': '0.0042'}
{'Epoch': 56, 'name': 'low_freq', 'HIT@5': '0.0007', 'NDCG@5': '0.0004', 'HIT@10': '0.0011', 'NDCG@10': '0.0005', 'HIT@20': '0.0023', 'NDCG@20': '0.0008'}
{'Epoch': 56, 'name': 'all', 'HIT@5': '0.0295', 'NDCG@5': '0.0198', 'HIT@10': '0.0441', 'NDCG@10': '0.0245', 'HIT@20': '0.0646', 'NDCG@20': '0.0296'}
EarlyStopping counter: 1 out of 40
rec dataset length: 186
100%|█████████████████████████████████████████████████████████████████████████████████████████████████████████████████████████████████████████| 186/186 [01:08<00:00,  2.70it/s]
{'epoch': 57, 'rec_avg_loss': '0.5856', 'joint_avg_loss': '0.7402', 'cl_avg_loss': '1.5460', 'itemcl_loss': '0.0000', 'cl_pair_0_loss': '1.5460'}
Recommendation EP_test:57: 100%|| 35/35 [00:08<00:00,  4.11it/s]
{'Epoch': 57, 'name': 'high_freq', 'HIT@5': '0.0417', 'NDCG@5': '0.0277', 'HIT@10': '0.0631', 'NDCG@10': '0.0346', 'HIT@20': '0.0932', 'NDCG@20': '0.0421'}
{'Epoch': 57, 'name': 'mid_freq', 'HIT@5': '0.0037', 'NDCG@5': '0.0023', 'HIT@10': '0.0062', 'NDCG@10': '0.0030', 'HIT@20': '0.0096', 'NDCG@20': '0.0039'}
{'Epoch': 57, 'name': 'low_freq', 'HIT@5': '0.0007', 'NDCG@5': '0.0003', 'HIT@10': '0.0009', 'NDCG@10': '0.0004', 'HIT@20': '0.0018', 'NDCG@20': '0.0006'}
{'Epoch': 57, 'name': 'all', 'HIT@5': '0.0292', 'NDCG@5': '0.0193', 'HIT@10': '0.0443', 'NDCG@10': '0.0242', 'HIT@20': '0.0655', 'NDCG@20': '0.0295'}
EarlyStopping counter: 2 out of 40
rec dataset length: 186
100%|█████████████████████████████████████████████████████████████████████████████████████████████████████████████████████████████████████████| 186/186 [01:08<00:00,  2.72it/s]
{'epoch': 58, 'rec_avg_loss': '0.5790', 'joint_avg_loss': '0.7329', 'cl_avg_loss': '1.5393', 'itemcl_loss': '0.0000', 'cl_pair_0_loss': '1.5393'}
Recommendation EP_test:58: 100%|| 35/35 [00:08<00:00,  4.14it/s]
{'Epoch': 58, 'name': 'high_freq', 'HIT@5': '0.0429', 'NDCG@5': '0.0287', 'HIT@10': '0.0637', 'NDCG@10': '0.0354', 'HIT@20': '0.0932', 'NDCG@20': '0.0428'}
{'Epoch': 58, 'name': 'mid_freq', 'HIT@5': '0.0046', 'NDCG@5': '0.0028', 'HIT@10': '0.0066', 'NDCG@10': '0.0034', 'HIT@20': '0.0106', 'NDCG@20': '0.0044'}
{'Epoch': 58, 'name': 'low_freq', 'HIT@5': '0.0005', 'NDCG@5': '0.0002', 'HIT@10': '0.0011', 'NDCG@10': '0.0004', 'HIT@20': '0.0018', 'NDCG@20': '0.0006'}
{'Epoch': 58, 'name': 'all', 'HIT@5': '0.0301', 'NDCG@5': '0.0201', 'HIT@10': '0.0448', 'NDCG@10': '0.0248', 'HIT@20': '0.0657', 'NDCG@20': '0.0301'}
Validation score increased.  Saving model ...
rec dataset length: 186
100%|█████████████████████████████████████████████████████████████████████████████████████████████████████████████████████████████████████████| 186/186 [01:08<00:00,  2.72it/s]
{'epoch': 59, 'rec_avg_loss': '0.5773', 'joint_avg_loss': '0.7311', 'cl_avg_loss': '1.5387', 'itemcl_loss': '0.0000', 'cl_pair_0_loss': '1.5387'}
Recommendation EP_test:59: 100%|| 35/35 [00:08<00:00,  4.16it/s]
{'Epoch': 59, 'name': 'high_freq', 'HIT@5': '0.0421', 'NDCG@5': '0.0282', 'HIT@10': '0.0642', 'NDCG@10': '0.0353', 'HIT@20': '0.0949', 'NDCG@20': '0.0430'}
{'Epoch': 59, 'name': 'mid_freq', 'HIT@5': '0.0040', 'NDCG@5': '0.0025', 'HIT@10': '0.0069', 'NDCG@10': '0.0034', 'HIT@20': '0.0101', 'NDCG@20': '0.0042'}
{'Epoch': 59, 'name': 'low_freq', 'HIT@5': '0.0005', 'NDCG@5': '0.0002', 'HIT@10': '0.0011', 'NDCG@10': '0.0004', 'HIT@20': '0.0020', 'NDCG@20': '0.0007'}
{'Epoch': 59, 'name': 'all', 'HIT@5': '0.0295', 'NDCG@5': '0.0197', 'HIT@10': '0.0452', 'NDCG@10': '0.0247', 'HIT@20': '0.0667', 'NDCG@20': '0.0301'}
Validation score increased.  Saving model ...
rec dataset length: 186
100%|█████████████████████████████████████████████████████████████████████████████████████████████████████████████████████████████████████████| 186/186 [01:08<00:00,  2.71it/s]
{'epoch': 60, 'rec_avg_loss': '0.5733', 'joint_avg_loss': '0.7264', 'cl_avg_loss': '1.5317', 'itemcl_loss': '0.0000', 'cl_pair_0_loss': '1.5317'}
Recommendation EP_test:60: 100%|| 35/35 [00:08<00:00,  4.15it/s]
{'Epoch': 60, 'name': 'high_freq', 'HIT@5': '0.0426', 'NDCG@5': '0.0285', 'HIT@10': '0.0649', 'NDCG@10': '0.0357', 'HIT@20': '0.0949', 'NDCG@20': '0.0432'}
{'Epoch': 60, 'name': 'mid_freq', 'HIT@5': '0.0047', 'NDCG@5': '0.0030', 'HIT@10': '0.0075', 'NDCG@10': '0.0039', 'HIT@20': '0.0108', 'NDCG@20': '0.0047'}
{'Epoch': 60, 'name': 'low_freq', 'HIT@5': '0.0005', 'NDCG@5': '0.0002', 'HIT@10': '0.0011', 'NDCG@10': '0.0004', 'HIT@20': '0.0025', 'NDCG@20': '0.0008'}
{'Epoch': 60, 'name': 'all', 'HIT@5': '0.0299', 'NDCG@5': '0.0200', 'HIT@10': '0.0457', 'NDCG@10': '0.0251', 'HIT@20': '0.0669', 'NDCG@20': '0.0304'}
Validation score increased.  Saving model ...
rec dataset length: 186
100%|█████████████████████████████████████████████████████████████████████████████████████████████████████████████████████████████████████████| 186/186 [01:08<00:00,  2.71it/s]
{'epoch': 61, 'rec_avg_loss': '0.5707', 'joint_avg_loss': '0.7247', 'cl_avg_loss': '1.5399', 'itemcl_loss': '0.0000', 'cl_pair_0_loss': '1.5399'}
Recommendation EP_test:61: 100%|| 35/35 [00:08<00:00,  4.14it/s]
{'Epoch': 61, 'name': 'high_freq', 'HIT@5': '0.0432', 'NDCG@5': '0.0290', 'HIT@10': '0.0646', 'NDCG@10': '0.0359', 'HIT@20': '0.0946', 'NDCG@20': '0.0434'}
{'Epoch': 61, 'name': 'mid_freq', 'HIT@5': '0.0050', 'NDCG@5': '0.0032', 'HIT@10': '0.0073', 'NDCG@10': '0.0039', 'HIT@20': '0.0109', 'NDCG@20': '0.0048'}
{'Epoch': 61, 'name': 'low_freq', 'HIT@5': '0.0007', 'NDCG@5': '0.0004', 'HIT@10': '0.0016', 'NDCG@10': '0.0007', 'HIT@20': '0.0023', 'NDCG@20': '0.0009'}
{'Epoch': 61, 'name': 'all', 'HIT@5': '0.0305', 'NDCG@5': '0.0204', 'HIT@10': '0.0456', 'NDCG@10': '0.0253', 'HIT@20': '0.0667', 'NDCG@20': '0.0306'}
Validation score increased.  Saving model ...
rec dataset length: 186
100%|█████████████████████████████████████████████████████████████████████████████████████████████████████████████████████████████████████████| 186/186 [01:08<00:00,  2.71it/s]
{'epoch': 62, 'rec_avg_loss': '0.5657', 'joint_avg_loss': '0.7202', 'cl_avg_loss': '1.5457', 'itemcl_loss': '0.0000', 'cl_pair_0_loss': '1.5457'}
Recommendation EP_test:62: 100%|| 35/35 [00:08<00:00,  4.14it/s]
{'Epoch': 62, 'name': 'high_freq', 'HIT@5': '0.0429', 'NDCG@5': '0.0290', 'HIT@10': '0.0631', 'NDCG@10': '0.0354', 'HIT@20': '0.0928', 'NDCG@20': '0.0429'}
{'Epoch': 62, 'name': 'mid_freq', 'HIT@5': '0.0046', 'NDCG@5': '0.0029', 'HIT@10': '0.0069', 'NDCG@10': '0.0036', 'HIT@20': '0.0113', 'NDCG@20': '0.0047'}
{'Epoch': 62, 'name': 'low_freq', 'HIT@5': '0.0011', 'NDCG@5': '0.0006', 'HIT@10': '0.0020', 'NDCG@10': '0.0009', 'HIT@20': '0.0027', 'NDCG@20': '0.0011'}
{'Epoch': 62, 'name': 'all', 'HIT@5': '0.0302', 'NDCG@5': '0.0203', 'HIT@10': '0.0445', 'NDCG@10': '0.0249', 'HIT@20': '0.0657', 'NDCG@20': '0.0302'}
EarlyStopping counter: 1 out of 40
rec dataset length: 186
100%|█████████████████████████████████████████████████████████████████████████████████████████████████████████████████████████████████████████| 186/186 [01:08<00:00,  2.71it/s]
{'epoch': 63, 'rec_avg_loss': '0.5638', 'joint_avg_loss': '0.7168', 'cl_avg_loss': '1.5300', 'itemcl_loss': '0.0000', 'cl_pair_0_loss': '1.5300'}
Recommendation EP_test:63: 100%|| 35/35 [00:08<00:00,  4.17it/s]
{'Epoch': 63, 'name': 'high_freq', 'HIT@5': '0.0417', 'NDCG@5': '0.0282', 'HIT@10': '0.0625', 'NDCG@10': '0.0349', 'HIT@20': '0.0923', 'NDCG@20': '0.0424'}
{'Epoch': 63, 'name': 'mid_freq', 'HIT@5': '0.0046', 'NDCG@5': '0.0029', 'HIT@10': '0.0078', 'NDCG@10': '0.0039', 'HIT@20': '0.0106', 'NDCG@20': '0.0046'}
{'Epoch': 63, 'name': 'low_freq', 'HIT@5': '0.0014', 'NDCG@5': '0.0006', 'HIT@10': '0.0018', 'NDCG@10': '0.0008', 'HIT@20': '0.0032', 'NDCG@20': '0.0011'}
{'Epoch': 63, 'name': 'all', 'HIT@5': '0.0294', 'NDCG@5': '0.0198', 'HIT@10': '0.0442', 'NDCG@10': '0.0246', 'HIT@20': '0.0653', 'NDCG@20': '0.0299'}
EarlyStopping counter: 2 out of 40
rec dataset length: 186
100%|█████████████████████████████████████████████████████████████████████████████████████████████████████████████████████████████████████████| 186/186 [01:08<00:00,  2.71it/s]
{'epoch': 64, 'rec_avg_loss': '0.5626', 'joint_avg_loss': '0.7154', 'cl_avg_loss': '1.5284', 'itemcl_loss': '0.0000', 'cl_pair_0_loss': '1.5284'}
Recommendation EP_test:64: 100%|| 35/35 [00:08<00:00,  4.23it/s]
{'Epoch': 64, 'name': 'high_freq', 'HIT@5': '0.0411', 'NDCG@5': '0.0280', 'HIT@10': '0.0631', 'NDCG@10': '0.0350', 'HIT@20': '0.0933', 'NDCG@20': '0.0426'}
{'Epoch': 64, 'name': 'mid_freq', 'HIT@5': '0.0052', 'NDCG@5': '0.0032', 'HIT@10': '0.0082', 'NDCG@10': '0.0042', 'HIT@20': '0.0105', 'NDCG@20': '0.0047'}
{'Epoch': 64, 'name': 'low_freq', 'HIT@5': '0.0009', 'NDCG@5': '0.0004', 'HIT@10': '0.0016', 'NDCG@10': '0.0007', 'HIT@20': '0.0032', 'NDCG@20': '0.0010'}
{'Epoch': 64, 'name': 'all', 'HIT@5': '0.0291', 'NDCG@5': '0.0197', 'HIT@10': '0.0447', 'NDCG@10': '0.0247', 'HIT@20': '0.0659', 'NDCG@20': '0.0300'}
EarlyStopping counter: 3 out of 40
rec dataset length: 186
100%|█████████████████████████████████████████████████████████████████████████████████████████████████████████████████████████████████████████| 186/186 [01:08<00:00,  2.71it/s]
{'epoch': 65, 'rec_avg_loss': '0.5601', 'joint_avg_loss': '0.7113', 'cl_avg_loss': '1.5122', 'itemcl_loss': '0.0000', 'cl_pair_0_loss': '1.5122'}
Recommendation EP_test:65: 100%|| 35/35 [00:08<00:00,  4.17it/s]
{'Epoch': 65, 'name': 'high_freq', 'HIT@5': '0.0420', 'NDCG@5': '0.0285', 'HIT@10': '0.0624', 'NDCG@10': '0.0351', 'HIT@20': '0.0934', 'NDCG@20': '0.0428'}
{'Epoch': 65, 'name': 'mid_freq', 'HIT@5': '0.0050', 'NDCG@5': '0.0032', 'HIT@10': '0.0078', 'NDCG@10': '0.0041', 'HIT@20': '0.0103', 'NDCG@20': '0.0048'}
{'Epoch': 65, 'name': 'low_freq', 'HIT@5': '0.0007', 'NDCG@5': '0.0005', 'HIT@10': '0.0020', 'NDCG@10': '0.0009', 'HIT@20': '0.0036', 'NDCG@20': '0.0013'}
{'Epoch': 65, 'name': 'all', 'HIT@5': '0.0297', 'NDCG@5': '0.0201', 'HIT@10': '0.0442', 'NDCG@10': '0.0248', 'HIT@20': '0.0660', 'NDCG@20': '0.0302'}
EarlyStopping counter: 4 out of 40
rec dataset length: 186
100%|█████████████████████████████████████████████████████████████████████████████████████████████████████████████████████████████████████████| 186/186 [01:08<00:00,  2.72it/s]
{'epoch': 66, 'rec_avg_loss': '0.5533', 'joint_avg_loss': '0.7053', 'cl_avg_loss': '1.5203', 'itemcl_loss': '0.0000', 'cl_pair_0_loss': '1.5203'}
Recommendation EP_test:66: 100%|| 35/35 [00:08<00:00,  4.10it/s]
{'Epoch': 66, 'name': 'high_freq', 'HIT@5': '0.0423', 'NDCG@5': '0.0285', 'HIT@10': '0.0638', 'NDCG@10': '0.0354', 'HIT@20': '0.0933', 'NDCG@20': '0.0428'}
{'Epoch': 66, 'name': 'mid_freq', 'HIT@5': '0.0047', 'NDCG@5': '0.0031', 'HIT@10': '0.0078', 'NDCG@10': '0.0041', 'HIT@20': '0.0106', 'NDCG@20': '0.0048'}
{'Epoch': 66, 'name': 'low_freq', 'HIT@5': '0.0009', 'NDCG@5': '0.0006', 'HIT@10': '0.0018', 'NDCG@10': '0.0009', 'HIT@20': '0.0038', 'NDCG@20': '0.0014'}
{'Epoch': 66, 'name': 'all', 'HIT@5': '0.0298', 'NDCG@5': '0.0201', 'HIT@10': '0.0451', 'NDCG@10': '0.0250', 'HIT@20': '0.0660', 'NDCG@20': '0.0303'}
EarlyStopping counter: 5 out of 40
rec dataset length: 186
100%|█████████████████████████████████████████████████████████████████████████████████████████████████████████████████████████████████████████| 186/186 [01:08<00:00,  2.72it/s]
{'epoch': 67, 'rec_avg_loss': '0.5524', 'joint_avg_loss': '0.7041', 'cl_avg_loss': '1.5168', 'itemcl_loss': '0.0000', 'cl_pair_0_loss': '1.5168'}
Recommendation EP_test:67: 100%|| 35/35 [00:08<00:00,  4.12it/s]
{'Epoch': 67, 'name': 'high_freq', 'HIT@5': '0.0410', 'NDCG@5': '0.0275', 'HIT@10': '0.0634', 'NDCG@10': '0.0347', 'HIT@20': '0.0930', 'NDCG@20': '0.0421'}
{'Epoch': 67, 'name': 'mid_freq', 'HIT@5': '0.0052', 'NDCG@5': '0.0032', 'HIT@10': '0.0086', 'NDCG@10': '0.0043', 'HIT@20': '0.0111', 'NDCG@20': '0.0049'}
{'Epoch': 67, 'name': 'low_freq', 'HIT@5': '0.0016', 'NDCG@5': '0.0009', 'HIT@10': '0.0018', 'NDCG@10': '0.0009', 'HIT@20': '0.0041', 'NDCG@20': '0.0015'}
{'Epoch': 67, 'name': 'all', 'HIT@5': '0.0291', 'NDCG@5': '0.0195', 'HIT@10': '0.0451', 'NDCG@10': '0.0246', 'HIT@20': '0.0660', 'NDCG@20': '0.0298'}
EarlyStopping counter: 6 out of 40
rec dataset length: 186
100%|█████████████████████████████████████████████████████████████████████████████████████████████████████████████████████████████████████████| 186/186 [01:08<00:00,  2.72it/s]
{'epoch': 68, 'rec_avg_loss': '0.5519', 'joint_avg_loss': '0.7022', 'cl_avg_loss': '1.5031', 'itemcl_loss': '0.0000', 'cl_pair_0_loss': '1.5031'}
Recommendation EP_test:68: 100%|| 35/35 [00:08<00:00,  4.13it/s]
{'Epoch': 68, 'name': 'high_freq', 'HIT@5': '0.0406', 'NDCG@5': '0.0273', 'HIT@10': '0.0637', 'NDCG@10': '0.0347', 'HIT@20': '0.0933', 'NDCG@20': '0.0422'}
{'Epoch': 68, 'name': 'mid_freq', 'HIT@5': '0.0052', 'NDCG@5': '0.0034', 'HIT@10': '0.0088', 'NDCG@10': '0.0046', 'HIT@20': '0.0119', 'NDCG@20': '0.0054'}
{'Epoch': 68, 'name': 'low_freq', 'HIT@5': '0.0011', 'NDCG@5': '0.0006', 'HIT@10': '0.0014', 'NDCG@10': '0.0007', 'HIT@20': '0.0045', 'NDCG@20': '0.0015'}
{'Epoch': 68, 'name': 'all', 'HIT@5': '0.0287', 'NDCG@5': '0.0193', 'HIT@10': '0.0452', 'NDCG@10': '0.0246', 'HIT@20': '0.0664', 'NDCG@20': '0.0299'}
EarlyStopping counter: 7 out of 40
rec dataset length: 186
100%|█████████████████████████████████████████████████████████████████████████████████████████████████████████████████████████████████████████| 186/186 [01:08<00:00,  2.72it/s]
{'epoch': 69, 'rec_avg_loss': '0.5479', 'joint_avg_loss': '0.6981', 'cl_avg_loss': '1.5021', 'itemcl_loss': '0.0000', 'cl_pair_0_loss': '1.5021'}
Recommendation EP_test:69: 100%|| 35/35 [00:08<00:00,  4.12it/s]
{'Epoch': 69, 'name': 'high_freq', 'HIT@5': '0.0416', 'NDCG@5': '0.0278', 'HIT@10': '0.0622', 'NDCG@10': '0.0344', 'HIT@20': '0.0942', 'NDCG@20': '0.0425'}
{'Epoch': 69, 'name': 'mid_freq', 'HIT@5': '0.0055', 'NDCG@5': '0.0036', 'HIT@10': '0.0088', 'NDCG@10': '0.0046', 'HIT@20': '0.0122', 'NDCG@20': '0.0055'}
{'Epoch': 69, 'name': 'low_freq', 'HIT@5': '0.0011', 'NDCG@5': '0.0008', 'HIT@10': '0.0018', 'NDCG@10': '0.0010', 'HIT@20': '0.0041', 'NDCG@20': '0.0016'}
{'Epoch': 69, 'name': 'all', 'HIT@5': '0.0295', 'NDCG@5': '0.0197', 'HIT@10': '0.0442', 'NDCG@10': '0.0244', 'HIT@20': '0.0670', 'NDCG@20': '0.0302'}
EarlyStopping counter: 8 out of 40
rec dataset length: 186
100%|█████████████████████████████████████████████████████████████████████████████████████████████████████████████████████████████████████████| 186/186 [01:08<00:00,  2.72it/s]
{'epoch': 70, 'rec_avg_loss': '0.5458', 'joint_avg_loss': '0.6956', 'cl_avg_loss': '1.4986', 'itemcl_loss': '0.0000', 'cl_pair_0_loss': '1.4986'}
Recommendation EP_test:70: 100%|| 35/35 [00:08<00:00,  4.22it/s]
{'Epoch': 70, 'name': 'high_freq', 'HIT@5': '0.0415', 'NDCG@5': '0.0279', 'HIT@10': '0.0623', 'NDCG@10': '0.0345', 'HIT@20': '0.0948', 'NDCG@20': '0.0427'}
{'Epoch': 70, 'name': 'mid_freq', 'HIT@5': '0.0052', 'NDCG@5': '0.0035', 'HIT@10': '0.0085', 'NDCG@10': '0.0045', 'HIT@20': '0.0122', 'NDCG@20': '0.0055'}
{'Epoch': 70, 'name': 'low_freq', 'HIT@5': '0.0011', 'NDCG@5': '0.0007', 'HIT@10': '0.0016', 'NDCG@10': '0.0009', 'HIT@20': '0.0045', 'NDCG@20': '0.0016'}
{'Epoch': 70, 'name': 'all', 'HIT@5': '0.0294', 'NDCG@5': '0.0197', 'HIT@10': '0.0442', 'NDCG@10': '0.0245', 'HIT@20': '0.0674', 'NDCG@20': '0.0303'}
EarlyStopping counter: 9 out of 40
rec dataset length: 186
100%|█████████████████████████████████████████████████████████████████████████████████████████████████████████████████████████████████████████| 186/186 [01:08<00:00,  2.72it/s]
{'epoch': 71, 'rec_avg_loss': '0.5439', 'joint_avg_loss': '0.6929', 'cl_avg_loss': '1.4901', 'itemcl_loss': '0.0000', 'cl_pair_0_loss': '1.4901'}
Recommendation EP_test:71: 100%|| 35/35 [00:08<00:00,  4.16it/s]
{'Epoch': 71, 'name': 'high_freq', 'HIT@5': '0.0415', 'NDCG@5': '0.0277', 'HIT@10': '0.0627', 'NDCG@10': '0.0345', 'HIT@20': '0.0943', 'NDCG@20': '0.0424'}
{'Epoch': 71, 'name': 'mid_freq', 'HIT@5': '0.0056', 'NDCG@5': '0.0038', 'HIT@10': '0.0082', 'NDCG@10': '0.0046', 'HIT@20': '0.0118', 'NDCG@20': '0.0055'}
{'Epoch': 71, 'name': 'low_freq', 'HIT@5': '0.0011', 'NDCG@5': '0.0008', 'HIT@10': '0.0025', 'NDCG@10': '0.0012', 'HIT@20': '0.0048', 'NDCG@20': '0.0018'}
{'Epoch': 71, 'name': 'all', 'HIT@5': '0.0295', 'NDCG@5': '0.0197', 'HIT@10': '0.0446', 'NDCG@10': '0.0245', 'HIT@20': '0.0671', 'NDCG@20': '0.0302'}
EarlyStopping counter: 10 out of 40
rec dataset length: 186
100%|█████████████████████████████████████████████████████████████████████████████████████████████████████████████████████████████████████████| 186/186 [01:08<00:00,  2.72it/s]
{'epoch': 72, 'rec_avg_loss': '0.5385', 'joint_avg_loss': '0.6879', 'cl_avg_loss': '1.4932', 'itemcl_loss': '0.0000', 'cl_pair_0_loss': '1.4932'}
Recommendation EP_test:72: 100%|| 35/35 [00:08<00:00,  4.12it/s]
{'Epoch': 72, 'name': 'high_freq', 'HIT@5': '0.0413', 'NDCG@5': '0.0276', 'HIT@10': '0.0631', 'NDCG@10': '0.0346', 'HIT@20': '0.0941', 'NDCG@20': '0.0424'}
{'Epoch': 72, 'name': 'mid_freq', 'HIT@5': '0.0053', 'NDCG@5': '0.0037', 'HIT@10': '0.0082', 'NDCG@10': '0.0046', 'HIT@20': '0.0118', 'NDCG@20': '0.0055'}
{'Epoch': 72, 'name': 'low_freq', 'HIT@5': '0.0014', 'NDCG@5': '0.0009', 'HIT@10': '0.0018', 'NDCG@10': '0.0011', 'HIT@20': '0.0038', 'NDCG@20': '0.0015'}
{'Epoch': 72, 'name': 'all', 'HIT@5': '0.0293', 'NDCG@5': '0.0196', 'HIT@10': '0.0447', 'NDCG@10': '0.0246', 'HIT@20': '0.0668', 'NDCG@20': '0.0301'}
EarlyStopping counter: 11 out of 40
rec dataset length: 186
100%|█████████████████████████████████████████████████████████████████████████████████████████████████████████████████████████████████████████| 186/186 [01:09<00:00,  2.69it/s]
{'epoch': 73, 'rec_avg_loss': '0.5349', 'joint_avg_loss': '0.6837', 'cl_avg_loss': '1.4880', 'itemcl_loss': '0.0000', 'cl_pair_0_loss': '1.4880'}
Recommendation EP_test:73: 100%|| 35/35 [00:08<00:00,  4.02it/s]
{'Epoch': 73, 'name': 'high_freq', 'HIT@5': '0.0422', 'NDCG@5': '0.0282', 'HIT@10': '0.0627', 'NDCG@10': '0.0349', 'HIT@20': '0.0943', 'NDCG@20': '0.0428'}
{'Epoch': 73, 'name': 'mid_freq', 'HIT@5': '0.0053', 'NDCG@5': '0.0037', 'HIT@10': '0.0089', 'NDCG@10': '0.0048', 'HIT@20': '0.0116', 'NDCG@20': '0.0055'}
{'Epoch': 73, 'name': 'low_freq', 'HIT@5': '0.0014', 'NDCG@5': '0.0009', 'HIT@10': '0.0016', 'NDCG@10': '0.0010', 'HIT@20': '0.0034', 'NDCG@20': '0.0015'}
{'Epoch': 73, 'name': 'all', 'HIT@5': '0.0299', 'NDCG@5': '0.0201', 'HIT@10': '0.0446', 'NDCG@10': '0.0248', 'HIT@20': '0.0668', 'NDCG@20': '0.0304'}
EarlyStopping counter: 12 out of 40
rec dataset length: 186
100%|█████████████████████████████████████████████████████████████████████████████████████████████████████████████████████████████████████████| 186/186 [01:08<00:00,  2.71it/s]
{'epoch': 74, 'rec_avg_loss': '0.5345', 'joint_avg_loss': '0.6828', 'cl_avg_loss': '1.4827', 'itemcl_loss': '0.0000', 'cl_pair_0_loss': '1.4827'}
Recommendation EP_test:74: 100%|| 35/35 [00:08<00:00,  4.27it/s]
{'Epoch': 74, 'name': 'high_freq', 'HIT@5': '0.0421', 'NDCG@5': '0.0281', 'HIT@10': '0.0630', 'NDCG@10': '0.0348', 'HIT@20': '0.0930', 'NDCG@20': '0.0424'}
{'Epoch': 74, 'name': 'mid_freq', 'HIT@5': '0.0060', 'NDCG@5': '0.0039', 'HIT@10': '0.0083', 'NDCG@10': '0.0047', 'HIT@20': '0.0112', 'NDCG@20': '0.0054'}
{'Epoch': 74, 'name': 'low_freq', 'HIT@5': '0.0014', 'NDCG@5': '0.0010', 'HIT@10': '0.0020', 'NDCG@10': '0.0012', 'HIT@20': '0.0034', 'NDCG@20': '0.0016'}
{'Epoch': 74, 'name': 'all', 'HIT@5': '0.0300', 'NDCG@5': '0.0200', 'HIT@10': '0.0447', 'NDCG@10': '0.0248', 'HIT@20': '0.0659', 'NDCG@20': '0.0301'}
EarlyStopping counter: 13 out of 40
rec dataset length: 186
100%|█████████████████████████████████████████████████████████████████████████████████████████████████████████████████████████████████████████| 186/186 [01:08<00:00,  2.72it/s]
{'epoch': 75, 'rec_avg_loss': '0.5308', 'joint_avg_loss': '0.6791', 'cl_avg_loss': '1.4827', 'itemcl_loss': '0.0000', 'cl_pair_0_loss': '1.4827'}
Recommendation EP_test:75: 100%|| 35/35 [00:08<00:00,  4.25it/s]
{'Epoch': 75, 'name': 'high_freq', 'HIT@5': '0.0420', 'NDCG@5': '0.0281', 'HIT@10': '0.0632', 'NDCG@10': '0.0349', 'HIT@20': '0.0938', 'NDCG@20': '0.0426'}
{'Epoch': 75, 'name': 'mid_freq', 'HIT@5': '0.0060', 'NDCG@5': '0.0039', 'HIT@10': '0.0093', 'NDCG@10': '0.0049', 'HIT@20': '0.0112', 'NDCG@20': '0.0054'}
{'Epoch': 75, 'name': 'low_freq', 'HIT@5': '0.0014', 'NDCG@5': '0.0009', 'HIT@10': '0.0020', 'NDCG@10': '0.0012', 'HIT@20': '0.0036', 'NDCG@20': '0.0016'}
{'Epoch': 75, 'name': 'all', 'HIT@5': '0.0299', 'NDCG@5': '0.0200', 'HIT@10': '0.0451', 'NDCG@10': '0.0248', 'HIT@20': '0.0665', 'NDCG@20': '0.0302'}
EarlyStopping counter: 14 out of 40
rec dataset length: 186
100%|█████████████████████████████████████████████████████████████████████████████████████████████████████████████████████████████████████████| 186/186 [01:08<00:00,  2.73it/s]
{'epoch': 76, 'rec_avg_loss': '0.5297', 'joint_avg_loss': '0.6774', 'cl_avg_loss': '1.4772', 'itemcl_loss': '0.0000', 'cl_pair_0_loss': '1.4772'}
Recommendation EP_test:76: 100%|| 35/35 [00:08<00:00,  4.16it/s]
{'Epoch': 76, 'name': 'high_freq', 'HIT@5': '0.0428', 'NDCG@5': '0.0286', 'HIT@10': '0.0634', 'NDCG@10': '0.0352', 'HIT@20': '0.0937', 'NDCG@20': '0.0428'}
{'Epoch': 76, 'name': 'mid_freq', 'HIT@5': '0.0060', 'NDCG@5': '0.0040', 'HIT@10': '0.0083', 'NDCG@10': '0.0048', 'HIT@20': '0.0124', 'NDCG@20': '0.0058'}
{'Epoch': 76, 'name': 'low_freq', 'HIT@5': '0.0016', 'NDCG@5': '0.0010', 'HIT@10': '0.0025', 'NDCG@10': '0.0013', 'HIT@20': '0.0038', 'NDCG@20': '0.0017'}
{'Epoch': 76, 'name': 'all', 'HIT@5': '0.0305', 'NDCG@5': '0.0204', 'HIT@10': '0.0451', 'NDCG@10': '0.0250', 'HIT@20': '0.0667', 'NDCG@20': '0.0305'}
EarlyStopping counter: 15 out of 40
rec dataset length: 186
100%|█████████████████████████████████████████████████████████████████████████████████████████████████████████████████████████████████████████| 186/186 [01:08<00:00,  2.72it/s]
{'epoch': 77, 'rec_avg_loss': '0.5280', 'joint_avg_loss': '0.6762', 'cl_avg_loss': '1.4827', 'itemcl_loss': '0.0000', 'cl_pair_0_loss': '1.4827'}
Recommendation EP_test:77: 100%|| 35/35 [00:08<00:00,  4.14it/s]
{'Epoch': 77, 'name': 'high_freq', 'HIT@5': '0.0432', 'NDCG@5': '0.0291', 'HIT@10': '0.0632', 'NDCG@10': '0.0355', 'HIT@20': '0.0935', 'NDCG@20': '0.0431'}
{'Epoch': 77, 'name': 'mid_freq', 'HIT@5': '0.0063', 'NDCG@5': '0.0041', 'HIT@10': '0.0079', 'NDCG@10': '0.0046', 'HIT@20': '0.0121', 'NDCG@20': '0.0057'}
{'Epoch': 77, 'name': 'low_freq', 'HIT@5': '0.0016', 'NDCG@5': '0.0010', 'HIT@10': '0.0025', 'NDCG@10': '0.0013', 'HIT@20': '0.0038', 'NDCG@20': '0.0017'}
{'Epoch': 77, 'name': 'all', 'HIT@5': '0.0308', 'NDCG@5': '0.0207', 'HIT@10': '0.0448', 'NDCG@10': '0.0252', 'HIT@20': '0.0664', 'NDCG@20': '0.0307'}
Validation score increased.  Saving model ...
rec dataset length: 186
100%|█████████████████████████████████████████████████████████████████████████████████████████████████████████████████████████████████████████| 186/186 [01:08<00:00,  2.72it/s]
{'epoch': 78, 'rec_avg_loss': '0.5241', 'joint_avg_loss': '0.6724', 'cl_avg_loss': '1.4827', 'itemcl_loss': '0.0000', 'cl_pair_0_loss': '1.4827'}
Recommendation EP_test:78: 100%|| 35/35 [00:08<00:00,  4.08it/s]
{'Epoch': 78, 'name': 'high_freq', 'HIT@5': '0.0414', 'NDCG@5': '0.0282', 'HIT@10': '0.0635', 'NDCG@10': '0.0354', 'HIT@20': '0.0935', 'NDCG@20': '0.0429'}
{'Epoch': 78, 'name': 'mid_freq', 'HIT@5': '0.0062', 'NDCG@5': '0.0042', 'HIT@10': '0.0088', 'NDCG@10': '0.0050', 'HIT@20': '0.0119', 'NDCG@20': '0.0058'}
{'Epoch': 78, 'name': 'low_freq', 'HIT@5': '0.0018', 'NDCG@5': '0.0012', 'HIT@10': '0.0029', 'NDCG@10': '0.0016', 'HIT@20': '0.0050', 'NDCG@20': '0.0021'}
{'Epoch': 78, 'name': 'all', 'HIT@5': '0.0296', 'NDCG@5': '0.0202', 'HIT@10': '0.0453', 'NDCG@10': '0.0252', 'HIT@20': '0.0665', 'NDCG@20': '0.0306'}
EarlyStopping counter: 1 out of 40
rec dataset length: 186
100%|█████████████████████████████████████████████████████████████████████████████████████████████████████████████████████████████████████████| 186/186 [01:08<00:00,  2.72it/s]
{'epoch': 79, 'rec_avg_loss': '0.5256', 'joint_avg_loss': '0.6722', 'cl_avg_loss': '1.4664', 'itemcl_loss': '0.0000', 'cl_pair_0_loss': '1.4664'}
Recommendation EP_test:79: 100%|| 35/35 [00:08<00:00,  4.20it/s]
{'Epoch': 79, 'name': 'high_freq', 'HIT@5': '0.0414', 'NDCG@5': '0.0280', 'HIT@10': '0.0635', 'NDCG@10': '0.0351', 'HIT@20': '0.0945', 'NDCG@20': '0.0429'}
{'Epoch': 79, 'name': 'mid_freq', 'HIT@5': '0.0068', 'NDCG@5': '0.0045', 'HIT@10': '0.0092', 'NDCG@10': '0.0052', 'HIT@20': '0.0124', 'NDCG@20': '0.0060'}
{'Epoch': 79, 'name': 'low_freq', 'HIT@5': '0.0023', 'NDCG@5': '0.0013', 'HIT@10': '0.0032', 'NDCG@10': '0.0016', 'HIT@20': '0.0045', 'NDCG@20': '0.0019'}
{'Epoch': 79, 'name': 'all', 'HIT@5': '0.0298', 'NDCG@5': '0.0201', 'HIT@10': '0.0454', 'NDCG@10': '0.0251', 'HIT@20': '0.0673', 'NDCG@20': '0.0306'}
EarlyStopping counter: 2 out of 40
rec dataset length: 186
100%|█████████████████████████████████████████████████████████████████████████████████████████████████████████████████████████████████████████| 186/186 [01:08<00:00,  2.72it/s]
{'epoch': 80, 'rec_avg_loss': '0.5245', 'joint_avg_loss': '0.6701', 'cl_avg_loss': '1.4559', 'itemcl_loss': '0.0000', 'cl_pair_0_loss': '1.4559'}
Recommendation EP_test:80: 100%|| 35/35 [00:08<00:00,  4.19it/s]
{'Epoch': 80, 'name': 'high_freq', 'HIT@5': '0.0424', 'NDCG@5': '0.0284', 'HIT@10': '0.0634', 'NDCG@10': '0.0351', 'HIT@20': '0.0936', 'NDCG@20': '0.0427'}
{'Epoch': 80, 'name': 'mid_freq', 'HIT@5': '0.0066', 'NDCG@5': '0.0044', 'HIT@10': '0.0101', 'NDCG@10': '0.0055', 'HIT@20': '0.0141', 'NDCG@20': '0.0065'}
{'Epoch': 80, 'name': 'low_freq', 'HIT@5': '0.0018', 'NDCG@5': '0.0012', 'HIT@10': '0.0034', 'NDCG@10': '0.0017', 'HIT@20': '0.0045', 'NDCG@20': '0.0020'}
{'Epoch': 80, 'name': 'all', 'HIT@5': '0.0304', 'NDCG@5': '0.0203', 'HIT@10': '0.0455', 'NDCG@10': '0.0252', 'HIT@20': '0.0670', 'NDCG@20': '0.0306'}
EarlyStopping counter: 3 out of 40
rec dataset length: 186
100%|█████████████████████████████████████████████████████████████████████████████████████████████████████████████████████████████████████████| 186/186 [01:08<00:00,  2.72it/s]
{'epoch': 81, 'rec_avg_loss': '0.5207', 'joint_avg_loss': '0.6667', 'cl_avg_loss': '1.4605', 'itemcl_loss': '0.0000', 'cl_pair_0_loss': '1.4605'}
Recommendation EP_test:81: 100%|| 35/35 [00:08<00:00,  4.12it/s]
{'Epoch': 81, 'name': 'high_freq', 'HIT@5': '0.0424', 'NDCG@5': '0.0287', 'HIT@10': '0.0630', 'NDCG@10': '0.0354', 'HIT@20': '0.0954', 'NDCG@20': '0.0435'}
{'Epoch': 81, 'name': 'mid_freq', 'HIT@5': '0.0068', 'NDCG@5': '0.0046', 'HIT@10': '0.0095', 'NDCG@10': '0.0055', 'HIT@20': '0.0126', 'NDCG@20': '0.0063'}
{'Epoch': 81, 'name': 'low_freq', 'HIT@5': '0.0018', 'NDCG@5': '0.0012', 'HIT@10': '0.0038', 'NDCG@10': '0.0018', 'HIT@20': '0.0057', 'NDCG@20': '0.0023'}
{'Epoch': 81, 'name': 'all', 'HIT@5': '0.0304', 'NDCG@5': '0.0206', 'HIT@10': '0.0452', 'NDCG@10': '0.0254', 'HIT@20': '0.0681', 'NDCG@20': '0.0311'}
Validation score increased.  Saving model ...
rec dataset length: 186
100%|█████████████████████████████████████████████████████████████████████████████████████████████████████████████████████████████████████████| 186/186 [01:08<00:00,  2.72it/s]
{'epoch': 82, 'rec_avg_loss': '0.5199', 'joint_avg_loss': '0.6658', 'cl_avg_loss': '1.4596', 'itemcl_loss': '0.0000', 'cl_pair_0_loss': '1.4596'}
Recommendation EP_test:82: 100%|| 35/35 [00:08<00:00,  4.17it/s]
{'Epoch': 82, 'name': 'high_freq', 'HIT@5': '0.0414', 'NDCG@5': '0.0280', 'HIT@10': '0.0624', 'NDCG@10': '0.0348', 'HIT@20': '0.0928', 'NDCG@20': '0.0425'}
{'Epoch': 82, 'name': 'mid_freq', 'HIT@5': '0.0072', 'NDCG@5': '0.0049', 'HIT@10': '0.0096', 'NDCG@10': '0.0057', 'HIT@20': '0.0134', 'NDCG@20': '0.0066'}
{'Epoch': 82, 'name': 'low_freq', 'HIT@5': '0.0023', 'NDCG@5': '0.0013', 'HIT@10': '0.0036', 'NDCG@10': '0.0017', 'HIT@20': '0.0066', 'NDCG@20': '0.0024'}
{'Epoch': 82, 'name': 'all', 'HIT@5': '0.0298', 'NDCG@5': '0.0202', 'HIT@10': '0.0448', 'NDCG@10': '0.0250', 'HIT@20': '0.0666', 'NDCG@20': '0.0305'}
EarlyStopping counter: 1 out of 40
rec dataset length: 186
100%|█████████████████████████████████████████████████████████████████████████████████████████████████████████████████████████████████████████| 186/186 [01:08<00:00,  2.72it/s]
{'epoch': 83, 'rec_avg_loss': '0.5165', 'joint_avg_loss': '0.6616', 'cl_avg_loss': '1.4506', 'itemcl_loss': '0.0000', 'cl_pair_0_loss': '1.4506'}
Recommendation EP_test:83: 100%|| 35/35 [00:08<00:00,  4.20it/s]
{'Epoch': 83, 'name': 'high_freq', 'HIT@5': '0.0426', 'NDCG@5': '0.0285', 'HIT@10': '0.0634', 'NDCG@10': '0.0352', 'HIT@20': '0.0937', 'NDCG@20': '0.0428'}
{'Epoch': 83, 'name': 'mid_freq', 'HIT@5': '0.0072', 'NDCG@5': '0.0047', 'HIT@10': '0.0092', 'NDCG@10': '0.0053', 'HIT@20': '0.0136', 'NDCG@20': '0.0064'}
{'Epoch': 83, 'name': 'low_freq', 'HIT@5': '0.0023', 'NDCG@5': '0.0014', 'HIT@10': '0.0034', 'NDCG@10': '0.0017', 'HIT@20': '0.0068', 'NDCG@20': '0.0026'}
{'Epoch': 83, 'name': 'all', 'HIT@5': '0.0306', 'NDCG@5': '0.0205', 'HIT@10': '0.0453', 'NDCG@10': '0.0252', 'HIT@20': '0.0673', 'NDCG@20': '0.0307'}
EarlyStopping counter: 2 out of 40
rec dataset length: 186
100%|█████████████████████████████████████████████████████████████████████████████████████████████████████████████████████████████████████████| 186/186 [01:08<00:00,  2.71it/s]
{'epoch': 84, 'rec_avg_loss': '0.5130', 'joint_avg_loss': '0.6594', 'cl_avg_loss': '1.4639', 'itemcl_loss': '0.0000', 'cl_pair_0_loss': '1.4639'}
Recommendation EP_test:84: 100%|| 35/35 [00:08<00:00,  4.08it/s]
{'Epoch': 84, 'name': 'high_freq', 'HIT@5': '0.0420', 'NDCG@5': '0.0286', 'HIT@10': '0.0623', 'NDCG@10': '0.0351', 'HIT@20': '0.0945', 'NDCG@20': '0.0432'}
{'Epoch': 84, 'name': 'mid_freq', 'HIT@5': '0.0065', 'NDCG@5': '0.0044', 'HIT@10': '0.0090', 'NDCG@10': '0.0052', 'HIT@20': '0.0134', 'NDCG@20': '0.0063'}
{'Epoch': 84, 'name': 'low_freq', 'HIT@5': '0.0018', 'NDCG@5': '0.0011', 'HIT@10': '0.0027', 'NDCG@10': '0.0013', 'HIT@20': '0.0052', 'NDCG@20': '0.0020'}
{'Epoch': 84, 'name': 'all', 'HIT@5': '0.0301', 'NDCG@5': '0.0204', 'HIT@10': '0.0445', 'NDCG@10': '0.0251', 'HIT@20': '0.0675', 'NDCG@20': '0.0309'}
EarlyStopping counter: 3 out of 40
rec dataset length: 186
100%|█████████████████████████████████████████████████████████████████████████████████████████████████████████████████████████████████████████| 186/186 [01:08<00:00,  2.72it/s]
{'epoch': 85, 'rec_avg_loss': '0.5123', 'joint_avg_loss': '0.6570', 'cl_avg_loss': '1.4468', 'itemcl_loss': '0.0000', 'cl_pair_0_loss': '1.4468'}
Recommendation EP_test:85: 100%|| 35/35 [00:08<00:00,  4.01it/s]
{'Epoch': 85, 'name': 'high_freq', 'HIT@5': '0.0422', 'NDCG@5': '0.0286', 'HIT@10': '0.0637', 'NDCG@10': '0.0355', 'HIT@20': '0.0938', 'NDCG@20': '0.0430'}
{'Epoch': 85, 'name': 'mid_freq', 'HIT@5': '0.0066', 'NDCG@5': '0.0042', 'HIT@10': '0.0090', 'NDCG@10': '0.0050', 'HIT@20': '0.0128', 'NDCG@20': '0.0060'}
{'Epoch': 85, 'name': 'low_freq', 'HIT@5': '0.0020', 'NDCG@5': '0.0011', 'HIT@10': '0.0032', 'NDCG@10': '0.0015', 'HIT@20': '0.0048', 'NDCG@20': '0.0019'}
{'Epoch': 85, 'name': 'all', 'HIT@5': '0.0303', 'NDCG@5': '0.0204', 'HIT@10': '0.0455', 'NDCG@10': '0.0253', 'HIT@20': '0.0669', 'NDCG@20': '0.0307'}
EarlyStopping counter: 4 out of 40
rec dataset length: 186
100%|█████████████████████████████████████████████████████████████████████████████████████████████████████████████████████████████████████████| 186/186 [01:08<00:00,  2.72it/s]
{'epoch': 86, 'rec_avg_loss': '0.5123', 'joint_avg_loss': '0.6567', 'cl_avg_loss': '1.4438', 'itemcl_loss': '0.0000', 'cl_pair_0_loss': '1.4438'}
Recommendation EP_test:86: 100%|| 35/35 [00:08<00:00,  4.11it/s]
{'Epoch': 86, 'name': 'high_freq', 'HIT@5': '0.0420', 'NDCG@5': '0.0286', 'HIT@10': '0.0635', 'NDCG@10': '0.0355', 'HIT@20': '0.0930', 'NDCG@20': '0.0429'}
{'Epoch': 86, 'name': 'mid_freq', 'HIT@5': '0.0068', 'NDCG@5': '0.0046', 'HIT@10': '0.0103', 'NDCG@10': '0.0057', 'HIT@20': '0.0135', 'NDCG@20': '0.0065'}
{'Epoch': 86, 'name': 'low_freq', 'HIT@5': '0.0020', 'NDCG@5': '0.0011', 'HIT@10': '0.0029', 'NDCG@10': '0.0014', 'HIT@20': '0.0048', 'NDCG@20': '0.0019'}
{'Epoch': 86, 'name': 'all', 'HIT@5': '0.0302', 'NDCG@5': '0.0205', 'HIT@10': '0.0456', 'NDCG@10': '0.0254', 'HIT@20': '0.0665', 'NDCG@20': '0.0307'}
EarlyStopping counter: 5 out of 40
rec dataset length: 186
100%|█████████████████████████████████████████████████████████████████████████████████████████████████████████████████████████████████████████| 186/186 [01:08<00:00,  2.73it/s]
{'epoch': 87, 'rec_avg_loss': '0.5080', 'joint_avg_loss': '0.6522', 'cl_avg_loss': '1.4414', 'itemcl_loss': '0.0000', 'cl_pair_0_loss': '1.4414'}
Recommendation EP_test:87: 100%|| 35/35 [00:08<00:00,  4.04it/s]
{'Epoch': 87, 'name': 'high_freq', 'HIT@5': '0.0416', 'NDCG@5': '0.0277', 'HIT@10': '0.0637', 'NDCG@10': '0.0349', 'HIT@20': '0.0955', 'NDCG@20': '0.0429'}
{'Epoch': 87, 'name': 'mid_freq', 'HIT@5': '0.0063', 'NDCG@5': '0.0044', 'HIT@10': '0.0093', 'NDCG@10': '0.0054', 'HIT@20': '0.0134', 'NDCG@20': '0.0064'}
{'Epoch': 87, 'name': 'low_freq', 'HIT@5': '0.0020', 'NDCG@5': '0.0013', 'HIT@10': '0.0034', 'NDCG@10': '0.0017', 'HIT@20': '0.0048', 'NDCG@20': '0.0021'}
{'Epoch': 87, 'name': 'all', 'HIT@5': '0.0298', 'NDCG@5': '0.0199', 'HIT@10': '0.0456', 'NDCG@10': '0.0250', 'HIT@20': '0.0682', 'NDCG@20': '0.0307'}
EarlyStopping counter: 6 out of 40
rec dataset length: 186
100%|█████████████████████████████████████████████████████████████████████████████████████████████████████████████████████████████████████████| 186/186 [01:08<00:00,  2.73it/s]
{'epoch': 88, 'rec_avg_loss': '0.5072', 'joint_avg_loss': '0.6514', 'cl_avg_loss': '1.4419', 'itemcl_loss': '0.0000', 'cl_pair_0_loss': '1.4419'}
Recommendation EP_test:88: 100%|| 35/35 [00:08<00:00,  4.06it/s]
{'Epoch': 88, 'name': 'high_freq', 'HIT@5': '0.0432', 'NDCG@5': '0.0286', 'HIT@10': '0.0644', 'NDCG@10': '0.0354', 'HIT@20': '0.0948', 'NDCG@20': '0.0431'}
{'Epoch': 88, 'name': 'mid_freq', 'HIT@5': '0.0068', 'NDCG@5': '0.0044', 'HIT@10': '0.0093', 'NDCG@10': '0.0053', 'HIT@20': '0.0132', 'NDCG@20': '0.0063'}
{'Epoch': 88, 'name': 'low_freq', 'HIT@5': '0.0018', 'NDCG@5': '0.0011', 'HIT@10': '0.0023', 'NDCG@10': '0.0013', 'HIT@20': '0.0052', 'NDCG@20': '0.0020'}
{'Epoch': 88, 'name': 'all', 'HIT@5': '0.0309', 'NDCG@5': '0.0205', 'HIT@10': '0.0459', 'NDCG@10': '0.0253', 'HIT@20': '0.0677', 'NDCG@20': '0.0308'}
EarlyStopping counter: 7 out of 40
rec dataset length: 186
100%|█████████████████████████████████████████████████████████████████████████████████████████████████████████████████████████████████████████| 186/186 [01:08<00:00,  2.73it/s]
{'epoch': 89, 'rec_avg_loss': '0.5074', 'joint_avg_loss': '0.6524', 'cl_avg_loss': '1.4501', 'itemcl_loss': '0.0000', 'cl_pair_0_loss': '1.4501'}
Recommendation EP_test:89: 100%|| 35/35 [00:08<00:00,  4.02it/s]
{'Epoch': 89, 'name': 'high_freq', 'HIT@5': '0.0424', 'NDCG@5': '0.0282', 'HIT@10': '0.0632', 'NDCG@10': '0.0349', 'HIT@20': '0.0943', 'NDCG@20': '0.0427'}
{'Epoch': 89, 'name': 'mid_freq', 'HIT@5': '0.0076', 'NDCG@5': '0.0046', 'HIT@10': '0.0108', 'NDCG@10': '0.0056', 'HIT@20': '0.0134', 'NDCG@20': '0.0063'}
{'Epoch': 89, 'name': 'low_freq', 'HIT@5': '0.0018', 'NDCG@5': '0.0012', 'HIT@10': '0.0034', 'NDCG@10': '0.0017', 'HIT@20': '0.0057', 'NDCG@20': '0.0023'}
{'Epoch': 89, 'name': 'all', 'HIT@5': '0.0305', 'NDCG@5': '0.0202', 'HIT@10': '0.0455', 'NDCG@10': '0.0251', 'HIT@20': '0.0674', 'NDCG@20': '0.0306'}
EarlyStopping counter: 8 out of 40
rec dataset length: 186
100%|█████████████████████████████████████████████████████████████████████████████████████████████████████████████████████████████████████████| 186/186 [01:08<00:00,  2.74it/s]
{'epoch': 90, 'rec_avg_loss': '0.5021', 'joint_avg_loss': '0.6449', 'cl_avg_loss': '1.4281', 'itemcl_loss': '0.0000', 'cl_pair_0_loss': '1.4281'}
Recommendation EP_test:90: 100%|| 35/35 [00:08<00:00,  4.08it/s]
{'Epoch': 90, 'name': 'high_freq', 'HIT@5': '0.0426', 'NDCG@5': '0.0281', 'HIT@10': '0.0643', 'NDCG@10': '0.0351', 'HIT@20': '0.0943', 'NDCG@20': '0.0426'}
{'Epoch': 90, 'name': 'mid_freq', 'HIT@5': '0.0063', 'NDCG@5': '0.0041', 'HIT@10': '0.0093', 'NDCG@10': '0.0051', 'HIT@20': '0.0135', 'NDCG@20': '0.0061'}
{'Epoch': 90, 'name': 'low_freq', 'HIT@5': '0.0018', 'NDCG@5': '0.0012', 'HIT@10': '0.0023', 'NDCG@10': '0.0014', 'HIT@20': '0.0052', 'NDCG@20': '0.0021'}
{'Epoch': 90, 'name': 'all', 'HIT@5': '0.0305', 'NDCG@5': '0.0201', 'HIT@10': '0.0458', 'NDCG@10': '0.0250', 'HIT@20': '0.0674', 'NDCG@20': '0.0305'}
EarlyStopping counter: 9 out of 40
rec dataset length: 186
100%|█████████████████████████████████████████████████████████████████████████████████████████████████████████████████████████████████████████| 186/186 [01:08<00:00,  2.73it/s]
{'epoch': 91, 'rec_avg_loss': '0.5041', 'joint_avg_loss': '0.6481', 'cl_avg_loss': '1.4393', 'itemcl_loss': '0.0000', 'cl_pair_0_loss': '1.4393'}
Recommendation EP_test:91: 100%|| 35/35 [00:08<00:00,  4.14it/s]
{'Epoch': 91, 'name': 'high_freq', 'HIT@5': '0.0423', 'NDCG@5': '0.0277', 'HIT@10': '0.0651', 'NDCG@10': '0.0351', 'HIT@20': '0.0931', 'NDCG@20': '0.0421'}
{'Epoch': 91, 'name': 'mid_freq', 'HIT@5': '0.0065', 'NDCG@5': '0.0041', 'HIT@10': '0.0092', 'NDCG@10': '0.0050', 'HIT@20': '0.0135', 'NDCG@20': '0.0061'}
{'Epoch': 91, 'name': 'low_freq', 'HIT@5': '0.0025', 'NDCG@5': '0.0015', 'HIT@10': '0.0036', 'NDCG@10': '0.0019', 'HIT@20': '0.0063', 'NDCG@20': '0.0026'}
{'Epoch': 91, 'name': 'all', 'HIT@5': '0.0304', 'NDCG@5': '0.0199', 'HIT@10': '0.0465', 'NDCG@10': '0.0251', 'HIT@20': '0.0668', 'NDCG@20': '0.0301'}
EarlyStopping counter: 10 out of 40
rec dataset length: 186
100%|█████████████████████████████████████████████████████████████████████████████████████████████████████████████████████████████████████████| 186/186 [01:07<00:00,  2.74it/s]
{'epoch': 92, 'rec_avg_loss': '0.5015', 'joint_avg_loss': '0.6446', 'cl_avg_loss': '1.4308', 'itemcl_loss': '0.0000', 'cl_pair_0_loss': '1.4308'}
Recommendation EP_test:92: 100%|| 35/35 [00:08<00:00,  4.10it/s]
{'Epoch': 92, 'name': 'high_freq', 'HIT@5': '0.0436', 'NDCG@5': '0.0287', 'HIT@10': '0.0645', 'NDCG@10': '0.0355', 'HIT@20': '0.0952', 'NDCG@20': '0.0431'}
{'Epoch': 92, 'name': 'mid_freq', 'HIT@5': '0.0057', 'NDCG@5': '0.0038', 'HIT@10': '0.0095', 'NDCG@10': '0.0050', 'HIT@20': '0.0135', 'NDCG@20': '0.0060'}
{'Epoch': 92, 'name': 'low_freq', 'HIT@5': '0.0023', 'NDCG@5': '0.0013', 'HIT@10': '0.0041', 'NDCG@10': '0.0019', 'HIT@20': '0.0061', 'NDCG@20': '0.0024'}
{'Epoch': 92, 'name': 'all', 'HIT@5': '0.0310', 'NDCG@5': '0.0204', 'HIT@10': '0.0463', 'NDCG@10': '0.0253', 'HIT@20': '0.0681', 'NDCG@20': '0.0308'}
EarlyStopping counter: 11 out of 40
rec dataset length: 186
100%|█████████████████████████████████████████████████████████████████████████████████████████████████████████████████████████████████████████| 186/186 [01:08<00:00,  2.73it/s]
{'epoch': 93, 'rec_avg_loss': '0.4975', 'joint_avg_loss': '0.6397', 'cl_avg_loss': '1.4224', 'itemcl_loss': '0.0000', 'cl_pair_0_loss': '1.4224'}
Recommendation EP_test:93: 100%|| 35/35 [00:08<00:00,  4.06it/s]
{'Epoch': 93, 'name': 'high_freq', 'HIT@5': '0.0417', 'NDCG@5': '0.0277', 'HIT@10': '0.0645', 'NDCG@10': '0.0350', 'HIT@20': '0.0925', 'NDCG@20': '0.0420'}
{'Epoch': 93, 'name': 'mid_freq', 'HIT@5': '0.0073', 'NDCG@5': '0.0046', 'HIT@10': '0.0095', 'NDCG@10': '0.0053', 'HIT@20': '0.0142', 'NDCG@20': '0.0065'}
{'Epoch': 93, 'name': 'low_freq', 'HIT@5': '0.0025', 'NDCG@5': '0.0017', 'HIT@10': '0.0041', 'NDCG@10': '0.0022', 'HIT@20': '0.0066', 'NDCG@20': '0.0028'}
{'Epoch': 93, 'name': 'all', 'HIT@5': '0.0301', 'NDCG@5': '0.0199', 'HIT@10': '0.0462', 'NDCG@10': '0.0251', 'HIT@20': '0.0665', 'NDCG@20': '0.0302'}
EarlyStopping counter: 12 out of 40
rec dataset length: 186
100%|█████████████████████████████████████████████████████████████████████████████████████████████████████████████████████████████████████████| 186/186 [01:08<00:00,  2.73it/s]
{'epoch': 94, 'rec_avg_loss': '0.4975', 'joint_avg_loss': '0.6398', 'cl_avg_loss': '1.4231', 'itemcl_loss': '0.0000', 'cl_pair_0_loss': '1.4231'}
Recommendation EP_test:94: 100%|| 35/35 [00:08<00:00,  4.21it/s]
{'Epoch': 94, 'name': 'high_freq', 'HIT@5': '0.0424', 'NDCG@5': '0.0283', 'HIT@10': '0.0623', 'NDCG@10': '0.0347', 'HIT@20': '0.0937', 'NDCG@20': '0.0426'}
{'Epoch': 94, 'name': 'mid_freq', 'HIT@5': '0.0073', 'NDCG@5': '0.0049', 'HIT@10': '0.0096', 'NDCG@10': '0.0057', 'HIT@20': '0.0142', 'NDCG@20': '0.0068'}
{'Epoch': 94, 'name': 'low_freq', 'HIT@5': '0.0025', 'NDCG@5': '0.0016', 'HIT@10': '0.0034', 'NDCG@10': '0.0018', 'HIT@20': '0.0068', 'NDCG@20': '0.0027'}
{'Epoch': 94, 'name': 'all', 'HIT@5': '0.0306', 'NDCG@5': '0.0204', 'HIT@10': '0.0447', 'NDCG@10': '0.0249', 'HIT@20': '0.0674', 'NDCG@20': '0.0306'}
EarlyStopping counter: 13 out of 40
rec dataset length: 186
100%|█████████████████████████████████████████████████████████████████████████████████████████████████████████████████████████████████████████| 186/186 [01:08<00:00,  2.73it/s]
{'epoch': 95, 'rec_avg_loss': '0.4961', 'joint_avg_loss': '0.6388', 'cl_avg_loss': '1.4265', 'itemcl_loss': '0.0000', 'cl_pair_0_loss': '1.4265'}
Recommendation EP_test:95: 100%|| 35/35 [00:08<00:00,  4.25it/s]
{'Epoch': 95, 'name': 'high_freq', 'HIT@5': '0.0415', 'NDCG@5': '0.0276', 'HIT@10': '0.0632', 'NDCG@10': '0.0346', 'HIT@20': '0.0925', 'NDCG@20': '0.0420'}
{'Epoch': 95, 'name': 'mid_freq', 'HIT@5': '0.0075', 'NDCG@5': '0.0051', 'HIT@10': '0.0101', 'NDCG@10': '0.0059', 'HIT@20': '0.0142', 'NDCG@20': '0.0070'}
{'Epoch': 95, 'name': 'low_freq', 'HIT@5': '0.0027', 'NDCG@5': '0.0016', 'HIT@10': '0.0038', 'NDCG@10': '0.0020', 'HIT@20': '0.0068', 'NDCG@20': '0.0028'}
{'Epoch': 95, 'name': 'all', 'HIT@5': '0.0300', 'NDCG@5': '0.0200', 'HIT@10': '0.0455', 'NDCG@10': '0.0250', 'HIT@20': '0.0665', 'NDCG@20': '0.0303'}
EarlyStopping counter: 14 out of 40
rec dataset length: 186
100%|█████████████████████████████████████████████████████████████████████████████████████████████████████████████████████████████████████████| 186/186 [01:08<00:00,  2.73it/s]
{'epoch': 96, 'rec_avg_loss': '0.4934', 'joint_avg_loss': '0.6370', 'cl_avg_loss': '1.4362', 'itemcl_loss': '0.0000', 'cl_pair_0_loss': '1.4362'}
Recommendation EP_test:96: 100%|| 35/35 [00:08<00:00,  4.16it/s]
{'Epoch': 96, 'name': 'high_freq', 'HIT@5': '0.0418', 'NDCG@5': '0.0284', 'HIT@10': '0.0621', 'NDCG@10': '0.0349', 'HIT@20': '0.0934', 'NDCG@20': '0.0428'}
{'Epoch': 96, 'name': 'mid_freq', 'HIT@5': '0.0076', 'NDCG@5': '0.0050', 'HIT@10': '0.0102', 'NDCG@10': '0.0058', 'HIT@20': '0.0148', 'NDCG@20': '0.0070'}
{'Epoch': 96, 'name': 'low_freq', 'HIT@5': '0.0025', 'NDCG@5': '0.0016', 'HIT@10': '0.0045', 'NDCG@10': '0.0022', 'HIT@20': '0.0072', 'NDCG@20': '0.0029'}
{'Epoch': 96, 'name': 'all', 'HIT@5': '0.0303', 'NDCG@5': '0.0205', 'HIT@10': '0.0448', 'NDCG@10': '0.0252', 'HIT@20': '0.0673', 'NDCG@20': '0.0308'}
EarlyStopping counter: 15 out of 40
rec dataset length: 186
100%|█████████████████████████████████████████████████████████████████████████████████████████████████████████████████████████████████████████| 186/186 [01:08<00:00,  2.73it/s]
{'epoch': 97, 'rec_avg_loss': '0.4906', 'joint_avg_loss': '0.6319', 'cl_avg_loss': '1.4133', 'itemcl_loss': '0.0000', 'cl_pair_0_loss': '1.4133'}
Recommendation EP_test:97: 100%|| 35/35 [00:08<00:00,  4.19it/s]
{'Epoch': 97, 'name': 'high_freq', 'HIT@5': '0.0424', 'NDCG@5': '0.0283', 'HIT@10': '0.0636', 'NDCG@10': '0.0351', 'HIT@20': '0.0941', 'NDCG@20': '0.0428'}
{'Epoch': 97, 'name': 'mid_freq', 'HIT@5': '0.0065', 'NDCG@5': '0.0045', 'HIT@10': '0.0098', 'NDCG@10': '0.0056', 'HIT@20': '0.0141', 'NDCG@20': '0.0066'}
{'Epoch': 97, 'name': 'low_freq', 'HIT@5': '0.0027', 'NDCG@5': '0.0015', 'HIT@10': '0.0052', 'NDCG@10': '0.0023', 'HIT@20': '0.0075', 'NDCG@20': '0.0028'}
{'Epoch': 97, 'name': 'all', 'HIT@5': '0.0305', 'NDCG@5': '0.0203', 'HIT@10': '0.0458', 'NDCG@10': '0.0252', 'HIT@20': '0.0677', 'NDCG@20': '0.0307'}
EarlyStopping counter: 16 out of 40
rec dataset length: 186
100%|█████████████████████████████████████████████████████████████████████████████████████████████████████████████████████████████████████████| 186/186 [01:07<00:00,  2.74it/s]
{'epoch': 98, 'rec_avg_loss': '0.4898', 'joint_avg_loss': '0.6313', 'cl_avg_loss': '1.4147', 'itemcl_loss': '0.0000', 'cl_pair_0_loss': '1.4147'}
Recommendation EP_test:98: 100%|| 35/35 [00:08<00:00,  4.08it/s]
{'Epoch': 98, 'name': 'high_freq', 'HIT@5': '0.0419', 'NDCG@5': '0.0278', 'HIT@10': '0.0638', 'NDCG@10': '0.0349', 'HIT@20': '0.0943', 'NDCG@20': '0.0426'}
{'Epoch': 98, 'name': 'mid_freq', 'HIT@5': '0.0068', 'NDCG@5': '0.0045', 'HIT@10': '0.0103', 'NDCG@10': '0.0057', 'HIT@20': '0.0141', 'NDCG@20': '0.0066'}
{'Epoch': 98, 'name': 'low_freq', 'HIT@5': '0.0025', 'NDCG@5': '0.0015', 'HIT@10': '0.0043', 'NDCG@10': '0.0021', 'HIT@20': '0.0063', 'NDCG@20': '0.0026'}
{'Epoch': 98, 'name': 'all', 'HIT@5': '0.0301', 'NDCG@5': '0.0200', 'HIT@10': '0.0459', 'NDCG@10': '0.0251', 'HIT@20': '0.0677', 'NDCG@20': '0.0306'}
EarlyStopping counter: 17 out of 40
rec dataset length: 186
100%|█████████████████████████████████████████████████████████████████████████████████████████████████████████████████████████████████████████| 186/186 [01:08<00:00,  2.73it/s]
{'epoch': 99, 'rec_avg_loss': '0.4929', 'joint_avg_loss': '0.6346', 'cl_avg_loss': '1.4174', 'itemcl_loss': '0.0000', 'cl_pair_0_loss': '1.4174'}
Recommendation EP_test:99: 100%|| 35/35 [00:08<00:00,  4.10it/s]
{'Epoch': 99, 'name': 'high_freq', 'HIT@5': '0.0408', 'NDCG@5': '0.0279', 'HIT@10': '0.0631', 'NDCG@10': '0.0351', 'HIT@20': '0.0941', 'NDCG@20': '0.0428'}
{'Epoch': 99, 'name': 'mid_freq', 'HIT@5': '0.0072', 'NDCG@5': '0.0049', 'HIT@10': '0.0098', 'NDCG@10': '0.0057', 'HIT@20': '0.0132', 'NDCG@20': '0.0066'}
{'Epoch': 99, 'name': 'low_freq', 'HIT@5': '0.0023', 'NDCG@5': '0.0015', 'HIT@10': '0.0048', 'NDCG@10': '0.0023', 'HIT@20': '0.0063', 'NDCG@20': '0.0027'}
{'Epoch': 99, 'name': 'all', 'HIT@5': '0.0294', 'NDCG@5': '0.0201', 'HIT@10': '0.0454', 'NDCG@10': '0.0253', 'HIT@20': '0.0674', 'NDCG@20': '0.0308'}
EarlyStopping counter: 18 out of 40
rec dataset length: 186
100%|█████████████████████████████████████████████████████████████████████████████████████████████████████████████████████████████████████████| 186/186 [01:08<00:00,  2.72it/s]
{'epoch': 100, 'rec_avg_loss': '0.4888', 'joint_avg_loss': '0.6293', 'cl_avg_loss': '1.4051', 'itemcl_loss': '0.0000', 'cl_pair_0_loss': '1.4051'}
Recommendation EP_test:100: 100%|| 35/35 [00:08<00:00,  4.08it/s]
{'Epoch': 100, 'name': 'high_freq', 'HIT@5': '0.0398', 'NDCG@5': '0.0271', 'HIT@10': '0.0629', 'NDCG@10': '0.0346', 'HIT@20': '0.0936', 'NDCG@20': '0.0423'}
{'Epoch': 100, 'name': 'mid_freq', 'HIT@5': '0.0075', 'NDCG@5': '0.0052', 'HIT@10': '0.0096', 'NDCG@10': '0.0059', 'HIT@20': '0.0135', 'NDCG@20': '0.0068'}
{'Epoch': 100, 'name': 'low_freq', 'HIT@5': '0.0023', 'NDCG@5': '0.0015', 'HIT@10': '0.0034', 'NDCG@10': '0.0019', 'HIT@20': '0.0066', 'NDCG@20': '0.0027'}
{'Epoch': 100, 'name': 'all', 'HIT@5': '0.0288', 'NDCG@5': '0.0197', 'HIT@10': '0.0451', 'NDCG@10': '0.0249', 'HIT@20': '0.0671', 'NDCG@20': '0.0304'}
EarlyStopping counter: 19 out of 40
rec dataset length: 186
100%|█████████████████████████████████████████████████████████████████████████████████████████████████████████████████████████████████████████| 186/186 [01:08<00:00,  2.73it/s]
{'epoch': 101, 'rec_avg_loss': '0.4884', 'joint_avg_loss': '0.6289', 'cl_avg_loss': '1.4048', 'itemcl_loss': '0.0000', 'cl_pair_0_loss': '1.4048'}
Recommendation EP_test:101: 100%|| 35/35 [00:08<00:00,  4.10it/s]
{'Epoch': 101, 'name': 'high_freq', 'HIT@5': '0.0405', 'NDCG@5': '0.0275', 'HIT@10': '0.0627', 'NDCG@10': '0.0347', 'HIT@20': '0.0932', 'NDCG@20': '0.0423'}
{'Epoch': 101, 'name': 'mid_freq', 'HIT@5': '0.0075', 'NDCG@5': '0.0052', 'HIT@10': '0.0102', 'NDCG@10': '0.0060', 'HIT@20': '0.0139', 'NDCG@20': '0.0070'}
{'Epoch': 101, 'name': 'low_freq', 'HIT@5': '0.0016', 'NDCG@5': '0.0011', 'HIT@10': '0.0041', 'NDCG@10': '0.0019', 'HIT@20': '0.0068', 'NDCG@20': '0.0026'}
{'Epoch': 101, 'name': 'all', 'HIT@5': '0.0292', 'NDCG@5': '0.0198', 'HIT@10': '0.0452', 'NDCG@10': '0.0250', 'HIT@20': '0.0670', 'NDCG@20': '0.0305'}
EarlyStopping counter: 20 out of 40
rec dataset length: 186
100%|█████████████████████████████████████████████████████████████████████████████████████████████████████████████████████████████████████████| 186/186 [01:08<00:00,  2.73it/s]
{'epoch': 102, 'rec_avg_loss': '0.4846', 'joint_avg_loss': '0.6256', 'cl_avg_loss': '1.4099', 'itemcl_loss': '0.0000', 'cl_pair_0_loss': '1.4099'}
Recommendation EP_test:102: 100%|| 35/35 [00:08<00:00,  4.20it/s]
{'Epoch': 102, 'name': 'high_freq', 'HIT@5': '0.0419', 'NDCG@5': '0.0276', 'HIT@10': '0.0636', 'NDCG@10': '0.0346', 'HIT@20': '0.0936', 'NDCG@20': '0.0422'}
{'Epoch': 102, 'name': 'mid_freq', 'HIT@5': '0.0072', 'NDCG@5': '0.0052', 'HIT@10': '0.0106', 'NDCG@10': '0.0063', 'HIT@20': '0.0131', 'NDCG@20': '0.0069'}
{'Epoch': 102, 'name': 'low_freq', 'HIT@5': '0.0023', 'NDCG@5': '0.0014', 'HIT@10': '0.0041', 'NDCG@10': '0.0020', 'HIT@20': '0.0066', 'NDCG@20': '0.0026'}
{'Epoch': 102, 'name': 'all', 'HIT@5': '0.0302', 'NDCG@5': '0.0200', 'HIT@10': '0.0458', 'NDCG@10': '0.0250', 'HIT@20': '0.0671', 'NDCG@20': '0.0304'}
EarlyStopping counter: 21 out of 40
rec dataset length: 186
100%|█████████████████████████████████████████████████████████████████████████████████████████████████████████████████████████████████████████| 186/186 [01:08<00:00,  2.73it/s]
{'epoch': 103, 'rec_avg_loss': '0.4828', 'joint_avg_loss': '0.6236', 'cl_avg_loss': '1.4078', 'itemcl_loss': '0.0000', 'cl_pair_0_loss': '1.4078'}
Recommendation EP_test:103: 100%|| 35/35 [00:08<00:00,  4.14it/s]
{'Epoch': 103, 'name': 'high_freq', 'HIT@5': '0.0410', 'NDCG@5': '0.0271', 'HIT@10': '0.0629', 'NDCG@10': '0.0342', 'HIT@20': '0.0943', 'NDCG@20': '0.0421'}
{'Epoch': 103, 'name': 'mid_freq', 'HIT@5': '0.0076', 'NDCG@5': '0.0050', 'HIT@10': '0.0099', 'NDCG@10': '0.0057', 'HIT@20': '0.0147', 'NDCG@20': '0.0069'}
{'Epoch': 103, 'name': 'low_freq', 'HIT@5': '0.0025', 'NDCG@5': '0.0015', 'HIT@10': '0.0045', 'NDCG@10': '0.0021', 'HIT@20': '0.0059', 'NDCG@20': '0.0024'}
{'Epoch': 103, 'name': 'all', 'HIT@5': '0.0297', 'NDCG@5': '0.0196', 'HIT@10': '0.0453', 'NDCG@10': '0.0247', 'HIT@20': '0.0678', 'NDCG@20': '0.0303'}
EarlyStopping counter: 22 out of 40
rec dataset length: 186
100%|█████████████████████████████████████████████████████████████████████████████████████████████████████████████████████████████████████████| 186/186 [01:07<00:00,  2.74it/s]
{'epoch': 104, 'rec_avg_loss': '0.4821', 'joint_avg_loss': '0.6226', 'cl_avg_loss': '1.4050', 'itemcl_loss': '0.0000', 'cl_pair_0_loss': '1.4050'}
Recommendation EP_test:104: 100%|| 35/35 [00:08<00:00,  3.99it/s]
{'Epoch': 104, 'name': 'high_freq', 'HIT@5': '0.0413', 'NDCG@5': '0.0275', 'HIT@10': '0.0644', 'NDCG@10': '0.0349', 'HIT@20': '0.0957', 'NDCG@20': '0.0428'}
{'Epoch': 104, 'name': 'mid_freq', 'HIT@5': '0.0070', 'NDCG@5': '0.0049', 'HIT@10': '0.0102', 'NDCG@10': '0.0059', 'HIT@20': '0.0147', 'NDCG@20': '0.0070'}
{'Epoch': 104, 'name': 'low_freq', 'HIT@5': '0.0032', 'NDCG@5': '0.0017', 'HIT@10': '0.0043', 'NDCG@10': '0.0021', 'HIT@20': '0.0063', 'NDCG@20': '0.0026'}
{'Epoch': 104, 'name': 'all', 'HIT@5': '0.0298', 'NDCG@5': '0.0199', 'HIT@10': '0.0463', 'NDCG@10': '0.0252', 'HIT@20': '0.0688', 'NDCG@20': '0.0308'}
EarlyStopping counter: 23 out of 40
rec dataset length: 186
100%|█████████████████████████████████████████████████████████████████████████████████████████████████████████████████████████████████████████| 186/186 [01:07<00:00,  2.74it/s]
{'epoch': 105, 'rec_avg_loss': '0.4825', 'joint_avg_loss': '0.6234', 'cl_avg_loss': '1.4094', 'itemcl_loss': '0.0000', 'cl_pair_0_loss': '1.4094'}
Recommendation EP_test:105: 100%|| 35/35 [00:08<00:00,  4.17it/s]
{'Epoch': 105, 'name': 'high_freq', 'HIT@5': '0.0425', 'NDCG@5': '0.0282', 'HIT@10': '0.0643', 'NDCG@10': '0.0352', 'HIT@20': '0.0948', 'NDCG@20': '0.0429'}
{'Epoch': 105, 'name': 'mid_freq', 'HIT@5': '0.0075', 'NDCG@5': '0.0050', 'HIT@10': '0.0103', 'NDCG@10': '0.0059', 'HIT@20': '0.0141', 'NDCG@20': '0.0069'}
{'Epoch': 105, 'name': 'low_freq', 'HIT@5': '0.0029', 'NDCG@5': '0.0017', 'HIT@10': '0.0050', 'NDCG@10': '0.0023', 'HIT@20': '0.0077', 'NDCG@20': '0.0030'}
{'Epoch': 105, 'name': 'all', 'HIT@5': '0.0307', 'NDCG@5': '0.0204', 'HIT@10': '0.0464', 'NDCG@10': '0.0254', 'HIT@20': '0.0682', 'NDCG@20': '0.0309'}
EarlyStopping counter: 24 out of 40
rec dataset length: 186
100%|█████████████████████████████████████████████████████████████████████████████████████████████████████████████████████████████████████████| 186/186 [01:08<00:00,  2.73it/s]
{'epoch': 106, 'rec_avg_loss': '0.4800', 'joint_avg_loss': '0.6193', 'cl_avg_loss': '1.3934', 'itemcl_loss': '0.0000', 'cl_pair_0_loss': '1.3934'}
Recommendation EP_test:106: 100%|| 35/35 [00:08<00:00,  4.17it/s]
{'Epoch': 106, 'name': 'high_freq', 'HIT@5': '0.0407', 'NDCG@5': '0.0273', 'HIT@10': '0.0632', 'NDCG@10': '0.0346', 'HIT@20': '0.0938', 'NDCG@20': '0.0422'}
{'Epoch': 106, 'name': 'mid_freq', 'HIT@5': '0.0072', 'NDCG@5': '0.0048', 'HIT@10': '0.0106', 'NDCG@10': '0.0059', 'HIT@20': '0.0142', 'NDCG@20': '0.0068'}
{'Epoch': 106, 'name': 'low_freq', 'HIT@5': '0.0029', 'NDCG@5': '0.0017', 'HIT@10': '0.0050', 'NDCG@10': '0.0023', 'HIT@20': '0.0072', 'NDCG@20': '0.0029'}
{'Epoch': 106, 'name': 'all', 'HIT@5': '0.0294', 'NDCG@5': '0.0197', 'HIT@10': '0.0457', 'NDCG@10': '0.0250', 'HIT@20': '0.0675', 'NDCG@20': '0.0304'}
EarlyStopping counter: 25 out of 40
rec dataset length: 186
100%|█████████████████████████████████████████████████████████████████████████████████████████████████████████████████████████████████████████| 186/186 [01:07<00:00,  2.74it/s]
{'epoch': 107, 'rec_avg_loss': '0.4767', 'joint_avg_loss': '0.6161', 'cl_avg_loss': '1.3945', 'itemcl_loss': '0.0000', 'cl_pair_0_loss': '1.3945'}
Recommendation EP_test:107: 100%|| 35/35 [00:08<00:00,  4.13it/s]
{'Epoch': 107, 'name': 'high_freq', 'HIT@5': '0.0420', 'NDCG@5': '0.0275', 'HIT@10': '0.0634', 'NDCG@10': '0.0344', 'HIT@20': '0.0948', 'NDCG@20': '0.0422'}
{'Epoch': 107, 'name': 'mid_freq', 'HIT@5': '0.0072', 'NDCG@5': '0.0050', 'HIT@10': '0.0096', 'NDCG@10': '0.0058', 'HIT@20': '0.0142', 'NDCG@20': '0.0070'}
{'Epoch': 107, 'name': 'low_freq', 'HIT@5': '0.0027', 'NDCG@5': '0.0018', 'HIT@10': '0.0048', 'NDCG@10': '0.0025', 'HIT@20': '0.0077', 'NDCG@20': '0.0032'}
{'Epoch': 107, 'name': 'all', 'HIT@5': '0.0303', 'NDCG@5': '0.0199', 'HIT@10': '0.0456', 'NDCG@10': '0.0248', 'HIT@20': '0.0682', 'NDCG@20': '0.0305'}
EarlyStopping counter: 26 out of 40
rec dataset length: 186
100%|█████████████████████████████████████████████████████████████████████████████████████████████████████████████████████████████████████████| 186/186 [01:08<00:00,  2.73it/s]
{'epoch': 108, 'rec_avg_loss': '0.4785', 'joint_avg_loss': '0.6177', 'cl_avg_loss': '1.3921', 'itemcl_loss': '0.0000', 'cl_pair_0_loss': '1.3921'}
Recommendation EP_test:108: 100%|| 35/35 [00:08<00:00,  4.06it/s]
{'Epoch': 108, 'name': 'high_freq', 'HIT@5': '0.0408', 'NDCG@5': '0.0272', 'HIT@10': '0.0633', 'NDCG@10': '0.0344', 'HIT@20': '0.0931', 'NDCG@20': '0.0419'}
{'Epoch': 108, 'name': 'mid_freq', 'HIT@5': '0.0066', 'NDCG@5': '0.0047', 'HIT@10': '0.0101', 'NDCG@10': '0.0058', 'HIT@20': '0.0148', 'NDCG@20': '0.0070'}
{'Epoch': 108, 'name': 'low_freq', 'HIT@5': '0.0029', 'NDCG@5': '0.0019', 'HIT@10': '0.0048', 'NDCG@10': '0.0025', 'HIT@20': '0.0070', 'NDCG@20': '0.0030'}
{'Epoch': 108, 'name': 'all', 'HIT@5': '0.0294', 'NDCG@5': '0.0196', 'HIT@10': '0.0456', 'NDCG@10': '0.0248', 'HIT@20': '0.0671', 'NDCG@20': '0.0302'}
EarlyStopping counter: 27 out of 40
rec dataset length: 186
100%|█████████████████████████████████████████████████████████████████████████████████████████████████████████████████████████████████████████| 186/186 [01:08<00:00,  2.73it/s]
{'epoch': 109, 'rec_avg_loss': '0.4741', 'joint_avg_loss': '0.6131', 'cl_avg_loss': '1.3905', 'itemcl_loss': '0.0000', 'cl_pair_0_loss': '1.3905'}
Recommendation EP_test:109: 100%|| 35/35 [00:08<00:00,  4.15it/s]
{'Epoch': 109, 'name': 'high_freq', 'HIT@5': '0.0408', 'NDCG@5': '0.0277', 'HIT@10': '0.0625', 'NDCG@10': '0.0347', 'HIT@20': '0.0934', 'NDCG@20': '0.0425'}
{'Epoch': 109, 'name': 'mid_freq', 'HIT@5': '0.0076', 'NDCG@5': '0.0055', 'HIT@10': '0.0103', 'NDCG@10': '0.0064', 'HIT@20': '0.0139', 'NDCG@20': '0.0073'}
{'Epoch': 109, 'name': 'low_freq', 'HIT@5': '0.0032', 'NDCG@5': '0.0018', 'HIT@10': '0.0052', 'NDCG@10': '0.0024', 'HIT@20': '0.0077', 'NDCG@20': '0.0031'}
{'Epoch': 109, 'name': 'all', 'HIT@5': '0.0296', 'NDCG@5': '0.0202', 'HIT@10': '0.0452', 'NDCG@10': '0.0252', 'HIT@20': '0.0672', 'NDCG@20': '0.0307'}
EarlyStopping counter: 28 out of 40
rec dataset length: 186
100%|█████████████████████████████████████████████████████████████████████████████████████████████████████████████████████████████████████████| 186/186 [01:07<00:00,  2.74it/s]
{'epoch': 110, 'rec_avg_loss': '0.4744', 'joint_avg_loss': '0.6131', 'cl_avg_loss': '1.3872', 'itemcl_loss': '0.0000', 'cl_pair_0_loss': '1.3872'}
Recommendation EP_test:110: 100%|| 35/35 [00:08<00:00,  4.14it/s]
{'Epoch': 110, 'name': 'high_freq', 'HIT@5': '0.0409', 'NDCG@5': '0.0274', 'HIT@10': '0.0631', 'NDCG@10': '0.0345', 'HIT@20': '0.0943', 'NDCG@20': '0.0424'}
{'Epoch': 110, 'name': 'mid_freq', 'HIT@5': '0.0075', 'NDCG@5': '0.0052', 'HIT@10': '0.0109', 'NDCG@10': '0.0063', 'HIT@20': '0.0145', 'NDCG@20': '0.0072'}
{'Epoch': 110, 'name': 'low_freq', 'HIT@5': '0.0029', 'NDCG@5': '0.0018', 'HIT@10': '0.0052', 'NDCG@10': '0.0024', 'HIT@20': '0.0066', 'NDCG@20': '0.0028'}
{'Epoch': 110, 'name': 'all', 'HIT@5': '0.0297', 'NDCG@5': '0.0199', 'HIT@10': '0.0457', 'NDCG@10': '0.0250', 'HIT@20': '0.0678', 'NDCG@20': '0.0306'}
EarlyStopping counter: 29 out of 40
rec dataset length: 186
100%|█████████████████████████████████████████████████████████████████████████████████████████████████████████████████████████████████████████| 186/186 [01:08<00:00,  2.73it/s]
{'epoch': 111, 'rec_avg_loss': '0.4737', 'joint_avg_loss': '0.6130', 'cl_avg_loss': '1.3929', 'itemcl_loss': '0.0000', 'cl_pair_0_loss': '1.3929'}
Recommendation EP_test:111: 100%|| 35/35 [00:08<00:00,  4.06it/s]
{'Epoch': 111, 'name': 'high_freq', 'HIT@5': '0.0416', 'NDCG@5': '0.0281', 'HIT@10': '0.0629', 'NDCG@10': '0.0349', 'HIT@20': '0.0933', 'NDCG@20': '0.0426'}
{'Epoch': 111, 'name': 'mid_freq', 'HIT@5': '0.0075', 'NDCG@5': '0.0052', 'HIT@10': '0.0108', 'NDCG@10': '0.0063', 'HIT@20': '0.0144', 'NDCG@20': '0.0072'}
{'Epoch': 111, 'name': 'low_freq', 'HIT@5': '0.0020', 'NDCG@5': '0.0014', 'HIT@10': '0.0043', 'NDCG@10': '0.0020', 'HIT@20': '0.0070', 'NDCG@20': '0.0027'}
{'Epoch': 111, 'name': 'all', 'HIT@5': '0.0300', 'NDCG@5': '0.0203', 'HIT@10': '0.0455', 'NDCG@10': '0.0253', 'HIT@20': '0.0671', 'NDCG@20': '0.0307'}
EarlyStopping counter: 30 out of 40
rec dataset length: 186
100%|█████████████████████████████████████████████████████████████████████████████████████████████████████████████████████████████████████████| 186/186 [01:08<00:00,  2.73it/s]
{'epoch': 112, 'rec_avg_loss': '0.4735', 'joint_avg_loss': '0.6116', 'cl_avg_loss': '1.3808', 'itemcl_loss': '0.0000', 'cl_pair_0_loss': '1.3808'}
Recommendation EP_test:112: 100%|| 35/35 [00:08<00:00,  4.05it/s]
{'Epoch': 112, 'name': 'high_freq', 'HIT@5': '0.0409', 'NDCG@5': '0.0270', 'HIT@10': '0.0629', 'NDCG@10': '0.0340', 'HIT@20': '0.0933', 'NDCG@20': '0.0417'}
{'Epoch': 112, 'name': 'mid_freq', 'HIT@5': '0.0085', 'NDCG@5': '0.0059', 'HIT@10': '0.0106', 'NDCG@10': '0.0065', 'HIT@20': '0.0149', 'NDCG@20': '0.0076'}
{'Epoch': 112, 'name': 'low_freq', 'HIT@5': '0.0029', 'NDCG@5': '0.0018', 'HIT@10': '0.0048', 'NDCG@10': '0.0024', 'HIT@20': '0.0075', 'NDCG@20': '0.0030'}
{'Epoch': 112, 'name': 'all', 'HIT@5': '0.0299', 'NDCG@5': '0.0197', 'HIT@10': '0.0455', 'NDCG@10': '0.0247', 'HIT@20': '0.0673', 'NDCG@20': '0.0302'}
EarlyStopping counter: 31 out of 40
rec dataset length: 186
100%|█████████████████████████████████████████████████████████████████████████████████████████████████████████████████████████████████████████| 186/186 [01:08<00:00,  2.72it/s]
{'epoch': 113, 'rec_avg_loss': '0.4727', 'joint_avg_loss': '0.6117', 'cl_avg_loss': '1.3895', 'itemcl_loss': '0.0000', 'cl_pair_0_loss': '1.3895'}
Recommendation EP_test:113: 100%|| 35/35 [00:08<00:00,  4.21it/s]
{'Epoch': 113, 'name': 'high_freq', 'HIT@5': '0.0413', 'NDCG@5': '0.0281', 'HIT@10': '0.0622', 'NDCG@10': '0.0348', 'HIT@20': '0.0945', 'NDCG@20': '0.0429'}
{'Epoch': 113, 'name': 'mid_freq', 'HIT@5': '0.0075', 'NDCG@5': '0.0052', 'HIT@10': '0.0105', 'NDCG@10': '0.0062', 'HIT@20': '0.0139', 'NDCG@20': '0.0070'}
{'Epoch': 113, 'name': 'low_freq', 'HIT@5': '0.0034', 'NDCG@5': '0.0020', 'HIT@10': '0.0050', 'NDCG@10': '0.0025', 'HIT@20': '0.0075', 'NDCG@20': '0.0031'}
{'Epoch': 113, 'name': 'all', 'HIT@5': '0.0300', 'NDCG@5': '0.0204', 'HIT@10': '0.0450', 'NDCG@10': '0.0252', 'HIT@20': '0.0679', 'NDCG@20': '0.0310'}
EarlyStopping counter: 32 out of 40
rec dataset length: 186
100%|█████████████████████████████████████████████████████████████████████████████████████████████████████████████████████████████████████████| 186/186 [01:07<00:00,  2.74it/s]
{'epoch': 114, 'rec_avg_loss': '0.4711', 'joint_avg_loss': '0.6092', 'cl_avg_loss': '1.3811', 'itemcl_loss': '0.0000', 'cl_pair_0_loss': '1.3811'}
Recommendation EP_test:114: 100%|| 35/35 [00:08<00:00,  4.10it/s]
{'Epoch': 114, 'name': 'high_freq', 'HIT@5': '0.0402', 'NDCG@5': '0.0274', 'HIT@10': '0.0612', 'NDCG@10': '0.0341', 'HIT@20': '0.0932', 'NDCG@20': '0.0422'}
{'Epoch': 114, 'name': 'mid_freq', 'HIT@5': '0.0075', 'NDCG@5': '0.0054', 'HIT@10': '0.0108', 'NDCG@10': '0.0065', 'HIT@20': '0.0154', 'NDCG@20': '0.0077'}
{'Epoch': 114, 'name': 'low_freq', 'HIT@5': '0.0041', 'NDCG@5': '0.0023', 'HIT@10': '0.0059', 'NDCG@10': '0.0028', 'HIT@20': '0.0072', 'NDCG@20': '0.0032'}
{'Epoch': 114, 'name': 'all', 'HIT@5': '0.0293', 'NDCG@5': '0.0200', 'HIT@10': '0.0444', 'NDCG@10': '0.0248', 'HIT@20': '0.0673', 'NDCG@20': '0.0306'}
EarlyStopping counter: 33 out of 40
rec dataset length: 186
100%|█████████████████████████████████████████████████████████████████████████████████████████████████████████████████████████████████████████| 186/186 [01:08<00:00,  2.73it/s]
{'epoch': 115, 'rec_avg_loss': '0.4695', 'joint_avg_loss': '0.6077', 'cl_avg_loss': '1.3827', 'itemcl_loss': '0.0000', 'cl_pair_0_loss': '1.3827'}
Recommendation EP_test:115: 100%|| 35/35 [00:08<00:00,  4.12it/s]
{'Epoch': 115, 'name': 'high_freq', 'HIT@5': '0.0404', 'NDCG@5': '0.0271', 'HIT@10': '0.0632', 'NDCG@10': '0.0344', 'HIT@20': '0.0941', 'NDCG@20': '0.0422'}
{'Epoch': 115, 'name': 'mid_freq', 'HIT@5': '0.0069', 'NDCG@5': '0.0050', 'HIT@10': '0.0105', 'NDCG@10': '0.0061', 'HIT@20': '0.0136', 'NDCG@20': '0.0069'}
{'Epoch': 115, 'name': 'low_freq', 'HIT@5': '0.0034', 'NDCG@5': '0.0019', 'HIT@10': '0.0050', 'NDCG@10': '0.0024', 'HIT@20': '0.0066', 'NDCG@20': '0.0028'}
{'Epoch': 115, 'name': 'all', 'HIT@5': '0.0292', 'NDCG@5': '0.0196', 'HIT@10': '0.0457', 'NDCG@10': '0.0249', 'HIT@20': '0.0675', 'NDCG@20': '0.0304'}
EarlyStopping counter: 34 out of 40
rec dataset length: 186
100%|█████████████████████████████████████████████████████████████████████████████████████████████████████████████████████████████████████████| 186/186 [01:08<00:00,  2.73it/s]
{'epoch': 116, 'rec_avg_loss': '0.4678', 'joint_avg_loss': '0.6055', 'cl_avg_loss': '1.3768', 'itemcl_loss': '0.0000', 'cl_pair_0_loss': '1.3768'}
Recommendation EP_test:116: 100%|| 35/35 [00:08<00:00,  4.11it/s]
{'Epoch': 116, 'name': 'high_freq', 'HIT@5': '0.0410', 'NDCG@5': '0.0271', 'HIT@10': '0.0634', 'NDCG@10': '0.0343', 'HIT@20': '0.0941', 'NDCG@20': '0.0420'}
{'Epoch': 116, 'name': 'mid_freq', 'HIT@5': '0.0073', 'NDCG@5': '0.0052', 'HIT@10': '0.0099', 'NDCG@10': '0.0060', 'HIT@20': '0.0152', 'NDCG@20': '0.0074'}
{'Epoch': 116, 'name': 'low_freq', 'HIT@5': '0.0036', 'NDCG@5': '0.0021', 'HIT@10': '0.0061', 'NDCG@10': '0.0029', 'HIT@20': '0.0075', 'NDCG@20': '0.0032'}
{'Epoch': 116, 'name': 'all', 'HIT@5': '0.0298', 'NDCG@5': '0.0197', 'HIT@10': '0.0458', 'NDCG@10': '0.0249', 'HIT@20': '0.0680', 'NDCG@20': '0.0304'}
EarlyStopping counter: 35 out of 40
rec dataset length: 186
100%|█████████████████████████████████████████████████████████████████████████████████████████████████████████████████████████████████████████| 186/186 [01:08<00:00,  2.73it/s]
{'epoch': 117, 'rec_avg_loss': '0.4680', 'joint_avg_loss': '0.6061', 'cl_avg_loss': '1.3811', 'itemcl_loss': '0.0000', 'cl_pair_0_loss': '1.3811'}
Recommendation EP_test:117: 100%|| 35/35 [00:08<00:00,  4.11it/s]
{'Epoch': 117, 'name': 'high_freq', 'HIT@5': '0.0404', 'NDCG@5': '0.0267', 'HIT@10': '0.0631', 'NDCG@10': '0.0340', 'HIT@20': '0.0945', 'NDCG@20': '0.0419'}
{'Epoch': 117, 'name': 'mid_freq', 'HIT@5': '0.0072', 'NDCG@5': '0.0051', 'HIT@10': '0.0108', 'NDCG@10': '0.0063', 'HIT@20': '0.0155', 'NDCG@20': '0.0074'}
{'Epoch': 117, 'name': 'low_freq', 'HIT@5': '0.0038', 'NDCG@5': '0.0023', 'HIT@10': '0.0063', 'NDCG@10': '0.0031', 'HIT@20': '0.0077', 'NDCG@20': '0.0035'}
{'Epoch': 117, 'name': 'all', 'HIT@5': '0.0294', 'NDCG@5': '0.0195', 'HIT@10': '0.0458', 'NDCG@10': '0.0247', 'HIT@20': '0.0683', 'NDCG@20': '0.0304'}
EarlyStopping counter: 36 out of 40
rec dataset length: 186
100%|█████████████████████████████████████████████████████████████████████████████████████████████████████████████████████████████████████████| 186/186 [01:08<00:00,  2.74it/s]
{'epoch': 118, 'rec_avg_loss': '0.4679', 'joint_avg_loss': '0.6048', 'cl_avg_loss': '1.3688', 'itemcl_loss': '0.0000', 'cl_pair_0_loss': '1.3688'}
Recommendation EP_test:118: 100%|| 35/35 [00:08<00:00,  4.04it/s]
{'Epoch': 118, 'name': 'high_freq', 'HIT@5': '0.0415', 'NDCG@5': '0.0274', 'HIT@10': '0.0644', 'NDCG@10': '0.0348', 'HIT@20': '0.0943', 'NDCG@20': '0.0423'}
{'Epoch': 118, 'name': 'mid_freq', 'HIT@5': '0.0070', 'NDCG@5': '0.0049', 'HIT@10': '0.0111', 'NDCG@10': '0.0062', 'HIT@20': '0.0145', 'NDCG@20': '0.0071'}
{'Epoch': 118, 'name': 'low_freq', 'HIT@5': '0.0041', 'NDCG@5': '0.0024', 'HIT@10': '0.0054', 'NDCG@10': '0.0029', 'HIT@20': '0.0075', 'NDCG@20': '0.0034'}
{'Epoch': 118, 'name': 'all', 'HIT@5': '0.0301', 'NDCG@5': '0.0199', 'HIT@10': '0.0467', 'NDCG@10': '0.0252', 'HIT@20': '0.0679', 'NDCG@20': '0.0306'}
EarlyStopping counter: 37 out of 40
rec dataset length: 186
100%|█████████████████████████████████████████████████████████████████████████████████████████████████████████████████████████████████████████| 186/186 [01:07<00:00,  2.75it/s]
{'epoch': 119, 'rec_avg_loss': '0.4669', 'joint_avg_loss': '0.6041', 'cl_avg_loss': '1.3717', 'itemcl_loss': '0.0000', 'cl_pair_0_loss': '1.3717'}
Recommendation EP_test:119: 100%|| 35/35 [00:08<00:00,  4.21it/s]
{'Epoch': 119, 'name': 'high_freq', 'HIT@5': '0.0403', 'NDCG@5': '0.0269', 'HIT@10': '0.0639', 'NDCG@10': '0.0344', 'HIT@20': '0.0945', 'NDCG@20': '0.0421'}
{'Epoch': 119, 'name': 'mid_freq', 'HIT@5': '0.0078', 'NDCG@5': '0.0056', 'HIT@10': '0.0106', 'NDCG@10': '0.0065', 'HIT@20': '0.0148', 'NDCG@20': '0.0075'}
{'Epoch': 119, 'name': 'low_freq', 'HIT@5': '0.0038', 'NDCG@5': '0.0023', 'HIT@10': '0.0054', 'NDCG@10': '0.0028', 'HIT@20': '0.0075', 'NDCG@20': '0.0033'}
{'Epoch': 119, 'name': 'all', 'HIT@5': '0.0294', 'NDCG@5': '0.0196', 'HIT@10': '0.0462', 'NDCG@10': '0.0250', 'HIT@20': '0.0681', 'NDCG@20': '0.0305'}
EarlyStopping counter: 38 out of 40
rec dataset length: 186
100%|█████████████████████████████████████████████████████████████████████████████████████████████████████████████████████████████████████████| 186/186 [01:08<00:00,  2.73it/s]
{'epoch': 120, 'rec_avg_loss': '0.4659', 'joint_avg_loss': '0.6028', 'cl_avg_loss': '1.3688', 'itemcl_loss': '0.0000', 'cl_pair_0_loss': '1.3688'}
Recommendation EP_test:120: 100%|| 35/35 [00:08<00:00,  4.09it/s]
{'Epoch': 120, 'name': 'high_freq', 'HIT@5': '0.0394', 'NDCG@5': '0.0267', 'HIT@10': '0.0624', 'NDCG@10': '0.0340', 'HIT@20': '0.0939', 'NDCG@20': '0.0420'}
{'Epoch': 120, 'name': 'mid_freq', 'HIT@5': '0.0078', 'NDCG@5': '0.0055', 'HIT@10': '0.0108', 'NDCG@10': '0.0065', 'HIT@20': '0.0149', 'NDCG@20': '0.0075'}
{'Epoch': 120, 'name': 'low_freq', 'HIT@5': '0.0025', 'NDCG@5': '0.0016', 'HIT@10': '0.0059', 'NDCG@10': '0.0027', 'HIT@20': '0.0075', 'NDCG@20': '0.0031'}
{'Epoch': 120, 'name': 'all', 'HIT@5': '0.0286', 'NDCG@5': '0.0194', 'HIT@10': '0.0453', 'NDCG@10': '0.0248', 'HIT@20': '0.0677', 'NDCG@20': '0.0304'}
EarlyStopping counter: 39 out of 40
rec dataset length: 186
100%|█████████████████████████████████████████████████████████████████████████████████████████████████████████████████████████████████████████| 186/186 [01:08<00:00,  2.73it/s]
{'epoch': 121, 'rec_avg_loss': '0.4638', 'joint_avg_loss': '0.6008', 'cl_avg_loss': '1.3703', 'itemcl_loss': '0.0000', 'cl_pair_0_loss': '1.3703'}
Recommendation EP_test:121: 100%|| 35/35 [00:08<00:00,  4.14it/s]
{'Epoch': 121, 'name': 'high_freq', 'HIT@5': '0.0388', 'NDCG@5': '0.0265', 'HIT@10': '0.0627', 'NDCG@10': '0.0342', 'HIT@20': '0.0931', 'NDCG@20': '0.0419'}
{'Epoch': 121, 'name': 'mid_freq', 'HIT@5': '0.0075', 'NDCG@5': '0.0051', 'HIT@10': '0.0105', 'NDCG@10': '0.0060', 'HIT@20': '0.0149', 'NDCG@20': '0.0072'}
{'Epoch': 121, 'name': 'low_freq', 'HIT@5': '0.0036', 'NDCG@5': '0.0022', 'HIT@10': '0.0063', 'NDCG@10': '0.0030', 'HIT@20': '0.0079', 'NDCG@20': '0.0034'}
{'Epoch': 121, 'name': 'all', 'HIT@5': '0.0283', 'NDCG@5': '0.0193', 'HIT@10': '0.0455', 'NDCG@10': '0.0248', 'HIT@20': '0.0672', 'NDCG@20': '0.0303'}
EarlyStopping counter: 40 out of 40
Early stopping
---------------Change to test_rating_matrix!-------------------
Recommendation EP_test:122: 100%|| 35/35 [00:08<00:00,  4.08it/s]
{'Epoch': 122, 'name': 'high_freq', 'HIT@5': '0.0343', 'NDCG@5': '0.0229', 'HIT@10': '0.0524', 'NDCG@10': '0.0287', 'HIT@20': '0.0775', 'NDCG@20': '0.0350'}
{'Epoch': 122, 'name': 'mid_freq', 'HIT@5': '0.0055', 'NDCG@5': '0.0037', 'HIT@10': '0.0087', 'NDCG@10': '0.0047', 'HIT@20': '0.0119', 'NDCG@20': '0.0055'}
{'Epoch': 122, 'name': 'low_freq', 'HIT@5': '0.0035', 'NDCG@5': '0.0019', 'HIT@10': '0.0048', 'NDCG@10': '0.0023', 'HIT@20': '0.0075', 'NDCG@20': '0.0030'}
{'Epoch': 122, 'name': 'all', 'HIT@5': '0.0234', 'NDCG@5': '0.0155', 'HIT@10': '0.0357', 'NDCG@10': '0.0195', 'HIT@20': '0.0526', 'NDCG@20': '0.0237'}
CoSeRec-Sports_and_Outdoors-single_cl_substitute_1024
{'Epoch': 122, 'name': 'all', 'HIT@5': '0.0234', 'NDCG@5': '0.0155', 'HIT@10': '0.0357', 'NDCG@10': '0.0195', 'HIT@20': '0.0526', 'NDCG@20': '0.0237'}
Using Cuda: True
(18359, 18359)
--------------------Configure Info:------------
data_dir                       :                             ./data/
output_dir                     :                             output/
data_name                      :                 Sports_and_Outdoors
do_eval                        :                                   0
model_idx                      :               single_cl_insert_1024
gpu_id                         :                                   0
noise_ratio                    :                                 0.0
training_data_ratio            :                                 1.0
augment_threshold              :                                   4
similarity_model_name          :                          ItemCF_IUF
augmentation_warm_up_epoches   :                                 160
base_augment_type              :                              insert
augment_type_for_short         :                                 SIM
tao                            :                                 0.2
gamma                          :                                 0.7
beta                           :                                 0.2
substitute_rate                :                                 0.1
insert_rate                    :                                 0.4
max_insert_num_per_pos         :                                   1
temperature                    :                                 1.0
n_views                        :                                   2
model_name                     :                             CoSeRec
hidden_size                    :                                  64
num_hidden_layers              :                                   2
num_attention_heads            :                                   2
hidden_act                     :                                gelu
attention_probs_dropout_prob   :                                 0.5
hidden_dropout_prob            :                                 0.5
initializer_range              :                                0.02
max_seq_length                 :                                  50
lr                             :                               0.001
batch_size                     :                                1024
epochs                         :                                 300
no_cuda                        :                                   0
log_freq                       :                                   1
seed                           :                                   1
cf_weight                      :                                 0.1
rec_weight                     :                                 1.0
weight_decay                   :                                 0.0
adam_beta1                     :                                 0.9
adam_beta2                     :                               0.999
cl                             :                                   1
multi_neg                      :                                   0
use_freq                       :                                   0
cuda_condition                 :                                   1
data_file                      :      ./data/Sports_and_Outdoors.txt
item_size                      :                               18359
mask_id                        :                               18358
log_file                       : output/CoSeRec-Sports_and_Outdoors-single_cl_insert_1024.txt
Similarity Model Type: offline
short sequence augment type: SIM
Augmentation methods for Long sequences: 5
Augmentation methods for short sequences: 3
Creating Contrastive Learning Dataset using 'insert' data augmentation
Similarity Model Type: offline
short sequence augment type: SIM
Augmentation methods for Long sequences: 5
Augmentation methods for short sequences: 3
Creating Contrastive Learning Dataset using 'insert' data augmentation
Similarity Model Type: offline
short sequence augment type: SIM
Augmentation methods for Long sequences: 5
Augmentation methods for short sequences: 3
Creating Contrastive Learning Dataset using 'insert' data augmentation
Total Parameters: 1278464
self.cf_criterion: NCELoss
Train CoSeRec
rec dataset length: 186
100%|█████████████████████████████████████████████████████████████████████████████████████████████████████████████████████████████████████████| 186/186 [01:37<00:00,  1.90it/s]
{'epoch': 0, 'rec_avg_loss': '1.3791', 'joint_avg_loss': '1.6170', 'cl_avg_loss': '2.3790', 'itemcl_loss': '0.0000', 'cl_pair_0_loss': '2.3790'}
Recommendation EP_test:0: 100%|| 35/35 [00:09<00:00,  3.58it/s]
{'Epoch': 0, 'name': 'high_freq', 'HIT@5': '0.0071', 'NDCG@5': '0.0048', 'HIT@10': '0.0104', 'NDCG@10': '0.0059', 'HIT@20': '0.0142', 'NDCG@20': '0.0069'}
{'Epoch': 0, 'name': 'mid_freq', 'HIT@5': '0.0003', 'NDCG@5': '0.0001', 'HIT@10': '0.0004', 'NDCG@10': '0.0002', 'HIT@20': '0.0007', 'NDCG@20': '0.0002'}
{'Epoch': 0, 'name': 'low_freq', 'HIT@5': '0.0000', 'NDCG@5': '0.0000', 'HIT@10': '0.0000', 'NDCG@10': '0.0000', 'HIT@20': '0.0000', 'NDCG@20': '0.0000'}
{'Epoch': 0, 'name': 'all', 'HIT@5': '0.0049', 'NDCG@5': '0.0033', 'HIT@10': '0.0071', 'NDCG@10': '0.0040', 'HIT@20': '0.0098', 'NDCG@20': '0.0047'}
Validation score increased.  Saving model ...
rec dataset length: 186
100%|█████████████████████████████████████████████████████████████████████████████████████████████████████████████████████████████████████████| 186/186 [01:36<00:00,  1.92it/s]
{'epoch': 1, 'rec_avg_loss': '1.3228', 'joint_avg_loss': '1.4725', 'cl_avg_loss': '1.4968', 'itemcl_loss': '0.0000', 'cl_pair_0_loss': '1.4968'}
Recommendation EP_test:1: 100%|| 35/35 [00:09<00:00,  3.84it/s]
{'Epoch': 1, 'name': 'high_freq', 'HIT@5': '0.0115', 'NDCG@5': '0.0074', 'HIT@10': '0.0186', 'NDCG@10': '0.0097', 'HIT@20': '0.0287', 'NDCG@20': '0.0123'}
{'Epoch': 1, 'name': 'mid_freq', 'HIT@5': '0.0001', 'NDCG@5': '0.0001', 'HIT@10': '0.0001', 'NDCG@10': '0.0001', 'HIT@20': '0.0001', 'NDCG@20': '0.0001'}
{'Epoch': 1, 'name': 'low_freq', 'HIT@5': '0.0000', 'NDCG@5': '0.0000', 'HIT@10': '0.0000', 'NDCG@10': '0.0000', 'HIT@20': '0.0000', 'NDCG@20': '0.0000'}
{'Epoch': 1, 'name': 'all', 'HIT@5': '0.0078', 'NDCG@5': '0.0051', 'HIT@10': '0.0127', 'NDCG@10': '0.0066', 'HIT@20': '0.0196', 'NDCG@20': '0.0083'}
Validation score increased.  Saving model ...
rec dataset length: 186
100%|█████████████████████████████████████████████████████████████████████████████████████████████████████████████████████████████████████████| 186/186 [01:37<00:00,  1.92it/s]
{'epoch': 2, 'rec_avg_loss': '1.2534', 'joint_avg_loss': '1.3967', 'cl_avg_loss': '1.4327', 'itemcl_loss': '0.0000', 'cl_pair_0_loss': '1.4327'}
Recommendation EP_test:2: 100%|| 35/35 [00:08<00:00,  4.10it/s]
{'Epoch': 2, 'name': 'high_freq', 'HIT@5': '0.0129', 'NDCG@5': '0.0081', 'HIT@10': '0.0205', 'NDCG@10': '0.0106', 'HIT@20': '0.0337', 'NDCG@20': '0.0139'}
{'Epoch': 2, 'name': 'mid_freq', 'HIT@5': '0.0000', 'NDCG@5': '0.0000', 'HIT@10': '0.0000', 'NDCG@10': '0.0000', 'HIT@20': '0.0000', 'NDCG@20': '0.0000'}
{'Epoch': 2, 'name': 'low_freq', 'HIT@5': '0.0000', 'NDCG@5': '0.0000', 'HIT@10': '0.0000', 'NDCG@10': '0.0000', 'HIT@20': '0.0000', 'NDCG@20': '0.0000'}
{'Epoch': 2, 'name': 'all', 'HIT@5': '0.0088', 'NDCG@5': '0.0055', 'HIT@10': '0.0140', 'NDCG@10': '0.0072', 'HIT@20': '0.0229', 'NDCG@20': '0.0094'}
Validation score increased.  Saving model ...
rec dataset length: 186
100%|█████████████████████████████████████████████████████████████████████████████████████████████████████████████████████████████████████████| 186/186 [01:37<00:00,  1.91it/s]
{'epoch': 3, 'rec_avg_loss': '1.1790', 'joint_avg_loss': '1.3252', 'cl_avg_loss': '1.4620', 'itemcl_loss': '0.0000', 'cl_pair_0_loss': '1.4620'}
Recommendation EP_test:3: 100%|| 35/35 [00:08<00:00,  4.31it/s]
{'Epoch': 3, 'name': 'high_freq', 'HIT@5': '0.0129', 'NDCG@5': '0.0083', 'HIT@10': '0.0209', 'NDCG@10': '0.0108', 'HIT@20': '0.0367', 'NDCG@20': '0.0148'}
{'Epoch': 3, 'name': 'mid_freq', 'HIT@5': '0.0000', 'NDCG@5': '0.0000', 'HIT@10': '0.0000', 'NDCG@10': '0.0000', 'HIT@20': '0.0000', 'NDCG@20': '0.0000'}
{'Epoch': 3, 'name': 'low_freq', 'HIT@5': '0.0000', 'NDCG@5': '0.0000', 'HIT@10': '0.0000', 'NDCG@10': '0.0000', 'HIT@20': '0.0000', 'NDCG@20': '0.0000'}
{'Epoch': 3, 'name': 'all', 'HIT@5': '0.0088', 'NDCG@5': '0.0056', 'HIT@10': '0.0142', 'NDCG@10': '0.0074', 'HIT@20': '0.0250', 'NDCG@20': '0.0101'}
Validation score increased.  Saving model ...
rec dataset length: 186
100%|█████████████████████████████████████████████████████████████████████████████████████████████████████████████████████████████████████████| 186/186 [01:37<00:00,  1.91it/s]
{'epoch': 4, 'rec_avg_loss': '1.1393', 'joint_avg_loss': '1.2838', 'cl_avg_loss': '1.4452', 'itemcl_loss': '0.0000', 'cl_pair_0_loss': '1.4452'}
Recommendation EP_test:4: 100%|| 35/35 [00:08<00:00,  4.12it/s]
{'Epoch': 4, 'name': 'high_freq', 'HIT@5': '0.0138', 'NDCG@5': '0.0087', 'HIT@10': '0.0223', 'NDCG@10': '0.0114', 'HIT@20': '0.0364', 'NDCG@20': '0.0149'}
{'Epoch': 4, 'name': 'mid_freq', 'HIT@5': '0.0000', 'NDCG@5': '0.0000', 'HIT@10': '0.0000', 'NDCG@10': '0.0000', 'HIT@20': '0.0000', 'NDCG@20': '0.0000'}
{'Epoch': 4, 'name': 'low_freq', 'HIT@5': '0.0000', 'NDCG@5': '0.0000', 'HIT@10': '0.0000', 'NDCG@10': '0.0000', 'HIT@20': '0.0000', 'NDCG@20': '0.0000'}
{'Epoch': 4, 'name': 'all', 'HIT@5': '0.0094', 'NDCG@5': '0.0059', 'HIT@10': '0.0152', 'NDCG@10': '0.0078', 'HIT@20': '0.0248', 'NDCG@20': '0.0102'}
Validation score increased.  Saving model ...
rec dataset length: 186
100%|█████████████████████████████████████████████████████████████████████████████████████████████████████████████████████████████████████████| 186/186 [01:37<00:00,  1.91it/s]
{'epoch': 5, 'rec_avg_loss': '1.1148', 'joint_avg_loss': '1.2536', 'cl_avg_loss': '1.3877', 'itemcl_loss': '0.0000', 'cl_pair_0_loss': '1.3877'}
Recommendation EP_test:5: 100%|| 35/35 [00:08<00:00,  4.26it/s]
{'Epoch': 5, 'name': 'high_freq', 'HIT@5': '0.0142', 'NDCG@5': '0.0091', 'HIT@10': '0.0227', 'NDCG@10': '0.0118', 'HIT@20': '0.0365', 'NDCG@20': '0.0152'}
{'Epoch': 5, 'name': 'mid_freq', 'HIT@5': '0.0000', 'NDCG@5': '0.0000', 'HIT@10': '0.0000', 'NDCG@10': '0.0000', 'HIT@20': '0.0000', 'NDCG@20': '0.0000'}
{'Epoch': 5, 'name': 'low_freq', 'HIT@5': '0.0000', 'NDCG@5': '0.0000', 'HIT@10': '0.0000', 'NDCG@10': '0.0000', 'HIT@20': '0.0000', 'NDCG@20': '0.0000'}
{'Epoch': 5, 'name': 'all', 'HIT@5': '0.0097', 'NDCG@5': '0.0062', 'HIT@10': '0.0154', 'NDCG@10': '0.0080', 'HIT@20': '0.0249', 'NDCG@20': '0.0104'}
Validation score increased.  Saving model ...
rec dataset length: 186
100%|█████████████████████████████████████████████████████████████████████████████████████████████████████████████████████████████████████████| 186/186 [01:37<00:00,  1.91it/s]
{'epoch': 6, 'rec_avg_loss': '1.0960', 'joint_avg_loss': '1.2308', 'cl_avg_loss': '1.3485', 'itemcl_loss': '0.0000', 'cl_pair_0_loss': '1.3485'}
Recommendation EP_test:6: 100%|| 35/35 [00:08<00:00,  4.27it/s]
{'Epoch': 6, 'name': 'high_freq', 'HIT@5': '0.0151', 'NDCG@5': '0.0098', 'HIT@10': '0.0235', 'NDCG@10': '0.0125', 'HIT@20': '0.0383', 'NDCG@20': '0.0162'}
{'Epoch': 6, 'name': 'mid_freq', 'HIT@5': '0.0000', 'NDCG@5': '0.0000', 'HIT@10': '0.0000', 'NDCG@10': '0.0000', 'HIT@20': '0.0000', 'NDCG@20': '0.0000'}
{'Epoch': 6, 'name': 'low_freq', 'HIT@5': '0.0000', 'NDCG@5': '0.0000', 'HIT@10': '0.0000', 'NDCG@10': '0.0000', 'HIT@20': '0.0000', 'NDCG@20': '0.0000'}
{'Epoch': 6, 'name': 'all', 'HIT@5': '0.0103', 'NDCG@5': '0.0067', 'HIT@10': '0.0160', 'NDCG@10': '0.0085', 'HIT@20': '0.0260', 'NDCG@20': '0.0110'}
Validation score increased.  Saving model ...
rec dataset length: 186
100%|█████████████████████████████████████████████████████████████████████████████████████████████████████████████████████████████████████████| 186/186 [01:37<00:00,  1.92it/s]
{'epoch': 7, 'rec_avg_loss': '1.0739', 'joint_avg_loss': '1.2062', 'cl_avg_loss': '1.3229', 'itemcl_loss': '0.0000', 'cl_pair_0_loss': '1.3229'}
Recommendation EP_test:7: 100%|| 35/35 [00:08<00:00,  4.26it/s]
{'Epoch': 7, 'name': 'high_freq', 'HIT@5': '0.0151', 'NDCG@5': '0.0096', 'HIT@10': '0.0254', 'NDCG@10': '0.0129', 'HIT@20': '0.0429', 'NDCG@20': '0.0173'}
{'Epoch': 7, 'name': 'mid_freq', 'HIT@5': '0.0000', 'NDCG@5': '0.0000', 'HIT@10': '0.0000', 'NDCG@10': '0.0000', 'HIT@20': '0.0000', 'NDCG@20': '0.0000'}
{'Epoch': 7, 'name': 'low_freq', 'HIT@5': '0.0000', 'NDCG@5': '0.0000', 'HIT@10': '0.0000', 'NDCG@10': '0.0000', 'HIT@20': '0.0000', 'NDCG@20': '0.0000'}
{'Epoch': 7, 'name': 'all', 'HIT@5': '0.0103', 'NDCG@5': '0.0065', 'HIT@10': '0.0173', 'NDCG@10': '0.0088', 'HIT@20': '0.0292', 'NDCG@20': '0.0118'}
Validation score increased.  Saving model ...
rec dataset length: 186
100%|█████████████████████████████████████████████████████████████████████████████████████████████████████████████████████████████████████████| 186/186 [01:37<00:00,  1.92it/s]
{'epoch': 8, 'rec_avg_loss': '1.0510', 'joint_avg_loss': '1.1829', 'cl_avg_loss': '1.3189', 'itemcl_loss': '0.0000', 'cl_pair_0_loss': '1.3189'}
Recommendation EP_test:8: 100%|| 35/35 [00:08<00:00,  4.21it/s]
{'Epoch': 8, 'name': 'high_freq', 'HIT@5': '0.0160', 'NDCG@5': '0.0102', 'HIT@10': '0.0264', 'NDCG@10': '0.0136', 'HIT@20': '0.0451', 'NDCG@20': '0.0183'}
{'Epoch': 8, 'name': 'mid_freq', 'HIT@5': '0.0000', 'NDCG@5': '0.0000', 'HIT@10': '0.0000', 'NDCG@10': '0.0000', 'HIT@20': '0.0000', 'NDCG@20': '0.0000'}
{'Epoch': 8, 'name': 'low_freq', 'HIT@5': '0.0000', 'NDCG@5': '0.0000', 'HIT@10': '0.0000', 'NDCG@10': '0.0000', 'HIT@20': '0.0000', 'NDCG@20': '0.0000'}
{'Epoch': 8, 'name': 'all', 'HIT@5': '0.0109', 'NDCG@5': '0.0070', 'HIT@10': '0.0180', 'NDCG@10': '0.0092', 'HIT@20': '0.0307', 'NDCG@20': '0.0124'}
Validation score increased.  Saving model ...
rec dataset length: 186
100%|█████████████████████████████████████████████████████████████████████████████████████████████████████████████████████████████████████████| 186/186 [01:36<00:00,  1.92it/s]
{'epoch': 9, 'rec_avg_loss': '1.0270', 'joint_avg_loss': '1.1590', 'cl_avg_loss': '1.3199', 'itemcl_loss': '0.0000', 'cl_pair_0_loss': '1.3199'}
Recommendation EP_test:9: 100%|| 35/35 [00:09<00:00,  3.79it/s]
{'Epoch': 9, 'name': 'high_freq', 'HIT@5': '0.0168', 'NDCG@5': '0.0112', 'HIT@10': '0.0306', 'NDCG@10': '0.0156', 'HIT@20': '0.0496', 'NDCG@20': '0.0203'}
{'Epoch': 9, 'name': 'mid_freq', 'HIT@5': '0.0006', 'NDCG@5': '0.0004', 'HIT@10': '0.0007', 'NDCG@10': '0.0005', 'HIT@20': '0.0009', 'NDCG@20': '0.0005'}
{'Epoch': 9, 'name': 'low_freq', 'HIT@5': '0.0000', 'NDCG@5': '0.0000', 'HIT@10': '0.0000', 'NDCG@10': '0.0000', 'HIT@20': '0.0002', 'NDCG@20': '0.0001'}
{'Epoch': 9, 'name': 'all', 'HIT@5': '0.0116', 'NDCG@5': '0.0077', 'HIT@10': '0.0209', 'NDCG@10': '0.0107', 'HIT@20': '0.0339', 'NDCG@20': '0.0139'}
Validation score increased.  Saving model ...
rec dataset length: 186
100%|█████████████████████████████████████████████████████████████████████████████████████████████████████████████████████████████████████████| 186/186 [01:37<00:00,  1.91it/s]
{'epoch': 10, 'rec_avg_loss': '0.9982', 'joint_avg_loss': '1.1315', 'cl_avg_loss': '1.3334', 'itemcl_loss': '0.0000', 'cl_pair_0_loss': '1.3334'}
Recommendation EP_test:10: 100%|| 35/35 [00:08<00:00,  4.14it/s]
{'Epoch': 10, 'name': 'high_freq', 'HIT@5': '0.0197', 'NDCG@5': '0.0128', 'HIT@10': '0.0330', 'NDCG@10': '0.0170', 'HIT@20': '0.0535', 'NDCG@20': '0.0221'}
{'Epoch': 10, 'name': 'mid_freq', 'HIT@5': '0.0007', 'NDCG@5': '0.0006', 'HIT@10': '0.0009', 'NDCG@10': '0.0006', 'HIT@20': '0.0014', 'NDCG@20': '0.0007'}
{'Epoch': 10, 'name': 'low_freq', 'HIT@5': '0.0000', 'NDCG@5': '0.0000', 'HIT@10': '0.0002', 'NDCG@10': '0.0001', 'HIT@20': '0.0002', 'NDCG@20': '0.0001'}
{'Epoch': 10, 'name': 'all', 'HIT@5': '0.0135', 'NDCG@5': '0.0088', 'HIT@10': '0.0227', 'NDCG@10': '0.0117', 'HIT@20': '0.0367', 'NDCG@20': '0.0152'}
Validation score increased.  Saving model ...
rec dataset length: 186
100%|█████████████████████████████████████████████████████████████████████████████████████████████████████████████████████████████████████████| 186/186 [01:37<00:00,  1.92it/s]
{'epoch': 11, 'rec_avg_loss': '0.9722', 'joint_avg_loss': '1.1081', 'cl_avg_loss': '1.3588', 'itemcl_loss': '0.0000', 'cl_pair_0_loss': '1.3588'}
Recommendation EP_test:11: 100%|| 35/35 [00:08<00:00,  4.02it/s]
{'Epoch': 11, 'name': 'high_freq', 'HIT@5': '0.0205', 'NDCG@5': '0.0131', 'HIT@10': '0.0346', 'NDCG@10': '0.0176', 'HIT@20': '0.0574', 'NDCG@20': '0.0233'}
{'Epoch': 11, 'name': 'mid_freq', 'HIT@5': '0.0007', 'NDCG@5': '0.0006', 'HIT@10': '0.0014', 'NDCG@10': '0.0009', 'HIT@20': '0.0017', 'NDCG@20': '0.0009'}
{'Epoch': 11, 'name': 'low_freq', 'HIT@5': '0.0000', 'NDCG@5': '0.0000', 'HIT@10': '0.0002', 'NDCG@10': '0.0001', 'HIT@20': '0.0002', 'NDCG@20': '0.0001'}
{'Epoch': 11, 'name': 'all', 'HIT@5': '0.0141', 'NDCG@5': '0.0090', 'HIT@10': '0.0239', 'NDCG@10': '0.0121', 'HIT@20': '0.0394', 'NDCG@20': '0.0161'}
Validation score increased.  Saving model ...
rec dataset length: 186
100%|█████████████████████████████████████████████████████████████████████████████████████████████████████████████████████████████████████████| 186/186 [01:37<00:00,  1.92it/s]
{'epoch': 12, 'rec_avg_loss': '0.9458', 'joint_avg_loss': '1.0833', 'cl_avg_loss': '1.3753', 'itemcl_loss': '0.0000', 'cl_pair_0_loss': '1.3753'}
Recommendation EP_test:12: 100%|| 35/35 [00:08<00:00,  4.23it/s]
{'Epoch': 12, 'name': 'high_freq', 'HIT@5': '0.0219', 'NDCG@5': '0.0140', 'HIT@10': '0.0358', 'NDCG@10': '0.0184', 'HIT@20': '0.0600', 'NDCG@20': '0.0245'}
{'Epoch': 12, 'name': 'mid_freq', 'HIT@5': '0.0010', 'NDCG@5': '0.0009', 'HIT@10': '0.0016', 'NDCG@10': '0.0010', 'HIT@20': '0.0020', 'NDCG@20': '0.0011'}
{'Epoch': 12, 'name': 'low_freq', 'HIT@5': '0.0000', 'NDCG@5': '0.0000', 'HIT@10': '0.0002', 'NDCG@10': '0.0001', 'HIT@20': '0.0002', 'NDCG@20': '0.0001'}
{'Epoch': 12, 'name': 'all', 'HIT@5': '0.0151', 'NDCG@5': '0.0097', 'HIT@10': '0.0247', 'NDCG@10': '0.0127', 'HIT@20': '0.0412', 'NDCG@20': '0.0169'}
Validation score increased.  Saving model ...
rec dataset length: 186
100%|█████████████████████████████████████████████████████████████████████████████████████████████████████████████████████████████████████████| 186/186 [01:37<00:00,  1.91it/s]
{'epoch': 13, 'rec_avg_loss': '0.9221', 'joint_avg_loss': '1.0602', 'cl_avg_loss': '1.3809', 'itemcl_loss': '0.0000', 'cl_pair_0_loss': '1.3809'}
Recommendation EP_test:13: 100%|| 35/35 [00:08<00:00,  4.13it/s]
{'Epoch': 13, 'name': 'high_freq', 'HIT@5': '0.0243', 'NDCG@5': '0.0154', 'HIT@10': '0.0395', 'NDCG@10': '0.0203', 'HIT@20': '0.0634', 'NDCG@20': '0.0263'}
{'Epoch': 13, 'name': 'mid_freq', 'HIT@5': '0.0016', 'NDCG@5': '0.0013', 'HIT@10': '0.0022', 'NDCG@10': '0.0015', 'HIT@20': '0.0027', 'NDCG@20': '0.0016'}
{'Epoch': 13, 'name': 'low_freq', 'HIT@5': '0.0000', 'NDCG@5': '0.0000', 'HIT@10': '0.0002', 'NDCG@10': '0.0001', 'HIT@20': '0.0007', 'NDCG@20': '0.0002'}
{'Epoch': 13, 'name': 'all', 'HIT@5': '0.0168', 'NDCG@5': '0.0108', 'HIT@10': '0.0273', 'NDCG@10': '0.0141', 'HIT@20': '0.0438', 'NDCG@20': '0.0182'}
Validation score increased.  Saving model ...
rec dataset length: 186
100%|█████████████████████████████████████████████████████████████████████████████████████████████████████████████████████████████████████████| 186/186 [01:37<00:00,  1.91it/s]
{'epoch': 14, 'rec_avg_loss': '0.9004', 'joint_avg_loss': '1.0405', 'cl_avg_loss': '1.4014', 'itemcl_loss': '0.0000', 'cl_pair_0_loss': '1.4014'}
Recommendation EP_test:14: 100%|| 35/35 [00:08<00:00,  3.98it/s]
{'Epoch': 14, 'name': 'high_freq', 'HIT@5': '0.0230', 'NDCG@5': '0.0146', 'HIT@10': '0.0393', 'NDCG@10': '0.0198', 'HIT@20': '0.0640', 'NDCG@20': '0.0261'}
{'Epoch': 14, 'name': 'mid_freq', 'HIT@5': '0.0013', 'NDCG@5': '0.0012', 'HIT@10': '0.0019', 'NDCG@10': '0.0014', 'HIT@20': '0.0029', 'NDCG@20': '0.0016'}
{'Epoch': 14, 'name': 'low_freq', 'HIT@5': '0.0005', 'NDCG@5': '0.0002', 'HIT@10': '0.0005', 'NDCG@10': '0.0002', 'HIT@20': '0.0005', 'NDCG@20': '0.0002'}
{'Epoch': 14, 'name': 'all', 'HIT@5': '0.0160', 'NDCG@5': '0.0102', 'HIT@10': '0.0271', 'NDCG@10': '0.0138', 'HIT@20': '0.0442', 'NDCG@20': '0.0181'}
EarlyStopping counter: 1 out of 40
rec dataset length: 186
100%|█████████████████████████████████████████████████████████████████████████████████████████████████████████████████████████████████████████| 186/186 [01:37<00:00,  1.91it/s]
{'epoch': 15, 'rec_avg_loss': '0.8799', 'joint_avg_loss': '1.0210', 'cl_avg_loss': '1.4110', 'itemcl_loss': '0.0000', 'cl_pair_0_loss': '1.4110'}
Recommendation EP_test:15: 100%|| 35/35 [00:08<00:00,  3.94it/s]
{'Epoch': 15, 'name': 'high_freq', 'HIT@5': '0.0238', 'NDCG@5': '0.0151', 'HIT@10': '0.0410', 'NDCG@10': '0.0206', 'HIT@20': '0.0660', 'NDCG@20': '0.0269'}
{'Epoch': 15, 'name': 'mid_freq', 'HIT@5': '0.0016', 'NDCG@5': '0.0014', 'HIT@10': '0.0022', 'NDCG@10': '0.0016', 'HIT@20': '0.0034', 'NDCG@20': '0.0019'}
{'Epoch': 15, 'name': 'low_freq', 'HIT@5': '0.0005', 'NDCG@5': '0.0002', 'HIT@10': '0.0009', 'NDCG@10': '0.0004', 'HIT@20': '0.0009', 'NDCG@20': '0.0004'}
{'Epoch': 15, 'name': 'all', 'HIT@5': '0.0165', 'NDCG@5': '0.0106', 'HIT@10': '0.0284', 'NDCG@10': '0.0144', 'HIT@20': '0.0457', 'NDCG@20': '0.0187'}
Validation score increased.  Saving model ...
rec dataset length: 186
100%|█████████████████████████████████████████████████████████████████████████████████████████████████████████████████████████████████████████| 186/186 [01:37<00:00,  1.91it/s]
{'epoch': 16, 'rec_avg_loss': '0.8597', 'joint_avg_loss': '1.0003', 'cl_avg_loss': '1.4061', 'itemcl_loss': '0.0000', 'cl_pair_0_loss': '1.4061'}
Recommendation EP_test:16: 100%|| 35/35 [00:08<00:00,  4.07it/s]
{'Epoch': 16, 'name': 'high_freq', 'HIT@5': '0.0259', 'NDCG@5': '0.0162', 'HIT@10': '0.0430', 'NDCG@10': '0.0217', 'HIT@20': '0.0691', 'NDCG@20': '0.0282'}
{'Epoch': 16, 'name': 'mid_freq', 'HIT@5': '0.0019', 'NDCG@5': '0.0015', 'HIT@10': '0.0023', 'NDCG@10': '0.0017', 'HIT@20': '0.0036', 'NDCG@20': '0.0020'}
{'Epoch': 16, 'name': 'low_freq', 'HIT@5': '0.0007', 'NDCG@5': '0.0004', 'HIT@10': '0.0011', 'NDCG@10': '0.0006', 'HIT@20': '0.0014', 'NDCG@20': '0.0006'}
{'Epoch': 16, 'name': 'all', 'HIT@5': '0.0181', 'NDCG@5': '0.0114', 'HIT@10': '0.0299', 'NDCG@10': '0.0151', 'HIT@20': '0.0479', 'NDCG@20': '0.0197'}
Validation score increased.  Saving model ...
rec dataset length: 186
100%|█████████████████████████████████████████████████████████████████████████████████████████████████████████████████████████████████████████| 186/186 [01:37<00:00,  1.92it/s]
{'epoch': 17, 'rec_avg_loss': '0.8416', 'joint_avg_loss': '0.9828', 'cl_avg_loss': '1.4121', 'itemcl_loss': '0.0000', 'cl_pair_0_loss': '1.4121'}
Recommendation EP_test:17: 100%|| 35/35 [00:08<00:00,  4.06it/s]
{'Epoch': 17, 'name': 'high_freq', 'HIT@5': '0.0272', 'NDCG@5': '0.0172', 'HIT@10': '0.0437', 'NDCG@10': '0.0225', 'HIT@20': '0.0714', 'NDCG@20': '0.0294'}
{'Epoch': 17, 'name': 'mid_freq', 'HIT@5': '0.0020', 'NDCG@5': '0.0017', 'HIT@10': '0.0024', 'NDCG@10': '0.0018', 'HIT@20': '0.0039', 'NDCG@20': '0.0022'}
{'Epoch': 17, 'name': 'low_freq', 'HIT@5': '0.0005', 'NDCG@5': '0.0003', 'HIT@10': '0.0007', 'NDCG@10': '0.0003', 'HIT@20': '0.0011', 'NDCG@20': '0.0005'}
{'Epoch': 17, 'name': 'all', 'HIT@5': '0.0189', 'NDCG@5': '0.0120', 'HIT@10': '0.0303', 'NDCG@10': '0.0157', 'HIT@20': '0.0495', 'NDCG@20': '0.0205'}
Validation score increased.  Saving model ...
rec dataset length: 186
100%|█████████████████████████████████████████████████████████████████████████████████████████████████████████████████████████████████████████| 186/186 [01:37<00:00,  1.91it/s]
{'epoch': 18, 'rec_avg_loss': '0.8260', 'joint_avg_loss': '0.9669', 'cl_avg_loss': '1.4091', 'itemcl_loss': '0.0000', 'cl_pair_0_loss': '1.4091'}
Recommendation EP_test:18: 100%|| 35/35 [00:08<00:00,  4.05it/s]
{'Epoch': 18, 'name': 'high_freq', 'HIT@5': '0.0262', 'NDCG@5': '0.0162', 'HIT@10': '0.0448', 'NDCG@10': '0.0222', 'HIT@20': '0.0721', 'NDCG@20': '0.0290'}
{'Epoch': 18, 'name': 'mid_freq', 'HIT@5': '0.0022', 'NDCG@5': '0.0018', 'HIT@10': '0.0024', 'NDCG@10': '0.0019', 'HIT@20': '0.0037', 'NDCG@20': '0.0022'}
{'Epoch': 18, 'name': 'low_freq', 'HIT@5': '0.0005', 'NDCG@5': '0.0002', 'HIT@10': '0.0005', 'NDCG@10': '0.0002', 'HIT@20': '0.0007', 'NDCG@20': '0.0003'}
{'Epoch': 18, 'name': 'all', 'HIT@5': '0.0183', 'NDCG@5': '0.0114', 'HIT@10': '0.0310', 'NDCG@10': '0.0155', 'HIT@20': '0.0499', 'NDCG@20': '0.0202'}
EarlyStopping counter: 1 out of 40
rec dataset length: 186
100%|█████████████████████████████████████████████████████████████████████████████████████████████████████████████████████████████████████████| 186/186 [01:37<00:00,  1.91it/s]
{'epoch': 19, 'rec_avg_loss': '0.8091', 'joint_avg_loss': '0.9485', 'cl_avg_loss': '1.3945', 'itemcl_loss': '0.0000', 'cl_pair_0_loss': '1.3945'}
Recommendation EP_test:19: 100%|| 35/35 [00:08<00:00,  4.16it/s]
{'Epoch': 19, 'name': 'high_freq', 'HIT@5': '0.0269', 'NDCG@5': '0.0167', 'HIT@10': '0.0453', 'NDCG@10': '0.0226', 'HIT@20': '0.0728', 'NDCG@20': '0.0295'}
{'Epoch': 19, 'name': 'mid_freq', 'HIT@5': '0.0024', 'NDCG@5': '0.0020', 'HIT@10': '0.0029', 'NDCG@10': '0.0021', 'HIT@20': '0.0045', 'NDCG@20': '0.0026'}
{'Epoch': 19, 'name': 'low_freq', 'HIT@5': '0.0007', 'NDCG@5': '0.0004', 'HIT@10': '0.0007', 'NDCG@10': '0.0004', 'HIT@20': '0.0009', 'NDCG@20': '0.0004'}
{'Epoch': 19, 'name': 'all', 'HIT@5': '0.0189', 'NDCG@5': '0.0118', 'HIT@10': '0.0315', 'NDCG@10': '0.0158', 'HIT@20': '0.0505', 'NDCG@20': '0.0206'}
Validation score increased.  Saving model ...
rec dataset length: 186
100%|█████████████████████████████████████████████████████████████████████████████████████████████████████████████████████████████████████████| 186/186 [01:37<00:00,  1.91it/s]
{'epoch': 20, 'rec_avg_loss': '0.7919', 'joint_avg_loss': '0.9325', 'cl_avg_loss': '1.4063', 'itemcl_loss': '0.0000', 'cl_pair_0_loss': '1.4063'}
Recommendation EP_test:20: 100%|| 35/35 [00:08<00:00,  4.08it/s]
{'Epoch': 20, 'name': 'high_freq', 'HIT@5': '0.0282', 'NDCG@5': '0.0174', 'HIT@10': '0.0470', 'NDCG@10': '0.0235', 'HIT@20': '0.0751', 'NDCG@20': '0.0306'}
{'Epoch': 20, 'name': 'mid_freq', 'HIT@5': '0.0023', 'NDCG@5': '0.0019', 'HIT@10': '0.0029', 'NDCG@10': '0.0021', 'HIT@20': '0.0045', 'NDCG@20': '0.0025'}
{'Epoch': 20, 'name': 'low_freq', 'HIT@5': '0.0000', 'NDCG@5': '0.0000', 'HIT@10': '0.0005', 'NDCG@10': '0.0002', 'HIT@20': '0.0014', 'NDCG@20': '0.0004'}
{'Epoch': 20, 'name': 'all', 'HIT@5': '0.0196', 'NDCG@5': '0.0122', 'HIT@10': '0.0326', 'NDCG@10': '0.0164', 'HIT@20': '0.0521', 'NDCG@20': '0.0213'}
Validation score increased.  Saving model ...
rec dataset length: 186
100%|█████████████████████████████████████████████████████████████████████████████████████████████████████████████████████████████████████████| 186/186 [01:37<00:00,  1.91it/s]
{'epoch': 21, 'rec_avg_loss': '0.7757', 'joint_avg_loss': '0.9159', 'cl_avg_loss': '1.4021', 'itemcl_loss': '0.0000', 'cl_pair_0_loss': '1.4021'}
Recommendation EP_test:21: 100%|| 35/35 [00:08<00:00,  4.25it/s]
{'Epoch': 21, 'name': 'high_freq', 'HIT@5': '0.0283', 'NDCG@5': '0.0174', 'HIT@10': '0.0481', 'NDCG@10': '0.0237', 'HIT@20': '0.0761', 'NDCG@20': '0.0308'}
{'Epoch': 21, 'name': 'mid_freq', 'HIT@5': '0.0022', 'NDCG@5': '0.0018', 'HIT@10': '0.0030', 'NDCG@10': '0.0021', 'HIT@20': '0.0046', 'NDCG@20': '0.0025'}
{'Epoch': 21, 'name': 'low_freq', 'HIT@5': '0.0005', 'NDCG@5': '0.0002', 'HIT@10': '0.0005', 'NDCG@10': '0.0002', 'HIT@20': '0.0016', 'NDCG@20': '0.0005'}
{'Epoch': 21, 'name': 'all', 'HIT@5': '0.0197', 'NDCG@5': '0.0122', 'HIT@10': '0.0333', 'NDCG@10': '0.0166', 'HIT@20': '0.0528', 'NDCG@20': '0.0215'}
Validation score increased.  Saving model ...
rec dataset length: 186
100%|█████████████████████████████████████████████████████████████████████████████████████████████████████████████████████████████████████████| 186/186 [01:37<00:00,  1.92it/s]
{'epoch': 22, 'rec_avg_loss': '0.7672', 'joint_avg_loss': '0.9066', 'cl_avg_loss': '1.3936', 'itemcl_loss': '0.0000', 'cl_pair_0_loss': '1.3936'}
Recommendation EP_test:22: 100%|| 35/35 [00:08<00:00,  4.21it/s]
{'Epoch': 22, 'name': 'high_freq', 'HIT@5': '0.0283', 'NDCG@5': '0.0175', 'HIT@10': '0.0477', 'NDCG@10': '0.0237', 'HIT@20': '0.0767', 'NDCG@20': '0.0310'}
{'Epoch': 22, 'name': 'mid_freq', 'HIT@5': '0.0024', 'NDCG@5': '0.0019', 'HIT@10': '0.0033', 'NDCG@10': '0.0022', 'HIT@20': '0.0047', 'NDCG@20': '0.0026'}
{'Epoch': 22, 'name': 'low_freq', 'HIT@5': '0.0005', 'NDCG@5': '0.0002', 'HIT@10': '0.0005', 'NDCG@10': '0.0002', 'HIT@20': '0.0018', 'NDCG@20': '0.0006'}
{'Epoch': 22, 'name': 'all', 'HIT@5': '0.0198', 'NDCG@5': '0.0123', 'HIT@10': '0.0331', 'NDCG@10': '0.0166', 'HIT@20': '0.0533', 'NDCG@20': '0.0216'}
Validation score increased.  Saving model ...
rec dataset length: 186
100%|█████████████████████████████████████████████████████████████████████████████████████████████████████████████████████████████████████████| 186/186 [01:37<00:00,  1.91it/s]
{'epoch': 23, 'rec_avg_loss': '0.7549', 'joint_avg_loss': '0.8933', 'cl_avg_loss': '1.3842', 'itemcl_loss': '0.0000', 'cl_pair_0_loss': '1.3842'}
Recommendation EP_test:23: 100%|| 35/35 [00:08<00:00,  4.11it/s]
{'Epoch': 23, 'name': 'high_freq', 'HIT@5': '0.0289', 'NDCG@5': '0.0182', 'HIT@10': '0.0490', 'NDCG@10': '0.0246', 'HIT@20': '0.0783', 'NDCG@20': '0.0319'}
{'Epoch': 23, 'name': 'mid_freq', 'HIT@5': '0.0024', 'NDCG@5': '0.0019', 'HIT@10': '0.0033', 'NDCG@10': '0.0022', 'HIT@20': '0.0050', 'NDCG@20': '0.0026'}
{'Epoch': 23, 'name': 'low_freq', 'HIT@5': '0.0005', 'NDCG@5': '0.0002', 'HIT@10': '0.0016', 'NDCG@10': '0.0006', 'HIT@20': '0.0025', 'NDCG@20': '0.0008'}
{'Epoch': 23, 'name': 'all', 'HIT@5': '0.0202', 'NDCG@5': '0.0128', 'HIT@10': '0.0342', 'NDCG@10': '0.0172', 'HIT@20': '0.0545', 'NDCG@20': '0.0223'}
Validation score increased.  Saving model ...
rec dataset length: 186
100%|█████████████████████████████████████████████████████████████████████████████████████████████████████████████████████████████████████████| 186/186 [01:37<00:00,  1.92it/s]
{'epoch': 24, 'rec_avg_loss': '0.7432', 'joint_avg_loss': '0.8819', 'cl_avg_loss': '1.3875', 'itemcl_loss': '0.0000', 'cl_pair_0_loss': '1.3875'}
Recommendation EP_test:24: 100%|| 35/35 [00:08<00:00,  4.10it/s]
{'Epoch': 24, 'name': 'high_freq', 'HIT@5': '0.0289', 'NDCG@5': '0.0180', 'HIT@10': '0.0491', 'NDCG@10': '0.0244', 'HIT@20': '0.0797', 'NDCG@20': '0.0321'}
{'Epoch': 24, 'name': 'mid_freq', 'HIT@5': '0.0027', 'NDCG@5': '0.0021', 'HIT@10': '0.0034', 'NDCG@10': '0.0023', 'HIT@20': '0.0052', 'NDCG@20': '0.0027'}
{'Epoch': 24, 'name': 'low_freq', 'HIT@5': '0.0005', 'NDCG@5': '0.0002', 'HIT@10': '0.0018', 'NDCG@10': '0.0006', 'HIT@20': '0.0025', 'NDCG@20': '0.0008'}
{'Epoch': 24, 'name': 'all', 'HIT@5': '0.0203', 'NDCG@5': '0.0126', 'HIT@10': '0.0343', 'NDCG@10': '0.0172', 'HIT@20': '0.0555', 'NDCG@20': '0.0225'}
Validation score increased.  Saving model ...
rec dataset length: 186
100%|█████████████████████████████████████████████████████████████████████████████████████████████████████████████████████████████████████████| 186/186 [01:37<00:00,  1.91it/s]
{'epoch': 25, 'rec_avg_loss': '0.7326', 'joint_avg_loss': '0.8693', 'cl_avg_loss': '1.3674', 'itemcl_loss': '0.0000', 'cl_pair_0_loss': '1.3674'}
Recommendation EP_test:25: 100%|| 35/35 [00:08<00:00,  4.24it/s]
{'Epoch': 25, 'name': 'high_freq', 'HIT@5': '0.0300', 'NDCG@5': '0.0186', 'HIT@10': '0.0504', 'NDCG@10': '0.0251', 'HIT@20': '0.0809', 'NDCG@20': '0.0328'}
{'Epoch': 25, 'name': 'mid_freq', 'HIT@5': '0.0024', 'NDCG@5': '0.0019', 'HIT@10': '0.0027', 'NDCG@10': '0.0020', 'HIT@20': '0.0049', 'NDCG@20': '0.0026'}
{'Epoch': 25, 'name': 'low_freq', 'HIT@5': '0.0002', 'NDCG@5': '0.0001', 'HIT@10': '0.0018', 'NDCG@10': '0.0006', 'HIT@20': '0.0034', 'NDCG@20': '0.0010'}
{'Epoch': 25, 'name': 'all', 'HIT@5': '0.0209', 'NDCG@5': '0.0130', 'HIT@10': '0.0351', 'NDCG@10': '0.0176', 'HIT@20': '0.0564', 'NDCG@20': '0.0229'}
Validation score increased.  Saving model ...
rec dataset length: 186
100%|█████████████████████████████████████████████████████████████████████████████████████████████████████████████████████████████████████████| 186/186 [01:38<00:00,  1.89it/s]
{'epoch': 26, 'rec_avg_loss': '0.7201', 'joint_avg_loss': '0.8572', 'cl_avg_loss': '1.3711', 'itemcl_loss': '0.0000', 'cl_pair_0_loss': '1.3711'}
Recommendation EP_test:26: 100%|| 35/35 [00:08<00:00,  4.18it/s]
{'Epoch': 26, 'name': 'high_freq', 'HIT@5': '0.0304', 'NDCG@5': '0.0187', 'HIT@10': '0.0501', 'NDCG@10': '0.0250', 'HIT@20': '0.0809', 'NDCG@20': '0.0327'}
{'Epoch': 26, 'name': 'mid_freq', 'HIT@5': '0.0022', 'NDCG@5': '0.0017', 'HIT@10': '0.0033', 'NDCG@10': '0.0021', 'HIT@20': '0.0047', 'NDCG@20': '0.0025'}
{'Epoch': 26, 'name': 'low_freq', 'HIT@5': '0.0005', 'NDCG@5': '0.0003', 'HIT@10': '0.0020', 'NDCG@10': '0.0008', 'HIT@20': '0.0032', 'NDCG@20': '0.0011'}
{'Epoch': 26, 'name': 'all', 'HIT@5': '0.0212', 'NDCG@5': '0.0131', 'HIT@10': '0.0350', 'NDCG@10': '0.0175', 'HIT@20': '0.0563', 'NDCG@20': '0.0229'}
EarlyStopping counter: 1 out of 40
rec dataset length: 186
100%|█████████████████████████████████████████████████████████████████████████████████████████████████████████████████████████████████████████| 186/186 [01:38<00:00,  1.89it/s]
{'epoch': 27, 'rec_avg_loss': '0.7109', 'joint_avg_loss': '0.8467', 'cl_avg_loss': '1.3577', 'itemcl_loss': '0.0000', 'cl_pair_0_loss': '1.3577'}
Recommendation EP_test:27: 100%|| 35/35 [00:08<00:00,  4.09it/s]
{'Epoch': 27, 'name': 'high_freq', 'HIT@5': '0.0313', 'NDCG@5': '0.0190', 'HIT@10': '0.0516', 'NDCG@10': '0.0255', 'HIT@20': '0.0818', 'NDCG@20': '0.0331'}
{'Epoch': 27, 'name': 'mid_freq', 'HIT@5': '0.0026', 'NDCG@5': '0.0018', 'HIT@10': '0.0033', 'NDCG@10': '0.0020', 'HIT@20': '0.0050', 'NDCG@20': '0.0025'}
{'Epoch': 27, 'name': 'low_freq', 'HIT@5': '0.0007', 'NDCG@5': '0.0004', 'HIT@10': '0.0023', 'NDCG@10': '0.0009', 'HIT@20': '0.0036', 'NDCG@20': '0.0012'}
{'Epoch': 27, 'name': 'all', 'HIT@5': '0.0219', 'NDCG@5': '0.0133', 'HIT@10': '0.0360', 'NDCG@10': '0.0179', 'HIT@20': '0.0571', 'NDCG@20': '0.0232'}
Validation score increased.  Saving model ...
rec dataset length: 186
100%|█████████████████████████████████████████████████████████████████████████████████████████████████████████████████████████████████████████| 186/186 [01:37<00:00,  1.91it/s]
{'epoch': 28, 'rec_avg_loss': '0.7010', 'joint_avg_loss': '0.8361', 'cl_avg_loss': '1.3513', 'itemcl_loss': '0.0000', 'cl_pair_0_loss': '1.3513'}
Recommendation EP_test:28: 100%|| 35/35 [00:08<00:00,  4.10it/s]
{'Epoch': 28, 'name': 'high_freq', 'HIT@5': '0.0311', 'NDCG@5': '0.0195', 'HIT@10': '0.0508', 'NDCG@10': '0.0259', 'HIT@20': '0.0806', 'NDCG@20': '0.0333'}
{'Epoch': 28, 'name': 'mid_freq', 'HIT@5': '0.0026', 'NDCG@5': '0.0020', 'HIT@10': '0.0039', 'NDCG@10': '0.0024', 'HIT@20': '0.0049', 'NDCG@20': '0.0026'}
{'Epoch': 28, 'name': 'low_freq', 'HIT@5': '0.0007', 'NDCG@5': '0.0004', 'HIT@10': '0.0018', 'NDCG@10': '0.0008', 'HIT@20': '0.0032', 'NDCG@20': '0.0011'}
{'Epoch': 28, 'name': 'all', 'HIT@5': '0.0217', 'NDCG@5': '0.0137', 'HIT@10': '0.0356', 'NDCG@10': '0.0182', 'HIT@20': '0.0562', 'NDCG@20': '0.0233'}
Validation score increased.  Saving model ...
rec dataset length: 186
100%|█████████████████████████████████████████████████████████████████████████████████████████████████████████████████████████████████████████| 186/186 [01:38<00:00,  1.90it/s]
{'epoch': 29, 'rec_avg_loss': '0.6890', 'joint_avg_loss': '0.8248', 'cl_avg_loss': '1.3578', 'itemcl_loss': '0.0000', 'cl_pair_0_loss': '1.3578'}
Recommendation EP_test:29: 100%|| 35/35 [00:08<00:00,  4.13it/s]
{'Epoch': 29, 'name': 'high_freq', 'HIT@5': '0.0321', 'NDCG@5': '0.0200', 'HIT@10': '0.0522', 'NDCG@10': '0.0265', 'HIT@20': '0.0822', 'NDCG@20': '0.0340'}
{'Epoch': 29, 'name': 'mid_freq', 'HIT@5': '0.0027', 'NDCG@5': '0.0022', 'HIT@10': '0.0036', 'NDCG@10': '0.0025', 'HIT@20': '0.0053', 'NDCG@20': '0.0029'}
{'Epoch': 29, 'name': 'low_freq', 'HIT@5': '0.0007', 'NDCG@5': '0.0004', 'HIT@10': '0.0025', 'NDCG@10': '0.0010', 'HIT@20': '0.0032', 'NDCG@20': '0.0011'}
{'Epoch': 29, 'name': 'all', 'HIT@5': '0.0225', 'NDCG@5': '0.0141', 'HIT@10': '0.0365', 'NDCG@10': '0.0186', 'HIT@20': '0.0573', 'NDCG@20': '0.0238'}
Validation score increased.  Saving model ...
rec dataset length: 186
100%|█████████████████████████████████████████████████████████████████████████████████████████████████████████████████████████████████████████| 186/186 [01:38<00:00,  1.90it/s]
{'epoch': 30, 'rec_avg_loss': '0.6829', 'joint_avg_loss': '0.8176', 'cl_avg_loss': '1.3478', 'itemcl_loss': '0.0000', 'cl_pair_0_loss': '1.3478'}
Recommendation EP_test:30: 100%|| 35/35 [00:08<00:00,  4.22it/s]
{'Epoch': 30, 'name': 'high_freq', 'HIT@5': '0.0327', 'NDCG@5': '0.0208', 'HIT@10': '0.0533', 'NDCG@10': '0.0274', 'HIT@20': '0.0825', 'NDCG@20': '0.0347'}
{'Epoch': 30, 'name': 'mid_freq', 'HIT@5': '0.0024', 'NDCG@5': '0.0018', 'HIT@10': '0.0039', 'NDCG@10': '0.0023', 'HIT@20': '0.0055', 'NDCG@20': '0.0027'}
{'Epoch': 30, 'name': 'low_freq', 'HIT@5': '0.0007', 'NDCG@5': '0.0004', 'HIT@10': '0.0014', 'NDCG@10': '0.0007', 'HIT@20': '0.0029', 'NDCG@20': '0.0011'}
{'Epoch': 30, 'name': 'all', 'HIT@5': '0.0228', 'NDCG@5': '0.0146', 'HIT@10': '0.0372', 'NDCG@10': '0.0191', 'HIT@20': '0.0575', 'NDCG@20': '0.0243'}
Validation score increased.  Saving model ...
rec dataset length: 186
100%|█████████████████████████████████████████████████████████████████████████████████████████████████████████████████████████████████████████| 186/186 [01:37<00:00,  1.90it/s]
{'epoch': 31, 'rec_avg_loss': '0.6751', 'joint_avg_loss': '0.8085', 'cl_avg_loss': '1.3347', 'itemcl_loss': '0.0000', 'cl_pair_0_loss': '1.3347'}
Recommendation EP_test:31: 100%|| 35/35 [00:08<00:00,  4.14it/s]
{'Epoch': 31, 'name': 'high_freq', 'HIT@5': '0.0331', 'NDCG@5': '0.0206', 'HIT@10': '0.0529', 'NDCG@10': '0.0270', 'HIT@20': '0.0841', 'NDCG@20': '0.0348'}
{'Epoch': 31, 'name': 'mid_freq', 'HIT@5': '0.0030', 'NDCG@5': '0.0022', 'HIT@10': '0.0040', 'NDCG@10': '0.0025', 'HIT@20': '0.0056', 'NDCG@20': '0.0029'}
{'Epoch': 31, 'name': 'low_freq', 'HIT@5': '0.0011', 'NDCG@5': '0.0007', 'HIT@10': '0.0025', 'NDCG@10': '0.0011', 'HIT@20': '0.0041', 'NDCG@20': '0.0015'}
{'Epoch': 31, 'name': 'all', 'HIT@5': '0.0233', 'NDCG@5': '0.0145', 'HIT@10': '0.0371', 'NDCG@10': '0.0190', 'HIT@20': '0.0588', 'NDCG@20': '0.0244'}
Validation score increased.  Saving model ...
rec dataset length: 186
100%|█████████████████████████████████████████████████████████████████████████████████████████████████████████████████████████████████████████| 186/186 [01:37<00:00,  1.90it/s]
{'epoch': 32, 'rec_avg_loss': '0.6643', 'joint_avg_loss': '0.7977', 'cl_avg_loss': '1.3347', 'itemcl_loss': '0.0000', 'cl_pair_0_loss': '1.3347'}
Recommendation EP_test:32: 100%|| 35/35 [00:08<00:00,  4.16it/s]
{'Epoch': 32, 'name': 'high_freq', 'HIT@5': '0.0325', 'NDCG@5': '0.0208', 'HIT@10': '0.0542', 'NDCG@10': '0.0278', 'HIT@20': '0.0856', 'NDCG@20': '0.0357'}
{'Epoch': 32, 'name': 'mid_freq', 'HIT@5': '0.0033', 'NDCG@5': '0.0025', 'HIT@10': '0.0039', 'NDCG@10': '0.0027', 'HIT@20': '0.0052', 'NDCG@20': '0.0030'}
{'Epoch': 32, 'name': 'low_freq', 'HIT@5': '0.0011', 'NDCG@5': '0.0008', 'HIT@10': '0.0032', 'NDCG@10': '0.0015', 'HIT@20': '0.0045', 'NDCG@20': '0.0018'}
{'Epoch': 32, 'name': 'all', 'HIT@5': '0.0229', 'NDCG@5': '0.0147', 'HIT@10': '0.0380', 'NDCG@10': '0.0197', 'HIT@20': '0.0598', 'NDCG@20': '0.0251'}
Validation score increased.  Saving model ...
rec dataset length: 186
100%|█████████████████████████████████████████████████████████████████████████████████████████████████████████████████████████████████████████| 186/186 [01:37<00:00,  1.90it/s]
{'epoch': 33, 'rec_avg_loss': '0.6575', 'joint_avg_loss': '0.7901', 'cl_avg_loss': '1.3255', 'itemcl_loss': '0.0000', 'cl_pair_0_loss': '1.3255'}
Recommendation EP_test:33: 100%|| 35/35 [00:07<00:00,  4.55it/s]
{'Epoch': 33, 'name': 'high_freq', 'HIT@5': '0.0329', 'NDCG@5': '0.0209', 'HIT@10': '0.0539', 'NDCG@10': '0.0276', 'HIT@20': '0.0854', 'NDCG@20': '0.0355'}
{'Epoch': 33, 'name': 'mid_freq', 'HIT@5': '0.0037', 'NDCG@5': '0.0028', 'HIT@10': '0.0043', 'NDCG@10': '0.0030', 'HIT@20': '0.0057', 'NDCG@20': '0.0034'}
{'Epoch': 33, 'name': 'low_freq', 'HIT@5': '0.0011', 'NDCG@5': '0.0007', 'HIT@10': '0.0025', 'NDCG@10': '0.0012', 'HIT@20': '0.0050', 'NDCG@20': '0.0018'}
{'Epoch': 33, 'name': 'all', 'HIT@5': '0.0233', 'NDCG@5': '0.0148', 'HIT@10': '0.0378', 'NDCG@10': '0.0195', 'HIT@20': '0.0598', 'NDCG@20': '0.0250'}
EarlyStopping counter: 1 out of 40
rec dataset length: 186
100%|█████████████████████████████████████████████████████████████████████████████████████████████████████████████████████████████████████████| 186/186 [01:37<00:00,  1.91it/s]
{'epoch': 34, 'rec_avg_loss': '0.6521', 'joint_avg_loss': '0.7840', 'cl_avg_loss': '1.3190', 'itemcl_loss': '0.0000', 'cl_pair_0_loss': '1.3190'}
Recommendation EP_test:34: 100%|| 35/35 [00:07<00:00,  4.50it/s]
{'Epoch': 34, 'name': 'high_freq', 'HIT@5': '0.0333', 'NDCG@5': '0.0210', 'HIT@10': '0.0543', 'NDCG@10': '0.0277', 'HIT@20': '0.0857', 'NDCG@20': '0.0356'}
{'Epoch': 34, 'name': 'mid_freq', 'HIT@5': '0.0033', 'NDCG@5': '0.0026', 'HIT@10': '0.0043', 'NDCG@10': '0.0029', 'HIT@20': '0.0059', 'NDCG@20': '0.0033'}
{'Epoch': 34, 'name': 'low_freq', 'HIT@5': '0.0011', 'NDCG@5': '0.0007', 'HIT@10': '0.0016', 'NDCG@10': '0.0009', 'HIT@20': '0.0043', 'NDCG@20': '0.0016'}
{'Epoch': 34, 'name': 'all', 'HIT@5': '0.0235', 'NDCG@5': '0.0149', 'HIT@10': '0.0380', 'NDCG@10': '0.0195', 'HIT@20': '0.0600', 'NDCG@20': '0.0251'}
EarlyStopping counter: 2 out of 40
rec dataset length: 186
100%|█████████████████████████████████████████████████████████████████████████████████████████████████████████████████████████████████████████| 186/186 [01:37<00:00,  1.91it/s]
{'epoch': 35, 'rec_avg_loss': '0.6418', 'joint_avg_loss': '0.7722', 'cl_avg_loss': '1.3043', 'itemcl_loss': '0.0000', 'cl_pair_0_loss': '1.3043'}
Recommendation EP_test:35: 100%|| 35/35 [00:07<00:00,  4.39it/s]
{'Epoch': 35, 'name': 'high_freq', 'HIT@5': '0.0332', 'NDCG@5': '0.0214', 'HIT@10': '0.0554', 'NDCG@10': '0.0285', 'HIT@20': '0.0870', 'NDCG@20': '0.0365'}
{'Epoch': 35, 'name': 'mid_freq', 'HIT@5': '0.0036', 'NDCG@5': '0.0026', 'HIT@10': '0.0045', 'NDCG@10': '0.0029', 'HIT@20': '0.0060', 'NDCG@20': '0.0032'}
{'Epoch': 35, 'name': 'low_freq', 'HIT@5': '0.0011', 'NDCG@5': '0.0006', 'HIT@10': '0.0032', 'NDCG@10': '0.0012', 'HIT@20': '0.0048', 'NDCG@20': '0.0016'}
{'Epoch': 35, 'name': 'all', 'HIT@5': '0.0235', 'NDCG@5': '0.0151', 'HIT@10': '0.0389', 'NDCG@10': '0.0201', 'HIT@20': '0.0610', 'NDCG@20': '0.0256'}
Validation score increased.  Saving model ...
rec dataset length: 186
100%|█████████████████████████████████████████████████████████████████████████████████████████████████████████████████████████████████████████| 186/186 [01:37<00:00,  1.91it/s]
{'epoch': 36, 'rec_avg_loss': '0.6346', 'joint_avg_loss': '0.7643', 'cl_avg_loss': '1.2971', 'itemcl_loss': '0.0000', 'cl_pair_0_loss': '1.2971'}
Recommendation EP_test:36: 100%|| 35/35 [00:07<00:00,  4.42it/s]
{'Epoch': 36, 'name': 'high_freq', 'HIT@5': '0.0343', 'NDCG@5': '0.0220', 'HIT@10': '0.0561', 'NDCG@10': '0.0289', 'HIT@20': '0.0864', 'NDCG@20': '0.0365'}
{'Epoch': 36, 'name': 'mid_freq', 'HIT@5': '0.0039', 'NDCG@5': '0.0028', 'HIT@10': '0.0045', 'NDCG@10': '0.0029', 'HIT@20': '0.0062', 'NDCG@20': '0.0034'}
{'Epoch': 36, 'name': 'low_freq', 'HIT@5': '0.0009', 'NDCG@5': '0.0006', 'HIT@10': '0.0032', 'NDCG@10': '0.0014', 'HIT@20': '0.0045', 'NDCG@20': '0.0017'}
{'Epoch': 36, 'name': 'all', 'HIT@5': '0.0242', 'NDCG@5': '0.0156', 'HIT@10': '0.0394', 'NDCG@10': '0.0204', 'HIT@20': '0.0605', 'NDCG@20': '0.0257'}
Validation score increased.  Saving model ...
rec dataset length: 186
100%|█████████████████████████████████████████████████████████████████████████████████████████████████████████████████████████████████████████| 186/186 [01:37<00:00,  1.91it/s]
{'epoch': 37, 'rec_avg_loss': '0.6318', 'joint_avg_loss': '0.7612', 'cl_avg_loss': '1.2937', 'itemcl_loss': '0.0000', 'cl_pair_0_loss': '1.2937'}
Recommendation EP_test:37: 100%|| 35/35 [00:07<00:00,  4.46it/s]
{'Epoch': 37, 'name': 'high_freq', 'HIT@5': '0.0355', 'NDCG@5': '0.0223', 'HIT@10': '0.0563', 'NDCG@10': '0.0289', 'HIT@20': '0.0870', 'NDCG@20': '0.0367'}
{'Epoch': 37, 'name': 'mid_freq', 'HIT@5': '0.0037', 'NDCG@5': '0.0027', 'HIT@10': '0.0047', 'NDCG@10': '0.0030', 'HIT@20': '0.0063', 'NDCG@20': '0.0034'}
{'Epoch': 37, 'name': 'low_freq', 'HIT@5': '0.0016', 'NDCG@5': '0.0009', 'HIT@10': '0.0032', 'NDCG@10': '0.0014', 'HIT@20': '0.0052', 'NDCG@20': '0.0020'}
{'Epoch': 37, 'name': 'all', 'HIT@5': '0.0251', 'NDCG@5': '0.0158', 'HIT@10': '0.0396', 'NDCG@10': '0.0204', 'HIT@20': '0.0611', 'NDCG@20': '0.0258'}
Validation score increased.  Saving model ...
rec dataset length: 186
100%|█████████████████████████████████████████████████████████████████████████████████████████████████████████████████████████████████████████| 186/186 [01:37<00:00,  1.91it/s]
{'epoch': 38, 'rec_avg_loss': '0.6238', 'joint_avg_loss': '0.7518', 'cl_avg_loss': '1.2798', 'itemcl_loss': '0.0000', 'cl_pair_0_loss': '1.2798'}
Recommendation EP_test:38: 100%|| 35/35 [00:07<00:00,  4.40it/s]
{'Epoch': 38, 'name': 'high_freq', 'HIT@5': '0.0356', 'NDCG@5': '0.0226', 'HIT@10': '0.0566', 'NDCG@10': '0.0293', 'HIT@20': '0.0887', 'NDCG@20': '0.0373'}
{'Epoch': 38, 'name': 'mid_freq', 'HIT@5': '0.0037', 'NDCG@5': '0.0028', 'HIT@10': '0.0042', 'NDCG@10': '0.0030', 'HIT@20': '0.0069', 'NDCG@20': '0.0037'}
{'Epoch': 38, 'name': 'low_freq', 'HIT@5': '0.0016', 'NDCG@5': '0.0009', 'HIT@10': '0.0034', 'NDCG@10': '0.0015', 'HIT@20': '0.0048', 'NDCG@20': '0.0018'}
{'Epoch': 38, 'name': 'all', 'HIT@5': '0.0251', 'NDCG@5': '0.0160', 'HIT@10': '0.0397', 'NDCG@10': '0.0207', 'HIT@20': '0.0623', 'NDCG@20': '0.0263'}
Validation score increased.  Saving model ...
rec dataset length: 186
100%|█████████████████████████████████████████████████████████████████████████████████████████████████████████████████████████████████████████| 186/186 [01:37<00:00,  1.91it/s]
{'epoch': 39, 'rec_avg_loss': '0.6173', 'joint_avg_loss': '0.7452', 'cl_avg_loss': '1.2792', 'itemcl_loss': '0.0000', 'cl_pair_0_loss': '1.2792'}
Recommendation EP_test:39: 100%|| 35/35 [00:08<00:00,  4.26it/s]
{'Epoch': 39, 'name': 'high_freq', 'HIT@5': '0.0351', 'NDCG@5': '0.0227', 'HIT@10': '0.0558', 'NDCG@10': '0.0293', 'HIT@20': '0.0885', 'NDCG@20': '0.0375'}
{'Epoch': 39, 'name': 'mid_freq', 'HIT@5': '0.0039', 'NDCG@5': '0.0027', 'HIT@10': '0.0052', 'NDCG@10': '0.0031', 'HIT@20': '0.0070', 'NDCG@20': '0.0036'}
{'Epoch': 39, 'name': 'low_freq', 'HIT@5': '0.0016', 'NDCG@5': '0.0011', 'HIT@10': '0.0041', 'NDCG@10': '0.0018', 'HIT@20': '0.0057', 'NDCG@20': '0.0022'}
{'Epoch': 39, 'name': 'all', 'HIT@5': '0.0248', 'NDCG@5': '0.0161', 'HIT@10': '0.0395', 'NDCG@10': '0.0208', 'HIT@20': '0.0623', 'NDCG@20': '0.0265'}
Validation score increased.  Saving model ...
rec dataset length: 186
100%|█████████████████████████████████████████████████████████████████████████████████████████████████████████████████████████████████████████| 186/186 [01:37<00:00,  1.91it/s]
{'epoch': 40, 'rec_avg_loss': '0.6125', 'joint_avg_loss': '0.7402', 'cl_avg_loss': '1.2772', 'itemcl_loss': '0.0000', 'cl_pair_0_loss': '1.2772'}
Recommendation EP_test:40: 100%|| 35/35 [00:08<00:00,  4.25it/s]
{'Epoch': 40, 'name': 'high_freq', 'HIT@5': '0.0357', 'NDCG@5': '0.0229', 'HIT@10': '0.0573', 'NDCG@10': '0.0298', 'HIT@20': '0.0894', 'NDCG@20': '0.0378'}
{'Epoch': 40, 'name': 'mid_freq', 'HIT@5': '0.0034', 'NDCG@5': '0.0025', 'HIT@10': '0.0049', 'NDCG@10': '0.0030', 'HIT@20': '0.0066', 'NDCG@20': '0.0034'}
{'Epoch': 40, 'name': 'low_freq', 'HIT@5': '0.0018', 'NDCG@5': '0.0012', 'HIT@10': '0.0043', 'NDCG@10': '0.0020', 'HIT@20': '0.0066', 'NDCG@20': '0.0026'}
{'Epoch': 40, 'name': 'all', 'HIT@5': '0.0252', 'NDCG@5': '0.0162', 'HIT@10': '0.0405', 'NDCG@10': '0.0211', 'HIT@20': '0.0630', 'NDCG@20': '0.0267'}
Validation score increased.  Saving model ...
rec dataset length: 186
100%|█████████████████████████████████████████████████████████████████████████████████████████████████████████████████████████████████████████| 186/186 [01:37<00:00,  1.91it/s]
{'epoch': 41, 'rec_avg_loss': '0.6068', 'joint_avg_loss': '0.7336', 'cl_avg_loss': '1.2677', 'itemcl_loss': '0.0000', 'cl_pair_0_loss': '1.2677'}
Recommendation EP_test:41: 100%|| 35/35 [00:08<00:00,  4.32it/s]
{'Epoch': 41, 'name': 'high_freq', 'HIT@5': '0.0349', 'NDCG@5': '0.0224', 'HIT@10': '0.0561', 'NDCG@10': '0.0292', 'HIT@20': '0.0879', 'NDCG@20': '0.0372'}
{'Epoch': 41, 'name': 'mid_freq', 'HIT@5': '0.0039', 'NDCG@5': '0.0026', 'HIT@10': '0.0049', 'NDCG@10': '0.0030', 'HIT@20': '0.0066', 'NDCG@20': '0.0034'}
{'Epoch': 41, 'name': 'low_freq', 'HIT@5': '0.0020', 'NDCG@5': '0.0012', 'HIT@10': '0.0045', 'NDCG@10': '0.0019', 'HIT@20': '0.0063', 'NDCG@20': '0.0024'}
{'Epoch': 41, 'name': 'all', 'HIT@5': '0.0247', 'NDCG@5': '0.0159', 'HIT@10': '0.0397', 'NDCG@10': '0.0207', 'HIT@20': '0.0619', 'NDCG@20': '0.0263'}
EarlyStopping counter: 1 out of 40
rec dataset length: 186
100%|█████████████████████████████████████████████████████████████████████████████████████████████████████████████████████████████████████████| 186/186 [01:38<00:00,  1.90it/s]
{'epoch': 42, 'rec_avg_loss': '0.6020', 'joint_avg_loss': '0.7277', 'cl_avg_loss': '1.2578', 'itemcl_loss': '0.0000', 'cl_pair_0_loss': '1.2578'}
Recommendation EP_test:42: 100%|| 35/35 [00:08<00:00,  4.35it/s]
{'Epoch': 42, 'name': 'high_freq', 'HIT@5': '0.0363', 'NDCG@5': '0.0236', 'HIT@10': '0.0571', 'NDCG@10': '0.0303', 'HIT@20': '0.0892', 'NDCG@20': '0.0383'}
{'Epoch': 42, 'name': 'mid_freq', 'HIT@5': '0.0045', 'NDCG@5': '0.0029', 'HIT@10': '0.0057', 'NDCG@10': '0.0034', 'HIT@20': '0.0072', 'NDCG@20': '0.0037'}
{'Epoch': 42, 'name': 'low_freq', 'HIT@5': '0.0020', 'NDCG@5': '0.0010', 'HIT@10': '0.0038', 'NDCG@10': '0.0016', 'HIT@20': '0.0070', 'NDCG@20': '0.0024'}
{'Epoch': 42, 'name': 'all', 'HIT@5': '0.0258', 'NDCG@5': '0.0168', 'HIT@10': '0.0405', 'NDCG@10': '0.0214', 'HIT@20': '0.0630', 'NDCG@20': '0.0271'}
Validation score increased.  Saving model ...
rec dataset length: 186
100%|█████████████████████████████████████████████████████████████████████████████████████████████████████████████████████████████████████████| 186/186 [01:39<00:00,  1.86it/s]
{'epoch': 43, 'rec_avg_loss': '0.5961', 'joint_avg_loss': '0.7215', 'cl_avg_loss': '1.2542', 'itemcl_loss': '0.0000', 'cl_pair_0_loss': '1.2542'}
Recommendation EP_test:43: 100%|| 35/35 [00:08<00:00,  4.25it/s]
{'Epoch': 43, 'name': 'high_freq', 'HIT@5': '0.0361', 'NDCG@5': '0.0233', 'HIT@10': '0.0573', 'NDCG@10': '0.0300', 'HIT@20': '0.0901', 'NDCG@20': '0.0383'}
{'Epoch': 43, 'name': 'mid_freq', 'HIT@5': '0.0040', 'NDCG@5': '0.0027', 'HIT@10': '0.0052', 'NDCG@10': '0.0031', 'HIT@20': '0.0075', 'NDCG@20': '0.0037'}
{'Epoch': 43, 'name': 'low_freq', 'HIT@5': '0.0016', 'NDCG@5': '0.0010', 'HIT@10': '0.0043', 'NDCG@10': '0.0019', 'HIT@20': '0.0061', 'NDCG@20': '0.0023'}
{'Epoch': 43, 'name': 'all', 'HIT@5': '0.0256', 'NDCG@5': '0.0165', 'HIT@10': '0.0405', 'NDCG@10': '0.0213', 'HIT@20': '0.0635', 'NDCG@20': '0.0270'}
EarlyStopping counter: 1 out of 40
rec dataset length: 186
100%|█████████████████████████████████████████████████████████████████████████████████████████████████████████████████████████████████████████| 186/186 [01:37<00:00,  1.91it/s]
{'epoch': 44, 'rec_avg_loss': '0.5904', 'joint_avg_loss': '0.7146', 'cl_avg_loss': '1.2417', 'itemcl_loss': '0.0000', 'cl_pair_0_loss': '1.2417'}
Recommendation EP_test:44: 100%|| 35/35 [00:08<00:00,  4.19it/s]
{'Epoch': 44, 'name': 'high_freq', 'HIT@5': '0.0346', 'NDCG@5': '0.0227', 'HIT@10': '0.0561', 'NDCG@10': '0.0296', 'HIT@20': '0.0893', 'NDCG@20': '0.0379'}
{'Epoch': 44, 'name': 'mid_freq', 'HIT@5': '0.0039', 'NDCG@5': '0.0025', 'HIT@10': '0.0052', 'NDCG@10': '0.0029', 'HIT@20': '0.0073', 'NDCG@20': '0.0035'}
{'Epoch': 44, 'name': 'low_freq', 'HIT@5': '0.0023', 'NDCG@5': '0.0014', 'HIT@10': '0.0034', 'NDCG@10': '0.0018', 'HIT@20': '0.0054', 'NDCG@20': '0.0023'}
{'Epoch': 44, 'name': 'all', 'HIT@5': '0.0246', 'NDCG@5': '0.0161', 'HIT@10': '0.0396', 'NDCG@10': '0.0209', 'HIT@20': '0.0629', 'NDCG@20': '0.0268'}
EarlyStopping counter: 2 out of 40
rec dataset length: 186
100%|█████████████████████████████████████████████████████████████████████████████████████████████████████████████████████████████████████████| 186/186 [01:37<00:00,  1.91it/s]
{'epoch': 45, 'rec_avg_loss': '0.5874', 'joint_avg_loss': '0.7112', 'cl_avg_loss': '1.2378', 'itemcl_loss': '0.0000', 'cl_pair_0_loss': '1.2378'}
Recommendation EP_test:45: 100%|| 35/35 [00:08<00:00,  4.24it/s]
{'Epoch': 45, 'name': 'high_freq', 'HIT@5': '0.0342', 'NDCG@5': '0.0223', 'HIT@10': '0.0571', 'NDCG@10': '0.0296', 'HIT@20': '0.0900', 'NDCG@20': '0.0379'}
{'Epoch': 45, 'name': 'mid_freq', 'HIT@5': '0.0040', 'NDCG@5': '0.0027', 'HIT@10': '0.0053', 'NDCG@10': '0.0032', 'HIT@20': '0.0076', 'NDCG@20': '0.0037'}
{'Epoch': 45, 'name': 'low_freq', 'HIT@5': '0.0029', 'NDCG@5': '0.0017', 'HIT@10': '0.0043', 'NDCG@10': '0.0022', 'HIT@20': '0.0063', 'NDCG@20': '0.0027'}
{'Epoch': 45, 'name': 'all', 'HIT@5': '0.0244', 'NDCG@5': '0.0159', 'HIT@10': '0.0405', 'NDCG@10': '0.0210', 'HIT@20': '0.0635', 'NDCG@20': '0.0268'}
EarlyStopping counter: 3 out of 40
rec dataset length: 186
100%|█████████████████████████████████████████████████████████████████████████████████████████████████████████████████████████████████████████| 186/186 [01:37<00:00,  1.91it/s]
{'epoch': 46, 'rec_avg_loss': '0.5803', 'joint_avg_loss': '0.7050', 'cl_avg_loss': '1.2469', 'itemcl_loss': '0.0000', 'cl_pair_0_loss': '1.2469'}
Recommendation EP_test:46: 100%|| 35/35 [00:08<00:00,  4.26it/s]
{'Epoch': 46, 'name': 'high_freq', 'HIT@5': '0.0348', 'NDCG@5': '0.0221', 'HIT@10': '0.0571', 'NDCG@10': '0.0292', 'HIT@20': '0.0892', 'NDCG@20': '0.0373'}
{'Epoch': 46, 'name': 'mid_freq', 'HIT@5': '0.0040', 'NDCG@5': '0.0027', 'HIT@10': '0.0050', 'NDCG@10': '0.0030', 'HIT@20': '0.0076', 'NDCG@20': '0.0037'}
{'Epoch': 46, 'name': 'low_freq', 'HIT@5': '0.0023', 'NDCG@5': '0.0011', 'HIT@10': '0.0043', 'NDCG@10': '0.0018', 'HIT@20': '0.0061', 'NDCG@20': '0.0023'}
{'Epoch': 46, 'name': 'all', 'HIT@5': '0.0247', 'NDCG@5': '0.0157', 'HIT@10': '0.0403', 'NDCG@10': '0.0207', 'HIT@20': '0.0629', 'NDCG@20': '0.0264'}
EarlyStopping counter: 4 out of 40
rec dataset length: 186
100%|█████████████████████████████████████████████████████████████████████████████████████████████████████████████████████████████████████████| 186/186 [01:37<00:00,  1.92it/s]
{'epoch': 47, 'rec_avg_loss': '0.5791', 'joint_avg_loss': '0.7019', 'cl_avg_loss': '1.2279', 'itemcl_loss': '0.0000', 'cl_pair_0_loss': '1.2279'}
Recommendation EP_test:47: 100%|| 35/35 [00:08<00:00,  4.19it/s]
{'Epoch': 47, 'name': 'high_freq', 'HIT@5': '0.0357', 'NDCG@5': '0.0229', 'HIT@10': '0.0577', 'NDCG@10': '0.0299', 'HIT@20': '0.0912', 'NDCG@20': '0.0383'}
{'Epoch': 47, 'name': 'mid_freq', 'HIT@5': '0.0043', 'NDCG@5': '0.0028', 'HIT@10': '0.0060', 'NDCG@10': '0.0034', 'HIT@20': '0.0088', 'NDCG@20': '0.0041'}
{'Epoch': 47, 'name': 'low_freq', 'HIT@5': '0.0032', 'NDCG@5': '0.0016', 'HIT@10': '0.0052', 'NDCG@10': '0.0023', 'HIT@20': '0.0068', 'NDCG@20': '0.0027'}
{'Epoch': 47, 'name': 'all', 'HIT@5': '0.0255', 'NDCG@5': '0.0163', 'HIT@10': '0.0411', 'NDCG@10': '0.0213', 'HIT@20': '0.0646', 'NDCG@20': '0.0272'}
Validation score increased.  Saving model ...
rec dataset length: 186
100%|█████████████████████████████████████████████████████████████████████████████████████████████████████████████████████████████████████████| 186/186 [01:37<00:00,  1.91it/s]
{'epoch': 48, 'rec_avg_loss': '0.5751', 'joint_avg_loss': '0.6971', 'cl_avg_loss': '1.2206', 'itemcl_loss': '0.0000', 'cl_pair_0_loss': '1.2206'}
Recommendation EP_test:48: 100%|| 35/35 [00:08<00:00,  4.34it/s]
{'Epoch': 48, 'name': 'high_freq', 'HIT@5': '0.0341', 'NDCG@5': '0.0220', 'HIT@10': '0.0571', 'NDCG@10': '0.0294', 'HIT@20': '0.0908', 'NDCG@20': '0.0379'}
{'Epoch': 48, 'name': 'mid_freq', 'HIT@5': '0.0036', 'NDCG@5': '0.0023', 'HIT@10': '0.0052', 'NDCG@10': '0.0028', 'HIT@20': '0.0069', 'NDCG@20': '0.0033'}
{'Epoch': 48, 'name': 'low_freq', 'HIT@5': '0.0014', 'NDCG@5': '0.0007', 'HIT@10': '0.0043', 'NDCG@10': '0.0016', 'HIT@20': '0.0061', 'NDCG@20': '0.0021'}
{'Epoch': 48, 'name': 'all', 'HIT@5': '0.0241', 'NDCG@5': '0.0155', 'HIT@10': '0.0404', 'NDCG@10': '0.0208', 'HIT@20': '0.0639', 'NDCG@20': '0.0267'}
EarlyStopping counter: 1 out of 40
rec dataset length: 186
100%|█████████████████████████████████████████████████████████████████████████████████████████████████████████████████████████████████████████| 186/186 [01:37<00:00,  1.91it/s]
{'epoch': 49, 'rec_avg_loss': '0.5698', 'joint_avg_loss': '0.6907', 'cl_avg_loss': '1.2097', 'itemcl_loss': '0.0000', 'cl_pair_0_loss': '1.2097'}
Recommendation EP_test:49: 100%|| 35/35 [00:08<00:00,  4.35it/s]
{'Epoch': 49, 'name': 'high_freq', 'HIT@5': '0.0359', 'NDCG@5': '0.0228', 'HIT@10': '0.0577', 'NDCG@10': '0.0298', 'HIT@20': '0.0894', 'NDCG@20': '0.0378'}
{'Epoch': 49, 'name': 'mid_freq', 'HIT@5': '0.0034', 'NDCG@5': '0.0026', 'HIT@10': '0.0049', 'NDCG@10': '0.0030', 'HIT@20': '0.0083', 'NDCG@20': '0.0039'}
{'Epoch': 49, 'name': 'low_freq', 'HIT@5': '0.0025', 'NDCG@5': '0.0014', 'HIT@10': '0.0048', 'NDCG@10': '0.0021', 'HIT@20': '0.0068', 'NDCG@20': '0.0027'}
{'Epoch': 49, 'name': 'all', 'HIT@5': '0.0254', 'NDCG@5': '0.0162', 'HIT@10': '0.0408', 'NDCG@10': '0.0211', 'HIT@20': '0.0633', 'NDCG@20': '0.0268'}
EarlyStopping counter: 2 out of 40
rec dataset length: 186
100%|█████████████████████████████████████████████████████████████████████████████████████████████████████████████████████████████████████████| 186/186 [01:37<00:00,  1.92it/s]
{'epoch': 50, 'rec_avg_loss': '0.5655', 'joint_avg_loss': '0.6853', 'cl_avg_loss': '1.1980', 'itemcl_loss': '0.0000', 'cl_pair_0_loss': '1.1980'}
Recommendation EP_test:50: 100%|| 35/35 [00:08<00:00,  4.33it/s]
{'Epoch': 50, 'name': 'high_freq', 'HIT@5': '0.0350', 'NDCG@5': '0.0225', 'HIT@10': '0.0565', 'NDCG@10': '0.0295', 'HIT@20': '0.0907', 'NDCG@20': '0.0381'}
{'Epoch': 50, 'name': 'mid_freq', 'HIT@5': '0.0034', 'NDCG@5': '0.0023', 'HIT@10': '0.0056', 'NDCG@10': '0.0031', 'HIT@20': '0.0083', 'NDCG@20': '0.0037'}
{'Epoch': 50, 'name': 'low_freq', 'HIT@5': '0.0027', 'NDCG@5': '0.0016', 'HIT@10': '0.0048', 'NDCG@10': '0.0023', 'HIT@20': '0.0063', 'NDCG@20': '0.0027'}
{'Epoch': 50, 'name': 'all', 'HIT@5': '0.0248', 'NDCG@5': '0.0160', 'HIT@10': '0.0401', 'NDCG@10': '0.0209', 'HIT@20': '0.0641', 'NDCG@20': '0.0270'}
EarlyStopping counter: 3 out of 40
rec dataset length: 186
100%|█████████████████████████████████████████████████████████████████████████████████████████████████████████████████████████████████████████| 186/186 [01:37<00:00,  1.91it/s]
{'epoch': 51, 'rec_avg_loss': '0.5630', 'joint_avg_loss': '0.6840', 'cl_avg_loss': '1.2092', 'itemcl_loss': '0.0000', 'cl_pair_0_loss': '1.2092'}
Recommendation EP_test:51: 100%|| 35/35 [00:08<00:00,  4.28it/s]
{'Epoch': 51, 'name': 'high_freq', 'HIT@5': '0.0362', 'NDCG@5': '0.0232', 'HIT@10': '0.0587', 'NDCG@10': '0.0304', 'HIT@20': '0.0923', 'NDCG@20': '0.0389'}
{'Epoch': 51, 'name': 'mid_freq', 'HIT@5': '0.0039', 'NDCG@5': '0.0025', 'HIT@10': '0.0057', 'NDCG@10': '0.0031', 'HIT@20': '0.0086', 'NDCG@20': '0.0039'}
{'Epoch': 51, 'name': 'low_freq', 'HIT@5': '0.0029', 'NDCG@5': '0.0016', 'HIT@10': '0.0057', 'NDCG@10': '0.0025', 'HIT@20': '0.0068', 'NDCG@20': '0.0028'}
{'Epoch': 51, 'name': 'all', 'HIT@5': '0.0258', 'NDCG@5': '0.0165', 'HIT@10': '0.0417', 'NDCG@10': '0.0216', 'HIT@20': '0.0653', 'NDCG@20': '0.0275'}
Validation score increased.  Saving model ...
rec dataset length: 186
100%|█████████████████████████████████████████████████████████████████████████████████████████████████████████████████████████████████████████| 186/186 [01:37<00:00,  1.92it/s]
{'epoch': 52, 'rec_avg_loss': '0.5598', 'joint_avg_loss': '0.6787', 'cl_avg_loss': '1.1893', 'itemcl_loss': '0.0000', 'cl_pair_0_loss': '1.1893'}
Recommendation EP_test:52: 100%|| 35/35 [00:08<00:00,  4.25it/s]
{'Epoch': 52, 'name': 'high_freq', 'HIT@5': '0.0351', 'NDCG@5': '0.0228', 'HIT@10': '0.0568', 'NDCG@10': '0.0297', 'HIT@20': '0.0908', 'NDCG@20': '0.0383'}
{'Epoch': 52, 'name': 'mid_freq', 'HIT@5': '0.0039', 'NDCG@5': '0.0024', 'HIT@10': '0.0049', 'NDCG@10': '0.0028', 'HIT@20': '0.0078', 'NDCG@20': '0.0035'}
{'Epoch': 52, 'name': 'low_freq', 'HIT@5': '0.0029', 'NDCG@5': '0.0016', 'HIT@10': '0.0050', 'NDCG@10': '0.0023', 'HIT@20': '0.0061', 'NDCG@20': '0.0026'}
{'Epoch': 52, 'name': 'all', 'HIT@5': '0.0250', 'NDCG@5': '0.0162', 'HIT@10': '0.0402', 'NDCG@10': '0.0211', 'HIT@20': '0.0640', 'NDCG@20': '0.0271'}
EarlyStopping counter: 1 out of 40
rec dataset length: 186
100%|█████████████████████████████████████████████████████████████████████████████████████████████████████████████████████████████████████████| 186/186 [01:37<00:00,  1.91it/s]
{'epoch': 53, 'rec_avg_loss': '0.5529', 'joint_avg_loss': '0.6724', 'cl_avg_loss': '1.1945', 'itemcl_loss': '0.0000', 'cl_pair_0_loss': '1.1945'}
Recommendation EP_test:53: 100%|| 35/35 [00:08<00:00,  4.25it/s]
{'Epoch': 53, 'name': 'high_freq', 'HIT@5': '0.0368', 'NDCG@5': '0.0240', 'HIT@10': '0.0586', 'NDCG@10': '0.0310', 'HIT@20': '0.0927', 'NDCG@20': '0.0395'}
{'Epoch': 53, 'name': 'mid_freq', 'HIT@5': '0.0037', 'NDCG@5': '0.0025', 'HIT@10': '0.0055', 'NDCG@10': '0.0030', 'HIT@20': '0.0088', 'NDCG@20': '0.0039'}
{'Epoch': 53, 'name': 'low_freq', 'HIT@5': '0.0038', 'NDCG@5': '0.0020', 'HIT@10': '0.0059', 'NDCG@10': '0.0027', 'HIT@20': '0.0075', 'NDCG@20': '0.0031'}
{'Epoch': 53, 'name': 'all', 'HIT@5': '0.0262', 'NDCG@5': '0.0171', 'HIT@10': '0.0416', 'NDCG@10': '0.0220', 'HIT@20': '0.0657', 'NDCG@20': '0.0280'}
Validation score increased.  Saving model ...
rec dataset length: 186
100%|█████████████████████████████████████████████████████████████████████████████████████████████████████████████████████████████████████████| 186/186 [01:37<00:00,  1.91it/s]
{'epoch': 54, 'rec_avg_loss': '0.5493', 'joint_avg_loss': '0.6684', 'cl_avg_loss': '1.1917', 'itemcl_loss': '0.0000', 'cl_pair_0_loss': '1.1917'}
Recommendation EP_test:54: 100%|| 35/35 [00:08<00:00,  4.26it/s]
{'Epoch': 54, 'name': 'high_freq', 'HIT@5': '0.0374', 'NDCG@5': '0.0242', 'HIT@10': '0.0592', 'NDCG@10': '0.0312', 'HIT@20': '0.0911', 'NDCG@20': '0.0392'}
{'Epoch': 54, 'name': 'mid_freq', 'HIT@5': '0.0040', 'NDCG@5': '0.0026', 'HIT@10': '0.0050', 'NDCG@10': '0.0029', 'HIT@20': '0.0098', 'NDCG@20': '0.0041'}
{'Epoch': 54, 'name': 'low_freq', 'HIT@5': '0.0032', 'NDCG@5': '0.0022', 'HIT@10': '0.0059', 'NDCG@10': '0.0031', 'HIT@20': '0.0070', 'NDCG@20': '0.0034'}
{'Epoch': 54, 'name': 'all', 'HIT@5': '0.0266', 'NDCG@5': '0.0173', 'HIT@10': '0.0420', 'NDCG@10': '0.0222', 'HIT@20': '0.0647', 'NDCG@20': '0.0279'}
EarlyStopping counter: 1 out of 40
rec dataset length: 186
100%|█████████████████████████████████████████████████████████████████████████████████████████████████████████████████████████████████████████| 186/186 [01:37<00:00,  1.91it/s]
{'epoch': 55, 'rec_avg_loss': '0.5426', 'joint_avg_loss': '0.6613', 'cl_avg_loss': '1.1866', 'itemcl_loss': '0.0000', 'cl_pair_0_loss': '1.1866'}
Recommendation EP_test:55: 100%|| 35/35 [00:08<00:00,  4.18it/s]
{'Epoch': 55, 'name': 'high_freq', 'HIT@5': '0.0364', 'NDCG@5': '0.0237', 'HIT@10': '0.0593', 'NDCG@10': '0.0311', 'HIT@20': '0.0921', 'NDCG@20': '0.0393'}
{'Epoch': 55, 'name': 'mid_freq', 'HIT@5': '0.0043', 'NDCG@5': '0.0028', 'HIT@10': '0.0060', 'NDCG@10': '0.0034', 'HIT@20': '0.0098', 'NDCG@20': '0.0043'}
{'Epoch': 55, 'name': 'low_freq', 'HIT@5': '0.0038', 'NDCG@5': '0.0023', 'HIT@10': '0.0052', 'NDCG@10': '0.0027', 'HIT@20': '0.0072', 'NDCG@20': '0.0032'}
{'Epoch': 55, 'name': 'all', 'HIT@5': '0.0261', 'NDCG@5': '0.0170', 'HIT@10': '0.0422', 'NDCG@10': '0.0221', 'HIT@20': '0.0655', 'NDCG@20': '0.0280'}
EarlyStopping counter: 2 out of 40
rec dataset length: 186
100%|█████████████████████████████████████████████████████████████████████████████████████████████████████████████████████████████████████████| 186/186 [01:37<00:00,  1.91it/s]
{'epoch': 56, 'rec_avg_loss': '0.5434', 'joint_avg_loss': '0.6623', 'cl_avg_loss': '1.1889', 'itemcl_loss': '0.0000', 'cl_pair_0_loss': '1.1889'}
Recommendation EP_test:56: 100%|| 35/35 [00:08<00:00,  4.27it/s]
{'Epoch': 56, 'name': 'high_freq', 'HIT@5': '0.0366', 'NDCG@5': '0.0234', 'HIT@10': '0.0583', 'NDCG@10': '0.0304', 'HIT@20': '0.0922', 'NDCG@20': '0.0389'}
{'Epoch': 56, 'name': 'mid_freq', 'HIT@5': '0.0049', 'NDCG@5': '0.0031', 'HIT@10': '0.0068', 'NDCG@10': '0.0037', 'HIT@20': '0.0101', 'NDCG@20': '0.0046'}
{'Epoch': 56, 'name': 'low_freq', 'HIT@5': '0.0041', 'NDCG@5': '0.0023', 'HIT@10': '0.0057', 'NDCG@10': '0.0028', 'HIT@20': '0.0075', 'NDCG@20': '0.0032'}
{'Epoch': 56, 'name': 'all', 'HIT@5': '0.0263', 'NDCG@5': '0.0168', 'HIT@10': '0.0417', 'NDCG@10': '0.0217', 'HIT@20': '0.0656', 'NDCG@20': '0.0277'}
EarlyStopping counter: 3 out of 40
rec dataset length: 186
100%|█████████████████████████████████████████████████████████████████████████████████████████████████████████████████████████████████████████| 186/186 [01:37<00:00,  1.91it/s]
{'epoch': 57, 'rec_avg_loss': '0.5414', 'joint_avg_loss': '0.6587', 'cl_avg_loss': '1.1725', 'itemcl_loss': '0.0000', 'cl_pair_0_loss': '1.1725'}
Recommendation EP_test:57: 100%|| 35/35 [00:08<00:00,  4.25it/s]
{'Epoch': 57, 'name': 'high_freq', 'HIT@5': '0.0359', 'NDCG@5': '0.0238', 'HIT@10': '0.0578', 'NDCG@10': '0.0309', 'HIT@20': '0.0906', 'NDCG@20': '0.0391'}
{'Epoch': 57, 'name': 'mid_freq', 'HIT@5': '0.0045', 'NDCG@5': '0.0030', 'HIT@10': '0.0070', 'NDCG@10': '0.0039', 'HIT@20': '0.0089', 'NDCG@20': '0.0043'}
{'Epoch': 57, 'name': 'low_freq', 'HIT@5': '0.0027', 'NDCG@5': '0.0018', 'HIT@10': '0.0054', 'NDCG@10': '0.0027', 'HIT@20': '0.0072', 'NDCG@20': '0.0032'}
{'Epoch': 57, 'name': 'all', 'HIT@5': '0.0256', 'NDCG@5': '0.0170', 'HIT@10': '0.0414', 'NDCG@10': '0.0221', 'HIT@20': '0.0643', 'NDCG@20': '0.0278'}
EarlyStopping counter: 4 out of 40
rec dataset length: 186
100%|█████████████████████████████████████████████████████████████████████████████████████████████████████████████████████████████████████████| 186/186 [01:37<00:00,  1.91it/s]
{'epoch': 58, 'rec_avg_loss': '0.5381', 'joint_avg_loss': '0.6549', 'cl_avg_loss': '1.1685', 'itemcl_loss': '0.0000', 'cl_pair_0_loss': '1.1685'}
Recommendation EP_test:58: 100%|| 35/35 [00:08<00:00,  4.35it/s]
{'Epoch': 58, 'name': 'high_freq', 'HIT@5': '0.0375', 'NDCG@5': '0.0244', 'HIT@10': '0.0587', 'NDCG@10': '0.0312', 'HIT@20': '0.0925', 'NDCG@20': '0.0397'}
{'Epoch': 58, 'name': 'mid_freq', 'HIT@5': '0.0046', 'NDCG@5': '0.0032', 'HIT@10': '0.0065', 'NDCG@10': '0.0038', 'HIT@20': '0.0103', 'NDCG@20': '0.0048'}
{'Epoch': 58, 'name': 'low_freq', 'HIT@5': '0.0038', 'NDCG@5': '0.0023', 'HIT@10': '0.0061', 'NDCG@10': '0.0030', 'HIT@20': '0.0079', 'NDCG@20': '0.0035'}
{'Epoch': 58, 'name': 'all', 'HIT@5': '0.0269', 'NDCG@5': '0.0175', 'HIT@10': '0.0420', 'NDCG@10': '0.0223', 'HIT@20': '0.0660', 'NDCG@20': '0.0284'}
Validation score increased.  Saving model ...
rec dataset length: 186
100%|█████████████████████████████████████████████████████████████████████████████████████████████████████████████████████████████████████████| 186/186 [01:37<00:00,  1.91it/s]
{'epoch': 59, 'rec_avg_loss': '0.5349', 'joint_avg_loss': '0.6507', 'cl_avg_loss': '1.1574', 'itemcl_loss': '0.0000', 'cl_pair_0_loss': '1.1574'}
Recommendation EP_test:59: 100%|| 35/35 [00:08<00:00,  4.21it/s]
{'Epoch': 59, 'name': 'high_freq', 'HIT@5': '0.0373', 'NDCG@5': '0.0241', 'HIT@10': '0.0593', 'NDCG@10': '0.0312', 'HIT@20': '0.0922', 'NDCG@20': '0.0395'}
{'Epoch': 59, 'name': 'mid_freq', 'HIT@5': '0.0045', 'NDCG@5': '0.0031', 'HIT@10': '0.0065', 'NDCG@10': '0.0037', 'HIT@20': '0.0095', 'NDCG@20': '0.0044'}
{'Epoch': 59, 'name': 'low_freq', 'HIT@5': '0.0029', 'NDCG@5': '0.0018', 'HIT@10': '0.0054', 'NDCG@10': '0.0026', 'HIT@20': '0.0075', 'NDCG@20': '0.0031'}
{'Epoch': 59, 'name': 'all', 'HIT@5': '0.0266', 'NDCG@5': '0.0172', 'HIT@10': '0.0422', 'NDCG@10': '0.0223', 'HIT@20': '0.0655', 'NDCG@20': '0.0281'}
EarlyStopping counter: 1 out of 40
rec dataset length: 186
100%|█████████████████████████████████████████████████████████████████████████████████████████████████████████████████████████████████████████| 186/186 [01:36<00:00,  1.92it/s]
{'epoch': 60, 'rec_avg_loss': '0.5317', 'joint_avg_loss': '0.6471', 'cl_avg_loss': '1.1546', 'itemcl_loss': '0.0000', 'cl_pair_0_loss': '1.1546'}
Recommendation EP_test:60: 100%|| 35/35 [00:08<00:00,  4.15it/s]
{'Epoch': 60, 'name': 'high_freq', 'HIT@5': '0.0372', 'NDCG@5': '0.0242', 'HIT@10': '0.0583', 'NDCG@10': '0.0310', 'HIT@20': '0.0903', 'NDCG@20': '0.0391'}
{'Epoch': 60, 'name': 'mid_freq', 'HIT@5': '0.0045', 'NDCG@5': '0.0033', 'HIT@10': '0.0062', 'NDCG@10': '0.0039', 'HIT@20': '0.0112', 'NDCG@20': '0.0052'}
{'Epoch': 60, 'name': 'low_freq', 'HIT@5': '0.0027', 'NDCG@5': '0.0017', 'HIT@10': '0.0054', 'NDCG@10': '0.0026', 'HIT@20': '0.0075', 'NDCG@20': '0.0031'}
{'Epoch': 60, 'name': 'all', 'HIT@5': '0.0265', 'NDCG@5': '0.0173', 'HIT@10': '0.0416', 'NDCG@10': '0.0222', 'HIT@20': '0.0645', 'NDCG@20': '0.0280'}
EarlyStopping counter: 2 out of 40
rec dataset length: 186
100%|█████████████████████████████████████████████████████████████████████████████████████████████████████████████████████████████████████████| 186/186 [01:37<00:00,  1.91it/s]
{'epoch': 61, 'rec_avg_loss': '0.5268', 'joint_avg_loss': '0.6420', 'cl_avg_loss': '1.1526', 'itemcl_loss': '0.0000', 'cl_pair_0_loss': '1.1526'}
Recommendation EP_test:61: 100%|| 35/35 [00:08<00:00,  4.05it/s]
{'Epoch': 61, 'name': 'high_freq', 'HIT@5': '0.0379', 'NDCG@5': '0.0246', 'HIT@10': '0.0585', 'NDCG@10': '0.0313', 'HIT@20': '0.0916', 'NDCG@20': '0.0396'}
{'Epoch': 61, 'name': 'mid_freq', 'HIT@5': '0.0047', 'NDCG@5': '0.0031', 'HIT@10': '0.0072', 'NDCG@10': '0.0039', 'HIT@20': '0.0108', 'NDCG@20': '0.0048'}
{'Epoch': 61, 'name': 'low_freq', 'HIT@5': '0.0036', 'NDCG@5': '0.0022', 'HIT@10': '0.0050', 'NDCG@10': '0.0027', 'HIT@20': '0.0072', 'NDCG@20': '0.0033'}
{'Epoch': 61, 'name': 'all', 'HIT@5': '0.0272', 'NDCG@5': '0.0176', 'HIT@10': '0.0418', 'NDCG@10': '0.0224', 'HIT@20': '0.0653', 'NDCG@20': '0.0283'}
EarlyStopping counter: 3 out of 40
rec dataset length: 186
100%|█████████████████████████████████████████████████████████████████████████████████████████████████████████████████████████████████████████| 186/186 [01:37<00:00,  1.92it/s]
{'epoch': 62, 'rec_avg_loss': '0.5266', 'joint_avg_loss': '0.6418', 'cl_avg_loss': '1.1514', 'itemcl_loss': '0.0000', 'cl_pair_0_loss': '1.1514'}
Recommendation EP_test:62: 100%|| 35/35 [00:08<00:00,  4.19it/s]
{'Epoch': 62, 'name': 'high_freq', 'HIT@5': '0.0378', 'NDCG@5': '0.0244', 'HIT@10': '0.0593', 'NDCG@10': '0.0313', 'HIT@20': '0.0932', 'NDCG@20': '0.0398'}
{'Epoch': 62, 'name': 'mid_freq', 'HIT@5': '0.0039', 'NDCG@5': '0.0029', 'HIT@10': '0.0060', 'NDCG@10': '0.0035', 'HIT@20': '0.0096', 'NDCG@20': '0.0045'}
{'Epoch': 62, 'name': 'low_freq', 'HIT@5': '0.0036', 'NDCG@5': '0.0022', 'HIT@10': '0.0052', 'NDCG@10': '0.0028', 'HIT@20': '0.0072', 'NDCG@20': '0.0033'}
{'Epoch': 62, 'name': 'all', 'HIT@5': '0.0269', 'NDCG@5': '0.0174', 'HIT@10': '0.0422', 'NDCG@10': '0.0223', 'HIT@20': '0.0662', 'NDCG@20': '0.0284'}
EarlyStopping counter: 4 out of 40
rec dataset length: 186
100%|█████████████████████████████████████████████████████████████████████████████████████████████████████████████████████████████████████████| 186/186 [01:37<00:00,  1.92it/s]
{'epoch': 63, 'rec_avg_loss': '0.5206', 'joint_avg_loss': '0.6337', 'cl_avg_loss': '1.1311', 'itemcl_loss': '0.0000', 'cl_pair_0_loss': '1.1311'}
Recommendation EP_test:63: 100%|| 35/35 [00:08<00:00,  4.24it/s]
{'Epoch': 63, 'name': 'high_freq', 'HIT@5': '0.0383', 'NDCG@5': '0.0249', 'HIT@10': '0.0595', 'NDCG@10': '0.0317', 'HIT@20': '0.0932', 'NDCG@20': '0.0402'}
{'Epoch': 63, 'name': 'mid_freq', 'HIT@5': '0.0046', 'NDCG@5': '0.0030', 'HIT@10': '0.0065', 'NDCG@10': '0.0036', 'HIT@20': '0.0111', 'NDCG@20': '0.0047'}
{'Epoch': 63, 'name': 'low_freq', 'HIT@5': '0.0036', 'NDCG@5': '0.0023', 'HIT@10': '0.0052', 'NDCG@10': '0.0028', 'HIT@20': '0.0070', 'NDCG@20': '0.0033'}
{'Epoch': 63, 'name': 'all', 'HIT@5': '0.0274', 'NDCG@5': '0.0178', 'HIT@10': '0.0424', 'NDCG@10': '0.0226', 'HIT@20': '0.0664', 'NDCG@20': '0.0287'}
Validation score increased.  Saving model ...
rec dataset length: 186
100%|█████████████████████████████████████████████████████████████████████████████████████████████████████████████████████████████████████████| 186/186 [01:37<00:00,  1.91it/s]
{'epoch': 64, 'rec_avg_loss': '0.5200', 'joint_avg_loss': '0.6336', 'cl_avg_loss': '1.1359', 'itemcl_loss': '0.0000', 'cl_pair_0_loss': '1.1359'}
Recommendation EP_test:64: 100%|| 35/35 [00:08<00:00,  4.11it/s]
{'Epoch': 64, 'name': 'high_freq', 'HIT@5': '0.0382', 'NDCG@5': '0.0252', 'HIT@10': '0.0602', 'NDCG@10': '0.0323', 'HIT@20': '0.0939', 'NDCG@20': '0.0408'}
{'Epoch': 64, 'name': 'mid_freq', 'HIT@5': '0.0043', 'NDCG@5': '0.0030', 'HIT@10': '0.0068', 'NDCG@10': '0.0037', 'HIT@20': '0.0101', 'NDCG@20': '0.0046'}
{'Epoch': 64, 'name': 'low_freq', 'HIT@5': '0.0034', 'NDCG@5': '0.0020', 'HIT@10': '0.0050', 'NDCG@10': '0.0026', 'HIT@20': '0.0075', 'NDCG@20': '0.0032'}
{'Epoch': 64, 'name': 'all', 'HIT@5': '0.0272', 'NDCG@5': '0.0180', 'HIT@10': '0.0429', 'NDCG@10': '0.0231', 'HIT@20': '0.0668', 'NDCG@20': '0.0290'}
Validation score increased.  Saving model ...
rec dataset length: 186
100%|█████████████████████████████████████████████████████████████████████████████████████████████████████████████████████████████████████████| 186/186 [01:36<00:00,  1.92it/s]
{'epoch': 65, 'rec_avg_loss': '0.5175', 'joint_avg_loss': '0.6304', 'cl_avg_loss': '1.1287', 'itemcl_loss': '0.0000', 'cl_pair_0_loss': '1.1287'}
Recommendation EP_test:65: 100%|| 35/35 [00:08<00:00,  4.22it/s]
{'Epoch': 65, 'name': 'high_freq', 'HIT@5': '0.0381', 'NDCG@5': '0.0249', 'HIT@10': '0.0606', 'NDCG@10': '0.0321', 'HIT@20': '0.0929', 'NDCG@20': '0.0402'}
{'Epoch': 65, 'name': 'mid_freq', 'HIT@5': '0.0050', 'NDCG@5': '0.0036', 'HIT@10': '0.0070', 'NDCG@10': '0.0042', 'HIT@20': '0.0102', 'NDCG@20': '0.0050'}
{'Epoch': 65, 'name': 'low_freq', 'HIT@5': '0.0032', 'NDCG@5': '0.0021', 'HIT@10': '0.0061', 'NDCG@10': '0.0030', 'HIT@20': '0.0079', 'NDCG@20': '0.0035'}
{'Epoch': 65, 'name': 'all', 'HIT@5': '0.0273', 'NDCG@5': '0.0179', 'HIT@10': '0.0433', 'NDCG@10': '0.0231', 'HIT@20': '0.0662', 'NDCG@20': '0.0288'}
EarlyStopping counter: 1 out of 40
rec dataset length: 186
100%|█████████████████████████████████████████████████████████████████████████████████████████████████████████████████████████████████████████| 186/186 [01:37<00:00,  1.92it/s]
{'epoch': 66, 'rec_avg_loss': '0.5153', 'joint_avg_loss': '0.6272', 'cl_avg_loss': '1.1191', 'itemcl_loss': '0.0000', 'cl_pair_0_loss': '1.1191'}
Recommendation EP_test:66: 100%|| 35/35 [00:08<00:00,  4.23it/s]
{'Epoch': 66, 'name': 'high_freq', 'HIT@5': '0.0390', 'NDCG@5': '0.0254', 'HIT@10': '0.0601', 'NDCG@10': '0.0322', 'HIT@20': '0.0927', 'NDCG@20': '0.0404'}
{'Epoch': 66, 'name': 'mid_freq', 'HIT@5': '0.0046', 'NDCG@5': '0.0033', 'HIT@10': '0.0072', 'NDCG@10': '0.0041', 'HIT@20': '0.0099', 'NDCG@20': '0.0048'}
{'Epoch': 66, 'name': 'low_freq', 'HIT@5': '0.0038', 'NDCG@5': '0.0019', 'HIT@10': '0.0059', 'NDCG@10': '0.0026', 'HIT@20': '0.0079', 'NDCG@20': '0.0031'}
{'Epoch': 66, 'name': 'all', 'HIT@5': '0.0279', 'NDCG@5': '0.0182', 'HIT@10': '0.0430', 'NDCG@10': '0.0230', 'HIT@20': '0.0660', 'NDCG@20': '0.0288'}
EarlyStopping counter: 2 out of 40
rec dataset length: 186
100%|█████████████████████████████████████████████████████████████████████████████████████████████████████████████████████████████████████████| 186/186 [01:37<00:00,  1.92it/s]
{'epoch': 67, 'rec_avg_loss': '0.5124', 'joint_avg_loss': '0.6243', 'cl_avg_loss': '1.1197', 'itemcl_loss': '0.0000', 'cl_pair_0_loss': '1.1197'}
Recommendation EP_test:67: 100%|| 35/35 [00:08<00:00,  4.33it/s]
{'Epoch': 67, 'name': 'high_freq', 'HIT@5': '0.0378', 'NDCG@5': '0.0250', 'HIT@10': '0.0590', 'NDCG@10': '0.0318', 'HIT@20': '0.0935', 'NDCG@20': '0.0404'}
{'Epoch': 67, 'name': 'mid_freq', 'HIT@5': '0.0050', 'NDCG@5': '0.0035', 'HIT@10': '0.0073', 'NDCG@10': '0.0042', 'HIT@20': '0.0103', 'NDCG@20': '0.0049'}
{'Epoch': 67, 'name': 'low_freq', 'HIT@5': '0.0041', 'NDCG@5': '0.0025', 'HIT@10': '0.0061', 'NDCG@10': '0.0031', 'HIT@20': '0.0072', 'NDCG@20': '0.0034'}
{'Epoch': 67, 'name': 'all', 'HIT@5': '0.0272', 'NDCG@5': '0.0180', 'HIT@10': '0.0423', 'NDCG@10': '0.0228', 'HIT@20': '0.0665', 'NDCG@20': '0.0289'}
EarlyStopping counter: 3 out of 40
rec dataset length: 186
100%|█████████████████████████████████████████████████████████████████████████████████████████████████████████████████████████████████████████| 186/186 [01:36<00:00,  1.92it/s]
{'epoch': 68, 'rec_avg_loss': '0.5107', 'joint_avg_loss': '0.6228', 'cl_avg_loss': '1.1210', 'itemcl_loss': '0.0000', 'cl_pair_0_loss': '1.1210'}
Recommendation EP_test:68: 100%|| 35/35 [00:08<00:00,  4.33it/s]
{'Epoch': 68, 'name': 'high_freq', 'HIT@5': '0.0383', 'NDCG@5': '0.0251', 'HIT@10': '0.0595', 'NDCG@10': '0.0320', 'HIT@20': '0.0918', 'NDCG@20': '0.0401'}
{'Epoch': 68, 'name': 'mid_freq', 'HIT@5': '0.0053', 'NDCG@5': '0.0036', 'HIT@10': '0.0072', 'NDCG@10': '0.0042', 'HIT@20': '0.0106', 'NDCG@20': '0.0050'}
{'Epoch': 68, 'name': 'low_freq', 'HIT@5': '0.0050', 'NDCG@5': '0.0027', 'HIT@10': '0.0061', 'NDCG@10': '0.0031', 'HIT@20': '0.0081', 'NDCG@20': '0.0036'}
{'Epoch': 68, 'name': 'all', 'HIT@5': '0.0277', 'NDCG@5': '0.0181', 'HIT@10': '0.0426', 'NDCG@10': '0.0230', 'HIT@20': '0.0655', 'NDCG@20': '0.0287'}
EarlyStopping counter: 4 out of 40
rec dataset length: 186
100%|█████████████████████████████████████████████████████████████████████████████████████████████████████████████████████████████████████████| 186/186 [01:37<00:00,  1.92it/s]
{'epoch': 69, 'rec_avg_loss': '0.5067', 'joint_avg_loss': '0.6175', 'cl_avg_loss': '1.1077', 'itemcl_loss': '0.0000', 'cl_pair_0_loss': '1.1077'}
Recommendation EP_test:69: 100%|| 35/35 [00:08<00:00,  4.23it/s]
{'Epoch': 69, 'name': 'high_freq', 'HIT@5': '0.0386', 'NDCG@5': '0.0257', 'HIT@10': '0.0606', 'NDCG@10': '0.0327', 'HIT@20': '0.0932', 'NDCG@20': '0.0409'}
{'Epoch': 69, 'name': 'mid_freq', 'HIT@5': '0.0045', 'NDCG@5': '0.0030', 'HIT@10': '0.0063', 'NDCG@10': '0.0036', 'HIT@20': '0.0103', 'NDCG@20': '0.0046'}
{'Epoch': 69, 'name': 'low_freq', 'HIT@5': '0.0048', 'NDCG@5': '0.0026', 'HIT@10': '0.0057', 'NDCG@10': '0.0030', 'HIT@20': '0.0077', 'NDCG@20': '0.0035'}
{'Epoch': 69, 'name': 'all', 'HIT@5': '0.0277', 'NDCG@5': '0.0184', 'HIT@10': '0.0432', 'NDCG@10': '0.0233', 'HIT@20': '0.0664', 'NDCG@20': '0.0291'}
Validation score increased.  Saving model ...
rec dataset length: 186
100%|█████████████████████████████████████████████████████████████████████████████████████████████████████████████████████████████████████████| 186/186 [01:36<00:00,  1.92it/s]
{'epoch': 70, 'rec_avg_loss': '0.5042', 'joint_avg_loss': '0.6147', 'cl_avg_loss': '1.1050', 'itemcl_loss': '0.0000', 'cl_pair_0_loss': '1.1050'}
Recommendation EP_test:70: 100%|| 35/35 [00:08<00:00,  4.32it/s]
{'Epoch': 70, 'name': 'high_freq', 'HIT@5': '0.0399', 'NDCG@5': '0.0261', 'HIT@10': '0.0607', 'NDCG@10': '0.0328', 'HIT@20': '0.0944', 'NDCG@20': '0.0412'}
{'Epoch': 70, 'name': 'mid_freq', 'HIT@5': '0.0043', 'NDCG@5': '0.0030', 'HIT@10': '0.0066', 'NDCG@10': '0.0038', 'HIT@20': '0.0109', 'NDCG@20': '0.0048'}
{'Epoch': 70, 'name': 'low_freq', 'HIT@5': '0.0032', 'NDCG@5': '0.0017', 'HIT@10': '0.0043', 'NDCG@10': '0.0021', 'HIT@20': '0.0070', 'NDCG@20': '0.0028'}
{'Epoch': 70, 'name': 'all', 'HIT@5': '0.0284', 'NDCG@5': '0.0186', 'HIT@10': '0.0431', 'NDCG@10': '0.0233', 'HIT@20': '0.0673', 'NDCG@20': '0.0294'}
Validation score increased.  Saving model ...
rec dataset length: 186
100%|█████████████████████████████████████████████████████████████████████████████████████████████████████████████████████████████████████████| 186/186 [01:36<00:00,  1.92it/s]
{'epoch': 71, 'rec_avg_loss': '0.5036', 'joint_avg_loss': '0.6138', 'cl_avg_loss': '1.1011', 'itemcl_loss': '0.0000', 'cl_pair_0_loss': '1.1011'}
Recommendation EP_test:71: 100%|| 35/35 [00:08<00:00,  4.25it/s]
{'Epoch': 71, 'name': 'high_freq', 'HIT@5': '0.0399', 'NDCG@5': '0.0264', 'HIT@10': '0.0607', 'NDCG@10': '0.0332', 'HIT@20': '0.0926', 'NDCG@20': '0.0412'}
{'Epoch': 71, 'name': 'mid_freq', 'HIT@5': '0.0037', 'NDCG@5': '0.0026', 'HIT@10': '0.0066', 'NDCG@10': '0.0035', 'HIT@20': '0.0108', 'NDCG@20': '0.0046'}
{'Epoch': 71, 'name': 'low_freq', 'HIT@5': '0.0029', 'NDCG@5': '0.0016', 'HIT@10': '0.0057', 'NDCG@10': '0.0025', 'HIT@20': '0.0079', 'NDCG@20': '0.0031'}
{'Epoch': 71, 'name': 'all', 'HIT@5': '0.0282', 'NDCG@5': '0.0187', 'HIT@10': '0.0433', 'NDCG@10': '0.0236', 'HIT@20': '0.0661', 'NDCG@20': '0.0293'}
EarlyStopping counter: 1 out of 40
rec dataset length: 186
100%|█████████████████████████████████████████████████████████████████████████████████████████████████████████████████████████████████████████| 186/186 [01:37<00:00,  1.91it/s]
{'epoch': 72, 'rec_avg_loss': '0.5028', 'joint_avg_loss': '0.6121', 'cl_avg_loss': '1.0933', 'itemcl_loss': '0.0000', 'cl_pair_0_loss': '1.0933'}
Recommendation EP_test:72: 100%|| 35/35 [00:08<00:00,  4.14it/s]
{'Epoch': 72, 'name': 'high_freq', 'HIT@5': '0.0408', 'NDCG@5': '0.0267', 'HIT@10': '0.0622', 'NDCG@10': '0.0336', 'HIT@20': '0.0960', 'NDCG@20': '0.0421'}
{'Epoch': 72, 'name': 'mid_freq', 'HIT@5': '0.0046', 'NDCG@5': '0.0031', 'HIT@10': '0.0070', 'NDCG@10': '0.0039', 'HIT@20': '0.0113', 'NDCG@20': '0.0050'}
{'Epoch': 72, 'name': 'low_freq', 'HIT@5': '0.0043', 'NDCG@5': '0.0025', 'HIT@10': '0.0061', 'NDCG@10': '0.0031', 'HIT@20': '0.0075', 'NDCG@20': '0.0034'}
{'Epoch': 72, 'name': 'all', 'HIT@5': '0.0292', 'NDCG@5': '0.0191', 'HIT@10': '0.0445', 'NDCG@10': '0.0240', 'HIT@20': '0.0684', 'NDCG@20': '0.0300'}
Validation score increased.  Saving model ...
rec dataset length: 186
100%|█████████████████████████████████████████████████████████████████████████████████████████████████████████████████████████████████████████| 186/186 [01:36<00:00,  1.92it/s]
{'epoch': 73, 'rec_avg_loss': '0.4989', 'joint_avg_loss': '0.6081', 'cl_avg_loss': '1.0926', 'itemcl_loss': '0.0000', 'cl_pair_0_loss': '1.0926'}
Recommendation EP_test:73: 100%|| 35/35 [00:08<00:00,  4.14it/s]
{'Epoch': 73, 'name': 'high_freq', 'HIT@5': '0.0403', 'NDCG@5': '0.0266', 'HIT@10': '0.0619', 'NDCG@10': '0.0336', 'HIT@20': '0.0946', 'NDCG@20': '0.0418'}
{'Epoch': 73, 'name': 'mid_freq', 'HIT@5': '0.0053', 'NDCG@5': '0.0036', 'HIT@10': '0.0083', 'NDCG@10': '0.0046', 'HIT@20': '0.0118', 'NDCG@20': '0.0055'}
{'Epoch': 73, 'name': 'low_freq', 'HIT@5': '0.0041', 'NDCG@5': '0.0024', 'HIT@10': '0.0061', 'NDCG@10': '0.0031', 'HIT@20': '0.0077', 'NDCG@20': '0.0035'}
{'Epoch': 73, 'name': 'all', 'HIT@5': '0.0289', 'NDCG@5': '0.0191', 'HIT@10': '0.0445', 'NDCG@10': '0.0241', 'HIT@20': '0.0676', 'NDCG@20': '0.0299'}
EarlyStopping counter: 1 out of 40
rec dataset length: 186
100%|█████████████████████████████████████████████████████████████████████████████████████████████████████████████████████████████████████████| 186/186 [01:37<00:00,  1.91it/s]
{'epoch': 74, 'rec_avg_loss': '0.4959', 'joint_avg_loss': '0.6045', 'cl_avg_loss': '1.0852', 'itemcl_loss': '0.0000', 'cl_pair_0_loss': '1.0852'}
Recommendation EP_test:74: 100%|| 35/35 [00:08<00:00,  4.22it/s]
{'Epoch': 74, 'name': 'high_freq', 'HIT@5': '0.0398', 'NDCG@5': '0.0260', 'HIT@10': '0.0618', 'NDCG@10': '0.0330', 'HIT@20': '0.0956', 'NDCG@20': '0.0415'}
{'Epoch': 74, 'name': 'mid_freq', 'HIT@5': '0.0049', 'NDCG@5': '0.0034', 'HIT@10': '0.0073', 'NDCG@10': '0.0042', 'HIT@20': '0.0119', 'NDCG@20': '0.0053'}
{'Epoch': 74, 'name': 'low_freq', 'HIT@5': '0.0043', 'NDCG@5': '0.0024', 'HIT@10': '0.0059', 'NDCG@10': '0.0029', 'HIT@20': '0.0072', 'NDCG@20': '0.0033'}
{'Epoch': 74, 'name': 'all', 'HIT@5': '0.0286', 'NDCG@5': '0.0186', 'HIT@10': '0.0442', 'NDCG@10': '0.0237', 'HIT@20': '0.0683', 'NDCG@20': '0.0297'}
EarlyStopping counter: 2 out of 40
rec dataset length: 186
100%|█████████████████████████████████████████████████████████████████████████████████████████████████████████████████████████████████████████| 186/186 [01:37<00:00,  1.92it/s]
{'epoch': 75, 'rec_avg_loss': '0.4932', 'joint_avg_loss': '0.6015', 'cl_avg_loss': '1.0834', 'itemcl_loss': '0.0000', 'cl_pair_0_loss': '1.0834'}
Recommendation EP_test:75: 100%|| 35/35 [00:08<00:00,  4.20it/s]
{'Epoch': 75, 'name': 'high_freq', 'HIT@5': '0.0399', 'NDCG@5': '0.0262', 'HIT@10': '0.0626', 'NDCG@10': '0.0334', 'HIT@20': '0.0941', 'NDCG@20': '0.0414'}
{'Epoch': 75, 'name': 'mid_freq', 'HIT@5': '0.0050', 'NDCG@5': '0.0033', 'HIT@10': '0.0079', 'NDCG@10': '0.0043', 'HIT@20': '0.0122', 'NDCG@20': '0.0053'}
{'Epoch': 75, 'name': 'low_freq', 'HIT@5': '0.0043', 'NDCG@5': '0.0022', 'HIT@10': '0.0050', 'NDCG@10': '0.0024', 'HIT@20': '0.0070', 'NDCG@20': '0.0030'}
{'Epoch': 75, 'name': 'all', 'HIT@5': '0.0287', 'NDCG@5': '0.0187', 'HIT@10': '0.0447', 'NDCG@10': '0.0239', 'HIT@20': '0.0673', 'NDCG@20': '0.0295'}
EarlyStopping counter: 3 out of 40
rec dataset length: 186
100%|█████████████████████████████████████████████████████████████████████████████████████████████████████████████████████████████████████████| 186/186 [01:37<00:00,  1.91it/s]
{'epoch': 76, 'rec_avg_loss': '0.4902', 'joint_avg_loss': '0.5986', 'cl_avg_loss': '1.0840', 'itemcl_loss': '0.0000', 'cl_pair_0_loss': '1.0840'}
Recommendation EP_test:76: 100%|| 35/35 [00:08<00:00,  4.23it/s]
{'Epoch': 76, 'name': 'high_freq', 'HIT@5': '0.0402', 'NDCG@5': '0.0264', 'HIT@10': '0.0626', 'NDCG@10': '0.0335', 'HIT@20': '0.0941', 'NDCG@20': '0.0414'}
{'Epoch': 76, 'name': 'mid_freq', 'HIT@5': '0.0049', 'NDCG@5': '0.0033', 'HIT@10': '0.0085', 'NDCG@10': '0.0045', 'HIT@20': '0.0118', 'NDCG@20': '0.0053'}
{'Epoch': 76, 'name': 'low_freq', 'HIT@5': '0.0038', 'NDCG@5': '0.0022', 'HIT@10': '0.0050', 'NDCG@10': '0.0026', 'HIT@20': '0.0072', 'NDCG@20': '0.0031'}
{'Epoch': 76, 'name': 'all', 'HIT@5': '0.0288', 'NDCG@5': '0.0189', 'HIT@10': '0.0448', 'NDCG@10': '0.0240', 'HIT@20': '0.0673', 'NDCG@20': '0.0296'}
EarlyStopping counter: 4 out of 40
rec dataset length: 186
100%|█████████████████████████████████████████████████████████████████████████████████████████████████████████████████████████████████████████| 186/186 [01:37<00:00,  1.91it/s]
{'epoch': 77, 'rec_avg_loss': '0.4901', 'joint_avg_loss': '0.5976', 'cl_avg_loss': '1.0755', 'itemcl_loss': '0.0000', 'cl_pair_0_loss': '1.0755'}
Recommendation EP_test:77: 100%|| 35/35 [00:08<00:00,  4.21it/s]
{'Epoch': 77, 'name': 'high_freq', 'HIT@5': '0.0396', 'NDCG@5': '0.0259', 'HIT@10': '0.0626', 'NDCG@10': '0.0333', 'HIT@20': '0.0953', 'NDCG@20': '0.0415'}
{'Epoch': 77, 'name': 'mid_freq', 'HIT@5': '0.0059', 'NDCG@5': '0.0039', 'HIT@10': '0.0085', 'NDCG@10': '0.0047', 'HIT@20': '0.0122', 'NDCG@20': '0.0057'}
{'Epoch': 77, 'name': 'low_freq', 'HIT@5': '0.0043', 'NDCG@5': '0.0025', 'HIT@10': '0.0057', 'NDCG@10': '0.0030', 'HIT@20': '0.0081', 'NDCG@20': '0.0036'}
{'Epoch': 77, 'name': 'all', 'HIT@5': '0.0287', 'NDCG@5': '0.0187', 'HIT@10': '0.0450', 'NDCG@10': '0.0239', 'HIT@20': '0.0682', 'NDCG@20': '0.0298'}
EarlyStopping counter: 5 out of 40
rec dataset length: 186
100%|█████████████████████████████████████████████████████████████████████████████████████████████████████████████████████████████████████████| 186/186 [01:37<00:00,  1.91it/s]
{'epoch': 78, 'rec_avg_loss': '0.4876', 'joint_avg_loss': '0.5945', 'cl_avg_loss': '1.0694', 'itemcl_loss': '0.0000', 'cl_pair_0_loss': '1.0694'}
Recommendation EP_test:78: 100%|| 35/35 [00:08<00:00,  4.32it/s]
{'Epoch': 78, 'name': 'high_freq', 'HIT@5': '0.0398', 'NDCG@5': '0.0261', 'HIT@10': '0.0616', 'NDCG@10': '0.0330', 'HIT@20': '0.0946', 'NDCG@20': '0.0413'}
{'Epoch': 78, 'name': 'mid_freq', 'HIT@5': '0.0056', 'NDCG@5': '0.0036', 'HIT@10': '0.0092', 'NDCG@10': '0.0048', 'HIT@20': '0.0136', 'NDCG@20': '0.0059'}
{'Epoch': 78, 'name': 'low_freq', 'HIT@5': '0.0043', 'NDCG@5': '0.0024', 'HIT@10': '0.0054', 'NDCG@10': '0.0028', 'HIT@20': '0.0077', 'NDCG@20': '0.0033'}
{'Epoch': 78, 'name': 'all', 'HIT@5': '0.0287', 'NDCG@5': '0.0188', 'HIT@10': '0.0444', 'NDCG@10': '0.0238', 'HIT@20': '0.0680', 'NDCG@20': '0.0297'}
EarlyStopping counter: 6 out of 40
rec dataset length: 186
100%|█████████████████████████████████████████████████████████████████████████████████████████████████████████████████████████████████████████| 186/186 [01:37<00:00,  1.92it/s]
{'epoch': 79, 'rec_avg_loss': '0.4863', 'joint_avg_loss': '0.5934', 'cl_avg_loss': '1.0704', 'itemcl_loss': '0.0000', 'cl_pair_0_loss': '1.0704'}
Recommendation EP_test:79: 100%|| 35/35 [00:08<00:00,  4.27it/s]
{'Epoch': 79, 'name': 'high_freq', 'HIT@5': '0.0384', 'NDCG@5': '0.0254', 'HIT@10': '0.0622', 'NDCG@10': '0.0330', 'HIT@20': '0.0954', 'NDCG@20': '0.0413'}
{'Epoch': 79, 'name': 'mid_freq', 'HIT@5': '0.0065', 'NDCG@5': '0.0043', 'HIT@10': '0.0090', 'NDCG@10': '0.0052', 'HIT@20': '0.0129', 'NDCG@20': '0.0061'}
{'Epoch': 79, 'name': 'low_freq', 'HIT@5': '0.0034', 'NDCG@5': '0.0020', 'HIT@10': '0.0045', 'NDCG@10': '0.0024', 'HIT@20': '0.0068', 'NDCG@20': '0.0030'}
{'Epoch': 79, 'name': 'all', 'HIT@5': '0.0278', 'NDCG@5': '0.0184', 'HIT@10': '0.0446', 'NDCG@10': '0.0238', 'HIT@20': '0.0683', 'NDCG@20': '0.0297'}
EarlyStopping counter: 7 out of 40
rec dataset length: 186
100%|█████████████████████████████████████████████████████████████████████████████████████████████████████████████████████████████████████████| 186/186 [01:37<00:00,  1.92it/s]
{'epoch': 80, 'rec_avg_loss': '0.4852', 'joint_avg_loss': '0.5910', 'cl_avg_loss': '1.0585', 'itemcl_loss': '0.0000', 'cl_pair_0_loss': '1.0585'}
Recommendation EP_test:80: 100%|| 35/35 [00:08<00:00,  4.30it/s]
{'Epoch': 80, 'name': 'high_freq', 'HIT@5': '0.0403', 'NDCG@5': '0.0260', 'HIT@10': '0.0636', 'NDCG@10': '0.0334', 'HIT@20': '0.0949', 'NDCG@20': '0.0413'}
{'Epoch': 80, 'name': 'mid_freq', 'HIT@5': '0.0060', 'NDCG@5': '0.0046', 'HIT@10': '0.0092', 'NDCG@10': '0.0056', 'HIT@20': '0.0134', 'NDCG@20': '0.0066'}
{'Epoch': 80, 'name': 'low_freq', 'HIT@5': '0.0036', 'NDCG@5': '0.0025', 'HIT@10': '0.0052', 'NDCG@10': '0.0030', 'HIT@20': '0.0077', 'NDCG@20': '0.0036'}
{'Epoch': 80, 'name': 'all', 'HIT@5': '0.0290', 'NDCG@5': '0.0189', 'HIT@10': '0.0457', 'NDCG@10': '0.0242', 'HIT@20': '0.0681', 'NDCG@20': '0.0299'}
EarlyStopping counter: 8 out of 40
rec dataset length: 186
100%|█████████████████████████████████████████████████████████████████████████████████████████████████████████████████████████████████████████| 186/186 [01:37<00:00,  1.91it/s]
{'epoch': 81, 'rec_avg_loss': '0.4815', 'joint_avg_loss': '0.5871', 'cl_avg_loss': '1.0559', 'itemcl_loss': '0.0000', 'cl_pair_0_loss': '1.0559'}
Recommendation EP_test:81: 100%|| 35/35 [00:08<00:00,  4.14it/s]
{'Epoch': 81, 'name': 'high_freq', 'HIT@5': '0.0398', 'NDCG@5': '0.0259', 'HIT@10': '0.0626', 'NDCG@10': '0.0332', 'HIT@20': '0.0956', 'NDCG@20': '0.0415'}
{'Epoch': 81, 'name': 'mid_freq', 'HIT@5': '0.0065', 'NDCG@5': '0.0046', 'HIT@10': '0.0095', 'NDCG@10': '0.0056', 'HIT@20': '0.0129', 'NDCG@20': '0.0064'}
{'Epoch': 81, 'name': 'low_freq', 'HIT@5': '0.0048', 'NDCG@5': '0.0029', 'HIT@10': '0.0059', 'NDCG@10': '0.0033', 'HIT@20': '0.0081', 'NDCG@20': '0.0039'}
{'Epoch': 81, 'name': 'all', 'HIT@5': '0.0289', 'NDCG@5': '0.0189', 'HIT@10': '0.0452', 'NDCG@10': '0.0241', 'HIT@20': '0.0686', 'NDCG@20': '0.0300'}
EarlyStopping counter: 9 out of 40
rec dataset length: 186
100%|█████████████████████████████████████████████████████████████████████████████████████████████████████████████████████████████████████████| 186/186 [01:37<00:00,  1.91it/s]
{'epoch': 82, 'rec_avg_loss': '0.4810', 'joint_avg_loss': '0.5865', 'cl_avg_loss': '1.0556', 'itemcl_loss': '0.0000', 'cl_pair_0_loss': '1.0556'}
Recommendation EP_test:82: 100%|| 35/35 [00:08<00:00,  4.23it/s]
{'Epoch': 82, 'name': 'high_freq', 'HIT@5': '0.0397', 'NDCG@5': '0.0262', 'HIT@10': '0.0625', 'NDCG@10': '0.0335', 'HIT@20': '0.0942', 'NDCG@20': '0.0415'}
{'Epoch': 82, 'name': 'mid_freq', 'HIT@5': '0.0059', 'NDCG@5': '0.0041', 'HIT@10': '0.0090', 'NDCG@10': '0.0051', 'HIT@20': '0.0128', 'NDCG@20': '0.0061'}
{'Epoch': 82, 'name': 'low_freq', 'HIT@5': '0.0050', 'NDCG@5': '0.0030', 'HIT@10': '0.0057', 'NDCG@10': '0.0032', 'HIT@20': '0.0079', 'NDCG@20': '0.0038'}
{'Epoch': 82, 'name': 'all', 'HIT@5': '0.0288', 'NDCG@5': '0.0190', 'HIT@10': '0.0450', 'NDCG@10': '0.0242', 'HIT@20': '0.0676', 'NDCG@20': '0.0299'}
EarlyStopping counter: 10 out of 40
rec dataset length: 186
100%|█████████████████████████████████████████████████████████████████████████████████████████████████████████████████████████████████████████| 186/186 [01:37<00:00,  1.90it/s]
{'epoch': 83, 'rec_avg_loss': '0.4798', 'joint_avg_loss': '0.5854', 'cl_avg_loss': '1.0561', 'itemcl_loss': '0.0000', 'cl_pair_0_loss': '1.0561'}
Recommendation EP_test:83: 100%|| 35/35 [00:08<00:00,  4.23it/s]
{'Epoch': 83, 'name': 'high_freq', 'HIT@5': '0.0387', 'NDCG@5': '0.0252', 'HIT@10': '0.0621', 'NDCG@10': '0.0327', 'HIT@20': '0.0935', 'NDCG@20': '0.0406'}
{'Epoch': 83, 'name': 'mid_freq', 'HIT@5': '0.0065', 'NDCG@5': '0.0045', 'HIT@10': '0.0089', 'NDCG@10': '0.0053', 'HIT@20': '0.0135', 'NDCG@20': '0.0065'}
{'Epoch': 83, 'name': 'low_freq', 'HIT@5': '0.0050', 'NDCG@5': '0.0031', 'HIT@10': '0.0059', 'NDCG@10': '0.0034', 'HIT@20': '0.0077', 'NDCG@20': '0.0039'}
{'Epoch': 83, 'name': 'all', 'HIT@5': '0.0282', 'NDCG@5': '0.0184', 'HIT@10': '0.0447', 'NDCG@10': '0.0237', 'HIT@20': '0.0672', 'NDCG@20': '0.0293'}
EarlyStopping counter: 11 out of 40
rec dataset length: 186
100%|█████████████████████████████████████████████████████████████████████████████████████████████████████████████████████████████████████████| 186/186 [01:37<00:00,  1.92it/s]
{'epoch': 84, 'rec_avg_loss': '0.4775', 'joint_avg_loss': '0.5823', 'cl_avg_loss': '1.0477', 'itemcl_loss': '0.0000', 'cl_pair_0_loss': '1.0477'}
Recommendation EP_test:84: 100%|| 35/35 [00:08<00:00,  4.21it/s]
{'Epoch': 84, 'name': 'high_freq', 'HIT@5': '0.0391', 'NDCG@5': '0.0257', 'HIT@10': '0.0609', 'NDCG@10': '0.0327', 'HIT@20': '0.0933', 'NDCG@20': '0.0408'}
{'Epoch': 84, 'name': 'mid_freq', 'HIT@5': '0.0060', 'NDCG@5': '0.0045', 'HIT@10': '0.0095', 'NDCG@10': '0.0056', 'HIT@20': '0.0138', 'NDCG@20': '0.0067'}
{'Epoch': 84, 'name': 'low_freq', 'HIT@5': '0.0045', 'NDCG@5': '0.0029', 'HIT@10': '0.0068', 'NDCG@10': '0.0037', 'HIT@20': '0.0088', 'NDCG@20': '0.0042'}
{'Epoch': 84, 'name': 'all', 'HIT@5': '0.0283', 'NDCG@5': '0.0187', 'HIT@10': '0.0441', 'NDCG@10': '0.0238', 'HIT@20': '0.0673', 'NDCG@20': '0.0296'}
EarlyStopping counter: 12 out of 40
rec dataset length: 186
100%|█████████████████████████████████████████████████████████████████████████████████████████████████████████████████████████████████████████| 186/186 [01:37<00:00,  1.91it/s]
{'epoch': 85, 'rec_avg_loss': '0.4756', 'joint_avg_loss': '0.5801', 'cl_avg_loss': '1.0449', 'itemcl_loss': '0.0000', 'cl_pair_0_loss': '1.0449'}
Recommendation EP_test:85: 100%|| 35/35 [00:08<00:00,  4.31it/s]
{'Epoch': 85, 'name': 'high_freq', 'HIT@5': '0.0395', 'NDCG@5': '0.0259', 'HIT@10': '0.0613', 'NDCG@10': '0.0329', 'HIT@20': '0.0947', 'NDCG@20': '0.0414'}
{'Epoch': 85, 'name': 'mid_freq', 'HIT@5': '0.0066', 'NDCG@5': '0.0044', 'HIT@10': '0.0089', 'NDCG@10': '0.0051', 'HIT@20': '0.0145', 'NDCG@20': '0.0065'}
{'Epoch': 85, 'name': 'low_freq', 'HIT@5': '0.0054', 'NDCG@5': '0.0033', 'HIT@10': '0.0070', 'NDCG@10': '0.0038', 'HIT@20': '0.0086', 'NDCG@20': '0.0042'}
{'Epoch': 85, 'name': 'all', 'HIT@5': '0.0288', 'NDCG@5': '0.0189', 'HIT@10': '0.0443', 'NDCG@10': '0.0239', 'HIT@20': '0.0683', 'NDCG@20': '0.0299'}
EarlyStopping counter: 13 out of 40
rec dataset length: 186
100%|█████████████████████████████████████████████████████████████████████████████████████████████████████████████████████████████████████████| 186/186 [01:37<00:00,  1.91it/s]
{'epoch': 86, 'rec_avg_loss': '0.4740', 'joint_avg_loss': '0.5778', 'cl_avg_loss': '1.0380', 'itemcl_loss': '0.0000', 'cl_pair_0_loss': '1.0380'}
Recommendation EP_test:86: 100%|| 35/35 [00:08<00:00,  4.23it/s]
{'Epoch': 86, 'name': 'high_freq', 'HIT@5': '0.0388', 'NDCG@5': '0.0255', 'HIT@10': '0.0609', 'NDCG@10': '0.0326', 'HIT@20': '0.0939', 'NDCG@20': '0.0409'}
{'Epoch': 86, 'name': 'mid_freq', 'HIT@5': '0.0057', 'NDCG@5': '0.0039', 'HIT@10': '0.0096', 'NDCG@10': '0.0051', 'HIT@20': '0.0135', 'NDCG@20': '0.0061'}
{'Epoch': 86, 'name': 'low_freq', 'HIT@5': '0.0050', 'NDCG@5': '0.0029', 'HIT@10': '0.0070', 'NDCG@10': '0.0036', 'HIT@20': '0.0084', 'NDCG@20': '0.0039'}
{'Epoch': 86, 'name': 'all', 'HIT@5': '0.0281', 'NDCG@5': '0.0185', 'HIT@10': '0.0442', 'NDCG@10': '0.0236', 'HIT@20': '0.0675', 'NDCG@20': '0.0295'}
EarlyStopping counter: 14 out of 40
rec dataset length: 186
100%|█████████████████████████████████████████████████████████████████████████████████████████████████████████████████████████████████████████| 186/186 [01:36<00:00,  1.92it/s]
{'epoch': 87, 'rec_avg_loss': '0.4757', 'joint_avg_loss': '0.5800', 'cl_avg_loss': '1.0430', 'itemcl_loss': '0.0000', 'cl_pair_0_loss': '1.0430'}
Recommendation EP_test:87: 100%|| 35/35 [00:08<00:00,  4.14it/s]
{'Epoch': 87, 'name': 'high_freq', 'HIT@5': '0.0398', 'NDCG@5': '0.0257', 'HIT@10': '0.0631', 'NDCG@10': '0.0332', 'HIT@20': '0.0931', 'NDCG@20': '0.0407'}
{'Epoch': 87, 'name': 'mid_freq', 'HIT@5': '0.0069', 'NDCG@5': '0.0045', 'HIT@10': '0.0105', 'NDCG@10': '0.0056', 'HIT@20': '0.0147', 'NDCG@20': '0.0067'}
{'Epoch': 87, 'name': 'low_freq', 'HIT@5': '0.0052', 'NDCG@5': '0.0030', 'HIT@10': '0.0063', 'NDCG@10': '0.0033', 'HIT@20': '0.0081', 'NDCG@20': '0.0038'}
{'Epoch': 87, 'name': 'all', 'HIT@5': '0.0291', 'NDCG@5': '0.0187', 'HIT@10': '0.0458', 'NDCG@10': '0.0241', 'HIT@20': '0.0672', 'NDCG@20': '0.0295'}
EarlyStopping counter: 15 out of 40
rec dataset length: 186
100%|█████████████████████████████████████████████████████████████████████████████████████████████████████████████████████████████████████████| 186/186 [01:37<00:00,  1.91it/s]
{'epoch': 88, 'rec_avg_loss': '0.4733', 'joint_avg_loss': '0.5773', 'cl_avg_loss': '1.0398', 'itemcl_loss': '0.0000', 'cl_pair_0_loss': '1.0398'}
Recommendation EP_test:88: 100%|| 35/35 [00:08<00:00,  4.27it/s]
{'Epoch': 88, 'name': 'high_freq', 'HIT@5': '0.0400', 'NDCG@5': '0.0257', 'HIT@10': '0.0638', 'NDCG@10': '0.0334', 'HIT@20': '0.0946', 'NDCG@20': '0.0411'}
{'Epoch': 88, 'name': 'mid_freq', 'HIT@5': '0.0066', 'NDCG@5': '0.0044', 'HIT@10': '0.0096', 'NDCG@10': '0.0053', 'HIT@20': '0.0148', 'NDCG@20': '0.0067'}
{'Epoch': 88, 'name': 'low_freq', 'HIT@5': '0.0034', 'NDCG@5': '0.0022', 'HIT@10': '0.0061', 'NDCG@10': '0.0031', 'HIT@20': '0.0088', 'NDCG@20': '0.0038'}
{'Epoch': 88, 'name': 'all', 'HIT@5': '0.0289', 'NDCG@5': '0.0186', 'HIT@10': '0.0461', 'NDCG@10': '0.0241', 'HIT@20': '0.0684', 'NDCG@20': '0.0297'}
EarlyStopping counter: 16 out of 40
rec dataset length: 186
100%|█████████████████████████████████████████████████████████████████████████████████████████████████████████████████████████████████████████| 186/186 [01:37<00:00,  1.91it/s]
{'epoch': 89, 'rec_avg_loss': '0.4704', 'joint_avg_loss': '0.5743', 'cl_avg_loss': '1.0386', 'itemcl_loss': '0.0000', 'cl_pair_0_loss': '1.0386'}
Recommendation EP_test:89: 100%|| 35/35 [00:08<00:00,  4.27it/s]
{'Epoch': 89, 'name': 'high_freq', 'HIT@5': '0.0408', 'NDCG@5': '0.0264', 'HIT@10': '0.0621', 'NDCG@10': '0.0333', 'HIT@20': '0.0922', 'NDCG@20': '0.0408'}
{'Epoch': 89, 'name': 'mid_freq', 'HIT@5': '0.0076', 'NDCG@5': '0.0047', 'HIT@10': '0.0116', 'NDCG@10': '0.0060', 'HIT@20': '0.0161', 'NDCG@20': '0.0071'}
{'Epoch': 89, 'name': 'low_freq', 'HIT@5': '0.0045', 'NDCG@5': '0.0027', 'HIT@10': '0.0061', 'NDCG@10': '0.0032', 'HIT@20': '0.0084', 'NDCG@20': '0.0038'}
{'Epoch': 89, 'name': 'all', 'HIT@5': '0.0298', 'NDCG@5': '0.0192', 'HIT@10': '0.0453', 'NDCG@10': '0.0242', 'HIT@20': '0.0669', 'NDCG@20': '0.0296'}
EarlyStopping counter: 17 out of 40
rec dataset length: 186
100%|█████████████████████████████████████████████████████████████████████████████████████████████████████████████████████████████████████████| 186/186 [01:37<00:00,  1.91it/s]
{'epoch': 90, 'rec_avg_loss': '0.4693', 'joint_avg_loss': '0.5717', 'cl_avg_loss': '1.0237', 'itemcl_loss': '0.0000', 'cl_pair_0_loss': '1.0237'}
Recommendation EP_test:90: 100%|| 35/35 [00:07<00:00,  4.38it/s]
{'Epoch': 90, 'name': 'high_freq', 'HIT@5': '0.0403', 'NDCG@5': '0.0263', 'HIT@10': '0.0627', 'NDCG@10': '0.0335', 'HIT@20': '0.0956', 'NDCG@20': '0.0418'}
{'Epoch': 90, 'name': 'mid_freq', 'HIT@5': '0.0070', 'NDCG@5': '0.0045', 'HIT@10': '0.0101', 'NDCG@10': '0.0054', 'HIT@20': '0.0148', 'NDCG@20': '0.0066'}
{'Epoch': 90, 'name': 'low_freq', 'HIT@5': '0.0045', 'NDCG@5': '0.0029', 'HIT@10': '0.0068', 'NDCG@10': '0.0036', 'HIT@20': '0.0088', 'NDCG@20': '0.0041'}
{'Epoch': 90, 'name': 'all', 'HIT@5': '0.0294', 'NDCG@5': '0.0191', 'HIT@10': '0.0455', 'NDCG@10': '0.0243', 'HIT@20': '0.0690', 'NDCG@20': '0.0302'}
Validation score increased.  Saving model ...
rec dataset length: 186
100%|█████████████████████████████████████████████████████████████████████████████████████████████████████████████████████████████████████████| 186/186 [01:37<00:00,  1.92it/s]
{'epoch': 91, 'rec_avg_loss': '0.4676', 'joint_avg_loss': '0.5706', 'cl_avg_loss': '1.0299', 'itemcl_loss': '0.0000', 'cl_pair_0_loss': '1.0299'}
Recommendation EP_test:91: 100%|| 35/35 [00:08<00:00,  4.34it/s]
{'Epoch': 91, 'name': 'high_freq', 'HIT@5': '0.0404', 'NDCG@5': '0.0263', 'HIT@10': '0.0630', 'NDCG@10': '0.0336', 'HIT@20': '0.0961', 'NDCG@20': '0.0419'}
{'Epoch': 91, 'name': 'mid_freq', 'HIT@5': '0.0072', 'NDCG@5': '0.0046', 'HIT@10': '0.0108', 'NDCG@10': '0.0058', 'HIT@20': '0.0145', 'NDCG@20': '0.0067'}
{'Epoch': 91, 'name': 'low_freq', 'HIT@5': '0.0036', 'NDCG@5': '0.0027', 'HIT@10': '0.0059', 'NDCG@10': '0.0035', 'HIT@20': '0.0091', 'NDCG@20': '0.0043'}
{'Epoch': 91, 'name': 'all', 'HIT@5': '0.0293', 'NDCG@5': '0.0191', 'HIT@10': '0.0457', 'NDCG@10': '0.0244', 'HIT@20': '0.0693', 'NDCG@20': '0.0303'}
Validation score increased.  Saving model ...
rec dataset length: 186
100%|█████████████████████████████████████████████████████████████████████████████████████████████████████████████████████████████████████████| 186/186 [01:37<00:00,  1.92it/s]
{'epoch': 92, 'rec_avg_loss': '0.4633', 'joint_avg_loss': '0.5655', 'cl_avg_loss': '1.0227', 'itemcl_loss': '0.0000', 'cl_pair_0_loss': '1.0227'}
Recommendation EP_test:92: 100%|| 35/35 [00:08<00:00,  4.16it/s]
{'Epoch': 92, 'name': 'high_freq', 'HIT@5': '0.0407', 'NDCG@5': '0.0267', 'HIT@10': '0.0639', 'NDCG@10': '0.0341', 'HIT@20': '0.0964', 'NDCG@20': '0.0422'}
{'Epoch': 92, 'name': 'mid_freq', 'HIT@5': '0.0075', 'NDCG@5': '0.0050', 'HIT@10': '0.0112', 'NDCG@10': '0.0062', 'HIT@20': '0.0155', 'NDCG@20': '0.0072'}
{'Epoch': 92, 'name': 'low_freq', 'HIT@5': '0.0048', 'NDCG@5': '0.0029', 'HIT@10': '0.0068', 'NDCG@10': '0.0036', 'HIT@20': '0.0088', 'NDCG@20': '0.0041'}
{'Epoch': 92, 'name': 'all', 'HIT@5': '0.0297', 'NDCG@5': '0.0195', 'HIT@10': '0.0465', 'NDCG@10': '0.0248', 'HIT@20': '0.0697', 'NDCG@20': '0.0307'}
Validation score increased.  Saving model ...
rec dataset length: 186
100%|█████████████████████████████████████████████████████████████████████████████████████████████████████████████████████████████████████████| 186/186 [01:37<00:00,  1.91it/s]
{'epoch': 93, 'rec_avg_loss': '0.4639', 'joint_avg_loss': '0.5643', 'cl_avg_loss': '1.0034', 'itemcl_loss': '0.0000', 'cl_pair_0_loss': '1.0034'}
Recommendation EP_test:93: 100%|| 35/35 [00:08<00:00,  4.25it/s]
{'Epoch': 93, 'name': 'high_freq', 'HIT@5': '0.0410', 'NDCG@5': '0.0266', 'HIT@10': '0.0635', 'NDCG@10': '0.0338', 'HIT@20': '0.0961', 'NDCG@20': '0.0420'}
{'Epoch': 93, 'name': 'mid_freq', 'HIT@5': '0.0072', 'NDCG@5': '0.0047', 'HIT@10': '0.0103', 'NDCG@10': '0.0057', 'HIT@20': '0.0151', 'NDCG@20': '0.0069'}
{'Epoch': 93, 'name': 'low_freq', 'HIT@5': '0.0050', 'NDCG@5': '0.0031', 'HIT@10': '0.0066', 'NDCG@10': '0.0036', 'HIT@20': '0.0091', 'NDCG@20': '0.0043'}
{'Epoch': 93, 'name': 'all', 'HIT@5': '0.0299', 'NDCG@5': '0.0194', 'HIT@10': '0.0460', 'NDCG@10': '0.0246', 'HIT@20': '0.0694', 'NDCG@20': '0.0305'}
EarlyStopping counter: 1 out of 40
rec dataset length: 186
100%|█████████████████████████████████████████████████████████████████████████████████████████████████████████████████████████████████████████| 186/186 [01:37<00:00,  1.91it/s]
{'epoch': 94, 'rec_avg_loss': '0.4614', 'joint_avg_loss': '0.5626', 'cl_avg_loss': '1.0121', 'itemcl_loss': '0.0000', 'cl_pair_0_loss': '1.0121'}
Recommendation EP_test:94: 100%|| 35/35 [00:08<00:00,  4.28it/s]
{'Epoch': 94, 'name': 'high_freq', 'HIT@5': '0.0391', 'NDCG@5': '0.0255', 'HIT@10': '0.0619', 'NDCG@10': '0.0328', 'HIT@20': '0.0946', 'NDCG@20': '0.0410'}
{'Epoch': 94, 'name': 'mid_freq', 'HIT@5': '0.0068', 'NDCG@5': '0.0048', 'HIT@10': '0.0111', 'NDCG@10': '0.0062', 'HIT@20': '0.0152', 'NDCG@20': '0.0072'}
{'Epoch': 94, 'name': 'low_freq', 'HIT@5': '0.0045', 'NDCG@5': '0.0032', 'HIT@10': '0.0066', 'NDCG@10': '0.0039', 'HIT@20': '0.0088', 'NDCG@20': '0.0044'}
{'Epoch': 94, 'name': 'all', 'HIT@5': '0.0285', 'NDCG@5': '0.0187', 'HIT@10': '0.0451', 'NDCG@10': '0.0240', 'HIT@20': '0.0684', 'NDCG@20': '0.0299'}
EarlyStopping counter: 2 out of 40
rec dataset length: 186
100%|█████████████████████████████████████████████████████████████████████████████████████████████████████████████████████████████████████████| 186/186 [01:36<00:00,  1.92it/s]
{'epoch': 95, 'rec_avg_loss': '0.4603', 'joint_avg_loss': '0.5611', 'cl_avg_loss': '1.0079', 'itemcl_loss': '0.0000', 'cl_pair_0_loss': '1.0079'}
Recommendation EP_test:95: 100%|| 35/35 [00:08<00:00,  4.20it/s]
{'Epoch': 95, 'name': 'high_freq', 'HIT@5': '0.0415', 'NDCG@5': '0.0265', 'HIT@10': '0.0636', 'NDCG@10': '0.0336', 'HIT@20': '0.0949', 'NDCG@20': '0.0415'}
{'Epoch': 95, 'name': 'mid_freq', 'HIT@5': '0.0078', 'NDCG@5': '0.0053', 'HIT@10': '0.0103', 'NDCG@10': '0.0061', 'HIT@20': '0.0151', 'NDCG@20': '0.0073'}
{'Epoch': 95, 'name': 'low_freq', 'HIT@5': '0.0041', 'NDCG@5': '0.0030', 'HIT@10': '0.0063', 'NDCG@10': '0.0038', 'HIT@20': '0.0088', 'NDCG@20': '0.0044'}
{'Epoch': 95, 'name': 'all', 'HIT@5': '0.0303', 'NDCG@5': '0.0194', 'HIT@10': '0.0461', 'NDCG@10': '0.0245', 'HIT@20': '0.0686', 'NDCG@20': '0.0302'}
EarlyStopping counter: 3 out of 40
rec dataset length: 186
100%|█████████████████████████████████████████████████████████████████████████████████████████████████████████████████████████████████████████| 186/186 [01:37<00:00,  1.91it/s]
{'epoch': 96, 'rec_avg_loss': '0.4594', 'joint_avg_loss': '0.5602', 'cl_avg_loss': '1.0081', 'itemcl_loss': '0.0000', 'cl_pair_0_loss': '1.0081'}
Recommendation EP_test:96: 100%|| 35/35 [00:08<00:00,  4.31it/s]
{'Epoch': 96, 'name': 'high_freq', 'HIT@5': '0.0407', 'NDCG@5': '0.0267', 'HIT@10': '0.0632', 'NDCG@10': '0.0339', 'HIT@20': '0.0959', 'NDCG@20': '0.0421'}
{'Epoch': 96, 'name': 'mid_freq', 'HIT@5': '0.0069', 'NDCG@5': '0.0047', 'HIT@10': '0.0101', 'NDCG@10': '0.0057', 'HIT@20': '0.0154', 'NDCG@20': '0.0071'}
{'Epoch': 96, 'name': 'low_freq', 'HIT@5': '0.0043', 'NDCG@5': '0.0029', 'HIT@10': '0.0063', 'NDCG@10': '0.0036', 'HIT@20': '0.0081', 'NDCG@20': '0.0041'}
{'Epoch': 96, 'name': 'all', 'HIT@5': '0.0296', 'NDCG@5': '0.0195', 'HIT@10': '0.0458', 'NDCG@10': '0.0247', 'HIT@20': '0.0692', 'NDCG@20': '0.0305'}
EarlyStopping counter: 4 out of 40
rec dataset length: 186
100%|█████████████████████████████████████████████████████████████████████████████████████████████████████████████████████████████████████████| 186/186 [01:37<00:00,  1.91it/s]
{'epoch': 97, 'rec_avg_loss': '0.4596', 'joint_avg_loss': '0.5596', 'cl_avg_loss': '0.9998', 'itemcl_loss': '0.0000', 'cl_pair_0_loss': '0.9998'}
Recommendation EP_test:97: 100%|| 35/35 [00:08<00:00,  4.17it/s]
{'Epoch': 97, 'name': 'high_freq', 'HIT@5': '0.0399', 'NDCG@5': '0.0259', 'HIT@10': '0.0633', 'NDCG@10': '0.0334', 'HIT@20': '0.0948', 'NDCG@20': '0.0413'}
{'Epoch': 97, 'name': 'mid_freq', 'HIT@5': '0.0079', 'NDCG@5': '0.0050', 'HIT@10': '0.0103', 'NDCG@10': '0.0058', 'HIT@20': '0.0152', 'NDCG@20': '0.0070'}
{'Epoch': 97, 'name': 'low_freq', 'HIT@5': '0.0043', 'NDCG@5': '0.0029', 'HIT@10': '0.0066', 'NDCG@10': '0.0036', 'HIT@20': '0.0091', 'NDCG@20': '0.0042'}
{'Epoch': 97, 'name': 'all', 'HIT@5': '0.0292', 'NDCG@5': '0.0189', 'HIT@10': '0.0459', 'NDCG@10': '0.0243', 'HIT@20': '0.0686', 'NDCG@20': '0.0300'}
EarlyStopping counter: 5 out of 40
rec dataset length: 186
100%|█████████████████████████████████████████████████████████████████████████████████████████████████████████████████████████████████████████| 186/186 [01:37<00:00,  1.91it/s]
{'epoch': 98, 'rec_avg_loss': '0.4575', 'joint_avg_loss': '0.5580', 'cl_avg_loss': '1.0049', 'itemcl_loss': '0.0000', 'cl_pair_0_loss': '1.0049'}
Recommendation EP_test:98: 100%|| 35/35 [00:08<00:00,  4.22it/s]
{'Epoch': 98, 'name': 'high_freq', 'HIT@5': '0.0404', 'NDCG@5': '0.0261', 'HIT@10': '0.0619', 'NDCG@10': '0.0330', 'HIT@20': '0.0955', 'NDCG@20': '0.0414'}
{'Epoch': 98, 'name': 'mid_freq', 'HIT@5': '0.0069', 'NDCG@5': '0.0047', 'HIT@10': '0.0098', 'NDCG@10': '0.0056', 'HIT@20': '0.0147', 'NDCG@20': '0.0068'}
{'Epoch': 98, 'name': 'low_freq', 'HIT@5': '0.0045', 'NDCG@5': '0.0028', 'HIT@10': '0.0072', 'NDCG@10': '0.0037', 'HIT@20': '0.0088', 'NDCG@20': '0.0041'}
{'Epoch': 98, 'name': 'all', 'HIT@5': '0.0294', 'NDCG@5': '0.0190', 'HIT@10': '0.0449', 'NDCG@10': '0.0240', 'HIT@20': '0.0689', 'NDCG@20': '0.0300'}
EarlyStopping counter: 6 out of 40
rec dataset length: 186
100%|█████████████████████████████████████████████████████████████████████████████████████████████████████████████████████████████████████████| 186/186 [01:36<00:00,  1.92it/s]
{'epoch': 99, 'rec_avg_loss': '0.4542', 'joint_avg_loss': '0.5544', 'cl_avg_loss': '1.0018', 'itemcl_loss': '0.0000', 'cl_pair_0_loss': '1.0018'}
Recommendation EP_test:99: 100%|| 35/35 [00:08<00:00,  4.24it/s]
{'Epoch': 99, 'name': 'high_freq', 'HIT@5': '0.0406', 'NDCG@5': '0.0262', 'HIT@10': '0.0626', 'NDCG@10': '0.0332', 'HIT@20': '0.0946', 'NDCG@20': '0.0413'}
{'Epoch': 99, 'name': 'mid_freq', 'HIT@5': '0.0069', 'NDCG@5': '0.0047', 'HIT@10': '0.0098', 'NDCG@10': '0.0057', 'HIT@20': '0.0136', 'NDCG@20': '0.0066'}
{'Epoch': 99, 'name': 'low_freq', 'HIT@5': '0.0045', 'NDCG@5': '0.0029', 'HIT@10': '0.0063', 'NDCG@10': '0.0035', 'HIT@20': '0.0086', 'NDCG@20': '0.0041'}
{'Epoch': 99, 'name': 'all', 'HIT@5': '0.0296', 'NDCG@5': '0.0191', 'HIT@10': '0.0453', 'NDCG@10': '0.0241', 'HIT@20': '0.0681', 'NDCG@20': '0.0299'}
EarlyStopping counter: 7 out of 40
rec dataset length: 186
100%|█████████████████████████████████████████████████████████████████████████████████████████████████████████████████████████████████████████| 186/186 [01:36<00:00,  1.92it/s]
{'epoch': 100, 'rec_avg_loss': '0.4546', 'joint_avg_loss': '0.5534', 'cl_avg_loss': '0.9889', 'itemcl_loss': '0.0000', 'cl_pair_0_loss': '0.9889'}
Recommendation EP_test:100: 100%|| 35/35 [00:07<00:00,  4.40it/s]
{'Epoch': 100, 'name': 'high_freq', 'HIT@5': '0.0406', 'NDCG@5': '0.0261', 'HIT@10': '0.0623', 'NDCG@10': '0.0331', 'HIT@20': '0.0956', 'NDCG@20': '0.0415'}
{'Epoch': 100, 'name': 'mid_freq', 'HIT@5': '0.0070', 'NDCG@5': '0.0051', 'HIT@10': '0.0102', 'NDCG@10': '0.0061', 'HIT@20': '0.0157', 'NDCG@20': '0.0075'}
{'Epoch': 100, 'name': 'low_freq', 'HIT@5': '0.0041', 'NDCG@5': '0.0026', 'HIT@10': '0.0066', 'NDCG@10': '0.0034', 'HIT@20': '0.0100', 'NDCG@20': '0.0042'}
{'Epoch': 100, 'name': 'all', 'HIT@5': '0.0295', 'NDCG@5': '0.0191', 'HIT@10': '0.0452', 'NDCG@10': '0.0241', 'HIT@20': '0.0693', 'NDCG@20': '0.0302'}
EarlyStopping counter: 8 out of 40
rec dataset length: 186
100%|█████████████████████████████████████████████████████████████████████████████████████████████████████████████████████████████████████████| 186/186 [01:38<00:00,  1.89it/s]
{'epoch': 101, 'rec_avg_loss': '0.4560', 'joint_avg_loss': '0.5551', 'cl_avg_loss': '0.9908', 'itemcl_loss': '0.0000', 'cl_pair_0_loss': '0.9908'}
Recommendation EP_test:101: 100%|| 35/35 [00:08<00:00,  4.27it/s]
{'Epoch': 101, 'name': 'high_freq', 'HIT@5': '0.0402', 'NDCG@5': '0.0260', 'HIT@10': '0.0618', 'NDCG@10': '0.0329', 'HIT@20': '0.0934', 'NDCG@20': '0.0409'}
{'Epoch': 101, 'name': 'mid_freq', 'HIT@5': '0.0072', 'NDCG@5': '0.0052', 'HIT@10': '0.0103', 'NDCG@10': '0.0062', 'HIT@20': '0.0161', 'NDCG@20': '0.0076'}
{'Epoch': 101, 'name': 'low_freq', 'HIT@5': '0.0043', 'NDCG@5': '0.0028', 'HIT@10': '0.0070', 'NDCG@10': '0.0037', 'HIT@20': '0.0093', 'NDCG@20': '0.0042'}
{'Epoch': 101, 'name': 'all', 'HIT@5': '0.0293', 'NDCG@5': '0.0190', 'HIT@10': '0.0449', 'NDCG@10': '0.0241', 'HIT@20': '0.0678', 'NDCG@20': '0.0298'}
EarlyStopping counter: 9 out of 40
rec dataset length: 186
100%|█████████████████████████████████████████████████████████████████████████████████████████████████████████████████████████████████████████| 186/186 [01:41<00:00,  1.84it/s]
{'epoch': 102, 'rec_avg_loss': '0.4536', 'joint_avg_loss': '0.5522', 'cl_avg_loss': '0.9860', 'itemcl_loss': '0.0000', 'cl_pair_0_loss': '0.9860'}
Recommendation EP_test:102: 100%|| 35/35 [00:08<00:00,  3.89it/s]
{'Epoch': 102, 'name': 'high_freq', 'HIT@5': '0.0411', 'NDCG@5': '0.0262', 'HIT@10': '0.0626', 'NDCG@10': '0.0331', 'HIT@20': '0.0954', 'NDCG@20': '0.0414'}
{'Epoch': 102, 'name': 'mid_freq', 'HIT@5': '0.0075', 'NDCG@5': '0.0050', 'HIT@10': '0.0105', 'NDCG@10': '0.0059', 'HIT@20': '0.0162', 'NDCG@20': '0.0074'}
{'Epoch': 102, 'name': 'low_freq', 'HIT@5': '0.0041', 'NDCG@5': '0.0030', 'HIT@10': '0.0063', 'NDCG@10': '0.0037', 'HIT@20': '0.0084', 'NDCG@20': '0.0042'}
{'Epoch': 102, 'name': 'all', 'HIT@5': '0.0299', 'NDCG@5': '0.0192', 'HIT@10': '0.0454', 'NDCG@10': '0.0242', 'HIT@20': '0.0691', 'NDCG@20': '0.0301'}
EarlyStopping counter: 10 out of 40
rec dataset length: 186
100%|█████████████████████████████████████████████████████████████████████████████████████████████████████████████████████████████████████████| 186/186 [01:38<00:00,  1.89it/s]
{'epoch': 103, 'rec_avg_loss': '0.4504', 'joint_avg_loss': '0.5495', 'cl_avg_loss': '0.9908', 'itemcl_loss': '0.0000', 'cl_pair_0_loss': '0.9908'}
Recommendation EP_test:103: 100%|| 35/35 [00:08<00:00,  3.96it/s]
{'Epoch': 103, 'name': 'high_freq', 'HIT@5': '0.0403', 'NDCG@5': '0.0261', 'HIT@10': '0.0625', 'NDCG@10': '0.0332', 'HIT@20': '0.0947', 'NDCG@20': '0.0413'}
{'Epoch': 103, 'name': 'mid_freq', 'HIT@5': '0.0079', 'NDCG@5': '0.0050', 'HIT@10': '0.0109', 'NDCG@10': '0.0060', 'HIT@20': '0.0159', 'NDCG@20': '0.0072'}
{'Epoch': 103, 'name': 'low_freq', 'HIT@5': '0.0043', 'NDCG@5': '0.0028', 'HIT@10': '0.0059', 'NDCG@10': '0.0033', 'HIT@20': '0.0088', 'NDCG@20': '0.0040'}
{'Epoch': 103, 'name': 'all', 'HIT@5': '0.0295', 'NDCG@5': '0.0191', 'HIT@10': '0.0454', 'NDCG@10': '0.0242', 'HIT@20': '0.0686', 'NDCG@20': '0.0300'}
EarlyStopping counter: 11 out of 40
rec dataset length: 186
100%|█████████████████████████████████████████████████████████████████████████████████████████████████████████████████████████████████████████| 186/186 [01:40<00:00,  1.85it/s]
{'epoch': 104, 'rec_avg_loss': '0.4477', 'joint_avg_loss': '0.5459', 'cl_avg_loss': '0.9823', 'itemcl_loss': '0.0000', 'cl_pair_0_loss': '0.9823'}
Recommendation EP_test:104: 100%|| 35/35 [00:08<00:00,  4.21it/s]
{'Epoch': 104, 'name': 'high_freq', 'HIT@5': '0.0410', 'NDCG@5': '0.0263', 'HIT@10': '0.0628', 'NDCG@10': '0.0333', 'HIT@20': '0.0952', 'NDCG@20': '0.0415'}
{'Epoch': 104, 'name': 'mid_freq', 'HIT@5': '0.0078', 'NDCG@5': '0.0049', 'HIT@10': '0.0101', 'NDCG@10': '0.0056', 'HIT@20': '0.0159', 'NDCG@20': '0.0071'}
{'Epoch': 104, 'name': 'low_freq', 'HIT@5': '0.0041', 'NDCG@5': '0.0028', 'HIT@10': '0.0072', 'NDCG@10': '0.0038', 'HIT@20': '0.0077', 'NDCG@20': '0.0039'}
{'Epoch': 104, 'name': 'all', 'HIT@5': '0.0299', 'NDCG@5': '0.0192', 'HIT@10': '0.0456', 'NDCG@10': '0.0243', 'HIT@20': '0.0688', 'NDCG@20': '0.0301'}
EarlyStopping counter: 12 out of 40
rec dataset length: 186
 95%|██████████████████████████████████████████████████████████████████████████████████████████████████████████████████████████████████▎      | 177/186 [01:41<00:05,  1.78it/s]^A