(env1) zzx@DDST-zzx:~/seqRec/CLTrys/CoSeRec_Augment/CoSeRec$ sh run_0730.sh 
Using Cuda: True
(18359, 18359)
--------------------Configure Info:------------
data_dir                       :                             ./data/
output_dir                     :                             output/
data_name                      :                 Sports_and_Outdoors
do_eval                        :                                   0
model_idx                      :        single_cl_1024_only_aug_high
gpu_id                         :                                   0
noise_ratio                    :                                 0.0
training_data_ratio            :                                 1.0
augment_threshold              :                                   4
similarity_model_name          :                          ItemCF_IUF
augmentation_warm_up_epoches   :                                 160
base_augment_type              :                              random
augment_type_for_short         :                                 SIM
tao                            :                                 0.2
gamma                          :                                 0.7
beta                           :                                 0.2
substitute_rate                :                                 0.1
insert_rate                    :                                 0.4
max_insert_num_per_pos         :                                   1
temperature                    :                                 1.0
n_views                        :                                   2
model_name                     :                             CoSeRec
hidden_size                    :                                  64
num_hidden_layers              :                                   2
num_attention_heads            :                                   2
hidden_act                     :                                gelu
attention_probs_dropout_prob   :                                 0.5
hidden_dropout_prob            :                                 0.5
initializer_range              :                                0.02
max_seq_length                 :                                  50
lr                             :                               0.001
batch_size                     :                                1024
epochs                         :                                 300
no_cuda                        :                                   0
log_freq                       :                                   1
seed                           :                                   1
cf_weight                      :                                 0.1
rec_weight                     :                                 1.0
weight_decay                   :                                 0.0
adam_beta1                     :                                 0.9
adam_beta2                     :                               0.999
cl                             :                                   1
multi_neg                      :                                   0
use_freq                       :                                   0
mask_strategy                  :                              random
contrast_anchor                :                                   0
aug_by_target                  :                                high
cuda_condition                 :                                   1
data_file                      :      ./data/Sports_and_Outdoors.txt
item_size                      :                               18359
mask_id                        :                               18358
log_file                       : output/CoSeRec-Sports_and_Outdoors-single_cl_1024_only_aug_high.txt
Similarity Model Type: offline
short sequence augment type: SIM
Augmentation methods for Long sequences: 5
Augmentation methods for short sequences: 3
Creating Contrastive Learning Dataset using 'random' data augmentation
Similarity Model Type: offline
short sequence augment type: SIM
Augmentation methods for Long sequences: 5
Augmentation methods for short sequences: 3
Creating Contrastive Learning Dataset using 'random' data augmentation
Similarity Model Type: offline
short sequence augment type: SIM
Augmentation methods for Long sequences: 5
Augmentation methods for short sequences: 3
Creating Contrastive Learning Dataset using 'random' data augmentation
Total Parameters: 1278464
self.cf_criterion: NCELoss
Train CoSeRec
rec dataset length: 186
100%|██████████████████████████████████████████████████████████████████████████████████████████████████████████████████████████████████████████████████| 186/186 [00:59<00:00,  3.13it/s]
{'epoch': 0, 'rec_avg_loss': '1.2944', 'joint_avg_loss': '2.1108', 'cl_avg_loss': '8.1640', 'itemcl_loss': '0.0000', 'cl_pair_0_loss': '8.1640'}
Recommendation EP_test:0: 100%|| 35/35 [00:07<00:00,  4.42it/s]
{'Epoch': 0, 'name': 'high_freq', 'HIT@5': '0.0129', 'NDCG@5': '0.0084', 'HIT@10': '0.0198', 'NDCG@10': '0.0105', 'HIT@20': '0.0319', 'NDCG@20': '0.0136'}
{'Epoch': 0, 'name': 'mid_freq', 'HIT@5': '0.0000', 'NDCG@5': '0.0000', 'HIT@10': '0.0000', 'NDCG@10': '0.0000', 'HIT@20': '0.0000', 'NDCG@20': '0.0000'}
{'Epoch': 0, 'name': 'low_freq', 'HIT@5': '0.0000', 'NDCG@5': '0.0000', 'HIT@10': '0.0000', 'NDCG@10': '0.0000', 'HIT@20': '0.0000', 'NDCG@20': '0.0000'}
{'Epoch': 0, 'name': 'all', 'HIT@5': '0.0088', 'NDCG@5': '0.0057', 'HIT@10': '0.0135', 'NDCG@10': '0.0072', 'HIT@20': '0.0217', 'NDCG@20': '0.0092'}
Validation score increased.  Saving model ...
rec dataset length: 186
100%|██████████████████████████████████████████████████████████████████████████████████████████████████████████████████████████████████████████████████| 186/186 [00:58<00:00,  3.17it/s]
{'epoch': 1, 'rec_avg_loss': '1.2005', 'joint_avg_loss': '1.8433', 'cl_avg_loss': '6.4281', 'itemcl_loss': '0.0000', 'cl_pair_0_loss': '6.4281'}
Recommendation EP_test:1: 100%|| 35/35 [00:07<00:00,  4.70it/s]
{'Epoch': 1, 'name': 'high_freq', 'HIT@5': '0.0142', 'NDCG@5': '0.0089', 'HIT@10': '0.0222', 'NDCG@10': '0.0115', 'HIT@20': '0.0353', 'NDCG@20': '0.0147'}
{'Epoch': 1, 'name': 'mid_freq', 'HIT@5': '0.0000', 'NDCG@5': '0.0000', 'HIT@10': '0.0000', 'NDCG@10': '0.0000', 'HIT@20': '0.0000', 'NDCG@20': '0.0000'}
{'Epoch': 1, 'name': 'low_freq', 'HIT@5': '0.0000', 'NDCG@5': '0.0000', 'HIT@10': '0.0000', 'NDCG@10': '0.0000', 'HIT@20': '0.0000', 'NDCG@20': '0.0000'}
{'Epoch': 1, 'name': 'all', 'HIT@5': '0.0097', 'NDCG@5': '0.0061', 'HIT@10': '0.0151', 'NDCG@10': '0.0078', 'HIT@20': '0.0240', 'NDCG@20': '0.0100'}
Validation score increased.  Saving model ...
rec dataset length: 186
100%|██████████████████████████████████████████████████████████████████████████████████████████████████████████████████████████████████████████████████| 186/186 [00:58<00:00,  3.20it/s]
{'epoch': 2, 'rec_avg_loss': '1.1711', 'joint_avg_loss': '1.7251', 'cl_avg_loss': '5.5404', 'itemcl_loss': '0.0000', 'cl_pair_0_loss': '5.5404'}
Recommendation EP_test:2: 100%|| 35/35 [00:07<00:00,  4.63it/s]
{'Epoch': 2, 'name': 'high_freq', 'HIT@5': '0.0137', 'NDCG@5': '0.0086', 'HIT@10': '0.0227', 'NDCG@10': '0.0115', 'HIT@20': '0.0382', 'NDCG@20': '0.0154'}
{'Epoch': 2, 'name': 'mid_freq', 'HIT@5': '0.0000', 'NDCG@5': '0.0000', 'HIT@10': '0.0000', 'NDCG@10': '0.0000', 'HIT@20': '0.0000', 'NDCG@20': '0.0000'}
{'Epoch': 2, 'name': 'low_freq', 'HIT@5': '0.0000', 'NDCG@5': '0.0000', 'HIT@10': '0.0000', 'NDCG@10': '0.0000', 'HIT@20': '0.0000', 'NDCG@20': '0.0000'}
{'Epoch': 2, 'name': 'all', 'HIT@5': '0.0093', 'NDCG@5': '0.0058', 'HIT@10': '0.0155', 'NDCG@10': '0.0078', 'HIT@20': '0.0260', 'NDCG@20': '0.0104'}
Validation score increased.  Saving model ...
rec dataset length: 186
100%|██████████████████████████████████████████████████████████████████████████████████████████████████████████████████████████████████████████████████| 186/186 [00:58<00:00,  3.18it/s]
{'epoch': 3, 'rec_avg_loss': '1.1510', 'joint_avg_loss': '1.6630', 'cl_avg_loss': '5.1197', 'itemcl_loss': '0.0000', 'cl_pair_0_loss': '5.1197'}
Recommendation EP_test:3: 100%|| 35/35 [00:07<00:00,  4.52it/s]
{'Epoch': 3, 'name': 'high_freq', 'HIT@5': '0.0145', 'NDCG@5': '0.0091', 'HIT@10': '0.0243', 'NDCG@10': '0.0122', 'HIT@20': '0.0391', 'NDCG@20': '0.0159'}
{'Epoch': 3, 'name': 'mid_freq', 'HIT@5': '0.0000', 'NDCG@5': '0.0000', 'HIT@10': '0.0000', 'NDCG@10': '0.0000', 'HIT@20': '0.0000', 'NDCG@20': '0.0000'}
{'Epoch': 3, 'name': 'low_freq', 'HIT@5': '0.0000', 'NDCG@5': '0.0000', 'HIT@10': '0.0000', 'NDCG@10': '0.0000', 'HIT@20': '0.0000', 'NDCG@20': '0.0000'}
{'Epoch': 3, 'name': 'all', 'HIT@5': '0.0099', 'NDCG@5': '0.0062', 'HIT@10': '0.0165', 'NDCG@10': '0.0083', 'HIT@20': '0.0266', 'NDCG@20': '0.0108'}
Validation score increased.  Saving model ...
rec dataset length: 186
100%|██████████████████████████████████████████████████████████████████████████████████████████████████████████████████████████████████████████████████| 186/186 [00:58<00:00,  3.17it/s]
{'epoch': 4, 'rec_avg_loss': '1.1342', 'joint_avg_loss': '1.6194', 'cl_avg_loss': '4.8517', 'itemcl_loss': '0.0000', 'cl_pair_0_loss': '4.8517'}
Recommendation EP_test:4: 100%|| 35/35 [00:08<00:00,  4.28it/s]
{'Epoch': 4, 'name': 'high_freq', 'HIT@5': '0.0155', 'NDCG@5': '0.0100', 'HIT@10': '0.0247', 'NDCG@10': '0.0129', 'HIT@20': '0.0402', 'NDCG@20': '0.0168'}
{'Epoch': 4, 'name': 'mid_freq', 'HIT@5': '0.0000', 'NDCG@5': '0.0000', 'HIT@10': '0.0000', 'NDCG@10': '0.0000', 'HIT@20': '0.0000', 'NDCG@20': '0.0000'}
{'Epoch': 4, 'name': 'low_freq', 'HIT@5': '0.0000', 'NDCG@5': '0.0000', 'HIT@10': '0.0000', 'NDCG@10': '0.0000', 'HIT@20': '0.0000', 'NDCG@20': '0.0000'}
{'Epoch': 4, 'name': 'all', 'HIT@5': '0.0106', 'NDCG@5': '0.0068', 'HIT@10': '0.0168', 'NDCG@10': '0.0088', 'HIT@20': '0.0274', 'NDCG@20': '0.0114'}
Validation score increased.  Saving model ...
rec dataset length: 186
100%|██████████████████████████████████████████████████████████████████████████████████████████████████████████████████████████████████████████████████| 186/186 [00:58<00:00,  3.18it/s]
{'epoch': 5, 'rec_avg_loss': '1.1185', 'joint_avg_loss': '1.5848', 'cl_avg_loss': '4.6631', 'itemcl_loss': '0.0000', 'cl_pair_0_loss': '4.6631'}
Recommendation EP_test:5: 100%|| 35/35 [00:08<00:00,  3.90it/s]
{'Epoch': 5, 'name': 'high_freq', 'HIT@5': '0.0158', 'NDCG@5': '0.0102', 'HIT@10': '0.0267', 'NDCG@10': '0.0137', 'HIT@20': '0.0436', 'NDCG@20': '0.0180'}
{'Epoch': 5, 'name': 'mid_freq', 'HIT@5': '0.0000', 'NDCG@5': '0.0000', 'HIT@10': '0.0000', 'NDCG@10': '0.0000', 'HIT@20': '0.0000', 'NDCG@20': '0.0000'}
{'Epoch': 5, 'name': 'low_freq', 'HIT@5': '0.0000', 'NDCG@5': '0.0000', 'HIT@10': '0.0000', 'NDCG@10': '0.0000', 'HIT@20': '0.0000', 'NDCG@20': '0.0000'}
{'Epoch': 5, 'name': 'all', 'HIT@5': '0.0108', 'NDCG@5': '0.0069', 'HIT@10': '0.0181', 'NDCG@10': '0.0093', 'HIT@20': '0.0297', 'NDCG@20': '0.0122'}
Validation score increased.  Saving model ...
rec dataset length: 186
100%|██████████████████████████████████████████████████████████████████████████████████████████████████████████████████████████████████████████████████| 186/186 [00:58<00:00,  3.16it/s]
{'epoch': 6, 'rec_avg_loss': '1.0962', 'joint_avg_loss': '1.5450', 'cl_avg_loss': '4.4879', 'itemcl_loss': '0.0000', 'cl_pair_0_loss': '4.4879'}
Recommendation EP_test:6: 100%|| 35/35 [00:08<00:00,  4.30it/s]
{'Epoch': 6, 'name': 'high_freq', 'HIT@5': '0.0182', 'NDCG@5': '0.0115', 'HIT@10': '0.0305', 'NDCG@10': '0.0155', 'HIT@20': '0.0486', 'NDCG@20': '0.0201'}
{'Epoch': 6, 'name': 'mid_freq', 'HIT@5': '0.0000', 'NDCG@5': '0.0000', 'HIT@10': '0.0000', 'NDCG@10': '0.0000', 'HIT@20': '0.0000', 'NDCG@20': '0.0000'}
{'Epoch': 6, 'name': 'low_freq', 'HIT@5': '0.0000', 'NDCG@5': '0.0000', 'HIT@10': '0.0000', 'NDCG@10': '0.0000', 'HIT@20': '0.0000', 'NDCG@20': '0.0000'}
{'Epoch': 6, 'name': 'all', 'HIT@5': '0.0124', 'NDCG@5': '0.0078', 'HIT@10': '0.0207', 'NDCG@10': '0.0105', 'HIT@20': '0.0331', 'NDCG@20': '0.0137'}
Validation score increased.  Saving model ...
rec dataset length: 186
100%|██████████████████████████████████████████████████████████████████████████████████████████████████████████████████████████████████████████████████| 186/186 [00:58<00:00,  3.17it/s]
{'epoch': 7, 'rec_avg_loss': '1.0725', 'joint_avg_loss': '1.5086', 'cl_avg_loss': '4.3610', 'itemcl_loss': '0.0000', 'cl_pair_0_loss': '4.3610'}
Recommendation EP_test:7: 100%|| 35/35 [00:08<00:00,  4.05it/s]
{'Epoch': 7, 'name': 'high_freq', 'HIT@5': '0.0198', 'NDCG@5': '0.0126', 'HIT@10': '0.0338', 'NDCG@10': '0.0171', 'HIT@20': '0.0545', 'NDCG@20': '0.0223'}
{'Epoch': 7, 'name': 'mid_freq', 'HIT@5': '0.0000', 'NDCG@5': '0.0000', 'HIT@10': '0.0000', 'NDCG@10': '0.0000', 'HIT@20': '0.0000', 'NDCG@20': '0.0000'}
{'Epoch': 7, 'name': 'low_freq', 'HIT@5': '0.0000', 'NDCG@5': '0.0000', 'HIT@10': '0.0000', 'NDCG@10': '0.0000', 'HIT@20': '0.0000', 'NDCG@20': '0.0000'}
{'Epoch': 7, 'name': 'all', 'HIT@5': '0.0135', 'NDCG@5': '0.0085', 'HIT@10': '0.0230', 'NDCG@10': '0.0116', 'HIT@20': '0.0371', 'NDCG@20': '0.0151'}
Validation score increased.  Saving model ...
rec dataset length: 186
100%|██████████████████████████████████████████████████████████████████████████████████████████████████████████████████████████████████████████████████| 186/186 [00:58<00:00,  3.19it/s]
{'epoch': 8, 'rec_avg_loss': '1.0475', 'joint_avg_loss': '1.4762', 'cl_avg_loss': '4.2867', 'itemcl_loss': '0.0000', 'cl_pair_0_loss': '4.2867'}
Recommendation EP_test:8: 100%|| 35/35 [00:08<00:00,  4.08it/s]
{'Epoch': 8, 'name': 'high_freq', 'HIT@5': '0.0209', 'NDCG@5': '0.0133', 'HIT@10': '0.0360', 'NDCG@10': '0.0181', 'HIT@20': '0.0586', 'NDCG@20': '0.0238'}
{'Epoch': 8, 'name': 'mid_freq', 'HIT@5': '0.0000', 'NDCG@5': '0.0000', 'HIT@10': '0.0000', 'NDCG@10': '0.0000', 'HIT@20': '0.0000', 'NDCG@20': '0.0000'}
{'Epoch': 8, 'name': 'low_freq', 'HIT@5': '0.0000', 'NDCG@5': '0.0000', 'HIT@10': '0.0000', 'NDCG@10': '0.0000', 'HIT@20': '0.0000', 'NDCG@20': '0.0000'}
{'Epoch': 8, 'name': 'all', 'HIT@5': '0.0142', 'NDCG@5': '0.0090', 'HIT@10': '0.0245', 'NDCG@10': '0.0123', 'HIT@20': '0.0399', 'NDCG@20': '0.0162'}
Validation score increased.  Saving model ...
rec dataset length: 186
100%|██████████████████████████████████████████████████████████████████████████████████████████████████████████████████████████████████████████████████| 186/186 [00:58<00:00,  3.17it/s]
{'epoch': 9, 'rec_avg_loss': '1.0224', 'joint_avg_loss': '1.4439', 'cl_avg_loss': '4.2143', 'itemcl_loss': '0.0000', 'cl_pair_0_loss': '4.2143'}
Recommendation EP_test:9: 100%|| 35/35 [00:08<00:00,  4.21it/s]
{'Epoch': 9, 'name': 'high_freq', 'HIT@5': '0.0221', 'NDCG@5': '0.0136', 'HIT@10': '0.0374', 'NDCG@10': '0.0185', 'HIT@20': '0.0618', 'NDCG@20': '0.0246'}
{'Epoch': 9, 'name': 'mid_freq', 'HIT@5': '0.0000', 'NDCG@5': '0.0000', 'HIT@10': '0.0000', 'NDCG@10': '0.0000', 'HIT@20': '0.0000', 'NDCG@20': '0.0000'}
{'Epoch': 9, 'name': 'low_freq', 'HIT@5': '0.0000', 'NDCG@5': '0.0000', 'HIT@10': '0.0000', 'NDCG@10': '0.0000', 'HIT@20': '0.0000', 'NDCG@20': '0.0000'}
{'Epoch': 9, 'name': 'all', 'HIT@5': '0.0151', 'NDCG@5': '0.0093', 'HIT@10': '0.0254', 'NDCG@10': '0.0126', 'HIT@20': '0.0421', 'NDCG@20': '0.0168'}
Validation score increased.  Saving model ...
rec dataset length: 186
100%|██████████████████████████████████████████████████████████████████████████████████████████████████████████████████████████████████████████████████| 186/186 [00:58<00:00,  3.19it/s]
{'epoch': 10, 'rec_avg_loss': '0.9980', 'joint_avg_loss': '1.4144', 'cl_avg_loss': '4.1644', 'itemcl_loss': '0.0000', 'cl_pair_0_loss': '4.1644'}
Recommendation EP_test:10: 100%|| 35/35 [00:08<00:00,  4.13it/s]
{'Epoch': 10, 'name': 'high_freq', 'HIT@5': '0.0223', 'NDCG@5': '0.0139', 'HIT@10': '0.0390', 'NDCG@10': '0.0193', 'HIT@20': '0.0655', 'NDCG@20': '0.0259'}
{'Epoch': 10, 'name': 'mid_freq', 'HIT@5': '0.0000', 'NDCG@5': '0.0000', 'HIT@10': '0.0000', 'NDCG@10': '0.0000', 'HIT@20': '0.0000', 'NDCG@20': '0.0000'}
{'Epoch': 10, 'name': 'low_freq', 'HIT@5': '0.0000', 'NDCG@5': '0.0000', 'HIT@10': '0.0000', 'NDCG@10': '0.0000', 'HIT@20': '0.0000', 'NDCG@20': '0.0000'}
{'Epoch': 10, 'name': 'all', 'HIT@5': '0.0152', 'NDCG@5': '0.0095', 'HIT@10': '0.0265', 'NDCG@10': '0.0131', 'HIT@20': '0.0446', 'NDCG@20': '0.0176'}
Validation score increased.  Saving model ...
rec dataset length: 186
100%|██████████████████████████████████████████████████████████████████████████████████████████████████████████████████████████████████████████████████| 186/186 [00:58<00:00,  3.19it/s]
{'epoch': 11, 'rec_avg_loss': '0.9763', 'joint_avg_loss': '1.3893', 'cl_avg_loss': '4.1301', 'itemcl_loss': '0.0000', 'cl_pair_0_loss': '4.1301'}
Recommendation EP_test:11: 100%|| 35/35 [00:08<00:00,  4.01it/s]
{'Epoch': 11, 'name': 'high_freq', 'HIT@5': '0.0242', 'NDCG@5': '0.0151', 'HIT@10': '0.0414', 'NDCG@10': '0.0206', 'HIT@20': '0.0685', 'NDCG@20': '0.0275'}
{'Epoch': 11, 'name': 'mid_freq', 'HIT@5': '0.0000', 'NDCG@5': '0.0000', 'HIT@10': '0.0000', 'NDCG@10': '0.0000', 'HIT@20': '0.0004', 'NDCG@20': '0.0001'}
{'Epoch': 11, 'name': 'low_freq', 'HIT@5': '0.0000', 'NDCG@5': '0.0000', 'HIT@10': '0.0000', 'NDCG@10': '0.0000', 'HIT@20': '0.0000', 'NDCG@20': '0.0000'}
{'Epoch': 11, 'name': 'all', 'HIT@5': '0.0165', 'NDCG@5': '0.0103', 'HIT@10': '0.0281', 'NDCG@10': '0.0140', 'HIT@20': '0.0467', 'NDCG@20': '0.0187'}
Validation score increased.  Saving model ...
rec dataset length: 186
100%|██████████████████████████████████████████████████████████████████████████████████████████████████████████████████████████████████████████████████| 186/186 [00:58<00:00,  3.19it/s]
{'epoch': 12, 'rec_avg_loss': '0.9565', 'joint_avg_loss': '1.3657', 'cl_avg_loss': '4.0918', 'itemcl_loss': '0.0000', 'cl_pair_0_loss': '4.0918'}
Recommendation EP_test:12: 100%|| 35/35 [00:08<00:00,  4.09it/s]
{'Epoch': 12, 'name': 'high_freq', 'HIT@5': '0.0256', 'NDCG@5': '0.0158', 'HIT@10': '0.0424', 'NDCG@10': '0.0212', 'HIT@20': '0.0697', 'NDCG@20': '0.0280'}
{'Epoch': 12, 'name': 'mid_freq', 'HIT@5': '0.0000', 'NDCG@5': '0.0000', 'HIT@10': '0.0004', 'NDCG@10': '0.0001', 'HIT@20': '0.0006', 'NDCG@20': '0.0002'}
{'Epoch': 12, 'name': 'low_freq', 'HIT@5': '0.0000', 'NDCG@5': '0.0000', 'HIT@10': '0.0000', 'NDCG@10': '0.0000', 'HIT@20': '0.0000', 'NDCG@20': '0.0000'}
{'Epoch': 12, 'name': 'all', 'HIT@5': '0.0174', 'NDCG@5': '0.0108', 'HIT@10': '0.0289', 'NDCG@10': '0.0145', 'HIT@20': '0.0475', 'NDCG@20': '0.0191'}
Validation score increased.  Saving model ...
rec dataset length: 186
100%|██████████████████████████████████████████████████████████████████████████████████████████████████████████████████████████████████████████████████| 186/186 [00:58<00:00,  3.19it/s]
{'epoch': 13, 'rec_avg_loss': '0.9384', 'joint_avg_loss': '1.3440', 'cl_avg_loss': '4.0561', 'itemcl_loss': '0.0000', 'cl_pair_0_loss': '4.0561'}
Recommendation EP_test:13: 100%|| 35/35 [00:08<00:00,  4.03it/s]
{'Epoch': 13, 'name': 'high_freq', 'HIT@5': '0.0274', 'NDCG@5': '0.0171', 'HIT@10': '0.0452', 'NDCG@10': '0.0228', 'HIT@20': '0.0714', 'NDCG@20': '0.0294'}
{'Epoch': 13, 'name': 'mid_freq', 'HIT@5': '0.0001', 'NDCG@5': '0.0001', 'HIT@10': '0.0006', 'NDCG@10': '0.0002', 'HIT@20': '0.0007', 'NDCG@20': '0.0002'}
{'Epoch': 13, 'name': 'low_freq', 'HIT@5': '0.0000', 'NDCG@5': '0.0000', 'HIT@10': '0.0000', 'NDCG@10': '0.0000', 'HIT@20': '0.0000', 'NDCG@20': '0.0000'}
{'Epoch': 13, 'name': 'all', 'HIT@5': '0.0187', 'NDCG@5': '0.0117', 'HIT@10': '0.0308', 'NDCG@10': '0.0156', 'HIT@20': '0.0487', 'NDCG@20': '0.0200'}
Validation score increased.  Saving model ...
rec dataset length: 186
100%|██████████████████████████████████████████████████████████████████████████████████████████████████████████████████████████████████████████████████| 186/186 [00:58<00:00,  3.19it/s]
{'epoch': 14, 'rec_avg_loss': '0.9205', 'joint_avg_loss': '1.3238', 'cl_avg_loss': '4.0327', 'itemcl_loss': '0.0000', 'cl_pair_0_loss': '4.0327'}
Recommendation EP_test:14: 100%|| 35/35 [00:08<00:00,  4.09it/s]
{'Epoch': 14, 'name': 'high_freq', 'HIT@5': '0.0290', 'NDCG@5': '0.0180', 'HIT@10': '0.0469', 'NDCG@10': '0.0238', 'HIT@20': '0.0749', 'NDCG@20': '0.0308'}
{'Epoch': 14, 'name': 'mid_freq', 'HIT@5': '0.0004', 'NDCG@5': '0.0003', 'HIT@10': '0.0006', 'NDCG@10': '0.0003', 'HIT@20': '0.0010', 'NDCG@20': '0.0004'}
{'Epoch': 14, 'name': 'low_freq', 'HIT@5': '0.0000', 'NDCG@5': '0.0000', 'HIT@10': '0.0000', 'NDCG@10': '0.0000', 'HIT@20': '0.0000', 'NDCG@20': '0.0000'}
{'Epoch': 14, 'name': 'all', 'HIT@5': '0.0198', 'NDCG@5': '0.0123', 'HIT@10': '0.0320', 'NDCG@10': '0.0162', 'HIT@20': '0.0512', 'NDCG@20': '0.0210'}
Validation score increased.  Saving model ...
rec dataset length: 186
100%|██████████████████████████████████████████████████████████████████████████████████████████████████████████████████████████████████████████████████| 186/186 [00:58<00:00,  3.18it/s]
{'epoch': 15, 'rec_avg_loss': '0.9025', 'joint_avg_loss': '1.3033', 'cl_avg_loss': '4.0080', 'itemcl_loss': '0.0000', 'cl_pair_0_loss': '4.0080'}
Recommendation EP_test:15: 100%|| 35/35 [00:08<00:00,  4.10it/s]
{'Epoch': 15, 'name': 'high_freq', 'HIT@5': '0.0294', 'NDCG@5': '0.0184', 'HIT@10': '0.0481', 'NDCG@10': '0.0244', 'HIT@20': '0.0775', 'NDCG@20': '0.0318'}
{'Epoch': 15, 'name': 'mid_freq', 'HIT@5': '0.0004', 'NDCG@5': '0.0003', 'HIT@10': '0.0007', 'NDCG@10': '0.0004', 'HIT@20': '0.0014', 'NDCG@20': '0.0005'}
{'Epoch': 15, 'name': 'low_freq', 'HIT@5': '0.0000', 'NDCG@5': '0.0000', 'HIT@10': '0.0000', 'NDCG@10': '0.0000', 'HIT@20': '0.0000', 'NDCG@20': '0.0000'}
{'Epoch': 15, 'name': 'all', 'HIT@5': '0.0201', 'NDCG@5': '0.0126', 'HIT@10': '0.0329', 'NDCG@10': '0.0167', 'HIT@20': '0.0530', 'NDCG@20': '0.0217'}
Validation score increased.  Saving model ...
rec dataset length: 186
100%|██████████████████████████████████████████████████████████████████████████████████████████████████████████████████████████████████████████████████| 186/186 [00:58<00:00,  3.18it/s]
{'epoch': 16, 'rec_avg_loss': '0.8862', 'joint_avg_loss': '1.2840', 'cl_avg_loss': '3.9785', 'itemcl_loss': '0.0000', 'cl_pair_0_loss': '3.9785'}
Recommendation EP_test:16: 100%|| 35/35 [00:08<00:00,  4.16it/s]
{'Epoch': 16, 'name': 'high_freq', 'HIT@5': '0.0299', 'NDCG@5': '0.0191', 'HIT@10': '0.0488', 'NDCG@10': '0.0251', 'HIT@20': '0.0794', 'NDCG@20': '0.0328'}
{'Epoch': 16, 'name': 'mid_freq', 'HIT@5': '0.0004', 'NDCG@5': '0.0003', 'HIT@10': '0.0009', 'NDCG@10': '0.0004', 'HIT@20': '0.0016', 'NDCG@20': '0.0006'}
{'Epoch': 16, 'name': 'low_freq', 'HIT@5': '0.0000', 'NDCG@5': '0.0000', 'HIT@10': '0.0000', 'NDCG@10': '0.0000', 'HIT@20': '0.0002', 'NDCG@20': '0.0001'}
{'Epoch': 16, 'name': 'all', 'HIT@5': '0.0204', 'NDCG@5': '0.0130', 'HIT@10': '0.0334', 'NDCG@10': '0.0172', 'HIT@20': '0.0544', 'NDCG@20': '0.0225'}
Validation score increased.  Saving model ...
rec dataset length: 186
100%|██████████████████████████████████████████████████████████████████████████████████████████████████████████████████████████████████████████████████| 186/186 [00:58<00:00,  3.20it/s]
{'epoch': 17, 'rec_avg_loss': '0.8714', 'joint_avg_loss': '1.2650', 'cl_avg_loss': '3.9369', 'itemcl_loss': '0.0000', 'cl_pair_0_loss': '3.9369'}
Recommendation EP_test:17: 100%|| 35/35 [00:08<00:00,  4.08it/s]
{'Epoch': 17, 'name': 'high_freq', 'HIT@5': '0.0319', 'NDCG@5': '0.0204', 'HIT@10': '0.0520', 'NDCG@10': '0.0268', 'HIT@20': '0.0816', 'NDCG@20': '0.0343'}
{'Epoch': 17, 'name': 'mid_freq', 'HIT@5': '0.0010', 'NDCG@5': '0.0005', 'HIT@10': '0.0014', 'NDCG@10': '0.0007', 'HIT@20': '0.0014', 'NDCG@20': '0.0007'}
{'Epoch': 17, 'name': 'low_freq', 'HIT@5': '0.0000', 'NDCG@5': '0.0000', 'HIT@10': '0.0000', 'NDCG@10': '0.0000', 'HIT@20': '0.0002', 'NDCG@20': '0.0001'}
{'Epoch': 17, 'name': 'all', 'HIT@5': '0.0219', 'NDCG@5': '0.0140', 'HIT@10': '0.0356', 'NDCG@10': '0.0184', 'HIT@20': '0.0558', 'NDCG@20': '0.0234'}
Validation score increased.  Saving model ...
rec dataset length: 186
100%|██████████████████████████████████████████████████████████████████████████████████████████████████████████████████████████████████████████████████| 186/186 [00:58<00:00,  3.19it/s]
{'epoch': 18, 'rec_avg_loss': '0.8602', 'joint_avg_loss': '1.2522', 'cl_avg_loss': '3.9203', 'itemcl_loss': '0.0000', 'cl_pair_0_loss': '3.9203'}
Recommendation EP_test:18: 100%|| 35/35 [00:08<00:00,  4.05it/s]
{'Epoch': 18, 'name': 'high_freq', 'HIT@5': '0.0323', 'NDCG@5': '0.0205', 'HIT@10': '0.0530', 'NDCG@10': '0.0272', 'HIT@20': '0.0826', 'NDCG@20': '0.0346'}
{'Epoch': 18, 'name': 'mid_freq', 'HIT@5': '0.0013', 'NDCG@5': '0.0007', 'HIT@10': '0.0016', 'NDCG@10': '0.0008', 'HIT@20': '0.0019', 'NDCG@20': '0.0009'}
{'Epoch': 18, 'name': 'low_freq', 'HIT@5': '0.0000', 'NDCG@5': '0.0000', 'HIT@10': '0.0000', 'NDCG@10': '0.0000', 'HIT@20': '0.0002', 'NDCG@20': '0.0001'}
{'Epoch': 18, 'name': 'all', 'HIT@5': '0.0222', 'NDCG@5': '0.0141', 'HIT@10': '0.0364', 'NDCG@10': '0.0186', 'HIT@20': '0.0566', 'NDCG@20': '0.0237'}
Validation score increased.  Saving model ...
rec dataset length: 186
100%|██████████████████████████████████████████████████████████████████████████████████████████████████████████████████████████████████████████████████| 186/186 [00:58<00:00,  3.18it/s]
{'epoch': 19, 'rec_avg_loss': '0.8450', 'joint_avg_loss': '1.2350', 'cl_avg_loss': '3.8996', 'itemcl_loss': '0.0000', 'cl_pair_0_loss': '3.8996'}
Recommendation EP_test:19: 100%|| 35/35 [00:08<00:00,  4.14it/s]
{'Epoch': 19, 'name': 'high_freq', 'HIT@5': '0.0348', 'NDCG@5': '0.0219', 'HIT@10': '0.0549', 'NDCG@10': '0.0284', 'HIT@20': '0.0855', 'NDCG@20': '0.0361'}
{'Epoch': 19, 'name': 'mid_freq', 'HIT@5': '0.0011', 'NDCG@5': '0.0008', 'HIT@10': '0.0014', 'NDCG@10': '0.0009', 'HIT@20': '0.0017', 'NDCG@20': '0.0010'}
{'Epoch': 19, 'name': 'low_freq', 'HIT@5': '0.0000', 'NDCG@5': '0.0000', 'HIT@10': '0.0000', 'NDCG@10': '0.0000', 'HIT@20': '0.0000', 'NDCG@20': '0.0000'}
{'Epoch': 19, 'name': 'all', 'HIT@5': '0.0239', 'NDCG@5': '0.0151', 'HIT@10': '0.0376', 'NDCG@10': '0.0195', 'HIT@20': '0.0585', 'NDCG@20': '0.0247'}
Validation score increased.  Saving model ...
rec dataset length: 186
100%|██████████████████████████████████████████████████████████████████████████████████████████████████████████████████████████████████████████████████| 186/186 [00:58<00:00,  3.19it/s]
{'epoch': 20, 'rec_avg_loss': '0.8326', 'joint_avg_loss': '1.2200', 'cl_avg_loss': '3.8745', 'itemcl_loss': '0.0000', 'cl_pair_0_loss': '3.8745'}
Recommendation EP_test:20: 100%|| 35/35 [00:08<00:00,  4.28it/s]
{'Epoch': 20, 'name': 'high_freq', 'HIT@5': '0.0343', 'NDCG@5': '0.0211', 'HIT@10': '0.0556', 'NDCG@10': '0.0279', 'HIT@20': '0.0853', 'NDCG@20': '0.0354'}
{'Epoch': 20, 'name': 'mid_freq', 'HIT@5': '0.0009', 'NDCG@5': '0.0006', 'HIT@10': '0.0016', 'NDCG@10': '0.0008', 'HIT@20': '0.0016', 'NDCG@20': '0.0008'}
{'Epoch': 20, 'name': 'low_freq', 'HIT@5': '0.0000', 'NDCG@5': '0.0000', 'HIT@10': '0.0000', 'NDCG@10': '0.0000', 'HIT@20': '0.0002', 'NDCG@20': '0.0001'}
{'Epoch': 20, 'name': 'all', 'HIT@5': '0.0235', 'NDCG@5': '0.0145', 'HIT@10': '0.0381', 'NDCG@10': '0.0192', 'HIT@20': '0.0583', 'NDCG@20': '0.0242'}
EarlyStopping counter: 1 out of 40
rec dataset length: 186
100%|██████████████████████████████████████████████████████████████████████████████████████████████████████████████████████████████████████████████████| 186/186 [00:58<00:00,  3.18it/s]
{'epoch': 21, 'rec_avg_loss': '0.8197', 'joint_avg_loss': '1.2040', 'cl_avg_loss': '3.8432', 'itemcl_loss': '0.0000', 'cl_pair_0_loss': '3.8432'}
Recommendation EP_test:21: 100%|| 35/35 [00:07<00:00,  4.41it/s]
{'Epoch': 21, 'name': 'high_freq', 'HIT@5': '0.0358', 'NDCG@5': '0.0221', 'HIT@10': '0.0564', 'NDCG@10': '0.0288', 'HIT@20': '0.0871', 'NDCG@20': '0.0365'}
{'Epoch': 21, 'name': 'mid_freq', 'HIT@5': '0.0011', 'NDCG@5': '0.0006', 'HIT@10': '0.0016', 'NDCG@10': '0.0008', 'HIT@20': '0.0020', 'NDCG@20': '0.0009'}
{'Epoch': 21, 'name': 'low_freq', 'HIT@5': '0.0000', 'NDCG@5': '0.0000', 'HIT@10': '0.0002', 'NDCG@10': '0.0001', 'HIT@20': '0.0005', 'NDCG@20': '0.0001'}
{'Epoch': 21, 'name': 'all', 'HIT@5': '0.0246', 'NDCG@5': '0.0152', 'HIT@10': '0.0387', 'NDCG@10': '0.0197', 'HIT@20': '0.0597', 'NDCG@20': '0.0250'}
Validation score increased.  Saving model ...
rec dataset length: 186
100%|██████████████████████████████████████████████████████████████████████████████████████████████████████████████████████████████████████████████████| 186/186 [00:58<00:00,  3.18it/s]
{'epoch': 22, 'rec_avg_loss': '0.8079', 'joint_avg_loss': '1.1902', 'cl_avg_loss': '3.8230', 'itemcl_loss': '0.0000', 'cl_pair_0_loss': '3.8230'}
Recommendation EP_test:22: 100%|| 35/35 [00:08<00:00,  4.35it/s]
{'Epoch': 22, 'name': 'high_freq', 'HIT@5': '0.0358', 'NDCG@5': '0.0225', 'HIT@10': '0.0582', 'NDCG@10': '0.0297', 'HIT@20': '0.0902', 'NDCG@20': '0.0378'}
{'Epoch': 22, 'name': 'mid_freq', 'HIT@5': '0.0011', 'NDCG@5': '0.0006', 'HIT@10': '0.0014', 'NDCG@10': '0.0007', 'HIT@20': '0.0022', 'NDCG@20': '0.0009'}
{'Epoch': 22, 'name': 'low_freq', 'HIT@5': '0.0000', 'NDCG@5': '0.0000', 'HIT@10': '0.0000', 'NDCG@10': '0.0000', 'HIT@20': '0.0005', 'NDCG@20': '0.0001'}
{'Epoch': 22, 'name': 'all', 'HIT@5': '0.0246', 'NDCG@5': '0.0154', 'HIT@10': '0.0399', 'NDCG@10': '0.0203', 'HIT@20': '0.0619', 'NDCG@20': '0.0259'}
Validation score increased.  Saving model ...
rec dataset length: 186
100%|██████████████████████████████████████████████████████████████████████████████████████████████████████████████████████████████████████████████████| 186/186 [00:58<00:00,  3.18it/s]
{'epoch': 23, 'rec_avg_loss': '0.7970', 'joint_avg_loss': '1.1789', 'cl_avg_loss': '3.8187', 'itemcl_loss': '0.0000', 'cl_pair_0_loss': '3.8187'}
Recommendation EP_test:23: 100%|| 35/35 [00:08<00:00,  4.36it/s]
{'Epoch': 23, 'name': 'high_freq', 'HIT@5': '0.0365', 'NDCG@5': '0.0229', 'HIT@10': '0.0585', 'NDCG@10': '0.0301', 'HIT@20': '0.0881', 'NDCG@20': '0.0375'}
{'Epoch': 23, 'name': 'mid_freq', 'HIT@5': '0.0011', 'NDCG@5': '0.0007', 'HIT@10': '0.0019', 'NDCG@10': '0.0009', 'HIT@20': '0.0026', 'NDCG@20': '0.0011'}
{'Epoch': 23, 'name': 'low_freq', 'HIT@5': '0.0000', 'NDCG@5': '0.0000', 'HIT@10': '0.0002', 'NDCG@10': '0.0001', 'HIT@20': '0.0005', 'NDCG@20': '0.0001'}
{'Epoch': 23, 'name': 'all', 'HIT@5': '0.0250', 'NDCG@5': '0.0157', 'HIT@10': '0.0402', 'NDCG@10': '0.0206', 'HIT@20': '0.0605', 'NDCG@20': '0.0257'}
EarlyStopping counter: 1 out of 40
rec dataset length: 186
100%|██████████████████████████████████████████████████████████████████████████████████████████████████████████████████████████████████████████████████| 186/186 [00:58<00:00,  3.19it/s]
{'epoch': 24, 'rec_avg_loss': '0.7859', 'joint_avg_loss': '1.1642', 'cl_avg_loss': '3.7836', 'itemcl_loss': '0.0000', 'cl_pair_0_loss': '3.7836'}
Recommendation EP_test:24: 100%|| 35/35 [00:08<00:00,  4.24it/s]
{'Epoch': 24, 'name': 'high_freq', 'HIT@5': '0.0383', 'NDCG@5': '0.0239', 'HIT@10': '0.0599', 'NDCG@10': '0.0308', 'HIT@20': '0.0937', 'NDCG@20': '0.0393'}
{'Epoch': 24, 'name': 'mid_freq', 'HIT@5': '0.0010', 'NDCG@5': '0.0005', 'HIT@10': '0.0016', 'NDCG@10': '0.0007', 'HIT@20': '0.0029', 'NDCG@20': '0.0010'}
{'Epoch': 24, 'name': 'low_freq', 'HIT@5': '0.0000', 'NDCG@5': '0.0000', 'HIT@10': '0.0000', 'NDCG@10': '0.0000', 'HIT@20': '0.0002', 'NDCG@20': '0.0001'}
{'Epoch': 24, 'name': 'all', 'HIT@5': '0.0263', 'NDCG@5': '0.0163', 'HIT@10': '0.0410', 'NDCG@10': '0.0211', 'HIT@20': '0.0644', 'NDCG@20': '0.0269'}
Validation score increased.  Saving model ...
rec dataset length: 186
100%|██████████████████████████████████████████████████████████████████████████████████████████████████████████████████████████████████████████████████| 186/186 [00:58<00:00,  3.18it/s]
{'epoch': 25, 'rec_avg_loss': '0.7769', 'joint_avg_loss': '1.1534', 'cl_avg_loss': '3.7646', 'itemcl_loss': '0.0000', 'cl_pair_0_loss': '3.7646'}
Recommendation EP_test:25: 100%|| 35/35 [00:08<00:00,  4.24it/s]
{'Epoch': 25, 'name': 'high_freq', 'HIT@5': '0.0379', 'NDCG@5': '0.0241', 'HIT@10': '0.0609', 'NDCG@10': '0.0314', 'HIT@20': '0.0942', 'NDCG@20': '0.0398'}
{'Epoch': 25, 'name': 'mid_freq', 'HIT@5': '0.0010', 'NDCG@5': '0.0005', 'HIT@10': '0.0017', 'NDCG@10': '0.0007', 'HIT@20': '0.0029', 'NDCG@20': '0.0010'}
{'Epoch': 25, 'name': 'low_freq', 'HIT@5': '0.0000', 'NDCG@5': '0.0000', 'HIT@10': '0.0000', 'NDCG@10': '0.0000', 'HIT@20': '0.0002', 'NDCG@20': '0.0001'}
{'Epoch': 25, 'name': 'all', 'HIT@5': '0.0260', 'NDCG@5': '0.0165', 'HIT@10': '0.0418', 'NDCG@10': '0.0215', 'HIT@20': '0.0647', 'NDCG@20': '0.0273'}
Validation score increased.  Saving model ...
rec dataset length: 186
100%|██████████████████████████████████████████████████████████████████████████████████████████████████████████████████████████████████████████████████| 186/186 [00:58<00:00,  3.17it/s]
{'epoch': 26, 'rec_avg_loss': '0.7692', 'joint_avg_loss': '1.1415', 'cl_avg_loss': '3.7233', 'itemcl_loss': '0.0000', 'cl_pair_0_loss': '3.7233'}
Recommendation EP_test:26: 100%|| 35/35 [00:08<00:00,  4.10it/s]
{'Epoch': 26, 'name': 'high_freq', 'HIT@5': '0.0378', 'NDCG@5': '0.0236', 'HIT@10': '0.0603', 'NDCG@10': '0.0309', 'HIT@20': '0.0944', 'NDCG@20': '0.0395'}
{'Epoch': 26, 'name': 'mid_freq', 'HIT@5': '0.0013', 'NDCG@5': '0.0008', 'HIT@10': '0.0020', 'NDCG@10': '0.0010', 'HIT@20': '0.0027', 'NDCG@20': '0.0012'}
{'Epoch': 26, 'name': 'low_freq', 'HIT@5': '0.0000', 'NDCG@5': '0.0000', 'HIT@10': '0.0000', 'NDCG@10': '0.0000', 'HIT@20': '0.0005', 'NDCG@20': '0.0001'}
{'Epoch': 26, 'name': 'all', 'HIT@5': '0.0260', 'NDCG@5': '0.0162', 'HIT@10': '0.0414', 'NDCG@10': '0.0212', 'HIT@20': '0.0648', 'NDCG@20': '0.0271'}
EarlyStopping counter: 1 out of 40
rec dataset length: 186
100%|██████████████████████████████████████████████████████████████████████████████████████████████████████████████████████████████████████████████████| 186/186 [00:58<00:00,  3.18it/s]
{'epoch': 27, 'rec_avg_loss': '0.7586', 'joint_avg_loss': '1.1300', 'cl_avg_loss': '3.7146', 'itemcl_loss': '0.0000', 'cl_pair_0_loss': '3.7146'}
Recommendation EP_test:27: 100%|| 35/35 [00:08<00:00,  4.16it/s]
{'Epoch': 27, 'name': 'high_freq', 'HIT@5': '0.0377', 'NDCG@5': '0.0235', 'HIT@10': '0.0626', 'NDCG@10': '0.0315', 'HIT@20': '0.0964', 'NDCG@20': '0.0400'}
{'Epoch': 27, 'name': 'mid_freq', 'HIT@5': '0.0014', 'NDCG@5': '0.0008', 'HIT@10': '0.0019', 'NDCG@10': '0.0009', 'HIT@20': '0.0027', 'NDCG@20': '0.0012'}
{'Epoch': 27, 'name': 'low_freq', 'HIT@5': '0.0000', 'NDCG@5': '0.0000', 'HIT@10': '0.0000', 'NDCG@10': '0.0000', 'HIT@20': '0.0005', 'NDCG@20': '0.0001'}
{'Epoch': 27, 'name': 'all', 'HIT@5': '0.0259', 'NDCG@5': '0.0162', 'HIT@10': '0.0430', 'NDCG@10': '0.0216', 'HIT@20': '0.0662', 'NDCG@20': '0.0275'}
Validation score increased.  Saving model ...
rec dataset length: 186
100%|██████████████████████████████████████████████████████████████████████████████████████████████████████████████████████████████████████████████████| 186/186 [00:58<00:00,  3.19it/s]
{'epoch': 28, 'rec_avg_loss': '0.7531', 'joint_avg_loss': '1.1229', 'cl_avg_loss': '3.6979', 'itemcl_loss': '0.0000', 'cl_pair_0_loss': '3.6979'}
Recommendation EP_test:28: 100%|| 35/35 [00:08<00:00,  4.23it/s]
{'Epoch': 28, 'name': 'high_freq', 'HIT@5': '0.0394', 'NDCG@5': '0.0248', 'HIT@10': '0.0636', 'NDCG@10': '0.0326', 'HIT@20': '0.0977', 'NDCG@20': '0.0411'}
{'Epoch': 28, 'name': 'mid_freq', 'HIT@5': '0.0013', 'NDCG@5': '0.0007', 'HIT@10': '0.0017', 'NDCG@10': '0.0008', 'HIT@20': '0.0032', 'NDCG@20': '0.0012'}
{'Epoch': 28, 'name': 'low_freq', 'HIT@5': '0.0000', 'NDCG@5': '0.0000', 'HIT@10': '0.0005', 'NDCG@10': '0.0001', 'HIT@20': '0.0005', 'NDCG@20': '0.0001'}
{'Epoch': 28, 'name': 'all', 'HIT@5': '0.0271', 'NDCG@5': '0.0170', 'HIT@10': '0.0437', 'NDCG@10': '0.0223', 'HIT@20': '0.0671', 'NDCG@20': '0.0282'}
Validation score increased.  Saving model ...
rec dataset length: 186
100%|██████████████████████████████████████████████████████████████████████████████████████████████████████████████████████████████████████████████████| 186/186 [00:58<00:00,  3.18it/s]
{'epoch': 29, 'rec_avg_loss': '0.7399', 'joint_avg_loss': '1.1085', 'cl_avg_loss': '3.6862', 'itemcl_loss': '0.0000', 'cl_pair_0_loss': '3.6862'}
Recommendation EP_test:29: 100%|| 35/35 [00:08<00:00,  4.15it/s]
{'Epoch': 29, 'name': 'high_freq', 'HIT@5': '0.0410', 'NDCG@5': '0.0259', 'HIT@10': '0.0651', 'NDCG@10': '0.0336', 'HIT@20': '0.0995', 'NDCG@20': '0.0423'}
{'Epoch': 29, 'name': 'mid_freq', 'HIT@5': '0.0009', 'NDCG@5': '0.0005', 'HIT@10': '0.0016', 'NDCG@10': '0.0007', 'HIT@20': '0.0029', 'NDCG@20': '0.0010'}
{'Epoch': 29, 'name': 'low_freq', 'HIT@5': '0.0000', 'NDCG@5': '0.0000', 'HIT@10': '0.0002', 'NDCG@10': '0.0001', 'HIT@20': '0.0005', 'NDCG@20': '0.0001'}
{'Epoch': 29, 'name': 'all', 'HIT@5': '0.0281', 'NDCG@5': '0.0177', 'HIT@10': '0.0446', 'NDCG@10': '0.0230', 'HIT@20': '0.0683', 'NDCG@20': '0.0290'}
Validation score increased.  Saving model ...
rec dataset length: 186
100%|██████████████████████████████████████████████████████████████████████████████████████████████████████████████████████████████████████████████████| 186/186 [00:58<00:00,  3.20it/s]
{'epoch': 30, 'rec_avg_loss': '0.7333', 'joint_avg_loss': '1.0995', 'cl_avg_loss': '3.6625', 'itemcl_loss': '0.0000', 'cl_pair_0_loss': '3.6625'}
Recommendation EP_test:30: 100%|| 35/35 [00:08<00:00,  4.18it/s]
{'Epoch': 30, 'name': 'high_freq', 'HIT@5': '0.0419', 'NDCG@5': '0.0267', 'HIT@10': '0.0668', 'NDCG@10': '0.0347', 'HIT@20': '0.0998', 'NDCG@20': '0.0429'}
{'Epoch': 30, 'name': 'mid_freq', 'HIT@5': '0.0004', 'NDCG@5': '0.0002', 'HIT@10': '0.0017', 'NDCG@10': '0.0006', 'HIT@20': '0.0037', 'NDCG@20': '0.0011'}
{'Epoch': 30, 'name': 'low_freq', 'HIT@5': '0.0000', 'NDCG@5': '0.0000', 'HIT@10': '0.0000', 'NDCG@10': '0.0000', 'HIT@20': '0.0005', 'NDCG@20': '0.0001'}
{'Epoch': 30, 'name': 'all', 'HIT@5': '0.0286', 'NDCG@5': '0.0182', 'HIT@10': '0.0458', 'NDCG@10': '0.0237', 'HIT@20': '0.0687', 'NDCG@20': '0.0294'}
Validation score increased.  Saving model ...
rec dataset length: 186
100%|██████████████████████████████████████████████████████████████████████████████████████████████████████████████████████████████████████████████████| 186/186 [00:58<00:00,  3.19it/s]
{'epoch': 31, 'rec_avg_loss': '0.7245', 'joint_avg_loss': '1.0886', 'cl_avg_loss': '3.6410', 'itemcl_loss': '0.0000', 'cl_pair_0_loss': '3.6410'}
Recommendation EP_test:31: 100%|| 35/35 [00:08<00:00,  4.18it/s]
{'Epoch': 31, 'name': 'high_freq', 'HIT@5': '0.0415', 'NDCG@5': '0.0265', 'HIT@10': '0.0650', 'NDCG@10': '0.0341', 'HIT@20': '0.0996', 'NDCG@20': '0.0427'}
{'Epoch': 31, 'name': 'mid_freq', 'HIT@5': '0.0013', 'NDCG@5': '0.0006', 'HIT@10': '0.0019', 'NDCG@10': '0.0008', 'HIT@20': '0.0036', 'NDCG@20': '0.0012'}
{'Epoch': 31, 'name': 'low_freq', 'HIT@5': '0.0000', 'NDCG@5': '0.0000', 'HIT@10': '0.0002', 'NDCG@10': '0.0001', 'HIT@20': '0.0005', 'NDCG@20': '0.0001'}
{'Epoch': 31, 'name': 'all', 'HIT@5': '0.0285', 'NDCG@5': '0.0181', 'HIT@10': '0.0446', 'NDCG@10': '0.0233', 'HIT@20': '0.0685', 'NDCG@20': '0.0293'}
EarlyStopping counter: 1 out of 40
rec dataset length: 186
100%|██████████████████████████████████████████████████████████████████████████████████████████████████████████████████████████████████████████████████| 186/186 [00:58<00:00,  3.19it/s]
{'epoch': 32, 'rec_avg_loss': '0.7160', 'joint_avg_loss': '1.0795', 'cl_avg_loss': '3.6346', 'itemcl_loss': '0.0000', 'cl_pair_0_loss': '3.6346'}
Recommendation EP_test:32: 100%|| 35/35 [00:08<00:00,  4.31it/s]
{'Epoch': 32, 'name': 'high_freq', 'HIT@5': '0.0425', 'NDCG@5': '0.0268', 'HIT@10': '0.0656', 'NDCG@10': '0.0342', 'HIT@20': '0.1010', 'NDCG@20': '0.0431'}
{'Epoch': 32, 'name': 'mid_freq', 'HIT@5': '0.0007', 'NDCG@5': '0.0004', 'HIT@10': '0.0020', 'NDCG@10': '0.0008', 'HIT@20': '0.0037', 'NDCG@20': '0.0012'}
{'Epoch': 32, 'name': 'low_freq', 'HIT@5': '0.0000', 'NDCG@5': '0.0000', 'HIT@10': '0.0000', 'NDCG@10': '0.0000', 'HIT@20': '0.0005', 'NDCG@20': '0.0001'}
{'Epoch': 32, 'name': 'all', 'HIT@5': '0.0290', 'NDCG@5': '0.0183', 'HIT@10': '0.0450', 'NDCG@10': '0.0234', 'HIT@20': '0.0695', 'NDCG@20': '0.0296'}
Validation score increased.  Saving model ...
rec dataset length: 186
100%|██████████████████████████████████████████████████████████████████████████████████████████████████████████████████████████████████████████████████| 186/186 [00:58<00:00,  3.19it/s]
{'epoch': 33, 'rec_avg_loss': '0.7112', 'joint_avg_loss': '1.0722', 'cl_avg_loss': '3.6107', 'itemcl_loss': '0.0000', 'cl_pair_0_loss': '3.6107'}
Recommendation EP_test:33: 100%|| 35/35 [00:08<00:00,  4.36it/s]
{'Epoch': 33, 'name': 'high_freq', 'HIT@5': '0.0408', 'NDCG@5': '0.0267', 'HIT@10': '0.0645', 'NDCG@10': '0.0344', 'HIT@20': '0.1011', 'NDCG@20': '0.0436'}
{'Epoch': 33, 'name': 'mid_freq', 'HIT@5': '0.0007', 'NDCG@5': '0.0005', 'HIT@10': '0.0022', 'NDCG@10': '0.0010', 'HIT@20': '0.0042', 'NDCG@20': '0.0015'}
{'Epoch': 33, 'name': 'low_freq', 'HIT@5': '0.0000', 'NDCG@5': '0.0000', 'HIT@10': '0.0000', 'NDCG@10': '0.0000', 'HIT@20': '0.0005', 'NDCG@20': '0.0001'}
{'Epoch': 33, 'name': 'all', 'HIT@5': '0.0279', 'NDCG@5': '0.0183', 'HIT@10': '0.0443', 'NDCG@10': '0.0236', 'HIT@20': '0.0697', 'NDCG@20': '0.0299'}
Validation score increased.  Saving model ...
rec dataset length: 186
100%|██████████████████████████████████████████████████████████████████████████████████████████████████████████████████████████████████████████████████| 186/186 [00:58<00:00,  3.19it/s]
{'epoch': 34, 'rec_avg_loss': '0.7037', 'joint_avg_loss': '1.0619', 'cl_avg_loss': '3.5821', 'itemcl_loss': '0.0000', 'cl_pair_0_loss': '3.5821'}
Recommendation EP_test:34: 100%|| 35/35 [00:08<00:00,  4.14it/s]
{'Epoch': 34, 'name': 'high_freq', 'HIT@5': '0.0412', 'NDCG@5': '0.0264', 'HIT@10': '0.0648', 'NDCG@10': '0.0341', 'HIT@20': '0.1008', 'NDCG@20': '0.0431'}
{'Epoch': 34, 'name': 'mid_freq', 'HIT@5': '0.0009', 'NDCG@5': '0.0005', 'HIT@10': '0.0020', 'NDCG@10': '0.0008', 'HIT@20': '0.0037', 'NDCG@20': '0.0013'}
{'Epoch': 34, 'name': 'low_freq', 'HIT@5': '0.0000', 'NDCG@5': '0.0000', 'HIT@10': '0.0002', 'NDCG@10': '0.0001', 'HIT@20': '0.0005', 'NDCG@20': '0.0001'}
{'Epoch': 34, 'name': 'all', 'HIT@5': '0.0282', 'NDCG@5': '0.0181', 'HIT@10': '0.0445', 'NDCG@10': '0.0233', 'HIT@20': '0.0694', 'NDCG@20': '0.0296'}
EarlyStopping counter: 1 out of 40
rec dataset length: 186
100%|██████████████████████████████████████████████████████████████████████████████████████████████████████████████████████████████████████████████████| 186/186 [00:58<00:00,  3.19it/s]
{'epoch': 35, 'rec_avg_loss': '0.6983', 'joint_avg_loss': '1.0546', 'cl_avg_loss': '3.5623', 'itemcl_loss': '0.0000', 'cl_pair_0_loss': '3.5623'}
Recommendation EP_test:35: 100%|| 35/35 [00:08<00:00,  4.10it/s]
{'Epoch': 35, 'name': 'high_freq', 'HIT@5': '0.0425', 'NDCG@5': '0.0279', 'HIT@10': '0.0665', 'NDCG@10': '0.0357', 'HIT@20': '0.1025', 'NDCG@20': '0.0447'}
{'Epoch': 35, 'name': 'mid_freq', 'HIT@5': '0.0010', 'NDCG@5': '0.0005', 'HIT@10': '0.0022', 'NDCG@10': '0.0009', 'HIT@20': '0.0043', 'NDCG@20': '0.0014'}
{'Epoch': 35, 'name': 'low_freq', 'HIT@5': '0.0000', 'NDCG@5': '0.0000', 'HIT@10': '0.0002', 'NDCG@10': '0.0001', 'HIT@20': '0.0005', 'NDCG@20': '0.0001'}
{'Epoch': 35, 'name': 'all', 'HIT@5': '0.0291', 'NDCG@5': '0.0191', 'HIT@10': '0.0457', 'NDCG@10': '0.0244', 'HIT@20': '0.0706', 'NDCG@20': '0.0307'}
Validation score increased.  Saving model ...
rec dataset length: 186
100%|██████████████████████████████████████████████████████████████████████████████████████████████████████████████████████████████████████████████████| 186/186 [00:58<00:00,  3.16it/s]
{'epoch': 36, 'rec_avg_loss': '0.6912', 'joint_avg_loss': '1.0482', 'cl_avg_loss': '3.5701', 'itemcl_loss': '0.0000', 'cl_pair_0_loss': '3.5701'}
Recommendation EP_test:36: 100%|| 35/35 [00:08<00:00,  4.23it/s]
{'Epoch': 36, 'name': 'high_freq', 'HIT@5': '0.0436', 'NDCG@5': '0.0281', 'HIT@10': '0.0684', 'NDCG@10': '0.0361', 'HIT@20': '0.1039', 'NDCG@20': '0.0450'}
{'Epoch': 36, 'name': 'mid_freq', 'HIT@5': '0.0016', 'NDCG@5': '0.0008', 'HIT@10': '0.0026', 'NDCG@10': '0.0012', 'HIT@20': '0.0055', 'NDCG@20': '0.0019'}
{'Epoch': 36, 'name': 'low_freq', 'HIT@5': '0.0000', 'NDCG@5': '0.0000', 'HIT@10': '0.0002', 'NDCG@10': '0.0001', 'HIT@20': '0.0007', 'NDCG@20': '0.0002'}
{'Epoch': 36, 'name': 'all', 'HIT@5': '0.0299', 'NDCG@5': '0.0193', 'HIT@10': '0.0471', 'NDCG@10': '0.0248', 'HIT@20': '0.0718', 'NDCG@20': '0.0310'}
Validation score increased.  Saving model ...
rec dataset length: 186
100%|██████████████████████████████████████████████████████████████████████████████████████████████████████████████████████████████████████████████████| 186/186 [00:58<00:00,  3.19it/s]
{'epoch': 37, 'rec_avg_loss': '0.6800', 'joint_avg_loss': '1.0348', 'cl_avg_loss': '3.5480', 'itemcl_loss': '0.0000', 'cl_pair_0_loss': '3.5480'}
Recommendation EP_test:37: 100%|| 35/35 [00:08<00:00,  4.16it/s]
{'Epoch': 37, 'name': 'high_freq', 'HIT@5': '0.0437', 'NDCG@5': '0.0285', 'HIT@10': '0.0686', 'NDCG@10': '0.0365', 'HIT@20': '0.1055', 'NDCG@20': '0.0458'}
{'Epoch': 37, 'name': 'mid_freq', 'HIT@5': '0.0017', 'NDCG@5': '0.0009', 'HIT@10': '0.0027', 'NDCG@10': '0.0012', 'HIT@20': '0.0045', 'NDCG@20': '0.0017'}
{'Epoch': 37, 'name': 'low_freq', 'HIT@5': '0.0000', 'NDCG@5': '0.0000', 'HIT@10': '0.0002', 'NDCG@10': '0.0001', 'HIT@20': '0.0007', 'NDCG@20': '0.0002'}
{'Epoch': 37, 'name': 'all', 'HIT@5': '0.0301', 'NDCG@5': '0.0196', 'HIT@10': '0.0472', 'NDCG@10': '0.0251', 'HIT@20': '0.0727', 'NDCG@20': '0.0315'}
Validation score increased.  Saving model ...
rec dataset length: 186
100%|██████████████████████████████████████████████████████████████████████████████████████████████████████████████████████████████████████████████████| 186/186 [00:58<00:00,  3.18it/s]
{'epoch': 38, 'rec_avg_loss': '0.6757', 'joint_avg_loss': '1.0286', 'cl_avg_loss': '3.5288', 'itemcl_loss': '0.0000', 'cl_pair_0_loss': '3.5288'}
Recommendation EP_test:38: 100%|| 35/35 [00:08<00:00,  4.25it/s]
{'Epoch': 38, 'name': 'high_freq', 'HIT@5': '0.0438', 'NDCG@5': '0.0280', 'HIT@10': '0.0671', 'NDCG@10': '0.0355', 'HIT@20': '0.1028', 'NDCG@20': '0.0445'}
{'Epoch': 38, 'name': 'mid_freq', 'HIT@5': '0.0014', 'NDCG@5': '0.0009', 'HIT@10': '0.0027', 'NDCG@10': '0.0013', 'HIT@20': '0.0046', 'NDCG@20': '0.0018'}
{'Epoch': 38, 'name': 'low_freq', 'HIT@5': '0.0000', 'NDCG@5': '0.0000', 'HIT@10': '0.0002', 'NDCG@10': '0.0001', 'HIT@20': '0.0005', 'NDCG@20': '0.0001'}
{'Epoch': 38, 'name': 'all', 'HIT@5': '0.0301', 'NDCG@5': '0.0192', 'HIT@10': '0.0462', 'NDCG@10': '0.0244', 'HIT@20': '0.0709', 'NDCG@20': '0.0306'}
EarlyStopping counter: 1 out of 40
rec dataset length: 186
100%|██████████████████████████████████████████████████████████████████████████████████████████████████████████████████████████████████████████████████| 186/186 [00:58<00:00,  3.17it/s]
{'epoch': 39, 'rec_avg_loss': '0.6707', 'joint_avg_loss': '1.0235', 'cl_avg_loss': '3.5278', 'itemcl_loss': '0.0000', 'cl_pair_0_loss': '3.5278'}
Recommendation EP_test:39: 100%|| 35/35 [00:08<00:00,  4.25it/s]
{'Epoch': 39, 'name': 'high_freq', 'HIT@5': '0.0449', 'NDCG@5': '0.0290', 'HIT@10': '0.0707', 'NDCG@10': '0.0373', 'HIT@20': '0.1063', 'NDCG@20': '0.0462'}
{'Epoch': 39, 'name': 'mid_freq', 'HIT@5': '0.0016', 'NDCG@5': '0.0009', 'HIT@10': '0.0032', 'NDCG@10': '0.0014', 'HIT@20': '0.0047', 'NDCG@20': '0.0018'}
{'Epoch': 39, 'name': 'low_freq', 'HIT@5': '0.0000', 'NDCG@5': '0.0000', 'HIT@10': '0.0005', 'NDCG@10': '0.0001', 'HIT@20': '0.0007', 'NDCG@20': '0.0002'}
{'Epoch': 39, 'name': 'all', 'HIT@5': '0.0309', 'NDCG@5': '0.0199', 'HIT@10': '0.0487', 'NDCG@10': '0.0256', 'HIT@20': '0.0733', 'NDCG@20': '0.0318'}
Validation score increased.  Saving model ...
rec dataset length: 186
100%|██████████████████████████████████████████████████████████████████████████████████████████████████████████████████████████████████████████████████| 186/186 [00:58<00:00,  3.19it/s]
{'epoch': 40, 'rec_avg_loss': '0.6635', 'joint_avg_loss': '1.0135', 'cl_avg_loss': '3.4999', 'itemcl_loss': '0.0000', 'cl_pair_0_loss': '3.4999'}
Recommendation EP_test:40: 100%|| 35/35 [00:08<00:00,  4.27it/s]
{'Epoch': 40, 'name': 'high_freq', 'HIT@5': '0.0449', 'NDCG@5': '0.0291', 'HIT@10': '0.0695', 'NDCG@10': '0.0370', 'HIT@20': '0.1065', 'NDCG@20': '0.0463'}
{'Epoch': 40, 'name': 'mid_freq', 'HIT@5': '0.0013', 'NDCG@5': '0.0007', 'HIT@10': '0.0030', 'NDCG@10': '0.0013', 'HIT@20': '0.0045', 'NDCG@20': '0.0016'}
{'Epoch': 40, 'name': 'low_freq', 'HIT@5': '0.0000', 'NDCG@5': '0.0000', 'HIT@10': '0.0005', 'NDCG@10': '0.0001', 'HIT@20': '0.0007', 'NDCG@20': '0.0002'}
{'Epoch': 40, 'name': 'all', 'HIT@5': '0.0308', 'NDCG@5': '0.0200', 'HIT@10': '0.0479', 'NDCG@10': '0.0254', 'HIT@20': '0.0734', 'NDCG@20': '0.0318'}
Validation score increased.  Saving model ...
rec dataset length: 186
100%|██████████████████████████████████████████████████████████████████████████████████████████████████████████████████████████████████████████████████| 186/186 [00:58<00:00,  3.20it/s]
{'epoch': 41, 'rec_avg_loss': '0.6601', 'joint_avg_loss': '1.0098', 'cl_avg_loss': '3.4975', 'itemcl_loss': '0.0000', 'cl_pair_0_loss': '3.4975'}
Recommendation EP_test:41: 100%|| 35/35 [00:08<00:00,  4.36it/s]
{'Epoch': 41, 'name': 'high_freq', 'HIT@5': '0.0456', 'NDCG@5': '0.0296', 'HIT@10': '0.0691', 'NDCG@10': '0.0371', 'HIT@20': '0.1048', 'NDCG@20': '0.0461'}
{'Epoch': 41, 'name': 'mid_freq', 'HIT@5': '0.0017', 'NDCG@5': '0.0008', 'HIT@10': '0.0037', 'NDCG@10': '0.0015', 'HIT@20': '0.0062', 'NDCG@20': '0.0021'}
{'Epoch': 41, 'name': 'low_freq', 'HIT@5': '0.0000', 'NDCG@5': '0.0000', 'HIT@10': '0.0005', 'NDCG@10': '0.0001', 'HIT@20': '0.0005', 'NDCG@20': '0.0001'}
{'Epoch': 41, 'name': 'all', 'HIT@5': '0.0314', 'NDCG@5': '0.0203', 'HIT@10': '0.0478', 'NDCG@10': '0.0256', 'HIT@20': '0.0726', 'NDCG@20': '0.0318'}
EarlyStopping counter: 1 out of 40
rec dataset length: 186
100%|██████████████████████████████████████████████████████████████████████████████████████████████████████████████████████████████████████████████████| 186/186 [00:58<00:00,  3.19it/s]
{'epoch': 42, 'rec_avg_loss': '0.6556', 'joint_avg_loss': '1.0043', 'cl_avg_loss': '3.4867', 'itemcl_loss': '0.0000', 'cl_pair_0_loss': '3.4867'}
Recommendation EP_test:42: 100%|| 35/35 [00:08<00:00,  4.18it/s]
{'Epoch': 42, 'name': 'high_freq', 'HIT@5': '0.0456', 'NDCG@5': '0.0299', 'HIT@10': '0.0694', 'NDCG@10': '0.0375', 'HIT@20': '0.1067', 'NDCG@20': '0.0469'}
{'Epoch': 42, 'name': 'mid_freq', 'HIT@5': '0.0019', 'NDCG@5': '0.0010', 'HIT@10': '0.0034', 'NDCG@10': '0.0015', 'HIT@20': '0.0062', 'NDCG@20': '0.0022'}
{'Epoch': 42, 'name': 'low_freq', 'HIT@5': '0.0000', 'NDCG@5': '0.0000', 'HIT@10': '0.0005', 'NDCG@10': '0.0001', 'HIT@20': '0.0005', 'NDCG@20': '0.0001'}
{'Epoch': 42, 'name': 'all', 'HIT@5': '0.0314', 'NDCG@5': '0.0205', 'HIT@10': '0.0479', 'NDCG@10': '0.0258', 'HIT@20': '0.0739', 'NDCG@20': '0.0324'}
Validation score increased.  Saving model ...
rec dataset length: 186
100%|██████████████████████████████████████████████████████████████████████████████████████████████████████████████████████████████████████████████████| 186/186 [00:58<00:00,  3.19it/s]
{'epoch': 43, 'rec_avg_loss': '0.6488', 'joint_avg_loss': '0.9965', 'cl_avg_loss': '3.4777', 'itemcl_loss': '0.0000', 'cl_pair_0_loss': '3.4777'}
Recommendation EP_test:43: 100%|| 35/35 [00:08<00:00,  4.15it/s]
{'Epoch': 43, 'name': 'high_freq', 'HIT@5': '0.0455', 'NDCG@5': '0.0295', 'HIT@10': '0.0709', 'NDCG@10': '0.0377', 'HIT@20': '0.1066', 'NDCG@20': '0.0467'}
{'Epoch': 43, 'name': 'mid_freq', 'HIT@5': '0.0023', 'NDCG@5': '0.0013', 'HIT@10': '0.0034', 'NDCG@10': '0.0016', 'HIT@20': '0.0070', 'NDCG@20': '0.0025'}
{'Epoch': 43, 'name': 'low_freq', 'HIT@5': '0.0002', 'NDCG@5': '0.0001', 'HIT@10': '0.0005', 'NDCG@10': '0.0002', 'HIT@20': '0.0005', 'NDCG@20': '0.0002'}
{'Epoch': 43, 'name': 'all', 'HIT@5': '0.0314', 'NDCG@5': '0.0204', 'HIT@10': '0.0490', 'NDCG@10': '0.0260', 'HIT@20': '0.0739', 'NDCG@20': '0.0323'}
EarlyStopping counter: 1 out of 40
rec dataset length: 186
100%|██████████████████████████████████████████████████████████████████████████████████████████████████████████████████████████████████████████████████| 186/186 [00:58<00:00,  3.18it/s]
{'epoch': 44, 'rec_avg_loss': '0.6470', 'joint_avg_loss': '0.9929', 'cl_avg_loss': '3.4588', 'itemcl_loss': '0.0000', 'cl_pair_0_loss': '3.4588'}
Recommendation EP_test:44: 100%|| 35/35 [00:08<00:00,  4.16it/s]
{'Epoch': 44, 'name': 'high_freq', 'HIT@5': '0.0472', 'NDCG@5': '0.0309', 'HIT@10': '0.0722', 'NDCG@10': '0.0389', 'HIT@20': '0.1072', 'NDCG@20': '0.0477'}
{'Epoch': 44, 'name': 'mid_freq', 'HIT@5': '0.0017', 'NDCG@5': '0.0010', 'HIT@10': '0.0039', 'NDCG@10': '0.0017', 'HIT@20': '0.0062', 'NDCG@20': '0.0022'}
{'Epoch': 44, 'name': 'low_freq', 'HIT@5': '0.0002', 'NDCG@5': '0.0001', 'HIT@10': '0.0005', 'NDCG@10': '0.0002', 'HIT@20': '0.0005', 'NDCG@20': '0.0002'}
{'Epoch': 44, 'name': 'all', 'HIT@5': '0.0324', 'NDCG@5': '0.0212', 'HIT@10': '0.0499', 'NDCG@10': '0.0268', 'HIT@20': '0.0742', 'NDCG@20': '0.0329'}
Validation score increased.  Saving model ...
rec dataset length: 186
100%|██████████████████████████████████████████████████████████████████████████████████████████████████████████████████████████████████████████████████| 186/186 [00:57<00:00,  3.21it/s]
{'epoch': 45, 'rec_avg_loss': '0.6414', 'joint_avg_loss': '0.9863', 'cl_avg_loss': '3.4491', 'itemcl_loss': '0.0000', 'cl_pair_0_loss': '3.4491'}
Recommendation EP_test:45: 100%|| 35/35 [00:08<00:00,  4.23it/s]
{'Epoch': 45, 'name': 'high_freq', 'HIT@5': '0.0481', 'NDCG@5': '0.0313', 'HIT@10': '0.0718', 'NDCG@10': '0.0389', 'HIT@20': '0.1074', 'NDCG@20': '0.0478'}
{'Epoch': 45, 'name': 'mid_freq', 'HIT@5': '0.0023', 'NDCG@5': '0.0012', 'HIT@10': '0.0036', 'NDCG@10': '0.0016', 'HIT@20': '0.0063', 'NDCG@20': '0.0023'}
{'Epoch': 45, 'name': 'low_freq', 'HIT@5': '0.0002', 'NDCG@5': '0.0001', 'HIT@10': '0.0002', 'NDCG@10': '0.0001', 'HIT@20': '0.0009', 'NDCG@20': '0.0003'}
{'Epoch': 45, 'name': 'all', 'HIT@5': '0.0332', 'NDCG@5': '0.0215', 'HIT@10': '0.0496', 'NDCG@10': '0.0268', 'HIT@20': '0.0744', 'NDCG@20': '0.0330'}
Validation score increased.  Saving model ...
rec dataset length: 186
100%|██████████████████████████████████████████████████████████████████████████████████████████████████████████████████████████████████████████████████| 186/186 [00:57<00:00,  3.21it/s]
{'epoch': 46, 'rec_avg_loss': '0.6336', 'joint_avg_loss': '0.9772', 'cl_avg_loss': '3.4364', 'itemcl_loss': '0.0000', 'cl_pair_0_loss': '3.4364'}
Recommendation EP_test:46: 100%|| 35/35 [00:08<00:00,  4.29it/s]
{'Epoch': 46, 'name': 'high_freq', 'HIT@5': '0.0460', 'NDCG@5': '0.0302', 'HIT@10': '0.0719', 'NDCG@10': '0.0386', 'HIT@20': '0.1067', 'NDCG@20': '0.0473'}
{'Epoch': 46, 'name': 'mid_freq', 'HIT@5': '0.0026', 'NDCG@5': '0.0013', 'HIT@10': '0.0045', 'NDCG@10': '0.0019', 'HIT@20': '0.0065', 'NDCG@20': '0.0024'}
{'Epoch': 46, 'name': 'low_freq', 'HIT@5': '0.0002', 'NDCG@5': '0.0001', 'HIT@10': '0.0002', 'NDCG@10': '0.0001', 'HIT@20': '0.0014', 'NDCG@20': '0.0004'}
{'Epoch': 46, 'name': 'all', 'HIT@5': '0.0318', 'NDCG@5': '0.0208', 'HIT@10': '0.0498', 'NDCG@10': '0.0266', 'HIT@20': '0.0740', 'NDCG@20': '0.0327'}
EarlyStopping counter: 1 out of 40
rec dataset length: 186
100%|██████████████████████████████████████████████████████████████████████████████████████████████████████████████████████████████████████████████████| 186/186 [00:57<00:00,  3.21it/s]
{'epoch': 47, 'rec_avg_loss': '0.6291', 'joint_avg_loss': '0.9707', 'cl_avg_loss': '3.4157', 'itemcl_loss': '0.0000', 'cl_pair_0_loss': '3.4157'}
Recommendation EP_test:47: 100%|| 35/35 [00:08<00:00,  4.18it/s]
{'Epoch': 47, 'name': 'high_freq', 'HIT@5': '0.0447', 'NDCG@5': '0.0297', 'HIT@10': '0.0704', 'NDCG@10': '0.0380', 'HIT@20': '0.1074', 'NDCG@20': '0.0472'}
{'Epoch': 47, 'name': 'mid_freq', 'HIT@5': '0.0029', 'NDCG@5': '0.0015', 'HIT@10': '0.0040', 'NDCG@10': '0.0018', 'HIT@20': '0.0066', 'NDCG@20': '0.0025'}
{'Epoch': 47, 'name': 'low_freq', 'HIT@5': '0.0002', 'NDCG@5': '0.0001', 'HIT@10': '0.0002', 'NDCG@10': '0.0001', 'HIT@20': '0.0007', 'NDCG@20': '0.0003'}
{'Epoch': 47, 'name': 'all', 'HIT@5': '0.0310', 'NDCG@5': '0.0205', 'HIT@10': '0.0487', 'NDCG@10': '0.0262', 'HIT@20': '0.0744', 'NDCG@20': '0.0326'}
EarlyStopping counter: 2 out of 40
rec dataset length: 186
100%|██████████████████████████████████████████████████████████████████████████████████████████████████████████████████████████████████████████████████| 186/186 [00:58<00:00,  3.20it/s]
{'epoch': 48, 'rec_avg_loss': '0.6250', 'joint_avg_loss': '0.9658', 'cl_avg_loss': '3.4080', 'itemcl_loss': '0.0000', 'cl_pair_0_loss': '3.4080'}
Recommendation EP_test:48: 100%|| 35/35 [00:08<00:00,  4.22it/s]
{'Epoch': 48, 'name': 'high_freq', 'HIT@5': '0.0453', 'NDCG@5': '0.0300', 'HIT@10': '0.0702', 'NDCG@10': '0.0380', 'HIT@20': '0.1067', 'NDCG@20': '0.0471'}
{'Epoch': 48, 'name': 'mid_freq', 'HIT@5': '0.0024', 'NDCG@5': '0.0014', 'HIT@10': '0.0039', 'NDCG@10': '0.0019', 'HIT@20': '0.0072', 'NDCG@20': '0.0027'}
{'Epoch': 48, 'name': 'low_freq', 'HIT@5': '0.0002', 'NDCG@5': '0.0001', 'HIT@10': '0.0005', 'NDCG@10': '0.0002', 'HIT@20': '0.0007', 'NDCG@20': '0.0003'}
{'Epoch': 48, 'name': 'all', 'HIT@5': '0.0313', 'NDCG@5': '0.0207', 'HIT@10': '0.0486', 'NDCG@10': '0.0262', 'HIT@20': '0.0741', 'NDCG@20': '0.0326'}
EarlyStopping counter: 3 out of 40
rec dataset length: 186
100%|██████████████████████████████████████████████████████████████████████████████████████████████████████████████████████████████████████████████████| 186/186 [00:58<00:00,  3.20it/s]
{'epoch': 49, 'rec_avg_loss': '0.6214', 'joint_avg_loss': '0.9620', 'cl_avg_loss': '3.4057', 'itemcl_loss': '0.0000', 'cl_pair_0_loss': '3.4057'}
Recommendation EP_test:49: 100%|| 35/35 [00:08<00:00,  4.16it/s]
{'Epoch': 49, 'name': 'high_freq', 'HIT@5': '0.0460', 'NDCG@5': '0.0300', 'HIT@10': '0.0706', 'NDCG@10': '0.0380', 'HIT@20': '0.1077', 'NDCG@20': '0.0473'}
{'Epoch': 49, 'name': 'mid_freq', 'HIT@5': '0.0024', 'NDCG@5': '0.0014', 'HIT@10': '0.0040', 'NDCG@10': '0.0019', 'HIT@20': '0.0066', 'NDCG@20': '0.0025'}
{'Epoch': 49, 'name': 'low_freq', 'HIT@5': '0.0002', 'NDCG@5': '0.0001', 'HIT@10': '0.0002', 'NDCG@10': '0.0001', 'HIT@20': '0.0007', 'NDCG@20': '0.0002'}
{'Epoch': 49, 'name': 'all', 'HIT@5': '0.0318', 'NDCG@5': '0.0207', 'HIT@10': '0.0489', 'NDCG@10': '0.0262', 'HIT@20': '0.0747', 'NDCG@20': '0.0327'}
EarlyStopping counter: 4 out of 40
rec dataset length: 186
100%|██████████████████████████████████████████████████████████████████████████████████████████████████████████████████████████████████████████████████| 186/186 [00:57<00:00,  3.21it/s]
{'epoch': 50, 'rec_avg_loss': '0.6177', 'joint_avg_loss': '0.9570', 'cl_avg_loss': '3.3927', 'itemcl_loss': '0.0000', 'cl_pair_0_loss': '3.3927'}
Recommendation EP_test:50: 100%|| 35/35 [00:08<00:00,  4.09it/s]
{'Epoch': 50, 'name': 'high_freq', 'HIT@5': '0.0464', 'NDCG@5': '0.0302', 'HIT@10': '0.0707', 'NDCG@10': '0.0380', 'HIT@20': '0.1071', 'NDCG@20': '0.0471'}
{'Epoch': 50, 'name': 'mid_freq', 'HIT@5': '0.0024', 'NDCG@5': '0.0013', 'HIT@10': '0.0046', 'NDCG@10': '0.0020', 'HIT@20': '0.0070', 'NDCG@20': '0.0026'}
{'Epoch': 50, 'name': 'low_freq', 'HIT@5': '0.0002', 'NDCG@5': '0.0001', 'HIT@10': '0.0005', 'NDCG@10': '0.0002', 'HIT@20': '0.0007', 'NDCG@20': '0.0003'}
{'Epoch': 50, 'name': 'all', 'HIT@5': '0.0321', 'NDCG@5': '0.0208', 'HIT@10': '0.0491', 'NDCG@10': '0.0262', 'HIT@20': '0.0743', 'NDCG@20': '0.0326'}
EarlyStopping counter: 5 out of 40
rec dataset length: 186
100%|██████████████████████████████████████████████████████████████████████████████████████████████████████████████████████████████████████████████████| 186/186 [00:58<00:00,  3.20it/s]
{'epoch': 51, 'rec_avg_loss': '0.6141', 'joint_avg_loss': '0.9531', 'cl_avg_loss': '3.3899', 'itemcl_loss': '0.0000', 'cl_pair_0_loss': '3.3899'}
Recommendation EP_test:51: 100%|| 35/35 [00:08<00:00,  4.18it/s]
{'Epoch': 51, 'name': 'high_freq', 'HIT@5': '0.0457', 'NDCG@5': '0.0301', 'HIT@10': '0.0717', 'NDCG@10': '0.0385', 'HIT@20': '0.1087', 'NDCG@20': '0.0478'}
{'Epoch': 51, 'name': 'mid_freq', 'HIT@5': '0.0023', 'NDCG@5': '0.0014', 'HIT@10': '0.0046', 'NDCG@10': '0.0021', 'HIT@20': '0.0068', 'NDCG@20': '0.0027'}
{'Epoch': 51, 'name': 'low_freq', 'HIT@5': '0.0000', 'NDCG@5': '0.0000', 'HIT@10': '0.0002', 'NDCG@10': '0.0001', 'HIT@20': '0.0007', 'NDCG@20': '0.0002'}
{'Epoch': 51, 'name': 'all', 'HIT@5': '0.0315', 'NDCG@5': '0.0208', 'HIT@10': '0.0497', 'NDCG@10': '0.0266', 'HIT@20': '0.0754', 'NDCG@20': '0.0330'}
Validation score increased.  Saving model ...
rec dataset length: 186
100%|██████████████████████████████████████████████████████████████████████████████████████████████████████████████████████████████████████████████████| 186/186 [00:57<00:00,  3.21it/s]
{'epoch': 52, 'rec_avg_loss': '0.6080', 'joint_avg_loss': '0.9462', 'cl_avg_loss': '3.3825', 'itemcl_loss': '0.0000', 'cl_pair_0_loss': '3.3825'}
Recommendation EP_test:52: 100%|| 35/35 [00:08<00:00,  4.21it/s]
{'Epoch': 52, 'name': 'high_freq', 'HIT@5': '0.0452', 'NDCG@5': '0.0299', 'HIT@10': '0.0716', 'NDCG@10': '0.0383', 'HIT@20': '0.1076', 'NDCG@20': '0.0474'}
{'Epoch': 52, 'name': 'mid_freq', 'HIT@5': '0.0032', 'NDCG@5': '0.0017', 'HIT@10': '0.0046', 'NDCG@10': '0.0021', 'HIT@20': '0.0075', 'NDCG@20': '0.0029'}
{'Epoch': 52, 'name': 'low_freq', 'HIT@5': '0.0002', 'NDCG@5': '0.0001', 'HIT@10': '0.0007', 'NDCG@10': '0.0003', 'HIT@20': '0.0018', 'NDCG@20': '0.0005'}
{'Epoch': 52, 'name': 'all', 'HIT@5': '0.0314', 'NDCG@5': '0.0207', 'HIT@10': '0.0497', 'NDCG@10': '0.0265', 'HIT@20': '0.0749', 'NDCG@20': '0.0329'}
EarlyStopping counter: 1 out of 40
rec dataset length: 186
100%|██████████████████████████████████████████████████████████████████████████████████████████████████████████████████████████████████████████████████| 186/186 [00:57<00:00,  3.21it/s]
{'epoch': 53, 'rec_avg_loss': '0.6059', 'joint_avg_loss': '0.9439', 'cl_avg_loss': '3.3796', 'itemcl_loss': '0.0000', 'cl_pair_0_loss': '3.3796'}
Recommendation EP_test:53: 100%|| 35/35 [00:08<00:00,  4.25it/s]
{'Epoch': 53, 'name': 'high_freq', 'HIT@5': '0.0462', 'NDCG@5': '0.0306', 'HIT@10': '0.0731', 'NDCG@10': '0.0392', 'HIT@20': '0.1084', 'NDCG@20': '0.0481'}
{'Epoch': 53, 'name': 'mid_freq', 'HIT@5': '0.0030', 'NDCG@5': '0.0016', 'HIT@10': '0.0049', 'NDCG@10': '0.0022', 'HIT@20': '0.0075', 'NDCG@20': '0.0029'}
{'Epoch': 53, 'name': 'low_freq', 'HIT@5': '0.0002', 'NDCG@5': '0.0001', 'HIT@10': '0.0009', 'NDCG@10': '0.0003', 'HIT@20': '0.0014', 'NDCG@20': '0.0004'}
{'Epoch': 53, 'name': 'all', 'HIT@5': '0.0321', 'NDCG@5': '0.0211', 'HIT@10': '0.0508', 'NDCG@10': '0.0272', 'HIT@20': '0.0753', 'NDCG@20': '0.0333'}
Validation score increased.  Saving model ...
rec dataset length: 186
100%|██████████████████████████████████████████████████████████████████████████████████████████████████████████████████████████████████████████████████| 186/186 [00:57<00:00,  3.21it/s]
{'epoch': 54, 'rec_avg_loss': '0.6003', 'joint_avg_loss': '0.9367', 'cl_avg_loss': '3.3640', 'itemcl_loss': '0.0000', 'cl_pair_0_loss': '3.3640'}
Recommendation EP_test:54: 100%|| 35/35 [00:08<00:00,  4.34it/s]
{'Epoch': 54, 'name': 'high_freq', 'HIT@5': '0.0467', 'NDCG@5': '0.0307', 'HIT@10': '0.0726', 'NDCG@10': '0.0391', 'HIT@20': '0.1091', 'NDCG@20': '0.0482'}
{'Epoch': 54, 'name': 'mid_freq', 'HIT@5': '0.0024', 'NDCG@5': '0.0014', 'HIT@10': '0.0049', 'NDCG@10': '0.0022', 'HIT@20': '0.0070', 'NDCG@20': '0.0027'}
{'Epoch': 54, 'name': 'low_freq', 'HIT@5': '0.0002', 'NDCG@5': '0.0001', 'HIT@10': '0.0007', 'NDCG@10': '0.0002', 'HIT@20': '0.0011', 'NDCG@20': '0.0004'}
{'Epoch': 54, 'name': 'all', 'HIT@5': '0.0322', 'NDCG@5': '0.0212', 'HIT@10': '0.0505', 'NDCG@10': '0.0270', 'HIT@20': '0.0757', 'NDCG@20': '0.0334'}
Validation score increased.  Saving model ...
rec dataset length: 186
100%|██████████████████████████████████████████████████████████████████████████████████████████████████████████████████████████████████████████████████| 186/186 [00:57<00:00,  3.22it/s]
{'epoch': 55, 'rec_avg_loss': '0.5983', 'joint_avg_loss': '0.9333', 'cl_avg_loss': '3.3501', 'itemcl_loss': '0.0000', 'cl_pair_0_loss': '3.3501'}
Recommendation EP_test:55: 100%|| 35/35 [00:08<00:00,  4.15it/s]
{'Epoch': 55, 'name': 'high_freq', 'HIT@5': '0.0466', 'NDCG@5': '0.0309', 'HIT@10': '0.0741', 'NDCG@10': '0.0397', 'HIT@20': '0.1098', 'NDCG@20': '0.0487'}
{'Epoch': 55, 'name': 'mid_freq', 'HIT@5': '0.0022', 'NDCG@5': '0.0013', 'HIT@10': '0.0042', 'NDCG@10': '0.0019', 'HIT@20': '0.0075', 'NDCG@20': '0.0027'}
{'Epoch': 55, 'name': 'low_freq', 'HIT@5': '0.0002', 'NDCG@5': '0.0001', 'HIT@10': '0.0005', 'NDCG@10': '0.0002', 'HIT@20': '0.0014', 'NDCG@20': '0.0004'}
{'Epoch': 55, 'name': 'all', 'HIT@5': '0.0321', 'NDCG@5': '0.0213', 'HIT@10': '0.0513', 'NDCG@10': '0.0274', 'HIT@20': '0.0764', 'NDCG@20': '0.0337'}
Validation score increased.  Saving model ...
rec dataset length: 186
100%|██████████████████████████████████████████████████████████████████████████████████████████████████████████████████████████████████████████████████| 186/186 [00:57<00:00,  3.21it/s]
{'epoch': 56, 'rec_avg_loss': '0.5915', 'joint_avg_loss': '0.9264', 'cl_avg_loss': '3.3490', 'itemcl_loss': '0.0000', 'cl_pair_0_loss': '3.3490'}
Recommendation EP_test:56: 100%|| 35/35 [00:08<00:00,  4.22it/s]
{'Epoch': 56, 'name': 'high_freq', 'HIT@5': '0.0475', 'NDCG@5': '0.0312', 'HIT@10': '0.0726', 'NDCG@10': '0.0393', 'HIT@20': '0.1074', 'NDCG@20': '0.0481'}
{'Epoch': 56, 'name': 'mid_freq', 'HIT@5': '0.0027', 'NDCG@5': '0.0015', 'HIT@10': '0.0053', 'NDCG@10': '0.0023', 'HIT@20': '0.0079', 'NDCG@20': '0.0030'}
{'Epoch': 56, 'name': 'low_freq', 'HIT@5': '0.0002', 'NDCG@5': '0.0001', 'HIT@10': '0.0007', 'NDCG@10': '0.0002', 'HIT@20': '0.0016', 'NDCG@20': '0.0004'}
{'Epoch': 56, 'name': 'all', 'HIT@5': '0.0329', 'NDCG@5': '0.0216', 'HIT@10': '0.0505', 'NDCG@10': '0.0273', 'HIT@20': '0.0748', 'NDCG@20': '0.0334'}
EarlyStopping counter: 1 out of 40
rec dataset length: 186
100%|██████████████████████████████████████████████████████████████████████████████████████████████████████████████████████████████████████████████████| 186/186 [00:57<00:00,  3.21it/s]
{'epoch': 57, 'rec_avg_loss': '0.5887', 'joint_avg_loss': '0.9208', 'cl_avg_loss': '3.3214', 'itemcl_loss': '0.0000', 'cl_pair_0_loss': '3.3214'}
Recommendation EP_test:57: 100%|| 35/35 [00:08<00:00,  4.19it/s]
{'Epoch': 57, 'name': 'high_freq', 'HIT@5': '0.0477', 'NDCG@5': '0.0313', 'HIT@10': '0.0720', 'NDCG@10': '0.0391', 'HIT@20': '0.1087', 'NDCG@20': '0.0483'}
{'Epoch': 57, 'name': 'mid_freq', 'HIT@5': '0.0026', 'NDCG@5': '0.0016', 'HIT@10': '0.0055', 'NDCG@10': '0.0026', 'HIT@20': '0.0083', 'NDCG@20': '0.0033'}
{'Epoch': 57, 'name': 'low_freq', 'HIT@5': '0.0002', 'NDCG@5': '0.0001', 'HIT@10': '0.0005', 'NDCG@10': '0.0002', 'HIT@20': '0.0014', 'NDCG@20': '0.0004'}
{'Epoch': 57, 'name': 'all', 'HIT@5': '0.0330', 'NDCG@5': '0.0216', 'HIT@10': '0.0501', 'NDCG@10': '0.0271', 'HIT@20': '0.0757', 'NDCG@20': '0.0336'}
EarlyStopping counter: 2 out of 40
rec dataset length: 186
100%|██████████████████████████████████████████████████████████████████████████████████████████████████████████████████████████████████████████████████| 186/186 [00:57<00:00,  3.21it/s]
{'epoch': 58, 'rec_avg_loss': '0.5876', 'joint_avg_loss': '0.9219', 'cl_avg_loss': '3.3425', 'itemcl_loss': '0.0000', 'cl_pair_0_loss': '3.3425'}
Recommendation EP_test:58: 100%|| 35/35 [00:08<00:00,  4.26it/s]
{'Epoch': 58, 'name': 'high_freq', 'HIT@5': '0.0469', 'NDCG@5': '0.0310', 'HIT@10': '0.0715', 'NDCG@10': '0.0389', 'HIT@20': '0.1072', 'NDCG@20': '0.0479'}
{'Epoch': 58, 'name': 'mid_freq', 'HIT@5': '0.0029', 'NDCG@5': '0.0015', 'HIT@10': '0.0052', 'NDCG@10': '0.0023', 'HIT@20': '0.0086', 'NDCG@20': '0.0031'}
{'Epoch': 58, 'name': 'low_freq', 'HIT@5': '0.0002', 'NDCG@5': '0.0001', 'HIT@10': '0.0007', 'NDCG@10': '0.0003', 'HIT@20': '0.0016', 'NDCG@20': '0.0005'}
{'Epoch': 58, 'name': 'all', 'HIT@5': '0.0325', 'NDCG@5': '0.0214', 'HIT@10': '0.0497', 'NDCG@10': '0.0270', 'HIT@20': '0.0748', 'NDCG@20': '0.0332'}
EarlyStopping counter: 3 out of 40
rec dataset length: 186
100%|██████████████████████████████████████████████████████████████████████████████████████████████████████████████████████████████████████████████████| 186/186 [00:57<00:00,  3.21it/s]
{'epoch': 59, 'rec_avg_loss': '0.5831', 'joint_avg_loss': '0.9164', 'cl_avg_loss': '3.3325', 'itemcl_loss': '0.0000', 'cl_pair_0_loss': '3.3325'}
Recommendation EP_test:59: 100%|| 35/35 [00:08<00:00,  4.27it/s]
{'Epoch': 59, 'name': 'high_freq', 'HIT@5': '0.0473', 'NDCG@5': '0.0313', 'HIT@10': '0.0728', 'NDCG@10': '0.0395', 'HIT@20': '0.1067', 'NDCG@20': '0.0480'}
{'Epoch': 59, 'name': 'mid_freq', 'HIT@5': '0.0030', 'NDCG@5': '0.0017', 'HIT@10': '0.0049', 'NDCG@10': '0.0023', 'HIT@20': '0.0085', 'NDCG@20': '0.0031'}
{'Epoch': 59, 'name': 'low_freq', 'HIT@5': '0.0005', 'NDCG@5': '0.0002', 'HIT@10': '0.0007', 'NDCG@10': '0.0003', 'HIT@20': '0.0014', 'NDCG@20': '0.0005'}
{'Epoch': 59, 'name': 'all', 'HIT@5': '0.0328', 'NDCG@5': '0.0216', 'HIT@10': '0.0505', 'NDCG@10': '0.0273', 'HIT@20': '0.0744', 'NDCG@20': '0.0334'}
EarlyStopping counter: 4 out of 40
rec dataset length: 186
100%|██████████████████████████████████████████████████████████████████████████████████████████████████████████████████████████████████████████████████| 186/186 [00:57<00:00,  3.21it/s]
{'epoch': 60, 'rec_avg_loss': '0.5789', 'joint_avg_loss': '0.9118', 'cl_avg_loss': '3.3289', 'itemcl_loss': '0.0000', 'cl_pair_0_loss': '3.3289'}
Recommendation EP_test:60: 100%|| 35/35 [00:08<00:00,  4.37it/s]
{'Epoch': 60, 'name': 'high_freq', 'HIT@5': '0.0480', 'NDCG@5': '0.0312', 'HIT@10': '0.0736', 'NDCG@10': '0.0394', 'HIT@20': '0.1067', 'NDCG@20': '0.0477'}
{'Epoch': 60, 'name': 'mid_freq', 'HIT@5': '0.0026', 'NDCG@5': '0.0014', 'HIT@10': '0.0050', 'NDCG@10': '0.0023', 'HIT@20': '0.0090', 'NDCG@20': '0.0033'}
{'Epoch': 60, 'name': 'low_freq', 'HIT@5': '0.0002', 'NDCG@5': '0.0001', 'HIT@10': '0.0005', 'NDCG@10': '0.0002', 'HIT@20': '0.0011', 'NDCG@20': '0.0004'}
{'Epoch': 60, 'name': 'all', 'HIT@5': '0.0332', 'NDCG@5': '0.0215', 'HIT@10': '0.0511', 'NDCG@10': '0.0273', 'HIT@20': '0.0745', 'NDCG@20': '0.0332'}
EarlyStopping counter: 5 out of 40
rec dataset length: 186
100%|██████████████████████████████████████████████████████████████████████████████████████████████████████████████████████████████████████████████████| 186/186 [00:57<00:00,  3.21it/s]
{'epoch': 61, 'rec_avg_loss': '0.5759', 'joint_avg_loss': '0.9066', 'cl_avg_loss': '3.3069', 'itemcl_loss': '0.0000', 'cl_pair_0_loss': '3.3069'}
Recommendation EP_test:61: 100%|| 35/35 [00:08<00:00,  4.27it/s]
{'Epoch': 61, 'name': 'high_freq', 'HIT@5': '0.0473', 'NDCG@5': '0.0307', 'HIT@10': '0.0717', 'NDCG@10': '0.0386', 'HIT@20': '0.1056', 'NDCG@20': '0.0471'}
{'Epoch': 61, 'name': 'mid_freq', 'HIT@5': '0.0030', 'NDCG@5': '0.0018', 'HIT@10': '0.0046', 'NDCG@10': '0.0024', 'HIT@20': '0.0108', 'NDCG@20': '0.0039'}
{'Epoch': 61, 'name': 'low_freq', 'HIT@5': '0.0005', 'NDCG@5': '0.0002', 'HIT@10': '0.0007', 'NDCG@10': '0.0003', 'HIT@20': '0.0016', 'NDCG@20': '0.0005'}
{'Epoch': 61, 'name': 'all', 'HIT@5': '0.0328', 'NDCG@5': '0.0213', 'HIT@10': '0.0497', 'NDCG@10': '0.0267', 'HIT@20': '0.0741', 'NDCG@20': '0.0329'}
EarlyStopping counter: 6 out of 40
rec dataset length: 186
100%|██████████████████████████████████████████████████████████████████████████████████████████████████████████████████████████████████████████████████| 186/186 [00:58<00:00,  3.21it/s]
{'epoch': 62, 'rec_avg_loss': '0.5736', 'joint_avg_loss': '0.9039', 'cl_avg_loss': '3.3025', 'itemcl_loss': '0.0000', 'cl_pair_0_loss': '3.3025'}
Recommendation EP_test:62: 100%|| 35/35 [00:08<00:00,  4.30it/s]
{'Epoch': 62, 'name': 'high_freq', 'HIT@5': '0.0462', 'NDCG@5': '0.0301', 'HIT@10': '0.0712', 'NDCG@10': '0.0382', 'HIT@20': '0.1057', 'NDCG@20': '0.0468'}
{'Epoch': 62, 'name': 'mid_freq', 'HIT@5': '0.0027', 'NDCG@5': '0.0017', 'HIT@10': '0.0050', 'NDCG@10': '0.0024', 'HIT@20': '0.0096', 'NDCG@20': '0.0035'}
{'Epoch': 62, 'name': 'low_freq', 'HIT@5': '0.0005', 'NDCG@5': '0.0002', 'HIT@10': '0.0009', 'NDCG@10': '0.0004', 'HIT@20': '0.0009', 'NDCG@20': '0.0004'}
{'Epoch': 62, 'name': 'all', 'HIT@5': '0.0321', 'NDCG@5': '0.0208', 'HIT@10': '0.0496', 'NDCG@10': '0.0265', 'HIT@20': '0.0739', 'NDCG@20': '0.0326'}
EarlyStopping counter: 7 out of 40
rec dataset length: 186
100%|██████████████████████████████████████████████████████████████████████████████████████████████████████████████████████████████████████████████████| 186/186 [00:57<00:00,  3.21it/s]
{'epoch': 63, 'rec_avg_loss': '0.5693', 'joint_avg_loss': '0.8995', 'cl_avg_loss': '3.3025', 'itemcl_loss': '0.0000', 'cl_pair_0_loss': '3.3025'}
Recommendation EP_test:63: 100%|| 35/35 [00:08<00:00,  4.30it/s]
{'Epoch': 63, 'name': 'high_freq', 'HIT@5': '0.0484', 'NDCG@5': '0.0313', 'HIT@10': '0.0715', 'NDCG@10': '0.0387', 'HIT@20': '0.1060', 'NDCG@20': '0.0474'}
{'Epoch': 63, 'name': 'mid_freq', 'HIT@5': '0.0030', 'NDCG@5': '0.0017', 'HIT@10': '0.0046', 'NDCG@10': '0.0022', 'HIT@20': '0.0101', 'NDCG@20': '0.0036'}
{'Epoch': 63, 'name': 'low_freq', 'HIT@5': '0.0005', 'NDCG@5': '0.0003', 'HIT@10': '0.0005', 'NDCG@10': '0.0003', 'HIT@20': '0.0016', 'NDCG@20': '0.0006'}
{'Epoch': 63, 'name': 'all', 'HIT@5': '0.0336', 'NDCG@5': '0.0217', 'HIT@10': '0.0496', 'NDCG@10': '0.0268', 'HIT@20': '0.0743', 'NDCG@20': '0.0330'}
EarlyStopping counter: 8 out of 40
rec dataset length: 186
100%|██████████████████████████████████████████████████████████████████████████████████████████████████████████████████████████████████████████████████| 186/186 [00:57<00:00,  3.22it/s]
{'epoch': 64, 'rec_avg_loss': '0.5672', 'joint_avg_loss': '0.8968', 'cl_avg_loss': '3.2963', 'itemcl_loss': '0.0000', 'cl_pair_0_loss': '3.2963'}
Recommendation EP_test:64: 100%|| 35/35 [00:08<00:00,  4.19it/s]
{'Epoch': 64, 'name': 'high_freq', 'HIT@5': '0.0473', 'NDCG@5': '0.0316', 'HIT@10': '0.0716', 'NDCG@10': '0.0394', 'HIT@20': '0.1078', 'NDCG@20': '0.0485'}
{'Epoch': 64, 'name': 'mid_freq', 'HIT@5': '0.0033', 'NDCG@5': '0.0019', 'HIT@10': '0.0060', 'NDCG@10': '0.0028', 'HIT@20': '0.0112', 'NDCG@20': '0.0041'}
{'Epoch': 64, 'name': 'low_freq', 'HIT@5': '0.0005', 'NDCG@5': '0.0002', 'HIT@10': '0.0007', 'NDCG@10': '0.0003', 'HIT@20': '0.0016', 'NDCG@20': '0.0005'}
{'Epoch': 64, 'name': 'all', 'HIT@5': '0.0329', 'NDCG@5': '0.0219', 'HIT@10': '0.0500', 'NDCG@10': '0.0274', 'HIT@20': '0.0757', 'NDCG@20': '0.0338'}
Validation score increased.  Saving model ...
rec dataset length: 186
100%|██████████████████████████████████████████████████████████████████████████████████████████████████████████████████████████████████████████████████| 186/186 [00:57<00:00,  3.22it/s]
{'epoch': 65, 'rec_avg_loss': '0.5635', 'joint_avg_loss': '0.8924', 'cl_avg_loss': '3.2888', 'itemcl_loss': '0.0000', 'cl_pair_0_loss': '3.2888'}
Recommendation EP_test:65: 100%|| 35/35 [00:08<00:00,  4.23it/s]
{'Epoch': 65, 'name': 'high_freq', 'HIT@5': '0.0474', 'NDCG@5': '0.0310', 'HIT@10': '0.0721', 'NDCG@10': '0.0390', 'HIT@20': '0.1079', 'NDCG@20': '0.0479'}
{'Epoch': 65, 'name': 'mid_freq', 'HIT@5': '0.0034', 'NDCG@5': '0.0020', 'HIT@10': '0.0056', 'NDCG@10': '0.0027', 'HIT@20': '0.0098', 'NDCG@20': '0.0037'}
{'Epoch': 65, 'name': 'low_freq', 'HIT@5': '0.0005', 'NDCG@5': '0.0002', 'HIT@10': '0.0007', 'NDCG@10': '0.0003', 'HIT@20': '0.0014', 'NDCG@20': '0.0005'}
{'Epoch': 65, 'name': 'all', 'HIT@5': '0.0330', 'NDCG@5': '0.0215', 'HIT@10': '0.0503', 'NDCG@10': '0.0271', 'HIT@20': '0.0755', 'NDCG@20': '0.0334'}
EarlyStopping counter: 1 out of 40
rec dataset length: 186
100%|██████████████████████████████████████████████████████████████████████████████████████████████████████████████████████████████████████████████████| 186/186 [00:57<00:00,  3.22it/s]
{'epoch': 66, 'rec_avg_loss': '0.5611', 'joint_avg_loss': '0.8896', 'cl_avg_loss': '3.2854', 'itemcl_loss': '0.0000', 'cl_pair_0_loss': '3.2854'}
Recommendation EP_test:66: 100%|| 35/35 [00:08<00:00,  4.30it/s]
{'Epoch': 66, 'name': 'high_freq', 'HIT@5': '0.0471', 'NDCG@5': '0.0313', 'HIT@10': '0.0721', 'NDCG@10': '0.0393', 'HIT@20': '0.1085', 'NDCG@20': '0.0485'}
{'Epoch': 66, 'name': 'mid_freq', 'HIT@5': '0.0036', 'NDCG@5': '0.0021', 'HIT@10': '0.0052', 'NDCG@10': '0.0027', 'HIT@20': '0.0086', 'NDCG@20': '0.0035'}
{'Epoch': 66, 'name': 'low_freq', 'HIT@5': '0.0002', 'NDCG@5': '0.0001', 'HIT@10': '0.0009', 'NDCG@10': '0.0003', 'HIT@20': '0.0020', 'NDCG@20': '0.0006'}
{'Epoch': 66, 'name': 'all', 'HIT@5': '0.0328', 'NDCG@5': '0.0217', 'HIT@10': '0.0502', 'NDCG@10': '0.0273', 'HIT@20': '0.0758', 'NDCG@20': '0.0337'}
EarlyStopping counter: 2 out of 40
rec dataset length: 186
100%|██████████████████████████████████████████████████████████████████████████████████████████████████████████████████████████████████████████████████| 186/186 [00:58<00:00,  3.20it/s]
{'epoch': 67, 'rec_avg_loss': '0.5579', 'joint_avg_loss': '0.8848', 'cl_avg_loss': '3.2686', 'itemcl_loss': '0.0000', 'cl_pair_0_loss': '3.2686'}
Recommendation EP_test:67: 100%|| 35/35 [00:08<00:00,  4.30it/s]
{'Epoch': 67, 'name': 'high_freq', 'HIT@5': '0.0475', 'NDCG@5': '0.0317', 'HIT@10': '0.0725', 'NDCG@10': '0.0397', 'HIT@20': '0.1092', 'NDCG@20': '0.0489'}
{'Epoch': 67, 'name': 'mid_freq', 'HIT@5': '0.0036', 'NDCG@5': '0.0020', 'HIT@10': '0.0062', 'NDCG@10': '0.0028', 'HIT@20': '0.0093', 'NDCG@20': '0.0036'}
{'Epoch': 67, 'name': 'low_freq', 'HIT@5': '0.0002', 'NDCG@5': '0.0001', 'HIT@10': '0.0014', 'NDCG@10': '0.0005', 'HIT@20': '0.0018', 'NDCG@20': '0.0006'}
{'Epoch': 67, 'name': 'all', 'HIT@5': '0.0331', 'NDCG@5': '0.0219', 'HIT@10': '0.0507', 'NDCG@10': '0.0276', 'HIT@20': '0.0763', 'NDCG@20': '0.0340'}
Validation score increased.  Saving model ...
rec dataset length: 186
100%|██████████████████████████████████████████████████████████████████████████████████████████████████████████████████████████████████████████████████| 186/186 [00:58<00:00,  3.20it/s]
{'epoch': 68, 'rec_avg_loss': '0.5585', 'joint_avg_loss': '0.8851', 'cl_avg_loss': '3.2651', 'itemcl_loss': '0.0000', 'cl_pair_0_loss': '3.2651'}
Recommendation EP_test:68: 100%|| 35/35 [00:08<00:00,  4.32it/s]
{'Epoch': 68, 'name': 'high_freq', 'HIT@5': '0.0493', 'NDCG@5': '0.0323', 'HIT@10': '0.0735', 'NDCG@10': '0.0401', 'HIT@20': '0.1094', 'NDCG@20': '0.0491'}
{'Epoch': 68, 'name': 'mid_freq', 'HIT@5': '0.0036', 'NDCG@5': '0.0021', 'HIT@10': '0.0060', 'NDCG@10': '0.0029', 'HIT@20': '0.0099', 'NDCG@20': '0.0039'}
{'Epoch': 68, 'name': 'low_freq', 'HIT@5': '0.0005', 'NDCG@5': '0.0002', 'HIT@10': '0.0007', 'NDCG@10': '0.0003', 'HIT@20': '0.0018', 'NDCG@20': '0.0006'}
{'Epoch': 68, 'name': 'all', 'HIT@5': '0.0343', 'NDCG@5': '0.0224', 'HIT@10': '0.0513', 'NDCG@10': '0.0279', 'HIT@20': '0.0766', 'NDCG@20': '0.0342'}
Validation score increased.  Saving model ...
rec dataset length: 186
100%|██████████████████████████████████████████████████████████████████████████████████████████████████████████████████████████████████████████████████| 186/186 [00:57<00:00,  3.22it/s]
{'epoch': 69, 'rec_avg_loss': '0.5503', 'joint_avg_loss': '0.8759', 'cl_avg_loss': '3.2559', 'itemcl_loss': '0.0000', 'cl_pair_0_loss': '3.2559'}
Recommendation EP_test:69: 100%|| 35/35 [00:08<00:00,  4.33it/s]
{'Epoch': 69, 'name': 'high_freq', 'HIT@5': '0.0484', 'NDCG@5': '0.0322', 'HIT@10': '0.0740', 'NDCG@10': '0.0405', 'HIT@20': '0.1094', 'NDCG@20': '0.0494'}
{'Epoch': 69, 'name': 'mid_freq', 'HIT@5': '0.0039', 'NDCG@5': '0.0023', 'HIT@10': '0.0068', 'NDCG@10': '0.0033', 'HIT@20': '0.0103', 'NDCG@20': '0.0042'}
{'Epoch': 69, 'name': 'low_freq', 'HIT@5': '0.0002', 'NDCG@5': '0.0001', 'HIT@10': '0.0011', 'NDCG@10': '0.0004', 'HIT@20': '0.0018', 'NDCG@20': '0.0006'}
{'Epoch': 69, 'name': 'all', 'HIT@5': '0.0337', 'NDCG@5': '0.0224', 'HIT@10': '0.0518', 'NDCG@10': '0.0282', 'HIT@20': '0.0767', 'NDCG@20': '0.0345'}
Validation score increased.  Saving model ...
rec dataset length: 186
100%|██████████████████████████████████████████████████████████████████████████████████████████████████████████████████████████████████████████████████| 186/186 [00:58<00:00,  3.20it/s]
{'epoch': 70, 'rec_avg_loss': '0.5528', 'joint_avg_loss': '0.8787', 'cl_avg_loss': '3.2596', 'itemcl_loss': '0.0000', 'cl_pair_0_loss': '3.2596'}
Recommendation EP_test:70: 100%|| 35/35 [00:08<00:00,  4.14it/s]
{'Epoch': 70, 'name': 'high_freq', 'HIT@5': '0.0483', 'NDCG@5': '0.0320', 'HIT@10': '0.0734', 'NDCG@10': '0.0400', 'HIT@20': '0.1086', 'NDCG@20': '0.0489'}
{'Epoch': 70, 'name': 'mid_freq', 'HIT@5': '0.0039', 'NDCG@5': '0.0022', 'HIT@10': '0.0072', 'NDCG@10': '0.0032', 'HIT@20': '0.0103', 'NDCG@20': '0.0040'}
{'Epoch': 70, 'name': 'low_freq', 'HIT@5': '0.0002', 'NDCG@5': '0.0002', 'HIT@10': '0.0007', 'NDCG@10': '0.0004', 'HIT@20': '0.0020', 'NDCG@20': '0.0007'}
{'Epoch': 70, 'name': 'all', 'HIT@5': '0.0337', 'NDCG@5': '0.0222', 'HIT@10': '0.0514', 'NDCG@10': '0.0279', 'HIT@20': '0.0762', 'NDCG@20': '0.0341'}
EarlyStopping counter: 1 out of 40
rec dataset length: 186
100%|██████████████████████████████████████████████████████████████████████████████████████████████████████████████████████████████████████████████████| 186/186 [00:57<00:00,  3.22it/s]
{'epoch': 71, 'rec_avg_loss': '0.5488', 'joint_avg_loss': '0.8730', 'cl_avg_loss': '3.2423', 'itemcl_loss': '0.0000', 'cl_pair_0_loss': '3.2423'}
Recommendation EP_test:71: 100%|| 35/35 [00:08<00:00,  4.32it/s]
{'Epoch': 71, 'name': 'high_freq', 'HIT@5': '0.0486', 'NDCG@5': '0.0320', 'HIT@10': '0.0724', 'NDCG@10': '0.0397', 'HIT@20': '0.1080', 'NDCG@20': '0.0486'}
{'Epoch': 71, 'name': 'mid_freq', 'HIT@5': '0.0039', 'NDCG@5': '0.0022', 'HIT@10': '0.0068', 'NDCG@10': '0.0031', 'HIT@20': '0.0103', 'NDCG@20': '0.0040'}
{'Epoch': 71, 'name': 'low_freq', 'HIT@5': '0.0002', 'NDCG@5': '0.0001', 'HIT@10': '0.0009', 'NDCG@10': '0.0004', 'HIT@20': '0.0018', 'NDCG@20': '0.0006'}
{'Epoch': 71, 'name': 'all', 'HIT@5': '0.0339', 'NDCG@5': '0.0222', 'HIT@10': '0.0507', 'NDCG@10': '0.0276', 'HIT@20': '0.0757', 'NDCG@20': '0.0339'}
EarlyStopping counter: 2 out of 40
rec dataset length: 186
100%|██████████████████████████████████████████████████████████████████████████████████████████████████████████████████████████████████████████████████| 186/186 [00:57<00:00,  3.22it/s]
{'epoch': 72, 'rec_avg_loss': '0.5465', 'joint_avg_loss': '0.8712', 'cl_avg_loss': '3.2470', 'itemcl_loss': '0.0000', 'cl_pair_0_loss': '3.2470'}
Recommendation EP_test:72: 100%|| 35/35 [00:08<00:00,  4.26it/s]
{'Epoch': 72, 'name': 'high_freq', 'HIT@5': '0.0486', 'NDCG@5': '0.0324', 'HIT@10': '0.0739', 'NDCG@10': '0.0405', 'HIT@20': '0.1099', 'NDCG@20': '0.0496'}
{'Epoch': 72, 'name': 'mid_freq', 'HIT@5': '0.0032', 'NDCG@5': '0.0018', 'HIT@10': '0.0060', 'NDCG@10': '0.0027', 'HIT@20': '0.0106', 'NDCG@20': '0.0039'}
{'Epoch': 72, 'name': 'low_freq', 'HIT@5': '0.0007', 'NDCG@5': '0.0005', 'HIT@10': '0.0011', 'NDCG@10': '0.0006', 'HIT@20': '0.0020', 'NDCG@20': '0.0009'}
{'Epoch': 72, 'name': 'all', 'HIT@5': '0.0338', 'NDCG@5': '0.0224', 'HIT@10': '0.0516', 'NDCG@10': '0.0282', 'HIT@20': '0.0771', 'NDCG@20': '0.0346'}
Validation score increased.  Saving model ...
rec dataset length: 186
100%|██████████████████████████████████████████████████████████████████████████████████████████████████████████████████████████████████████████████████| 186/186 [00:57<00:00,  3.21it/s]
{'epoch': 73, 'rec_avg_loss': '0.5398', 'joint_avg_loss': '0.8636', 'cl_avg_loss': '3.2386', 'itemcl_loss': '0.0000', 'cl_pair_0_loss': '3.2386'}
Recommendation EP_test:73: 100%|| 35/35 [00:08<00:00,  4.35it/s]
{'Epoch': 73, 'name': 'high_freq', 'HIT@5': '0.0470', 'NDCG@5': '0.0313', 'HIT@10': '0.0725', 'NDCG@10': '0.0395', 'HIT@20': '0.1073', 'NDCG@20': '0.0483'}
{'Epoch': 73, 'name': 'mid_freq', 'HIT@5': '0.0030', 'NDCG@5': '0.0019', 'HIT@10': '0.0059', 'NDCG@10': '0.0028', 'HIT@20': '0.0089', 'NDCG@20': '0.0035'}
{'Epoch': 73, 'name': 'low_freq', 'HIT@5': '0.0005', 'NDCG@5': '0.0003', 'HIT@10': '0.0009', 'NDCG@10': '0.0004', 'HIT@20': '0.0016', 'NDCG@20': '0.0006'}
{'Epoch': 73, 'name': 'all', 'HIT@5': '0.0326', 'NDCG@5': '0.0217', 'HIT@10': '0.0506', 'NDCG@10': '0.0275', 'HIT@20': '0.0749', 'NDCG@20': '0.0336'}
EarlyStopping counter: 1 out of 40
rec dataset length: 186
100%|██████████████████████████████████████████████████████████████████████████████████████████████████████████████████████████████████████████████████| 186/186 [00:58<00:00,  3.20it/s]
{'epoch': 74, 'rec_avg_loss': '0.5398', 'joint_avg_loss': '0.8642', 'cl_avg_loss': '3.2436', 'itemcl_loss': '0.0000', 'cl_pair_0_loss': '3.2436'}
Recommendation EP_test:74: 100%|| 35/35 [00:08<00:00,  4.21it/s]
{'Epoch': 74, 'name': 'high_freq', 'HIT@5': '0.0467', 'NDCG@5': '0.0304', 'HIT@10': '0.0724', 'NDCG@10': '0.0387', 'HIT@20': '0.1091', 'NDCG@20': '0.0479'}
{'Epoch': 74, 'name': 'mid_freq', 'HIT@5': '0.0033', 'NDCG@5': '0.0019', 'HIT@10': '0.0069', 'NDCG@10': '0.0031', 'HIT@20': '0.0095', 'NDCG@20': '0.0037'}
{'Epoch': 74, 'name': 'low_freq', 'HIT@5': '0.0005', 'NDCG@5': '0.0003', 'HIT@10': '0.0009', 'NDCG@10': '0.0004', 'HIT@20': '0.0016', 'NDCG@20': '0.0006'}
{'Epoch': 74, 'name': 'all', 'HIT@5': '0.0325', 'NDCG@5': '0.0211', 'HIT@10': '0.0507', 'NDCG@10': '0.0270', 'HIT@20': '0.0763', 'NDCG@20': '0.0334'}
EarlyStopping counter: 2 out of 40
rec dataset length: 186
100%|██████████████████████████████████████████████████████████████████████████████████████████████████████████████████████████████████████████████████| 186/186 [00:57<00:00,  3.22it/s]
{'epoch': 75, 'rec_avg_loss': '0.5394', 'joint_avg_loss': '0.8618', 'cl_avg_loss': '3.2237', 'itemcl_loss': '0.0000', 'cl_pair_0_loss': '3.2237'}
Recommendation EP_test:75: 100%|| 35/35 [00:08<00:00,  4.19it/s]
{'Epoch': 75, 'name': 'high_freq', 'HIT@5': '0.0478', 'NDCG@5': '0.0311', 'HIT@10': '0.0738', 'NDCG@10': '0.0395', 'HIT@20': '0.1082', 'NDCG@20': '0.0482'}
{'Epoch': 75, 'name': 'mid_freq', 'HIT@5': '0.0040', 'NDCG@5': '0.0023', 'HIT@10': '0.0062', 'NDCG@10': '0.0030', 'HIT@20': '0.0116', 'NDCG@20': '0.0044'}
{'Epoch': 75, 'name': 'low_freq', 'HIT@5': '0.0002', 'NDCG@5': '0.0001', 'HIT@10': '0.0009', 'NDCG@10': '0.0004', 'HIT@20': '0.0029', 'NDCG@20': '0.0009'}
{'Epoch': 75, 'name': 'all', 'HIT@5': '0.0333', 'NDCG@5': '0.0217', 'HIT@10': '0.0515', 'NDCG@10': '0.0275', 'HIT@20': '0.0763', 'NDCG@20': '0.0337'}
EarlyStopping counter: 3 out of 40
rec dataset length: 186
100%|██████████████████████████████████████████████████████████████████████████████████████████████████████████████████████████████████████████████████| 186/186 [00:57<00:00,  3.21it/s]
{'epoch': 76, 'rec_avg_loss': '0.5362', 'joint_avg_loss': '0.8590', 'cl_avg_loss': '3.2286', 'itemcl_loss': '0.0000', 'cl_pair_0_loss': '3.2286'}
Recommendation EP_test:76: 100%|| 35/35 [00:08<00:00,  4.28it/s]
{'Epoch': 76, 'name': 'high_freq', 'HIT@5': '0.0472', 'NDCG@5': '0.0311', 'HIT@10': '0.0733', 'NDCG@10': '0.0395', 'HIT@20': '0.1089', 'NDCG@20': '0.0484'}
{'Epoch': 76, 'name': 'mid_freq', 'HIT@5': '0.0037', 'NDCG@5': '0.0021', 'HIT@10': '0.0055', 'NDCG@10': '0.0026', 'HIT@20': '0.0101', 'NDCG@20': '0.0038'}
{'Epoch': 76, 'name': 'low_freq', 'HIT@5': '0.0007', 'NDCG@5': '0.0003', 'HIT@10': '0.0009', 'NDCG@10': '0.0004', 'HIT@20': '0.0025', 'NDCG@20': '0.0008'}
{'Epoch': 76, 'name': 'all', 'HIT@5': '0.0329', 'NDCG@5': '0.0216', 'HIT@10': '0.0510', 'NDCG@10': '0.0274', 'HIT@20': '0.0764', 'NDCG@20': '0.0338'}
EarlyStopping counter: 4 out of 40
rec dataset length: 186
100%|██████████████████████████████████████████████████████████████████████████████████████████████████████████████████████████████████████████████████| 186/186 [00:57<00:00,  3.22it/s]
{'epoch': 77, 'rec_avg_loss': '0.5331', 'joint_avg_loss': '0.8541', 'cl_avg_loss': '3.2102', 'itemcl_loss': '0.0000', 'cl_pair_0_loss': '3.2102'}
Recommendation EP_test:77: 100%|| 35/35 [00:08<00:00,  4.32it/s]
{'Epoch': 77, 'name': 'high_freq', 'HIT@5': '0.0469', 'NDCG@5': '0.0309', 'HIT@10': '0.0736', 'NDCG@10': '0.0395', 'HIT@20': '0.1092', 'NDCG@20': '0.0484'}
{'Epoch': 77, 'name': 'mid_freq', 'HIT@5': '0.0045', 'NDCG@5': '0.0028', 'HIT@10': '0.0075', 'NDCG@10': '0.0038', 'HIT@20': '0.0119', 'NDCG@20': '0.0049'}
{'Epoch': 77, 'name': 'low_freq', 'HIT@5': '0.0007', 'NDCG@5': '0.0005', 'HIT@10': '0.0023', 'NDCG@10': '0.0010', 'HIT@20': '0.0034', 'NDCG@20': '0.0012'}
{'Epoch': 77, 'name': 'all', 'HIT@5': '0.0329', 'NDCG@5': '0.0216', 'HIT@10': '0.0518', 'NDCG@10': '0.0277', 'HIT@20': '0.0770', 'NDCG@20': '0.0340'}
EarlyStopping counter: 5 out of 40
rec dataset length: 186
100%|██████████████████████████████████████████████████████████████████████████████████████████████████████████████████████████████████████████████████| 186/186 [00:57<00:00,  3.23it/s]
{'epoch': 78, 'rec_avg_loss': '0.5309', 'joint_avg_loss': '0.8524', 'cl_avg_loss': '3.2148', 'itemcl_loss': '0.0000', 'cl_pair_0_loss': '3.2148'}
Recommendation EP_test:78: 100%|| 35/35 [00:08<00:00,  4.29it/s]
{'Epoch': 78, 'name': 'high_freq', 'HIT@5': '0.0472', 'NDCG@5': '0.0311', 'HIT@10': '0.0734', 'NDCG@10': '0.0395', 'HIT@20': '0.1092', 'NDCG@20': '0.0485'}
{'Epoch': 78, 'name': 'mid_freq', 'HIT@5': '0.0040', 'NDCG@5': '0.0026', 'HIT@10': '0.0075', 'NDCG@10': '0.0037', 'HIT@20': '0.0111', 'NDCG@20': '0.0046'}
{'Epoch': 78, 'name': 'low_freq', 'HIT@5': '0.0007', 'NDCG@5': '0.0005', 'HIT@10': '0.0016', 'NDCG@10': '0.0007', 'HIT@20': '0.0032', 'NDCG@20': '0.0011'}
{'Epoch': 78, 'name': 'all', 'HIT@5': '0.0330', 'NDCG@5': '0.0217', 'HIT@10': '0.0516', 'NDCG@10': '0.0277', 'HIT@20': '0.0768', 'NDCG@20': '0.0340'}
EarlyStopping counter: 6 out of 40
rec dataset length: 186
100%|██████████████████████████████████████████████████████████████████████████████████████████████████████████████████████████████████████████████████| 186/186 [00:58<00:00,  3.20it/s]
{'epoch': 79, 'rec_avg_loss': '0.5287', 'joint_avg_loss': '0.8511', 'cl_avg_loss': '3.2236', 'itemcl_loss': '0.0000', 'cl_pair_0_loss': '3.2236'}
Recommendation EP_test:79: 100%|| 35/35 [00:08<00:00,  4.31it/s]
{'Epoch': 79, 'name': 'high_freq', 'HIT@5': '0.0455', 'NDCG@5': '0.0301', 'HIT@10': '0.0714', 'NDCG@10': '0.0384', 'HIT@20': '0.1072', 'NDCG@20': '0.0474'}
{'Epoch': 79, 'name': 'mid_freq', 'HIT@5': '0.0039', 'NDCG@5': '0.0022', 'HIT@10': '0.0068', 'NDCG@10': '0.0031', 'HIT@20': '0.0105', 'NDCG@20': '0.0040'}
{'Epoch': 79, 'name': 'low_freq', 'HIT@5': '0.0007', 'NDCG@5': '0.0005', 'HIT@10': '0.0009', 'NDCG@10': '0.0005', 'HIT@20': '0.0027', 'NDCG@20': '0.0010'}
{'Epoch': 79, 'name': 'all', 'HIT@5': '0.0318', 'NDCG@5': '0.0210', 'HIT@10': '0.0500', 'NDCG@10': '0.0268', 'HIT@20': '0.0753', 'NDCG@20': '0.0331'}
EarlyStopping counter: 7 out of 40
rec dataset length: 186
100%|██████████████████████████████████████████████████████████████████████████████████████████████████████████████████████████████████████████████████| 186/186 [00:58<00:00,  3.19it/s]
{'epoch': 80, 'rec_avg_loss': '0.5297', 'joint_avg_loss': '0.8504', 'cl_avg_loss': '3.2070', 'itemcl_loss': '0.0000', 'cl_pair_0_loss': '3.2070'}
Recommendation EP_test:80: 100%|| 35/35 [00:07<00:00,  4.40it/s]
{'Epoch': 80, 'name': 'high_freq', 'HIT@5': '0.0474', 'NDCG@5': '0.0315', 'HIT@10': '0.0732', 'NDCG@10': '0.0398', 'HIT@20': '0.1084', 'NDCG@20': '0.0486'}
{'Epoch': 80, 'name': 'mid_freq', 'HIT@5': '0.0037', 'NDCG@5': '0.0020', 'HIT@10': '0.0068', 'NDCG@10': '0.0030', 'HIT@20': '0.0113', 'NDCG@20': '0.0041'}
{'Epoch': 80, 'name': 'low_freq', 'HIT@5': '0.0005', 'NDCG@5': '0.0004', 'HIT@10': '0.0007', 'NDCG@10': '0.0004', 'HIT@20': '0.0025', 'NDCG@20': '0.0009'}
{'Epoch': 80, 'name': 'all', 'HIT@5': '0.0331', 'NDCG@5': '0.0219', 'HIT@10': '0.0512', 'NDCG@10': '0.0277', 'HIT@20': '0.0762', 'NDCG@20': '0.0340'}
EarlyStopping counter: 8 out of 40
rec dataset length: 186
100%|██████████████████████████████████████████████████████████████████████████████████████████████████████████████████████████████████████████████████| 186/186 [00:57<00:00,  3.21it/s]
{'epoch': 81, 'rec_avg_loss': '0.5251', 'joint_avg_loss': '0.8454', 'cl_avg_loss': '3.2034', 'itemcl_loss': '0.0000', 'cl_pair_0_loss': '3.2034'}
Recommendation EP_test:81: 100%|| 35/35 [00:08<00:00,  4.34it/s]
{'Epoch': 81, 'name': 'high_freq', 'HIT@5': '0.0475', 'NDCG@5': '0.0312', 'HIT@10': '0.0723', 'NDCG@10': '0.0391', 'HIT@20': '0.1078', 'NDCG@20': '0.0481'}
{'Epoch': 81, 'name': 'mid_freq', 'HIT@5': '0.0037', 'NDCG@5': '0.0022', 'HIT@10': '0.0060', 'NDCG@10': '0.0029', 'HIT@20': '0.0101', 'NDCG@20': '0.0040'}
{'Epoch': 81, 'name': 'low_freq', 'HIT@5': '0.0005', 'NDCG@5': '0.0002', 'HIT@10': '0.0009', 'NDCG@10': '0.0004', 'HIT@20': '0.0027', 'NDCG@20': '0.0008'}
{'Epoch': 81, 'name': 'all', 'HIT@5': '0.0331', 'NDCG@5': '0.0217', 'HIT@10': '0.0505', 'NDCG@10': '0.0272', 'HIT@20': '0.0757', 'NDCG@20': '0.0336'}
EarlyStopping counter: 9 out of 40
rec dataset length: 186
100%|██████████████████████████████████████████████████████████████████████████████████████████████████████████████████████████████████████████████████| 186/186 [00:57<00:00,  3.22it/s]
{'epoch': 82, 'rec_avg_loss': '0.5239', 'joint_avg_loss': '0.8438', 'cl_avg_loss': '3.1989', 'itemcl_loss': '0.0000', 'cl_pair_0_loss': '3.1989'}
Recommendation EP_test:82: 100%|| 35/35 [00:08<00:00,  4.31it/s]
{'Epoch': 82, 'name': 'high_freq', 'HIT@5': '0.0474', 'NDCG@5': '0.0313', 'HIT@10': '0.0727', 'NDCG@10': '0.0394', 'HIT@20': '0.1086', 'NDCG@20': '0.0484'}
{'Epoch': 82, 'name': 'mid_freq', 'HIT@5': '0.0049', 'NDCG@5': '0.0028', 'HIT@10': '0.0073', 'NDCG@10': '0.0036', 'HIT@20': '0.0113', 'NDCG@20': '0.0046'}
{'Epoch': 82, 'name': 'low_freq', 'HIT@5': '0.0005', 'NDCG@5': '0.0002', 'HIT@10': '0.0014', 'NDCG@10': '0.0006', 'HIT@20': '0.0027', 'NDCG@20': '0.0009'}
{'Epoch': 82, 'name': 'all', 'HIT@5': '0.0333', 'NDCG@5': '0.0218', 'HIT@10': '0.0510', 'NDCG@10': '0.0276', 'HIT@20': '0.0765', 'NDCG@20': '0.0339'}
EarlyStopping counter: 10 out of 40
rec dataset length: 186
100%|██████████████████████████████████████████████████████████████████████████████████████████████████████████████████████████████████████████████████| 186/186 [00:57<00:00,  3.21it/s]
{'epoch': 83, 'rec_avg_loss': '0.5213', 'joint_avg_loss': '0.8416', 'cl_avg_loss': '3.2032', 'itemcl_loss': '0.0000', 'cl_pair_0_loss': '3.2032'}
Recommendation EP_test:83: 100%|| 35/35 [00:08<00:00,  4.27it/s]
{'Epoch': 83, 'name': 'high_freq', 'HIT@5': '0.0465', 'NDCG@5': '0.0308', 'HIT@10': '0.0717', 'NDCG@10': '0.0389', 'HIT@20': '0.1074', 'NDCG@20': '0.0478'}
{'Epoch': 83, 'name': 'mid_freq', 'HIT@5': '0.0043', 'NDCG@5': '0.0027', 'HIT@10': '0.0063', 'NDCG@10': '0.0033', 'HIT@20': '0.0101', 'NDCG@20': '0.0043'}
{'Epoch': 83, 'name': 'low_freq', 'HIT@5': '0.0002', 'NDCG@5': '0.0001', 'HIT@10': '0.0014', 'NDCG@10': '0.0005', 'HIT@20': '0.0027', 'NDCG@20': '0.0008'}
{'Epoch': 83, 'name': 'all', 'HIT@5': '0.0325', 'NDCG@5': '0.0215', 'HIT@10': '0.0502', 'NDCG@10': '0.0272', 'HIT@20': '0.0753', 'NDCG@20': '0.0335'}
EarlyStopping counter: 11 out of 40
rec dataset length: 186
100%|██████████████████████████████████████████████████████████████████████████████████████████████████████████████████████████████████████████████████| 186/186 [00:57<00:00,  3.21it/s]
{'epoch': 84, 'rec_avg_loss': '0.5188', 'joint_avg_loss': '0.8380', 'cl_avg_loss': '3.1918', 'itemcl_loss': '0.0000', 'cl_pair_0_loss': '3.1918'}
Recommendation EP_test:84: 100%|| 35/35 [00:08<00:00,  4.27it/s]
{'Epoch': 84, 'name': 'high_freq', 'HIT@5': '0.0478', 'NDCG@5': '0.0314', 'HIT@10': '0.0726', 'NDCG@10': '0.0394', 'HIT@20': '0.1102', 'NDCG@20': '0.0488'}
{'Epoch': 84, 'name': 'mid_freq', 'HIT@5': '0.0043', 'NDCG@5': '0.0028', 'HIT@10': '0.0078', 'NDCG@10': '0.0039', 'HIT@20': '0.0112', 'NDCG@20': '0.0048'}
{'Epoch': 84, 'name': 'low_freq', 'HIT@5': '0.0007', 'NDCG@5': '0.0003', 'HIT@10': '0.0014', 'NDCG@10': '0.0005', 'HIT@20': '0.0029', 'NDCG@20': '0.0009'}
{'Epoch': 84, 'name': 'all', 'HIT@5': '0.0334', 'NDCG@5': '0.0220', 'HIT@10': '0.0511', 'NDCG@10': '0.0276', 'HIT@20': '0.0775', 'NDCG@20': '0.0343'}
EarlyStopping counter: 12 out of 40
rec dataset length: 186
100%|██████████████████████████████████████████████████████████████████████████████████████████████████████████████████████████████████████████████████| 186/186 [00:57<00:00,  3.22it/s]
{'epoch': 85, 'rec_avg_loss': '0.5163', 'joint_avg_loss': '0.8349', 'cl_avg_loss': '3.1854', 'itemcl_loss': '0.0000', 'cl_pair_0_loss': '3.1854'}
Recommendation EP_test:85: 100%|| 35/35 [00:08<00:00,  4.21it/s]
{'Epoch': 85, 'name': 'high_freq', 'HIT@5': '0.0468', 'NDCG@5': '0.0308', 'HIT@10': '0.0708', 'NDCG@10': '0.0385', 'HIT@20': '0.1079', 'NDCG@20': '0.0478'}
{'Epoch': 85, 'name': 'mid_freq', 'HIT@5': '0.0040', 'NDCG@5': '0.0024', 'HIT@10': '0.0075', 'NDCG@10': '0.0035', 'HIT@20': '0.0124', 'NDCG@20': '0.0047'}
{'Epoch': 85, 'name': 'low_freq', 'HIT@5': '0.0005', 'NDCG@5': '0.0002', 'HIT@10': '0.0011', 'NDCG@10': '0.0004', 'HIT@20': '0.0025', 'NDCG@20': '0.0008'}
{'Epoch': 85, 'name': 'all', 'HIT@5': '0.0327', 'NDCG@5': '0.0215', 'HIT@10': '0.0497', 'NDCG@10': '0.0269', 'HIT@20': '0.0762', 'NDCG@20': '0.0336'}
EarlyStopping counter: 13 out of 40
rec dataset length: 186
100%|██████████████████████████████████████████████████████████████████████████████████████████████████████████████████████████████████████████████████| 186/186 [00:57<00:00,  3.21it/s]
{'epoch': 86, 'rec_avg_loss': '0.5198', 'joint_avg_loss': '0.8388', 'cl_avg_loss': '3.1906', 'itemcl_loss': '0.0000', 'cl_pair_0_loss': '3.1906'}
Recommendation EP_test:86: 100%|| 35/35 [00:08<00:00,  4.22it/s]
{'Epoch': 86, 'name': 'high_freq', 'HIT@5': '0.0469', 'NDCG@5': '0.0309', 'HIT@10': '0.0731', 'NDCG@10': '0.0393', 'HIT@20': '0.1074', 'NDCG@20': '0.0479'}
{'Epoch': 86, 'name': 'mid_freq', 'HIT@5': '0.0039', 'NDCG@5': '0.0021', 'HIT@10': '0.0068', 'NDCG@10': '0.0030', 'HIT@20': '0.0115', 'NDCG@20': '0.0042'}
{'Epoch': 86, 'name': 'low_freq', 'HIT@5': '0.0005', 'NDCG@5': '0.0002', 'HIT@10': '0.0009', 'NDCG@10': '0.0003', 'HIT@20': '0.0023', 'NDCG@20': '0.0007'}
{'Epoch': 86, 'name': 'all', 'HIT@5': '0.0327', 'NDCG@5': '0.0215', 'HIT@10': '0.0512', 'NDCG@10': '0.0274', 'HIT@20': '0.0756', 'NDCG@20': '0.0335'}
EarlyStopping counter: 14 out of 40
rec dataset length: 186
100%|██████████████████████████████████████████████████████████████████████████████████████████████████████████████████████████████████████████████████| 186/186 [00:58<00:00,  3.21it/s]
{'epoch': 87, 'rec_avg_loss': '0.5150', 'joint_avg_loss': '0.8335', 'cl_avg_loss': '3.1857', 'itemcl_loss': '0.0000', 'cl_pair_0_loss': '3.1857'}
Recommendation EP_test:87: 100%|| 35/35 [00:08<00:00,  4.17it/s]
{'Epoch': 87, 'name': 'high_freq', 'HIT@5': '0.0468', 'NDCG@5': '0.0310', 'HIT@10': '0.0717', 'NDCG@10': '0.0390', 'HIT@20': '0.1084', 'NDCG@20': '0.0482'}
{'Epoch': 87, 'name': 'mid_freq', 'HIT@5': '0.0037', 'NDCG@5': '0.0022', 'HIT@10': '0.0069', 'NDCG@10': '0.0032', 'HIT@20': '0.0124', 'NDCG@20': '0.0046'}
{'Epoch': 87, 'name': 'low_freq', 'HIT@5': '0.0002', 'NDCG@5': '0.0001', 'HIT@10': '0.0009', 'NDCG@10': '0.0003', 'HIT@20': '0.0023', 'NDCG@20': '0.0006'}
{'Epoch': 87, 'name': 'all', 'HIT@5': '0.0326', 'NDCG@5': '0.0215', 'HIT@10': '0.0502', 'NDCG@10': '0.0272', 'HIT@20': '0.0764', 'NDCG@20': '0.0338'}
EarlyStopping counter: 15 out of 40
rec dataset length: 186
100%|██████████████████████████████████████████████████████████████████████████████████████████████████████████████████████████████████████████████████| 186/186 [00:58<00:00,  3.20it/s]
{'epoch': 88, 'rec_avg_loss': '0.5126', 'joint_avg_loss': '0.8326', 'cl_avg_loss': '3.1995', 'itemcl_loss': '0.0000', 'cl_pair_0_loss': '3.1995'}
Recommendation EP_test:88: 100%|| 35/35 [00:08<00:00,  4.22it/s]
{'Epoch': 88, 'name': 'high_freq', 'HIT@5': '0.0470', 'NDCG@5': '0.0309', 'HIT@10': '0.0709', 'NDCG@10': '0.0385', 'HIT@20': '0.1078', 'NDCG@20': '0.0478'}
{'Epoch': 88, 'name': 'mid_freq', 'HIT@5': '0.0037', 'NDCG@5': '0.0023', 'HIT@10': '0.0070', 'NDCG@10': '0.0033', 'HIT@20': '0.0134', 'NDCG@20': '0.0049'}
{'Epoch': 88, 'name': 'low_freq', 'HIT@5': '0.0007', 'NDCG@5': '0.0003', 'HIT@10': '0.0014', 'NDCG@10': '0.0005', 'HIT@20': '0.0027', 'NDCG@20': '0.0009'}
{'Epoch': 88, 'name': 'all', 'HIT@5': '0.0328', 'NDCG@5': '0.0215', 'HIT@10': '0.0497', 'NDCG@10': '0.0269', 'HIT@20': '0.0763', 'NDCG@20': '0.0336'}
EarlyStopping counter: 16 out of 40
rec dataset length: 186
100%|██████████████████████████████████████████████████████████████████████████████████████████████████████████████████████████████████████████████████| 186/186 [00:57<00:00,  3.22it/s]
{'epoch': 89, 'rec_avg_loss': '0.5106', 'joint_avg_loss': '0.8297', 'cl_avg_loss': '3.1910', 'itemcl_loss': '0.0000', 'cl_pair_0_loss': '3.1910'}
Recommendation EP_test:89: 100%|| 35/35 [00:08<00:00,  4.25it/s]
{'Epoch': 89, 'name': 'high_freq', 'HIT@5': '0.0477', 'NDCG@5': '0.0314', 'HIT@10': '0.0729', 'NDCG@10': '0.0394', 'HIT@20': '0.1090', 'NDCG@20': '0.0485'}
{'Epoch': 89, 'name': 'mid_freq', 'HIT@5': '0.0047', 'NDCG@5': '0.0030', 'HIT@10': '0.0075', 'NDCG@10': '0.0039', 'HIT@20': '0.0132', 'NDCG@20': '0.0054'}
{'Epoch': 89, 'name': 'low_freq', 'HIT@5': '0.0011', 'NDCG@5': '0.0007', 'HIT@10': '0.0016', 'NDCG@10': '0.0009', 'HIT@20': '0.0034', 'NDCG@20': '0.0013'}
{'Epoch': 89, 'name': 'all', 'HIT@5': '0.0335', 'NDCG@5': '0.0220', 'HIT@10': '0.0512', 'NDCG@10': '0.0277', 'HIT@20': '0.0772', 'NDCG@20': '0.0342'}
EarlyStopping counter: 17 out of 40
rec dataset length: 186
100%|██████████████████████████████████████████████████████████████████████████████████████████████████████████████████████████████████████████████████| 186/186 [00:57<00:00,  3.22it/s]
{'epoch': 90, 'rec_avg_loss': '0.5105', 'joint_avg_loss': '0.8284', 'cl_avg_loss': '3.1792', 'itemcl_loss': '0.0000', 'cl_pair_0_loss': '3.1792'}
Recommendation EP_test:90: 100%|| 35/35 [00:08<00:00,  4.24it/s]
{'Epoch': 90, 'name': 'high_freq', 'HIT@5': '0.0465', 'NDCG@5': '0.0313', 'HIT@10': '0.0714', 'NDCG@10': '0.0392', 'HIT@20': '0.1091', 'NDCG@20': '0.0487'}
{'Epoch': 90, 'name': 'mid_freq', 'HIT@5': '0.0049', 'NDCG@5': '0.0032', 'HIT@10': '0.0073', 'NDCG@10': '0.0040', 'HIT@20': '0.0128', 'NDCG@20': '0.0054'}
{'Epoch': 90, 'name': 'low_freq', 'HIT@5': '0.0014', 'NDCG@5': '0.0007', 'HIT@10': '0.0020', 'NDCG@10': '0.0009', 'HIT@20': '0.0032', 'NDCG@20': '0.0012'}
{'Epoch': 90, 'name': 'all', 'HIT@5': '0.0328', 'NDCG@5': '0.0220', 'HIT@10': '0.0503', 'NDCG@10': '0.0276', 'HIT@20': '0.0771', 'NDCG@20': '0.0344'}
EarlyStopping counter: 18 out of 40
rec dataset length: 186
100%|██████████████████████████████████████████████████████████████████████████████████████████████████████████████████████████████████████████████████| 186/186 [00:57<00:00,  3.22it/s]
{'epoch': 91, 'rec_avg_loss': '0.5095', 'joint_avg_loss': '0.8267', 'cl_avg_loss': '3.1722', 'itemcl_loss': '0.0000', 'cl_pair_0_loss': '3.1722'}
Recommendation EP_test:91: 100%|| 35/35 [00:08<00:00,  4.32it/s]
{'Epoch': 91, 'name': 'high_freq', 'HIT@5': '0.0471', 'NDCG@5': '0.0315', 'HIT@10': '0.0733', 'NDCG@10': '0.0399', 'HIT@20': '0.1095', 'NDCG@20': '0.0490'}
{'Epoch': 91, 'name': 'mid_freq', 'HIT@5': '0.0047', 'NDCG@5': '0.0030', 'HIT@10': '0.0080', 'NDCG@10': '0.0040', 'HIT@20': '0.0124', 'NDCG@20': '0.0051'}
{'Epoch': 91, 'name': 'low_freq', 'HIT@5': '0.0009', 'NDCG@5': '0.0004', 'HIT@10': '0.0014', 'NDCG@10': '0.0006', 'HIT@20': '0.0036', 'NDCG@20': '0.0011'}
{'Epoch': 91, 'name': 'all', 'HIT@5': '0.0331', 'NDCG@5': '0.0221', 'HIT@10': '0.0516', 'NDCG@10': '0.0280', 'HIT@20': '0.0773', 'NDCG@20': '0.0345'}
EarlyStopping counter: 19 out of 40
rec dataset length: 186
100%|██████████████████████████████████████████████████████████████████████████████████████████████████████████████████████████████████████████████████| 186/186 [00:57<00:00,  3.21it/s]
{'epoch': 92, 'rec_avg_loss': '0.5069', 'joint_avg_loss': '0.8237', 'cl_avg_loss': '3.1685', 'itemcl_loss': '0.0000', 'cl_pair_0_loss': '3.1685'}
Recommendation EP_test:92: 100%|| 35/35 [00:08<00:00,  4.27it/s]
{'Epoch': 92, 'name': 'high_freq', 'HIT@5': '0.0470', 'NDCG@5': '0.0313', 'HIT@10': '0.0726', 'NDCG@10': '0.0395', 'HIT@20': '0.1089', 'NDCG@20': '0.0486'}
{'Epoch': 92, 'name': 'mid_freq', 'HIT@5': '0.0039', 'NDCG@5': '0.0024', 'HIT@10': '0.0073', 'NDCG@10': '0.0035', 'HIT@20': '0.0121', 'NDCG@20': '0.0047'}
{'Epoch': 92, 'name': 'low_freq', 'HIT@5': '0.0007', 'NDCG@5': '0.0003', 'HIT@10': '0.0016', 'NDCG@10': '0.0005', 'HIT@20': '0.0036', 'NDCG@20': '0.0011'}
{'Epoch': 92, 'name': 'all', 'HIT@5': '0.0328', 'NDCG@5': '0.0218', 'HIT@10': '0.0510', 'NDCG@10': '0.0276', 'HIT@20': '0.0769', 'NDCG@20': '0.0341'}
EarlyStopping counter: 20 out of 40
rec dataset length: 186
100%|██████████████████████████████████████████████████████████████████████████████████████████████████████████████████████████████████████████████████| 186/186 [00:58<00:00,  3.20it/s]
{'epoch': 93, 'rec_avg_loss': '0.5043', 'joint_avg_loss': '0.8210', 'cl_avg_loss': '3.1672', 'itemcl_loss': '0.0000', 'cl_pair_0_loss': '3.1672'}
Recommendation EP_test:93: 100%|| 35/35 [00:08<00:00,  4.20it/s]
{'Epoch': 93, 'name': 'high_freq', 'HIT@5': '0.0474', 'NDCG@5': '0.0312', 'HIT@10': '0.0721', 'NDCG@10': '0.0391', 'HIT@20': '0.1077', 'NDCG@20': '0.0481'}
{'Epoch': 93, 'name': 'mid_freq', 'HIT@5': '0.0040', 'NDCG@5': '0.0025', 'HIT@10': '0.0080', 'NDCG@10': '0.0038', 'HIT@20': '0.0128', 'NDCG@20': '0.0050'}
{'Epoch': 93, 'name': 'low_freq', 'HIT@5': '0.0011', 'NDCG@5': '0.0007', 'HIT@10': '0.0014', 'NDCG@10': '0.0008', 'HIT@20': '0.0029', 'NDCG@20': '0.0012'}
{'Epoch': 93, 'name': 'all', 'HIT@5': '0.0332', 'NDCG@5': '0.0218', 'HIT@10': '0.0508', 'NDCG@10': '0.0275', 'HIT@20': '0.0762', 'NDCG@20': '0.0338'}
EarlyStopping counter: 21 out of 40
rec dataset length: 186
100%|██████████████████████████████████████████████████████████████████████████████████████████████████████████████████████████████████████████████████| 186/186 [00:58<00:00,  3.20it/s]
{'epoch': 94, 'rec_avg_loss': '0.5017', 'joint_avg_loss': '0.8184', 'cl_avg_loss': '3.1668', 'itemcl_loss': '0.0000', 'cl_pair_0_loss': '3.1668'}
Recommendation EP_test:94: 100%|| 35/35 [00:08<00:00,  4.16it/s]
{'Epoch': 94, 'name': 'high_freq', 'HIT@5': '0.0471', 'NDCG@5': '0.0312', 'HIT@10': '0.0727', 'NDCG@10': '0.0395', 'HIT@20': '0.1096', 'NDCG@20': '0.0488'}
{'Epoch': 94, 'name': 'mid_freq', 'HIT@5': '0.0033', 'NDCG@5': '0.0020', 'HIT@10': '0.0073', 'NDCG@10': '0.0033', 'HIT@20': '0.0118', 'NDCG@20': '0.0044'}
{'Epoch': 94, 'name': 'low_freq', 'HIT@5': '0.0007', 'NDCG@5': '0.0003', 'HIT@10': '0.0011', 'NDCG@10': '0.0004', 'HIT@20': '0.0025', 'NDCG@20': '0.0008'}
{'Epoch': 94, 'name': 'all', 'HIT@5': '0.0328', 'NDCG@5': '0.0217', 'HIT@10': '0.0510', 'NDCG@10': '0.0276', 'HIT@20': '0.0772', 'NDCG@20': '0.0341'}
EarlyStopping counter: 22 out of 40
rec dataset length: 186
100%|██████████████████████████████████████████████████████████████████████████████████████████████████████████████████████████████████████████████████| 186/186 [00:57<00:00,  3.22it/s]
{'epoch': 95, 'rec_avg_loss': '0.5034', 'joint_avg_loss': '0.8200', 'cl_avg_loss': '3.1666', 'itemcl_loss': '0.0000', 'cl_pair_0_loss': '3.1666'}
Recommendation EP_test:95: 100%|| 35/35 [00:08<00:00,  4.15it/s]
{'Epoch': 95, 'name': 'high_freq', 'HIT@5': '0.0465', 'NDCG@5': '0.0310', 'HIT@10': '0.0717', 'NDCG@10': '0.0391', 'HIT@20': '0.1075', 'NDCG@20': '0.0481'}
{'Epoch': 95, 'name': 'mid_freq', 'HIT@5': '0.0047', 'NDCG@5': '0.0028', 'HIT@10': '0.0078', 'NDCG@10': '0.0037', 'HIT@20': '0.0126', 'NDCG@20': '0.0050'}
{'Epoch': 95, 'name': 'low_freq', 'HIT@5': '0.0005', 'NDCG@5': '0.0002', 'HIT@10': '0.0016', 'NDCG@10': '0.0005', 'HIT@20': '0.0038', 'NDCG@20': '0.0011'}
{'Epoch': 95, 'name': 'all', 'HIT@5': '0.0326', 'NDCG@5': '0.0216', 'HIT@10': '0.0505', 'NDCG@10': '0.0274', 'HIT@20': '0.0761', 'NDCG@20': '0.0338'}
EarlyStopping counter: 23 out of 40
rec dataset length: 186
100%|██████████████████████████████████████████████████████████████████████████████████████████████████████████████████████████████████████████████████| 186/186 [00:57<00:00,  3.21it/s]
{'epoch': 96, 'rec_avg_loss': '0.5001', 'joint_avg_loss': '0.8146', 'cl_avg_loss': '3.1452', 'itemcl_loss': '0.0000', 'cl_pair_0_loss': '3.1452'}
Recommendation EP_test:96: 100%|| 35/35 [00:08<00:00,  4.19it/s]
{'Epoch': 96, 'name': 'high_freq', 'HIT@5': '0.0482', 'NDCG@5': '0.0314', 'HIT@10': '0.0723', 'NDCG@10': '0.0391', 'HIT@20': '0.1069', 'NDCG@20': '0.0478'}
{'Epoch': 96, 'name': 'mid_freq', 'HIT@5': '0.0046', 'NDCG@5': '0.0028', 'HIT@10': '0.0078', 'NDCG@10': '0.0038', 'HIT@20': '0.0125', 'NDCG@20': '0.0050'}
{'Epoch': 96, 'name': 'low_freq', 'HIT@5': '0.0009', 'NDCG@5': '0.0004', 'HIT@10': '0.0014', 'NDCG@10': '0.0005', 'HIT@20': '0.0029', 'NDCG@20': '0.0009'}
{'Epoch': 96, 'name': 'all', 'HIT@5': '0.0338', 'NDCG@5': '0.0219', 'HIT@10': '0.0508', 'NDCG@10': '0.0274', 'HIT@20': '0.0755', 'NDCG@20': '0.0336'}
EarlyStopping counter: 24 out of 40
rec dataset length: 186
100%|██████████████████████████████████████████████████████████████████████████████████████████████████████████████████████████████████████████████████| 186/186 [00:57<00:00,  3.21it/s]
{'epoch': 97, 'rec_avg_loss': '0.4973', 'joint_avg_loss': '0.8138', 'cl_avg_loss': '3.1645', 'itemcl_loss': '0.0000', 'cl_pair_0_loss': '3.1645'}
Recommendation EP_test:97: 100%|| 35/35 [00:08<00:00,  4.26it/s]
{'Epoch': 97, 'name': 'high_freq', 'HIT@5': '0.0468', 'NDCG@5': '0.0305', 'HIT@10': '0.0721', 'NDCG@10': '0.0387', 'HIT@20': '0.1062', 'NDCG@20': '0.0473'}
{'Epoch': 97, 'name': 'mid_freq', 'HIT@5': '0.0047', 'NDCG@5': '0.0028', 'HIT@10': '0.0079', 'NDCG@10': '0.0039', 'HIT@20': '0.0131', 'NDCG@20': '0.0052'}
{'Epoch': 97, 'name': 'low_freq', 'HIT@5': '0.0007', 'NDCG@5': '0.0004', 'HIT@10': '0.0016', 'NDCG@10': '0.0006', 'HIT@20': '0.0027', 'NDCG@20': '0.0009'}
{'Epoch': 97, 'name': 'all', 'HIT@5': '0.0329', 'NDCG@5': '0.0214', 'HIT@10': '0.0508', 'NDCG@10': '0.0272', 'HIT@20': '0.0752', 'NDCG@20': '0.0333'}
EarlyStopping counter: 25 out of 40
rec dataset length: 186
100%|██████████████████████████████████████████████████████████████████████████████████████████████████████████████████████████████████████████████████| 186/186 [00:57<00:00,  3.22it/s]
{'epoch': 98, 'rec_avg_loss': '0.4976', 'joint_avg_loss': '0.8132', 'cl_avg_loss': '3.1565', 'itemcl_loss': '0.0000', 'cl_pair_0_loss': '3.1565'}
Recommendation EP_test:98: 100%|| 35/35 [00:08<00:00,  4.27it/s]
{'Epoch': 98, 'name': 'high_freq', 'HIT@5': '0.0472', 'NDCG@5': '0.0309', 'HIT@10': '0.0727', 'NDCG@10': '0.0391', 'HIT@20': '0.1081', 'NDCG@20': '0.0480'}
{'Epoch': 98, 'name': 'mid_freq', 'HIT@5': '0.0057', 'NDCG@5': '0.0035', 'HIT@10': '0.0092', 'NDCG@10': '0.0046', 'HIT@20': '0.0132', 'NDCG@20': '0.0056'}
{'Epoch': 98, 'name': 'low_freq', 'HIT@5': '0.0009', 'NDCG@5': '0.0005', 'HIT@10': '0.0016', 'NDCG@10': '0.0007', 'HIT@20': '0.0034', 'NDCG@20': '0.0011'}
{'Epoch': 98, 'name': 'all', 'HIT@5': '0.0333', 'NDCG@5': '0.0217', 'HIT@10': '0.0514', 'NDCG@10': '0.0276', 'HIT@20': '0.0765', 'NDCG@20': '0.0339'}
EarlyStopping counter: 26 out of 40
rec dataset length: 186
100%|██████████████████████████████████████████████████████████████████████████████████████████████████████████████████████████████████████████████████| 186/186 [00:58<00:00,  3.21it/s]
{'epoch': 99, 'rec_avg_loss': '0.4968', 'joint_avg_loss': '0.8111', 'cl_avg_loss': '3.1431', 'itemcl_loss': '0.0000', 'cl_pair_0_loss': '3.1431'}
Recommendation EP_test:99: 100%|| 35/35 [00:08<00:00,  4.35it/s]
{'Epoch': 99, 'name': 'high_freq', 'HIT@5': '0.0467', 'NDCG@5': '0.0306', 'HIT@10': '0.0720', 'NDCG@10': '0.0388', 'HIT@20': '0.1085', 'NDCG@20': '0.0480'}
{'Epoch': 99, 'name': 'mid_freq', 'HIT@5': '0.0052', 'NDCG@5': '0.0031', 'HIT@10': '0.0089', 'NDCG@10': '0.0043', 'HIT@20': '0.0131', 'NDCG@20': '0.0053'}
{'Epoch': 99, 'name': 'low_freq', 'HIT@5': '0.0007', 'NDCG@5': '0.0004', 'HIT@10': '0.0014', 'NDCG@10': '0.0006', 'HIT@20': '0.0027', 'NDCG@20': '0.0010'}
{'Epoch': 99, 'name': 'all', 'HIT@5': '0.0328', 'NDCG@5': '0.0215', 'HIT@10': '0.0509', 'NDCG@10': '0.0273', 'HIT@20': '0.0767', 'NDCG@20': '0.0338'}
EarlyStopping counter: 27 out of 40
rec dataset length: 186
100%|██████████████████████████████████████████████████████████████████████████████████████████████████████████████████████████████████████████████████| 186/186 [00:57<00:00,  3.21it/s]
{'epoch': 100, 'rec_avg_loss': '0.4947', 'joint_avg_loss': '0.8087', 'cl_avg_loss': '3.1400', 'itemcl_loss': '0.0000', 'cl_pair_0_loss': '3.1400'}
Recommendation EP_test:100: 100%|| 35/35 [00:07<00:00,  4.38it/s]
{'Epoch': 100, 'name': 'high_freq', 'HIT@5': '0.0476', 'NDCG@5': '0.0314', 'HIT@10': '0.0728', 'NDCG@10': '0.0395', 'HIT@20': '0.1086', 'NDCG@20': '0.0484'}
{'Epoch': 100, 'name': 'mid_freq', 'HIT@5': '0.0049', 'NDCG@5': '0.0031', 'HIT@10': '0.0080', 'NDCG@10': '0.0041', 'HIT@20': '0.0142', 'NDCG@20': '0.0057'}
{'Epoch': 100, 'name': 'low_freq', 'HIT@5': '0.0009', 'NDCG@5': '0.0006', 'HIT@10': '0.0014', 'NDCG@10': '0.0007', 'HIT@20': '0.0032', 'NDCG@20': '0.0012'}
{'Epoch': 100, 'name': 'all', 'HIT@5': '0.0335', 'NDCG@5': '0.0220', 'HIT@10': '0.0513', 'NDCG@10': '0.0277', 'HIT@20': '0.0771', 'NDCG@20': '0.0342'}
EarlyStopping counter: 28 out of 40
rec dataset length: 186
100%|██████████████████████████████████████████████████████████████████████████████████████████████████████████████████████████████████████████████████| 186/186 [00:58<00:00,  3.20it/s]
{'epoch': 101, 'rec_avg_loss': '0.4955', 'joint_avg_loss': '0.8088', 'cl_avg_loss': '3.1328', 'itemcl_loss': '0.0000', 'cl_pair_0_loss': '3.1328'}
Recommendation EP_test:101: 100%|| 35/35 [00:08<00:00,  4.32it/s]
{'Epoch': 101, 'name': 'high_freq', 'HIT@5': '0.0464', 'NDCG@5': '0.0306', 'HIT@10': '0.0728', 'NDCG@10': '0.0390', 'HIT@20': '0.1079', 'NDCG@20': '0.0479'}
{'Epoch': 101, 'name': 'mid_freq', 'HIT@5': '0.0050', 'NDCG@5': '0.0031', 'HIT@10': '0.0088', 'NDCG@10': '0.0044', 'HIT@20': '0.0136', 'NDCG@20': '0.0056'}
{'Epoch': 101, 'name': 'low_freq', 'HIT@5': '0.0007', 'NDCG@5': '0.0004', 'HIT@10': '0.0014', 'NDCG@10': '0.0006', 'HIT@20': '0.0020', 'NDCG@20': '0.0008'}
{'Epoch': 101, 'name': 'all', 'HIT@5': '0.0326', 'NDCG@5': '0.0215', 'HIT@10': '0.0514', 'NDCG@10': '0.0275', 'HIT@20': '0.0763', 'NDCG@20': '0.0338'}
EarlyStopping counter: 29 out of 40
rec dataset length: 186
100%|██████████████████████████████████████████████████████████████████████████████████████████████████████████████████████████████████████████████████| 186/186 [00:57<00:00,  3.21it/s]
{'epoch': 102, 'rec_avg_loss': '0.4891', 'joint_avg_loss': '0.8032', 'cl_avg_loss': '3.1407', 'itemcl_loss': '0.0000', 'cl_pair_0_loss': '3.1407'}
Recommendation EP_test:102: 100%|| 35/35 [00:08<00:00,  4.26it/s]
{'Epoch': 102, 'name': 'high_freq', 'HIT@5': '0.0465', 'NDCG@5': '0.0307', 'HIT@10': '0.0724', 'NDCG@10': '0.0391', 'HIT@20': '0.1086', 'NDCG@20': '0.0482'}
{'Epoch': 102, 'name': 'mid_freq', 'HIT@5': '0.0049', 'NDCG@5': '0.0029', 'HIT@10': '0.0096', 'NDCG@10': '0.0044', 'HIT@20': '0.0138', 'NDCG@20': '0.0054'}
{'Epoch': 102, 'name': 'low_freq', 'HIT@5': '0.0009', 'NDCG@5': '0.0004', 'HIT@10': '0.0014', 'NDCG@10': '0.0006', 'HIT@20': '0.0027', 'NDCG@20': '0.0009'}
{'Epoch': 102, 'name': 'all', 'HIT@5': '0.0327', 'NDCG@5': '0.0215', 'HIT@10': '0.0513', 'NDCG@10': '0.0275', 'HIT@20': '0.0769', 'NDCG@20': '0.0340'}
EarlyStopping counter: 30 out of 40
rec dataset length: 186
100%|██████████████████████████████████████████████████████████████████████████████████████████████████████████████████████████████████████████████████| 186/186 [00:57<00:00,  3.21it/s]
{'epoch': 103, 'rec_avg_loss': '0.4921', 'joint_avg_loss': '0.8058', 'cl_avg_loss': '3.1370', 'itemcl_loss': '0.0000', 'cl_pair_0_loss': '3.1370'}
Recommendation EP_test:103: 100%|| 35/35 [00:08<00:00,  4.13it/s]
{'Epoch': 103, 'name': 'high_freq', 'HIT@5': '0.0451', 'NDCG@5': '0.0298', 'HIT@10': '0.0721', 'NDCG@10': '0.0385', 'HIT@20': '0.1076', 'NDCG@20': '0.0474'}
{'Epoch': 103, 'name': 'mid_freq', 'HIT@5': '0.0057', 'NDCG@5': '0.0035', 'HIT@10': '0.0095', 'NDCG@10': '0.0047', 'HIT@20': '0.0135', 'NDCG@20': '0.0057'}
{'Epoch': 103, 'name': 'low_freq', 'HIT@5': '0.0007', 'NDCG@5': '0.0003', 'HIT@10': '0.0011', 'NDCG@10': '0.0004', 'HIT@20': '0.0025', 'NDCG@20': '0.0008'}
{'Epoch': 103, 'name': 'all', 'HIT@5': '0.0319', 'NDCG@5': '0.0210', 'HIT@10': '0.0510', 'NDCG@10': '0.0271', 'HIT@20': '0.0762', 'NDCG@20': '0.0334'}
EarlyStopping counter: 31 out of 40
rec dataset length: 186
100%|██████████████████████████████████████████████████████████████████████████████████████████████████████████████████████████████████████████████████| 186/186 [00:57<00:00,  3.22it/s]
{'epoch': 104, 'rec_avg_loss': '0.4880', 'joint_avg_loss': '0.8018', 'cl_avg_loss': '3.1374', 'itemcl_loss': '0.0000', 'cl_pair_0_loss': '3.1374'}
Recommendation EP_test:104: 100%|| 35/35 [00:08<00:00,  4.20it/s]
{'Epoch': 104, 'name': 'high_freq', 'HIT@5': '0.0473', 'NDCG@5': '0.0311', 'HIT@10': '0.0716', 'NDCG@10': '0.0389', 'HIT@20': '0.1077', 'NDCG@20': '0.0480'}
{'Epoch': 104, 'name': 'mid_freq', 'HIT@5': '0.0049', 'NDCG@5': '0.0031', 'HIT@10': '0.0085', 'NDCG@10': '0.0043', 'HIT@20': '0.0129', 'NDCG@20': '0.0054'}
{'Epoch': 104, 'name': 'low_freq', 'HIT@5': '0.0002', 'NDCG@5': '0.0001', 'HIT@10': '0.0011', 'NDCG@10': '0.0004', 'HIT@20': '0.0025', 'NDCG@20': '0.0007'}
{'Epoch': 104, 'name': 'all', 'HIT@5': '0.0332', 'NDCG@5': '0.0218', 'HIT@10': '0.0505', 'NDCG@10': '0.0273', 'HIT@20': '0.0761', 'NDCG@20': '0.0338'}
EarlyStopping counter: 32 out of 40
rec dataset length: 186
100%|██████████████████████████████████████████████████████████████████████████████████████████████████████████████████████████████████████████████████| 186/186 [00:57<00:00,  3.21it/s]
{'epoch': 105, 'rec_avg_loss': '0.4837', 'joint_avg_loss': '0.7979', 'cl_avg_loss': '3.1420', 'itemcl_loss': '0.0000', 'cl_pair_0_loss': '3.1420'}
Recommendation EP_test:105: 100%|| 35/35 [00:08<00:00,  4.19it/s]
{'Epoch': 105, 'name': 'high_freq', 'HIT@5': '0.0460', 'NDCG@5': '0.0302', 'HIT@10': '0.0707', 'NDCG@10': '0.0382', 'HIT@20': '0.1062', 'NDCG@20': '0.0471'}
{'Epoch': 105, 'name': 'mid_freq', 'HIT@5': '0.0053', 'NDCG@5': '0.0031', 'HIT@10': '0.0078', 'NDCG@10': '0.0039', 'HIT@20': '0.0128', 'NDCG@20': '0.0051'}
{'Epoch': 105, 'name': 'low_freq', 'HIT@5': '0.0011', 'NDCG@5': '0.0005', 'HIT@10': '0.0018', 'NDCG@10': '0.0008', 'HIT@20': '0.0038', 'NDCG@20': '0.0013'}
{'Epoch': 105, 'name': 'all', 'HIT@5': '0.0325', 'NDCG@5': '0.0212', 'HIT@10': '0.0499', 'NDCG@10': '0.0268', 'HIT@20': '0.0753', 'NDCG@20': '0.0332'}
EarlyStopping counter: 33 out of 40
rec dataset length: 186
100%|██████████████████████████████████████████████████████████████████████████████████████████████████████████████████████████████████████████████████| 186/186 [00:57<00:00,  3.21it/s]
{'epoch': 106, 'rec_avg_loss': '0.4829', 'joint_avg_loss': '0.7974', 'cl_avg_loss': '3.1450', 'itemcl_loss': '0.0000', 'cl_pair_0_loss': '3.1450'}
Recommendation EP_test:106: 100%|| 35/35 [00:08<00:00,  4.25it/s]
{'Epoch': 106, 'name': 'high_freq', 'HIT@5': '0.0467', 'NDCG@5': '0.0308', 'HIT@10': '0.0708', 'NDCG@10': '0.0385', 'HIT@20': '0.1055', 'NDCG@20': '0.0472'}
{'Epoch': 106, 'name': 'mid_freq', 'HIT@5': '0.0043', 'NDCG@5': '0.0027', 'HIT@10': '0.0078', 'NDCG@10': '0.0038', 'HIT@20': '0.0131', 'NDCG@20': '0.0051'}
{'Epoch': 106, 'name': 'low_freq', 'HIT@5': '0.0007', 'NDCG@5': '0.0004', 'HIT@10': '0.0016', 'NDCG@10': '0.0007', 'HIT@20': '0.0032', 'NDCG@20': '0.0011'}
{'Epoch': 106, 'name': 'all', 'HIT@5': '0.0327', 'NDCG@5': '0.0215', 'HIT@10': '0.0499', 'NDCG@10': '0.0270', 'HIT@20': '0.0748', 'NDCG@20': '0.0333'}
EarlyStopping counter: 34 out of 40
rec dataset length: 186
100%|██████████████████████████████████████████████████████████████████████████████████████████████████████████████████████████████████████████████████| 186/186 [00:57<00:00,  3.22it/s]
{'epoch': 107, 'rec_avg_loss': '0.4869', 'joint_avg_loss': '0.7998', 'cl_avg_loss': '3.1290', 'itemcl_loss': '0.0000', 'cl_pair_0_loss': '3.1290'}
Recommendation EP_test:107: 100%|| 35/35 [00:08<00:00,  4.21it/s]
{'Epoch': 107, 'name': 'high_freq', 'HIT@5': '0.0470', 'NDCG@5': '0.0309', 'HIT@10': '0.0714', 'NDCG@10': '0.0388', 'HIT@20': '0.1063', 'NDCG@20': '0.0475'}
{'Epoch': 107, 'name': 'mid_freq', 'HIT@5': '0.0055', 'NDCG@5': '0.0030', 'HIT@10': '0.0080', 'NDCG@10': '0.0039', 'HIT@20': '0.0129', 'NDCG@20': '0.0051'}
{'Epoch': 107, 'name': 'low_freq', 'HIT@5': '0.0007', 'NDCG@5': '0.0004', 'HIT@10': '0.0020', 'NDCG@10': '0.0008', 'HIT@20': '0.0036', 'NDCG@20': '0.0012'}
{'Epoch': 107, 'name': 'all', 'HIT@5': '0.0331', 'NDCG@5': '0.0217', 'HIT@10': '0.0504', 'NDCG@10': '0.0272', 'HIT@20': '0.0753', 'NDCG@20': '0.0335'}
EarlyStopping counter: 35 out of 40
rec dataset length: 186
100%|██████████████████████████████████████████████████████████████████████████████████████████████████████████████████████████████████████████████████| 186/186 [00:57<00:00,  3.21it/s]
{'epoch': 108, 'rec_avg_loss': '0.4840', 'joint_avg_loss': '0.7961', 'cl_avg_loss': '3.1207', 'itemcl_loss': '0.0000', 'cl_pair_0_loss': '3.1207'}
Recommendation EP_test:108: 100%|| 35/35 [00:08<00:00,  4.19it/s]
{'Epoch': 108, 'name': 'high_freq', 'HIT@5': '0.0470', 'NDCG@5': '0.0306', 'HIT@10': '0.0721', 'NDCG@10': '0.0387', 'HIT@20': '0.1080', 'NDCG@20': '0.0477'}
{'Epoch': 108, 'name': 'mid_freq', 'HIT@5': '0.0052', 'NDCG@5': '0.0030', 'HIT@10': '0.0076', 'NDCG@10': '0.0038', 'HIT@20': '0.0129', 'NDCG@20': '0.0051'}
{'Epoch': 108, 'name': 'low_freq', 'HIT@5': '0.0007', 'NDCG@5': '0.0004', 'HIT@10': '0.0023', 'NDCG@10': '0.0009', 'HIT@20': '0.0038', 'NDCG@20': '0.0013'}
{'Epoch': 108, 'name': 'all', 'HIT@5': '0.0331', 'NDCG@5': '0.0215', 'HIT@10': '0.0508', 'NDCG@10': '0.0272', 'HIT@20': '0.0765', 'NDCG@20': '0.0336'}
EarlyStopping counter: 36 out of 40
rec dataset length: 186
100%|██████████████████████████████████████████████████████████████████████████████████████████████████████████████████████████████████████████████████| 186/186 [00:57<00:00,  3.21it/s]
{'epoch': 109, 'rec_avg_loss': '0.4838', 'joint_avg_loss': '0.7955', 'cl_avg_loss': '3.1174', 'itemcl_loss': '0.0000', 'cl_pair_0_loss': '3.1174'}
Recommendation EP_test:109: 100%|| 35/35 [00:08<00:00,  4.22it/s]
{'Epoch': 109, 'name': 'high_freq', 'HIT@5': '0.0477', 'NDCG@5': '0.0311', 'HIT@10': '0.0719', 'NDCG@10': '0.0388', 'HIT@20': '0.1056', 'NDCG@20': '0.0473'}
{'Epoch': 109, 'name': 'mid_freq', 'HIT@5': '0.0049', 'NDCG@5': '0.0030', 'HIT@10': '0.0079', 'NDCG@10': '0.0040', 'HIT@20': '0.0129', 'NDCG@20': '0.0052'}
{'Epoch': 109, 'name': 'low_freq', 'HIT@5': '0.0009', 'NDCG@5': '0.0004', 'HIT@10': '0.0018', 'NDCG@10': '0.0007', 'HIT@20': '0.0036', 'NDCG@20': '0.0012'}
{'Epoch': 109, 'name': 'all', 'HIT@5': '0.0335', 'NDCG@5': '0.0218', 'HIT@10': '0.0506', 'NDCG@10': '0.0273', 'HIT@20': '0.0748', 'NDCG@20': '0.0333'}
EarlyStopping counter: 37 out of 40
rec dataset length: 186
100%|██████████████████████████████████████████████████████████████████████████████████████████████████████████████████████████████████████████████████| 186/186 [00:58<00:00,  3.20it/s]
{'epoch': 110, 'rec_avg_loss': '0.4808', 'joint_avg_loss': '0.7920', 'cl_avg_loss': '3.1124', 'itemcl_loss': '0.0000', 'cl_pair_0_loss': '3.1124'}
Recommendation EP_test:110: 100%|| 35/35 [00:08<00:00,  4.16it/s]
{'Epoch': 110, 'name': 'high_freq', 'HIT@5': '0.0465', 'NDCG@5': '0.0301', 'HIT@10': '0.0713', 'NDCG@10': '0.0381', 'HIT@20': '0.1077', 'NDCG@20': '0.0472'}
{'Epoch': 110, 'name': 'mid_freq', 'HIT@5': '0.0052', 'NDCG@5': '0.0029', 'HIT@10': '0.0092', 'NDCG@10': '0.0042', 'HIT@20': '0.0141', 'NDCG@20': '0.0055'}
{'Epoch': 110, 'name': 'low_freq', 'HIT@5': '0.0011', 'NDCG@5': '0.0007', 'HIT@10': '0.0029', 'NDCG@10': '0.0013', 'HIT@20': '0.0048', 'NDCG@20': '0.0017'}
{'Epoch': 110, 'name': 'all', 'HIT@5': '0.0328', 'NDCG@5': '0.0211', 'HIT@10': '0.0507', 'NDCG@10': '0.0269', 'HIT@20': '0.0766', 'NDCG@20': '0.0334'}
EarlyStopping counter: 38 out of 40
rec dataset length: 186
100%|██████████████████████████████████████████████████████████████████████████████████████████████████████████████████████████████████████████████████| 186/186 [00:57<00:00,  3.21it/s]
{'epoch': 111, 'rec_avg_loss': '0.4785', 'joint_avg_loss': '0.7907', 'cl_avg_loss': '3.1222', 'itemcl_loss': '0.0000', 'cl_pair_0_loss': '3.1222'}
Recommendation EP_test:111: 100%|| 35/35 [00:08<00:00,  4.26it/s]
{'Epoch': 111, 'name': 'high_freq', 'HIT@5': '0.0453', 'NDCG@5': '0.0298', 'HIT@10': '0.0713', 'NDCG@10': '0.0382', 'HIT@20': '0.1054', 'NDCG@20': '0.0467'}
{'Epoch': 111, 'name': 'mid_freq', 'HIT@5': '0.0052', 'NDCG@5': '0.0032', 'HIT@10': '0.0090', 'NDCG@10': '0.0045', 'HIT@20': '0.0132', 'NDCG@20': '0.0055'}
{'Epoch': 111, 'name': 'low_freq', 'HIT@5': '0.0009', 'NDCG@5': '0.0006', 'HIT@10': '0.0027', 'NDCG@10': '0.0012', 'HIT@20': '0.0052', 'NDCG@20': '0.0018'}
{'Epoch': 111, 'name': 'all', 'HIT@5': '0.0319', 'NDCG@5': '0.0210', 'HIT@10': '0.0506', 'NDCG@10': '0.0270', 'HIT@20': '0.0749', 'NDCG@20': '0.0331'}
EarlyStopping counter: 39 out of 40
rec dataset length: 186
100%|██████████████████████████████████████████████████████████████████████████████████████████████████████████████████████████████████████████████████| 186/186 [00:57<00:00,  3.21it/s]
{'epoch': 112, 'rec_avg_loss': '0.4785', 'joint_avg_loss': '0.7908', 'cl_avg_loss': '3.1231', 'itemcl_loss': '0.0000', 'cl_pair_0_loss': '3.1231'}
Recommendation EP_test:112: 100%|| 35/35 [00:08<00:00,  4.24it/s]
{'Epoch': 112, 'name': 'high_freq', 'HIT@5': '0.0468', 'NDCG@5': '0.0306', 'HIT@10': '0.0724', 'NDCG@10': '0.0388', 'HIT@20': '0.1067', 'NDCG@20': '0.0474'}
{'Epoch': 112, 'name': 'mid_freq', 'HIT@5': '0.0046', 'NDCG@5': '0.0027', 'HIT@10': '0.0082', 'NDCG@10': '0.0038', 'HIT@20': '0.0131', 'NDCG@20': '0.0051'}
{'Epoch': 112, 'name': 'low_freq', 'HIT@5': '0.0011', 'NDCG@5': '0.0008', 'HIT@10': '0.0027', 'NDCG@10': '0.0012', 'HIT@20': '0.0045', 'NDCG@20': '0.0017'}
{'Epoch': 112, 'name': 'all', 'HIT@5': '0.0329', 'NDCG@5': '0.0214', 'HIT@10': '0.0512', 'NDCG@10': '0.0273', 'HIT@20': '0.0757', 'NDCG@20': '0.0335'}
EarlyStopping counter: 40 out of 40
Early stopping
---------------Change to test_rating_matrix!-------------------
Recommendation EP_test:113: 100%|| 35/35 [00:08<00:00,  4.04it/s]
{'Epoch': 113, 'name': 'high_freq', 'HIT@5': '0.0363', 'NDCG@5': '0.0242', 'HIT@10': '0.0586', 'NDCG@10': '0.0313', 'HIT@20': '0.0918', 'NDCG@20': '0.0397'}
{'Epoch': 113, 'name': 'mid_freq', 'HIT@5': '0.0020', 'NDCG@5': '0.0013', 'HIT@10': '0.0044', 'NDCG@10': '0.0021', 'HIT@20': '0.0078', 'NDCG@20': '0.0029'}
{'Epoch': 113, 'name': 'low_freq', 'HIT@5': '0.0010', 'NDCG@5': '0.0004', 'HIT@10': '0.0017', 'NDCG@10': '0.0006', 'HIT@20': '0.0035', 'NDCG@20': '0.0010'}
{'Epoch': 113, 'name': 'all', 'HIT@5': '0.0235', 'NDCG@5': '0.0156', 'HIT@10': '0.0382', 'NDCG@10': '0.0203', 'HIT@20': '0.0602', 'NDCG@20': '0.0258'}
CoSeRec-Sports_and_Outdoors-single_cl_1024_only_aug_high
{'Epoch': 113, 'name': 'all', 'HIT@5': '0.0235', 'NDCG@5': '0.0156', 'HIT@10': '0.0382', 'NDCG@10': '0.0203', 'HIT@20': '0.0602', 'NDCG@20': '0.0258'}
Using Cuda: True
(18359, 18359)
--------------------Configure Info:------------
data_dir                       :                             ./data/
output_dir                     :                             output/
data_name                      :                 Sports_and_Outdoors
do_eval                        :                                   0
model_idx                      :     single_cl_1024_only_aug_mid_low
gpu_id                         :                                   0
noise_ratio                    :                                 0.0
training_data_ratio            :                                 1.0
augment_threshold              :                                   4
similarity_model_name          :                          ItemCF_IUF
augmentation_warm_up_epoches   :                                 160
base_augment_type              :                              random
augment_type_for_short         :                                 SIM
tao                            :                                 0.2
gamma                          :                                 0.7
beta                           :                                 0.2
substitute_rate                :                                 0.1
insert_rate                    :                                 0.4
max_insert_num_per_pos         :                                   1
temperature                    :                                 1.0
n_views                        :                                   2
model_name                     :                             CoSeRec
hidden_size                    :                                  64
num_hidden_layers              :                                   2
num_attention_heads            :                                   2
hidden_act                     :                                gelu
attention_probs_dropout_prob   :                                 0.5
hidden_dropout_prob            :                                 0.5
initializer_range              :                                0.02
max_seq_length                 :                                  50
lr                             :                               0.001
batch_size                     :                                1024
epochs                         :                                 300
no_cuda                        :                                   0
log_freq                       :                                   1
seed                           :                                   1
cf_weight                      :                                 0.1
rec_weight                     :                                 1.0
weight_decay                   :                                 0.0
adam_beta1                     :                                 0.9
adam_beta2                     :                               0.999
cl                             :                                   1
multi_neg                      :                                   0
use_freq                       :                                   0
mask_strategy                  :                              random
contrast_anchor                :                                   0
aug_by_target                  :                             mid_low
cuda_condition                 :                                   1
data_file                      :      ./data/Sports_and_Outdoors.txt
item_size                      :                               18359
mask_id                        :                               18358
log_file                       : output/CoSeRec-Sports_and_Outdoors-single_cl_1024_only_aug_mid_low.txt
Similarity Model Type: offline
short sequence augment type: SIM
Augmentation methods for Long sequences: 5
Augmentation methods for short sequences: 3
Creating Contrastive Learning Dataset using 'random' data augmentation
Similarity Model Type: offline
short sequence augment type: SIM
Augmentation methods for Long sequences: 5
Augmentation methods for short sequences: 3
Creating Contrastive Learning Dataset using 'random' data augmentation
Similarity Model Type: offline
short sequence augment type: SIM
Augmentation methods for Long sequences: 5
Augmentation methods for short sequences: 3
Creating Contrastive Learning Dataset using 'random' data augmentation
Total Parameters: 1278464
self.cf_criterion: NCELoss
Train CoSeRec
rec dataset length: 186
100%|██████████████████████████████████████████████████████████████████████████████████████████████████████████████████████████████████████████████████| 186/186 [00:47<00:00,  3.89it/s]
{'epoch': 0, 'rec_avg_loss': '1.2922', 'joint_avg_loss': '2.0224', 'cl_avg_loss': '7.3025', 'itemcl_loss': '0.0000', 'cl_pair_0_loss': '7.3025'}
Recommendation EP_test:0: 100%|| 35/35 [00:07<00:00,  4.41it/s]
{'Epoch': 0, 'name': 'high_freq', 'HIT@5': '0.0110', 'NDCG@5': '0.0070', 'HIT@10': '0.0182', 'NDCG@10': '0.0093', 'HIT@20': '0.0270', 'NDCG@20': '0.0115'}
{'Epoch': 0, 'name': 'mid_freq', 'HIT@5': '0.0000', 'NDCG@5': '0.0000', 'HIT@10': '0.0000', 'NDCG@10': '0.0000', 'HIT@20': '0.0000', 'NDCG@20': '0.0000'}
{'Epoch': 0, 'name': 'low_freq', 'HIT@5': '0.0000', 'NDCG@5': '0.0000', 'HIT@10': '0.0000', 'NDCG@10': '0.0000', 'HIT@20': '0.0000', 'NDCG@20': '0.0000'}
{'Epoch': 0, 'name': 'all', 'HIT@5': '0.0075', 'NDCG@5': '0.0048', 'HIT@10': '0.0124', 'NDCG@10': '0.0063', 'HIT@20': '0.0183', 'NDCG@20': '0.0078'}
Validation score increased.  Saving model ...
rec dataset length: 186
100%|██████████████████████████████████████████████████████████████████████████████████████████████████████████████████████████████████████████████████| 186/186 [00:46<00:00,  3.99it/s]
{'epoch': 1, 'rec_avg_loss': '1.2001', 'joint_avg_loss': '1.7772', 'cl_avg_loss': '5.7709', 'itemcl_loss': '0.0000', 'cl_pair_0_loss': '5.7709'}
Recommendation EP_test:1: 100%|| 35/35 [00:07<00:00,  4.99it/s]
{'Epoch': 1, 'name': 'high_freq', 'HIT@5': '0.0124', 'NDCG@5': '0.0078', 'HIT@10': '0.0204', 'NDCG@10': '0.0104', 'HIT@20': '0.0331', 'NDCG@20': '0.0136'}
{'Epoch': 1, 'name': 'mid_freq', 'HIT@5': '0.0000', 'NDCG@5': '0.0000', 'HIT@10': '0.0000', 'NDCG@10': '0.0000', 'HIT@20': '0.0000', 'NDCG@20': '0.0000'}
{'Epoch': 1, 'name': 'low_freq', 'HIT@5': '0.0000', 'NDCG@5': '0.0000', 'HIT@10': '0.0000', 'NDCG@10': '0.0000', 'HIT@20': '0.0000', 'NDCG@20': '0.0000'}
{'Epoch': 1, 'name': 'all', 'HIT@5': '0.0084', 'NDCG@5': '0.0053', 'HIT@10': '0.0139', 'NDCG@10': '0.0071', 'HIT@20': '0.0225', 'NDCG@20': '0.0092'}
Validation score increased.  Saving model ...
rec dataset length: 186
100%|██████████████████████████████████████████████████████████████████████████████████████████████████████████████████████████████████████████████████| 186/186 [00:46<00:00,  3.99it/s]
{'epoch': 2, 'rec_avg_loss': '1.1729', 'joint_avg_loss': '1.6743', 'cl_avg_loss': '5.0135', 'itemcl_loss': '0.0000', 'cl_pair_0_loss': '5.0135'}
Recommendation EP_test:2: 100%|| 35/35 [00:07<00:00,  4.76it/s]
{'Epoch': 2, 'name': 'high_freq', 'HIT@5': '0.0125', 'NDCG@5': '0.0080', 'HIT@10': '0.0213', 'NDCG@10': '0.0108', 'HIT@20': '0.0321', 'NDCG@20': '0.0135'}
{'Epoch': 2, 'name': 'mid_freq', 'HIT@5': '0.0000', 'NDCG@5': '0.0000', 'HIT@10': '0.0000', 'NDCG@10': '0.0000', 'HIT@20': '0.0000', 'NDCG@20': '0.0000'}
{'Epoch': 2, 'name': 'low_freq', 'HIT@5': '0.0000', 'NDCG@5': '0.0000', 'HIT@10': '0.0000', 'NDCG@10': '0.0000', 'HIT@20': '0.0000', 'NDCG@20': '0.0000'}
{'Epoch': 2, 'name': 'all', 'HIT@5': '0.0085', 'NDCG@5': '0.0054', 'HIT@10': '0.0145', 'NDCG@10': '0.0074', 'HIT@20': '0.0219', 'NDCG@20': '0.0092'}
EarlyStopping counter: 1 out of 40
rec dataset length: 186
100%|██████████████████████████████████████████████████████████████████████████████████████████████████████████████████████████████████████████████████| 186/186 [00:46<00:00,  3.97it/s]
{'epoch': 3, 'rec_avg_loss': '1.1567', 'joint_avg_loss': '1.6200', 'cl_avg_loss': '4.6326', 'itemcl_loss': '0.0000', 'cl_pair_0_loss': '4.6326'}
Recommendation EP_test:3: 100%|| 35/35 [00:07<00:00,  4.59it/s]
{'Epoch': 3, 'name': 'high_freq', 'HIT@5': '0.0131', 'NDCG@5': '0.0082', 'HIT@10': '0.0210', 'NDCG@10': '0.0107', 'HIT@20': '0.0339', 'NDCG@20': '0.0140'}
{'Epoch': 3, 'name': 'mid_freq', 'HIT@5': '0.0000', 'NDCG@5': '0.0000', 'HIT@10': '0.0000', 'NDCG@10': '0.0000', 'HIT@20': '0.0000', 'NDCG@20': '0.0000'}
{'Epoch': 3, 'name': 'low_freq', 'HIT@5': '0.0000', 'NDCG@5': '0.0000', 'HIT@10': '0.0000', 'NDCG@10': '0.0000', 'HIT@20': '0.0000', 'NDCG@20': '0.0000'}
{'Epoch': 3, 'name': 'all', 'HIT@5': '0.0089', 'NDCG@5': '0.0056', 'HIT@10': '0.0143', 'NDCG@10': '0.0073', 'HIT@20': '0.0231', 'NDCG@20': '0.0095'}
Validation score increased.  Saving model ...
rec dataset length: 186
100%|██████████████████████████████████████████████████████████████████████████████████████████████████████████████████████████████████████████████████| 186/186 [00:46<00:00,  3.98it/s]
{'epoch': 4, 'rec_avg_loss': '1.1432', 'joint_avg_loss': '1.5771', 'cl_avg_loss': '4.3389', 'itemcl_loss': '0.0000', 'cl_pair_0_loss': '4.3389'}
Recommendation EP_test:4: 100%|| 35/35 [00:07<00:00,  4.50it/s]
{'Epoch': 4, 'name': 'high_freq', 'HIT@5': '0.0138', 'NDCG@5': '0.0083', 'HIT@10': '0.0220', 'NDCG@10': '0.0109', 'HIT@20': '0.0351', 'NDCG@20': '0.0142'}
{'Epoch': 4, 'name': 'mid_freq', 'HIT@5': '0.0000', 'NDCG@5': '0.0000', 'HIT@10': '0.0000', 'NDCG@10': '0.0000', 'HIT@20': '0.0000', 'NDCG@20': '0.0000'}
{'Epoch': 4, 'name': 'low_freq', 'HIT@5': '0.0000', 'NDCG@5': '0.0000', 'HIT@10': '0.0000', 'NDCG@10': '0.0000', 'HIT@20': '0.0000', 'NDCG@20': '0.0000'}
{'Epoch': 4, 'name': 'all', 'HIT@5': '0.0094', 'NDCG@5': '0.0056', 'HIT@10': '0.0150', 'NDCG@10': '0.0074', 'HIT@20': '0.0239', 'NDCG@20': '0.0097'}
Validation score increased.  Saving model ...
rec dataset length: 186
100%|██████████████████████████████████████████████████████████████████████████████████████████████████████████████████████████████████████████████████| 186/186 [00:46<00:00,  3.99it/s]
{'epoch': 5, 'rec_avg_loss': '1.1319', 'joint_avg_loss': '1.5476', 'cl_avg_loss': '4.1563', 'itemcl_loss': '0.0000', 'cl_pair_0_loss': '4.1563'}
Recommendation EP_test:5: 100%|| 35/35 [00:08<00:00,  4.02it/s]
{'Epoch': 5, 'name': 'high_freq', 'HIT@5': '0.0143', 'NDCG@5': '0.0088', 'HIT@10': '0.0216', 'NDCG@10': '0.0112', 'HIT@20': '0.0349', 'NDCG@20': '0.0145'}
{'Epoch': 5, 'name': 'mid_freq', 'HIT@5': '0.0000', 'NDCG@5': '0.0000', 'HIT@10': '0.0000', 'NDCG@10': '0.0000', 'HIT@20': '0.0000', 'NDCG@20': '0.0000'}
{'Epoch': 5, 'name': 'low_freq', 'HIT@5': '0.0000', 'NDCG@5': '0.0000', 'HIT@10': '0.0000', 'NDCG@10': '0.0000', 'HIT@20': '0.0000', 'NDCG@20': '0.0000'}
{'Epoch': 5, 'name': 'all', 'HIT@5': '0.0097', 'NDCG@5': '0.0060', 'HIT@10': '0.0147', 'NDCG@10': '0.0076', 'HIT@20': '0.0237', 'NDCG@20': '0.0098'}
Validation score increased.  Saving model ...
rec dataset length: 186
100%|██████████████████████████████████████████████████████████████████████████████████████████████████████████████████████████████████████████████████| 186/186 [00:46<00:00,  3.97it/s]
{'epoch': 6, 'rec_avg_loss': '1.1188', 'joint_avg_loss': '1.5171', 'cl_avg_loss': '3.9824', 'itemcl_loss': '0.0000', 'cl_pair_0_loss': '3.9824'}
Recommendation EP_test:6: 100%|| 35/35 [00:07<00:00,  4.41it/s]
{'Epoch': 6, 'name': 'high_freq', 'HIT@5': '0.0145', 'NDCG@5': '0.0090', 'HIT@10': '0.0231', 'NDCG@10': '0.0118', 'HIT@20': '0.0368', 'NDCG@20': '0.0152'}
{'Epoch': 6, 'name': 'mid_freq', 'HIT@5': '0.0000', 'NDCG@5': '0.0000', 'HIT@10': '0.0000', 'NDCG@10': '0.0000', 'HIT@20': '0.0000', 'NDCG@20': '0.0000'}
{'Epoch': 6, 'name': 'low_freq', 'HIT@5': '0.0000', 'NDCG@5': '0.0000', 'HIT@10': '0.0000', 'NDCG@10': '0.0000', 'HIT@20': '0.0000', 'NDCG@20': '0.0000'}
{'Epoch': 6, 'name': 'all', 'HIT@5': '0.0098', 'NDCG@5': '0.0061', 'HIT@10': '0.0157', 'NDCG@10': '0.0080', 'HIT@20': '0.0250', 'NDCG@20': '0.0103'}
Validation score increased.  Saving model ...
rec dataset length: 186
100%|██████████████████████████████████████████████████████████████████████████████████████████████████████████████████████████████████████████████████| 186/186 [00:46<00:00,  3.99it/s]
{'epoch': 7, 'rec_avg_loss': '1.1050', 'joint_avg_loss': '1.4904', 'cl_avg_loss': '3.8546', 'itemcl_loss': '0.0000', 'cl_pair_0_loss': '3.8546'}
Recommendation EP_test:7: 100%|| 35/35 [00:08<00:00,  4.36it/s]
{'Epoch': 7, 'name': 'high_freq', 'HIT@5': '0.0163', 'NDCG@5': '0.0102', 'HIT@10': '0.0258', 'NDCG@10': '0.0133', 'HIT@20': '0.0416', 'NDCG@20': '0.0172'}
{'Epoch': 7, 'name': 'mid_freq', 'HIT@5': '0.0000', 'NDCG@5': '0.0000', 'HIT@10': '0.0000', 'NDCG@10': '0.0000', 'HIT@20': '0.0000', 'NDCG@20': '0.0000'}
{'Epoch': 7, 'name': 'low_freq', 'HIT@5': '0.0000', 'NDCG@5': '0.0000', 'HIT@10': '0.0000', 'NDCG@10': '0.0000', 'HIT@20': '0.0000', 'NDCG@20': '0.0000'}
{'Epoch': 7, 'name': 'all', 'HIT@5': '0.0111', 'NDCG@5': '0.0070', 'HIT@10': '0.0176', 'NDCG@10': '0.0090', 'HIT@20': '0.0283', 'NDCG@20': '0.0117'}
Validation score increased.  Saving model ...
rec dataset length: 186
100%|██████████████████████████████████████████████████████████████████████████████████████████████████████████████████████████████████████████████████| 186/186 [00:46<00:00,  4.00it/s]
{'epoch': 8, 'rec_avg_loss': '1.0879', 'joint_avg_loss': '1.4627', 'cl_avg_loss': '3.7479', 'itemcl_loss': '0.0000', 'cl_pair_0_loss': '3.7479'}
Recommendation EP_test:8: 100%|| 35/35 [00:08<00:00,  4.25it/s]
{'Epoch': 8, 'name': 'high_freq', 'HIT@5': '0.0179', 'NDCG@5': '0.0114', 'HIT@10': '0.0277', 'NDCG@10': '0.0146', 'HIT@20': '0.0462', 'NDCG@20': '0.0192'}
{'Epoch': 8, 'name': 'mid_freq', 'HIT@5': '0.0000', 'NDCG@5': '0.0000', 'HIT@10': '0.0000', 'NDCG@10': '0.0000', 'HIT@20': '0.0000', 'NDCG@20': '0.0000'}
{'Epoch': 8, 'name': 'low_freq', 'HIT@5': '0.0000', 'NDCG@5': '0.0000', 'HIT@10': '0.0000', 'NDCG@10': '0.0000', 'HIT@20': '0.0000', 'NDCG@20': '0.0000'}
{'Epoch': 8, 'name': 'all', 'HIT@5': '0.0122', 'NDCG@5': '0.0078', 'HIT@10': '0.0188', 'NDCG@10': '0.0099', 'HIT@20': '0.0314', 'NDCG@20': '0.0131'}
Validation score increased.  Saving model ...
rec dataset length: 186
100%|██████████████████████████████████████████████████████████████████████████████████████████████████████████████████████████████████████████████████| 186/186 [00:46<00:00,  3.98it/s]
{'epoch': 9, 'rec_avg_loss': '1.0688', 'joint_avg_loss': '1.4346', 'cl_avg_loss': '3.6574', 'itemcl_loss': '0.0000', 'cl_pair_0_loss': '3.6574'}
Recommendation EP_test:9: 100%|| 35/35 [00:08<00:00,  4.33it/s]
{'Epoch': 9, 'name': 'high_freq', 'HIT@5': '0.0189', 'NDCG@5': '0.0118', 'HIT@10': '0.0314', 'NDCG@10': '0.0158', 'HIT@20': '0.0517', 'NDCG@20': '0.0209'}
{'Epoch': 9, 'name': 'mid_freq', 'HIT@5': '0.0000', 'NDCG@5': '0.0000', 'HIT@10': '0.0000', 'NDCG@10': '0.0000', 'HIT@20': '0.0000', 'NDCG@20': '0.0000'}
{'Epoch': 9, 'name': 'low_freq', 'HIT@5': '0.0000', 'NDCG@5': '0.0000', 'HIT@10': '0.0000', 'NDCG@10': '0.0000', 'HIT@20': '0.0000', 'NDCG@20': '0.0000'}
{'Epoch': 9, 'name': 'all', 'HIT@5': '0.0128', 'NDCG@5': '0.0080', 'HIT@10': '0.0214', 'NDCG@10': '0.0108', 'HIT@20': '0.0352', 'NDCG@20': '0.0142'}
Validation score increased.  Saving model ...
rec dataset length: 186
100%|██████████████████████████████████████████████████████████████████████████████████████████████████████████████████████████████████████████████████| 186/186 [00:46<00:00,  4.00it/s]
{'epoch': 10, 'rec_avg_loss': '1.0471', 'joint_avg_loss': '1.4029', 'cl_avg_loss': '3.5579', 'itemcl_loss': '0.0000', 'cl_pair_0_loss': '3.5579'}
Recommendation EP_test:10: 100%|| 35/35 [00:08<00:00,  4.15it/s]
{'Epoch': 10, 'name': 'high_freq', 'HIT@5': '0.0195', 'NDCG@5': '0.0122', 'HIT@10': '0.0343', 'NDCG@10': '0.0169', 'HIT@20': '0.0560', 'NDCG@20': '0.0223'}
{'Epoch': 10, 'name': 'mid_freq', 'HIT@5': '0.0000', 'NDCG@5': '0.0000', 'HIT@10': '0.0000', 'NDCG@10': '0.0000', 'HIT@20': '0.0000', 'NDCG@20': '0.0000'}
{'Epoch': 10, 'name': 'low_freq', 'HIT@5': '0.0000', 'NDCG@5': '0.0000', 'HIT@10': '0.0000', 'NDCG@10': '0.0000', 'HIT@20': '0.0000', 'NDCG@20': '0.0000'}
{'Epoch': 10, 'name': 'all', 'HIT@5': '0.0133', 'NDCG@5': '0.0083', 'HIT@10': '0.0233', 'NDCG@10': '0.0115', 'HIT@20': '0.0381', 'NDCG@20': '0.0152'}
Validation score increased.  Saving model ...
rec dataset length: 186
100%|██████████████████████████████████████████████████████████████████████████████████████████████████████████████████████████████████████████████████| 186/186 [00:46<00:00,  4.00it/s]
{'epoch': 11, 'rec_avg_loss': '1.0268', 'joint_avg_loss': '1.3747', 'cl_avg_loss': '3.4788', 'itemcl_loss': '0.0000', 'cl_pair_0_loss': '3.4788'}
Recommendation EP_test:11: 100%|| 35/35 [00:08<00:00,  4.10it/s]
{'Epoch': 11, 'name': 'high_freq', 'HIT@5': '0.0203', 'NDCG@5': '0.0128', 'HIT@10': '0.0355', 'NDCG@10': '0.0177', 'HIT@20': '0.0582', 'NDCG@20': '0.0234'}
{'Epoch': 11, 'name': 'mid_freq', 'HIT@5': '0.0000', 'NDCG@5': '0.0000', 'HIT@10': '0.0000', 'NDCG@10': '0.0000', 'HIT@20': '0.0000', 'NDCG@20': '0.0000'}
{'Epoch': 11, 'name': 'low_freq', 'HIT@5': '0.0000', 'NDCG@5': '0.0000', 'HIT@10': '0.0000', 'NDCG@10': '0.0000', 'HIT@20': '0.0000', 'NDCG@20': '0.0000'}
{'Epoch': 11, 'name': 'all', 'HIT@5': '0.0138', 'NDCG@5': '0.0087', 'HIT@10': '0.0242', 'NDCG@10': '0.0120', 'HIT@20': '0.0396', 'NDCG@20': '0.0159'}
Validation score increased.  Saving model ...
rec dataset length: 186
100%|██████████████████████████████████████████████████████████████████████████████████████████████████████████████████████████████████████████████████| 186/186 [00:46<00:00,  3.99it/s]
{'epoch': 12, 'rec_avg_loss': '1.0077', 'joint_avg_loss': '1.3513', 'cl_avg_loss': '3.4360', 'itemcl_loss': '0.0000', 'cl_pair_0_loss': '3.4360'}
Recommendation EP_test:12: 100%|| 35/35 [00:08<00:00,  4.14it/s]
{'Epoch': 12, 'name': 'high_freq', 'HIT@5': '0.0216', 'NDCG@5': '0.0137', 'HIT@10': '0.0364', 'NDCG@10': '0.0185', 'HIT@20': '0.0609', 'NDCG@20': '0.0247'}
{'Epoch': 12, 'name': 'mid_freq', 'HIT@5': '0.0000', 'NDCG@5': '0.0000', 'HIT@10': '0.0000', 'NDCG@10': '0.0000', 'HIT@20': '0.0000', 'NDCG@20': '0.0000'}
{'Epoch': 12, 'name': 'low_freq', 'HIT@5': '0.0000', 'NDCG@5': '0.0000', 'HIT@10': '0.0000', 'NDCG@10': '0.0000', 'HIT@20': '0.0000', 'NDCG@20': '0.0000'}
{'Epoch': 12, 'name': 'all', 'HIT@5': '0.0147', 'NDCG@5': '0.0093', 'HIT@10': '0.0248', 'NDCG@10': '0.0126', 'HIT@20': '0.0414', 'NDCG@20': '0.0168'}
Validation score increased.  Saving model ...
rec dataset length: 186
100%|██████████████████████████████████████████████████████████████████████████████████████████████████████████████████████████████████████████████████| 186/186 [00:46<00:00,  3.99it/s]
{'epoch': 13, 'rec_avg_loss': '0.9911', 'joint_avg_loss': '1.3300', 'cl_avg_loss': '3.3896', 'itemcl_loss': '0.0000', 'cl_pair_0_loss': '3.3896'}
Recommendation EP_test:13: 100%|| 35/35 [00:08<00:00,  4.09it/s]
{'Epoch': 13, 'name': 'high_freq', 'HIT@5': '0.0221', 'NDCG@5': '0.0143', 'HIT@10': '0.0385', 'NDCG@10': '0.0195', 'HIT@20': '0.0628', 'NDCG@20': '0.0256'}
{'Epoch': 13, 'name': 'mid_freq', 'HIT@5': '0.0000', 'NDCG@5': '0.0000', 'HIT@10': '0.0000', 'NDCG@10': '0.0000', 'HIT@20': '0.0000', 'NDCG@20': '0.0000'}
{'Epoch': 13, 'name': 'low_freq', 'HIT@5': '0.0000', 'NDCG@5': '0.0000', 'HIT@10': '0.0000', 'NDCG@10': '0.0000', 'HIT@20': '0.0000', 'NDCG@20': '0.0000'}
{'Epoch': 13, 'name': 'all', 'HIT@5': '0.0151', 'NDCG@5': '0.0097', 'HIT@10': '0.0262', 'NDCG@10': '0.0132', 'HIT@20': '0.0427', 'NDCG@20': '0.0174'}
Validation score increased.  Saving model ...
rec dataset length: 186
100%|██████████████████████████████████████████████████████████████████████████████████████████████████████████████████████████████████████████████████| 186/186 [00:46<00:00,  4.00it/s]
{'epoch': 14, 'rec_avg_loss': '0.9729', 'joint_avg_loss': '1.3070', 'cl_avg_loss': '3.3415', 'itemcl_loss': '0.0000', 'cl_pair_0_loss': '3.3415'}
Recommendation EP_test:14: 100%|| 35/35 [00:08<00:00,  4.18it/s]
{'Epoch': 14, 'name': 'high_freq', 'HIT@5': '0.0235', 'NDCG@5': '0.0151', 'HIT@10': '0.0403', 'NDCG@10': '0.0205', 'HIT@20': '0.0649', 'NDCG@20': '0.0267'}
{'Epoch': 14, 'name': 'mid_freq', 'HIT@5': '0.0000', 'NDCG@5': '0.0000', 'HIT@10': '0.0000', 'NDCG@10': '0.0000', 'HIT@20': '0.0000', 'NDCG@20': '0.0000'}
{'Epoch': 14, 'name': 'low_freq', 'HIT@5': '0.0000', 'NDCG@5': '0.0000', 'HIT@10': '0.0000', 'NDCG@10': '0.0000', 'HIT@20': '0.0000', 'NDCG@20': '0.0000'}
{'Epoch': 14, 'name': 'all', 'HIT@5': '0.0160', 'NDCG@5': '0.0102', 'HIT@10': '0.0274', 'NDCG@10': '0.0139', 'HIT@20': '0.0441', 'NDCG@20': '0.0181'}
Validation score increased.  Saving model ...
rec dataset length: 186
100%|██████████████████████████████████████████████████████████████████████████████████████████████████████████████████████████████████████████████████| 186/186 [00:46<00:00,  3.99it/s]
{'epoch': 15, 'rec_avg_loss': '0.9554', 'joint_avg_loss': '1.2878', 'cl_avg_loss': '3.3236', 'itemcl_loss': '0.0000', 'cl_pair_0_loss': '3.3236'}
Recommendation EP_test:15: 100%|| 35/35 [00:08<00:00,  4.09it/s]
{'Epoch': 15, 'name': 'high_freq', 'HIT@5': '0.0249', 'NDCG@5': '0.0159', 'HIT@10': '0.0422', 'NDCG@10': '0.0214', 'HIT@20': '0.0685', 'NDCG@20': '0.0280'}
{'Epoch': 15, 'name': 'mid_freq', 'HIT@5': '0.0000', 'NDCG@5': '0.0000', 'HIT@10': '0.0000', 'NDCG@10': '0.0000', 'HIT@20': '0.0000', 'NDCG@20': '0.0000'}
{'Epoch': 15, 'name': 'low_freq', 'HIT@5': '0.0000', 'NDCG@5': '0.0000', 'HIT@10': '0.0000', 'NDCG@10': '0.0000', 'HIT@20': '0.0000', 'NDCG@20': '0.0000'}
{'Epoch': 15, 'name': 'all', 'HIT@5': '0.0169', 'NDCG@5': '0.0108', 'HIT@10': '0.0287', 'NDCG@10': '0.0146', 'HIT@20': '0.0466', 'NDCG@20': '0.0190'}
Validation score increased.  Saving model ...
rec dataset length: 186
100%|██████████████████████████████████████████████████████████████████████████████████████████████████████████████████████████████████████████████████| 186/186 [00:46<00:00,  3.97it/s]
{'epoch': 16, 'rec_avg_loss': '0.9404', 'joint_avg_loss': '1.2686', 'cl_avg_loss': '3.2817', 'itemcl_loss': '0.0000', 'cl_pair_0_loss': '3.2817'}
Recommendation EP_test:16: 100%|| 35/35 [00:08<00:00,  4.17it/s]
{'Epoch': 16, 'name': 'high_freq', 'HIT@5': '0.0255', 'NDCG@5': '0.0160', 'HIT@10': '0.0421', 'NDCG@10': '0.0213', 'HIT@20': '0.0698', 'NDCG@20': '0.0283'}
{'Epoch': 16, 'name': 'mid_freq', 'HIT@5': '0.0000', 'NDCG@5': '0.0000', 'HIT@10': '0.0000', 'NDCG@10': '0.0000', 'HIT@20': '0.0000', 'NDCG@20': '0.0000'}
{'Epoch': 16, 'name': 'low_freq', 'HIT@5': '0.0000', 'NDCG@5': '0.0000', 'HIT@10': '0.0000', 'NDCG@10': '0.0000', 'HIT@20': '0.0000', 'NDCG@20': '0.0000'}
{'Epoch': 16, 'name': 'all', 'HIT@5': '0.0174', 'NDCG@5': '0.0109', 'HIT@10': '0.0287', 'NDCG@10': '0.0145', 'HIT@20': '0.0475', 'NDCG@20': '0.0192'}
Validation score increased.  Saving model ...
rec dataset length: 186
100%|██████████████████████████████████████████████████████████████████████████████████████████████████████████████████████████████████████████████████| 186/186 [00:46<00:00,  4.00it/s]
{'epoch': 17, 'rec_avg_loss': '0.9256', 'joint_avg_loss': '1.2498', 'cl_avg_loss': '3.2421', 'itemcl_loss': '0.0000', 'cl_pair_0_loss': '3.2421'}
Recommendation EP_test:17: 100%|| 35/35 [00:08<00:00,  4.19it/s]
{'Epoch': 17, 'name': 'high_freq', 'HIT@5': '0.0279', 'NDCG@5': '0.0176', 'HIT@10': '0.0449', 'NDCG@10': '0.0230', 'HIT@20': '0.0727', 'NDCG@20': '0.0300'}
{'Epoch': 17, 'name': 'mid_freq', 'HIT@5': '0.0000', 'NDCG@5': '0.0000', 'HIT@10': '0.0000', 'NDCG@10': '0.0000', 'HIT@20': '0.0000', 'NDCG@20': '0.0000'}
{'Epoch': 17, 'name': 'low_freq', 'HIT@5': '0.0000', 'NDCG@5': '0.0000', 'HIT@10': '0.0000', 'NDCG@10': '0.0000', 'HIT@20': '0.0000', 'NDCG@20': '0.0000'}
{'Epoch': 17, 'name': 'all', 'HIT@5': '0.0190', 'NDCG@5': '0.0119', 'HIT@10': '0.0305', 'NDCG@10': '0.0156', 'HIT@20': '0.0495', 'NDCG@20': '0.0204'}
Validation score increased.  Saving model ...
rec dataset length: 186
100%|██████████████████████████████████████████████████████████████████████████████████████████████████████████████████████████████████████████████████| 186/186 [00:46<00:00,  4.00it/s]
{'epoch': 18, 'rec_avg_loss': '0.9151', 'joint_avg_loss': '1.2370', 'cl_avg_loss': '3.2190', 'itemcl_loss': '0.0000', 'cl_pair_0_loss': '3.2190'}
Recommendation EP_test:18: 100%|| 35/35 [00:08<00:00,  4.15it/s]
{'Epoch': 18, 'name': 'high_freq', 'HIT@5': '0.0270', 'NDCG@5': '0.0173', 'HIT@10': '0.0463', 'NDCG@10': '0.0235', 'HIT@20': '0.0734', 'NDCG@20': '0.0303'}
{'Epoch': 18, 'name': 'mid_freq', 'HIT@5': '0.0000', 'NDCG@5': '0.0000', 'HIT@10': '0.0003', 'NDCG@10': '0.0001', 'HIT@20': '0.0003', 'NDCG@20': '0.0001'}
{'Epoch': 18, 'name': 'low_freq', 'HIT@5': '0.0000', 'NDCG@5': '0.0000', 'HIT@10': '0.0000', 'NDCG@10': '0.0000', 'HIT@20': '0.0000', 'NDCG@20': '0.0000'}
{'Epoch': 18, 'name': 'all', 'HIT@5': '0.0184', 'NDCG@5': '0.0118', 'HIT@10': '0.0316', 'NDCG@10': '0.0160', 'HIT@20': '0.0500', 'NDCG@20': '0.0206'}
Validation score increased.  Saving model ...
rec dataset length: 186
100%|██████████████████████████████████████████████████████████████████████████████████████████████████████████████████████████████████████████████████| 186/186 [00:46<00:00,  3.98it/s]
{'epoch': 19, 'rec_avg_loss': '0.9003', 'joint_avg_loss': '1.2202', 'cl_avg_loss': '3.1993', 'itemcl_loss': '0.0000', 'cl_pair_0_loss': '3.1993'}
Recommendation EP_test:19: 100%|| 35/35 [00:08<00:00,  4.20it/s]
{'Epoch': 19, 'name': 'high_freq', 'HIT@5': '0.0291', 'NDCG@5': '0.0181', 'HIT@10': '0.0493', 'NDCG@10': '0.0246', 'HIT@20': '0.0776', 'NDCG@20': '0.0317'}
{'Epoch': 19, 'name': 'mid_freq', 'HIT@5': '0.0001', 'NDCG@5': '0.0001', 'HIT@10': '0.0003', 'NDCG@10': '0.0001', 'HIT@20': '0.0004', 'NDCG@20': '0.0001'}
{'Epoch': 19, 'name': 'low_freq', 'HIT@5': '0.0000', 'NDCG@5': '0.0000', 'HIT@10': '0.0000', 'NDCG@10': '0.0000', 'HIT@20': '0.0000', 'NDCG@20': '0.0000'}
{'Epoch': 19, 'name': 'all', 'HIT@5': '0.0198', 'NDCG@5': '0.0123', 'HIT@10': '0.0336', 'NDCG@10': '0.0167', 'HIT@20': '0.0529', 'NDCG@20': '0.0216'}
Validation score increased.  Saving model ...
rec dataset length: 186
100%|██████████████████████████████████████████████████████████████████████████████████████████████████████████████████████████████████████████████████| 186/186 [00:46<00:00,  3.99it/s]
{'epoch': 20, 'rec_avg_loss': '0.8876', 'joint_avg_loss': '1.2045', 'cl_avg_loss': '3.1697', 'itemcl_loss': '0.0000', 'cl_pair_0_loss': '3.1697'}
Recommendation EP_test:20: 100%|| 35/35 [00:08<00:00,  4.30it/s]
{'Epoch': 20, 'name': 'high_freq', 'HIT@5': '0.0280', 'NDCG@5': '0.0173', 'HIT@10': '0.0485', 'NDCG@10': '0.0239', 'HIT@20': '0.0769', 'NDCG@20': '0.0310'}
{'Epoch': 20, 'name': 'mid_freq', 'HIT@5': '0.0003', 'NDCG@5': '0.0001', 'HIT@10': '0.0004', 'NDCG@10': '0.0002', 'HIT@20': '0.0004', 'NDCG@20': '0.0002'}
{'Epoch': 20, 'name': 'low_freq', 'HIT@5': '0.0000', 'NDCG@5': '0.0000', 'HIT@10': '0.0000', 'NDCG@10': '0.0000', 'HIT@20': '0.0000', 'NDCG@20': '0.0000'}
{'Epoch': 20, 'name': 'all', 'HIT@5': '0.0191', 'NDCG@5': '0.0118', 'HIT@10': '0.0331', 'NDCG@10': '0.0163', 'HIT@20': '0.0524', 'NDCG@20': '0.0211'}
EarlyStopping counter: 1 out of 40
rec dataset length: 186
100%|██████████████████████████████████████████████████████████████████████████████████████████████████████████████████████████████████████████████████| 186/186 [00:46<00:00,  3.99it/s]
{'epoch': 21, 'rec_avg_loss': '0.8742', 'joint_avg_loss': '1.1846', 'cl_avg_loss': '3.1041', 'itemcl_loss': '0.0000', 'cl_pair_0_loss': '3.1041'}
Recommendation EP_test:21: 100%|| 35/35 [00:08<00:00,  4.26it/s]
{'Epoch': 21, 'name': 'high_freq', 'HIT@5': '0.0304', 'NDCG@5': '0.0190', 'HIT@10': '0.0499', 'NDCG@10': '0.0253', 'HIT@20': '0.0800', 'NDCG@20': '0.0329'}
{'Epoch': 21, 'name': 'mid_freq', 'HIT@5': '0.0000', 'NDCG@5': '0.0000', 'HIT@10': '0.0004', 'NDCG@10': '0.0001', 'HIT@20': '0.0004', 'NDCG@20': '0.0001'}
{'Epoch': 21, 'name': 'low_freq', 'HIT@5': '0.0000', 'NDCG@5': '0.0000', 'HIT@10': '0.0000', 'NDCG@10': '0.0000', 'HIT@20': '0.0000', 'NDCG@20': '0.0000'}
{'Epoch': 21, 'name': 'all', 'HIT@5': '0.0207', 'NDCG@5': '0.0129', 'HIT@10': '0.0340', 'NDCG@10': '0.0172', 'HIT@20': '0.0545', 'NDCG@20': '0.0224'}
Validation score increased.  Saving model ...
rec dataset length: 186
100%|██████████████████████████████████████████████████████████████████████████████████████████████████████████████████████████████████████████████████| 186/186 [00:46<00:00,  3.98it/s]
{'epoch': 22, 'rec_avg_loss': '0.8635', 'joint_avg_loss': '1.1748', 'cl_avg_loss': '3.1139', 'itemcl_loss': '0.0000', 'cl_pair_0_loss': '3.1139'}
Recommendation EP_test:22: 100%|| 35/35 [00:08<00:00,  4.27it/s]
{'Epoch': 22, 'name': 'high_freq', 'HIT@5': '0.0296', 'NDCG@5': '0.0187', 'HIT@10': '0.0517', 'NDCG@10': '0.0258', 'HIT@20': '0.0818', 'NDCG@20': '0.0334'}
{'Epoch': 22, 'name': 'mid_freq', 'HIT@5': '0.0000', 'NDCG@5': '0.0000', 'HIT@10': '0.0001', 'NDCG@10': '0.0000', 'HIT@20': '0.0006', 'NDCG@20': '0.0002'}
{'Epoch': 22, 'name': 'low_freq', 'HIT@5': '0.0000', 'NDCG@5': '0.0000', 'HIT@10': '0.0000', 'NDCG@10': '0.0000', 'HIT@20': '0.0000', 'NDCG@20': '0.0000'}
{'Epoch': 22, 'name': 'all', 'HIT@5': '0.0201', 'NDCG@5': '0.0127', 'HIT@10': '0.0352', 'NDCG@10': '0.0176', 'HIT@20': '0.0558', 'NDCG@20': '0.0228'}
Validation score increased.  Saving model ...
rec dataset length: 186
100%|██████████████████████████████████████████████████████████████████████████████████████████████████████████████████████████████████████████████████| 186/186 [00:46<00:00,  3.98it/s]
{'epoch': 23, 'rec_avg_loss': '0.8521', 'joint_avg_loss': '1.1588', 'cl_avg_loss': '3.0666', 'itemcl_loss': '0.0000', 'cl_pair_0_loss': '3.0666'}
Recommendation EP_test:23: 100%|| 35/35 [00:08<00:00,  4.27it/s]
{'Epoch': 23, 'name': 'high_freq', 'HIT@5': '0.0311', 'NDCG@5': '0.0194', 'HIT@10': '0.0527', 'NDCG@10': '0.0263', 'HIT@20': '0.0822', 'NDCG@20': '0.0338'}
{'Epoch': 23, 'name': 'mid_freq', 'HIT@5': '0.0001', 'NDCG@5': '0.0001', 'HIT@10': '0.0003', 'NDCG@10': '0.0001', 'HIT@20': '0.0004', 'NDCG@20': '0.0001'}
{'Epoch': 23, 'name': 'low_freq', 'HIT@5': '0.0000', 'NDCG@5': '0.0000', 'HIT@10': '0.0000', 'NDCG@10': '0.0000', 'HIT@20': '0.0000', 'NDCG@20': '0.0000'}
{'Epoch': 23, 'name': 'all', 'HIT@5': '0.0212', 'NDCG@5': '0.0132', 'HIT@10': '0.0359', 'NDCG@10': '0.0179', 'HIT@20': '0.0560', 'NDCG@20': '0.0230'}
Validation score increased.  Saving model ...
rec dataset length: 186
100%|██████████████████████████████████████████████████████████████████████████████████████████████████████████████████████████████████████████████████| 186/186 [00:46<00:00,  4.00it/s]
{'epoch': 24, 'rec_avg_loss': '0.8404', 'joint_avg_loss': '1.1444', 'cl_avg_loss': '3.0404', 'itemcl_loss': '0.0000', 'cl_pair_0_loss': '3.0404'}
Recommendation EP_test:24: 100%|| 35/35 [00:08<00:00,  4.32it/s]
{'Epoch': 24, 'name': 'high_freq', 'HIT@5': '0.0320', 'NDCG@5': '0.0203', 'HIT@10': '0.0530', 'NDCG@10': '0.0271', 'HIT@20': '0.0831', 'NDCG@20': '0.0346'}
{'Epoch': 24, 'name': 'mid_freq', 'HIT@5': '0.0000', 'NDCG@5': '0.0000', 'HIT@10': '0.0001', 'NDCG@10': '0.0000', 'HIT@20': '0.0004', 'NDCG@20': '0.0001'}
{'Epoch': 24, 'name': 'low_freq', 'HIT@5': '0.0000', 'NDCG@5': '0.0000', 'HIT@10': '0.0000', 'NDCG@10': '0.0000', 'HIT@20': '0.0000', 'NDCG@20': '0.0000'}
{'Epoch': 24, 'name': 'all', 'HIT@5': '0.0218', 'NDCG@5': '0.0138', 'HIT@10': '0.0361', 'NDCG@10': '0.0184', 'HIT@20': '0.0566', 'NDCG@20': '0.0236'}
Validation score increased.  Saving model ...
rec dataset length: 186
100%|██████████████████████████████████████████████████████████████████████████████████████████████████████████████████████████████████████████████████| 186/186 [00:46<00:00,  4.00it/s]
{'epoch': 25, 'rec_avg_loss': '0.8312', 'joint_avg_loss': '1.1344', 'cl_avg_loss': '3.0322', 'itemcl_loss': '0.0000', 'cl_pair_0_loss': '3.0322'}
Recommendation EP_test:25: 100%|| 35/35 [00:08<00:00,  4.21it/s]
{'Epoch': 25, 'name': 'high_freq', 'HIT@5': '0.0326', 'NDCG@5': '0.0204', 'HIT@10': '0.0549', 'NDCG@10': '0.0276', 'HIT@20': '0.0849', 'NDCG@20': '0.0351'}
{'Epoch': 25, 'name': 'mid_freq', 'HIT@5': '0.0000', 'NDCG@5': '0.0000', 'HIT@10': '0.0001', 'NDCG@10': '0.0000', 'HIT@20': '0.0006', 'NDCG@20': '0.0001'}
{'Epoch': 25, 'name': 'low_freq', 'HIT@5': '0.0000', 'NDCG@5': '0.0000', 'HIT@10': '0.0000', 'NDCG@10': '0.0000', 'HIT@20': '0.0000', 'NDCG@20': '0.0000'}
{'Epoch': 25, 'name': 'all', 'HIT@5': '0.0222', 'NDCG@5': '0.0139', 'HIT@10': '0.0374', 'NDCG@10': '0.0188', 'HIT@20': '0.0579', 'NDCG@20': '0.0239'}
Validation score increased.  Saving model ...
rec dataset length: 186
100%|██████████████████████████████████████████████████████████████████████████████████████████████████████████████████████████████████████████████████| 186/186 [00:46<00:00,  3.99it/s]
{'epoch': 26, 'rec_avg_loss': '0.8230', 'joint_avg_loss': '1.1236', 'cl_avg_loss': '3.0058', 'itemcl_loss': '0.0000', 'cl_pair_0_loss': '3.0058'}
Recommendation EP_test:26: 100%|| 35/35 [00:08<00:00,  4.17it/s]
{'Epoch': 26, 'name': 'high_freq', 'HIT@5': '0.0322', 'NDCG@5': '0.0200', 'HIT@10': '0.0539', 'NDCG@10': '0.0270', 'HIT@20': '0.0853', 'NDCG@20': '0.0348'}
{'Epoch': 26, 'name': 'mid_freq', 'HIT@5': '0.0000', 'NDCG@5': '0.0000', 'HIT@10': '0.0001', 'NDCG@10': '0.0000', 'HIT@20': '0.0006', 'NDCG@20': '0.0002'}
{'Epoch': 26, 'name': 'low_freq', 'HIT@5': '0.0000', 'NDCG@5': '0.0000', 'HIT@10': '0.0000', 'NDCG@10': '0.0000', 'HIT@20': '0.0000', 'NDCG@20': '0.0000'}
{'Epoch': 26, 'name': 'all', 'HIT@5': '0.0219', 'NDCG@5': '0.0136', 'HIT@10': '0.0367', 'NDCG@10': '0.0183', 'HIT@20': '0.0581', 'NDCG@20': '0.0237'}
EarlyStopping counter: 1 out of 40
rec dataset length: 186
100%|██████████████████████████████████████████████████████████████████████████████████████████████████████████████████████████████████████████████████| 186/186 [00:46<00:00,  4.00it/s]
{'epoch': 27, 'rec_avg_loss': '0.8136', 'joint_avg_loss': '1.1111', 'cl_avg_loss': '2.9747', 'itemcl_loss': '0.0000', 'cl_pair_0_loss': '2.9747'}
Recommendation EP_test:27: 100%|| 35/35 [00:08<00:00,  4.22it/s]
{'Epoch': 27, 'name': 'high_freq', 'HIT@5': '0.0322', 'NDCG@5': '0.0200', 'HIT@10': '0.0555', 'NDCG@10': '0.0275', 'HIT@20': '0.0870', 'NDCG@20': '0.0355'}
{'Epoch': 27, 'name': 'mid_freq', 'HIT@5': '0.0000', 'NDCG@5': '0.0000', 'HIT@10': '0.0001', 'NDCG@10': '0.0000', 'HIT@20': '0.0004', 'NDCG@20': '0.0001'}
{'Epoch': 27, 'name': 'low_freq', 'HIT@5': '0.0000', 'NDCG@5': '0.0000', 'HIT@10': '0.0000', 'NDCG@10': '0.0000', 'HIT@20': '0.0000', 'NDCG@20': '0.0000'}
{'Epoch': 27, 'name': 'all', 'HIT@5': '0.0219', 'NDCG@5': '0.0136', 'HIT@10': '0.0378', 'NDCG@10': '0.0187', 'HIT@20': '0.0592', 'NDCG@20': '0.0241'}
Validation score increased.  Saving model ...
rec dataset length: 186
100%|██████████████████████████████████████████████████████████████████████████████████████████████████████████████████████████████████████████████████| 186/186 [00:46<00:00,  4.00it/s]
{'epoch': 28, 'rec_avg_loss': '0.8051', 'joint_avg_loss': '1.0998', 'cl_avg_loss': '2.9469', 'itemcl_loss': '0.0000', 'cl_pair_0_loss': '2.9469'}
Recommendation EP_test:28: 100%|| 35/35 [00:08<00:00,  4.19it/s]
{'Epoch': 28, 'name': 'high_freq', 'HIT@5': '0.0349', 'NDCG@5': '0.0214', 'HIT@10': '0.0571', 'NDCG@10': '0.0285', 'HIT@20': '0.0886', 'NDCG@20': '0.0364'}
{'Epoch': 28, 'name': 'mid_freq', 'HIT@5': '0.0003', 'NDCG@5': '0.0002', 'HIT@10': '0.0006', 'NDCG@10': '0.0002', 'HIT@20': '0.0009', 'NDCG@20': '0.0003'}
{'Epoch': 28, 'name': 'low_freq', 'HIT@5': '0.0000', 'NDCG@5': '0.0000', 'HIT@10': '0.0000', 'NDCG@10': '0.0000', 'HIT@20': '0.0000', 'NDCG@20': '0.0000'}
{'Epoch': 28, 'name': 'all', 'HIT@5': '0.0238', 'NDCG@5': '0.0146', 'HIT@10': '0.0389', 'NDCG@10': '0.0194', 'HIT@20': '0.0604', 'NDCG@20': '0.0248'}
Validation score increased.  Saving model ...
rec dataset length: 186
100%|██████████████████████████████████████████████████████████████████████████████████████████████████████████████████████████████████████████████████| 186/186 [00:46<00:00,  4.00it/s]
{'epoch': 29, 'rec_avg_loss': '0.7936', 'joint_avg_loss': '1.0874', 'cl_avg_loss': '2.9382', 'itemcl_loss': '0.0000', 'cl_pair_0_loss': '2.9382'}
Recommendation EP_test:29: 100%|| 35/35 [00:08<00:00,  4.17it/s]
{'Epoch': 29, 'name': 'high_freq', 'HIT@5': '0.0346', 'NDCG@5': '0.0215', 'HIT@10': '0.0562', 'NDCG@10': '0.0284', 'HIT@20': '0.0891', 'NDCG@20': '0.0367'}
{'Epoch': 29, 'name': 'mid_freq', 'HIT@5': '0.0003', 'NDCG@5': '0.0001', 'HIT@10': '0.0003', 'NDCG@10': '0.0001', 'HIT@20': '0.0011', 'NDCG@20': '0.0003'}
{'Epoch': 29, 'name': 'low_freq', 'HIT@5': '0.0000', 'NDCG@5': '0.0000', 'HIT@10': '0.0000', 'NDCG@10': '0.0000', 'HIT@20': '0.0000', 'NDCG@20': '0.0000'}
{'Epoch': 29, 'name': 'all', 'HIT@5': '0.0236', 'NDCG@5': '0.0146', 'HIT@10': '0.0383', 'NDCG@10': '0.0194', 'HIT@20': '0.0608', 'NDCG@20': '0.0250'}
Validation score increased.  Saving model ...
rec dataset length: 186
100%|██████████████████████████████████████████████████████████████████████████████████████████████████████████████████████████████████████████████████| 186/186 [00:46<00:00,  3.99it/s]
{'epoch': 30, 'rec_avg_loss': '0.7863', 'joint_avg_loss': '1.0788', 'cl_avg_loss': '2.9246', 'itemcl_loss': '0.0000', 'cl_pair_0_loss': '2.9246'}
Recommendation EP_test:30: 100%|| 35/35 [00:08<00:00,  4.18it/s]
{'Epoch': 30, 'name': 'high_freq', 'HIT@5': '0.0354', 'NDCG@5': '0.0224', 'HIT@10': '0.0579', 'NDCG@10': '0.0297', 'HIT@20': '0.0906', 'NDCG@20': '0.0378'}
{'Epoch': 30, 'name': 'mid_freq', 'HIT@5': '0.0001', 'NDCG@5': '0.0001', 'HIT@10': '0.0001', 'NDCG@10': '0.0001', 'HIT@20': '0.0006', 'NDCG@20': '0.0002'}
{'Epoch': 30, 'name': 'low_freq', 'HIT@5': '0.0000', 'NDCG@5': '0.0000', 'HIT@10': '0.0000', 'NDCG@10': '0.0000', 'HIT@20': '0.0000', 'NDCG@20': '0.0000'}
{'Epoch': 30, 'name': 'all', 'HIT@5': '0.0241', 'NDCG@5': '0.0153', 'HIT@10': '0.0394', 'NDCG@10': '0.0202', 'HIT@20': '0.0617', 'NDCG@20': '0.0258'}
Validation score increased.  Saving model ...
rec dataset length: 186
100%|██████████████████████████████████████████████████████████████████████████████████████████████████████████████████████████████████████████████████| 186/186 [00:46<00:00,  4.01it/s]
{'epoch': 31, 'rec_avg_loss': '0.7779', 'joint_avg_loss': '1.0670', 'cl_avg_loss': '2.8903', 'itemcl_loss': '0.0000', 'cl_pair_0_loss': '2.8903'}
Recommendation EP_test:31: 100%|| 35/35 [00:08<00:00,  4.19it/s]
{'Epoch': 31, 'name': 'high_freq', 'HIT@5': '0.0354', 'NDCG@5': '0.0222', 'HIT@10': '0.0568', 'NDCG@10': '0.0290', 'HIT@20': '0.0906', 'NDCG@20': '0.0375'}
{'Epoch': 31, 'name': 'mid_freq', 'HIT@5': '0.0003', 'NDCG@5': '0.0002', 'HIT@10': '0.0004', 'NDCG@10': '0.0002', 'HIT@20': '0.0014', 'NDCG@20': '0.0005'}
{'Epoch': 31, 'name': 'low_freq', 'HIT@5': '0.0000', 'NDCG@5': '0.0000', 'HIT@10': '0.0000', 'NDCG@10': '0.0000', 'HIT@20': '0.0000', 'NDCG@20': '0.0000'}
{'Epoch': 31, 'name': 'all', 'HIT@5': '0.0242', 'NDCG@5': '0.0151', 'HIT@10': '0.0387', 'NDCG@10': '0.0198', 'HIT@20': '0.0619', 'NDCG@20': '0.0256'}
EarlyStopping counter: 1 out of 40
rec dataset length: 186
100%|██████████████████████████████████████████████████████████████████████████████████████████████████████████████████████████████████████████████████| 186/186 [00:46<00:00,  4.00it/s]
{'epoch': 32, 'rec_avg_loss': '0.7694', 'joint_avg_loss': '1.0576', 'cl_avg_loss': '2.8820', 'itemcl_loss': '0.0000', 'cl_pair_0_loss': '2.8820'}
Recommendation EP_test:32: 100%|| 35/35 [00:08<00:00,  4.27it/s]
{'Epoch': 32, 'name': 'high_freq', 'HIT@5': '0.0365', 'NDCG@5': '0.0230', 'HIT@10': '0.0582', 'NDCG@10': '0.0300', 'HIT@20': '0.0914', 'NDCG@20': '0.0383'}
{'Epoch': 32, 'name': 'mid_freq', 'HIT@5': '0.0003', 'NDCG@5': '0.0002', 'HIT@10': '0.0006', 'NDCG@10': '0.0003', 'HIT@20': '0.0017', 'NDCG@20': '0.0005'}
{'Epoch': 32, 'name': 'low_freq', 'HIT@5': '0.0000', 'NDCG@5': '0.0000', 'HIT@10': '0.0000', 'NDCG@10': '0.0000', 'HIT@20': '0.0002', 'NDCG@20': '0.0001'}
{'Epoch': 32, 'name': 'all', 'HIT@5': '0.0249', 'NDCG@5': '0.0157', 'HIT@10': '0.0397', 'NDCG@10': '0.0205', 'HIT@20': '0.0626', 'NDCG@20': '0.0262'}
Validation score increased.  Saving model ...
rec dataset length: 186
100%|██████████████████████████████████████████████████████████████████████████████████████████████████████████████████████████████████████████████████| 186/186 [00:46<00:00,  4.01it/s]
{'epoch': 33, 'rec_avg_loss': '0.7632', 'joint_avg_loss': '1.0497', 'cl_avg_loss': '2.8644', 'itemcl_loss': '0.0000', 'cl_pair_0_loss': '2.8644'}
Recommendation EP_test:33: 100%|| 35/35 [00:08<00:00,  4.19it/s]
{'Epoch': 33, 'name': 'high_freq', 'HIT@5': '0.0354', 'NDCG@5': '0.0226', 'HIT@10': '0.0593', 'NDCG@10': '0.0303', 'HIT@20': '0.0905', 'NDCG@20': '0.0381'}
{'Epoch': 33, 'name': 'mid_freq', 'HIT@5': '0.0003', 'NDCG@5': '0.0001', 'HIT@10': '0.0004', 'NDCG@10': '0.0002', 'HIT@20': '0.0022', 'NDCG@20': '0.0006'}
{'Epoch': 33, 'name': 'low_freq', 'HIT@5': '0.0000', 'NDCG@5': '0.0000', 'HIT@10': '0.0000', 'NDCG@10': '0.0000', 'HIT@20': '0.0000', 'NDCG@20': '0.0000'}
{'Epoch': 33, 'name': 'all', 'HIT@5': '0.0242', 'NDCG@5': '0.0154', 'HIT@10': '0.0404', 'NDCG@10': '0.0206', 'HIT@20': '0.0620', 'NDCG@20': '0.0260'}
EarlyStopping counter: 1 out of 40
rec dataset length: 186
100%|██████████████████████████████████████████████████████████████████████████████████████████████████████████████████████████████████████████████████| 186/186 [00:46<00:00,  4.01it/s]
{'epoch': 34, 'rec_avg_loss': '0.7567', 'joint_avg_loss': '1.0401', 'cl_avg_loss': '2.8340', 'itemcl_loss': '0.0000', 'cl_pair_0_loss': '2.8340'}
Recommendation EP_test:34: 100%|| 35/35 [00:08<00:00,  4.22it/s]
{'Epoch': 34, 'name': 'high_freq', 'HIT@5': '0.0358', 'NDCG@5': '0.0227', 'HIT@10': '0.0574', 'NDCG@10': '0.0296', 'HIT@20': '0.0903', 'NDCG@20': '0.0379'}
{'Epoch': 34, 'name': 'mid_freq', 'HIT@5': '0.0003', 'NDCG@5': '0.0001', 'HIT@10': '0.0006', 'NDCG@10': '0.0002', 'HIT@20': '0.0016', 'NDCG@20': '0.0005'}
{'Epoch': 34, 'name': 'low_freq', 'HIT@5': '0.0000', 'NDCG@5': '0.0000', 'HIT@10': '0.0000', 'NDCG@10': '0.0000', 'HIT@20': '0.0000', 'NDCG@20': '0.0000'}
{'Epoch': 34, 'name': 'all', 'HIT@5': '0.0244', 'NDCG@5': '0.0155', 'HIT@10': '0.0392', 'NDCG@10': '0.0202', 'HIT@20': '0.0617', 'NDCG@20': '0.0259'}
EarlyStopping counter: 2 out of 40
rec dataset length: 186
100%|██████████████████████████████████████████████████████████████████████████████████████████████████████████████████████████████████████████████████| 186/186 [00:46<00:00,  3.98it/s]
{'epoch': 35, 'rec_avg_loss': '0.7500', 'joint_avg_loss': '1.0349', 'cl_avg_loss': '2.8493', 'itemcl_loss': '0.0000', 'cl_pair_0_loss': '2.8493'}
Recommendation EP_test:35: 100%|| 35/35 [00:08<00:00,  4.28it/s]
{'Epoch': 35, 'name': 'high_freq', 'HIT@5': '0.0363', 'NDCG@5': '0.0234', 'HIT@10': '0.0585', 'NDCG@10': '0.0306', 'HIT@20': '0.0914', 'NDCG@20': '0.0388'}
{'Epoch': 35, 'name': 'mid_freq', 'HIT@5': '0.0004', 'NDCG@5': '0.0002', 'HIT@10': '0.0011', 'NDCG@10': '0.0004', 'HIT@20': '0.0020', 'NDCG@20': '0.0006'}
{'Epoch': 35, 'name': 'low_freq', 'HIT@5': '0.0000', 'NDCG@5': '0.0000', 'HIT@10': '0.0000', 'NDCG@10': '0.0000', 'HIT@20': '0.0000', 'NDCG@20': '0.0000'}
{'Epoch': 35, 'name': 'all', 'HIT@5': '0.0248', 'NDCG@5': '0.0159', 'HIT@10': '0.0400', 'NDCG@10': '0.0209', 'HIT@20': '0.0626', 'NDCG@20': '0.0266'}
Validation score increased.  Saving model ...
rec dataset length: 186
100%|██████████████████████████████████████████████████████████████████████████████████████████████████████████████████████████████████████████████████| 186/186 [00:46<00:00,  4.00it/s]
{'epoch': 36, 'rec_avg_loss': '0.7420', 'joint_avg_loss': '1.0211', 'cl_avg_loss': '2.7909', 'itemcl_loss': '0.0000', 'cl_pair_0_loss': '2.7909'}
Recommendation EP_test:36: 100%|| 35/35 [00:08<00:00,  4.25it/s]
{'Epoch': 36, 'name': 'high_freq', 'HIT@5': '0.0379', 'NDCG@5': '0.0238', 'HIT@10': '0.0615', 'NDCG@10': '0.0314', 'HIT@20': '0.0946', 'NDCG@20': '0.0397'}
{'Epoch': 36, 'name': 'mid_freq', 'HIT@5': '0.0001', 'NDCG@5': '0.0001', 'HIT@10': '0.0011', 'NDCG@10': '0.0004', 'HIT@20': '0.0027', 'NDCG@20': '0.0008'}
{'Epoch': 36, 'name': 'low_freq', 'HIT@5': '0.0000', 'NDCG@5': '0.0000', 'HIT@10': '0.0000', 'NDCG@10': '0.0000', 'HIT@20': '0.0000', 'NDCG@20': '0.0000'}
{'Epoch': 36, 'name': 'all', 'HIT@5': '0.0258', 'NDCG@5': '0.0162', 'HIT@10': '0.0421', 'NDCG@10': '0.0214', 'HIT@20': '0.0649', 'NDCG@20': '0.0271'}
Validation score increased.  Saving model ...
rec dataset length: 186
100%|██████████████████████████████████████████████████████████████████████████████████████████████████████████████████████████████████████████████████| 186/186 [00:46<00:00,  4.01it/s]
{'epoch': 37, 'rec_avg_loss': '0.7323', 'joint_avg_loss': '1.0136', 'cl_avg_loss': '2.8131', 'itemcl_loss': '0.0000', 'cl_pair_0_loss': '2.8131'}
Recommendation EP_test:37: 100%|| 35/35 [00:08<00:00,  4.24it/s]
{'Epoch': 37, 'name': 'high_freq', 'HIT@5': '0.0373', 'NDCG@5': '0.0238', 'HIT@10': '0.0604', 'NDCG@10': '0.0313', 'HIT@20': '0.0956', 'NDCG@20': '0.0401'}
{'Epoch': 37, 'name': 'mid_freq', 'HIT@5': '0.0004', 'NDCG@5': '0.0002', 'HIT@10': '0.0009', 'NDCG@10': '0.0003', 'HIT@20': '0.0017', 'NDCG@20': '0.0005'}
{'Epoch': 37, 'name': 'low_freq', 'HIT@5': '0.0000', 'NDCG@5': '0.0000', 'HIT@10': '0.0000', 'NDCG@10': '0.0000', 'HIT@20': '0.0002', 'NDCG@20': '0.0001'}
{'Epoch': 37, 'name': 'all', 'HIT@5': '0.0255', 'NDCG@5': '0.0162', 'HIT@10': '0.0412', 'NDCG@10': '0.0213', 'HIT@20': '0.0654', 'NDCG@20': '0.0274'}
Validation score increased.  Saving model ...
rec dataset length: 186
100%|██████████████████████████████████████████████████████████████████████████████████████████████████████████████████████████████████████████████████| 186/186 [00:46<00:00,  3.99it/s]
{'epoch': 38, 'rec_avg_loss': '0.7270', 'joint_avg_loss': '1.0057', 'cl_avg_loss': '2.7877', 'itemcl_loss': '0.0000', 'cl_pair_0_loss': '2.7877'}
Recommendation EP_test:38: 100%|| 35/35 [00:08<00:00,  4.28it/s]
{'Epoch': 38, 'name': 'high_freq', 'HIT@5': '0.0377', 'NDCG@5': '0.0243', 'HIT@10': '0.0609', 'NDCG@10': '0.0317', 'HIT@20': '0.0946', 'NDCG@20': '0.0402'}
{'Epoch': 38, 'name': 'mid_freq', 'HIT@5': '0.0006', 'NDCG@5': '0.0003', 'HIT@10': '0.0011', 'NDCG@10': '0.0004', 'HIT@20': '0.0026', 'NDCG@20': '0.0008'}
{'Epoch': 38, 'name': 'low_freq', 'HIT@5': '0.0002', 'NDCG@5': '0.0001', 'HIT@10': '0.0002', 'NDCG@10': '0.0001', 'HIT@20': '0.0005', 'NDCG@20': '0.0002'}
{'Epoch': 38, 'name': 'all', 'HIT@5': '0.0258', 'NDCG@5': '0.0166', 'HIT@10': '0.0417', 'NDCG@10': '0.0216', 'HIT@20': '0.0649', 'NDCG@20': '0.0275'}
Validation score increased.  Saving model ...
rec dataset length: 186
100%|██████████████████████████████████████████████████████████████████████████████████████████████████████████████████████████████████████████████████| 186/186 [00:46<00:00,  3.99it/s]
{'epoch': 39, 'rec_avg_loss': '0.7219', 'joint_avg_loss': '0.9990', 'cl_avg_loss': '2.7717', 'itemcl_loss': '0.0000', 'cl_pair_0_loss': '2.7717'}
Recommendation EP_test:39: 100%|| 35/35 [00:08<00:00,  4.28it/s]
{'Epoch': 39, 'name': 'high_freq', 'HIT@5': '0.0396', 'NDCG@5': '0.0249', 'HIT@10': '0.0627', 'NDCG@10': '0.0323', 'HIT@20': '0.0965', 'NDCG@20': '0.0408'}
{'Epoch': 39, 'name': 'mid_freq', 'HIT@5': '0.0009', 'NDCG@5': '0.0004', 'HIT@10': '0.0013', 'NDCG@10': '0.0005', 'HIT@20': '0.0032', 'NDCG@20': '0.0010'}
{'Epoch': 39, 'name': 'low_freq', 'HIT@5': '0.0000', 'NDCG@5': '0.0000', 'HIT@10': '0.0000', 'NDCG@10': '0.0000', 'HIT@20': '0.0002', 'NDCG@20': '0.0001'}
{'Epoch': 39, 'name': 'all', 'HIT@5': '0.0271', 'NDCG@5': '0.0170', 'HIT@10': '0.0429', 'NDCG@10': '0.0221', 'HIT@20': '0.0663', 'NDCG@20': '0.0280'}
Validation score increased.  Saving model ...
rec dataset length: 186
100%|██████████████████████████████████████████████████████████████████████████████████████████████████████████████████████████████████████████████████| 186/186 [00:46<00:00,  4.00it/s]
{'epoch': 40, 'rec_avg_loss': '0.7140', 'joint_avg_loss': '0.9907', 'cl_avg_loss': '2.7662', 'itemcl_loss': '0.0000', 'cl_pair_0_loss': '2.7662'}
Recommendation EP_test:40: 100%|| 35/35 [00:08<00:00,  4.24it/s]
{'Epoch': 40, 'name': 'high_freq', 'HIT@5': '0.0385', 'NDCG@5': '0.0246', 'HIT@10': '0.0631', 'NDCG@10': '0.0325', 'HIT@20': '0.0962', 'NDCG@20': '0.0409'}
{'Epoch': 40, 'name': 'mid_freq', 'HIT@5': '0.0007', 'NDCG@5': '0.0003', 'HIT@10': '0.0017', 'NDCG@10': '0.0006', 'HIT@20': '0.0029', 'NDCG@20': '0.0009'}
{'Epoch': 40, 'name': 'low_freq', 'HIT@5': '0.0000', 'NDCG@5': '0.0000', 'HIT@10': '0.0000', 'NDCG@10': '0.0000', 'HIT@20': '0.0002', 'NDCG@20': '0.0001'}
{'Epoch': 40, 'name': 'all', 'HIT@5': '0.0263', 'NDCG@5': '0.0168', 'HIT@10': '0.0433', 'NDCG@10': '0.0222', 'HIT@20': '0.0660', 'NDCG@20': '0.0280'}
Validation score increased.  Saving model ...
rec dataset length: 186
100%|██████████████████████████████████████████████████████████████████████████████████████████████████████████████████████████████████████████████████| 186/186 [00:46<00:00,  4.00it/s]
{'epoch': 41, 'rec_avg_loss': '0.7096', 'joint_avg_loss': '0.9838', 'cl_avg_loss': '2.7416', 'itemcl_loss': '0.0000', 'cl_pair_0_loss': '2.7416'}
Recommendation EP_test:41: 100%|| 35/35 [00:08<00:00,  4.28it/s]
{'Epoch': 41, 'name': 'high_freq', 'HIT@5': '0.0391', 'NDCG@5': '0.0252', 'HIT@10': '0.0643', 'NDCG@10': '0.0334', 'HIT@20': '0.0964', 'NDCG@20': '0.0414'}
{'Epoch': 41, 'name': 'mid_freq', 'HIT@5': '0.0006', 'NDCG@5': '0.0003', 'HIT@10': '0.0016', 'NDCG@10': '0.0006', 'HIT@20': '0.0033', 'NDCG@20': '0.0011'}
{'Epoch': 41, 'name': 'low_freq', 'HIT@5': '0.0000', 'NDCG@5': '0.0000', 'HIT@10': '0.0000', 'NDCG@10': '0.0000', 'HIT@20': '0.0002', 'NDCG@20': '0.0001'}
{'Epoch': 41, 'name': 'all', 'HIT@5': '0.0267', 'NDCG@5': '0.0172', 'HIT@10': '0.0440', 'NDCG@10': '0.0228', 'HIT@20': '0.0662', 'NDCG@20': '0.0284'}
Validation score increased.  Saving model ...
rec dataset length: 186
100%|██████████████████████████████████████████████████████████████████████████████████████████████████████████████████████████████████████████████████| 186/186 [00:46<00:00,  4.00it/s]
{'epoch': 42, 'rec_avg_loss': '0.7038', 'joint_avg_loss': '0.9754', 'cl_avg_loss': '2.7167', 'itemcl_loss': '0.0000', 'cl_pair_0_loss': '2.7167'}
Recommendation EP_test:42: 100%|| 35/35 [00:08<00:00,  4.23it/s]
{'Epoch': 42, 'name': 'high_freq', 'HIT@5': '0.0401', 'NDCG@5': '0.0259', 'HIT@10': '0.0638', 'NDCG@10': '0.0335', 'HIT@20': '0.0984', 'NDCG@20': '0.0422'}
{'Epoch': 42, 'name': 'mid_freq', 'HIT@5': '0.0010', 'NDCG@5': '0.0007', 'HIT@10': '0.0022', 'NDCG@10': '0.0010', 'HIT@20': '0.0032', 'NDCG@20': '0.0013'}
{'Epoch': 42, 'name': 'low_freq', 'HIT@5': '0.0000', 'NDCG@5': '0.0000', 'HIT@10': '0.0002', 'NDCG@10': '0.0001', 'HIT@20': '0.0005', 'NDCG@20': '0.0001'}
{'Epoch': 42, 'name': 'all', 'HIT@5': '0.0274', 'NDCG@5': '0.0178', 'HIT@10': '0.0438', 'NDCG@10': '0.0230', 'HIT@20': '0.0676', 'NDCG@20': '0.0290'}
Validation score increased.  Saving model ...
rec dataset length: 186
100%|██████████████████████████████████████████████████████████████████████████████████████████████████████████████████████████████████████████████████| 186/186 [00:46<00:00,  3.98it/s]
{'epoch': 43, 'rec_avg_loss': '0.6971', 'joint_avg_loss': '0.9688', 'cl_avg_loss': '2.7178', 'itemcl_loss': '0.0000', 'cl_pair_0_loss': '2.7178'}
Recommendation EP_test:43: 100%|| 35/35 [00:08<00:00,  4.17it/s]
{'Epoch': 43, 'name': 'high_freq', 'HIT@5': '0.0402', 'NDCG@5': '0.0257', 'HIT@10': '0.0637', 'NDCG@10': '0.0332', 'HIT@20': '0.0973', 'NDCG@20': '0.0416'}
{'Epoch': 43, 'name': 'mid_freq', 'HIT@5': '0.0010', 'NDCG@5': '0.0004', 'HIT@10': '0.0019', 'NDCG@10': '0.0007', 'HIT@20': '0.0034', 'NDCG@20': '0.0011'}
{'Epoch': 43, 'name': 'low_freq', 'HIT@5': '0.0000', 'NDCG@5': '0.0000', 'HIT@10': '0.0002', 'NDCG@10': '0.0001', 'HIT@20': '0.0002', 'NDCG@20': '0.0001'}
{'Epoch': 43, 'name': 'all', 'HIT@5': '0.0276', 'NDCG@5': '0.0176', 'HIT@10': '0.0437', 'NDCG@10': '0.0228', 'HIT@20': '0.0669', 'NDCG@20': '0.0286'}
EarlyStopping counter: 1 out of 40
rec dataset length: 186
100%|██████████████████████████████████████████████████████████████████████████████████████████████████████████████████████████████████████████████████| 186/186 [00:46<00:00,  3.99it/s]
{'epoch': 44, 'rec_avg_loss': '0.6951', 'joint_avg_loss': '0.9663', 'cl_avg_loss': '2.7119', 'itemcl_loss': '0.0000', 'cl_pair_0_loss': '2.7119'}
Recommendation EP_test:44: 100%|| 35/35 [00:08<00:00,  4.28it/s]
{'Epoch': 44, 'name': 'high_freq', 'HIT@5': '0.0396', 'NDCG@5': '0.0259', 'HIT@10': '0.0638', 'NDCG@10': '0.0337', 'HIT@20': '0.0989', 'NDCG@20': '0.0425'}
{'Epoch': 44, 'name': 'mid_freq', 'HIT@5': '0.0007', 'NDCG@5': '0.0003', 'HIT@10': '0.0014', 'NDCG@10': '0.0006', 'HIT@20': '0.0033', 'NDCG@20': '0.0011'}
{'Epoch': 44, 'name': 'low_freq', 'HIT@5': '0.0000', 'NDCG@5': '0.0000', 'HIT@10': '0.0002', 'NDCG@10': '0.0001', 'HIT@20': '0.0011', 'NDCG@20': '0.0003'}
{'Epoch': 44, 'name': 'all', 'HIT@5': '0.0271', 'NDCG@5': '0.0177', 'HIT@10': '0.0437', 'NDCG@10': '0.0230', 'HIT@20': '0.0681', 'NDCG@20': '0.0291'}
Validation score increased.  Saving model ...
rec dataset length: 186
100%|██████████████████████████████████████████████████████████████████████████████████████████████████████████████████████████████████████████████████| 186/186 [00:46<00:00,  3.98it/s]
{'epoch': 45, 'rec_avg_loss': '0.6883', 'joint_avg_loss': '0.9574', 'cl_avg_loss': '2.6907', 'itemcl_loss': '0.0000', 'cl_pair_0_loss': '2.6907'}
Recommendation EP_test:45: 100%|| 35/35 [00:08<00:00,  4.30it/s]
{'Epoch': 45, 'name': 'high_freq', 'HIT@5': '0.0414', 'NDCG@5': '0.0262', 'HIT@10': '0.0647', 'NDCG@10': '0.0337', 'HIT@20': '0.0995', 'NDCG@20': '0.0424'}
{'Epoch': 45, 'name': 'mid_freq', 'HIT@5': '0.0007', 'NDCG@5': '0.0003', 'HIT@10': '0.0017', 'NDCG@10': '0.0006', 'HIT@20': '0.0034', 'NDCG@20': '0.0011'}
{'Epoch': 45, 'name': 'low_freq', 'HIT@5': '0.0000', 'NDCG@5': '0.0000', 'HIT@10': '0.0002', 'NDCG@10': '0.0001', 'HIT@20': '0.0007', 'NDCG@20': '0.0002'}
{'Epoch': 45, 'name': 'all', 'HIT@5': '0.0283', 'NDCG@5': '0.0179', 'HIT@10': '0.0444', 'NDCG@10': '0.0231', 'HIT@20': '0.0685', 'NDCG@20': '0.0291'}
EarlyStopping counter: 1 out of 40
rec dataset length: 186
100%|██████████████████████████████████████████████████████████████████████████████████████████████████████████████████████████████████████████████████| 186/186 [00:46<00:00,  4.00it/s]
{'epoch': 46, 'rec_avg_loss': '0.6801', 'joint_avg_loss': '0.9497', 'cl_avg_loss': '2.6957', 'itemcl_loss': '0.0000', 'cl_pair_0_loss': '2.6957'}
Recommendation EP_test:46: 100%|| 35/35 [00:08<00:00,  4.32it/s]
{'Epoch': 46, 'name': 'high_freq', 'HIT@5': '0.0402', 'NDCG@5': '0.0256', 'HIT@10': '0.0646', 'NDCG@10': '0.0335', 'HIT@20': '0.0997', 'NDCG@20': '0.0423'}
{'Epoch': 46, 'name': 'mid_freq', 'HIT@5': '0.0010', 'NDCG@5': '0.0005', 'HIT@10': '0.0022', 'NDCG@10': '0.0009', 'HIT@20': '0.0037', 'NDCG@20': '0.0013'}
{'Epoch': 46, 'name': 'low_freq', 'HIT@5': '0.0002', 'NDCG@5': '0.0001', 'HIT@10': '0.0002', 'NDCG@10': '0.0001', 'HIT@20': '0.0011', 'NDCG@20': '0.0003'}
{'Epoch': 46, 'name': 'all', 'HIT@5': '0.0276', 'NDCG@5': '0.0176', 'HIT@10': '0.0444', 'NDCG@10': '0.0230', 'HIT@20': '0.0687', 'NDCG@20': '0.0291'}
EarlyStopping counter: 2 out of 40
rec dataset length: 186
100%|██████████████████████████████████████████████████████████████████████████████████████████████████████████████████████████████████████████████████| 186/186 [00:46<00:00,  3.99it/s]
{'epoch': 47, 'rec_avg_loss': '0.6779', 'joint_avg_loss': '0.9447', 'cl_avg_loss': '2.6681', 'itemcl_loss': '0.0000', 'cl_pair_0_loss': '2.6681'}
Recommendation EP_test:47: 100%|| 35/35 [00:08<00:00,  4.30it/s]
{'Epoch': 47, 'name': 'high_freq', 'HIT@5': '0.0405', 'NDCG@5': '0.0260', 'HIT@10': '0.0638', 'NDCG@10': '0.0335', 'HIT@20': '0.0991', 'NDCG@20': '0.0423'}
{'Epoch': 47, 'name': 'mid_freq', 'HIT@5': '0.0011', 'NDCG@5': '0.0007', 'HIT@10': '0.0022', 'NDCG@10': '0.0010', 'HIT@20': '0.0040', 'NDCG@20': '0.0015'}
{'Epoch': 47, 'name': 'low_freq', 'HIT@5': '0.0002', 'NDCG@5': '0.0001', 'HIT@10': '0.0002', 'NDCG@10': '0.0001', 'HIT@20': '0.0007', 'NDCG@20': '0.0002'}
{'Epoch': 47, 'name': 'all', 'HIT@5': '0.0278', 'NDCG@5': '0.0178', 'HIT@10': '0.0438', 'NDCG@10': '0.0230', 'HIT@20': '0.0683', 'NDCG@20': '0.0291'}
EarlyStopping counter: 3 out of 40
rec dataset length: 186
100%|██████████████████████████████████████████████████████████████████████████████████████████████████████████████████████████████████████████████████| 186/186 [00:46<00:00,  4.00it/s]
{'epoch': 48, 'rec_avg_loss': '0.6703', 'joint_avg_loss': '0.9362', 'cl_avg_loss': '2.6583', 'itemcl_loss': '0.0000', 'cl_pair_0_loss': '2.6583'}
Recommendation EP_test:48: 100%|| 35/35 [00:08<00:00,  4.30it/s]
{'Epoch': 48, 'name': 'high_freq', 'HIT@5': '0.0391', 'NDCG@5': '0.0249', 'HIT@10': '0.0640', 'NDCG@10': '0.0329', 'HIT@20': '0.0994', 'NDCG@20': '0.0417'}
{'Epoch': 48, 'name': 'mid_freq', 'HIT@5': '0.0014', 'NDCG@5': '0.0009', 'HIT@10': '0.0022', 'NDCG@10': '0.0011', 'HIT@20': '0.0040', 'NDCG@20': '0.0016'}
{'Epoch': 48, 'name': 'low_freq', 'HIT@5': '0.0000', 'NDCG@5': '0.0000', 'HIT@10': '0.0007', 'NDCG@10': '0.0002', 'HIT@20': '0.0007', 'NDCG@20': '0.0002'}
{'Epoch': 48, 'name': 'all', 'HIT@5': '0.0269', 'NDCG@5': '0.0171', 'HIT@10': '0.0441', 'NDCG@10': '0.0226', 'HIT@20': '0.0685', 'NDCG@20': '0.0287'}
EarlyStopping counter: 4 out of 40
rec dataset length: 186
100%|██████████████████████████████████████████████████████████████████████████████████████████████████████████████████████████████████████████████████| 186/186 [00:46<00:00,  4.00it/s]
{'epoch': 49, 'rec_avg_loss': '0.6671', 'joint_avg_loss': '0.9328', 'cl_avg_loss': '2.6568', 'itemcl_loss': '0.0000', 'cl_pair_0_loss': '2.6568'}
Recommendation EP_test:49: 100%|| 35/35 [00:08<00:00,  4.23it/s]
{'Epoch': 49, 'name': 'high_freq', 'HIT@5': '0.0405', 'NDCG@5': '0.0254', 'HIT@10': '0.0659', 'NDCG@10': '0.0336', 'HIT@20': '0.1020', 'NDCG@20': '0.0427'}
{'Epoch': 49, 'name': 'mid_freq', 'HIT@5': '0.0010', 'NDCG@5': '0.0005', 'HIT@10': '0.0023', 'NDCG@10': '0.0009', 'HIT@20': '0.0043', 'NDCG@20': '0.0014'}
{'Epoch': 49, 'name': 'low_freq', 'HIT@5': '0.0002', 'NDCG@5': '0.0001', 'HIT@10': '0.0002', 'NDCG@10': '0.0001', 'HIT@20': '0.0009', 'NDCG@20': '0.0003'}
{'Epoch': 49, 'name': 'all', 'HIT@5': '0.0278', 'NDCG@5': '0.0174', 'HIT@10': '0.0453', 'NDCG@10': '0.0231', 'HIT@20': '0.0704', 'NDCG@20': '0.0293'}
Validation score increased.  Saving model ...
rec dataset length: 186
100%|██████████████████████████████████████████████████████████████████████████████████████████████████████████████████████████████████████████████████| 186/186 [00:46<00:00,  3.99it/s]
{'epoch': 50, 'rec_avg_loss': '0.6623', 'joint_avg_loss': '0.9260', 'cl_avg_loss': '2.6368', 'itemcl_loss': '0.0000', 'cl_pair_0_loss': '2.6368'}
Recommendation EP_test:50: 100%|| 35/35 [00:08<00:00,  4.26it/s]
{'Epoch': 50, 'name': 'high_freq', 'HIT@5': '0.0416', 'NDCG@5': '0.0263', 'HIT@10': '0.0663', 'NDCG@10': '0.0342', 'HIT@20': '0.1012', 'NDCG@20': '0.0429'}
{'Epoch': 50, 'name': 'mid_freq', 'HIT@5': '0.0013', 'NDCG@5': '0.0006', 'HIT@10': '0.0027', 'NDCG@10': '0.0011', 'HIT@20': '0.0040', 'NDCG@20': '0.0014'}
{'Epoch': 50, 'name': 'low_freq', 'HIT@5': '0.0000', 'NDCG@5': '0.0000', 'HIT@10': '0.0005', 'NDCG@10': '0.0001', 'HIT@20': '0.0009', 'NDCG@20': '0.0003'}
{'Epoch': 50, 'name': 'all', 'HIT@5': '0.0286', 'NDCG@5': '0.0180', 'HIT@10': '0.0457', 'NDCG@10': '0.0235', 'HIT@20': '0.0697', 'NDCG@20': '0.0295'}
Validation score increased.  Saving model ...
rec dataset length: 186
100%|██████████████████████████████████████████████████████████████████████████████████████████████████████████████████████████████████████████████████| 186/186 [00:46<00:00,  4.00it/s]
{'epoch': 51, 'rec_avg_loss': '0.6583', 'joint_avg_loss': '0.9202', 'cl_avg_loss': '2.6192', 'itemcl_loss': '0.0000', 'cl_pair_0_loss': '2.6192'}
Recommendation EP_test:51: 100%|| 35/35 [00:08<00:00,  4.18it/s]
{'Epoch': 51, 'name': 'high_freq', 'HIT@5': '0.0424', 'NDCG@5': '0.0268', 'HIT@10': '0.0658', 'NDCG@10': '0.0343', 'HIT@20': '0.1012', 'NDCG@20': '0.0432'}
{'Epoch': 51, 'name': 'mid_freq', 'HIT@5': '0.0010', 'NDCG@5': '0.0006', 'HIT@10': '0.0024', 'NDCG@10': '0.0011', 'HIT@20': '0.0049', 'NDCG@20': '0.0017'}
{'Epoch': 51, 'name': 'low_freq', 'HIT@5': '0.0000', 'NDCG@5': '0.0000', 'HIT@10': '0.0005', 'NDCG@10': '0.0001', 'HIT@20': '0.0007', 'NDCG@20': '0.0002'}
{'Epoch': 51, 'name': 'all', 'HIT@5': '0.0291', 'NDCG@5': '0.0184', 'HIT@10': '0.0453', 'NDCG@10': '0.0236', 'HIT@20': '0.0699', 'NDCG@20': '0.0297'}
Validation score increased.  Saving model ...
rec dataset length: 186
100%|██████████████████████████████████████████████████████████████████████████████████████████████████████████████████████████████████████████████████| 186/186 [00:46<00:00,  4.00it/s]
{'epoch': 52, 'rec_avg_loss': '0.6514', 'joint_avg_loss': '0.9147', 'cl_avg_loss': '2.6335', 'itemcl_loss': '0.0000', 'cl_pair_0_loss': '2.6335'}
Recommendation EP_test:52: 100%|| 35/35 [00:08<00:00,  4.22it/s]
{'Epoch': 52, 'name': 'high_freq', 'HIT@5': '0.0425', 'NDCG@5': '0.0271', 'HIT@10': '0.0653', 'NDCG@10': '0.0344', 'HIT@20': '0.1025', 'NDCG@20': '0.0437'}
{'Epoch': 52, 'name': 'mid_freq', 'HIT@5': '0.0017', 'NDCG@5': '0.0012', 'HIT@10': '0.0026', 'NDCG@10': '0.0015', 'HIT@20': '0.0045', 'NDCG@20': '0.0020'}
{'Epoch': 52, 'name': 'low_freq', 'HIT@5': '0.0002', 'NDCG@5': '0.0001', 'HIT@10': '0.0007', 'NDCG@10': '0.0002', 'HIT@20': '0.0014', 'NDCG@20': '0.0004'}
{'Epoch': 52, 'name': 'all', 'HIT@5': '0.0293', 'NDCG@5': '0.0187', 'HIT@10': '0.0450', 'NDCG@10': '0.0237', 'HIT@20': '0.0708', 'NDCG@20': '0.0302'}
Validation score increased.  Saving model ...
rec dataset length: 186
100%|██████████████████████████████████████████████████████████████████████████████████████████████████████████████████████████████████████████████████| 186/186 [00:46<00:00,  4.00it/s]
{'epoch': 53, 'rec_avg_loss': '0.6495', 'joint_avg_loss': '0.9100', 'cl_avg_loss': '2.6051', 'itemcl_loss': '0.0000', 'cl_pair_0_loss': '2.6051'}
Recommendation EP_test:53: 100%|| 35/35 [00:08<00:00,  4.29it/s]
{'Epoch': 53, 'name': 'high_freq', 'HIT@5': '0.0420', 'NDCG@5': '0.0268', 'HIT@10': '0.0663', 'NDCG@10': '0.0347', 'HIT@20': '0.1029', 'NDCG@20': '0.0439'}
{'Epoch': 53, 'name': 'mid_freq', 'HIT@5': '0.0017', 'NDCG@5': '0.0011', 'HIT@10': '0.0029', 'NDCG@10': '0.0014', 'HIT@20': '0.0050', 'NDCG@20': '0.0020'}
{'Epoch': 53, 'name': 'low_freq', 'HIT@5': '0.0002', 'NDCG@5': '0.0001', 'HIT@10': '0.0007', 'NDCG@10': '0.0002', 'HIT@20': '0.0014', 'NDCG@20': '0.0004'}
{'Epoch': 53, 'name': 'all', 'HIT@5': '0.0289', 'NDCG@5': '0.0185', 'HIT@10': '0.0457', 'NDCG@10': '0.0239', 'HIT@20': '0.0711', 'NDCG@20': '0.0303'}
Validation score increased.  Saving model ...
rec dataset length: 186
100%|██████████████████████████████████████████████████████████████████████████████████████████████████████████████████████████████████████████████████| 186/186 [00:46<00:00,  4.01it/s]
{'epoch': 54, 'rec_avg_loss': '0.6413', 'joint_avg_loss': '0.8993', 'cl_avg_loss': '2.5804', 'itemcl_loss': '0.0000', 'cl_pair_0_loss': '2.5804'}
Recommendation EP_test:54: 100%|| 35/35 [00:08<00:00,  4.17it/s]
{'Epoch': 54, 'name': 'high_freq', 'HIT@5': '0.0424', 'NDCG@5': '0.0272', 'HIT@10': '0.0670', 'NDCG@10': '0.0351', 'HIT@20': '0.1015', 'NDCG@20': '0.0437'}
{'Epoch': 54, 'name': 'mid_freq', 'HIT@5': '0.0016', 'NDCG@5': '0.0009', 'HIT@10': '0.0024', 'NDCG@10': '0.0012', 'HIT@20': '0.0052', 'NDCG@20': '0.0019'}
{'Epoch': 54, 'name': 'low_freq', 'HIT@5': '0.0002', 'NDCG@5': '0.0001', 'HIT@10': '0.0005', 'NDCG@10': '0.0002', 'HIT@20': '0.0014', 'NDCG@20': '0.0004'}
{'Epoch': 54, 'name': 'all', 'HIT@5': '0.0292', 'NDCG@5': '0.0187', 'HIT@10': '0.0461', 'NDCG@10': '0.0241', 'HIT@20': '0.0702', 'NDCG@20': '0.0301'}
EarlyStopping counter: 1 out of 40
rec dataset length: 186
100%|██████████████████████████████████████████████████████████████████████████████████████████████████████████████████████████████████████████████████| 186/186 [00:46<00:00,  3.99it/s]
{'epoch': 55, 'rec_avg_loss': '0.6408', 'joint_avg_loss': '0.9011', 'cl_avg_loss': '2.6026', 'itemcl_loss': '0.0000', 'cl_pair_0_loss': '2.6026'}
Recommendation EP_test:55: 100%|| 35/35 [00:08<00:00,  4.22it/s]
{'Epoch': 55, 'name': 'high_freq', 'HIT@5': '0.0430', 'NDCG@5': '0.0276', 'HIT@10': '0.0671', 'NDCG@10': '0.0354', 'HIT@20': '0.1031', 'NDCG@20': '0.0444'}
{'Epoch': 55, 'name': 'mid_freq', 'HIT@5': '0.0019', 'NDCG@5': '0.0009', 'HIT@10': '0.0024', 'NDCG@10': '0.0011', 'HIT@20': '0.0052', 'NDCG@20': '0.0018'}
{'Epoch': 55, 'name': 'low_freq', 'HIT@5': '0.0005', 'NDCG@5': '0.0002', 'HIT@10': '0.0007', 'NDCG@10': '0.0003', 'HIT@20': '0.0014', 'NDCG@20': '0.0004'}
{'Epoch': 55, 'name': 'all', 'HIT@5': '0.0297', 'NDCG@5': '0.0190', 'HIT@10': '0.0462', 'NDCG@10': '0.0243', 'HIT@20': '0.0713', 'NDCG@20': '0.0306'}
Validation score increased.  Saving model ...
rec dataset length: 186
100%|██████████████████████████████████████████████████████████████████████████████████████████████████████████████████████████████████████████████████| 186/186 [00:46<00:00,  4.00it/s]
{'epoch': 56, 'rec_avg_loss': '0.6337', 'joint_avg_loss': '0.8925', 'cl_avg_loss': '2.5883', 'itemcl_loss': '0.0000', 'cl_pair_0_loss': '2.5883'}
Recommendation EP_test:56: 100%|| 35/35 [00:08<00:00,  4.20it/s]
{'Epoch': 56, 'name': 'high_freq', 'HIT@5': '0.0425', 'NDCG@5': '0.0274', 'HIT@10': '0.0670', 'NDCG@10': '0.0353', 'HIT@20': '0.1024', 'NDCG@20': '0.0442'}
{'Epoch': 56, 'name': 'mid_freq', 'HIT@5': '0.0020', 'NDCG@5': '0.0010', 'HIT@10': '0.0029', 'NDCG@10': '0.0012', 'HIT@20': '0.0049', 'NDCG@20': '0.0018'}
{'Epoch': 56, 'name': 'low_freq', 'HIT@5': '0.0000', 'NDCG@5': '0.0000', 'HIT@10': '0.0005', 'NDCG@10': '0.0002', 'HIT@20': '0.0016', 'NDCG@20': '0.0004'}
{'Epoch': 56, 'name': 'all', 'HIT@5': '0.0293', 'NDCG@5': '0.0188', 'HIT@10': '0.0462', 'NDCG@10': '0.0243', 'HIT@20': '0.0708', 'NDCG@20': '0.0305'}
EarlyStopping counter: 1 out of 40
rec dataset length: 186
100%|██████████████████████████████████████████████████████████████████████████████████████████████████████████████████████████████████████████████████| 186/186 [00:46<00:00,  4.00it/s]
{'epoch': 57, 'rec_avg_loss': '0.6318', 'joint_avg_loss': '0.8895', 'cl_avg_loss': '2.5776', 'itemcl_loss': '0.0000', 'cl_pair_0_loss': '2.5776'}
Recommendation EP_test:57: 100%|| 35/35 [00:08<00:00,  4.30it/s]
{'Epoch': 57, 'name': 'high_freq', 'HIT@5': '0.0428', 'NDCG@5': '0.0274', 'HIT@10': '0.0656', 'NDCG@10': '0.0347', 'HIT@20': '0.1027', 'NDCG@20': '0.0441'}
{'Epoch': 57, 'name': 'mid_freq', 'HIT@5': '0.0019', 'NDCG@5': '0.0009', 'HIT@10': '0.0024', 'NDCG@10': '0.0011', 'HIT@20': '0.0046', 'NDCG@20': '0.0017'}
{'Epoch': 57, 'name': 'low_freq', 'HIT@5': '0.0000', 'NDCG@5': '0.0000', 'HIT@10': '0.0002', 'NDCG@10': '0.0001', 'HIT@20': '0.0009', 'NDCG@20': '0.0003'}
{'Epoch': 57, 'name': 'all', 'HIT@5': '0.0295', 'NDCG@5': '0.0188', 'HIT@10': '0.0451', 'NDCG@10': '0.0238', 'HIT@20': '0.0709', 'NDCG@20': '0.0303'}
EarlyStopping counter: 2 out of 40
rec dataset length: 186
100%|██████████████████████████████████████████████████████████████████████████████████████████████████████████████████████████████████████████████████| 186/186 [00:46<00:00,  4.00it/s]
{'epoch': 58, 'rec_avg_loss': '0.6284', 'joint_avg_loss': '0.8836', 'cl_avg_loss': '2.5512', 'itemcl_loss': '0.0000', 'cl_pair_0_loss': '2.5512'}
Recommendation EP_test:58: 100%|| 35/35 [00:08<00:00,  4.35it/s]
{'Epoch': 58, 'name': 'high_freq', 'HIT@5': '0.0424', 'NDCG@5': '0.0276', 'HIT@10': '0.0673', 'NDCG@10': '0.0356', 'HIT@20': '0.1017', 'NDCG@20': '0.0443'}
{'Epoch': 58, 'name': 'mid_freq', 'HIT@5': '0.0013', 'NDCG@5': '0.0008', 'HIT@10': '0.0029', 'NDCG@10': '0.0013', 'HIT@20': '0.0053', 'NDCG@20': '0.0019'}
{'Epoch': 58, 'name': 'low_freq', 'HIT@5': '0.0000', 'NDCG@5': '0.0000', 'HIT@10': '0.0002', 'NDCG@10': '0.0001', 'HIT@20': '0.0020', 'NDCG@20': '0.0005'}
{'Epoch': 58, 'name': 'all', 'HIT@5': '0.0291', 'NDCG@5': '0.0190', 'HIT@10': '0.0464', 'NDCG@10': '0.0245', 'HIT@20': '0.0705', 'NDCG@20': '0.0306'}
EarlyStopping counter: 3 out of 40
rec dataset length: 186
100%|██████████████████████████████████████████████████████████████████████████████████████████████████████████████████████████████████████████████████| 186/186 [00:46<00:00,  3.99it/s]
{'epoch': 59, 'rec_avg_loss': '0.6237', 'joint_avg_loss': '0.8805', 'cl_avg_loss': '2.5677', 'itemcl_loss': '0.0000', 'cl_pair_0_loss': '2.5677'}
Recommendation EP_test:59: 100%|| 35/35 [00:08<00:00,  4.30it/s]
{'Epoch': 59, 'name': 'high_freq', 'HIT@5': '0.0421', 'NDCG@5': '0.0276', 'HIT@10': '0.0657', 'NDCG@10': '0.0352', 'HIT@20': '0.1017', 'NDCG@20': '0.0442'}
{'Epoch': 59, 'name': 'mid_freq', 'HIT@5': '0.0017', 'NDCG@5': '0.0010', 'HIT@10': '0.0024', 'NDCG@10': '0.0012', 'HIT@20': '0.0047', 'NDCG@20': '0.0018'}
{'Epoch': 59, 'name': 'low_freq', 'HIT@5': '0.0000', 'NDCG@5': '0.0000', 'HIT@10': '0.0005', 'NDCG@10': '0.0002', 'HIT@20': '0.0011', 'NDCG@20': '0.0003'}
{'Epoch': 59, 'name': 'all', 'HIT@5': '0.0290', 'NDCG@5': '0.0190', 'HIT@10': '0.0452', 'NDCG@10': '0.0242', 'HIT@20': '0.0703', 'NDCG@20': '0.0305'}
EarlyStopping counter: 4 out of 40
rec dataset length: 186
100%|██████████████████████████████████████████████████████████████████████████████████████████████████████████████████████████████████████████████████| 186/186 [00:46<00:00,  4.02it/s]
{'epoch': 60, 'rec_avg_loss': '0.6201', 'joint_avg_loss': '0.8758', 'cl_avg_loss': '2.5565', 'itemcl_loss': '0.0000', 'cl_pair_0_loss': '2.5565'}
Recommendation EP_test:60: 100%|| 35/35 [00:08<00:00,  4.32it/s]
{'Epoch': 60, 'name': 'high_freq', 'HIT@5': '0.0426', 'NDCG@5': '0.0273', 'HIT@10': '0.0677', 'NDCG@10': '0.0354', 'HIT@20': '0.1034', 'NDCG@20': '0.0444'}
{'Epoch': 60, 'name': 'mid_freq', 'HIT@5': '0.0019', 'NDCG@5': '0.0011', 'HIT@10': '0.0032', 'NDCG@10': '0.0015', 'HIT@20': '0.0047', 'NDCG@20': '0.0019'}
{'Epoch': 60, 'name': 'low_freq', 'HIT@5': '0.0002', 'NDCG@5': '0.0001', 'HIT@10': '0.0007', 'NDCG@10': '0.0002', 'HIT@20': '0.0014', 'NDCG@20': '0.0004'}
{'Epoch': 60, 'name': 'all', 'HIT@5': '0.0294', 'NDCG@5': '0.0188', 'HIT@10': '0.0467', 'NDCG@10': '0.0244', 'HIT@20': '0.0715', 'NDCG@20': '0.0306'}
EarlyStopping counter: 5 out of 40
rec dataset length: 186
100%|██████████████████████████████████████████████████████████████████████████████████████████████████████████████████████████████████████████████████| 186/186 [00:46<00:00,  4.00it/s]
{'epoch': 61, 'rec_avg_loss': '0.6185', 'joint_avg_loss': '0.8733', 'cl_avg_loss': '2.5480', 'itemcl_loss': '0.0000', 'cl_pair_0_loss': '2.5480'}
Recommendation EP_test:61: 100%|| 35/35 [00:08<00:00,  4.30it/s]
{'Epoch': 61, 'name': 'high_freq', 'HIT@5': '0.0441', 'NDCG@5': '0.0279', 'HIT@10': '0.0673', 'NDCG@10': '0.0353', 'HIT@20': '0.1024', 'NDCG@20': '0.0441'}
{'Epoch': 61, 'name': 'mid_freq', 'HIT@5': '0.0019', 'NDCG@5': '0.0010', 'HIT@10': '0.0029', 'NDCG@10': '0.0013', 'HIT@20': '0.0055', 'NDCG@20': '0.0020'}
{'Epoch': 61, 'name': 'low_freq', 'HIT@5': '0.0000', 'NDCG@5': '0.0000', 'HIT@10': '0.0005', 'NDCG@10': '0.0001', 'HIT@20': '0.0014', 'NDCG@20': '0.0004'}
{'Epoch': 61, 'name': 'all', 'HIT@5': '0.0303', 'NDCG@5': '0.0192', 'HIT@10': '0.0464', 'NDCG@10': '0.0243', 'HIT@20': '0.0709', 'NDCG@20': '0.0304'}
EarlyStopping counter: 6 out of 40
rec dataset length: 186
100%|██████████████████████████████████████████████████████████████████████████████████████████████████████████████████████████████████████████████████| 186/186 [00:46<00:00,  3.98it/s]
{'epoch': 62, 'rec_avg_loss': '0.6131', 'joint_avg_loss': '0.8687', 'cl_avg_loss': '2.5562', 'itemcl_loss': '0.0000', 'cl_pair_0_loss': '2.5562'}
Recommendation EP_test:62: 100%|| 35/35 [00:08<00:00,  4.28it/s]
{'Epoch': 62, 'name': 'high_freq', 'HIT@5': '0.0431', 'NDCG@5': '0.0279', 'HIT@10': '0.0662', 'NDCG@10': '0.0353', 'HIT@20': '0.1022', 'NDCG@20': '0.0443'}
{'Epoch': 62, 'name': 'mid_freq', 'HIT@5': '0.0019', 'NDCG@5': '0.0011', 'HIT@10': '0.0036', 'NDCG@10': '0.0017', 'HIT@20': '0.0057', 'NDCG@20': '0.0022'}
{'Epoch': 62, 'name': 'low_freq', 'HIT@5': '0.0000', 'NDCG@5': '0.0000', 'HIT@10': '0.0005', 'NDCG@10': '0.0001', 'HIT@20': '0.0020', 'NDCG@20': '0.0005'}
{'Epoch': 62, 'name': 'all', 'HIT@5': '0.0297', 'NDCG@5': '0.0192', 'HIT@10': '0.0458', 'NDCG@10': '0.0244', 'HIT@20': '0.0709', 'NDCG@20': '0.0307'}
Validation score increased.  Saving model ...
rec dataset length: 186
100%|██████████████████████████████████████████████████████████████████████████████████████████████████████████████████████████████████████████████████| 186/186 [00:46<00:00,  4.00it/s]
{'epoch': 63, 'rec_avg_loss': '0.6086', 'joint_avg_loss': '0.8630', 'cl_avg_loss': '2.5444', 'itemcl_loss': '0.0000', 'cl_pair_0_loss': '2.5444'}
Recommendation EP_test:63: 100%|| 35/35 [00:08<00:00,  4.25it/s]
{'Epoch': 63, 'name': 'high_freq', 'HIT@5': '0.0424', 'NDCG@5': '0.0275', 'HIT@10': '0.0666', 'NDCG@10': '0.0352', 'HIT@20': '0.1020', 'NDCG@20': '0.0441'}
{'Epoch': 63, 'name': 'mid_freq', 'HIT@5': '0.0017', 'NDCG@5': '0.0010', 'HIT@10': '0.0029', 'NDCG@10': '0.0014', 'HIT@20': '0.0052', 'NDCG@20': '0.0020'}
{'Epoch': 63, 'name': 'low_freq', 'HIT@5': '0.0005', 'NDCG@5': '0.0002', 'HIT@10': '0.0005', 'NDCG@10': '0.0002', 'HIT@20': '0.0011', 'NDCG@20': '0.0004'}
{'Epoch': 63, 'name': 'all', 'HIT@5': '0.0293', 'NDCG@5': '0.0189', 'HIT@10': '0.0459', 'NDCG@10': '0.0242', 'HIT@20': '0.0706', 'NDCG@20': '0.0304'}
EarlyStopping counter: 1 out of 40
rec dataset length: 186
100%|██████████████████████████████████████████████████████████████████████████████████████████████████████████████████████████████████████████████████| 186/186 [00:46<00:00,  4.00it/s]
{'epoch': 64, 'rec_avg_loss': '0.6062', 'joint_avg_loss': '0.8599', 'cl_avg_loss': '2.5366', 'itemcl_loss': '0.0000', 'cl_pair_0_loss': '2.5366'}
Recommendation EP_test:64: 100%|| 35/35 [00:08<00:00,  4.25it/s]
{'Epoch': 64, 'name': 'high_freq', 'HIT@5': '0.0440', 'NDCG@5': '0.0281', 'HIT@10': '0.0679', 'NDCG@10': '0.0358', 'HIT@20': '0.1035', 'NDCG@20': '0.0447'}
{'Epoch': 64, 'name': 'mid_freq', 'HIT@5': '0.0023', 'NDCG@5': '0.0012', 'HIT@10': '0.0039', 'NDCG@10': '0.0017', 'HIT@20': '0.0060', 'NDCG@20': '0.0022'}
{'Epoch': 64, 'name': 'low_freq', 'HIT@5': '0.0005', 'NDCG@5': '0.0003', 'HIT@10': '0.0007', 'NDCG@10': '0.0004', 'HIT@20': '0.0020', 'NDCG@20': '0.0007'}
{'Epoch': 64, 'name': 'all', 'HIT@5': '0.0305', 'NDCG@5': '0.0194', 'HIT@10': '0.0471', 'NDCG@10': '0.0247', 'HIT@20': '0.0718', 'NDCG@20': '0.0309'}
Validation score increased.  Saving model ...
rec dataset length: 186
100%|██████████████████████████████████████████████████████████████████████████████████████████████████████████████████████████████████████████████████| 186/186 [00:46<00:00,  4.01it/s]
{'epoch': 65, 'rec_avg_loss': '0.6031', 'joint_avg_loss': '0.8553', 'cl_avg_loss': '2.5223', 'itemcl_loss': '0.0000', 'cl_pair_0_loss': '2.5223'}
Recommendation EP_test:65: 100%|| 35/35 [00:08<00:00,  4.26it/s]
{'Epoch': 65, 'name': 'high_freq', 'HIT@5': '0.0448', 'NDCG@5': '0.0281', 'HIT@10': '0.0674', 'NDCG@10': '0.0354', 'HIT@20': '0.1020', 'NDCG@20': '0.0441'}
{'Epoch': 65, 'name': 'mid_freq', 'HIT@5': '0.0022', 'NDCG@5': '0.0013', 'HIT@10': '0.0032', 'NDCG@10': '0.0016', 'HIT@20': '0.0059', 'NDCG@20': '0.0023'}
{'Epoch': 65, 'name': 'low_freq', 'HIT@5': '0.0005', 'NDCG@5': '0.0002', 'HIT@10': '0.0007', 'NDCG@10': '0.0003', 'HIT@20': '0.0020', 'NDCG@20': '0.0006'}
{'Epoch': 65, 'name': 'all', 'HIT@5': '0.0310', 'NDCG@5': '0.0194', 'HIT@10': '0.0466', 'NDCG@10': '0.0244', 'HIT@20': '0.0708', 'NDCG@20': '0.0305'}
EarlyStopping counter: 1 out of 40
rec dataset length: 186
100%|██████████████████████████████████████████████████████████████████████████████████████████████████████████████████████████████████████████████████| 186/186 [00:46<00:00,  4.01it/s]
{'epoch': 66, 'rec_avg_loss': '0.5999', 'joint_avg_loss': '0.8533', 'cl_avg_loss': '2.5337', 'itemcl_loss': '0.0000', 'cl_pair_0_loss': '2.5337'}
Recommendation EP_test:66: 100%|| 35/35 [00:08<00:00,  4.21it/s]
{'Epoch': 66, 'name': 'high_freq', 'HIT@5': '0.0432', 'NDCG@5': '0.0277', 'HIT@10': '0.0681', 'NDCG@10': '0.0357', 'HIT@20': '0.1029', 'NDCG@20': '0.0445'}
{'Epoch': 66, 'name': 'mid_freq', 'HIT@5': '0.0019', 'NDCG@5': '0.0011', 'HIT@10': '0.0030', 'NDCG@10': '0.0015', 'HIT@20': '0.0050', 'NDCG@20': '0.0020'}
{'Epoch': 66, 'name': 'low_freq', 'HIT@5': '0.0002', 'NDCG@5': '0.0001', 'HIT@10': '0.0005', 'NDCG@10': '0.0002', 'HIT@20': '0.0011', 'NDCG@20': '0.0003'}
{'Epoch': 66, 'name': 'all', 'HIT@5': '0.0297', 'NDCG@5': '0.0191', 'HIT@10': '0.0470', 'NDCG@10': '0.0246', 'HIT@20': '0.0711', 'NDCG@20': '0.0307'}
EarlyStopping counter: 2 out of 40
rec dataset length: 186
100%|██████████████████████████████████████████████████████████████████████████████████████████████████████████████████████████████████████████████████| 186/186 [00:46<00:00,  3.99it/s]
{'epoch': 67, 'rec_avg_loss': '0.5968', 'joint_avg_loss': '0.8480', 'cl_avg_loss': '2.5117', 'itemcl_loss': '0.0000', 'cl_pair_0_loss': '2.5117'}
Recommendation EP_test:67: 100%|| 35/35 [00:08<00:00,  4.22it/s]
{'Epoch': 67, 'name': 'high_freq', 'HIT@5': '0.0446', 'NDCG@5': '0.0290', 'HIT@10': '0.0692', 'NDCG@10': '0.0369', 'HIT@20': '0.1041', 'NDCG@20': '0.0457'}
{'Epoch': 67, 'name': 'mid_freq', 'HIT@5': '0.0020', 'NDCG@5': '0.0011', 'HIT@10': '0.0036', 'NDCG@10': '0.0016', 'HIT@20': '0.0063', 'NDCG@20': '0.0022'}
{'Epoch': 67, 'name': 'low_freq', 'HIT@5': '0.0005', 'NDCG@5': '0.0003', 'HIT@10': '0.0007', 'NDCG@10': '0.0004', 'HIT@20': '0.0014', 'NDCG@20': '0.0006'}
{'Epoch': 67, 'name': 'all', 'HIT@5': '0.0308', 'NDCG@5': '0.0200', 'HIT@10': '0.0479', 'NDCG@10': '0.0255', 'HIT@20': '0.0722', 'NDCG@20': '0.0316'}
Validation score increased.  Saving model ...
rec dataset length: 186
100%|██████████████████████████████████████████████████████████████████████████████████████████████████████████████████████████████████████████████████| 186/186 [00:46<00:00,  4.02it/s]
{'epoch': 68, 'rec_avg_loss': '0.5965', 'joint_avg_loss': '0.8481', 'cl_avg_loss': '2.5159', 'itemcl_loss': '0.0000', 'cl_pair_0_loss': '2.5159'}
Recommendation EP_test:68: 100%|| 35/35 [00:08<00:00,  4.20it/s]
{'Epoch': 68, 'name': 'high_freq', 'HIT@5': '0.0431', 'NDCG@5': '0.0277', 'HIT@10': '0.0685', 'NDCG@10': '0.0358', 'HIT@20': '0.1028', 'NDCG@20': '0.0444'}
{'Epoch': 68, 'name': 'mid_freq', 'HIT@5': '0.0022', 'NDCG@5': '0.0012', 'HIT@10': '0.0036', 'NDCG@10': '0.0017', 'HIT@20': '0.0057', 'NDCG@20': '0.0022'}
{'Epoch': 68, 'name': 'low_freq', 'HIT@5': '0.0005', 'NDCG@5': '0.0002', 'HIT@10': '0.0009', 'NDCG@10': '0.0004', 'HIT@20': '0.0016', 'NDCG@20': '0.0005'}
{'Epoch': 68, 'name': 'all', 'HIT@5': '0.0298', 'NDCG@5': '0.0191', 'HIT@10': '0.0474', 'NDCG@10': '0.0247', 'HIT@20': '0.0713', 'NDCG@20': '0.0307'}
EarlyStopping counter: 1 out of 40
rec dataset length: 186
100%|██████████████████████████████████████████████████████████████████████████████████████████████████████████████████████████████████████████████████| 186/186 [00:46<00:00,  3.99it/s]
{'epoch': 69, 'rec_avg_loss': '0.5881', 'joint_avg_loss': '0.8353', 'cl_avg_loss': '2.4725', 'itemcl_loss': '0.0000', 'cl_pair_0_loss': '2.4725'}
Recommendation EP_test:69: 100%|| 35/35 [00:08<00:00,  4.26it/s]
{'Epoch': 69, 'name': 'high_freq', 'HIT@5': '0.0434', 'NDCG@5': '0.0275', 'HIT@10': '0.0678', 'NDCG@10': '0.0353', 'HIT@20': '0.1027', 'NDCG@20': '0.0441'}
{'Epoch': 69, 'name': 'mid_freq', 'HIT@5': '0.0023', 'NDCG@5': '0.0013', 'HIT@10': '0.0039', 'NDCG@10': '0.0018', 'HIT@20': '0.0059', 'NDCG@20': '0.0023'}
{'Epoch': 69, 'name': 'low_freq', 'HIT@5': '0.0005', 'NDCG@5': '0.0003', 'HIT@10': '0.0007', 'NDCG@10': '0.0004', 'HIT@20': '0.0018', 'NDCG@20': '0.0007'}
{'Epoch': 69, 'name': 'all', 'HIT@5': '0.0301', 'NDCG@5': '0.0190', 'HIT@10': '0.0470', 'NDCG@10': '0.0244', 'HIT@20': '0.0713', 'NDCG@20': '0.0305'}
EarlyStopping counter: 2 out of 40
rec dataset length: 186
100%|██████████████████████████████████████████████████████████████████████████████████████████████████████████████████████████████████████████████████| 186/186 [00:46<00:00,  4.02it/s]
{'epoch': 70, 'rec_avg_loss': '0.5886', 'joint_avg_loss': '0.8388', 'cl_avg_loss': '2.5022', 'itemcl_loss': '0.0000', 'cl_pair_0_loss': '2.5022'}
Recommendation EP_test:70: 100%|| 35/35 [00:08<00:00,  4.24it/s]
{'Epoch': 70, 'name': 'high_freq', 'HIT@5': '0.0440', 'NDCG@5': '0.0282', 'HIT@10': '0.0694', 'NDCG@10': '0.0363', 'HIT@20': '0.1033', 'NDCG@20': '0.0448'}
{'Epoch': 70, 'name': 'mid_freq', 'HIT@5': '0.0024', 'NDCG@5': '0.0013', 'HIT@10': '0.0036', 'NDCG@10': '0.0016', 'HIT@20': '0.0059', 'NDCG@20': '0.0022'}
{'Epoch': 70, 'name': 'low_freq', 'HIT@5': '0.0005', 'NDCG@5': '0.0002', 'HIT@10': '0.0007', 'NDCG@10': '0.0003', 'HIT@20': '0.0018', 'NDCG@20': '0.0006'}
{'Epoch': 70, 'name': 'all', 'HIT@5': '0.0305', 'NDCG@5': '0.0194', 'HIT@10': '0.0480', 'NDCG@10': '0.0250', 'HIT@20': '0.0717', 'NDCG@20': '0.0310'}
EarlyStopping counter: 3 out of 40
rec dataset length: 186
100%|██████████████████████████████████████████████████████████████████████████████████████████████████████████████████████████████████████████████████| 186/186 [00:46<00:00,  4.02it/s]
{'epoch': 71, 'rec_avg_loss': '0.5850', 'joint_avg_loss': '0.8337', 'cl_avg_loss': '2.4870', 'itemcl_loss': '0.0000', 'cl_pair_0_loss': '2.4870'}
Recommendation EP_test:71: 100%|| 35/35 [00:08<00:00,  4.19it/s]
{'Epoch': 71, 'name': 'high_freq', 'HIT@5': '0.0442', 'NDCG@5': '0.0283', 'HIT@10': '0.0681', 'NDCG@10': '0.0360', 'HIT@20': '0.1034', 'NDCG@20': '0.0449'}
{'Epoch': 71, 'name': 'mid_freq', 'HIT@5': '0.0019', 'NDCG@5': '0.0011', 'HIT@10': '0.0034', 'NDCG@10': '0.0016', 'HIT@20': '0.0068', 'NDCG@20': '0.0025'}
{'Epoch': 71, 'name': 'low_freq', 'HIT@5': '0.0005', 'NDCG@5': '0.0003', 'HIT@10': '0.0009', 'NDCG@10': '0.0005', 'HIT@20': '0.0018', 'NDCG@20': '0.0007'}
{'Epoch': 71, 'name': 'all', 'HIT@5': '0.0305', 'NDCG@5': '0.0195', 'HIT@10': '0.0471', 'NDCG@10': '0.0248', 'HIT@20': '0.0719', 'NDCG@20': '0.0311'}
EarlyStopping counter: 4 out of 40
rec dataset length: 186
100%|██████████████████████████████████████████████████████████████████████████████████████████████████████████████████████████████████████████████████| 186/186 [00:46<00:00,  4.00it/s]
{'epoch': 72, 'rec_avg_loss': '0.5840', 'joint_avg_loss': '0.8325', 'cl_avg_loss': '2.4847', 'itemcl_loss': '0.0000', 'cl_pair_0_loss': '2.4847'}
Recommendation EP_test:72: 100%|| 35/35 [00:08<00:00,  4.29it/s]
{'Epoch': 72, 'name': 'high_freq', 'HIT@5': '0.0443', 'NDCG@5': '0.0288', 'HIT@10': '0.0688', 'NDCG@10': '0.0367', 'HIT@20': '0.1041', 'NDCG@20': '0.0455'}
{'Epoch': 72, 'name': 'mid_freq', 'HIT@5': '0.0023', 'NDCG@5': '0.0013', 'HIT@10': '0.0037', 'NDCG@10': '0.0017', 'HIT@20': '0.0060', 'NDCG@20': '0.0023'}
{'Epoch': 72, 'name': 'low_freq', 'HIT@5': '0.0005', 'NDCG@5': '0.0003', 'HIT@10': '0.0009', 'NDCG@10': '0.0005', 'HIT@20': '0.0029', 'NDCG@20': '0.0010'}
{'Epoch': 72, 'name': 'all', 'HIT@5': '0.0306', 'NDCG@5': '0.0199', 'HIT@10': '0.0477', 'NDCG@10': '0.0254', 'HIT@20': '0.0723', 'NDCG@20': '0.0316'}
EarlyStopping counter: 5 out of 40
rec dataset length: 186
100%|██████████████████████████████████████████████████████████████████████████████████████████████████████████████████████████████████████████████████| 186/186 [00:46<00:00,  4.01it/s]
{'epoch': 73, 'rec_avg_loss': '0.5787', 'joint_avg_loss': '0.8273', 'cl_avg_loss': '2.4853', 'itemcl_loss': '0.0000', 'cl_pair_0_loss': '2.4853'}
Recommendation EP_test:73: 100%|| 35/35 [00:08<00:00,  4.22it/s]
{'Epoch': 73, 'name': 'high_freq', 'HIT@5': '0.0427', 'NDCG@5': '0.0276', 'HIT@10': '0.0674', 'NDCG@10': '0.0355', 'HIT@20': '0.1042', 'NDCG@20': '0.0447'}
{'Epoch': 73, 'name': 'mid_freq', 'HIT@5': '0.0026', 'NDCG@5': '0.0015', 'HIT@10': '0.0040', 'NDCG@10': '0.0020', 'HIT@20': '0.0062', 'NDCG@20': '0.0025'}
{'Epoch': 73, 'name': 'low_freq', 'HIT@5': '0.0005', 'NDCG@5': '0.0002', 'HIT@10': '0.0014', 'NDCG@10': '0.0005', 'HIT@20': '0.0020', 'NDCG@20': '0.0007'}
{'Epoch': 73, 'name': 'all', 'HIT@5': '0.0296', 'NDCG@5': '0.0191', 'HIT@10': '0.0468', 'NDCG@10': '0.0246', 'HIT@20': '0.0724', 'NDCG@20': '0.0310'}
EarlyStopping counter: 6 out of 40
rec dataset length: 186
100%|██████████████████████████████████████████████████████████████████████████████████████████████████████████████████████████████████████████████████| 186/186 [00:46<00:00,  3.99it/s]
{'epoch': 74, 'rec_avg_loss': '0.5755', 'joint_avg_loss': '0.8236', 'cl_avg_loss': '2.4806', 'itemcl_loss': '0.0000', 'cl_pair_0_loss': '2.4806'}
Recommendation EP_test:74: 100%|| 35/35 [00:08<00:00,  4.21it/s]
{'Epoch': 74, 'name': 'high_freq', 'HIT@5': '0.0431', 'NDCG@5': '0.0275', 'HIT@10': '0.0683', 'NDCG@10': '0.0356', 'HIT@20': '0.1031', 'NDCG@20': '0.0444'}
{'Epoch': 74, 'name': 'mid_freq', 'HIT@5': '0.0030', 'NDCG@5': '0.0018', 'HIT@10': '0.0050', 'NDCG@10': '0.0024', 'HIT@20': '0.0072', 'NDCG@20': '0.0030'}
{'Epoch': 74, 'name': 'low_freq', 'HIT@5': '0.0005', 'NDCG@5': '0.0002', 'HIT@10': '0.0009', 'NDCG@10': '0.0004', 'HIT@20': '0.0023', 'NDCG@20': '0.0007'}
{'Epoch': 74, 'name': 'all', 'HIT@5': '0.0300', 'NDCG@5': '0.0191', 'HIT@10': '0.0476', 'NDCG@10': '0.0248', 'HIT@20': '0.0718', 'NDCG@20': '0.0309'}
EarlyStopping counter: 7 out of 40
rec dataset length: 186
100%|██████████████████████████████████████████████████████████████████████████████████████████████████████████████████████████████████████████████████| 186/186 [00:46<00:00,  4.01it/s]
{'epoch': 75, 'rec_avg_loss': '0.5748', 'joint_avg_loss': '0.8222', 'cl_avg_loss': '2.4740', 'itemcl_loss': '0.0000', 'cl_pair_0_loss': '2.4740'}
Recommendation EP_test:75: 100%|| 35/35 [00:08<00:00,  4.24it/s]
{'Epoch': 75, 'name': 'high_freq', 'HIT@5': '0.0435', 'NDCG@5': '0.0277', 'HIT@10': '0.0687', 'NDCG@10': '0.0358', 'HIT@20': '0.1041', 'NDCG@20': '0.0447'}
{'Epoch': 75, 'name': 'mid_freq', 'HIT@5': '0.0023', 'NDCG@5': '0.0014', 'HIT@10': '0.0039', 'NDCG@10': '0.0019', 'HIT@20': '0.0068', 'NDCG@20': '0.0027'}
{'Epoch': 75, 'name': 'low_freq', 'HIT@5': '0.0005', 'NDCG@5': '0.0002', 'HIT@10': '0.0011', 'NDCG@10': '0.0004', 'HIT@20': '0.0027', 'NDCG@20': '0.0008'}
{'Epoch': 75, 'name': 'all', 'HIT@5': '0.0301', 'NDCG@5': '0.0192', 'HIT@10': '0.0476', 'NDCG@10': '0.0248', 'HIT@20': '0.0725', 'NDCG@20': '0.0310'}
EarlyStopping counter: 8 out of 40
rec dataset length: 186
100%|██████████████████████████████████████████████████████████████████████████████████████████████████████████████████████████████████████████████████| 186/186 [00:46<00:00,  4.00it/s]
{'epoch': 76, 'rec_avg_loss': '0.5716', 'joint_avg_loss': '0.8177', 'cl_avg_loss': '2.4613', 'itemcl_loss': '0.0000', 'cl_pair_0_loss': '2.4613'}
Recommendation EP_test:76: 100%|| 35/35 [00:08<00:00,  4.18it/s]
{'Epoch': 76, 'name': 'high_freq', 'HIT@5': '0.0432', 'NDCG@5': '0.0278', 'HIT@10': '0.0673', 'NDCG@10': '0.0356', 'HIT@20': '0.1028', 'NDCG@20': '0.0445'}
{'Epoch': 76, 'name': 'mid_freq', 'HIT@5': '0.0023', 'NDCG@5': '0.0013', 'HIT@10': '0.0046', 'NDCG@10': '0.0021', 'HIT@20': '0.0063', 'NDCG@20': '0.0025'}
{'Epoch': 76, 'name': 'low_freq', 'HIT@5': '0.0005', 'NDCG@5': '0.0002', 'HIT@10': '0.0014', 'NDCG@10': '0.0005', 'HIT@20': '0.0023', 'NDCG@20': '0.0007'}
{'Epoch': 76, 'name': 'all', 'HIT@5': '0.0299', 'NDCG@5': '0.0192', 'HIT@10': '0.0469', 'NDCG@10': '0.0247', 'HIT@20': '0.0715', 'NDCG@20': '0.0309'}
EarlyStopping counter: 9 out of 40
rec dataset length: 186
100%|██████████████████████████████████████████████████████████████████████████████████████████████████████████████████████████████████████████████████| 186/186 [00:46<00:00,  4.01it/s]
{'epoch': 77, 'rec_avg_loss': '0.5708', 'joint_avg_loss': '0.8174', 'cl_avg_loss': '2.4656', 'itemcl_loss': '0.0000', 'cl_pair_0_loss': '2.4656'}
Recommendation EP_test:77: 100%|| 35/35 [00:08<00:00,  4.30it/s]
{'Epoch': 77, 'name': 'high_freq', 'HIT@5': '0.0445', 'NDCG@5': '0.0285', 'HIT@10': '0.0696', 'NDCG@10': '0.0365', 'HIT@20': '0.1042', 'NDCG@20': '0.0452'}
{'Epoch': 77, 'name': 'mid_freq', 'HIT@5': '0.0027', 'NDCG@5': '0.0015', 'HIT@10': '0.0042', 'NDCG@10': '0.0019', 'HIT@20': '0.0075', 'NDCG@20': '0.0028'}
{'Epoch': 77, 'name': 'low_freq', 'HIT@5': '0.0007', 'NDCG@5': '0.0004', 'HIT@10': '0.0014', 'NDCG@10': '0.0007', 'HIT@20': '0.0023', 'NDCG@20': '0.0009'}
{'Epoch': 77, 'name': 'all', 'HIT@5': '0.0309', 'NDCG@5': '0.0197', 'HIT@10': '0.0483', 'NDCG@10': '0.0253', 'HIT@20': '0.0726', 'NDCG@20': '0.0314'}
EarlyStopping counter: 10 out of 40
rec dataset length: 186
100%|██████████████████████████████████████████████████████████████████████████████████████████████████████████████████████████████████████████████████| 186/186 [00:46<00:00,  4.00it/s]
{'epoch': 78, 'rec_avg_loss': '0.5666', 'joint_avg_loss': '0.8127', 'cl_avg_loss': '2.4611', 'itemcl_loss': '0.0000', 'cl_pair_0_loss': '2.4611'}
Recommendation EP_test:78: 100%|| 35/35 [00:08<00:00,  4.30it/s]
{'Epoch': 78, 'name': 'high_freq', 'HIT@5': '0.0426', 'NDCG@5': '0.0274', 'HIT@10': '0.0678', 'NDCG@10': '0.0355', 'HIT@20': '0.1032', 'NDCG@20': '0.0444'}
{'Epoch': 78, 'name': 'mid_freq', 'HIT@5': '0.0026', 'NDCG@5': '0.0014', 'HIT@10': '0.0046', 'NDCG@10': '0.0020', 'HIT@20': '0.0073', 'NDCG@20': '0.0027'}
{'Epoch': 78, 'name': 'low_freq', 'HIT@5': '0.0007', 'NDCG@5': '0.0003', 'HIT@10': '0.0014', 'NDCG@10': '0.0005', 'HIT@20': '0.0025', 'NDCG@20': '0.0008'}
{'Epoch': 78, 'name': 'all', 'HIT@5': '0.0296', 'NDCG@5': '0.0190', 'HIT@10': '0.0472', 'NDCG@10': '0.0246', 'HIT@20': '0.0719', 'NDCG@20': '0.0308'}
EarlyStopping counter: 11 out of 40
rec dataset length: 186
100%|██████████████████████████████████████████████████████████████████████████████████████████████████████████████████████████████████████████████████| 186/186 [00:46<00:00,  4.01it/s]
{'epoch': 79, 'rec_avg_loss': '0.5636', 'joint_avg_loss': '0.8080', 'cl_avg_loss': '2.4446', 'itemcl_loss': '0.0000', 'cl_pair_0_loss': '2.4446'}
Recommendation EP_test:79: 100%|| 35/35 [00:08<00:00,  4.31it/s]
{'Epoch': 79, 'name': 'high_freq', 'HIT@5': '0.0431', 'NDCG@5': '0.0279', 'HIT@10': '0.0676', 'NDCG@10': '0.0358', 'HIT@20': '0.1034', 'NDCG@20': '0.0448'}
{'Epoch': 79, 'name': 'mid_freq', 'HIT@5': '0.0024', 'NDCG@5': '0.0013', 'HIT@10': '0.0043', 'NDCG@10': '0.0019', 'HIT@20': '0.0076', 'NDCG@20': '0.0027'}
{'Epoch': 79, 'name': 'low_freq', 'HIT@5': '0.0009', 'NDCG@5': '0.0004', 'HIT@10': '0.0009', 'NDCG@10': '0.0004', 'HIT@20': '0.0018', 'NDCG@20': '0.0007'}
{'Epoch': 79, 'name': 'all', 'HIT@5': '0.0299', 'NDCG@5': '0.0193', 'HIT@10': '0.0470', 'NDCG@10': '0.0248', 'HIT@20': '0.0720', 'NDCG@20': '0.0311'}
EarlyStopping counter: 12 out of 40
rec dataset length: 186
100%|██████████████████████████████████████████████████████████████████████████████████████████████████████████████████████████████████████████████████| 186/186 [00:46<00:00,  4.00it/s]
{'epoch': 80, 'rec_avg_loss': '0.5658', 'joint_avg_loss': '0.8111', 'cl_avg_loss': '2.4527', 'itemcl_loss': '0.0000', 'cl_pair_0_loss': '2.4527'}
Recommendation EP_test:80: 100%|| 35/35 [00:08<00:00,  4.26it/s]
{'Epoch': 80, 'name': 'high_freq', 'HIT@5': '0.0438', 'NDCG@5': '0.0283', 'HIT@10': '0.0677', 'NDCG@10': '0.0360', 'HIT@20': '0.1037', 'NDCG@20': '0.0451'}
{'Epoch': 80, 'name': 'mid_freq', 'HIT@5': '0.0022', 'NDCG@5': '0.0013', 'HIT@10': '0.0047', 'NDCG@10': '0.0022', 'HIT@20': '0.0075', 'NDCG@20': '0.0029'}
{'Epoch': 80, 'name': 'low_freq', 'HIT@5': '0.0005', 'NDCG@5': '0.0004', 'HIT@10': '0.0011', 'NDCG@10': '0.0006', 'HIT@20': '0.0023', 'NDCG@20': '0.0009'}
{'Epoch': 80, 'name': 'all', 'HIT@5': '0.0303', 'NDCG@5': '0.0196', 'HIT@10': '0.0471', 'NDCG@10': '0.0250', 'HIT@20': '0.0723', 'NDCG@20': '0.0313'}
EarlyStopping counter: 13 out of 40
rec dataset length: 186
100%|██████████████████████████████████████████████████████████████████████████████████████████████████████████████████████████████████████████████████| 186/186 [00:46<00:00,  4.00it/s]
{'epoch': 81, 'rec_avg_loss': '0.5588', 'joint_avg_loss': '0.8010', 'cl_avg_loss': '2.4217', 'itemcl_loss': '0.0000', 'cl_pair_0_loss': '2.4217'}
Recommendation EP_test:81: 100%|| 35/35 [00:08<00:00,  4.26it/s]
{'Epoch': 81, 'name': 'high_freq', 'HIT@5': '0.0446', 'NDCG@5': '0.0289', 'HIT@10': '0.0695', 'NDCG@10': '0.0369', 'HIT@20': '0.1049', 'NDCG@20': '0.0459'}
{'Epoch': 81, 'name': 'mid_freq', 'HIT@5': '0.0024', 'NDCG@5': '0.0013', 'HIT@10': '0.0047', 'NDCG@10': '0.0020', 'HIT@20': '0.0072', 'NDCG@20': '0.0026'}
{'Epoch': 81, 'name': 'low_freq', 'HIT@5': '0.0007', 'NDCG@5': '0.0003', 'HIT@10': '0.0011', 'NDCG@10': '0.0005', 'HIT@20': '0.0020', 'NDCG@20': '0.0007'}
{'Epoch': 81, 'name': 'all', 'HIT@5': '0.0309', 'NDCG@5': '0.0200', 'HIT@10': '0.0483', 'NDCG@10': '0.0256', 'HIT@20': '0.0730', 'NDCG@20': '0.0318'}
Validation score increased.  Saving model ...
rec dataset length: 186
100%|██████████████████████████████████████████████████████████████████████████████████████████████████████████████████████████████████████████████████| 186/186 [00:46<00:00,  4.00it/s]
{'epoch': 82, 'rec_avg_loss': '0.5582', 'joint_avg_loss': '0.8040', 'cl_avg_loss': '2.4583', 'itemcl_loss': '0.0000', 'cl_pair_0_loss': '2.4583'}
Recommendation EP_test:82: 100%|| 35/35 [00:08<00:00,  4.30it/s]
{'Epoch': 82, 'name': 'high_freq', 'HIT@5': '0.0436', 'NDCG@5': '0.0282', 'HIT@10': '0.0687', 'NDCG@10': '0.0363', 'HIT@20': '0.1034', 'NDCG@20': '0.0450'}
{'Epoch': 82, 'name': 'mid_freq', 'HIT@5': '0.0026', 'NDCG@5': '0.0014', 'HIT@10': '0.0045', 'NDCG@10': '0.0020', 'HIT@20': '0.0083', 'NDCG@20': '0.0029'}
{'Epoch': 82, 'name': 'low_freq', 'HIT@5': '0.0009', 'NDCG@5': '0.0006', 'HIT@10': '0.0009', 'NDCG@10': '0.0006', 'HIT@20': '0.0020', 'NDCG@20': '0.0008'}
{'Epoch': 82, 'name': 'all', 'HIT@5': '0.0303', 'NDCG@5': '0.0195', 'HIT@10': '0.0477', 'NDCG@10': '0.0251', 'HIT@20': '0.0723', 'NDCG@20': '0.0313'}
EarlyStopping counter: 1 out of 40
rec dataset length: 186
100%|██████████████████████████████████████████████████████████████████████████████████████████████████████████████████████████████████████████████████| 186/186 [00:46<00:00,  3.99it/s]
{'epoch': 83, 'rec_avg_loss': '0.5552', 'joint_avg_loss': '0.7994', 'cl_avg_loss': '2.4426', 'itemcl_loss': '0.0000', 'cl_pair_0_loss': '2.4426'}
Recommendation EP_test:83: 100%|| 35/35 [00:08<00:00,  4.29it/s]
{'Epoch': 83, 'name': 'high_freq', 'HIT@5': '0.0434', 'NDCG@5': '0.0288', 'HIT@10': '0.0688', 'NDCG@10': '0.0370', 'HIT@20': '0.1038', 'NDCG@20': '0.0458'}
{'Epoch': 83, 'name': 'mid_freq', 'HIT@5': '0.0029', 'NDCG@5': '0.0017', 'HIT@10': '0.0046', 'NDCG@10': '0.0023', 'HIT@20': '0.0082', 'NDCG@20': '0.0032'}
{'Epoch': 83, 'name': 'low_freq', 'HIT@5': '0.0007', 'NDCG@5': '0.0004', 'HIT@10': '0.0014', 'NDCG@10': '0.0006', 'HIT@20': '0.0023', 'NDCG@20': '0.0008'}
{'Epoch': 83, 'name': 'all', 'HIT@5': '0.0302', 'NDCG@5': '0.0200', 'HIT@10': '0.0478', 'NDCG@10': '0.0257', 'HIT@20': '0.0725', 'NDCG@20': '0.0319'}
Validation score increased.  Saving model ...
rec dataset length: 186
100%|██████████████████████████████████████████████████████████████████████████████████████████████████████████████████████████████████████████████████| 186/186 [00:46<00:00,  4.01it/s]
{'epoch': 84, 'rec_avg_loss': '0.5524', 'joint_avg_loss': '0.7964', 'cl_avg_loss': '2.4401', 'itemcl_loss': '0.0000', 'cl_pair_0_loss': '2.4401'}
Recommendation EP_test:84: 100%|| 35/35 [00:08<00:00,  4.30it/s]
{'Epoch': 84, 'name': 'high_freq', 'HIT@5': '0.0437', 'NDCG@5': '0.0287', 'HIT@10': '0.0685', 'NDCG@10': '0.0367', 'HIT@20': '0.1032', 'NDCG@20': '0.0454'}
{'Epoch': 84, 'name': 'mid_freq', 'HIT@5': '0.0029', 'NDCG@5': '0.0018', 'HIT@10': '0.0050', 'NDCG@10': '0.0025', 'HIT@20': '0.0076', 'NDCG@20': '0.0032'}
{'Epoch': 84, 'name': 'low_freq', 'HIT@5': '0.0007', 'NDCG@5': '0.0004', 'HIT@10': '0.0014', 'NDCG@10': '0.0006', 'HIT@20': '0.0025', 'NDCG@20': '0.0009'}
{'Epoch': 84, 'name': 'all', 'HIT@5': '0.0304', 'NDCG@5': '0.0199', 'HIT@10': '0.0478', 'NDCG@10': '0.0255', 'HIT@20': '0.0720', 'NDCG@20': '0.0316'}
EarlyStopping counter: 1 out of 40
rec dataset length: 186
100%|██████████████████████████████████████████████████████████████████████████████████████████████████████████████████████████████████████████████████| 186/186 [00:46<00:00,  4.02it/s]
{'epoch': 85, 'rec_avg_loss': '0.5503', 'joint_avg_loss': '0.7928', 'cl_avg_loss': '2.4251', 'itemcl_loss': '0.0000', 'cl_pair_0_loss': '2.4251'}
Recommendation EP_test:85: 100%|| 35/35 [00:08<00:00,  4.22it/s]
{'Epoch': 85, 'name': 'high_freq', 'HIT@5': '0.0439', 'NDCG@5': '0.0286', 'HIT@10': '0.0686', 'NDCG@10': '0.0366', 'HIT@20': '0.1026', 'NDCG@20': '0.0451'}
{'Epoch': 85, 'name': 'mid_freq', 'HIT@5': '0.0030', 'NDCG@5': '0.0019', 'HIT@10': '0.0056', 'NDCG@10': '0.0027', 'HIT@20': '0.0078', 'NDCG@20': '0.0032'}
{'Epoch': 85, 'name': 'low_freq', 'HIT@5': '0.0005', 'NDCG@5': '0.0002', 'HIT@10': '0.0009', 'NDCG@10': '0.0004', 'HIT@20': '0.0032', 'NDCG@20': '0.0009'}
{'Epoch': 85, 'name': 'all', 'HIT@5': '0.0305', 'NDCG@5': '0.0198', 'HIT@10': '0.0479', 'NDCG@10': '0.0255', 'HIT@20': '0.0717', 'NDCG@20': '0.0314'}
EarlyStopping counter: 2 out of 40
rec dataset length: 186
100%|██████████████████████████████████████████████████████████████████████████████████████████████████████████████████████████████████████████████████| 186/186 [00:46<00:00,  4.02it/s]
{'epoch': 86, 'rec_avg_loss': '0.5497', 'joint_avg_loss': '0.7926', 'cl_avg_loss': '2.4291', 'itemcl_loss': '0.0000', 'cl_pair_0_loss': '2.4291'}
Recommendation EP_test:86: 100%|| 35/35 [00:08<00:00,  4.15it/s]
{'Epoch': 86, 'name': 'high_freq', 'HIT@5': '0.0443', 'NDCG@5': '0.0290', 'HIT@10': '0.0682', 'NDCG@10': '0.0366', 'HIT@20': '0.1025', 'NDCG@20': '0.0453'}
{'Epoch': 86, 'name': 'mid_freq', 'HIT@5': '0.0032', 'NDCG@5': '0.0018', 'HIT@10': '0.0052', 'NDCG@10': '0.0024', 'HIT@20': '0.0076', 'NDCG@20': '0.0030'}
{'Epoch': 86, 'name': 'low_freq', 'HIT@5': '0.0005', 'NDCG@5': '0.0002', 'HIT@10': '0.0011', 'NDCG@10': '0.0004', 'HIT@20': '0.0029', 'NDCG@20': '0.0008'}
{'Epoch': 86, 'name': 'all', 'HIT@5': '0.0308', 'NDCG@5': '0.0201', 'HIT@10': '0.0475', 'NDCG@10': '0.0254', 'HIT@20': '0.0716', 'NDCG@20': '0.0315'}
EarlyStopping counter: 3 out of 40
rec dataset length: 186
100%|██████████████████████████████████████████████████████████████████████████████████████████████████████████████████████████████████████████████████| 186/186 [00:46<00:00,  3.98it/s]
{'epoch': 87, 'rec_avg_loss': '0.5479', 'joint_avg_loss': '0.7887', 'cl_avg_loss': '2.4085', 'itemcl_loss': '0.0000', 'cl_pair_0_loss': '2.4085'}
Recommendation EP_test:87: 100%|| 35/35 [00:08<00:00,  4.22it/s]
{'Epoch': 87, 'name': 'high_freq', 'HIT@5': '0.0443', 'NDCG@5': '0.0290', 'HIT@10': '0.0681', 'NDCG@10': '0.0367', 'HIT@20': '0.1028', 'NDCG@20': '0.0454'}
{'Epoch': 87, 'name': 'mid_freq', 'HIT@5': '0.0030', 'NDCG@5': '0.0017', 'HIT@10': '0.0049', 'NDCG@10': '0.0023', 'HIT@20': '0.0078', 'NDCG@20': '0.0030'}
{'Epoch': 87, 'name': 'low_freq', 'HIT@5': '0.0007', 'NDCG@5': '0.0003', 'HIT@10': '0.0014', 'NDCG@10': '0.0005', 'HIT@20': '0.0036', 'NDCG@20': '0.0011'}
{'Epoch': 87, 'name': 'all', 'HIT@5': '0.0308', 'NDCG@5': '0.0201', 'HIT@10': '0.0475', 'NDCG@10': '0.0255', 'HIT@20': '0.0719', 'NDCG@20': '0.0316'}
EarlyStopping counter: 4 out of 40
rec dataset length: 186
100%|██████████████████████████████████████████████████████████████████████████████████████████████████████████████████████████████████████████████████| 186/186 [00:46<00:00,  4.01it/s]
{'epoch': 88, 'rec_avg_loss': '0.5446', 'joint_avg_loss': '0.7866', 'cl_avg_loss': '2.4203', 'itemcl_loss': '0.0000', 'cl_pair_0_loss': '2.4203'}
Recommendation EP_test:88: 100%|| 35/35 [00:08<00:00,  4.22it/s]
{'Epoch': 88, 'name': 'high_freq', 'HIT@5': '0.0439', 'NDCG@5': '0.0282', 'HIT@10': '0.0680', 'NDCG@10': '0.0360', 'HIT@20': '0.1033', 'NDCG@20': '0.0449'}
{'Epoch': 88, 'name': 'mid_freq', 'HIT@5': '0.0029', 'NDCG@5': '0.0017', 'HIT@10': '0.0045', 'NDCG@10': '0.0022', 'HIT@20': '0.0086', 'NDCG@20': '0.0032'}
{'Epoch': 88, 'name': 'low_freq', 'HIT@5': '0.0005', 'NDCG@5': '0.0002', 'HIT@10': '0.0016', 'NDCG@10': '0.0006', 'HIT@20': '0.0036', 'NDCG@20': '0.0011'}
{'Epoch': 88, 'name': 'all', 'HIT@5': '0.0305', 'NDCG@5': '0.0195', 'HIT@10': '0.0473', 'NDCG@10': '0.0250', 'HIT@20': '0.0724', 'NDCG@20': '0.0313'}
EarlyStopping counter: 5 out of 40
rec dataset length: 186
100%|██████████████████████████████████████████████████████████████████████████████████████████████████████████████████████████████████████████████████| 186/186 [00:46<00:00,  4.00it/s]
{'epoch': 89, 'rec_avg_loss': '0.5436', 'joint_avg_loss': '0.7838', 'cl_avg_loss': '2.4014', 'itemcl_loss': '0.0000', 'cl_pair_0_loss': '2.4014'}
Recommendation EP_test:89: 100%|| 35/35 [00:08<00:00,  4.26it/s]
{'Epoch': 89, 'name': 'high_freq', 'HIT@5': '0.0436', 'NDCG@5': '0.0284', 'HIT@10': '0.0683', 'NDCG@10': '0.0363', 'HIT@20': '0.1048', 'NDCG@20': '0.0455'}
{'Epoch': 89, 'name': 'mid_freq', 'HIT@5': '0.0033', 'NDCG@5': '0.0018', 'HIT@10': '0.0053', 'NDCG@10': '0.0024', 'HIT@20': '0.0093', 'NDCG@20': '0.0034'}
{'Epoch': 89, 'name': 'low_freq', 'HIT@5': '0.0007', 'NDCG@5': '0.0003', 'HIT@10': '0.0014', 'NDCG@10': '0.0005', 'HIT@20': '0.0034', 'NDCG@20': '0.0010'}
{'Epoch': 89, 'name': 'all', 'HIT@5': '0.0304', 'NDCG@5': '0.0197', 'HIT@10': '0.0477', 'NDCG@10': '0.0252', 'HIT@20': '0.0735', 'NDCG@20': '0.0317'}
EarlyStopping counter: 6 out of 40
rec dataset length: 186
100%|██████████████████████████████████████████████████████████████████████████████████████████████████████████████████████████████████████████████████| 186/186 [00:46<00:00,  4.00it/s]
{'epoch': 90, 'rec_avg_loss': '0.5424', 'joint_avg_loss': '0.7827', 'cl_avg_loss': '2.4035', 'itemcl_loss': '0.0000', 'cl_pair_0_loss': '2.4035'}
Recommendation EP_test:90: 100%|| 35/35 [00:08<00:00,  4.24it/s]
{'Epoch': 90, 'name': 'high_freq', 'HIT@5': '0.0437', 'NDCG@5': '0.0281', 'HIT@10': '0.0672', 'NDCG@10': '0.0357', 'HIT@20': '0.1035', 'NDCG@20': '0.0448'}
{'Epoch': 90, 'name': 'mid_freq', 'HIT@5': '0.0039', 'NDCG@5': '0.0022', 'HIT@10': '0.0057', 'NDCG@10': '0.0028', 'HIT@20': '0.0092', 'NDCG@20': '0.0037'}
{'Epoch': 90, 'name': 'low_freq', 'HIT@5': '0.0005', 'NDCG@5': '0.0002', 'HIT@10': '0.0016', 'NDCG@10': '0.0006', 'HIT@20': '0.0036', 'NDCG@20': '0.0011'}
{'Epoch': 90, 'name': 'all', 'HIT@5': '0.0305', 'NDCG@5': '0.0196', 'HIT@10': '0.0471', 'NDCG@10': '0.0249', 'HIT@20': '0.0727', 'NDCG@20': '0.0313'}
EarlyStopping counter: 7 out of 40
rec dataset length: 186
100%|██████████████████████████████████████████████████████████████████████████████████████████████████████████████████████████████████████████████████| 186/186 [00:46<00:00,  4.00it/s]
{'epoch': 91, 'rec_avg_loss': '0.5398', 'joint_avg_loss': '0.7809', 'cl_avg_loss': '2.4105', 'itemcl_loss': '0.0000', 'cl_pair_0_loss': '2.4105'}
Recommendation EP_test:91: 100%|| 35/35 [00:08<00:00,  4.30it/s]
{'Epoch': 91, 'name': 'high_freq', 'HIT@5': '0.0425', 'NDCG@5': '0.0278', 'HIT@10': '0.0685', 'NDCG@10': '0.0363', 'HIT@20': '0.1041', 'NDCG@20': '0.0452'}
{'Epoch': 91, 'name': 'mid_freq', 'HIT@5': '0.0034', 'NDCG@5': '0.0022', 'HIT@10': '0.0057', 'NDCG@10': '0.0029', 'HIT@20': '0.0098', 'NDCG@20': '0.0039'}
{'Epoch': 91, 'name': 'low_freq', 'HIT@5': '0.0009', 'NDCG@5': '0.0004', 'HIT@10': '0.0016', 'NDCG@10': '0.0006', 'HIT@20': '0.0034', 'NDCG@20': '0.0011'}
{'Epoch': 91, 'name': 'all', 'HIT@5': '0.0297', 'NDCG@5': '0.0194', 'HIT@10': '0.0479', 'NDCG@10': '0.0253', 'HIT@20': '0.0731', 'NDCG@20': '0.0316'}
EarlyStopping counter: 8 out of 40
rec dataset length: 186
100%|██████████████████████████████████████████████████████████████████████████████████████████████████████████████████████████████████████████████████| 186/186 [00:46<00:00,  3.99it/s]
{'epoch': 92, 'rec_avg_loss': '0.5370', 'joint_avg_loss': '0.7775', 'cl_avg_loss': '2.4046', 'itemcl_loss': '0.0000', 'cl_pair_0_loss': '2.4046'}
Recommendation EP_test:92: 100%|| 35/35 [00:07<00:00,  4.38it/s]
{'Epoch': 92, 'name': 'high_freq', 'HIT@5': '0.0445', 'NDCG@5': '0.0286', 'HIT@10': '0.0696', 'NDCG@10': '0.0366', 'HIT@20': '0.1044', 'NDCG@20': '0.0454'}
{'Epoch': 92, 'name': 'mid_freq', 'HIT@5': '0.0036', 'NDCG@5': '0.0022', 'HIT@10': '0.0053', 'NDCG@10': '0.0027', 'HIT@20': '0.0093', 'NDCG@20': '0.0037'}
{'Epoch': 92, 'name': 'low_freq', 'HIT@5': '0.0005', 'NDCG@5': '0.0002', 'HIT@10': '0.0011', 'NDCG@10': '0.0005', 'HIT@20': '0.0032', 'NDCG@20': '0.0010'}
{'Epoch': 92, 'name': 'all', 'HIT@5': '0.0310', 'NDCG@5': '0.0199', 'HIT@10': '0.0485', 'NDCG@10': '0.0255', 'HIT@20': '0.0732', 'NDCG@20': '0.0317'}
EarlyStopping counter: 9 out of 40
rec dataset length: 186
100%|██████████████████████████████████████████████████████████████████████████████████████████████████████████████████████████████████████████████████| 186/186 [00:46<00:00,  3.99it/s]
{'epoch': 93, 'rec_avg_loss': '0.5352', 'joint_avg_loss': '0.7759', 'cl_avg_loss': '2.4068', 'itemcl_loss': '0.0000', 'cl_pair_0_loss': '2.4068'}
Recommendation EP_test:93: 100%|| 35/35 [00:08<00:00,  4.32it/s]
{'Epoch': 93, 'name': 'high_freq', 'HIT@5': '0.0452', 'NDCG@5': '0.0289', 'HIT@10': '0.0696', 'NDCG@10': '0.0368', 'HIT@20': '0.1037', 'NDCG@20': '0.0453'}
{'Epoch': 93, 'name': 'mid_freq', 'HIT@5': '0.0029', 'NDCG@5': '0.0016', 'HIT@10': '0.0050', 'NDCG@10': '0.0023', 'HIT@20': '0.0090', 'NDCG@20': '0.0033'}
{'Epoch': 93, 'name': 'low_freq', 'HIT@5': '0.0011', 'NDCG@5': '0.0006', 'HIT@10': '0.0014', 'NDCG@10': '0.0006', 'HIT@20': '0.0029', 'NDCG@20': '0.0010'}
{'Epoch': 93, 'name': 'all', 'HIT@5': '0.0314', 'NDCG@5': '0.0201', 'HIT@10': '0.0485', 'NDCG@10': '0.0256', 'HIT@20': '0.0727', 'NDCG@20': '0.0316'}
EarlyStopping counter: 10 out of 40
rec dataset length: 186
100%|██████████████████████████████████████████████████████████████████████████████████████████████████████████████████████████████████████████████████| 186/186 [00:46<00:00,  4.00it/s]
{'epoch': 94, 'rec_avg_loss': '0.5322', 'joint_avg_loss': '0.7715', 'cl_avg_loss': '2.3926', 'itemcl_loss': '0.0000', 'cl_pair_0_loss': '2.3926'}
Recommendation EP_test:94: 100%|| 35/35 [00:08<00:00,  4.23it/s]
{'Epoch': 94, 'name': 'high_freq', 'HIT@5': '0.0447', 'NDCG@5': '0.0293', 'HIT@10': '0.0685', 'NDCG@10': '0.0370', 'HIT@20': '0.1036', 'NDCG@20': '0.0458'}
{'Epoch': 94, 'name': 'mid_freq', 'HIT@5': '0.0027', 'NDCG@5': '0.0015', 'HIT@10': '0.0046', 'NDCG@10': '0.0021', 'HIT@20': '0.0085', 'NDCG@20': '0.0030'}
{'Epoch': 94, 'name': 'low_freq', 'HIT@5': '0.0007', 'NDCG@5': '0.0003', 'HIT@10': '0.0011', 'NDCG@10': '0.0005', 'HIT@20': '0.0032', 'NDCG@20': '0.0010'}
{'Epoch': 94, 'name': 'all', 'HIT@5': '0.0310', 'NDCG@5': '0.0203', 'HIT@10': '0.0476', 'NDCG@10': '0.0256', 'HIT@20': '0.0726', 'NDCG@20': '0.0319'}
Validation score increased.  Saving model ...
rec dataset length: 186
100%|██████████████████████████████████████████████████████████████████████████████████████████████████████████████████████████████████████████████████| 186/186 [00:46<00:00,  4.02it/s]
{'epoch': 95, 'rec_avg_loss': '0.5323', 'joint_avg_loss': '0.7724', 'cl_avg_loss': '2.4005', 'itemcl_loss': '0.0000', 'cl_pair_0_loss': '2.4005'}
Recommendation EP_test:95: 100%|| 35/35 [00:08<00:00,  4.22it/s]
{'Epoch': 95, 'name': 'high_freq', 'HIT@5': '0.0450', 'NDCG@5': '0.0289', 'HIT@10': '0.0693', 'NDCG@10': '0.0367', 'HIT@20': '0.1026', 'NDCG@20': '0.0451'}
{'Epoch': 95, 'name': 'mid_freq', 'HIT@5': '0.0032', 'NDCG@5': '0.0018', 'HIT@10': '0.0060', 'NDCG@10': '0.0027', 'HIT@20': '0.0093', 'NDCG@20': '0.0035'}
{'Epoch': 95, 'name': 'low_freq', 'HIT@5': '0.0009', 'NDCG@5': '0.0004', 'HIT@10': '0.0011', 'NDCG@10': '0.0005', 'HIT@20': '0.0032', 'NDCG@20': '0.0010'}
{'Epoch': 95, 'name': 'all', 'HIT@5': '0.0314', 'NDCG@5': '0.0201', 'HIT@10': '0.0485', 'NDCG@10': '0.0256', 'HIT@20': '0.0720', 'NDCG@20': '0.0315'}
EarlyStopping counter: 1 out of 40
rec dataset length: 186
100%|██████████████████████████████████████████████████████████████████████████████████████████████████████████████████████████████████████████████████| 186/186 [00:46<00:00,  4.01it/s]
{'epoch': 96, 'rec_avg_loss': '0.5295', 'joint_avg_loss': '0.7686', 'cl_avg_loss': '2.3913', 'itemcl_loss': '0.0000', 'cl_pair_0_loss': '2.3913'}
Recommendation EP_test:96: 100%|| 35/35 [00:08<00:00,  4.31it/s]
{'Epoch': 96, 'name': 'high_freq', 'HIT@5': '0.0439', 'NDCG@5': '0.0284', 'HIT@10': '0.0695', 'NDCG@10': '0.0367', 'HIT@20': '0.1039', 'NDCG@20': '0.0453'}
{'Epoch': 96, 'name': 'mid_freq', 'HIT@5': '0.0030', 'NDCG@5': '0.0017', 'HIT@10': '0.0056', 'NDCG@10': '0.0025', 'HIT@20': '0.0096', 'NDCG@20': '0.0035'}
{'Epoch': 96, 'name': 'low_freq', 'HIT@5': '0.0005', 'NDCG@5': '0.0003', 'HIT@10': '0.0007', 'NDCG@10': '0.0003', 'HIT@20': '0.0027', 'NDCG@20': '0.0008'}
{'Epoch': 96, 'name': 'all', 'HIT@5': '0.0305', 'NDCG@5': '0.0197', 'HIT@10': '0.0485', 'NDCG@10': '0.0255', 'HIT@20': '0.0729', 'NDCG@20': '0.0316'}
EarlyStopping counter: 2 out of 40
rec dataset length: 186
100%|██████████████████████████████████████████████████████████████████████████████████████████████████████████████████████████████████████████████████| 186/186 [00:46<00:00,  4.01it/s]
{'epoch': 97, 'rec_avg_loss': '0.5267', 'joint_avg_loss': '0.7646', 'cl_avg_loss': '2.3786', 'itemcl_loss': '0.0000', 'cl_pair_0_loss': '2.3786'}
Recommendation EP_test:97: 100%|| 35/35 [00:08<00:00,  4.35it/s]
{'Epoch': 97, 'name': 'high_freq', 'HIT@5': '0.0440', 'NDCG@5': '0.0284', 'HIT@10': '0.0683', 'NDCG@10': '0.0362', 'HIT@20': '0.1039', 'NDCG@20': '0.0452'}
{'Epoch': 97, 'name': 'mid_freq', 'HIT@5': '0.0033', 'NDCG@5': '0.0019', 'HIT@10': '0.0057', 'NDCG@10': '0.0027', 'HIT@20': '0.0103', 'NDCG@20': '0.0038'}
{'Epoch': 97, 'name': 'low_freq', 'HIT@5': '0.0005', 'NDCG@5': '0.0002', 'HIT@10': '0.0009', 'NDCG@10': '0.0003', 'HIT@20': '0.0029', 'NDCG@20': '0.0008'}
{'Epoch': 97, 'name': 'all', 'HIT@5': '0.0306', 'NDCG@5': '0.0197', 'HIT@10': '0.0477', 'NDCG@10': '0.0252', 'HIT@20': '0.0730', 'NDCG@20': '0.0316'}
EarlyStopping counter: 3 out of 40
rec dataset length: 186
100%|██████████████████████████████████████████████████████████████████████████████████████████████████████████████████████████████████████████████████| 186/186 [00:46<00:00,  4.01it/s]
{'epoch': 98, 'rec_avg_loss': '0.5283', 'joint_avg_loss': '0.7658', 'cl_avg_loss': '2.3748', 'itemcl_loss': '0.0000', 'cl_pair_0_loss': '2.3748'}
Recommendation EP_test:98: 100%|| 35/35 [00:08<00:00,  4.35it/s]
{'Epoch': 98, 'name': 'high_freq', 'HIT@5': '0.0446', 'NDCG@5': '0.0289', 'HIT@10': '0.0698', 'NDCG@10': '0.0371', 'HIT@20': '0.1058', 'NDCG@20': '0.0461'}
{'Epoch': 98, 'name': 'mid_freq', 'HIT@5': '0.0023', 'NDCG@5': '0.0014', 'HIT@10': '0.0046', 'NDCG@10': '0.0021', 'HIT@20': '0.0093', 'NDCG@20': '0.0033'}
{'Epoch': 98, 'name': 'low_freq', 'HIT@5': '0.0007', 'NDCG@5': '0.0005', 'HIT@10': '0.0018', 'NDCG@10': '0.0008', 'HIT@20': '0.0038', 'NDCG@20': '0.0013'}
{'Epoch': 98, 'name': 'all', 'HIT@5': '0.0308', 'NDCG@5': '0.0200', 'HIT@10': '0.0486', 'NDCG@10': '0.0257', 'HIT@20': '0.0742', 'NDCG@20': '0.0322'}
Validation score increased.  Saving model ...
rec dataset length: 186
100%|██████████████████████████████████████████████████████████████████████████████████████████████████████████████████████████████████████████████████| 186/186 [00:46<00:00,  3.98it/s]
{'epoch': 99, 'rec_avg_loss': '0.5247', 'joint_avg_loss': '0.7632', 'cl_avg_loss': '2.3847', 'itemcl_loss': '0.0000', 'cl_pair_0_loss': '2.3847'}
Recommendation EP_test:99: 100%|| 35/35 [00:08<00:00,  4.37it/s]
{'Epoch': 99, 'name': 'high_freq', 'HIT@5': '0.0439', 'NDCG@5': '0.0284', 'HIT@10': '0.0692', 'NDCG@10': '0.0366', 'HIT@20': '0.1037', 'NDCG@20': '0.0452'}
{'Epoch': 99, 'name': 'mid_freq', 'HIT@5': '0.0024', 'NDCG@5': '0.0015', 'HIT@10': '0.0049', 'NDCG@10': '0.0023', 'HIT@20': '0.0093', 'NDCG@20': '0.0034'}
{'Epoch': 99, 'name': 'low_freq', 'HIT@5': '0.0005', 'NDCG@5': '0.0003', 'HIT@10': '0.0007', 'NDCG@10': '0.0004', 'HIT@20': '0.0020', 'NDCG@20': '0.0007'}
{'Epoch': 99, 'name': 'all', 'HIT@5': '0.0304', 'NDCG@5': '0.0197', 'HIT@10': '0.0481', 'NDCG@10': '0.0254', 'HIT@20': '0.0726', 'NDCG@20': '0.0315'}
EarlyStopping counter: 1 out of 40
rec dataset length: 186
100%|██████████████████████████████████████████████████████████████████████████████████████████████████████████████████████████████████████████████████| 186/186 [00:46<00:00,  4.01it/s]
{'epoch': 100, 'rec_avg_loss': '0.5240', 'joint_avg_loss': '0.7618', 'cl_avg_loss': '2.3777', 'itemcl_loss': '0.0000', 'cl_pair_0_loss': '2.3777'}
Recommendation EP_test:100: 100%|| 35/35 [00:08<00:00,  4.35it/s]
{'Epoch': 100, 'name': 'high_freq', 'HIT@5': '0.0438', 'NDCG@5': '0.0287', 'HIT@10': '0.0699', 'NDCG@10': '0.0371', 'HIT@20': '0.1058', 'NDCG@20': '0.0461'}
{'Epoch': 100, 'name': 'mid_freq', 'HIT@5': '0.0023', 'NDCG@5': '0.0012', 'HIT@10': '0.0055', 'NDCG@10': '0.0022', 'HIT@20': '0.0101', 'NDCG@20': '0.0034'}
{'Epoch': 100, 'name': 'low_freq', 'HIT@5': '0.0005', 'NDCG@5': '0.0002', 'HIT@10': '0.0014', 'NDCG@10': '0.0005', 'HIT@20': '0.0029', 'NDCG@20': '0.0009'}
{'Epoch': 100, 'name': 'all', 'HIT@5': '0.0303', 'NDCG@5': '0.0198', 'HIT@10': '0.0488', 'NDCG@10': '0.0257', 'HIT@20': '0.0743', 'NDCG@20': '0.0321'}
EarlyStopping counter: 2 out of 40
rec dataset length: 186
100%|██████████████████████████████████████████████████████████████████████████████████████████████████████████████████████████████████████████████████| 186/186 [00:46<00:00,  4.00it/s]
{'epoch': 101, 'rec_avg_loss': '0.5232', 'joint_avg_loss': '0.7606', 'cl_avg_loss': '2.3739', 'itemcl_loss': '0.0000', 'cl_pair_0_loss': '2.3739'}
Recommendation EP_test:101: 100%|| 35/35 [00:08<00:00,  4.33it/s]
{'Epoch': 101, 'name': 'high_freq', 'HIT@5': '0.0436', 'NDCG@5': '0.0284', 'HIT@10': '0.0698', 'NDCG@10': '0.0367', 'HIT@20': '0.1048', 'NDCG@20': '0.0455'}
{'Epoch': 101, 'name': 'mid_freq', 'HIT@5': '0.0030', 'NDCG@5': '0.0017', 'HIT@10': '0.0060', 'NDCG@10': '0.0026', 'HIT@20': '0.0106', 'NDCG@20': '0.0038'}
{'Epoch': 101, 'name': 'low_freq', 'HIT@5': '0.0007', 'NDCG@5': '0.0003', 'HIT@10': '0.0007', 'NDCG@10': '0.0003', 'HIT@20': '0.0023', 'NDCG@20': '0.0007'}
{'Epoch': 101, 'name': 'all', 'HIT@5': '0.0304', 'NDCG@5': '0.0197', 'HIT@10': '0.0488', 'NDCG@10': '0.0255', 'HIT@20': '0.0737', 'NDCG@20': '0.0318'}
EarlyStopping counter: 3 out of 40
rec dataset length: 186
100%|██████████████████████████████████████████████████████████████████████████████████████████████████████████████████████████████████████████████████| 186/186 [00:46<00:00,  4.00it/s]
{'epoch': 102, 'rec_avg_loss': '0.5188', 'joint_avg_loss': '0.7533', 'cl_avg_loss': '2.3458', 'itemcl_loss': '0.0000', 'cl_pair_0_loss': '2.3458'}
Recommendation EP_test:102: 100%|| 35/35 [00:08<00:00,  4.26it/s]
{'Epoch': 102, 'name': 'high_freq', 'HIT@5': '0.0422', 'NDCG@5': '0.0278', 'HIT@10': '0.0674', 'NDCG@10': '0.0359', 'HIT@20': '0.1052', 'NDCG@20': '0.0454'}
{'Epoch': 102, 'name': 'mid_freq', 'HIT@5': '0.0032', 'NDCG@5': '0.0019', 'HIT@10': '0.0068', 'NDCG@10': '0.0031', 'HIT@20': '0.0118', 'NDCG@20': '0.0043'}
{'Epoch': 102, 'name': 'low_freq', 'HIT@5': '0.0007', 'NDCG@5': '0.0003', 'HIT@10': '0.0009', 'NDCG@10': '0.0004', 'HIT@20': '0.0023', 'NDCG@20': '0.0007'}
{'Epoch': 102, 'name': 'all', 'HIT@5': '0.0294', 'NDCG@5': '0.0193', 'HIT@10': '0.0473', 'NDCG@10': '0.0251', 'HIT@20': '0.0742', 'NDCG@20': '0.0318'}
EarlyStopping counter: 4 out of 40
rec dataset length: 186
100%|██████████████████████████████████████████████████████████████████████████████████████████████████████████████████████████████████████████████████| 186/186 [00:46<00:00,  3.99it/s]
{'epoch': 103, 'rec_avg_loss': '0.5198', 'joint_avg_loss': '0.7578', 'cl_avg_loss': '2.3802', 'itemcl_loss': '0.0000', 'cl_pair_0_loss': '2.3802'}
Recommendation EP_test:103: 100%|| 35/35 [00:08<00:00,  4.18it/s]
{'Epoch': 103, 'name': 'high_freq', 'HIT@5': '0.0434', 'NDCG@5': '0.0284', 'HIT@10': '0.0686', 'NDCG@10': '0.0365', 'HIT@20': '0.1046', 'NDCG@20': '0.0456'}
{'Epoch': 103, 'name': 'mid_freq', 'HIT@5': '0.0037', 'NDCG@5': '0.0023', 'HIT@10': '0.0065', 'NDCG@10': '0.0031', 'HIT@20': '0.0116', 'NDCG@20': '0.0044'}
{'Epoch': 103, 'name': 'low_freq', 'HIT@5': '0.0009', 'NDCG@5': '0.0004', 'HIT@10': '0.0016', 'NDCG@10': '0.0006', 'HIT@20': '0.0023', 'NDCG@20': '0.0008'}
{'Epoch': 103, 'name': 'all', 'HIT@5': '0.0304', 'NDCG@5': '0.0198', 'HIT@10': '0.0481', 'NDCG@10': '0.0255', 'HIT@20': '0.0737', 'NDCG@20': '0.0320'}
EarlyStopping counter: 5 out of 40
rec dataset length: 186
100%|██████████████████████████████████████████████████████████████████████████████████████████████████████████████████████████████████████████████████| 186/186 [00:46<00:00,  3.99it/s]
{'epoch': 104, 'rec_avg_loss': '0.5190', 'joint_avg_loss': '0.7568', 'cl_avg_loss': '2.3786', 'itemcl_loss': '0.0000', 'cl_pair_0_loss': '2.3786'}
Recommendation EP_test:104: 100%|| 35/35 [00:08<00:00,  4.29it/s]
{'Epoch': 104, 'name': 'high_freq', 'HIT@5': '0.0440', 'NDCG@5': '0.0285', 'HIT@10': '0.0687', 'NDCG@10': '0.0364', 'HIT@20': '0.1041', 'NDCG@20': '0.0453'}
{'Epoch': 104, 'name': 'mid_freq', 'HIT@5': '0.0039', 'NDCG@5': '0.0021', 'HIT@10': '0.0068', 'NDCG@10': '0.0030', 'HIT@20': '0.0119', 'NDCG@20': '0.0043'}
{'Epoch': 104, 'name': 'low_freq', 'HIT@5': '0.0005', 'NDCG@5': '0.0002', 'HIT@10': '0.0016', 'NDCG@10': '0.0006', 'HIT@20': '0.0032', 'NDCG@20': '0.0010'}
{'Epoch': 104, 'name': 'all', 'HIT@5': '0.0307', 'NDCG@5': '0.0198', 'HIT@10': '0.0482', 'NDCG@10': '0.0254', 'HIT@20': '0.0736', 'NDCG@20': '0.0318'}
EarlyStopping counter: 6 out of 40
rec dataset length: 186
100%|██████████████████████████████████████████████████████████████████████████████████████████████████████████████████████████████████████████████████| 186/186 [00:46<00:00,  4.00it/s]
{'epoch': 105, 'rec_avg_loss': '0.5136', 'joint_avg_loss': '0.7497', 'cl_avg_loss': '2.3614', 'itemcl_loss': '0.0000', 'cl_pair_0_loss': '2.3614'}
Recommendation EP_test:105: 100%|| 35/35 [00:08<00:00,  4.21it/s]
{'Epoch': 105, 'name': 'high_freq', 'HIT@5': '0.0438', 'NDCG@5': '0.0279', 'HIT@10': '0.0685', 'NDCG@10': '0.0359', 'HIT@20': '0.1055', 'NDCG@20': '0.0452'}
{'Epoch': 105, 'name': 'mid_freq', 'HIT@5': '0.0034', 'NDCG@5': '0.0019', 'HIT@10': '0.0065', 'NDCG@10': '0.0029', 'HIT@20': '0.0106', 'NDCG@20': '0.0039'}
{'Epoch': 105, 'name': 'low_freq', 'HIT@5': '0.0005', 'NDCG@5': '0.0002', 'HIT@10': '0.0018', 'NDCG@10': '0.0007', 'HIT@20': '0.0032', 'NDCG@20': '0.0010'}
{'Epoch': 105, 'name': 'all', 'HIT@5': '0.0305', 'NDCG@5': '0.0194', 'HIT@10': '0.0481', 'NDCG@10': '0.0250', 'HIT@20': '0.0742', 'NDCG@20': '0.0316'}
EarlyStopping counter: 7 out of 40
rec dataset length: 186
100%|██████████████████████████████████████████████████████████████████████████████████████████████████████████████████████████████████████████████████| 186/186 [00:46<00:00,  4.01it/s]
{'epoch': 106, 'rec_avg_loss': '0.5101', 'joint_avg_loss': '0.7460', 'cl_avg_loss': '2.3587', 'itemcl_loss': '0.0000', 'cl_pair_0_loss': '2.3587'}
Recommendation EP_test:106: 100%|| 35/35 [00:08<00:00,  4.33it/s]
{'Epoch': 106, 'name': 'high_freq', 'HIT@5': '0.0432', 'NDCG@5': '0.0274', 'HIT@10': '0.0677', 'NDCG@10': '0.0354', 'HIT@20': '0.1031', 'NDCG@20': '0.0443'}
{'Epoch': 106, 'name': 'mid_freq', 'HIT@5': '0.0029', 'NDCG@5': '0.0016', 'HIT@10': '0.0053', 'NDCG@10': '0.0024', 'HIT@20': '0.0111', 'NDCG@20': '0.0039'}
{'Epoch': 106, 'name': 'low_freq', 'HIT@5': '0.0005', 'NDCG@5': '0.0002', 'HIT@10': '0.0018', 'NDCG@10': '0.0006', 'HIT@20': '0.0027', 'NDCG@20': '0.0008'}
{'Epoch': 106, 'name': 'all', 'HIT@5': '0.0300', 'NDCG@5': '0.0190', 'HIT@10': '0.0473', 'NDCG@10': '0.0246', 'HIT@20': '0.0726', 'NDCG@20': '0.0310'}
EarlyStopping counter: 8 out of 40
rec dataset length: 186
100%|██████████████████████████████████████████████████████████████████████████████████████████████████████████████████████████████████████████████████| 186/186 [00:46<00:00,  4.00it/s]
{'epoch': 107, 'rec_avg_loss': '0.5152', 'joint_avg_loss': '0.7519', 'cl_avg_loss': '2.3666', 'itemcl_loss': '0.0000', 'cl_pair_0_loss': '2.3666'}
Recommendation EP_test:107: 100%|| 35/35 [00:08<00:00,  4.35it/s]
{'Epoch': 107, 'name': 'high_freq', 'HIT@5': '0.0433', 'NDCG@5': '0.0280', 'HIT@10': '0.0685', 'NDCG@10': '0.0361', 'HIT@20': '0.1041', 'NDCG@20': '0.0450'}
{'Epoch': 107, 'name': 'mid_freq', 'HIT@5': '0.0036', 'NDCG@5': '0.0020', 'HIT@10': '0.0060', 'NDCG@10': '0.0028', 'HIT@20': '0.0112', 'NDCG@20': '0.0041'}
{'Epoch': 107, 'name': 'low_freq', 'HIT@5': '0.0009', 'NDCG@5': '0.0004', 'HIT@10': '0.0011', 'NDCG@10': '0.0004', 'HIT@20': '0.0023', 'NDCG@20': '0.0007'}
{'Epoch': 107, 'name': 'all', 'HIT@5': '0.0303', 'NDCG@5': '0.0195', 'HIT@10': '0.0479', 'NDCG@10': '0.0251', 'HIT@20': '0.0733', 'NDCG@20': '0.0315'}
EarlyStopping counter: 9 out of 40
rec dataset length: 186
100%|██████████████████████████████████████████████████████████████████████████████████████████████████████████████████████████████████████████████████| 186/186 [00:46<00:00,  4.02it/s]
{'epoch': 108, 'rec_avg_loss': '0.5124', 'joint_avg_loss': '0.7479', 'cl_avg_loss': '2.3555', 'itemcl_loss': '0.0000', 'cl_pair_0_loss': '2.3555'}
Recommendation EP_test:108: 100%|| 35/35 [00:08<00:00,  4.23it/s]
{'Epoch': 108, 'name': 'high_freq', 'HIT@5': '0.0437', 'NDCG@5': '0.0281', 'HIT@10': '0.0692', 'NDCG@10': '0.0362', 'HIT@20': '0.1044', 'NDCG@20': '0.0451'}
{'Epoch': 108, 'name': 'mid_freq', 'HIT@5': '0.0036', 'NDCG@5': '0.0018', 'HIT@10': '0.0066', 'NDCG@10': '0.0028', 'HIT@20': '0.0108', 'NDCG@20': '0.0038'}
{'Epoch': 108, 'name': 'low_freq', 'HIT@5': '0.0009', 'NDCG@5': '0.0004', 'HIT@10': '0.0016', 'NDCG@10': '0.0006', 'HIT@20': '0.0029', 'NDCG@20': '0.0009'}
{'Epoch': 108, 'name': 'all', 'HIT@5': '0.0305', 'NDCG@5': '0.0195', 'HIT@10': '0.0485', 'NDCG@10': '0.0253', 'HIT@20': '0.0735', 'NDCG@20': '0.0315'}
EarlyStopping counter: 10 out of 40
rec dataset length: 186
100%|██████████████████████████████████████████████████████████████████████████████████████████████████████████████████████████████████████████████████| 186/186 [00:46<00:00,  4.01it/s]
{'epoch': 109, 'rec_avg_loss': '0.5112', 'joint_avg_loss': '0.7485', 'cl_avg_loss': '2.3735', 'itemcl_loss': '0.0000', 'cl_pair_0_loss': '2.3735'}
Recommendation EP_test:109: 100%|| 35/35 [00:08<00:00,  4.29it/s]
{'Epoch': 109, 'name': 'high_freq', 'HIT@5': '0.0428', 'NDCG@5': '0.0275', 'HIT@10': '0.0678', 'NDCG@10': '0.0355', 'HIT@20': '0.1027', 'NDCG@20': '0.0443'}
{'Epoch': 109, 'name': 'mid_freq', 'HIT@5': '0.0029', 'NDCG@5': '0.0017', 'HIT@10': '0.0066', 'NDCG@10': '0.0029', 'HIT@20': '0.0122', 'NDCG@20': '0.0043'}
{'Epoch': 109, 'name': 'low_freq', 'HIT@5': '0.0002', 'NDCG@5': '0.0001', 'HIT@10': '0.0016', 'NDCG@10': '0.0005', 'HIT@20': '0.0027', 'NDCG@20': '0.0008'}
{'Epoch': 109, 'name': 'all', 'HIT@5': '0.0297', 'NDCG@5': '0.0190', 'HIT@10': '0.0476', 'NDCG@10': '0.0248', 'HIT@20': '0.0726', 'NDCG@20': '0.0311'}
EarlyStopping counter: 11 out of 40
rec dataset length: 186
100%|██████████████████████████████████████████████████████████████████████████████████████████████████████████████████████████████████████████████████| 186/186 [00:46<00:00,  4.00it/s]
{'epoch': 110, 'rec_avg_loss': '0.5072', 'joint_avg_loss': '0.7433', 'cl_avg_loss': '2.3607', 'itemcl_loss': '0.0000', 'cl_pair_0_loss': '2.3607'}
Recommendation EP_test:110: 100%|| 35/35 [00:08<00:00,  4.23it/s]
{'Epoch': 110, 'name': 'high_freq', 'HIT@5': '0.0442', 'NDCG@5': '0.0281', 'HIT@10': '0.0688', 'NDCG@10': '0.0361', 'HIT@20': '0.1034', 'NDCG@20': '0.0447'}
{'Epoch': 110, 'name': 'mid_freq', 'HIT@5': '0.0039', 'NDCG@5': '0.0021', 'HIT@10': '0.0055', 'NDCG@10': '0.0026', 'HIT@20': '0.0116', 'NDCG@20': '0.0042'}
{'Epoch': 110, 'name': 'low_freq', 'HIT@5': '0.0002', 'NDCG@5': '0.0001', 'HIT@10': '0.0009', 'NDCG@10': '0.0003', 'HIT@20': '0.0027', 'NDCG@20': '0.0008'}
{'Epoch': 110, 'name': 'all', 'HIT@5': '0.0309', 'NDCG@5': '0.0196', 'HIT@10': '0.0480', 'NDCG@10': '0.0251', 'HIT@20': '0.0730', 'NDCG@20': '0.0313'}
EarlyStopping counter: 12 out of 40
rec dataset length: 186
100%|██████████████████████████████████████████████████████████████████████████████████████████████████████████████████████████████████████████████████| 186/186 [00:46<00:00,  3.99it/s]
{'epoch': 111, 'rec_avg_loss': '0.5049', 'joint_avg_loss': '0.7403', 'cl_avg_loss': '2.3533', 'itemcl_loss': '0.0000', 'cl_pair_0_loss': '2.3533'}
Recommendation EP_test:111: 100%|| 35/35 [00:08<00:00,  4.19it/s]
{'Epoch': 111, 'name': 'high_freq', 'HIT@5': '0.0427', 'NDCG@5': '0.0274', 'HIT@10': '0.0667', 'NDCG@10': '0.0351', 'HIT@20': '0.1036', 'NDCG@20': '0.0444'}
{'Epoch': 111, 'name': 'mid_freq', 'HIT@5': '0.0034', 'NDCG@5': '0.0020', 'HIT@10': '0.0057', 'NDCG@10': '0.0027', 'HIT@20': '0.0116', 'NDCG@20': '0.0042'}
{'Epoch': 111, 'name': 'low_freq', 'HIT@5': '0.0007', 'NDCG@5': '0.0003', 'HIT@10': '0.0014', 'NDCG@10': '0.0005', 'HIT@20': '0.0023', 'NDCG@20': '0.0007'}
{'Epoch': 111, 'name': 'all', 'HIT@5': '0.0298', 'NDCG@5': '0.0191', 'HIT@10': '0.0467', 'NDCG@10': '0.0245', 'HIT@20': '0.0730', 'NDCG@20': '0.0311'}
EarlyStopping counter: 13 out of 40
rec dataset length: 186
100%|██████████████████████████████████████████████████████████████████████████████████████████████████████████████████████████████████████████████████| 186/186 [00:46<00:00,  4.01it/s]
{'epoch': 112, 'rec_avg_loss': '0.5051', 'joint_avg_loss': '0.7402', 'cl_avg_loss': '2.3512', 'itemcl_loss': '0.0000', 'cl_pair_0_loss': '2.3512'}
Recommendation EP_test:112: 100%|| 35/35 [00:08<00:00,  4.25it/s]
{'Epoch': 112, 'name': 'high_freq', 'HIT@5': '0.0448', 'NDCG@5': '0.0287', 'HIT@10': '0.0695', 'NDCG@10': '0.0366', 'HIT@20': '0.1034', 'NDCG@20': '0.0451'}
{'Epoch': 112, 'name': 'mid_freq', 'HIT@5': '0.0040', 'NDCG@5': '0.0023', 'HIT@10': '0.0066', 'NDCG@10': '0.0031', 'HIT@20': '0.0119', 'NDCG@20': '0.0044'}
{'Epoch': 112, 'name': 'low_freq', 'HIT@5': '0.0007', 'NDCG@5': '0.0003', 'HIT@10': '0.0009', 'NDCG@10': '0.0004', 'HIT@20': '0.0032', 'NDCG@20': '0.0010'}
{'Epoch': 112, 'name': 'all', 'HIT@5': '0.0314', 'NDCG@5': '0.0200', 'HIT@10': '0.0487', 'NDCG@10': '0.0255', 'HIT@20': '0.0730', 'NDCG@20': '0.0317'}
EarlyStopping counter: 14 out of 40
rec dataset length: 186
100%|██████████████████████████████████████████████████████████████████████████████████████████████████████████████████████████████████████████████████| 186/186 [00:46<00:00,  3.99it/s]
{'epoch': 113, 'rec_avg_loss': '0.5025', 'joint_avg_loss': '0.7379', 'cl_avg_loss': '2.3535', 'itemcl_loss': '0.0000', 'cl_pair_0_loss': '2.3535'}
Recommendation EP_test:113: 100%|| 35/35 [00:07<00:00,  4.38it/s]
{'Epoch': 113, 'name': 'high_freq', 'HIT@5': '0.0433', 'NDCG@5': '0.0287', 'HIT@10': '0.0690', 'NDCG@10': '0.0370', 'HIT@20': '0.1033', 'NDCG@20': '0.0456'}
{'Epoch': 113, 'name': 'mid_freq', 'HIT@5': '0.0037', 'NDCG@5': '0.0022', 'HIT@10': '0.0060', 'NDCG@10': '0.0029', 'HIT@20': '0.0106', 'NDCG@20': '0.0041'}
{'Epoch': 113, 'name': 'low_freq', 'HIT@5': '0.0007', 'NDCG@5': '0.0003', 'HIT@10': '0.0011', 'NDCG@10': '0.0005', 'HIT@20': '0.0032', 'NDCG@20': '0.0010'}
{'Epoch': 113, 'name': 'all', 'HIT@5': '0.0303', 'NDCG@5': '0.0200', 'HIT@10': '0.0483', 'NDCG@10': '0.0258', 'HIT@20': '0.0728', 'NDCG@20': '0.0320'}
EarlyStopping counter: 15 out of 40
rec dataset length: 186
100%|██████████████████████████████████████████████████████████████████████████████████████████████████████████████████████████████████████████████████| 186/186 [00:46<00:00,  4.00it/s]
{'epoch': 114, 'rec_avg_loss': '0.5053', 'joint_avg_loss': '0.7394', 'cl_avg_loss': '2.3414', 'itemcl_loss': '0.0000', 'cl_pair_0_loss': '2.3414'}
Recommendation EP_test:114: 100%|| 35/35 [00:08<00:00,  4.27it/s]
{'Epoch': 114, 'name': 'high_freq', 'HIT@5': '0.0440', 'NDCG@5': '0.0284', 'HIT@10': '0.0698', 'NDCG@10': '0.0367', 'HIT@20': '0.1041', 'NDCG@20': '0.0453'}
{'Epoch': 114, 'name': 'mid_freq', 'HIT@5': '0.0042', 'NDCG@5': '0.0025', 'HIT@10': '0.0078', 'NDCG@10': '0.0036', 'HIT@20': '0.0129', 'NDCG@20': '0.0049'}
{'Epoch': 114, 'name': 'low_freq', 'HIT@5': '0.0009', 'NDCG@5': '0.0005', 'HIT@10': '0.0020', 'NDCG@10': '0.0008', 'HIT@20': '0.0041', 'NDCG@20': '0.0014'}
{'Epoch': 114, 'name': 'all', 'HIT@5': '0.0308', 'NDCG@5': '0.0199', 'HIT@10': '0.0493', 'NDCG@10': '0.0258', 'HIT@20': '0.0738', 'NDCG@20': '0.0319'}
EarlyStopping counter: 16 out of 40
rec dataset length: 186
100%|██████████████████████████████████████████████████████████████████████████████████████████████████████████████████████████████████████████████████| 186/186 [00:46<00:00,  4.01it/s]
{'epoch': 115, 'rec_avg_loss': '0.5026', 'joint_avg_loss': '0.7359', 'cl_avg_loss': '2.3333', 'itemcl_loss': '0.0000', 'cl_pair_0_loss': '2.3333'}
Recommendation EP_test:115: 100%|| 35/35 [00:08<00:00,  4.33it/s]
{'Epoch': 115, 'name': 'high_freq', 'HIT@5': '0.0433', 'NDCG@5': '0.0280', 'HIT@10': '0.0683', 'NDCG@10': '0.0360', 'HIT@20': '0.1043', 'NDCG@20': '0.0451'}
{'Epoch': 115, 'name': 'mid_freq', 'HIT@5': '0.0045', 'NDCG@5': '0.0023', 'HIT@10': '0.0078', 'NDCG@10': '0.0034', 'HIT@20': '0.0128', 'NDCG@20': '0.0046'}
{'Epoch': 115, 'name': 'low_freq', 'HIT@5': '0.0007', 'NDCG@5': '0.0004', 'HIT@10': '0.0016', 'NDCG@10': '0.0007', 'HIT@20': '0.0041', 'NDCG@20': '0.0013'}
{'Epoch': 115, 'name': 'all', 'HIT@5': '0.0304', 'NDCG@5': '0.0196', 'HIT@10': '0.0481', 'NDCG@10': '0.0253', 'HIT@20': '0.0740', 'NDCG@20': '0.0317'}
EarlyStopping counter: 17 out of 40
rec dataset length: 186
100%|██████████████████████████████████████████████████████████████████████████████████████████████████████████████████████████████████████████████████| 186/186 [00:46<00:00,  4.00it/s]
{'epoch': 116, 'rec_avg_loss': '0.5038', 'joint_avg_loss': '0.7356', 'cl_avg_loss': '2.3172', 'itemcl_loss': '0.0000', 'cl_pair_0_loss': '2.3172'}
Recommendation EP_test:116: 100%|| 35/35 [00:07<00:00,  4.41it/s]
{'Epoch': 116, 'name': 'high_freq', 'HIT@5': '0.0432', 'NDCG@5': '0.0280', 'HIT@10': '0.0683', 'NDCG@10': '0.0361', 'HIT@20': '0.1040', 'NDCG@20': '0.0451'}
{'Epoch': 116, 'name': 'mid_freq', 'HIT@5': '0.0039', 'NDCG@5': '0.0023', 'HIT@10': '0.0075', 'NDCG@10': '0.0034', 'HIT@20': '0.0129', 'NDCG@20': '0.0048'}
{'Epoch': 116, 'name': 'low_freq', 'HIT@5': '0.0009', 'NDCG@5': '0.0006', 'HIT@10': '0.0025', 'NDCG@10': '0.0011', 'HIT@20': '0.0038', 'NDCG@20': '0.0014'}
{'Epoch': 116, 'name': 'all', 'HIT@5': '0.0303', 'NDCG@5': '0.0196', 'HIT@10': '0.0482', 'NDCG@10': '0.0254', 'HIT@20': '0.0737', 'NDCG@20': '0.0318'}
EarlyStopping counter: 18 out of 40
rec dataset length: 186
100%|██████████████████████████████████████████████████████████████████████████████████████████████████████████████████████████████████████████████████| 186/186 [00:46<00:00,  4.01it/s]
{'epoch': 117, 'rec_avg_loss': '0.5022', 'joint_avg_loss': '0.7351', 'cl_avg_loss': '2.3284', 'itemcl_loss': '0.0000', 'cl_pair_0_loss': '2.3284'}
Recommendation EP_test:117: 100%|| 35/35 [00:08<00:00,  4.33it/s]
{'Epoch': 117, 'name': 'high_freq', 'HIT@5': '0.0425', 'NDCG@5': '0.0277', 'HIT@10': '0.0669', 'NDCG@10': '0.0355', 'HIT@20': '0.1037', 'NDCG@20': '0.0448'}
{'Epoch': 117, 'name': 'mid_freq', 'HIT@5': '0.0042', 'NDCG@5': '0.0023', 'HIT@10': '0.0072', 'NDCG@10': '0.0032', 'HIT@20': '0.0124', 'NDCG@20': '0.0045'}
{'Epoch': 117, 'name': 'low_freq', 'HIT@5': '0.0014', 'NDCG@5': '0.0008', 'HIT@10': '0.0018', 'NDCG@10': '0.0009', 'HIT@20': '0.0041', 'NDCG@20': '0.0015'}
{'Epoch': 117, 'name': 'all', 'HIT@5': '0.0299', 'NDCG@5': '0.0194', 'HIT@10': '0.0471', 'NDCG@10': '0.0249', 'HIT@20': '0.0735', 'NDCG@20': '0.0315'}
EarlyStopping counter: 19 out of 40
rec dataset length: 186
100%|██████████████████████████████████████████████████████████████████████████████████████████████████████████████████████████████████████████████████| 186/186 [00:46<00:00,  4.01it/s]
{'epoch': 118, 'rec_avg_loss': '0.4963', 'joint_avg_loss': '0.7294', 'cl_avg_loss': '2.3307', 'itemcl_loss': '0.0000', 'cl_pair_0_loss': '2.3307'}
Recommendation EP_test:118: 100%|| 35/35 [00:08<00:00,  4.33it/s]
{'Epoch': 118, 'name': 'high_freq', 'HIT@5': '0.0423', 'NDCG@5': '0.0277', 'HIT@10': '0.0689', 'NDCG@10': '0.0362', 'HIT@20': '0.1048', 'NDCG@20': '0.0452'}
{'Epoch': 118, 'name': 'mid_freq', 'HIT@5': '0.0042', 'NDCG@5': '0.0023', 'HIT@10': '0.0080', 'NDCG@10': '0.0035', 'HIT@20': '0.0134', 'NDCG@20': '0.0048'}
{'Epoch': 118, 'name': 'low_freq', 'HIT@5': '0.0014', 'NDCG@5': '0.0007', 'HIT@10': '0.0016', 'NDCG@10': '0.0008', 'HIT@20': '0.0032', 'NDCG@20': '0.0012'}
{'Epoch': 118, 'name': 'all', 'HIT@5': '0.0297', 'NDCG@5': '0.0194', 'HIT@10': '0.0486', 'NDCG@10': '0.0254', 'HIT@20': '0.0743', 'NDCG@20': '0.0319'}
EarlyStopping counter: 20 out of 40
rec dataset length: 186
100%|██████████████████████████████████████████████████████████████████████████████████████████████████████████████████████████████████████████████████| 186/186 [00:46<00:00,  3.99it/s]
{'epoch': 119, 'rec_avg_loss': '0.4981', 'joint_avg_loss': '0.7314', 'cl_avg_loss': '2.3330', 'itemcl_loss': '0.0000', 'cl_pair_0_loss': '2.3330'}
Recommendation EP_test:119: 100%|| 35/35 [00:08<00:00,  4.24it/s]
{'Epoch': 119, 'name': 'high_freq', 'HIT@5': '0.0434', 'NDCG@5': '0.0279', 'HIT@10': '0.0667', 'NDCG@10': '0.0354', 'HIT@20': '0.1040', 'NDCG@20': '0.0448'}
{'Epoch': 119, 'name': 'mid_freq', 'HIT@5': '0.0039', 'NDCG@5': '0.0020', 'HIT@10': '0.0083', 'NDCG@10': '0.0035', 'HIT@20': '0.0139', 'NDCG@20': '0.0049'}
{'Epoch': 119, 'name': 'low_freq', 'HIT@5': '0.0011', 'NDCG@5': '0.0005', 'HIT@10': '0.0016', 'NDCG@10': '0.0007', 'HIT@20': '0.0038', 'NDCG@20': '0.0012'}
{'Epoch': 119, 'name': 'all', 'HIT@5': '0.0304', 'NDCG@5': '0.0194', 'HIT@10': '0.0472', 'NDCG@10': '0.0249', 'HIT@20': '0.0739', 'NDCG@20': '0.0316'}
EarlyStopping counter: 21 out of 40
rec dataset length: 186
100%|██████████████████████████████████████████████████████████████████████████████████████████████████████████████████████████████████████████████████| 186/186 [00:46<00:00,  4.00it/s]
{'epoch': 120, 'rec_avg_loss': '0.4960', 'joint_avg_loss': '0.7303', 'cl_avg_loss': '2.3423', 'itemcl_loss': '0.0000', 'cl_pair_0_loss': '2.3423'}
Recommendation EP_test:120: 100%|| 35/35 [00:08<00:00,  4.34it/s]
{'Epoch': 120, 'name': 'high_freq', 'HIT@5': '0.0431', 'NDCG@5': '0.0278', 'HIT@10': '0.0687', 'NDCG@10': '0.0360', 'HIT@20': '0.1025', 'NDCG@20': '0.0445'}
{'Epoch': 120, 'name': 'mid_freq', 'HIT@5': '0.0036', 'NDCG@5': '0.0022', 'HIT@10': '0.0069', 'NDCG@10': '0.0032', 'HIT@20': '0.0138', 'NDCG@20': '0.0050'}
{'Epoch': 120, 'name': 'low_freq', 'HIT@5': '0.0014', 'NDCG@5': '0.0007', 'HIT@10': '0.0025', 'NDCG@10': '0.0010', 'HIT@20': '0.0038', 'NDCG@20': '0.0014'}
{'Epoch': 120, 'name': 'all', 'HIT@5': '0.0302', 'NDCG@5': '0.0194', 'HIT@10': '0.0484', 'NDCG@10': '0.0253', 'HIT@20': '0.0729', 'NDCG@20': '0.0314'}
EarlyStopping counter: 22 out of 40
rec dataset length: 186
100%|██████████████████████████████████████████████████████████████████████████████████████████████████████████████████████████████████████████████████| 186/186 [00:46<00:00,  4.00it/s]
{'epoch': 121, 'rec_avg_loss': '0.4957', 'joint_avg_loss': '0.7291', 'cl_avg_loss': '2.3345', 'itemcl_loss': '0.0000', 'cl_pair_0_loss': '2.3345'}
Recommendation EP_test:121: 100%|| 35/35 [00:08<00:00,  4.31it/s]
{'Epoch': 121, 'name': 'high_freq', 'HIT@5': '0.0437', 'NDCG@5': '0.0283', 'HIT@10': '0.0667', 'NDCG@10': '0.0357', 'HIT@20': '0.1027', 'NDCG@20': '0.0447'}
{'Epoch': 121, 'name': 'mid_freq', 'HIT@5': '0.0040', 'NDCG@5': '0.0022', 'HIT@10': '0.0068', 'NDCG@10': '0.0031', 'HIT@20': '0.0122', 'NDCG@20': '0.0045'}
{'Epoch': 121, 'name': 'low_freq', 'HIT@5': '0.0009', 'NDCG@5': '0.0005', 'HIT@10': '0.0020', 'NDCG@10': '0.0008', 'HIT@20': '0.0029', 'NDCG@20': '0.0010'}
{'Epoch': 121, 'name': 'all', 'HIT@5': '0.0306', 'NDCG@5': '0.0197', 'HIT@10': '0.0469', 'NDCG@10': '0.0250', 'HIT@20': '0.0726', 'NDCG@20': '0.0314'}
EarlyStopping counter: 23 out of 40
rec dataset length: 186
100%|██████████████████████████████████████████████████████████████████████████████████████████████████████████████████████████████████████████████████| 186/186 [00:46<00:00,  4.00it/s]
{'epoch': 122, 'rec_avg_loss': '0.4936', 'joint_avg_loss': '0.7262', 'cl_avg_loss': '2.3263', 'itemcl_loss': '0.0000', 'cl_pair_0_loss': '2.3263'}
Recommendation EP_test:122: 100%|| 35/35 [00:08<00:00,  4.25it/s]
{'Epoch': 122, 'name': 'high_freq', 'HIT@5': '0.0438', 'NDCG@5': '0.0285', 'HIT@10': '0.0683', 'NDCG@10': '0.0364', 'HIT@20': '0.1045', 'NDCG@20': '0.0455'}
{'Epoch': 122, 'name': 'mid_freq', 'HIT@5': '0.0043', 'NDCG@5': '0.0025', 'HIT@10': '0.0078', 'NDCG@10': '0.0036', 'HIT@20': '0.0115', 'NDCG@20': '0.0045'}
{'Epoch': 122, 'name': 'low_freq', 'HIT@5': '0.0009', 'NDCG@5': '0.0005', 'HIT@10': '0.0020', 'NDCG@10': '0.0009', 'HIT@20': '0.0032', 'NDCG@20': '0.0011'}
{'Epoch': 122, 'name': 'all', 'HIT@5': '0.0307', 'NDCG@5': '0.0200', 'HIT@10': '0.0483', 'NDCG@10': '0.0256', 'HIT@20': '0.0737', 'NDCG@20': '0.0319'}
EarlyStopping counter: 24 out of 40
rec dataset length: 186
100%|██████████████████████████████████████████████████████████████████████████████████████████████████████████████████████████████████████████████████| 186/186 [00:46<00:00,  4.00it/s]
{'epoch': 123, 'rec_avg_loss': '0.4898', 'joint_avg_loss': '0.7238', 'cl_avg_loss': '2.3395', 'itemcl_loss': '0.0000', 'cl_pair_0_loss': '2.3395'}
Recommendation EP_test:123: 100%|| 35/35 [00:08<00:00,  4.36it/s]
{'Epoch': 123, 'name': 'high_freq', 'HIT@5': '0.0437', 'NDCG@5': '0.0285', 'HIT@10': '0.0680', 'NDCG@10': '0.0362', 'HIT@20': '0.1031', 'NDCG@20': '0.0451'}
{'Epoch': 123, 'name': 'mid_freq', 'HIT@5': '0.0046', 'NDCG@5': '0.0026', 'HIT@10': '0.0080', 'NDCG@10': '0.0037', 'HIT@20': '0.0119', 'NDCG@20': '0.0047'}
{'Epoch': 123, 'name': 'low_freq', 'HIT@5': '0.0009', 'NDCG@5': '0.0005', 'HIT@10': '0.0016', 'NDCG@10': '0.0007', 'HIT@20': '0.0032', 'NDCG@20': '0.0011'}
{'Epoch': 123, 'name': 'all', 'HIT@5': '0.0307', 'NDCG@5': '0.0199', 'HIT@10': '0.0480', 'NDCG@10': '0.0255', 'HIT@20': '0.0729', 'NDCG@20': '0.0317'}
EarlyStopping counter: 25 out of 40
rec dataset length: 186
100%|██████████████████████████████████████████████████████████████████████████████████████████████████████████████████████████████████████████████████| 186/186 [00:46<00:00,  3.97it/s]
{'epoch': 124, 'rec_avg_loss': '0.4928', 'joint_avg_loss': '0.7271', 'cl_avg_loss': '2.3432', 'itemcl_loss': '0.0000', 'cl_pair_0_loss': '2.3432'}
Recommendation EP_test:124: 100%|| 35/35 [00:08<00:00,  4.32it/s]
{'Epoch': 124, 'name': 'high_freq', 'HIT@5': '0.0417', 'NDCG@5': '0.0274', 'HIT@10': '0.0664', 'NDCG@10': '0.0354', 'HIT@20': '0.1021', 'NDCG@20': '0.0444'}
{'Epoch': 124, 'name': 'mid_freq', 'HIT@5': '0.0043', 'NDCG@5': '0.0026', 'HIT@10': '0.0075', 'NDCG@10': '0.0036', 'HIT@20': '0.0128', 'NDCG@20': '0.0049'}
{'Epoch': 124, 'name': 'low_freq', 'HIT@5': '0.0005', 'NDCG@5': '0.0002', 'HIT@10': '0.0016', 'NDCG@10': '0.0006', 'HIT@20': '0.0029', 'NDCG@20': '0.0009'}
{'Epoch': 124, 'name': 'all', 'HIT@5': '0.0292', 'NDCG@5': '0.0192', 'HIT@10': '0.0468', 'NDCG@10': '0.0248', 'HIT@20': '0.0723', 'NDCG@20': '0.0313'}
EarlyStopping counter: 26 out of 40
rec dataset length: 186
100%|██████████████████████████████████████████████████████████████████████████████████████████████████████████████████████████████████████████████████| 186/186 [00:46<00:00,  4.01it/s]
{'epoch': 125, 'rec_avg_loss': '0.4927', 'joint_avg_loss': '0.7248', 'cl_avg_loss': '2.3208', 'itemcl_loss': '0.0000', 'cl_pair_0_loss': '2.3208'}
Recommendation EP_test:125: 100%|| 35/35 [00:08<00:00,  4.21it/s]
{'Epoch': 125, 'name': 'high_freq', 'HIT@5': '0.0429', 'NDCG@5': '0.0280', 'HIT@10': '0.0673', 'NDCG@10': '0.0358', 'HIT@20': '0.1014', 'NDCG@20': '0.0444'}
{'Epoch': 125, 'name': 'mid_freq', 'HIT@5': '0.0046', 'NDCG@5': '0.0025', 'HIT@10': '0.0076', 'NDCG@10': '0.0035', 'HIT@20': '0.0122', 'NDCG@20': '0.0046'}
{'Epoch': 125, 'name': 'low_freq', 'HIT@5': '0.0007', 'NDCG@5': '0.0005', 'HIT@10': '0.0018', 'NDCG@10': '0.0009', 'HIT@20': '0.0036', 'NDCG@20': '0.0013'}
{'Epoch': 125, 'name': 'all', 'HIT@5': '0.0302', 'NDCG@5': '0.0196', 'HIT@10': '0.0475', 'NDCG@10': '0.0251', 'HIT@20': '0.0718', 'NDCG@20': '0.0313'}
EarlyStopping counter: 27 out of 40
rec dataset length: 186
100%|██████████████████████████████████████████████████████████████████████████████████████████████████████████████████████████████████████████████████| 186/186 [00:46<00:00,  4.02it/s]
{'epoch': 126, 'rec_avg_loss': '0.4889', 'joint_avg_loss': '0.7219', 'cl_avg_loss': '2.3292', 'itemcl_loss': '0.0000', 'cl_pair_0_loss': '2.3292'}
Recommendation EP_test:126: 100%|| 35/35 [00:08<00:00,  4.25it/s]
{'Epoch': 126, 'name': 'high_freq', 'HIT@5': '0.0436', 'NDCG@5': '0.0277', 'HIT@10': '0.0658', 'NDCG@10': '0.0348', 'HIT@20': '0.1022', 'NDCG@20': '0.0440'}
{'Epoch': 126, 'name': 'mid_freq', 'HIT@5': '0.0039', 'NDCG@5': '0.0024', 'HIT@10': '0.0068', 'NDCG@10': '0.0033', 'HIT@20': '0.0112', 'NDCG@20': '0.0045'}
{'Epoch': 126, 'name': 'low_freq', 'HIT@5': '0.0005', 'NDCG@5': '0.0003', 'HIT@10': '0.0016', 'NDCG@10': '0.0007', 'HIT@20': '0.0036', 'NDCG@20': '0.0012'}
{'Epoch': 126, 'name': 'all', 'HIT@5': '0.0305', 'NDCG@5': '0.0194', 'HIT@10': '0.0463', 'NDCG@10': '0.0244', 'HIT@20': '0.0722', 'NDCG@20': '0.0310'}
EarlyStopping counter: 28 out of 40
rec dataset length: 186
100%|██████████████████████████████████████████████████████████████████████████████████████████████████████████████████████████████████████████████████| 186/186 [00:46<00:00,  4.00it/s]
{'epoch': 127, 'rec_avg_loss': '0.4868', 'joint_avg_loss': '0.7173', 'cl_avg_loss': '2.3053', 'itemcl_loss': '0.0000', 'cl_pair_0_loss': '2.3053'}
Recommendation EP_test:127: 100%|| 35/35 [00:08<00:00,  4.29it/s]
{'Epoch': 127, 'name': 'high_freq', 'HIT@5': '0.0413', 'NDCG@5': '0.0266', 'HIT@10': '0.0671', 'NDCG@10': '0.0349', 'HIT@20': '0.1039', 'NDCG@20': '0.0442'}
{'Epoch': 127, 'name': 'mid_freq', 'HIT@5': '0.0050', 'NDCG@5': '0.0030', 'HIT@10': '0.0076', 'NDCG@10': '0.0038', 'HIT@20': '0.0121', 'NDCG@20': '0.0049'}
{'Epoch': 127, 'name': 'low_freq', 'HIT@5': '0.0009', 'NDCG@5': '0.0005', 'HIT@10': '0.0016', 'NDCG@10': '0.0008', 'HIT@20': '0.0038', 'NDCG@20': '0.0013'}
{'Epoch': 127, 'name': 'all', 'HIT@5': '0.0292', 'NDCG@5': '0.0187', 'HIT@10': '0.0474', 'NDCG@10': '0.0246', 'HIT@20': '0.0735', 'NDCG@20': '0.0312'}
EarlyStopping counter: 29 out of 40
rec dataset length: 186
100%|██████████████████████████████████████████████████████████████████████████████████████████████████████████████████████████████████████████████████| 186/186 [00:46<00:00,  4.00it/s]
{'epoch': 128, 'rec_avg_loss': '0.4881', 'joint_avg_loss': '0.7185', 'cl_avg_loss': '2.3043', 'itemcl_loss': '0.0000', 'cl_pair_0_loss': '2.3043'}
Recommendation EP_test:128: 100%|| 35/35 [00:08<00:00,  4.31it/s]
{'Epoch': 128, 'name': 'high_freq', 'HIT@5': '0.0417', 'NDCG@5': '0.0268', 'HIT@10': '0.0664', 'NDCG@10': '0.0347', 'HIT@20': '0.1011', 'NDCG@20': '0.0434'}
{'Epoch': 128, 'name': 'mid_freq', 'HIT@5': '0.0045', 'NDCG@5': '0.0028', 'HIT@10': '0.0079', 'NDCG@10': '0.0039', 'HIT@20': '0.0124', 'NDCG@20': '0.0051'}
{'Epoch': 128, 'name': 'low_freq', 'HIT@5': '0.0009', 'NDCG@5': '0.0006', 'HIT@10': '0.0014', 'NDCG@10': '0.0007', 'HIT@20': '0.0045', 'NDCG@20': '0.0015'}
{'Epoch': 128, 'name': 'all', 'HIT@5': '0.0293', 'NDCG@5': '0.0188', 'HIT@10': '0.0469', 'NDCG@10': '0.0245', 'HIT@20': '0.0718', 'NDCG@20': '0.0307'}
EarlyStopping counter: 30 out of 40
rec dataset length: 186
100%|██████████████████████████████████████████████████████████████████████████████████████████████████████████████████████████████████████████████████| 186/186 [00:46<00:00,  3.99it/s]
{'epoch': 129, 'rec_avg_loss': '0.4859', 'joint_avg_loss': '0.7187', 'cl_avg_loss': '2.3275', 'itemcl_loss': '0.0000', 'cl_pair_0_loss': '2.3275'}
Recommendation EP_test:129: 100%|| 35/35 [00:08<00:00,  4.29it/s]
{'Epoch': 129, 'name': 'high_freq', 'HIT@5': '0.0414', 'NDCG@5': '0.0266', 'HIT@10': '0.0649', 'NDCG@10': '0.0341', 'HIT@20': '0.1026', 'NDCG@20': '0.0436'}
{'Epoch': 129, 'name': 'mid_freq', 'HIT@5': '0.0049', 'NDCG@5': '0.0029', 'HIT@10': '0.0083', 'NDCG@10': '0.0040', 'HIT@20': '0.0121', 'NDCG@20': '0.0050'}
{'Epoch': 129, 'name': 'low_freq', 'HIT@5': '0.0009', 'NDCG@5': '0.0006', 'HIT@10': '0.0020', 'NDCG@10': '0.0009', 'HIT@20': '0.0048', 'NDCG@20': '0.0016'}
{'Epoch': 129, 'name': 'all', 'HIT@5': '0.0292', 'NDCG@5': '0.0187', 'HIT@10': '0.0460', 'NDCG@10': '0.0241', 'HIT@20': '0.0728', 'NDCG@20': '0.0308'}
EarlyStopping counter: 31 out of 40
rec dataset length: 186
100%|██████████████████████████████████████████████████████████████████████████████████████████████████████████████████████████████████████████████████| 186/186 [00:46<00:00,  3.99it/s]
{'epoch': 130, 'rec_avg_loss': '0.4858', 'joint_avg_loss': '0.7155', 'cl_avg_loss': '2.2975', 'itemcl_loss': '0.0000', 'cl_pair_0_loss': '2.2975'}
Recommendation EP_test:130: 100%|| 35/35 [00:08<00:00,  4.32it/s]
{'Epoch': 130, 'name': 'high_freq', 'HIT@5': '0.0410', 'NDCG@5': '0.0265', 'HIT@10': '0.0671', 'NDCG@10': '0.0349', 'HIT@20': '0.1026', 'NDCG@20': '0.0438'}
{'Epoch': 130, 'name': 'mid_freq', 'HIT@5': '0.0052', 'NDCG@5': '0.0032', 'HIT@10': '0.0092', 'NDCG@10': '0.0045', 'HIT@20': '0.0129', 'NDCG@20': '0.0054'}
{'Epoch': 130, 'name': 'low_freq', 'HIT@5': '0.0011', 'NDCG@5': '0.0007', 'HIT@10': '0.0018', 'NDCG@10': '0.0009', 'HIT@20': '0.0038', 'NDCG@20': '0.0014'}
{'Epoch': 130, 'name': 'all', 'HIT@5': '0.0291', 'NDCG@5': '0.0187', 'HIT@10': '0.0477', 'NDCG@10': '0.0247', 'HIT@20': '0.0728', 'NDCG@20': '0.0310'}
EarlyStopping counter: 32 out of 40
rec dataset length: 186
100%|██████████████████████████████████████████████████████████████████████████████████████████████████████████████████████████████████████████████████| 186/186 [00:46<00:00,  4.01it/s]
{'epoch': 131, 'rec_avg_loss': '0.4837', 'joint_avg_loss': '0.7142', 'cl_avg_loss': '2.3051', 'itemcl_loss': '0.0000', 'cl_pair_0_loss': '2.3051'}
Recommendation EP_test:131: 100%|| 35/35 [00:08<00:00,  4.27it/s]
{'Epoch': 131, 'name': 'high_freq', 'HIT@5': '0.0413', 'NDCG@5': '0.0266', 'HIT@10': '0.0655', 'NDCG@10': '0.0344', 'HIT@20': '0.1012', 'NDCG@20': '0.0434'}
{'Epoch': 131, 'name': 'mid_freq', 'HIT@5': '0.0052', 'NDCG@5': '0.0031', 'HIT@10': '0.0079', 'NDCG@10': '0.0040', 'HIT@20': '0.0122', 'NDCG@20': '0.0051'}
{'Epoch': 131, 'name': 'low_freq', 'HIT@5': '0.0014', 'NDCG@5': '0.0009', 'HIT@10': '0.0027', 'NDCG@10': '0.0014', 'HIT@20': '0.0043', 'NDCG@20': '0.0018'}
{'Epoch': 131, 'name': 'all', 'HIT@5': '0.0293', 'NDCG@5': '0.0188', 'HIT@10': '0.0464', 'NDCG@10': '0.0244', 'HIT@20': '0.0718', 'NDCG@20': '0.0307'}
EarlyStopping counter: 33 out of 40
rec dataset length: 186
100%|██████████████████████████████████████████████████████████████████████████████████████████████████████████████████████████████████████████████████| 186/186 [00:46<00:00,  4.01it/s]
{'epoch': 132, 'rec_avg_loss': '0.4807', 'joint_avg_loss': '0.7126', 'cl_avg_loss': '2.3192', 'itemcl_loss': '0.0000', 'cl_pair_0_loss': '2.3192'}
Recommendation EP_test:132: 100%|| 35/35 [00:08<00:00,  4.20it/s]
{'Epoch': 132, 'name': 'high_freq', 'HIT@5': '0.0420', 'NDCG@5': '0.0274', 'HIT@10': '0.0659', 'NDCG@10': '0.0351', 'HIT@20': '0.1020', 'NDCG@20': '0.0442'}
{'Epoch': 132, 'name': 'mid_freq', 'HIT@5': '0.0047', 'NDCG@5': '0.0030', 'HIT@10': '0.0080', 'NDCG@10': '0.0040', 'HIT@20': '0.0116', 'NDCG@20': '0.0049'}
{'Epoch': 132, 'name': 'low_freq', 'HIT@5': '0.0009', 'NDCG@5': '0.0006', 'HIT@10': '0.0018', 'NDCG@10': '0.0008', 'HIT@20': '0.0043', 'NDCG@20': '0.0015'}
{'Epoch': 132, 'name': 'all', 'HIT@5': '0.0296', 'NDCG@5': '0.0193', 'HIT@10': '0.0467', 'NDCG@10': '0.0248', 'HIT@20': '0.0722', 'NDCG@20': '0.0312'}
EarlyStopping counter: 34 out of 40
rec dataset length: 186
100%|██████████████████████████████████████████████████████████████████████████████████████████████████████████████████████████████████████████████████| 186/186 [00:46<00:00,  4.01it/s]
{'epoch': 133, 'rec_avg_loss': '0.4812', 'joint_avg_loss': '0.7117', 'cl_avg_loss': '2.3049', 'itemcl_loss': '0.0000', 'cl_pair_0_loss': '2.3049'}
Recommendation EP_test:133: 100%|| 35/35 [00:08<00:00,  4.32it/s]
{'Epoch': 133, 'name': 'high_freq', 'HIT@5': '0.0425', 'NDCG@5': '0.0280', 'HIT@10': '0.0666', 'NDCG@10': '0.0358', 'HIT@20': '0.1023', 'NDCG@20': '0.0448'}
{'Epoch': 133, 'name': 'mid_freq', 'HIT@5': '0.0042', 'NDCG@5': '0.0027', 'HIT@10': '0.0070', 'NDCG@10': '0.0036', 'HIT@20': '0.0121', 'NDCG@20': '0.0049'}
{'Epoch': 133, 'name': 'low_freq', 'HIT@5': '0.0014', 'NDCG@5': '0.0008', 'HIT@10': '0.0023', 'NDCG@10': '0.0011', 'HIT@20': '0.0041', 'NDCG@20': '0.0016'}
{'Epoch': 133, 'name': 'all', 'HIT@5': '0.0299', 'NDCG@5': '0.0197', 'HIT@10': '0.0470', 'NDCG@10': '0.0252', 'HIT@20': '0.0725', 'NDCG@20': '0.0316'}
EarlyStopping counter: 35 out of 40
rec dataset length: 186
100%|██████████████████████████████████████████████████████████████████████████████████████████████████████████████████████████████████████████████████| 186/186 [00:46<00:00,  4.00it/s]
{'epoch': 134, 'rec_avg_loss': '0.4812', 'joint_avg_loss': '0.7123', 'cl_avg_loss': '2.3101', 'itemcl_loss': '0.0000', 'cl_pair_0_loss': '2.3101'}
Recommendation EP_test:134: 100%|| 35/35 [00:08<00:00,  4.26it/s]
{'Epoch': 134, 'name': 'high_freq', 'HIT@5': '0.0429', 'NDCG@5': '0.0284', 'HIT@10': '0.0658', 'NDCG@10': '0.0358', 'HIT@20': '0.1017', 'NDCG@20': '0.0448'}
{'Epoch': 134, 'name': 'mid_freq', 'HIT@5': '0.0045', 'NDCG@5': '0.0029', 'HIT@10': '0.0076', 'NDCG@10': '0.0039', 'HIT@20': '0.0135', 'NDCG@20': '0.0054'}
{'Epoch': 134, 'name': 'low_freq', 'HIT@5': '0.0011', 'NDCG@5': '0.0007', 'HIT@10': '0.0023', 'NDCG@10': '0.0011', 'HIT@20': '0.0045', 'NDCG@20': '0.0016'}
{'Epoch': 134, 'name': 'all', 'HIT@5': '0.0302', 'NDCG@5': '0.0200', 'HIT@10': '0.0465', 'NDCG@10': '0.0252', 'HIT@20': '0.0724', 'NDCG@20': '0.0317'}
EarlyStopping counter: 36 out of 40
rec dataset length: 186
100%|██████████████████████████████████████████████████████████████████████████████████████████████████████████████████████████████████████████████████| 186/186 [00:46<00:00,  4.00it/s]
{'epoch': 135, 'rec_avg_loss': '0.4810', 'joint_avg_loss': '0.7092', 'cl_avg_loss': '2.2823', 'itemcl_loss': '0.0000', 'cl_pair_0_loss': '2.2823'}
Recommendation EP_test:135: 100%|| 35/35 [00:08<00:00,  4.27it/s]
{'Epoch': 135, 'name': 'high_freq', 'HIT@5': '0.0410', 'NDCG@5': '0.0271', 'HIT@10': '0.0668', 'NDCG@10': '0.0354', 'HIT@20': '0.1016', 'NDCG@20': '0.0442'}
{'Epoch': 135, 'name': 'mid_freq', 'HIT@5': '0.0042', 'NDCG@5': '0.0024', 'HIT@10': '0.0075', 'NDCG@10': '0.0035', 'HIT@20': '0.0128', 'NDCG@20': '0.0048'}
{'Epoch': 135, 'name': 'low_freq', 'HIT@5': '0.0011', 'NDCG@5': '0.0007', 'HIT@10': '0.0027', 'NDCG@10': '0.0012', 'HIT@20': '0.0043', 'NDCG@20': '0.0016'}
{'Epoch': 135, 'name': 'all', 'HIT@5': '0.0288', 'NDCG@5': '0.0190', 'HIT@10': '0.0472', 'NDCG@10': '0.0249', 'HIT@20': '0.0721', 'NDCG@20': '0.0312'}
EarlyStopping counter: 37 out of 40
rec dataset length: 186
100%|██████████████████████████████████████████████████████████████████████████████████████████████████████████████████████████████████████████████████| 186/186 [00:46<00:00,  4.01it/s]
{'epoch': 136, 'rec_avg_loss': '0.4788', 'joint_avg_loss': '0.7105', 'cl_avg_loss': '2.3169', 'itemcl_loss': '0.0000', 'cl_pair_0_loss': '2.3169'}
Recommendation EP_test:136: 100%|| 35/35 [00:08<00:00,  4.18it/s]
{'Epoch': 136, 'name': 'high_freq', 'HIT@5': '0.0415', 'NDCG@5': '0.0267', 'HIT@10': '0.0649', 'NDCG@10': '0.0343', 'HIT@20': '0.0991', 'NDCG@20': '0.0429'}
{'Epoch': 136, 'name': 'mid_freq', 'HIT@5': '0.0042', 'NDCG@5': '0.0027', 'HIT@10': '0.0085', 'NDCG@10': '0.0041', 'HIT@20': '0.0142', 'NDCG@20': '0.0056'}
{'Epoch': 136, 'name': 'low_freq', 'HIT@5': '0.0011', 'NDCG@5': '0.0007', 'HIT@10': '0.0023', 'NDCG@10': '0.0011', 'HIT@20': '0.0041', 'NDCG@20': '0.0015'}
{'Epoch': 136, 'name': 'all', 'HIT@5': '0.0292', 'NDCG@5': '0.0188', 'HIT@10': '0.0461', 'NDCG@10': '0.0242', 'HIT@20': '0.0707', 'NDCG@20': '0.0304'}
EarlyStopping counter: 38 out of 40
rec dataset length: 186
100%|██████████████████████████████████████████████████████████████████████████████████████████████████████████████████████████████████████████████████| 186/186 [00:46<00:00,  4.01it/s]
{'epoch': 137, 'rec_avg_loss': '0.4765', 'joint_avg_loss': '0.7076', 'cl_avg_loss': '2.3104', 'itemcl_loss': '0.0000', 'cl_pair_0_loss': '2.3104'}
Recommendation EP_test:137: 100%|| 35/35 [00:08<00:00,  4.26it/s]
{'Epoch': 137, 'name': 'high_freq', 'HIT@5': '0.0403', 'NDCG@5': '0.0265', 'HIT@10': '0.0658', 'NDCG@10': '0.0346', 'HIT@20': '0.1003', 'NDCG@20': '0.0434'}
{'Epoch': 137, 'name': 'mid_freq', 'HIT@5': '0.0043', 'NDCG@5': '0.0027', 'HIT@10': '0.0082', 'NDCG@10': '0.0039', 'HIT@20': '0.0136', 'NDCG@20': '0.0053'}
{'Epoch': 137, 'name': 'low_freq', 'HIT@5': '0.0014', 'NDCG@5': '0.0007', 'HIT@10': '0.0023', 'NDCG@10': '0.0010', 'HIT@20': '0.0034', 'NDCG@20': '0.0013'}
{'Epoch': 137, 'name': 'all', 'HIT@5': '0.0285', 'NDCG@5': '0.0186', 'HIT@10': '0.0466', 'NDCG@10': '0.0245', 'HIT@20': '0.0714', 'NDCG@20': '0.0307'}
EarlyStopping counter: 39 out of 40
rec dataset length: 186
100%|██████████████████████████████████████████████████████████████████████████████████████████████████████████████████████████████████████████████████| 186/186 [00:46<00:00,  4.00it/s]
{'epoch': 138, 'rec_avg_loss': '0.4759', 'joint_avg_loss': '0.7051', 'cl_avg_loss': '2.2923', 'itemcl_loss': '0.0000', 'cl_pair_0_loss': '2.2923'}
Recommendation EP_test:138: 100%|| 35/35 [00:08<00:00,  4.23it/s]
{'Epoch': 138, 'name': 'high_freq', 'HIT@5': '0.0417', 'NDCG@5': '0.0271', 'HIT@10': '0.0646', 'NDCG@10': '0.0345', 'HIT@20': '0.1015', 'NDCG@20': '0.0438'}
{'Epoch': 138, 'name': 'mid_freq', 'HIT@5': '0.0049', 'NDCG@5': '0.0029', 'HIT@10': '0.0080', 'NDCG@10': '0.0039', 'HIT@20': '0.0136', 'NDCG@20': '0.0053'}
{'Epoch': 138, 'name': 'low_freq', 'HIT@5': '0.0011', 'NDCG@5': '0.0007', 'HIT@10': '0.0020', 'NDCG@10': '0.0010', 'HIT@20': '0.0034', 'NDCG@20': '0.0013'}
{'Epoch': 138, 'name': 'all', 'HIT@5': '0.0294', 'NDCG@5': '0.0191', 'HIT@10': '0.0458', 'NDCG@10': '0.0244', 'HIT@20': '0.0722', 'NDCG@20': '0.0310'}
EarlyStopping counter: 40 out of 40
Early stopping
---------------Change to test_rating_matrix!-------------------
Recommendation EP_test:139: 100%|| 35/35 [00:08<00:00,  4.18it/s]
{'Epoch': 139, 'name': 'high_freq', 'HIT@5': '0.0372', 'NDCG@5': '0.0244', 'HIT@10': '0.0569', 'NDCG@10': '0.0308', 'HIT@20': '0.0857', 'NDCG@20': '0.0380'}
{'Epoch': 139, 'name': 'mid_freq', 'HIT@5': '0.0024', 'NDCG@5': '0.0017', 'HIT@10': '0.0049', 'NDCG@10': '0.0025', 'HIT@20': '0.0079', 'NDCG@20': '0.0033'}
{'Epoch': 139, 'name': 'low_freq', 'HIT@5': '0.0008', 'NDCG@5': '0.0004', 'HIT@10': '0.0017', 'NDCG@10': '0.0007', 'HIT@20': '0.0031', 'NDCG@20': '0.0011'}
{'Epoch': 139, 'name': 'all', 'HIT@5': '0.0241', 'NDCG@5': '0.0158', 'HIT@10': '0.0372', 'NDCG@10': '0.0201', 'HIT@20': '0.0563', 'NDCG@20': '0.0248'}
CoSeRec-Sports_and_Outdoors-single_cl_1024_only_aug_mid_low
{'Epoch': 139, 'name': 'all', 'HIT@5': '0.0241', 'NDCG@5': '0.0158', 'HIT@10': '0.0372', 'NDCG@10': '0.0201', 'HIT@20': '0.0563', 'NDCG@20': '0.0248'}
Using Cuda: True
(18359, 18359)
--------------------Configure Info:------------
data_dir                       :                             ./data/
output_dir                     :                             output/
data_name                      :                 Sports_and_Outdoors
do_eval                        :                                   0
model_idx                      :       single_cl_1024_contrastanchor
gpu_id                         :                                   0
noise_ratio                    :                                 0.0
training_data_ratio            :                                 1.0
augment_threshold              :                                   4
similarity_model_name          :                          ItemCF_IUF
augmentation_warm_up_epoches   :                                 160
base_augment_type              :                              random
augment_type_for_short         :                                 SIM
tao                            :                                 0.2
gamma                          :                                 0.7
beta                           :                                 0.2
substitute_rate                :                                 0.1
insert_rate                    :                                 0.4
max_insert_num_per_pos         :                                   1
temperature                    :                                 1.0
n_views                        :                                   2
model_name                     :                             CoSeRec
hidden_size                    :                                  64
num_hidden_layers              :                                   2
num_attention_heads            :                                   2
hidden_act                     :                                gelu
attention_probs_dropout_prob   :                                 0.5
hidden_dropout_prob            :                                 0.5
initializer_range              :                                0.02
max_seq_length                 :                                  50
lr                             :                               0.001
batch_size                     :                                1024
epochs                         :                                 300
no_cuda                        :                                   0
log_freq                       :                                   1
seed                           :                                   1
cf_weight                      :                                 0.1
rec_weight                     :                                 1.0
weight_decay                   :                                 0.0
adam_beta1                     :                                 0.9
adam_beta2                     :                               0.999
cl                             :                                   1
multi_neg                      :                                   0
use_freq                       :                                   0
mask_strategy                  :                              random
contrast_anchor                :                                   1
aug_by_target                  :                                 all
cuda_condition                 :                                   1
data_file                      :      ./data/Sports_and_Outdoors.txt
item_size                      :                               18359
mask_id                        :                               18358
log_file                       : output/CoSeRec-Sports_and_Outdoors-single_cl_1024_contrastanchor.txt
Similarity Model Type: offline
short sequence augment type: SIM
Augmentation methods for Long sequences: 5
Augmentation methods for short sequences: 3
Creating Contrastive Learning Dataset using 'random' data augmentation
Similarity Model Type: offline
short sequence augment type: SIM
Augmentation methods for Long sequences: 5
Augmentation methods for short sequences: 3
Creating Contrastive Learning Dataset using 'random' data augmentation
Similarity Model Type: offline
short sequence augment type: SIM
Augmentation methods for Long sequences: 5
Augmentation methods for short sequences: 3
Creating Contrastive Learning Dataset using 'random' data augmentation
Total Parameters: 1278464
self.cf_criterion: NCELoss
Train CoSeRec
rec dataset length: 186
100%|██████████████████████████████████████████████████████████████████████████████████████████████████████████████████████████████████████████████████| 186/186 [01:05<00:00,  2.84it/s]
{'epoch': 0, 'rec_avg_loss': '1.3313', 'joint_avg_loss': '2.0086', 'cl_avg_loss': '6.7727', 'itemcl_loss': '0.0000', 'cl_pair_0_loss': '6.7727'}
Recommendation EP_test:0: 100%|| 35/35 [00:08<00:00,  4.00it/s]
{'Epoch': 0, 'name': 'high_freq', 'HIT@5': '0.0131', 'NDCG@5': '0.0086', 'HIT@10': '0.0213', 'NDCG@10': '0.0112', 'HIT@20': '0.0332', 'NDCG@20': '0.0142'}
{'Epoch': 0, 'name': 'mid_freq', 'HIT@5': '0.0000', 'NDCG@5': '0.0000', 'HIT@10': '0.0000', 'NDCG@10': '0.0000', 'HIT@20': '0.0000', 'NDCG@20': '0.0000'}
{'Epoch': 0, 'name': 'low_freq', 'HIT@5': '0.0000', 'NDCG@5': '0.0000', 'HIT@10': '0.0000', 'NDCG@10': '0.0000', 'HIT@20': '0.0000', 'NDCG@20': '0.0000'}
{'Epoch': 0, 'name': 'all', 'HIT@5': '0.0089', 'NDCG@5': '0.0059', 'HIT@10': '0.0145', 'NDCG@10': '0.0076', 'HIT@20': '0.0226', 'NDCG@20': '0.0097'}
Validation score increased.  Saving model ...
rec dataset length: 186
100%|██████████████████████████████████████████████████████████████████████████████████████████████████████████████████████████████████████████████████| 186/186 [01:04<00:00,  2.88it/s]
{'epoch': 1, 'rec_avg_loss': '1.2460', 'joint_avg_loss': '1.7319', 'cl_avg_loss': '4.8591', 'itemcl_loss': '0.0000', 'cl_pair_0_loss': '4.8591'}
Recommendation EP_test:1: 100%|| 35/35 [00:07<00:00,  4.43it/s]
{'Epoch': 1, 'name': 'high_freq', 'HIT@5': '0.0142', 'NDCG@5': '0.0091', 'HIT@10': '0.0232', 'NDCG@10': '0.0119', 'HIT@20': '0.0381', 'NDCG@20': '0.0157'}
{'Epoch': 1, 'name': 'mid_freq', 'HIT@5': '0.0000', 'NDCG@5': '0.0000', 'HIT@10': '0.0000', 'NDCG@10': '0.0000', 'HIT@20': '0.0000', 'NDCG@20': '0.0000'}
{'Epoch': 1, 'name': 'low_freq', 'HIT@5': '0.0000', 'NDCG@5': '0.0000', 'HIT@10': '0.0000', 'NDCG@10': '0.0000', 'HIT@20': '0.0000', 'NDCG@20': '0.0000'}
{'Epoch': 1, 'name': 'all', 'HIT@5': '0.0097', 'NDCG@5': '0.0062', 'HIT@10': '0.0158', 'NDCG@10': '0.0081', 'HIT@20': '0.0259', 'NDCG@20': '0.0107'}
Validation score increased.  Saving model ...
rec dataset length: 186
100%|██████████████████████████████████████████████████████████████████████████████████████████████████████████████████████████████████████████████████| 186/186 [01:04<00:00,  2.87it/s]
{'epoch': 2, 'rec_avg_loss': '1.1856', 'joint_avg_loss': '1.6296', 'cl_avg_loss': '4.4404', 'itemcl_loss': '0.0000', 'cl_pair_0_loss': '4.4404'}
Recommendation EP_test:2: 100%|| 35/35 [00:07<00:00,  4.60it/s]
{'Epoch': 2, 'name': 'high_freq', 'HIT@5': '0.0142', 'NDCG@5': '0.0090', 'HIT@10': '0.0229', 'NDCG@10': '0.0118', 'HIT@20': '0.0378', 'NDCG@20': '0.0155'}
{'Epoch': 2, 'name': 'mid_freq', 'HIT@5': '0.0000', 'NDCG@5': '0.0000', 'HIT@10': '0.0000', 'NDCG@10': '0.0000', 'HIT@20': '0.0000', 'NDCG@20': '0.0000'}
{'Epoch': 2, 'name': 'low_freq', 'HIT@5': '0.0000', 'NDCG@5': '0.0000', 'HIT@10': '0.0000', 'NDCG@10': '0.0000', 'HIT@20': '0.0000', 'NDCG@20': '0.0000'}
{'Epoch': 2, 'name': 'all', 'HIT@5': '0.0096', 'NDCG@5': '0.0061', 'HIT@10': '0.0156', 'NDCG@10': '0.0080', 'HIT@20': '0.0257', 'NDCG@20': '0.0106'}
EarlyStopping counter: 1 out of 40
rec dataset length: 186
100%|██████████████████████████████████████████████████████████████████████████████████████████████████████████████████████████████████████████████████| 186/186 [01:04<00:00,  2.87it/s]
{'epoch': 3, 'rec_avg_loss': '1.1530', 'joint_avg_loss': '1.5721', 'cl_avg_loss': '4.1906', 'itemcl_loss': '0.0000', 'cl_pair_0_loss': '4.1906'}
Recommendation EP_test:3: 100%|| 35/35 [00:07<00:00,  4.50it/s]
{'Epoch': 3, 'name': 'high_freq', 'HIT@5': '0.0150', 'NDCG@5': '0.0094', 'HIT@10': '0.0236', 'NDCG@10': '0.0122', 'HIT@20': '0.0398', 'NDCG@20': '0.0162'}
{'Epoch': 3, 'name': 'mid_freq', 'HIT@5': '0.0000', 'NDCG@5': '0.0000', 'HIT@10': '0.0000', 'NDCG@10': '0.0000', 'HIT@20': '0.0000', 'NDCG@20': '0.0000'}
{'Epoch': 3, 'name': 'low_freq', 'HIT@5': '0.0000', 'NDCG@5': '0.0000', 'HIT@10': '0.0000', 'NDCG@10': '0.0000', 'HIT@20': '0.0000', 'NDCG@20': '0.0000'}
{'Epoch': 3, 'name': 'all', 'HIT@5': '0.0102', 'NDCG@5': '0.0064', 'HIT@10': '0.0160', 'NDCG@10': '0.0083', 'HIT@20': '0.0271', 'NDCG@20': '0.0110'}
Validation score increased.  Saving model ...
rec dataset length: 186
100%|██████████████████████████████████████████████████████████████████████████████████████████████████████████████████████████████████████████████████| 186/186 [01:04<00:00,  2.86it/s]
{'epoch': 4, 'rec_avg_loss': '1.1322', 'joint_avg_loss': '1.5274', 'cl_avg_loss': '3.9523', 'itemcl_loss': '0.0000', 'cl_pair_0_loss': '3.9523'}
Recommendation EP_test:4: 100%|| 35/35 [00:08<00:00,  4.14it/s]
{'Epoch': 4, 'name': 'high_freq', 'HIT@5': '0.0153', 'NDCG@5': '0.0095', 'HIT@10': '0.0255', 'NDCG@10': '0.0128', 'HIT@20': '0.0398', 'NDCG@20': '0.0164'}
{'Epoch': 4, 'name': 'mid_freq', 'HIT@5': '0.0000', 'NDCG@5': '0.0000', 'HIT@10': '0.0000', 'NDCG@10': '0.0000', 'HIT@20': '0.0000', 'NDCG@20': '0.0000'}
{'Epoch': 4, 'name': 'low_freq', 'HIT@5': '0.0000', 'NDCG@5': '0.0000', 'HIT@10': '0.0000', 'NDCG@10': '0.0000', 'HIT@20': '0.0000', 'NDCG@20': '0.0000'}
{'Epoch': 4, 'name': 'all', 'HIT@5': '0.0104', 'NDCG@5': '0.0065', 'HIT@10': '0.0173', 'NDCG@10': '0.0087', 'HIT@20': '0.0271', 'NDCG@20': '0.0111'}
Validation score increased.  Saving model ...
rec dataset length: 186
100%|██████████████████████████████████████████████████████████████████████████████████████████████████████████████████████████████████████████████████| 186/186 [01:04<00:00,  2.87it/s]
{'epoch': 5, 'rec_avg_loss': '1.1146', 'joint_avg_loss': '1.4925', 'cl_avg_loss': '3.7791', 'itemcl_loss': '0.0000', 'cl_pair_0_loss': '3.7791'}
Recommendation EP_test:5: 100%|| 35/35 [00:08<00:00,  3.93it/s]
{'Epoch': 5, 'name': 'high_freq', 'HIT@5': '0.0160', 'NDCG@5': '0.0102', 'HIT@10': '0.0270', 'NDCG@10': '0.0137', 'HIT@20': '0.0428', 'NDCG@20': '0.0177'}
{'Epoch': 5, 'name': 'mid_freq', 'HIT@5': '0.0000', 'NDCG@5': '0.0000', 'HIT@10': '0.0000', 'NDCG@10': '0.0000', 'HIT@20': '0.0000', 'NDCG@20': '0.0000'}
{'Epoch': 5, 'name': 'low_freq', 'HIT@5': '0.0000', 'NDCG@5': '0.0000', 'HIT@10': '0.0000', 'NDCG@10': '0.0000', 'HIT@20': '0.0000', 'NDCG@20': '0.0000'}
{'Epoch': 5, 'name': 'all', 'HIT@5': '0.0109', 'NDCG@5': '0.0070', 'HIT@10': '0.0184', 'NDCG@10': '0.0093', 'HIT@20': '0.0291', 'NDCG@20': '0.0120'}
Validation score increased.  Saving model ...
rec dataset length: 186
100%|██████████████████████████████████████████████████████████████████████████████████████████████████████████████████████████████████████████████████| 186/186 [01:04<00:00,  2.87it/s]
{'epoch': 6, 'rec_avg_loss': '1.0934', 'joint_avg_loss': '1.4586', 'cl_avg_loss': '3.6526', 'itemcl_loss': '0.0000', 'cl_pair_0_loss': '3.6526'}
Recommendation EP_test:6: 100%|| 35/35 [00:08<00:00,  4.32it/s]
{'Epoch': 6, 'name': 'high_freq', 'HIT@5': '0.0177', 'NDCG@5': '0.0110', 'HIT@10': '0.0297', 'NDCG@10': '0.0149', 'HIT@20': '0.0465', 'NDCG@20': '0.0190'}
{'Epoch': 6, 'name': 'mid_freq', 'HIT@5': '0.0000', 'NDCG@5': '0.0000', 'HIT@10': '0.0000', 'NDCG@10': '0.0000', 'HIT@20': '0.0000', 'NDCG@20': '0.0000'}
{'Epoch': 6, 'name': 'low_freq', 'HIT@5': '0.0000', 'NDCG@5': '0.0000', 'HIT@10': '0.0000', 'NDCG@10': '0.0000', 'HIT@20': '0.0000', 'NDCG@20': '0.0000'}
{'Epoch': 6, 'name': 'all', 'HIT@5': '0.0120', 'NDCG@5': '0.0075', 'HIT@10': '0.0202', 'NDCG@10': '0.0101', 'HIT@20': '0.0316', 'NDCG@20': '0.0130'}
Validation score increased.  Saving model ...
rec dataset length: 186
100%|██████████████████████████████████████████████████████████████████████████████████████████████████████████████████████████████████████████████████| 186/186 [01:04<00:00,  2.86it/s]
{'epoch': 7, 'rec_avg_loss': '1.0722', 'joint_avg_loss': '1.4277', 'cl_avg_loss': '3.5556', 'itemcl_loss': '0.0000', 'cl_pair_0_loss': '3.5556'}
Recommendation EP_test:7: 100%|| 35/35 [00:08<00:00,  4.16it/s]
{'Epoch': 7, 'name': 'high_freq', 'HIT@5': '0.0196', 'NDCG@5': '0.0124', 'HIT@10': '0.0334', 'NDCG@10': '0.0168', 'HIT@20': '0.0509', 'NDCG@20': '0.0212'}
{'Epoch': 7, 'name': 'mid_freq', 'HIT@5': '0.0000', 'NDCG@5': '0.0000', 'HIT@10': '0.0000', 'NDCG@10': '0.0000', 'HIT@20': '0.0000', 'NDCG@20': '0.0000'}
{'Epoch': 7, 'name': 'low_freq', 'HIT@5': '0.0000', 'NDCG@5': '0.0000', 'HIT@10': '0.0000', 'NDCG@10': '0.0000', 'HIT@20': '0.0000', 'NDCG@20': '0.0000'}
{'Epoch': 7, 'name': 'all', 'HIT@5': '0.0133', 'NDCG@5': '0.0084', 'HIT@10': '0.0228', 'NDCG@10': '0.0115', 'HIT@20': '0.0346', 'NDCG@20': '0.0144'}
Validation score increased.  Saving model ...
rec dataset length: 186
100%|██████████████████████████████████████████████████████████████████████████████████████████████████████████████████████████████████████████████████| 186/186 [01:04<00:00,  2.86it/s]
{'epoch': 8, 'rec_avg_loss': '1.0490', 'joint_avg_loss': '1.4000', 'cl_avg_loss': '3.5096', 'itemcl_loss': '0.0000', 'cl_pair_0_loss': '3.5096'}
Recommendation EP_test:8: 100%|| 35/35 [00:08<00:00,  4.21it/s]
{'Epoch': 8, 'name': 'high_freq', 'HIT@5': '0.0200', 'NDCG@5': '0.0127', 'HIT@10': '0.0328', 'NDCG@10': '0.0168', 'HIT@20': '0.0538', 'NDCG@20': '0.0220'}
{'Epoch': 8, 'name': 'mid_freq', 'HIT@5': '0.0000', 'NDCG@5': '0.0000', 'HIT@10': '0.0000', 'NDCG@10': '0.0000', 'HIT@20': '0.0000', 'NDCG@20': '0.0000'}
{'Epoch': 8, 'name': 'low_freq', 'HIT@5': '0.0000', 'NDCG@5': '0.0000', 'HIT@10': '0.0000', 'NDCG@10': '0.0000', 'HIT@20': '0.0000', 'NDCG@20': '0.0000'}
{'Epoch': 8, 'name': 'all', 'HIT@5': '0.0136', 'NDCG@5': '0.0086', 'HIT@10': '0.0223', 'NDCG@10': '0.0114', 'HIT@20': '0.0366', 'NDCG@20': '0.0150'}
Validation score increased.  Saving model ...
rec dataset length: 186
100%|██████████████████████████████████████████████████████████████████████████████████████████████████████████████████████████████████████████████████| 186/186 [01:04<00:00,  2.87it/s]
{'epoch': 9, 'rec_avg_loss': '1.0249', 'joint_avg_loss': '1.3710', 'cl_avg_loss': '3.4614', 'itemcl_loss': '0.0000', 'cl_pair_0_loss': '3.4614'}
Recommendation EP_test:9: 100%|| 35/35 [00:07<00:00,  4.41it/s]
{'Epoch': 9, 'name': 'high_freq', 'HIT@5': '0.0209', 'NDCG@5': '0.0129', 'HIT@10': '0.0351', 'NDCG@10': '0.0175', 'HIT@20': '0.0586', 'NDCG@20': '0.0234'}
{'Epoch': 9, 'name': 'mid_freq', 'HIT@5': '0.0000', 'NDCG@5': '0.0000', 'HIT@10': '0.0000', 'NDCG@10': '0.0000', 'HIT@20': '0.0000', 'NDCG@20': '0.0000'}
{'Epoch': 9, 'name': 'low_freq', 'HIT@5': '0.0000', 'NDCG@5': '0.0000', 'HIT@10': '0.0000', 'NDCG@10': '0.0000', 'HIT@20': '0.0000', 'NDCG@20': '0.0000'}
{'Epoch': 9, 'name': 'all', 'HIT@5': '0.0142', 'NDCG@5': '0.0088', 'HIT@10': '0.0238', 'NDCG@10': '0.0119', 'HIT@20': '0.0398', 'NDCG@20': '0.0159'}
Validation score increased.  Saving model ...
rec dataset length: 186
100%|██████████████████████████████████████████████████████████████████████████████████████████████████████████████████████████████████████████████████| 186/186 [01:04<00:00,  2.87it/s]
{'epoch': 10, 'rec_avg_loss': '1.0016', 'joint_avg_loss': '1.3444', 'cl_avg_loss': '3.4288', 'itemcl_loss': '0.0000', 'cl_pair_0_loss': '3.4288'}
Recommendation EP_test:10: 100%|| 35/35 [00:08<00:00,  4.20it/s]
{'Epoch': 10, 'name': 'high_freq', 'HIT@5': '0.0209', 'NDCG@5': '0.0132', 'HIT@10': '0.0373', 'NDCG@10': '0.0184', 'HIT@20': '0.0606', 'NDCG@20': '0.0243'}
{'Epoch': 10, 'name': 'mid_freq', 'HIT@5': '0.0000', 'NDCG@5': '0.0000', 'HIT@10': '0.0000', 'NDCG@10': '0.0000', 'HIT@20': '0.0000', 'NDCG@20': '0.0000'}
{'Epoch': 10, 'name': 'low_freq', 'HIT@5': '0.0000', 'NDCG@5': '0.0000', 'HIT@10': '0.0000', 'NDCG@10': '0.0000', 'HIT@20': '0.0000', 'NDCG@20': '0.0000'}
{'Epoch': 10, 'name': 'all', 'HIT@5': '0.0142', 'NDCG@5': '0.0090', 'HIT@10': '0.0254', 'NDCG@10': '0.0125', 'HIT@20': '0.0412', 'NDCG@20': '0.0165'}
Validation score increased.  Saving model ...
rec dataset length: 186
100%|██████████████████████████████████████████████████████████████████████████████████████████████████████████████████████████████████████████████████| 186/186 [01:04<00:00,  2.87it/s]
{'epoch': 11, 'rec_avg_loss': '0.9788', 'joint_avg_loss': '1.3199', 'cl_avg_loss': '3.4102', 'itemcl_loss': '0.0000', 'cl_pair_0_loss': '3.4102'}
Recommendation EP_test:11: 100%|| 35/35 [00:08<00:00,  4.03it/s]
{'Epoch': 11, 'name': 'high_freq', 'HIT@5': '0.0237', 'NDCG@5': '0.0147', 'HIT@10': '0.0392', 'NDCG@10': '0.0197', 'HIT@20': '0.0640', 'NDCG@20': '0.0259'}
{'Epoch': 11, 'name': 'mid_freq', 'HIT@5': '0.0000', 'NDCG@5': '0.0000', 'HIT@10': '0.0000', 'NDCG@10': '0.0000', 'HIT@20': '0.0000', 'NDCG@20': '0.0000'}
{'Epoch': 11, 'name': 'low_freq', 'HIT@5': '0.0000', 'NDCG@5': '0.0000', 'HIT@10': '0.0000', 'NDCG@10': '0.0000', 'HIT@20': '0.0000', 'NDCG@20': '0.0000'}
{'Epoch': 11, 'name': 'all', 'HIT@5': '0.0161', 'NDCG@5': '0.0100', 'HIT@10': '0.0267', 'NDCG@10': '0.0134', 'HIT@20': '0.0435', 'NDCG@20': '0.0176'}
Validation score increased.  Saving model ...
rec dataset length: 186
100%|██████████████████████████████████████████████████████████████████████████████████████████████████████████████████████████████████████████████████| 186/186 [01:05<00:00,  2.86it/s]
{'epoch': 12, 'rec_avg_loss': '0.9580', 'joint_avg_loss': '1.2974', 'cl_avg_loss': '3.3941', 'itemcl_loss': '0.0000', 'cl_pair_0_loss': '3.3941'}
Recommendation EP_test:12: 100%|| 35/35 [00:08<00:00,  4.06it/s]
{'Epoch': 12, 'name': 'high_freq', 'HIT@5': '0.0247', 'NDCG@5': '0.0153', 'HIT@10': '0.0417', 'NDCG@10': '0.0208', 'HIT@20': '0.0671', 'NDCG@20': '0.0272'}
{'Epoch': 12, 'name': 'mid_freq', 'HIT@5': '0.0000', 'NDCG@5': '0.0000', 'HIT@10': '0.0000', 'NDCG@10': '0.0000', 'HIT@20': '0.0000', 'NDCG@20': '0.0000'}
{'Epoch': 12, 'name': 'low_freq', 'HIT@5': '0.0000', 'NDCG@5': '0.0000', 'HIT@10': '0.0000', 'NDCG@10': '0.0000', 'HIT@20': '0.0000', 'NDCG@20': '0.0000'}
{'Epoch': 12, 'name': 'all', 'HIT@5': '0.0168', 'NDCG@5': '0.0104', 'HIT@10': '0.0284', 'NDCG@10': '0.0141', 'HIT@20': '0.0457', 'NDCG@20': '0.0185'}
Validation score increased.  Saving model ...
rec dataset length: 186
100%|██████████████████████████████████████████████████████████████████████████████████████████████████████████████████████████████████████████████████| 186/186 [01:04<00:00,  2.87it/s]
{'epoch': 13, 'rec_avg_loss': '0.9392', 'joint_avg_loss': '1.2762', 'cl_avg_loss': '3.3703', 'itemcl_loss': '0.0000', 'cl_pair_0_loss': '3.3703'}
Recommendation EP_test:13: 100%|| 35/35 [00:08<00:00,  3.97it/s]
{'Epoch': 13, 'name': 'high_freq', 'HIT@5': '0.0261', 'NDCG@5': '0.0163', 'HIT@10': '0.0420', 'NDCG@10': '0.0214', 'HIT@20': '0.0681', 'NDCG@20': '0.0279'}
{'Epoch': 13, 'name': 'mid_freq', 'HIT@5': '0.0000', 'NDCG@5': '0.0000', 'HIT@10': '0.0000', 'NDCG@10': '0.0000', 'HIT@20': '0.0000', 'NDCG@20': '0.0000'}
{'Epoch': 13, 'name': 'low_freq', 'HIT@5': '0.0000', 'NDCG@5': '0.0000', 'HIT@10': '0.0000', 'NDCG@10': '0.0000', 'HIT@20': '0.0000', 'NDCG@20': '0.0000'}
{'Epoch': 13, 'name': 'all', 'HIT@5': '0.0177', 'NDCG@5': '0.0111', 'HIT@10': '0.0285', 'NDCG@10': '0.0145', 'HIT@20': '0.0463', 'NDCG@20': '0.0190'}
Validation score increased.  Saving model ...
rec dataset length: 186
100%|██████████████████████████████████████████████████████████████████████████████████████████████████████████████████████████████████████████████████| 186/186 [01:04<00:00,  2.87it/s]
{'epoch': 14, 'rec_avg_loss': '0.9213', 'joint_avg_loss': '1.2582', 'cl_avg_loss': '3.3693', 'itemcl_loss': '0.0000', 'cl_pair_0_loss': '3.3693'}
Recommendation EP_test:14: 100%|| 35/35 [00:08<00:00,  4.11it/s]
{'Epoch': 14, 'name': 'high_freq', 'HIT@5': '0.0271', 'NDCG@5': '0.0169', 'HIT@10': '0.0435', 'NDCG@10': '0.0222', 'HIT@20': '0.0707', 'NDCG@20': '0.0290'}
{'Epoch': 14, 'name': 'mid_freq', 'HIT@5': '0.0000', 'NDCG@5': '0.0000', 'HIT@10': '0.0000', 'NDCG@10': '0.0000', 'HIT@20': '0.0003', 'NDCG@20': '0.0001'}
{'Epoch': 14, 'name': 'low_freq', 'HIT@5': '0.0000', 'NDCG@5': '0.0000', 'HIT@10': '0.0000', 'NDCG@10': '0.0000', 'HIT@20': '0.0000', 'NDCG@20': '0.0000'}
{'Epoch': 14, 'name': 'all', 'HIT@5': '0.0184', 'NDCG@5': '0.0115', 'HIT@10': '0.0296', 'NDCG@10': '0.0151', 'HIT@20': '0.0481', 'NDCG@20': '0.0197'}
Validation score increased.  Saving model ...
rec dataset length: 186
100%|██████████████████████████████████████████████████████████████████████████████████████████████████████████████████████████████████████████████████| 186/186 [01:04<00:00,  2.87it/s]
{'epoch': 15, 'rec_avg_loss': '0.9012', 'joint_avg_loss': '1.2363', 'cl_avg_loss': '3.3511', 'itemcl_loss': '0.0000', 'cl_pair_0_loss': '3.3511'}
Recommendation EP_test:15: 100%|| 35/35 [00:08<00:00,  4.05it/s]
{'Epoch': 15, 'name': 'high_freq', 'HIT@5': '0.0279', 'NDCG@5': '0.0175', 'HIT@10': '0.0453', 'NDCG@10': '0.0231', 'HIT@20': '0.0741', 'NDCG@20': '0.0303'}
{'Epoch': 15, 'name': 'mid_freq', 'HIT@5': '0.0000', 'NDCG@5': '0.0000', 'HIT@10': '0.0003', 'NDCG@10': '0.0001', 'HIT@20': '0.0007', 'NDCG@20': '0.0002'}
{'Epoch': 15, 'name': 'low_freq', 'HIT@5': '0.0000', 'NDCG@5': '0.0000', 'HIT@10': '0.0000', 'NDCG@10': '0.0000', 'HIT@20': '0.0000', 'NDCG@20': '0.0000'}
{'Epoch': 15, 'name': 'all', 'HIT@5': '0.0190', 'NDCG@5': '0.0119', 'HIT@10': '0.0309', 'NDCG@10': '0.0157', 'HIT@20': '0.0505', 'NDCG@20': '0.0206'}
Validation score increased.  Saving model ...
rec dataset length: 186
100%|██████████████████████████████████████████████████████████████████████████████████████████████████████████████████████████████████████████████████| 186/186 [01:04<00:00,  2.86it/s]
{'epoch': 16, 'rec_avg_loss': '0.8841', 'joint_avg_loss': '1.2168', 'cl_avg_loss': '3.3263', 'itemcl_loss': '0.0000', 'cl_pair_0_loss': '3.3263'}
Recommendation EP_test:16: 100%|| 35/35 [00:08<00:00,  4.09it/s]
{'Epoch': 16, 'name': 'high_freq', 'HIT@5': '0.0285', 'NDCG@5': '0.0183', 'HIT@10': '0.0478', 'NDCG@10': '0.0245', 'HIT@20': '0.0776', 'NDCG@20': '0.0320'}
{'Epoch': 16, 'name': 'mid_freq', 'HIT@5': '0.0001', 'NDCG@5': '0.0001', 'HIT@10': '0.0006', 'NDCG@10': '0.0002', 'HIT@20': '0.0010', 'NDCG@20': '0.0003'}
{'Epoch': 16, 'name': 'low_freq', 'HIT@5': '0.0000', 'NDCG@5': '0.0000', 'HIT@10': '0.0000', 'NDCG@10': '0.0000', 'HIT@20': '0.0000', 'NDCG@20': '0.0000'}
{'Epoch': 16, 'name': 'all', 'HIT@5': '0.0194', 'NDCG@5': '0.0124', 'HIT@10': '0.0326', 'NDCG@10': '0.0167', 'HIT@20': '0.0530', 'NDCG@20': '0.0218'}
Validation score increased.  Saving model ...
rec dataset length: 186
100%|██████████████████████████████████████████████████████████████████████████████████████████████████████████████████████████████████████████████████| 186/186 [01:04<00:00,  2.86it/s]
{'epoch': 17, 'rec_avg_loss': '0.8687', 'joint_avg_loss': '1.1988', 'cl_avg_loss': '3.3013', 'itemcl_loss': '0.0000', 'cl_pair_0_loss': '3.3013'}
Recommendation EP_test:17: 100%|| 35/35 [00:08<00:00,  4.07it/s]
{'Epoch': 17, 'name': 'high_freq', 'HIT@5': '0.0300', 'NDCG@5': '0.0191', 'HIT@10': '0.0487', 'NDCG@10': '0.0251', 'HIT@20': '0.0791', 'NDCG@20': '0.0327'}
{'Epoch': 17, 'name': 'mid_freq', 'HIT@5': '0.0004', 'NDCG@5': '0.0002', 'HIT@10': '0.0009', 'NDCG@10': '0.0004', 'HIT@20': '0.0010', 'NDCG@20': '0.0004'}
{'Epoch': 17, 'name': 'low_freq', 'HIT@5': '0.0000', 'NDCG@5': '0.0000', 'HIT@10': '0.0000', 'NDCG@10': '0.0000', 'HIT@20': '0.0000', 'NDCG@20': '0.0000'}
{'Epoch': 17, 'name': 'all', 'HIT@5': '0.0205', 'NDCG@5': '0.0130', 'HIT@10': '0.0333', 'NDCG@10': '0.0172', 'HIT@20': '0.0540', 'NDCG@20': '0.0223'}
Validation score increased.  Saving model ...
rec dataset length: 186
100%|██████████████████████████████████████████████████████████████████████████████████████████████████████████████████████████████████████████████████| 186/186 [01:04<00:00,  2.86it/s]
{'epoch': 18, 'rec_avg_loss': '0.8566', 'joint_avg_loss': '1.1871', 'cl_avg_loss': '3.3044', 'itemcl_loss': '0.0000', 'cl_pair_0_loss': '3.3044'}
Recommendation EP_test:18: 100%|| 35/35 [00:08<00:00,  4.07it/s]
{'Epoch': 18, 'name': 'high_freq', 'HIT@5': '0.0305', 'NDCG@5': '0.0194', 'HIT@10': '0.0490', 'NDCG@10': '0.0254', 'HIT@20': '0.0806', 'NDCG@20': '0.0333'}
{'Epoch': 18, 'name': 'mid_freq', 'HIT@5': '0.0006', 'NDCG@5': '0.0004', 'HIT@10': '0.0010', 'NDCG@10': '0.0006', 'HIT@20': '0.0016', 'NDCG@20': '0.0007'}
{'Epoch': 18, 'name': 'low_freq', 'HIT@5': '0.0000', 'NDCG@5': '0.0000', 'HIT@10': '0.0000', 'NDCG@10': '0.0000', 'HIT@20': '0.0000', 'NDCG@20': '0.0000'}
{'Epoch': 18, 'name': 'all', 'HIT@5': '0.0208', 'NDCG@5': '0.0133', 'HIT@10': '0.0335', 'NDCG@10': '0.0174', 'HIT@20': '0.0551', 'NDCG@20': '0.0228'}
Validation score increased.  Saving model ...
rec dataset length: 186
100%|██████████████████████████████████████████████████████████████████████████████████████████████████████████████████████████████████████████████████| 186/186 [01:04<00:00,  2.87it/s]
{'epoch': 19, 'rec_avg_loss': '0.8405', 'joint_avg_loss': '1.1691', 'cl_avg_loss': '3.2856', 'itemcl_loss': '0.0000', 'cl_pair_0_loss': '3.2856'}
Recommendation EP_test:19: 100%|| 35/35 [00:08<00:00,  4.05it/s]
{'Epoch': 19, 'name': 'high_freq', 'HIT@5': '0.0325', 'NDCG@5': '0.0206', 'HIT@10': '0.0533', 'NDCG@10': '0.0272', 'HIT@20': '0.0850', 'NDCG@20': '0.0352'}
{'Epoch': 19, 'name': 'mid_freq', 'HIT@5': '0.0006', 'NDCG@5': '0.0004', 'HIT@10': '0.0010', 'NDCG@10': '0.0006', 'HIT@20': '0.0017', 'NDCG@20': '0.0008'}
{'Epoch': 19, 'name': 'low_freq', 'HIT@5': '0.0000', 'NDCG@5': '0.0000', 'HIT@10': '0.0000', 'NDCG@10': '0.0000', 'HIT@20': '0.0000', 'NDCG@20': '0.0000'}
{'Epoch': 19, 'name': 'all', 'HIT@5': '0.0222', 'NDCG@5': '0.0141', 'HIT@10': '0.0364', 'NDCG@10': '0.0186', 'HIT@20': '0.0581', 'NDCG@20': '0.0241'}
Validation score increased.  Saving model ...
rec dataset length: 186
100%|██████████████████████████████████████████████████████████████████████████████████████████████████████████████████████████████████████████████████| 186/186 [01:04<00:00,  2.87it/s]
{'epoch': 20, 'rec_avg_loss': '0.8270', 'joint_avg_loss': '1.1526', 'cl_avg_loss': '3.2559', 'itemcl_loss': '0.0000', 'cl_pair_0_loss': '3.2559'}
Recommendation EP_test:20: 100%|| 35/35 [00:08<00:00,  4.05it/s]
{'Epoch': 20, 'name': 'high_freq', 'HIT@5': '0.0322', 'NDCG@5': '0.0202', 'HIT@10': '0.0525', 'NDCG@10': '0.0267', 'HIT@20': '0.0845', 'NDCG@20': '0.0347'}
{'Epoch': 20, 'name': 'mid_freq', 'HIT@5': '0.0007', 'NDCG@5': '0.0006', 'HIT@10': '0.0011', 'NDCG@10': '0.0007', 'HIT@20': '0.0020', 'NDCG@20': '0.0009'}
{'Epoch': 20, 'name': 'low_freq', 'HIT@5': '0.0000', 'NDCG@5': '0.0000', 'HIT@10': '0.0000', 'NDCG@10': '0.0000', 'HIT@20': '0.0000', 'NDCG@20': '0.0000'}
{'Epoch': 20, 'name': 'all', 'HIT@5': '0.0221', 'NDCG@5': '0.0139', 'HIT@10': '0.0359', 'NDCG@10': '0.0183', 'HIT@20': '0.0579', 'NDCG@20': '0.0238'}
EarlyStopping counter: 1 out of 40
rec dataset length: 186
100%|██████████████████████████████████████████████████████████████████████████████████████████████████████████████████████████████████████████████████| 186/186 [01:04<00:00,  2.87it/s]
{'epoch': 21, 'rec_avg_loss': '0.8124', 'joint_avg_loss': '1.1369', 'cl_avg_loss': '3.2442', 'itemcl_loss': '0.0000', 'cl_pair_0_loss': '3.2442'}
Recommendation EP_test:21: 100%|| 35/35 [00:08<00:00,  4.11it/s]
{'Epoch': 21, 'name': 'high_freq', 'HIT@5': '0.0336', 'NDCG@5': '0.0208', 'HIT@10': '0.0546', 'NDCG@10': '0.0276', 'HIT@20': '0.0866', 'NDCG@20': '0.0357'}
{'Epoch': 21, 'name': 'mid_freq', 'HIT@5': '0.0006', 'NDCG@5': '0.0004', 'HIT@10': '0.0009', 'NDCG@10': '0.0005', 'HIT@20': '0.0022', 'NDCG@20': '0.0008'}
{'Epoch': 21, 'name': 'low_freq', 'HIT@5': '0.0000', 'NDCG@5': '0.0000', 'HIT@10': '0.0000', 'NDCG@10': '0.0000', 'HIT@20': '0.0000', 'NDCG@20': '0.0000'}
{'Epoch': 21, 'name': 'all', 'HIT@5': '0.0230', 'NDCG@5': '0.0143', 'HIT@10': '0.0373', 'NDCG@10': '0.0189', 'HIT@20': '0.0594', 'NDCG@20': '0.0244'}
Validation score increased.  Saving model ...
rec dataset length: 186
100%|██████████████████████████████████████████████████████████████████████████████████████████████████████████████████████████████████████████████████| 186/186 [01:04<00:00,  2.86it/s]
{'epoch': 22, 'rec_avg_loss': '0.8003', 'joint_avg_loss': '1.1229', 'cl_avg_loss': '3.2261', 'itemcl_loss': '0.0000', 'cl_pair_0_loss': '3.2261'}
Recommendation EP_test:22: 100%|| 35/35 [00:08<00:00,  4.09it/s]
{'Epoch': 22, 'name': 'high_freq', 'HIT@5': '0.0342', 'NDCG@5': '0.0219', 'HIT@10': '0.0555', 'NDCG@10': '0.0287', 'HIT@20': '0.0871', 'NDCG@20': '0.0366'}
{'Epoch': 22, 'name': 'mid_freq', 'HIT@5': '0.0006', 'NDCG@5': '0.0003', 'HIT@10': '0.0014', 'NDCG@10': '0.0006', 'HIT@20': '0.0023', 'NDCG@20': '0.0008'}
{'Epoch': 22, 'name': 'low_freq', 'HIT@5': '0.0000', 'NDCG@5': '0.0000', 'HIT@10': '0.0000', 'NDCG@10': '0.0000', 'HIT@20': '0.0000', 'NDCG@20': '0.0000'}
{'Epoch': 22, 'name': 'all', 'HIT@5': '0.0234', 'NDCG@5': '0.0149', 'HIT@10': '0.0380', 'NDCG@10': '0.0196', 'HIT@20': '0.0597', 'NDCG@20': '0.0251'}
Validation score increased.  Saving model ...
rec dataset length: 186
100%|██████████████████████████████████████████████████████████████████████████████████████████████████████████████████████████████████████████████████| 186/186 [01:04<00:00,  2.86it/s]
{'epoch': 23, 'rec_avg_loss': '0.7884', 'joint_avg_loss': '1.1110', 'cl_avg_loss': '3.2255', 'itemcl_loss': '0.0000', 'cl_pair_0_loss': '3.2255'}
Recommendation EP_test:23: 100%|| 35/35 [00:08<00:00,  4.02it/s]
{'Epoch': 23, 'name': 'high_freq', 'HIT@5': '0.0355', 'NDCG@5': '0.0225', 'HIT@10': '0.0564', 'NDCG@10': '0.0292', 'HIT@20': '0.0900', 'NDCG@20': '0.0376'}
{'Epoch': 23, 'name': 'mid_freq', 'HIT@5': '0.0011', 'NDCG@5': '0.0007', 'HIT@10': '0.0017', 'NDCG@10': '0.0009', 'HIT@20': '0.0024', 'NDCG@20': '0.0011'}
{'Epoch': 23, 'name': 'low_freq', 'HIT@5': '0.0000', 'NDCG@5': '0.0000', 'HIT@10': '0.0000', 'NDCG@10': '0.0000', 'HIT@20': '0.0000', 'NDCG@20': '0.0000'}
{'Epoch': 23, 'name': 'all', 'HIT@5': '0.0244', 'NDCG@5': '0.0154', 'HIT@10': '0.0387', 'NDCG@10': '0.0200', 'HIT@20': '0.0617', 'NDCG@20': '0.0258'}
Validation score increased.  Saving model ...
rec dataset length: 186
100%|██████████████████████████████████████████████████████████████████████████████████████████████████████████████████████████████████████████████████| 186/186 [01:04<00:00,  2.87it/s]
{'epoch': 24, 'rec_avg_loss': '0.7768', 'joint_avg_loss': '1.0977', 'cl_avg_loss': '3.2090', 'itemcl_loss': '0.0000', 'cl_pair_0_loss': '3.2090'}
Recommendation EP_test:24: 100%|| 35/35 [00:08<00:00,  4.21it/s]
{'Epoch': 24, 'name': 'high_freq', 'HIT@5': '0.0361', 'NDCG@5': '0.0236', 'HIT@10': '0.0583', 'NDCG@10': '0.0307', 'HIT@20': '0.0913', 'NDCG@20': '0.0389'}
{'Epoch': 24, 'name': 'mid_freq', 'HIT@5': '0.0013', 'NDCG@5': '0.0007', 'HIT@10': '0.0013', 'NDCG@10': '0.0007', 'HIT@20': '0.0024', 'NDCG@20': '0.0010'}
{'Epoch': 24, 'name': 'low_freq', 'HIT@5': '0.0000', 'NDCG@5': '0.0000', 'HIT@10': '0.0000', 'NDCG@10': '0.0000', 'HIT@20': '0.0000', 'NDCG@20': '0.0000'}
{'Epoch': 24, 'name': 'all', 'HIT@5': '0.0248', 'NDCG@5': '0.0162', 'HIT@10': '0.0399', 'NDCG@10': '0.0210', 'HIT@20': '0.0626', 'NDCG@20': '0.0267'}
Validation score increased.  Saving model ...
rec dataset length: 186
100%|██████████████████████████████████████████████████████████████████████████████████████████████████████████████████████████████████████████████████| 186/186 [01:04<00:00,  2.87it/s]
{'epoch': 25, 'rec_avg_loss': '0.7667', 'joint_avg_loss': '1.0848', 'cl_avg_loss': '3.1809', 'itemcl_loss': '0.0000', 'cl_pair_0_loss': '3.1809'}
Recommendation EP_test:25: 100%|| 35/35 [00:08<00:00,  4.06it/s]
{'Epoch': 25, 'name': 'high_freq', 'HIT@5': '0.0367', 'NDCG@5': '0.0238', 'HIT@10': '0.0579', 'NDCG@10': '0.0306', 'HIT@20': '0.0915', 'NDCG@20': '0.0390'}
{'Epoch': 25, 'name': 'mid_freq', 'HIT@5': '0.0010', 'NDCG@5': '0.0006', 'HIT@10': '0.0013', 'NDCG@10': '0.0007', 'HIT@20': '0.0023', 'NDCG@20': '0.0010'}
{'Epoch': 25, 'name': 'low_freq', 'HIT@5': '0.0000', 'NDCG@5': '0.0000', 'HIT@10': '0.0000', 'NDCG@10': '0.0000', 'HIT@20': '0.0000', 'NDCG@20': '0.0000'}
{'Epoch': 25, 'name': 'all', 'HIT@5': '0.0251', 'NDCG@5': '0.0163', 'HIT@10': '0.0397', 'NDCG@10': '0.0209', 'HIT@20': '0.0627', 'NDCG@20': '0.0267'}
Validation score increased.  Saving model ...
rec dataset length: 186
100%|██████████████████████████████████████████████████████████████████████████████████████████████████████████████████████████████████████████████████| 186/186 [01:04<00:00,  2.87it/s]
{'epoch': 26, 'rec_avg_loss': '0.7572', 'joint_avg_loss': '1.0729', 'cl_avg_loss': '3.1570', 'itemcl_loss': '0.0000', 'cl_pair_0_loss': '3.1570'}
Recommendation EP_test:26: 100%|| 35/35 [00:08<00:00,  4.11it/s]
{'Epoch': 26, 'name': 'high_freq', 'HIT@5': '0.0366', 'NDCG@5': '0.0235', 'HIT@10': '0.0576', 'NDCG@10': '0.0302', 'HIT@20': '0.0920', 'NDCG@20': '0.0389'}
{'Epoch': 26, 'name': 'mid_freq', 'HIT@5': '0.0011', 'NDCG@5': '0.0008', 'HIT@10': '0.0019', 'NDCG@10': '0.0010', 'HIT@20': '0.0033', 'NDCG@20': '0.0014'}
{'Epoch': 26, 'name': 'low_freq', 'HIT@5': '0.0000', 'NDCG@5': '0.0000', 'HIT@10': '0.0000', 'NDCG@10': '0.0000', 'HIT@20': '0.0005', 'NDCG@20': '0.0001'}
{'Epoch': 26, 'name': 'all', 'HIT@5': '0.0251', 'NDCG@5': '0.0161', 'HIT@10': '0.0396', 'NDCG@10': '0.0208', 'HIT@20': '0.0633', 'NDCG@20': '0.0267'}
EarlyStopping counter: 1 out of 40
rec dataset length: 186
100%|██████████████████████████████████████████████████████████████████████████████████████████████████████████████████████████████████████████████████| 186/186 [01:04<00:00,  2.87it/s]
{'epoch': 27, 'rec_avg_loss': '0.7474', 'joint_avg_loss': '1.0620', 'cl_avg_loss': '3.1463', 'itemcl_loss': '0.0000', 'cl_pair_0_loss': '3.1463'}
Recommendation EP_test:27: 100%|| 35/35 [00:08<00:00,  4.05it/s]
{'Epoch': 27, 'name': 'high_freq', 'HIT@5': '0.0383', 'NDCG@5': '0.0243', 'HIT@10': '0.0593', 'NDCG@10': '0.0310', 'HIT@20': '0.0948', 'NDCG@20': '0.0399'}
{'Epoch': 27, 'name': 'mid_freq', 'HIT@5': '0.0013', 'NDCG@5': '0.0008', 'HIT@10': '0.0019', 'NDCG@10': '0.0010', 'HIT@20': '0.0033', 'NDCG@20': '0.0014'}
{'Epoch': 27, 'name': 'low_freq', 'HIT@5': '0.0000', 'NDCG@5': '0.0000', 'HIT@10': '0.0000', 'NDCG@10': '0.0000', 'HIT@20': '0.0009', 'NDCG@20': '0.0002'}
{'Epoch': 27, 'name': 'all', 'HIT@5': '0.0263', 'NDCG@5': '0.0167', 'HIT@10': '0.0407', 'NDCG@10': '0.0213', 'HIT@20': '0.0652', 'NDCG@20': '0.0274'}
Validation score increased.  Saving model ...
rec dataset length: 186
100%|██████████████████████████████████████████████████████████████████████████████████████████████████████████████████████████████████████████████████| 186/186 [01:04<00:00,  2.87it/s]
{'epoch': 28, 'rec_avg_loss': '0.7385', 'joint_avg_loss': '1.0517', 'cl_avg_loss': '3.1320', 'itemcl_loss': '0.0000', 'cl_pair_0_loss': '3.1320'}
Recommendation EP_test:28: 100%|| 35/35 [00:08<00:00,  4.15it/s]
{'Epoch': 28, 'name': 'high_freq', 'HIT@5': '0.0398', 'NDCG@5': '0.0249', 'HIT@10': '0.0617', 'NDCG@10': '0.0319', 'HIT@20': '0.0962', 'NDCG@20': '0.0406'}
{'Epoch': 28, 'name': 'mid_freq', 'HIT@5': '0.0010', 'NDCG@5': '0.0008', 'HIT@10': '0.0022', 'NDCG@10': '0.0012', 'HIT@20': '0.0036', 'NDCG@20': '0.0015'}
{'Epoch': 28, 'name': 'low_freq', 'HIT@5': '0.0000', 'NDCG@5': '0.0000', 'HIT@10': '0.0000', 'NDCG@10': '0.0000', 'HIT@20': '0.0002', 'NDCG@20': '0.0001'}
{'Epoch': 28, 'name': 'all', 'HIT@5': '0.0273', 'NDCG@5': '0.0171', 'HIT@10': '0.0424', 'NDCG@10': '0.0219', 'HIT@20': '0.0662', 'NDCG@20': '0.0279'}
Validation score increased.  Saving model ...
rec dataset length: 186
100%|██████████████████████████████████████████████████████████████████████████████████████████████████████████████████████████████████████████████████| 186/186 [01:04<00:00,  2.87it/s]
{'epoch': 29, 'rec_avg_loss': '0.7265', 'joint_avg_loss': '1.0391', 'cl_avg_loss': '3.1256', 'itemcl_loss': '0.0000', 'cl_pair_0_loss': '3.1256'}
Recommendation EP_test:29: 100%|| 35/35 [00:08<00:00,  4.19it/s]
{'Epoch': 29, 'name': 'high_freq', 'HIT@5': '0.0408', 'NDCG@5': '0.0259', 'HIT@10': '0.0632', 'NDCG@10': '0.0331', 'HIT@20': '0.0954', 'NDCG@20': '0.0412'}
{'Epoch': 29, 'name': 'mid_freq', 'HIT@5': '0.0014', 'NDCG@5': '0.0007', 'HIT@10': '0.0022', 'NDCG@10': '0.0010', 'HIT@20': '0.0036', 'NDCG@20': '0.0013'}
{'Epoch': 29, 'name': 'low_freq', 'HIT@5': '0.0000', 'NDCG@5': '0.0000', 'HIT@10': '0.0000', 'NDCG@10': '0.0000', 'HIT@20': '0.0009', 'NDCG@20': '0.0002'}
{'Epoch': 29, 'name': 'all', 'HIT@5': '0.0280', 'NDCG@5': '0.0178', 'HIT@10': '0.0434', 'NDCG@10': '0.0227', 'HIT@20': '0.0657', 'NDCG@20': '0.0283'}
Validation score increased.  Saving model ...
rec dataset length: 186
100%|██████████████████████████████████████████████████████████████████████████████████████████████████████████████████████████████████████████████████| 186/186 [01:04<00:00,  2.87it/s]
{'epoch': 30, 'rec_avg_loss': '0.7191', 'joint_avg_loss': '1.0302', 'cl_avg_loss': '3.1107', 'itemcl_loss': '0.0000', 'cl_pair_0_loss': '3.1107'}
Recommendation EP_test:30: 100%|| 35/35 [00:08<00:00,  4.02it/s]
{'Epoch': 30, 'name': 'high_freq', 'HIT@5': '0.0413', 'NDCG@5': '0.0264', 'HIT@10': '0.0626', 'NDCG@10': '0.0333', 'HIT@20': '0.0973', 'NDCG@20': '0.0420'}
{'Epoch': 30, 'name': 'mid_freq', 'HIT@5': '0.0013', 'NDCG@5': '0.0007', 'HIT@10': '0.0023', 'NDCG@10': '0.0010', 'HIT@20': '0.0045', 'NDCG@20': '0.0015'}
{'Epoch': 30, 'name': 'low_freq', 'HIT@5': '0.0000', 'NDCG@5': '0.0000', 'HIT@10': '0.0000', 'NDCG@10': '0.0000', 'HIT@20': '0.0009', 'NDCG@20': '0.0002'}
{'Epoch': 30, 'name': 'all', 'HIT@5': '0.0283', 'NDCG@5': '0.0181', 'HIT@10': '0.0431', 'NDCG@10': '0.0228', 'HIT@20': '0.0672', 'NDCG@20': '0.0289'}
Validation score increased.  Saving model ...
rec dataset length: 186
100%|██████████████████████████████████████████████████████████████████████████████████████████████████████████████████████████████████████████████████| 186/186 [01:07<00:00,  2.74it/s]
{'epoch': 31, 'rec_avg_loss': '0.7102', 'joint_avg_loss': '1.0194', 'cl_avg_loss': '3.0923', 'itemcl_loss': '0.0000', 'cl_pair_0_loss': '3.0923'}
Recommendation EP_test:31: 100%|| 35/35 [00:08<00:00,  3.99it/s]
{'Epoch': 31, 'name': 'high_freq', 'HIT@5': '0.0403', 'NDCG@5': '0.0262', 'HIT@10': '0.0621', 'NDCG@10': '0.0332', 'HIT@20': '0.0969', 'NDCG@20': '0.0420'}
{'Epoch': 31, 'name': 'mid_freq', 'HIT@5': '0.0014', 'NDCG@5': '0.0008', 'HIT@10': '0.0029', 'NDCG@10': '0.0013', 'HIT@20': '0.0050', 'NDCG@20': '0.0018'}
{'Epoch': 31, 'name': 'low_freq', 'HIT@5': '0.0000', 'NDCG@5': '0.0000', 'HIT@10': '0.0000', 'NDCG@10': '0.0000', 'HIT@20': '0.0002', 'NDCG@20': '0.0001'}
{'Epoch': 31, 'name': 'all', 'HIT@5': '0.0277', 'NDCG@5': '0.0180', 'HIT@10': '0.0428', 'NDCG@10': '0.0228', 'HIT@20': '0.0669', 'NDCG@20': '0.0289'}
Validation score increased.  Saving model ...
rec dataset length: 186
100%|██████████████████████████████████████████████████████████████████████████████████████████████████████████████████████████████████████████████████| 186/186 [01:05<00:00,  2.86it/s]
{'epoch': 32, 'rec_avg_loss': '0.7017', 'joint_avg_loss': '1.0104', 'cl_avg_loss': '3.0863', 'itemcl_loss': '0.0000', 'cl_pair_0_loss': '3.0863'}
Recommendation EP_test:32: 100%|| 35/35 [00:08<00:00,  4.14it/s]
{'Epoch': 32, 'name': 'high_freq', 'HIT@5': '0.0415', 'NDCG@5': '0.0271', 'HIT@10': '0.0655', 'NDCG@10': '0.0347', 'HIT@20': '0.0997', 'NDCG@20': '0.0433'}
{'Epoch': 32, 'name': 'mid_freq', 'HIT@5': '0.0011', 'NDCG@5': '0.0007', 'HIT@10': '0.0032', 'NDCG@10': '0.0013', 'HIT@20': '0.0053', 'NDCG@20': '0.0019'}
{'Epoch': 32, 'name': 'low_freq', 'HIT@5': '0.0000', 'NDCG@5': '0.0000', 'HIT@10': '0.0000', 'NDCG@10': '0.0000', 'HIT@20': '0.0002', 'NDCG@20': '0.0001'}
{'Epoch': 32, 'name': 'all', 'HIT@5': '0.0285', 'NDCG@5': '0.0185', 'HIT@10': '0.0452', 'NDCG@10': '0.0239', 'HIT@20': '0.0689', 'NDCG@20': '0.0299'}
Validation score increased.  Saving model ...
rec dataset length: 186
100%|██████████████████████████████████████████████████████████████████████████████████████████████████████████████████████████████████████████████████| 186/186 [01:04<00:00,  2.87it/s]
{'epoch': 33, 'rec_avg_loss': '0.6963', 'joint_avg_loss': '1.0025', 'cl_avg_loss': '3.0611', 'itemcl_loss': '0.0000', 'cl_pair_0_loss': '3.0611'}
Recommendation EP_test:33: 100%|| 35/35 [00:08<00:00,  4.05it/s]
{'Epoch': 33, 'name': 'high_freq', 'HIT@5': '0.0412', 'NDCG@5': '0.0273', 'HIT@10': '0.0628', 'NDCG@10': '0.0342', 'HIT@20': '0.0993', 'NDCG@20': '0.0434'}
{'Epoch': 33, 'name': 'mid_freq', 'HIT@5': '0.0016', 'NDCG@5': '0.0010', 'HIT@10': '0.0029', 'NDCG@10': '0.0014', 'HIT@20': '0.0056', 'NDCG@20': '0.0021'}
{'Epoch': 33, 'name': 'low_freq', 'HIT@5': '0.0000', 'NDCG@5': '0.0000', 'HIT@10': '0.0002', 'NDCG@10': '0.0001', 'HIT@20': '0.0011', 'NDCG@20': '0.0003'}
{'Epoch': 33, 'name': 'all', 'HIT@5': '0.0283', 'NDCG@5': '0.0188', 'HIT@10': '0.0433', 'NDCG@10': '0.0236', 'HIT@20': '0.0688', 'NDCG@20': '0.0300'}
Validation score increased.  Saving model ...
rec dataset length: 186
100%|██████████████████████████████████████████████████████████████████████████████████████████████████████████████████████████████████████████████████| 186/186 [01:04<00:00,  2.87it/s]
{'epoch': 34, 'rec_avg_loss': '0.6863', 'joint_avg_loss': '0.9914', 'cl_avg_loss': '3.0504', 'itemcl_loss': '0.0000', 'cl_pair_0_loss': '3.0504'}
Recommendation EP_test:34: 100%|| 35/35 [00:08<00:00,  4.10it/s]
{'Epoch': 34, 'name': 'high_freq', 'HIT@5': '0.0410', 'NDCG@5': '0.0269', 'HIT@10': '0.0638', 'NDCG@10': '0.0341', 'HIT@20': '0.0991', 'NDCG@20': '0.0430'}
{'Epoch': 34, 'name': 'mid_freq', 'HIT@5': '0.0019', 'NDCG@5': '0.0009', 'HIT@10': '0.0027', 'NDCG@10': '0.0012', 'HIT@20': '0.0049', 'NDCG@20': '0.0018'}
{'Epoch': 34, 'name': 'low_freq', 'HIT@5': '0.0000', 'NDCG@5': '0.0000', 'HIT@10': '0.0000', 'NDCG@10': '0.0000', 'HIT@20': '0.0007', 'NDCG@20': '0.0002'}
{'Epoch': 34, 'name': 'all', 'HIT@5': '0.0282', 'NDCG@5': '0.0185', 'HIT@10': '0.0439', 'NDCG@10': '0.0235', 'HIT@20': '0.0685', 'NDCG@20': '0.0296'}
EarlyStopping counter: 1 out of 40
rec dataset length: 186
100%|██████████████████████████████████████████████████████████████████████████████████████████████████████████████████████████████████████████████████| 186/186 [01:04<00:00,  2.87it/s]
{'epoch': 35, 'rec_avg_loss': '0.6807', 'joint_avg_loss': '0.9846', 'cl_avg_loss': '3.0389', 'itemcl_loss': '0.0000', 'cl_pair_0_loss': '3.0389'}
Recommendation EP_test:35: 100%|| 35/35 [00:08<00:00,  4.20it/s]
{'Epoch': 35, 'name': 'high_freq', 'HIT@5': '0.0422', 'NDCG@5': '0.0279', 'HIT@10': '0.0647', 'NDCG@10': '0.0351', 'HIT@20': '0.0982', 'NDCG@20': '0.0435'}
{'Epoch': 35, 'name': 'mid_freq', 'HIT@5': '0.0023', 'NDCG@5': '0.0012', 'HIT@10': '0.0033', 'NDCG@10': '0.0015', 'HIT@20': '0.0065', 'NDCG@20': '0.0023'}
{'Epoch': 35, 'name': 'low_freq', 'HIT@5': '0.0000', 'NDCG@5': '0.0000', 'HIT@10': '0.0005', 'NDCG@10': '0.0001', 'HIT@20': '0.0007', 'NDCG@20': '0.0002'}
{'Epoch': 35, 'name': 'all', 'HIT@5': '0.0291', 'NDCG@5': '0.0192', 'HIT@10': '0.0447', 'NDCG@10': '0.0242', 'HIT@20': '0.0681', 'NDCG@20': '0.0301'}
Validation score increased.  Saving model ...
rec dataset length: 186
100%|██████████████████████████████████████████████████████████████████████████████████████████████████████████████████████████████████████████████████| 186/186 [01:04<00:00,  2.86it/s]
{'epoch': 36, 'rec_avg_loss': '0.6746', 'joint_avg_loss': '0.9788', 'cl_avg_loss': '3.0413', 'itemcl_loss': '0.0000', 'cl_pair_0_loss': '3.0413'}
Recommendation EP_test:36: 100%|| 35/35 [00:08<00:00,  4.27it/s]
{'Epoch': 36, 'name': 'high_freq', 'HIT@5': '0.0429', 'NDCG@5': '0.0280', 'HIT@10': '0.0656', 'NDCG@10': '0.0353', 'HIT@20': '0.0999', 'NDCG@20': '0.0440'}
{'Epoch': 36, 'name': 'mid_freq', 'HIT@5': '0.0026', 'NDCG@5': '0.0014', 'HIT@10': '0.0040', 'NDCG@10': '0.0019', 'HIT@20': '0.0069', 'NDCG@20': '0.0026'}
{'Epoch': 36, 'name': 'low_freq', 'HIT@5': '0.0000', 'NDCG@5': '0.0000', 'HIT@10': '0.0002', 'NDCG@10': '0.0001', 'HIT@20': '0.0007', 'NDCG@20': '0.0002'}
{'Epoch': 36, 'name': 'all', 'HIT@5': '0.0297', 'NDCG@5': '0.0194', 'HIT@10': '0.0454', 'NDCG@10': '0.0244', 'HIT@20': '0.0694', 'NDCG@20': '0.0305'}
Validation score increased.  Saving model ...
rec dataset length: 186
100%|██████████████████████████████████████████████████████████████████████████████████████████████████████████████████████████████████████████████████| 186/186 [01:04<00:00,  2.87it/s]
{'epoch': 37, 'rec_avg_loss': '0.6640', 'joint_avg_loss': '0.9652', 'cl_avg_loss': '3.0123', 'itemcl_loss': '0.0000', 'cl_pair_0_loss': '3.0123'}
Recommendation EP_test:37: 100%|| 35/35 [00:08<00:00,  4.17it/s]
{'Epoch': 37, 'name': 'high_freq', 'HIT@5': '0.0432', 'NDCG@5': '0.0283', 'HIT@10': '0.0667', 'NDCG@10': '0.0358', 'HIT@20': '0.1020', 'NDCG@20': '0.0447'}
{'Epoch': 37, 'name': 'mid_freq', 'HIT@5': '0.0022', 'NDCG@5': '0.0011', 'HIT@10': '0.0042', 'NDCG@10': '0.0017', 'HIT@20': '0.0068', 'NDCG@20': '0.0024'}
{'Epoch': 37, 'name': 'low_freq', 'HIT@5': '0.0000', 'NDCG@5': '0.0000', 'HIT@10': '0.0002', 'NDCG@10': '0.0001', 'HIT@20': '0.0009', 'NDCG@20': '0.0002'}
{'Epoch': 37, 'name': 'all', 'HIT@5': '0.0298', 'NDCG@5': '0.0194', 'HIT@10': '0.0462', 'NDCG@10': '0.0247', 'HIT@20': '0.0708', 'NDCG@20': '0.0309'}
Validation score increased.  Saving model ...
rec dataset length: 186
100%|██████████████████████████████████████████████████████████████████████████████████████████████████████████████████████████████████████████████████| 186/186 [01:04<00:00,  2.87it/s]
{'epoch': 38, 'rec_avg_loss': '0.6582', 'joint_avg_loss': '0.9597', 'cl_avg_loss': '3.0150', 'itemcl_loss': '0.0000', 'cl_pair_0_loss': '3.0150'}
Recommendation EP_test:38: 100%|| 35/35 [00:08<00:00,  4.24it/s]
{'Epoch': 38, 'name': 'high_freq', 'HIT@5': '0.0430', 'NDCG@5': '0.0286', 'HIT@10': '0.0679', 'NDCG@10': '0.0366', 'HIT@20': '0.1023', 'NDCG@20': '0.0452'}
{'Epoch': 38, 'name': 'mid_freq', 'HIT@5': '0.0023', 'NDCG@5': '0.0012', 'HIT@10': '0.0040', 'NDCG@10': '0.0018', 'HIT@20': '0.0072', 'NDCG@20': '0.0026'}
{'Epoch': 38, 'name': 'low_freq', 'HIT@5': '0.0000', 'NDCG@5': '0.0000', 'HIT@10': '0.0002', 'NDCG@10': '0.0001', 'HIT@20': '0.0014', 'NDCG@20': '0.0004'}
{'Epoch': 38, 'name': 'all', 'HIT@5': '0.0297', 'NDCG@5': '0.0197', 'HIT@10': '0.0470', 'NDCG@10': '0.0253', 'HIT@20': '0.0712', 'NDCG@20': '0.0313'}
Validation score increased.  Saving model ...
rec dataset length: 186
100%|██████████████████████████████████████████████████████████████████████████████████████████████████████████████████████████████████████████████████| 186/186 [01:04<00:00,  2.86it/s]
{'epoch': 39, 'rec_avg_loss': '0.6519', 'joint_avg_loss': '0.9520', 'cl_avg_loss': '3.0015', 'itemcl_loss': '0.0000', 'cl_pair_0_loss': '3.0015'}
Recommendation EP_test:39: 100%|| 35/35 [00:08<00:00,  4.23it/s]
{'Epoch': 39, 'name': 'high_freq', 'HIT@5': '0.0453', 'NDCG@5': '0.0301', 'HIT@10': '0.0707', 'NDCG@10': '0.0382', 'HIT@20': '0.1042', 'NDCG@20': '0.0466'}
{'Epoch': 39, 'name': 'mid_freq', 'HIT@5': '0.0024', 'NDCG@5': '0.0015', 'HIT@10': '0.0045', 'NDCG@10': '0.0021', 'HIT@20': '0.0079', 'NDCG@20': '0.0030'}
{'Epoch': 39, 'name': 'low_freq', 'HIT@5': '0.0002', 'NDCG@5': '0.0001', 'HIT@10': '0.0009', 'NDCG@10': '0.0003', 'HIT@20': '0.0020', 'NDCG@20': '0.0006'}
{'Epoch': 39, 'name': 'all', 'HIT@5': '0.0313', 'NDCG@5': '0.0208', 'HIT@10': '0.0491', 'NDCG@10': '0.0264', 'HIT@20': '0.0727', 'NDCG@20': '0.0323'}
Validation score increased.  Saving model ...
rec dataset length: 186
100%|██████████████████████████████████████████████████████████████████████████████████████████████████████████████████████████████████████████████████| 186/186 [01:04<00:00,  2.87it/s]
{'epoch': 40, 'rec_avg_loss': '0.6467', 'joint_avg_loss': '0.9451', 'cl_avg_loss': '2.9840', 'itemcl_loss': '0.0000', 'cl_pair_0_loss': '2.9840'}
Recommendation EP_test:40: 100%|| 35/35 [00:08<00:00,  4.28it/s]
{'Epoch': 40, 'name': 'high_freq', 'HIT@5': '0.0456', 'NDCG@5': '0.0301', 'HIT@10': '0.0695', 'NDCG@10': '0.0378', 'HIT@20': '0.1044', 'NDCG@20': '0.0465'}
{'Epoch': 40, 'name': 'mid_freq', 'HIT@5': '0.0027', 'NDCG@5': '0.0016', 'HIT@10': '0.0049', 'NDCG@10': '0.0023', 'HIT@20': '0.0080', 'NDCG@20': '0.0031'}
{'Epoch': 40, 'name': 'low_freq', 'HIT@5': '0.0005', 'NDCG@5': '0.0002', 'HIT@10': '0.0009', 'NDCG@10': '0.0003', 'HIT@20': '0.0014', 'NDCG@20': '0.0004'}
{'Epoch': 40, 'name': 'all', 'HIT@5': '0.0316', 'NDCG@5': '0.0208', 'HIT@10': '0.0484', 'NDCG@10': '0.0262', 'HIT@20': '0.0728', 'NDCG@20': '0.0323'}
EarlyStopping counter: 1 out of 40
rec dataset length: 186
100%|██████████████████████████████████████████████████████████████████████████████████████████████████████████████████████████████████████████████████| 186/186 [01:04<00:00,  2.87it/s]
{'epoch': 41, 'rec_avg_loss': '0.6410', 'joint_avg_loss': '0.9386', 'cl_avg_loss': '2.9758', 'itemcl_loss': '0.0000', 'cl_pair_0_loss': '2.9758'}
Recommendation EP_test:41: 100%|| 35/35 [00:08<00:00,  4.22it/s]
{'Epoch': 41, 'name': 'high_freq', 'HIT@5': '0.0442', 'NDCG@5': '0.0294', 'HIT@10': '0.0689', 'NDCG@10': '0.0373', 'HIT@20': '0.1030', 'NDCG@20': '0.0459'}
{'Epoch': 41, 'name': 'mid_freq', 'HIT@5': '0.0026', 'NDCG@5': '0.0016', 'HIT@10': '0.0049', 'NDCG@10': '0.0023', 'HIT@20': '0.0078', 'NDCG@20': '0.0030'}
{'Epoch': 41, 'name': 'low_freq', 'HIT@5': '0.0005', 'NDCG@5': '0.0002', 'HIT@10': '0.0009', 'NDCG@10': '0.0003', 'HIT@20': '0.0011', 'NDCG@20': '0.0004'}
{'Epoch': 41, 'name': 'all', 'HIT@5': '0.0306', 'NDCG@5': '0.0203', 'HIT@10': '0.0479', 'NDCG@10': '0.0259', 'HIT@20': '0.0717', 'NDCG@20': '0.0319'}
EarlyStopping counter: 2 out of 40
rec dataset length: 186
100%|██████████████████████████████████████████████████████████████████████████████████████████████████████████████████████████████████████████████████| 186/186 [01:04<00:00,  2.87it/s]
{'epoch': 42, 'rec_avg_loss': '0.6350', 'joint_avg_loss': '0.9317', 'cl_avg_loss': '2.9676', 'itemcl_loss': '0.0000', 'cl_pair_0_loss': '2.9676'}
Recommendation EP_test:42: 100%|| 35/35 [00:08<00:00,  4.16it/s]
{'Epoch': 42, 'name': 'high_freq', 'HIT@5': '0.0458', 'NDCG@5': '0.0305', 'HIT@10': '0.0695', 'NDCG@10': '0.0381', 'HIT@20': '0.1039', 'NDCG@20': '0.0468'}
{'Epoch': 42, 'name': 'mid_freq', 'HIT@5': '0.0030', 'NDCG@5': '0.0017', 'HIT@10': '0.0057', 'NDCG@10': '0.0026', 'HIT@20': '0.0078', 'NDCG@20': '0.0031'}
{'Epoch': 42, 'name': 'low_freq', 'HIT@5': '0.0005', 'NDCG@5': '0.0002', 'HIT@10': '0.0009', 'NDCG@10': '0.0003', 'HIT@20': '0.0011', 'NDCG@20': '0.0004'}
{'Epoch': 42, 'name': 'all', 'HIT@5': '0.0318', 'NDCG@5': '0.0211', 'HIT@10': '0.0485', 'NDCG@10': '0.0265', 'HIT@20': '0.0723', 'NDCG@20': '0.0325'}
Validation score increased.  Saving model ...
rec dataset length: 186
100%|██████████████████████████████████████████████████████████████████████████████████████████████████████████████████████████████████████████████████| 186/186 [01:04<00:00,  2.87it/s]
{'epoch': 43, 'rec_avg_loss': '0.6296', 'joint_avg_loss': '0.9255', 'cl_avg_loss': '2.9582', 'itemcl_loss': '0.0000', 'cl_pair_0_loss': '2.9582'}
Recommendation EP_test:43: 100%|| 35/35 [00:08<00:00,  4.14it/s]
{'Epoch': 43, 'name': 'high_freq', 'HIT@5': '0.0456', 'NDCG@5': '0.0300', 'HIT@10': '0.0697', 'NDCG@10': '0.0377', 'HIT@20': '0.1026', 'NDCG@20': '0.0460'}
{'Epoch': 43, 'name': 'mid_freq', 'HIT@5': '0.0033', 'NDCG@5': '0.0019', 'HIT@10': '0.0050', 'NDCG@10': '0.0024', 'HIT@20': '0.0078', 'NDCG@20': '0.0031'}
{'Epoch': 43, 'name': 'low_freq', 'HIT@5': '0.0005', 'NDCG@5': '0.0002', 'HIT@10': '0.0009', 'NDCG@10': '0.0003', 'HIT@20': '0.0011', 'NDCG@20': '0.0004'}
{'Epoch': 43, 'name': 'all', 'HIT@5': '0.0317', 'NDCG@5': '0.0208', 'HIT@10': '0.0485', 'NDCG@10': '0.0262', 'HIT@20': '0.0715', 'NDCG@20': '0.0320'}
EarlyStopping counter: 1 out of 40
rec dataset length: 186
100%|██████████████████████████████████████████████████████████████████████████████████████████████████████████████████████████████████████████████████| 186/186 [01:04<00:00,  2.87it/s]
{'epoch': 44, 'rec_avg_loss': '0.6263', 'joint_avg_loss': '0.9206', 'cl_avg_loss': '2.9426', 'itemcl_loss': '0.0000', 'cl_pair_0_loss': '2.9426'}
Recommendation EP_test:44: 100%|| 35/35 [00:08<00:00,  4.22it/s]
{'Epoch': 44, 'name': 'high_freq', 'HIT@5': '0.0453', 'NDCG@5': '0.0305', 'HIT@10': '0.0699', 'NDCG@10': '0.0383', 'HIT@20': '0.1041', 'NDCG@20': '0.0470'}
{'Epoch': 44, 'name': 'mid_freq', 'HIT@5': '0.0036', 'NDCG@5': '0.0018', 'HIT@10': '0.0053', 'NDCG@10': '0.0024', 'HIT@20': '0.0086', 'NDCG@20': '0.0032'}
{'Epoch': 44, 'name': 'low_freq', 'HIT@5': '0.0002', 'NDCG@5': '0.0001', 'HIT@10': '0.0002', 'NDCG@10': '0.0001', 'HIT@20': '0.0014', 'NDCG@20': '0.0004'}
{'Epoch': 44, 'name': 'all', 'HIT@5': '0.0316', 'NDCG@5': '0.0211', 'HIT@10': '0.0486', 'NDCG@10': '0.0266', 'HIT@20': '0.0727', 'NDCG@20': '0.0326'}
Validation score increased.  Saving model ...
rec dataset length: 186
100%|██████████████████████████████████████████████████████████████████████████████████████████████████████████████████████████████████████████████████| 186/186 [01:04<00:00,  2.86it/s]
{'epoch': 45, 'rec_avg_loss': '0.6206', 'joint_avg_loss': '0.9147', 'cl_avg_loss': '2.9415', 'itemcl_loss': '0.0000', 'cl_pair_0_loss': '2.9415'}
Recommendation EP_test:45: 100%|| 35/35 [00:08<00:00,  4.25it/s]
{'Epoch': 45, 'name': 'high_freq', 'HIT@5': '0.0461', 'NDCG@5': '0.0306', 'HIT@10': '0.0705', 'NDCG@10': '0.0385', 'HIT@20': '0.1041', 'NDCG@20': '0.0469'}
{'Epoch': 45, 'name': 'mid_freq', 'HIT@5': '0.0033', 'NDCG@5': '0.0018', 'HIT@10': '0.0056', 'NDCG@10': '0.0025', 'HIT@20': '0.0083', 'NDCG@20': '0.0032'}
{'Epoch': 45, 'name': 'low_freq', 'HIT@5': '0.0002', 'NDCG@5': '0.0001', 'HIT@10': '0.0005', 'NDCG@10': '0.0002', 'HIT@20': '0.0014', 'NDCG@20': '0.0004'}
{'Epoch': 45, 'name': 'all', 'HIT@5': '0.0320', 'NDCG@5': '0.0212', 'HIT@10': '0.0491', 'NDCG@10': '0.0267', 'HIT@20': '0.0726', 'NDCG@20': '0.0326'}
EarlyStopping counter: 1 out of 40
rec dataset length: 186
100%|██████████████████████████████████████████████████████████████████████████████████████████████████████████████████████████████████████████████████| 186/186 [01:04<00:00,  2.86it/s]
{'epoch': 46, 'rec_avg_loss': '0.6133', 'joint_avg_loss': '0.9066', 'cl_avg_loss': '2.9330', 'itemcl_loss': '0.0000', 'cl_pair_0_loss': '2.9330'}
Recommendation EP_test:46: 100%|| 35/35 [00:08<00:00,  4.28it/s]
{'Epoch': 46, 'name': 'high_freq', 'HIT@5': '0.0443', 'NDCG@5': '0.0296', 'HIT@10': '0.0690', 'NDCG@10': '0.0375', 'HIT@20': '0.1045', 'NDCG@20': '0.0465'}
{'Epoch': 46, 'name': 'mid_freq', 'HIT@5': '0.0039', 'NDCG@5': '0.0021', 'HIT@10': '0.0060', 'NDCG@10': '0.0028', 'HIT@20': '0.0092', 'NDCG@20': '0.0035'}
{'Epoch': 46, 'name': 'low_freq', 'HIT@5': '0.0005', 'NDCG@5': '0.0003', 'HIT@10': '0.0014', 'NDCG@10': '0.0006', 'HIT@20': '0.0023', 'NDCG@20': '0.0008'}
{'Epoch': 46, 'name': 'all', 'HIT@5': '0.0310', 'NDCG@5': '0.0206', 'HIT@10': '0.0483', 'NDCG@10': '0.0261', 'HIT@20': '0.0732', 'NDCG@20': '0.0324'}
EarlyStopping counter: 2 out of 40
rec dataset length: 186
100%|██████████████████████████████████████████████████████████████████████████████████████████████████████████████████████████████████████████████████| 186/186 [01:04<00:00,  2.87it/s]
{'epoch': 47, 'rec_avg_loss': '0.6086', 'joint_avg_loss': '0.9007', 'cl_avg_loss': '2.9206', 'itemcl_loss': '0.0000', 'cl_pair_0_loss': '2.9206'}
Recommendation EP_test:47: 100%|| 35/35 [00:08<00:00,  4.20it/s]
{'Epoch': 47, 'name': 'high_freq', 'HIT@5': '0.0446', 'NDCG@5': '0.0296', 'HIT@10': '0.0671', 'NDCG@10': '0.0369', 'HIT@20': '0.1048', 'NDCG@20': '0.0464'}
{'Epoch': 47, 'name': 'mid_freq', 'HIT@5': '0.0039', 'NDCG@5': '0.0020', 'HIT@10': '0.0070', 'NDCG@10': '0.0030', 'HIT@20': '0.0088', 'NDCG@20': '0.0034'}
{'Epoch': 47, 'name': 'low_freq', 'HIT@5': '0.0011', 'NDCG@5': '0.0006', 'HIT@10': '0.0014', 'NDCG@10': '0.0006', 'HIT@20': '0.0025', 'NDCG@20': '0.0009'}
{'Epoch': 47, 'name': 'all', 'HIT@5': '0.0312', 'NDCG@5': '0.0206', 'HIT@10': '0.0472', 'NDCG@10': '0.0258', 'HIT@20': '0.0733', 'NDCG@20': '0.0323'}
EarlyStopping counter: 3 out of 40
rec dataset length: 186
100%|██████████████████████████████████████████████████████████████████████████████████████████████████████████████████████████████████████████████████| 186/186 [01:05<00:00,  2.86it/s]
{'epoch': 48, 'rec_avg_loss': '0.6037', 'joint_avg_loss': '0.8949', 'cl_avg_loss': '2.9119', 'itemcl_loss': '0.0000', 'cl_pair_0_loss': '2.9119'}
Recommendation EP_test:48: 100%|| 35/35 [00:08<00:00,  4.19it/s]
{'Epoch': 48, 'name': 'high_freq', 'HIT@5': '0.0440', 'NDCG@5': '0.0296', 'HIT@10': '0.0678', 'NDCG@10': '0.0372', 'HIT@20': '0.1044', 'NDCG@20': '0.0464'}
{'Epoch': 48, 'name': 'mid_freq', 'HIT@5': '0.0037', 'NDCG@5': '0.0019', 'HIT@10': '0.0062', 'NDCG@10': '0.0027', 'HIT@20': '0.0095', 'NDCG@20': '0.0035'}
{'Epoch': 48, 'name': 'low_freq', 'HIT@5': '0.0007', 'NDCG@5': '0.0003', 'HIT@10': '0.0011', 'NDCG@10': '0.0004', 'HIT@20': '0.0025', 'NDCG@20': '0.0007'}
{'Epoch': 48, 'name': 'all', 'HIT@5': '0.0308', 'NDCG@5': '0.0205', 'HIT@10': '0.0474', 'NDCG@10': '0.0259', 'HIT@20': '0.0732', 'NDCG@20': '0.0324'}
EarlyStopping counter: 4 out of 40
rec dataset length: 186
100%|██████████████████████████████████████████████████████████████████████████████████████████████████████████████████████████████████████████████████| 186/186 [01:04<00:00,  2.86it/s]
{'epoch': 49, 'rec_avg_loss': '0.5977', 'joint_avg_loss': '0.8880', 'cl_avg_loss': '2.9030', 'itemcl_loss': '0.0000', 'cl_pair_0_loss': '2.9030'}
Recommendation EP_test:49: 100%|| 35/35 [00:08<00:00,  4.15it/s]
{'Epoch': 49, 'name': 'high_freq', 'HIT@5': '0.0444', 'NDCG@5': '0.0298', 'HIT@10': '0.0695', 'NDCG@10': '0.0377', 'HIT@20': '0.1052', 'NDCG@20': '0.0467'}
{'Epoch': 49, 'name': 'mid_freq', 'HIT@5': '0.0037', 'NDCG@5': '0.0022', 'HIT@10': '0.0062', 'NDCG@10': '0.0030', 'HIT@20': '0.0095', 'NDCG@20': '0.0038'}
{'Epoch': 49, 'name': 'low_freq', 'HIT@5': '0.0002', 'NDCG@5': '0.0001', 'HIT@10': '0.0007', 'NDCG@10': '0.0002', 'HIT@20': '0.0023', 'NDCG@20': '0.0006'}
{'Epoch': 49, 'name': 'all', 'HIT@5': '0.0310', 'NDCG@5': '0.0207', 'HIT@10': '0.0485', 'NDCG@10': '0.0263', 'HIT@20': '0.0737', 'NDCG@20': '0.0326'}
EarlyStopping counter: 5 out of 40
rec dataset length: 186
100%|██████████████████████████████████████████████████████████████████████████████████████████████████████████████████████████████████████████████████| 186/186 [01:04<00:00,  2.86it/s]
{'epoch': 50, 'rec_avg_loss': '0.5949', 'joint_avg_loss': '0.8824', 'cl_avg_loss': '2.8750', 'itemcl_loss': '0.0000', 'cl_pair_0_loss': '2.8750'}
Recommendation EP_test:50: 100%|| 35/35 [00:08<00:00,  4.08it/s]
{'Epoch': 50, 'name': 'high_freq', 'HIT@5': '0.0460', 'NDCG@5': '0.0305', 'HIT@10': '0.0697', 'NDCG@10': '0.0381', 'HIT@20': '0.1048', 'NDCG@20': '0.0470'}
{'Epoch': 50, 'name': 'mid_freq', 'HIT@5': '0.0040', 'NDCG@5': '0.0023', 'HIT@10': '0.0066', 'NDCG@10': '0.0032', 'HIT@20': '0.0099', 'NDCG@20': '0.0040'}
{'Epoch': 50, 'name': 'low_freq', 'HIT@5': '0.0005', 'NDCG@5': '0.0002', 'HIT@10': '0.0011', 'NDCG@10': '0.0005', 'HIT@20': '0.0027', 'NDCG@20': '0.0008'}
{'Epoch': 50, 'name': 'all', 'HIT@5': '0.0322', 'NDCG@5': '0.0213', 'HIT@10': '0.0488', 'NDCG@10': '0.0266', 'HIT@20': '0.0736', 'NDCG@20': '0.0328'}
Validation score increased.  Saving model ...
rec dataset length: 186
100%|██████████████████████████████████████████████████████████████████████████████████████████████████████████████████████████████████████████████████| 186/186 [01:04<00:00,  2.86it/s]
{'epoch': 51, 'rec_avg_loss': '0.5910', 'joint_avg_loss': '0.8790', 'cl_avg_loss': '2.8795', 'itemcl_loss': '0.0000', 'cl_pair_0_loss': '2.8795'}
Recommendation EP_test:51: 100%|| 35/35 [00:08<00:00,  4.11it/s]
{'Epoch': 51, 'name': 'high_freq', 'HIT@5': '0.0467', 'NDCG@5': '0.0310', 'HIT@10': '0.0702', 'NDCG@10': '0.0386', 'HIT@20': '0.1053', 'NDCG@20': '0.0474'}
{'Epoch': 51, 'name': 'mid_freq', 'HIT@5': '0.0043', 'NDCG@5': '0.0025', 'HIT@10': '0.0068', 'NDCG@10': '0.0033', 'HIT@20': '0.0101', 'NDCG@20': '0.0041'}
{'Epoch': 51, 'name': 'low_freq', 'HIT@5': '0.0007', 'NDCG@5': '0.0004', 'HIT@10': '0.0009', 'NDCG@10': '0.0004', 'HIT@20': '0.0018', 'NDCG@20': '0.0006'}
{'Epoch': 51, 'name': 'all', 'HIT@5': '0.0327', 'NDCG@5': '0.0216', 'HIT@10': '0.0492', 'NDCG@10': '0.0269', 'HIT@20': '0.0738', 'NDCG@20': '0.0331'}
Validation score increased.  Saving model ...
rec dataset length: 186
100%|██████████████████████████████████████████████████████████████████████████████████████████████████████████████████████████████████████████████████| 186/186 [01:04<00:00,  2.87it/s]
{'epoch': 52, 'rec_avg_loss': '0.5864', 'joint_avg_loss': '0.8740', 'cl_avg_loss': '2.8765', 'itemcl_loss': '0.0000', 'cl_pair_0_loss': '2.8765'}
Recommendation EP_test:52: 100%|| 35/35 [00:08<00:00,  4.26it/s]
{'Epoch': 52, 'name': 'high_freq', 'HIT@5': '0.0459', 'NDCG@5': '0.0303', 'HIT@10': '0.0703', 'NDCG@10': '0.0382', 'HIT@20': '0.1063', 'NDCG@20': '0.0472'}
{'Epoch': 52, 'name': 'mid_freq', 'HIT@5': '0.0042', 'NDCG@5': '0.0024', 'HIT@10': '0.0065', 'NDCG@10': '0.0031', 'HIT@20': '0.0106', 'NDCG@20': '0.0042'}
{'Epoch': 52, 'name': 'low_freq', 'HIT@5': '0.0011', 'NDCG@5': '0.0005', 'HIT@10': '0.0018', 'NDCG@10': '0.0007', 'HIT@20': '0.0032', 'NDCG@20': '0.0011'}
{'Epoch': 52, 'name': 'all', 'HIT@5': '0.0322', 'NDCG@5': '0.0212', 'HIT@10': '0.0493', 'NDCG@10': '0.0267', 'HIT@20': '0.0748', 'NDCG@20': '0.0330'}
EarlyStopping counter: 1 out of 40
rec dataset length: 186
100%|██████████████████████████████████████████████████████████████████████████████████████████████████████████████████████████████████████████████████| 186/186 [01:05<00:00,  2.86it/s]
{'epoch': 53, 'rec_avg_loss': '0.5832', 'joint_avg_loss': '0.8706', 'cl_avg_loss': '2.8742', 'itemcl_loss': '0.0000', 'cl_pair_0_loss': '2.8742'}
Recommendation EP_test:53: 100%|| 35/35 [00:08<00:00,  4.20it/s]
{'Epoch': 53, 'name': 'high_freq', 'HIT@5': '0.0464', 'NDCG@5': '0.0308', 'HIT@10': '0.0702', 'NDCG@10': '0.0384', 'HIT@20': '0.1051', 'NDCG@20': '0.0472'}
{'Epoch': 53, 'name': 'mid_freq', 'HIT@5': '0.0039', 'NDCG@5': '0.0026', 'HIT@10': '0.0066', 'NDCG@10': '0.0035', 'HIT@20': '0.0099', 'NDCG@20': '0.0043'}
{'Epoch': 53, 'name': 'low_freq', 'HIT@5': '0.0009', 'NDCG@5': '0.0005', 'HIT@10': '0.0011', 'NDCG@10': '0.0005', 'HIT@20': '0.0032', 'NDCG@20': '0.0011'}
{'Epoch': 53, 'name': 'all', 'HIT@5': '0.0324', 'NDCG@5': '0.0215', 'HIT@10': '0.0492', 'NDCG@10': '0.0269', 'HIT@20': '0.0738', 'NDCG@20': '0.0331'}
EarlyStopping counter: 2 out of 40
rec dataset length: 186
100%|██████████████████████████████████████████████████████████████████████████████████████████████████████████████████████████████████████████████████| 186/186 [01:05<00:00,  2.84it/s]
{'epoch': 54, 'rec_avg_loss': '0.5767', 'joint_avg_loss': '0.8632', 'cl_avg_loss': '2.8649', 'itemcl_loss': '0.0000', 'cl_pair_0_loss': '2.8649'}
Recommendation EP_test:54: 100%|| 35/35 [00:08<00:00,  4.17it/s]
{'Epoch': 54, 'name': 'high_freq', 'HIT@5': '0.0464', 'NDCG@5': '0.0305', 'HIT@10': '0.0706', 'NDCG@10': '0.0383', 'HIT@20': '0.1061', 'NDCG@20': '0.0472'}
{'Epoch': 54, 'name': 'mid_freq', 'HIT@5': '0.0036', 'NDCG@5': '0.0022', 'HIT@10': '0.0063', 'NDCG@10': '0.0031', 'HIT@20': '0.0101', 'NDCG@20': '0.0040'}
{'Epoch': 54, 'name': 'low_freq', 'HIT@5': '0.0005', 'NDCG@5': '0.0003', 'HIT@10': '0.0016', 'NDCG@10': '0.0006', 'HIT@20': '0.0029', 'NDCG@20': '0.0010'}
{'Epoch': 54, 'name': 'all', 'HIT@5': '0.0323', 'NDCG@5': '0.0213', 'HIT@10': '0.0494', 'NDCG@10': '0.0267', 'HIT@20': '0.0745', 'NDCG@20': '0.0330'}
EarlyStopping counter: 3 out of 40
rec dataset length: 186
100%|██████████████████████████████████████████████████████████████████████████████████████████████████████████████████████████████████████████████████| 186/186 [01:04<00:00,  2.86it/s]
{'epoch': 55, 'rec_avg_loss': '0.5742', 'joint_avg_loss': '0.8590', 'cl_avg_loss': '2.8475', 'itemcl_loss': '0.0000', 'cl_pair_0_loss': '2.8475'}
Recommendation EP_test:55: 100%|| 35/35 [00:08<00:00,  4.24it/s]
{'Epoch': 55, 'name': 'high_freq', 'HIT@5': '0.0470', 'NDCG@5': '0.0312', 'HIT@10': '0.0716', 'NDCG@10': '0.0392', 'HIT@20': '0.1060', 'NDCG@20': '0.0478'}
{'Epoch': 55, 'name': 'mid_freq', 'HIT@5': '0.0043', 'NDCG@5': '0.0027', 'HIT@10': '0.0070', 'NDCG@10': '0.0036', 'HIT@20': '0.0101', 'NDCG@20': '0.0044'}
{'Epoch': 55, 'name': 'low_freq', 'HIT@5': '0.0007', 'NDCG@5': '0.0004', 'HIT@10': '0.0014', 'NDCG@10': '0.0006', 'HIT@20': '0.0029', 'NDCG@20': '0.0010'}
{'Epoch': 55, 'name': 'all', 'HIT@5': '0.0329', 'NDCG@5': '0.0218', 'HIT@10': '0.0503', 'NDCG@10': '0.0274', 'HIT@20': '0.0744', 'NDCG@20': '0.0335'}
Validation score increased.  Saving model ...
rec dataset length: 186
100%|██████████████████████████████████████████████████████████████████████████████████████████████████████████████████████████████████████████████████| 186/186 [01:05<00:00,  2.86it/s]
{'epoch': 56, 'rec_avg_loss': '0.5691', 'joint_avg_loss': '0.8552', 'cl_avg_loss': '2.8610', 'itemcl_loss': '0.0000', 'cl_pair_0_loss': '2.8610'}
Recommendation EP_test:56: 100%|| 35/35 [00:08<00:00,  4.23it/s]
{'Epoch': 56, 'name': 'high_freq', 'HIT@5': '0.0470', 'NDCG@5': '0.0310', 'HIT@10': '0.0701', 'NDCG@10': '0.0384', 'HIT@20': '0.1053', 'NDCG@20': '0.0473'}
{'Epoch': 56, 'name': 'mid_freq', 'HIT@5': '0.0040', 'NDCG@5': '0.0025', 'HIT@10': '0.0076', 'NDCG@10': '0.0037', 'HIT@20': '0.0115', 'NDCG@20': '0.0046'}
{'Epoch': 56, 'name': 'low_freq', 'HIT@5': '0.0011', 'NDCG@5': '0.0008', 'HIT@10': '0.0016', 'NDCG@10': '0.0009', 'HIT@20': '0.0034', 'NDCG@20': '0.0014'}
{'Epoch': 56, 'name': 'all', 'HIT@5': '0.0329', 'NDCG@5': '0.0217', 'HIT@10': '0.0494', 'NDCG@10': '0.0270', 'HIT@20': '0.0743', 'NDCG@20': '0.0332'}
EarlyStopping counter: 1 out of 40
rec dataset length: 186
100%|██████████████████████████████████████████████████████████████████████████████████████████████████████████████████████████████████████████████████| 186/186 [01:04<00:00,  2.86it/s]
{'epoch': 57, 'rec_avg_loss': '0.5670', 'joint_avg_loss': '0.8501', 'cl_avg_loss': '2.8309', 'itemcl_loss': '0.0000', 'cl_pair_0_loss': '2.8309'}
Recommendation EP_test:57: 100%|| 35/35 [00:08<00:00,  4.28it/s]
{'Epoch': 57, 'name': 'high_freq', 'HIT@5': '0.0460', 'NDCG@5': '0.0310', 'HIT@10': '0.0695', 'NDCG@10': '0.0385', 'HIT@20': '0.1051', 'NDCG@20': '0.0474'}
{'Epoch': 57, 'name': 'mid_freq', 'HIT@5': '0.0047', 'NDCG@5': '0.0029', 'HIT@10': '0.0078', 'NDCG@10': '0.0039', 'HIT@20': '0.0102', 'NDCG@20': '0.0045'}
{'Epoch': 57, 'name': 'low_freq', 'HIT@5': '0.0016', 'NDCG@5': '0.0008', 'HIT@10': '0.0020', 'NDCG@10': '0.0009', 'HIT@20': '0.0036', 'NDCG@20': '0.0013'}
{'Epoch': 57, 'name': 'all', 'HIT@5': '0.0324', 'NDCG@5': '0.0217', 'HIT@10': '0.0490', 'NDCG@10': '0.0271', 'HIT@20': '0.0739', 'NDCG@20': '0.0333'}
EarlyStopping counter: 2 out of 40
rec dataset length: 186
100%|██████████████████████████████████████████████████████████████████████████████████████████████████████████████████████████████████████████████████| 186/186 [01:04<00:00,  2.87it/s]
{'epoch': 58, 'rec_avg_loss': '0.5644', 'joint_avg_loss': '0.8476', 'cl_avg_loss': '2.8319', 'itemcl_loss': '0.0000', 'cl_pair_0_loss': '2.8319'}
Recommendation EP_test:58: 100%|| 35/35 [00:08<00:00,  4.26it/s]
{'Epoch': 58, 'name': 'high_freq', 'HIT@5': '0.0464', 'NDCG@5': '0.0312', 'HIT@10': '0.0711', 'NDCG@10': '0.0391', 'HIT@20': '0.1047', 'NDCG@20': '0.0476'}
{'Epoch': 58, 'name': 'mid_freq', 'HIT@5': '0.0046', 'NDCG@5': '0.0029', 'HIT@10': '0.0082', 'NDCG@10': '0.0040', 'HIT@20': '0.0108', 'NDCG@20': '0.0046'}
{'Epoch': 58, 'name': 'low_freq', 'HIT@5': '0.0007', 'NDCG@5': '0.0004', 'HIT@10': '0.0018', 'NDCG@10': '0.0008', 'HIT@20': '0.0045', 'NDCG@20': '0.0014'}
{'Epoch': 58, 'name': 'all', 'HIT@5': '0.0326', 'NDCG@5': '0.0219', 'HIT@10': '0.0502', 'NDCG@10': '0.0275', 'HIT@20': '0.0739', 'NDCG@20': '0.0334'}
EarlyStopping counter: 3 out of 40
rec dataset length: 186
100%|██████████████████████████████████████████████████████████████████████████████████████████████████████████████████████████████████████████████████| 186/186 [01:04<00:00,  2.87it/s]
{'epoch': 59, 'rec_avg_loss': '0.5604', 'joint_avg_loss': '0.8435', 'cl_avg_loss': '2.8310', 'itemcl_loss': '0.0000', 'cl_pair_0_loss': '2.8310'}
Recommendation EP_test:59: 100%|| 35/35 [00:08<00:00,  4.33it/s]
{'Epoch': 59, 'name': 'high_freq', 'HIT@5': '0.0459', 'NDCG@5': '0.0310', 'HIT@10': '0.0714', 'NDCG@10': '0.0392', 'HIT@20': '0.1064', 'NDCG@20': '0.0480'}
{'Epoch': 59, 'name': 'mid_freq', 'HIT@5': '0.0040', 'NDCG@5': '0.0027', 'HIT@10': '0.0078', 'NDCG@10': '0.0039', 'HIT@20': '0.0109', 'NDCG@20': '0.0047'}
{'Epoch': 59, 'name': 'low_freq', 'HIT@5': '0.0007', 'NDCG@5': '0.0003', 'HIT@10': '0.0016', 'NDCG@10': '0.0006', 'HIT@20': '0.0038', 'NDCG@20': '0.0012'}
{'Epoch': 59, 'name': 'all', 'HIT@5': '0.0321', 'NDCG@5': '0.0217', 'HIT@10': '0.0503', 'NDCG@10': '0.0275', 'HIT@20': '0.0750', 'NDCG@20': '0.0338'}
Validation score increased.  Saving model ...
rec dataset length: 186
100%|██████████████████████████████████████████████████████████████████████████████████████████████████████████████████████████████████████████████████| 186/186 [01:04<00:00,  2.87it/s]
{'epoch': 60, 'rec_avg_loss': '0.5566', 'joint_avg_loss': '0.8372', 'cl_avg_loss': '2.8061', 'itemcl_loss': '0.0000', 'cl_pair_0_loss': '2.8061'}
Recommendation EP_test:60: 100%|| 35/35 [00:07<00:00,  4.40it/s]
{'Epoch': 60, 'name': 'high_freq', 'HIT@5': '0.0463', 'NDCG@5': '0.0312', 'HIT@10': '0.0713', 'NDCG@10': '0.0393', 'HIT@20': '0.1053', 'NDCG@20': '0.0478'}
{'Epoch': 60, 'name': 'mid_freq', 'HIT@5': '0.0049', 'NDCG@5': '0.0027', 'HIT@10': '0.0079', 'NDCG@10': '0.0037', 'HIT@20': '0.0108', 'NDCG@20': '0.0044'}
{'Epoch': 60, 'name': 'low_freq', 'HIT@5': '0.0005', 'NDCG@5': '0.0003', 'HIT@10': '0.0011', 'NDCG@10': '0.0005', 'HIT@20': '0.0036', 'NDCG@20': '0.0011'}
{'Epoch': 60, 'name': 'all', 'HIT@5': '0.0325', 'NDCG@5': '0.0218', 'HIT@10': '0.0502', 'NDCG@10': '0.0275', 'HIT@20': '0.0742', 'NDCG@20': '0.0335'}
EarlyStopping counter: 1 out of 40
rec dataset length: 186
100%|██████████████████████████████████████████████████████████████████████████████████████████████████████████████████████████████████████████████████| 186/186 [01:04<00:00,  2.87it/s]
{'epoch': 61, 'rec_avg_loss': '0.5545', 'joint_avg_loss': '0.8358', 'cl_avg_loss': '2.8127', 'itemcl_loss': '0.0000', 'cl_pair_0_loss': '2.8127'}
Recommendation EP_test:61: 100%|| 35/35 [00:08<00:00,  4.34it/s]
{'Epoch': 61, 'name': 'high_freq', 'HIT@5': '0.0462', 'NDCG@5': '0.0306', 'HIT@10': '0.0718', 'NDCG@10': '0.0388', 'HIT@20': '0.1053', 'NDCG@20': '0.0472'}
{'Epoch': 61, 'name': 'mid_freq', 'HIT@5': '0.0047', 'NDCG@5': '0.0028', 'HIT@10': '0.0079', 'NDCG@10': '0.0038', 'HIT@20': '0.0109', 'NDCG@20': '0.0046'}
{'Epoch': 61, 'name': 'low_freq', 'HIT@5': '0.0009', 'NDCG@5': '0.0004', 'HIT@10': '0.0014', 'NDCG@10': '0.0006', 'HIT@20': '0.0048', 'NDCG@20': '0.0014'}
{'Epoch': 61, 'name': 'all', 'HIT@5': '0.0325', 'NDCG@5': '0.0214', 'HIT@10': '0.0505', 'NDCG@10': '0.0272', 'HIT@20': '0.0744', 'NDCG@20': '0.0332'}
EarlyStopping counter: 2 out of 40
rec dataset length: 186
100%|██████████████████████████████████████████████████████████████████████████████████████████████████████████████████████████████████████████████████| 186/186 [01:04<00:00,  2.87it/s]
{'epoch': 62, 'rec_avg_loss': '0.5511', 'joint_avg_loss': '0.8320', 'cl_avg_loss': '2.8085', 'itemcl_loss': '0.0000', 'cl_pair_0_loss': '2.8085'}
Recommendation EP_test:62: 100%|| 35/35 [00:08<00:00,  4.31it/s]
{'Epoch': 62, 'name': 'high_freq', 'HIT@5': '0.0461', 'NDCG@5': '0.0304', 'HIT@10': '0.0707', 'NDCG@10': '0.0383', 'HIT@20': '0.1056', 'NDCG@20': '0.0471'}
{'Epoch': 62, 'name': 'mid_freq', 'HIT@5': '0.0046', 'NDCG@5': '0.0029', 'HIT@10': '0.0073', 'NDCG@10': '0.0038', 'HIT@20': '0.0118', 'NDCG@20': '0.0049'}
{'Epoch': 62, 'name': 'low_freq', 'HIT@5': '0.0007', 'NDCG@5': '0.0003', 'HIT@10': '0.0011', 'NDCG@10': '0.0005', 'HIT@20': '0.0036', 'NDCG@20': '0.0011'}
{'Epoch': 62, 'name': 'all', 'HIT@5': '0.0323', 'NDCG@5': '0.0213', 'HIT@10': '0.0496', 'NDCG@10': '0.0269', 'HIT@20': '0.0746', 'NDCG@20': '0.0332'}
EarlyStopping counter: 3 out of 40
rec dataset length: 186
100%|██████████████████████████████████████████████████████████████████████████████████████████████████████████████████████████████████████████████████| 186/186 [01:04<00:00,  2.87it/s]
{'epoch': 63, 'rec_avg_loss': '0.5469', 'joint_avg_loss': '0.8280', 'cl_avg_loss': '2.8107', 'itemcl_loss': '0.0000', 'cl_pair_0_loss': '2.8107'}
Recommendation EP_test:63: 100%|| 35/35 [00:08<00:00,  4.29it/s]
{'Epoch': 63, 'name': 'high_freq', 'HIT@5': '0.0473', 'NDCG@5': '0.0316', 'HIT@10': '0.0722', 'NDCG@10': '0.0396', 'HIT@20': '0.1061', 'NDCG@20': '0.0481'}
{'Epoch': 63, 'name': 'mid_freq', 'HIT@5': '0.0047', 'NDCG@5': '0.0031', 'HIT@10': '0.0073', 'NDCG@10': '0.0039', 'HIT@20': '0.0109', 'NDCG@20': '0.0048'}
{'Epoch': 63, 'name': 'low_freq', 'HIT@5': '0.0009', 'NDCG@5': '0.0005', 'HIT@10': '0.0023', 'NDCG@10': '0.0009', 'HIT@20': '0.0041', 'NDCG@20': '0.0014'}
{'Epoch': 63, 'name': 'all', 'HIT@5': '0.0332', 'NDCG@5': '0.0222', 'HIT@10': '0.0508', 'NDCG@10': '0.0278', 'HIT@20': '0.0748', 'NDCG@20': '0.0338'}
Validation score increased.  Saving model ...
rec dataset length: 186
100%|██████████████████████████████████████████████████████████████████████████████████████████████████████████████████████████████████████████████████| 186/186 [01:04<00:00,  2.87it/s]
{'epoch': 64, 'rec_avg_loss': '0.5427', 'joint_avg_loss': '0.8221', 'cl_avg_loss': '2.7942', 'itemcl_loss': '0.0000', 'cl_pair_0_loss': '2.7942'}
Recommendation EP_test:64: 100%|| 35/35 [00:08<00:00,  4.23it/s]
{'Epoch': 64, 'name': 'high_freq', 'HIT@5': '0.0474', 'NDCG@5': '0.0321', 'HIT@10': '0.0716', 'NDCG@10': '0.0399', 'HIT@20': '0.1069', 'NDCG@20': '0.0488'}
{'Epoch': 64, 'name': 'mid_freq', 'HIT@5': '0.0049', 'NDCG@5': '0.0029', 'HIT@10': '0.0082', 'NDCG@10': '0.0040', 'HIT@20': '0.0113', 'NDCG@20': '0.0048'}
{'Epoch': 64, 'name': 'low_freq', 'HIT@5': '0.0007', 'NDCG@5': '0.0003', 'HIT@10': '0.0018', 'NDCG@10': '0.0007', 'HIT@20': '0.0036', 'NDCG@20': '0.0011'}
{'Epoch': 64, 'name': 'all', 'HIT@5': '0.0333', 'NDCG@5': '0.0225', 'HIT@10': '0.0506', 'NDCG@10': '0.0280', 'HIT@20': '0.0754', 'NDCG@20': '0.0343'}
Validation score increased.  Saving model ...
rec dataset length: 186
100%|██████████████████████████████████████████████████████████████████████████████████████████████████████████████████████████████████████████████████| 186/186 [01:04<00:00,  2.87it/s]
{'epoch': 65, 'rec_avg_loss': '0.5420', 'joint_avg_loss': '0.8212', 'cl_avg_loss': '2.7923', 'itemcl_loss': '0.0000', 'cl_pair_0_loss': '2.7923'}
Recommendation EP_test:65: 100%|| 35/35 [00:08<00:00,  4.26it/s]
{'Epoch': 65, 'name': 'high_freq', 'HIT@5': '0.0464', 'NDCG@5': '0.0313', 'HIT@10': '0.0709', 'NDCG@10': '0.0391', 'HIT@20': '0.1058', 'NDCG@20': '0.0479'}
{'Epoch': 65, 'name': 'mid_freq', 'HIT@5': '0.0045', 'NDCG@5': '0.0026', 'HIT@10': '0.0076', 'NDCG@10': '0.0037', 'HIT@20': '0.0111', 'NDCG@20': '0.0045'}
{'Epoch': 65, 'name': 'low_freq', 'HIT@5': '0.0011', 'NDCG@5': '0.0006', 'HIT@10': '0.0014', 'NDCG@10': '0.0007', 'HIT@20': '0.0032', 'NDCG@20': '0.0012'}
{'Epoch': 65, 'name': 'all', 'HIT@5': '0.0326', 'NDCG@5': '0.0219', 'HIT@10': '0.0499', 'NDCG@10': '0.0274', 'HIT@20': '0.0746', 'NDCG@20': '0.0336'}
EarlyStopping counter: 1 out of 40
rec dataset length: 186
100%|██████████████████████████████████████████████████████████████████████████████████████████████████████████████████████████████████████████████████| 186/186 [01:04<00:00,  2.86it/s]
{'epoch': 66, 'rec_avg_loss': '0.5396', 'joint_avg_loss': '0.8176', 'cl_avg_loss': '2.7809', 'itemcl_loss': '0.0000', 'cl_pair_0_loss': '2.7809'}
Recommendation EP_test:66: 100%|| 35/35 [00:08<00:00,  4.28it/s]
{'Epoch': 66, 'name': 'high_freq', 'HIT@5': '0.0474', 'NDCG@5': '0.0317', 'HIT@10': '0.0703', 'NDCG@10': '0.0391', 'HIT@20': '0.1047', 'NDCG@20': '0.0477'}
{'Epoch': 66, 'name': 'mid_freq', 'HIT@5': '0.0050', 'NDCG@5': '0.0033', 'HIT@10': '0.0083', 'NDCG@10': '0.0043', 'HIT@20': '0.0113', 'NDCG@20': '0.0051'}
{'Epoch': 66, 'name': 'low_freq', 'HIT@5': '0.0011', 'NDCG@5': '0.0007', 'HIT@10': '0.0014', 'NDCG@10': '0.0008', 'HIT@20': '0.0034', 'NDCG@20': '0.0013'}
{'Epoch': 66, 'name': 'all', 'HIT@5': '0.0334', 'NDCG@5': '0.0223', 'HIT@10': '0.0496', 'NDCG@10': '0.0275', 'HIT@20': '0.0739', 'NDCG@20': '0.0336'}
EarlyStopping counter: 2 out of 40
rec dataset length: 186
100%|██████████████████████████████████████████████████████████████████████████████████████████████████████████████████████████████████████████████████| 186/186 [01:05<00:00,  2.86it/s]
{'epoch': 67, 'rec_avg_loss': '0.5349', 'joint_avg_loss': '0.8131', 'cl_avg_loss': '2.7814', 'itemcl_loss': '0.0000', 'cl_pair_0_loss': '2.7814'}
Recommendation EP_test:67: 100%|| 35/35 [00:08<00:00,  4.18it/s]
{'Epoch': 67, 'name': 'high_freq', 'HIT@5': '0.0476', 'NDCG@5': '0.0317', 'HIT@10': '0.0700', 'NDCG@10': '0.0389', 'HIT@20': '0.1044', 'NDCG@20': '0.0476'}
{'Epoch': 67, 'name': 'mid_freq', 'HIT@5': '0.0057', 'NDCG@5': '0.0033', 'HIT@10': '0.0083', 'NDCG@10': '0.0042', 'HIT@20': '0.0118', 'NDCG@20': '0.0050'}
{'Epoch': 67, 'name': 'low_freq', 'HIT@5': '0.0014', 'NDCG@5': '0.0008', 'HIT@10': '0.0018', 'NDCG@10': '0.0009', 'HIT@20': '0.0043', 'NDCG@20': '0.0015'}
{'Epoch': 67, 'name': 'all', 'HIT@5': '0.0337', 'NDCG@5': '0.0223', 'HIT@10': '0.0494', 'NDCG@10': '0.0274', 'HIT@20': '0.0739', 'NDCG@20': '0.0336'}
EarlyStopping counter: 3 out of 40
rec dataset length: 186
100%|██████████████████████████████████████████████████████████████████████████████████████████████████████████████████████████████████████████████████| 186/186 [01:04<00:00,  2.86it/s]
{'epoch': 68, 'rec_avg_loss': '0.5345', 'joint_avg_loss': '0.8117', 'cl_avg_loss': '2.7717', 'itemcl_loss': '0.0000', 'cl_pair_0_loss': '2.7717'}
Recommendation EP_test:68: 100%|| 35/35 [00:08<00:00,  4.20it/s]
{'Epoch': 68, 'name': 'high_freq', 'HIT@5': '0.0462', 'NDCG@5': '0.0312', 'HIT@10': '0.0698', 'NDCG@10': '0.0388', 'HIT@20': '0.1065', 'NDCG@20': '0.0480'}
{'Epoch': 68, 'name': 'mid_freq', 'HIT@5': '0.0049', 'NDCG@5': '0.0031', 'HIT@10': '0.0079', 'NDCG@10': '0.0041', 'HIT@20': '0.0124', 'NDCG@20': '0.0052'}
{'Epoch': 68, 'name': 'low_freq', 'HIT@5': '0.0014', 'NDCG@5': '0.0009', 'HIT@10': '0.0018', 'NDCG@10': '0.0010', 'HIT@20': '0.0043', 'NDCG@20': '0.0016'}
{'Epoch': 68, 'name': 'all', 'HIT@5': '0.0326', 'NDCG@5': '0.0219', 'HIT@10': '0.0493', 'NDCG@10': '0.0273', 'HIT@20': '0.0754', 'NDCG@20': '0.0339'}
EarlyStopping counter: 4 out of 40
rec dataset length: 186
100%|██████████████████████████████████████████████████████████████████████████████████████████████████████████████████████████████████████████████████| 186/186 [01:04<00:00,  2.87it/s]
{'epoch': 69, 'rec_avg_loss': '0.5280', 'joint_avg_loss': '0.8045', 'cl_avg_loss': '2.7648', 'itemcl_loss': '0.0000', 'cl_pair_0_loss': '2.7648'}
Recommendation EP_test:69: 100%|| 35/35 [00:08<00:00,  4.29it/s]
{'Epoch': 69, 'name': 'high_freq', 'HIT@5': '0.0465', 'NDCG@5': '0.0315', 'HIT@10': '0.0706', 'NDCG@10': '0.0392', 'HIT@20': '0.1055', 'NDCG@20': '0.0480'}
{'Epoch': 69, 'name': 'mid_freq', 'HIT@5': '0.0056', 'NDCG@5': '0.0037', 'HIT@10': '0.0090', 'NDCG@10': '0.0048', 'HIT@20': '0.0126', 'NDCG@20': '0.0057'}
{'Epoch': 69, 'name': 'low_freq', 'HIT@5': '0.0020', 'NDCG@5': '0.0012', 'HIT@10': '0.0029', 'NDCG@10': '0.0015', 'HIT@20': '0.0048', 'NDCG@20': '0.0019'}
{'Epoch': 69, 'name': 'all', 'HIT@5': '0.0330', 'NDCG@5': '0.0223', 'HIT@10': '0.0502', 'NDCG@10': '0.0278', 'HIT@20': '0.0748', 'NDCG@20': '0.0340'}
EarlyStopping counter: 5 out of 40
rec dataset length: 186
100%|██████████████████████████████████████████████████████████████████████████████████████████████████████████████████████████████████████████████████| 186/186 [01:04<00:00,  2.87it/s]
{'epoch': 70, 'rec_avg_loss': '0.5275', 'joint_avg_loss': '0.8043', 'cl_avg_loss': '2.7681', 'itemcl_loss': '0.0000', 'cl_pair_0_loss': '2.7681'}
Recommendation EP_test:70: 100%|| 35/35 [00:08<00:00,  4.29it/s]
{'Epoch': 70, 'name': 'high_freq', 'HIT@5': '0.0465', 'NDCG@5': '0.0311', 'HIT@10': '0.0704', 'NDCG@10': '0.0388', 'HIT@20': '0.1061', 'NDCG@20': '0.0477'}
{'Epoch': 70, 'name': 'mid_freq', 'HIT@5': '0.0060', 'NDCG@5': '0.0040', 'HIT@10': '0.0089', 'NDCG@10': '0.0049', 'HIT@20': '0.0132', 'NDCG@20': '0.0060'}
{'Epoch': 70, 'name': 'low_freq', 'HIT@5': '0.0018', 'NDCG@5': '0.0015', 'HIT@10': '0.0020', 'NDCG@10': '0.0016', 'HIT@20': '0.0050', 'NDCG@20': '0.0023'}
{'Epoch': 70, 'name': 'all', 'HIT@5': '0.0330', 'NDCG@5': '0.0221', 'HIT@10': '0.0499', 'NDCG@10': '0.0275', 'HIT@20': '0.0754', 'NDCG@20': '0.0339'}
EarlyStopping counter: 6 out of 40
rec dataset length: 186
100%|██████████████████████████████████████████████████████████████████████████████████████████████████████████████████████████████████████████████████| 186/186 [01:04<00:00,  2.87it/s]
{'epoch': 71, 'rec_avg_loss': '0.5285', 'joint_avg_loss': '0.8040', 'cl_avg_loss': '2.7551', 'itemcl_loss': '0.0000', 'cl_pair_0_loss': '2.7551'}
Recommendation EP_test:71: 100%|| 35/35 [00:08<00:00,  4.11it/s]
{'Epoch': 71, 'name': 'high_freq', 'HIT@5': '0.0468', 'NDCG@5': '0.0311', 'HIT@10': '0.0713', 'NDCG@10': '0.0390', 'HIT@20': '0.1059', 'NDCG@20': '0.0476'}
{'Epoch': 71, 'name': 'mid_freq', 'HIT@5': '0.0059', 'NDCG@5': '0.0037', 'HIT@10': '0.0096', 'NDCG@10': '0.0049', 'HIT@20': '0.0124', 'NDCG@20': '0.0056'}
{'Epoch': 71, 'name': 'low_freq', 'HIT@5': '0.0016', 'NDCG@5': '0.0013', 'HIT@10': '0.0016', 'NDCG@10': '0.0013', 'HIT@20': '0.0043', 'NDCG@20': '0.0020'}
{'Epoch': 71, 'name': 'all', 'HIT@5': '0.0332', 'NDCG@5': '0.0221', 'HIT@10': '0.0506', 'NDCG@10': '0.0277', 'HIT@20': '0.0750', 'NDCG@20': '0.0338'}
EarlyStopping counter: 7 out of 40
rec dataset length: 186
100%|██████████████████████████████████████████████████████████████████████████████████████████████████████████████████████████████████████████████████| 186/186 [01:04<00:00,  2.88it/s]
{'epoch': 72, 'rec_avg_loss': '0.5229', 'joint_avg_loss': '0.7986', 'cl_avg_loss': '2.7567', 'itemcl_loss': '0.0000', 'cl_pair_0_loss': '2.7567'}
Recommendation EP_test:72: 100%|| 35/35 [00:08<00:00,  4.26it/s]
{'Epoch': 72, 'name': 'high_freq', 'HIT@5': '0.0468', 'NDCG@5': '0.0317', 'HIT@10': '0.0696', 'NDCG@10': '0.0391', 'HIT@20': '0.1045', 'NDCG@20': '0.0478'}
{'Epoch': 72, 'name': 'mid_freq', 'HIT@5': '0.0060', 'NDCG@5': '0.0036', 'HIT@10': '0.0090', 'NDCG@10': '0.0047', 'HIT@20': '0.0125', 'NDCG@20': '0.0055'}
{'Epoch': 72, 'name': 'low_freq', 'HIT@5': '0.0016', 'NDCG@5': '0.0013', 'HIT@10': '0.0020', 'NDCG@10': '0.0015', 'HIT@20': '0.0038', 'NDCG@20': '0.0019'}
{'Epoch': 72, 'name': 'all', 'HIT@5': '0.0332', 'NDCG@5': '0.0225', 'HIT@10': '0.0494', 'NDCG@10': '0.0277', 'HIT@20': '0.0740', 'NDCG@20': '0.0339'}
EarlyStopping counter: 8 out of 40
rec dataset length: 186
100%|██████████████████████████████████████████████████████████████████████████████████████████████████████████████████████████████████████████████████| 186/186 [01:04<00:00,  2.88it/s]
{'epoch': 73, 'rec_avg_loss': '0.5186', 'joint_avg_loss': '0.7937', 'cl_avg_loss': '2.7506', 'itemcl_loss': '0.0000', 'cl_pair_0_loss': '2.7506'}
Recommendation EP_test:73: 100%|| 35/35 [00:08<00:00,  4.29it/s]
{'Epoch': 73, 'name': 'high_freq', 'HIT@5': '0.0465', 'NDCG@5': '0.0314', 'HIT@10': '0.0698', 'NDCG@10': '0.0389', 'HIT@20': '0.1048', 'NDCG@20': '0.0477'}
{'Epoch': 73, 'name': 'mid_freq', 'HIT@5': '0.0060', 'NDCG@5': '0.0039', 'HIT@10': '0.0090', 'NDCG@10': '0.0049', 'HIT@20': '0.0121', 'NDCG@20': '0.0056'}
{'Epoch': 73, 'name': 'low_freq', 'HIT@5': '0.0014', 'NDCG@5': '0.0008', 'HIT@10': '0.0020', 'NDCG@10': '0.0010', 'HIT@20': '0.0036', 'NDCG@20': '0.0014'}
{'Epoch': 73, 'name': 'all', 'HIT@5': '0.0330', 'NDCG@5': '0.0222', 'HIT@10': '0.0495', 'NDCG@10': '0.0275', 'HIT@20': '0.0741', 'NDCG@20': '0.0337'}
EarlyStopping counter: 9 out of 40
rec dataset length: 186
100%|██████████████████████████████████████████████████████████████████████████████████████████████████████████████████████████████████████████████████| 186/186 [01:05<00:00,  2.86it/s]
{'epoch': 74, 'rec_avg_loss': '0.5182', 'joint_avg_loss': '0.7918', 'cl_avg_loss': '2.7362', 'itemcl_loss': '0.0000', 'cl_pair_0_loss': '2.7362'}
Recommendation EP_test:74: 100%|| 35/35 [00:08<00:00,  4.19it/s]
{'Epoch': 74, 'name': 'high_freq', 'HIT@5': '0.0467', 'NDCG@5': '0.0313', 'HIT@10': '0.0699', 'NDCG@10': '0.0387', 'HIT@20': '0.1052', 'NDCG@20': '0.0476'}
{'Epoch': 74, 'name': 'mid_freq', 'HIT@5': '0.0066', 'NDCG@5': '0.0044', 'HIT@10': '0.0092', 'NDCG@10': '0.0052', 'HIT@20': '0.0129', 'NDCG@20': '0.0062'}
{'Epoch': 74, 'name': 'low_freq', 'HIT@5': '0.0014', 'NDCG@5': '0.0009', 'HIT@10': '0.0018', 'NDCG@10': '0.0010', 'HIT@20': '0.0036', 'NDCG@20': '0.0015'}
{'Epoch': 74, 'name': 'all', 'HIT@5': '0.0332', 'NDCG@5': '0.0222', 'HIT@10': '0.0496', 'NDCG@10': '0.0275', 'HIT@20': '0.0746', 'NDCG@20': '0.0338'}
EarlyStopping counter: 10 out of 40
rec dataset length: 186
100%|██████████████████████████████████████████████████████████████████████████████████████████████████████████████████████████████████████████████████| 186/186 [01:04<00:00,  2.87it/s]
{'epoch': 75, 'rec_avg_loss': '0.5152', 'joint_avg_loss': '0.7889', 'cl_avg_loss': '2.7372', 'itemcl_loss': '0.0000', 'cl_pair_0_loss': '2.7372'}
Recommendation EP_test:75: 100%|| 35/35 [00:08<00:00,  4.15it/s]
{'Epoch': 75, 'name': 'high_freq', 'HIT@5': '0.0476', 'NDCG@5': '0.0318', 'HIT@10': '0.0699', 'NDCG@10': '0.0390', 'HIT@20': '0.1051', 'NDCG@20': '0.0478'}
{'Epoch': 75, 'name': 'mid_freq', 'HIT@5': '0.0060', 'NDCG@5': '0.0037', 'HIT@10': '0.0090', 'NDCG@10': '0.0047', 'HIT@20': '0.0129', 'NDCG@20': '0.0057'}
{'Epoch': 75, 'name': 'low_freq', 'HIT@5': '0.0014', 'NDCG@5': '0.0008', 'HIT@10': '0.0020', 'NDCG@10': '0.0011', 'HIT@20': '0.0036', 'NDCG@20': '0.0015'}
{'Epoch': 75, 'name': 'all', 'HIT@5': '0.0337', 'NDCG@5': '0.0225', 'HIT@10': '0.0496', 'NDCG@10': '0.0276', 'HIT@20': '0.0745', 'NDCG@20': '0.0338'}
EarlyStopping counter: 11 out of 40
rec dataset length: 186
100%|██████████████████████████████████████████████████████████████████████████████████████████████████████████████████████████████████████████████████| 186/186 [01:04<00:00,  2.86it/s]
{'epoch': 76, 'rec_avg_loss': '0.5144', 'joint_avg_loss': '0.7881', 'cl_avg_loss': '2.7367', 'itemcl_loss': '0.0000', 'cl_pair_0_loss': '2.7367'}
Recommendation EP_test:76: 100%|| 35/35 [00:08<00:00,  4.22it/s]
{'Epoch': 76, 'name': 'high_freq', 'HIT@5': '0.0474', 'NDCG@5': '0.0321', 'HIT@10': '0.0704', 'NDCG@10': '0.0394', 'HIT@20': '0.1056', 'NDCG@20': '0.0483'}
{'Epoch': 76, 'name': 'mid_freq', 'HIT@5': '0.0062', 'NDCG@5': '0.0039', 'HIT@10': '0.0086', 'NDCG@10': '0.0047', 'HIT@20': '0.0131', 'NDCG@20': '0.0059'}
{'Epoch': 76, 'name': 'low_freq', 'HIT@5': '0.0011', 'NDCG@5': '0.0008', 'HIT@10': '0.0023', 'NDCG@10': '0.0012', 'HIT@20': '0.0034', 'NDCG@20': '0.0015'}
{'Epoch': 76, 'name': 'all', 'HIT@5': '0.0336', 'NDCG@5': '0.0227', 'HIT@10': '0.0498', 'NDCG@10': '0.0279', 'HIT@20': '0.0748', 'NDCG@20': '0.0342'}
EarlyStopping counter: 12 out of 40
rec dataset length: 186
100%|██████████████████████████████████████████████████████████████████████████████████████████████████████████████████████████████████████████████████| 186/186 [01:04<00:00,  2.87it/s]
{'epoch': 77, 'rec_avg_loss': '0.5113', 'joint_avg_loss': '0.7833', 'cl_avg_loss': '2.7199', 'itemcl_loss': '0.0000', 'cl_pair_0_loss': '2.7199'}
Recommendation EP_test:77: 100%|| 35/35 [00:08<00:00,  4.23it/s]
{'Epoch': 77, 'name': 'high_freq', 'HIT@5': '0.0481', 'NDCG@5': '0.0325', 'HIT@10': '0.0725', 'NDCG@10': '0.0404', 'HIT@20': '0.1057', 'NDCG@20': '0.0488'}
{'Epoch': 77, 'name': 'mid_freq', 'HIT@5': '0.0068', 'NDCG@5': '0.0042', 'HIT@10': '0.0096', 'NDCG@10': '0.0051', 'HIT@20': '0.0134', 'NDCG@20': '0.0060'}
{'Epoch': 77, 'name': 'low_freq', 'HIT@5': '0.0016', 'NDCG@5': '0.0010', 'HIT@10': '0.0025', 'NDCG@10': '0.0013', 'HIT@20': '0.0048', 'NDCG@20': '0.0018'}
{'Epoch': 77, 'name': 'all', 'HIT@5': '0.0342', 'NDCG@5': '0.0231', 'HIT@10': '0.0515', 'NDCG@10': '0.0286', 'HIT@20': '0.0751', 'NDCG@20': '0.0346'}
Validation score increased.  Saving model ...
rec dataset length: 186
100%|██████████████████████████████████████████████████████████████████████████████████████████████████████████████████████████████████████████████████| 186/186 [01:04<00:00,  2.87it/s]
{'epoch': 78, 'rec_avg_loss': '0.5091', 'joint_avg_loss': '0.7811', 'cl_avg_loss': '2.7204', 'itemcl_loss': '0.0000', 'cl_pair_0_loss': '2.7204'}
Recommendation EP_test:78: 100%|| 35/35 [00:08<00:00,  4.21it/s]
{'Epoch': 78, 'name': 'high_freq', 'HIT@5': '0.0463', 'NDCG@5': '0.0317', 'HIT@10': '0.0709', 'NDCG@10': '0.0396', 'HIT@20': '0.1052', 'NDCG@20': '0.0483'}
{'Epoch': 78, 'name': 'mid_freq', 'HIT@5': '0.0069', 'NDCG@5': '0.0046', 'HIT@10': '0.0098', 'NDCG@10': '0.0055', 'HIT@20': '0.0138', 'NDCG@20': '0.0065'}
{'Epoch': 78, 'name': 'low_freq', 'HIT@5': '0.0020', 'NDCG@5': '0.0013', 'HIT@10': '0.0027', 'NDCG@10': '0.0015', 'HIT@20': '0.0048', 'NDCG@20': '0.0020'}
{'Epoch': 78, 'name': 'all', 'HIT@5': '0.0331', 'NDCG@5': '0.0226', 'HIT@10': '0.0505', 'NDCG@10': '0.0282', 'HIT@20': '0.0749', 'NDCG@20': '0.0344'}
EarlyStopping counter: 1 out of 40
rec dataset length: 186
100%|██████████████████████████████████████████████████████████████████████████████████████████████████████████████████████████████████████████████████| 186/186 [01:04<00:00,  2.87it/s]
{'epoch': 79, 'rec_avg_loss': '0.5075', 'joint_avg_loss': '0.7809', 'cl_avg_loss': '2.7340', 'itemcl_loss': '0.0000', 'cl_pair_0_loss': '2.7340'}
Recommendation EP_test:79: 100%|| 35/35 [00:08<00:00,  4.32it/s]
{'Epoch': 79, 'name': 'high_freq', 'HIT@5': '0.0460', 'NDCG@5': '0.0310', 'HIT@10': '0.0698', 'NDCG@10': '0.0387', 'HIT@20': '0.1048', 'NDCG@20': '0.0475'}
{'Epoch': 79, 'name': 'mid_freq', 'HIT@5': '0.0075', 'NDCG@5': '0.0047', 'HIT@10': '0.0101', 'NDCG@10': '0.0056', 'HIT@20': '0.0138', 'NDCG@20': '0.0065'}
{'Epoch': 79, 'name': 'low_freq', 'HIT@5': '0.0023', 'NDCG@5': '0.0015', 'HIT@10': '0.0029', 'NDCG@10': '0.0017', 'HIT@20': '0.0043', 'NDCG@20': '0.0021'}
{'Epoch': 79, 'name': 'all', 'HIT@5': '0.0330', 'NDCG@5': '0.0222', 'HIT@10': '0.0498', 'NDCG@10': '0.0276', 'HIT@20': '0.0746', 'NDCG@20': '0.0339'}
EarlyStopping counter: 2 out of 40
rec dataset length: 186
100%|██████████████████████████████████████████████████████████████████████████████████████████████████████████████████████████████████████████████████| 186/186 [01:04<00:00,  2.87it/s]
{'epoch': 80, 'rec_avg_loss': '0.5070', 'joint_avg_loss': '0.7776', 'cl_avg_loss': '2.7058', 'itemcl_loss': '0.0000', 'cl_pair_0_loss': '2.7058'}
Recommendation EP_test:80: 100%|| 35/35 [00:08<00:00,  4.27it/s]
{'Epoch': 80, 'name': 'high_freq', 'HIT@5': '0.0472', 'NDCG@5': '0.0318', 'HIT@10': '0.0710', 'NDCG@10': '0.0395', 'HIT@20': '0.1060', 'NDCG@20': '0.0483'}
{'Epoch': 80, 'name': 'mid_freq', 'HIT@5': '0.0070', 'NDCG@5': '0.0047', 'HIT@10': '0.0101', 'NDCG@10': '0.0057', 'HIT@20': '0.0142', 'NDCG@20': '0.0067'}
{'Epoch': 80, 'name': 'low_freq', 'HIT@5': '0.0020', 'NDCG@5': '0.0014', 'HIT@10': '0.0029', 'NDCG@10': '0.0017', 'HIT@20': '0.0050', 'NDCG@20': '0.0022'}
{'Epoch': 80, 'name': 'all', 'HIT@5': '0.0337', 'NDCG@5': '0.0227', 'HIT@10': '0.0506', 'NDCG@10': '0.0282', 'HIT@20': '0.0755', 'NDCG@20': '0.0345'}
EarlyStopping counter: 3 out of 40
rec dataset length: 186
100%|██████████████████████████████████████████████████████████████████████████████████████████████████████████████████████████████████████████████████| 186/186 [01:04<00:00,  2.87it/s]
{'epoch': 81, 'rec_avg_loss': '0.5030', 'joint_avg_loss': '0.7743', 'cl_avg_loss': '2.7136', 'itemcl_loss': '0.0000', 'cl_pair_0_loss': '2.7136'}
Recommendation EP_test:81: 100%|| 35/35 [00:08<00:00,  4.30it/s]
{'Epoch': 81, 'name': 'high_freq', 'HIT@5': '0.0479', 'NDCG@5': '0.0318', 'HIT@10': '0.0707', 'NDCG@10': '0.0392', 'HIT@20': '0.1050', 'NDCG@20': '0.0477'}
{'Epoch': 81, 'name': 'mid_freq', 'HIT@5': '0.0069', 'NDCG@5': '0.0045', 'HIT@10': '0.0098', 'NDCG@10': '0.0054', 'HIT@20': '0.0129', 'NDCG@20': '0.0062'}
{'Epoch': 81, 'name': 'low_freq', 'HIT@5': '0.0018', 'NDCG@5': '0.0013', 'HIT@10': '0.0025', 'NDCG@10': '0.0016', 'HIT@20': '0.0048', 'NDCG@20': '0.0021'}
{'Epoch': 81, 'name': 'all', 'HIT@5': '0.0341', 'NDCG@5': '0.0227', 'HIT@10': '0.0503', 'NDCG@10': '0.0279', 'HIT@20': '0.0745', 'NDCG@20': '0.0340'}
EarlyStopping counter: 4 out of 40
rec dataset length: 186
100%|██████████████████████████████████████████████████████████████████████████████████████████████████████████████████████████████████████████████████| 186/186 [01:04<00:00,  2.87it/s]
{'epoch': 82, 'rec_avg_loss': '0.5016', 'joint_avg_loss': '0.7713', 'cl_avg_loss': '2.6968', 'itemcl_loss': '0.0000', 'cl_pair_0_loss': '2.6968'}
Recommendation EP_test:82: 100%|| 35/35 [00:08<00:00,  4.22it/s]
{'Epoch': 82, 'name': 'high_freq', 'HIT@5': '0.0480', 'NDCG@5': '0.0319', 'HIT@10': '0.0714', 'NDCG@10': '0.0394', 'HIT@20': '0.1059', 'NDCG@20': '0.0480'}
{'Epoch': 82, 'name': 'mid_freq', 'HIT@5': '0.0066', 'NDCG@5': '0.0044', 'HIT@10': '0.0093', 'NDCG@10': '0.0053', 'HIT@20': '0.0135', 'NDCG@20': '0.0064'}
{'Epoch': 82, 'name': 'low_freq', 'HIT@5': '0.0018', 'NDCG@5': '0.0013', 'HIT@10': '0.0034', 'NDCG@10': '0.0018', 'HIT@20': '0.0057', 'NDCG@20': '0.0024'}
{'Epoch': 82, 'name': 'all', 'HIT@5': '0.0342', 'NDCG@5': '0.0227', 'HIT@10': '0.0508', 'NDCG@10': '0.0281', 'HIT@20': '0.0754', 'NDCG@20': '0.0342'}
EarlyStopping counter: 5 out of 40
rec dataset length: 186
100%|██████████████████████████████████████████████████████████████████████████████████████████████████████████████████████████████████████████████████| 186/186 [01:04<00:00,  2.86it/s]
{'epoch': 83, 'rec_avg_loss': '0.4985', 'joint_avg_loss': '0.7684', 'cl_avg_loss': '2.6989', 'itemcl_loss': '0.0000', 'cl_pair_0_loss': '2.6989'}
Recommendation EP_test:83: 100%|| 35/35 [00:08<00:00,  4.23it/s]
{'Epoch': 83, 'name': 'high_freq', 'HIT@5': '0.0469', 'NDCG@5': '0.0315', 'HIT@10': '0.0707', 'NDCG@10': '0.0391', 'HIT@20': '0.1041', 'NDCG@20': '0.0475'}
{'Epoch': 83, 'name': 'mid_freq', 'HIT@5': '0.0068', 'NDCG@5': '0.0046', 'HIT@10': '0.0092', 'NDCG@10': '0.0053', 'HIT@20': '0.0135', 'NDCG@20': '0.0064'}
{'Epoch': 83, 'name': 'low_freq', 'HIT@5': '0.0023', 'NDCG@5': '0.0012', 'HIT@10': '0.0034', 'NDCG@10': '0.0016', 'HIT@20': '0.0050', 'NDCG@20': '0.0020'}
{'Epoch': 83, 'name': 'all', 'HIT@5': '0.0335', 'NDCG@5': '0.0225', 'HIT@10': '0.0503', 'NDCG@10': '0.0279', 'HIT@20': '0.0741', 'NDCG@20': '0.0338'}
EarlyStopping counter: 6 out of 40
rec dataset length: 186
100%|██████████████████████████████████████████████████████████████████████████████████████████████████████████████████████████████████████████████████| 186/186 [01:04<00:00,  2.87it/s]
{'epoch': 84, 'rec_avg_loss': '0.4975', 'joint_avg_loss': '0.7675', 'cl_avg_loss': '2.7002', 'itemcl_loss': '0.0000', 'cl_pair_0_loss': '2.7002'}
Recommendation EP_test:84: 100%|| 35/35 [00:08<00:00,  4.28it/s]
{'Epoch': 84, 'name': 'high_freq', 'HIT@5': '0.0468', 'NDCG@5': '0.0316', 'HIT@10': '0.0699', 'NDCG@10': '0.0390', 'HIT@20': '0.1035', 'NDCG@20': '0.0474'}
{'Epoch': 84, 'name': 'mid_freq', 'HIT@5': '0.0066', 'NDCG@5': '0.0043', 'HIT@10': '0.0093', 'NDCG@10': '0.0052', 'HIT@20': '0.0134', 'NDCG@20': '0.0062'}
{'Epoch': 84, 'name': 'low_freq', 'HIT@5': '0.0018', 'NDCG@5': '0.0011', 'HIT@10': '0.0032', 'NDCG@10': '0.0016', 'HIT@20': '0.0050', 'NDCG@20': '0.0021'}
{'Epoch': 84, 'name': 'all', 'HIT@5': '0.0333', 'NDCG@5': '0.0225', 'HIT@10': '0.0498', 'NDCG@10': '0.0277', 'HIT@20': '0.0737', 'NDCG@20': '0.0337'}
EarlyStopping counter: 7 out of 40
rec dataset length: 186
100%|██████████████████████████████████████████████████████████████████████████████████████████████████████████████████████████████████████████████████| 186/186 [01:04<00:00,  2.88it/s]
{'epoch': 85, 'rec_avg_loss': '0.4968', 'joint_avg_loss': '0.7655', 'cl_avg_loss': '2.6870', 'itemcl_loss': '0.0000', 'cl_pair_0_loss': '2.6870'}
Recommendation EP_test:85: 100%|| 35/35 [00:08<00:00,  4.20it/s]
{'Epoch': 85, 'name': 'high_freq', 'HIT@5': '0.0469', 'NDCG@5': '0.0316', 'HIT@10': '0.0706', 'NDCG@10': '0.0392', 'HIT@20': '0.1035', 'NDCG@20': '0.0474'}
{'Epoch': 85, 'name': 'mid_freq', 'HIT@5': '0.0072', 'NDCG@5': '0.0049', 'HIT@10': '0.0102', 'NDCG@10': '0.0058', 'HIT@20': '0.0135', 'NDCG@20': '0.0067'}
{'Epoch': 85, 'name': 'low_freq', 'HIT@5': '0.0023', 'NDCG@5': '0.0013', 'HIT@10': '0.0036', 'NDCG@10': '0.0017', 'HIT@20': '0.0059', 'NDCG@20': '0.0023'}
{'Epoch': 85, 'name': 'all', 'HIT@5': '0.0336', 'NDCG@5': '0.0226', 'HIT@10': '0.0505', 'NDCG@10': '0.0280', 'HIT@20': '0.0738', 'NDCG@20': '0.0339'}
EarlyStopping counter: 8 out of 40
rec dataset length: 186
100%|██████████████████████████████████████████████████████████████████████████████████████████████████████████████████████████████████████████████████| 186/186 [01:04<00:00,  2.87it/s]
{'epoch': 86, 'rec_avg_loss': '0.4956', 'joint_avg_loss': '0.7646', 'cl_avg_loss': '2.6908', 'itemcl_loss': '0.0000', 'cl_pair_0_loss': '2.6908'}
Recommendation EP_test:86: 100%|| 35/35 [00:08<00:00,  4.19it/s]
{'Epoch': 86, 'name': 'high_freq', 'HIT@5': '0.0470', 'NDCG@5': '0.0316', 'HIT@10': '0.0696', 'NDCG@10': '0.0389', 'HIT@20': '0.1035', 'NDCG@20': '0.0474'}
{'Epoch': 86, 'name': 'mid_freq', 'HIT@5': '0.0063', 'NDCG@5': '0.0043', 'HIT@10': '0.0095', 'NDCG@10': '0.0054', 'HIT@20': '0.0132', 'NDCG@20': '0.0063'}
{'Epoch': 86, 'name': 'low_freq', 'HIT@5': '0.0014', 'NDCG@5': '0.0009', 'HIT@10': '0.0029', 'NDCG@10': '0.0014', 'HIT@20': '0.0045', 'NDCG@20': '0.0018'}
{'Epoch': 86, 'name': 'all', 'HIT@5': '0.0334', 'NDCG@5': '0.0225', 'HIT@10': '0.0496', 'NDCG@10': '0.0277', 'HIT@20': '0.0735', 'NDCG@20': '0.0337'}
EarlyStopping counter: 9 out of 40
rec dataset length: 186
100%|██████████████████████████████████████████████████████████████████████████████████████████████████████████████████████████████████████████████████| 186/186 [01:04<00:00,  2.87it/s]
{'epoch': 87, 'rec_avg_loss': '0.4944', 'joint_avg_loss': '0.7625', 'cl_avg_loss': '2.6815', 'itemcl_loss': '0.0000', 'cl_pair_0_loss': '2.6815'}
Recommendation EP_test:87: 100%|| 35/35 [00:08<00:00,  4.26it/s]
{'Epoch': 87, 'name': 'high_freq', 'HIT@5': '0.0479', 'NDCG@5': '0.0319', 'HIT@10': '0.0697', 'NDCG@10': '0.0389', 'HIT@20': '0.1039', 'NDCG@20': '0.0474'}
{'Epoch': 87, 'name': 'mid_freq', 'HIT@5': '0.0068', 'NDCG@5': '0.0046', 'HIT@10': '0.0098', 'NDCG@10': '0.0056', 'HIT@20': '0.0138', 'NDCG@20': '0.0066'}
{'Epoch': 87, 'name': 'low_freq', 'HIT@5': '0.0011', 'NDCG@5': '0.0008', 'HIT@10': '0.0025', 'NDCG@10': '0.0012', 'HIT@20': '0.0048', 'NDCG@20': '0.0018'}
{'Epoch': 87, 'name': 'all', 'HIT@5': '0.0341', 'NDCG@5': '0.0227', 'HIT@10': '0.0496', 'NDCG@10': '0.0277', 'HIT@20': '0.0740', 'NDCG@20': '0.0338'}
EarlyStopping counter: 10 out of 40
rec dataset length: 186
100%|██████████████████████████████████████████████████████████████████████████████████████████████████████████████████████████████████████████████████| 186/186 [01:04<00:00,  2.87it/s]
{'epoch': 88, 'rec_avg_loss': '0.4907', 'joint_avg_loss': '0.7596', 'cl_avg_loss': '2.6885', 'itemcl_loss': '0.0000', 'cl_pair_0_loss': '2.6885'}
Recommendation EP_test:88: 100%|| 35/35 [00:08<00:00,  4.25it/s]
{'Epoch': 88, 'name': 'high_freq', 'HIT@5': '0.0455', 'NDCG@5': '0.0309', 'HIT@10': '0.0697', 'NDCG@10': '0.0386', 'HIT@20': '0.1048', 'NDCG@20': '0.0474'}
{'Epoch': 88, 'name': 'mid_freq', 'HIT@5': '0.0063', 'NDCG@5': '0.0045', 'HIT@10': '0.0099', 'NDCG@10': '0.0057', 'HIT@20': '0.0139', 'NDCG@20': '0.0067'}
{'Epoch': 88, 'name': 'low_freq', 'HIT@5': '0.0014', 'NDCG@5': '0.0008', 'HIT@10': '0.0027', 'NDCG@10': '0.0012', 'HIT@20': '0.0045', 'NDCG@20': '0.0016'}
{'Epoch': 88, 'name': 'all', 'HIT@5': '0.0324', 'NDCG@5': '0.0220', 'HIT@10': '0.0497', 'NDCG@10': '0.0275', 'HIT@20': '0.0746', 'NDCG@20': '0.0338'}
EarlyStopping counter: 11 out of 40
rec dataset length: 186
100%|██████████████████████████████████████████████████████████████████████████████████████████████████████████████████████████████████████████████████| 186/186 [01:04<00:00,  2.87it/s]
{'epoch': 89, 'rec_avg_loss': '0.4890', 'joint_avg_loss': '0.7570', 'cl_avg_loss': '2.6797', 'itemcl_loss': '0.0000', 'cl_pair_0_loss': '2.6797'}
Recommendation EP_test:89: 100%|| 35/35 [00:08<00:00,  4.18it/s]
{'Epoch': 89, 'name': 'high_freq', 'HIT@5': '0.0458', 'NDCG@5': '0.0313', 'HIT@10': '0.0688', 'NDCG@10': '0.0387', 'HIT@20': '0.1051', 'NDCG@20': '0.0478'}
{'Epoch': 89, 'name': 'mid_freq', 'HIT@5': '0.0075', 'NDCG@5': '0.0052', 'HIT@10': '0.0105', 'NDCG@10': '0.0061', 'HIT@20': '0.0145', 'NDCG@20': '0.0071'}
{'Epoch': 89, 'name': 'low_freq', 'HIT@5': '0.0023', 'NDCG@5': '0.0015', 'HIT@10': '0.0032', 'NDCG@10': '0.0018', 'HIT@20': '0.0050', 'NDCG@20': '0.0022'}
{'Epoch': 89, 'name': 'all', 'HIT@5': '0.0329', 'NDCG@5': '0.0225', 'HIT@10': '0.0492', 'NDCG@10': '0.0277', 'HIT@20': '0.0750', 'NDCG@20': '0.0342'}
EarlyStopping counter: 12 out of 40
rec dataset length: 186
100%|██████████████████████████████████████████████████████████████████████████████████████████████████████████████████████████████████████████████████| 186/186 [01:04<00:00,  2.87it/s]
{'epoch': 90, 'rec_avg_loss': '0.4872', 'joint_avg_loss': '0.7547', 'cl_avg_loss': '2.6745', 'itemcl_loss': '0.0000', 'cl_pair_0_loss': '2.6745'}
Recommendation EP_test:90: 100%|| 35/35 [00:08<00:00,  4.22it/s]
{'Epoch': 90, 'name': 'high_freq', 'HIT@5': '0.0475', 'NDCG@5': '0.0319', 'HIT@10': '0.0692', 'NDCG@10': '0.0388', 'HIT@20': '0.1059', 'NDCG@20': '0.0481'}
{'Epoch': 90, 'name': 'mid_freq', 'HIT@5': '0.0072', 'NDCG@5': '0.0051', 'HIT@10': '0.0099', 'NDCG@10': '0.0059', 'HIT@20': '0.0135', 'NDCG@20': '0.0068'}
{'Epoch': 90, 'name': 'low_freq', 'HIT@5': '0.0020', 'NDCG@5': '0.0015', 'HIT@10': '0.0029', 'NDCG@10': '0.0017', 'HIT@20': '0.0050', 'NDCG@20': '0.0022'}
{'Epoch': 90, 'name': 'all', 'HIT@5': '0.0340', 'NDCG@5': '0.0229', 'HIT@10': '0.0494', 'NDCG@10': '0.0278', 'HIT@20': '0.0753', 'NDCG@20': '0.0343'}
EarlyStopping counter: 13 out of 40
rec dataset length: 186
100%|██████████████████████████████████████████████████████████████████████████████████████████████████████████████████████████████████████████████████| 186/186 [01:04<00:00,  2.87it/s]
{'epoch': 91, 'rec_avg_loss': '0.4862', 'joint_avg_loss': '0.7523', 'cl_avg_loss': '2.6610', 'itemcl_loss': '0.0000', 'cl_pair_0_loss': '2.6610'}
Recommendation EP_test:91: 100%|| 35/35 [00:08<00:00,  4.19it/s]
{'Epoch': 91, 'name': 'high_freq', 'HIT@5': '0.0465', 'NDCG@5': '0.0315', 'HIT@10': '0.0694', 'NDCG@10': '0.0388', 'HIT@20': '0.1058', 'NDCG@20': '0.0480'}
{'Epoch': 91, 'name': 'mid_freq', 'HIT@5': '0.0069', 'NDCG@5': '0.0047', 'HIT@10': '0.0090', 'NDCG@10': '0.0054', 'HIT@20': '0.0141', 'NDCG@20': '0.0067'}
{'Epoch': 91, 'name': 'low_freq', 'HIT@5': '0.0020', 'NDCG@5': '0.0014', 'HIT@10': '0.0038', 'NDCG@10': '0.0020', 'HIT@20': '0.0054', 'NDCG@20': '0.0024'}
{'Epoch': 91, 'name': 'all', 'HIT@5': '0.0333', 'NDCG@5': '0.0225', 'HIT@10': '0.0494', 'NDCG@10': '0.0277', 'HIT@20': '0.0754', 'NDCG@20': '0.0343'}
EarlyStopping counter: 14 out of 40
rec dataset length: 186
100%|██████████████████████████████████████████████████████████████████████████████████████████████████████████████████████████████████████████████████| 186/186 [01:04<00:00,  2.87it/s]
{'epoch': 92, 'rec_avg_loss': '0.4830', 'joint_avg_loss': '0.7505', 'cl_avg_loss': '2.6750', 'itemcl_loss': '0.0000', 'cl_pair_0_loss': '2.6750'}
Recommendation EP_test:92: 100%|| 35/35 [00:08<00:00,  4.20it/s]
{'Epoch': 92, 'name': 'high_freq', 'HIT@5': '0.0470', 'NDCG@5': '0.0320', 'HIT@10': '0.0701', 'NDCG@10': '0.0394', 'HIT@20': '0.1054', 'NDCG@20': '0.0483'}
{'Epoch': 92, 'name': 'mid_freq', 'HIT@5': '0.0069', 'NDCG@5': '0.0047', 'HIT@10': '0.0098', 'NDCG@10': '0.0056', 'HIT@20': '0.0138', 'NDCG@20': '0.0066'}
{'Epoch': 92, 'name': 'low_freq', 'HIT@5': '0.0016', 'NDCG@5': '0.0010', 'HIT@10': '0.0032', 'NDCG@10': '0.0016', 'HIT@20': '0.0054', 'NDCG@20': '0.0021'}
{'Epoch': 92, 'name': 'all', 'HIT@5': '0.0335', 'NDCG@5': '0.0228', 'HIT@10': '0.0500', 'NDCG@10': '0.0281', 'HIT@20': '0.0751', 'NDCG@20': '0.0344'}
EarlyStopping counter: 15 out of 40
rec dataset length: 186
100%|██████████████████████████████████████████████████████████████████████████████████████████████████████████████████████████████████████████████████| 186/186 [01:04<00:00,  2.87it/s]
{'epoch': 93, 'rec_avg_loss': '0.4823', 'joint_avg_loss': '0.7480', 'cl_avg_loss': '2.6565', 'itemcl_loss': '0.0000', 'cl_pair_0_loss': '2.6565'}
Recommendation EP_test:93: 100%|| 35/35 [00:08<00:00,  4.29it/s]
{'Epoch': 93, 'name': 'high_freq', 'HIT@5': '0.0468', 'NDCG@5': '0.0315', 'HIT@10': '0.0698', 'NDCG@10': '0.0389', 'HIT@20': '0.1041', 'NDCG@20': '0.0475'}
{'Epoch': 93, 'name': 'mid_freq', 'HIT@5': '0.0069', 'NDCG@5': '0.0046', 'HIT@10': '0.0101', 'NDCG@10': '0.0056', 'HIT@20': '0.0147', 'NDCG@20': '0.0067'}
{'Epoch': 93, 'name': 'low_freq', 'HIT@5': '0.0020', 'NDCG@5': '0.0013', 'HIT@10': '0.0032', 'NDCG@10': '0.0017', 'HIT@20': '0.0066', 'NDCG@20': '0.0025'}
{'Epoch': 93, 'name': 'all', 'HIT@5': '0.0334', 'NDCG@5': '0.0225', 'HIT@10': '0.0498', 'NDCG@10': '0.0278', 'HIT@20': '0.0745', 'NDCG@20': '0.0339'}
EarlyStopping counter: 16 out of 40
rec dataset length: 186
100%|██████████████████████████████████████████████████████████████████████████████████████████████████████████████████████████████████████████████████| 186/186 [01:04<00:00,  2.86it/s]
{'epoch': 94, 'rec_avg_loss': '0.4796', 'joint_avg_loss': '0.7455', 'cl_avg_loss': '2.6588', 'itemcl_loss': '0.0000', 'cl_pair_0_loss': '2.6588'}
Recommendation EP_test:94: 100%|| 35/35 [00:08<00:00,  4.17it/s]
{'Epoch': 94, 'name': 'high_freq', 'HIT@5': '0.0471', 'NDCG@5': '0.0323', 'HIT@10': '0.0702', 'NDCG@10': '0.0397', 'HIT@20': '0.1052', 'NDCG@20': '0.0485'}
{'Epoch': 94, 'name': 'mid_freq', 'HIT@5': '0.0069', 'NDCG@5': '0.0043', 'HIT@10': '0.0099', 'NDCG@10': '0.0053', 'HIT@20': '0.0142', 'NDCG@20': '0.0063'}
{'Epoch': 94, 'name': 'low_freq', 'HIT@5': '0.0016', 'NDCG@5': '0.0011', 'HIT@10': '0.0041', 'NDCG@10': '0.0019', 'HIT@20': '0.0057', 'NDCG@20': '0.0023'}
{'Epoch': 94, 'name': 'all', 'HIT@5': '0.0336', 'NDCG@5': '0.0230', 'HIT@10': '0.0502', 'NDCG@10': '0.0283', 'HIT@20': '0.0750', 'NDCG@20': '0.0345'}
EarlyStopping counter: 17 out of 40
rec dataset length: 186
100%|██████████████████████████████████████████████████████████████████████████████████████████████████████████████████████████████████████████████████| 186/186 [01:04<00:00,  2.88it/s]
{'epoch': 95, 'rec_avg_loss': '0.4805', 'joint_avg_loss': '0.7455', 'cl_avg_loss': '2.6502', 'itemcl_loss': '0.0000', 'cl_pair_0_loss': '2.6502'}
Recommendation EP_test:95: 100%|| 35/35 [00:08<00:00,  4.14it/s]
{'Epoch': 95, 'name': 'high_freq', 'HIT@5': '0.0473', 'NDCG@5': '0.0325', 'HIT@10': '0.0706', 'NDCG@10': '0.0400', 'HIT@20': '0.1047', 'NDCG@20': '0.0486'}
{'Epoch': 95, 'name': 'mid_freq', 'HIT@5': '0.0072', 'NDCG@5': '0.0049', 'HIT@10': '0.0093', 'NDCG@10': '0.0056', 'HIT@20': '0.0147', 'NDCG@20': '0.0069'}
{'Epoch': 95, 'name': 'low_freq', 'HIT@5': '0.0025', 'NDCG@5': '0.0012', 'HIT@10': '0.0045', 'NDCG@10': '0.0018', 'HIT@20': '0.0063', 'NDCG@20': '0.0023'}
{'Epoch': 95, 'name': 'all', 'HIT@5': '0.0339', 'NDCG@5': '0.0232', 'HIT@10': '0.0504', 'NDCG@10': '0.0285', 'HIT@20': '0.0749', 'NDCG@20': '0.0347'}
Validation score increased.  Saving model ...
rec dataset length: 186
100%|██████████████████████████████████████████████████████████████████████████████████████████████████████████████████████████████████████████████████| 186/186 [01:05<00:00,  2.86it/s]
{'epoch': 96, 'rec_avg_loss': '0.4772', 'joint_avg_loss': '0.7423', 'cl_avg_loss': '2.6504', 'itemcl_loss': '0.0000', 'cl_pair_0_loss': '2.6504'}
Recommendation EP_test:96: 100%|| 35/35 [00:08<00:00,  4.23it/s]
{'Epoch': 96, 'name': 'high_freq', 'HIT@5': '0.0481', 'NDCG@5': '0.0326', 'HIT@10': '0.0701', 'NDCG@10': '0.0397', 'HIT@20': '0.1037', 'NDCG@20': '0.0482'}
{'Epoch': 96, 'name': 'mid_freq', 'HIT@5': '0.0070', 'NDCG@5': '0.0046', 'HIT@10': '0.0106', 'NDCG@10': '0.0057', 'HIT@20': '0.0152', 'NDCG@20': '0.0069'}
{'Epoch': 96, 'name': 'low_freq', 'HIT@5': '0.0016', 'NDCG@5': '0.0008', 'HIT@10': '0.0041', 'NDCG@10': '0.0016', 'HIT@20': '0.0057', 'NDCG@20': '0.0020'}
{'Epoch': 96, 'name': 'all', 'HIT@5': '0.0343', 'NDCG@5': '0.0232', 'HIT@10': '0.0503', 'NDCG@10': '0.0283', 'HIT@20': '0.0742', 'NDCG@20': '0.0343'}
EarlyStopping counter: 1 out of 40
rec dataset length: 186
100%|██████████████████████████████████████████████████████████████████████████████████████████████████████████████████████████████████████████████████| 186/186 [01:04<00:00,  2.87it/s]
{'epoch': 97, 'rec_avg_loss': '0.4780', 'joint_avg_loss': '0.7429', 'cl_avg_loss': '2.6494', 'itemcl_loss': '0.0000', 'cl_pair_0_loss': '2.6494'}
Recommendation EP_test:97: 100%|| 35/35 [00:08<00:00,  4.29it/s]
{'Epoch': 97, 'name': 'high_freq', 'HIT@5': '0.0467', 'NDCG@5': '0.0318', 'HIT@10': '0.0700', 'NDCG@10': '0.0393', 'HIT@20': '0.1052', 'NDCG@20': '0.0482'}
{'Epoch': 97, 'name': 'mid_freq', 'HIT@5': '0.0066', 'NDCG@5': '0.0043', 'HIT@10': '0.0099', 'NDCG@10': '0.0054', 'HIT@20': '0.0154', 'NDCG@20': '0.0068'}
{'Epoch': 97, 'name': 'low_freq', 'HIT@5': '0.0016', 'NDCG@5': '0.0009', 'HIT@10': '0.0036', 'NDCG@10': '0.0016', 'HIT@20': '0.0068', 'NDCG@20': '0.0024'}
{'Epoch': 97, 'name': 'all', 'HIT@5': '0.0332', 'NDCG@5': '0.0226', 'HIT@10': '0.0500', 'NDCG@10': '0.0280', 'HIT@20': '0.0754', 'NDCG@20': '0.0344'}
EarlyStopping counter: 2 out of 40
rec dataset length: 186
100%|██████████████████████████████████████████████████████████████████████████████████████████████████████████████████████████████████████████████████| 186/186 [01:04<00:00,  2.87it/s]
{'epoch': 98, 'rec_avg_loss': '0.4741', 'joint_avg_loss': '0.7388', 'cl_avg_loss': '2.6467', 'itemcl_loss': '0.0000', 'cl_pair_0_loss': '2.6467'}
Recommendation EP_test:98: 100%|| 35/35 [00:08<00:00,  4.29it/s]
{'Epoch': 98, 'name': 'high_freq', 'HIT@5': '0.0484', 'NDCG@5': '0.0322', 'HIT@10': '0.0715', 'NDCG@10': '0.0396', 'HIT@20': '0.1043', 'NDCG@20': '0.0478'}
{'Epoch': 98, 'name': 'mid_freq', 'HIT@5': '0.0070', 'NDCG@5': '0.0048', 'HIT@10': '0.0096', 'NDCG@10': '0.0056', 'HIT@20': '0.0148', 'NDCG@20': '0.0069'}
{'Epoch': 98, 'name': 'low_freq', 'HIT@5': '0.0020', 'NDCG@5': '0.0010', 'HIT@10': '0.0034', 'NDCG@10': '0.0014', 'HIT@20': '0.0063', 'NDCG@20': '0.0022'}
{'Epoch': 98, 'name': 'all', 'HIT@5': '0.0346', 'NDCG@5': '0.0230', 'HIT@10': '0.0509', 'NDCG@10': '0.0282', 'HIT@20': '0.0746', 'NDCG@20': '0.0342'}
EarlyStopping counter: 3 out of 40
rec dataset length: 186
100%|██████████████████████████████████████████████████████████████████████████████████████████████████████████████████████████████████████████████████| 186/186 [01:04<00:00,  2.87it/s]
{'epoch': 99, 'rec_avg_loss': '0.4748', 'joint_avg_loss': '0.7397', 'cl_avg_loss': '2.6497', 'itemcl_loss': '0.0000', 'cl_pair_0_loss': '2.6497'}
Recommendation EP_test:99: 100%|| 35/35 [00:07<00:00,  4.41it/s]
{'Epoch': 99, 'name': 'high_freq', 'HIT@5': '0.0476', 'NDCG@5': '0.0322', 'HIT@10': '0.0707', 'NDCG@10': '0.0396', 'HIT@20': '0.1059', 'NDCG@20': '0.0484'}
{'Epoch': 99, 'name': 'mid_freq', 'HIT@5': '0.0066', 'NDCG@5': '0.0047', 'HIT@10': '0.0099', 'NDCG@10': '0.0057', 'HIT@20': '0.0154', 'NDCG@20': '0.0071'}
{'Epoch': 99, 'name': 'low_freq', 'HIT@5': '0.0023', 'NDCG@5': '0.0011', 'HIT@10': '0.0038', 'NDCG@10': '0.0016', 'HIT@20': '0.0061', 'NDCG@20': '0.0022'}
{'Epoch': 99, 'name': 'all', 'HIT@5': '0.0340', 'NDCG@5': '0.0229', 'HIT@10': '0.0505', 'NDCG@10': '0.0283', 'HIT@20': '0.0758', 'NDCG@20': '0.0346'}
EarlyStopping counter: 4 out of 40
rec dataset length: 186
100%|██████████████████████████████████████████████████████████████████████████████████████████████████████████████████████████████████████████████████| 186/186 [01:04<00:00,  2.88it/s]
{'epoch': 100, 'rec_avg_loss': '0.4738', 'joint_avg_loss': '0.7380', 'cl_avg_loss': '2.6416', 'itemcl_loss': '0.0000', 'cl_pair_0_loss': '2.6416'}
Recommendation EP_test:100: 100%|| 35/35 [00:07<00:00,  4.44it/s]
{'Epoch': 100, 'name': 'high_freq', 'HIT@5': '0.0479', 'NDCG@5': '0.0325', 'HIT@10': '0.0719', 'NDCG@10': '0.0402', 'HIT@20': '0.1057', 'NDCG@20': '0.0487'}
{'Epoch': 100, 'name': 'mid_freq', 'HIT@5': '0.0069', 'NDCG@5': '0.0048', 'HIT@10': '0.0102', 'NDCG@10': '0.0059', 'HIT@20': '0.0158', 'NDCG@20': '0.0073'}
{'Epoch': 100, 'name': 'low_freq', 'HIT@5': '0.0025', 'NDCG@5': '0.0012', 'HIT@10': '0.0041', 'NDCG@10': '0.0017', 'HIT@20': '0.0061', 'NDCG@20': '0.0022'}
{'Epoch': 100, 'name': 'all', 'HIT@5': '0.0342', 'NDCG@5': '0.0232', 'HIT@10': '0.0514', 'NDCG@10': '0.0287', 'HIT@20': '0.0758', 'NDCG@20': '0.0348'}
Validation score increased.  Saving model ...
rec dataset length: 186
100%|██████████████████████████████████████████████████████████████████████████████████████████████████████████████████████████████████████████████████| 186/186 [01:05<00:00,  2.86it/s]
{'epoch': 101, 'rec_avg_loss': '0.4733', 'joint_avg_loss': '0.7364', 'cl_avg_loss': '2.6306', 'itemcl_loss': '0.0000', 'cl_pair_0_loss': '2.6306'}
Recommendation EP_test:101: 100%|| 35/35 [00:08<00:00,  4.23it/s]
{'Epoch': 101, 'name': 'high_freq', 'HIT@5': '0.0465', 'NDCG@5': '0.0317', 'HIT@10': '0.0715', 'NDCG@10': '0.0397', 'HIT@20': '0.1057', 'NDCG@20': '0.0483'}
{'Epoch': 101, 'name': 'mid_freq', 'HIT@5': '0.0076', 'NDCG@5': '0.0052', 'HIT@10': '0.0106', 'NDCG@10': '0.0062', 'HIT@20': '0.0151', 'NDCG@20': '0.0073'}
{'Epoch': 101, 'name': 'low_freq', 'HIT@5': '0.0032', 'NDCG@5': '0.0019', 'HIT@10': '0.0036', 'NDCG@10': '0.0021', 'HIT@20': '0.0054', 'NDCG@20': '0.0025'}
{'Epoch': 101, 'name': 'all', 'HIT@5': '0.0335', 'NDCG@5': '0.0228', 'HIT@10': '0.0512', 'NDCG@10': '0.0285', 'HIT@20': '0.0755', 'NDCG@20': '0.0346'}
EarlyStopping counter: 1 out of 40
rec dataset length: 186
100%|██████████████████████████████████████████████████████████████████████████████████████████████████████████████████████████████████████████████████| 186/186 [01:04<00:00,  2.87it/s]
{'epoch': 102, 'rec_avg_loss': '0.4700', 'joint_avg_loss': '0.7337', 'cl_avg_loss': '2.6375', 'itemcl_loss': '0.0000', 'cl_pair_0_loss': '2.6375'}
Recommendation EP_test:102: 100%|| 35/35 [00:08<00:00,  4.19it/s]
{'Epoch': 102, 'name': 'high_freq', 'HIT@5': '0.0467', 'NDCG@5': '0.0314', 'HIT@10': '0.0717', 'NDCG@10': '0.0394', 'HIT@20': '0.1060', 'NDCG@20': '0.0480'}
{'Epoch': 102, 'name': 'mid_freq', 'HIT@5': '0.0069', 'NDCG@5': '0.0050', 'HIT@10': '0.0105', 'NDCG@10': '0.0062', 'HIT@20': '0.0151', 'NDCG@20': '0.0074'}
{'Epoch': 102, 'name': 'low_freq', 'HIT@5': '0.0029', 'NDCG@5': '0.0018', 'HIT@10': '0.0038', 'NDCG@10': '0.0021', 'HIT@20': '0.0063', 'NDCG@20': '0.0027'}
{'Epoch': 102, 'name': 'all', 'HIT@5': '0.0335', 'NDCG@5': '0.0226', 'HIT@10': '0.0513', 'NDCG@10': '0.0283', 'HIT@20': '0.0758', 'NDCG@20': '0.0345'}
EarlyStopping counter: 2 out of 40
rec dataset length: 186
100%|██████████████████████████████████████████████████████████████████████████████████████████████████████████████████████████████████████████████████| 186/186 [01:04<00:00,  2.86it/s]
{'epoch': 103, 'rec_avg_loss': '0.4703', 'joint_avg_loss': '0.7338', 'cl_avg_loss': '2.6347', 'itemcl_loss': '0.0000', 'cl_pair_0_loss': '2.6347'}
Recommendation EP_test:103: 100%|| 35/35 [00:08<00:00,  4.19it/s]
{'Epoch': 103, 'name': 'high_freq', 'HIT@5': '0.0475', 'NDCG@5': '0.0323', 'HIT@10': '0.0711', 'NDCG@10': '0.0399', 'HIT@20': '0.1051', 'NDCG@20': '0.0484'}
{'Epoch': 103, 'name': 'mid_freq', 'HIT@5': '0.0078', 'NDCG@5': '0.0055', 'HIT@10': '0.0106', 'NDCG@10': '0.0065', 'HIT@20': '0.0148', 'NDCG@20': '0.0075'}
{'Epoch': 103, 'name': 'low_freq', 'HIT@5': '0.0029', 'NDCG@5': '0.0016', 'HIT@10': '0.0034', 'NDCG@10': '0.0017', 'HIT@20': '0.0054', 'NDCG@20': '0.0022'}
{'Epoch': 103, 'name': 'all', 'HIT@5': '0.0342', 'NDCG@5': '0.0232', 'HIT@10': '0.0508', 'NDCG@10': '0.0286', 'HIT@20': '0.0750', 'NDCG@20': '0.0347'}
EarlyStopping counter: 3 out of 40
rec dataset length: 186
100%|██████████████████████████████████████████████████████████████████████████████████████████████████████████████████████████████████████████████████| 186/186 [01:04<00:00,  2.87it/s]
{'epoch': 104, 'rec_avg_loss': '0.4685', 'joint_avg_loss': '0.7325', 'cl_avg_loss': '2.6397', 'itemcl_loss': '0.0000', 'cl_pair_0_loss': '2.6397'}
Recommendation EP_test:104: 100%|| 35/35 [00:08<00:00,  4.26it/s]
{'Epoch': 104, 'name': 'high_freq', 'HIT@5': '0.0474', 'NDCG@5': '0.0322', 'HIT@10': '0.0703', 'NDCG@10': '0.0396', 'HIT@20': '0.1051', 'NDCG@20': '0.0483'}
{'Epoch': 104, 'name': 'mid_freq', 'HIT@5': '0.0073', 'NDCG@5': '0.0051', 'HIT@10': '0.0103', 'NDCG@10': '0.0061', 'HIT@20': '0.0157', 'NDCG@20': '0.0074'}
{'Epoch': 104, 'name': 'low_freq', 'HIT@5': '0.0029', 'NDCG@5': '0.0016', 'HIT@10': '0.0036', 'NDCG@10': '0.0019', 'HIT@20': '0.0057', 'NDCG@20': '0.0024'}
{'Epoch': 104, 'name': 'all', 'HIT@5': '0.0340', 'NDCG@5': '0.0231', 'HIT@10': '0.0503', 'NDCG@10': '0.0283', 'HIT@20': '0.0752', 'NDCG@20': '0.0346'}
EarlyStopping counter: 4 out of 40
rec dataset length: 186
100%|██████████████████████████████████████████████████████████████████████████████████████████████████████████████████████████████████████████████████| 186/186 [01:05<00:00,  2.86it/s]
{'epoch': 105, 'rec_avg_loss': '0.4650', 'joint_avg_loss': '0.7284', 'cl_avg_loss': '2.6340', 'itemcl_loss': '0.0000', 'cl_pair_0_loss': '2.6340'}
Recommendation EP_test:105: 100%|| 35/35 [00:08<00:00,  4.28it/s]
{'Epoch': 105, 'name': 'high_freq', 'HIT@5': '0.0469', 'NDCG@5': '0.0317', 'HIT@10': '0.0702', 'NDCG@10': '0.0392', 'HIT@20': '0.1058', 'NDCG@20': '0.0481'}
{'Epoch': 105, 'name': 'mid_freq', 'HIT@5': '0.0082', 'NDCG@5': '0.0053', 'HIT@10': '0.0109', 'NDCG@10': '0.0061', 'HIT@20': '0.0157', 'NDCG@20': '0.0073'}
{'Epoch': 105, 'name': 'low_freq', 'HIT@5': '0.0038', 'NDCG@5': '0.0021', 'HIT@10': '0.0043', 'NDCG@10': '0.0023', 'HIT@20': '0.0061', 'NDCG@20': '0.0027'}
{'Epoch': 105, 'name': 'all', 'HIT@5': '0.0340', 'NDCG@5': '0.0229', 'HIT@10': '0.0504', 'NDCG@10': '0.0281', 'HIT@20': '0.0758', 'NDCG@20': '0.0345'}
EarlyStopping counter: 5 out of 40
rec dataset length: 186
100%|██████████████████████████████████████████████████████████████████████████████████████████████████████████████████████████████████████████████████| 186/186 [01:04<00:00,  2.87it/s]
{'epoch': 106, 'rec_avg_loss': '0.4631', 'joint_avg_loss': '0.7252', 'cl_avg_loss': '2.6210', 'itemcl_loss': '0.0000', 'cl_pair_0_loss': '2.6210'}
Recommendation EP_test:106: 100%|| 35/35 [00:08<00:00,  4.31it/s]
{'Epoch': 106, 'name': 'high_freq', 'HIT@5': '0.0458', 'NDCG@5': '0.0311', 'HIT@10': '0.0702', 'NDCG@10': '0.0390', 'HIT@20': '0.1052', 'NDCG@20': '0.0478'}
{'Epoch': 106, 'name': 'mid_freq', 'HIT@5': '0.0080', 'NDCG@5': '0.0053', 'HIT@10': '0.0106', 'NDCG@10': '0.0062', 'HIT@20': '0.0165', 'NDCG@20': '0.0076'}
{'Epoch': 106, 'name': 'low_freq', 'HIT@5': '0.0032', 'NDCG@5': '0.0022', 'HIT@10': '0.0041', 'NDCG@10': '0.0025', 'HIT@20': '0.0061', 'NDCG@20': '0.0030'}
{'Epoch': 106, 'name': 'all', 'HIT@5': '0.0331', 'NDCG@5': '0.0225', 'HIT@10': '0.0503', 'NDCG@10': '0.0280', 'HIT@20': '0.0756', 'NDCG@20': '0.0344'}
EarlyStopping counter: 6 out of 40
rec dataset length: 186
100%|██████████████████████████████████████████████████████████████████████████████████████████████████████████████████████████████████████████████████| 186/186 [01:04<00:00,  2.87it/s]
{'epoch': 107, 'rec_avg_loss': '0.4668', 'joint_avg_loss': '0.7297', 'cl_avg_loss': '2.6294', 'itemcl_loss': '0.0000', 'cl_pair_0_loss': '2.6294'}
Recommendation EP_test:107: 100%|| 35/35 [00:08<00:00,  4.33it/s]
{'Epoch': 107, 'name': 'high_freq', 'HIT@5': '0.0456', 'NDCG@5': '0.0306', 'HIT@10': '0.0702', 'NDCG@10': '0.0385', 'HIT@20': '0.1059', 'NDCG@20': '0.0474'}
{'Epoch': 107, 'name': 'mid_freq', 'HIT@5': '0.0075', 'NDCG@5': '0.0050', 'HIT@10': '0.0109', 'NDCG@10': '0.0061', 'HIT@20': '0.0164', 'NDCG@20': '0.0074'}
{'Epoch': 107, 'name': 'low_freq', 'HIT@5': '0.0025', 'NDCG@5': '0.0014', 'HIT@10': '0.0034', 'NDCG@10': '0.0017', 'HIT@20': '0.0063', 'NDCG@20': '0.0025'}
{'Epoch': 107, 'name': 'all', 'HIT@5': '0.0328', 'NDCG@5': '0.0220', 'HIT@10': '0.0503', 'NDCG@10': '0.0276', 'HIT@20': '0.0760', 'NDCG@20': '0.0340'}
EarlyStopping counter: 7 out of 40
rec dataset length: 186
100%|██████████████████████████████████████████████████████████████████████████████████████████████████████████████████████████████████████████████████| 186/186 [01:04<00:00,  2.87it/s]
{'epoch': 108, 'rec_avg_loss': '0.4626', 'joint_avg_loss': '0.7242', 'cl_avg_loss': '2.6157', 'itemcl_loss': '0.0000', 'cl_pair_0_loss': '2.6157'}
Recommendation EP_test:108: 100%|| 35/35 [00:08<00:00,  4.31it/s]
{'Epoch': 108, 'name': 'high_freq', 'HIT@5': '0.0462', 'NDCG@5': '0.0311', 'HIT@10': '0.0711', 'NDCG@10': '0.0390', 'HIT@20': '0.1046', 'NDCG@20': '0.0475'}
{'Epoch': 108, 'name': 'mid_freq', 'HIT@5': '0.0076', 'NDCG@5': '0.0051', 'HIT@10': '0.0111', 'NDCG@10': '0.0062', 'HIT@20': '0.0167', 'NDCG@20': '0.0076'}
{'Epoch': 108, 'name': 'low_freq', 'HIT@5': '0.0025', 'NDCG@5': '0.0014', 'HIT@10': '0.0032', 'NDCG@10': '0.0016', 'HIT@20': '0.0063', 'NDCG@20': '0.0024'}
{'Epoch': 108, 'name': 'all', 'HIT@5': '0.0333', 'NDCG@5': '0.0223', 'HIT@10': '0.0509', 'NDCG@10': '0.0279', 'HIT@20': '0.0752', 'NDCG@20': '0.0341'}
EarlyStopping counter: 8 out of 40
rec dataset length: 186
100%|██████████████████████████████████████████████████████████████████████████████████████████████████████████████████████████████████████████████████| 186/186 [01:04<00:00,  2.87it/s]
{'epoch': 109, 'rec_avg_loss': '0.4616', 'joint_avg_loss': '0.7231', 'cl_avg_loss': '2.6153', 'itemcl_loss': '0.0000', 'cl_pair_0_loss': '2.6153'}
Recommendation EP_test:109: 100%|| 35/35 [00:08<00:00,  4.26it/s]
{'Epoch': 109, 'name': 'high_freq', 'HIT@5': '0.0460', 'NDCG@5': '0.0311', 'HIT@10': '0.0695', 'NDCG@10': '0.0386', 'HIT@20': '0.1047', 'NDCG@20': '0.0474'}
{'Epoch': 109, 'name': 'mid_freq', 'HIT@5': '0.0078', 'NDCG@5': '0.0049', 'HIT@10': '0.0109', 'NDCG@10': '0.0059', 'HIT@20': '0.0155', 'NDCG@20': '0.0071'}
{'Epoch': 109, 'name': 'low_freq', 'HIT@5': '0.0023', 'NDCG@5': '0.0011', 'HIT@10': '0.0034', 'NDCG@10': '0.0015', 'HIT@20': '0.0063', 'NDCG@20': '0.0022'}
{'Epoch': 109, 'name': 'all', 'HIT@5': '0.0331', 'NDCG@5': '0.0223', 'HIT@10': '0.0498', 'NDCG@10': '0.0276', 'HIT@20': '0.0751', 'NDCG@20': '0.0339'}
EarlyStopping counter: 9 out of 40
rec dataset length: 186
100%|██████████████████████████████████████████████████████████████████████████████████████████████████████████████████████████████████████████████████| 186/186 [01:04<00:00,  2.87it/s]
{'epoch': 110, 'rec_avg_loss': '0.4591', 'joint_avg_loss': '0.7192', 'cl_avg_loss': '2.6014', 'itemcl_loss': '0.0000', 'cl_pair_0_loss': '2.6014'}
Recommendation EP_test:110: 100%|| 35/35 [00:08<00:00,  4.20it/s]
{'Epoch': 110, 'name': 'high_freq', 'HIT@5': '0.0468', 'NDCG@5': '0.0315', 'HIT@10': '0.0707', 'NDCG@10': '0.0392', 'HIT@20': '0.1053', 'NDCG@20': '0.0478'}
{'Epoch': 110, 'name': 'mid_freq', 'HIT@5': '0.0078', 'NDCG@5': '0.0052', 'HIT@10': '0.0103', 'NDCG@10': '0.0060', 'HIT@20': '0.0155', 'NDCG@20': '0.0073'}
{'Epoch': 110, 'name': 'low_freq', 'HIT@5': '0.0023', 'NDCG@5': '0.0013', 'HIT@10': '0.0041', 'NDCG@10': '0.0019', 'HIT@20': '0.0072', 'NDCG@20': '0.0027'}
{'Epoch': 110, 'name': 'all', 'HIT@5': '0.0336', 'NDCG@5': '0.0226', 'HIT@10': '0.0506', 'NDCG@10': '0.0280', 'HIT@20': '0.0755', 'NDCG@20': '0.0343'}
EarlyStopping counter: 10 out of 40
rec dataset length: 186
100%|██████████████████████████████████████████████████████████████████████████████████████████████████████████████████████████████████████████████████| 186/186 [01:04<00:00,  2.86it/s]
{'epoch': 111, 'rec_avg_loss': '0.4594', 'joint_avg_loss': '0.7210', 'cl_avg_loss': '2.6167', 'itemcl_loss': '0.0000', 'cl_pair_0_loss': '2.6167'}
Recommendation EP_test:111: 100%|| 35/35 [00:08<00:00,  4.34it/s]
{'Epoch': 111, 'name': 'high_freq', 'HIT@5': '0.0467', 'NDCG@5': '0.0314', 'HIT@10': '0.0702', 'NDCG@10': '0.0389', 'HIT@20': '0.1038', 'NDCG@20': '0.0473'}
{'Epoch': 111, 'name': 'mid_freq', 'HIT@5': '0.0073', 'NDCG@5': '0.0050', 'HIT@10': '0.0102', 'NDCG@10': '0.0060', 'HIT@20': '0.0141', 'NDCG@20': '0.0069'}
{'Epoch': 111, 'name': 'low_freq', 'HIT@5': '0.0018', 'NDCG@5': '0.0011', 'HIT@10': '0.0034', 'NDCG@10': '0.0016', 'HIT@20': '0.0068', 'NDCG@20': '0.0025'}
{'Epoch': 111, 'name': 'all', 'HIT@5': '0.0335', 'NDCG@5': '0.0225', 'HIT@10': '0.0501', 'NDCG@10': '0.0278', 'HIT@20': '0.0742', 'NDCG@20': '0.0338'}
EarlyStopping counter: 11 out of 40
rec dataset length: 186
100%|██████████████████████████████████████████████████████████████████████████████████████████████████████████████████████████████████████████████████| 186/186 [01:04<00:00,  2.87it/s]
{'epoch': 112, 'rec_avg_loss': '0.4588', 'joint_avg_loss': '0.7206', 'cl_avg_loss': '2.6183', 'itemcl_loss': '0.0000', 'cl_pair_0_loss': '2.6183'}
Recommendation EP_test:112: 100%|| 35/35 [00:08<00:00,  4.33it/s]
{'Epoch': 112, 'name': 'high_freq', 'HIT@5': '0.0458', 'NDCG@5': '0.0310', 'HIT@10': '0.0688', 'NDCG@10': '0.0384', 'HIT@20': '0.1044', 'NDCG@20': '0.0474'}
{'Epoch': 112, 'name': 'mid_freq', 'HIT@5': '0.0069', 'NDCG@5': '0.0046', 'HIT@10': '0.0106', 'NDCG@10': '0.0058', 'HIT@20': '0.0145', 'NDCG@20': '0.0068'}
{'Epoch': 112, 'name': 'low_freq', 'HIT@5': '0.0018', 'NDCG@5': '0.0010', 'HIT@10': '0.0036', 'NDCG@10': '0.0016', 'HIT@20': '0.0068', 'NDCG@20': '0.0024'}
{'Epoch': 112, 'name': 'all', 'HIT@5': '0.0328', 'NDCG@5': '0.0221', 'HIT@10': '0.0493', 'NDCG@10': '0.0275', 'HIT@20': '0.0747', 'NDCG@20': '0.0338'}
EarlyStopping counter: 12 out of 40
rec dataset length: 186
100%|██████████████████████████████████████████████████████████████████████████████████████████████████████████████████████████████████████████████████| 186/186 [01:04<00:00,  2.86it/s]
{'epoch': 113, 'rec_avg_loss': '0.4555', 'joint_avg_loss': '0.7173', 'cl_avg_loss': '2.6176', 'itemcl_loss': '0.0000', 'cl_pair_0_loss': '2.6176'}
Recommendation EP_test:113: 100%|| 35/35 [00:08<00:00,  4.31it/s]
{'Epoch': 113, 'name': 'high_freq', 'HIT@5': '0.0458', 'NDCG@5': '0.0312', 'HIT@10': '0.0700', 'NDCG@10': '0.0389', 'HIT@20': '0.1028', 'NDCG@20': '0.0472'}
{'Epoch': 113, 'name': 'mid_freq', 'HIT@5': '0.0076', 'NDCG@5': '0.0051', 'HIT@10': '0.0108', 'NDCG@10': '0.0061', 'HIT@20': '0.0151', 'NDCG@20': '0.0072'}
{'Epoch': 113, 'name': 'low_freq', 'HIT@5': '0.0029', 'NDCG@5': '0.0015', 'HIT@10': '0.0048', 'NDCG@10': '0.0021', 'HIT@20': '0.0066', 'NDCG@20': '0.0025'}
{'Epoch': 113, 'name': 'all', 'HIT@5': '0.0330', 'NDCG@5': '0.0224', 'HIT@10': '0.0503', 'NDCG@10': '0.0279', 'HIT@20': '0.0737', 'NDCG@20': '0.0338'}
EarlyStopping counter: 13 out of 40
rec dataset length: 186
100%|██████████████████████████████████████████████████████████████████████████████████████████████████████████████████████████████████████████████████| 186/186 [01:04<00:00,  2.87it/s]
{'epoch': 114, 'rec_avg_loss': '0.4592', 'joint_avg_loss': '0.7198', 'cl_avg_loss': '2.6055', 'itemcl_loss': '0.0000', 'cl_pair_0_loss': '2.6055'}
Recommendation EP_test:114: 100%|| 35/35 [00:08<00:00,  4.30it/s]
{'Epoch': 114, 'name': 'high_freq', 'HIT@5': '0.0469', 'NDCG@5': '0.0316', 'HIT@10': '0.0700', 'NDCG@10': '0.0390', 'HIT@20': '0.1047', 'NDCG@20': '0.0477'}
{'Epoch': 114, 'name': 'mid_freq', 'HIT@5': '0.0078', 'NDCG@5': '0.0052', 'HIT@10': '0.0113', 'NDCG@10': '0.0064', 'HIT@20': '0.0157', 'NDCG@20': '0.0075'}
{'Epoch': 114, 'name': 'low_freq', 'HIT@5': '0.0029', 'NDCG@5': '0.0015', 'HIT@10': '0.0045', 'NDCG@10': '0.0021', 'HIT@20': '0.0072', 'NDCG@20': '0.0028'}
{'Epoch': 114, 'name': 'all', 'HIT@5': '0.0338', 'NDCG@5': '0.0227', 'HIT@10': '0.0504', 'NDCG@10': '0.0280', 'HIT@20': '0.0752', 'NDCG@20': '0.0343'}
EarlyStopping counter: 14 out of 40
rec dataset length: 186
100%|██████████████████████████████████████████████████████████████████████████████████████████████████████████████████████████████████████████████████| 186/186 [01:05<00:00,  2.86it/s]
{'epoch': 115, 'rec_avg_loss': '0.4566', 'joint_avg_loss': '0.7173', 'cl_avg_loss': '2.6072', 'itemcl_loss': '0.0000', 'cl_pair_0_loss': '2.6072'}
Recommendation EP_test:115: 100%|| 35/35 [00:08<00:00,  4.28it/s]
{'Epoch': 115, 'name': 'high_freq', 'HIT@5': '0.0459', 'NDCG@5': '0.0309', 'HIT@10': '0.0690', 'NDCG@10': '0.0383', 'HIT@20': '0.1032', 'NDCG@20': '0.0469'}
{'Epoch': 115, 'name': 'mid_freq', 'HIT@5': '0.0076', 'NDCG@5': '0.0051', 'HIT@10': '0.0108', 'NDCG@10': '0.0062', 'HIT@20': '0.0151', 'NDCG@20': '0.0072'}
{'Epoch': 115, 'name': 'low_freq', 'HIT@5': '0.0027', 'NDCG@5': '0.0013', 'HIT@10': '0.0043', 'NDCG@10': '0.0019', 'HIT@20': '0.0066', 'NDCG@20': '0.0024'}
{'Epoch': 115, 'name': 'all', 'HIT@5': '0.0331', 'NDCG@5': '0.0222', 'HIT@10': '0.0496', 'NDCG@10': '0.0275', 'HIT@20': '0.0740', 'NDCG@20': '0.0336'}
EarlyStopping counter: 15 out of 40
rec dataset length: 186
100%|██████████████████████████████████████████████████████████████████████████████████████████████████████████████████████████████████████████████████| 186/186 [01:04<00:00,  2.86it/s]
{'epoch': 116, 'rec_avg_loss': '0.4585', 'joint_avg_loss': '0.7189', 'cl_avg_loss': '2.6039', 'itemcl_loss': '0.0000', 'cl_pair_0_loss': '2.6039'}
Recommendation EP_test:116: 100%|| 35/35 [00:08<00:00,  4.24it/s]
{'Epoch': 116, 'name': 'high_freq', 'HIT@5': '0.0460', 'NDCG@5': '0.0314', 'HIT@10': '0.0688', 'NDCG@10': '0.0387', 'HIT@20': '0.1041', 'NDCG@20': '0.0476'}
{'Epoch': 116, 'name': 'mid_freq', 'HIT@5': '0.0079', 'NDCG@5': '0.0053', 'HIT@10': '0.0112', 'NDCG@10': '0.0063', 'HIT@20': '0.0164', 'NDCG@20': '0.0076'}
{'Epoch': 116, 'name': 'low_freq', 'HIT@5': '0.0025', 'NDCG@5': '0.0013', 'HIT@10': '0.0036', 'NDCG@10': '0.0017', 'HIT@20': '0.0068', 'NDCG@20': '0.0025'}
{'Epoch': 116, 'name': 'all', 'HIT@5': '0.0331', 'NDCG@5': '0.0225', 'HIT@10': '0.0495', 'NDCG@10': '0.0278', 'HIT@20': '0.0748', 'NDCG@20': '0.0342'}
EarlyStopping counter: 16 out of 40
rec dataset length: 186
100%|██████████████████████████████████████████████████████████████████████████████████████████████████████████████████████████████████████████████████| 186/186 [01:04<00:00,  2.87it/s]
{'epoch': 117, 'rec_avg_loss': '0.4563', 'joint_avg_loss': '0.7164', 'cl_avg_loss': '2.6007', 'itemcl_loss': '0.0000', 'cl_pair_0_loss': '2.6007'}
Recommendation EP_test:117: 100%|| 35/35 [00:08<00:00,  4.34it/s]
{'Epoch': 117, 'name': 'high_freq', 'HIT@5': '0.0455', 'NDCG@5': '0.0309', 'HIT@10': '0.0680', 'NDCG@10': '0.0380', 'HIT@20': '0.1011', 'NDCG@20': '0.0464'}
{'Epoch': 117, 'name': 'mid_freq', 'HIT@5': '0.0079', 'NDCG@5': '0.0052', 'HIT@10': '0.0112', 'NDCG@10': '0.0063', 'HIT@20': '0.0174', 'NDCG@20': '0.0079'}
{'Epoch': 117, 'name': 'low_freq', 'HIT@5': '0.0025', 'NDCG@5': '0.0013', 'HIT@10': '0.0050', 'NDCG@10': '0.0021', 'HIT@20': '0.0079', 'NDCG@20': '0.0028'}
{'Epoch': 117, 'name': 'all', 'HIT@5': '0.0328', 'NDCG@5': '0.0222', 'HIT@10': '0.0491', 'NDCG@10': '0.0274', 'HIT@20': '0.0732', 'NDCG@20': '0.0334'}
EarlyStopping counter: 17 out of 40
rec dataset length: 186
100%|██████████████████████████████████████████████████████████████████████████████████████████████████████████████████████████████████████████████████| 186/186 [01:04<00:00,  2.87it/s]
{'epoch': 118, 'rec_avg_loss': '0.4527', 'joint_avg_loss': '0.7136', 'cl_avg_loss': '2.6086', 'itemcl_loss': '0.0000', 'cl_pair_0_loss': '2.6086'}
Recommendation EP_test:118: 100%|| 35/35 [00:08<00:00,  4.21it/s]
{'Epoch': 118, 'name': 'high_freq', 'HIT@5': '0.0453', 'NDCG@5': '0.0311', 'HIT@10': '0.0692', 'NDCG@10': '0.0388', 'HIT@20': '0.1020', 'NDCG@20': '0.0470'}
{'Epoch': 118, 'name': 'mid_freq', 'HIT@5': '0.0083', 'NDCG@5': '0.0055', 'HIT@10': '0.0116', 'NDCG@10': '0.0065', 'HIT@20': '0.0164', 'NDCG@20': '0.0077'}
{'Epoch': 118, 'name': 'low_freq', 'HIT@5': '0.0027', 'NDCG@5': '0.0014', 'HIT@10': '0.0050', 'NDCG@10': '0.0021', 'HIT@20': '0.0079', 'NDCG@20': '0.0028'}
{'Epoch': 118, 'name': 'all', 'HIT@5': '0.0328', 'NDCG@5': '0.0224', 'HIT@10': '0.0499', 'NDCG@10': '0.0279', 'HIT@20': '0.0736', 'NDCG@20': '0.0339'}
EarlyStopping counter: 18 out of 40
rec dataset length: 186
100%|██████████████████████████████████████████████████████████████████████████████████████████████████████████████████████████████████████████████████| 186/186 [01:04<00:00,  2.87it/s]
{'epoch': 119, 'rec_avg_loss': '0.4528', 'joint_avg_loss': '0.7123', 'cl_avg_loss': '2.5953', 'itemcl_loss': '0.0000', 'cl_pair_0_loss': '2.5953'}
Recommendation EP_test:119: 100%|| 35/35 [00:08<00:00,  4.13it/s]
{'Epoch': 119, 'name': 'high_freq', 'HIT@5': '0.0458', 'NDCG@5': '0.0312', 'HIT@10': '0.0676', 'NDCG@10': '0.0382', 'HIT@20': '0.1023', 'NDCG@20': '0.0470'}
{'Epoch': 119, 'name': 'mid_freq', 'HIT@5': '0.0076', 'NDCG@5': '0.0055', 'HIT@10': '0.0111', 'NDCG@10': '0.0066', 'HIT@20': '0.0158', 'NDCG@20': '0.0079'}
{'Epoch': 119, 'name': 'low_freq', 'HIT@5': '0.0025', 'NDCG@5': '0.0017', 'HIT@10': '0.0052', 'NDCG@10': '0.0026', 'HIT@20': '0.0081', 'NDCG@20': '0.0033'}
{'Epoch': 119, 'name': 'all', 'HIT@5': '0.0330', 'NDCG@5': '0.0226', 'HIT@10': '0.0488', 'NDCG@10': '0.0276', 'HIT@20': '0.0737', 'NDCG@20': '0.0339'}
EarlyStopping counter: 19 out of 40
rec dataset length: 186
100%|██████████████████████████████████████████████████████████████████████████████████████████████████████████████████████████████████████████████████| 186/186 [01:04<00:00,  2.86it/s]
{'epoch': 120, 'rec_avg_loss': '0.4490', 'joint_avg_loss': '0.7081', 'cl_avg_loss': '2.5915', 'itemcl_loss': '0.0000', 'cl_pair_0_loss': '2.5915'}
Recommendation EP_test:120: 100%|| 35/35 [00:08<00:00,  4.35it/s]
{'Epoch': 120, 'name': 'high_freq', 'HIT@5': '0.0461', 'NDCG@5': '0.0307', 'HIT@10': '0.0680', 'NDCG@10': '0.0377', 'HIT@20': '0.1034', 'NDCG@20': '0.0466'}
{'Epoch': 120, 'name': 'mid_freq', 'HIT@5': '0.0078', 'NDCG@5': '0.0053', 'HIT@10': '0.0109', 'NDCG@10': '0.0064', 'HIT@20': '0.0154', 'NDCG@20': '0.0075'}
{'Epoch': 120, 'name': 'low_freq', 'HIT@5': '0.0036', 'NDCG@5': '0.0022', 'HIT@10': '0.0052', 'NDCG@10': '0.0027', 'HIT@20': '0.0084', 'NDCG@20': '0.0035'}
{'Epoch': 120, 'name': 'all', 'HIT@5': '0.0333', 'NDCG@5': '0.0222', 'HIT@10': '0.0490', 'NDCG@10': '0.0273', 'HIT@20': '0.0744', 'NDCG@20': '0.0336'}
EarlyStopping counter: 20 out of 40
rec dataset length: 186
100%|██████████████████████████████████████████████████████████████████████████████████████████████████████████████████████████████████████████████████| 186/186 [01:04<00:00,  2.87it/s]
{'epoch': 121, 'rec_avg_loss': '0.4508', 'joint_avg_loss': '0.7110', 'cl_avg_loss': '2.6020', 'itemcl_loss': '0.0000', 'cl_pair_0_loss': '2.6020'}
Recommendation EP_test:121: 100%|| 35/35 [00:08<00:00,  4.33it/s]
{'Epoch': 121, 'name': 'high_freq', 'HIT@5': '0.0450', 'NDCG@5': '0.0307', 'HIT@10': '0.0688', 'NDCG@10': '0.0384', 'HIT@20': '0.1012', 'NDCG@20': '0.0465'}
{'Epoch': 121, 'name': 'mid_freq', 'HIT@5': '0.0080', 'NDCG@5': '0.0054', 'HIT@10': '0.0118', 'NDCG@10': '0.0066', 'HIT@20': '0.0171', 'NDCG@20': '0.0079'}
{'Epoch': 121, 'name': 'low_freq', 'HIT@5': '0.0034', 'NDCG@5': '0.0023', 'HIT@10': '0.0059', 'NDCG@10': '0.0031', 'HIT@20': '0.0081', 'NDCG@20': '0.0036'}
{'Epoch': 121, 'name': 'all', 'HIT@5': '0.0326', 'NDCG@5': '0.0222', 'HIT@10': '0.0499', 'NDCG@10': '0.0278', 'HIT@20': '0.0732', 'NDCG@20': '0.0337'}
EarlyStopping counter: 21 out of 40
rec dataset length: 186
100%|██████████████████████████████████████████████████████████████████████████████████████████████████████████████████████████████████████████████████| 186/186 [01:04<00:00,  2.87it/s]
{'epoch': 122, 'rec_avg_loss': '0.4467', 'joint_avg_loss': '0.7060', 'cl_avg_loss': '2.5934', 'itemcl_loss': '0.0000', 'cl_pair_0_loss': '2.5934'}
Recommendation EP_test:122: 100%|| 35/35 [00:08<00:00,  4.33it/s]
{'Epoch': 122, 'name': 'high_freq', 'HIT@5': '0.0449', 'NDCG@5': '0.0303', 'HIT@10': '0.0679', 'NDCG@10': '0.0376', 'HIT@20': '0.1020', 'NDCG@20': '0.0462'}
{'Epoch': 122, 'name': 'mid_freq', 'HIT@5': '0.0078', 'NDCG@5': '0.0055', 'HIT@10': '0.0119', 'NDCG@10': '0.0069', 'HIT@20': '0.0162', 'NDCG@20': '0.0079'}
{'Epoch': 122, 'name': 'low_freq', 'HIT@5': '0.0025', 'NDCG@5': '0.0016', 'HIT@10': '0.0054', 'NDCG@10': '0.0025', 'HIT@20': '0.0077', 'NDCG@20': '0.0031'}
{'Epoch': 122, 'name': 'all', 'HIT@5': '0.0324', 'NDCG@5': '0.0219', 'HIT@10': '0.0492', 'NDCG@10': '0.0273', 'HIT@20': '0.0735', 'NDCG@20': '0.0334'}
EarlyStopping counter: 22 out of 40
rec dataset length: 186
100%|██████████████████████████████████████████████████████████████████████████████████████████████████████████████████████████████████████████████████| 186/186 [01:04<00:00,  2.88it/s]
{'epoch': 123, 'rec_avg_loss': '0.4466', 'joint_avg_loss': '0.7055', 'cl_avg_loss': '2.5888', 'itemcl_loss': '0.0000', 'cl_pair_0_loss': '2.5888'}
Recommendation EP_test:123: 100%|| 35/35 [00:08<00:00,  4.29it/s]
{'Epoch': 123, 'name': 'high_freq', 'HIT@5': '0.0473', 'NDCG@5': '0.0316', 'HIT@10': '0.0702', 'NDCG@10': '0.0390', 'HIT@20': '0.1038', 'NDCG@20': '0.0474'}
{'Epoch': 123, 'name': 'mid_freq', 'HIT@5': '0.0072', 'NDCG@5': '0.0050', 'HIT@10': '0.0111', 'NDCG@10': '0.0062', 'HIT@20': '0.0157', 'NDCG@20': '0.0074'}
{'Epoch': 123, 'name': 'low_freq', 'HIT@5': '0.0027', 'NDCG@5': '0.0015', 'HIT@10': '0.0045', 'NDCG@10': '0.0021', 'HIT@20': '0.0068', 'NDCG@20': '0.0027'}
{'Epoch': 123, 'name': 'all', 'HIT@5': '0.0339', 'NDCG@5': '0.0227', 'HIT@10': '0.0505', 'NDCG@10': '0.0280', 'HIT@20': '0.0745', 'NDCG@20': '0.0340'}
EarlyStopping counter: 23 out of 40
rec dataset length: 186
100%|██████████████████████████████████████████████████████████████████████████████████████████████████████████████████████████████████████████████████| 186/186 [01:04<00:00,  2.87it/s]
{'epoch': 124, 'rec_avg_loss': '0.4462', 'joint_avg_loss': '0.7068', 'cl_avg_loss': '2.6064', 'itemcl_loss': '0.0000', 'cl_pair_0_loss': '2.6064'}
Recommendation EP_test:124: 100%|| 35/35 [00:08<00:00,  4.34it/s]
{'Epoch': 124, 'name': 'high_freq', 'HIT@5': '0.0447', 'NDCG@5': '0.0303', 'HIT@10': '0.0672', 'NDCG@10': '0.0375', 'HIT@20': '0.1015', 'NDCG@20': '0.0461'}
{'Epoch': 124, 'name': 'mid_freq', 'HIT@5': '0.0076', 'NDCG@5': '0.0051', 'HIT@10': '0.0103', 'NDCG@10': '0.0060', 'HIT@20': '0.0169', 'NDCG@20': '0.0076'}
{'Epoch': 124, 'name': 'low_freq', 'HIT@5': '0.0034', 'NDCG@5': '0.0019', 'HIT@10': '0.0052', 'NDCG@10': '0.0024', 'HIT@20': '0.0081', 'NDCG@20': '0.0032'}
{'Epoch': 124, 'name': 'all', 'HIT@5': '0.0323', 'NDCG@5': '0.0218', 'HIT@10': '0.0484', 'NDCG@10': '0.0270', 'HIT@20': '0.0734', 'NDCG@20': '0.0333'}
EarlyStopping counter: 24 out of 40
rec dataset length: 186
100%|██████████████████████████████████████████████████████████████████████████████████████████████████████████████████████████████████████████████████| 186/186 [01:04<00:00,  2.87it/s]
{'epoch': 125, 'rec_avg_loss': '0.4472', 'joint_avg_loss': '0.7073', 'cl_avg_loss': '2.6009', 'itemcl_loss': '0.0000', 'cl_pair_0_loss': '2.6009'}
Recommendation EP_test:125: 100%|| 35/35 [00:08<00:00,  4.27it/s]
{'Epoch': 125, 'name': 'high_freq', 'HIT@5': '0.0458', 'NDCG@5': '0.0308', 'HIT@10': '0.0692', 'NDCG@10': '0.0383', 'HIT@20': '0.1022', 'NDCG@20': '0.0466'}
{'Epoch': 125, 'name': 'mid_freq', 'HIT@5': '0.0073', 'NDCG@5': '0.0051', 'HIT@10': '0.0106', 'NDCG@10': '0.0061', 'HIT@20': '0.0167', 'NDCG@20': '0.0076'}
{'Epoch': 125, 'name': 'low_freq', 'HIT@5': '0.0025', 'NDCG@5': '0.0013', 'HIT@10': '0.0045', 'NDCG@10': '0.0020', 'HIT@20': '0.0084', 'NDCG@20': '0.0030'}
{'Epoch': 125, 'name': 'all', 'HIT@5': '0.0329', 'NDCG@5': '0.0221', 'HIT@10': '0.0497', 'NDCG@10': '0.0275', 'HIT@20': '0.0738', 'NDCG@20': '0.0335'}
EarlyStopping counter: 25 out of 40
rec dataset length: 186
100%|██████████████████████████████████████████████████████████████████████████████████████████████████████████████████████████████████████████████████| 186/186 [01:04<00:00,  2.87it/s]
{'epoch': 126, 'rec_avg_loss': '0.4452', 'joint_avg_loss': '0.7041', 'cl_avg_loss': '2.5887', 'itemcl_loss': '0.0000', 'cl_pair_0_loss': '2.5887'}
Recommendation EP_test:126: 100%|| 35/35 [00:08<00:00,  4.24it/s]
{'Epoch': 126, 'name': 'high_freq', 'HIT@5': '0.0452', 'NDCG@5': '0.0308', 'HIT@10': '0.0690', 'NDCG@10': '0.0385', 'HIT@20': '0.1027', 'NDCG@20': '0.0469'}
{'Epoch': 126, 'name': 'mid_freq', 'HIT@5': '0.0066', 'NDCG@5': '0.0046', 'HIT@10': '0.0106', 'NDCG@10': '0.0059', 'HIT@20': '0.0159', 'NDCG@20': '0.0072'}
{'Epoch': 126, 'name': 'low_freq', 'HIT@5': '0.0023', 'NDCG@5': '0.0013', 'HIT@10': '0.0052', 'NDCG@10': '0.0023', 'HIT@20': '0.0081', 'NDCG@20': '0.0030'}
{'Epoch': 126, 'name': 'all', 'HIT@5': '0.0323', 'NDCG@5': '0.0220', 'HIT@10': '0.0497', 'NDCG@10': '0.0276', 'HIT@20': '0.0740', 'NDCG@20': '0.0337'}
EarlyStopping counter: 26 out of 40
rec dataset length: 186
100%|██████████████████████████████████████████████████████████████████████████████████████████████████████████████████████████████████████████████████| 186/186 [01:05<00:00,  2.86it/s]
{'epoch': 127, 'rec_avg_loss': '0.4447', 'joint_avg_loss': '0.7042', 'cl_avg_loss': '2.5948', 'itemcl_loss': '0.0000', 'cl_pair_0_loss': '2.5948'}
Recommendation EP_test:127: 100%|| 35/35 [00:07<00:00,  4.39it/s]
{'Epoch': 127, 'name': 'high_freq', 'HIT@5': '0.0445', 'NDCG@5': '0.0304', 'HIT@10': '0.0689', 'NDCG@10': '0.0382', 'HIT@20': '0.1021', 'NDCG@20': '0.0465'}
{'Epoch': 127, 'name': 'mid_freq', 'HIT@5': '0.0072', 'NDCG@5': '0.0051', 'HIT@10': '0.0109', 'NDCG@10': '0.0063', 'HIT@20': '0.0158', 'NDCG@20': '0.0075'}
{'Epoch': 127, 'name': 'low_freq', 'HIT@5': '0.0020', 'NDCG@5': '0.0010', 'HIT@10': '0.0043', 'NDCG@10': '0.0017', 'HIT@20': '0.0081', 'NDCG@20': '0.0027'}
{'Epoch': 127, 'name': 'all', 'HIT@5': '0.0319', 'NDCG@5': '0.0218', 'HIT@10': '0.0495', 'NDCG@10': '0.0274', 'HIT@20': '0.0735', 'NDCG@20': '0.0335'}
EarlyStopping counter: 27 out of 40
rec dataset length: 186
100%|██████████████████████████████████████████████████████████████████████████████████████████████████████████████████████████████████████████████████| 186/186 [01:04<00:00,  2.88it/s]
{'epoch': 128, 'rec_avg_loss': '0.4441', 'joint_avg_loss': '0.7024', 'cl_avg_loss': '2.5832', 'itemcl_loss': '0.0000', 'cl_pair_0_loss': '2.5832'}
Recommendation EP_test:128: 100%|| 35/35 [00:08<00:00,  4.35it/s]
{'Epoch': 128, 'name': 'high_freq', 'HIT@5': '0.0443', 'NDCG@5': '0.0301', 'HIT@10': '0.0691', 'NDCG@10': '0.0380', 'HIT@20': '0.1006', 'NDCG@20': '0.0459'}
{'Epoch': 128, 'name': 'mid_freq', 'HIT@5': '0.0078', 'NDCG@5': '0.0053', 'HIT@10': '0.0108', 'NDCG@10': '0.0063', 'HIT@20': '0.0158', 'NDCG@20': '0.0075'}
{'Epoch': 128, 'name': 'low_freq', 'HIT@5': '0.0029', 'NDCG@5': '0.0016', 'HIT@10': '0.0048', 'NDCG@10': '0.0022', 'HIT@20': '0.0081', 'NDCG@20': '0.0031'}
{'Epoch': 128, 'name': 'all', 'HIT@5': '0.0321', 'NDCG@5': '0.0217', 'HIT@10': '0.0497', 'NDCG@10': '0.0273', 'HIT@20': '0.0726', 'NDCG@20': '0.0331'}
EarlyStopping counter: 28 out of 40
rec dataset length: 186
100%|██████████████████████████████████████████████████████████████████████████████████████████████████████████████████████████████████████████████████| 186/186 [01:04<00:00,  2.86it/s]
{'epoch': 129, 'rec_avg_loss': '0.4436', 'joint_avg_loss': '0.7024', 'cl_avg_loss': '2.5878', 'itemcl_loss': '0.0000', 'cl_pair_0_loss': '2.5878'}
Recommendation EP_test:129: 100%|| 35/35 [00:08<00:00,  4.26it/s]
{'Epoch': 129, 'name': 'high_freq', 'HIT@5': '0.0436', 'NDCG@5': '0.0296', 'HIT@10': '0.0674', 'NDCG@10': '0.0373', 'HIT@20': '0.0991', 'NDCG@20': '0.0452'}
{'Epoch': 129, 'name': 'mid_freq', 'HIT@5': '0.0085', 'NDCG@5': '0.0056', 'HIT@10': '0.0119', 'NDCG@10': '0.0068', 'HIT@20': '0.0161', 'NDCG@20': '0.0078'}
{'Epoch': 129, 'name': 'low_freq', 'HIT@5': '0.0032', 'NDCG@5': '0.0019', 'HIT@10': '0.0054', 'NDCG@10': '0.0027', 'HIT@20': '0.0081', 'NDCG@20': '0.0033'}
{'Epoch': 129, 'name': 'all', 'HIT@5': '0.0317', 'NDCG@5': '0.0215', 'HIT@10': '0.0489', 'NDCG@10': '0.0270', 'HIT@20': '0.0716', 'NDCG@20': '0.0327'}
EarlyStopping counter: 29 out of 40
rec dataset length: 186
100%|██████████████████████████████████████████████████████████████████████████████████████████████████████████████████████████████████████████████████| 186/186 [01:04<00:00,  2.87it/s]
{'epoch': 130, 'rec_avg_loss': '0.4442', 'joint_avg_loss': '0.7018', 'cl_avg_loss': '2.5760', 'itemcl_loss': '0.0000', 'cl_pair_0_loss': '2.5760'}
Recommendation EP_test:130: 100%|| 35/35 [00:08<00:00,  4.29it/s]
{'Epoch': 130, 'name': 'high_freq', 'HIT@5': '0.0440', 'NDCG@5': '0.0299', 'HIT@10': '0.0674', 'NDCG@10': '0.0375', 'HIT@20': '0.1012', 'NDCG@20': '0.0459'}
{'Epoch': 130, 'name': 'mid_freq', 'HIT@5': '0.0086', 'NDCG@5': '0.0059', 'HIT@10': '0.0112', 'NDCG@10': '0.0067', 'HIT@20': '0.0159', 'NDCG@20': '0.0079'}
{'Epoch': 130, 'name': 'low_freq', 'HIT@5': '0.0034', 'NDCG@5': '0.0020', 'HIT@10': '0.0054', 'NDCG@10': '0.0026', 'HIT@20': '0.0084', 'NDCG@20': '0.0033'}
{'Epoch': 130, 'name': 'all', 'HIT@5': '0.0321', 'NDCG@5': '0.0218', 'HIT@10': '0.0487', 'NDCG@10': '0.0271', 'HIT@20': '0.0730', 'NDCG@20': '0.0332'}
EarlyStopping counter: 30 out of 40
rec dataset length: 186
100%|██████████████████████████████████████████████████████████████████████████████████████████████████████████████████████████████████████████████████| 186/186 [01:04<00:00,  2.87it/s]
{'epoch': 131, 'rec_avg_loss': '0.4419', 'joint_avg_loss': '0.6995', 'cl_avg_loss': '2.5765', 'itemcl_loss': '0.0000', 'cl_pair_0_loss': '2.5765'}
Recommendation EP_test:131: 100%|| 35/35 [00:08<00:00,  4.31it/s]
{'Epoch': 131, 'name': 'high_freq', 'HIT@5': '0.0442', 'NDCG@5': '0.0300', 'HIT@10': '0.0675', 'NDCG@10': '0.0375', 'HIT@20': '0.1004', 'NDCG@20': '0.0457'}
{'Epoch': 131, 'name': 'mid_freq', 'HIT@5': '0.0076', 'NDCG@5': '0.0053', 'HIT@10': '0.0112', 'NDCG@10': '0.0064', 'HIT@20': '0.0157', 'NDCG@20': '0.0076'}
{'Epoch': 131, 'name': 'low_freq', 'HIT@5': '0.0032', 'NDCG@5': '0.0019', 'HIT@10': '0.0045', 'NDCG@10': '0.0023', 'HIT@20': '0.0088', 'NDCG@20': '0.0034'}
{'Epoch': 131, 'name': 'all', 'HIT@5': '0.0319', 'NDCG@5': '0.0217', 'HIT@10': '0.0487', 'NDCG@10': '0.0270', 'HIT@20': '0.0724', 'NDCG@20': '0.0330'}
EarlyStopping counter: 31 out of 40
rec dataset length: 186
100%|██████████████████████████████████████████████████████████████████████████████████████████████████████████████████████████████████████████████████| 186/186 [01:04<00:00,  2.87it/s]
{'epoch': 132, 'rec_avg_loss': '0.4392', 'joint_avg_loss': '0.6982', 'cl_avg_loss': '2.5904', 'itemcl_loss': '0.0000', 'cl_pair_0_loss': '2.5904'}
Recommendation EP_test:132: 100%|| 35/35 [00:08<00:00,  4.13it/s]
{'Epoch': 132, 'name': 'high_freq', 'HIT@5': '0.0441', 'NDCG@5': '0.0298', 'HIT@10': '0.0669', 'NDCG@10': '0.0371', 'HIT@20': '0.1002', 'NDCG@20': '0.0455'}
{'Epoch': 132, 'name': 'mid_freq', 'HIT@5': '0.0076', 'NDCG@5': '0.0052', 'HIT@10': '0.0118', 'NDCG@10': '0.0065', 'HIT@20': '0.0155', 'NDCG@20': '0.0075'}
{'Epoch': 132, 'name': 'low_freq', 'HIT@5': '0.0032', 'NDCG@5': '0.0021', 'HIT@10': '0.0045', 'NDCG@10': '0.0025', 'HIT@20': '0.0086', 'NDCG@20': '0.0035'}
{'Epoch': 132, 'name': 'all', 'HIT@5': '0.0319', 'NDCG@5': '0.0215', 'HIT@10': '0.0484', 'NDCG@10': '0.0268', 'HIT@20': '0.0723', 'NDCG@20': '0.0328'}
EarlyStopping counter: 32 out of 40
rec dataset length: 186
100%|██████████████████████████████████████████████████████████████████████████████████████████████████████████████████████████████████████████████████| 186/186 [01:04<00:00,  2.87it/s]
{'epoch': 133, 'rec_avg_loss': '0.4393', 'joint_avg_loss': '0.6976', 'cl_avg_loss': '2.5825', 'itemcl_loss': '0.0000', 'cl_pair_0_loss': '2.5825'}
Recommendation EP_test:133: 100%|| 35/35 [00:08<00:00,  4.32it/s]
{'Epoch': 133, 'name': 'high_freq', 'HIT@5': '0.0451', 'NDCG@5': '0.0301', 'HIT@10': '0.0673', 'NDCG@10': '0.0372', 'HIT@20': '0.0998', 'NDCG@20': '0.0454'}
{'Epoch': 133, 'name': 'mid_freq', 'HIT@5': '0.0079', 'NDCG@5': '0.0053', 'HIT@10': '0.0113', 'NDCG@10': '0.0064', 'HIT@20': '0.0164', 'NDCG@20': '0.0076'}
{'Epoch': 133, 'name': 'low_freq', 'HIT@5': '0.0032', 'NDCG@5': '0.0019', 'HIT@10': '0.0050', 'NDCG@10': '0.0024', 'HIT@20': '0.0077', 'NDCG@20': '0.0031'}
{'Epoch': 133, 'name': 'all', 'HIT@5': '0.0326', 'NDCG@5': '0.0218', 'HIT@10': '0.0486', 'NDCG@10': '0.0269', 'HIT@20': '0.0720', 'NDCG@20': '0.0328'}
EarlyStopping counter: 33 out of 40
rec dataset length: 186
100%|██████████████████████████████████████████████████████████████████████████████████████████████████████████████████████████████████████████████████| 186/186 [01:04<00:00,  2.86it/s]
{'epoch': 134, 'rec_avg_loss': '0.4382', 'joint_avg_loss': '0.6957', 'cl_avg_loss': '2.5753', 'itemcl_loss': '0.0000', 'cl_pair_0_loss': '2.5753'}
Recommendation EP_test:134: 100%|| 35/35 [00:08<00:00,  4.27it/s]
{'Epoch': 134, 'name': 'high_freq', 'HIT@5': '0.0448', 'NDCG@5': '0.0300', 'HIT@10': '0.0679', 'NDCG@10': '0.0374', 'HIT@20': '0.1014', 'NDCG@20': '0.0458'}
{'Epoch': 134, 'name': 'mid_freq', 'HIT@5': '0.0082', 'NDCG@5': '0.0054', 'HIT@10': '0.0105', 'NDCG@10': '0.0062', 'HIT@20': '0.0177', 'NDCG@20': '0.0080'}
{'Epoch': 134, 'name': 'low_freq', 'HIT@5': '0.0032', 'NDCG@5': '0.0020', 'HIT@10': '0.0048', 'NDCG@10': '0.0025', 'HIT@20': '0.0086', 'NDCG@20': '0.0035'}
{'Epoch': 134, 'name': 'all', 'HIT@5': '0.0325', 'NDCG@5': '0.0217', 'HIT@10': '0.0488', 'NDCG@10': '0.0270', 'HIT@20': '0.0735', 'NDCG@20': '0.0332'}
EarlyStopping counter: 34 out of 40
rec dataset length: 186
100%|██████████████████████████████████████████████████████████████████████████████████████████████████████████████████████████████████████████████████| 186/186 [01:04<00:00,  2.87it/s]
{'epoch': 135, 'rec_avg_loss': '0.4362', 'joint_avg_loss': '0.6937', 'cl_avg_loss': '2.5747', 'itemcl_loss': '0.0000', 'cl_pair_0_loss': '2.5747'}
Recommendation EP_test:135: 100%|| 35/35 [00:08<00:00,  4.33it/s]
{'Epoch': 135, 'name': 'high_freq', 'HIT@5': '0.0449', 'NDCG@5': '0.0306', 'HIT@10': '0.0678', 'NDCG@10': '0.0379', 'HIT@20': '0.1003', 'NDCG@20': '0.0461'}
{'Epoch': 135, 'name': 'mid_freq', 'HIT@5': '0.0076', 'NDCG@5': '0.0052', 'HIT@10': '0.0116', 'NDCG@10': '0.0065', 'HIT@20': '0.0172', 'NDCG@20': '0.0079'}
{'Epoch': 135, 'name': 'low_freq', 'HIT@5': '0.0041', 'NDCG@5': '0.0024', 'HIT@10': '0.0050', 'NDCG@10': '0.0027', 'HIT@20': '0.0079', 'NDCG@20': '0.0034'}
{'Epoch': 135, 'name': 'all', 'HIT@5': '0.0325', 'NDCG@5': '0.0221', 'HIT@10': '0.0490', 'NDCG@10': '0.0274', 'HIT@20': '0.0726', 'NDCG@20': '0.0333'}
EarlyStopping counter: 35 out of 40
rec dataset length: 186
100%|██████████████████████████████████████████████████████████████████████████████████████████████████████████████████████████████████████████████████| 186/186 [01:04<00:00,  2.88it/s]
{'epoch': 136, 'rec_avg_loss': '0.4373', 'joint_avg_loss': '0.6941', 'cl_avg_loss': '2.5685', 'itemcl_loss': '0.0000', 'cl_pair_0_loss': '2.5685'}
Recommendation EP_test:136: 100%|| 35/35 [00:08<00:00,  4.26it/s]
{'Epoch': 136, 'name': 'high_freq', 'HIT@5': '0.0456', 'NDCG@5': '0.0307', 'HIT@10': '0.0678', 'NDCG@10': '0.0378', 'HIT@20': '0.1011', 'NDCG@20': '0.0462'}
{'Epoch': 136, 'name': 'mid_freq', 'HIT@5': '0.0088', 'NDCG@5': '0.0057', 'HIT@10': '0.0112', 'NDCG@10': '0.0065', 'HIT@20': '0.0165', 'NDCG@20': '0.0078'}
{'Epoch': 136, 'name': 'low_freq', 'HIT@5': '0.0032', 'NDCG@5': '0.0020', 'HIT@10': '0.0043', 'NDCG@10': '0.0023', 'HIT@20': '0.0079', 'NDCG@20': '0.0032'}
{'Epoch': 136, 'name': 'all', 'HIT@5': '0.0331', 'NDCG@5': '0.0222', 'HIT@10': '0.0489', 'NDCG@10': '0.0273', 'HIT@20': '0.0730', 'NDCG@20': '0.0333'}
EarlyStopping counter: 36 out of 40
rec dataset length: 186
100%|██████████████████████████████████████████████████████████████████████████████████████████████████████████████████████████████████████████████████| 186/186 [01:04<00:00,  2.87it/s]
{'epoch': 137, 'rec_avg_loss': '0.4347', 'joint_avg_loss': '0.6927', 'cl_avg_loss': '2.5798', 'itemcl_loss': '0.0000', 'cl_pair_0_loss': '2.5798'}
Recommendation EP_test:137: 100%|| 35/35 [00:08<00:00,  4.22it/s]
{'Epoch': 137, 'name': 'high_freq', 'HIT@5': '0.0453', 'NDCG@5': '0.0301', 'HIT@10': '0.0667', 'NDCG@10': '0.0370', 'HIT@20': '0.0988', 'NDCG@20': '0.0451'}
{'Epoch': 137, 'name': 'mid_freq', 'HIT@5': '0.0080', 'NDCG@5': '0.0056', 'HIT@10': '0.0122', 'NDCG@10': '0.0069', 'HIT@20': '0.0167', 'NDCG@20': '0.0081'}
{'Epoch': 137, 'name': 'low_freq', 'HIT@5': '0.0034', 'NDCG@5': '0.0020', 'HIT@10': '0.0048', 'NDCG@10': '0.0024', 'HIT@20': '0.0075', 'NDCG@20': '0.0031'}
{'Epoch': 137, 'name': 'all', 'HIT@5': '0.0328', 'NDCG@5': '0.0218', 'HIT@10': '0.0483', 'NDCG@10': '0.0268', 'HIT@20': '0.0714', 'NDCG@20': '0.0326'}
EarlyStopping counter: 37 out of 40
rec dataset length: 186
100%|██████████████████████████████████████████████████████████████████████████████████████████████████████████████████████████████████████████████████| 186/186 [01:04<00:00,  2.87it/s]
{'epoch': 138, 'rec_avg_loss': '0.4350', 'joint_avg_loss': '0.6926', 'cl_avg_loss': '2.5754', 'itemcl_loss': '0.0000', 'cl_pair_0_loss': '2.5754'}
Recommendation EP_test:138: 100%|| 35/35 [00:07<00:00,  4.43it/s]
{'Epoch': 138, 'name': 'high_freq', 'HIT@5': '0.0455', 'NDCG@5': '0.0305', 'HIT@10': '0.0676', 'NDCG@10': '0.0376', 'HIT@20': '0.0995', 'NDCG@20': '0.0456'}
{'Epoch': 138, 'name': 'mid_freq', 'HIT@5': '0.0080', 'NDCG@5': '0.0057', 'HIT@10': '0.0121', 'NDCG@10': '0.0070', 'HIT@20': '0.0161', 'NDCG@20': '0.0080'}
{'Epoch': 138, 'name': 'low_freq', 'HIT@5': '0.0032', 'NDCG@5': '0.0019', 'HIT@10': '0.0052', 'NDCG@10': '0.0026', 'HIT@20': '0.0079', 'NDCG@20': '0.0032'}
{'Epoch': 138, 'name': 'all', 'HIT@5': '0.0329', 'NDCG@5': '0.0221', 'HIT@10': '0.0490', 'NDCG@10': '0.0273', 'HIT@20': '0.0718', 'NDCG@20': '0.0330'}
EarlyStopping counter: 38 out of 40
rec dataset length: 186
100%|██████████████████████████████████████████████████████████████████████████████████████████████████████████████████████████████████████████████████| 186/186 [01:04<00:00,  2.87it/s]
{'epoch': 139, 'rec_avg_loss': '0.4345', 'joint_avg_loss': '0.6920', 'cl_avg_loss': '2.5749', 'itemcl_loss': '0.0000', 'cl_pair_0_loss': '2.5749'}
Recommendation EP_test:139: 100%|| 35/35 [00:08<00:00,  4.35it/s]
{'Epoch': 139, 'name': 'high_freq', 'HIT@5': '0.0438', 'NDCG@5': '0.0293', 'HIT@10': '0.0677', 'NDCG@10': '0.0369', 'HIT@20': '0.0999', 'NDCG@20': '0.0450'}
{'Epoch': 139, 'name': 'mid_freq', 'HIT@5': '0.0086', 'NDCG@5': '0.0058', 'HIT@10': '0.0116', 'NDCG@10': '0.0068', 'HIT@20': '0.0171', 'NDCG@20': '0.0081'}
{'Epoch': 139, 'name': 'low_freq', 'HIT@5': '0.0034', 'NDCG@5': '0.0021', 'HIT@10': '0.0043', 'NDCG@10': '0.0023', 'HIT@20': '0.0070', 'NDCG@20': '0.0030'}
{'Epoch': 139, 'name': 'all', 'HIT@5': '0.0319', 'NDCG@5': '0.0213', 'HIT@10': '0.0489', 'NDCG@10': '0.0267', 'HIT@20': '0.0722', 'NDCG@20': '0.0326'}
EarlyStopping counter: 39 out of 40
rec dataset length: 186
100%|██████████████████████████████████████████████████████████████████████████████████████████████████████████████████████████████████████████████████| 186/186 [01:04<00:00,  2.86it/s]
{'epoch': 140, 'rec_avg_loss': '0.4332', 'joint_avg_loss': '0.6906', 'cl_avg_loss': '2.5735', 'itemcl_loss': '0.0000', 'cl_pair_0_loss': '2.5735'}
Recommendation EP_test:140: 100%|| 35/35 [00:07<00:00,  4.41it/s]
{'Epoch': 140, 'name': 'high_freq', 'HIT@5': '0.0441', 'NDCG@5': '0.0294', 'HIT@10': '0.0664', 'NDCG@10': '0.0366', 'HIT@20': '0.1012', 'NDCG@20': '0.0453'}
{'Epoch': 140, 'name': 'mid_freq', 'HIT@5': '0.0080', 'NDCG@5': '0.0058', 'HIT@10': '0.0119', 'NDCG@10': '0.0070', 'HIT@20': '0.0159', 'NDCG@20': '0.0080'}
{'Epoch': 140, 'name': 'low_freq', 'HIT@5': '0.0027', 'NDCG@5': '0.0018', 'HIT@10': '0.0048', 'NDCG@10': '0.0025', 'HIT@20': '0.0077', 'NDCG@20': '0.0032'}
{'Epoch': 140, 'name': 'all', 'HIT@5': '0.0319', 'NDCG@5': '0.0213', 'HIT@10': '0.0481', 'NDCG@10': '0.0265', 'HIT@20': '0.0729', 'NDCG@20': '0.0328'}
EarlyStopping counter: 40 out of 40
Early stopping
---------------Change to test_rating_matrix!-------------------
Recommendation EP_test:141: 100%|| 35/35 [00:08<00:00,  4.22it/s]
{'Epoch': 141, 'name': 'high_freq', 'HIT@5': '0.0390', 'NDCG@5': '0.0258', 'HIT@10': '0.0585', 'NDCG@10': '0.0321', 'HIT@20': '0.0863', 'NDCG@20': '0.0391'}
{'Epoch': 141, 'name': 'mid_freq', 'HIT@5': '0.0049', 'NDCG@5': '0.0035', 'HIT@10': '0.0074', 'NDCG@10': '0.0043', 'HIT@20': '0.0119', 'NDCG@20': '0.0054'}
{'Epoch': 141, 'name': 'low_freq', 'HIT@5': '0.0033', 'NDCG@5': '0.0020', 'HIT@10': '0.0046', 'NDCG@10': '0.0024', 'HIT@20': '0.0077', 'NDCG@20': '0.0032'}
{'Epoch': 141, 'name': 'all', 'HIT@5': '0.0262', 'NDCG@5': '0.0173', 'HIT@10': '0.0393', 'NDCG@10': '0.0216', 'HIT@20': '0.0582', 'NDCG@20': '0.0263'}
CoSeRec-Sports_and_Outdoors-single_cl_1024_contrastanchor
{'Epoch': 141, 'name': 'all', 'HIT@5': '0.0262', 'NDCG@5': '0.0173', 'HIT@10': '0.0393', 'NDCG@10': '0.0216', 'HIT@20': '0.0582', 'NDCG@20': '0.0263'}
Using Cuda: True
(18359, 18359)
--------------------Configure Info:------------
data_dir                       :                             ./data/
output_dir                     :                             output/
data_name                      :                 Sports_and_Outdoors
do_eval                        :                                   0
model_idx                      :         single_cl_1024_only_aug_low
gpu_id                         :                                   0
noise_ratio                    :                                 0.0
training_data_ratio            :                                 1.0
augment_threshold              :                                   4
similarity_model_name          :                          ItemCF_IUF
augmentation_warm_up_epoches   :                                 160
base_augment_type              :                              random
augment_type_for_short         :                                 SIM
tao                            :                                 0.2
gamma                          :                                 0.7
beta                           :                                 0.2
substitute_rate                :                                 0.1
insert_rate                    :                                 0.4
max_insert_num_per_pos         :                                   1
temperature                    :                                 1.0
n_views                        :                                   2
model_name                     :                             CoSeRec
hidden_size                    :                                  64
num_hidden_layers              :                                   2
num_attention_heads            :                                   2
hidden_act                     :                                gelu
attention_probs_dropout_prob   :                                 0.5
hidden_dropout_prob            :                                 0.5
initializer_range              :                                0.02
max_seq_length                 :                                  50
lr                             :                               0.001
batch_size                     :                                1024
epochs                         :                                 300
no_cuda                        :                                   0
log_freq                       :                                   1
seed                           :                                   1
cf_weight                      :                                 0.1
rec_weight                     :                                 1.0
weight_decay                   :                                 0.0
adam_beta1                     :                                 0.9
adam_beta2                     :                               0.999
cl                             :                                   1
multi_neg                      :                                   0
use_freq                       :                                   0
mask_strategy                  :                              random
contrast_anchor                :                                   0
aug_by_target                  :                                 low
cuda_condition                 :                                   1
data_file                      :      ./data/Sports_and_Outdoors.txt
item_size                      :                               18359
mask_id                        :                               18358
log_file                       : output/CoSeRec-Sports_and_Outdoors-single_cl_1024_only_aug_low.txt
Similarity Model Type: offline
short sequence augment type: SIM
Augmentation methods for Long sequences: 5
Augmentation methods for short sequences: 3
Creating Contrastive Learning Dataset using 'random' data augmentation
Similarity Model Type: offline
short sequence augment type: SIM
Augmentation methods for Long sequences: 5
Augmentation methods for short sequences: 3
Creating Contrastive Learning Dataset using 'random' data augmentation
Similarity Model Type: offline
short sequence augment type: SIM
Augmentation methods for Long sequences: 5
Augmentation methods for short sequences: 3
Creating Contrastive Learning Dataset using 'random' data augmentation
Total Parameters: 1278464
self.cf_criterion: NCELoss
Train CoSeRec
rec dataset length: 186
100%|██████████████████████████████████████████████████████████████████████████████████████████████████████████████████████████████████████████████████| 186/186 [00:43<00:00,  4.28it/s]
{'epoch': 0, 'rec_avg_loss': '1.2941', 'joint_avg_loss': '1.9375', 'cl_avg_loss': '6.4337', 'itemcl_loss': '0.0000', 'cl_pair_0_loss': '6.4337'}
Recommendation EP_test:0: 100%|| 35/35 [00:07<00:00,  4.74it/s]
{'Epoch': 0, 'name': 'high_freq', 'HIT@5': '0.0080', 'NDCG@5': '0.0055', 'HIT@10': '0.0134', 'NDCG@10': '0.0073', 'HIT@20': '0.0235', 'NDCG@20': '0.0098'}
{'Epoch': 0, 'name': 'mid_freq', 'HIT@5': '0.0000', 'NDCG@5': '0.0000', 'HIT@10': '0.0000', 'NDCG@10': '0.0000', 'HIT@20': '0.0000', 'NDCG@20': '0.0000'}
{'Epoch': 0, 'name': 'low_freq', 'HIT@5': '0.0000', 'NDCG@5': '0.0000', 'HIT@10': '0.0000', 'NDCG@10': '0.0000', 'HIT@20': '0.0000', 'NDCG@20': '0.0000'}
{'Epoch': 0, 'name': 'all', 'HIT@5': '0.0054', 'NDCG@5': '0.0038', 'HIT@10': '0.0091', 'NDCG@10': '0.0049', 'HIT@20': '0.0160', 'NDCG@20': '0.0067'}
Validation score increased.  Saving model ...
rec dataset length: 186
100%|██████████████████████████████████████████████████████████████████████████████████████████████████████████████████████████████████████████████████| 186/186 [00:41<00:00,  4.43it/s]
{'epoch': 1, 'rec_avg_loss': '1.2037', 'joint_avg_loss': '1.7182', 'cl_avg_loss': '5.1452', 'itemcl_loss': '0.0000', 'cl_pair_0_loss': '5.1452'}
Recommendation EP_test:1: 100%|| 35/35 [00:07<00:00,  4.84it/s]
{'Epoch': 1, 'name': 'high_freq', 'HIT@5': '0.0115', 'NDCG@5': '0.0074', 'HIT@10': '0.0175', 'NDCG@10': '0.0094', 'HIT@20': '0.0296', 'NDCG@20': '0.0124'}
{'Epoch': 1, 'name': 'mid_freq', 'HIT@5': '0.0000', 'NDCG@5': '0.0000', 'HIT@10': '0.0000', 'NDCG@10': '0.0000', 'HIT@20': '0.0000', 'NDCG@20': '0.0000'}
{'Epoch': 1, 'name': 'low_freq', 'HIT@5': '0.0000', 'NDCG@5': '0.0000', 'HIT@10': '0.0000', 'NDCG@10': '0.0000', 'HIT@20': '0.0000', 'NDCG@20': '0.0000'}
{'Epoch': 1, 'name': 'all', 'HIT@5': '0.0078', 'NDCG@5': '0.0051', 'HIT@10': '0.0119', 'NDCG@10': '0.0064', 'HIT@20': '0.0201', 'NDCG@20': '0.0084'}
Validation score increased.  Saving model ...
rec dataset length: 186
100%|██████████████████████████████████████████████████████████████████████████████████████████████████████████████████████████████████████████████████| 186/186 [00:42<00:00,  4.43it/s]
{'epoch': 2, 'rec_avg_loss': '1.1782', 'joint_avg_loss': '1.6211', 'cl_avg_loss': '4.4293', 'itemcl_loss': '0.0000', 'cl_pair_0_loss': '4.4293'}
Recommendation EP_test:2: 100%|| 35/35 [00:07<00:00,  4.82it/s]
{'Epoch': 2, 'name': 'high_freq', 'HIT@5': '0.0114', 'NDCG@5': '0.0074', 'HIT@10': '0.0180', 'NDCG@10': '0.0096', 'HIT@20': '0.0289', 'NDCG@20': '0.0123'}
{'Epoch': 2, 'name': 'mid_freq', 'HIT@5': '0.0000', 'NDCG@5': '0.0000', 'HIT@10': '0.0000', 'NDCG@10': '0.0000', 'HIT@20': '0.0000', 'NDCG@20': '0.0000'}
{'Epoch': 2, 'name': 'low_freq', 'HIT@5': '0.0000', 'NDCG@5': '0.0000', 'HIT@10': '0.0000', 'NDCG@10': '0.0000', 'HIT@20': '0.0000', 'NDCG@20': '0.0000'}
{'Epoch': 2, 'name': 'all', 'HIT@5': '0.0077', 'NDCG@5': '0.0051', 'HIT@10': '0.0123', 'NDCG@10': '0.0065', 'HIT@20': '0.0197', 'NDCG@20': '0.0084'}
EarlyStopping counter: 1 out of 40
rec dataset length: 186
100%|██████████████████████████████████████████████████████████████████████████████████████████████████████████████████████████████████████████████████| 186/186 [00:42<00:00,  4.40it/s]
{'epoch': 3, 'rec_avg_loss': '1.1638', 'joint_avg_loss': '1.5718', 'cl_avg_loss': '4.0800', 'itemcl_loss': '0.0000', 'cl_pair_0_loss': '4.0800'}
Recommendation EP_test:3: 100%|| 35/35 [00:07<00:00,  4.61it/s]
{'Epoch': 3, 'name': 'high_freq', 'HIT@5': '0.0121', 'NDCG@5': '0.0079', 'HIT@10': '0.0191', 'NDCG@10': '0.0101', 'HIT@20': '0.0313', 'NDCG@20': '0.0132'}
{'Epoch': 3, 'name': 'mid_freq', 'HIT@5': '0.0000', 'NDCG@5': '0.0000', 'HIT@10': '0.0000', 'NDCG@10': '0.0000', 'HIT@20': '0.0000', 'NDCG@20': '0.0000'}
{'Epoch': 3, 'name': 'low_freq', 'HIT@5': '0.0000', 'NDCG@5': '0.0000', 'HIT@10': '0.0000', 'NDCG@10': '0.0000', 'HIT@20': '0.0000', 'NDCG@20': '0.0000'}
{'Epoch': 3, 'name': 'all', 'HIT@5': '0.0082', 'NDCG@5': '0.0054', 'HIT@10': '0.0130', 'NDCG@10': '0.0069', 'HIT@20': '0.0213', 'NDCG@20': '0.0090'}
Validation score increased.  Saving model ...
rec dataset length: 186
100%|██████████████████████████████████████████████████████████████████████████████████████████████████████████████████████████████████████████████████| 186/186 [00:42<00:00,  4.41it/s]
{'epoch': 4, 'rec_avg_loss': '1.1515', 'joint_avg_loss': '1.5325', 'cl_avg_loss': '3.8100', 'itemcl_loss': '0.0000', 'cl_pair_0_loss': '3.8100'}
Recommendation EP_test:4: 100%|| 35/35 [00:07<00:00,  4.54it/s]
{'Epoch': 4, 'name': 'high_freq', 'HIT@5': '0.0121', 'NDCG@5': '0.0079', 'HIT@10': '0.0202', 'NDCG@10': '0.0105', 'HIT@20': '0.0325', 'NDCG@20': '0.0136'}
{'Epoch': 4, 'name': 'mid_freq', 'HIT@5': '0.0000', 'NDCG@5': '0.0000', 'HIT@10': '0.0000', 'NDCG@10': '0.0000', 'HIT@20': '0.0000', 'NDCG@20': '0.0000'}
{'Epoch': 4, 'name': 'low_freq', 'HIT@5': '0.0000', 'NDCG@5': '0.0000', 'HIT@10': '0.0000', 'NDCG@10': '0.0000', 'HIT@20': '0.0000', 'NDCG@20': '0.0000'}
{'Epoch': 4, 'name': 'all', 'HIT@5': '0.0083', 'NDCG@5': '0.0054', 'HIT@10': '0.0138', 'NDCG@10': '0.0072', 'HIT@20': '0.0221', 'NDCG@20': '0.0092'}
Validation score increased.  Saving model ...
rec dataset length: 186
100%|██████████████████████████████████████████████████████████████████████████████████████████████████████████████████████████████████████████████████| 186/186 [00:42<00:00,  4.41it/s]
{'epoch': 5, 'rec_avg_loss': '1.1412', 'joint_avg_loss': '1.5069', 'cl_avg_loss': '3.6562', 'itemcl_loss': '0.0000', 'cl_pair_0_loss': '3.6562'}
Recommendation EP_test:5: 100%|| 35/35 [00:08<00:00,  4.02it/s]
{'Epoch': 5, 'name': 'high_freq', 'HIT@5': '0.0121', 'NDCG@5': '0.0079', 'HIT@10': '0.0197', 'NDCG@10': '0.0103', 'HIT@20': '0.0321', 'NDCG@20': '0.0134'}
{'Epoch': 5, 'name': 'mid_freq', 'HIT@5': '0.0000', 'NDCG@5': '0.0000', 'HIT@10': '0.0000', 'NDCG@10': '0.0000', 'HIT@20': '0.0000', 'NDCG@20': '0.0000'}
{'Epoch': 5, 'name': 'low_freq', 'HIT@5': '0.0000', 'NDCG@5': '0.0000', 'HIT@10': '0.0000', 'NDCG@10': '0.0000', 'HIT@20': '0.0000', 'NDCG@20': '0.0000'}
{'Epoch': 5, 'name': 'all', 'HIT@5': '0.0083', 'NDCG@5': '0.0054', 'HIT@10': '0.0134', 'NDCG@10': '0.0070', 'HIT@20': '0.0218', 'NDCG@20': '0.0091'}
EarlyStopping counter: 1 out of 40
rec dataset length: 186
100%|██████████████████████████████████████████████████████████████████████████████████████████████████████████████████████████████████████████████████| 186/186 [00:42<00:00,  4.43it/s]
{'epoch': 6, 'rec_avg_loss': '1.1302', 'joint_avg_loss': '1.4799', 'cl_avg_loss': '3.4969', 'itemcl_loss': '0.0000', 'cl_pair_0_loss': '3.4969'}
Recommendation EP_test:6: 100%|| 35/35 [00:07<00:00,  4.45it/s]
{'Epoch': 6, 'name': 'high_freq', 'HIT@5': '0.0132', 'NDCG@5': '0.0084', 'HIT@10': '0.0200', 'NDCG@10': '0.0106', 'HIT@20': '0.0323', 'NDCG@20': '0.0137'}
{'Epoch': 6, 'name': 'mid_freq', 'HIT@5': '0.0000', 'NDCG@5': '0.0000', 'HIT@10': '0.0000', 'NDCG@10': '0.0000', 'HIT@20': '0.0000', 'NDCG@20': '0.0000'}
{'Epoch': 6, 'name': 'low_freq', 'HIT@5': '0.0000', 'NDCG@5': '0.0000', 'HIT@10': '0.0000', 'NDCG@10': '0.0000', 'HIT@20': '0.0000', 'NDCG@20': '0.0000'}
{'Epoch': 6, 'name': 'all', 'HIT@5': '0.0090', 'NDCG@5': '0.0057', 'HIT@10': '0.0136', 'NDCG@10': '0.0072', 'HIT@20': '0.0219', 'NDCG@20': '0.0093'}
Validation score increased.  Saving model ...
rec dataset length: 186
100%|██████████████████████████████████████████████████████████████████████████████████████████████████████████████████████████████████████████████████| 186/186 [00:42<00:00,  4.42it/s]
{'epoch': 7, 'rec_avg_loss': '1.1206', 'joint_avg_loss': '1.4587', 'cl_avg_loss': '3.3813', 'itemcl_loss': '0.0000', 'cl_pair_0_loss': '3.3813'}
Recommendation EP_test:7: 100%|| 35/35 [00:08<00:00,  4.34it/s]
{'Epoch': 7, 'name': 'high_freq', 'HIT@5': '0.0135', 'NDCG@5': '0.0087', 'HIT@10': '0.0213', 'NDCG@10': '0.0112', 'HIT@20': '0.0341', 'NDCG@20': '0.0144'}
{'Epoch': 7, 'name': 'mid_freq', 'HIT@5': '0.0000', 'NDCG@5': '0.0000', 'HIT@10': '0.0000', 'NDCG@10': '0.0000', 'HIT@20': '0.0000', 'NDCG@20': '0.0000'}
{'Epoch': 7, 'name': 'low_freq', 'HIT@5': '0.0000', 'NDCG@5': '0.0000', 'HIT@10': '0.0000', 'NDCG@10': '0.0000', 'HIT@20': '0.0000', 'NDCG@20': '0.0000'}
{'Epoch': 7, 'name': 'all', 'HIT@5': '0.0092', 'NDCG@5': '0.0059', 'HIT@10': '0.0145', 'NDCG@10': '0.0076', 'HIT@20': '0.0232', 'NDCG@20': '0.0098'}
Validation score increased.  Saving model ...
rec dataset length: 186
100%|██████████████████████████████████████████████████████████████████████████████████████████████████████████████████████████████████████████████████| 186/186 [00:41<00:00,  4.43it/s]
{'epoch': 8, 'rec_avg_loss': '1.1094', 'joint_avg_loss': '1.4402', 'cl_avg_loss': '3.3081', 'itemcl_loss': '0.0000', 'cl_pair_0_loss': '3.3081'}
Recommendation EP_test:8: 100%|| 35/35 [00:08<00:00,  4.35it/s]
{'Epoch': 8, 'name': 'high_freq', 'HIT@5': '0.0136', 'NDCG@5': '0.0090', 'HIT@10': '0.0223', 'NDCG@10': '0.0118', 'HIT@20': '0.0356', 'NDCG@20': '0.0151'}
{'Epoch': 8, 'name': 'mid_freq', 'HIT@5': '0.0000', 'NDCG@5': '0.0000', 'HIT@10': '0.0000', 'NDCG@10': '0.0000', 'HIT@20': '0.0000', 'NDCG@20': '0.0000'}
{'Epoch': 8, 'name': 'low_freq', 'HIT@5': '0.0000', 'NDCG@5': '0.0000', 'HIT@10': '0.0000', 'NDCG@10': '0.0000', 'HIT@20': '0.0000', 'NDCG@20': '0.0000'}
{'Epoch': 8, 'name': 'all', 'HIT@5': '0.0092', 'NDCG@5': '0.0061', 'HIT@10': '0.0152', 'NDCG@10': '0.0080', 'HIT@20': '0.0242', 'NDCG@20': '0.0103'}
Validation score increased.  Saving model ...
rec dataset length: 186
100%|██████████████████████████████████████████████████████████████████████████████████████████████████████████████████████████████████████████████████| 186/186 [00:42<00:00,  4.43it/s]
{'epoch': 9, 'rec_avg_loss': '1.0965', 'joint_avg_loss': '1.4200', 'cl_avg_loss': '3.2352', 'itemcl_loss': '0.0000', 'cl_pair_0_loss': '3.2352'}
Recommendation EP_test:9: 100%|| 35/35 [00:07<00:00,  4.38it/s]
{'Epoch': 9, 'name': 'high_freq', 'HIT@5': '0.0154', 'NDCG@5': '0.0101', 'HIT@10': '0.0242', 'NDCG@10': '0.0129', 'HIT@20': '0.0388', 'NDCG@20': '0.0165'}
{'Epoch': 9, 'name': 'mid_freq', 'HIT@5': '0.0000', 'NDCG@5': '0.0000', 'HIT@10': '0.0000', 'NDCG@10': '0.0000', 'HIT@20': '0.0000', 'NDCG@20': '0.0000'}
{'Epoch': 9, 'name': 'low_freq', 'HIT@5': '0.0000', 'NDCG@5': '0.0000', 'HIT@10': '0.0000', 'NDCG@10': '0.0000', 'HIT@20': '0.0000', 'NDCG@20': '0.0000'}
{'Epoch': 9, 'name': 'all', 'HIT@5': '0.0105', 'NDCG@5': '0.0068', 'HIT@10': '0.0164', 'NDCG@10': '0.0088', 'HIT@20': '0.0264', 'NDCG@20': '0.0112'}
Validation score increased.  Saving model ...
rec dataset length: 186
100%|██████████████████████████████████████████████████████████████████████████████████████████████████████████████████████████████████████████████████| 186/186 [00:41<00:00,  4.44it/s]
{'epoch': 10, 'rec_avg_loss': '1.0804', 'joint_avg_loss': '1.3923', 'cl_avg_loss': '3.1192', 'itemcl_loss': '0.0000', 'cl_pair_0_loss': '3.1192'}
Recommendation EP_test:10: 100%|| 35/35 [00:08<00:00,  4.34it/s]
{'Epoch': 10, 'name': 'high_freq', 'HIT@5': '0.0157', 'NDCG@5': '0.0104', 'HIT@10': '0.0263', 'NDCG@10': '0.0138', 'HIT@20': '0.0426', 'NDCG@20': '0.0179'}
{'Epoch': 10, 'name': 'mid_freq', 'HIT@5': '0.0000', 'NDCG@5': '0.0000', 'HIT@10': '0.0000', 'NDCG@10': '0.0000', 'HIT@20': '0.0000', 'NDCG@20': '0.0000'}
{'Epoch': 10, 'name': 'low_freq', 'HIT@5': '0.0000', 'NDCG@5': '0.0000', 'HIT@10': '0.0000', 'NDCG@10': '0.0000', 'HIT@20': '0.0000', 'NDCG@20': '0.0000'}
{'Epoch': 10, 'name': 'all', 'HIT@5': '0.0107', 'NDCG@5': '0.0071', 'HIT@10': '0.0179', 'NDCG@10': '0.0094', 'HIT@20': '0.0290', 'NDCG@20': '0.0122'}
Validation score increased.  Saving model ...
rec dataset length: 186
100%|██████████████████████████████████████████████████████████████████████████████████████████████████████████████████████████████████████████████████| 186/186 [00:42<00:00,  4.43it/s]
{'epoch': 11, 'rec_avg_loss': '1.0637', 'joint_avg_loss': '1.3661', 'cl_avg_loss': '3.0244', 'itemcl_loss': '0.0000', 'cl_pair_0_loss': '3.0244'}
Recommendation EP_test:11: 100%|| 35/35 [00:08<00:00,  4.03it/s]
{'Epoch': 11, 'name': 'high_freq', 'HIT@5': '0.0177', 'NDCG@5': '0.0116', 'HIT@10': '0.0276', 'NDCG@10': '0.0148', 'HIT@20': '0.0467', 'NDCG@20': '0.0196'}
{'Epoch': 11, 'name': 'mid_freq', 'HIT@5': '0.0000', 'NDCG@5': '0.0000', 'HIT@10': '0.0000', 'NDCG@10': '0.0000', 'HIT@20': '0.0000', 'NDCG@20': '0.0000'}
{'Epoch': 11, 'name': 'low_freq', 'HIT@5': '0.0000', 'NDCG@5': '0.0000', 'HIT@10': '0.0000', 'NDCG@10': '0.0000', 'HIT@20': '0.0000', 'NDCG@20': '0.0000'}
{'Epoch': 11, 'name': 'all', 'HIT@5': '0.0121', 'NDCG@5': '0.0079', 'HIT@10': '0.0188', 'NDCG@10': '0.0101', 'HIT@20': '0.0318', 'NDCG@20': '0.0133'}
Validation score increased.  Saving model ...
rec dataset length: 186
100%|██████████████████████████████████████████████████████████████████████████████████████████████████████████████████████████████████████████████████| 186/186 [00:42<00:00,  4.41it/s]
{'epoch': 12, 'rec_avg_loss': '1.0467', 'joint_avg_loss': '1.3411', 'cl_avg_loss': '2.9434', 'itemcl_loss': '0.0000', 'cl_pair_0_loss': '2.9434'}
Recommendation EP_test:12: 100%|| 35/35 [00:08<00:00,  4.08it/s]
{'Epoch': 12, 'name': 'high_freq', 'HIT@5': '0.0187', 'NDCG@5': '0.0124', 'HIT@10': '0.0294', 'NDCG@10': '0.0158', 'HIT@20': '0.0489', 'NDCG@20': '0.0207'}
{'Epoch': 12, 'name': 'mid_freq', 'HIT@5': '0.0000', 'NDCG@5': '0.0000', 'HIT@10': '0.0000', 'NDCG@10': '0.0000', 'HIT@20': '0.0001', 'NDCG@20': '0.0000'}
{'Epoch': 12, 'name': 'low_freq', 'HIT@5': '0.0000', 'NDCG@5': '0.0000', 'HIT@10': '0.0000', 'NDCG@10': '0.0000', 'HIT@20': '0.0000', 'NDCG@20': '0.0000'}
{'Epoch': 12, 'name': 'all', 'HIT@5': '0.0127', 'NDCG@5': '0.0084', 'HIT@10': '0.0200', 'NDCG@10': '0.0108', 'HIT@20': '0.0333', 'NDCG@20': '0.0141'}
Validation score increased.  Saving model ...
rec dataset length: 186
100%|██████████████████████████████████████████████████████████████████████████████████████████████████████████████████████████████████████████████████| 186/186 [00:42<00:00,  4.42it/s]
{'epoch': 13, 'rec_avg_loss': '1.0302', 'joint_avg_loss': '1.3204', 'cl_avg_loss': '2.9029', 'itemcl_loss': '0.0000', 'cl_pair_0_loss': '2.9029'}
Recommendation EP_test:13: 100%|| 35/35 [00:08<00:00,  4.12it/s]
{'Epoch': 13, 'name': 'high_freq', 'HIT@5': '0.0196', 'NDCG@5': '0.0127', 'HIT@10': '0.0319', 'NDCG@10': '0.0167', 'HIT@20': '0.0534', 'NDCG@20': '0.0220'}
{'Epoch': 13, 'name': 'mid_freq', 'HIT@5': '0.0000', 'NDCG@5': '0.0000', 'HIT@10': '0.0000', 'NDCG@10': '0.0000', 'HIT@20': '0.0003', 'NDCG@20': '0.0001'}
{'Epoch': 13, 'name': 'low_freq', 'HIT@5': '0.0000', 'NDCG@5': '0.0000', 'HIT@10': '0.0000', 'NDCG@10': '0.0000', 'HIT@20': '0.0000', 'NDCG@20': '0.0000'}
{'Epoch': 13, 'name': 'all', 'HIT@5': '0.0133', 'NDCG@5': '0.0087', 'HIT@10': '0.0217', 'NDCG@10': '0.0113', 'HIT@20': '0.0364', 'NDCG@20': '0.0150'}
Validation score increased.  Saving model ...
rec dataset length: 186
100%|██████████████████████████████████████████████████████████████████████████████████████████████████████████████████████████████████████████████████| 186/186 [00:42<00:00,  4.43it/s]
{'epoch': 14, 'rec_avg_loss': '1.0128', 'joint_avg_loss': '1.2960', 'cl_avg_loss': '2.8327', 'itemcl_loss': '0.0000', 'cl_pair_0_loss': '2.8327'}
Recommendation EP_test:14: 100%|| 35/35 [00:08<00:00,  4.21it/s]
{'Epoch': 14, 'name': 'high_freq', 'HIT@5': '0.0203', 'NDCG@5': '0.0131', 'HIT@10': '0.0338', 'NDCG@10': '0.0175', 'HIT@20': '0.0562', 'NDCG@20': '0.0231'}
{'Epoch': 14, 'name': 'mid_freq', 'HIT@5': '0.0000', 'NDCG@5': '0.0000', 'HIT@10': '0.0001', 'NDCG@10': '0.0000', 'HIT@20': '0.0007', 'NDCG@20': '0.0002'}
{'Epoch': 14, 'name': 'low_freq', 'HIT@5': '0.0000', 'NDCG@5': '0.0000', 'HIT@10': '0.0000', 'NDCG@10': '0.0000', 'HIT@20': '0.0000', 'NDCG@20': '0.0000'}
{'Epoch': 14, 'name': 'all', 'HIT@5': '0.0138', 'NDCG@5': '0.0089', 'HIT@10': '0.0230', 'NDCG@10': '0.0119', 'HIT@20': '0.0384', 'NDCG@20': '0.0157'}
Validation score increased.  Saving model ...
rec dataset length: 186
100%|██████████████████████████████████████████████████████████████████████████████████████████████████████████████████████████████████████████████████| 186/186 [00:42<00:00,  4.40it/s]
{'epoch': 15, 'rec_avg_loss': '0.9951', 'joint_avg_loss': '1.2741', 'cl_avg_loss': '2.7897', 'itemcl_loss': '0.0000', 'cl_pair_0_loss': '2.7897'}
Recommendation EP_test:15: 100%|| 35/35 [00:08<00:00,  4.21it/s]
{'Epoch': 15, 'name': 'high_freq', 'HIT@5': '0.0211', 'NDCG@5': '0.0135', 'HIT@10': '0.0358', 'NDCG@10': '0.0182', 'HIT@20': '0.0593', 'NDCG@20': '0.0241'}
{'Epoch': 15, 'name': 'mid_freq', 'HIT@5': '0.0001', 'NDCG@5': '0.0001', 'HIT@10': '0.0003', 'NDCG@10': '0.0001', 'HIT@20': '0.0004', 'NDCG@20': '0.0001'}
{'Epoch': 15, 'name': 'low_freq', 'HIT@5': '0.0000', 'NDCG@5': '0.0000', 'HIT@10': '0.0000', 'NDCG@10': '0.0000', 'HIT@20': '0.0000', 'NDCG@20': '0.0000'}
{'Epoch': 15, 'name': 'all', 'HIT@5': '0.0144', 'NDCG@5': '0.0092', 'HIT@10': '0.0244', 'NDCG@10': '0.0124', 'HIT@20': '0.0404', 'NDCG@20': '0.0164'}
Validation score increased.  Saving model ...
rec dataset length: 186
100%|██████████████████████████████████████████████████████████████████████████████████████████████████████████████████████████████████████████████████| 186/186 [00:42<00:00,  4.40it/s]
{'epoch': 16, 'rec_avg_loss': '0.9802', 'joint_avg_loss': '1.2556', 'cl_avg_loss': '2.7540', 'itemcl_loss': '0.0000', 'cl_pair_0_loss': '2.7540'}
Recommendation EP_test:16: 100%|| 35/35 [00:08<00:00,  4.27it/s]
{'Epoch': 16, 'name': 'high_freq', 'HIT@5': '0.0222', 'NDCG@5': '0.0143', 'HIT@10': '0.0364', 'NDCG@10': '0.0188', 'HIT@20': '0.0618', 'NDCG@20': '0.0252'}
{'Epoch': 16, 'name': 'mid_freq', 'HIT@5': '0.0001', 'NDCG@5': '0.0001', 'HIT@10': '0.0006', 'NDCG@10': '0.0002', 'HIT@20': '0.0006', 'NDCG@20': '0.0002'}
{'Epoch': 16, 'name': 'low_freq', 'HIT@5': '0.0000', 'NDCG@5': '0.0000', 'HIT@10': '0.0000', 'NDCG@10': '0.0000', 'HIT@20': '0.0002', 'NDCG@20': '0.0001'}
{'Epoch': 16, 'name': 'all', 'HIT@5': '0.0151', 'NDCG@5': '0.0097', 'HIT@10': '0.0249', 'NDCG@10': '0.0128', 'HIT@20': '0.0422', 'NDCG@20': '0.0172'}
Validation score increased.  Saving model ...
rec dataset length: 186
100%|██████████████████████████████████████████████████████████████████████████████████████████████████████████████████████████████████████████████████| 186/186 [00:42<00:00,  4.42it/s]
{'epoch': 17, 'rec_avg_loss': '0.9667', 'joint_avg_loss': '1.2399', 'cl_avg_loss': '2.7322', 'itemcl_loss': '0.0000', 'cl_pair_0_loss': '2.7322'}
Recommendation EP_test:17: 100%|| 35/35 [00:08<00:00,  4.30it/s]
{'Epoch': 17, 'name': 'high_freq', 'HIT@5': '0.0229', 'NDCG@5': '0.0149', 'HIT@10': '0.0381', 'NDCG@10': '0.0198', 'HIT@20': '0.0646', 'NDCG@20': '0.0264'}
{'Epoch': 17, 'name': 'mid_freq', 'HIT@5': '0.0004', 'NDCG@5': '0.0002', 'HIT@10': '0.0006', 'NDCG@10': '0.0002', 'HIT@20': '0.0007', 'NDCG@20': '0.0003'}
{'Epoch': 17, 'name': 'low_freq', 'HIT@5': '0.0000', 'NDCG@5': '0.0000', 'HIT@10': '0.0000', 'NDCG@10': '0.0000', 'HIT@20': '0.0000', 'NDCG@20': '0.0000'}
{'Epoch': 17, 'name': 'all', 'HIT@5': '0.0157', 'NDCG@5': '0.0102', 'HIT@10': '0.0260', 'NDCG@10': '0.0135', 'HIT@20': '0.0441', 'NDCG@20': '0.0180'}
Validation score increased.  Saving model ...
rec dataset length: 186
100%|██████████████████████████████████████████████████████████████████████████████████████████████████████████████████████████████████████████████████| 186/186 [00:42<00:00,  4.42it/s]
{'epoch': 18, 'rec_avg_loss': '0.9552', 'joint_avg_loss': '1.2220', 'cl_avg_loss': '2.6682', 'itemcl_loss': '0.0000', 'cl_pair_0_loss': '2.6682'}
Recommendation EP_test:18: 100%|| 35/35 [00:08<00:00,  4.27it/s]
{'Epoch': 18, 'name': 'high_freq', 'HIT@5': '0.0233', 'NDCG@5': '0.0148', 'HIT@10': '0.0398', 'NDCG@10': '0.0201', 'HIT@20': '0.0660', 'NDCG@20': '0.0267'}
{'Epoch': 18, 'name': 'mid_freq', 'HIT@5': '0.0003', 'NDCG@5': '0.0002', 'HIT@10': '0.0003', 'NDCG@10': '0.0002', 'HIT@20': '0.0004', 'NDCG@20': '0.0003'}
{'Epoch': 18, 'name': 'low_freq', 'HIT@5': '0.0000', 'NDCG@5': '0.0000', 'HIT@10': '0.0000', 'NDCG@10': '0.0000', 'HIT@20': '0.0000', 'NDCG@20': '0.0000'}
{'Epoch': 18, 'name': 'all', 'HIT@5': '0.0159', 'NDCG@5': '0.0101', 'HIT@10': '0.0271', 'NDCG@10': '0.0137', 'HIT@20': '0.0450', 'NDCG@20': '0.0182'}
Validation score increased.  Saving model ...
rec dataset length: 186
100%|██████████████████████████████████████████████████████████████████████████████████████████████████████████████████████████████████████████████████| 186/186 [00:41<00:00,  4.43it/s]
{'epoch': 19, 'rec_avg_loss': '0.9411', 'joint_avg_loss': '1.2079', 'cl_avg_loss': '2.6676', 'itemcl_loss': '0.0000', 'cl_pair_0_loss': '2.6676'}
Recommendation EP_test:19: 100%|| 35/35 [00:08<00:00,  4.15it/s]
{'Epoch': 19, 'name': 'high_freq', 'HIT@5': '0.0253', 'NDCG@5': '0.0160', 'HIT@10': '0.0423', 'NDCG@10': '0.0215', 'HIT@20': '0.0694', 'NDCG@20': '0.0283'}
{'Epoch': 19, 'name': 'mid_freq', 'HIT@5': '0.0004', 'NDCG@5': '0.0003', 'HIT@10': '0.0006', 'NDCG@10': '0.0003', 'HIT@20': '0.0006', 'NDCG@20': '0.0003'}
{'Epoch': 19, 'name': 'low_freq', 'HIT@5': '0.0000', 'NDCG@5': '0.0000', 'HIT@10': '0.0000', 'NDCG@10': '0.0000', 'HIT@20': '0.0000', 'NDCG@20': '0.0000'}
{'Epoch': 19, 'name': 'all', 'HIT@5': '0.0173', 'NDCG@5': '0.0110', 'HIT@10': '0.0289', 'NDCG@10': '0.0147', 'HIT@20': '0.0473', 'NDCG@20': '0.0193'}
Validation score increased.  Saving model ...
rec dataset length: 186
100%|██████████████████████████████████████████████████████████████████████████████████████████████████████████████████████████████████████████████████| 186/186 [00:41<00:00,  4.44it/s]
{'epoch': 20, 'rec_avg_loss': '0.9282', 'joint_avg_loss': '1.1896', 'cl_avg_loss': '2.6134', 'itemcl_loss': '0.0000', 'cl_pair_0_loss': '2.6134'}
Recommendation EP_test:20: 100%|| 35/35 [00:08<00:00,  4.29it/s]
{'Epoch': 20, 'name': 'high_freq', 'HIT@5': '0.0249', 'NDCG@5': '0.0158', 'HIT@10': '0.0424', 'NDCG@10': '0.0214', 'HIT@20': '0.0693', 'NDCG@20': '0.0282'}
{'Epoch': 20, 'name': 'mid_freq', 'HIT@5': '0.0004', 'NDCG@5': '0.0003', 'HIT@10': '0.0004', 'NDCG@10': '0.0003', 'HIT@20': '0.0009', 'NDCG@20': '0.0004'}
{'Epoch': 20, 'name': 'low_freq', 'HIT@5': '0.0000', 'NDCG@5': '0.0000', 'HIT@10': '0.0000', 'NDCG@10': '0.0000', 'HIT@20': '0.0002', 'NDCG@20': '0.0001'}
{'Epoch': 20, 'name': 'all', 'HIT@5': '0.0171', 'NDCG@5': '0.0108', 'HIT@10': '0.0290', 'NDCG@10': '0.0146', 'HIT@20': '0.0473', 'NDCG@20': '0.0192'}
EarlyStopping counter: 1 out of 40
rec dataset length: 186
100%|██████████████████████████████████████████████████████████████████████████████████████████████████████████████████████████████████████████████████| 186/186 [00:42<00:00,  4.42it/s]
{'epoch': 21, 'rec_avg_loss': '0.9151', 'joint_avg_loss': '1.1727', 'cl_avg_loss': '2.5764', 'itemcl_loss': '0.0000', 'cl_pair_0_loss': '2.5764'}
Recommendation EP_test:21: 100%|| 35/35 [00:08<00:00,  4.33it/s]
{'Epoch': 21, 'name': 'high_freq', 'HIT@5': '0.0258', 'NDCG@5': '0.0163', 'HIT@10': '0.0428', 'NDCG@10': '0.0218', 'HIT@20': '0.0713', 'NDCG@20': '0.0289'}
{'Epoch': 21, 'name': 'mid_freq', 'HIT@5': '0.0003', 'NDCG@5': '0.0002', 'HIT@10': '0.0006', 'NDCG@10': '0.0003', 'HIT@20': '0.0010', 'NDCG@20': '0.0004'}
{'Epoch': 21, 'name': 'low_freq', 'HIT@5': '0.0002', 'NDCG@5': '0.0001', 'HIT@10': '0.0002', 'NDCG@10': '0.0001', 'HIT@20': '0.0002', 'NDCG@20': '0.0001'}
{'Epoch': 21, 'name': 'all', 'HIT@5': '0.0176', 'NDCG@5': '0.0111', 'HIT@10': '0.0293', 'NDCG@10': '0.0149', 'HIT@20': '0.0487', 'NDCG@20': '0.0198'}
Validation score increased.  Saving model ...
rec dataset length: 186
100%|██████████████████████████████████████████████████████████████████████████████████████████████████████████████████████████████████████████████████| 186/186 [00:42<00:00,  4.42it/s]
{'epoch': 22, 'rec_avg_loss': '0.9036', 'joint_avg_loss': '1.1575', 'cl_avg_loss': '2.5394', 'itemcl_loss': '0.0000', 'cl_pair_0_loss': '2.5394'}
Recommendation EP_test:22: 100%|| 35/35 [00:07<00:00,  4.45it/s]
{'Epoch': 22, 'name': 'high_freq', 'HIT@5': '0.0275', 'NDCG@5': '0.0173', 'HIT@10': '0.0458', 'NDCG@10': '0.0231', 'HIT@20': '0.0744', 'NDCG@20': '0.0303'}
{'Epoch': 22, 'name': 'mid_freq', 'HIT@5': '0.0001', 'NDCG@5': '0.0001', 'HIT@10': '0.0006', 'NDCG@10': '0.0003', 'HIT@20': '0.0009', 'NDCG@20': '0.0004'}
{'Epoch': 22, 'name': 'low_freq', 'HIT@5': '0.0000', 'NDCG@5': '0.0000', 'HIT@10': '0.0000', 'NDCG@10': '0.0000', 'HIT@20': '0.0002', 'NDCG@20': '0.0001'}
{'Epoch': 22, 'name': 'all', 'HIT@5': '0.0187', 'NDCG@5': '0.0118', 'HIT@10': '0.0312', 'NDCG@10': '0.0158', 'HIT@20': '0.0508', 'NDCG@20': '0.0207'}
Validation score increased.  Saving model ...
rec dataset length: 186
100%|██████████████████████████████████████████████████████████████████████████████████████████████████████████████████████████████████████████████████| 186/186 [00:42<00:00,  4.41it/s]
{'epoch': 23, 'rec_avg_loss': '0.8938', 'joint_avg_loss': '1.1480', 'cl_avg_loss': '2.5419', 'itemcl_loss': '0.0000', 'cl_pair_0_loss': '2.5419'}
Recommendation EP_test:23: 100%|| 35/35 [00:08<00:00,  4.23it/s]
{'Epoch': 23, 'name': 'high_freq', 'HIT@5': '0.0270', 'NDCG@5': '0.0171', 'HIT@10': '0.0450', 'NDCG@10': '0.0229', 'HIT@20': '0.0744', 'NDCG@20': '0.0302'}
{'Epoch': 23, 'name': 'mid_freq', 'HIT@5': '0.0001', 'NDCG@5': '0.0001', 'HIT@10': '0.0004', 'NDCG@10': '0.0002', 'HIT@20': '0.0010', 'NDCG@20': '0.0004'}
{'Epoch': 23, 'name': 'low_freq', 'HIT@5': '0.0000', 'NDCG@5': '0.0000', 'HIT@10': '0.0000', 'NDCG@10': '0.0000', 'HIT@20': '0.0002', 'NDCG@20': '0.0001'}
{'Epoch': 23, 'name': 'all', 'HIT@5': '0.0184', 'NDCG@5': '0.0117', 'HIT@10': '0.0307', 'NDCG@10': '0.0156', 'HIT@20': '0.0508', 'NDCG@20': '0.0207'}
EarlyStopping counter: 1 out of 40
rec dataset length: 186
100%|██████████████████████████████████████████████████████████████████████████████████████████████████████████████████████████████████████████████████| 186/186 [00:42<00:00,  4.43it/s]
{'epoch': 24, 'rec_avg_loss': '0.8823', 'joint_avg_loss': '1.1308', 'cl_avg_loss': '2.4859', 'itemcl_loss': '0.0000', 'cl_pair_0_loss': '2.4859'}
Recommendation EP_test:24: 100%|| 35/35 [00:07<00:00,  4.43it/s]
{'Epoch': 24, 'name': 'high_freq', 'HIT@5': '0.0275', 'NDCG@5': '0.0178', 'HIT@10': '0.0467', 'NDCG@10': '0.0240', 'HIT@20': '0.0758', 'NDCG@20': '0.0313'}
{'Epoch': 24, 'name': 'mid_freq', 'HIT@5': '0.0003', 'NDCG@5': '0.0002', 'HIT@10': '0.0004', 'NDCG@10': '0.0002', 'HIT@20': '0.0007', 'NDCG@20': '0.0003'}
{'Epoch': 24, 'name': 'low_freq', 'HIT@5': '0.0000', 'NDCG@5': '0.0000', 'HIT@10': '0.0000', 'NDCG@10': '0.0000', 'HIT@20': '0.0002', 'NDCG@20': '0.0001'}
{'Epoch': 24, 'name': 'all', 'HIT@5': '0.0188', 'NDCG@5': '0.0122', 'HIT@10': '0.0319', 'NDCG@10': '0.0164', 'HIT@20': '0.0517', 'NDCG@20': '0.0214'}
Validation score increased.  Saving model ...
rec dataset length: 186
100%|██████████████████████████████████████████████████████████████████████████████████████████████████████████████████████████████████████████████████| 186/186 [00:42<00:00,  4.43it/s]
{'epoch': 25, 'rec_avg_loss': '0.8731', 'joint_avg_loss': '1.1211', 'cl_avg_loss': '2.4798', 'itemcl_loss': '0.0000', 'cl_pair_0_loss': '2.4798'}
Recommendation EP_test:25: 100%|| 35/35 [00:08<00:00,  4.31it/s]
{'Epoch': 25, 'name': 'high_freq', 'HIT@5': '0.0278', 'NDCG@5': '0.0177', 'HIT@10': '0.0460', 'NDCG@10': '0.0235', 'HIT@20': '0.0756', 'NDCG@20': '0.0309'}
{'Epoch': 25, 'name': 'mid_freq', 'HIT@5': '0.0003', 'NDCG@5': '0.0002', 'HIT@10': '0.0003', 'NDCG@10': '0.0002', 'HIT@20': '0.0011', 'NDCG@20': '0.0004'}
{'Epoch': 25, 'name': 'low_freq', 'HIT@5': '0.0000', 'NDCG@5': '0.0000', 'HIT@10': '0.0000', 'NDCG@10': '0.0000', 'HIT@20': '0.0002', 'NDCG@20': '0.0001'}
{'Epoch': 25, 'name': 'all', 'HIT@5': '0.0190', 'NDCG@5': '0.0121', 'HIT@10': '0.0314', 'NDCG@10': '0.0160', 'HIT@20': '0.0517', 'NDCG@20': '0.0211'}
EarlyStopping counter: 1 out of 40
rec dataset length: 186
100%|██████████████████████████████████████████████████████████████████████████████████████████████████████████████████████████████████████████████████| 186/186 [00:41<00:00,  4.43it/s]
{'epoch': 26, 'rec_avg_loss': '0.8644', 'joint_avg_loss': '1.1071', 'cl_avg_loss': '2.4265', 'itemcl_loss': '0.0000', 'cl_pair_0_loss': '2.4265'}
Recommendation EP_test:26: 100%|| 35/35 [00:08<00:00,  4.29it/s]
{'Epoch': 26, 'name': 'high_freq', 'HIT@5': '0.0285', 'NDCG@5': '0.0181', 'HIT@10': '0.0492', 'NDCG@10': '0.0246', 'HIT@20': '0.0773', 'NDCG@20': '0.0317'}
{'Epoch': 26, 'name': 'mid_freq', 'HIT@5': '0.0003', 'NDCG@5': '0.0002', 'HIT@10': '0.0007', 'NDCG@10': '0.0003', 'HIT@20': '0.0013', 'NDCG@20': '0.0005'}
{'Epoch': 26, 'name': 'low_freq', 'HIT@5': '0.0000', 'NDCG@5': '0.0000', 'HIT@10': '0.0002', 'NDCG@10': '0.0001', 'HIT@20': '0.0002', 'NDCG@20': '0.0001'}
{'Epoch': 26, 'name': 'all', 'HIT@5': '0.0195', 'NDCG@5': '0.0123', 'HIT@10': '0.0336', 'NDCG@10': '0.0168', 'HIT@20': '0.0529', 'NDCG@20': '0.0217'}
Validation score increased.  Saving model ...
rec dataset length: 186
100%|██████████████████████████████████████████████████████████████████████████████████████████████████████████████████████████████████████████████████| 186/186 [00:41<00:00,  4.44it/s]
{'epoch': 27, 'rec_avg_loss': '0.8559', 'joint_avg_loss': '1.0976', 'cl_avg_loss': '2.4172', 'itemcl_loss': '0.0000', 'cl_pair_0_loss': '2.4172'}
Recommendation EP_test:27: 100%|| 35/35 [00:08<00:00,  4.29it/s]
{'Epoch': 27, 'name': 'high_freq', 'HIT@5': '0.0273', 'NDCG@5': '0.0176', 'HIT@10': '0.0493', 'NDCG@10': '0.0246', 'HIT@20': '0.0781', 'NDCG@20': '0.0318'}
{'Epoch': 27, 'name': 'mid_freq', 'HIT@5': '0.0004', 'NDCG@5': '0.0003', 'HIT@10': '0.0006', 'NDCG@10': '0.0003', 'HIT@20': '0.0010', 'NDCG@20': '0.0004'}
{'Epoch': 27, 'name': 'low_freq', 'HIT@5': '0.0000', 'NDCG@5': '0.0000', 'HIT@10': '0.0000', 'NDCG@10': '0.0000', 'HIT@20': '0.0000', 'NDCG@20': '0.0000'}
{'Epoch': 27, 'name': 'all', 'HIT@5': '0.0187', 'NDCG@5': '0.0120', 'HIT@10': '0.0337', 'NDCG@10': '0.0168', 'HIT@20': '0.0533', 'NDCG@20': '0.0217'}
Validation score increased.  Saving model ...
rec dataset length: 186
100%|██████████████████████████████████████████████████████████████████████████████████████████████████████████████████████████████████████████████████| 186/186 [00:42<00:00,  4.42it/s]
{'epoch': 28, 'rec_avg_loss': '0.8477', 'joint_avg_loss': '1.0874', 'cl_avg_loss': '2.3964', 'itemcl_loss': '0.0000', 'cl_pair_0_loss': '2.3964'}
Recommendation EP_test:28: 100%|| 35/35 [00:08<00:00,  4.34it/s]
{'Epoch': 28, 'name': 'high_freq', 'HIT@5': '0.0298', 'NDCG@5': '0.0188', 'HIT@10': '0.0497', 'NDCG@10': '0.0252', 'HIT@20': '0.0781', 'NDCG@20': '0.0323'}
{'Epoch': 28, 'name': 'mid_freq', 'HIT@5': '0.0004', 'NDCG@5': '0.0003', 'HIT@10': '0.0009', 'NDCG@10': '0.0004', 'HIT@20': '0.0013', 'NDCG@20': '0.0005'}
{'Epoch': 28, 'name': 'low_freq', 'HIT@5': '0.0000', 'NDCG@5': '0.0000', 'HIT@10': '0.0000', 'NDCG@10': '0.0000', 'HIT@20': '0.0000', 'NDCG@20': '0.0000'}
{'Epoch': 28, 'name': 'all', 'HIT@5': '0.0203', 'NDCG@5': '0.0129', 'HIT@10': '0.0340', 'NDCG@10': '0.0172', 'HIT@20': '0.0534', 'NDCG@20': '0.0221'}
Validation score increased.  Saving model ...
rec dataset length: 186
100%|██████████████████████████████████████████████████████████████████████████████████████████████████████████████████████████████████████████████████| 186/186 [00:42<00:00,  4.40it/s]
{'epoch': 29, 'rec_avg_loss': '0.8358', 'joint_avg_loss': '1.0762', 'cl_avg_loss': '2.4046', 'itemcl_loss': '0.0000', 'cl_pair_0_loss': '2.4046'}
Recommendation EP_test:29: 100%|| 35/35 [00:08<00:00,  4.30it/s]
{'Epoch': 29, 'name': 'high_freq', 'HIT@5': '0.0307', 'NDCG@5': '0.0193', 'HIT@10': '0.0498', 'NDCG@10': '0.0254', 'HIT@20': '0.0781', 'NDCG@20': '0.0325'}
{'Epoch': 29, 'name': 'mid_freq', 'HIT@5': '0.0004', 'NDCG@5': '0.0002', 'HIT@10': '0.0010', 'NDCG@10': '0.0004', 'HIT@20': '0.0014', 'NDCG@20': '0.0005'}
{'Epoch': 29, 'name': 'low_freq', 'HIT@5': '0.0000', 'NDCG@5': '0.0000', 'HIT@10': '0.0000', 'NDCG@10': '0.0000', 'HIT@20': '0.0002', 'NDCG@20': '0.0001'}
{'Epoch': 29, 'name': 'all', 'HIT@5': '0.0210', 'NDCG@5': '0.0132', 'HIT@10': '0.0341', 'NDCG@10': '0.0174', 'HIT@20': '0.0535', 'NDCG@20': '0.0222'}
Validation score increased.  Saving model ...
rec dataset length: 186
100%|██████████████████████████████████████████████████████████████████████████████████████████████████████████████████████████████████████████████████| 186/186 [00:42<00:00,  4.42it/s]
{'epoch': 30, 'rec_avg_loss': '0.8293', 'joint_avg_loss': '1.0654', 'cl_avg_loss': '2.3609', 'itemcl_loss': '0.0000', 'cl_pair_0_loss': '2.3609'}
Recommendation EP_test:30: 100%|| 35/35 [00:08<00:00,  4.32it/s]
{'Epoch': 30, 'name': 'high_freq', 'HIT@5': '0.0306', 'NDCG@5': '0.0192', 'HIT@10': '0.0498', 'NDCG@10': '0.0253', 'HIT@20': '0.0796', 'NDCG@20': '0.0328'}
{'Epoch': 30, 'name': 'mid_freq', 'HIT@5': '0.0003', 'NDCG@5': '0.0001', 'HIT@10': '0.0010', 'NDCG@10': '0.0003', 'HIT@20': '0.0016', 'NDCG@20': '0.0005'}
{'Epoch': 30, 'name': 'low_freq', 'HIT@5': '0.0002', 'NDCG@5': '0.0001', 'HIT@10': '0.0002', 'NDCG@10': '0.0001', 'HIT@20': '0.0002', 'NDCG@20': '0.0001'}
{'Epoch': 30, 'name': 'all', 'HIT@5': '0.0209', 'NDCG@5': '0.0131', 'HIT@10': '0.0341', 'NDCG@10': '0.0173', 'HIT@20': '0.0545', 'NDCG@20': '0.0224'}
Validation score increased.  Saving model ...
rec dataset length: 186
100%|██████████████████████████████████████████████████████████████████████████████████████████████████████████████████████████████████████████████████| 186/186 [00:42<00:00,  4.42it/s]
{'epoch': 31, 'rec_avg_loss': '0.8214', 'joint_avg_loss': '1.0529', 'cl_avg_loss': '2.3148', 'itemcl_loss': '0.0000', 'cl_pair_0_loss': '2.3148'}
Recommendation EP_test:31: 100%|| 35/35 [00:08<00:00,  4.21it/s]
{'Epoch': 31, 'name': 'high_freq', 'HIT@5': '0.0308', 'NDCG@5': '0.0193', 'HIT@10': '0.0513', 'NDCG@10': '0.0259', 'HIT@20': '0.0811', 'NDCG@20': '0.0334'}
{'Epoch': 31, 'name': 'mid_freq', 'HIT@5': '0.0007', 'NDCG@5': '0.0004', 'HIT@10': '0.0013', 'NDCG@10': '0.0005', 'HIT@20': '0.0016', 'NDCG@20': '0.0006'}
{'Epoch': 31, 'name': 'low_freq', 'HIT@5': '0.0002', 'NDCG@5': '0.0001', 'HIT@10': '0.0002', 'NDCG@10': '0.0001', 'HIT@20': '0.0002', 'NDCG@20': '0.0001'}
{'Epoch': 31, 'name': 'all', 'HIT@5': '0.0212', 'NDCG@5': '0.0132', 'HIT@10': '0.0352', 'NDCG@10': '0.0178', 'HIT@20': '0.0555', 'NDCG@20': '0.0229'}
Validation score increased.  Saving model ...
rec dataset length: 186
100%|██████████████████████████████████████████████████████████████████████████████████████████████████████████████████████████████████████████████████| 186/186 [00:42<00:00,  4.40it/s]
{'epoch': 32, 'rec_avg_loss': '0.8132', 'joint_avg_loss': '1.0453', 'cl_avg_loss': '2.3207', 'itemcl_loss': '0.0000', 'cl_pair_0_loss': '2.3207'}
Recommendation EP_test:32: 100%|| 35/35 [00:07<00:00,  4.40it/s]
{'Epoch': 32, 'name': 'high_freq', 'HIT@5': '0.0311', 'NDCG@5': '0.0197', 'HIT@10': '0.0524', 'NDCG@10': '0.0264', 'HIT@20': '0.0827', 'NDCG@20': '0.0341'}
{'Epoch': 32, 'name': 'mid_freq', 'HIT@5': '0.0004', 'NDCG@5': '0.0002', 'HIT@10': '0.0009', 'NDCG@10': '0.0003', 'HIT@20': '0.0014', 'NDCG@20': '0.0005'}
{'Epoch': 32, 'name': 'low_freq', 'HIT@5': '0.0002', 'NDCG@5': '0.0001', 'HIT@10': '0.0002', 'NDCG@10': '0.0001', 'HIT@20': '0.0005', 'NDCG@20': '0.0002'}
{'Epoch': 32, 'name': 'all', 'HIT@5': '0.0212', 'NDCG@5': '0.0134', 'HIT@10': '0.0358', 'NDCG@10': '0.0181', 'HIT@20': '0.0566', 'NDCG@20': '0.0233'}
Validation score increased.  Saving model ...
rec dataset length: 186
100%|██████████████████████████████████████████████████████████████████████████████████████████████████████████████████████████████████████████████████| 186/186 [00:42<00:00,  4.41it/s]
{'epoch': 33, 'rec_avg_loss': '0.8076', 'joint_avg_loss': '1.0384', 'cl_avg_loss': '2.3084', 'itemcl_loss': '0.0000', 'cl_pair_0_loss': '2.3084'}
Recommendation EP_test:33: 100%|| 35/35 [00:08<00:00,  4.32it/s]
{'Epoch': 33, 'name': 'high_freq', 'HIT@5': '0.0316', 'NDCG@5': '0.0198', 'HIT@10': '0.0508', 'NDCG@10': '0.0259', 'HIT@20': '0.0812', 'NDCG@20': '0.0335'}
{'Epoch': 33, 'name': 'mid_freq', 'HIT@5': '0.0006', 'NDCG@5': '0.0004', 'HIT@10': '0.0013', 'NDCG@10': '0.0006', 'HIT@20': '0.0023', 'NDCG@20': '0.0009'}
{'Epoch': 33, 'name': 'low_freq', 'HIT@5': '0.0002', 'NDCG@5': '0.0001', 'HIT@10': '0.0002', 'NDCG@10': '0.0001', 'HIT@20': '0.0002', 'NDCG@20': '0.0001'}
{'Epoch': 33, 'name': 'all', 'HIT@5': '0.0217', 'NDCG@5': '0.0135', 'HIT@10': '0.0348', 'NDCG@10': '0.0177', 'HIT@20': '0.0557', 'NDCG@20': '0.0230'}
EarlyStopping counter: 1 out of 40
rec dataset length: 186
100%|██████████████████████████████████████████████████████████████████████████████████████████████████████████████████████████████████████████████████| 186/186 [00:42<00:00,  4.41it/s]
{'epoch': 34, 'rec_avg_loss': '0.7995', 'joint_avg_loss': '1.0279', 'cl_avg_loss': '2.2843', 'itemcl_loss': '0.0000', 'cl_pair_0_loss': '2.2843'}
Recommendation EP_test:34: 100%|| 35/35 [00:07<00:00,  4.42it/s]
{'Epoch': 34, 'name': 'high_freq', 'HIT@5': '0.0323', 'NDCG@5': '0.0199', 'HIT@10': '0.0506', 'NDCG@10': '0.0258', 'HIT@20': '0.0818', 'NDCG@20': '0.0336'}
{'Epoch': 34, 'name': 'mid_freq', 'HIT@5': '0.0007', 'NDCG@5': '0.0004', 'HIT@10': '0.0011', 'NDCG@10': '0.0005', 'HIT@20': '0.0020', 'NDCG@20': '0.0007'}
{'Epoch': 34, 'name': 'low_freq', 'HIT@5': '0.0000', 'NDCG@5': '0.0000', 'HIT@10': '0.0002', 'NDCG@10': '0.0001', 'HIT@20': '0.0002', 'NDCG@20': '0.0001'}
{'Epoch': 34, 'name': 'all', 'HIT@5': '0.0221', 'NDCG@5': '0.0136', 'HIT@10': '0.0347', 'NDCG@10': '0.0177', 'HIT@20': '0.0560', 'NDCG@20': '0.0230'}
EarlyStopping counter: 2 out of 40
rec dataset length: 186
100%|██████████████████████████████████████████████████████████████████████████████████████████████████████████████████████████████████████████████████| 186/186 [00:42<00:00,  4.42it/s]
{'epoch': 35, 'rec_avg_loss': '0.7942', 'joint_avg_loss': '1.0234', 'cl_avg_loss': '2.2915', 'itemcl_loss': '0.0000', 'cl_pair_0_loss': '2.2915'}
Recommendation EP_test:35: 100%|| 35/35 [00:07<00:00,  4.42it/s]
{'Epoch': 35, 'name': 'high_freq', 'HIT@5': '0.0315', 'NDCG@5': '0.0197', 'HIT@10': '0.0524', 'NDCG@10': '0.0264', 'HIT@20': '0.0846', 'NDCG@20': '0.0345'}
{'Epoch': 35, 'name': 'mid_freq', 'HIT@5': '0.0007', 'NDCG@5': '0.0004', 'HIT@10': '0.0014', 'NDCG@10': '0.0006', 'HIT@20': '0.0022', 'NDCG@20': '0.0008'}
{'Epoch': 35, 'name': 'low_freq', 'HIT@5': '0.0002', 'NDCG@5': '0.0002', 'HIT@10': '0.0005', 'NDCG@10': '0.0003', 'HIT@20': '0.0005', 'NDCG@20': '0.0003'}
{'Epoch': 35, 'name': 'all', 'HIT@5': '0.0216', 'NDCG@5': '0.0135', 'HIT@10': '0.0360', 'NDCG@10': '0.0181', 'HIT@20': '0.0580', 'NDCG@20': '0.0237'}
Validation score increased.  Saving model ...
rec dataset length: 186
100%|██████████████████████████████████████████████████████████████████████████████████████████████████████████████████████████████████████████████████| 186/186 [00:41<00:00,  4.44it/s]
{'epoch': 36, 'rec_avg_loss': '0.7866', 'joint_avg_loss': '1.0114', 'cl_avg_loss': '2.2479', 'itemcl_loss': '0.0000', 'cl_pair_0_loss': '2.2479'}
Recommendation EP_test:36: 100%|| 35/35 [00:08<00:00,  4.34it/s]
{'Epoch': 36, 'name': 'high_freq', 'HIT@5': '0.0317', 'NDCG@5': '0.0194', 'HIT@10': '0.0537', 'NDCG@10': '0.0264', 'HIT@20': '0.0857', 'NDCG@20': '0.0345'}
{'Epoch': 36, 'name': 'mid_freq', 'HIT@5': '0.0010', 'NDCG@5': '0.0006', 'HIT@10': '0.0019', 'NDCG@10': '0.0009', 'HIT@20': '0.0029', 'NDCG@20': '0.0011'}
{'Epoch': 36, 'name': 'low_freq', 'HIT@5': '0.0005', 'NDCG@5': '0.0002', 'HIT@10': '0.0005', 'NDCG@10': '0.0002', 'HIT@20': '0.0007', 'NDCG@20': '0.0003'}
{'Epoch': 36, 'name': 'all', 'HIT@5': '0.0218', 'NDCG@5': '0.0133', 'HIT@10': '0.0369', 'NDCG@10': '0.0182', 'HIT@20': '0.0589', 'NDCG@20': '0.0237'}
Validation score increased.  Saving model ...
rec dataset length: 186
100%|██████████████████████████████████████████████████████████████████████████████████████████████████████████████████████████████████████████████████| 186/186 [00:41<00:00,  4.44it/s]
{'epoch': 37, 'rec_avg_loss': '0.7769', 'joint_avg_loss': '1.0024', 'cl_avg_loss': '2.2554', 'itemcl_loss': '0.0000', 'cl_pair_0_loss': '2.2554'}
Recommendation EP_test:37: 100%|| 35/35 [00:07<00:00,  4.45it/s]
{'Epoch': 37, 'name': 'high_freq', 'HIT@5': '0.0320', 'NDCG@5': '0.0199', 'HIT@10': '0.0549', 'NDCG@10': '0.0272', 'HIT@20': '0.0873', 'NDCG@20': '0.0354'}
{'Epoch': 37, 'name': 'mid_freq', 'HIT@5': '0.0007', 'NDCG@5': '0.0004', 'HIT@10': '0.0016', 'NDCG@10': '0.0007', 'HIT@20': '0.0022', 'NDCG@20': '0.0008'}
{'Epoch': 37, 'name': 'low_freq', 'HIT@5': '0.0000', 'NDCG@5': '0.0000', 'HIT@10': '0.0002', 'NDCG@10': '0.0001', 'HIT@20': '0.0005', 'NDCG@20': '0.0001'}
{'Epoch': 37, 'name': 'all', 'HIT@5': '0.0219', 'NDCG@5': '0.0136', 'HIT@10': '0.0377', 'NDCG@10': '0.0186', 'HIT@20': '0.0598', 'NDCG@20': '0.0242'}
Validation score increased.  Saving model ...
rec dataset length: 186
100%|██████████████████████████████████████████████████████████████████████████████████████████████████████████████████████████████████████████████████| 186/186 [00:41<00:00,  4.43it/s]
{'epoch': 38, 'rec_avg_loss': '0.7707', 'joint_avg_loss': '0.9932', 'cl_avg_loss': '2.2257', 'itemcl_loss': '0.0000', 'cl_pair_0_loss': '2.2257'}
Recommendation EP_test:38: 100%|| 35/35 [00:07<00:00,  4.45it/s]
{'Epoch': 38, 'name': 'high_freq', 'HIT@5': '0.0318', 'NDCG@5': '0.0199', 'HIT@10': '0.0538', 'NDCG@10': '0.0270', 'HIT@20': '0.0869', 'NDCG@20': '0.0353'}
{'Epoch': 38, 'name': 'mid_freq', 'HIT@5': '0.0007', 'NDCG@5': '0.0004', 'HIT@10': '0.0014', 'NDCG@10': '0.0006', 'HIT@20': '0.0023', 'NDCG@20': '0.0008'}
{'Epoch': 38, 'name': 'low_freq', 'HIT@5': '0.0000', 'NDCG@5': '0.0000', 'HIT@10': '0.0002', 'NDCG@10': '0.0001', 'HIT@20': '0.0009', 'NDCG@20': '0.0002'}
{'Epoch': 38, 'name': 'all', 'HIT@5': '0.0218', 'NDCG@5': '0.0136', 'HIT@10': '0.0369', 'NDCG@10': '0.0185', 'HIT@20': '0.0597', 'NDCG@20': '0.0242'}
EarlyStopping counter: 1 out of 40
rec dataset length: 186
100%|██████████████████████████████████████████████████████████████████████████████████████████████████████████████████████████████████████████████████| 186/186 [00:42<00:00,  4.42it/s]
{'epoch': 39, 'rec_avg_loss': '0.7662', 'joint_avg_loss': '0.9883', 'cl_avg_loss': '2.2215', 'itemcl_loss': '0.0000', 'cl_pair_0_loss': '2.2215'}
Recommendation EP_test:39: 100%|| 35/35 [00:07<00:00,  4.53it/s]
{'Epoch': 39, 'name': 'high_freq', 'HIT@5': '0.0339', 'NDCG@5': '0.0212', 'HIT@10': '0.0555', 'NDCG@10': '0.0281', 'HIT@20': '0.0893', 'NDCG@20': '0.0366'}
{'Epoch': 39, 'name': 'mid_freq', 'HIT@5': '0.0010', 'NDCG@5': '0.0005', 'HIT@10': '0.0016', 'NDCG@10': '0.0007', 'HIT@20': '0.0022', 'NDCG@20': '0.0009'}
{'Epoch': 39, 'name': 'low_freq', 'HIT@5': '0.0000', 'NDCG@5': '0.0000', 'HIT@10': '0.0005', 'NDCG@10': '0.0002', 'HIT@20': '0.0007', 'NDCG@20': '0.0002'}
{'Epoch': 39, 'name': 'all', 'HIT@5': '0.0233', 'NDCG@5': '0.0145', 'HIT@10': '0.0381', 'NDCG@10': '0.0193', 'HIT@20': '0.0613', 'NDCG@20': '0.0251'}
Validation score increased.  Saving model ...
rec dataset length: 186
100%|██████████████████████████████████████████████████████████████████████████████████████████████████████████████████████████████████████████████████| 186/186 [00:42<00:00,  4.42it/s]
{'epoch': 40, 'rec_avg_loss': '0.7590', 'joint_avg_loss': '0.9777', 'cl_avg_loss': '2.1864', 'itemcl_loss': '0.0000', 'cl_pair_0_loss': '2.1864'}
Recommendation EP_test:40: 100%|| 35/35 [00:07<00:00,  4.44it/s]
{'Epoch': 40, 'name': 'high_freq', 'HIT@5': '0.0336', 'NDCG@5': '0.0210', 'HIT@10': '0.0554', 'NDCG@10': '0.0280', 'HIT@20': '0.0882', 'NDCG@20': '0.0362'}
{'Epoch': 40, 'name': 'mid_freq', 'HIT@5': '0.0007', 'NDCG@5': '0.0004', 'HIT@10': '0.0019', 'NDCG@10': '0.0008', 'HIT@20': '0.0030', 'NDCG@20': '0.0011'}
{'Epoch': 40, 'name': 'low_freq', 'HIT@5': '0.0002', 'NDCG@5': '0.0001', 'HIT@10': '0.0002', 'NDCG@10': '0.0001', 'HIT@20': '0.0005', 'NDCG@20': '0.0001'}
{'Epoch': 40, 'name': 'all', 'HIT@5': '0.0230', 'NDCG@5': '0.0144', 'HIT@10': '0.0381', 'NDCG@10': '0.0192', 'HIT@20': '0.0607', 'NDCG@20': '0.0249'}
EarlyStopping counter: 1 out of 40
rec dataset length: 186
100%|██████████████████████████████████████████████████████████████████████████████████████████████████████████████████████████████████████████████████| 186/186 [00:41<00:00,  4.44it/s]
{'epoch': 41, 'rec_avg_loss': '0.7549', 'joint_avg_loss': '0.9715', 'cl_avg_loss': '2.1659', 'itemcl_loss': '0.0000', 'cl_pair_0_loss': '2.1659'}
Recommendation EP_test:41: 100%|| 35/35 [00:07<00:00,  4.43it/s]
{'Epoch': 41, 'name': 'high_freq', 'HIT@5': '0.0337', 'NDCG@5': '0.0207', 'HIT@10': '0.0562', 'NDCG@10': '0.0279', 'HIT@20': '0.0891', 'NDCG@20': '0.0362'}
{'Epoch': 41, 'name': 'mid_freq', 'HIT@5': '0.0009', 'NDCG@5': '0.0005', 'HIT@10': '0.0019', 'NDCG@10': '0.0008', 'HIT@20': '0.0033', 'NDCG@20': '0.0012'}
{'Epoch': 41, 'name': 'low_freq', 'HIT@5': '0.0002', 'NDCG@5': '0.0001', 'HIT@10': '0.0005', 'NDCG@10': '0.0002', 'HIT@20': '0.0007', 'NDCG@20': '0.0002'}
{'Epoch': 41, 'name': 'all', 'HIT@5': '0.0231', 'NDCG@5': '0.0142', 'HIT@10': '0.0387', 'NDCG@10': '0.0192', 'HIT@20': '0.0613', 'NDCG@20': '0.0249'}
EarlyStopping counter: 2 out of 40
rec dataset length: 186
100%|██████████████████████████████████████████████████████████████████████████████████████████████████████████████████████████████████████████████████| 186/186 [00:41<00:00,  4.44it/s]
{'epoch': 42, 'rec_avg_loss': '0.7466', 'joint_avg_loss': '0.9596', 'cl_avg_loss': '2.1303', 'itemcl_loss': '0.0000', 'cl_pair_0_loss': '2.1303'}
Recommendation EP_test:42: 100%|| 35/35 [00:07<00:00,  4.39it/s]
{'Epoch': 42, 'name': 'high_freq', 'HIT@5': '0.0346', 'NDCG@5': '0.0216', 'HIT@10': '0.0564', 'NDCG@10': '0.0286', 'HIT@20': '0.0900', 'NDCG@20': '0.0371'}
{'Epoch': 42, 'name': 'mid_freq', 'HIT@5': '0.0010', 'NDCG@5': '0.0006', 'HIT@10': '0.0017', 'NDCG@10': '0.0008', 'HIT@20': '0.0030', 'NDCG@20': '0.0012'}
{'Epoch': 42, 'name': 'low_freq', 'HIT@5': '0.0002', 'NDCG@5': '0.0001', 'HIT@10': '0.0005', 'NDCG@10': '0.0002', 'HIT@20': '0.0007', 'NDCG@20': '0.0002'}
{'Epoch': 42, 'name': 'all', 'HIT@5': '0.0237', 'NDCG@5': '0.0148', 'HIT@10': '0.0388', 'NDCG@10': '0.0197', 'HIT@20': '0.0619', 'NDCG@20': '0.0255'}
Validation score increased.  Saving model ...
rec dataset length: 186
100%|██████████████████████████████████████████████████████████████████████████████████████████████████████████████████████████████████████████████████| 186/186 [00:42<00:00,  4.41it/s]
{'epoch': 43, 'rec_avg_loss': '0.7411', 'joint_avg_loss': '0.9596', 'cl_avg_loss': '2.1856', 'itemcl_loss': '0.0000', 'cl_pair_0_loss': '2.1856'}
Recommendation EP_test:43: 100%|| 35/35 [00:08<00:00,  4.37it/s]
{'Epoch': 43, 'name': 'high_freq', 'HIT@5': '0.0339', 'NDCG@5': '0.0211', 'HIT@10': '0.0564', 'NDCG@10': '0.0283', 'HIT@20': '0.0888', 'NDCG@20': '0.0364'}
{'Epoch': 43, 'name': 'mid_freq', 'HIT@5': '0.0006', 'NDCG@5': '0.0004', 'HIT@10': '0.0017', 'NDCG@10': '0.0007', 'HIT@20': '0.0027', 'NDCG@20': '0.0010'}
{'Epoch': 43, 'name': 'low_freq', 'HIT@5': '0.0000', 'NDCG@5': '0.0000', 'HIT@10': '0.0000', 'NDCG@10': '0.0000', 'HIT@20': '0.0007', 'NDCG@20': '0.0002'}
{'Epoch': 43, 'name': 'all', 'HIT@5': '0.0232', 'NDCG@5': '0.0144', 'HIT@10': '0.0387', 'NDCG@10': '0.0194', 'HIT@20': '0.0610', 'NDCG@20': '0.0250'}
EarlyStopping counter: 1 out of 40
rec dataset length: 186
100%|██████████████████████████████████████████████████████████████████████████████████████████████████████████████████████████████████████████████████| 186/186 [00:42<00:00,  4.40it/s]
{'epoch': 44, 'rec_avg_loss': '0.7390', 'joint_avg_loss': '0.9543', 'cl_avg_loss': '2.1533', 'itemcl_loss': '0.0000', 'cl_pair_0_loss': '2.1533'}
Recommendation EP_test:44: 100%|| 35/35 [00:08<00:00,  4.34it/s]
{'Epoch': 44, 'name': 'high_freq', 'HIT@5': '0.0346', 'NDCG@5': '0.0215', 'HIT@10': '0.0577', 'NDCG@10': '0.0289', 'HIT@20': '0.0907', 'NDCG@20': '0.0372'}
{'Epoch': 44, 'name': 'mid_freq', 'HIT@5': '0.0010', 'NDCG@5': '0.0006', 'HIT@10': '0.0019', 'NDCG@10': '0.0009', 'HIT@20': '0.0026', 'NDCG@20': '0.0011'}
{'Epoch': 44, 'name': 'low_freq', 'HIT@5': '0.0000', 'NDCG@5': '0.0000', 'HIT@10': '0.0002', 'NDCG@10': '0.0001', 'HIT@20': '0.0007', 'NDCG@20': '0.0002'}
{'Epoch': 44, 'name': 'all', 'HIT@5': '0.0237', 'NDCG@5': '0.0147', 'HIT@10': '0.0396', 'NDCG@10': '0.0198', 'HIT@20': '0.0623', 'NDCG@20': '0.0255'}
Validation score increased.  Saving model ...
rec dataset length: 186
100%|██████████████████████████████████████████████████████████████████████████████████████████████████████████████████████████████████████████████████| 186/186 [00:42<00:00,  4.42it/s]
{'epoch': 45, 'rec_avg_loss': '0.7341', 'joint_avg_loss': '0.9482', 'cl_avg_loss': '2.1413', 'itemcl_loss': '0.0000', 'cl_pair_0_loss': '2.1413'}
Recommendation EP_test:45: 100%|| 35/35 [00:07<00:00,  4.44it/s]
{'Epoch': 45, 'name': 'high_freq', 'HIT@5': '0.0357', 'NDCG@5': '0.0222', 'HIT@10': '0.0571', 'NDCG@10': '0.0291', 'HIT@20': '0.0931', 'NDCG@20': '0.0381'}
{'Epoch': 45, 'name': 'mid_freq', 'HIT@5': '0.0009', 'NDCG@5': '0.0006', 'HIT@10': '0.0017', 'NDCG@10': '0.0008', 'HIT@20': '0.0024', 'NDCG@20': '0.0010'}
{'Epoch': 45, 'name': 'low_freq', 'HIT@5': '0.0002', 'NDCG@5': '0.0001', 'HIT@10': '0.0002', 'NDCG@10': '0.0001', 'HIT@20': '0.0007', 'NDCG@20': '0.0002'}
{'Epoch': 45, 'name': 'all', 'HIT@5': '0.0245', 'NDCG@5': '0.0152', 'HIT@10': '0.0392', 'NDCG@10': '0.0200', 'HIT@20': '0.0639', 'NDCG@20': '0.0261'}
Validation score increased.  Saving model ...
rec dataset length: 186
100%|██████████████████████████████████████████████████████████████████████████████████████████████████████████████████████████████████████████████████| 186/186 [00:42<00:00,  4.41it/s]
{'epoch': 46, 'rec_avg_loss': '0.7241', 'joint_avg_loss': '0.9357', 'cl_avg_loss': '2.1155', 'itemcl_loss': '0.0000', 'cl_pair_0_loss': '2.1155'}
Recommendation EP_test:46: 100%|| 35/35 [00:07<00:00,  4.51it/s]
{'Epoch': 46, 'name': 'high_freq', 'HIT@5': '0.0357', 'NDCG@5': '0.0221', 'HIT@10': '0.0566', 'NDCG@10': '0.0288', 'HIT@20': '0.0908', 'NDCG@20': '0.0374'}
{'Epoch': 46, 'name': 'mid_freq', 'HIT@5': '0.0011', 'NDCG@5': '0.0007', 'HIT@10': '0.0020', 'NDCG@10': '0.0010', 'HIT@20': '0.0036', 'NDCG@20': '0.0014'}
{'Epoch': 46, 'name': 'low_freq', 'HIT@5': '0.0005', 'NDCG@5': '0.0002', 'HIT@10': '0.0005', 'NDCG@10': '0.0002', 'HIT@20': '0.0007', 'NDCG@20': '0.0003'}
{'Epoch': 46, 'name': 'all', 'HIT@5': '0.0246', 'NDCG@5': '0.0152', 'HIT@10': '0.0389', 'NDCG@10': '0.0198', 'HIT@20': '0.0626', 'NDCG@20': '0.0258'}
EarlyStopping counter: 1 out of 40
rec dataset length: 186
100%|██████████████████████████████████████████████████████████████████████████████████████████████████████████████████████████████████████████████████| 186/186 [00:42<00:00,  4.41it/s]
{'epoch': 47, 'rec_avg_loss': '0.7200', 'joint_avg_loss': '0.9312', 'cl_avg_loss': '2.1112', 'itemcl_loss': '0.0000', 'cl_pair_0_loss': '2.1112'}
Recommendation EP_test:47: 100%|| 35/35 [00:08<00:00,  4.36it/s]
{'Epoch': 47, 'name': 'high_freq', 'HIT@5': '0.0365', 'NDCG@5': '0.0226', 'HIT@10': '0.0594', 'NDCG@10': '0.0299', 'HIT@20': '0.0924', 'NDCG@20': '0.0383'}
{'Epoch': 47, 'name': 'mid_freq', 'HIT@5': '0.0011', 'NDCG@5': '0.0007', 'HIT@10': '0.0019', 'NDCG@10': '0.0009', 'HIT@20': '0.0033', 'NDCG@20': '0.0013'}
{'Epoch': 47, 'name': 'low_freq', 'HIT@5': '0.0002', 'NDCG@5': '0.0001', 'HIT@10': '0.0005', 'NDCG@10': '0.0002', 'HIT@20': '0.0009', 'NDCG@20': '0.0003'}
{'Epoch': 47, 'name': 'all', 'HIT@5': '0.0251', 'NDCG@5': '0.0155', 'HIT@10': '0.0408', 'NDCG@10': '0.0206', 'HIT@20': '0.0636', 'NDCG@20': '0.0263'}
Validation score increased.  Saving model ...
rec dataset length: 186
100%|██████████████████████████████████████████████████████████████████████████████████████████████████████████████████████████████████████████████████| 186/186 [00:41<00:00,  4.43it/s]
{'epoch': 48, 'rec_avg_loss': '0.7148', 'joint_avg_loss': '0.9236', 'cl_avg_loss': '2.0887', 'itemcl_loss': '0.0000', 'cl_pair_0_loss': '2.0887'}
Recommendation EP_test:48: 100%|| 35/35 [00:07<00:00,  4.39it/s]
{'Epoch': 48, 'name': 'high_freq', 'HIT@5': '0.0353', 'NDCG@5': '0.0225', 'HIT@10': '0.0579', 'NDCG@10': '0.0298', 'HIT@20': '0.0918', 'NDCG@20': '0.0383'}
{'Epoch': 48, 'name': 'mid_freq', 'HIT@5': '0.0009', 'NDCG@5': '0.0006', 'HIT@10': '0.0019', 'NDCG@10': '0.0010', 'HIT@20': '0.0039', 'NDCG@20': '0.0015'}
{'Epoch': 48, 'name': 'low_freq', 'HIT@5': '0.0005', 'NDCG@5': '0.0002', 'HIT@10': '0.0005', 'NDCG@10': '0.0002', 'HIT@20': '0.0007', 'NDCG@20': '0.0003'}
{'Epoch': 48, 'name': 'all', 'HIT@5': '0.0242', 'NDCG@5': '0.0155', 'HIT@10': '0.0398', 'NDCG@10': '0.0205', 'HIT@20': '0.0633', 'NDCG@20': '0.0264'}
Validation score increased.  Saving model ...
rec dataset length: 186
100%|██████████████████████████████████████████████████████████████████████████████████████████████████████████████████████████████████████████████████| 186/186 [00:42<00:00,  4.40it/s]
{'epoch': 49, 'rec_avg_loss': '0.7108', 'joint_avg_loss': '0.9200', 'cl_avg_loss': '2.0915', 'itemcl_loss': '0.0000', 'cl_pair_0_loss': '2.0915'}
Recommendation EP_test:49: 100%|| 35/35 [00:08<00:00,  4.37it/s]
{'Epoch': 49, 'name': 'high_freq', 'HIT@5': '0.0352', 'NDCG@5': '0.0222', 'HIT@10': '0.0589', 'NDCG@10': '0.0298', 'HIT@20': '0.0918', 'NDCG@20': '0.0381'}
{'Epoch': 49, 'name': 'mid_freq', 'HIT@5': '0.0010', 'NDCG@5': '0.0007', 'HIT@10': '0.0022', 'NDCG@10': '0.0011', 'HIT@20': '0.0034', 'NDCG@20': '0.0014'}
{'Epoch': 49, 'name': 'low_freq', 'HIT@5': '0.0002', 'NDCG@5': '0.0001', 'HIT@10': '0.0002', 'NDCG@10': '0.0001', 'HIT@20': '0.0011', 'NDCG@20': '0.0003'}
{'Epoch': 49, 'name': 'all', 'HIT@5': '0.0242', 'NDCG@5': '0.0152', 'HIT@10': '0.0405', 'NDCG@10': '0.0205', 'HIT@20': '0.0633', 'NDCG@20': '0.0262'}
EarlyStopping counter: 1 out of 40
rec dataset length: 186
100%|██████████████████████████████████████████████████████████████████████████████████████████████████████████████████████████████████████████████████| 186/186 [00:42<00:00,  4.40it/s]
{'epoch': 50, 'rec_avg_loss': '0.7064', 'joint_avg_loss': '0.9142', 'cl_avg_loss': '2.0785', 'itemcl_loss': '0.0000', 'cl_pair_0_loss': '2.0785'}
Recommendation EP_test:50: 100%|| 35/35 [00:07<00:00,  4.40it/s]
{'Epoch': 50, 'name': 'high_freq', 'HIT@5': '0.0364', 'NDCG@5': '0.0231', 'HIT@10': '0.0596', 'NDCG@10': '0.0306', 'HIT@20': '0.0942', 'NDCG@20': '0.0393'}
{'Epoch': 50, 'name': 'mid_freq', 'HIT@5': '0.0010', 'NDCG@5': '0.0007', 'HIT@10': '0.0026', 'NDCG@10': '0.0012', 'HIT@20': '0.0043', 'NDCG@20': '0.0016'}
{'Epoch': 50, 'name': 'low_freq', 'HIT@5': '0.0005', 'NDCG@5': '0.0003', 'HIT@10': '0.0009', 'NDCG@10': '0.0004', 'HIT@20': '0.0011', 'NDCG@20': '0.0005'}
{'Epoch': 50, 'name': 'all', 'HIT@5': '0.0250', 'NDCG@5': '0.0159', 'HIT@10': '0.0412', 'NDCG@10': '0.0211', 'HIT@20': '0.0651', 'NDCG@20': '0.0271'}
Validation score increased.  Saving model ...
rec dataset length: 186
100%|██████████████████████████████████████████████████████████████████████████████████████████████████████████████████████████████████████████████████| 186/186 [00:42<00:00,  4.42it/s]
{'epoch': 51, 'rec_avg_loss': '0.7037', 'joint_avg_loss': '0.9094', 'cl_avg_loss': '2.0576', 'itemcl_loss': '0.0000', 'cl_pair_0_loss': '2.0576'}
Recommendation EP_test:51: 100%|| 35/35 [00:08<00:00,  4.32it/s]
{'Epoch': 51, 'name': 'high_freq', 'HIT@5': '0.0378', 'NDCG@5': '0.0242', 'HIT@10': '0.0613', 'NDCG@10': '0.0317', 'HIT@20': '0.0953', 'NDCG@20': '0.0402'}
{'Epoch': 51, 'name': 'mid_freq', 'HIT@5': '0.0013', 'NDCG@5': '0.0008', 'HIT@10': '0.0023', 'NDCG@10': '0.0011', 'HIT@20': '0.0047', 'NDCG@20': '0.0017'}
{'Epoch': 51, 'name': 'low_freq', 'HIT@5': '0.0007', 'NDCG@5': '0.0004', 'HIT@10': '0.0007', 'NDCG@10': '0.0004', 'HIT@20': '0.0016', 'NDCG@20': '0.0006'}
{'Epoch': 51, 'name': 'all', 'HIT@5': '0.0260', 'NDCG@5': '0.0167', 'HIT@10': '0.0422', 'NDCG@10': '0.0218', 'HIT@20': '0.0659', 'NDCG@20': '0.0278'}
Validation score increased.  Saving model ...
rec dataset length: 186
100%|██████████████████████████████████████████████████████████████████████████████████████████████████████████████████████████████████████████████████| 186/186 [00:42<00:00,  4.39it/s]
{'epoch': 52, 'rec_avg_loss': '0.6969', 'joint_avg_loss': '0.9025', 'cl_avg_loss': '2.0567', 'itemcl_loss': '0.0000', 'cl_pair_0_loss': '2.0567'}
Recommendation EP_test:52: 100%|| 35/35 [00:07<00:00,  4.49it/s]
{'Epoch': 52, 'name': 'high_freq', 'HIT@5': '0.0373', 'NDCG@5': '0.0236', 'HIT@10': '0.0607', 'NDCG@10': '0.0311', 'HIT@20': '0.0960', 'NDCG@20': '0.0400'}
{'Epoch': 52, 'name': 'mid_freq', 'HIT@5': '0.0013', 'NDCG@5': '0.0009', 'HIT@10': '0.0023', 'NDCG@10': '0.0012', 'HIT@20': '0.0046', 'NDCG@20': '0.0018'}
{'Epoch': 52, 'name': 'low_freq', 'HIT@5': '0.0009', 'NDCG@5': '0.0004', 'HIT@10': '0.0011', 'NDCG@10': '0.0005', 'HIT@20': '0.0016', 'NDCG@20': '0.0006'}
{'Epoch': 52, 'name': 'all', 'HIT@5': '0.0258', 'NDCG@5': '0.0163', 'HIT@10': '0.0419', 'NDCG@10': '0.0215', 'HIT@20': '0.0664', 'NDCG@20': '0.0277'}
EarlyStopping counter: 1 out of 40
rec dataset length: 186
100%|██████████████████████████████████████████████████████████████████████████████████████████████████████████████████████████████████████████████████| 186/186 [00:42<00:00,  4.41it/s]
{'epoch': 53, 'rec_avg_loss': '0.6942', 'joint_avg_loss': '0.8985', 'cl_avg_loss': '2.0434', 'itemcl_loss': '0.0000', 'cl_pair_0_loss': '2.0434'}
Recommendation EP_test:53: 100%|| 35/35 [00:07<00:00,  4.43it/s]
{'Epoch': 53, 'name': 'high_freq', 'HIT@5': '0.0366', 'NDCG@5': '0.0233', 'HIT@10': '0.0614', 'NDCG@10': '0.0313', 'HIT@20': '0.0957', 'NDCG@20': '0.0399'}
{'Epoch': 53, 'name': 'mid_freq', 'HIT@5': '0.0013', 'NDCG@5': '0.0008', 'HIT@10': '0.0022', 'NDCG@10': '0.0010', 'HIT@20': '0.0042', 'NDCG@20': '0.0016'}
{'Epoch': 53, 'name': 'low_freq', 'HIT@5': '0.0002', 'NDCG@5': '0.0001', 'HIT@10': '0.0011', 'NDCG@10': '0.0005', 'HIT@20': '0.0014', 'NDCG@20': '0.0005'}
{'Epoch': 53, 'name': 'all', 'HIT@5': '0.0252', 'NDCG@5': '0.0161', 'HIT@10': '0.0423', 'NDCG@10': '0.0216', 'HIT@20': '0.0661', 'NDCG@20': '0.0275'}
EarlyStopping counter: 2 out of 40
rec dataset length: 186
100%|██████████████████████████████████████████████████████████████████████████████████████████████████████████████████████████████████████████████████| 186/186 [00:42<00:00,  4.40it/s]
{'epoch': 54, 'rec_avg_loss': '0.6882', 'joint_avg_loss': '0.8920', 'cl_avg_loss': '2.0385', 'itemcl_loss': '0.0000', 'cl_pair_0_loss': '2.0385'}
Recommendation EP_test:54: 100%|| 35/35 [00:07<00:00,  4.38it/s]
{'Epoch': 54, 'name': 'high_freq', 'HIT@5': '0.0378', 'NDCG@5': '0.0238', 'HIT@10': '0.0618', 'NDCG@10': '0.0315', 'HIT@20': '0.0950', 'NDCG@20': '0.0399'}
{'Epoch': 54, 'name': 'mid_freq', 'HIT@5': '0.0011', 'NDCG@5': '0.0008', 'HIT@10': '0.0024', 'NDCG@10': '0.0012', 'HIT@20': '0.0046', 'NDCG@20': '0.0017'}
{'Epoch': 54, 'name': 'low_freq', 'HIT@5': '0.0005', 'NDCG@5': '0.0002', 'HIT@10': '0.0009', 'NDCG@10': '0.0004', 'HIT@20': '0.0011', 'NDCG@20': '0.0004'}
{'Epoch': 54, 'name': 'all', 'HIT@5': '0.0260', 'NDCG@5': '0.0164', 'HIT@10': '0.0426', 'NDCG@10': '0.0217', 'HIT@20': '0.0656', 'NDCG@20': '0.0275'}
EarlyStopping counter: 3 out of 40
rec dataset length: 186
100%|██████████████████████████████████████████████████████████████████████████████████████████████████████████████████████████████████████████████████| 186/186 [00:42<00:00,  4.39it/s]
{'epoch': 55, 'rec_avg_loss': '0.6837', 'joint_avg_loss': '0.8887', 'cl_avg_loss': '2.0497', 'itemcl_loss': '0.0000', 'cl_pair_0_loss': '2.0497'}
Recommendation EP_test:55: 100%|| 35/35 [00:07<00:00,  4.49it/s]
{'Epoch': 55, 'name': 'high_freq', 'HIT@5': '0.0377', 'NDCG@5': '0.0233', 'HIT@10': '0.0622', 'NDCG@10': '0.0311', 'HIT@20': '0.0964', 'NDCG@20': '0.0397'}
{'Epoch': 55, 'name': 'mid_freq', 'HIT@5': '0.0016', 'NDCG@5': '0.0009', 'HIT@10': '0.0030', 'NDCG@10': '0.0014', 'HIT@20': '0.0049', 'NDCG@20': '0.0019'}
{'Epoch': 55, 'name': 'low_freq', 'HIT@5': '0.0002', 'NDCG@5': '0.0001', 'HIT@10': '0.0005', 'NDCG@10': '0.0002', 'HIT@20': '0.0009', 'NDCG@20': '0.0003'}
{'Epoch': 55, 'name': 'all', 'HIT@5': '0.0260', 'NDCG@5': '0.0160', 'HIT@10': '0.0430', 'NDCG@10': '0.0215', 'HIT@20': '0.0666', 'NDCG@20': '0.0274'}
EarlyStopping counter: 4 out of 40
rec dataset length: 186
100%|██████████████████████████████████████████████████████████████████████████████████████████████████████████████████████████████████████████████████| 186/186 [00:42<00:00,  4.41it/s]
{'epoch': 56, 'rec_avg_loss': '0.6768', 'joint_avg_loss': '0.8766', 'cl_avg_loss': '1.9975', 'itemcl_loss': '0.0000', 'cl_pair_0_loss': '1.9975'}
Recommendation EP_test:56: 100%|| 35/35 [00:08<00:00,  4.37it/s]
{'Epoch': 56, 'name': 'high_freq', 'HIT@5': '0.0375', 'NDCG@5': '0.0233', 'HIT@10': '0.0615', 'NDCG@10': '0.0310', 'HIT@20': '0.0965', 'NDCG@20': '0.0398'}
{'Epoch': 56, 'name': 'mid_freq', 'HIT@5': '0.0014', 'NDCG@5': '0.0010', 'HIT@10': '0.0027', 'NDCG@10': '0.0014', 'HIT@20': '0.0047', 'NDCG@20': '0.0019'}
{'Epoch': 56, 'name': 'low_freq', 'HIT@5': '0.0007', 'NDCG@5': '0.0003', 'HIT@10': '0.0007', 'NDCG@10': '0.0003', 'HIT@20': '0.0011', 'NDCG@20': '0.0004'}
{'Epoch': 56, 'name': 'all', 'HIT@5': '0.0258', 'NDCG@5': '0.0161', 'HIT@10': '0.0424', 'NDCG@10': '0.0214', 'HIT@20': '0.0667', 'NDCG@20': '0.0275'}
EarlyStopping counter: 5 out of 40
rec dataset length: 186
100%|██████████████████████████████████████████████████████████████████████████████████████████████████████████████████████████████████████████████████| 186/186 [00:42<00:00,  4.42it/s]
{'epoch': 57, 'rec_avg_loss': '0.6762', 'joint_avg_loss': '0.8795', 'cl_avg_loss': '2.0325', 'itemcl_loss': '0.0000', 'cl_pair_0_loss': '2.0325'}
Recommendation EP_test:57: 100%|| 35/35 [00:07<00:00,  4.41it/s]
{'Epoch': 57, 'name': 'high_freq', 'HIT@5': '0.0380', 'NDCG@5': '0.0242', 'HIT@10': '0.0624', 'NDCG@10': '0.0321', 'HIT@20': '0.0963', 'NDCG@20': '0.0406'}
{'Epoch': 57, 'name': 'mid_freq', 'HIT@5': '0.0016', 'NDCG@5': '0.0011', 'HIT@10': '0.0029', 'NDCG@10': '0.0016', 'HIT@20': '0.0049', 'NDCG@20': '0.0021'}
{'Epoch': 57, 'name': 'low_freq', 'HIT@5': '0.0002', 'NDCG@5': '0.0001', 'HIT@10': '0.0005', 'NDCG@10': '0.0002', 'HIT@20': '0.0009', 'NDCG@20': '0.0003'}
{'Epoch': 57, 'name': 'all', 'HIT@5': '0.0262', 'NDCG@5': '0.0167', 'HIT@10': '0.0431', 'NDCG@10': '0.0222', 'HIT@20': '0.0666', 'NDCG@20': '0.0281'}
Validation score increased.  Saving model ...
rec dataset length: 186
100%|██████████████████████████████████████████████████████████████████████████████████████████████████████████████████████████████████████████████████| 186/186 [00:41<00:00,  4.43it/s]
{'epoch': 58, 'rec_avg_loss': '0.6724', 'joint_avg_loss': '0.8727', 'cl_avg_loss': '2.0033', 'itemcl_loss': '0.0000', 'cl_pair_0_loss': '2.0033'}
Recommendation EP_test:58: 100%|| 35/35 [00:07<00:00,  4.42it/s]
{'Epoch': 58, 'name': 'high_freq', 'HIT@5': '0.0365', 'NDCG@5': '0.0234', 'HIT@10': '0.0611', 'NDCG@10': '0.0312', 'HIT@20': '0.0962', 'NDCG@20': '0.0401'}
{'Epoch': 58, 'name': 'mid_freq', 'HIT@5': '0.0011', 'NDCG@5': '0.0008', 'HIT@10': '0.0030', 'NDCG@10': '0.0014', 'HIT@20': '0.0046', 'NDCG@20': '0.0018'}
{'Epoch': 58, 'name': 'low_freq', 'HIT@5': '0.0000', 'NDCG@5': '0.0000', 'HIT@10': '0.0002', 'NDCG@10': '0.0001', 'HIT@20': '0.0014', 'NDCG@20': '0.0003'}
{'Epoch': 58, 'name': 'all', 'HIT@5': '0.0251', 'NDCG@5': '0.0160', 'HIT@10': '0.0422', 'NDCG@10': '0.0215', 'HIT@20': '0.0665', 'NDCG@20': '0.0276'}
EarlyStopping counter: 1 out of 40
rec dataset length: 186
100%|██████████████████████████████████████████████████████████████████████████████████████████████████████████████████████████████████████████████████| 186/186 [00:42<00:00,  4.42it/s]
{'epoch': 59, 'rec_avg_loss': '0.6668', 'joint_avg_loss': '0.8677', 'cl_avg_loss': '2.0085', 'itemcl_loss': '0.0000', 'cl_pair_0_loss': '2.0085'}
Recommendation EP_test:59: 100%|| 35/35 [00:07<00:00,  4.42it/s]
{'Epoch': 59, 'name': 'high_freq', 'HIT@5': '0.0373', 'NDCG@5': '0.0237', 'HIT@10': '0.0612', 'NDCG@10': '0.0314', 'HIT@20': '0.0967', 'NDCG@20': '0.0403'}
{'Epoch': 59, 'name': 'mid_freq', 'HIT@5': '0.0010', 'NDCG@5': '0.0007', 'HIT@10': '0.0023', 'NDCG@10': '0.0011', 'HIT@20': '0.0046', 'NDCG@20': '0.0017'}
{'Epoch': 59, 'name': 'low_freq', 'HIT@5': '0.0000', 'NDCG@5': '0.0000', 'HIT@10': '0.0005', 'NDCG@10': '0.0001', 'HIT@20': '0.0011', 'NDCG@20': '0.0003'}
{'Epoch': 59, 'name': 'all', 'HIT@5': '0.0256', 'NDCG@5': '0.0163', 'HIT@10': '0.0421', 'NDCG@10': '0.0216', 'HIT@20': '0.0668', 'NDCG@20': '0.0278'}
EarlyStopping counter: 2 out of 40
rec dataset length: 186
100%|██████████████████████████████████████████████████████████████████████████████████████████████████████████████████████████████████████████████████| 186/186 [00:42<00:00,  4.41it/s]
{'epoch': 60, 'rec_avg_loss': '0.6648', 'joint_avg_loss': '0.8631', 'cl_avg_loss': '1.9832', 'itemcl_loss': '0.0000', 'cl_pair_0_loss': '1.9832'}
Recommendation EP_test:60: 100%|| 35/35 [00:07<00:00,  4.38it/s]
{'Epoch': 60, 'name': 'high_freq', 'HIT@5': '0.0385', 'NDCG@5': '0.0242', 'HIT@10': '0.0616', 'NDCG@10': '0.0316', 'HIT@20': '0.0961', 'NDCG@20': '0.0403'}
{'Epoch': 60, 'name': 'mid_freq', 'HIT@5': '0.0020', 'NDCG@5': '0.0011', 'HIT@10': '0.0033', 'NDCG@10': '0.0016', 'HIT@20': '0.0053', 'NDCG@20': '0.0021'}
{'Epoch': 60, 'name': 'low_freq', 'HIT@5': '0.0002', 'NDCG@5': '0.0001', 'HIT@10': '0.0007', 'NDCG@10': '0.0002', 'HIT@20': '0.0011', 'NDCG@20': '0.0004'}
{'Epoch': 60, 'name': 'all', 'HIT@5': '0.0266', 'NDCG@5': '0.0167', 'HIT@10': '0.0426', 'NDCG@10': '0.0218', 'HIT@20': '0.0666', 'NDCG@20': '0.0278'}
EarlyStopping counter: 3 out of 40
rec dataset length: 186
100%|██████████████████████████████████████████████████████████████████████████████████████████████████████████████████████████████████████████████████| 186/186 [00:41<00:00,  4.43it/s]
{'epoch': 61, 'rec_avg_loss': '0.6605', 'joint_avg_loss': '0.8573', 'cl_avg_loss': '1.9681', 'itemcl_loss': '0.0000', 'cl_pair_0_loss': '1.9681'}
Recommendation EP_test:61: 100%|| 35/35 [00:07<00:00,  4.46it/s]
{'Epoch': 61, 'name': 'high_freq', 'HIT@5': '0.0367', 'NDCG@5': '0.0232', 'HIT@10': '0.0608', 'NDCG@10': '0.0310', 'HIT@20': '0.0958', 'NDCG@20': '0.0398'}
{'Epoch': 61, 'name': 'mid_freq', 'HIT@5': '0.0020', 'NDCG@5': '0.0012', 'HIT@10': '0.0033', 'NDCG@10': '0.0016', 'HIT@20': '0.0049', 'NDCG@20': '0.0020'}
{'Epoch': 61, 'name': 'low_freq', 'HIT@5': '0.0005', 'NDCG@5': '0.0002', 'HIT@10': '0.0009', 'NDCG@10': '0.0004', 'HIT@20': '0.0014', 'NDCG@20': '0.0005'}
{'Epoch': 61, 'name': 'all', 'HIT@5': '0.0254', 'NDCG@5': '0.0160', 'HIT@10': '0.0421', 'NDCG@10': '0.0214', 'HIT@20': '0.0663', 'NDCG@20': '0.0275'}
EarlyStopping counter: 4 out of 40
rec dataset length: 186
100%|██████████████████████████████████████████████████████████████████████████████████████████████████████████████████████████████████████████████████| 186/186 [00:42<00:00,  4.36it/s]
{'epoch': 62, 'rec_avg_loss': '0.6569', 'joint_avg_loss': '0.8586', 'cl_avg_loss': '2.0179', 'itemcl_loss': '0.0000', 'cl_pair_0_loss': '2.0179'}
Recommendation EP_test:62: 100%|| 35/35 [00:08<00:00,  4.20it/s]
{'Epoch': 62, 'name': 'high_freq', 'HIT@5': '0.0377', 'NDCG@5': '0.0237', 'HIT@10': '0.0606', 'NDCG@10': '0.0310', 'HIT@20': '0.0948', 'NDCG@20': '0.0396'}
{'Epoch': 62, 'name': 'mid_freq', 'HIT@5': '0.0022', 'NDCG@5': '0.0013', 'HIT@10': '0.0039', 'NDCG@10': '0.0019', 'HIT@20': '0.0070', 'NDCG@20': '0.0027'}
{'Epoch': 62, 'name': 'low_freq', 'HIT@5': '0.0007', 'NDCG@5': '0.0005', 'HIT@10': '0.0011', 'NDCG@10': '0.0006', 'HIT@20': '0.0016', 'NDCG@20': '0.0007'}
{'Epoch': 62, 'name': 'all', 'HIT@5': '0.0262', 'NDCG@5': '0.0164', 'HIT@10': '0.0421', 'NDCG@10': '0.0216', 'HIT@20': '0.0661', 'NDCG@20': '0.0276'}
EarlyStopping counter: 5 out of 40
rec dataset length: 186
100%|██████████████████████████████████████████████████████████████████████████████████████████████████████████████████████████████████████████████████| 186/186 [00:42<00:00,  4.42it/s]
{'epoch': 63, 'rec_avg_loss': '0.6511', 'joint_avg_loss': '0.8503', 'cl_avg_loss': '1.9918', 'itemcl_loss': '0.0000', 'cl_pair_0_loss': '1.9918'}
Recommendation EP_test:63: 100%|| 35/35 [00:07<00:00,  4.38it/s]
{'Epoch': 63, 'name': 'high_freq', 'HIT@5': '0.0377', 'NDCG@5': '0.0238', 'HIT@10': '0.0608', 'NDCG@10': '0.0313', 'HIT@20': '0.0959', 'NDCG@20': '0.0401'}
{'Epoch': 63, 'name': 'mid_freq', 'HIT@5': '0.0016', 'NDCG@5': '0.0011', 'HIT@10': '0.0034', 'NDCG@10': '0.0017', 'HIT@20': '0.0053', 'NDCG@20': '0.0022'}
{'Epoch': 63, 'name': 'low_freq', 'HIT@5': '0.0002', 'NDCG@5': '0.0001', 'HIT@10': '0.0009', 'NDCG@10': '0.0004', 'HIT@20': '0.0014', 'NDCG@20': '0.0005'}
{'Epoch': 63, 'name': 'all', 'HIT@5': '0.0260', 'NDCG@5': '0.0164', 'HIT@10': '0.0421', 'NDCG@10': '0.0216', 'HIT@20': '0.0665', 'NDCG@20': '0.0278'}
EarlyStopping counter: 6 out of 40
rec dataset length: 186
100%|██████████████████████████████████████████████████████████████████████████████████████████████████████████████████████████████████████████████████| 186/186 [00:42<00:00,  4.42it/s]
{'epoch': 64, 'rec_avg_loss': '0.6491', 'joint_avg_loss': '0.8439', 'cl_avg_loss': '1.9482', 'itemcl_loss': '0.0000', 'cl_pair_0_loss': '1.9482'}
Recommendation EP_test:64: 100%|| 35/35 [00:08<00:00,  4.36it/s]
{'Epoch': 64, 'name': 'high_freq', 'HIT@5': '0.0389', 'NDCG@5': '0.0245', 'HIT@10': '0.0636', 'NDCG@10': '0.0325', 'HIT@20': '0.0972', 'NDCG@20': '0.0409'}
{'Epoch': 64, 'name': 'mid_freq', 'HIT@5': '0.0019', 'NDCG@5': '0.0012', 'HIT@10': '0.0033', 'NDCG@10': '0.0016', 'HIT@20': '0.0063', 'NDCG@20': '0.0024'}
{'Epoch': 64, 'name': 'low_freq', 'HIT@5': '0.0005', 'NDCG@5': '0.0002', 'HIT@10': '0.0007', 'NDCG@10': '0.0003', 'HIT@20': '0.0011', 'NDCG@20': '0.0004'}
{'Epoch': 64, 'name': 'all', 'HIT@5': '0.0269', 'NDCG@5': '0.0169', 'HIT@10': '0.0440', 'NDCG@10': '0.0225', 'HIT@20': '0.0675', 'NDCG@20': '0.0284'}
Validation score increased.  Saving model ...
rec dataset length: 186
100%|██████████████████████████████████████████████████████████████████████████████████████████████████████████████████████████████████████████████████| 186/186 [00:42<00:00,  4.41it/s]
{'epoch': 65, 'rec_avg_loss': '0.6475', 'joint_avg_loss': '0.8439', 'cl_avg_loss': '1.9640', 'itemcl_loss': '0.0000', 'cl_pair_0_loss': '1.9640'}
Recommendation EP_test:65: 100%|| 35/35 [00:08<00:00,  4.32it/s]
{'Epoch': 65, 'name': 'high_freq', 'HIT@5': '0.0377', 'NDCG@5': '0.0240', 'HIT@10': '0.0626', 'NDCG@10': '0.0320', 'HIT@20': '0.0974', 'NDCG@20': '0.0407'}
{'Epoch': 65, 'name': 'mid_freq', 'HIT@5': '0.0019', 'NDCG@5': '0.0013', 'HIT@10': '0.0039', 'NDCG@10': '0.0019', 'HIT@20': '0.0063', 'NDCG@20': '0.0025'}
{'Epoch': 65, 'name': 'low_freq', 'HIT@5': '0.0007', 'NDCG@5': '0.0005', 'HIT@10': '0.0009', 'NDCG@10': '0.0006', 'HIT@20': '0.0016', 'NDCG@20': '0.0007'}
{'Epoch': 65, 'name': 'all', 'HIT@5': '0.0261', 'NDCG@5': '0.0166', 'HIT@10': '0.0435', 'NDCG@10': '0.0222', 'HIT@20': '0.0677', 'NDCG@20': '0.0283'}
EarlyStopping counter: 1 out of 40
rec dataset length: 186
100%|██████████████████████████████████████████████████████████████████████████████████████████████████████████████████████████████████████████████████| 186/186 [00:42<00:00,  4.42it/s]
{'epoch': 66, 'rec_avg_loss': '0.6435', 'joint_avg_loss': '0.8378', 'cl_avg_loss': '1.9429', 'itemcl_loss': '0.0000', 'cl_pair_0_loss': '1.9429'}
Recommendation EP_test:66: 100%|| 35/35 [00:08<00:00,  4.36it/s]
{'Epoch': 66, 'name': 'high_freq', 'HIT@5': '0.0385', 'NDCG@5': '0.0244', 'HIT@10': '0.0637', 'NDCG@10': '0.0326', 'HIT@20': '0.0974', 'NDCG@20': '0.0410'}
{'Epoch': 66, 'name': 'mid_freq', 'HIT@5': '0.0019', 'NDCG@5': '0.0012', 'HIT@10': '0.0032', 'NDCG@10': '0.0016', 'HIT@20': '0.0055', 'NDCG@20': '0.0021'}
{'Epoch': 66, 'name': 'low_freq', 'HIT@5': '0.0007', 'NDCG@5': '0.0004', 'HIT@10': '0.0007', 'NDCG@10': '0.0004', 'HIT@20': '0.0014', 'NDCG@20': '0.0005'}
{'Epoch': 66, 'name': 'all', 'HIT@5': '0.0266', 'NDCG@5': '0.0169', 'HIT@10': '0.0440', 'NDCG@10': '0.0225', 'HIT@20': '0.0675', 'NDCG@20': '0.0284'}
Validation score increased.  Saving model ...
rec dataset length: 186
100%|██████████████████████████████████████████████████████████████████████████████████████████████████████████████████████████████████████████████████| 186/186 [00:42<00:00,  4.41it/s]
{'epoch': 67, 'rec_avg_loss': '0.6388', 'joint_avg_loss': '0.8334', 'cl_avg_loss': '1.9455', 'itemcl_loss': '0.0000', 'cl_pair_0_loss': '1.9455'}
Recommendation EP_test:67: 100%|| 35/35 [00:08<00:00,  4.37it/s]
{'Epoch': 67, 'name': 'high_freq', 'HIT@5': '0.0406', 'NDCG@5': '0.0256', 'HIT@10': '0.0637', 'NDCG@10': '0.0330', 'HIT@20': '0.0980', 'NDCG@20': '0.0416'}
{'Epoch': 67, 'name': 'mid_freq', 'HIT@5': '0.0019', 'NDCG@5': '0.0011', 'HIT@10': '0.0030', 'NDCG@10': '0.0015', 'HIT@20': '0.0059', 'NDCG@20': '0.0022'}
{'Epoch': 67, 'name': 'low_freq', 'HIT@5': '0.0009', 'NDCG@5': '0.0007', 'HIT@10': '0.0011', 'NDCG@10': '0.0007', 'HIT@20': '0.0023', 'NDCG@20': '0.0010'}
{'Epoch': 67, 'name': 'all', 'HIT@5': '0.0281', 'NDCG@5': '0.0177', 'HIT@10': '0.0441', 'NDCG@10': '0.0228', 'HIT@20': '0.0681', 'NDCG@20': '0.0289'}
Validation score increased.  Saving model ...
rec dataset length: 186
100%|██████████████████████████████████████████████████████████████████████████████████████████████████████████████████████████████████████████████████| 186/186 [00:42<00:00,  4.40it/s]
{'epoch': 68, 'rec_avg_loss': '0.6371', 'joint_avg_loss': '0.8299', 'cl_avg_loss': '1.9274', 'itemcl_loss': '0.0000', 'cl_pair_0_loss': '1.9274'}
Recommendation EP_test:68: 100%|| 35/35 [00:08<00:00,  4.25it/s]
{'Epoch': 68, 'name': 'high_freq', 'HIT@5': '0.0390', 'NDCG@5': '0.0245', 'HIT@10': '0.0628', 'NDCG@10': '0.0322', 'HIT@20': '0.0987', 'NDCG@20': '0.0412'}
{'Epoch': 68, 'name': 'mid_freq', 'HIT@5': '0.0017', 'NDCG@5': '0.0011', 'HIT@10': '0.0036', 'NDCG@10': '0.0017', 'HIT@20': '0.0069', 'NDCG@20': '0.0025'}
{'Epoch': 68, 'name': 'low_freq', 'HIT@5': '0.0005', 'NDCG@5': '0.0002', 'HIT@10': '0.0011', 'NDCG@10': '0.0004', 'HIT@20': '0.0020', 'NDCG@20': '0.0007'}
{'Epoch': 68, 'name': 'all', 'HIT@5': '0.0269', 'NDCG@5': '0.0169', 'HIT@10': '0.0436', 'NDCG@10': '0.0223', 'HIT@20': '0.0688', 'NDCG@20': '0.0286'}
EarlyStopping counter: 1 out of 40
rec dataset length: 186
100%|██████████████████████████████████████████████████████████████████████████████████████████████████████████████████████████████████████████████████| 186/186 [00:42<00:00,  4.42it/s]
{'epoch': 69, 'rec_avg_loss': '0.6290', 'joint_avg_loss': '0.8217', 'cl_avg_loss': '1.9278', 'itemcl_loss': '0.0000', 'cl_pair_0_loss': '1.9278'}
Recommendation EP_test:69: 100%|| 35/35 [00:08<00:00,  4.19it/s]
{'Epoch': 69, 'name': 'high_freq', 'HIT@5': '0.0382', 'NDCG@5': '0.0239', 'HIT@10': '0.0632', 'NDCG@10': '0.0320', 'HIT@20': '0.0990', 'NDCG@20': '0.0409'}
{'Epoch': 69, 'name': 'mid_freq', 'HIT@5': '0.0022', 'NDCG@5': '0.0013', 'HIT@10': '0.0033', 'NDCG@10': '0.0016', 'HIT@20': '0.0068', 'NDCG@20': '0.0025'}
{'Epoch': 69, 'name': 'low_freq', 'HIT@5': '0.0009', 'NDCG@5': '0.0004', 'HIT@10': '0.0011', 'NDCG@10': '0.0005', 'HIT@20': '0.0020', 'NDCG@20': '0.0007'}
{'Epoch': 69, 'name': 'all', 'HIT@5': '0.0265', 'NDCG@5': '0.0166', 'HIT@10': '0.0438', 'NDCG@10': '0.0221', 'HIT@20': '0.0689', 'NDCG@20': '0.0284'}
EarlyStopping counter: 2 out of 40
rec dataset length: 186
100%|██████████████████████████████████████████████████████████████████████████████████████████████████████████████████████████████████████████████████| 186/186 [00:42<00:00,  4.41it/s]
{'epoch': 70, 'rec_avg_loss': '0.6307', 'joint_avg_loss': '0.8249', 'cl_avg_loss': '1.9414', 'itemcl_loss': '0.0000', 'cl_pair_0_loss': '1.9414'}
Recommendation EP_test:70: 100%|| 35/35 [00:07<00:00,  4.38it/s]
{'Epoch': 70, 'name': 'high_freq', 'HIT@5': '0.0394', 'NDCG@5': '0.0254', 'HIT@10': '0.0639', 'NDCG@10': '0.0333', 'HIT@20': '0.0978', 'NDCG@20': '0.0418'}
{'Epoch': 70, 'name': 'mid_freq', 'HIT@5': '0.0023', 'NDCG@5': '0.0013', 'HIT@10': '0.0039', 'NDCG@10': '0.0018', 'HIT@20': '0.0065', 'NDCG@20': '0.0025'}
{'Epoch': 70, 'name': 'low_freq', 'HIT@5': '0.0007', 'NDCG@5': '0.0004', 'HIT@10': '0.0011', 'NDCG@10': '0.0005', 'HIT@20': '0.0020', 'NDCG@20': '0.0008'}
{'Epoch': 70, 'name': 'all', 'HIT@5': '0.0273', 'NDCG@5': '0.0176', 'HIT@10': '0.0444', 'NDCG@10': '0.0231', 'HIT@20': '0.0680', 'NDCG@20': '0.0290'}
Validation score increased.  Saving model ...
rec dataset length: 186
100%|██████████████████████████████████████████████████████████████████████████████████████████████████████████████████████████████████████████████████| 186/186 [00:41<00:00,  4.45it/s]
{'epoch': 71, 'rec_avg_loss': '0.6279', 'joint_avg_loss': '0.8218', 'cl_avg_loss': '1.9392', 'itemcl_loss': '0.0000', 'cl_pair_0_loss': '1.9392'}
Recommendation EP_test:71: 100%|| 35/35 [00:08<00:00,  4.37it/s]
{'Epoch': 71, 'name': 'high_freq', 'HIT@5': '0.0374', 'NDCG@5': '0.0236', 'HIT@10': '0.0628', 'NDCG@10': '0.0318', 'HIT@20': '0.0983', 'NDCG@20': '0.0407'}
{'Epoch': 71, 'name': 'mid_freq', 'HIT@5': '0.0023', 'NDCG@5': '0.0014', 'HIT@10': '0.0036', 'NDCG@10': '0.0018', 'HIT@20': '0.0066', 'NDCG@20': '0.0025'}
{'Epoch': 71, 'name': 'low_freq', 'HIT@5': '0.0007', 'NDCG@5': '0.0004', 'HIT@10': '0.0009', 'NDCG@10': '0.0004', 'HIT@20': '0.0020', 'NDCG@20': '0.0007'}
{'Epoch': 71, 'name': 'all', 'HIT@5': '0.0260', 'NDCG@5': '0.0164', 'HIT@10': '0.0435', 'NDCG@10': '0.0220', 'HIT@20': '0.0684', 'NDCG@20': '0.0283'}
EarlyStopping counter: 1 out of 40
rec dataset length: 186
100%|██████████████████████████████████████████████████████████████████████████████████████████████████████████████████████████████████████████████████| 186/186 [00:41<00:00,  4.44it/s]
{'epoch': 72, 'rec_avg_loss': '0.6241', 'joint_avg_loss': '0.8152', 'cl_avg_loss': '1.9112', 'itemcl_loss': '0.0000', 'cl_pair_0_loss': '1.9112'}
Recommendation EP_test:72: 100%|| 35/35 [00:07<00:00,  4.48it/s]
{'Epoch': 72, 'name': 'high_freq', 'HIT@5': '0.0380', 'NDCG@5': '0.0242', 'HIT@10': '0.0621', 'NDCG@10': '0.0319', 'HIT@20': '0.0979', 'NDCG@20': '0.0409'}
{'Epoch': 72, 'name': 'mid_freq', 'HIT@5': '0.0020', 'NDCG@5': '0.0012', 'HIT@10': '0.0040', 'NDCG@10': '0.0018', 'HIT@20': '0.0059', 'NDCG@20': '0.0023'}
{'Epoch': 72, 'name': 'low_freq', 'HIT@5': '0.0011', 'NDCG@5': '0.0005', 'HIT@10': '0.0014', 'NDCG@10': '0.0006', 'HIT@20': '0.0023', 'NDCG@20': '0.0008'}
{'Epoch': 72, 'name': 'all', 'HIT@5': '0.0264', 'NDCG@5': '0.0168', 'HIT@10': '0.0432', 'NDCG@10': '0.0222', 'HIT@20': '0.0680', 'NDCG@20': '0.0284'}
EarlyStopping counter: 2 out of 40
rec dataset length: 186
100%|██████████████████████████████████████████████████████████████████████████████████████████████████████████████████████████████████████████████████| 186/186 [00:41<00:00,  4.44it/s]
{'epoch': 73, 'rec_avg_loss': '0.6180', 'joint_avg_loss': '0.8113', 'cl_avg_loss': '1.9329', 'itemcl_loss': '0.0000', 'cl_pair_0_loss': '1.9329'}
Recommendation EP_test:73: 100%|| 35/35 [00:07<00:00,  4.39it/s]
{'Epoch': 73, 'name': 'high_freq', 'HIT@5': '0.0387', 'NDCG@5': '0.0246', 'HIT@10': '0.0633', 'NDCG@10': '0.0325', 'HIT@20': '0.0978', 'NDCG@20': '0.0411'}
{'Epoch': 73, 'name': 'mid_freq', 'HIT@5': '0.0019', 'NDCG@5': '0.0011', 'HIT@10': '0.0039', 'NDCG@10': '0.0017', 'HIT@20': '0.0063', 'NDCG@20': '0.0024'}
{'Epoch': 73, 'name': 'low_freq', 'HIT@5': '0.0007', 'NDCG@5': '0.0003', 'HIT@10': '0.0014', 'NDCG@10': '0.0005', 'HIT@20': '0.0016', 'NDCG@20': '0.0006'}
{'Epoch': 73, 'name': 'all', 'HIT@5': '0.0268', 'NDCG@5': '0.0170', 'HIT@10': '0.0440', 'NDCG@10': '0.0225', 'HIT@20': '0.0680', 'NDCG@20': '0.0285'}
EarlyStopping counter: 3 out of 40
rec dataset length: 186
100%|██████████████████████████████████████████████████████████████████████████████████████████████████████████████████████████████████████████████████| 186/186 [00:42<00:00,  4.37it/s]
{'epoch': 74, 'rec_avg_loss': '0.6177', 'joint_avg_loss': '0.8114', 'cl_avg_loss': '1.9368', 'itemcl_loss': '0.0000', 'cl_pair_0_loss': '1.9368'}
Recommendation EP_test:74: 100%|| 35/35 [00:08<00:00,  4.36it/s]
{'Epoch': 74, 'name': 'high_freq', 'HIT@5': '0.0390', 'NDCG@5': '0.0248', 'HIT@10': '0.0640', 'NDCG@10': '0.0329', 'HIT@20': '0.0989', 'NDCG@20': '0.0416'}
{'Epoch': 74, 'name': 'mid_freq', 'HIT@5': '0.0020', 'NDCG@5': '0.0013', 'HIT@10': '0.0037', 'NDCG@10': '0.0019', 'HIT@20': '0.0056', 'NDCG@20': '0.0024'}
{'Epoch': 74, 'name': 'low_freq', 'HIT@5': '0.0007', 'NDCG@5': '0.0006', 'HIT@10': '0.0009', 'NDCG@10': '0.0006', 'HIT@20': '0.0018', 'NDCG@20': '0.0009'}
{'Epoch': 74, 'name': 'all', 'HIT@5': '0.0270', 'NDCG@5': '0.0172', 'HIT@10': '0.0444', 'NDCG@10': '0.0228', 'HIT@20': '0.0686', 'NDCG@20': '0.0289'}
EarlyStopping counter: 4 out of 40
rec dataset length: 186
100%|██████████████████████████████████████████████████████████████████████████████████████████████████████████████████████████████████████████████████| 186/186 [00:42<00:00,  4.40it/s]
{'epoch': 75, 'rec_avg_loss': '0.6151', 'joint_avg_loss': '0.8015', 'cl_avg_loss': '1.8640', 'itemcl_loss': '0.0000', 'cl_pair_0_loss': '1.8640'}
Recommendation EP_test:75: 100%|| 35/35 [00:08<00:00,  4.32it/s]
{'Epoch': 75, 'name': 'high_freq', 'HIT@5': '0.0387', 'NDCG@5': '0.0247', 'HIT@10': '0.0645', 'NDCG@10': '0.0330', 'HIT@20': '0.0983', 'NDCG@20': '0.0415'}
{'Epoch': 75, 'name': 'mid_freq', 'HIT@5': '0.0022', 'NDCG@5': '0.0012', 'HIT@10': '0.0032', 'NDCG@10': '0.0016', 'HIT@20': '0.0063', 'NDCG@20': '0.0024'}
{'Epoch': 75, 'name': 'low_freq', 'HIT@5': '0.0007', 'NDCG@5': '0.0005', 'HIT@10': '0.0009', 'NDCG@10': '0.0006', 'HIT@20': '0.0016', 'NDCG@20': '0.0007'}
{'Epoch': 75, 'name': 'all', 'HIT@5': '0.0268', 'NDCG@5': '0.0171', 'HIT@10': '0.0446', 'NDCG@10': '0.0228', 'HIT@20': '0.0683', 'NDCG@20': '0.0288'}
EarlyStopping counter: 5 out of 40
rec dataset length: 186
100%|██████████████████████████████████████████████████████████████████████████████████████████████████████████████████████████████████████████████████| 186/186 [00:42<00:00,  4.40it/s]
{'epoch': 76, 'rec_avg_loss': '0.6119', 'joint_avg_loss': '0.8025', 'cl_avg_loss': '1.9068', 'itemcl_loss': '0.0000', 'cl_pair_0_loss': '1.9068'}
Recommendation EP_test:76: 100%|| 35/35 [00:08<00:00,  4.30it/s]
{'Epoch': 76, 'name': 'high_freq', 'HIT@5': '0.0404', 'NDCG@5': '0.0253', 'HIT@10': '0.0641', 'NDCG@10': '0.0330', 'HIT@20': '0.0988', 'NDCG@20': '0.0417'}
{'Epoch': 76, 'name': 'mid_freq', 'HIT@5': '0.0017', 'NDCG@5': '0.0011', 'HIT@10': '0.0037', 'NDCG@10': '0.0017', 'HIT@20': '0.0060', 'NDCG@20': '0.0023'}
{'Epoch': 76, 'name': 'low_freq', 'HIT@5': '0.0007', 'NDCG@5': '0.0004', 'HIT@10': '0.0009', 'NDCG@10': '0.0005', 'HIT@20': '0.0020', 'NDCG@20': '0.0008'}
{'Epoch': 76, 'name': 'all', 'HIT@5': '0.0279', 'NDCG@5': '0.0175', 'HIT@10': '0.0445', 'NDCG@10': '0.0228', 'HIT@20': '0.0686', 'NDCG@20': '0.0289'}
EarlyStopping counter: 6 out of 40
rec dataset length: 186
100%|██████████████████████████████████████████████████████████████████████████████████████████████████████████████████████████████████████████████████| 186/186 [00:42<00:00,  4.41it/s]
{'epoch': 77, 'rec_avg_loss': '0.6115', 'joint_avg_loss': '0.8021', 'cl_avg_loss': '1.9055', 'itemcl_loss': '0.0000', 'cl_pair_0_loss': '1.9055'}
Recommendation EP_test:77: 100%|| 35/35 [00:08<00:00,  4.34it/s]
{'Epoch': 77, 'name': 'high_freq', 'HIT@5': '0.0421', 'NDCG@5': '0.0267', 'HIT@10': '0.0656', 'NDCG@10': '0.0342', 'HIT@20': '0.0993', 'NDCG@20': '0.0427'}
{'Epoch': 77, 'name': 'mid_freq', 'HIT@5': '0.0026', 'NDCG@5': '0.0017', 'HIT@10': '0.0046', 'NDCG@10': '0.0023', 'HIT@20': '0.0079', 'NDCG@20': '0.0031'}
{'Epoch': 77, 'name': 'low_freq', 'HIT@5': '0.0009', 'NDCG@5': '0.0005', 'HIT@10': '0.0016', 'NDCG@10': '0.0007', 'HIT@20': '0.0020', 'NDCG@20': '0.0008'}
{'Epoch': 77, 'name': 'all', 'HIT@5': '0.0292', 'NDCG@5': '0.0185', 'HIT@10': '0.0457', 'NDCG@10': '0.0238', 'HIT@20': '0.0694', 'NDCG@20': '0.0297'}
Validation score increased.  Saving model ...
rec dataset length: 186
100%|██████████████████████████████████████████████████████████████████████████████████████████████████████████████████████████████████████████████████| 186/186 [00:42<00:00,  4.43it/s]
{'epoch': 78, 'rec_avg_loss': '0.6090', 'joint_avg_loss': '0.7962', 'cl_avg_loss': '1.8720', 'itemcl_loss': '0.0000', 'cl_pair_0_loss': '1.8720'}
Recommendation EP_test:78: 100%|| 35/35 [00:07<00:00,  4.39it/s]
{'Epoch': 78, 'name': 'high_freq', 'HIT@5': '0.0389', 'NDCG@5': '0.0249', 'HIT@10': '0.0642', 'NDCG@10': '0.0331', 'HIT@20': '0.0987', 'NDCG@20': '0.0417'}
{'Epoch': 78, 'name': 'mid_freq', 'HIT@5': '0.0023', 'NDCG@5': '0.0014', 'HIT@10': '0.0042', 'NDCG@10': '0.0019', 'HIT@20': '0.0062', 'NDCG@20': '0.0024'}
{'Epoch': 78, 'name': 'low_freq', 'HIT@5': '0.0007', 'NDCG@5': '0.0004', 'HIT@10': '0.0011', 'NDCG@10': '0.0006', 'HIT@20': '0.0020', 'NDCG@20': '0.0008'}
{'Epoch': 78, 'name': 'all', 'HIT@5': '0.0270', 'NDCG@5': '0.0173', 'HIT@10': '0.0446', 'NDCG@10': '0.0229', 'HIT@20': '0.0686', 'NDCG@20': '0.0289'}
EarlyStopping counter: 1 out of 40
rec dataset length: 186
100%|██████████████████████████████████████████████████████████████████████████████████████████████████████████████████████████████████████████████████| 186/186 [00:42<00:00,  4.38it/s]
{'epoch': 79, 'rec_avg_loss': '0.6032', 'joint_avg_loss': '0.7920', 'cl_avg_loss': '1.8884', 'itemcl_loss': '0.0000', 'cl_pair_0_loss': '1.8884'}
Recommendation EP_test:79: 100%|| 35/35 [00:07<00:00,  4.41it/s]
{'Epoch': 79, 'name': 'high_freq', 'HIT@5': '0.0385', 'NDCG@5': '0.0245', 'HIT@10': '0.0647', 'NDCG@10': '0.0329', 'HIT@20': '0.0983', 'NDCG@20': '0.0414'}
{'Epoch': 79, 'name': 'mid_freq', 'HIT@5': '0.0026', 'NDCG@5': '0.0017', 'HIT@10': '0.0049', 'NDCG@10': '0.0024', 'HIT@20': '0.0080', 'NDCG@20': '0.0031'}
{'Epoch': 79, 'name': 'low_freq', 'HIT@5': '0.0009', 'NDCG@5': '0.0007', 'HIT@10': '0.0011', 'NDCG@10': '0.0007', 'HIT@20': '0.0016', 'NDCG@20': '0.0008'}
{'Epoch': 79, 'name': 'all', 'HIT@5': '0.0268', 'NDCG@5': '0.0171', 'HIT@10': '0.0451', 'NDCG@10': '0.0230', 'HIT@20': '0.0686', 'NDCG@20': '0.0289'}
EarlyStopping counter: 2 out of 40
rec dataset length: 186
100%|██████████████████████████████████████████████████████████████████████████████████████████████████████████████████████████████████████████████████| 186/186 [00:42<00:00,  4.41it/s]
{'epoch': 80, 'rec_avg_loss': '0.6048', 'joint_avg_loss': '0.7936', 'cl_avg_loss': '1.8885', 'itemcl_loss': '0.0000', 'cl_pair_0_loss': '1.8885'}
Recommendation EP_test:80: 100%|| 35/35 [00:07<00:00,  4.43it/s]
{'Epoch': 80, 'name': 'high_freq', 'HIT@5': '0.0397', 'NDCG@5': '0.0250', 'HIT@10': '0.0645', 'NDCG@10': '0.0330', 'HIT@20': '0.0984', 'NDCG@20': '0.0415'}
{'Epoch': 80, 'name': 'mid_freq', 'HIT@5': '0.0022', 'NDCG@5': '0.0013', 'HIT@10': '0.0045', 'NDCG@10': '0.0020', 'HIT@20': '0.0076', 'NDCG@20': '0.0028'}
{'Epoch': 80, 'name': 'low_freq', 'HIT@5': '0.0007', 'NDCG@5': '0.0003', 'HIT@10': '0.0011', 'NDCG@10': '0.0005', 'HIT@20': '0.0018', 'NDCG@20': '0.0007'}
{'Epoch': 80, 'name': 'all', 'HIT@5': '0.0275', 'NDCG@5': '0.0173', 'HIT@10': '0.0449', 'NDCG@10': '0.0229', 'HIT@20': '0.0686', 'NDCG@20': '0.0289'}
EarlyStopping counter: 3 out of 40
rec dataset length: 186
100%|██████████████████████████████████████████████████████████████████████████████████████████████████████████████████████████████████████████████████| 186/186 [00:42<00:00,  4.41it/s]
{'epoch': 81, 'rec_avg_loss': '0.5983', 'joint_avg_loss': '0.7853', 'cl_avg_loss': '1.8693', 'itemcl_loss': '0.0000', 'cl_pair_0_loss': '1.8693'}
Recommendation EP_test:81: 100%|| 35/35 [00:07<00:00,  4.42it/s]
{'Epoch': 81, 'name': 'high_freq', 'HIT@5': '0.0397', 'NDCG@5': '0.0252', 'HIT@10': '0.0651', 'NDCG@10': '0.0334', 'HIT@20': '0.0991', 'NDCG@20': '0.0419'}
{'Epoch': 81, 'name': 'mid_freq', 'HIT@5': '0.0019', 'NDCG@5': '0.0011', 'HIT@10': '0.0045', 'NDCG@10': '0.0019', 'HIT@20': '0.0076', 'NDCG@20': '0.0027'}
{'Epoch': 81, 'name': 'low_freq', 'HIT@5': '0.0009', 'NDCG@5': '0.0004', 'HIT@10': '0.0011', 'NDCG@10': '0.0005', 'HIT@20': '0.0014', 'NDCG@20': '0.0006'}
{'Epoch': 81, 'name': 'all', 'HIT@5': '0.0275', 'NDCG@5': '0.0174', 'HIT@10': '0.0453', 'NDCG@10': '0.0231', 'HIT@20': '0.0691', 'NDCG@20': '0.0291'}
EarlyStopping counter: 4 out of 40
rec dataset length: 186
100%|██████████████████████████████████████████████████████████████████████████████████████████████████████████████████████████████████████████████████| 186/186 [00:42<00:00,  4.42it/s]
{'epoch': 82, 'rec_avg_loss': '0.5969', 'joint_avg_loss': '0.7862', 'cl_avg_loss': '1.8934', 'itemcl_loss': '0.0000', 'cl_pair_0_loss': '1.8934'}
Recommendation EP_test:82: 100%|| 35/35 [00:08<00:00,  4.37it/s]
{'Epoch': 82, 'name': 'high_freq', 'HIT@5': '0.0396', 'NDCG@5': '0.0255', 'HIT@10': '0.0650', 'NDCG@10': '0.0337', 'HIT@20': '0.1002', 'NDCG@20': '0.0426'}
{'Epoch': 82, 'name': 'mid_freq', 'HIT@5': '0.0024', 'NDCG@5': '0.0014', 'HIT@10': '0.0046', 'NDCG@10': '0.0020', 'HIT@20': '0.0079', 'NDCG@20': '0.0028'}
{'Epoch': 82, 'name': 'low_freq', 'HIT@5': '0.0011', 'NDCG@5': '0.0006', 'HIT@10': '0.0011', 'NDCG@10': '0.0006', 'HIT@20': '0.0014', 'NDCG@20': '0.0006'}
{'Epoch': 82, 'name': 'all', 'HIT@5': '0.0275', 'NDCG@5': '0.0177', 'HIT@10': '0.0453', 'NDCG@10': '0.0234', 'HIT@20': '0.0699', 'NDCG@20': '0.0296'}
EarlyStopping counter: 5 out of 40
rec dataset length: 186
100%|██████████████████████████████████████████████████████████████████████████████████████████████████████████████████████████████████████████████████| 186/186 [00:42<00:00,  4.40it/s]
{'epoch': 83, 'rec_avg_loss': '0.5943', 'joint_avg_loss': '0.7820', 'cl_avg_loss': '1.8770', 'itemcl_loss': '0.0000', 'cl_pair_0_loss': '1.8770'}
Recommendation EP_test:83: 100%|| 35/35 [00:07<00:00,  4.44it/s]
{'Epoch': 83, 'name': 'high_freq', 'HIT@5': '0.0398', 'NDCG@5': '0.0255', 'HIT@10': '0.0661', 'NDCG@10': '0.0339', 'HIT@20': '0.0991', 'NDCG@20': '0.0422'}
{'Epoch': 83, 'name': 'mid_freq', 'HIT@5': '0.0030', 'NDCG@5': '0.0018', 'HIT@10': '0.0049', 'NDCG@10': '0.0024', 'HIT@20': '0.0089', 'NDCG@20': '0.0034'}
{'Epoch': 83, 'name': 'low_freq', 'HIT@5': '0.0009', 'NDCG@5': '0.0005', 'HIT@10': '0.0011', 'NDCG@10': '0.0006', 'HIT@20': '0.0020', 'NDCG@20': '0.0008'}
{'Epoch': 83, 'name': 'all', 'HIT@5': '0.0278', 'NDCG@5': '0.0178', 'HIT@10': '0.0460', 'NDCG@10': '0.0236', 'HIT@20': '0.0694', 'NDCG@20': '0.0295'}
EarlyStopping counter: 6 out of 40
rec dataset length: 186
100%|██████████████████████████████████████████████████████████████████████████████████████████████████████████████████████████████████████████████████| 186/186 [00:42<00:00,  4.41it/s]
{'epoch': 84, 'rec_avg_loss': '0.5914', 'joint_avg_loss': '0.7784', 'cl_avg_loss': '1.8695', 'itemcl_loss': '0.0000', 'cl_pair_0_loss': '1.8695'}
Recommendation EP_test:84: 100%|| 35/35 [00:07<00:00,  4.51it/s]
{'Epoch': 84, 'name': 'high_freq', 'HIT@5': '0.0394', 'NDCG@5': '0.0253', 'HIT@10': '0.0648', 'NDCG@10': '0.0335', 'HIT@20': '0.0995', 'NDCG@20': '0.0421'}
{'Epoch': 84, 'name': 'mid_freq', 'HIT@5': '0.0027', 'NDCG@5': '0.0018', 'HIT@10': '0.0049', 'NDCG@10': '0.0025', 'HIT@20': '0.0082', 'NDCG@20': '0.0033'}
{'Epoch': 84, 'name': 'low_freq', 'HIT@5': '0.0011', 'NDCG@5': '0.0007', 'HIT@10': '0.0014', 'NDCG@10': '0.0007', 'HIT@20': '0.0016', 'NDCG@20': '0.0008'}
{'Epoch': 84, 'name': 'all', 'HIT@5': '0.0275', 'NDCG@5': '0.0176', 'HIT@10': '0.0452', 'NDCG@10': '0.0233', 'HIT@20': '0.0695', 'NDCG@20': '0.0294'}
EarlyStopping counter: 7 out of 40
rec dataset length: 186
100%|██████████████████████████████████████████████████████████████████████████████████████████████████████████████████████████████████████████████████| 186/186 [00:41<00:00,  4.43it/s]
{'epoch': 85, 'rec_avg_loss': '0.5899', 'joint_avg_loss': '0.7780', 'cl_avg_loss': '1.8810', 'itemcl_loss': '0.0000', 'cl_pair_0_loss': '1.8810'}
Recommendation EP_test:85: 100%|| 35/35 [00:08<00:00,  4.32it/s]
{'Epoch': 85, 'name': 'high_freq', 'HIT@5': '0.0401', 'NDCG@5': '0.0256', 'HIT@10': '0.0652', 'NDCG@10': '0.0337', 'HIT@20': '0.1000', 'NDCG@20': '0.0424'}
{'Epoch': 85, 'name': 'mid_freq', 'HIT@5': '0.0024', 'NDCG@5': '0.0016', 'HIT@10': '0.0049', 'NDCG@10': '0.0024', 'HIT@20': '0.0079', 'NDCG@20': '0.0031'}
{'Epoch': 85, 'name': 'low_freq', 'HIT@5': '0.0007', 'NDCG@5': '0.0004', 'HIT@10': '0.0011', 'NDCG@10': '0.0005', 'HIT@20': '0.0016', 'NDCG@20': '0.0007'}
{'Epoch': 85, 'name': 'all', 'HIT@5': '0.0278', 'NDCG@5': '0.0178', 'HIT@10': '0.0455', 'NDCG@10': '0.0234', 'HIT@20': '0.0698', 'NDCG@20': '0.0296'}
EarlyStopping counter: 8 out of 40
rec dataset length: 186
100%|██████████████████████████████████████████████████████████████████████████████████████████████████████████████████████████████████████████████████| 186/186 [00:41<00:00,  4.43it/s]
{'epoch': 86, 'rec_avg_loss': '0.5894', 'joint_avg_loss': '0.7766', 'cl_avg_loss': '1.8720', 'itemcl_loss': '0.0000', 'cl_pair_0_loss': '1.8720'}
Recommendation EP_test:86: 100%|| 35/35 [00:08<00:00,  4.27it/s]
{'Epoch': 86, 'name': 'high_freq', 'HIT@5': '0.0391', 'NDCG@5': '0.0251', 'HIT@10': '0.0652', 'NDCG@10': '0.0335', 'HIT@20': '0.1002', 'NDCG@20': '0.0422'}
{'Epoch': 86, 'name': 'mid_freq', 'HIT@5': '0.0029', 'NDCG@5': '0.0020', 'HIT@10': '0.0049', 'NDCG@10': '0.0027', 'HIT@20': '0.0076', 'NDCG@20': '0.0034'}
{'Epoch': 86, 'name': 'low_freq', 'HIT@5': '0.0009', 'NDCG@5': '0.0005', 'HIT@10': '0.0011', 'NDCG@10': '0.0006', 'HIT@20': '0.0014', 'NDCG@20': '0.0007'}
{'Epoch': 86, 'name': 'all', 'HIT@5': '0.0273', 'NDCG@5': '0.0175', 'HIT@10': '0.0455', 'NDCG@10': '0.0234', 'HIT@20': '0.0698', 'NDCG@20': '0.0295'}
EarlyStopping counter: 9 out of 40
rec dataset length: 186
100%|██████████████████████████████████████████████████████████████████████████████████████████████████████████████████████████████████████████████████| 186/186 [00:42<00:00,  4.43it/s]
{'epoch': 87, 'rec_avg_loss': '0.5848', 'joint_avg_loss': '0.7691', 'cl_avg_loss': '1.8432', 'itemcl_loss': '0.0000', 'cl_pair_0_loss': '1.8432'}
Recommendation EP_test:87: 100%|| 35/35 [00:08<00:00,  4.33it/s]
{'Epoch': 87, 'name': 'high_freq', 'HIT@5': '0.0400', 'NDCG@5': '0.0257', 'HIT@10': '0.0659', 'NDCG@10': '0.0340', 'HIT@20': '0.0992', 'NDCG@20': '0.0423'}
{'Epoch': 87, 'name': 'mid_freq', 'HIT@5': '0.0034', 'NDCG@5': '0.0022', 'HIT@10': '0.0052', 'NDCG@10': '0.0028', 'HIT@20': '0.0085', 'NDCG@20': '0.0036'}
{'Epoch': 87, 'name': 'low_freq', 'HIT@5': '0.0011', 'NDCG@5': '0.0006', 'HIT@10': '0.0014', 'NDCG@10': '0.0006', 'HIT@20': '0.0018', 'NDCG@20': '0.0007'}
{'Epoch': 87, 'name': 'all', 'HIT@5': '0.0280', 'NDCG@5': '0.0180', 'HIT@10': '0.0460', 'NDCG@10': '0.0237', 'HIT@20': '0.0694', 'NDCG@20': '0.0296'}
EarlyStopping counter: 10 out of 40
rec dataset length: 186
100%|██████████████████████████████████████████████████████████████████████████████████████████████████████████████████████████████████████████████████| 186/186 [00:42<00:00,  4.41it/s]
{'epoch': 88, 'rec_avg_loss': '0.5800', 'joint_avg_loss': '0.7654', 'cl_avg_loss': '1.8541', 'itemcl_loss': '0.0000', 'cl_pair_0_loss': '1.8541'}
Recommendation EP_test:88: 100%|| 35/35 [00:08<00:00,  4.37it/s]
{'Epoch': 88, 'name': 'high_freq', 'HIT@5': '0.0400', 'NDCG@5': '0.0254', 'HIT@10': '0.0656', 'NDCG@10': '0.0337', 'HIT@20': '0.0999', 'NDCG@20': '0.0423'}
{'Epoch': 88, 'name': 'mid_freq', 'HIT@5': '0.0029', 'NDCG@5': '0.0021', 'HIT@10': '0.0049', 'NDCG@10': '0.0028', 'HIT@20': '0.0073', 'NDCG@20': '0.0034'}
{'Epoch': 88, 'name': 'low_freq', 'HIT@5': '0.0011', 'NDCG@5': '0.0007', 'HIT@10': '0.0014', 'NDCG@10': '0.0007', 'HIT@20': '0.0018', 'NDCG@20': '0.0008'}
{'Epoch': 88, 'name': 'all', 'HIT@5': '0.0279', 'NDCG@5': '0.0178', 'HIT@10': '0.0458', 'NDCG@10': '0.0235', 'HIT@20': '0.0696', 'NDCG@20': '0.0295'}
EarlyStopping counter: 11 out of 40
rec dataset length: 186
100%|██████████████████████████████████████████████████████████████████████████████████████████████████████████████████████████████████████████████████| 186/186 [00:42<00:00,  4.41it/s]
{'epoch': 89, 'rec_avg_loss': '0.5784', 'joint_avg_loss': '0.7638', 'cl_avg_loss': '1.8548', 'itemcl_loss': '0.0000', 'cl_pair_0_loss': '1.8548'}
Recommendation EP_test:89: 100%|| 35/35 [00:07<00:00,  4.39it/s]
{'Epoch': 89, 'name': 'high_freq', 'HIT@5': '0.0402', 'NDCG@5': '0.0254', 'HIT@10': '0.0657', 'NDCG@10': '0.0336', 'HIT@20': '0.1005', 'NDCG@20': '0.0424'}
{'Epoch': 89, 'name': 'mid_freq', 'HIT@5': '0.0032', 'NDCG@5': '0.0021', 'HIT@10': '0.0046', 'NDCG@10': '0.0026', 'HIT@20': '0.0080', 'NDCG@20': '0.0035'}
{'Epoch': 89, 'name': 'low_freq', 'HIT@5': '0.0014', 'NDCG@5': '0.0008', 'HIT@10': '0.0016', 'NDCG@10': '0.0008', 'HIT@20': '0.0020', 'NDCG@20': '0.0009'}
{'Epoch': 89, 'name': 'all', 'HIT@5': '0.0281', 'NDCG@5': '0.0178', 'HIT@10': '0.0458', 'NDCG@10': '0.0235', 'HIT@20': '0.0702', 'NDCG@20': '0.0296'}
EarlyStopping counter: 12 out of 40
rec dataset length: 186
100%|██████████████████████████████████████████████████████████████████████████████████████████████████████████████████████████████████████████████████| 186/186 [00:42<00:00,  4.42it/s]
{'epoch': 90, 'rec_avg_loss': '0.5772', 'joint_avg_loss': '0.7608', 'cl_avg_loss': '1.8361', 'itemcl_loss': '0.0000', 'cl_pair_0_loss': '1.8361'}
Recommendation EP_test:90: 100%|| 35/35 [00:07<00:00,  4.47it/s]
{'Epoch': 90, 'name': 'high_freq', 'HIT@5': '0.0397', 'NDCG@5': '0.0251', 'HIT@10': '0.0657', 'NDCG@10': '0.0335', 'HIT@20': '0.1007', 'NDCG@20': '0.0422'}
{'Epoch': 90, 'name': 'mid_freq', 'HIT@5': '0.0033', 'NDCG@5': '0.0022', 'HIT@10': '0.0050', 'NDCG@10': '0.0028', 'HIT@20': '0.0088', 'NDCG@20': '0.0037'}
{'Epoch': 90, 'name': 'low_freq', 'HIT@5': '0.0011', 'NDCG@5': '0.0007', 'HIT@10': '0.0018', 'NDCG@10': '0.0009', 'HIT@20': '0.0025', 'NDCG@20': '0.0011'}
{'Epoch': 90, 'name': 'all', 'HIT@5': '0.0278', 'NDCG@5': '0.0176', 'HIT@10': '0.0459', 'NDCG@10': '0.0234', 'HIT@20': '0.0705', 'NDCG@20': '0.0296'}
EarlyStopping counter: 13 out of 40
rec dataset length: 186
100%|██████████████████████████████████████████████████████████████████████████████████████████████████████████████████████████████████████████████████| 186/186 [00:41<00:00,  4.45it/s]
{'epoch': 91, 'rec_avg_loss': '0.5766', 'joint_avg_loss': '0.7628', 'cl_avg_loss': '1.8625', 'itemcl_loss': '0.0000', 'cl_pair_0_loss': '1.8625'}
Recommendation EP_test:91: 100%|| 35/35 [00:07<00:00,  4.39it/s]
{'Epoch': 91, 'name': 'high_freq', 'HIT@5': '0.0398', 'NDCG@5': '0.0249', 'HIT@10': '0.0660', 'NDCG@10': '0.0333', 'HIT@20': '0.1005', 'NDCG@20': '0.0420'}
{'Epoch': 91, 'name': 'mid_freq', 'HIT@5': '0.0024', 'NDCG@5': '0.0016', 'HIT@10': '0.0052', 'NDCG@10': '0.0025', 'HIT@20': '0.0079', 'NDCG@20': '0.0031'}
{'Epoch': 91, 'name': 'low_freq', 'HIT@5': '0.0009', 'NDCG@5': '0.0006', 'HIT@10': '0.0016', 'NDCG@10': '0.0008', 'HIT@20': '0.0023', 'NDCG@20': '0.0010'}
{'Epoch': 91, 'name': 'all', 'HIT@5': '0.0277', 'NDCG@5': '0.0173', 'HIT@10': '0.0461', 'NDCG@10': '0.0232', 'HIT@20': '0.0702', 'NDCG@20': '0.0293'}
EarlyStopping counter: 14 out of 40
rec dataset length: 186
100%|██████████████████████████████████████████████████████████████████████████████████████████████████████████████████████████████████████████████████| 186/186 [00:42<00:00,  4.41it/s]
{'epoch': 92, 'rec_avg_loss': '0.5750', 'joint_avg_loss': '0.7588', 'cl_avg_loss': '1.8372', 'itemcl_loss': '0.0000', 'cl_pair_0_loss': '1.8372'}
Recommendation EP_test:92: 100%|| 35/35 [00:07<00:00,  4.46it/s]
{'Epoch': 92, 'name': 'high_freq', 'HIT@5': '0.0395', 'NDCG@5': '0.0249', 'HIT@10': '0.0659', 'NDCG@10': '0.0335', 'HIT@20': '0.1002', 'NDCG@20': '0.0421'}
{'Epoch': 92, 'name': 'mid_freq', 'HIT@5': '0.0027', 'NDCG@5': '0.0017', 'HIT@10': '0.0043', 'NDCG@10': '0.0022', 'HIT@20': '0.0082', 'NDCG@20': '0.0032'}
{'Epoch': 92, 'name': 'low_freq', 'HIT@5': '0.0007', 'NDCG@5': '0.0005', 'HIT@10': '0.0009', 'NDCG@10': '0.0006', 'HIT@20': '0.0023', 'NDCG@20': '0.0009'}
{'Epoch': 92, 'name': 'all', 'HIT@5': '0.0275', 'NDCG@5': '0.0174', 'HIT@10': '0.0458', 'NDCG@10': '0.0233', 'HIT@20': '0.0701', 'NDCG@20': '0.0294'}
EarlyStopping counter: 15 out of 40
rec dataset length: 186
100%|██████████████████████████████████████████████████████████████████████████████████████████████████████████████████████████████████████████████████| 186/186 [00:42<00:00,  4.41it/s]
{'epoch': 93, 'rec_avg_loss': '0.5720', 'joint_avg_loss': '0.7531', 'cl_avg_loss': '1.8104', 'itemcl_loss': '0.0000', 'cl_pair_0_loss': '1.8104'}
Recommendation EP_test:93: 100%|| 35/35 [00:08<00:00,  4.28it/s]
{'Epoch': 93, 'name': 'high_freq', 'HIT@5': '0.0409', 'NDCG@5': '0.0255', 'HIT@10': '0.0652', 'NDCG@10': '0.0334', 'HIT@20': '0.1007', 'NDCG@20': '0.0423'}
{'Epoch': 93, 'name': 'mid_freq', 'HIT@5': '0.0034', 'NDCG@5': '0.0021', 'HIT@10': '0.0050', 'NDCG@10': '0.0026', 'HIT@20': '0.0090', 'NDCG@20': '0.0036'}
{'Epoch': 93, 'name': 'low_freq', 'HIT@5': '0.0009', 'NDCG@5': '0.0006', 'HIT@10': '0.0011', 'NDCG@10': '0.0007', 'HIT@20': '0.0018', 'NDCG@20': '0.0009'}
{'Epoch': 93, 'name': 'all', 'HIT@5': '0.0286', 'NDCG@5': '0.0178', 'HIT@10': '0.0455', 'NDCG@10': '0.0233', 'HIT@20': '0.0705', 'NDCG@20': '0.0296'}
EarlyStopping counter: 16 out of 40
rec dataset length: 186
100%|██████████████████████████████████████████████████████████████████████████████████████████████████████████████████████████████████████████████████| 186/186 [00:41<00:00,  4.44it/s]
{'epoch': 94, 'rec_avg_loss': '0.5697', 'joint_avg_loss': '0.7544', 'cl_avg_loss': '1.8467', 'itemcl_loss': '0.0000', 'cl_pair_0_loss': '1.8467'}
Recommendation EP_test:94: 100%|| 35/35 [00:08<00:00,  4.33it/s]
{'Epoch': 94, 'name': 'high_freq', 'HIT@5': '0.0415', 'NDCG@5': '0.0261', 'HIT@10': '0.0656', 'NDCG@10': '0.0339', 'HIT@20': '0.1008', 'NDCG@20': '0.0427'}
{'Epoch': 94, 'name': 'mid_freq', 'HIT@5': '0.0029', 'NDCG@5': '0.0016', 'HIT@10': '0.0052', 'NDCG@10': '0.0024', 'HIT@20': '0.0090', 'NDCG@20': '0.0033'}
{'Epoch': 94, 'name': 'low_freq', 'HIT@5': '0.0009', 'NDCG@5': '0.0005', 'HIT@10': '0.0011', 'NDCG@10': '0.0006', 'HIT@20': '0.0016', 'NDCG@20': '0.0007'}
{'Epoch': 94, 'name': 'all', 'HIT@5': '0.0289', 'NDCG@5': '0.0181', 'HIT@10': '0.0458', 'NDCG@10': '0.0236', 'HIT@20': '0.0705', 'NDCG@20': '0.0298'}
Validation score increased.  Saving model ...
rec dataset length: 186
100%|██████████████████████████████████████████████████████████████████████████████████████████████████████████████████████████████████████████████████| 186/186 [00:41<00:00,  4.44it/s]
{'epoch': 95, 'rec_avg_loss': '0.5670', 'joint_avg_loss': '0.7478', 'cl_avg_loss': '1.8076', 'itemcl_loss': '0.0000', 'cl_pair_0_loss': '1.8076'}
Recommendation EP_test:95: 100%|| 35/35 [00:08<00:00,  4.34it/s]
{'Epoch': 95, 'name': 'high_freq', 'HIT@5': '0.0405', 'NDCG@5': '0.0261', 'HIT@10': '0.0643', 'NDCG@10': '0.0337', 'HIT@20': '0.1013', 'NDCG@20': '0.0430'}
{'Epoch': 95, 'name': 'mid_freq', 'HIT@5': '0.0032', 'NDCG@5': '0.0016', 'HIT@10': '0.0057', 'NDCG@10': '0.0024', 'HIT@20': '0.0085', 'NDCG@20': '0.0031'}
{'Epoch': 95, 'name': 'low_freq', 'HIT@5': '0.0009', 'NDCG@5': '0.0007', 'HIT@10': '0.0016', 'NDCG@10': '0.0009', 'HIT@20': '0.0020', 'NDCG@20': '0.0010'}
{'Epoch': 95, 'name': 'all', 'HIT@5': '0.0283', 'NDCG@5': '0.0181', 'HIT@10': '0.0451', 'NDCG@10': '0.0235', 'HIT@20': '0.0708', 'NDCG@20': '0.0300'}
Validation score increased.  Saving model ...
rec dataset length: 186
100%|██████████████████████████████████████████████████████████████████████████████████████████████████████████████████████████████████████████████████| 186/186 [00:41<00:00,  4.43it/s]
{'epoch': 96, 'rec_avg_loss': '0.5650', 'joint_avg_loss': '0.7467', 'cl_avg_loss': '1.8171', 'itemcl_loss': '0.0000', 'cl_pair_0_loss': '1.8171'}
Recommendation EP_test:96: 100%|| 35/35 [00:07<00:00,  4.39it/s]
{'Epoch': 96, 'name': 'high_freq', 'HIT@5': '0.0398', 'NDCG@5': '0.0251', 'HIT@10': '0.0643', 'NDCG@10': '0.0330', 'HIT@20': '0.0995', 'NDCG@20': '0.0419'}
{'Epoch': 96, 'name': 'mid_freq', 'HIT@5': '0.0026', 'NDCG@5': '0.0015', 'HIT@10': '0.0052', 'NDCG@10': '0.0023', 'HIT@20': '0.0088', 'NDCG@20': '0.0032'}
{'Epoch': 96, 'name': 'low_freq', 'HIT@5': '0.0009', 'NDCG@5': '0.0006', 'HIT@10': '0.0011', 'NDCG@10': '0.0006', 'HIT@20': '0.0018', 'NDCG@20': '0.0008'}
{'Epoch': 96, 'name': 'all', 'HIT@5': '0.0277', 'NDCG@5': '0.0175', 'HIT@10': '0.0449', 'NDCG@10': '0.0230', 'HIT@20': '0.0696', 'NDCG@20': '0.0292'}
EarlyStopping counter: 1 out of 40
rec dataset length: 186
100%|██████████████████████████████████████████████████████████████████████████████████████████████████████████████████████████████████████████████████| 186/186 [00:42<00:00,  4.41it/s]
{'epoch': 97, 'rec_avg_loss': '0.5631', 'joint_avg_loss': '0.7407', 'cl_avg_loss': '1.7761', 'itemcl_loss': '0.0000', 'cl_pair_0_loss': '1.7761'}
Recommendation EP_test:97: 100%|| 35/35 [00:08<00:00,  4.32it/s]
{'Epoch': 97, 'name': 'high_freq', 'HIT@5': '0.0395', 'NDCG@5': '0.0256', 'HIT@10': '0.0635', 'NDCG@10': '0.0333', 'HIT@20': '0.0981', 'NDCG@20': '0.0420'}
{'Epoch': 97, 'name': 'mid_freq', 'HIT@5': '0.0030', 'NDCG@5': '0.0018', 'HIT@10': '0.0055', 'NDCG@10': '0.0026', 'HIT@20': '0.0093', 'NDCG@20': '0.0036'}
{'Epoch': 97, 'name': 'low_freq', 'HIT@5': '0.0007', 'NDCG@5': '0.0004', 'HIT@10': '0.0014', 'NDCG@10': '0.0006', 'HIT@20': '0.0027', 'NDCG@20': '0.0009'}
{'Epoch': 97, 'name': 'all', 'HIT@5': '0.0275', 'NDCG@5': '0.0178', 'HIT@10': '0.0444', 'NDCG@10': '0.0232', 'HIT@20': '0.0689', 'NDCG@20': '0.0294'}
EarlyStopping counter: 2 out of 40
rec dataset length: 186
100%|██████████████████████████████████████████████████████████████████████████████████████████████████████████████████████████████████████████████████| 186/186 [00:41<00:00,  4.46it/s]
{'epoch': 98, 'rec_avg_loss': '0.5621', 'joint_avg_loss': '0.7439', 'cl_avg_loss': '1.8188', 'itemcl_loss': '0.0000', 'cl_pair_0_loss': '1.8188'}
Recommendation EP_test:98: 100%|| 35/35 [00:07<00:00,  4.40it/s]
{'Epoch': 98, 'name': 'high_freq', 'HIT@5': '0.0410', 'NDCG@5': '0.0260', 'HIT@10': '0.0660', 'NDCG@10': '0.0340', 'HIT@20': '0.1011', 'NDCG@20': '0.0429'}
{'Epoch': 98, 'name': 'mid_freq', 'HIT@5': '0.0032', 'NDCG@5': '0.0018', 'HIT@10': '0.0057', 'NDCG@10': '0.0026', 'HIT@20': '0.0096', 'NDCG@20': '0.0036'}
{'Epoch': 98, 'name': 'low_freq', 'HIT@5': '0.0009', 'NDCG@5': '0.0004', 'HIT@10': '0.0011', 'NDCG@10': '0.0005', 'HIT@20': '0.0025', 'NDCG@20': '0.0008'}
{'Epoch': 98, 'name': 'all', 'HIT@5': '0.0287', 'NDCG@5': '0.0181', 'HIT@10': '0.0462', 'NDCG@10': '0.0237', 'HIT@20': '0.0710', 'NDCG@20': '0.0300'}
EarlyStopping counter: 3 out of 40
rec dataset length: 186
100%|██████████████████████████████████████████████████████████████████████████████████████████████████████████████████████████████████████████████████| 186/186 [00:42<00:00,  4.42it/s]
{'epoch': 99, 'rec_avg_loss': '0.5604', 'joint_avg_loss': '0.7424', 'cl_avg_loss': '1.8201', 'itemcl_loss': '0.0000', 'cl_pair_0_loss': '1.8201'}
Recommendation EP_test:99: 100%|| 35/35 [00:07<00:00,  4.44it/s]
{'Epoch': 99, 'name': 'high_freq', 'HIT@5': '0.0397', 'NDCG@5': '0.0250', 'HIT@10': '0.0654', 'NDCG@10': '0.0333', 'HIT@20': '0.0991', 'NDCG@20': '0.0418'}
{'Epoch': 99, 'name': 'mid_freq', 'HIT@5': '0.0023', 'NDCG@5': '0.0016', 'HIT@10': '0.0050', 'NDCG@10': '0.0025', 'HIT@20': '0.0098', 'NDCG@20': '0.0036'}
{'Epoch': 99, 'name': 'low_freq', 'HIT@5': '0.0005', 'NDCG@5': '0.0002', 'HIT@10': '0.0011', 'NDCG@10': '0.0004', 'HIT@20': '0.0018', 'NDCG@20': '0.0006'}
{'Epoch': 99, 'name': 'all', 'HIT@5': '0.0275', 'NDCG@5': '0.0174', 'HIT@10': '0.0456', 'NDCG@10': '0.0232', 'HIT@20': '0.0696', 'NDCG@20': '0.0292'}
EarlyStopping counter: 4 out of 40
rec dataset length: 186
100%|██████████████████████████████████████████████████████████████████████████████████████████████████████████████████████████████████████████████████| 186/186 [00:41<00:00,  4.44it/s]
{'epoch': 100, 'rec_avg_loss': '0.5578', 'joint_avg_loss': '0.7392', 'cl_avg_loss': '1.8137', 'itemcl_loss': '0.0000', 'cl_pair_0_loss': '1.8137'}
Recommendation EP_test:100: 100%|| 35/35 [00:07<00:00,  4.42it/s]
{'Epoch': 100, 'name': 'high_freq', 'HIT@5': '0.0410', 'NDCG@5': '0.0261', 'HIT@10': '0.0664', 'NDCG@10': '0.0343', 'HIT@20': '0.1010', 'NDCG@20': '0.0430'}
{'Epoch': 100, 'name': 'mid_freq', 'HIT@5': '0.0023', 'NDCG@5': '0.0014', 'HIT@10': '0.0050', 'NDCG@10': '0.0023', 'HIT@20': '0.0086', 'NDCG@20': '0.0032'}
{'Epoch': 100, 'name': 'low_freq', 'HIT@5': '0.0009', 'NDCG@5': '0.0004', 'HIT@10': '0.0014', 'NDCG@10': '0.0005', 'HIT@20': '0.0025', 'NDCG@20': '0.0008'}
{'Epoch': 100, 'name': 'all', 'HIT@5': '0.0284', 'NDCG@5': '0.0181', 'HIT@10': '0.0463', 'NDCG@10': '0.0238', 'HIT@20': '0.0707', 'NDCG@20': '0.0300'}
EarlyStopping counter: 5 out of 40
rec dataset length: 186
100%|██████████████████████████████████████████████████████████████████████████████████████████████████████████████████████████████████████████████████| 186/186 [00:42<00:00,  4.42it/s]
{'epoch': 101, 'rec_avg_loss': '0.5570', 'joint_avg_loss': '0.7374', 'cl_avg_loss': '1.8043', 'itemcl_loss': '0.0000', 'cl_pair_0_loss': '1.8043'}
Recommendation EP_test:101: 100%|| 35/35 [00:08<00:00,  4.32it/s]
{'Epoch': 101, 'name': 'high_freq', 'HIT@5': '0.0398', 'NDCG@5': '0.0256', 'HIT@10': '0.0669', 'NDCG@10': '0.0343', 'HIT@20': '0.0998', 'NDCG@20': '0.0426'}
{'Epoch': 101, 'name': 'mid_freq', 'HIT@5': '0.0027', 'NDCG@5': '0.0017', 'HIT@10': '0.0049', 'NDCG@10': '0.0024', 'HIT@20': '0.0098', 'NDCG@20': '0.0036'}
{'Epoch': 101, 'name': 'low_freq', 'HIT@5': '0.0009', 'NDCG@5': '0.0004', 'HIT@10': '0.0011', 'NDCG@10': '0.0005', 'HIT@20': '0.0025', 'NDCG@20': '0.0008'}
{'Epoch': 101, 'name': 'all', 'HIT@5': '0.0277', 'NDCG@5': '0.0178', 'HIT@10': '0.0466', 'NDCG@10': '0.0239', 'HIT@20': '0.0701', 'NDCG@20': '0.0298'}
EarlyStopping counter: 6 out of 40
rec dataset length: 186
100%|██████████████████████████████████████████████████████████████████████████████████████████████████████████████████████████████████████████████████| 186/186 [00:42<00:00,  4.41it/s]
{'epoch': 102, 'rec_avg_loss': '0.5537', 'joint_avg_loss': '0.7340', 'cl_avg_loss': '1.8025', 'itemcl_loss': '0.0000', 'cl_pair_0_loss': '1.8025'}
Recommendation EP_test:102: 100%|| 35/35 [00:08<00:00,  4.26it/s]
{'Epoch': 102, 'name': 'high_freq', 'HIT@5': '0.0396', 'NDCG@5': '0.0254', 'HIT@10': '0.0657', 'NDCG@10': '0.0339', 'HIT@20': '0.1005', 'NDCG@20': '0.0426'}
{'Epoch': 102, 'name': 'mid_freq', 'HIT@5': '0.0029', 'NDCG@5': '0.0018', 'HIT@10': '0.0055', 'NDCG@10': '0.0026', 'HIT@20': '0.0102', 'NDCG@20': '0.0038'}
{'Epoch': 102, 'name': 'low_freq', 'HIT@5': '0.0011', 'NDCG@5': '0.0005', 'HIT@10': '0.0011', 'NDCG@10': '0.0005', 'HIT@20': '0.0025', 'NDCG@20': '0.0009'}
{'Epoch': 102, 'name': 'all', 'HIT@5': '0.0277', 'NDCG@5': '0.0177', 'HIT@10': '0.0459', 'NDCG@10': '0.0236', 'HIT@20': '0.0707', 'NDCG@20': '0.0298'}
EarlyStopping counter: 7 out of 40
rec dataset length: 186
100%|██████████████████████████████████████████████████████████████████████████████████████████████████████████████████████████████████████████████████| 186/186 [00:41<00:00,  4.44it/s]
{'epoch': 103, 'rec_avg_loss': '0.5530', 'joint_avg_loss': '0.7339', 'cl_avg_loss': '1.8084', 'itemcl_loss': '0.0000', 'cl_pair_0_loss': '1.8084'}
Recommendation EP_test:103: 100%|| 35/35 [00:08<00:00,  4.22it/s]
{'Epoch': 103, 'name': 'high_freq', 'HIT@5': '0.0406', 'NDCG@5': '0.0259', 'HIT@10': '0.0664', 'NDCG@10': '0.0342', 'HIT@20': '0.1003', 'NDCG@20': '0.0427'}
{'Epoch': 103, 'name': 'mid_freq', 'HIT@5': '0.0030', 'NDCG@5': '0.0018', 'HIT@10': '0.0050', 'NDCG@10': '0.0024', 'HIT@20': '0.0098', 'NDCG@20': '0.0036'}
{'Epoch': 103, 'name': 'low_freq', 'HIT@5': '0.0011', 'NDCG@5': '0.0005', 'HIT@10': '0.0014', 'NDCG@10': '0.0006', 'HIT@20': '0.0016', 'NDCG@20': '0.0007'}
{'Epoch': 103, 'name': 'all', 'HIT@5': '0.0283', 'NDCG@5': '0.0180', 'HIT@10': '0.0463', 'NDCG@10': '0.0238', 'HIT@20': '0.0703', 'NDCG@20': '0.0298'}
EarlyStopping counter: 8 out of 40
rec dataset length: 186
100%|██████████████████████████████████████████████████████████████████████████████████████████████████████████████████████████████████████████████████| 186/186 [00:41<00:00,  4.44it/s]
{'epoch': 104, 'rec_avg_loss': '0.5509', 'joint_avg_loss': '0.7344', 'cl_avg_loss': '1.8349', 'itemcl_loss': '0.0000', 'cl_pair_0_loss': '1.8349'}
Recommendation EP_test:104: 100%|| 35/35 [00:08<00:00,  4.36it/s]
{'Epoch': 104, 'name': 'high_freq', 'HIT@5': '0.0409', 'NDCG@5': '0.0265', 'HIT@10': '0.0650', 'NDCG@10': '0.0342', 'HIT@20': '0.1003', 'NDCG@20': '0.0431'}
{'Epoch': 104, 'name': 'mid_freq', 'HIT@5': '0.0034', 'NDCG@5': '0.0021', 'HIT@10': '0.0057', 'NDCG@10': '0.0028', 'HIT@20': '0.0090', 'NDCG@20': '0.0036'}
{'Epoch': 104, 'name': 'low_freq', 'HIT@5': '0.0011', 'NDCG@5': '0.0005', 'HIT@10': '0.0011', 'NDCG@10': '0.0005', 'HIT@20': '0.0020', 'NDCG@20': '0.0008'}
{'Epoch': 104, 'name': 'all', 'HIT@5': '0.0287', 'NDCG@5': '0.0185', 'HIT@10': '0.0455', 'NDCG@10': '0.0239', 'HIT@20': '0.0702', 'NDCG@20': '0.0301'}
Validation score increased.  Saving model ...
rec dataset length: 186
100%|██████████████████████████████████████████████████████████████████████████████████████████████████████████████████████████████████████████████████| 186/186 [00:41<00:00,  4.43it/s]
{'epoch': 105, 'rec_avg_loss': '0.5474', 'joint_avg_loss': '0.7265', 'cl_avg_loss': '1.7909', 'itemcl_loss': '0.0000', 'cl_pair_0_loss': '1.7909'}
Recommendation EP_test:105: 100%|| 35/35 [00:08<00:00,  4.32it/s]
{'Epoch': 105, 'name': 'high_freq', 'HIT@5': '0.0399', 'NDCG@5': '0.0252', 'HIT@10': '0.0646', 'NDCG@10': '0.0331', 'HIT@20': '0.0986', 'NDCG@20': '0.0417'}
{'Epoch': 105, 'name': 'mid_freq', 'HIT@5': '0.0029', 'NDCG@5': '0.0016', 'HIT@10': '0.0053', 'NDCG@10': '0.0024', 'HIT@20': '0.0083', 'NDCG@20': '0.0032'}
{'Epoch': 105, 'name': 'low_freq', 'HIT@5': '0.0014', 'NDCG@5': '0.0006', 'HIT@10': '0.0020', 'NDCG@10': '0.0008', 'HIT@20': '0.0027', 'NDCG@20': '0.0010'}
{'Epoch': 105, 'name': 'all', 'HIT@5': '0.0279', 'NDCG@5': '0.0175', 'HIT@10': '0.0452', 'NDCG@10': '0.0231', 'HIT@20': '0.0691', 'NDCG@20': '0.0291'}
EarlyStopping counter: 1 out of 40
rec dataset length: 186
100%|██████████████████████████████████████████████████████████████████████████████████████████████████████████████████████████████████████████████████| 186/186 [00:41<00:00,  4.43it/s]
{'epoch': 106, 'rec_avg_loss': '0.5440', 'joint_avg_loss': '0.7230', 'cl_avg_loss': '1.7903', 'itemcl_loss': '0.0000', 'cl_pair_0_loss': '1.7903'}
Recommendation EP_test:106: 100%|| 35/35 [00:07<00:00,  4.39it/s]
{'Epoch': 106, 'name': 'high_freq', 'HIT@5': '0.0400', 'NDCG@5': '0.0254', 'HIT@10': '0.0647', 'NDCG@10': '0.0333', 'HIT@20': '0.1001', 'NDCG@20': '0.0422'}
{'Epoch': 106, 'name': 'mid_freq', 'HIT@5': '0.0032', 'NDCG@5': '0.0021', 'HIT@10': '0.0053', 'NDCG@10': '0.0028', 'HIT@20': '0.0090', 'NDCG@20': '0.0037'}
{'Epoch': 106, 'name': 'low_freq', 'HIT@5': '0.0009', 'NDCG@5': '0.0004', 'HIT@10': '0.0014', 'NDCG@10': '0.0006', 'HIT@20': '0.0029', 'NDCG@20': '0.0010'}
{'Epoch': 106, 'name': 'all', 'HIT@5': '0.0280', 'NDCG@5': '0.0177', 'HIT@10': '0.0452', 'NDCG@10': '0.0233', 'HIT@20': '0.0703', 'NDCG@20': '0.0296'}
EarlyStopping counter: 2 out of 40
rec dataset length: 186
100%|██████████████████████████████████████████████████████████████████████████████████████████████████████████████████████████████████████████████████| 186/186 [00:42<00:00,  4.42it/s]
{'epoch': 107, 'rec_avg_loss': '0.5479', 'joint_avg_loss': '0.7247', 'cl_avg_loss': '1.7684', 'itemcl_loss': '0.0000', 'cl_pair_0_loss': '1.7684'}
Recommendation EP_test:107: 100%|| 35/35 [00:08<00:00,  4.34it/s]
{'Epoch': 107, 'name': 'high_freq', 'HIT@5': '0.0401', 'NDCG@5': '0.0259', 'HIT@10': '0.0651', 'NDCG@10': '0.0339', 'HIT@20': '0.0997', 'NDCG@20': '0.0426'}
{'Epoch': 107, 'name': 'mid_freq', 'HIT@5': '0.0036', 'NDCG@5': '0.0022', 'HIT@10': '0.0062', 'NDCG@10': '0.0030', 'HIT@20': '0.0105', 'NDCG@20': '0.0041'}
{'Epoch': 107, 'name': 'low_freq', 'HIT@5': '0.0007', 'NDCG@5': '0.0003', 'HIT@10': '0.0011', 'NDCG@10': '0.0004', 'HIT@20': '0.0025', 'NDCG@20': '0.0008'}
{'Epoch': 107, 'name': 'all', 'HIT@5': '0.0281', 'NDCG@5': '0.0180', 'HIT@10': '0.0456', 'NDCG@10': '0.0237', 'HIT@20': '0.0702', 'NDCG@20': '0.0298'}
EarlyStopping counter: 3 out of 40
rec dataset length: 186
100%|██████████████████████████████████████████████████████████████████████████████████████████████████████████████████████████████████████████████████| 186/186 [00:41<00:00,  4.44it/s]
{'epoch': 108, 'rec_avg_loss': '0.5451', 'joint_avg_loss': '0.7236', 'cl_avg_loss': '1.7854', 'itemcl_loss': '0.0000', 'cl_pair_0_loss': '1.7854'}
Recommendation EP_test:108: 100%|| 35/35 [00:08<00:00,  4.31it/s]
{'Epoch': 108, 'name': 'high_freq', 'HIT@5': '0.0405', 'NDCG@5': '0.0261', 'HIT@10': '0.0636', 'NDCG@10': '0.0335', 'HIT@20': '0.0998', 'NDCG@20': '0.0427'}
{'Epoch': 108, 'name': 'mid_freq', 'HIT@5': '0.0027', 'NDCG@5': '0.0018', 'HIT@10': '0.0056', 'NDCG@10': '0.0027', 'HIT@20': '0.0101', 'NDCG@20': '0.0038'}
{'Epoch': 108, 'name': 'low_freq', 'HIT@5': '0.0009', 'NDCG@5': '0.0004', 'HIT@10': '0.0011', 'NDCG@10': '0.0005', 'HIT@20': '0.0027', 'NDCG@20': '0.0009'}
{'Epoch': 108, 'name': 'all', 'HIT@5': '0.0282', 'NDCG@5': '0.0182', 'HIT@10': '0.0445', 'NDCG@10': '0.0234', 'HIT@20': '0.0702', 'NDCG@20': '0.0299'}
EarlyStopping counter: 4 out of 40
rec dataset length: 186
100%|██████████████████████████████████████████████████████████████████████████████████████████████████████████████████████████████████████████████████| 186/186 [00:41<00:00,  4.43it/s]
{'epoch': 109, 'rec_avg_loss': '0.5425', 'joint_avg_loss': '0.7202', 'cl_avg_loss': '1.7768', 'itemcl_loss': '0.0000', 'cl_pair_0_loss': '1.7768'}
Recommendation EP_test:109: 100%|| 35/35 [00:08<00:00,  4.30it/s]
{'Epoch': 109, 'name': 'high_freq', 'HIT@5': '0.0412', 'NDCG@5': '0.0259', 'HIT@10': '0.0640', 'NDCG@10': '0.0332', 'HIT@20': '0.0998', 'NDCG@20': '0.0423'}
{'Epoch': 109, 'name': 'mid_freq', 'HIT@5': '0.0032', 'NDCG@5': '0.0019', 'HIT@10': '0.0068', 'NDCG@10': '0.0030', 'HIT@20': '0.0105', 'NDCG@20': '0.0040'}
{'Epoch': 109, 'name': 'low_freq', 'HIT@5': '0.0009', 'NDCG@5': '0.0005', 'HIT@10': '0.0016', 'NDCG@10': '0.0007', 'HIT@20': '0.0029', 'NDCG@20': '0.0010'}
{'Epoch': 109, 'name': 'all', 'HIT@5': '0.0287', 'NDCG@5': '0.0180', 'HIT@10': '0.0450', 'NDCG@10': '0.0233', 'HIT@20': '0.0703', 'NDCG@20': '0.0297'}
EarlyStopping counter: 5 out of 40
rec dataset length: 186
100%|██████████████████████████████████████████████████████████████████████████████████████████████████████████████████████████████████████████████████| 186/186 [00:42<00:00,  4.39it/s]
{'epoch': 110, 'rec_avg_loss': '0.5400', 'joint_avg_loss': '0.7157', 'cl_avg_loss': '1.7569', 'itemcl_loss': '0.0000', 'cl_pair_0_loss': '1.7569'}
Recommendation EP_test:110: 100%|| 35/35 [00:08<00:00,  4.24it/s]
{'Epoch': 110, 'name': 'high_freq', 'HIT@5': '0.0412', 'NDCG@5': '0.0264', 'HIT@10': '0.0662', 'NDCG@10': '0.0344', 'HIT@20': '0.1009', 'NDCG@20': '0.0431'}
{'Epoch': 110, 'name': 'mid_freq', 'HIT@5': '0.0030', 'NDCG@5': '0.0018', 'HIT@10': '0.0059', 'NDCG@10': '0.0027', 'HIT@20': '0.0103', 'NDCG@20': '0.0038'}
{'Epoch': 110, 'name': 'low_freq', 'HIT@5': '0.0011', 'NDCG@5': '0.0007', 'HIT@10': '0.0014', 'NDCG@10': '0.0007', 'HIT@20': '0.0020', 'NDCG@20': '0.0009'}
{'Epoch': 110, 'name': 'all', 'HIT@5': '0.0287', 'NDCG@5': '0.0184', 'HIT@10': '0.0464', 'NDCG@10': '0.0240', 'HIT@20': '0.0709', 'NDCG@20': '0.0302'}
Validation score increased.  Saving model ...
rec dataset length: 186
100%|██████████████████████████████████████████████████████████████████████████████████████████████████████████████████████████████████████████████████| 186/186 [00:42<00:00,  4.41it/s]
{'epoch': 111, 'rec_avg_loss': '0.5399', 'joint_avg_loss': '0.7186', 'cl_avg_loss': '1.7868', 'itemcl_loss': '0.0000', 'cl_pair_0_loss': '1.7868'}
Recommendation EP_test:111: 100%|| 35/35 [00:08<00:00,  4.25it/s]
{'Epoch': 111, 'name': 'high_freq', 'HIT@5': '0.0410', 'NDCG@5': '0.0261', 'HIT@10': '0.0656', 'NDCG@10': '0.0340', 'HIT@20': '0.1015', 'NDCG@20': '0.0430'}
{'Epoch': 111, 'name': 'mid_freq', 'HIT@5': '0.0029', 'NDCG@5': '0.0018', 'HIT@10': '0.0053', 'NDCG@10': '0.0025', 'HIT@20': '0.0096', 'NDCG@20': '0.0036'}
{'Epoch': 111, 'name': 'low_freq', 'HIT@5': '0.0011', 'NDCG@5': '0.0005', 'HIT@10': '0.0014', 'NDCG@10': '0.0006', 'HIT@20': '0.0027', 'NDCG@20': '0.0009'}
{'Epoch': 111, 'name': 'all', 'HIT@5': '0.0286', 'NDCG@5': '0.0181', 'HIT@10': '0.0458', 'NDCG@10': '0.0237', 'HIT@20': '0.0712', 'NDCG@20': '0.0301'}
EarlyStopping counter: 1 out of 40
rec dataset length: 186
100%|██████████████████████████████████████████████████████████████████████████████████████████████████████████████████████████████████████████████████| 186/186 [00:41<00:00,  4.44it/s]
{'epoch': 112, 'rec_avg_loss': '0.5391', 'joint_avg_loss': '0.7196', 'cl_avg_loss': '1.8042', 'itemcl_loss': '0.0000', 'cl_pair_0_loss': '1.8042'}
Recommendation EP_test:112: 100%|| 35/35 [00:08<00:00,  4.37it/s]
{'Epoch': 112, 'name': 'high_freq', 'HIT@5': '0.0409', 'NDCG@5': '0.0261', 'HIT@10': '0.0663', 'NDCG@10': '0.0342', 'HIT@20': '0.1005', 'NDCG@20': '0.0428'}
{'Epoch': 112, 'name': 'mid_freq', 'HIT@5': '0.0027', 'NDCG@5': '0.0017', 'HIT@10': '0.0052', 'NDCG@10': '0.0025', 'HIT@20': '0.0105', 'NDCG@20': '0.0039'}
{'Epoch': 112, 'name': 'low_freq', 'HIT@5': '0.0007', 'NDCG@5': '0.0003', 'HIT@10': '0.0014', 'NDCG@10': '0.0005', 'HIT@20': '0.0032', 'NDCG@20': '0.0010'}
{'Epoch': 112, 'name': 'all', 'HIT@5': '0.0285', 'NDCG@5': '0.0181', 'HIT@10': '0.0463', 'NDCG@10': '0.0238', 'HIT@20': '0.0708', 'NDCG@20': '0.0300'}
EarlyStopping counter: 2 out of 40
rec dataset length: 186
100%|██████████████████████████████████████████████████████████████████████████████████████████████████████████████████████████████████████████████████| 186/186 [00:42<00:00,  4.41it/s]
{'epoch': 113, 'rec_avg_loss': '0.5335', 'joint_avg_loss': '0.7102', 'cl_avg_loss': '1.7664', 'itemcl_loss': '0.0000', 'cl_pair_0_loss': '1.7664'}
Recommendation EP_test:113: 100%|| 35/35 [00:08<00:00,  4.30it/s]
{'Epoch': 113, 'name': 'high_freq', 'HIT@5': '0.0418', 'NDCG@5': '0.0270', 'HIT@10': '0.0667', 'NDCG@10': '0.0351', 'HIT@20': '0.1005', 'NDCG@20': '0.0436'}
{'Epoch': 113, 'name': 'mid_freq', 'HIT@5': '0.0033', 'NDCG@5': '0.0020', 'HIT@10': '0.0057', 'NDCG@10': '0.0028', 'HIT@20': '0.0118', 'NDCG@20': '0.0043'}
{'Epoch': 113, 'name': 'low_freq', 'HIT@5': '0.0005', 'NDCG@5': '0.0002', 'HIT@10': '0.0011', 'NDCG@10': '0.0004', 'HIT@20': '0.0029', 'NDCG@20': '0.0009'}
{'Epoch': 113, 'name': 'all', 'HIT@5': '0.0291', 'NDCG@5': '0.0188', 'HIT@10': '0.0467', 'NDCG@10': '0.0244', 'HIT@20': '0.0710', 'NDCG@20': '0.0306'}
Validation score increased.  Saving model ...
rec dataset length: 186
100%|██████████████████████████████████████████████████████████████████████████████████████████████████████████████████████████████████████████████████| 186/186 [00:41<00:00,  4.43it/s]
{'epoch': 114, 'rec_avg_loss': '0.5349', 'joint_avg_loss': '0.7083', 'cl_avg_loss': '1.7335', 'itemcl_loss': '0.0000', 'cl_pair_0_loss': '1.7335'}
Recommendation EP_test:114: 100%|| 35/35 [00:08<00:00,  4.37it/s]
{'Epoch': 114, 'name': 'high_freq', 'HIT@5': '0.0417', 'NDCG@5': '0.0270', 'HIT@10': '0.0671', 'NDCG@10': '0.0351', 'HIT@20': '0.1014', 'NDCG@20': '0.0438'}
{'Epoch': 114, 'name': 'mid_freq', 'HIT@5': '0.0029', 'NDCG@5': '0.0019', 'HIT@10': '0.0059', 'NDCG@10': '0.0028', 'HIT@20': '0.0113', 'NDCG@20': '0.0042'}
{'Epoch': 114, 'name': 'low_freq', 'HIT@5': '0.0007', 'NDCG@5': '0.0003', 'HIT@10': '0.0011', 'NDCG@10': '0.0005', 'HIT@20': '0.0038', 'NDCG@20': '0.0011'}
{'Epoch': 114, 'name': 'all', 'HIT@5': '0.0290', 'NDCG@5': '0.0188', 'HIT@10': '0.0469', 'NDCG@10': '0.0245', 'HIT@20': '0.0717', 'NDCG@20': '0.0307'}
Validation score increased.  Saving model ...
rec dataset length: 186
100%|██████████████████████████████████████████████████████████████████████████████████████████████████████████████████████████████████████████████████| 186/186 [00:42<00:00,  4.41it/s]
{'epoch': 115, 'rec_avg_loss': '0.5318', 'joint_avg_loss': '0.7086', 'cl_avg_loss': '1.7679', 'itemcl_loss': '0.0000', 'cl_pair_0_loss': '1.7679'}
Recommendation EP_test:115: 100%|| 35/35 [00:08<00:00,  4.33it/s]
{'Epoch': 115, 'name': 'high_freq', 'HIT@5': '0.0413', 'NDCG@5': '0.0264', 'HIT@10': '0.0659', 'NDCG@10': '0.0343', 'HIT@20': '0.0997', 'NDCG@20': '0.0428'}
{'Epoch': 115, 'name': 'mid_freq', 'HIT@5': '0.0032', 'NDCG@5': '0.0019', 'HIT@10': '0.0063', 'NDCG@10': '0.0029', 'HIT@20': '0.0101', 'NDCG@20': '0.0038'}
{'Epoch': 115, 'name': 'low_freq', 'HIT@5': '0.0007', 'NDCG@5': '0.0003', 'HIT@10': '0.0014', 'NDCG@10': '0.0005', 'HIT@20': '0.0027', 'NDCG@20': '0.0009'}
{'Epoch': 115, 'name': 'all', 'HIT@5': '0.0288', 'NDCG@5': '0.0184', 'HIT@10': '0.0463', 'NDCG@10': '0.0240', 'HIT@20': '0.0701', 'NDCG@20': '0.0299'}
EarlyStopping counter: 1 out of 40
rec dataset length: 186
100%|██████████████████████████████████████████████████████████████████████████████████████████████████████████████████████████████████████████████████| 186/186 [00:42<00:00,  4.42it/s]
{'epoch': 116, 'rec_avg_loss': '0.5335', 'joint_avg_loss': '0.7048', 'cl_avg_loss': '1.7124', 'itemcl_loss': '0.0000', 'cl_pair_0_loss': '1.7124'}
Recommendation EP_test:116: 100%|| 35/35 [00:08<00:00,  4.35it/s]
{'Epoch': 116, 'name': 'high_freq', 'HIT@5': '0.0413', 'NDCG@5': '0.0264', 'HIT@10': '0.0655', 'NDCG@10': '0.0342', 'HIT@20': '0.1001', 'NDCG@20': '0.0429'}
{'Epoch': 116, 'name': 'mid_freq', 'HIT@5': '0.0036', 'NDCG@5': '0.0023', 'HIT@10': '0.0059', 'NDCG@10': '0.0030', 'HIT@20': '0.0118', 'NDCG@20': '0.0045'}
{'Epoch': 116, 'name': 'low_freq', 'HIT@5': '0.0009', 'NDCG@5': '0.0004', 'HIT@10': '0.0016', 'NDCG@10': '0.0006', 'HIT@20': '0.0034', 'NDCG@20': '0.0011'}
{'Epoch': 116, 'name': 'all', 'HIT@5': '0.0289', 'NDCG@5': '0.0185', 'HIT@10': '0.0459', 'NDCG@10': '0.0240', 'HIT@20': '0.0708', 'NDCG@20': '0.0302'}
EarlyStopping counter: 2 out of 40
rec dataset length: 186
100%|██████████████████████████████████████████████████████████████████████████████████████████████████████████████████████████████████████████████████| 186/186 [00:42<00:00,  4.41it/s]
{'epoch': 117, 'rec_avg_loss': '0.5318', 'joint_avg_loss': '0.7064', 'cl_avg_loss': '1.7462', 'itemcl_loss': '0.0000', 'cl_pair_0_loss': '1.7462'}
Recommendation EP_test:117: 100%|| 35/35 [00:08<00:00,  4.34it/s]
{'Epoch': 117, 'name': 'high_freq', 'HIT@5': '0.0403', 'NDCG@5': '0.0263', 'HIT@10': '0.0650', 'NDCG@10': '0.0343', 'HIT@20': '0.0984', 'NDCG@20': '0.0426'}
{'Epoch': 117, 'name': 'mid_freq', 'HIT@5': '0.0037', 'NDCG@5': '0.0022', 'HIT@10': '0.0060', 'NDCG@10': '0.0029', 'HIT@20': '0.0103', 'NDCG@20': '0.0040'}
{'Epoch': 117, 'name': 'low_freq', 'HIT@5': '0.0005', 'NDCG@5': '0.0003', 'HIT@10': '0.0014', 'NDCG@10': '0.0006', 'HIT@20': '0.0032', 'NDCG@20': '0.0011'}
{'Epoch': 117, 'name': 'all', 'HIT@5': '0.0282', 'NDCG@5': '0.0184', 'HIT@10': '0.0456', 'NDCG@10': '0.0239', 'HIT@20': '0.0693', 'NDCG@20': '0.0299'}
EarlyStopping counter: 3 out of 40
rec dataset length: 186
100%|██████████████████████████████████████████████████████████████████████████████████████████████████████████████████████████████████████████████████| 186/186 [00:42<00:00,  4.37it/s]
{'epoch': 118, 'rec_avg_loss': '0.5281', 'joint_avg_loss': '0.7031', 'cl_avg_loss': '1.7508', 'itemcl_loss': '0.0000', 'cl_pair_0_loss': '1.7508'}
Recommendation EP_test:118: 100%|| 35/35 [00:08<00:00,  4.30it/s]
{'Epoch': 118, 'name': 'high_freq', 'HIT@5': '0.0407', 'NDCG@5': '0.0260', 'HIT@10': '0.0656', 'NDCG@10': '0.0340', 'HIT@20': '0.1001', 'NDCG@20': '0.0427'}
{'Epoch': 118, 'name': 'mid_freq', 'HIT@5': '0.0036', 'NDCG@5': '0.0024', 'HIT@10': '0.0068', 'NDCG@10': '0.0034', 'HIT@20': '0.0113', 'NDCG@20': '0.0045'}
{'Epoch': 118, 'name': 'low_freq', 'HIT@5': '0.0007', 'NDCG@5': '0.0003', 'HIT@10': '0.0014', 'NDCG@10': '0.0005', 'HIT@20': '0.0027', 'NDCG@20': '0.0009'}
{'Epoch': 118, 'name': 'all', 'HIT@5': '0.0285', 'NDCG@5': '0.0182', 'HIT@10': '0.0461', 'NDCG@10': '0.0239', 'HIT@20': '0.0707', 'NDCG@20': '0.0301'}
EarlyStopping counter: 4 out of 40
rec dataset length: 186
100%|██████████████████████████████████████████████████████████████████████████████████████████████████████████████████████████████████████████████████| 186/186 [00:42<00:00,  4.40it/s]
{'epoch': 119, 'rec_avg_loss': '0.5288', 'joint_avg_loss': '0.7025', 'cl_avg_loss': '1.7365', 'itemcl_loss': '0.0000', 'cl_pair_0_loss': '1.7365'}
Recommendation EP_test:119: 100%|| 35/35 [00:08<00:00,  4.25it/s]
{'Epoch': 119, 'name': 'high_freq', 'HIT@5': '0.0409', 'NDCG@5': '0.0265', 'HIT@10': '0.0637', 'NDCG@10': '0.0339', 'HIT@20': '0.0996', 'NDCG@20': '0.0429'}
{'Epoch': 119, 'name': 'mid_freq', 'HIT@5': '0.0042', 'NDCG@5': '0.0028', 'HIT@10': '0.0057', 'NDCG@10': '0.0033', 'HIT@20': '0.0109', 'NDCG@20': '0.0046'}
{'Epoch': 119, 'name': 'low_freq', 'HIT@5': '0.0009', 'NDCG@5': '0.0004', 'HIT@10': '0.0011', 'NDCG@10': '0.0005', 'HIT@20': '0.0025', 'NDCG@20': '0.0008'}
{'Epoch': 119, 'name': 'all', 'HIT@5': '0.0287', 'NDCG@5': '0.0186', 'HIT@10': '0.0446', 'NDCG@10': '0.0238', 'HIT@20': '0.0702', 'NDCG@20': '0.0302'}
EarlyStopping counter: 5 out of 40
rec dataset length: 186
100%|██████████████████████████████████████████████████████████████████████████████████████████████████████████████████████████████████████████████████| 186/186 [00:42<00:00,  4.42it/s]
{'epoch': 120, 'rec_avg_loss': '0.5249', 'joint_avg_loss': '0.7023', 'cl_avg_loss': '1.7735', 'itemcl_loss': '0.0000', 'cl_pair_0_loss': '1.7735'}
Recommendation EP_test:120: 100%|| 35/35 [00:07<00:00,  4.39it/s]
{'Epoch': 120, 'name': 'high_freq', 'HIT@5': '0.0403', 'NDCG@5': '0.0262', 'HIT@10': '0.0646', 'NDCG@10': '0.0340', 'HIT@20': '0.1006', 'NDCG@20': '0.0431'}
{'Epoch': 120, 'name': 'mid_freq', 'HIT@5': '0.0040', 'NDCG@5': '0.0022', 'HIT@10': '0.0063', 'NDCG@10': '0.0029', 'HIT@20': '0.0105', 'NDCG@20': '0.0040'}
{'Epoch': 120, 'name': 'low_freq', 'HIT@5': '0.0011', 'NDCG@5': '0.0005', 'HIT@10': '0.0014', 'NDCG@10': '0.0006', 'HIT@20': '0.0034', 'NDCG@20': '0.0011'}
{'Epoch': 120, 'name': 'all', 'HIT@5': '0.0284', 'NDCG@5': '0.0183', 'HIT@10': '0.0454', 'NDCG@10': '0.0238', 'HIT@20': '0.0709', 'NDCG@20': '0.0302'}
EarlyStopping counter: 6 out of 40
rec dataset length: 186
100%|██████████████████████████████████████████████████████████████████████████████████████████████████████████████████████████████████████████████████| 186/186 [00:42<00:00,  4.43it/s]
{'epoch': 121, 'rec_avg_loss': '0.5259', 'joint_avg_loss': '0.7000', 'cl_avg_loss': '1.7416', 'itemcl_loss': '0.0000', 'cl_pair_0_loss': '1.7416'}
Recommendation EP_test:121: 100%|| 35/35 [00:08<00:00,  4.36it/s]
{'Epoch': 121, 'name': 'high_freq', 'HIT@5': '0.0404', 'NDCG@5': '0.0265', 'HIT@10': '0.0640', 'NDCG@10': '0.0341', 'HIT@20': '0.1005', 'NDCG@20': '0.0433'}
{'Epoch': 121, 'name': 'mid_freq', 'HIT@5': '0.0036', 'NDCG@5': '0.0024', 'HIT@10': '0.0065', 'NDCG@10': '0.0033', 'HIT@20': '0.0113', 'NDCG@20': '0.0045'}
{'Epoch': 121, 'name': 'low_freq', 'HIT@5': '0.0009', 'NDCG@5': '0.0004', 'HIT@10': '0.0016', 'NDCG@10': '0.0006', 'HIT@20': '0.0023', 'NDCG@20': '0.0008'}
{'Epoch': 121, 'name': 'all', 'HIT@5': '0.0283', 'NDCG@5': '0.0186', 'HIT@10': '0.0450', 'NDCG@10': '0.0240', 'HIT@20': '0.0709', 'NDCG@20': '0.0304'}
EarlyStopping counter: 7 out of 40
rec dataset length: 186
100%|██████████████████████████████████████████████████████████████████████████████████████████████████████████████████████████████████████████████████| 186/186 [00:42<00:00,  4.42it/s]
{'epoch': 122, 'rec_avg_loss': '0.5236', 'joint_avg_loss': '0.6990', 'cl_avg_loss': '1.7540', 'itemcl_loss': '0.0000', 'cl_pair_0_loss': '1.7540'}
Recommendation EP_test:122: 100%|| 35/35 [00:07<00:00,  4.50it/s]
{'Epoch': 122, 'name': 'high_freq', 'HIT@5': '0.0406', 'NDCG@5': '0.0266', 'HIT@10': '0.0656', 'NDCG@10': '0.0345', 'HIT@20': '0.1003', 'NDCG@20': '0.0433'}
{'Epoch': 122, 'name': 'mid_freq', 'HIT@5': '0.0040', 'NDCG@5': '0.0023', 'HIT@10': '0.0068', 'NDCG@10': '0.0032', 'HIT@20': '0.0106', 'NDCG@20': '0.0042'}
{'Epoch': 122, 'name': 'low_freq', 'HIT@5': '0.0009', 'NDCG@5': '0.0005', 'HIT@10': '0.0014', 'NDCG@10': '0.0006', 'HIT@20': '0.0023', 'NDCG@20': '0.0008'}
{'Epoch': 122, 'name': 'all', 'HIT@5': '0.0285', 'NDCG@5': '0.0186', 'HIT@10': '0.0461', 'NDCG@10': '0.0242', 'HIT@20': '0.0706', 'NDCG@20': '0.0304'}
EarlyStopping counter: 8 out of 40
rec dataset length: 186
100%|██████████████████████████████████████████████████████████████████████████████████████████████████████████████████████████████████████████████████| 186/186 [00:42<00:00,  4.42it/s]
{'epoch': 123, 'rec_avg_loss': '0.5205', 'joint_avg_loss': '0.6970', 'cl_avg_loss': '1.7651', 'itemcl_loss': '0.0000', 'cl_pair_0_loss': '1.7651'}
Recommendation EP_test:123: 100%|| 35/35 [00:07<00:00,  4.42it/s]
{'Epoch': 123, 'name': 'high_freq', 'HIT@5': '0.0435', 'NDCG@5': '0.0283', 'HIT@10': '0.0668', 'NDCG@10': '0.0357', 'HIT@20': '0.1016', 'NDCG@20': '0.0445'}
{'Epoch': 123, 'name': 'mid_freq', 'HIT@5': '0.0039', 'NDCG@5': '0.0027', 'HIT@10': '0.0062', 'NDCG@10': '0.0034', 'HIT@20': '0.0115', 'NDCG@20': '0.0048'}
{'Epoch': 123, 'name': 'low_freq', 'HIT@5': '0.0009', 'NDCG@5': '0.0005', 'HIT@10': '0.0016', 'NDCG@10': '0.0008', 'HIT@20': '0.0034', 'NDCG@20': '0.0012'}
{'Epoch': 123, 'name': 'all', 'HIT@5': '0.0305', 'NDCG@5': '0.0198', 'HIT@10': '0.0468', 'NDCG@10': '0.0251', 'HIT@20': '0.0718', 'NDCG@20': '0.0313'}
Validation score increased.  Saving model ...
rec dataset length: 186
100%|██████████████████████████████████████████████████████████████████████████████████████████████████████████████████████████████████████████████████| 186/186 [00:41<00:00,  4.44it/s]
{'epoch': 124, 'rec_avg_loss': '0.5189', 'joint_avg_loss': '0.6967', 'cl_avg_loss': '1.7778', 'itemcl_loss': '0.0000', 'cl_pair_0_loss': '1.7778'}
Recommendation EP_test:124: 100%|| 35/35 [00:07<00:00,  4.45it/s]
{'Epoch': 124, 'name': 'high_freq', 'HIT@5': '0.0405', 'NDCG@5': '0.0261', 'HIT@10': '0.0640', 'NDCG@10': '0.0337', 'HIT@20': '0.0998', 'NDCG@20': '0.0427'}
{'Epoch': 124, 'name': 'mid_freq', 'HIT@5': '0.0037', 'NDCG@5': '0.0024', 'HIT@10': '0.0068', 'NDCG@10': '0.0033', 'HIT@20': '0.0106', 'NDCG@20': '0.0043'}
{'Epoch': 124, 'name': 'low_freq', 'HIT@5': '0.0014', 'NDCG@5': '0.0007', 'HIT@10': '0.0018', 'NDCG@10': '0.0009', 'HIT@20': '0.0034', 'NDCG@20': '0.0013'}
{'Epoch': 124, 'name': 'all', 'HIT@5': '0.0284', 'NDCG@5': '0.0183', 'HIT@10': '0.0451', 'NDCG@10': '0.0237', 'HIT@20': '0.0704', 'NDCG@20': '0.0301'}
EarlyStopping counter: 1 out of 40
rec dataset length: 186
100%|██████████████████████████████████████████████████████████████████████████████████████████████████████████████████████████████████████████████████| 186/186 [00:42<00:00,  4.43it/s]
{'epoch': 125, 'rec_avg_loss': '0.5210', 'joint_avg_loss': '0.6918', 'cl_avg_loss': '1.7081', 'itemcl_loss': '0.0000', 'cl_pair_0_loss': '1.7081'}
Recommendation EP_test:125: 100%|| 35/35 [00:08<00:00,  4.28it/s]
{'Epoch': 125, 'name': 'high_freq', 'HIT@5': '0.0409', 'NDCG@5': '0.0262', 'HIT@10': '0.0654', 'NDCG@10': '0.0341', 'HIT@20': '0.0992', 'NDCG@20': '0.0426'}
{'Epoch': 125, 'name': 'mid_freq', 'HIT@5': '0.0036', 'NDCG@5': '0.0025', 'HIT@10': '0.0065', 'NDCG@10': '0.0034', 'HIT@20': '0.0105', 'NDCG@20': '0.0044'}
{'Epoch': 125, 'name': 'low_freq', 'HIT@5': '0.0011', 'NDCG@5': '0.0006', 'HIT@10': '0.0016', 'NDCG@10': '0.0007', 'HIT@20': '0.0032', 'NDCG@20': '0.0011'}
{'Epoch': 125, 'name': 'all', 'HIT@5': '0.0287', 'NDCG@5': '0.0184', 'HIT@10': '0.0459', 'NDCG@10': '0.0240', 'HIT@20': '0.0699', 'NDCG@20': '0.0300'}
EarlyStopping counter: 2 out of 40
rec dataset length: 186
100%|██████████████████████████████████████████████████████████████████████████████████████████████████████████████████████████████████████████████████| 186/186 [00:41<00:00,  4.44it/s]
{'epoch': 126, 'rec_avg_loss': '0.5191', 'joint_avg_loss': '0.6960', 'cl_avg_loss': '1.7695', 'itemcl_loss': '0.0000', 'cl_pair_0_loss': '1.7695'}
Recommendation EP_test:126: 100%|| 35/35 [00:08<00:00,  4.30it/s]
{'Epoch': 126, 'name': 'high_freq', 'HIT@5': '0.0401', 'NDCG@5': '0.0257', 'HIT@10': '0.0649', 'NDCG@10': '0.0336', 'HIT@20': '0.0993', 'NDCG@20': '0.0423'}
{'Epoch': 126, 'name': 'mid_freq', 'HIT@5': '0.0033', 'NDCG@5': '0.0020', 'HIT@10': '0.0053', 'NDCG@10': '0.0027', 'HIT@20': '0.0095', 'NDCG@20': '0.0037'}
{'Epoch': 126, 'name': 'low_freq', 'HIT@5': '0.0009', 'NDCG@5': '0.0004', 'HIT@10': '0.0016', 'NDCG@10': '0.0006', 'HIT@20': '0.0032', 'NDCG@20': '0.0010'}
{'Epoch': 126, 'name': 'all', 'HIT@5': '0.0280', 'NDCG@5': '0.0179', 'HIT@10': '0.0454', 'NDCG@10': '0.0235', 'HIT@20': '0.0698', 'NDCG@20': '0.0296'}
EarlyStopping counter: 3 out of 40
rec dataset length: 186
100%|██████████████████████████████████████████████████████████████████████████████████████████████████████████████████████████████████████████████████| 186/186 [00:42<00:00,  4.41it/s]
{'epoch': 127, 'rec_avg_loss': '0.5157', 'joint_avg_loss': '0.6879', 'cl_avg_loss': '1.7216', 'itemcl_loss': '0.0000', 'cl_pair_0_loss': '1.7216'}
Recommendation EP_test:127: 100%|| 35/35 [00:08<00:00,  4.31it/s]
{'Epoch': 127, 'name': 'high_freq', 'HIT@5': '0.0397', 'NDCG@5': '0.0256', 'HIT@10': '0.0648', 'NDCG@10': '0.0337', 'HIT@20': '0.0979', 'NDCG@20': '0.0420'}
{'Epoch': 127, 'name': 'mid_freq', 'HIT@5': '0.0037', 'NDCG@5': '0.0023', 'HIT@10': '0.0062', 'NDCG@10': '0.0031', 'HIT@20': '0.0109', 'NDCG@20': '0.0042'}
{'Epoch': 127, 'name': 'low_freq', 'HIT@5': '0.0011', 'NDCG@5': '0.0006', 'HIT@10': '0.0016', 'NDCG@10': '0.0008', 'HIT@20': '0.0029', 'NDCG@20': '0.0011'}
{'Epoch': 127, 'name': 'all', 'HIT@5': '0.0279', 'NDCG@5': '0.0179', 'HIT@10': '0.0455', 'NDCG@10': '0.0236', 'HIT@20': '0.0691', 'NDCG@20': '0.0295'}
EarlyStopping counter: 4 out of 40
rec dataset length: 186
100%|██████████████████████████████████████████████████████████████████████████████████████████████████████████████████████████████████████████████████| 186/186 [00:41<00:00,  4.43it/s]
{'epoch': 128, 'rec_avg_loss': '0.5163', 'joint_avg_loss': '0.6876', 'cl_avg_loss': '1.7126', 'itemcl_loss': '0.0000', 'cl_pair_0_loss': '1.7126'}
Recommendation EP_test:128: 100%|| 35/35 [00:08<00:00,  4.32it/s]
{'Epoch': 128, 'name': 'high_freq', 'HIT@5': '0.0399', 'NDCG@5': '0.0259', 'HIT@10': '0.0632', 'NDCG@10': '0.0334', 'HIT@20': '0.0976', 'NDCG@20': '0.0420'}
{'Epoch': 128, 'name': 'mid_freq', 'HIT@5': '0.0034', 'NDCG@5': '0.0023', 'HIT@10': '0.0060', 'NDCG@10': '0.0031', 'HIT@20': '0.0102', 'NDCG@20': '0.0042'}
{'Epoch': 128, 'name': 'low_freq', 'HIT@5': '0.0007', 'NDCG@5': '0.0003', 'HIT@10': '0.0014', 'NDCG@10': '0.0005', 'HIT@20': '0.0036', 'NDCG@20': '0.0011'}
{'Epoch': 128, 'name': 'all', 'HIT@5': '0.0279', 'NDCG@5': '0.0181', 'HIT@10': '0.0443', 'NDCG@10': '0.0234', 'HIT@20': '0.0689', 'NDCG@20': '0.0296'}
EarlyStopping counter: 5 out of 40
rec dataset length: 186
100%|██████████████████████████████████████████████████████████████████████████████████████████████████████████████████████████████████████████████████| 186/186 [00:42<00:00,  4.42it/s]
{'epoch': 129, 'rec_avg_loss': '0.5141', 'joint_avg_loss': '0.6870', 'cl_avg_loss': '1.7292', 'itemcl_loss': '0.0000', 'cl_pair_0_loss': '1.7292'}
Recommendation EP_test:129: 100%|| 35/35 [00:08<00:00,  4.28it/s]
{'Epoch': 129, 'name': 'high_freq', 'HIT@5': '0.0392', 'NDCG@5': '0.0260', 'HIT@10': '0.0639', 'NDCG@10': '0.0340', 'HIT@20': '0.0993', 'NDCG@20': '0.0428'}
{'Epoch': 129, 'name': 'mid_freq', 'HIT@5': '0.0037', 'NDCG@5': '0.0023', 'HIT@10': '0.0073', 'NDCG@10': '0.0034', 'HIT@20': '0.0118', 'NDCG@20': '0.0046'}
{'Epoch': 129, 'name': 'low_freq', 'HIT@5': '0.0007', 'NDCG@5': '0.0004', 'HIT@10': '0.0016', 'NDCG@10': '0.0007', 'HIT@20': '0.0038', 'NDCG@20': '0.0012'}
{'Epoch': 129, 'name': 'all', 'HIT@5': '0.0275', 'NDCG@5': '0.0182', 'HIT@10': '0.0451', 'NDCG@10': '0.0239', 'HIT@20': '0.0703', 'NDCG@20': '0.0302'}
EarlyStopping counter: 6 out of 40
rec dataset length: 186
100%|██████████████████████████████████████████████████████████████████████████████████████████████████████████████████████████████████████████████████| 186/186 [00:42<00:00,  4.42it/s]
{'epoch': 130, 'rec_avg_loss': '0.5131', 'joint_avg_loss': '0.6834', 'cl_avg_loss': '1.7023', 'itemcl_loss': '0.0000', 'cl_pair_0_loss': '1.7023'}
Recommendation EP_test:130: 100%|| 35/35 [00:08<00:00,  4.33it/s]
{'Epoch': 130, 'name': 'high_freq', 'HIT@5': '0.0389', 'NDCG@5': '0.0251', 'HIT@10': '0.0634', 'NDCG@10': '0.0329', 'HIT@20': '0.0978', 'NDCG@20': '0.0416'}
{'Epoch': 130, 'name': 'mid_freq', 'HIT@5': '0.0040', 'NDCG@5': '0.0025', 'HIT@10': '0.0069', 'NDCG@10': '0.0034', 'HIT@20': '0.0105', 'NDCG@20': '0.0043'}
{'Epoch': 130, 'name': 'low_freq', 'HIT@5': '0.0011', 'NDCG@5': '0.0005', 'HIT@10': '0.0020', 'NDCG@10': '0.0008', 'HIT@20': '0.0045', 'NDCG@20': '0.0014'}
{'Epoch': 130, 'name': 'all', 'HIT@5': '0.0274', 'NDCG@5': '0.0176', 'HIT@10': '0.0447', 'NDCG@10': '0.0232', 'HIT@20': '0.0692', 'NDCG@20': '0.0293'}
EarlyStopping counter: 7 out of 40
rec dataset length: 186
100%|██████████████████████████████████████████████████████████████████████████████████████████████████████████████████████████████████████████████████| 186/186 [00:42<00:00,  4.41it/s]
{'epoch': 131, 'rec_avg_loss': '0.5128', 'joint_avg_loss': '0.6813', 'cl_avg_loss': '1.6856', 'itemcl_loss': '0.0000', 'cl_pair_0_loss': '1.6856'}
Recommendation EP_test:131: 100%|| 35/35 [00:08<00:00,  4.31it/s]
{'Epoch': 131, 'name': 'high_freq', 'HIT@5': '0.0392', 'NDCG@5': '0.0252', 'HIT@10': '0.0639', 'NDCG@10': '0.0331', 'HIT@20': '0.0987', 'NDCG@20': '0.0419'}
{'Epoch': 131, 'name': 'mid_freq', 'HIT@5': '0.0034', 'NDCG@5': '0.0023', 'HIT@10': '0.0066', 'NDCG@10': '0.0033', 'HIT@20': '0.0111', 'NDCG@20': '0.0044'}
{'Epoch': 131, 'name': 'low_freq', 'HIT@5': '0.0009', 'NDCG@5': '0.0005', 'HIT@10': '0.0014', 'NDCG@10': '0.0007', 'HIT@20': '0.0025', 'NDCG@20': '0.0010'}
{'Epoch': 131, 'name': 'all', 'HIT@5': '0.0274', 'NDCG@5': '0.0176', 'HIT@10': '0.0449', 'NDCG@10': '0.0232', 'HIT@20': '0.0696', 'NDCG@20': '0.0295'}
EarlyStopping counter: 8 out of 40
rec dataset length: 186
100%|██████████████████████████████████████████████████████████████████████████████████████████████████████████████████████████████████████████████████| 186/186 [00:41<00:00,  4.44it/s]
{'epoch': 132, 'rec_avg_loss': '0.5091', 'joint_avg_loss': '0.6803', 'cl_avg_loss': '1.7119', 'itemcl_loss': '0.0000', 'cl_pair_0_loss': '1.7119'}
Recommendation EP_test:132: 100%|| 35/35 [00:08<00:00,  4.29it/s]
{'Epoch': 132, 'name': 'high_freq', 'HIT@5': '0.0382', 'NDCG@5': '0.0246', 'HIT@10': '0.0633', 'NDCG@10': '0.0327', 'HIT@20': '0.0982', 'NDCG@20': '0.0414'}
{'Epoch': 132, 'name': 'mid_freq', 'HIT@5': '0.0033', 'NDCG@5': '0.0024', 'HIT@10': '0.0060', 'NDCG@10': '0.0032', 'HIT@20': '0.0129', 'NDCG@20': '0.0050'}
{'Epoch': 132, 'name': 'low_freq', 'HIT@5': '0.0018', 'NDCG@5': '0.0009', 'HIT@10': '0.0018', 'NDCG@10': '0.0009', 'HIT@20': '0.0038', 'NDCG@20': '0.0014'}
{'Epoch': 132, 'name': 'all', 'HIT@5': '0.0268', 'NDCG@5': '0.0173', 'HIT@10': '0.0445', 'NDCG@10': '0.0230', 'HIT@20': '0.0698', 'NDCG@20': '0.0293'}
EarlyStopping counter: 9 out of 40
rec dataset length: 186
100%|██████████████████████████████████████████████████████████████████████████████████████████████████████████████████████████████████████████████████| 186/186 [00:41<00:00,  4.46it/s]
{'epoch': 133, 'rec_avg_loss': '0.5109', 'joint_avg_loss': '0.6855', 'cl_avg_loss': '1.7458', 'itemcl_loss': '0.0000', 'cl_pair_0_loss': '1.7458'}
Recommendation EP_test:133: 100%|| 35/35 [00:08<00:00,  4.26it/s]
{'Epoch': 133, 'name': 'high_freq', 'HIT@5': '0.0404', 'NDCG@5': '0.0257', 'HIT@10': '0.0650', 'NDCG@10': '0.0336', 'HIT@20': '0.1013', 'NDCG@20': '0.0427'}
{'Epoch': 133, 'name': 'mid_freq', 'HIT@5': '0.0032', 'NDCG@5': '0.0020', 'HIT@10': '0.0065', 'NDCG@10': '0.0031', 'HIT@20': '0.0113', 'NDCG@20': '0.0043'}
{'Epoch': 133, 'name': 'low_freq', 'HIT@5': '0.0011', 'NDCG@5': '0.0005', 'HIT@10': '0.0018', 'NDCG@10': '0.0007', 'HIT@20': '0.0038', 'NDCG@20': '0.0012'}
{'Epoch': 133, 'name': 'all', 'HIT@5': '0.0282', 'NDCG@5': '0.0179', 'HIT@10': '0.0457', 'NDCG@10': '0.0235', 'HIT@20': '0.0716', 'NDCG@20': '0.0301'}
EarlyStopping counter: 10 out of 40
rec dataset length: 186
100%|██████████████████████████████████████████████████████████████████████████████████████████████████████████████████████████████████████████████████| 186/186 [00:41<00:00,  4.43it/s]
{'epoch': 134, 'rec_avg_loss': '0.5121', 'joint_avg_loss': '0.6849', 'cl_avg_loss': '1.7280', 'itemcl_loss': '0.0000', 'cl_pair_0_loss': '1.7280'}
Recommendation EP_test:134: 100%|| 35/35 [00:08<00:00,  4.27it/s]
{'Epoch': 134, 'name': 'high_freq', 'HIT@5': '0.0388', 'NDCG@5': '0.0253', 'HIT@10': '0.0644', 'NDCG@10': '0.0335', 'HIT@20': '0.0996', 'NDCG@20': '0.0424'}
{'Epoch': 134, 'name': 'mid_freq', 'HIT@5': '0.0034', 'NDCG@5': '0.0024', 'HIT@10': '0.0069', 'NDCG@10': '0.0035', 'HIT@20': '0.0118', 'NDCG@20': '0.0047'}
{'Epoch': 134, 'name': 'low_freq', 'HIT@5': '0.0009', 'NDCG@5': '0.0006', 'HIT@10': '0.0023', 'NDCG@10': '0.0010', 'HIT@20': '0.0045', 'NDCG@20': '0.0016'}
{'Epoch': 134, 'name': 'all', 'HIT@5': '0.0272', 'NDCG@5': '0.0178', 'HIT@10': '0.0454', 'NDCG@10': '0.0236', 'HIT@20': '0.0707', 'NDCG@20': '0.0299'}
EarlyStopping counter: 11 out of 40
rec dataset length: 186
100%|██████████████████████████████████████████████████████████████████████████████████████████████████████████████████████████████████████████████████| 186/186 [00:41<00:00,  4.44it/s]
{'epoch': 135, 'rec_avg_loss': '0.5088', 'joint_avg_loss': '0.6804', 'cl_avg_loss': '1.7162', 'itemcl_loss': '0.0000', 'cl_pair_0_loss': '1.7162'}
Recommendation EP_test:135: 100%|| 35/35 [00:08<00:00,  4.27it/s]
{'Epoch': 135, 'name': 'high_freq', 'HIT@5': '0.0400', 'NDCG@5': '0.0260', 'HIT@10': '0.0640', 'NDCG@10': '0.0337', 'HIT@20': '0.0988', 'NDCG@20': '0.0424'}
{'Epoch': 135, 'name': 'mid_freq', 'HIT@5': '0.0042', 'NDCG@5': '0.0026', 'HIT@10': '0.0069', 'NDCG@10': '0.0035', 'HIT@20': '0.0116', 'NDCG@20': '0.0047'}
{'Epoch': 135, 'name': 'low_freq', 'HIT@5': '0.0016', 'NDCG@5': '0.0009', 'HIT@10': '0.0025', 'NDCG@10': '0.0012', 'HIT@20': '0.0036', 'NDCG@20': '0.0015'}
{'Epoch': 135, 'name': 'all', 'HIT@5': '0.0282', 'NDCG@5': '0.0183', 'HIT@10': '0.0452', 'NDCG@10': '0.0237', 'HIT@20': '0.0699', 'NDCG@20': '0.0299'}
EarlyStopping counter: 12 out of 40
rec dataset length: 186
100%|██████████████████████████████████████████████████████████████████████████████████████████████████████████████████████████████████████████████████| 186/186 [00:42<00:00,  4.43it/s]
{'epoch': 136, 'rec_avg_loss': '0.5065', 'joint_avg_loss': '0.6785', 'cl_avg_loss': '1.7205', 'itemcl_loss': '0.0000', 'cl_pair_0_loss': '1.7205'}
Recommendation EP_test:136: 100%|| 35/35 [00:08<00:00,  4.25it/s]
{'Epoch': 136, 'name': 'high_freq', 'HIT@5': '0.0395', 'NDCG@5': '0.0254', 'HIT@10': '0.0638', 'NDCG@10': '0.0332', 'HIT@20': '0.0984', 'NDCG@20': '0.0419'}
{'Epoch': 136, 'name': 'mid_freq', 'HIT@5': '0.0040', 'NDCG@5': '0.0025', 'HIT@10': '0.0069', 'NDCG@10': '0.0035', 'HIT@20': '0.0112', 'NDCG@20': '0.0046'}
{'Epoch': 136, 'name': 'low_freq', 'HIT@5': '0.0014', 'NDCG@5': '0.0006', 'HIT@10': '0.0023', 'NDCG@10': '0.0009', 'HIT@20': '0.0054', 'NDCG@20': '0.0017'}
{'Epoch': 136, 'name': 'all', 'HIT@5': '0.0278', 'NDCG@5': '0.0179', 'HIT@10': '0.0450', 'NDCG@10': '0.0234', 'HIT@20': '0.0698', 'NDCG@20': '0.0296'}
EarlyStopping counter: 13 out of 40
rec dataset length: 186
100%|██████████████████████████████████████████████████████████████████████████████████████████████████████████████████████████████████████████████████| 186/186 [00:42<00:00,  4.42it/s]
{'epoch': 137, 'rec_avg_loss': '0.5068', 'joint_avg_loss': '0.6802', 'cl_avg_loss': '1.7337', 'itemcl_loss': '0.0000', 'cl_pair_0_loss': '1.7337'}
Recommendation EP_test:137: 100%|| 35/35 [00:08<00:00,  4.37it/s]
{'Epoch': 137, 'name': 'high_freq', 'HIT@5': '0.0386', 'NDCG@5': '0.0249', 'HIT@10': '0.0645', 'NDCG@10': '0.0332', 'HIT@20': '0.0995', 'NDCG@20': '0.0421'}
{'Epoch': 137, 'name': 'mid_freq', 'HIT@5': '0.0043', 'NDCG@5': '0.0028', 'HIT@10': '0.0063', 'NDCG@10': '0.0034', 'HIT@20': '0.0126', 'NDCG@20': '0.0050'}
{'Epoch': 137, 'name': 'low_freq', 'HIT@5': '0.0016', 'NDCG@5': '0.0009', 'HIT@10': '0.0025', 'NDCG@10': '0.0012', 'HIT@20': '0.0048', 'NDCG@20': '0.0017'}
{'Epoch': 137, 'name': 'all', 'HIT@5': '0.0273', 'NDCG@5': '0.0176', 'HIT@10': '0.0454', 'NDCG@10': '0.0234', 'HIT@20': '0.0708', 'NDCG@20': '0.0298'}
EarlyStopping counter: 14 out of 40
rec dataset length: 186
100%|██████████████████████████████████████████████████████████████████████████████████████████████████████████████████████████████████████████████████| 186/186 [00:42<00:00,  4.42it/s]
{'epoch': 138, 'rec_avg_loss': '0.5039', 'joint_avg_loss': '0.6757', 'cl_avg_loss': '1.7173', 'itemcl_loss': '0.0000', 'cl_pair_0_loss': '1.7173'}
Recommendation EP_test:138: 100%|| 35/35 [00:08<00:00,  4.34it/s]
{'Epoch': 138, 'name': 'high_freq', 'HIT@5': '0.0401', 'NDCG@5': '0.0257', 'HIT@10': '0.0628', 'NDCG@10': '0.0330', 'HIT@20': '0.0992', 'NDCG@20': '0.0421'}
{'Epoch': 138, 'name': 'mid_freq', 'HIT@5': '0.0036', 'NDCG@5': '0.0024', 'HIT@10': '0.0057', 'NDCG@10': '0.0031', 'HIT@20': '0.0113', 'NDCG@20': '0.0045'}
{'Epoch': 138, 'name': 'low_freq', 'HIT@5': '0.0014', 'NDCG@5': '0.0007', 'HIT@10': '0.0020', 'NDCG@10': '0.0009', 'HIT@20': '0.0038', 'NDCG@20': '0.0013'}
{'Epoch': 138, 'name': 'all', 'HIT@5': '0.0281', 'NDCG@5': '0.0181', 'HIT@10': '0.0441', 'NDCG@10': '0.0232', 'HIT@20': '0.0702', 'NDCG@20': '0.0297'}
EarlyStopping counter: 15 out of 40
rec dataset length: 186
100%|██████████████████████████████████████████████████████████████████████████████████████████████████████████████████████████████████████████████████| 186/186 [00:41<00:00,  4.45it/s]
{'epoch': 139, 'rec_avg_loss': '0.5029', 'joint_avg_loss': '0.6754', 'cl_avg_loss': '1.7248', 'itemcl_loss': '0.0000', 'cl_pair_0_loss': '1.7248'}
Recommendation EP_test:139: 100%|| 35/35 [00:07<00:00,  4.38it/s]
{'Epoch': 139, 'name': 'high_freq', 'HIT@5': '0.0397', 'NDCG@5': '0.0259', 'HIT@10': '0.0632', 'NDCG@10': '0.0334', 'HIT@20': '0.0986', 'NDCG@20': '0.0424'}
{'Epoch': 139, 'name': 'mid_freq', 'HIT@5': '0.0042', 'NDCG@5': '0.0028', 'HIT@10': '0.0066', 'NDCG@10': '0.0036', 'HIT@20': '0.0134', 'NDCG@20': '0.0053'}
{'Epoch': 139, 'name': 'low_freq', 'HIT@5': '0.0009', 'NDCG@5': '0.0004', 'HIT@10': '0.0020', 'NDCG@10': '0.0008', 'HIT@20': '0.0050', 'NDCG@20': '0.0016'}
{'Epoch': 139, 'name': 'all', 'HIT@5': '0.0279', 'NDCG@5': '0.0182', 'HIT@10': '0.0445', 'NDCG@10': '0.0235', 'HIT@20': '0.0703', 'NDCG@20': '0.0301'}
EarlyStopping counter: 16 out of 40
rec dataset length: 186
100%|██████████████████████████████████████████████████████████████████████████████████████████████████████████████████████████████████████████████████| 186/186 [00:41<00:00,  4.45it/s]
{'epoch': 140, 'rec_avg_loss': '0.5029', 'joint_avg_loss': '0.6726', 'cl_avg_loss': '1.6972', 'itemcl_loss': '0.0000', 'cl_pair_0_loss': '1.6972'}
Recommendation EP_test:140: 100%|| 35/35 [00:07<00:00,  4.42it/s]
{'Epoch': 140, 'name': 'high_freq', 'HIT@5': '0.0394', 'NDCG@5': '0.0256', 'HIT@10': '0.0635', 'NDCG@10': '0.0333', 'HIT@20': '0.1002', 'NDCG@20': '0.0425'}
{'Epoch': 140, 'name': 'mid_freq', 'HIT@5': '0.0033', 'NDCG@5': '0.0022', 'HIT@10': '0.0068', 'NDCG@10': '0.0032', 'HIT@20': '0.0121', 'NDCG@20': '0.0046'}
{'Epoch': 140, 'name': 'low_freq', 'HIT@5': '0.0014', 'NDCG@5': '0.0006', 'HIT@10': '0.0025', 'NDCG@10': '0.0010', 'HIT@20': '0.0045', 'NDCG@20': '0.0015'}
{'Epoch': 140, 'name': 'all', 'HIT@5': '0.0276', 'NDCG@5': '0.0179', 'HIT@10': '0.0448', 'NDCG@10': '0.0234', 'HIT@20': '0.0711', 'NDCG@20': '0.0300'}
EarlyStopping counter: 17 out of 40
rec dataset length: 186
100%|██████████████████████████████████████████████████████████████████████████████████████████████████████████████████████████████████████████████████| 186/186 [00:42<00:00,  4.43it/s]
{'epoch': 141, 'rec_avg_loss': '0.4995', 'joint_avg_loss': '0.6676', 'cl_avg_loss': '1.6811', 'itemcl_loss': '0.0000', 'cl_pair_0_loss': '1.6811'}
Recommendation EP_test:141: 100%|| 35/35 [00:08<00:00,  4.32it/s]
{'Epoch': 141, 'name': 'high_freq', 'HIT@5': '0.0396', 'NDCG@5': '0.0258', 'HIT@10': '0.0634', 'NDCG@10': '0.0334', 'HIT@20': '0.0994', 'NDCG@20': '0.0425'}
{'Epoch': 141, 'name': 'mid_freq', 'HIT@5': '0.0043', 'NDCG@5': '0.0026', 'HIT@10': '0.0066', 'NDCG@10': '0.0033', 'HIT@20': '0.0122', 'NDCG@20': '0.0047'}
{'Epoch': 141, 'name': 'low_freq', 'HIT@5': '0.0018', 'NDCG@5': '0.0009', 'HIT@10': '0.0023', 'NDCG@10': '0.0011', 'HIT@20': '0.0045', 'NDCG@20': '0.0016'}
{'Epoch': 141, 'name': 'all', 'HIT@5': '0.0280', 'NDCG@5': '0.0182', 'HIT@10': '0.0447', 'NDCG@10': '0.0235', 'HIT@20': '0.0706', 'NDCG@20': '0.0300'}
EarlyStopping counter: 18 out of 40
rec dataset length: 186
100%|██████████████████████████████████████████████████████████████████████████████████████████████████████████████████████████████████████████████████| 186/186 [00:41<00:00,  4.44it/s]
{'epoch': 142, 'rec_avg_loss': '0.5012', 'joint_avg_loss': '0.6716', 'cl_avg_loss': '1.7044', 'itemcl_loss': '0.0000', 'cl_pair_0_loss': '1.7044'}
Recommendation EP_test:142: 100%|| 35/35 [00:07<00:00,  4.39it/s]
{'Epoch': 142, 'name': 'high_freq', 'HIT@5': '0.0405', 'NDCG@5': '0.0262', 'HIT@10': '0.0640', 'NDCG@10': '0.0337', 'HIT@20': '0.0999', 'NDCG@20': '0.0428'}
{'Epoch': 142, 'name': 'mid_freq', 'HIT@5': '0.0037', 'NDCG@5': '0.0023', 'HIT@10': '0.0072', 'NDCG@10': '0.0034', 'HIT@20': '0.0126', 'NDCG@20': '0.0047'}
{'Epoch': 142, 'name': 'low_freq', 'HIT@5': '0.0018', 'NDCG@5': '0.0011', 'HIT@10': '0.0027', 'NDCG@10': '0.0014', 'HIT@20': '0.0043', 'NDCG@20': '0.0018'}
{'Epoch': 142, 'name': 'all', 'HIT@5': '0.0285', 'NDCG@5': '0.0184', 'HIT@10': '0.0453', 'NDCG@10': '0.0238', 'HIT@20': '0.0710', 'NDCG@20': '0.0302'}
EarlyStopping counter: 19 out of 40
rec dataset length: 186
100%|██████████████████████████████████████████████████████████████████████████████████████████████████████████████████████████████████████████████████| 186/186 [00:42<00:00,  4.42it/s]
{'epoch': 143, 'rec_avg_loss': '0.4984', 'joint_avg_loss': '0.6675', 'cl_avg_loss': '1.6914', 'itemcl_loss': '0.0000', 'cl_pair_0_loss': '1.6914'}
Recommendation EP_test:143: 100%|| 35/35 [00:08<00:00,  4.30it/s]
{'Epoch': 143, 'name': 'high_freq', 'HIT@5': '0.0393', 'NDCG@5': '0.0256', 'HIT@10': '0.0624', 'NDCG@10': '0.0330', 'HIT@20': '0.0986', 'NDCG@20': '0.0422'}
{'Epoch': 143, 'name': 'mid_freq', 'HIT@5': '0.0045', 'NDCG@5': '0.0027', 'HIT@10': '0.0086', 'NDCG@10': '0.0041', 'HIT@20': '0.0129', 'NDCG@20': '0.0051'}
{'Epoch': 143, 'name': 'low_freq', 'HIT@5': '0.0016', 'NDCG@5': '0.0009', 'HIT@10': '0.0025', 'NDCG@10': '0.0012', 'HIT@20': '0.0034', 'NDCG@20': '0.0014'}
{'Epoch': 143, 'name': 'all', 'HIT@5': '0.0278', 'NDCG@5': '0.0181', 'HIT@10': '0.0444', 'NDCG@10': '0.0234', 'HIT@20': '0.0700', 'NDCG@20': '0.0299'}
EarlyStopping counter: 20 out of 40
rec dataset length: 186
100%|██████████████████████████████████████████████████████████████████████████████████████████████████████████████████████████████████████████████████| 186/186 [00:42<00:00,  4.41it/s]
{'epoch': 144, 'rec_avg_loss': '0.4992', 'joint_avg_loss': '0.6675', 'cl_avg_loss': '1.6829', 'itemcl_loss': '0.0000', 'cl_pair_0_loss': '1.6829'}
Recommendation EP_test:144: 100%|| 35/35 [00:08<00:00,  4.32it/s]
{'Epoch': 144, 'name': 'high_freq', 'HIT@5': '0.0391', 'NDCG@5': '0.0255', 'HIT@10': '0.0630', 'NDCG@10': '0.0331', 'HIT@20': '0.0984', 'NDCG@20': '0.0420'}
{'Epoch': 144, 'name': 'mid_freq', 'HIT@5': '0.0040', 'NDCG@5': '0.0026', 'HIT@10': '0.0076', 'NDCG@10': '0.0037', 'HIT@20': '0.0128', 'NDCG@20': '0.0050'}
{'Epoch': 144, 'name': 'low_freq', 'HIT@5': '0.0016', 'NDCG@5': '0.0009', 'HIT@10': '0.0023', 'NDCG@10': '0.0011', 'HIT@20': '0.0050', 'NDCG@20': '0.0018'}
{'Epoch': 144, 'name': 'all', 'HIT@5': '0.0276', 'NDCG@5': '0.0179', 'HIT@10': '0.0446', 'NDCG@10': '0.0234', 'HIT@20': '0.0701', 'NDCG@20': '0.0298'}
EarlyStopping counter: 21 out of 40
rec dataset length: 186
100%|██████████████████████████████████████████████████████████████████████████████████████████████████████████████████████████████████████████████████| 186/186 [00:42<00:00,  4.43it/s]
{'epoch': 145, 'rec_avg_loss': '0.4990', 'joint_avg_loss': '0.6707', 'cl_avg_loss': '1.7179', 'itemcl_loss': '0.0000', 'cl_pair_0_loss': '1.7179'}
Recommendation EP_test:145: 100%|| 35/35 [00:08<00:00,  4.25it/s]
{'Epoch': 145, 'name': 'high_freq', 'HIT@5': '0.0398', 'NDCG@5': '0.0256', 'HIT@10': '0.0637', 'NDCG@10': '0.0333', 'HIT@20': '0.1006', 'NDCG@20': '0.0426'}
{'Epoch': 145, 'name': 'mid_freq', 'HIT@5': '0.0039', 'NDCG@5': '0.0027', 'HIT@10': '0.0080', 'NDCG@10': '0.0040', 'HIT@20': '0.0128', 'NDCG@20': '0.0052'}
{'Epoch': 145, 'name': 'low_freq', 'HIT@5': '0.0014', 'NDCG@5': '0.0008', 'HIT@10': '0.0023', 'NDCG@10': '0.0011', 'HIT@20': '0.0057', 'NDCG@20': '0.0019'}
{'Epoch': 145, 'name': 'all', 'HIT@5': '0.0280', 'NDCG@5': '0.0180', 'HIT@10': '0.0452', 'NDCG@10': '0.0235', 'HIT@20': '0.0716', 'NDCG@20': '0.0302'}
EarlyStopping counter: 22 out of 40
rec dataset length: 186
100%|██████████████████████████████████████████████████████████████████████████████████████████████████████████████████████████████████████████████████| 186/186 [00:42<00:00,  4.43it/s]
{'epoch': 146, 'rec_avg_loss': '0.4961', 'joint_avg_loss': '0.6675', 'cl_avg_loss': '1.7137', 'itemcl_loss': '0.0000', 'cl_pair_0_loss': '1.7137'}
Recommendation EP_test:146: 100%|| 35/35 [00:08<00:00,  4.25it/s]
{'Epoch': 146, 'name': 'high_freq', 'HIT@5': '0.0406', 'NDCG@5': '0.0256', 'HIT@10': '0.0658', 'NDCG@10': '0.0337', 'HIT@20': '0.1003', 'NDCG@20': '0.0423'}
{'Epoch': 146, 'name': 'mid_freq', 'HIT@5': '0.0043', 'NDCG@5': '0.0029', 'HIT@10': '0.0080', 'NDCG@10': '0.0041', 'HIT@20': '0.0126', 'NDCG@20': '0.0052'}
{'Epoch': 146, 'name': 'low_freq', 'HIT@5': '0.0016', 'NDCG@5': '0.0008', 'HIT@10': '0.0029', 'NDCG@10': '0.0013', 'HIT@20': '0.0043', 'NDCG@20': '0.0016'}
{'Epoch': 146, 'name': 'all', 'HIT@5': '0.0286', 'NDCG@5': '0.0181', 'HIT@10': '0.0467', 'NDCG@10': '0.0239', 'HIT@20': '0.0712', 'NDCG@20': '0.0300'}
EarlyStopping counter: 23 out of 40
rec dataset length: 186
100%|██████████████████████████████████████████████████████████████████████████████████████████████████████████████████████████████████████████████████| 186/186 [00:41<00:00,  4.43it/s]
{'epoch': 147, 'rec_avg_loss': '0.4946', 'joint_avg_loss': '0.6671', 'cl_avg_loss': '1.7255', 'itemcl_loss': '0.0000', 'cl_pair_0_loss': '1.7255'}
Recommendation EP_test:147: 100%|| 35/35 [00:08<00:00,  4.32it/s]
{'Epoch': 147, 'name': 'high_freq', 'HIT@5': '0.0405', 'NDCG@5': '0.0258', 'HIT@10': '0.0651', 'NDCG@10': '0.0337', 'HIT@20': '0.1009', 'NDCG@20': '0.0427'}
{'Epoch': 147, 'name': 'mid_freq', 'HIT@5': '0.0043', 'NDCG@5': '0.0028', 'HIT@10': '0.0079', 'NDCG@10': '0.0039', 'HIT@20': '0.0128', 'NDCG@20': '0.0052'}
{'Epoch': 147, 'name': 'low_freq', 'HIT@5': '0.0016', 'NDCG@5': '0.0009', 'HIT@10': '0.0029', 'NDCG@10': '0.0014', 'HIT@20': '0.0036', 'NDCG@20': '0.0016'}
{'Epoch': 147, 'name': 'all', 'HIT@5': '0.0286', 'NDCG@5': '0.0182', 'HIT@10': '0.0462', 'NDCG@10': '0.0239', 'HIT@20': '0.0716', 'NDCG@20': '0.0302'}
EarlyStopping counter: 24 out of 40
rec dataset length: 186
100%|██████████████████████████████████████████████████████████████████████████████████████████████████████████████████████████████████████████████████| 186/186 [00:42<00:00,  4.43it/s]
{'epoch': 148, 'rec_avg_loss': '0.4933', 'joint_avg_loss': '0.6617', 'cl_avg_loss': '1.6839', 'itemcl_loss': '0.0000', 'cl_pair_0_loss': '1.6839'}
Recommendation EP_test:148: 100%|| 35/35 [00:08<00:00,  4.37it/s]
{'Epoch': 148, 'name': 'high_freq', 'HIT@5': '0.0398', 'NDCG@5': '0.0260', 'HIT@10': '0.0647', 'NDCG@10': '0.0339', 'HIT@20': '0.0997', 'NDCG@20': '0.0427'}
{'Epoch': 148, 'name': 'mid_freq', 'HIT@5': '0.0045', 'NDCG@5': '0.0027', 'HIT@10': '0.0078', 'NDCG@10': '0.0037', 'HIT@20': '0.0132', 'NDCG@20': '0.0051'}
{'Epoch': 148, 'name': 'low_freq', 'HIT@5': '0.0014', 'NDCG@5': '0.0007', 'HIT@10': '0.0023', 'NDCG@10': '0.0010', 'HIT@20': '0.0045', 'NDCG@20': '0.0016'}
{'Epoch': 148, 'name': 'all', 'HIT@5': '0.0281', 'NDCG@5': '0.0183', 'HIT@10': '0.0458', 'NDCG@10': '0.0239', 'HIT@20': '0.0710', 'NDCG@20': '0.0303'}
EarlyStopping counter: 25 out of 40
rec dataset length: 186
100%|██████████████████████████████████████████████████████████████████████████████████████████████████████████████████████████████████████████████████| 186/186 [00:41<00:00,  4.43it/s]
{'epoch': 149, 'rec_avg_loss': '0.4948', 'joint_avg_loss': '0.6659', 'cl_avg_loss': '1.7109', 'itemcl_loss': '0.0000', 'cl_pair_0_loss': '1.7109'}
Recommendation EP_test:149: 100%|| 35/35 [00:08<00:00,  4.33it/s]
{'Epoch': 149, 'name': 'high_freq', 'HIT@5': '0.0396', 'NDCG@5': '0.0254', 'HIT@10': '0.0640', 'NDCG@10': '0.0332', 'HIT@20': '0.0979', 'NDCG@20': '0.0417'}
{'Epoch': 149, 'name': 'mid_freq', 'HIT@5': '0.0046', 'NDCG@5': '0.0029', 'HIT@10': '0.0079', 'NDCG@10': '0.0039', 'HIT@20': '0.0115', 'NDCG@20': '0.0048'}
{'Epoch': 149, 'name': 'low_freq', 'HIT@5': '0.0014', 'NDCG@5': '0.0006', 'HIT@10': '0.0023', 'NDCG@10': '0.0009', 'HIT@20': '0.0045', 'NDCG@20': '0.0015'}
{'Epoch': 149, 'name': 'all', 'HIT@5': '0.0280', 'NDCG@5': '0.0179', 'HIT@10': '0.0454', 'NDCG@10': '0.0234', 'HIT@20': '0.0694', 'NDCG@20': '0.0295'}
EarlyStopping counter: 26 out of 40
rec dataset length: 186
100%|██████████████████████████████████████████████████████████████████████████████████████████████████████████████████████████████████████████████████| 186/186 [00:42<00:00,  4.41it/s]
{'epoch': 150, 'rec_avg_loss': '0.4931', 'joint_avg_loss': '0.6600', 'cl_avg_loss': '1.6692', 'itemcl_loss': '0.0000', 'cl_pair_0_loss': '1.6692'}
Recommendation EP_test:150: 100%|| 35/35 [00:08<00:00,  4.27it/s]
{'Epoch': 150, 'name': 'high_freq', 'HIT@5': '0.0401', 'NDCG@5': '0.0257', 'HIT@10': '0.0648', 'NDCG@10': '0.0336', 'HIT@20': '0.0989', 'NDCG@20': '0.0421'}
{'Epoch': 150, 'name': 'mid_freq', 'HIT@5': '0.0040', 'NDCG@5': '0.0025', 'HIT@10': '0.0076', 'NDCG@10': '0.0037', 'HIT@20': '0.0126', 'NDCG@20': '0.0050'}
{'Epoch': 150, 'name': 'low_freq', 'HIT@5': '0.0018', 'NDCG@5': '0.0008', 'HIT@10': '0.0025', 'NDCG@10': '0.0010', 'HIT@20': '0.0052', 'NDCG@20': '0.0017'}
{'Epoch': 150, 'name': 'all', 'HIT@5': '0.0283', 'NDCG@5': '0.0181', 'HIT@10': '0.0459', 'NDCG@10': '0.0237', 'HIT@20': '0.0704', 'NDCG@20': '0.0298'}
EarlyStopping counter: 27 out of 40
rec dataset length: 186
100%|██████████████████████████████████████████████████████████████████████████████████████████████████████████████████████████████████████████████████| 186/186 [00:41<00:00,  4.45it/s]
{'epoch': 151, 'rec_avg_loss': '0.4904', 'joint_avg_loss': '0.6592', 'cl_avg_loss': '1.6874', 'itemcl_loss': '0.0000', 'cl_pair_0_loss': '1.6874'}
Recommendation EP_test:151: 100%|| 35/35 [00:08<00:00,  4.33it/s]
{'Epoch': 151, 'name': 'high_freq', 'HIT@5': '0.0397', 'NDCG@5': '0.0263', 'HIT@10': '0.0652', 'NDCG@10': '0.0345', 'HIT@20': '0.1011', 'NDCG@20': '0.0435'}
{'Epoch': 151, 'name': 'mid_freq', 'HIT@5': '0.0036', 'NDCG@5': '0.0023', 'HIT@10': '0.0072', 'NDCG@10': '0.0034', 'HIT@20': '0.0121', 'NDCG@20': '0.0046'}
{'Epoch': 151, 'name': 'low_freq', 'HIT@5': '0.0009', 'NDCG@5': '0.0004', 'HIT@10': '0.0018', 'NDCG@10': '0.0007', 'HIT@20': '0.0038', 'NDCG@20': '0.0012'}
{'Epoch': 151, 'name': 'all', 'HIT@5': '0.0278', 'NDCG@5': '0.0184', 'HIT@10': '0.0460', 'NDCG@10': '0.0242', 'HIT@20': '0.0716', 'NDCG@20': '0.0307'}
EarlyStopping counter: 28 out of 40
rec dataset length: 186
100%|██████████████████████████████████████████████████████████████████████████████████████████████████████████████████████████████████████████████████| 186/186 [00:41<00:00,  4.44it/s]
{'epoch': 152, 'rec_avg_loss': '0.4908', 'joint_avg_loss': '0.6587', 'cl_avg_loss': '1.6796', 'itemcl_loss': '0.0000', 'cl_pair_0_loss': '1.6796'}
Recommendation EP_test:152: 100%|| 35/35 [00:08<00:00,  4.23it/s]
{'Epoch': 152, 'name': 'high_freq', 'HIT@5': '0.0396', 'NDCG@5': '0.0259', 'HIT@10': '0.0643', 'NDCG@10': '0.0338', 'HIT@20': '0.1017', 'NDCG@20': '0.0432'}
{'Epoch': 152, 'name': 'mid_freq', 'HIT@5': '0.0042', 'NDCG@5': '0.0027', 'HIT@10': '0.0075', 'NDCG@10': '0.0037', 'HIT@20': '0.0125', 'NDCG@20': '0.0050'}
{'Epoch': 152, 'name': 'low_freq', 'HIT@5': '0.0011', 'NDCG@5': '0.0007', 'HIT@10': '0.0018', 'NDCG@10': '0.0009', 'HIT@20': '0.0048', 'NDCG@20': '0.0017'}
{'Epoch': 152, 'name': 'all', 'HIT@5': '0.0279', 'NDCG@5': '0.0182', 'HIT@10': '0.0455', 'NDCG@10': '0.0238', 'HIT@20': '0.0723', 'NDCG@20': '0.0306'}
EarlyStopping counter: 29 out of 40
rec dataset length: 186
100%|██████████████████████████████████████████████████████████████████████████████████████████████████████████████████████████████████████████████████| 186/186 [00:41<00:00,  4.45it/s]
{'epoch': 153, 'rec_avg_loss': '0.4902', 'joint_avg_loss': '0.6580', 'cl_avg_loss': '1.6780', 'itemcl_loss': '0.0000', 'cl_pair_0_loss': '1.6780'}
Recommendation EP_test:153: 100%|| 35/35 [00:08<00:00,  4.34it/s]
{'Epoch': 153, 'name': 'high_freq', 'HIT@5': '0.0390', 'NDCG@5': '0.0252', 'HIT@10': '0.0627', 'NDCG@10': '0.0329', 'HIT@20': '0.0984', 'NDCG@20': '0.0418'}
{'Epoch': 153, 'name': 'mid_freq', 'HIT@5': '0.0042', 'NDCG@5': '0.0027', 'HIT@10': '0.0078', 'NDCG@10': '0.0038', 'HIT@20': '0.0132', 'NDCG@20': '0.0052'}
{'Epoch': 153, 'name': 'low_freq', 'HIT@5': '0.0016', 'NDCG@5': '0.0007', 'HIT@10': '0.0029', 'NDCG@10': '0.0012', 'HIT@20': '0.0045', 'NDCG@20': '0.0016'}
{'Epoch': 153, 'name': 'all', 'HIT@5': '0.0276', 'NDCG@5': '0.0178', 'HIT@10': '0.0445', 'NDCG@10': '0.0232', 'HIT@20': '0.0701', 'NDCG@20': '0.0297'}
EarlyStopping counter: 30 out of 40
rec dataset length: 186
100%|██████████████████████████████████████████████████████████████████████████████████████████████████████████████████████████████████████████████████| 186/186 [00:42<00:00,  4.42it/s]
{'epoch': 154, 'rec_avg_loss': '0.4883', 'joint_avg_loss': '0.6583', 'cl_avg_loss': '1.6994', 'itemcl_loss': '0.0000', 'cl_pair_0_loss': '1.6994'}
Recommendation EP_test:154: 100%|| 35/35 [00:08<00:00,  4.31it/s]
{'Epoch': 154, 'name': 'high_freq', 'HIT@5': '0.0391', 'NDCG@5': '0.0254', 'HIT@10': '0.0646', 'NDCG@10': '0.0336', 'HIT@20': '0.1005', 'NDCG@20': '0.0426'}
{'Epoch': 154, 'name': 'mid_freq', 'HIT@5': '0.0045', 'NDCG@5': '0.0029', 'HIT@10': '0.0075', 'NDCG@10': '0.0038', 'HIT@20': '0.0119', 'NDCG@20': '0.0050'}
{'Epoch': 154, 'name': 'low_freq', 'HIT@5': '0.0011', 'NDCG@5': '0.0007', 'HIT@10': '0.0023', 'NDCG@10': '0.0010', 'HIT@20': '0.0038', 'NDCG@20': '0.0014'}
{'Epoch': 154, 'name': 'all', 'HIT@5': '0.0276', 'NDCG@5': '0.0180', 'HIT@10': '0.0457', 'NDCG@10': '0.0237', 'HIT@20': '0.0712', 'NDCG@20': '0.0301'}
EarlyStopping counter: 31 out of 40
rec dataset length: 186
100%|██████████████████████████████████████████████████████████████████████████████████████████████████████████████████████████████████████████████████| 186/186 [00:41<00:00,  4.43it/s]
{'epoch': 155, 'rec_avg_loss': '0.4891', 'joint_avg_loss': '0.6543', 'cl_avg_loss': '1.6513', 'itemcl_loss': '0.0000', 'cl_pair_0_loss': '1.6513'}
Recommendation EP_test:155: 100%|| 35/35 [00:08<00:00,  4.32it/s]
{'Epoch': 155, 'name': 'high_freq', 'HIT@5': '0.0402', 'NDCG@5': '0.0258', 'HIT@10': '0.0633', 'NDCG@10': '0.0332', 'HIT@20': '0.1001', 'NDCG@20': '0.0424'}
{'Epoch': 155, 'name': 'mid_freq', 'HIT@5': '0.0036', 'NDCG@5': '0.0025', 'HIT@10': '0.0062', 'NDCG@10': '0.0033', 'HIT@20': '0.0122', 'NDCG@20': '0.0048'}
{'Epoch': 155, 'name': 'low_freq', 'HIT@5': '0.0016', 'NDCG@5': '0.0009', 'HIT@10': '0.0025', 'NDCG@10': '0.0012', 'HIT@20': '0.0041', 'NDCG@20': '0.0016'}
{'Epoch': 155, 'name': 'all', 'HIT@5': '0.0283', 'NDCG@5': '0.0181', 'HIT@10': '0.0446', 'NDCG@10': '0.0234', 'HIT@20': '0.0710', 'NDCG@20': '0.0300'}
EarlyStopping counter: 32 out of 40
rec dataset length: 186
100%|██████████████████████████████████████████████████████████████████████████████████████████████████████████████████████████████████████████████████| 186/186 [00:41<00:00,  4.43it/s]
{'epoch': 156, 'rec_avg_loss': '0.4864', 'joint_avg_loss': '0.6552', 'cl_avg_loss': '1.6883', 'itemcl_loss': '0.0000', 'cl_pair_0_loss': '1.6883'}
Recommendation EP_test:156: 100%|| 35/35 [00:08<00:00,  4.18it/s]
{'Epoch': 156, 'name': 'high_freq', 'HIT@5': '0.0397', 'NDCG@5': '0.0254', 'HIT@10': '0.0642', 'NDCG@10': '0.0332', 'HIT@20': '0.1000', 'NDCG@20': '0.0422'}
{'Epoch': 156, 'name': 'mid_freq', 'HIT@5': '0.0042', 'NDCG@5': '0.0029', 'HIT@10': '0.0073', 'NDCG@10': '0.0039', 'HIT@20': '0.0135', 'NDCG@20': '0.0054'}
{'Epoch': 156, 'name': 'low_freq', 'HIT@5': '0.0014', 'NDCG@5': '0.0008', 'HIT@10': '0.0023', 'NDCG@10': '0.0011', 'HIT@20': '0.0043', 'NDCG@20': '0.0016'}
{'Epoch': 156, 'name': 'all', 'HIT@5': '0.0280', 'NDCG@5': '0.0179', 'HIT@10': '0.0454', 'NDCG@10': '0.0235', 'HIT@20': '0.0712', 'NDCG@20': '0.0300'}
EarlyStopping counter: 33 out of 40
rec dataset length: 186
100%|██████████████████████████████████████████████████████████████████████████████████████████████████████████████████████████████████████████████████| 186/186 [00:42<00:00,  4.40it/s]
{'epoch': 157, 'rec_avg_loss': '0.4847', 'joint_avg_loss': '0.6518', 'cl_avg_loss': '1.6710', 'itemcl_loss': '0.0000', 'cl_pair_0_loss': '1.6710'}
Recommendation EP_test:157: 100%|| 35/35 [00:08<00:00,  4.28it/s]
{'Epoch': 157, 'name': 'high_freq', 'HIT@5': '0.0398', 'NDCG@5': '0.0263', 'HIT@10': '0.0645', 'NDCG@10': '0.0342', 'HIT@20': '0.1013', 'NDCG@20': '0.0435'}
{'Epoch': 157, 'name': 'mid_freq', 'HIT@5': '0.0047', 'NDCG@5': '0.0031', 'HIT@10': '0.0083', 'NDCG@10': '0.0042', 'HIT@20': '0.0126', 'NDCG@20': '0.0053'}
{'Epoch': 157, 'name': 'low_freq', 'HIT@5': '0.0007', 'NDCG@5': '0.0004', 'HIT@10': '0.0018', 'NDCG@10': '0.0008', 'HIT@20': '0.0050', 'NDCG@20': '0.0016'}
{'Epoch': 157, 'name': 'all', 'HIT@5': '0.0281', 'NDCG@5': '0.0185', 'HIT@10': '0.0457', 'NDCG@10': '0.0242', 'HIT@20': '0.0720', 'NDCG@20': '0.0308'}
EarlyStopping counter: 34 out of 40
rec dataset length: 186
100%|██████████████████████████████████████████████████████████████████████████████████████████████████████████████████████████████████████████████████| 186/186 [00:42<00:00,  4.42it/s]
{'epoch': 158, 'rec_avg_loss': '0.4856', 'joint_avg_loss': '0.6543', 'cl_avg_loss': '1.6865', 'itemcl_loss': '0.0000', 'cl_pair_0_loss': '1.6865'}
Recommendation EP_test:158: 100%|| 35/35 [00:08<00:00,  4.25it/s]
{'Epoch': 158, 'name': 'high_freq', 'HIT@5': '0.0404', 'NDCG@5': '0.0261', 'HIT@10': '0.0645', 'NDCG@10': '0.0338', 'HIT@20': '0.1017', 'NDCG@20': '0.0431'}
{'Epoch': 158, 'name': 'mid_freq', 'HIT@5': '0.0045', 'NDCG@5': '0.0033', 'HIT@10': '0.0072', 'NDCG@10': '0.0042', 'HIT@20': '0.0119', 'NDCG@20': '0.0054'}
{'Epoch': 158, 'name': 'low_freq', 'HIT@5': '0.0007', 'NDCG@5': '0.0003', 'HIT@10': '0.0023', 'NDCG@10': '0.0008', 'HIT@20': '0.0057', 'NDCG@20': '0.0017'}
{'Epoch': 158, 'name': 'all', 'HIT@5': '0.0284', 'NDCG@5': '0.0184', 'HIT@10': '0.0456', 'NDCG@10': '0.0239', 'HIT@20': '0.0722', 'NDCG@20': '0.0306'}
EarlyStopping counter: 35 out of 40
rec dataset length: 186
100%|██████████████████████████████████████████████████████████████████████████████████████████████████████████████████████████████████████████████████| 186/186 [00:41<00:00,  4.44it/s]
{'epoch': 159, 'rec_avg_loss': '0.4841', 'joint_avg_loss': '0.6526', 'cl_avg_loss': '1.6843', 'itemcl_loss': '0.0000', 'cl_pair_0_loss': '1.6843'}
Recommendation EP_test:159: 100%|| 35/35 [00:08<00:00,  4.22it/s]
{'Epoch': 159, 'name': 'high_freq', 'HIT@5': '0.0400', 'NDCG@5': '0.0262', 'HIT@10': '0.0645', 'NDCG@10': '0.0341', 'HIT@20': '0.1010', 'NDCG@20': '0.0433'}
{'Epoch': 159, 'name': 'mid_freq', 'HIT@5': '0.0040', 'NDCG@5': '0.0031', 'HIT@10': '0.0078', 'NDCG@10': '0.0043', 'HIT@20': '0.0125', 'NDCG@20': '0.0055'}
{'Epoch': 159, 'name': 'low_freq', 'HIT@5': '0.0009', 'NDCG@5': '0.0005', 'HIT@10': '0.0027', 'NDCG@10': '0.0011', 'HIT@20': '0.0050', 'NDCG@20': '0.0017'}
{'Epoch': 159, 'name': 'all', 'HIT@5': '0.0281', 'NDCG@5': '0.0185', 'HIT@10': '0.0457', 'NDCG@10': '0.0242', 'HIT@20': '0.0718', 'NDCG@20': '0.0308'}
EarlyStopping counter: 36 out of 40
rec dataset length: 186
100%|██████████████████████████████████████████████████████████████████████████████████████████████████████████████████████████████████████████████████| 186/186 [00:41<00:00,  4.43it/s]
{'epoch': 160, 'rec_avg_loss': '0.4823', 'joint_avg_loss': '0.6477', 'cl_avg_loss': '1.6533', 'itemcl_loss': '0.0000', 'cl_pair_0_loss': '1.6533'}
Recommendation EP_test:160: 100%|| 35/35 [00:08<00:00,  4.34it/s]
{'Epoch': 160, 'name': 'high_freq', 'HIT@5': '0.0408', 'NDCG@5': '0.0269', 'HIT@10': '0.0645', 'NDCG@10': '0.0344', 'HIT@20': '0.1015', 'NDCG@20': '0.0437'}
{'Epoch': 160, 'name': 'mid_freq', 'HIT@5': '0.0045', 'NDCG@5': '0.0030', 'HIT@10': '0.0066', 'NDCG@10': '0.0037', 'HIT@20': '0.0124', 'NDCG@20': '0.0051'}
{'Epoch': 160, 'name': 'low_freq', 'HIT@5': '0.0016', 'NDCG@5': '0.0007', 'HIT@10': '0.0023', 'NDCG@10': '0.0009', 'HIT@20': '0.0054', 'NDCG@20': '0.0017'}
{'Epoch': 160, 'name': 'all', 'HIT@5': '0.0288', 'NDCG@5': '0.0190', 'HIT@10': '0.0454', 'NDCG@10': '0.0243', 'HIT@20': '0.0721', 'NDCG@20': '0.0310'}
EarlyStopping counter: 37 out of 40
rec dataset length: 186
100%|██████████████████████████████████████████████████████████████████████████████████████████████████████████████████████████████████████████████████| 186/186 [00:42<00:00,  4.41it/s]
{'epoch': 161, 'rec_avg_loss': '0.4853', 'joint_avg_loss': '0.6527', 'cl_avg_loss': '1.6746', 'itemcl_loss': '0.0000', 'cl_pair_0_loss': '1.6746'}
Recommendation EP_test:161: 100%|| 35/35 [00:08<00:00,  4.36it/s]
{'Epoch': 161, 'name': 'high_freq', 'HIT@5': '0.0404', 'NDCG@5': '0.0264', 'HIT@10': '0.0657', 'NDCG@10': '0.0345', 'HIT@20': '0.1017', 'NDCG@20': '0.0435'}
{'Epoch': 161, 'name': 'mid_freq', 'HIT@5': '0.0037', 'NDCG@5': '0.0026', 'HIT@10': '0.0063', 'NDCG@10': '0.0034', 'HIT@20': '0.0122', 'NDCG@20': '0.0049'}
{'Epoch': 161, 'name': 'low_freq', 'HIT@5': '0.0014', 'NDCG@5': '0.0006', 'HIT@10': '0.0025', 'NDCG@10': '0.0010', 'HIT@20': '0.0054', 'NDCG@20': '0.0017'}
{'Epoch': 161, 'name': 'all', 'HIT@5': '0.0284', 'NDCG@5': '0.0186', 'HIT@10': '0.0463', 'NDCG@10': '0.0242', 'HIT@20': '0.0723', 'NDCG@20': '0.0308'}
EarlyStopping counter: 38 out of 40
rec dataset length: 186
100%|██████████████████████████████████████████████████████████████████████████████████████████████████████████████████████████████████████████████████| 186/186 [00:41<00:00,  4.44it/s]
{'epoch': 162, 'rec_avg_loss': '0.4811', 'joint_avg_loss': '0.6462', 'cl_avg_loss': '1.6509', 'itemcl_loss': '0.0000', 'cl_pair_0_loss': '1.6509'}
Recommendation EP_test:162: 100%|| 35/35 [00:08<00:00,  4.34it/s]
{'Epoch': 162, 'name': 'high_freq', 'HIT@5': '0.0397', 'NDCG@5': '0.0262', 'HIT@10': '0.0645', 'NDCG@10': '0.0342', 'HIT@20': '0.1010', 'NDCG@20': '0.0433'}
{'Epoch': 162, 'name': 'mid_freq', 'HIT@5': '0.0036', 'NDCG@5': '0.0025', 'HIT@10': '0.0079', 'NDCG@10': '0.0039', 'HIT@20': '0.0134', 'NDCG@20': '0.0053'}
{'Epoch': 162, 'name': 'low_freq', 'HIT@5': '0.0018', 'NDCG@5': '0.0010', 'HIT@10': '0.0029', 'NDCG@10': '0.0014', 'HIT@20': '0.0066', 'NDCG@20': '0.0022'}
{'Epoch': 162, 'name': 'all', 'HIT@5': '0.0280', 'NDCG@5': '0.0184', 'HIT@10': '0.0458', 'NDCG@10': '0.0242', 'HIT@20': '0.0721', 'NDCG@20': '0.0308'}
EarlyStopping counter: 39 out of 40
rec dataset length: 186
100%|██████████████████████████████████████████████████████████████████████████████████████████████████████████████████████████████████████████████████| 186/186 [00:41<00:00,  4.44it/s]
{'epoch': 163, 'rec_avg_loss': '0.4798', 'joint_avg_loss': '0.6460', 'cl_avg_loss': '1.6618', 'itemcl_loss': '0.0000', 'cl_pair_0_loss': '1.6618'}
Recommendation EP_test:163: 100%|| 35/35 [00:08<00:00,  4.34it/s]
{'Epoch': 163, 'name': 'high_freq', 'HIT@5': '0.0406', 'NDCG@5': '0.0258', 'HIT@10': '0.0640', 'NDCG@10': '0.0333', 'HIT@20': '0.0995', 'NDCG@20': '0.0422'}
{'Epoch': 163, 'name': 'mid_freq', 'HIT@5': '0.0037', 'NDCG@5': '0.0027', 'HIT@10': '0.0080', 'NDCG@10': '0.0041', 'HIT@20': '0.0138', 'NDCG@20': '0.0055'}
{'Epoch': 163, 'name': 'low_freq', 'HIT@5': '0.0018', 'NDCG@5': '0.0009', 'HIT@10': '0.0025', 'NDCG@10': '0.0011', 'HIT@20': '0.0045', 'NDCG@20': '0.0017'}
{'Epoch': 163, 'name': 'all', 'HIT@5': '0.0285', 'NDCG@5': '0.0182', 'HIT@10': '0.0454', 'NDCG@10': '0.0236', 'HIT@20': '0.0709', 'NDCG@20': '0.0300'}
EarlyStopping counter: 40 out of 40
Early stopping
---------------Change to test_rating_matrix!-------------------
Recommendation EP_test:164: 100%|| 35/35 [00:07<00:00,  4.66it/s]
{'Epoch': 164, 'name': 'high_freq', 'HIT@5': '0.0364', 'NDCG@5': '0.0240', 'HIT@10': '0.0573', 'NDCG@10': '0.0307', 'HIT@20': '0.0866', 'NDCG@20': '0.0380'}
{'Epoch': 164, 'name': 'mid_freq', 'HIT@5': '0.0039', 'NDCG@5': '0.0027', 'HIT@10': '0.0057', 'NDCG@10': '0.0032', 'HIT@20': '0.0103', 'NDCG@20': '0.0044'}
{'Epoch': 164, 'name': 'low_freq', 'HIT@5': '0.0010', 'NDCG@5': '0.0004', 'HIT@10': '0.0012', 'NDCG@10': '0.0005', 'HIT@20': '0.0031', 'NDCG@20': '0.0010'}
{'Epoch': 164, 'name': 'all', 'HIT@5': '0.0240', 'NDCG@5': '0.0158', 'HIT@10': '0.0376', 'NDCG@10': '0.0202', 'HIT@20': '0.0574', 'NDCG@20': '0.0251'}
CoSeRec-Sports_and_Outdoors-single_cl_1024_only_aug_low
{'Epoch': 164, 'name': 'all', 'HIT@5': '0.0240', 'NDCG@5': '0.0158', 'HIT@10': '0.0376', 'NDCG@10': '0.0202', 'HIT@20': '0.0574', 'NDCG@20': '0.0251'}
Using Cuda: True
(18359, 18359)
--------------------Configure Info:------------
data_dir                       :                             ./data/
output_dir                     :                             output/
data_name                      :                 Sports_and_Outdoors
do_eval                        :                                   0
model_idx                      :  single_cl_mask_1024_contrastanchor
gpu_id                         :                                   0
noise_ratio                    :                                 0.0
training_data_ratio            :                                 1.0
augment_threshold              :                                   4
similarity_model_name          :                          ItemCF_IUF
augmentation_warm_up_epoches   :                                 160
base_augment_type              :                                mask
augment_type_for_short         :                                 SIM
tao                            :                                 0.2
gamma                          :                                 0.7
beta                           :                                 0.2
substitute_rate                :                                 0.1
insert_rate                    :                                 0.4
max_insert_num_per_pos         :                                   1
temperature                    :                                 1.0
n_views                        :                                   2
model_name                     :                             CoSeRec
hidden_size                    :                                  64
num_hidden_layers              :                                   2
num_attention_heads            :                                   2
hidden_act                     :                                gelu
attention_probs_dropout_prob   :                                 0.5
hidden_dropout_prob            :                                 0.5
initializer_range              :                                0.02
max_seq_length                 :                                  50
lr                             :                               0.001
batch_size                     :                                1024
epochs                         :                                 300
no_cuda                        :                                   0
log_freq                       :                                   1
seed                           :                                   1
cf_weight                      :                                 0.1
rec_weight                     :                                 1.0
weight_decay                   :                                 0.0
adam_beta1                     :                                 0.9
adam_beta2                     :                               0.999
cl                             :                                   1
multi_neg                      :                                   0
use_freq                       :                                   0
mask_strategy                  :                              random
contrast_anchor                :                                   1
aug_by_target                  :                                 all
cuda_condition                 :                                   1
data_file                      :      ./data/Sports_and_Outdoors.txt
item_size                      :                               18359
mask_id                        :                               18358
log_file                       : output/CoSeRec-Sports_and_Outdoors-single_cl_mask_1024_contrastanchor.txt
Similarity Model Type: offline
short sequence augment type: SIM
Augmentation methods for Long sequences: 5
Augmentation methods for short sequences: 3
Creating Contrastive Learning Dataset using 'mask' data augmentation
Similarity Model Type: offline
short sequence augment type: SIM
Augmentation methods for Long sequences: 5
Augmentation methods for short sequences: 3
Creating Contrastive Learning Dataset using 'mask' data augmentation
Similarity Model Type: offline
short sequence augment type: SIM
Augmentation methods for Long sequences: 5
Augmentation methods for short sequences: 3
Creating Contrastive Learning Dataset using 'mask' data augmentation
Total Parameters: 1278464
self.cf_criterion: NCELoss
Train CoSeRec
rec dataset length: 186
100%|██████████████████████████████████████████████████████████████████████████████████████████████████████████████████████████████████████████████████| 186/186 [00:47<00:00,  3.88it/s]
{'epoch': 0, 'rec_avg_loss': '1.2979', 'joint_avg_loss': '2.0984', 'cl_avg_loss': '8.0045', 'itemcl_loss': '0.0000', 'cl_pair_0_loss': '8.0045'}
Recommendation EP_test:0: 100%|| 35/35 [00:07<00:00,  4.90it/s]
{'Epoch': 0, 'name': 'high_freq', 'HIT@5': '0.0140', 'NDCG@5': '0.0087', 'HIT@10': '0.0227', 'NDCG@10': '0.0115', 'HIT@20': '0.0351', 'NDCG@20': '0.0146'}
{'Epoch': 0, 'name': 'mid_freq', 'HIT@5': '0.0000', 'NDCG@5': '0.0000', 'HIT@10': '0.0000', 'NDCG@10': '0.0000', 'HIT@20': '0.0000', 'NDCG@20': '0.0000'}
{'Epoch': 0, 'name': 'low_freq', 'HIT@5': '0.0000', 'NDCG@5': '0.0000', 'HIT@10': '0.0000', 'NDCG@10': '0.0000', 'HIT@20': '0.0000', 'NDCG@20': '0.0000'}
{'Epoch': 0, 'name': 'all', 'HIT@5': '0.0095', 'NDCG@5': '0.0059', 'HIT@10': '0.0155', 'NDCG@10': '0.0078', 'HIT@20': '0.0239', 'NDCG@20': '0.0099'}
Validation score increased.  Saving model ...
rec dataset length: 186
100%|██████████████████████████████████████████████████████████████████████████████████████████████████████████████████████████████████████████████████| 186/186 [00:47<00:00,  3.92it/s]
{'epoch': 1, 'rec_avg_loss': '1.2115', 'joint_avg_loss': '1.7915', 'cl_avg_loss': '5.8000', 'itemcl_loss': '0.0000', 'cl_pair_0_loss': '5.8000'}
Recommendation EP_test:1: 100%|| 35/35 [00:07<00:00,  4.68it/s]
{'Epoch': 1, 'name': 'high_freq', 'HIT@5': '0.0131', 'NDCG@5': '0.0083', 'HIT@10': '0.0218', 'NDCG@10': '0.0111', 'HIT@20': '0.0369', 'NDCG@20': '0.0149'}
{'Epoch': 1, 'name': 'mid_freq', 'HIT@5': '0.0000', 'NDCG@5': '0.0000', 'HIT@10': '0.0000', 'NDCG@10': '0.0000', 'HIT@20': '0.0000', 'NDCG@20': '0.0000'}
{'Epoch': 1, 'name': 'low_freq', 'HIT@5': '0.0000', 'NDCG@5': '0.0000', 'HIT@10': '0.0000', 'NDCG@10': '0.0000', 'HIT@20': '0.0000', 'NDCG@20': '0.0000'}
{'Epoch': 1, 'name': 'all', 'HIT@5': '0.0089', 'NDCG@5': '0.0056', 'HIT@10': '0.0148', 'NDCG@10': '0.0075', 'HIT@20': '0.0251', 'NDCG@20': '0.0101'}
Validation score increased.  Saving model ...
rec dataset length: 186
100%|██████████████████████████████████████████████████████████████████████████████████████████████████████████████████████████████████████████████████| 186/186 [00:47<00:00,  3.90it/s]
{'epoch': 2, 'rec_avg_loss': '1.1703', 'joint_avg_loss': '1.6988', 'cl_avg_loss': '5.2843', 'itemcl_loss': '0.0000', 'cl_pair_0_loss': '5.2843'}
Recommendation EP_test:2: 100%|| 35/35 [00:07<00:00,  4.49it/s]
{'Epoch': 2, 'name': 'high_freq', 'HIT@5': '0.0136', 'NDCG@5': '0.0085', 'HIT@10': '0.0227', 'NDCG@10': '0.0114', 'HIT@20': '0.0361', 'NDCG@20': '0.0148'}
{'Epoch': 2, 'name': 'mid_freq', 'HIT@5': '0.0000', 'NDCG@5': '0.0000', 'HIT@10': '0.0000', 'NDCG@10': '0.0000', 'HIT@20': '0.0000', 'NDCG@20': '0.0000'}
{'Epoch': 2, 'name': 'low_freq', 'HIT@5': '0.0000', 'NDCG@5': '0.0000', 'HIT@10': '0.0000', 'NDCG@10': '0.0000', 'HIT@20': '0.0000', 'NDCG@20': '0.0000'}
{'Epoch': 2, 'name': 'all', 'HIT@5': '0.0093', 'NDCG@5': '0.0058', 'HIT@10': '0.0155', 'NDCG@10': '0.0077', 'HIT@20': '0.0246', 'NDCG@20': '0.0100'}
EarlyStopping counter: 1 out of 40
rec dataset length: 186
100%|██████████████████████████████████████████████████████████████████████████████████████████████████████████████████████████████████████████████████| 186/186 [00:47<00:00,  3.91it/s]
{'epoch': 3, 'rec_avg_loss': '1.1513', 'joint_avg_loss': '1.6556', 'cl_avg_loss': '5.0427', 'itemcl_loss': '0.0000', 'cl_pair_0_loss': '5.0427'}
Recommendation EP_test:3: 100%|| 35/35 [00:07<00:00,  4.69it/s]
{'Epoch': 3, 'name': 'high_freq', 'HIT@5': '0.0124', 'NDCG@5': '0.0080', 'HIT@10': '0.0212', 'NDCG@10': '0.0109', 'HIT@20': '0.0363', 'NDCG@20': '0.0147'}
{'Epoch': 3, 'name': 'mid_freq', 'HIT@5': '0.0000', 'NDCG@5': '0.0000', 'HIT@10': '0.0000', 'NDCG@10': '0.0000', 'HIT@20': '0.0000', 'NDCG@20': '0.0000'}
{'Epoch': 3, 'name': 'low_freq', 'HIT@5': '0.0000', 'NDCG@5': '0.0000', 'HIT@10': '0.0000', 'NDCG@10': '0.0000', 'HIT@20': '0.0000', 'NDCG@20': '0.0000'}
{'Epoch': 3, 'name': 'all', 'HIT@5': '0.0084', 'NDCG@5': '0.0054', 'HIT@10': '0.0144', 'NDCG@10': '0.0074', 'HIT@20': '0.0247', 'NDCG@20': '0.0100'}
EarlyStopping counter: 2 out of 40
rec dataset length: 186
100%|██████████████████████████████████████████████████████████████████████████████████████████████████████████████████████████████████████████████████| 186/186 [00:47<00:00,  3.93it/s]
{'epoch': 4, 'rec_avg_loss': '1.1352', 'joint_avg_loss': '1.6243', 'cl_avg_loss': '4.8911', 'itemcl_loss': '0.0000', 'cl_pair_0_loss': '4.8911'}
Recommendation EP_test:4: 100%|| 35/35 [00:07<00:00,  4.85it/s]
{'Epoch': 4, 'name': 'high_freq', 'HIT@5': '0.0134', 'NDCG@5': '0.0084', 'HIT@10': '0.0223', 'NDCG@10': '0.0113', 'HIT@20': '0.0359', 'NDCG@20': '0.0147'}
{'Epoch': 4, 'name': 'mid_freq', 'HIT@5': '0.0000', 'NDCG@5': '0.0000', 'HIT@10': '0.0000', 'NDCG@10': '0.0000', 'HIT@20': '0.0000', 'NDCG@20': '0.0000'}
{'Epoch': 4, 'name': 'low_freq', 'HIT@5': '0.0000', 'NDCG@5': '0.0000', 'HIT@10': '0.0000', 'NDCG@10': '0.0000', 'HIT@20': '0.0000', 'NDCG@20': '0.0000'}
{'Epoch': 4, 'name': 'all', 'HIT@5': '0.0091', 'NDCG@5': '0.0057', 'HIT@10': '0.0152', 'NDCG@10': '0.0077', 'HIT@20': '0.0244', 'NDCG@20': '0.0100'}
EarlyStopping counter: 3 out of 40
rec dataset length: 186
100%|██████████████████████████████████████████████████████████████████████████████████████████████████████████████████████████████████████████████████| 186/186 [00:47<00:00,  3.92it/s]
{'epoch': 5, 'rec_avg_loss': '1.1188', 'joint_avg_loss': '1.5964', 'cl_avg_loss': '4.7753', 'itemcl_loss': '0.0000', 'cl_pair_0_loss': '4.7753'}
Recommendation EP_test:5: 100%|| 35/35 [00:09<00:00,  3.88it/s]
{'Epoch': 5, 'name': 'high_freq', 'HIT@5': '0.0137', 'NDCG@5': '0.0085', 'HIT@10': '0.0232', 'NDCG@10': '0.0116', 'HIT@20': '0.0378', 'NDCG@20': '0.0152'}
{'Epoch': 5, 'name': 'mid_freq', 'HIT@5': '0.0000', 'NDCG@5': '0.0000', 'HIT@10': '0.0000', 'NDCG@10': '0.0000', 'HIT@20': '0.0000', 'NDCG@20': '0.0000'}
{'Epoch': 5, 'name': 'low_freq', 'HIT@5': '0.0000', 'NDCG@5': '0.0000', 'HIT@10': '0.0000', 'NDCG@10': '0.0000', 'HIT@20': '0.0000', 'NDCG@20': '0.0000'}
{'Epoch': 5, 'name': 'all', 'HIT@5': '0.0093', 'NDCG@5': '0.0058', 'HIT@10': '0.0158', 'NDCG@10': '0.0079', 'HIT@20': '0.0257', 'NDCG@20': '0.0103'}
Validation score increased.  Saving model ...
rec dataset length: 186
100%|██████████████████████████████████████████████████████████████████████████████████████████████████████████████████████████████████████████████████| 186/186 [00:47<00:00,  3.92it/s]
{'epoch': 6, 'rec_avg_loss': '1.1066', 'joint_avg_loss': '1.5760', 'cl_avg_loss': '4.6940', 'itemcl_loss': '0.0000', 'cl_pair_0_loss': '4.6940'}
Recommendation EP_test:6: 100%|| 35/35 [00:07<00:00,  4.56it/s]
{'Epoch': 6, 'name': 'high_freq', 'HIT@5': '0.0133', 'NDCG@5': '0.0084', 'HIT@10': '0.0228', 'NDCG@10': '0.0115', 'HIT@20': '0.0373', 'NDCG@20': '0.0151'}
{'Epoch': 6, 'name': 'mid_freq', 'HIT@5': '0.0000', 'NDCG@5': '0.0000', 'HIT@10': '0.0000', 'NDCG@10': '0.0000', 'HIT@20': '0.0000', 'NDCG@20': '0.0000'}
{'Epoch': 6, 'name': 'low_freq', 'HIT@5': '0.0000', 'NDCG@5': '0.0000', 'HIT@10': '0.0000', 'NDCG@10': '0.0000', 'HIT@20': '0.0000', 'NDCG@20': '0.0000'}
{'Epoch': 6, 'name': 'all', 'HIT@5': '0.0090', 'NDCG@5': '0.0057', 'HIT@10': '0.0155', 'NDCG@10': '0.0078', 'HIT@20': '0.0254', 'NDCG@20': '0.0103'}
EarlyStopping counter: 1 out of 40
rec dataset length: 186
100%|██████████████████████████████████████████████████████████████████████████████████████████████████████████████████████████████████████████████████| 186/186 [00:47<00:00,  3.92it/s]
{'epoch': 7, 'rec_avg_loss': '1.0874', 'joint_avg_loss': '1.5507', 'cl_avg_loss': '4.6331', 'itemcl_loss': '0.0000', 'cl_pair_0_loss': '4.6331'}
Recommendation EP_test:7: 100%|| 35/35 [00:07<00:00,  4.77it/s]
{'Epoch': 7, 'name': 'high_freq', 'HIT@5': '0.0130', 'NDCG@5': '0.0083', 'HIT@10': '0.0235', 'NDCG@10': '0.0117', 'HIT@20': '0.0393', 'NDCG@20': '0.0157'}
{'Epoch': 7, 'name': 'mid_freq', 'HIT@5': '0.0000', 'NDCG@5': '0.0000', 'HIT@10': '0.0000', 'NDCG@10': '0.0000', 'HIT@20': '0.0000', 'NDCG@20': '0.0000'}
{'Epoch': 7, 'name': 'low_freq', 'HIT@5': '0.0000', 'NDCG@5': '0.0000', 'HIT@10': '0.0000', 'NDCG@10': '0.0000', 'HIT@20': '0.0000', 'NDCG@20': '0.0000'}
{'Epoch': 7, 'name': 'all', 'HIT@5': '0.0088', 'NDCG@5': '0.0057', 'HIT@10': '0.0160', 'NDCG@10': '0.0080', 'HIT@20': '0.0267', 'NDCG@20': '0.0107'}
Validation score increased.  Saving model ...
rec dataset length: 186
100%|██████████████████████████████████████████████████████████████████████████████████████████████████████████████████████████████████████████████████| 186/186 [00:47<00:00,  3.91it/s]
{'epoch': 8, 'rec_avg_loss': '1.0735', 'joint_avg_loss': '1.5330', 'cl_avg_loss': '4.5950', 'itemcl_loss': '0.0000', 'cl_pair_0_loss': '4.5950'}
Recommendation EP_test:8: 100%|| 35/35 [00:07<00:00,  4.48it/s]
{'Epoch': 8, 'name': 'high_freq', 'HIT@5': '0.0133', 'NDCG@5': '0.0084', 'HIT@10': '0.0243', 'NDCG@10': '0.0120', 'HIT@20': '0.0402', 'NDCG@20': '0.0160'}
{'Epoch': 8, 'name': 'mid_freq', 'HIT@5': '0.0000', 'NDCG@5': '0.0000', 'HIT@10': '0.0000', 'NDCG@10': '0.0000', 'HIT@20': '0.0000', 'NDCG@20': '0.0000'}
{'Epoch': 8, 'name': 'low_freq', 'HIT@5': '0.0000', 'NDCG@5': '0.0000', 'HIT@10': '0.0000', 'NDCG@10': '0.0000', 'HIT@20': '0.0000', 'NDCG@20': '0.0000'}
{'Epoch': 8, 'name': 'all', 'HIT@5': '0.0091', 'NDCG@5': '0.0057', 'HIT@10': '0.0165', 'NDCG@10': '0.0081', 'HIT@20': '0.0274', 'NDCG@20': '0.0109'}
Validation score increased.  Saving model ...
rec dataset length: 186
100%|██████████████████████████████████████████████████████████████████████████████████████████████████████████████████████████████████████████████████| 186/186 [00:47<00:00,  3.92it/s]
{'epoch': 9, 'rec_avg_loss': '1.0534', 'joint_avg_loss': '1.5100', 'cl_avg_loss': '4.5660', 'itemcl_loss': '0.0000', 'cl_pair_0_loss': '4.5660'}
Recommendation EP_test:9: 100%|| 35/35 [00:08<00:00,  4.20it/s]
{'Epoch': 9, 'name': 'high_freq', 'HIT@5': '0.0147', 'NDCG@5': '0.0091', 'HIT@10': '0.0257', 'NDCG@10': '0.0126', 'HIT@20': '0.0430', 'NDCG@20': '0.0169'}
{'Epoch': 9, 'name': 'mid_freq', 'HIT@5': '0.0000', 'NDCG@5': '0.0000', 'HIT@10': '0.0000', 'NDCG@10': '0.0000', 'HIT@20': '0.0000', 'NDCG@20': '0.0000'}
{'Epoch': 9, 'name': 'low_freq', 'HIT@5': '0.0000', 'NDCG@5': '0.0000', 'HIT@10': '0.0000', 'NDCG@10': '0.0000', 'HIT@20': '0.0000', 'NDCG@20': '0.0000'}
{'Epoch': 9, 'name': 'all', 'HIT@5': '0.0100', 'NDCG@5': '0.0062', 'HIT@10': '0.0175', 'NDCG@10': '0.0086', 'HIT@20': '0.0293', 'NDCG@20': '0.0115'}
Validation score increased.  Saving model ...
rec dataset length: 186
100%|██████████████████████████████████████████████████████████████████████████████████████████████████████████████████████████████████████████████████| 186/186 [00:47<00:00,  3.92it/s]
{'epoch': 10, 'rec_avg_loss': '1.0337', 'joint_avg_loss': '1.4867', 'cl_avg_loss': '4.5307', 'itemcl_loss': '0.0000', 'cl_pair_0_loss': '4.5307'}
Recommendation EP_test:10: 100%|| 35/35 [00:07<00:00,  4.59it/s]
{'Epoch': 10, 'name': 'high_freq', 'HIT@5': '0.0163', 'NDCG@5': '0.0101', 'HIT@10': '0.0283', 'NDCG@10': '0.0139', 'HIT@20': '0.0477', 'NDCG@20': '0.0188'}
{'Epoch': 10, 'name': 'mid_freq', 'HIT@5': '0.0000', 'NDCG@5': '0.0000', 'HIT@10': '0.0000', 'NDCG@10': '0.0000', 'HIT@20': '0.0000', 'NDCG@20': '0.0000'}
{'Epoch': 10, 'name': 'low_freq', 'HIT@5': '0.0000', 'NDCG@5': '0.0000', 'HIT@10': '0.0000', 'NDCG@10': '0.0000', 'HIT@20': '0.0000', 'NDCG@20': '0.0000'}
{'Epoch': 10, 'name': 'all', 'HIT@5': '0.0111', 'NDCG@5': '0.0068', 'HIT@10': '0.0193', 'NDCG@10': '0.0095', 'HIT@20': '0.0324', 'NDCG@20': '0.0128'}
Validation score increased.  Saving model ...
rec dataset length: 186
100%|██████████████████████████████████████████████████████████████████████████████████████████████████████████████████████████████████████████████████| 186/186 [00:47<00:00,  3.92it/s]
{'epoch': 11, 'rec_avg_loss': '1.0087', 'joint_avg_loss': '1.4586', 'cl_avg_loss': '4.4988', 'itemcl_loss': '0.0000', 'cl_pair_0_loss': '4.4988'}
Recommendation EP_test:11: 100%|| 35/35 [00:07<00:00,  4.47it/s]
{'Epoch': 11, 'name': 'high_freq', 'HIT@5': '0.0170', 'NDCG@5': '0.0106', 'HIT@10': '0.0299', 'NDCG@10': '0.0147', 'HIT@20': '0.0509', 'NDCG@20': '0.0199'}
{'Epoch': 11, 'name': 'mid_freq', 'HIT@5': '0.0000', 'NDCG@5': '0.0000', 'HIT@10': '0.0000', 'NDCG@10': '0.0000', 'HIT@20': '0.0000', 'NDCG@20': '0.0000'}
{'Epoch': 11, 'name': 'low_freq', 'HIT@5': '0.0000', 'NDCG@5': '0.0000', 'HIT@10': '0.0000', 'NDCG@10': '0.0000', 'HIT@20': '0.0000', 'NDCG@20': '0.0000'}
{'Epoch': 11, 'name': 'all', 'HIT@5': '0.0115', 'NDCG@5': '0.0072', 'HIT@10': '0.0203', 'NDCG@10': '0.0100', 'HIT@20': '0.0346', 'NDCG@20': '0.0136'}
Validation score increased.  Saving model ...
rec dataset length: 186
100%|██████████████████████████████████████████████████████████████████████████████████████████████████████████████████████████████████████████████████| 186/186 [00:47<00:00,  3.91it/s]
{'epoch': 12, 'rec_avg_loss': '0.9862', 'joint_avg_loss': '1.4344', 'cl_avg_loss': '4.4820', 'itemcl_loss': '0.0000', 'cl_pair_0_loss': '4.4820'}
Recommendation EP_test:12: 100%|| 35/35 [00:08<00:00,  4.19it/s]
{'Epoch': 12, 'name': 'high_freq', 'HIT@5': '0.0199', 'NDCG@5': '0.0126', 'HIT@10': '0.0339', 'NDCG@10': '0.0171', 'HIT@20': '0.0546', 'NDCG@20': '0.0223'}
{'Epoch': 12, 'name': 'mid_freq', 'HIT@5': '0.0000', 'NDCG@5': '0.0000', 'HIT@10': '0.0000', 'NDCG@10': '0.0000', 'HIT@20': '0.0003', 'NDCG@20': '0.0001'}
{'Epoch': 12, 'name': 'low_freq', 'HIT@5': '0.0000', 'NDCG@5': '0.0000', 'HIT@10': '0.0000', 'NDCG@10': '0.0000', 'HIT@20': '0.0000', 'NDCG@20': '0.0000'}
{'Epoch': 12, 'name': 'all', 'HIT@5': '0.0135', 'NDCG@5': '0.0086', 'HIT@10': '0.0231', 'NDCG@10': '0.0116', 'HIT@20': '0.0372', 'NDCG@20': '0.0152'}
Validation score increased.  Saving model ...
rec dataset length: 186
100%|██████████████████████████████████████████████████████████████████████████████████████████████████████████████████████████████████████████████████| 186/186 [00:48<00:00,  3.87it/s]
{'epoch': 13, 'rec_avg_loss': '0.9659', 'joint_avg_loss': '1.4101', 'cl_avg_loss': '4.4425', 'itemcl_loss': '0.0000', 'cl_pair_0_loss': '4.4425'}
Recommendation EP_test:13: 100%|| 35/35 [00:08<00:00,  4.26it/s]
{'Epoch': 13, 'name': 'high_freq', 'HIT@5': '0.0201', 'NDCG@5': '0.0128', 'HIT@10': '0.0346', 'NDCG@10': '0.0175', 'HIT@20': '0.0603', 'NDCG@20': '0.0240'}
{'Epoch': 13, 'name': 'mid_freq', 'HIT@5': '0.0000', 'NDCG@5': '0.0000', 'HIT@10': '0.0001', 'NDCG@10': '0.0000', 'HIT@20': '0.0004', 'NDCG@20': '0.0001'}
{'Epoch': 13, 'name': 'low_freq', 'HIT@5': '0.0000', 'NDCG@5': '0.0000', 'HIT@10': '0.0000', 'NDCG@10': '0.0000', 'HIT@20': '0.0000', 'NDCG@20': '0.0000'}
{'Epoch': 13, 'name': 'all', 'HIT@5': '0.0137', 'NDCG@5': '0.0087', 'HIT@10': '0.0236', 'NDCG@10': '0.0119', 'HIT@20': '0.0411', 'NDCG@20': '0.0163'}
Validation score increased.  Saving model ...
rec dataset length: 186
100%|██████████████████████████████████████████████████████████████████████████████████████████████████████████████████████████████████████████████████| 186/186 [00:49<00:00,  3.77it/s]
{'epoch': 14, 'rec_avg_loss': '0.9449', 'joint_avg_loss': '1.3886', 'cl_avg_loss': '4.4364', 'itemcl_loss': '0.0000', 'cl_pair_0_loss': '4.4364'}
Recommendation EP_test:14: 100%|| 35/35 [00:08<00:00,  3.94it/s]
{'Epoch': 14, 'name': 'high_freq', 'HIT@5': '0.0225', 'NDCG@5': '0.0144', 'HIT@10': '0.0381', 'NDCG@10': '0.0194', 'HIT@20': '0.0650', 'NDCG@20': '0.0262'}
{'Epoch': 14, 'name': 'mid_freq', 'HIT@5': '0.0001', 'NDCG@5': '0.0001', 'HIT@10': '0.0004', 'NDCG@10': '0.0002', 'HIT@20': '0.0006', 'NDCG@20': '0.0003'}
{'Epoch': 14, 'name': 'low_freq', 'HIT@5': '0.0000', 'NDCG@5': '0.0000', 'HIT@10': '0.0000', 'NDCG@10': '0.0000', 'HIT@20': '0.0000', 'NDCG@20': '0.0000'}
{'Epoch': 14, 'name': 'all', 'HIT@5': '0.0153', 'NDCG@5': '0.0098', 'HIT@10': '0.0260', 'NDCG@10': '0.0133', 'HIT@20': '0.0443', 'NDCG@20': '0.0179'}
Validation score increased.  Saving model ...
rec dataset length: 186
100%|██████████████████████████████████████████████████████████████████████████████████████████████████████████████████████████████████████████████████| 186/186 [00:48<00:00,  3.83it/s]
{'epoch': 15, 'rec_avg_loss': '0.9236', 'joint_avg_loss': '1.3656', 'cl_avg_loss': '4.4203', 'itemcl_loss': '0.0000', 'cl_pair_0_loss': '4.4203'}
Recommendation EP_test:15: 100%|| 35/35 [00:08<00:00,  4.04it/s]
{'Epoch': 15, 'name': 'high_freq', 'HIT@5': '0.0213', 'NDCG@5': '0.0137', 'HIT@10': '0.0369', 'NDCG@10': '0.0187', 'HIT@20': '0.0631', 'NDCG@20': '0.0253'}
{'Epoch': 15, 'name': 'mid_freq', 'HIT@5': '0.0004', 'NDCG@5': '0.0002', 'HIT@10': '0.0006', 'NDCG@10': '0.0003', 'HIT@20': '0.0007', 'NDCG@20': '0.0003'}
{'Epoch': 15, 'name': 'low_freq', 'HIT@5': '0.0000', 'NDCG@5': '0.0000', 'HIT@10': '0.0000', 'NDCG@10': '0.0000', 'HIT@20': '0.0002', 'NDCG@20': '0.0001'}
{'Epoch': 15, 'name': 'all', 'HIT@5': '0.0146', 'NDCG@5': '0.0094', 'HIT@10': '0.0252', 'NDCG@10': '0.0128', 'HIT@20': '0.0431', 'NDCG@20': '0.0173'}
EarlyStopping counter: 1 out of 40
rec dataset length: 186
100%|██████████████████████████████████████████████████████████████████████████████████████████████████████████████████████████████████████████████████| 186/186 [00:47<00:00,  3.88it/s]
{'epoch': 16, 'rec_avg_loss': '0.9043', 'joint_avg_loss': '1.3441', 'cl_avg_loss': '4.3980', 'itemcl_loss': '0.0000', 'cl_pair_0_loss': '4.3980'}
Recommendation EP_test:16: 100%|| 35/35 [00:08<00:00,  3.94it/s]
{'Epoch': 16, 'name': 'high_freq', 'HIT@5': '0.0247', 'NDCG@5': '0.0156', 'HIT@10': '0.0422', 'NDCG@10': '0.0212', 'HIT@20': '0.0683', 'NDCG@20': '0.0277'}
{'Epoch': 16, 'name': 'mid_freq', 'HIT@5': '0.0006', 'NDCG@5': '0.0003', 'HIT@10': '0.0007', 'NDCG@10': '0.0004', 'HIT@20': '0.0014', 'NDCG@20': '0.0006'}
{'Epoch': 16, 'name': 'low_freq', 'HIT@5': '0.0000', 'NDCG@5': '0.0000', 'HIT@10': '0.0000', 'NDCG@10': '0.0000', 'HIT@20': '0.0000', 'NDCG@20': '0.0000'}
{'Epoch': 16, 'name': 'all', 'HIT@5': '0.0169', 'NDCG@5': '0.0107', 'HIT@10': '0.0288', 'NDCG@10': '0.0145', 'HIT@20': '0.0468', 'NDCG@20': '0.0190'}
Validation score increased.  Saving model ...
rec dataset length: 186
100%|██████████████████████████████████████████████████████████████████████████████████████████████████████████████████████████████████████████████████| 186/186 [00:48<00:00,  3.86it/s]
{'epoch': 17, 'rec_avg_loss': '0.8870', 'joint_avg_loss': '1.3243', 'cl_avg_loss': '4.3734', 'itemcl_loss': '0.0000', 'cl_pair_0_loss': '4.3734'}
Recommendation EP_test:17: 100%|| 35/35 [00:08<00:00,  4.00it/s]
{'Epoch': 17, 'name': 'high_freq', 'HIT@5': '0.0270', 'NDCG@5': '0.0170', 'HIT@10': '0.0454', 'NDCG@10': '0.0229', 'HIT@20': '0.0723', 'NDCG@20': '0.0296'}
{'Epoch': 17, 'name': 'mid_freq', 'HIT@5': '0.0006', 'NDCG@5': '0.0003', 'HIT@10': '0.0010', 'NDCG@10': '0.0004', 'HIT@20': '0.0016', 'NDCG@20': '0.0005'}
{'Epoch': 17, 'name': 'low_freq', 'HIT@5': '0.0000', 'NDCG@5': '0.0000', 'HIT@10': '0.0000', 'NDCG@10': '0.0000', 'HIT@20': '0.0000', 'NDCG@20': '0.0000'}
{'Epoch': 17, 'name': 'all', 'HIT@5': '0.0185', 'NDCG@5': '0.0116', 'HIT@10': '0.0311', 'NDCG@10': '0.0157', 'HIT@20': '0.0495', 'NDCG@20': '0.0202'}
Validation score increased.  Saving model ...
rec dataset length: 186
100%|██████████████████████████████████████████████████████████████████████████████████████████████████████████████████████████████████████████████████| 186/186 [00:48<00:00,  3.85it/s]
{'epoch': 18, 'rec_avg_loss': '0.8701', 'joint_avg_loss': '1.3049', 'cl_avg_loss': '4.3481', 'itemcl_loss': '0.0000', 'cl_pair_0_loss': '4.3481'}
Recommendation EP_test:18: 100%|| 35/35 [00:08<00:00,  3.98it/s]
{'Epoch': 18, 'name': 'high_freq', 'HIT@5': '0.0269', 'NDCG@5': '0.0170', 'HIT@10': '0.0444', 'NDCG@10': '0.0226', 'HIT@20': '0.0733', 'NDCG@20': '0.0298'}
{'Epoch': 18, 'name': 'mid_freq', 'HIT@5': '0.0007', 'NDCG@5': '0.0006', 'HIT@10': '0.0013', 'NDCG@10': '0.0007', 'HIT@20': '0.0020', 'NDCG@20': '0.0009'}
{'Epoch': 18, 'name': 'low_freq', 'HIT@5': '0.0000', 'NDCG@5': '0.0000', 'HIT@10': '0.0000', 'NDCG@10': '0.0000', 'HIT@20': '0.0000', 'NDCG@20': '0.0000'}
{'Epoch': 18, 'name': 'all', 'HIT@5': '0.0185', 'NDCG@5': '0.0117', 'HIT@10': '0.0305', 'NDCG@10': '0.0155', 'HIT@20': '0.0502', 'NDCG@20': '0.0205'}
Validation score increased.  Saving model ...
rec dataset length: 186
100%|██████████████████████████████████████████████████████████████████████████████████████████████████████████████████████████████████████████████████| 186/186 [00:48<00:00,  3.84it/s]
{'epoch': 19, 'rec_avg_loss': '0.8526', 'joint_avg_loss': '1.2838', 'cl_avg_loss': '4.3118', 'itemcl_loss': '0.0000', 'cl_pair_0_loss': '4.3118'}
Recommendation EP_test:19: 100%|| 35/35 [00:09<00:00,  3.86it/s]
{'Epoch': 19, 'name': 'high_freq', 'HIT@5': '0.0286', 'NDCG@5': '0.0181', 'HIT@10': '0.0471', 'NDCG@10': '0.0240', 'HIT@20': '0.0764', 'NDCG@20': '0.0314'}
{'Epoch': 19, 'name': 'mid_freq', 'HIT@5': '0.0007', 'NDCG@5': '0.0006', 'HIT@10': '0.0013', 'NDCG@10': '0.0008', 'HIT@20': '0.0020', 'NDCG@20': '0.0010'}
{'Epoch': 19, 'name': 'low_freq', 'HIT@5': '0.0000', 'NDCG@5': '0.0000', 'HIT@10': '0.0000', 'NDCG@10': '0.0000', 'HIT@20': '0.0000', 'NDCG@20': '0.0000'}
{'Epoch': 19, 'name': 'all', 'HIT@5': '0.0196', 'NDCG@5': '0.0124', 'HIT@10': '0.0323', 'NDCG@10': '0.0165', 'HIT@20': '0.0524', 'NDCG@20': '0.0215'}
Validation score increased.  Saving model ...
rec dataset length: 186
100%|██████████████████████████████████████████████████████████████████████████████████████████████████████████████████████████████████████████████████| 186/186 [00:48<00:00,  3.86it/s]
{'epoch': 20, 'rec_avg_loss': '0.8380', 'joint_avg_loss': '1.2679', 'cl_avg_loss': '4.2988', 'itemcl_loss': '0.0000', 'cl_pair_0_loss': '4.2988'}
Recommendation EP_test:20: 100%|| 35/35 [00:08<00:00,  4.08it/s]
{'Epoch': 20, 'name': 'high_freq', 'HIT@5': '0.0284', 'NDCG@5': '0.0180', 'HIT@10': '0.0482', 'NDCG@10': '0.0243', 'HIT@20': '0.0779', 'NDCG@20': '0.0318'}
{'Epoch': 20, 'name': 'mid_freq', 'HIT@5': '0.0013', 'NDCG@5': '0.0008', 'HIT@10': '0.0016', 'NDCG@10': '0.0009', 'HIT@20': '0.0023', 'NDCG@20': '0.0011'}
{'Epoch': 20, 'name': 'low_freq', 'HIT@5': '0.0000', 'NDCG@5': '0.0000', 'HIT@10': '0.0000', 'NDCG@10': '0.0000', 'HIT@20': '0.0000', 'NDCG@20': '0.0000'}
{'Epoch': 20, 'name': 'all', 'HIT@5': '0.0196', 'NDCG@5': '0.0124', 'HIT@10': '0.0331', 'NDCG@10': '0.0167', 'HIT@20': '0.0535', 'NDCG@20': '0.0218'}
Validation score increased.  Saving model ...
rec dataset length: 186
100%|██████████████████████████████████████████████████████████████████████████████████████████████████████████████████████████████████████████████████| 186/186 [00:48<00:00,  3.83it/s]
{'epoch': 21, 'rec_avg_loss': '0.8217', 'joint_avg_loss': '1.2490', 'cl_avg_loss': '4.2737', 'itemcl_loss': '0.0000', 'cl_pair_0_loss': '4.2737'}
Recommendation EP_test:21: 100%|| 35/35 [00:08<00:00,  4.10it/s]
{'Epoch': 21, 'name': 'high_freq', 'HIT@5': '0.0303', 'NDCG@5': '0.0191', 'HIT@10': '0.0493', 'NDCG@10': '0.0252', 'HIT@20': '0.0797', 'NDCG@20': '0.0328'}
{'Epoch': 21, 'name': 'mid_freq', 'HIT@5': '0.0010', 'NDCG@5': '0.0008', 'HIT@10': '0.0019', 'NDCG@10': '0.0011', 'HIT@20': '0.0024', 'NDCG@20': '0.0012'}
{'Epoch': 21, 'name': 'low_freq', 'HIT@5': '0.0000', 'NDCG@5': '0.0000', 'HIT@10': '0.0000', 'NDCG@10': '0.0000', 'HIT@20': '0.0000', 'NDCG@20': '0.0000'}
{'Epoch': 21, 'name': 'all', 'HIT@5': '0.0208', 'NDCG@5': '0.0131', 'HIT@10': '0.0339', 'NDCG@10': '0.0173', 'HIT@20': '0.0547', 'NDCG@20': '0.0225'}
Validation score increased.  Saving model ...
rec dataset length: 186
100%|██████████████████████████████████████████████████████████████████████████████████████████████████████████████████████████████████████████████████| 186/186 [00:48<00:00,  3.84it/s]
{'epoch': 22, 'rec_avg_loss': '0.8117', 'joint_avg_loss': '1.2362', 'cl_avg_loss': '4.2455', 'itemcl_loss': '0.0000', 'cl_pair_0_loss': '4.2455'}
Recommendation EP_test:22: 100%|| 35/35 [00:08<00:00,  4.11it/s]
{'Epoch': 22, 'name': 'high_freq', 'HIT@5': '0.0316', 'NDCG@5': '0.0197', 'HIT@10': '0.0523', 'NDCG@10': '0.0263', 'HIT@20': '0.0834', 'NDCG@20': '0.0341'}
{'Epoch': 22, 'name': 'mid_freq', 'HIT@5': '0.0014', 'NDCG@5': '0.0010', 'HIT@10': '0.0017', 'NDCG@10': '0.0011', 'HIT@20': '0.0024', 'NDCG@20': '0.0013'}
{'Epoch': 22, 'name': 'low_freq', 'HIT@5': '0.0000', 'NDCG@5': '0.0000', 'HIT@10': '0.0000', 'NDCG@10': '0.0000', 'HIT@20': '0.0000', 'NDCG@20': '0.0000'}
{'Epoch': 22, 'name': 'all', 'HIT@5': '0.0218', 'NDCG@5': '0.0136', 'HIT@10': '0.0359', 'NDCG@10': '0.0181', 'HIT@20': '0.0572', 'NDCG@20': '0.0234'}
Validation score increased.  Saving model ...
rec dataset length: 186
100%|██████████████████████████████████████████████████████████████████████████████████████████████████████████████████████████████████████████████████| 186/186 [00:48<00:00,  3.87it/s]
{'epoch': 23, 'rec_avg_loss': '0.7964', 'joint_avg_loss': '1.2180', 'cl_avg_loss': '4.2157', 'itemcl_loss': '0.0000', 'cl_pair_0_loss': '4.2157'}
Recommendation EP_test:23: 100%|| 35/35 [00:08<00:00,  4.08it/s]
{'Epoch': 23, 'name': 'high_freq', 'HIT@5': '0.0317', 'NDCG@5': '0.0200', 'HIT@10': '0.0538', 'NDCG@10': '0.0271', 'HIT@20': '0.0859', 'NDCG@20': '0.0352'}
{'Epoch': 23, 'name': 'mid_freq', 'HIT@5': '0.0010', 'NDCG@5': '0.0008', 'HIT@10': '0.0019', 'NDCG@10': '0.0011', 'HIT@20': '0.0030', 'NDCG@20': '0.0014'}
{'Epoch': 23, 'name': 'low_freq', 'HIT@5': '0.0000', 'NDCG@5': '0.0000', 'HIT@10': '0.0000', 'NDCG@10': '0.0000', 'HIT@20': '0.0000', 'NDCG@20': '0.0000'}
{'Epoch': 23, 'name': 'all', 'HIT@5': '0.0217', 'NDCG@5': '0.0138', 'HIT@10': '0.0369', 'NDCG@10': '0.0187', 'HIT@20': '0.0590', 'NDCG@20': '0.0242'}
Validation score increased.  Saving model ...
rec dataset length: 186
100%|██████████████████████████████████████████████████████████████████████████████████████████████████████████████████████████████████████████████████| 186/186 [00:47<00:00,  3.89it/s]
{'epoch': 24, 'rec_avg_loss': '0.7864', 'joint_avg_loss': '1.2068', 'cl_avg_loss': '4.2036', 'itemcl_loss': '0.0000', 'cl_pair_0_loss': '4.2036'}
Recommendation EP_test:24: 100%|| 35/35 [00:08<00:00,  4.08it/s]
{'Epoch': 24, 'name': 'high_freq', 'HIT@5': '0.0325', 'NDCG@5': '0.0206', 'HIT@10': '0.0540', 'NDCG@10': '0.0275', 'HIT@20': '0.0856', 'NDCG@20': '0.0354'}
{'Epoch': 24, 'name': 'mid_freq', 'HIT@5': '0.0011', 'NDCG@5': '0.0009', 'HIT@10': '0.0017', 'NDCG@10': '0.0011', 'HIT@20': '0.0027', 'NDCG@20': '0.0013'}
{'Epoch': 24, 'name': 'low_freq', 'HIT@5': '0.0000', 'NDCG@5': '0.0000', 'HIT@10': '0.0000', 'NDCG@10': '0.0000', 'HIT@20': '0.0000', 'NDCG@20': '0.0000'}
{'Epoch': 24, 'name': 'all', 'HIT@5': '0.0223', 'NDCG@5': '0.0142', 'HIT@10': '0.0371', 'NDCG@10': '0.0189', 'HIT@20': '0.0587', 'NDCG@20': '0.0244'}
Validation score increased.  Saving model ...
rec dataset length: 186
100%|██████████████████████████████████████████████████████████████████████████████████████████████████████████████████████████████████████████████████| 186/186 [00:47<00:00,  3.89it/s]
{'epoch': 25, 'rec_avg_loss': '0.7738', 'joint_avg_loss': '1.1913', 'cl_avg_loss': '4.1748', 'itemcl_loss': '0.0000', 'cl_pair_0_loss': '4.1748'}
Recommendation EP_test:25: 100%|| 35/35 [00:08<00:00,  4.11it/s]
{'Epoch': 25, 'name': 'high_freq', 'HIT@5': '0.0332', 'NDCG@5': '0.0207', 'HIT@10': '0.0553', 'NDCG@10': '0.0277', 'HIT@20': '0.0878', 'NDCG@20': '0.0359'}
{'Epoch': 25, 'name': 'mid_freq', 'HIT@5': '0.0010', 'NDCG@5': '0.0009', 'HIT@10': '0.0017', 'NDCG@10': '0.0011', 'HIT@20': '0.0024', 'NDCG@20': '0.0013'}
{'Epoch': 25, 'name': 'low_freq', 'HIT@5': '0.0000', 'NDCG@5': '0.0000', 'HIT@10': '0.0000', 'NDCG@10': '0.0000', 'HIT@20': '0.0000', 'NDCG@20': '0.0000'}
{'Epoch': 25, 'name': 'all', 'HIT@5': '0.0228', 'NDCG@5': '0.0143', 'HIT@10': '0.0380', 'NDCG@10': '0.0191', 'HIT@20': '0.0602', 'NDCG@20': '0.0247'}
Validation score increased.  Saving model ...
rec dataset length: 186
100%|██████████████████████████████████████████████████████████████████████████████████████████████████████████████████████████████████████████████████| 186/186 [00:47<00:00,  3.90it/s]
{'epoch': 26, 'rec_avg_loss': '0.7643', 'joint_avg_loss': '1.1801', 'cl_avg_loss': '4.1581', 'itemcl_loss': '0.0000', 'cl_pair_0_loss': '4.1581'}
Recommendation EP_test:26: 100%|| 35/35 [00:08<00:00,  4.04it/s]
{'Epoch': 26, 'name': 'high_freq', 'HIT@5': '0.0336', 'NDCG@5': '0.0211', 'HIT@10': '0.0558', 'NDCG@10': '0.0283', 'HIT@20': '0.0892', 'NDCG@20': '0.0366'}
{'Epoch': 26, 'name': 'mid_freq', 'HIT@5': '0.0013', 'NDCG@5': '0.0008', 'HIT@10': '0.0020', 'NDCG@10': '0.0010', 'HIT@20': '0.0023', 'NDCG@20': '0.0011'}
{'Epoch': 26, 'name': 'low_freq', 'HIT@5': '0.0000', 'NDCG@5': '0.0000', 'HIT@10': '0.0000', 'NDCG@10': '0.0000', 'HIT@20': '0.0005', 'NDCG@20': '0.0001'}
{'Epoch': 26, 'name': 'all', 'HIT@5': '0.0231', 'NDCG@5': '0.0145', 'HIT@10': '0.0383', 'NDCG@10': '0.0194', 'HIT@20': '0.0612', 'NDCG@20': '0.0251'}
Validation score increased.  Saving model ...
rec dataset length: 186
100%|██████████████████████████████████████████████████████████████████████████████████████████████████████████████████████████████████████████████████| 186/186 [00:47<00:00,  3.89it/s]
{'epoch': 27, 'rec_avg_loss': '0.7511', 'joint_avg_loss': '1.1643', 'cl_avg_loss': '4.1320', 'itemcl_loss': '0.0000', 'cl_pair_0_loss': '4.1320'}
Recommendation EP_test:27: 100%|| 35/35 [00:08<00:00,  4.04it/s]
{'Epoch': 27, 'name': 'high_freq', 'HIT@5': '0.0345', 'NDCG@5': '0.0217', 'HIT@10': '0.0559', 'NDCG@10': '0.0285', 'HIT@20': '0.0897', 'NDCG@20': '0.0370'}
{'Epoch': 27, 'name': 'mid_freq', 'HIT@5': '0.0007', 'NDCG@5': '0.0004', 'HIT@10': '0.0020', 'NDCG@10': '0.0008', 'HIT@20': '0.0027', 'NDCG@20': '0.0010'}
{'Epoch': 27, 'name': 'low_freq', 'HIT@5': '0.0000', 'NDCG@5': '0.0000', 'HIT@10': '0.0000', 'NDCG@10': '0.0000', 'HIT@20': '0.0000', 'NDCG@20': '0.0000'}
{'Epoch': 27, 'name': 'all', 'HIT@5': '0.0236', 'NDCG@5': '0.0148', 'HIT@10': '0.0384', 'NDCG@10': '0.0196', 'HIT@20': '0.0615', 'NDCG@20': '0.0254'}
Validation score increased.  Saving model ...
rec dataset length: 186
100%|██████████████████████████████████████████████████████████████████████████████████████████████████████████████████████████████████████████████████| 186/186 [00:47<00:00,  3.90it/s]
{'epoch': 28, 'rec_avg_loss': '0.7398', 'joint_avg_loss': '1.1502', 'cl_avg_loss': '4.1043', 'itemcl_loss': '0.0000', 'cl_pair_0_loss': '4.1043'}
Recommendation EP_test:28: 100%|| 35/35 [00:08<00:00,  4.03it/s]
{'Epoch': 28, 'name': 'high_freq', 'HIT@5': '0.0363', 'NDCG@5': '0.0235', 'HIT@10': '0.0586', 'NDCG@10': '0.0306', 'HIT@20': '0.0929', 'NDCG@20': '0.0392'}
{'Epoch': 28, 'name': 'mid_freq', 'HIT@5': '0.0013', 'NDCG@5': '0.0007', 'HIT@10': '0.0023', 'NDCG@10': '0.0010', 'HIT@20': '0.0033', 'NDCG@20': '0.0012'}
{'Epoch': 28, 'name': 'low_freq', 'HIT@5': '0.0000', 'NDCG@5': '0.0000', 'HIT@10': '0.0000', 'NDCG@10': '0.0000', 'HIT@20': '0.0005', 'NDCG@20': '0.0001'}
{'Epoch': 28, 'name': 'all', 'HIT@5': '0.0249', 'NDCG@5': '0.0161', 'HIT@10': '0.0403', 'NDCG@10': '0.0210', 'HIT@20': '0.0639', 'NDCG@20': '0.0269'}
Validation score increased.  Saving model ...
rec dataset length: 186
100%|██████████████████████████████████████████████████████████████████████████████████████████████████████████████████████████████████████████████████| 186/186 [00:47<00:00,  3.90it/s]
{'epoch': 29, 'rec_avg_loss': '0.7321', 'joint_avg_loss': '1.1406', 'cl_avg_loss': '4.0849', 'itemcl_loss': '0.0000', 'cl_pair_0_loss': '4.0849'}
Recommendation EP_test:29: 100%|| 35/35 [00:08<00:00,  4.00it/s]
{'Epoch': 29, 'name': 'high_freq', 'HIT@5': '0.0371', 'NDCG@5': '0.0239', 'HIT@10': '0.0589', 'NDCG@10': '0.0309', 'HIT@20': '0.0930', 'NDCG@20': '0.0394'}
{'Epoch': 29, 'name': 'mid_freq', 'HIT@5': '0.0013', 'NDCG@5': '0.0009', 'HIT@10': '0.0019', 'NDCG@10': '0.0010', 'HIT@20': '0.0032', 'NDCG@20': '0.0014'}
{'Epoch': 29, 'name': 'low_freq', 'HIT@5': '0.0000', 'NDCG@5': '0.0000', 'HIT@10': '0.0002', 'NDCG@10': '0.0001', 'HIT@20': '0.0009', 'NDCG@20': '0.0002'}
{'Epoch': 29, 'name': 'all', 'HIT@5': '0.0255', 'NDCG@5': '0.0164', 'HIT@10': '0.0405', 'NDCG@10': '0.0212', 'HIT@20': '0.0640', 'NDCG@20': '0.0271'}
Validation score increased.  Saving model ...
rec dataset length: 186
100%|██████████████████████████████████████████████████████████████████████████████████████████████████████████████████████████████████████████████████| 186/186 [00:47<00:00,  3.89it/s]
{'epoch': 30, 'rec_avg_loss': '0.7236', 'joint_avg_loss': '1.1304', 'cl_avg_loss': '4.0681', 'itemcl_loss': '0.0000', 'cl_pair_0_loss': '4.0681'}
Recommendation EP_test:30: 100%|| 35/35 [00:08<00:00,  4.01it/s]
{'Epoch': 30, 'name': 'high_freq', 'HIT@5': '0.0340', 'NDCG@5': '0.0217', 'HIT@10': '0.0589', 'NDCG@10': '0.0297', 'HIT@20': '0.0938', 'NDCG@20': '0.0385'}
{'Epoch': 30, 'name': 'mid_freq', 'HIT@5': '0.0013', 'NDCG@5': '0.0009', 'HIT@10': '0.0023', 'NDCG@10': '0.0012', 'HIT@20': '0.0037', 'NDCG@20': '0.0016'}
{'Epoch': 30, 'name': 'low_freq', 'HIT@5': '0.0000', 'NDCG@5': '0.0000', 'HIT@10': '0.0005', 'NDCG@10': '0.0001', 'HIT@20': '0.0007', 'NDCG@20': '0.0002'}
{'Epoch': 30, 'name': 'all', 'HIT@5': '0.0234', 'NDCG@5': '0.0149', 'HIT@10': '0.0406', 'NDCG@10': '0.0204', 'HIT@20': '0.0646', 'NDCG@20': '0.0265'}
EarlyStopping counter: 1 out of 40
rec dataset length: 186
100%|██████████████████████████████████████████████████████████████████████████████████████████████████████████████████████████████████████████████████| 186/186 [00:47<00:00,  3.89it/s]
{'epoch': 31, 'rec_avg_loss': '0.7111', 'joint_avg_loss': '1.1148', 'cl_avg_loss': '4.0368', 'itemcl_loss': '0.0000', 'cl_pair_0_loss': '4.0368'}
Recommendation EP_test:31: 100%|| 35/35 [00:08<00:00,  4.09it/s]
{'Epoch': 31, 'name': 'high_freq', 'HIT@5': '0.0367', 'NDCG@5': '0.0232', 'HIT@10': '0.0602', 'NDCG@10': '0.0307', 'HIT@20': '0.0927', 'NDCG@20': '0.0389'}
{'Epoch': 31, 'name': 'mid_freq', 'HIT@5': '0.0014', 'NDCG@5': '0.0010', 'HIT@10': '0.0024', 'NDCG@10': '0.0014', 'HIT@20': '0.0036', 'NDCG@20': '0.0017'}
{'Epoch': 31, 'name': 'low_freq', 'HIT@5': '0.0000', 'NDCG@5': '0.0000', 'HIT@10': '0.0005', 'NDCG@10': '0.0001', 'HIT@20': '0.0014', 'NDCG@20': '0.0004'}
{'Epoch': 31, 'name': 'all', 'HIT@5': '0.0253', 'NDCG@5': '0.0160', 'HIT@10': '0.0415', 'NDCG@10': '0.0212', 'HIT@20': '0.0640', 'NDCG@20': '0.0268'}
EarlyStopping counter: 2 out of 40
rec dataset length: 186
100%|██████████████████████████████████████████████████████████████████████████████████████████████████████████████████████████████████████████████████| 186/186 [00:47<00:00,  3.90it/s]
{'epoch': 32, 'rec_avg_loss': '0.7069', 'joint_avg_loss': '1.1103', 'cl_avg_loss': '4.0342', 'itemcl_loss': '0.0000', 'cl_pair_0_loss': '4.0342'}
Recommendation EP_test:32: 100%|| 35/35 [00:08<00:00,  4.08it/s]
{'Epoch': 32, 'name': 'high_freq', 'HIT@5': '0.0376', 'NDCG@5': '0.0238', 'HIT@10': '0.0611', 'NDCG@10': '0.0314', 'HIT@20': '0.0951', 'NDCG@20': '0.0399'}
{'Epoch': 32, 'name': 'mid_freq', 'HIT@5': '0.0014', 'NDCG@5': '0.0009', 'HIT@10': '0.0027', 'NDCG@10': '0.0013', 'HIT@20': '0.0034', 'NDCG@20': '0.0015'}
{'Epoch': 32, 'name': 'low_freq', 'HIT@5': '0.0000', 'NDCG@5': '0.0000', 'HIT@10': '0.0002', 'NDCG@10': '0.0001', 'HIT@20': '0.0011', 'NDCG@20': '0.0003'}
{'Epoch': 32, 'name': 'all', 'HIT@5': '0.0258', 'NDCG@5': '0.0164', 'HIT@10': '0.0421', 'NDCG@10': '0.0216', 'HIT@20': '0.0655', 'NDCG@20': '0.0275'}
Validation score increased.  Saving model ...
rec dataset length: 186
100%|██████████████████████████████████████████████████████████████████████████████████████████████████████████████████████████████████████████████████| 186/186 [00:47<00:00,  3.89it/s]
{'epoch': 33, 'rec_avg_loss': '0.6980', 'joint_avg_loss': '1.0986', 'cl_avg_loss': '4.0065', 'itemcl_loss': '0.0000', 'cl_pair_0_loss': '4.0065'}
Recommendation EP_test:33: 100%|| 35/35 [00:08<00:00,  4.04it/s]
{'Epoch': 33, 'name': 'high_freq', 'HIT@5': '0.0383', 'NDCG@5': '0.0241', 'HIT@10': '0.0614', 'NDCG@10': '0.0315', 'HIT@20': '0.0960', 'NDCG@20': '0.0402'}
{'Epoch': 33, 'name': 'mid_freq', 'HIT@5': '0.0011', 'NDCG@5': '0.0007', 'HIT@10': '0.0030', 'NDCG@10': '0.0013', 'HIT@20': '0.0037', 'NDCG@20': '0.0014'}
{'Epoch': 33, 'name': 'low_freq', 'HIT@5': '0.0005', 'NDCG@5': '0.0002', 'HIT@10': '0.0009', 'NDCG@10': '0.0003', 'HIT@20': '0.0018', 'NDCG@20': '0.0006'}
{'Epoch': 33, 'name': 'all', 'HIT@5': '0.0263', 'NDCG@5': '0.0165', 'HIT@10': '0.0424', 'NDCG@10': '0.0217', 'HIT@20': '0.0663', 'NDCG@20': '0.0277'}
Validation score increased.  Saving model ...
rec dataset length: 186
100%|██████████████████████████████████████████████████████████████████████████████████████████████████████████████████████████████████████████████████| 186/186 [00:47<00:00,  3.90it/s]
{'epoch': 34, 'rec_avg_loss': '0.6900', 'joint_avg_loss': '1.0890', 'cl_avg_loss': '3.9900', 'itemcl_loss': '0.0000', 'cl_pair_0_loss': '3.9900'}
Recommendation EP_test:34: 100%|| 35/35 [00:08<00:00,  3.99it/s]
{'Epoch': 34, 'name': 'high_freq', 'HIT@5': '0.0385', 'NDCG@5': '0.0247', 'HIT@10': '0.0612', 'NDCG@10': '0.0320', 'HIT@20': '0.0979', 'NDCG@20': '0.0412'}
{'Epoch': 34, 'name': 'mid_freq', 'HIT@5': '0.0013', 'NDCG@5': '0.0008', 'HIT@10': '0.0030', 'NDCG@10': '0.0014', 'HIT@20': '0.0039', 'NDCG@20': '0.0016'}
{'Epoch': 34, 'name': 'low_freq', 'HIT@5': '0.0002', 'NDCG@5': '0.0001', 'HIT@10': '0.0007', 'NDCG@10': '0.0002', 'HIT@20': '0.0014', 'NDCG@20': '0.0004'}
{'Epoch': 34, 'name': 'all', 'HIT@5': '0.0265', 'NDCG@5': '0.0170', 'HIT@10': '0.0423', 'NDCG@10': '0.0221', 'HIT@20': '0.0675', 'NDCG@20': '0.0284'}
Validation score increased.  Saving model ...
rec dataset length: 186
100%|██████████████████████████████████████████████████████████████████████████████████████████████████████████████████████████████████████████████████| 186/186 [00:47<00:00,  3.89it/s]
{'epoch': 35, 'rec_avg_loss': '0.6820', 'joint_avg_loss': '1.0790', 'cl_avg_loss': '3.9698', 'itemcl_loss': '0.0000', 'cl_pair_0_loss': '3.9698'}
Recommendation EP_test:35: 100%|| 35/35 [00:08<00:00,  4.07it/s]
{'Epoch': 35, 'name': 'high_freq', 'HIT@5': '0.0379', 'NDCG@5': '0.0246', 'HIT@10': '0.0609', 'NDCG@10': '0.0320', 'HIT@20': '0.0972', 'NDCG@20': '0.0411'}
{'Epoch': 35, 'name': 'mid_freq', 'HIT@5': '0.0013', 'NDCG@5': '0.0009', 'HIT@10': '0.0027', 'NDCG@10': '0.0014', 'HIT@20': '0.0042', 'NDCG@20': '0.0018'}
{'Epoch': 35, 'name': 'low_freq', 'HIT@5': '0.0005', 'NDCG@5': '0.0002', 'HIT@10': '0.0011', 'NDCG@10': '0.0005', 'HIT@20': '0.0011', 'NDCG@20': '0.0005'}
{'Epoch': 35, 'name': 'all', 'HIT@5': '0.0261', 'NDCG@5': '0.0169', 'HIT@10': '0.0421', 'NDCG@10': '0.0221', 'HIT@20': '0.0671', 'NDCG@20': '0.0284'}
EarlyStopping counter: 1 out of 40
rec dataset length: 186
100%|██████████████████████████████████████████████████████████████████████████████████████████████████████████████████████████████████████████████████| 186/186 [00:47<00:00,  3.90it/s]
{'epoch': 36, 'rec_avg_loss': '0.6763', 'joint_avg_loss': '1.0707', 'cl_avg_loss': '3.9439', 'itemcl_loss': '0.0000', 'cl_pair_0_loss': '3.9439'}
Recommendation EP_test:36: 100%|| 35/35 [00:08<00:00,  4.19it/s]
{'Epoch': 36, 'name': 'high_freq', 'HIT@5': '0.0381', 'NDCG@5': '0.0243', 'HIT@10': '0.0606', 'NDCG@10': '0.0315', 'HIT@20': '0.0960', 'NDCG@20': '0.0404'}
{'Epoch': 36, 'name': 'mid_freq', 'HIT@5': '0.0016', 'NDCG@5': '0.0011', 'HIT@10': '0.0027', 'NDCG@10': '0.0014', 'HIT@20': '0.0045', 'NDCG@20': '0.0018'}
{'Epoch': 36, 'name': 'low_freq', 'HIT@5': '0.0011', 'NDCG@5': '0.0006', 'HIT@10': '0.0011', 'NDCG@10': '0.0006', 'HIT@20': '0.0014', 'NDCG@20': '0.0007'}
{'Epoch': 36, 'name': 'all', 'HIT@5': '0.0264', 'NDCG@5': '0.0168', 'HIT@10': '0.0419', 'NDCG@10': '0.0218', 'HIT@20': '0.0664', 'NDCG@20': '0.0280'}
EarlyStopping counter: 2 out of 40
rec dataset length: 186
100%|██████████████████████████████████████████████████████████████████████████████████████████████████████████████████████████████████████████████████| 186/186 [00:47<00:00,  3.91it/s]
{'epoch': 37, 'rec_avg_loss': '0.6680', 'joint_avg_loss': '1.0609', 'cl_avg_loss': '3.9289', 'itemcl_loss': '0.0000', 'cl_pair_0_loss': '3.9289'}
Recommendation EP_test:37: 100%|| 35/35 [00:08<00:00,  4.07it/s]
{'Epoch': 37, 'name': 'high_freq', 'HIT@5': '0.0393', 'NDCG@5': '0.0256', 'HIT@10': '0.0620', 'NDCG@10': '0.0329', 'HIT@20': '0.0992', 'NDCG@20': '0.0422'}
{'Epoch': 37, 'name': 'mid_freq', 'HIT@5': '0.0016', 'NDCG@5': '0.0009', 'HIT@10': '0.0023', 'NDCG@10': '0.0012', 'HIT@20': '0.0042', 'NDCG@20': '0.0017'}
{'Epoch': 37, 'name': 'low_freq', 'HIT@5': '0.0007', 'NDCG@5': '0.0004', 'HIT@10': '0.0009', 'NDCG@10': '0.0005', 'HIT@20': '0.0016', 'NDCG@20': '0.0006'}
{'Epoch': 37, 'name': 'all', 'HIT@5': '0.0271', 'NDCG@5': '0.0176', 'HIT@10': '0.0428', 'NDCG@10': '0.0227', 'HIT@20': '0.0685', 'NDCG@20': '0.0291'}
Validation score increased.  Saving model ...
rec dataset length: 186
100%|██████████████████████████████████████████████████████████████████████████████████████████████████████████████████████████████████████████████████| 186/186 [00:47<00:00,  3.89it/s]
{'epoch': 38, 'rec_avg_loss': '0.6587', 'joint_avg_loss': '1.0497', 'cl_avg_loss': '3.9095', 'itemcl_loss': '0.0000', 'cl_pair_0_loss': '3.9095'}
Recommendation EP_test:38: 100%|| 35/35 [00:08<00:00,  4.07it/s]
{'Epoch': 38, 'name': 'high_freq', 'HIT@5': '0.0379', 'NDCG@5': '0.0243', 'HIT@10': '0.0611', 'NDCG@10': '0.0318', 'HIT@20': '0.0974', 'NDCG@20': '0.0409'}
{'Epoch': 38, 'name': 'mid_freq', 'HIT@5': '0.0017', 'NDCG@5': '0.0011', 'HIT@10': '0.0027', 'NDCG@10': '0.0014', 'HIT@20': '0.0043', 'NDCG@20': '0.0018'}
{'Epoch': 38, 'name': 'low_freq', 'HIT@5': '0.0007', 'NDCG@5': '0.0003', 'HIT@10': '0.0007', 'NDCG@10': '0.0003', 'HIT@20': '0.0016', 'NDCG@20': '0.0005'}
{'Epoch': 38, 'name': 'all', 'HIT@5': '0.0262', 'NDCG@5': '0.0168', 'HIT@10': '0.0422', 'NDCG@10': '0.0220', 'HIT@20': '0.0673', 'NDCG@20': '0.0283'}
EarlyStopping counter: 1 out of 40
rec dataset length: 186
100%|██████████████████████████████████████████████████████████████████████████████████████████████████████████████████████████████████████████████████| 186/186 [00:47<00:00,  3.90it/s]
{'epoch': 39, 'rec_avg_loss': '0.6559', 'joint_avg_loss': '1.0463', 'cl_avg_loss': '3.9048', 'itemcl_loss': '0.0000', 'cl_pair_0_loss': '3.9048'}
Recommendation EP_test:39: 100%|| 35/35 [00:08<00:00,  4.08it/s]
{'Epoch': 39, 'name': 'high_freq', 'HIT@5': '0.0406', 'NDCG@5': '0.0258', 'HIT@10': '0.0639', 'NDCG@10': '0.0333', 'HIT@20': '0.1009', 'NDCG@20': '0.0426'}
{'Epoch': 39, 'name': 'mid_freq', 'HIT@5': '0.0022', 'NDCG@5': '0.0012', 'HIT@10': '0.0032', 'NDCG@10': '0.0015', 'HIT@20': '0.0040', 'NDCG@20': '0.0018'}
{'Epoch': 39, 'name': 'low_freq', 'HIT@5': '0.0009', 'NDCG@5': '0.0005', 'HIT@10': '0.0011', 'NDCG@10': '0.0006', 'HIT@20': '0.0016', 'NDCG@20': '0.0007'}
{'Epoch': 39, 'name': 'all', 'HIT@5': '0.0281', 'NDCG@5': '0.0179', 'HIT@10': '0.0442', 'NDCG@10': '0.0230', 'HIT@20': '0.0696', 'NDCG@20': '0.0294'}
Validation score increased.  Saving model ...
rec dataset length: 186
100%|██████████████████████████████████████████████████████████████████████████████████████████████████████████████████████████████████████████████████| 186/186 [00:48<00:00,  3.86it/s]
{'epoch': 40, 'rec_avg_loss': '0.6461', 'joint_avg_loss': '1.0346', 'cl_avg_loss': '3.8848', 'itemcl_loss': '0.0000', 'cl_pair_0_loss': '3.8848'}
Recommendation EP_test:40: 100%|| 35/35 [00:08<00:00,  4.06it/s]
{'Epoch': 40, 'name': 'high_freq', 'HIT@5': '0.0408', 'NDCG@5': '0.0259', 'HIT@10': '0.0657', 'NDCG@10': '0.0339', 'HIT@20': '0.1006', 'NDCG@20': '0.0427'}
{'Epoch': 40, 'name': 'mid_freq', 'HIT@5': '0.0019', 'NDCG@5': '0.0011', 'HIT@10': '0.0027', 'NDCG@10': '0.0013', 'HIT@20': '0.0042', 'NDCG@20': '0.0017'}
{'Epoch': 40, 'name': 'low_freq', 'HIT@5': '0.0007', 'NDCG@5': '0.0004', 'HIT@10': '0.0011', 'NDCG@10': '0.0005', 'HIT@20': '0.0020', 'NDCG@20': '0.0008'}
{'Epoch': 40, 'name': 'all', 'HIT@5': '0.0282', 'NDCG@5': '0.0179', 'HIT@10': '0.0453', 'NDCG@10': '0.0234', 'HIT@20': '0.0695', 'NDCG@20': '0.0295'}
Validation score increased.  Saving model ...
rec dataset length: 186
100%|██████████████████████████████████████████████████████████████████████████████████████████████████████████████████████████████████████████████████| 186/186 [00:48<00:00,  3.85it/s]
{'epoch': 41, 'rec_avg_loss': '0.6422', 'joint_avg_loss': '1.0291', 'cl_avg_loss': '3.8697', 'itemcl_loss': '0.0000', 'cl_pair_0_loss': '3.8697'}
Recommendation EP_test:41: 100%|| 35/35 [00:08<00:00,  4.29it/s]
{'Epoch': 41, 'name': 'high_freq', 'HIT@5': '0.0404', 'NDCG@5': '0.0259', 'HIT@10': '0.0636', 'NDCG@10': '0.0333', 'HIT@20': '0.1013', 'NDCG@20': '0.0427'}
{'Epoch': 41, 'name': 'mid_freq', 'HIT@5': '0.0017', 'NDCG@5': '0.0010', 'HIT@10': '0.0026', 'NDCG@10': '0.0013', 'HIT@20': '0.0049', 'NDCG@20': '0.0018'}
{'Epoch': 41, 'name': 'low_freq', 'HIT@5': '0.0007', 'NDCG@5': '0.0005', 'HIT@10': '0.0011', 'NDCG@10': '0.0006', 'HIT@20': '0.0018', 'NDCG@20': '0.0008'}
{'Epoch': 41, 'name': 'all', 'HIT@5': '0.0279', 'NDCG@5': '0.0178', 'HIT@10': '0.0439', 'NDCG@10': '0.0230', 'HIT@20': '0.0701', 'NDCG@20': '0.0295'}
Validation score increased.  Saving model ...
rec dataset length: 186
100%|██████████████████████████████████████████████████████████████████████████████████████████████████████████████████████████████████████████████████| 186/186 [00:48<00:00,  3.87it/s]
{'epoch': 42, 'rec_avg_loss': '0.6374', 'joint_avg_loss': '1.0230', 'cl_avg_loss': '3.8558', 'itemcl_loss': '0.0000', 'cl_pair_0_loss': '3.8558'}
Recommendation EP_test:42: 100%|| 35/35 [00:08<00:00,  4.07it/s]
{'Epoch': 42, 'name': 'high_freq', 'HIT@5': '0.0408', 'NDCG@5': '0.0257', 'HIT@10': '0.0641', 'NDCG@10': '0.0332', 'HIT@20': '0.1021', 'NDCG@20': '0.0428'}
{'Epoch': 42, 'name': 'mid_freq', 'HIT@5': '0.0020', 'NDCG@5': '0.0011', 'HIT@10': '0.0030', 'NDCG@10': '0.0015', 'HIT@20': '0.0047', 'NDCG@20': '0.0019'}
{'Epoch': 42, 'name': 'low_freq', 'HIT@5': '0.0014', 'NDCG@5': '0.0008', 'HIT@10': '0.0016', 'NDCG@10': '0.0009', 'HIT@20': '0.0023', 'NDCG@20': '0.0010'}
{'Epoch': 42, 'name': 'all', 'HIT@5': '0.0283', 'NDCG@5': '0.0178', 'HIT@10': '0.0444', 'NDCG@10': '0.0230', 'HIT@20': '0.0707', 'NDCG@20': '0.0296'}
Validation score increased.  Saving model ...
rec dataset length: 186
100%|██████████████████████████████████████████████████████████████████████████████████████████████████████████████████████████████████████████████████| 186/186 [00:47<00:00,  3.88it/s]
{'epoch': 43, 'rec_avg_loss': '0.6302', 'joint_avg_loss': '1.0136', 'cl_avg_loss': '3.8348', 'itemcl_loss': '0.0000', 'cl_pair_0_loss': '3.8348'}
Recommendation EP_test:43: 100%|| 35/35 [00:08<00:00,  4.04it/s]
{'Epoch': 43, 'name': 'high_freq', 'HIT@5': '0.0410', 'NDCG@5': '0.0263', 'HIT@10': '0.0664', 'NDCG@10': '0.0345', 'HIT@20': '0.1028', 'NDCG@20': '0.0436'}
{'Epoch': 43, 'name': 'mid_freq', 'HIT@5': '0.0023', 'NDCG@5': '0.0015', 'HIT@10': '0.0030', 'NDCG@10': '0.0017', 'HIT@20': '0.0053', 'NDCG@20': '0.0023'}
{'Epoch': 43, 'name': 'low_freq', 'HIT@5': '0.0011', 'NDCG@5': '0.0008', 'HIT@10': '0.0018', 'NDCG@10': '0.0010', 'HIT@20': '0.0027', 'NDCG@20': '0.0012'}
{'Epoch': 43, 'name': 'all', 'HIT@5': '0.0285', 'NDCG@5': '0.0183', 'HIT@10': '0.0460', 'NDCG@10': '0.0239', 'HIT@20': '0.0713', 'NDCG@20': '0.0303'}
Validation score increased.  Saving model ...
rec dataset length: 186
100%|██████████████████████████████████████████████████████████████████████████████████████████████████████████████████████████████████████████████████| 186/186 [00:48<00:00,  3.87it/s]
{'epoch': 44, 'rec_avg_loss': '0.6249', 'joint_avg_loss': '1.0068', 'cl_avg_loss': '3.8193', 'itemcl_loss': '0.0000', 'cl_pair_0_loss': '3.8193'}
Recommendation EP_test:44: 100%|| 35/35 [00:08<00:00,  4.11it/s]
{'Epoch': 44, 'name': 'high_freq', 'HIT@5': '0.0409', 'NDCG@5': '0.0267', 'HIT@10': '0.0648', 'NDCG@10': '0.0343', 'HIT@20': '0.1038', 'NDCG@20': '0.0442'}
{'Epoch': 44, 'name': 'mid_freq', 'HIT@5': '0.0023', 'NDCG@5': '0.0014', 'HIT@10': '0.0029', 'NDCG@10': '0.0016', 'HIT@20': '0.0050', 'NDCG@20': '0.0022'}
{'Epoch': 44, 'name': 'low_freq', 'HIT@5': '0.0011', 'NDCG@5': '0.0008', 'HIT@10': '0.0020', 'NDCG@10': '0.0011', 'HIT@20': '0.0023', 'NDCG@20': '0.0011'}
{'Epoch': 44, 'name': 'all', 'HIT@5': '0.0284', 'NDCG@5': '0.0185', 'HIT@10': '0.0449', 'NDCG@10': '0.0238', 'HIT@20': '0.0719', 'NDCG@20': '0.0306'}
Validation score increased.  Saving model ...
rec dataset length: 186
100%|██████████████████████████████████████████████████████████████████████████████████████████████████████████████████████████████████████████████████| 186/186 [00:48<00:00,  3.87it/s]
{'epoch': 45, 'rec_avg_loss': '0.6198', 'joint_avg_loss': '1.0000', 'cl_avg_loss': '3.8024', 'itemcl_loss': '0.0000', 'cl_pair_0_loss': '3.8024'}
Recommendation EP_test:45: 100%|| 35/35 [00:08<00:00,  4.10it/s]
{'Epoch': 45, 'name': 'high_freq', 'HIT@5': '0.0403', 'NDCG@5': '0.0264', 'HIT@10': '0.0668', 'NDCG@10': '0.0349', 'HIT@20': '0.1024', 'NDCG@20': '0.0438'}
{'Epoch': 45, 'name': 'mid_freq', 'HIT@5': '0.0026', 'NDCG@5': '0.0015', 'HIT@10': '0.0034', 'NDCG@10': '0.0018', 'HIT@20': '0.0055', 'NDCG@20': '0.0023'}
{'Epoch': 45, 'name': 'low_freq', 'HIT@5': '0.0016', 'NDCG@5': '0.0011', 'HIT@10': '0.0018', 'NDCG@10': '0.0011', 'HIT@20': '0.0023', 'NDCG@20': '0.0012'}
{'Epoch': 45, 'name': 'all', 'HIT@5': '0.0281', 'NDCG@5': '0.0184', 'HIT@10': '0.0464', 'NDCG@10': '0.0242', 'HIT@20': '0.0710', 'NDCG@20': '0.0304'}
EarlyStopping counter: 1 out of 40
rec dataset length: 186
100%|██████████████████████████████████████████████████████████████████████████████████████████████████████████████████████████████████████████████████| 186/186 [00:48<00:00,  3.87it/s]
{'epoch': 46, 'rec_avg_loss': '0.6155', 'joint_avg_loss': '0.9947', 'cl_avg_loss': '3.7919', 'itemcl_loss': '0.0000', 'cl_pair_0_loss': '3.7919'}
Recommendation EP_test:46: 100%|| 35/35 [00:08<00:00,  4.03it/s]
{'Epoch': 46, 'name': 'high_freq', 'HIT@5': '0.0421', 'NDCG@5': '0.0271', 'HIT@10': '0.0669', 'NDCG@10': '0.0351', 'HIT@20': '0.1030', 'NDCG@20': '0.0442'}
{'Epoch': 46, 'name': 'mid_freq', 'HIT@5': '0.0023', 'NDCG@5': '0.0015', 'HIT@10': '0.0030', 'NDCG@10': '0.0017', 'HIT@20': '0.0050', 'NDCG@20': '0.0022'}
{'Epoch': 46, 'name': 'low_freq', 'HIT@5': '0.0014', 'NDCG@5': '0.0010', 'HIT@10': '0.0020', 'NDCG@10': '0.0013', 'HIT@20': '0.0025', 'NDCG@20': '0.0014'}
{'Epoch': 46, 'name': 'all', 'HIT@5': '0.0292', 'NDCG@5': '0.0189', 'HIT@10': '0.0464', 'NDCG@10': '0.0244', 'HIT@20': '0.0714', 'NDCG@20': '0.0307'}
Validation score increased.  Saving model ...
rec dataset length: 186
100%|██████████████████████████████████████████████████████████████████████████████████████████████████████████████████████████████████████████████████| 186/186 [00:48<00:00,  3.84it/s]
{'epoch': 47, 'rec_avg_loss': '0.6118', 'joint_avg_loss': '0.9889', 'cl_avg_loss': '3.7708', 'itemcl_loss': '0.0000', 'cl_pair_0_loss': '3.7708'}
Recommendation EP_test:47: 100%|| 35/35 [00:08<00:00,  4.04it/s]
{'Epoch': 47, 'name': 'high_freq', 'HIT@5': '0.0413', 'NDCG@5': '0.0269', 'HIT@10': '0.0678', 'NDCG@10': '0.0354', 'HIT@20': '0.1045', 'NDCG@20': '0.0446'}
{'Epoch': 47, 'name': 'mid_freq', 'HIT@5': '0.0020', 'NDCG@5': '0.0013', 'HIT@10': '0.0030', 'NDCG@10': '0.0016', 'HIT@20': '0.0050', 'NDCG@20': '0.0021'}
{'Epoch': 47, 'name': 'low_freq', 'HIT@5': '0.0014', 'NDCG@5': '0.0008', 'HIT@10': '0.0018', 'NDCG@10': '0.0009', 'HIT@20': '0.0025', 'NDCG@20': '0.0011'}
{'Epoch': 47, 'name': 'all', 'HIT@5': '0.0286', 'NDCG@5': '0.0186', 'HIT@10': '0.0469', 'NDCG@10': '0.0245', 'HIT@20': '0.0724', 'NDCG@20': '0.0309'}
Validation score increased.  Saving model ...
rec dataset length: 186
100%|██████████████████████████████████████████████████████████████████████████████████████████████████████████████████████████████████████████████████| 186/186 [00:47<00:00,  3.89it/s]
{'epoch': 48, 'rec_avg_loss': '0.6030', 'joint_avg_loss': '0.9798', 'cl_avg_loss': '3.7678', 'itemcl_loss': '0.0000', 'cl_pair_0_loss': '3.7678'}
Recommendation EP_test:48: 100%|| 35/35 [00:08<00:00,  4.02it/s]
{'Epoch': 48, 'name': 'high_freq', 'HIT@5': '0.0409', 'NDCG@5': '0.0266', 'HIT@10': '0.0669', 'NDCG@10': '0.0349', 'HIT@20': '0.1034', 'NDCG@20': '0.0441'}
{'Epoch': 48, 'name': 'mid_freq', 'HIT@5': '0.0020', 'NDCG@5': '0.0013', 'HIT@10': '0.0027', 'NDCG@10': '0.0015', 'HIT@20': '0.0053', 'NDCG@20': '0.0022'}
{'Epoch': 48, 'name': 'low_freq', 'HIT@5': '0.0014', 'NDCG@5': '0.0009', 'HIT@10': '0.0023', 'NDCG@10': '0.0012', 'HIT@20': '0.0029', 'NDCG@20': '0.0014'}
{'Epoch': 48, 'name': 'all', 'HIT@5': '0.0284', 'NDCG@5': '0.0185', 'HIT@10': '0.0463', 'NDCG@10': '0.0242', 'HIT@20': '0.0718', 'NDCG@20': '0.0306'}
EarlyStopping counter: 1 out of 40
rec dataset length: 186
100%|██████████████████████████████████████████████████████████████████████████████████████████████████████████████████████████████████████████████████| 186/186 [00:47<00:00,  3.89it/s]
{'epoch': 49, 'rec_avg_loss': '0.5979', 'joint_avg_loss': '0.9731', 'cl_avg_loss': '3.7516', 'itemcl_loss': '0.0000', 'cl_pair_0_loss': '3.7516'}
Recommendation EP_test:49: 100%|| 35/35 [00:08<00:00,  4.13it/s]
{'Epoch': 49, 'name': 'high_freq', 'HIT@5': '0.0408', 'NDCG@5': '0.0264', 'HIT@10': '0.0660', 'NDCG@10': '0.0345', 'HIT@20': '0.1024', 'NDCG@20': '0.0437'}
{'Epoch': 49, 'name': 'mid_freq', 'HIT@5': '0.0024', 'NDCG@5': '0.0015', 'HIT@10': '0.0036', 'NDCG@10': '0.0018', 'HIT@20': '0.0056', 'NDCG@20': '0.0023'}
{'Epoch': 49, 'name': 'low_freq', 'HIT@5': '0.0009', 'NDCG@5': '0.0006', 'HIT@10': '0.0016', 'NDCG@10': '0.0009', 'HIT@20': '0.0036', 'NDCG@20': '0.0014'}
{'Epoch': 49, 'name': 'all', 'HIT@5': '0.0283', 'NDCG@5': '0.0184', 'HIT@10': '0.0458', 'NDCG@10': '0.0239', 'HIT@20': '0.0712', 'NDCG@20': '0.0303'}
EarlyStopping counter: 2 out of 40
rec dataset length: 186
100%|██████████████████████████████████████████████████████████████████████████████████████████████████████████████████████████████████████████████████| 186/186 [00:47<00:00,  3.90it/s]
{'epoch': 50, 'rec_avg_loss': '0.5958', 'joint_avg_loss': '0.9688', 'cl_avg_loss': '3.7304', 'itemcl_loss': '0.0000', 'cl_pair_0_loss': '3.7304'}
Recommendation EP_test:50: 100%|| 35/35 [00:08<00:00,  4.19it/s]
{'Epoch': 50, 'name': 'high_freq', 'HIT@5': '0.0435', 'NDCG@5': '0.0279', 'HIT@10': '0.0677', 'NDCG@10': '0.0357', 'HIT@20': '0.1034', 'NDCG@20': '0.0447'}
{'Epoch': 50, 'name': 'mid_freq', 'HIT@5': '0.0022', 'NDCG@5': '0.0014', 'HIT@10': '0.0039', 'NDCG@10': '0.0019', 'HIT@20': '0.0063', 'NDCG@20': '0.0025'}
{'Epoch': 50, 'name': 'low_freq', 'HIT@5': '0.0018', 'NDCG@5': '0.0008', 'HIT@10': '0.0020', 'NDCG@10': '0.0009', 'HIT@20': '0.0032', 'NDCG@20': '0.0012'}
{'Epoch': 50, 'name': 'all', 'HIT@5': '0.0303', 'NDCG@5': '0.0194', 'HIT@10': '0.0471', 'NDCG@10': '0.0248', 'HIT@20': '0.0720', 'NDCG@20': '0.0311'}
Validation score increased.  Saving model ...
rec dataset length: 186
100%|██████████████████████████████████████████████████████████████████████████████████████████████████████████████████████████████████████████████████| 186/186 [00:47<00:00,  3.90it/s]
{'epoch': 51, 'rec_avg_loss': '0.5932', 'joint_avg_loss': '0.9650', 'cl_avg_loss': '3.7185', 'itemcl_loss': '0.0000', 'cl_pair_0_loss': '3.7185'}
Recommendation EP_test:51: 100%|| 35/35 [00:08<00:00,  4.10it/s]
{'Epoch': 51, 'name': 'high_freq', 'HIT@5': '0.0419', 'NDCG@5': '0.0277', 'HIT@10': '0.0681', 'NDCG@10': '0.0361', 'HIT@20': '0.1064', 'NDCG@20': '0.0457'}
{'Epoch': 51, 'name': 'mid_freq', 'HIT@5': '0.0023', 'NDCG@5': '0.0015', 'HIT@10': '0.0039', 'NDCG@10': '0.0020', 'HIT@20': '0.0057', 'NDCG@20': '0.0025'}
{'Epoch': 51, 'name': 'low_freq', 'HIT@5': '0.0014', 'NDCG@5': '0.0007', 'HIT@10': '0.0020', 'NDCG@10': '0.0009', 'HIT@20': '0.0034', 'NDCG@20': '0.0013'}
{'Epoch': 51, 'name': 'all', 'HIT@5': '0.0291', 'NDCG@5': '0.0192', 'HIT@10': '0.0473', 'NDCG@10': '0.0250', 'HIT@20': '0.0739', 'NDCG@20': '0.0317'}
Validation score increased.  Saving model ...
rec dataset length: 186
100%|██████████████████████████████████████████████████████████████████████████████████████████████████████████████████████████████████████████████████| 186/186 [00:47<00:00,  3.90it/s]
{'epoch': 52, 'rec_avg_loss': '0.5889', 'joint_avg_loss': '0.9597', 'cl_avg_loss': '3.7081', 'itemcl_loss': '0.0000', 'cl_pair_0_loss': '3.7081'}
Recommendation EP_test:52: 100%|| 35/35 [00:08<00:00,  4.21it/s]
{'Epoch': 52, 'name': 'high_freq', 'HIT@5': '0.0432', 'NDCG@5': '0.0280', 'HIT@10': '0.0683', 'NDCG@10': '0.0361', 'HIT@20': '0.1052', 'NDCG@20': '0.0454'}
{'Epoch': 52, 'name': 'mid_freq', 'HIT@5': '0.0024', 'NDCG@5': '0.0015', 'HIT@10': '0.0042', 'NDCG@10': '0.0020', 'HIT@20': '0.0069', 'NDCG@20': '0.0027'}
{'Epoch': 52, 'name': 'low_freq', 'HIT@5': '0.0014', 'NDCG@5': '0.0010', 'HIT@10': '0.0023', 'NDCG@10': '0.0013', 'HIT@20': '0.0038', 'NDCG@20': '0.0016'}
{'Epoch': 52, 'name': 'all', 'HIT@5': '0.0300', 'NDCG@5': '0.0195', 'HIT@10': '0.0476', 'NDCG@10': '0.0251', 'HIT@20': '0.0734', 'NDCG@20': '0.0316'}
EarlyStopping counter: 1 out of 40
rec dataset length: 186
100%|██████████████████████████████████████████████████████████████████████████████████████████████████████████████████████████████████████████████████| 186/186 [00:47<00:00,  3.90it/s]
{'epoch': 53, 'rec_avg_loss': '0.5826', 'joint_avg_loss': '0.9530', 'cl_avg_loss': '3.7032', 'itemcl_loss': '0.0000', 'cl_pair_0_loss': '3.7032'}
Recommendation EP_test:53: 100%|| 35/35 [00:08<00:00,  4.19it/s]
{'Epoch': 53, 'name': 'high_freq', 'HIT@5': '0.0432', 'NDCG@5': '0.0284', 'HIT@10': '0.0687', 'NDCG@10': '0.0366', 'HIT@20': '0.1056', 'NDCG@20': '0.0459'}
{'Epoch': 53, 'name': 'mid_freq', 'HIT@5': '0.0023', 'NDCG@5': '0.0014', 'HIT@10': '0.0036', 'NDCG@10': '0.0018', 'HIT@20': '0.0062', 'NDCG@20': '0.0024'}
{'Epoch': 53, 'name': 'low_freq', 'HIT@5': '0.0011', 'NDCG@5': '0.0009', 'HIT@10': '0.0023', 'NDCG@10': '0.0012', 'HIT@20': '0.0032', 'NDCG@20': '0.0014'}
{'Epoch': 53, 'name': 'all', 'HIT@5': '0.0300', 'NDCG@5': '0.0197', 'HIT@10': '0.0477', 'NDCG@10': '0.0254', 'HIT@20': '0.0735', 'NDCG@20': '0.0318'}
Validation score increased.  Saving model ...
rec dataset length: 186
100%|██████████████████████████████████████████████████████████████████████████████████████████████████████████████████████████████████████████████████| 186/186 [00:47<00:00,  3.90it/s]
{'epoch': 54, 'rec_avg_loss': '0.5816', 'joint_avg_loss': '0.9500', 'cl_avg_loss': '3.6845', 'itemcl_loss': '0.0000', 'cl_pair_0_loss': '3.6845'}
Recommendation EP_test:54: 100%|| 35/35 [00:08<00:00,  4.25it/s]
{'Epoch': 54, 'name': 'high_freq', 'HIT@5': '0.0419', 'NDCG@5': '0.0277', 'HIT@10': '0.0691', 'NDCG@10': '0.0365', 'HIT@20': '0.1050', 'NDCG@20': '0.0455'}
{'Epoch': 54, 'name': 'mid_freq', 'HIT@5': '0.0023', 'NDCG@5': '0.0012', 'HIT@10': '0.0036', 'NDCG@10': '0.0016', 'HIT@20': '0.0063', 'NDCG@20': '0.0023'}
{'Epoch': 54, 'name': 'low_freq', 'HIT@5': '0.0011', 'NDCG@5': '0.0007', 'HIT@10': '0.0018', 'NDCG@10': '0.0009', 'HIT@20': '0.0029', 'NDCG@20': '0.0012'}
{'Epoch': 54, 'name': 'all', 'HIT@5': '0.0291', 'NDCG@5': '0.0192', 'HIT@10': '0.0480', 'NDCG@10': '0.0252', 'HIT@20': '0.0730', 'NDCG@20': '0.0315'}
EarlyStopping counter: 1 out of 40
rec dataset length: 186
100%|██████████████████████████████████████████████████████████████████████████████████████████████████████████████████████████████████████████████████| 186/186 [00:47<00:00,  3.90it/s]
{'epoch': 55, 'rec_avg_loss': '0.5749', 'joint_avg_loss': '0.9417', 'cl_avg_loss': '3.6676', 'itemcl_loss': '0.0000', 'cl_pair_0_loss': '3.6676'}
Recommendation EP_test:55: 100%|| 35/35 [00:08<00:00,  4.20it/s]
{'Epoch': 55, 'name': 'high_freq', 'HIT@5': '0.0421', 'NDCG@5': '0.0274', 'HIT@10': '0.0689', 'NDCG@10': '0.0360', 'HIT@20': '0.1072', 'NDCG@20': '0.0456'}
{'Epoch': 55, 'name': 'mid_freq', 'HIT@5': '0.0029', 'NDCG@5': '0.0017', 'HIT@10': '0.0045', 'NDCG@10': '0.0022', 'HIT@20': '0.0070', 'NDCG@20': '0.0029'}
{'Epoch': 55, 'name': 'low_freq', 'HIT@5': '0.0014', 'NDCG@5': '0.0010', 'HIT@10': '0.0029', 'NDCG@10': '0.0015', 'HIT@20': '0.0043', 'NDCG@20': '0.0018'}
{'Epoch': 55, 'name': 'all', 'HIT@5': '0.0294', 'NDCG@5': '0.0191', 'HIT@10': '0.0481', 'NDCG@10': '0.0251', 'HIT@20': '0.0749', 'NDCG@20': '0.0318'}
EarlyStopping counter: 2 out of 40
rec dataset length: 186
100%|██████████████████████████████████████████████████████████████████████████████████████████████████████████████████████████████████████████████████| 186/186 [00:47<00:00,  3.89it/s]
{'epoch': 56, 'rec_avg_loss': '0.5718', 'joint_avg_loss': '0.9393', 'cl_avg_loss': '3.6750', 'itemcl_loss': '0.0000', 'cl_pair_0_loss': '3.6750'}
Recommendation EP_test:56: 100%|| 35/35 [00:08<00:00,  4.21it/s]
{'Epoch': 56, 'name': 'high_freq', 'HIT@5': '0.0424', 'NDCG@5': '0.0278', 'HIT@10': '0.0692', 'NDCG@10': '0.0364', 'HIT@20': '0.1049', 'NDCG@20': '0.0454'}
{'Epoch': 56, 'name': 'mid_freq', 'HIT@5': '0.0027', 'NDCG@5': '0.0015', 'HIT@10': '0.0042', 'NDCG@10': '0.0020', 'HIT@20': '0.0070', 'NDCG@20': '0.0027'}
{'Epoch': 56, 'name': 'low_freq', 'HIT@5': '0.0018', 'NDCG@5': '0.0010', 'HIT@10': '0.0027', 'NDCG@10': '0.0013', 'HIT@20': '0.0038', 'NDCG@20': '0.0016'}
{'Epoch': 56, 'name': 'all', 'HIT@5': '0.0296', 'NDCG@5': '0.0193', 'HIT@10': '0.0482', 'NDCG@10': '0.0253', 'HIT@20': '0.0732', 'NDCG@20': '0.0316'}
EarlyStopping counter: 3 out of 40
rec dataset length: 186
100%|██████████████████████████████████████████████████████████████████████████████████████████████████████████████████████████████████████████████████| 186/186 [00:47<00:00,  3.89it/s]
{'epoch': 57, 'rec_avg_loss': '0.5667', 'joint_avg_loss': '0.9313', 'cl_avg_loss': '3.6455', 'itemcl_loss': '0.0000', 'cl_pair_0_loss': '3.6455'}
Recommendation EP_test:57: 100%|| 35/35 [00:08<00:00,  4.15it/s]
{'Epoch': 57, 'name': 'high_freq', 'HIT@5': '0.0421', 'NDCG@5': '0.0276', 'HIT@10': '0.0675', 'NDCG@10': '0.0356', 'HIT@20': '0.1058', 'NDCG@20': '0.0453'}
{'Epoch': 57, 'name': 'mid_freq', 'HIT@5': '0.0030', 'NDCG@5': '0.0017', 'HIT@10': '0.0043', 'NDCG@10': '0.0022', 'HIT@20': '0.0076', 'NDCG@20': '0.0030'}
{'Epoch': 57, 'name': 'low_freq', 'HIT@5': '0.0011', 'NDCG@5': '0.0008', 'HIT@10': '0.0027', 'NDCG@10': '0.0013', 'HIT@20': '0.0041', 'NDCG@20': '0.0017'}
{'Epoch': 57, 'name': 'all', 'HIT@5': '0.0294', 'NDCG@5': '0.0192', 'HIT@10': '0.0471', 'NDCG@10': '0.0248', 'HIT@20': '0.0740', 'NDCG@20': '0.0316'}
EarlyStopping counter: 4 out of 40
rec dataset length: 186
100%|██████████████████████████████████████████████████████████████████████████████████████████████████████████████████████████████████████████████████| 186/186 [00:47<00:00,  3.91it/s]
{'epoch': 58, 'rec_avg_loss': '0.5628', 'joint_avg_loss': '0.9270', 'cl_avg_loss': '3.6421', 'itemcl_loss': '0.0000', 'cl_pair_0_loss': '3.6421'}
Recommendation EP_test:58: 100%|| 35/35 [00:08<00:00,  4.21it/s]
{'Epoch': 58, 'name': 'high_freq', 'HIT@5': '0.0426', 'NDCG@5': '0.0276', 'HIT@10': '0.0663', 'NDCG@10': '0.0353', 'HIT@20': '0.1030', 'NDCG@20': '0.0445'}
{'Epoch': 58, 'name': 'mid_freq', 'HIT@5': '0.0023', 'NDCG@5': '0.0011', 'HIT@10': '0.0043', 'NDCG@10': '0.0018', 'HIT@20': '0.0078', 'NDCG@20': '0.0027'}
{'Epoch': 58, 'name': 'low_freq', 'HIT@5': '0.0011', 'NDCG@5': '0.0009', 'HIT@10': '0.0025', 'NDCG@10': '0.0013', 'HIT@20': '0.0038', 'NDCG@20': '0.0016'}
{'Epoch': 58, 'name': 'all', 'HIT@5': '0.0296', 'NDCG@5': '0.0191', 'HIT@10': '0.0462', 'NDCG@10': '0.0245', 'HIT@20': '0.0721', 'NDCG@20': '0.0310'}
EarlyStopping counter: 5 out of 40
rec dataset length: 186
100%|██████████████████████████████████████████████████████████████████████████████████████████████████████████████████████████████████████████████████| 186/186 [00:47<00:00,  3.89it/s]
{'epoch': 59, 'rec_avg_loss': '0.5614', 'joint_avg_loss': '0.9242', 'cl_avg_loss': '3.6280', 'itemcl_loss': '0.0000', 'cl_pair_0_loss': '3.6280'}
Recommendation EP_test:59: 100%|| 35/35 [00:08<00:00,  4.16it/s]
{'Epoch': 59, 'name': 'high_freq', 'HIT@5': '0.0422', 'NDCG@5': '0.0274', 'HIT@10': '0.0680', 'NDCG@10': '0.0356', 'HIT@20': '0.1056', 'NDCG@20': '0.0451'}
{'Epoch': 59, 'name': 'mid_freq', 'HIT@5': '0.0027', 'NDCG@5': '0.0016', 'HIT@10': '0.0040', 'NDCG@10': '0.0020', 'HIT@20': '0.0069', 'NDCG@20': '0.0027'}
{'Epoch': 59, 'name': 'low_freq', 'HIT@5': '0.0016', 'NDCG@5': '0.0011', 'HIT@10': '0.0025', 'NDCG@10': '0.0014', 'HIT@20': '0.0034', 'NDCG@20': '0.0016'}
{'Epoch': 59, 'name': 'all', 'HIT@5': '0.0295', 'NDCG@5': '0.0191', 'HIT@10': '0.0473', 'NDCG@10': '0.0248', 'HIT@20': '0.0736', 'NDCG@20': '0.0314'}
EarlyStopping counter: 6 out of 40
rec dataset length: 186
100%|██████████████████████████████████████████████████████████████████████████████████████████████████████████████████████████████████████████████████| 186/186 [00:47<00:00,  3.88it/s]
{'epoch': 60, 'rec_avg_loss': '0.5592', 'joint_avg_loss': '0.9222', 'cl_avg_loss': '3.6301', 'itemcl_loss': '0.0000', 'cl_pair_0_loss': '3.6301'}
Recommendation EP_test:60: 100%|| 35/35 [00:08<00:00,  4.11it/s]
{'Epoch': 60, 'name': 'high_freq', 'HIT@5': '0.0424', 'NDCG@5': '0.0276', 'HIT@10': '0.0682', 'NDCG@10': '0.0359', 'HIT@20': '0.1037', 'NDCG@20': '0.0449'}
{'Epoch': 60, 'name': 'mid_freq', 'HIT@5': '0.0023', 'NDCG@5': '0.0013', 'HIT@10': '0.0043', 'NDCG@10': '0.0019', 'HIT@20': '0.0072', 'NDCG@20': '0.0026'}
{'Epoch': 60, 'name': 'low_freq', 'HIT@5': '0.0009', 'NDCG@5': '0.0007', 'HIT@10': '0.0020', 'NDCG@10': '0.0011', 'HIT@20': '0.0032', 'NDCG@20': '0.0014'}
{'Epoch': 60, 'name': 'all', 'HIT@5': '0.0294', 'NDCG@5': '0.0191', 'HIT@10': '0.0475', 'NDCG@10': '0.0250', 'HIT@20': '0.0724', 'NDCG@20': '0.0312'}
EarlyStopping counter: 7 out of 40
rec dataset length: 186
100%|██████████████████████████████████████████████████████████████████████████████████████████████████████████████████████████████████████████████████| 186/186 [00:47<00:00,  3.90it/s]
{'epoch': 61, 'rec_avg_loss': '0.5554', 'joint_avg_loss': '0.9147', 'cl_avg_loss': '3.5925', 'itemcl_loss': '0.0000', 'cl_pair_0_loss': '3.5925'}
Recommendation EP_test:61: 100%|| 35/35 [00:08<00:00,  4.17it/s]
{'Epoch': 61, 'name': 'high_freq', 'HIT@5': '0.0441', 'NDCG@5': '0.0286', 'HIT@10': '0.0699', 'NDCG@10': '0.0368', 'HIT@20': '0.1066', 'NDCG@20': '0.0460'}
{'Epoch': 61, 'name': 'mid_freq', 'HIT@5': '0.0029', 'NDCG@5': '0.0018', 'HIT@10': '0.0042', 'NDCG@10': '0.0023', 'HIT@20': '0.0078', 'NDCG@20': '0.0032'}
{'Epoch': 61, 'name': 'low_freq', 'HIT@5': '0.0011', 'NDCG@5': '0.0006', 'HIT@10': '0.0020', 'NDCG@10': '0.0009', 'HIT@20': '0.0034', 'NDCG@20': '0.0012'}
{'Epoch': 61, 'name': 'all', 'HIT@5': '0.0307', 'NDCG@5': '0.0199', 'HIT@10': '0.0486', 'NDCG@10': '0.0256', 'HIT@20': '0.0744', 'NDCG@20': '0.0321'}
Validation score increased.  Saving model ...
rec dataset length: 186
100%|██████████████████████████████████████████████████████████████████████████████████████████████████████████████████████████████████████████████████| 186/186 [00:49<00:00,  3.75it/s]
{'epoch': 62, 'rec_avg_loss': '0.5512', 'joint_avg_loss': '0.9121', 'cl_avg_loss': '3.6087', 'itemcl_loss': '0.0000', 'cl_pair_0_loss': '3.6087'}
Recommendation EP_test:62: 100%|| 35/35 [00:08<00:00,  4.22it/s]
{'Epoch': 62, 'name': 'high_freq', 'HIT@5': '0.0434', 'NDCG@5': '0.0282', 'HIT@10': '0.0688', 'NDCG@10': '0.0364', 'HIT@20': '0.1053', 'NDCG@20': '0.0456'}
{'Epoch': 62, 'name': 'mid_freq', 'HIT@5': '0.0030', 'NDCG@5': '0.0017', 'HIT@10': '0.0046', 'NDCG@10': '0.0022', 'HIT@20': '0.0069', 'NDCG@20': '0.0027'}
{'Epoch': 62, 'name': 'low_freq', 'HIT@5': '0.0018', 'NDCG@5': '0.0012', 'HIT@10': '0.0025', 'NDCG@10': '0.0014', 'HIT@20': '0.0043', 'NDCG@20': '0.0018'}
{'Epoch': 62, 'name': 'all', 'HIT@5': '0.0303', 'NDCG@5': '0.0197', 'HIT@10': '0.0480', 'NDCG@10': '0.0254', 'HIT@20': '0.0735', 'NDCG@20': '0.0318'}
EarlyStopping counter: 1 out of 40
rec dataset length: 186
100%|██████████████████████████████████████████████████████████████████████████████████████████████████████████████████████████████████████████████████| 186/186 [00:48<00:00,  3.85it/s]
{'epoch': 63, 'rec_avg_loss': '0.5478', 'joint_avg_loss': '0.9074', 'cl_avg_loss': '3.5964', 'itemcl_loss': '0.0000', 'cl_pair_0_loss': '3.5964'}
Recommendation EP_test:63: 100%|| 35/35 [00:07<00:00,  4.48it/s]
{'Epoch': 63, 'name': 'high_freq', 'HIT@5': '0.0434', 'NDCG@5': '0.0284', 'HIT@10': '0.0684', 'NDCG@10': '0.0364', 'HIT@20': '0.1044', 'NDCG@20': '0.0455'}
{'Epoch': 63, 'name': 'mid_freq', 'HIT@5': '0.0030', 'NDCG@5': '0.0018', 'HIT@10': '0.0046', 'NDCG@10': '0.0023', 'HIT@20': '0.0078', 'NDCG@20': '0.0031'}
{'Epoch': 63, 'name': 'low_freq', 'HIT@5': '0.0018', 'NDCG@5': '0.0011', 'HIT@10': '0.0025', 'NDCG@10': '0.0013', 'HIT@20': '0.0041', 'NDCG@20': '0.0017'}
{'Epoch': 63, 'name': 'all', 'HIT@5': '0.0303', 'NDCG@5': '0.0198', 'HIT@10': '0.0478', 'NDCG@10': '0.0254', 'HIT@20': '0.0730', 'NDCG@20': '0.0317'}
EarlyStopping counter: 2 out of 40
rec dataset length: 186
100%|██████████████████████████████████████████████████████████████████████████████████████████████████████████████████████████████████████████████████| 186/186 [00:48<00:00,  3.86it/s]
{'epoch': 64, 'rec_avg_loss': '0.5455', 'joint_avg_loss': '0.9052', 'cl_avg_loss': '3.5971', 'itemcl_loss': '0.0000', 'cl_pair_0_loss': '3.5971'}
Recommendation EP_test:64: 100%|| 35/35 [00:08<00:00,  4.08it/s]
{'Epoch': 64, 'name': 'high_freq', 'HIT@5': '0.0432', 'NDCG@5': '0.0280', 'HIT@10': '0.0696', 'NDCG@10': '0.0365', 'HIT@20': '0.1052', 'NDCG@20': '0.0454'}
{'Epoch': 64, 'name': 'mid_freq', 'HIT@5': '0.0027', 'NDCG@5': '0.0016', 'HIT@10': '0.0045', 'NDCG@10': '0.0021', 'HIT@20': '0.0080', 'NDCG@20': '0.0030'}
{'Epoch': 64, 'name': 'low_freq', 'HIT@5': '0.0011', 'NDCG@5': '0.0006', 'HIT@10': '0.0025', 'NDCG@10': '0.0010', 'HIT@20': '0.0038', 'NDCG@20': '0.0014'}
{'Epoch': 64, 'name': 'all', 'HIT@5': '0.0300', 'NDCG@5': '0.0194', 'HIT@10': '0.0485', 'NDCG@10': '0.0254', 'HIT@20': '0.0736', 'NDCG@20': '0.0317'}
EarlyStopping counter: 3 out of 40
rec dataset length: 186
100%|██████████████████████████████████████████████████████████████████████████████████████████████████████████████████████████████████████████████████| 186/186 [00:48<00:00,  3.84it/s]
{'epoch': 65, 'rec_avg_loss': '0.5414', 'joint_avg_loss': '0.8983', 'cl_avg_loss': '3.5686', 'itemcl_loss': '0.0000', 'cl_pair_0_loss': '3.5686'}
Recommendation EP_test:65: 100%|| 35/35 [00:08<00:00,  4.15it/s]
{'Epoch': 65, 'name': 'high_freq', 'HIT@5': '0.0431', 'NDCG@5': '0.0277', 'HIT@10': '0.0684', 'NDCG@10': '0.0358', 'HIT@20': '0.1036', 'NDCG@20': '0.0447'}
{'Epoch': 65, 'name': 'mid_freq', 'HIT@5': '0.0026', 'NDCG@5': '0.0015', 'HIT@10': '0.0040', 'NDCG@10': '0.0020', 'HIT@20': '0.0072', 'NDCG@20': '0.0028'}
{'Epoch': 65, 'name': 'low_freq', 'HIT@5': '0.0016', 'NDCG@5': '0.0009', 'HIT@10': '0.0025', 'NDCG@10': '0.0012', 'HIT@20': '0.0032', 'NDCG@20': '0.0014'}
{'Epoch': 65, 'name': 'all', 'HIT@5': '0.0300', 'NDCG@5': '0.0193', 'HIT@10': '0.0476', 'NDCG@10': '0.0249', 'HIT@20': '0.0723', 'NDCG@20': '0.0311'}
EarlyStopping counter: 4 out of 40
rec dataset length: 186
100%|██████████████████████████████████████████████████████████████████████████████████████████████████████████████████████████████████████████████████| 186/186 [00:47<00:00,  3.89it/s]
{'epoch': 66, 'rec_avg_loss': '0.5393', 'joint_avg_loss': '0.8958', 'cl_avg_loss': '3.5652', 'itemcl_loss': '0.0000', 'cl_pair_0_loss': '3.5652'}
Recommendation EP_test:66: 100%|| 35/35 [00:08<00:00,  4.21it/s]
{'Epoch': 66, 'name': 'high_freq', 'HIT@5': '0.0437', 'NDCG@5': '0.0288', 'HIT@10': '0.0694', 'NDCG@10': '0.0370', 'HIT@20': '0.1054', 'NDCG@20': '0.0461'}
{'Epoch': 66, 'name': 'mid_freq', 'HIT@5': '0.0024', 'NDCG@5': '0.0015', 'HIT@10': '0.0043', 'NDCG@10': '0.0021', 'HIT@20': '0.0080', 'NDCG@20': '0.0030'}
{'Epoch': 66, 'name': 'low_freq', 'HIT@5': '0.0020', 'NDCG@5': '0.0014', 'HIT@10': '0.0027', 'NDCG@10': '0.0016', 'HIT@20': '0.0045', 'NDCG@20': '0.0021'}
{'Epoch': 66, 'name': 'all', 'HIT@5': '0.0305', 'NDCG@5': '0.0200', 'HIT@10': '0.0484', 'NDCG@10': '0.0258', 'HIT@20': '0.0739', 'NDCG@20': '0.0322'}
Validation score increased.  Saving model ...
rec dataset length: 186
100%|██████████████████████████████████████████████████████████████████████████████████████████████████████████████████████████████████████████████████| 186/186 [00:48<00:00,  3.81it/s]
{'epoch': 67, 'rec_avg_loss': '0.5354', 'joint_avg_loss': '0.8910', 'cl_avg_loss': '3.5563', 'itemcl_loss': '0.0000', 'cl_pair_0_loss': '3.5563'}
Recommendation EP_test:67: 100%|| 35/35 [00:08<00:00,  4.35it/s]
{'Epoch': 67, 'name': 'high_freq', 'HIT@5': '0.0455', 'NDCG@5': '0.0297', 'HIT@10': '0.0691', 'NDCG@10': '0.0373', 'HIT@20': '0.1069', 'NDCG@20': '0.0468'}
{'Epoch': 67, 'name': 'mid_freq', 'HIT@5': '0.0024', 'NDCG@5': '0.0017', 'HIT@10': '0.0050', 'NDCG@10': '0.0025', 'HIT@20': '0.0079', 'NDCG@20': '0.0032'}
{'Epoch': 67, 'name': 'low_freq', 'HIT@5': '0.0025', 'NDCG@5': '0.0016', 'HIT@10': '0.0034', 'NDCG@10': '0.0019', 'HIT@20': '0.0048', 'NDCG@20': '0.0022'}
{'Epoch': 67, 'name': 'all', 'HIT@5': '0.0317', 'NDCG@5': '0.0207', 'HIT@10': '0.0484', 'NDCG@10': '0.0261', 'HIT@20': '0.0748', 'NDCG@20': '0.0327'}
Validation score increased.  Saving model ...
rec dataset length: 186
100%|██████████████████████████████████████████████████████████████████████████████████████████████████████████████████████████████████████████████████| 186/186 [00:47<00:00,  3.91it/s]
{'epoch': 68, 'rec_avg_loss': '0.5321', 'joint_avg_loss': '0.8872', 'cl_avg_loss': '3.5511', 'itemcl_loss': '0.0000', 'cl_pair_0_loss': '3.5511'}
Recommendation EP_test:68: 100%|| 35/35 [00:08<00:00,  4.12it/s]
{'Epoch': 68, 'name': 'high_freq', 'HIT@5': '0.0453', 'NDCG@5': '0.0294', 'HIT@10': '0.0710', 'NDCG@10': '0.0377', 'HIT@20': '0.1070', 'NDCG@20': '0.0467'}
{'Epoch': 68, 'name': 'mid_freq', 'HIT@5': '0.0033', 'NDCG@5': '0.0020', 'HIT@10': '0.0050', 'NDCG@10': '0.0025', 'HIT@20': '0.0086', 'NDCG@20': '0.0034'}
{'Epoch': 68, 'name': 'low_freq', 'HIT@5': '0.0016', 'NDCG@5': '0.0012', 'HIT@10': '0.0029', 'NDCG@10': '0.0017', 'HIT@20': '0.0048', 'NDCG@20': '0.0021'}
{'Epoch': 68, 'name': 'all', 'HIT@5': '0.0316', 'NDCG@5': '0.0205', 'HIT@10': '0.0497', 'NDCG@10': '0.0263', 'HIT@20': '0.0751', 'NDCG@20': '0.0327'}
EarlyStopping counter: 1 out of 40
rec dataset length: 186
100%|██████████████████████████████████████████████████████████████████████████████████████████████████████████████████████████████████████████████████| 186/186 [00:48<00:00,  3.86it/s]
{'epoch': 69, 'rec_avg_loss': '0.5316', 'joint_avg_loss': '0.8849', 'cl_avg_loss': '3.5327', 'itemcl_loss': '0.0000', 'cl_pair_0_loss': '3.5327'}
Recommendation EP_test:69: 100%|| 35/35 [00:08<00:00,  4.08it/s]
{'Epoch': 69, 'name': 'high_freq', 'HIT@5': '0.0451', 'NDCG@5': '0.0295', 'HIT@10': '0.0703', 'NDCG@10': '0.0376', 'HIT@20': '0.1065', 'NDCG@20': '0.0467'}
{'Epoch': 69, 'name': 'mid_freq', 'HIT@5': '0.0036', 'NDCG@5': '0.0023', 'HIT@10': '0.0055', 'NDCG@10': '0.0028', 'HIT@20': '0.0093', 'NDCG@20': '0.0038'}
{'Epoch': 69, 'name': 'low_freq', 'HIT@5': '0.0018', 'NDCG@5': '0.0012', 'HIT@10': '0.0025', 'NDCG@10': '0.0014', 'HIT@20': '0.0034', 'NDCG@20': '0.0017'}
{'Epoch': 69, 'name': 'all', 'HIT@5': '0.0316', 'NDCG@5': '0.0207', 'HIT@10': '0.0492', 'NDCG@10': '0.0263', 'HIT@20': '0.0747', 'NDCG@20': '0.0327'}
EarlyStopping counter: 2 out of 40
rec dataset length: 186
100%|██████████████████████████████████████████████████████████████████████████████████████████████████████████████████████████████████████████████████| 186/186 [00:48<00:00,  3.83it/s]
{'epoch': 70, 'rec_avg_loss': '0.5284', 'joint_avg_loss': '0.8816', 'cl_avg_loss': '3.5324', 'itemcl_loss': '0.0000', 'cl_pair_0_loss': '3.5324'}
Recommendation EP_test:70: 100%|| 35/35 [00:08<00:00,  4.12it/s]
{'Epoch': 70, 'name': 'high_freq', 'HIT@5': '0.0453', 'NDCG@5': '0.0295', 'HIT@10': '0.0709', 'NDCG@10': '0.0377', 'HIT@20': '0.1062', 'NDCG@20': '0.0466'}
{'Epoch': 70, 'name': 'mid_freq', 'HIT@5': '0.0034', 'NDCG@5': '0.0021', 'HIT@10': '0.0052', 'NDCG@10': '0.0027', 'HIT@20': '0.0089', 'NDCG@20': '0.0036'}
{'Epoch': 70, 'name': 'low_freq', 'HIT@5': '0.0018', 'NDCG@5': '0.0012', 'HIT@10': '0.0023', 'NDCG@10': '0.0014', 'HIT@20': '0.0034', 'NDCG@20': '0.0016'}
{'Epoch': 70, 'name': 'all', 'HIT@5': '0.0317', 'NDCG@5': '0.0206', 'HIT@10': '0.0495', 'NDCG@10': '0.0263', 'HIT@20': '0.0744', 'NDCG@20': '0.0326'}
EarlyStopping counter: 3 out of 40
rec dataset length: 186
100%|██████████████████████████████████████████████████████████████████████████████████████████████████████████████████████████████████████████████████| 186/186 [00:48<00:00,  3.86it/s]
{'epoch': 71, 'rec_avg_loss': '0.5267', 'joint_avg_loss': '0.8788', 'cl_avg_loss': '3.5210', 'itemcl_loss': '0.0000', 'cl_pair_0_loss': '3.5210'}
Recommendation EP_test:71: 100%|| 35/35 [00:08<00:00,  4.15it/s]
{'Epoch': 71, 'name': 'high_freq', 'HIT@5': '0.0438', 'NDCG@5': '0.0287', 'HIT@10': '0.0688', 'NDCG@10': '0.0367', 'HIT@20': '0.1055', 'NDCG@20': '0.0460'}
{'Epoch': 71, 'name': 'mid_freq', 'HIT@5': '0.0033', 'NDCG@5': '0.0019', 'HIT@10': '0.0052', 'NDCG@10': '0.0025', 'HIT@20': '0.0099', 'NDCG@20': '0.0037'}
{'Epoch': 71, 'name': 'low_freq', 'HIT@5': '0.0018', 'NDCG@5': '0.0013', 'HIT@10': '0.0023', 'NDCG@10': '0.0014', 'HIT@20': '0.0034', 'NDCG@20': '0.0017'}
{'Epoch': 71, 'name': 'all', 'HIT@5': '0.0307', 'NDCG@5': '0.0200', 'HIT@10': '0.0481', 'NDCG@10': '0.0256', 'HIT@20': '0.0742', 'NDCG@20': '0.0322'}
EarlyStopping counter: 4 out of 40
rec dataset length: 186
100%|██████████████████████████████████████████████████████████████████████████████████████████████████████████████████████████████████████████████████| 186/186 [00:48<00:00,  3.87it/s]
{'epoch': 72, 'rec_avg_loss': '0.5235', 'joint_avg_loss': '0.8747', 'cl_avg_loss': '3.5122', 'itemcl_loss': '0.0000', 'cl_pair_0_loss': '3.5122'}
Recommendation EP_test:72: 100%|| 35/35 [00:08<00:00,  4.09it/s]
{'Epoch': 72, 'name': 'high_freq', 'HIT@5': '0.0443', 'NDCG@5': '0.0293', 'HIT@10': '0.0697', 'NDCG@10': '0.0374', 'HIT@20': '0.1066', 'NDCG@20': '0.0467'}
{'Epoch': 72, 'name': 'mid_freq', 'HIT@5': '0.0034', 'NDCG@5': '0.0022', 'HIT@10': '0.0057', 'NDCG@10': '0.0029', 'HIT@20': '0.0101', 'NDCG@20': '0.0040'}
{'Epoch': 72, 'name': 'low_freq', 'HIT@5': '0.0018', 'NDCG@5': '0.0013', 'HIT@10': '0.0025', 'NDCG@10': '0.0016', 'HIT@20': '0.0036', 'NDCG@20': '0.0018'}
{'Epoch': 72, 'name': 'all', 'HIT@5': '0.0310', 'NDCG@5': '0.0205', 'HIT@10': '0.0488', 'NDCG@10': '0.0262', 'HIT@20': '0.0749', 'NDCG@20': '0.0328'}
Validation score increased.  Saving model ...
rec dataset length: 186
100%|██████████████████████████████████████████████████████████████████████████████████████████████████████████████████████████████████████████████████| 186/186 [00:48<00:00,  3.81it/s]
{'epoch': 73, 'rec_avg_loss': '0.5242', 'joint_avg_loss': '0.8742', 'cl_avg_loss': '3.4993', 'itemcl_loss': '0.0000', 'cl_pair_0_loss': '3.4993'}
Recommendation EP_test:73: 100%|| 35/35 [00:08<00:00,  4.01it/s]
{'Epoch': 73, 'name': 'high_freq', 'HIT@5': '0.0460', 'NDCG@5': '0.0301', 'HIT@10': '0.0698', 'NDCG@10': '0.0378', 'HIT@20': '0.1065', 'NDCG@20': '0.0470'}
{'Epoch': 73, 'name': 'mid_freq', 'HIT@5': '0.0045', 'NDCG@5': '0.0026', 'HIT@10': '0.0068', 'NDCG@10': '0.0033', 'HIT@20': '0.0093', 'NDCG@20': '0.0040'}
{'Epoch': 73, 'name': 'low_freq', 'HIT@5': '0.0020', 'NDCG@5': '0.0014', 'HIT@10': '0.0027', 'NDCG@10': '0.0016', 'HIT@20': '0.0045', 'NDCG@20': '0.0021'}
{'Epoch': 73, 'name': 'all', 'HIT@5': '0.0324', 'NDCG@5': '0.0212', 'HIT@10': '0.0492', 'NDCG@10': '0.0265', 'HIT@20': '0.0748', 'NDCG@20': '0.0330'}
Validation score increased.  Saving model ...
rec dataset length: 186
100%|██████████████████████████████████████████████████████████████████████████████████████████████████████████████████████████████████████████████████| 186/186 [00:48<00:00,  3.85it/s]
{'epoch': 74, 'rec_avg_loss': '0.5196', 'joint_avg_loss': '0.8687', 'cl_avg_loss': '3.4908', 'itemcl_loss': '0.0000', 'cl_pair_0_loss': '3.4908'}
Recommendation EP_test:74: 100%|| 35/35 [00:08<00:00,  4.05it/s]
{'Epoch': 74, 'name': 'high_freq', 'HIT@5': '0.0455', 'NDCG@5': '0.0293', 'HIT@10': '0.0700', 'NDCG@10': '0.0372', 'HIT@20': '0.1071', 'NDCG@20': '0.0466'}
{'Epoch': 74, 'name': 'mid_freq', 'HIT@5': '0.0037', 'NDCG@5': '0.0022', 'HIT@10': '0.0055', 'NDCG@10': '0.0028', 'HIT@20': '0.0096', 'NDCG@20': '0.0038'}
{'Epoch': 74, 'name': 'low_freq', 'HIT@5': '0.0020', 'NDCG@5': '0.0014', 'HIT@10': '0.0025', 'NDCG@10': '0.0015', 'HIT@20': '0.0041', 'NDCG@20': '0.0019'}
{'Epoch': 74, 'name': 'all', 'HIT@5': '0.0319', 'NDCG@5': '0.0206', 'HIT@10': '0.0490', 'NDCG@10': '0.0261', 'HIT@20': '0.0752', 'NDCG@20': '0.0327'}
EarlyStopping counter: 1 out of 40
rec dataset length: 186
100%|██████████████████████████████████████████████████████████████████████████████████████████████████████████████████████████████████████████████████| 186/186 [00:47<00:00,  3.90it/s]
{'epoch': 75, 'rec_avg_loss': '0.5176', 'joint_avg_loss': '0.8665', 'cl_avg_loss': '3.4884', 'itemcl_loss': '0.0000', 'cl_pair_0_loss': '3.4884'}
Recommendation EP_test:75: 100%|| 35/35 [00:08<00:00,  4.00it/s]
{'Epoch': 75, 'name': 'high_freq', 'HIT@5': '0.0449', 'NDCG@5': '0.0290', 'HIT@10': '0.0706', 'NDCG@10': '0.0372', 'HIT@20': '0.1062', 'NDCG@20': '0.0462'}
{'Epoch': 75, 'name': 'mid_freq', 'HIT@5': '0.0043', 'NDCG@5': '0.0028', 'HIT@10': '0.0066', 'NDCG@10': '0.0035', 'HIT@20': '0.0085', 'NDCG@20': '0.0040'}
{'Epoch': 75, 'name': 'low_freq', 'HIT@5': '0.0018', 'NDCG@5': '0.0012', 'HIT@10': '0.0029', 'NDCG@10': '0.0016', 'HIT@20': '0.0045', 'NDCG@20': '0.0020'}
{'Epoch': 75, 'name': 'all', 'HIT@5': '0.0316', 'NDCG@5': '0.0204', 'HIT@10': '0.0497', 'NDCG@10': '0.0262', 'HIT@20': '0.0745', 'NDCG@20': '0.0325'}
EarlyStopping counter: 2 out of 40
rec dataset length: 186
100%|██████████████████████████████████████████████████████████████████████████████████████████████████████████████████████████████████████████████████| 186/186 [00:47<00:00,  3.93it/s]
{'epoch': 76, 'rec_avg_loss': '0.5141', 'joint_avg_loss': '0.8616', 'cl_avg_loss': '3.4753', 'itemcl_loss': '0.0000', 'cl_pair_0_loss': '3.4753'}
Recommendation EP_test:76: 100%|| 35/35 [00:08<00:00,  4.17it/s]
{'Epoch': 76, 'name': 'high_freq', 'HIT@5': '0.0445', 'NDCG@5': '0.0283', 'HIT@10': '0.0695', 'NDCG@10': '0.0364', 'HIT@20': '0.1052', 'NDCG@20': '0.0454'}
{'Epoch': 76, 'name': 'mid_freq', 'HIT@5': '0.0040', 'NDCG@5': '0.0024', 'HIT@10': '0.0057', 'NDCG@10': '0.0029', 'HIT@20': '0.0092', 'NDCG@20': '0.0038'}
{'Epoch': 76, 'name': 'low_freq', 'HIT@5': '0.0018', 'NDCG@5': '0.0013', 'HIT@10': '0.0020', 'NDCG@10': '0.0014', 'HIT@20': '0.0048', 'NDCG@20': '0.0020'}
{'Epoch': 76, 'name': 'all', 'HIT@5': '0.0313', 'NDCG@5': '0.0199', 'HIT@10': '0.0486', 'NDCG@10': '0.0255', 'HIT@20': '0.0740', 'NDCG@20': '0.0319'}
EarlyStopping counter: 3 out of 40
rec dataset length: 186
100%|██████████████████████████████████████████████████████████████████████████████████████████████████████████████████████████████████████████████████| 186/186 [00:47<00:00,  3.94it/s]
{'epoch': 77, 'rec_avg_loss': '0.5118', 'joint_avg_loss': '0.8604', 'cl_avg_loss': '3.4864', 'itemcl_loss': '0.0000', 'cl_pair_0_loss': '3.4864'}
Recommendation EP_test:77: 100%|| 35/35 [00:08<00:00,  4.17it/s]
{'Epoch': 77, 'name': 'high_freq', 'HIT@5': '0.0427', 'NDCG@5': '0.0277', 'HIT@10': '0.0689', 'NDCG@10': '0.0361', 'HIT@20': '0.1056', 'NDCG@20': '0.0453'}
{'Epoch': 77, 'name': 'mid_freq', 'HIT@5': '0.0040', 'NDCG@5': '0.0024', 'HIT@10': '0.0059', 'NDCG@10': '0.0030', 'HIT@20': '0.0102', 'NDCG@20': '0.0041'}
{'Epoch': 77, 'name': 'low_freq', 'HIT@5': '0.0016', 'NDCG@5': '0.0011', 'HIT@10': '0.0025', 'NDCG@10': '0.0013', 'HIT@20': '0.0050', 'NDCG@20': '0.0020'}
{'Epoch': 77, 'name': 'all', 'HIT@5': '0.0300', 'NDCG@5': '0.0195', 'HIT@10': '0.0483', 'NDCG@10': '0.0253', 'HIT@20': '0.0745', 'NDCG@20': '0.0319'}
EarlyStopping counter: 4 out of 40
rec dataset length: 186
100%|██████████████████████████████████████████████████████████████████████████████████████████████████████████████████████████████████████████████████| 186/186 [00:47<00:00,  3.94it/s]
{'epoch': 78, 'rec_avg_loss': '0.5112', 'joint_avg_loss': '0.8582', 'cl_avg_loss': '3.4702', 'itemcl_loss': '0.0000', 'cl_pair_0_loss': '3.4702'}
Recommendation EP_test:78: 100%|| 35/35 [00:08<00:00,  4.11it/s]
{'Epoch': 78, 'name': 'high_freq', 'HIT@5': '0.0437', 'NDCG@5': '0.0284', 'HIT@10': '0.0697', 'NDCG@10': '0.0367', 'HIT@20': '0.1059', 'NDCG@20': '0.0458'}
{'Epoch': 78, 'name': 'mid_freq', 'HIT@5': '0.0033', 'NDCG@5': '0.0023', 'HIT@10': '0.0047', 'NDCG@10': '0.0028', 'HIT@20': '0.0089', 'NDCG@20': '0.0039'}
{'Epoch': 78, 'name': 'low_freq', 'HIT@5': '0.0018', 'NDCG@5': '0.0011', 'HIT@10': '0.0023', 'NDCG@10': '0.0013', 'HIT@20': '0.0043', 'NDCG@20': '0.0018'}
{'Epoch': 78, 'name': 'all', 'HIT@5': '0.0306', 'NDCG@5': '0.0199', 'HIT@10': '0.0486', 'NDCG@10': '0.0257', 'HIT@20': '0.0743', 'NDCG@20': '0.0321'}
EarlyStopping counter: 5 out of 40
rec dataset length: 186
100%|██████████████████████████████████████████████████████████████████████████████████████████████████████████████████████████████████████████████████| 186/186 [00:47<00:00,  3.95it/s]
{'epoch': 79, 'rec_avg_loss': '0.5124', 'joint_avg_loss': '0.8583', 'cl_avg_loss': '3.4596', 'itemcl_loss': '0.0000', 'cl_pair_0_loss': '3.4596'}
Recommendation EP_test:79: 100%|| 35/35 [00:08<00:00,  4.09it/s]
{'Epoch': 79, 'name': 'high_freq', 'HIT@5': '0.0444', 'NDCG@5': '0.0291', 'HIT@10': '0.0694', 'NDCG@10': '0.0371', 'HIT@20': '0.1047', 'NDCG@20': '0.0460'}
{'Epoch': 79, 'name': 'mid_freq', 'HIT@5': '0.0037', 'NDCG@5': '0.0023', 'HIT@10': '0.0059', 'NDCG@10': '0.0030', 'HIT@20': '0.0101', 'NDCG@20': '0.0040'}
{'Epoch': 79, 'name': 'low_freq', 'HIT@5': '0.0016', 'NDCG@5': '0.0011', 'HIT@10': '0.0020', 'NDCG@10': '0.0012', 'HIT@20': '0.0052', 'NDCG@20': '0.0020'}
{'Epoch': 79, 'name': 'all', 'HIT@5': '0.0311', 'NDCG@5': '0.0204', 'HIT@10': '0.0486', 'NDCG@10': '0.0260', 'HIT@20': '0.0739', 'NDCG@20': '0.0323'}
EarlyStopping counter: 6 out of 40
rec dataset length: 186
100%|██████████████████████████████████████████████████████████████████████████████████████████████████████████████████████████████████████████████████| 186/186 [00:47<00:00,  3.92it/s]
{'epoch': 80, 'rec_avg_loss': '0.5054', 'joint_avg_loss': '0.8509', 'cl_avg_loss': '3.4546', 'itemcl_loss': '0.0000', 'cl_pair_0_loss': '3.4546'}
Recommendation EP_test:80: 100%|| 35/35 [00:08<00:00,  4.15it/s]
{'Epoch': 80, 'name': 'high_freq', 'HIT@5': '0.0445', 'NDCG@5': '0.0290', 'HIT@10': '0.0687', 'NDCG@10': '0.0368', 'HIT@20': '0.1054', 'NDCG@20': '0.0460'}
{'Epoch': 80, 'name': 'mid_freq', 'HIT@5': '0.0036', 'NDCG@5': '0.0022', 'HIT@10': '0.0062', 'NDCG@10': '0.0030', 'HIT@20': '0.0096', 'NDCG@20': '0.0039'}
{'Epoch': 80, 'name': 'low_freq', 'HIT@5': '0.0018', 'NDCG@5': '0.0012', 'HIT@10': '0.0025', 'NDCG@10': '0.0014', 'HIT@20': '0.0052', 'NDCG@20': '0.0021'}
{'Epoch': 80, 'name': 'all', 'HIT@5': '0.0312', 'NDCG@5': '0.0203', 'HIT@10': '0.0483', 'NDCG@10': '0.0258', 'HIT@20': '0.0742', 'NDCG@20': '0.0323'}
EarlyStopping counter: 7 out of 40
rec dataset length: 186
100%|██████████████████████████████████████████████████████████████████████████████████████████████████████████████████████████████████████████████████| 186/186 [00:47<00:00,  3.91it/s]
{'epoch': 81, 'rec_avg_loss': '0.5063', 'joint_avg_loss': '0.8518', 'cl_avg_loss': '3.4544', 'itemcl_loss': '0.0000', 'cl_pair_0_loss': '3.4544'}
Recommendation EP_test:81: 100%|| 35/35 [00:08<00:00,  4.14it/s]
{'Epoch': 81, 'name': 'high_freq', 'HIT@5': '0.0424', 'NDCG@5': '0.0278', 'HIT@10': '0.0666', 'NDCG@10': '0.0356', 'HIT@20': '0.1034', 'NDCG@20': '0.0448'}
{'Epoch': 81, 'name': 'mid_freq', 'HIT@5': '0.0032', 'NDCG@5': '0.0020', 'HIT@10': '0.0062', 'NDCG@10': '0.0030', 'HIT@20': '0.0106', 'NDCG@20': '0.0041'}
{'Epoch': 81, 'name': 'low_freq', 'HIT@5': '0.0016', 'NDCG@5': '0.0011', 'HIT@10': '0.0025', 'NDCG@10': '0.0014', 'HIT@20': '0.0057', 'NDCG@20': '0.0022'}
{'Epoch': 81, 'name': 'all', 'HIT@5': '0.0297', 'NDCG@5': '0.0194', 'HIT@10': '0.0469', 'NDCG@10': '0.0250', 'HIT@20': '0.0731', 'NDCG@20': '0.0316'}
EarlyStopping counter: 8 out of 40
rec dataset length: 186
100%|██████████████████████████████████████████████████████████████████████████████████████████████████████████████████████████████████████████████████| 186/186 [00:47<00:00,  3.93it/s]
{'epoch': 82, 'rec_avg_loss': '0.5044', 'joint_avg_loss': '0.8478', 'cl_avg_loss': '3.4345', 'itemcl_loss': '0.0000', 'cl_pair_0_loss': '3.4345'}
Recommendation EP_test:82: 100%|| 35/35 [00:08<00:00,  4.12it/s]
{'Epoch': 82, 'name': 'high_freq', 'HIT@5': '0.0423', 'NDCG@5': '0.0275', 'HIT@10': '0.0673', 'NDCG@10': '0.0355', 'HIT@20': '0.1050', 'NDCG@20': '0.0450'}
{'Epoch': 82, 'name': 'mid_freq', 'HIT@5': '0.0034', 'NDCG@5': '0.0023', 'HIT@10': '0.0062', 'NDCG@10': '0.0032', 'HIT@20': '0.0105', 'NDCG@20': '0.0042'}
{'Epoch': 82, 'name': 'low_freq', 'HIT@5': '0.0018', 'NDCG@5': '0.0012', 'HIT@10': '0.0032', 'NDCG@10': '0.0017', 'HIT@20': '0.0054', 'NDCG@20': '0.0022'}
{'Epoch': 82, 'name': 'all', 'HIT@5': '0.0297', 'NDCG@5': '0.0193', 'HIT@10': '0.0474', 'NDCG@10': '0.0250', 'HIT@20': '0.0741', 'NDCG@20': '0.0317'}
EarlyStopping counter: 9 out of 40
rec dataset length: 186
100%|██████████████████████████████████████████████████████████████████████████████████████████████████████████████████████████████████████████████████| 186/186 [00:47<00:00,  3.92it/s]
{'epoch': 83, 'rec_avg_loss': '0.5008', 'joint_avg_loss': '0.8434', 'cl_avg_loss': '3.4256', 'itemcl_loss': '0.0000', 'cl_pair_0_loss': '3.4256'}
Recommendation EP_test:83: 100%|| 35/35 [00:08<00:00,  4.26it/s]
{'Epoch': 83, 'name': 'high_freq', 'HIT@5': '0.0426', 'NDCG@5': '0.0284', 'HIT@10': '0.0681', 'NDCG@10': '0.0365', 'HIT@20': '0.1039', 'NDCG@20': '0.0455'}
{'Epoch': 83, 'name': 'mid_freq', 'HIT@5': '0.0045', 'NDCG@5': '0.0027', 'HIT@10': '0.0063', 'NDCG@10': '0.0033', 'HIT@20': '0.0103', 'NDCG@20': '0.0043'}
{'Epoch': 83, 'name': 'low_freq', 'HIT@5': '0.0025', 'NDCG@5': '0.0017', 'HIT@10': '0.0027', 'NDCG@10': '0.0017', 'HIT@20': '0.0052', 'NDCG@20': '0.0024'}
{'Epoch': 83, 'name': 'all', 'HIT@5': '0.0302', 'NDCG@5': '0.0200', 'HIT@10': '0.0479', 'NDCG@10': '0.0257', 'HIT@20': '0.0733', 'NDCG@20': '0.0321'}
EarlyStopping counter: 10 out of 40
rec dataset length: 186
100%|██████████████████████████████████████████████████████████████████████████████████████████████████████████████████████████████████████████████████| 186/186 [00:48<00:00,  3.87it/s]
{'epoch': 84, 'rec_avg_loss': '0.5008', 'joint_avg_loss': '0.8440', 'cl_avg_loss': '3.4318', 'itemcl_loss': '0.0000', 'cl_pair_0_loss': '3.4318'}
Recommendation EP_test:84: 100%|| 35/35 [00:08<00:00,  4.15it/s]
{'Epoch': 84, 'name': 'high_freq', 'HIT@5': '0.0430', 'NDCG@5': '0.0284', 'HIT@10': '0.0668', 'NDCG@10': '0.0360', 'HIT@20': '0.1041', 'NDCG@20': '0.0454'}
{'Epoch': 84, 'name': 'mid_freq', 'HIT@5': '0.0045', 'NDCG@5': '0.0027', 'HIT@10': '0.0069', 'NDCG@10': '0.0035', 'HIT@20': '0.0106', 'NDCG@20': '0.0044'}
{'Epoch': 84, 'name': 'low_freq', 'HIT@5': '0.0023', 'NDCG@5': '0.0015', 'HIT@10': '0.0034', 'NDCG@10': '0.0019', 'HIT@20': '0.0050', 'NDCG@20': '0.0023'}
{'Epoch': 84, 'name': 'all', 'HIT@5': '0.0304', 'NDCG@5': '0.0200', 'HIT@10': '0.0472', 'NDCG@10': '0.0254', 'HIT@20': '0.0735', 'NDCG@20': '0.0320'}
EarlyStopping counter: 11 out of 40
rec dataset length: 186
100%|██████████████████████████████████████████████████████████████████████████████████████████████████████████████████████████████████████████████████| 186/186 [00:47<00:00,  3.91it/s]
{'epoch': 85, 'rec_avg_loss': '0.5003', 'joint_avg_loss': '0.8423', 'cl_avg_loss': '3.4201', 'itemcl_loss': '0.0000', 'cl_pair_0_loss': '3.4201'}
Recommendation EP_test:85: 100%|| 35/35 [00:08<00:00,  4.12it/s]
{'Epoch': 85, 'name': 'high_freq', 'HIT@5': '0.0429', 'NDCG@5': '0.0283', 'HIT@10': '0.0681', 'NDCG@10': '0.0364', 'HIT@20': '0.1058', 'NDCG@20': '0.0459'}
{'Epoch': 85, 'name': 'mid_freq', 'HIT@5': '0.0037', 'NDCG@5': '0.0022', 'HIT@10': '0.0059', 'NDCG@10': '0.0029', 'HIT@20': '0.0103', 'NDCG@20': '0.0040'}
{'Epoch': 85, 'name': 'low_freq', 'HIT@5': '0.0025', 'NDCG@5': '0.0016', 'HIT@10': '0.0041', 'NDCG@10': '0.0021', 'HIT@20': '0.0054', 'NDCG@20': '0.0024'}
{'Epoch': 85, 'name': 'all', 'HIT@5': '0.0303', 'NDCG@5': '0.0199', 'HIT@10': '0.0480', 'NDCG@10': '0.0256', 'HIT@20': '0.0746', 'NDCG@20': '0.0323'}
EarlyStopping counter: 12 out of 40
rec dataset length: 186
100%|██████████████████████████████████████████████████████████████████████████████████████████████████████████████████████████████████████████████████| 186/186 [00:47<00:00,  3.94it/s]
{'epoch': 86, 'rec_avg_loss': '0.4955', 'joint_avg_loss': '0.8370', 'cl_avg_loss': '3.4152', 'itemcl_loss': '0.0000', 'cl_pair_0_loss': '3.4152'}
Recommendation EP_test:86: 100%|| 35/35 [00:08<00:00,  4.17it/s]
{'Epoch': 86, 'name': 'high_freq', 'HIT@5': '0.0413', 'NDCG@5': '0.0269', 'HIT@10': '0.0667', 'NDCG@10': '0.0350', 'HIT@20': '0.1037', 'NDCG@20': '0.0443'}
{'Epoch': 86, 'name': 'mid_freq', 'HIT@5': '0.0040', 'NDCG@5': '0.0025', 'HIT@10': '0.0066', 'NDCG@10': '0.0033', 'HIT@20': '0.0105', 'NDCG@20': '0.0043'}
{'Epoch': 86, 'name': 'low_freq', 'HIT@5': '0.0027', 'NDCG@5': '0.0017', 'HIT@10': '0.0038', 'NDCG@10': '0.0020', 'HIT@20': '0.0054', 'NDCG@20': '0.0024'}
{'Epoch': 86, 'name': 'all', 'HIT@5': '0.0292', 'NDCG@5': '0.0190', 'HIT@10': '0.0471', 'NDCG@10': '0.0247', 'HIT@20': '0.0733', 'NDCG@20': '0.0313'}
EarlyStopping counter: 13 out of 40
rec dataset length: 186
100%|██████████████████████████████████████████████████████████████████████████████████████████████████████████████████████████████████████████████████| 186/186 [00:47<00:00,  3.92it/s]
{'epoch': 87, 'rec_avg_loss': '0.4957', 'joint_avg_loss': '0.8370', 'cl_avg_loss': '3.4130', 'itemcl_loss': '0.0000', 'cl_pair_0_loss': '3.4130'}
Recommendation EP_test:87: 100%|| 35/35 [00:08<00:00,  4.10it/s]
{'Epoch': 87, 'name': 'high_freq', 'HIT@5': '0.0422', 'NDCG@5': '0.0276', 'HIT@10': '0.0668', 'NDCG@10': '0.0355', 'HIT@20': '0.1029', 'NDCG@20': '0.0446'}
{'Epoch': 87, 'name': 'mid_freq', 'HIT@5': '0.0047', 'NDCG@5': '0.0030', 'HIT@10': '0.0073', 'NDCG@10': '0.0038', 'HIT@20': '0.0109', 'NDCG@20': '0.0047'}
{'Epoch': 87, 'name': 'low_freq', 'HIT@5': '0.0020', 'NDCG@5': '0.0014', 'HIT@10': '0.0029', 'NDCG@10': '0.0017', 'HIT@20': '0.0052', 'NDCG@20': '0.0023'}
{'Epoch': 87, 'name': 'all', 'HIT@5': '0.0299', 'NDCG@5': '0.0196', 'HIT@10': '0.0472', 'NDCG@10': '0.0251', 'HIT@20': '0.0728', 'NDCG@20': '0.0316'}
EarlyStopping counter: 14 out of 40
rec dataset length: 186
100%|██████████████████████████████████████████████████████████████████████████████████████████████████████████████████████████████████████████████████| 186/186 [00:47<00:00,  3.91it/s]
{'epoch': 88, 'rec_avg_loss': '0.4912', 'joint_avg_loss': '0.8315', 'cl_avg_loss': '3.4025', 'itemcl_loss': '0.0000', 'cl_pair_0_loss': '3.4025'}
Recommendation EP_test:88: 100%|| 35/35 [00:08<00:00,  4.20it/s]
{'Epoch': 88, 'name': 'high_freq', 'HIT@5': '0.0438', 'NDCG@5': '0.0284', 'HIT@10': '0.0678', 'NDCG@10': '0.0361', 'HIT@20': '0.1052', 'NDCG@20': '0.0455'}
{'Epoch': 88, 'name': 'mid_freq', 'HIT@5': '0.0049', 'NDCG@5': '0.0029', 'HIT@10': '0.0072', 'NDCG@10': '0.0036', 'HIT@20': '0.0116', 'NDCG@20': '0.0048'}
{'Epoch': 88, 'name': 'low_freq', 'HIT@5': '0.0020', 'NDCG@5': '0.0012', 'HIT@10': '0.0027', 'NDCG@10': '0.0014', 'HIT@20': '0.0052', 'NDCG@20': '0.0020'}
{'Epoch': 88, 'name': 'all', 'HIT@5': '0.0310', 'NDCG@5': '0.0200', 'HIT@10': '0.0479', 'NDCG@10': '0.0255', 'HIT@20': '0.0745', 'NDCG@20': '0.0321'}
EarlyStopping counter: 15 out of 40
rec dataset length: 186
100%|██████████████████████████████████████████████████████████████████████████████████████████████████████████████████████████████████████████████████| 186/186 [00:47<00:00,  3.94it/s]
{'epoch': 89, 'rec_avg_loss': '0.4891', 'joint_avg_loss': '0.8293', 'cl_avg_loss': '3.4026', 'itemcl_loss': '0.0000', 'cl_pair_0_loss': '3.4026'}
Recommendation EP_test:89: 100%|| 35/35 [00:08<00:00,  4.17it/s]
{'Epoch': 89, 'name': 'high_freq', 'HIT@5': '0.0423', 'NDCG@5': '0.0277', 'HIT@10': '0.0671', 'NDCG@10': '0.0357', 'HIT@20': '0.1046', 'NDCG@20': '0.0451'}
{'Epoch': 89, 'name': 'mid_freq', 'HIT@5': '0.0039', 'NDCG@5': '0.0024', 'HIT@10': '0.0070', 'NDCG@10': '0.0034', 'HIT@20': '0.0115', 'NDCG@20': '0.0045'}
{'Epoch': 89, 'name': 'low_freq', 'HIT@5': '0.0020', 'NDCG@5': '0.0014', 'HIT@10': '0.0034', 'NDCG@10': '0.0018', 'HIT@20': '0.0057', 'NDCG@20': '0.0024'}
{'Epoch': 89, 'name': 'all', 'HIT@5': '0.0298', 'NDCG@5': '0.0195', 'HIT@10': '0.0475', 'NDCG@10': '0.0252', 'HIT@20': '0.0741', 'NDCG@20': '0.0319'}
EarlyStopping counter: 16 out of 40
rec dataset length: 186
100%|██████████████████████████████████████████████████████████████████████████████████████████████████████████████████████████████████████████████████| 186/186 [00:47<00:00,  3.93it/s]
{'epoch': 90, 'rec_avg_loss': '0.4897', 'joint_avg_loss': '0.8288', 'cl_avg_loss': '3.3914', 'itemcl_loss': '0.0000', 'cl_pair_0_loss': '3.3914'}
Recommendation EP_test:90: 100%|| 35/35 [00:08<00:00,  4.34it/s]
{'Epoch': 90, 'name': 'high_freq', 'HIT@5': '0.0428', 'NDCG@5': '0.0281', 'HIT@10': '0.0684', 'NDCG@10': '0.0363', 'HIT@20': '0.1052', 'NDCG@20': '0.0455'}
{'Epoch': 90, 'name': 'mid_freq', 'HIT@5': '0.0045', 'NDCG@5': '0.0025', 'HIT@10': '0.0073', 'NDCG@10': '0.0034', 'HIT@20': '0.0115', 'NDCG@20': '0.0045'}
{'Epoch': 90, 'name': 'low_freq', 'HIT@5': '0.0020', 'NDCG@5': '0.0013', 'HIT@10': '0.0029', 'NDCG@10': '0.0016', 'HIT@20': '0.0052', 'NDCG@20': '0.0022'}
{'Epoch': 90, 'name': 'all', 'HIT@5': '0.0303', 'NDCG@5': '0.0198', 'HIT@10': '0.0483', 'NDCG@10': '0.0256', 'HIT@20': '0.0744', 'NDCG@20': '0.0321'}
EarlyStopping counter: 17 out of 40
rec dataset length: 186
100%|██████████████████████████████████████████████████████████████████████████████████████████████████████████████████████████████████████████████████| 186/186 [00:47<00:00,  3.94it/s]
{'epoch': 91, 'rec_avg_loss': '0.4897', 'joint_avg_loss': '0.8293', 'cl_avg_loss': '3.3960', 'itemcl_loss': '0.0000', 'cl_pair_0_loss': '3.3960'}
Recommendation EP_test:91: 100%|| 35/35 [00:08<00:00,  4.35it/s]
{'Epoch': 91, 'name': 'high_freq', 'HIT@5': '0.0422', 'NDCG@5': '0.0275', 'HIT@10': '0.0666', 'NDCG@10': '0.0353', 'HIT@20': '0.1013', 'NDCG@20': '0.0440'}
{'Epoch': 91, 'name': 'mid_freq', 'HIT@5': '0.0037', 'NDCG@5': '0.0025', 'HIT@10': '0.0069', 'NDCG@10': '0.0035', 'HIT@20': '0.0115', 'NDCG@20': '0.0046'}
{'Epoch': 91, 'name': 'low_freq', 'HIT@5': '0.0020', 'NDCG@5': '0.0014', 'HIT@10': '0.0038', 'NDCG@10': '0.0020', 'HIT@20': '0.0054', 'NDCG@20': '0.0024'}
{'Epoch': 91, 'name': 'all', 'HIT@5': '0.0297', 'NDCG@5': '0.0193', 'HIT@10': '0.0471', 'NDCG@10': '0.0249', 'HIT@20': '0.0719', 'NDCG@20': '0.0312'}
EarlyStopping counter: 18 out of 40
rec dataset length: 186
100%|██████████████████████████████████████████████████████████████████████████████████████████████████████████████████████████████████████████████████| 186/186 [00:47<00:00,  3.94it/s]
{'epoch': 92, 'rec_avg_loss': '0.4849', 'joint_avg_loss': '0.8228', 'cl_avg_loss': '3.3792', 'itemcl_loss': '0.0000', 'cl_pair_0_loss': '3.3792'}
Recommendation EP_test:92: 100%|| 35/35 [00:08<00:00,  4.36it/s]
{'Epoch': 92, 'name': 'high_freq', 'HIT@5': '0.0422', 'NDCG@5': '0.0276', 'HIT@10': '0.0671', 'NDCG@10': '0.0356', 'HIT@20': '0.1031', 'NDCG@20': '0.0447'}
{'Epoch': 92, 'name': 'mid_freq', 'HIT@5': '0.0047', 'NDCG@5': '0.0028', 'HIT@10': '0.0078', 'NDCG@10': '0.0038', 'HIT@20': '0.0122', 'NDCG@20': '0.0049'}
{'Epoch': 92, 'name': 'low_freq', 'HIT@5': '0.0020', 'NDCG@5': '0.0014', 'HIT@10': '0.0034', 'NDCG@10': '0.0018', 'HIT@20': '0.0059', 'NDCG@20': '0.0024'}
{'Epoch': 92, 'name': 'all', 'HIT@5': '0.0299', 'NDCG@5': '0.0195', 'HIT@10': '0.0476', 'NDCG@10': '0.0252', 'HIT@20': '0.0733', 'NDCG@20': '0.0316'}
EarlyStopping counter: 19 out of 40
rec dataset length: 186
100%|██████████████████████████████████████████████████████████████████████████████████████████████████████████████████████████████████████████████████| 186/186 [00:47<00:00,  3.93it/s]
{'epoch': 93, 'rec_avg_loss': '0.4847', 'joint_avg_loss': '0.8222', 'cl_avg_loss': '3.3747', 'itemcl_loss': '0.0000', 'cl_pair_0_loss': '3.3747'}
Recommendation EP_test:93: 100%|| 35/35 [00:08<00:00,  4.22it/s]
{'Epoch': 93, 'name': 'high_freq', 'HIT@5': '0.0422', 'NDCG@5': '0.0276', 'HIT@10': '0.0674', 'NDCG@10': '0.0357', 'HIT@20': '0.1037', 'NDCG@20': '0.0448'}
{'Epoch': 93, 'name': 'mid_freq', 'HIT@5': '0.0039', 'NDCG@5': '0.0026', 'HIT@10': '0.0079', 'NDCG@10': '0.0039', 'HIT@20': '0.0122', 'NDCG@20': '0.0049'}
{'Epoch': 93, 'name': 'low_freq', 'HIT@5': '0.0023', 'NDCG@5': '0.0015', 'HIT@10': '0.0036', 'NDCG@10': '0.0019', 'HIT@20': '0.0052', 'NDCG@20': '0.0023'}
{'Epoch': 93, 'name': 'all', 'HIT@5': '0.0297', 'NDCG@5': '0.0194', 'HIT@10': '0.0478', 'NDCG@10': '0.0253', 'HIT@20': '0.0736', 'NDCG@20': '0.0318'}
EarlyStopping counter: 20 out of 40
rec dataset length: 186
100%|██████████████████████████████████████████████████████████████████████████████████████████████████████████████████████████████████████████████████| 186/186 [00:47<00:00,  3.94it/s]
{'epoch': 94, 'rec_avg_loss': '0.4820', 'joint_avg_loss': '0.8190', 'cl_avg_loss': '3.3704', 'itemcl_loss': '0.0000', 'cl_pair_0_loss': '3.3704'}
Recommendation EP_test:94: 100%|| 35/35 [00:08<00:00,  4.19it/s]
{'Epoch': 94, 'name': 'high_freq', 'HIT@5': '0.0440', 'NDCG@5': '0.0285', 'HIT@10': '0.0666', 'NDCG@10': '0.0358', 'HIT@20': '0.1039', 'NDCG@20': '0.0451'}
{'Epoch': 94, 'name': 'mid_freq', 'HIT@5': '0.0047', 'NDCG@5': '0.0027', 'HIT@10': '0.0069', 'NDCG@10': '0.0034', 'HIT@20': '0.0121', 'NDCG@20': '0.0047'}
{'Epoch': 94, 'name': 'low_freq', 'HIT@5': '0.0023', 'NDCG@5': '0.0014', 'HIT@10': '0.0034', 'NDCG@10': '0.0018', 'HIT@20': '0.0050', 'NDCG@20': '0.0022'}
{'Epoch': 94, 'name': 'all', 'HIT@5': '0.0312', 'NDCG@5': '0.0201', 'HIT@10': '0.0471', 'NDCG@10': '0.0252', 'HIT@20': '0.0737', 'NDCG@20': '0.0319'}
EarlyStopping counter: 21 out of 40
rec dataset length: 186
100%|██████████████████████████████████████████████████████████████████████████████████████████████████████████████████████████████████████████████████| 186/186 [00:47<00:00,  3.93it/s]
{'epoch': 95, 'rec_avg_loss': '0.4797', 'joint_avg_loss': '0.8168', 'cl_avg_loss': '3.3711', 'itemcl_loss': '0.0000', 'cl_pair_0_loss': '3.3711'}
Recommendation EP_test:95: 100%|| 35/35 [00:08<00:00,  4.26it/s]
{'Epoch': 95, 'name': 'high_freq', 'HIT@5': '0.0429', 'NDCG@5': '0.0279', 'HIT@10': '0.0671', 'NDCG@10': '0.0356', 'HIT@20': '0.1029', 'NDCG@20': '0.0446'}
{'Epoch': 95, 'name': 'mid_freq', 'HIT@5': '0.0049', 'NDCG@5': '0.0029', 'HIT@10': '0.0075', 'NDCG@10': '0.0037', 'HIT@20': '0.0125', 'NDCG@20': '0.0050'}
{'Epoch': 95, 'name': 'low_freq', 'HIT@5': '0.0020', 'NDCG@5': '0.0016', 'HIT@10': '0.0034', 'NDCG@10': '0.0020', 'HIT@20': '0.0068', 'NDCG@20': '0.0029'}
{'Epoch': 95, 'name': 'all', 'HIT@5': '0.0304', 'NDCG@5': '0.0197', 'HIT@10': '0.0475', 'NDCG@10': '0.0252', 'HIT@20': '0.0733', 'NDCG@20': '0.0317'}
EarlyStopping counter: 22 out of 40
rec dataset length: 186
100%|██████████████████████████████████████████████████████████████████████████████████████████████████████████████████████████████████████████████████| 186/186 [00:47<00:00,  3.94it/s]
{'epoch': 96, 'rec_avg_loss': '0.4830', 'joint_avg_loss': '0.8196', 'cl_avg_loss': '3.3656', 'itemcl_loss': '0.0000', 'cl_pair_0_loss': '3.3656'}
Recommendation EP_test:96: 100%|| 35/35 [00:08<00:00,  4.17it/s]
{'Epoch': 96, 'name': 'high_freq', 'HIT@5': '0.0421', 'NDCG@5': '0.0277', 'HIT@10': '0.0681', 'NDCG@10': '0.0360', 'HIT@20': '0.1029', 'NDCG@20': '0.0448'}
{'Epoch': 96, 'name': 'mid_freq', 'HIT@5': '0.0049', 'NDCG@5': '0.0030', 'HIT@10': '0.0078', 'NDCG@10': '0.0039', 'HIT@20': '0.0131', 'NDCG@20': '0.0052'}
{'Epoch': 96, 'name': 'low_freq', 'HIT@5': '0.0020', 'NDCG@5': '0.0014', 'HIT@10': '0.0029', 'NDCG@10': '0.0017', 'HIT@20': '0.0052', 'NDCG@20': '0.0022'}
{'Epoch': 96, 'name': 'all', 'HIT@5': '0.0299', 'NDCG@5': '0.0196', 'HIT@10': '0.0482', 'NDCG@10': '0.0255', 'HIT@20': '0.0732', 'NDCG@20': '0.0318'}
EarlyStopping counter: 23 out of 40
rec dataset length: 186
100%|██████████████████████████████████████████████████████████████████████████████████████████████████████████████████████████████████████████████████| 186/186 [00:47<00:00,  3.93it/s]
{'epoch': 97, 'rec_avg_loss': '0.4768', 'joint_avg_loss': '0.8122', 'cl_avg_loss': '3.3538', 'itemcl_loss': '0.0000', 'cl_pair_0_loss': '3.3538'}
Recommendation EP_test:97: 100%|| 35/35 [00:08<00:00,  4.25it/s]
{'Epoch': 97, 'name': 'high_freq', 'HIT@5': '0.0435', 'NDCG@5': '0.0287', 'HIT@10': '0.0672', 'NDCG@10': '0.0363', 'HIT@20': '0.1024', 'NDCG@20': '0.0452'}
{'Epoch': 97, 'name': 'mid_freq', 'HIT@5': '0.0055', 'NDCG@5': '0.0034', 'HIT@10': '0.0086', 'NDCG@10': '0.0044', 'HIT@20': '0.0139', 'NDCG@20': '0.0057'}
{'Epoch': 97, 'name': 'low_freq', 'HIT@5': '0.0023', 'NDCG@5': '0.0014', 'HIT@10': '0.0029', 'NDCG@10': '0.0016', 'HIT@20': '0.0054', 'NDCG@20': '0.0023'}
{'Epoch': 97, 'name': 'all', 'HIT@5': '0.0309', 'NDCG@5': '0.0203', 'HIT@10': '0.0478', 'NDCG@10': '0.0257', 'HIT@20': '0.0731', 'NDCG@20': '0.0321'}
EarlyStopping counter: 24 out of 40
rec dataset length: 186
100%|██████████████████████████████████████████████████████████████████████████████████████████████████████████████████████████████████████████████████| 186/186 [00:47<00:00,  3.93it/s]
{'epoch': 98, 'rec_avg_loss': '0.4761', 'joint_avg_loss': '0.8118', 'cl_avg_loss': '3.3568', 'itemcl_loss': '0.0000', 'cl_pair_0_loss': '3.3568'}
Recommendation EP_test:98: 100%|| 35/35 [00:08<00:00,  4.29it/s]
{'Epoch': 98, 'name': 'high_freq', 'HIT@5': '0.0429', 'NDCG@5': '0.0281', 'HIT@10': '0.0660', 'NDCG@10': '0.0355', 'HIT@20': '0.1021', 'NDCG@20': '0.0447'}
{'Epoch': 98, 'name': 'mid_freq', 'HIT@5': '0.0042', 'NDCG@5': '0.0027', 'HIT@10': '0.0079', 'NDCG@10': '0.0038', 'HIT@20': '0.0122', 'NDCG@20': '0.0049'}
{'Epoch': 98, 'name': 'low_freq', 'HIT@5': '0.0018', 'NDCG@5': '0.0013', 'HIT@10': '0.0034', 'NDCG@10': '0.0018', 'HIT@20': '0.0045', 'NDCG@20': '0.0021'}
{'Epoch': 98, 'name': 'all', 'HIT@5': '0.0302', 'NDCG@5': '0.0198', 'HIT@10': '0.0469', 'NDCG@10': '0.0252', 'HIT@20': '0.0724', 'NDCG@20': '0.0316'}
EarlyStopping counter: 25 out of 40
rec dataset length: 186
100%|██████████████████████████████████████████████████████████████████████████████████████████████████████████████████████████████████████████████████| 186/186 [00:47<00:00,  3.92it/s]
{'epoch': 99, 'rec_avg_loss': '0.4762', 'joint_avg_loss': '0.8124', 'cl_avg_loss': '3.3620', 'itemcl_loss': '0.0000', 'cl_pair_0_loss': '3.3620'}
Recommendation EP_test:99: 100%|| 35/35 [00:08<00:00,  4.29it/s]
{'Epoch': 99, 'name': 'high_freq', 'HIT@5': '0.0440', 'NDCG@5': '0.0285', 'HIT@10': '0.0691', 'NDCG@10': '0.0365', 'HIT@20': '0.1058', 'NDCG@20': '0.0458'}
{'Epoch': 99, 'name': 'mid_freq', 'HIT@5': '0.0049', 'NDCG@5': '0.0030', 'HIT@10': '0.0079', 'NDCG@10': '0.0040', 'HIT@20': '0.0135', 'NDCG@20': '0.0054'}
{'Epoch': 99, 'name': 'low_freq', 'HIT@5': '0.0018', 'NDCG@5': '0.0013', 'HIT@10': '0.0029', 'NDCG@10': '0.0017', 'HIT@20': '0.0050', 'NDCG@20': '0.0022'}
{'Epoch': 99, 'name': 'all', 'HIT@5': '0.0311', 'NDCG@5': '0.0201', 'HIT@10': '0.0489', 'NDCG@10': '0.0258', 'HIT@20': '0.0752', 'NDCG@20': '0.0325'}
EarlyStopping counter: 26 out of 40
rec dataset length: 186
100%|██████████████████████████████████████████████████████████████████████████████████████████████████████████████████████████████████████████████████| 186/186 [00:47<00:00,  3.93it/s]
{'epoch': 100, 'rec_avg_loss': '0.4759', 'joint_avg_loss': '0.8105', 'cl_avg_loss': '3.3459', 'itemcl_loss': '0.0000', 'cl_pair_0_loss': '3.3459'}
Recommendation EP_test:100: 100%|| 35/35 [00:08<00:00,  4.23it/s]
{'Epoch': 100, 'name': 'high_freq', 'HIT@5': '0.0426', 'NDCG@5': '0.0278', 'HIT@10': '0.0670', 'NDCG@10': '0.0356', 'HIT@20': '0.1027', 'NDCG@20': '0.0445'}
{'Epoch': 100, 'name': 'mid_freq', 'HIT@5': '0.0042', 'NDCG@5': '0.0027', 'HIT@10': '0.0075', 'NDCG@10': '0.0038', 'HIT@20': '0.0131', 'NDCG@20': '0.0052'}
{'Epoch': 100, 'name': 'low_freq', 'HIT@5': '0.0025', 'NDCG@5': '0.0017', 'HIT@10': '0.0029', 'NDCG@10': '0.0018', 'HIT@20': '0.0050', 'NDCG@20': '0.0023'}
{'Epoch': 100, 'name': 'all', 'HIT@5': '0.0301', 'NDCG@5': '0.0196', 'HIT@10': '0.0474', 'NDCG@10': '0.0252', 'HIT@20': '0.0730', 'NDCG@20': '0.0316'}
EarlyStopping counter: 27 out of 40
rec dataset length: 186
100%|██████████████████████████████████████████████████████████████████████████████████████████████████████████████████████████████████████████████████| 186/186 [00:47<00:00,  3.90it/s]
{'epoch': 101, 'rec_avg_loss': '0.4749', 'joint_avg_loss': '0.8085', 'cl_avg_loss': '3.3362', 'itemcl_loss': '0.0000', 'cl_pair_0_loss': '3.3362'}
Recommendation EP_test:101: 100%|| 35/35 [00:08<00:00,  4.21it/s]
{'Epoch': 101, 'name': 'high_freq', 'HIT@5': '0.0427', 'NDCG@5': '0.0278', 'HIT@10': '0.0668', 'NDCG@10': '0.0356', 'HIT@20': '0.1006', 'NDCG@20': '0.0441'}
{'Epoch': 101, 'name': 'mid_freq', 'HIT@5': '0.0047', 'NDCG@5': '0.0028', 'HIT@10': '0.0073', 'NDCG@10': '0.0037', 'HIT@20': '0.0132', 'NDCG@20': '0.0051'}
{'Epoch': 101, 'name': 'low_freq', 'HIT@5': '0.0027', 'NDCG@5': '0.0019', 'HIT@10': '0.0032', 'NDCG@10': '0.0020', 'HIT@20': '0.0048', 'NDCG@20': '0.0024'}
{'Epoch': 101, 'name': 'all', 'HIT@5': '0.0303', 'NDCG@5': '0.0197', 'HIT@10': '0.0473', 'NDCG@10': '0.0252', 'HIT@20': '0.0716', 'NDCG@20': '0.0313'}
EarlyStopping counter: 28 out of 40
rec dataset length: 186
100%|██████████████████████████████████████████████████████████████████████████████████████████████████████████████████████████████████████████████████| 186/186 [00:47<00:00,  3.92it/s]
{'epoch': 102, 'rec_avg_loss': '0.4735', 'joint_avg_loss': '0.8066', 'cl_avg_loss': '3.3309', 'itemcl_loss': '0.0000', 'cl_pair_0_loss': '3.3309'}
Recommendation EP_test:102: 100%|| 35/35 [00:08<00:00,  4.32it/s]
{'Epoch': 102, 'name': 'high_freq', 'HIT@5': '0.0432', 'NDCG@5': '0.0283', 'HIT@10': '0.0668', 'NDCG@10': '0.0359', 'HIT@20': '0.1007', 'NDCG@20': '0.0444'}
{'Epoch': 102, 'name': 'mid_freq', 'HIT@5': '0.0046', 'NDCG@5': '0.0029', 'HIT@10': '0.0082', 'NDCG@10': '0.0041', 'HIT@20': '0.0129', 'NDCG@20': '0.0052'}
{'Epoch': 102, 'name': 'low_freq', 'HIT@5': '0.0025', 'NDCG@5': '0.0018', 'HIT@10': '0.0027', 'NDCG@10': '0.0019', 'HIT@20': '0.0048', 'NDCG@20': '0.0024'}
{'Epoch': 102, 'name': 'all', 'HIT@5': '0.0306', 'NDCG@5': '0.0200', 'HIT@10': '0.0474', 'NDCG@10': '0.0254', 'HIT@20': '0.0716', 'NDCG@20': '0.0315'}
EarlyStopping counter: 29 out of 40
rec dataset length: 186
100%|██████████████████████████████████████████████████████████████████████████████████████████████████████████████████████████████████████████████████| 186/186 [00:47<00:00,  3.90it/s]
{'epoch': 103, 'rec_avg_loss': '0.4712', 'joint_avg_loss': '0.8049', 'cl_avg_loss': '3.3368', 'itemcl_loss': '0.0000', 'cl_pair_0_loss': '3.3368'}
Recommendation EP_test:103: 100%|| 35/35 [00:09<00:00,  3.70it/s]
{'Epoch': 103, 'name': 'high_freq', 'HIT@5': '0.0428', 'NDCG@5': '0.0282', 'HIT@10': '0.0672', 'NDCG@10': '0.0361', 'HIT@20': '0.1017', 'NDCG@20': '0.0447'}
{'Epoch': 103, 'name': 'mid_freq', 'HIT@5': '0.0043', 'NDCG@5': '0.0026', 'HIT@10': '0.0079', 'NDCG@10': '0.0037', 'HIT@20': '0.0118', 'NDCG@20': '0.0047'}
{'Epoch': 103, 'name': 'low_freq', 'HIT@5': '0.0020', 'NDCG@5': '0.0017', 'HIT@10': '0.0027', 'NDCG@10': '0.0019', 'HIT@20': '0.0050', 'NDCG@20': '0.0024'}
{'Epoch': 103, 'name': 'all', 'HIT@5': '0.0302', 'NDCG@5': '0.0199', 'HIT@10': '0.0476', 'NDCG@10': '0.0255', 'HIT@20': '0.0721', 'NDCG@20': '0.0316'}
EarlyStopping counter: 30 out of 40
rec dataset length: 186
100%|██████████████████████████████████████████████████████████████████████████████████████████████████████████████████████████████████████████████████| 186/186 [00:47<00:00,  3.92it/s]
{'epoch': 104, 'rec_avg_loss': '0.4694', 'joint_avg_loss': '0.8016', 'cl_avg_loss': '3.3219', 'itemcl_loss': '0.0000', 'cl_pair_0_loss': '3.3219'}
Recommendation EP_test:104: 100%|| 35/35 [00:08<00:00,  4.16it/s]
{'Epoch': 104, 'name': 'high_freq', 'HIT@5': '0.0426', 'NDCG@5': '0.0281', 'HIT@10': '0.0669', 'NDCG@10': '0.0359', 'HIT@20': '0.1031', 'NDCG@20': '0.0450'}
{'Epoch': 104, 'name': 'mid_freq', 'HIT@5': '0.0045', 'NDCG@5': '0.0030', 'HIT@10': '0.0080', 'NDCG@10': '0.0042', 'HIT@20': '0.0119', 'NDCG@20': '0.0051'}
{'Epoch': 104, 'name': 'low_freq', 'HIT@5': '0.0023', 'NDCG@5': '0.0016', 'HIT@10': '0.0032', 'NDCG@10': '0.0019', 'HIT@20': '0.0052', 'NDCG@20': '0.0024'}
{'Epoch': 104, 'name': 'all', 'HIT@5': '0.0301', 'NDCG@5': '0.0199', 'HIT@10': '0.0475', 'NDCG@10': '0.0255', 'HIT@20': '0.0731', 'NDCG@20': '0.0319'}
EarlyStopping counter: 31 out of 40
rec dataset length: 186
100%|██████████████████████████████████████████████████████████████████████████████████████████████████████████████████████████████████████████████████| 186/186 [00:47<00:00,  3.92it/s]
{'epoch': 105, 'rec_avg_loss': '0.4693', 'joint_avg_loss': '0.8031', 'cl_avg_loss': '3.3371', 'itemcl_loss': '0.0000', 'cl_pair_0_loss': '3.3371'}
Recommendation EP_test:105: 100%|| 35/35 [00:08<00:00,  4.24it/s]
{'Epoch': 105, 'name': 'high_freq', 'HIT@5': '0.0431', 'NDCG@5': '0.0283', 'HIT@10': '0.0670', 'NDCG@10': '0.0360', 'HIT@20': '0.1046', 'NDCG@20': '0.0454'}
{'Epoch': 105, 'name': 'mid_freq', 'HIT@5': '0.0055', 'NDCG@5': '0.0035', 'HIT@10': '0.0079', 'NDCG@10': '0.0043', 'HIT@20': '0.0118', 'NDCG@20': '0.0052'}
{'Epoch': 105, 'name': 'low_freq', 'HIT@5': '0.0023', 'NDCG@5': '0.0018', 'HIT@10': '0.0029', 'NDCG@10': '0.0021', 'HIT@20': '0.0057', 'NDCG@20': '0.0027'}
{'Epoch': 105, 'name': 'all', 'HIT@5': '0.0307', 'NDCG@5': '0.0202', 'HIT@10': '0.0475', 'NDCG@10': '0.0256', 'HIT@20': '0.0742', 'NDCG@20': '0.0323'}
EarlyStopping counter: 32 out of 40
rec dataset length: 186
100%|██████████████████████████████████████████████████████████████████████████████████████████████████████████████████████████████████████████████████| 186/186 [00:47<00:00,  3.95it/s]
{'epoch': 106, 'rec_avg_loss': '0.4689', 'joint_avg_loss': '0.8003', 'cl_avg_loss': '3.3145', 'itemcl_loss': '0.0000', 'cl_pair_0_loss': '3.3145'}
Recommendation EP_test:106: 100%|| 35/35 [00:08<00:00,  4.19it/s]
{'Epoch': 106, 'name': 'high_freq', 'HIT@5': '0.0410', 'NDCG@5': '0.0268', 'HIT@10': '0.0649', 'NDCG@10': '0.0345', 'HIT@20': '0.1010', 'NDCG@20': '0.0436'}
{'Epoch': 106, 'name': 'mid_freq', 'HIT@5': '0.0042', 'NDCG@5': '0.0029', 'HIT@10': '0.0075', 'NDCG@10': '0.0039', 'HIT@20': '0.0119', 'NDCG@20': '0.0051'}
{'Epoch': 106, 'name': 'low_freq', 'HIT@5': '0.0020', 'NDCG@5': '0.0014', 'HIT@10': '0.0029', 'NDCG@10': '0.0017', 'HIT@20': '0.0050', 'NDCG@20': '0.0022'}
{'Epoch': 106, 'name': 'all', 'HIT@5': '0.0290', 'NDCG@5': '0.0190', 'HIT@10': '0.0460', 'NDCG@10': '0.0244', 'HIT@20': '0.0717', 'NDCG@20': '0.0309'}
EarlyStopping counter: 33 out of 40
rec dataset length: 186
100%|██████████████████████████████████████████████████████████████████████████████████████████████████████████████████████████████████████████████████| 186/186 [00:47<00:00,  3.94it/s]
{'epoch': 107, 'rec_avg_loss': '0.4659', 'joint_avg_loss': '0.7973', 'cl_avg_loss': '3.3142', 'itemcl_loss': '0.0000', 'cl_pair_0_loss': '3.3142'}
Recommendation EP_test:107: 100%|| 35/35 [00:08<00:00,  4.11it/s]
{'Epoch': 107, 'name': 'high_freq', 'HIT@5': '0.0429', 'NDCG@5': '0.0277', 'HIT@10': '0.0666', 'NDCG@10': '0.0354', 'HIT@20': '0.1018', 'NDCG@20': '0.0442'}
{'Epoch': 107, 'name': 'mid_freq', 'HIT@5': '0.0053', 'NDCG@5': '0.0032', 'HIT@10': '0.0085', 'NDCG@10': '0.0042', 'HIT@20': '0.0128', 'NDCG@20': '0.0052'}
{'Epoch': 107, 'name': 'low_freq', 'HIT@5': '0.0018', 'NDCG@5': '0.0012', 'HIT@10': '0.0032', 'NDCG@10': '0.0017', 'HIT@20': '0.0057', 'NDCG@20': '0.0023'}
{'Epoch': 107, 'name': 'all', 'HIT@5': '0.0304', 'NDCG@5': '0.0196', 'HIT@10': '0.0473', 'NDCG@10': '0.0251', 'HIT@20': '0.0724', 'NDCG@20': '0.0314'}
EarlyStopping counter: 34 out of 40
rec dataset length: 186
100%|██████████████████████████████████████████████████████████████████████████████████████████████████████████████████████████████████████████████████| 186/186 [00:47<00:00,  3.94it/s]
{'epoch': 108, 'rec_avg_loss': '0.4641', 'joint_avg_loss': '0.7949', 'cl_avg_loss': '3.3083', 'itemcl_loss': '0.0000', 'cl_pair_0_loss': '3.3083'}
Recommendation EP_test:108: 100%|| 35/35 [00:08<00:00,  4.08it/s]
{'Epoch': 108, 'name': 'high_freq', 'HIT@5': '0.0422', 'NDCG@5': '0.0273', 'HIT@10': '0.0649', 'NDCG@10': '0.0347', 'HIT@20': '0.1012', 'NDCG@20': '0.0438'}
{'Epoch': 108, 'name': 'mid_freq', 'HIT@5': '0.0050', 'NDCG@5': '0.0031', 'HIT@10': '0.0083', 'NDCG@10': '0.0041', 'HIT@20': '0.0128', 'NDCG@20': '0.0052'}
{'Epoch': 108, 'name': 'low_freq', 'HIT@5': '0.0027', 'NDCG@5': '0.0017', 'HIT@10': '0.0034', 'NDCG@10': '0.0019', 'HIT@20': '0.0066', 'NDCG@20': '0.0027'}
{'Epoch': 108, 'name': 'all', 'HIT@5': '0.0301', 'NDCG@5': '0.0194', 'HIT@10': '0.0462', 'NDCG@10': '0.0246', 'HIT@20': '0.0721', 'NDCG@20': '0.0312'}
EarlyStopping counter: 35 out of 40
rec dataset length: 186
100%|██████████████████████████████████████████████████████████████████████████████████████████████████████████████████████████████████████████████████| 186/186 [00:46<00:00,  3.96it/s]
{'epoch': 109, 'rec_avg_loss': '0.4619', 'joint_avg_loss': '0.7931', 'cl_avg_loss': '3.3128', 'itemcl_loss': '0.0000', 'cl_pair_0_loss': '3.3128'}
Recommendation EP_test:109: 100%|| 35/35 [00:08<00:00,  4.17it/s]
{'Epoch': 109, 'name': 'high_freq', 'HIT@5': '0.0423', 'NDCG@5': '0.0279', 'HIT@10': '0.0657', 'NDCG@10': '0.0354', 'HIT@20': '0.1019', 'NDCG@20': '0.0444'}
{'Epoch': 109, 'name': 'mid_freq', 'HIT@5': '0.0055', 'NDCG@5': '0.0034', 'HIT@10': '0.0078', 'NDCG@10': '0.0041', 'HIT@20': '0.0136', 'NDCG@20': '0.0056'}
{'Epoch': 109, 'name': 'low_freq', 'HIT@5': '0.0025', 'NDCG@5': '0.0017', 'HIT@10': '0.0032', 'NDCG@10': '0.0019', 'HIT@20': '0.0050', 'NDCG@20': '0.0024'}
{'Epoch': 109, 'name': 'all', 'HIT@5': '0.0302', 'NDCG@5': '0.0198', 'HIT@10': '0.0466', 'NDCG@10': '0.0251', 'HIT@20': '0.0726', 'NDCG@20': '0.0316'}
EarlyStopping counter: 36 out of 40
rec dataset length: 186
100%|██████████████████████████████████████████████████████████████████████████████████████████████████████████████████████████████████████████████████| 186/186 [00:47<00:00,  3.91it/s]
{'epoch': 110, 'rec_avg_loss': '0.4623', 'joint_avg_loss': '0.7932', 'cl_avg_loss': '3.3090', 'itemcl_loss': '0.0000', 'cl_pair_0_loss': '3.3090'}
Recommendation EP_test:110: 100%|| 35/35 [00:08<00:00,  4.09it/s]
{'Epoch': 110, 'name': 'high_freq', 'HIT@5': '0.0426', 'NDCG@5': '0.0281', 'HIT@10': '0.0675', 'NDCG@10': '0.0361', 'HIT@20': '0.1042', 'NDCG@20': '0.0453'}
{'Epoch': 110, 'name': 'mid_freq', 'HIT@5': '0.0045', 'NDCG@5': '0.0029', 'HIT@10': '0.0079', 'NDCG@10': '0.0041', 'HIT@20': '0.0132', 'NDCG@20': '0.0054'}
{'Epoch': 110, 'name': 'low_freq', 'HIT@5': '0.0025', 'NDCG@5': '0.0017', 'HIT@10': '0.0032', 'NDCG@10': '0.0020', 'HIT@20': '0.0054', 'NDCG@20': '0.0025'}
{'Epoch': 110, 'name': 'all', 'HIT@5': '0.0302', 'NDCG@5': '0.0199', 'HIT@10': '0.0478', 'NDCG@10': '0.0256', 'HIT@20': '0.0741', 'NDCG@20': '0.0322'}
EarlyStopping counter: 37 out of 40
rec dataset length: 186
100%|██████████████████████████████████████████████████████████████████████████████████████████████████████████████████████████████████████████████████| 186/186 [00:47<00:00,  3.92it/s]
{'epoch': 111, 'rec_avg_loss': '0.4645', 'joint_avg_loss': '0.7944', 'cl_avg_loss': '3.2990', 'itemcl_loss': '0.0000', 'cl_pair_0_loss': '3.2990'}
Recommendation EP_test:111: 100%|| 35/35 [00:08<00:00,  4.12it/s]
{'Epoch': 111, 'name': 'high_freq', 'HIT@5': '0.0428', 'NDCG@5': '0.0277', 'HIT@10': '0.0682', 'NDCG@10': '0.0359', 'HIT@20': '0.1045', 'NDCG@20': '0.0449'}
{'Epoch': 111, 'name': 'mid_freq', 'HIT@5': '0.0049', 'NDCG@5': '0.0029', 'HIT@10': '0.0082', 'NDCG@10': '0.0040', 'HIT@20': '0.0135', 'NDCG@20': '0.0053'}
{'Epoch': 111, 'name': 'low_freq', 'HIT@5': '0.0025', 'NDCG@5': '0.0019', 'HIT@10': '0.0032', 'NDCG@10': '0.0021', 'HIT@20': '0.0054', 'NDCG@20': '0.0027'}
{'Epoch': 111, 'name': 'all', 'HIT@5': '0.0304', 'NDCG@5': '0.0196', 'HIT@10': '0.0484', 'NDCG@10': '0.0254', 'HIT@20': '0.0744', 'NDCG@20': '0.0319'}
EarlyStopping counter: 38 out of 40
rec dataset length: 186
100%|██████████████████████████████████████████████████████████████████████████████████████████████████████████████████████████████████████████████████| 186/186 [00:47<00:00,  3.93it/s]
{'epoch': 112, 'rec_avg_loss': '0.4619', 'joint_avg_loss': '0.7918', 'cl_avg_loss': '3.2987', 'itemcl_loss': '0.0000', 'cl_pair_0_loss': '3.2987'}
Recommendation EP_test:112: 100%|| 35/35 [00:08<00:00,  4.24it/s]
{'Epoch': 112, 'name': 'high_freq', 'HIT@5': '0.0429', 'NDCG@5': '0.0278', 'HIT@10': '0.0683', 'NDCG@10': '0.0360', 'HIT@20': '0.1023', 'NDCG@20': '0.0445'}
{'Epoch': 112, 'name': 'mid_freq', 'HIT@5': '0.0052', 'NDCG@5': '0.0030', 'HIT@10': '0.0075', 'NDCG@10': '0.0038', 'HIT@20': '0.0129', 'NDCG@20': '0.0052'}
{'Epoch': 112, 'name': 'low_freq', 'HIT@5': '0.0025', 'NDCG@5': '0.0015', 'HIT@10': '0.0036', 'NDCG@10': '0.0018', 'HIT@20': '0.0059', 'NDCG@20': '0.0024'}
{'Epoch': 112, 'name': 'all', 'HIT@5': '0.0305', 'NDCG@5': '0.0197', 'HIT@10': '0.0484', 'NDCG@10': '0.0254', 'HIT@20': '0.0729', 'NDCG@20': '0.0316'}
EarlyStopping counter: 39 out of 40
rec dataset length: 186
100%|██████████████████████████████████████████████████████████████████████████████████████████████████████████████████████████████████████████████████| 186/186 [00:47<00:00,  3.92it/s]
{'epoch': 113, 'rec_avg_loss': '0.4576', 'joint_avg_loss': '0.7876', 'cl_avg_loss': '3.2996', 'itemcl_loss': '0.0000', 'cl_pair_0_loss': '3.2996'}
Recommendation EP_test:113: 100%|| 35/35 [00:08<00:00,  4.31it/s]
{'Epoch': 113, 'name': 'high_freq', 'HIT@5': '0.0430', 'NDCG@5': '0.0276', 'HIT@10': '0.0678', 'NDCG@10': '0.0356', 'HIT@20': '0.1021', 'NDCG@20': '0.0442'}
{'Epoch': 113, 'name': 'mid_freq', 'HIT@5': '0.0057', 'NDCG@5': '0.0032', 'HIT@10': '0.0080', 'NDCG@10': '0.0039', 'HIT@20': '0.0125', 'NDCG@20': '0.0050'}
{'Epoch': 113, 'name': 'low_freq', 'HIT@5': '0.0020', 'NDCG@5': '0.0013', 'HIT@10': '0.0032', 'NDCG@10': '0.0017', 'HIT@20': '0.0061', 'NDCG@20': '0.0024'}
{'Epoch': 113, 'name': 'all', 'HIT@5': '0.0306', 'NDCG@5': '0.0196', 'HIT@10': '0.0481', 'NDCG@10': '0.0252', 'HIT@20': '0.0727', 'NDCG@20': '0.0313'}
EarlyStopping counter: 40 out of 40
Early stopping
---------------Change to test_rating_matrix!-------------------
Recommendation EP_test:114: 100%|| 35/35 [00:09<00:00,  3.85it/s]
{'Epoch': 114, 'name': 'high_freq', 'HIT@5': '0.0375', 'NDCG@5': '0.0239', 'HIT@10': '0.0582', 'NDCG@10': '0.0305', 'HIT@20': '0.0890', 'NDCG@20': '0.0383'}
{'Epoch': 114, 'name': 'mid_freq', 'HIT@5': '0.0033', 'NDCG@5': '0.0022', 'HIT@10': '0.0052', 'NDCG@10': '0.0028', 'HIT@20': '0.0079', 'NDCG@20': '0.0035'}
{'Epoch': 114, 'name': 'low_freq', 'HIT@5': '0.0015', 'NDCG@5': '0.0009', 'HIT@10': '0.0023', 'NDCG@10': '0.0011', 'HIT@20': '0.0037', 'NDCG@20': '0.0015'}
{'Epoch': 114, 'name': 'all', 'HIT@5': '0.0246', 'NDCG@5': '0.0157', 'HIT@10': '0.0382', 'NDCG@10': '0.0201', 'HIT@20': '0.0584', 'NDCG@20': '0.0252'}
CoSeRec-Sports_and_Outdoors-single_cl_mask_1024_contrastanchor
{'Epoch': 114, 'name': 'all', 'HIT@5': '0.0246', 'NDCG@5': '0.0157', 'HIT@10': '0.0382', 'NDCG@10': '0.0201', 'HIT@20': '0.0584', 'NDCG@20': '0.0252'}

(env1) zzx@DDST-zzx:~/seqRec/CLTrys/CoSeRec_Augment/CoSeRec$ python src/main.py --data_name Sports_and_Outdoors --model_idx single_1024_only_aug_wo_infonce --batch_size 1024 --cl --cl_only_aug
Using Cuda: True
(18359, 18359)
--------------------Configure Info:------------
data_dir                       :                             ./data/
output_dir                     :                             output/
data_name                      :                 Sports_and_Outdoors
do_eval                        :                                   0
model_idx                      :     single_1024_only_aug_wo_infonce
gpu_id                         :                                   0
noise_ratio                    :                                 0.0
training_data_ratio            :                                 1.0
augment_threshold              :                                   4
similarity_model_name          :                          ItemCF_IUF
augmentation_warm_up_epoches   :                                 160
base_augment_type              :                              random
augment_type_for_short         :                                 SIM
tao                            :                                 0.2
gamma                          :                                 0.7
beta                           :                                 0.2
substitute_rate                :                                 0.1
insert_rate                    :                                 0.4
max_insert_num_per_pos         :                                   1
temperature                    :                                 1.0
n_views                        :                                   2
model_name                     :                             CoSeRec
hidden_size                    :                                  64
num_hidden_layers              :                                   2
num_attention_heads            :                                   2
hidden_act                     :                                gelu
attention_probs_dropout_prob   :                                 0.5
hidden_dropout_prob            :                                 0.5
initializer_range              :                                0.02
max_seq_length                 :                                  50
lr                             :                               0.001
batch_size                     :                                1024
epochs                         :                                 300
no_cuda                        :                                   0
log_freq                       :                                   1
seed                           :                                   1
cf_weight                      :                                 0.1
rec_weight                     :                                 1.0
weight_decay                   :                                 0.0
adam_beta1                     :                                 0.9
adam_beta2                     :                               0.999
cl                             :                                   1
multi_neg                      :                                   0
use_freq                       :                                   0
mask_strategy                  :                              random
contrast_anchor                :                                   0
aug_by_target                  :                                 all
cl_only_aug                    :                                   1
cuda_condition                 :                                   1
data_file                      :      ./data/Sports_and_Outdoors.txt
item_size                      :                               18359
mask_id                        :                               18358
log_file                       : output/CoSeRec-Sports_and_Outdoors-single_1024_only_aug_wo_infonce.txt
Similarity Model Type: offline
short sequence augment type: SIM
Augmentation methods for Long sequences: 5
Augmentation methods for short sequences: 3
Creating Contrastive Learning Dataset using 'random' data augmentation
Similarity Model Type: offline
short sequence augment type: SIM
Augmentation methods for Long sequences: 5
Augmentation methods for short sequences: 3
Creating Contrastive Learning Dataset using 'random' data augmentation
Similarity Model Type: offline
short sequence augment type: SIM
Augmentation methods for Long sequences: 5
Augmentation methods for short sequences: 3
Creating Contrastive Learning Dataset using 'random' data augmentation
Total Parameters: 1278464
self.cf_criterion: NCELoss
Train CoSeRec
rec dataset length: 186
100%|██████████████████████████████████████████████████████████████████████████████████████████████████████████████████████████████████████████████████| 186/186 [00:48<00:00,  3.80it/s]
{'epoch': 0, 'rec_avg_loss': '1.2696', 'joint_avg_loss': '1.5236', 'cl_avg_loss': '2.5393', 'itemcl_loss': '0.0000', 'cl_pair_0_loss': '2.5393'}
Recommendation EP_test:0: 100%|| 35/35 [00:07<00:00,  4.48it/s]
{'Epoch': 0, 'name': 'high_freq', 'HIT@5': '0.0114', 'NDCG@5': '0.0074', 'HIT@10': '0.0191', 'NDCG@10': '0.0099', 'HIT@20': '0.0299', 'NDCG@20': '0.0126'}
{'Epoch': 0, 'name': 'mid_freq', 'HIT@5': '0.0000', 'NDCG@5': '0.0000', 'HIT@10': '0.0000', 'NDCG@10': '0.0000', 'HIT@20': '0.0000', 'NDCG@20': '0.0000'}
{'Epoch': 0, 'name': 'low_freq', 'HIT@5': '0.0000', 'NDCG@5': '0.0000', 'HIT@10': '0.0000', 'NDCG@10': '0.0000', 'HIT@20': '0.0000', 'NDCG@20': '0.0000'}
{'Epoch': 0, 'name': 'all', 'HIT@5': '0.0077', 'NDCG@5': '0.0050', 'HIT@10': '0.0130', 'NDCG@10': '0.0067', 'HIT@20': '0.0203', 'NDCG@20': '0.0085'}
Validation score increased.  Saving model ...
rec dataset length: 186
100%|██████████████████████████████████████████████████████████████████████████████████████████████████████████████████████████████████████████████████| 186/186 [00:47<00:00,  3.91it/s]
{'epoch': 1, 'rec_avg_loss': '1.1812', 'joint_avg_loss': '1.4175', 'cl_avg_loss': '2.3624', 'itemcl_loss': '0.0000', 'cl_pair_0_loss': '2.3624'}
Recommendation EP_test:1: 100%|| 35/35 [00:08<00:00,  4.37it/s]
{'Epoch': 1, 'name': 'high_freq', 'HIT@5': '0.0120', 'NDCG@5': '0.0077', 'HIT@10': '0.0206', 'NDCG@10': '0.0105', 'HIT@20': '0.0322', 'NDCG@20': '0.0134'}
{'Epoch': 1, 'name': 'mid_freq', 'HIT@5': '0.0000', 'NDCG@5': '0.0000', 'HIT@10': '0.0000', 'NDCG@10': '0.0000', 'HIT@20': '0.0000', 'NDCG@20': '0.0000'}
{'Epoch': 1, 'name': 'low_freq', 'HIT@5': '0.0000', 'NDCG@5': '0.0000', 'HIT@10': '0.0000', 'NDCG@10': '0.0000', 'HIT@20': '0.0000', 'NDCG@20': '0.0000'}
{'Epoch': 1, 'name': 'all', 'HIT@5': '0.0082', 'NDCG@5': '0.0053', 'HIT@10': '0.0140', 'NDCG@10': '0.0072', 'HIT@20': '0.0219', 'NDCG@20': '0.0091'}
Validation score increased.  Saving model ...
rec dataset length: 186
100%|██████████████████████████████████████████████████████████████████████████████████████████████████████████████████████████████████████████████████| 186/186 [00:47<00:00,  3.90it/s]
{'epoch': 2, 'rec_avg_loss': '1.1305', 'joint_avg_loss': '1.3566', 'cl_avg_loss': '2.2610', 'itemcl_loss': '0.0000', 'cl_pair_0_loss': '2.2610'}
Recommendation EP_test:2: 100%|| 35/35 [00:08<00:00,  4.14it/s]
{'Epoch': 2, 'name': 'high_freq', 'HIT@5': '0.0155', 'NDCG@5': '0.0097', 'HIT@10': '0.0254', 'NDCG@10': '0.0128', 'HIT@20': '0.0439', 'NDCG@20': '0.0175'}
{'Epoch': 2, 'name': 'mid_freq', 'HIT@5': '0.0000', 'NDCG@5': '0.0000', 'HIT@10': '0.0000', 'NDCG@10': '0.0000', 'HIT@20': '0.0000', 'NDCG@20': '0.0000'}
{'Epoch': 2, 'name': 'low_freq', 'HIT@5': '0.0000', 'NDCG@5': '0.0000', 'HIT@10': '0.0000', 'NDCG@10': '0.0000', 'HIT@20': '0.0000', 'NDCG@20': '0.0000'}
{'Epoch': 2, 'name': 'all', 'HIT@5': '0.0105', 'NDCG@5': '0.0066', 'HIT@10': '0.0172', 'NDCG@10': '0.0087', 'HIT@20': '0.0299', 'NDCG@20': '0.0119'}
Validation score increased.  Saving model ...
rec dataset length: 186
100%|██████████████████████████████████████████████████████████████████████████████████████████████████████████████████████████████████████████████████| 186/186 [00:47<00:00,  3.89it/s]
{'epoch': 3, 'rec_avg_loss': '1.0511', 'joint_avg_loss': '1.2613', 'cl_avg_loss': '2.1022', 'itemcl_loss': '0.0000', 'cl_pair_0_loss': '2.1022'}
Recommendation EP_test:3: 100%|| 35/35 [00:08<00:00,  3.98it/s]
{'Epoch': 3, 'name': 'high_freq', 'HIT@5': '0.0171', 'NDCG@5': '0.0111', 'HIT@10': '0.0289', 'NDCG@10': '0.0149', 'HIT@20': '0.0489', 'NDCG@20': '0.0199'}
{'Epoch': 3, 'name': 'mid_freq', 'HIT@5': '0.0000', 'NDCG@5': '0.0000', 'HIT@10': '0.0000', 'NDCG@10': '0.0000', 'HIT@20': '0.0000', 'NDCG@20': '0.0000'}
{'Epoch': 3, 'name': 'low_freq', 'HIT@5': '0.0000', 'NDCG@5': '0.0000', 'HIT@10': '0.0002', 'NDCG@10': '0.0001', 'HIT@20': '0.0002', 'NDCG@20': '0.0001'}
{'Epoch': 3, 'name': 'all', 'HIT@5': '0.0116', 'NDCG@5': '0.0076', 'HIT@10': '0.0197', 'NDCG@10': '0.0101', 'HIT@20': '0.0333', 'NDCG@20': '0.0136'}
Validation score increased.  Saving model ...
rec dataset length: 186
100%|██████████████████████████████████████████████████████████████████████████████████████████████████████████████████████████████████████████████████| 186/186 [00:47<00:00,  3.90it/s]
{'epoch': 4, 'rec_avg_loss': '0.9774', 'joint_avg_loss': '1.1729', 'cl_avg_loss': '1.9548', 'itemcl_loss': '0.0000', 'cl_pair_0_loss': '1.9548'}
Recommendation EP_test:4: 100%|| 35/35 [00:08<00:00,  4.00it/s]
{'Epoch': 4, 'name': 'high_freq', 'HIT@5': '0.0197', 'NDCG@5': '0.0126', 'HIT@10': '0.0312', 'NDCG@10': '0.0162', 'HIT@20': '0.0541', 'NDCG@20': '0.0220'}
{'Epoch': 4, 'name': 'mid_freq', 'HIT@5': '0.0001', 'NDCG@5': '0.0001', 'HIT@10': '0.0003', 'NDCG@10': '0.0001', 'HIT@20': '0.0004', 'NDCG@20': '0.0001'}
{'Epoch': 4, 'name': 'low_freq', 'HIT@5': '0.0000', 'NDCG@5': '0.0000', 'HIT@10': '0.0002', 'NDCG@10': '0.0001', 'HIT@20': '0.0002', 'NDCG@20': '0.0001'}
{'Epoch': 4, 'name': 'all', 'HIT@5': '0.0134', 'NDCG@5': '0.0086', 'HIT@10': '0.0213', 'NDCG@10': '0.0111', 'HIT@20': '0.0369', 'NDCG@20': '0.0150'}
Validation score increased.  Saving model ...
rec dataset length: 186
100%|██████████████████████████████████████████████████████████████████████████████████████████████████████████████████████████████████████████████████| 186/186 [00:47<00:00,  3.91it/s]
{'epoch': 5, 'rec_avg_loss': '0.9183', 'joint_avg_loss': '1.1020', 'cl_avg_loss': '1.8366', 'itemcl_loss': '0.0000', 'cl_pair_0_loss': '1.8366'}
Recommendation EP_test:5: 100%|| 35/35 [00:08<00:00,  4.10it/s]
{'Epoch': 5, 'name': 'high_freq', 'HIT@5': '0.0204', 'NDCG@5': '0.0128', 'HIT@10': '0.0356', 'NDCG@10': '0.0177', 'HIT@20': '0.0601', 'NDCG@20': '0.0238'}
{'Epoch': 5, 'name': 'mid_freq', 'HIT@5': '0.0003', 'NDCG@5': '0.0003', 'HIT@10': '0.0003', 'NDCG@10': '0.0003', 'HIT@20': '0.0011', 'NDCG@20': '0.0005'}
{'Epoch': 5, 'name': 'low_freq', 'HIT@5': '0.0002', 'NDCG@5': '0.0001', 'HIT@10': '0.0002', 'NDCG@10': '0.0001', 'HIT@20': '0.0002', 'NDCG@20': '0.0001'}
{'Epoch': 5, 'name': 'all', 'HIT@5': '0.0139', 'NDCG@5': '0.0088', 'HIT@10': '0.0243', 'NDCG@10': '0.0121', 'HIT@20': '0.0412', 'NDCG@20': '0.0163'}
Validation score increased.  Saving model ...
rec dataset length: 186
100%|██████████████████████████████████████████████████████████████████████████████████████████████████████████████████████████████████████████████████| 186/186 [00:47<00:00,  3.90it/s]
{'epoch': 6, 'rec_avg_loss': '0.8661', 'joint_avg_loss': '1.0393', 'cl_avg_loss': '1.7322', 'itemcl_loss': '0.0000', 'cl_pair_0_loss': '1.7322'}
Recommendation EP_test:6: 100%|| 35/35 [00:08<00:00,  4.12it/s]
{'Epoch': 6, 'name': 'high_freq', 'HIT@5': '0.0238', 'NDCG@5': '0.0145', 'HIT@10': '0.0407', 'NDCG@10': '0.0199', 'HIT@20': '0.0655', 'NDCG@20': '0.0261'}
{'Epoch': 6, 'name': 'mid_freq', 'HIT@5': '0.0009', 'NDCG@5': '0.0006', 'HIT@10': '0.0011', 'NDCG@10': '0.0007', 'HIT@20': '0.0017', 'NDCG@20': '0.0008'}
{'Epoch': 6, 'name': 'low_freq', 'HIT@5': '0.0002', 'NDCG@5': '0.0002', 'HIT@10': '0.0002', 'NDCG@10': '0.0002', 'HIT@20': '0.0005', 'NDCG@20': '0.0003'}
{'Epoch': 6, 'name': 'all', 'HIT@5': '0.0164', 'NDCG@5': '0.0100', 'HIT@10': '0.0279', 'NDCG@10': '0.0137', 'HIT@20': '0.0450', 'NDCG@20': '0.0180'}
Validation score increased.  Saving model ...
rec dataset length: 186
100%|██████████████████████████████████████████████████████████████████████████████████████████████████████████████████████████████████████████████████| 186/186 [00:47<00:00,  3.91it/s]
{'epoch': 7, 'rec_avg_loss': '0.8182', 'joint_avg_loss': '0.9819', 'cl_avg_loss': '1.6364', 'itemcl_loss': '0.0000', 'cl_pair_0_loss': '1.6364'}
Recommendation EP_test:7: 100%|| 35/35 [00:08<00:00,  4.16it/s]
{'Epoch': 7, 'name': 'high_freq', 'HIT@5': '0.0249', 'NDCG@5': '0.0156', 'HIT@10': '0.0410', 'NDCG@10': '0.0208', 'HIT@20': '0.0673', 'NDCG@20': '0.0274'}
{'Epoch': 7, 'name': 'mid_freq', 'HIT@5': '0.0009', 'NDCG@5': '0.0005', 'HIT@10': '0.0010', 'NDCG@10': '0.0005', 'HIT@20': '0.0017', 'NDCG@20': '0.0007'}
{'Epoch': 7, 'name': 'low_freq', 'HIT@5': '0.0002', 'NDCG@5': '0.0001', 'HIT@10': '0.0002', 'NDCG@10': '0.0001', 'HIT@20': '0.0007', 'NDCG@20': '0.0003'}
{'Epoch': 7, 'name': 'all', 'HIT@5': '0.0172', 'NDCG@5': '0.0107', 'HIT@10': '0.0281', 'NDCG@10': '0.0143', 'HIT@20': '0.0462', 'NDCG@20': '0.0188'}
Validation score increased.  Saving model ...
rec dataset length: 186
100%|██████████████████████████████████████████████████████████████████████████████████████████████████████████████████████████████████████████████████| 186/186 [00:47<00:00,  3.91it/s]
{'epoch': 8, 'rec_avg_loss': '0.7761', 'joint_avg_loss': '0.9313', 'cl_avg_loss': '1.5521', 'itemcl_loss': '0.0000', 'cl_pair_0_loss': '1.5521'}
Recommendation EP_test:8: 100%|| 35/35 [00:08<00:00,  4.30it/s]
{'Epoch': 8, 'name': 'high_freq', 'HIT@5': '0.0265', 'NDCG@5': '0.0164', 'HIT@10': '0.0443', 'NDCG@10': '0.0221', 'HIT@20': '0.0705', 'NDCG@20': '0.0286'}
{'Epoch': 8, 'name': 'mid_freq', 'HIT@5': '0.0007', 'NDCG@5': '0.0005', 'HIT@10': '0.0013', 'NDCG@10': '0.0007', 'HIT@20': '0.0023', 'NDCG@20': '0.0009'}
{'Epoch': 8, 'name': 'low_freq', 'HIT@5': '0.0005', 'NDCG@5': '0.0003', 'HIT@10': '0.0005', 'NDCG@10': '0.0003', 'HIT@20': '0.0011', 'NDCG@20': '0.0005'}
{'Epoch': 8, 'name': 'all', 'HIT@5': '0.0182', 'NDCG@5': '0.0113', 'HIT@10': '0.0304', 'NDCG@10': '0.0152', 'HIT@20': '0.0485', 'NDCG@20': '0.0197'}
Validation score increased.  Saving model ...
rec dataset length: 186
100%|██████████████████████████████████████████████████████████████████████████████████████████████████████████████████████████████████████████████████| 186/186 [00:47<00:00,  3.91it/s]
{'epoch': 9, 'rec_avg_loss': '0.7363', 'joint_avg_loss': '0.8836', 'cl_avg_loss': '1.4727', 'itemcl_loss': '0.0000', 'cl_pair_0_loss': '1.4727'}
Recommendation EP_test:9: 100%|| 35/35 [00:08<00:00,  4.37it/s]
{'Epoch': 9, 'name': 'high_freq', 'HIT@5': '0.0266', 'NDCG@5': '0.0165', 'HIT@10': '0.0450', 'NDCG@10': '0.0224', 'HIT@20': '0.0719', 'NDCG@20': '0.0292'}
{'Epoch': 9, 'name': 'mid_freq', 'HIT@5': '0.0017', 'NDCG@5': '0.0011', 'HIT@10': '0.0022', 'NDCG@10': '0.0012', 'HIT@20': '0.0032', 'NDCG@20': '0.0014'}
{'Epoch': 9, 'name': 'low_freq', 'HIT@5': '0.0005', 'NDCG@5': '0.0002', 'HIT@10': '0.0007', 'NDCG@10': '0.0003', 'HIT@20': '0.0018', 'NDCG@20': '0.0006'}
{'Epoch': 9, 'name': 'all', 'HIT@5': '0.0185', 'NDCG@5': '0.0115', 'HIT@10': '0.0311', 'NDCG@10': '0.0155', 'HIT@20': '0.0497', 'NDCG@20': '0.0202'}
Validation score increased.  Saving model ...
rec dataset length: 186
100%|██████████████████████████████████████████████████████████████████████████████████████████████████████████████████████████████████████████████████| 186/186 [00:47<00:00,  3.92it/s]
{'epoch': 10, 'rec_avg_loss': '0.7041', 'joint_avg_loss': '0.8449', 'cl_avg_loss': '1.4082', 'itemcl_loss': '0.0000', 'cl_pair_0_loss': '1.4082'}
Recommendation EP_test:10: 100%|| 35/35 [00:08<00:00,  4.23it/s]
{'Epoch': 10, 'name': 'high_freq', 'HIT@5': '0.0279', 'NDCG@5': '0.0173', 'HIT@10': '0.0463', 'NDCG@10': '0.0232', 'HIT@20': '0.0737', 'NDCG@20': '0.0301'}
{'Epoch': 10, 'name': 'mid_freq', 'HIT@5': '0.0024', 'NDCG@5': '0.0015', 'HIT@10': '0.0027', 'NDCG@10': '0.0016', 'HIT@20': '0.0046', 'NDCG@20': '0.0021'}
{'Epoch': 10, 'name': 'low_freq', 'HIT@5': '0.0011', 'NDCG@5': '0.0005', 'HIT@10': '0.0014', 'NDCG@10': '0.0006', 'HIT@20': '0.0023', 'NDCG@20': '0.0008'}
{'Epoch': 10, 'name': 'all', 'HIT@5': '0.0196', 'NDCG@5': '0.0121', 'HIT@10': '0.0322', 'NDCG@10': '0.0162', 'HIT@20': '0.0513', 'NDCG@20': '0.0210'}
Validation score increased.  Saving model ...
rec dataset length: 186
100%|██████████████████████████████████████████████████████████████████████████████████████████████████████████████████████████████████████████████████| 186/186 [00:47<00:00,  3.92it/s]
{'epoch': 11, 'rec_avg_loss': '0.6771', 'joint_avg_loss': '0.8125', 'cl_avg_loss': '1.3541', 'itemcl_loss': '0.0000', 'cl_pair_0_loss': '1.3541'}
Recommendation EP_test:11: 100%|| 35/35 [00:08<00:00,  4.25it/s]
{'Epoch': 11, 'name': 'high_freq', 'HIT@5': '0.0293', 'NDCG@5': '0.0184', 'HIT@10': '0.0475', 'NDCG@10': '0.0242', 'HIT@20': '0.0756', 'NDCG@20': '0.0313'}
{'Epoch': 11, 'name': 'mid_freq', 'HIT@5': '0.0027', 'NDCG@5': '0.0018', 'HIT@10': '0.0036', 'NDCG@10': '0.0021', 'HIT@20': '0.0052', 'NDCG@20': '0.0025'}
{'Epoch': 11, 'name': 'low_freq', 'HIT@5': '0.0011', 'NDCG@5': '0.0006', 'HIT@10': '0.0011', 'NDCG@10': '0.0006', 'HIT@20': '0.0027', 'NDCG@20': '0.0010'}
{'Epoch': 11, 'name': 'all', 'HIT@5': '0.0206', 'NDCG@5': '0.0130', 'HIT@10': '0.0331', 'NDCG@10': '0.0170', 'HIT@20': '0.0528', 'NDCG@20': '0.0219'}
Validation score increased.  Saving model ...
rec dataset length: 186
100%|██████████████████████████████████████████████████████████████████████████████████████████████████████████████████████████████████████████████████| 186/186 [00:47<00:00,  3.91it/s]
{'epoch': 12, 'rec_avg_loss': '0.6562', 'joint_avg_loss': '0.7874', 'cl_avg_loss': '1.3123', 'itemcl_loss': '0.0000', 'cl_pair_0_loss': '1.3123'}
Recommendation EP_test:12: 100%|| 35/35 [00:07<00:00,  4.38it/s]
{'Epoch': 12, 'name': 'high_freq', 'HIT@5': '0.0299', 'NDCG@5': '0.0187', 'HIT@10': '0.0491', 'NDCG@10': '0.0248', 'HIT@20': '0.0785', 'NDCG@20': '0.0322'}
{'Epoch': 12, 'name': 'mid_freq', 'HIT@5': '0.0024', 'NDCG@5': '0.0018', 'HIT@10': '0.0040', 'NDCG@10': '0.0023', 'HIT@20': '0.0059', 'NDCG@20': '0.0028'}
{'Epoch': 12, 'name': 'low_freq', 'HIT@5': '0.0016', 'NDCG@5': '0.0007', 'HIT@10': '0.0020', 'NDCG@10': '0.0009', 'HIT@20': '0.0034', 'NDCG@20': '0.0012'}
{'Epoch': 12, 'name': 'all', 'HIT@5': '0.0210', 'NDCG@5': '0.0132', 'HIT@10': '0.0344', 'NDCG@10': '0.0175', 'HIT@20': '0.0549', 'NDCG@20': '0.0226'}
Validation score increased.  Saving model ...
rec dataset length: 186
100%|██████████████████████████████████████████████████████████████████████████████████████████████████████████████████████████████████████████████████| 186/186 [00:47<00:00,  3.93it/s]
{'epoch': 13, 'rec_avg_loss': '0.6344', 'joint_avg_loss': '0.7612', 'cl_avg_loss': '1.2687', 'itemcl_loss': '0.0000', 'cl_pair_0_loss': '1.2687'}
Recommendation EP_test:13: 100%|| 35/35 [00:08<00:00,  4.17it/s]
{'Epoch': 13, 'name': 'high_freq', 'HIT@5': '0.0296', 'NDCG@5': '0.0185', 'HIT@10': '0.0507', 'NDCG@10': '0.0253', 'HIT@20': '0.0779', 'NDCG@20': '0.0322'}
{'Epoch': 13, 'name': 'mid_freq', 'HIT@5': '0.0033', 'NDCG@5': '0.0024', 'HIT@10': '0.0043', 'NDCG@10': '0.0027', 'HIT@20': '0.0063', 'NDCG@20': '0.0032'}
{'Epoch': 13, 'name': 'low_freq', 'HIT@5': '0.0007', 'NDCG@5': '0.0003', 'HIT@10': '0.0025', 'NDCG@10': '0.0009', 'HIT@20': '0.0036', 'NDCG@20': '0.0012'}
{'Epoch': 13, 'name': 'all', 'HIT@5': '0.0209', 'NDCG@5': '0.0131', 'HIT@10': '0.0357', 'NDCG@10': '0.0179', 'HIT@20': '0.0547', 'NDCG@20': '0.0227'}
Validation score increased.  Saving model ...
rec dataset length: 186
100%|██████████████████████████████████████████████████████████████████████████████████████████████████████████████████████████████████████████████████| 186/186 [00:47<00:00,  3.92it/s]
{'epoch': 14, 'rec_avg_loss': '0.6164', 'joint_avg_loss': '0.7397', 'cl_avg_loss': '1.2328', 'itemcl_loss': '0.0000', 'cl_pair_0_loss': '1.2328'}
Recommendation EP_test:14: 100%|| 35/35 [00:08<00:00,  4.31it/s]
{'Epoch': 14, 'name': 'high_freq', 'HIT@5': '0.0310', 'NDCG@5': '0.0195', 'HIT@10': '0.0487', 'NDCG@10': '0.0252', 'HIT@20': '0.0764', 'NDCG@20': '0.0322'}
{'Epoch': 14, 'name': 'mid_freq', 'HIT@5': '0.0039', 'NDCG@5': '0.0024', 'HIT@10': '0.0047', 'NDCG@10': '0.0027', 'HIT@20': '0.0073', 'NDCG@20': '0.0033'}
{'Epoch': 14, 'name': 'low_freq', 'HIT@5': '0.0020', 'NDCG@5': '0.0014', 'HIT@10': '0.0023', 'NDCG@10': '0.0015', 'HIT@20': '0.0038', 'NDCG@20': '0.0019'}
{'Epoch': 14, 'name': 'all', 'HIT@5': '0.0221', 'NDCG@5': '0.0139', 'HIT@10': '0.0344', 'NDCG@10': '0.0178', 'HIT@20': '0.0539', 'NDCG@20': '0.0228'}
Validation score increased.  Saving model ...
rec dataset length: 186
100%|██████████████████████████████████████████████████████████████████████████████████████████████████████████████████████████████████████████████████| 186/186 [00:47<00:00,  3.92it/s]
{'epoch': 15, 'rec_avg_loss': '0.6023', 'joint_avg_loss': '0.7228', 'cl_avg_loss': '1.2046', 'itemcl_loss': '0.0000', 'cl_pair_0_loss': '1.2046'}
Recommendation EP_test:15: 100%|| 35/35 [00:08<00:00,  4.37it/s]
{'Epoch': 15, 'name': 'high_freq', 'HIT@5': '0.0308', 'NDCG@5': '0.0197', 'HIT@10': '0.0483', 'NDCG@10': '0.0253', 'HIT@20': '0.0773', 'NDCG@20': '0.0326'}
{'Epoch': 15, 'name': 'mid_freq', 'HIT@5': '0.0046', 'NDCG@5': '0.0028', 'HIT@10': '0.0060', 'NDCG@10': '0.0032', 'HIT@20': '0.0075', 'NDCG@20': '0.0036'}
{'Epoch': 15, 'name': 'low_freq', 'HIT@5': '0.0014', 'NDCG@5': '0.0008', 'HIT@10': '0.0023', 'NDCG@10': '0.0011', 'HIT@20': '0.0038', 'NDCG@20': '0.0015'}
{'Epoch': 15, 'name': 'all', 'HIT@5': '0.0221', 'NDCG@5': '0.0141', 'HIT@10': '0.0343', 'NDCG@10': '0.0180', 'HIT@20': '0.0545', 'NDCG@20': '0.0230'}
Validation score increased.  Saving model ...
rec dataset length: 186
100%|██████████████████████████████████████████████████████████████████████████████████████████████████████████████████████████████████████████████████| 186/186 [00:47<00:00,  3.90it/s]
{'epoch': 16, 'rec_avg_loss': '0.5890', 'joint_avg_loss': '0.7068', 'cl_avg_loss': '1.1780', 'itemcl_loss': '0.0000', 'cl_pair_0_loss': '1.1780'}
Recommendation EP_test:16: 100%|| 35/35 [00:08<00:00,  4.34it/s]
{'Epoch': 16, 'name': 'high_freq', 'HIT@5': '0.0295', 'NDCG@5': '0.0185', 'HIT@10': '0.0511', 'NDCG@10': '0.0253', 'HIT@20': '0.0778', 'NDCG@20': '0.0320'}
{'Epoch': 16, 'name': 'mid_freq', 'HIT@5': '0.0043', 'NDCG@5': '0.0030', 'HIT@10': '0.0055', 'NDCG@10': '0.0033', 'HIT@20': '0.0090', 'NDCG@20': '0.0042'}
{'Epoch': 16, 'name': 'low_freq', 'HIT@5': '0.0023', 'NDCG@5': '0.0012', 'HIT@10': '0.0032', 'NDCG@10': '0.0015', 'HIT@20': '0.0041', 'NDCG@20': '0.0017'}
{'Epoch': 16, 'name': 'all', 'HIT@5': '0.0212', 'NDCG@5': '0.0133', 'HIT@10': '0.0362', 'NDCG@10': '0.0181', 'HIT@20': '0.0552', 'NDCG@20': '0.0228'}
EarlyStopping counter: 1 out of 40
rec dataset length: 186
100%|██████████████████████████████████████████████████████████████████████████████████████████████████████████████████████████████████████████████████| 186/186 [00:47<00:00,  3.90it/s]
{'epoch': 17, 'rec_avg_loss': '0.5752', 'joint_avg_loss': '0.6903', 'cl_avg_loss': '1.1505', 'itemcl_loss': '0.0000', 'cl_pair_0_loss': '1.1505'}
Recommendation EP_test:17: 100%|| 35/35 [00:08<00:00,  4.31it/s]
{'Epoch': 17, 'name': 'high_freq', 'HIT@5': '0.0297', 'NDCG@5': '0.0188', 'HIT@10': '0.0504', 'NDCG@10': '0.0254', 'HIT@20': '0.0794', 'NDCG@20': '0.0327'}
{'Epoch': 17, 'name': 'mid_freq', 'HIT@5': '0.0039', 'NDCG@5': '0.0027', 'HIT@10': '0.0069', 'NDCG@10': '0.0037', 'HIT@20': '0.0095', 'NDCG@20': '0.0044'}
{'Epoch': 17, 'name': 'low_freq', 'HIT@5': '0.0011', 'NDCG@5': '0.0006', 'HIT@10': '0.0029', 'NDCG@10': '0.0012', 'HIT@20': '0.0041', 'NDCG@20': '0.0014'}
{'Epoch': 17, 'name': 'all', 'HIT@5': '0.0211', 'NDCG@5': '0.0134', 'HIT@10': '0.0360', 'NDCG@10': '0.0182', 'HIT@20': '0.0564', 'NDCG@20': '0.0233'}
Validation score increased.  Saving model ...
rec dataset length: 186
100%|██████████████████████████████████████████████████████████████████████████████████████████████████████████████████████████████████████████████████| 186/186 [00:47<00:00,  3.92it/s]
{'epoch': 18, 'rec_avg_loss': '0.5668', 'joint_avg_loss': '0.6802', 'cl_avg_loss': '1.1337', 'itemcl_loss': '0.0000', 'cl_pair_0_loss': '1.1337'}
Recommendation EP_test:18: 100%|| 35/35 [00:07<00:00,  4.38it/s]
{'Epoch': 18, 'name': 'high_freq', 'HIT@5': '0.0323', 'NDCG@5': '0.0204', 'HIT@10': '0.0524', 'NDCG@10': '0.0269', 'HIT@20': '0.0837', 'NDCG@20': '0.0347'}
{'Epoch': 18, 'name': 'mid_freq', 'HIT@5': '0.0045', 'NDCG@5': '0.0031', 'HIT@10': '0.0066', 'NDCG@10': '0.0038', 'HIT@20': '0.0096', 'NDCG@20': '0.0046'}
{'Epoch': 18, 'name': 'low_freq', 'HIT@5': '0.0016', 'NDCG@5': '0.0010', 'HIT@10': '0.0025', 'NDCG@10': '0.0013', 'HIT@20': '0.0050', 'NDCG@20': '0.0019'}
{'Epoch': 18, 'name': 'all', 'HIT@5': '0.0230', 'NDCG@5': '0.0146', 'HIT@10': '0.0372', 'NDCG@10': '0.0192', 'HIT@20': '0.0594', 'NDCG@20': '0.0248'}
Validation score increased.  Saving model ...
rec dataset length: 186
100%|██████████████████████████████████████████████████████████████████████████████████████████████████████████████████████████████████████████████████| 186/186 [00:47<00:00,  3.91it/s]
{'epoch': 19, 'rec_avg_loss': '0.5580', 'joint_avg_loss': '0.6696', 'cl_avg_loss': '1.1160', 'itemcl_loss': '0.0000', 'cl_pair_0_loss': '1.1160'}
Recommendation EP_test:19: 100%|| 35/35 [00:08<00:00,  4.23it/s]
{'Epoch': 19, 'name': 'high_freq', 'HIT@5': '0.0321', 'NDCG@5': '0.0205', 'HIT@10': '0.0536', 'NDCG@10': '0.0274', 'HIT@20': '0.0820', 'NDCG@20': '0.0346'}
{'Epoch': 19, 'name': 'mid_freq', 'HIT@5': '0.0055', 'NDCG@5': '0.0036', 'HIT@10': '0.0072', 'NDCG@10': '0.0041', 'HIT@20': '0.0095', 'NDCG@20': '0.0047'}
{'Epoch': 19, 'name': 'low_freq', 'HIT@5': '0.0029', 'NDCG@5': '0.0017', 'HIT@10': '0.0041', 'NDCG@10': '0.0020', 'HIT@20': '0.0061', 'NDCG@20': '0.0025'}
{'Epoch': 19, 'name': 'all', 'HIT@5': '0.0233', 'NDCG@5': '0.0149', 'HIT@10': '0.0384', 'NDCG@10': '0.0197', 'HIT@20': '0.0584', 'NDCG@20': '0.0247'}
EarlyStopping counter: 1 out of 40
rec dataset length: 186
100%|██████████████████████████████████████████████████████████████████████████████████████████████████████████████████████████████████████████████████| 186/186 [00:47<00:00,  3.91it/s]
{'epoch': 20, 'rec_avg_loss': '0.5480', 'joint_avg_loss': '0.6576', 'cl_avg_loss': '1.0959', 'itemcl_loss': '0.0000', 'cl_pair_0_loss': '1.0959'}
Recommendation EP_test:20: 100%|| 35/35 [00:08<00:00,  4.30it/s]
{'Epoch': 20, 'name': 'high_freq', 'HIT@5': '0.0315', 'NDCG@5': '0.0194', 'HIT@10': '0.0523', 'NDCG@10': '0.0261', 'HIT@20': '0.0811', 'NDCG@20': '0.0333'}
{'Epoch': 20, 'name': 'mid_freq', 'HIT@5': '0.0043', 'NDCG@5': '0.0030', 'HIT@10': '0.0069', 'NDCG@10': '0.0038', 'HIT@20': '0.0108', 'NDCG@20': '0.0048'}
{'Epoch': 20, 'name': 'low_freq', 'HIT@5': '0.0029', 'NDCG@5': '0.0015', 'HIT@10': '0.0045', 'NDCG@10': '0.0020', 'HIT@20': '0.0059', 'NDCG@20': '0.0024'}
{'Epoch': 20, 'name': 'all', 'HIT@5': '0.0227', 'NDCG@5': '0.0140', 'HIT@10': '0.0375', 'NDCG@10': '0.0187', 'HIT@20': '0.0580', 'NDCG@20': '0.0239'}
EarlyStopping counter: 2 out of 40
rec dataset length: 186
100%|██████████████████████████████████████████████████████████████████████████████████████████████████████████████████████████████████████████████████| 186/186 [00:47<00:00,  3.90it/s]
{'epoch': 21, 'rec_avg_loss': '0.5397', 'joint_avg_loss': '0.6476', 'cl_avg_loss': '1.0793', 'itemcl_loss': '0.0000', 'cl_pair_0_loss': '1.0793'}
Recommendation EP_test:21: 100%|| 35/35 [00:07<00:00,  4.39it/s]
{'Epoch': 21, 'name': 'high_freq', 'HIT@5': '0.0316', 'NDCG@5': '0.0199', 'HIT@10': '0.0526', 'NDCG@10': '0.0266', 'HIT@20': '0.0821', 'NDCG@20': '0.0341'}
{'Epoch': 21, 'name': 'mid_freq', 'HIT@5': '0.0040', 'NDCG@5': '0.0028', 'HIT@10': '0.0069', 'NDCG@10': '0.0037', 'HIT@20': '0.0096', 'NDCG@20': '0.0044'}
{'Epoch': 21, 'name': 'low_freq', 'HIT@5': '0.0029', 'NDCG@5': '0.0019', 'HIT@10': '0.0036', 'NDCG@10': '0.0021', 'HIT@20': '0.0057', 'NDCG@20': '0.0027'}
{'Epoch': 21, 'name': 'all', 'HIT@5': '0.0226', 'NDCG@5': '0.0143', 'HIT@10': '0.0376', 'NDCG@10': '0.0191', 'HIT@20': '0.0585', 'NDCG@20': '0.0244'}
EarlyStopping counter: 3 out of 40
rec dataset length: 186
100%|██████████████████████████████████████████████████████████████████████████████████████████████████████████████████████████████████████████████████| 186/186 [00:47<00:00,  3.92it/s]
{'epoch': 22, 'rec_avg_loss': '0.5340', 'joint_avg_loss': '0.6408', 'cl_avg_loss': '1.0680', 'itemcl_loss': '0.0000', 'cl_pair_0_loss': '1.0680'}
Recommendation EP_test:22: 100%|| 35/35 [00:08<00:00,  4.31it/s]
{'Epoch': 22, 'name': 'high_freq', 'HIT@5': '0.0329', 'NDCG@5': '0.0206', 'HIT@10': '0.0533', 'NDCG@10': '0.0272', 'HIT@20': '0.0831', 'NDCG@20': '0.0346'}
{'Epoch': 22, 'name': 'mid_freq', 'HIT@5': '0.0040', 'NDCG@5': '0.0031', 'HIT@10': '0.0065', 'NDCG@10': '0.0039', 'HIT@20': '0.0102', 'NDCG@20': '0.0048'}
{'Epoch': 22, 'name': 'low_freq', 'HIT@5': '0.0029', 'NDCG@5': '0.0021', 'HIT@10': '0.0041', 'NDCG@10': '0.0025', 'HIT@20': '0.0063', 'NDCG@20': '0.0030'}
{'Epoch': 22, 'name': 'all', 'HIT@5': '0.0235', 'NDCG@5': '0.0149', 'HIT@10': '0.0380', 'NDCG@10': '0.0195', 'HIT@20': '0.0593', 'NDCG@20': '0.0249'}
Validation score increased.  Saving model ...
rec dataset length: 186
100%|██████████████████████████████████████████████████████████████████████████████████████████████████████████████████████████████████████████████████| 186/186 [00:47<00:00,  3.91it/s]
{'epoch': 23, 'rec_avg_loss': '0.5250', 'joint_avg_loss': '0.6300', 'cl_avg_loss': '1.0499', 'itemcl_loss': '0.0000', 'cl_pair_0_loss': '1.0499'}
Recommendation EP_test:23: 100%|| 35/35 [00:08<00:00,  4.35it/s]
{'Epoch': 23, 'name': 'high_freq', 'HIT@5': '0.0329', 'NDCG@5': '0.0205', 'HIT@10': '0.0523', 'NDCG@10': '0.0267', 'HIT@20': '0.0827', 'NDCG@20': '0.0344'}
{'Epoch': 23, 'name': 'mid_freq', 'HIT@5': '0.0049', 'NDCG@5': '0.0033', 'HIT@10': '0.0065', 'NDCG@10': '0.0038', 'HIT@20': '0.0102', 'NDCG@20': '0.0047'}
{'Epoch': 23, 'name': 'low_freq', 'HIT@5': '0.0034', 'NDCG@5': '0.0023', 'HIT@10': '0.0043', 'NDCG@10': '0.0025', 'HIT@20': '0.0061', 'NDCG@20': '0.0030'}
{'Epoch': 23, 'name': 'all', 'HIT@5': '0.0238', 'NDCG@5': '0.0149', 'HIT@10': '0.0374', 'NDCG@10': '0.0192', 'HIT@20': '0.0590', 'NDCG@20': '0.0247'}
EarlyStopping counter: 1 out of 40
rec dataset length: 186
100%|██████████████████████████████████████████████████████████████████████████████████████████████████████████████████████████████████████████████████| 186/186 [00:47<00:00,  3.92it/s]
{'epoch': 24, 'rec_avg_loss': '0.5221', 'joint_avg_loss': '0.6265', 'cl_avg_loss': '1.0442', 'itemcl_loss': '0.0000', 'cl_pair_0_loss': '1.0442'}
Recommendation EP_test:24: 100%|| 35/35 [00:08<00:00,  4.36it/s]
{'Epoch': 24, 'name': 'high_freq', 'HIT@5': '0.0331', 'NDCG@5': '0.0205', 'HIT@10': '0.0552', 'NDCG@10': '0.0276', 'HIT@20': '0.0825', 'NDCG@20': '0.0345'}
{'Epoch': 24, 'name': 'mid_freq', 'HIT@5': '0.0045', 'NDCG@5': '0.0031', 'HIT@10': '0.0050', 'NDCG@10': '0.0033', 'HIT@20': '0.0093', 'NDCG@20': '0.0044'}
{'Epoch': 24, 'name': 'low_freq', 'HIT@5': '0.0027', 'NDCG@5': '0.0018', 'HIT@10': '0.0043', 'NDCG@10': '0.0023', 'HIT@20': '0.0072', 'NDCG@20': '0.0031'}
{'Epoch': 24, 'name': 'all', 'HIT@5': '0.0237', 'NDCG@5': '0.0148', 'HIT@10': '0.0391', 'NDCG@10': '0.0197', 'HIT@20': '0.0589', 'NDCG@20': '0.0247'}
EarlyStopping counter: 2 out of 40
rec dataset length: 186
100%|██████████████████████████████████████████████████████████████████████████████████████████████████████████████████████████████████████████████████| 186/186 [00:47<00:00,  3.93it/s]
{'epoch': 25, 'rec_avg_loss': '0.5137', 'joint_avg_loss': '0.6164', 'cl_avg_loss': '1.0273', 'itemcl_loss': '0.0000', 'cl_pair_0_loss': '1.0273'}
Recommendation EP_test:25: 100%|| 35/35 [00:08<00:00,  4.31it/s]
{'Epoch': 25, 'name': 'high_freq', 'HIT@5': '0.0325', 'NDCG@5': '0.0202', 'HIT@10': '0.0529', 'NDCG@10': '0.0268', 'HIT@20': '0.0822', 'NDCG@20': '0.0342'}
{'Epoch': 25, 'name': 'mid_freq', 'HIT@5': '0.0050', 'NDCG@5': '0.0033', 'HIT@10': '0.0078', 'NDCG@10': '0.0042', 'HIT@20': '0.0109', 'NDCG@20': '0.0050'}
{'Epoch': 25, 'name': 'low_freq', 'HIT@5': '0.0025', 'NDCG@5': '0.0015', 'HIT@10': '0.0041', 'NDCG@10': '0.0020', 'HIT@20': '0.0075', 'NDCG@20': '0.0029'}
{'Epoch': 25, 'name': 'all', 'HIT@5': '0.0234', 'NDCG@5': '0.0146', 'HIT@10': '0.0380', 'NDCG@10': '0.0193', 'HIT@20': '0.0590', 'NDCG@20': '0.0246'}
EarlyStopping counter: 3 out of 40
rec dataset length: 186
100%|██████████████████████████████████████████████████████████████████████████████████████████████████████████████████████████████████████████████████| 186/186 [00:47<00:00,  3.92it/s]
{'epoch': 26, 'rec_avg_loss': '0.5129', 'joint_avg_loss': '0.6155', 'cl_avg_loss': '1.0258', 'itemcl_loss': '0.0000', 'cl_pair_0_loss': '1.0258'}
Recommendation EP_test:26: 100%|| 35/35 [00:08<00:00,  4.35it/s]
{'Epoch': 26, 'name': 'high_freq', 'HIT@5': '0.0307', 'NDCG@5': '0.0192', 'HIT@10': '0.0517', 'NDCG@10': '0.0259', 'HIT@20': '0.0802', 'NDCG@20': '0.0331'}
{'Epoch': 26, 'name': 'mid_freq', 'HIT@5': '0.0055', 'NDCG@5': '0.0037', 'HIT@10': '0.0075', 'NDCG@10': '0.0044', 'HIT@20': '0.0126', 'NDCG@20': '0.0057'}
{'Epoch': 26, 'name': 'low_freq', 'HIT@5': '0.0029', 'NDCG@5': '0.0019', 'HIT@10': '0.0054', 'NDCG@10': '0.0027', 'HIT@20': '0.0072', 'NDCG@20': '0.0032'}
{'Epoch': 26, 'name': 'all', 'HIT@5': '0.0223', 'NDCG@5': '0.0140', 'HIT@10': '0.0373', 'NDCG@10': '0.0188', 'HIT@20': '0.0579', 'NDCG@20': '0.0240'}
EarlyStopping counter: 4 out of 40
rec dataset length: 186
100%|██████████████████████████████████████████████████████████████████████████████████████████████████████████████████████████████████████████████████| 186/186 [00:47<00:00,  3.91it/s]
{'epoch': 27, 'rec_avg_loss': '0.5060', 'joint_avg_loss': '0.6072', 'cl_avg_loss': '1.0120', 'itemcl_loss': '0.0000', 'cl_pair_0_loss': '1.0120'}
Recommendation EP_test:27: 100%|| 35/35 [00:08<00:00,  4.34it/s]
{'Epoch': 27, 'name': 'high_freq', 'HIT@5': '0.0310', 'NDCG@5': '0.0194', 'HIT@10': '0.0526', 'NDCG@10': '0.0263', 'HIT@20': '0.0818', 'NDCG@20': '0.0336'}
{'Epoch': 27, 'name': 'mid_freq', 'HIT@5': '0.0050', 'NDCG@5': '0.0032', 'HIT@10': '0.0090', 'NDCG@10': '0.0045', 'HIT@20': '0.0128', 'NDCG@20': '0.0054'}
{'Epoch': 27, 'name': 'low_freq', 'HIT@5': '0.0029', 'NDCG@5': '0.0018', 'HIT@10': '0.0043', 'NDCG@10': '0.0022', 'HIT@20': '0.0070', 'NDCG@20': '0.0029'}
{'Epoch': 27, 'name': 'all', 'HIT@5': '0.0224', 'NDCG@5': '0.0140', 'HIT@10': '0.0381', 'NDCG@10': '0.0190', 'HIT@20': '0.0590', 'NDCG@20': '0.0243'}
EarlyStopping counter: 5 out of 40
rec dataset length: 186
100%|██████████████████████████████████████████████████████████████████████████████████████████████████████████████████████████████████████████████████| 186/186 [00:47<00:00,  3.93it/s]
{'epoch': 28, 'rec_avg_loss': '0.5050', 'joint_avg_loss': '0.6060', 'cl_avg_loss': '1.0100', 'itemcl_loss': '0.0000', 'cl_pair_0_loss': '1.0100'}
Recommendation EP_test:28: 100%|| 35/35 [00:08<00:00,  4.28it/s]
{'Epoch': 28, 'name': 'high_freq', 'HIT@5': '0.0324', 'NDCG@5': '0.0202', 'HIT@10': '0.0530', 'NDCG@10': '0.0268', 'HIT@20': '0.0815', 'NDCG@20': '0.0340'}
{'Epoch': 28, 'name': 'mid_freq', 'HIT@5': '0.0055', 'NDCG@5': '0.0040', 'HIT@10': '0.0085', 'NDCG@10': '0.0050', 'HIT@20': '0.0135', 'NDCG@20': '0.0062'}
{'Epoch': 28, 'name': 'low_freq', 'HIT@5': '0.0029', 'NDCG@5': '0.0017', 'HIT@10': '0.0057', 'NDCG@10': '0.0025', 'HIT@20': '0.0075', 'NDCG@20': '0.0030'}
{'Epoch': 28, 'name': 'all', 'HIT@5': '0.0235', 'NDCG@5': '0.0148', 'HIT@10': '0.0384', 'NDCG@10': '0.0195', 'HIT@20': '0.0590', 'NDCG@20': '0.0247'}
EarlyStopping counter: 6 out of 40
rec dataset length: 186
100%|██████████████████████████████████████████████████████████████████████████████████████████████████████████████████████████████████████████████████| 186/186 [00:47<00:00,  3.91it/s]
{'epoch': 29, 'rec_avg_loss': '0.4975', 'joint_avg_loss': '0.5970', 'cl_avg_loss': '0.9950', 'itemcl_loss': '0.0000', 'cl_pair_0_loss': '0.9950'}
Recommendation EP_test:29: 100%|| 35/35 [00:08<00:00,  4.30it/s]
{'Epoch': 29, 'name': 'high_freq', 'HIT@5': '0.0306', 'NDCG@5': '0.0195', 'HIT@10': '0.0509', 'NDCG@10': '0.0260', 'HIT@20': '0.0818', 'NDCG@20': '0.0337'}
{'Epoch': 29, 'name': 'mid_freq', 'HIT@5': '0.0055', 'NDCG@5': '0.0035', 'HIT@10': '0.0079', 'NDCG@10': '0.0043', 'HIT@20': '0.0128', 'NDCG@20': '0.0055'}
{'Epoch': 29, 'name': 'low_freq', 'HIT@5': '0.0027', 'NDCG@5': '0.0020', 'HIT@10': '0.0050', 'NDCG@10': '0.0027', 'HIT@20': '0.0077', 'NDCG@20': '0.0034'}
{'Epoch': 29, 'name': 'all', 'HIT@5': '0.0222', 'NDCG@5': '0.0142', 'HIT@10': '0.0368', 'NDCG@10': '0.0188', 'HIT@20': '0.0591', 'NDCG@20': '0.0245'}
EarlyStopping counter: 7 out of 40
rec dataset length: 186
100%|██████████████████████████████████████████████████████████████████████████████████████████████████████████████████████████████████████████████████| 186/186 [00:47<00:00,  3.92it/s]
{'epoch': 30, 'rec_avg_loss': '0.4964', 'joint_avg_loss': '0.5957', 'cl_avg_loss': '0.9928', 'itemcl_loss': '0.0000', 'cl_pair_0_loss': '0.9928'}
Recommendation EP_test:30: 100%|| 35/35 [00:08<00:00,  4.24it/s]
{'Epoch': 30, 'name': 'high_freq', 'HIT@5': '0.0318', 'NDCG@5': '0.0203', 'HIT@10': '0.0545', 'NDCG@10': '0.0277', 'HIT@20': '0.0847', 'NDCG@20': '0.0353'}
{'Epoch': 30, 'name': 'mid_freq', 'HIT@5': '0.0055', 'NDCG@5': '0.0033', 'HIT@10': '0.0092', 'NDCG@10': '0.0046', 'HIT@20': '0.0126', 'NDCG@20': '0.0054'}
{'Epoch': 30, 'name': 'low_freq', 'HIT@5': '0.0034', 'NDCG@5': '0.0022', 'HIT@10': '0.0063', 'NDCG@10': '0.0032', 'HIT@20': '0.0095', 'NDCG@20': '0.0039'}
{'Epoch': 30, 'name': 'all', 'HIT@5': '0.0231', 'NDCG@5': '0.0148', 'HIT@10': '0.0397', 'NDCG@10': '0.0201', 'HIT@20': '0.0613', 'NDCG@20': '0.0255'}
Validation score increased.  Saving model ...
rec dataset length: 186
100%|██████████████████████████████████████████████████████████████████████████████████████████████████████████████████████████████████████████████████| 186/186 [00:47<00:00,  3.93it/s]
{'epoch': 31, 'rec_avg_loss': '0.4936', 'joint_avg_loss': '0.5923', 'cl_avg_loss': '0.9872', 'itemcl_loss': '0.0000', 'cl_pair_0_loss': '0.9872'}
Recommendation EP_test:31: 100%|| 35/35 [00:08<00:00,  4.37it/s]
{'Epoch': 31, 'name': 'high_freq', 'HIT@5': '0.0315', 'NDCG@5': '0.0200', 'HIT@10': '0.0532', 'NDCG@10': '0.0270', 'HIT@20': '0.0843', 'NDCG@20': '0.0348'}
{'Epoch': 31, 'name': 'mid_freq', 'HIT@5': '0.0056', 'NDCG@5': '0.0036', 'HIT@10': '0.0092', 'NDCG@10': '0.0048', 'HIT@20': '0.0125', 'NDCG@20': '0.0056'}
{'Epoch': 31, 'name': 'low_freq', 'HIT@5': '0.0043', 'NDCG@5': '0.0027', 'HIT@10': '0.0066', 'NDCG@10': '0.0035', 'HIT@20': '0.0088', 'NDCG@20': '0.0040'}
{'Epoch': 31, 'name': 'all', 'HIT@5': '0.0231', 'NDCG@5': '0.0147', 'HIT@10': '0.0388', 'NDCG@10': '0.0197', 'HIT@20': '0.0609', 'NDCG@20': '0.0253'}
EarlyStopping counter: 1 out of 40
rec dataset length: 186
100%|██████████████████████████████████████████████████████████████████████████████████████████████████████████████████████████████████████████████████| 186/186 [00:47<00:00,  3.91it/s]
{'epoch': 32, 'rec_avg_loss': '0.4862', 'joint_avg_loss': '0.5834', 'cl_avg_loss': '0.9724', 'itemcl_loss': '0.0000', 'cl_pair_0_loss': '0.9724'}
Recommendation EP_test:32: 100%|| 35/35 [00:07<00:00,  4.40it/s]
{'Epoch': 32, 'name': 'high_freq', 'HIT@5': '0.0341', 'NDCG@5': '0.0214', 'HIT@10': '0.0566', 'NDCG@10': '0.0286', 'HIT@20': '0.0830', 'NDCG@20': '0.0353'}
{'Epoch': 32, 'name': 'mid_freq', 'HIT@5': '0.0056', 'NDCG@5': '0.0038', 'HIT@10': '0.0083', 'NDCG@10': '0.0047', 'HIT@20': '0.0134', 'NDCG@20': '0.0060'}
{'Epoch': 32, 'name': 'low_freq', 'HIT@5': '0.0038', 'NDCG@5': '0.0022', 'HIT@10': '0.0061', 'NDCG@10': '0.0029', 'HIT@20': '0.0084', 'NDCG@20': '0.0035'}
{'Epoch': 32, 'name': 'all', 'HIT@5': '0.0248', 'NDCG@5': '0.0156', 'HIT@10': '0.0409', 'NDCG@10': '0.0208', 'HIT@20': '0.0601', 'NDCG@20': '0.0256'}
Validation score increased.  Saving model ...
rec dataset length: 186
100%|██████████████████████████████████████████████████████████████████████████████████████████████████████████████████████████████████████████████████| 186/186 [00:47<00:00,  3.92it/s]
{'epoch': 33, 'rec_avg_loss': '0.4862', 'joint_avg_loss': '0.5834', 'cl_avg_loss': '0.9724', 'itemcl_loss': '0.0000', 'cl_pair_0_loss': '0.9724'}
Recommendation EP_test:33: 100%|| 35/35 [00:08<00:00,  4.33it/s]
{'Epoch': 33, 'name': 'high_freq', 'HIT@5': '0.0334', 'NDCG@5': '0.0213', 'HIT@10': '0.0543', 'NDCG@10': '0.0280', 'HIT@20': '0.0838', 'NDCG@20': '0.0354'}
{'Epoch': 33, 'name': 'mid_freq', 'HIT@5': '0.0055', 'NDCG@5': '0.0038', 'HIT@10': '0.0098', 'NDCG@10': '0.0052', 'HIT@20': '0.0138', 'NDCG@20': '0.0062'}
{'Epoch': 33, 'name': 'low_freq', 'HIT@5': '0.0045', 'NDCG@5': '0.0029', 'HIT@10': '0.0068', 'NDCG@10': '0.0036', 'HIT@20': '0.0086', 'NDCG@20': '0.0041'}
{'Epoch': 33, 'name': 'all', 'HIT@5': '0.0244', 'NDCG@5': '0.0156', 'HIT@10': '0.0397', 'NDCG@10': '0.0205', 'HIT@20': '0.0608', 'NDCG@20': '0.0258'}
Validation score increased.  Saving model ...
rec dataset length: 186
100%|██████████████████████████████████████████████████████████████████████████████████████████████████████████████████████████████████████████████████| 186/186 [00:47<00:00,  3.92it/s]
{'epoch': 34, 'rec_avg_loss': '0.4838', 'joint_avg_loss': '0.5806', 'cl_avg_loss': '0.9676', 'itemcl_loss': '0.0000', 'cl_pair_0_loss': '0.9676'}
Recommendation EP_test:34: 100%|| 35/35 [00:08<00:00,  4.34it/s]
{'Epoch': 34, 'name': 'high_freq', 'HIT@5': '0.0333', 'NDCG@5': '0.0212', 'HIT@10': '0.0537', 'NDCG@10': '0.0278', 'HIT@20': '0.0827', 'NDCG@20': '0.0351'}
{'Epoch': 34, 'name': 'mid_freq', 'HIT@5': '0.0063', 'NDCG@5': '0.0042', 'HIT@10': '0.0095', 'NDCG@10': '0.0053', 'HIT@20': '0.0134', 'NDCG@20': '0.0062'}
{'Epoch': 34, 'name': 'low_freq', 'HIT@5': '0.0045', 'NDCG@5': '0.0024', 'HIT@10': '0.0063', 'NDCG@10': '0.0030', 'HIT@20': '0.0081', 'NDCG@20': '0.0035'}
{'Epoch': 34, 'name': 'all', 'HIT@5': '0.0244', 'NDCG@5': '0.0156', 'HIT@10': '0.0392', 'NDCG@10': '0.0203', 'HIT@20': '0.0599', 'NDCG@20': '0.0255'}
EarlyStopping counter: 1 out of 40
rec dataset length: 186
100%|██████████████████████████████████████████████████████████████████████████████████████████████████████████████████████████████████████████████████| 186/186 [00:47<00:00,  3.93it/s]
{'epoch': 35, 'rec_avg_loss': '0.4850', 'joint_avg_loss': '0.5820', 'cl_avg_loss': '0.9700', 'itemcl_loss': '0.0000', 'cl_pair_0_loss': '0.9700'}
Recommendation EP_test:35: 100%|| 35/35 [00:07<00:00,  4.41it/s]
{'Epoch': 35, 'name': 'high_freq', 'HIT@5': '0.0337', 'NDCG@5': '0.0211', 'HIT@10': '0.0560', 'NDCG@10': '0.0282', 'HIT@20': '0.0837', 'NDCG@20': '0.0352'}
{'Epoch': 35, 'name': 'mid_freq', 'HIT@5': '0.0063', 'NDCG@5': '0.0040', 'HIT@10': '0.0108', 'NDCG@10': '0.0055', 'HIT@20': '0.0145', 'NDCG@20': '0.0064'}
{'Epoch': 35, 'name': 'low_freq', 'HIT@5': '0.0045', 'NDCG@5': '0.0029', 'HIT@10': '0.0063', 'NDCG@10': '0.0035', 'HIT@20': '0.0091', 'NDCG@20': '0.0041'}
{'Epoch': 35, 'name': 'all', 'HIT@5': '0.0247', 'NDCG@5': '0.0155', 'HIT@10': '0.0410', 'NDCG@10': '0.0207', 'HIT@20': '0.0609', 'NDCG@20': '0.0257'}
EarlyStopping counter: 2 out of 40
rec dataset length: 186
100%|██████████████████████████████████████████████████████████████████████████████████████████████████████████████████████████████████████████████████| 186/186 [00:47<00:00,  3.92it/s]
{'epoch': 36, 'rec_avg_loss': '0.4771', 'joint_avg_loss': '0.5725', 'cl_avg_loss': '0.9541', 'itemcl_loss': '0.0000', 'cl_pair_0_loss': '0.9541'}
Recommendation EP_test:36: 100%|| 35/35 [00:07<00:00,  4.44it/s]
{'Epoch': 36, 'name': 'high_freq', 'HIT@5': '0.0325', 'NDCG@5': '0.0204', 'HIT@10': '0.0540', 'NDCG@10': '0.0273', 'HIT@20': '0.0839', 'NDCG@20': '0.0349'}
{'Epoch': 36, 'name': 'mid_freq', 'HIT@5': '0.0070', 'NDCG@5': '0.0046', 'HIT@10': '0.0101', 'NDCG@10': '0.0055', 'HIT@20': '0.0131', 'NDCG@20': '0.0063'}
{'Epoch': 36, 'name': 'low_freq', 'HIT@5': '0.0048', 'NDCG@5': '0.0031', 'HIT@10': '0.0075', 'NDCG@10': '0.0040', 'HIT@20': '0.0095', 'NDCG@20': '0.0045'}
{'Epoch': 36, 'name': 'all', 'HIT@5': '0.0240', 'NDCG@5': '0.0152', 'HIT@10': '0.0396', 'NDCG@10': '0.0201', 'HIT@20': '0.0608', 'NDCG@20': '0.0255'}
EarlyStopping counter: 3 out of 40
rec dataset length: 186
100%|██████████████████████████████████████████████████████████████████████████████████████████████████████████████████████████████████████████████████| 186/186 [00:47<00:00,  3.92it/s]
{'epoch': 37, 'rec_avg_loss': '0.4726', 'joint_avg_loss': '0.5671', 'cl_avg_loss': '0.9452', 'itemcl_loss': '0.0000', 'cl_pair_0_loss': '0.9452'}
Recommendation EP_test:37: 100%|| 35/35 [00:08<00:00,  4.29it/s]
{'Epoch': 37, 'name': 'high_freq', 'HIT@5': '0.0311', 'NDCG@5': '0.0198', 'HIT@10': '0.0549', 'NDCG@10': '0.0275', 'HIT@20': '0.0856', 'NDCG@20': '0.0352'}
{'Epoch': 37, 'name': 'mid_freq', 'HIT@5': '0.0075', 'NDCG@5': '0.0047', 'HIT@10': '0.0101', 'NDCG@10': '0.0056', 'HIT@20': '0.0147', 'NDCG@20': '0.0067'}
{'Epoch': 37, 'name': 'low_freq', 'HIT@5': '0.0043', 'NDCG@5': '0.0026', 'HIT@10': '0.0075', 'NDCG@10': '0.0036', 'HIT@20': '0.0093', 'NDCG@20': '0.0041'}
{'Epoch': 37, 'name': 'all', 'HIT@5': '0.0232', 'NDCG@5': '0.0147', 'HIT@10': '0.0402', 'NDCG@10': '0.0202', 'HIT@20': '0.0623', 'NDCG@20': '0.0258'}
EarlyStopping counter: 4 out of 40
rec dataset length: 186
100%|██████████████████████████████████████████████████████████████████████████████████████████████████████████████████████████████████████████████████| 186/186 [00:47<00:00,  3.91it/s]
{'epoch': 38, 'rec_avg_loss': '0.4733', 'joint_avg_loss': '0.5680', 'cl_avg_loss': '0.9467', 'itemcl_loss': '0.0000', 'cl_pair_0_loss': '0.9467'}
Recommendation EP_test:38: 100%|| 35/35 [00:08<00:00,  4.30it/s]
{'Epoch': 38, 'name': 'high_freq', 'HIT@5': '0.0329', 'NDCG@5': '0.0210', 'HIT@10': '0.0541', 'NDCG@10': '0.0278', 'HIT@20': '0.0839', 'NDCG@20': '0.0353'}
{'Epoch': 38, 'name': 'mid_freq', 'HIT@5': '0.0068', 'NDCG@5': '0.0044', 'HIT@10': '0.0089', 'NDCG@10': '0.0051', 'HIT@20': '0.0132', 'NDCG@20': '0.0062'}
{'Epoch': 38, 'name': 'low_freq', 'HIT@5': '0.0043', 'NDCG@5': '0.0025', 'HIT@10': '0.0068', 'NDCG@10': '0.0034', 'HIT@20': '0.0093', 'NDCG@20': '0.0040'}
{'Epoch': 38, 'name': 'all', 'HIT@5': '0.0242', 'NDCG@5': '0.0155', 'HIT@10': '0.0394', 'NDCG@10': '0.0203', 'HIT@20': '0.0608', 'NDCG@20': '0.0257'}
EarlyStopping counter: 5 out of 40
rec dataset length: 186
100%|██████████████████████████████████████████████████████████████████████████████████████████████████████████████████████████████████████████████████| 186/186 [00:47<00:00,  3.91it/s]
{'epoch': 39, 'rec_avg_loss': '0.4680', 'joint_avg_loss': '0.5616', 'cl_avg_loss': '0.9360', 'itemcl_loss': '0.0000', 'cl_pair_0_loss': '0.9360'}
Recommendation EP_test:39: 100%|| 35/35 [00:07<00:00,  4.38it/s]
{'Epoch': 39, 'name': 'high_freq', 'HIT@5': '0.0340', 'NDCG@5': '0.0214', 'HIT@10': '0.0548', 'NDCG@10': '0.0281', 'HIT@20': '0.0847', 'NDCG@20': '0.0356'}
{'Epoch': 39, 'name': 'mid_freq', 'HIT@5': '0.0070', 'NDCG@5': '0.0048', 'HIT@10': '0.0106', 'NDCG@10': '0.0059', 'HIT@20': '0.0147', 'NDCG@20': '0.0069'}
{'Epoch': 39, 'name': 'low_freq', 'HIT@5': '0.0045', 'NDCG@5': '0.0026', 'HIT@10': '0.0072', 'NDCG@10': '0.0035', 'HIT@20': '0.0093', 'NDCG@20': '0.0040'}
{'Epoch': 39, 'name': 'all', 'HIT@5': '0.0251', 'NDCG@5': '0.0158', 'HIT@10': '0.0403', 'NDCG@10': '0.0207', 'HIT@20': '0.0617', 'NDCG@20': '0.0260'}
Validation score increased.  Saving model ...
rec dataset length: 186
100%|██████████████████████████████████████████████████████████████████████████████████████████████████████████████████████████████████████████████████| 186/186 [00:47<00:00,  3.92it/s]
{'epoch': 40, 'rec_avg_loss': '0.4645', 'joint_avg_loss': '0.5574', 'cl_avg_loss': '0.9291', 'itemcl_loss': '0.0000', 'cl_pair_0_loss': '0.9291'}
Recommendation EP_test:40: 100%|| 35/35 [00:08<00:00,  4.36it/s]
{'Epoch': 40, 'name': 'high_freq', 'HIT@5': '0.0334', 'NDCG@5': '0.0211', 'HIT@10': '0.0555', 'NDCG@10': '0.0282', 'HIT@20': '0.0841', 'NDCG@20': '0.0354'}
{'Epoch': 40, 'name': 'mid_freq', 'HIT@5': '0.0079', 'NDCG@5': '0.0051', 'HIT@10': '0.0099', 'NDCG@10': '0.0058', 'HIT@20': '0.0129', 'NDCG@20': '0.0065'}
{'Epoch': 40, 'name': 'low_freq', 'HIT@5': '0.0054', 'NDCG@5': '0.0031', 'HIT@10': '0.0072', 'NDCG@10': '0.0036', 'HIT@20': '0.0091', 'NDCG@20': '0.0041'}
{'Epoch': 40, 'name': 'all', 'HIT@5': '0.0250', 'NDCG@5': '0.0158', 'HIT@10': '0.0406', 'NDCG@10': '0.0208', 'HIT@20': '0.0608', 'NDCG@20': '0.0259'}
EarlyStopping counter: 1 out of 40
rec dataset length: 186
100%|██████████████████████████████████████████████████████████████████████████████████████████████████████████████████████████████████████████████████| 186/186 [00:47<00:00,  3.94it/s]
{'epoch': 41, 'rec_avg_loss': '0.4655', 'joint_avg_loss': '0.5586', 'cl_avg_loss': '0.9310', 'itemcl_loss': '0.0000', 'cl_pair_0_loss': '0.9310'}
Recommendation EP_test:41: 100%|| 35/35 [00:08<00:00,  4.37it/s]
{'Epoch': 41, 'name': 'high_freq', 'HIT@5': '0.0350', 'NDCG@5': '0.0221', 'HIT@10': '0.0562', 'NDCG@10': '0.0290', 'HIT@20': '0.0847', 'NDCG@20': '0.0361'}
{'Epoch': 41, 'name': 'mid_freq', 'HIT@5': '0.0069', 'NDCG@5': '0.0044', 'HIT@10': '0.0096', 'NDCG@10': '0.0053', 'HIT@20': '0.0139', 'NDCG@20': '0.0064'}
{'Epoch': 41, 'name': 'low_freq', 'HIT@5': '0.0045', 'NDCG@5': '0.0023', 'HIT@10': '0.0061', 'NDCG@10': '0.0028', 'HIT@20': '0.0081', 'NDCG@20': '0.0033'}
{'Epoch': 41, 'name': 'all', 'HIT@5': '0.0257', 'NDCG@5': '0.0162', 'HIT@10': '0.0408', 'NDCG@10': '0.0211', 'HIT@20': '0.0613', 'NDCG@20': '0.0262'}
Validation score increased.  Saving model ...
rec dataset length: 186
100%|██████████████████████████████████████████████████████████████████████████████████████████████████████████████████████████████████████████████████| 186/186 [00:47<00:00,  3.93it/s]
{'epoch': 42, 'rec_avg_loss': '0.4618', 'joint_avg_loss': '0.5542', 'cl_avg_loss': '0.9236', 'itemcl_loss': '0.0000', 'cl_pair_0_loss': '0.9236'}
Recommendation EP_test:42: 100%|| 35/35 [00:08<00:00,  4.26it/s]
{'Epoch': 42, 'name': 'high_freq', 'HIT@5': '0.0346', 'NDCG@5': '0.0221', 'HIT@10': '0.0557', 'NDCG@10': '0.0289', 'HIT@20': '0.0856', 'NDCG@20': '0.0364'}
{'Epoch': 42, 'name': 'mid_freq', 'HIT@5': '0.0072', 'NDCG@5': '0.0045', 'HIT@10': '0.0093', 'NDCG@10': '0.0052', 'HIT@20': '0.0141', 'NDCG@20': '0.0064'}
{'Epoch': 42, 'name': 'low_freq', 'HIT@5': '0.0045', 'NDCG@5': '0.0027', 'HIT@10': '0.0068', 'NDCG@10': '0.0035', 'HIT@20': '0.0091', 'NDCG@20': '0.0040'}
{'Epoch': 42, 'name': 'all', 'HIT@5': '0.0255', 'NDCG@5': '0.0163', 'HIT@10': '0.0406', 'NDCG@10': '0.0211', 'HIT@20': '0.0621', 'NDCG@20': '0.0265'}
Validation score increased.  Saving model ...
rec dataset length: 186
100%|██████████████████████████████████████████████████████████████████████████████████████████████████████████████████████████████████████████████████| 186/186 [00:47<00:00,  3.90it/s]
{'epoch': 43, 'rec_avg_loss': '0.4617', 'joint_avg_loss': '0.5541', 'cl_avg_loss': '0.9234', 'itemcl_loss': '0.0000', 'cl_pair_0_loss': '0.9234'}
Recommendation EP_test:43: 100%|| 35/35 [00:08<00:00,  4.28it/s]
{'Epoch': 43, 'name': 'high_freq', 'HIT@5': '0.0358', 'NDCG@5': '0.0228', 'HIT@10': '0.0550', 'NDCG@10': '0.0290', 'HIT@20': '0.0846', 'NDCG@20': '0.0364'}
{'Epoch': 43, 'name': 'mid_freq', 'HIT@5': '0.0075', 'NDCG@5': '0.0047', 'HIT@10': '0.0102', 'NDCG@10': '0.0056', 'HIT@20': '0.0138', 'NDCG@20': '0.0065'}
{'Epoch': 43, 'name': 'low_freq', 'HIT@5': '0.0045', 'NDCG@5': '0.0026', 'HIT@10': '0.0059', 'NDCG@10': '0.0031', 'HIT@20': '0.0081', 'NDCG@20': '0.0037'}
{'Epoch': 43, 'name': 'all', 'HIT@5': '0.0264', 'NDCG@5': '0.0168', 'HIT@10': '0.0402', 'NDCG@10': '0.0212', 'HIT@20': '0.0612', 'NDCG@20': '0.0265'}
EarlyStopping counter: 1 out of 40
rec dataset length: 186
100%|██████████████████████████████████████████████████████████████████████████████████████████████████████████████████████████████████████████████████| 186/186 [00:47<00:00,  3.92it/s]
{'epoch': 44, 'rec_avg_loss': '0.4624', 'joint_avg_loss': '0.5549', 'cl_avg_loss': '0.9248', 'itemcl_loss': '0.0000', 'cl_pair_0_loss': '0.9248'}
Recommendation EP_test:44: 100%|| 35/35 [00:08<00:00,  4.26it/s]
{'Epoch': 44, 'name': 'high_freq', 'HIT@5': '0.0351', 'NDCG@5': '0.0222', 'HIT@10': '0.0553', 'NDCG@10': '0.0287', 'HIT@20': '0.0847', 'NDCG@20': '0.0361'}
{'Epoch': 44, 'name': 'mid_freq', 'HIT@5': '0.0072', 'NDCG@5': '0.0047', 'HIT@10': '0.0112', 'NDCG@10': '0.0060', 'HIT@20': '0.0145', 'NDCG@20': '0.0068'}
{'Epoch': 44, 'name': 'low_freq', 'HIT@5': '0.0041', 'NDCG@5': '0.0025', 'HIT@10': '0.0063', 'NDCG@10': '0.0032', 'HIT@20': '0.0079', 'NDCG@20': '0.0036'}
{'Epoch': 44, 'name': 'all', 'HIT@5': '0.0258', 'NDCG@5': '0.0163', 'HIT@10': '0.0406', 'NDCG@10': '0.0211', 'HIT@20': '0.0614', 'NDCG@20': '0.0263'}
EarlyStopping counter: 2 out of 40
rec dataset length: 186
100%|██████████████████████████████████████████████████████████████████████████████████████████████████████████████████████████████████████████████████| 186/186 [00:47<00:00,  3.91it/s]
{'epoch': 45, 'rec_avg_loss': '0.4592', 'joint_avg_loss': '0.5510', 'cl_avg_loss': '0.9184', 'itemcl_loss': '0.0000', 'cl_pair_0_loss': '0.9184'}
Recommendation EP_test:45: 100%|| 35/35 [00:07<00:00,  4.39it/s]
{'Epoch': 45, 'name': 'high_freq', 'HIT@5': '0.0347', 'NDCG@5': '0.0218', 'HIT@10': '0.0550', 'NDCG@10': '0.0283', 'HIT@20': '0.0848', 'NDCG@20': '0.0358'}
{'Epoch': 45, 'name': 'mid_freq', 'HIT@5': '0.0070', 'NDCG@5': '0.0044', 'HIT@10': '0.0092', 'NDCG@10': '0.0051', 'HIT@20': '0.0144', 'NDCG@20': '0.0063'}
{'Epoch': 45, 'name': 'low_freq', 'HIT@5': '0.0043', 'NDCG@5': '0.0026', 'HIT@10': '0.0063', 'NDCG@10': '0.0033', 'HIT@20': '0.0095', 'NDCG@20': '0.0041'}
{'Epoch': 45, 'name': 'all', 'HIT@5': '0.0255', 'NDCG@5': '0.0160', 'HIT@10': '0.0400', 'NDCG@10': '0.0206', 'HIT@20': '0.0617', 'NDCG@20': '0.0261'}
EarlyStopping counter: 3 out of 40
rec dataset length: 186
100%|██████████████████████████████████████████████████████████████████████████████████████████████████████████████████████████████████████████████████| 186/186 [00:47<00:00,  3.92it/s]
{'epoch': 46, 'rec_avg_loss': '0.4524', 'joint_avg_loss': '0.5429', 'cl_avg_loss': '0.9048', 'itemcl_loss': '0.0000', 'cl_pair_0_loss': '0.9048'}
Recommendation EP_test:46: 100%|| 35/35 [00:08<00:00,  4.31it/s]
{'Epoch': 46, 'name': 'high_freq', 'HIT@5': '0.0350', 'NDCG@5': '0.0218', 'HIT@10': '0.0554', 'NDCG@10': '0.0283', 'HIT@20': '0.0844', 'NDCG@20': '0.0356'}
{'Epoch': 46, 'name': 'mid_freq', 'HIT@5': '0.0063', 'NDCG@5': '0.0041', 'HIT@10': '0.0109', 'NDCG@10': '0.0055', 'HIT@20': '0.0139', 'NDCG@20': '0.0063'}
{'Epoch': 46, 'name': 'low_freq', 'HIT@5': '0.0050', 'NDCG@5': '0.0031', 'HIT@10': '0.0063', 'NDCG@10': '0.0035', 'HIT@20': '0.0084', 'NDCG@20': '0.0040'}
{'Epoch': 46, 'name': 'all', 'HIT@5': '0.0256', 'NDCG@5': '0.0160', 'HIT@10': '0.0406', 'NDCG@10': '0.0208', 'HIT@20': '0.0612', 'NDCG@20': '0.0260'}
EarlyStopping counter: 4 out of 40
rec dataset length: 186
100%|██████████████████████████████████████████████████████████████████████████████████████████████████████████████████████████████████████████████████| 186/186 [00:47<00:00,  3.93it/s]
{'epoch': 47, 'rec_avg_loss': '0.4511', 'joint_avg_loss': '0.5413', 'cl_avg_loss': '0.9022', 'itemcl_loss': '0.0000', 'cl_pair_0_loss': '0.9022'}
Recommendation EP_test:47: 100%|| 35/35 [00:08<00:00,  4.28it/s]
{'Epoch': 47, 'name': 'high_freq', 'HIT@5': '0.0342', 'NDCG@5': '0.0213', 'HIT@10': '0.0534', 'NDCG@10': '0.0275', 'HIT@20': '0.0837', 'NDCG@20': '0.0351'}
{'Epoch': 47, 'name': 'mid_freq', 'HIT@5': '0.0070', 'NDCG@5': '0.0047', 'HIT@10': '0.0108', 'NDCG@10': '0.0059', 'HIT@20': '0.0148', 'NDCG@20': '0.0069'}
{'Epoch': 47, 'name': 'low_freq', 'HIT@5': '0.0045', 'NDCG@5': '0.0028', 'HIT@10': '0.0072', 'NDCG@10': '0.0037', 'HIT@20': '0.0100', 'NDCG@20': '0.0044'}
{'Epoch': 47, 'name': 'all', 'HIT@5': '0.0252', 'NDCG@5': '0.0158', 'HIT@10': '0.0393', 'NDCG@10': '0.0203', 'HIT@20': '0.0611', 'NDCG@20': '0.0258'}
EarlyStopping counter: 5 out of 40
rec dataset length: 186
100%|██████████████████████████████████████████████████████████████████████████████████████████████████████████████████████████████████████████████████| 186/186 [00:47<00:00,  3.91it/s]
{'epoch': 48, 'rec_avg_loss': '0.4514', 'joint_avg_loss': '0.5416', 'cl_avg_loss': '0.9027', 'itemcl_loss': '0.0000', 'cl_pair_0_loss': '0.9027'}
Recommendation EP_test:48: 100%|| 35/35 [00:08<00:00,  4.22it/s]
{'Epoch': 48, 'name': 'high_freq', 'HIT@5': '0.0333', 'NDCG@5': '0.0209', 'HIT@10': '0.0524', 'NDCG@10': '0.0271', 'HIT@20': '0.0829', 'NDCG@20': '0.0347'}
{'Epoch': 48, 'name': 'mid_freq', 'HIT@5': '0.0076', 'NDCG@5': '0.0050', 'HIT@10': '0.0113', 'NDCG@10': '0.0062', 'HIT@20': '0.0149', 'NDCG@20': '0.0071'}
{'Epoch': 48, 'name': 'low_freq', 'HIT@5': '0.0052', 'NDCG@5': '0.0032', 'HIT@10': '0.0068', 'NDCG@10': '0.0037', 'HIT@20': '0.0093', 'NDCG@20': '0.0044'}
{'Epoch': 48, 'name': 'all', 'HIT@5': '0.0248', 'NDCG@5': '0.0156', 'HIT@10': '0.0387', 'NDCG@10': '0.0201', 'HIT@20': '0.0605', 'NDCG@20': '0.0255'}
EarlyStopping counter: 6 out of 40
rec dataset length: 186
100%|██████████████████████████████████████████████████████████████████████████████████████████████████████████████████████████████████████████████████| 186/186 [00:47<00:00,  3.90it/s]
{'epoch': 49, 'rec_avg_loss': '0.4504', 'joint_avg_loss': '0.5404', 'cl_avg_loss': '0.9007', 'itemcl_loss': '0.0000', 'cl_pair_0_loss': '0.9007'}
Recommendation EP_test:49: 100%|| 35/35 [00:08<00:00,  4.19it/s]
{'Epoch': 49, 'name': 'high_freq', 'HIT@5': '0.0337', 'NDCG@5': '0.0208', 'HIT@10': '0.0540', 'NDCG@10': '0.0273', 'HIT@20': '0.0846', 'NDCG@20': '0.0350'}
{'Epoch': 49, 'name': 'mid_freq', 'HIT@5': '0.0066', 'NDCG@5': '0.0043', 'HIT@10': '0.0116', 'NDCG@10': '0.0060', 'HIT@20': '0.0161', 'NDCG@20': '0.0071'}
{'Epoch': 49, 'name': 'low_freq', 'HIT@5': '0.0054', 'NDCG@5': '0.0033', 'HIT@10': '0.0079', 'NDCG@10': '0.0041', 'HIT@20': '0.0104', 'NDCG@20': '0.0047'}
{'Epoch': 49, 'name': 'all', 'HIT@5': '0.0249', 'NDCG@5': '0.0154', 'HIT@10': '0.0400', 'NDCG@10': '0.0202', 'HIT@20': '0.0620', 'NDCG@20': '0.0258'}
EarlyStopping counter: 7 out of 40
rec dataset length: 186
100%|██████████████████████████████████████████████████████████████████████████████████████████████████████████████████████████████████████████████████| 186/186 [00:47<00:00,  3.89it/s]
{'epoch': 50, 'rec_avg_loss': '0.4499', 'joint_avg_loss': '0.5399', 'cl_avg_loss': '0.8998', 'itemcl_loss': '0.0000', 'cl_pair_0_loss': '0.8998'}
Recommendation EP_test:50: 100%|| 35/35 [00:08<00:00,  4.33it/s]
{'Epoch': 50, 'name': 'high_freq', 'HIT@5': '0.0339', 'NDCG@5': '0.0215', 'HIT@10': '0.0533', 'NDCG@10': '0.0278', 'HIT@20': '0.0844', 'NDCG@20': '0.0356'}
{'Epoch': 50, 'name': 'mid_freq', 'HIT@5': '0.0066', 'NDCG@5': '0.0044', 'HIT@10': '0.0112', 'NDCG@10': '0.0058', 'HIT@20': '0.0154', 'NDCG@20': '0.0069'}
{'Epoch': 50, 'name': 'low_freq', 'HIT@5': '0.0052', 'NDCG@5': '0.0035', 'HIT@10': '0.0072', 'NDCG@10': '0.0042', 'HIT@20': '0.0104', 'NDCG@20': '0.0050'}
{'Epoch': 50, 'name': 'all', 'HIT@5': '0.0250', 'NDCG@5': '0.0160', 'HIT@10': '0.0394', 'NDCG@10': '0.0206', 'HIT@20': '0.0617', 'NDCG@20': '0.0262'}
EarlyStopping counter: 8 out of 40
rec dataset length: 186
100%|██████████████████████████████████████████████████████████████████████████████████████████████████████████████████████████████████████████████████| 186/186 [00:47<00:00,  3.91it/s]
{'epoch': 51, 'rec_avg_loss': '0.4480', 'joint_avg_loss': '0.5375', 'cl_avg_loss': '0.8959', 'itemcl_loss': '0.0000', 'cl_pair_0_loss': '0.8959'}
Recommendation EP_test:51: 100%|| 35/35 [00:08<00:00,  4.33it/s]
{'Epoch': 51, 'name': 'high_freq', 'HIT@5': '0.0336', 'NDCG@5': '0.0215', 'HIT@10': '0.0539', 'NDCG@10': '0.0280', 'HIT@20': '0.0856', 'NDCG@20': '0.0360'}
{'Epoch': 51, 'name': 'mid_freq', 'HIT@5': '0.0072', 'NDCG@5': '0.0048', 'HIT@10': '0.0106', 'NDCG@10': '0.0059', 'HIT@20': '0.0154', 'NDCG@20': '0.0071'}
{'Epoch': 51, 'name': 'low_freq', 'HIT@5': '0.0050', 'NDCG@5': '0.0033', 'HIT@10': '0.0075', 'NDCG@10': '0.0041', 'HIT@20': '0.0102', 'NDCG@20': '0.0047'}
{'Epoch': 51, 'name': 'all', 'HIT@5': '0.0249', 'NDCG@5': '0.0160', 'HIT@10': '0.0397', 'NDCG@10': '0.0207', 'HIT@20': '0.0625', 'NDCG@20': '0.0265'}
EarlyStopping counter: 9 out of 40
rec dataset length: 186
100%|██████████████████████████████████████████████████████████████████████████████████████████████████████████████████████████████████████████████████| 186/186 [00:47<00:00,  3.92it/s]
{'epoch': 52, 'rec_avg_loss': '0.4436', 'joint_avg_loss': '0.5323', 'cl_avg_loss': '0.8872', 'itemcl_loss': '0.0000', 'cl_pair_0_loss': '0.8872'}
Recommendation EP_test:52: 100%|| 35/35 [00:08<00:00,  4.29it/s]
{'Epoch': 52, 'name': 'high_freq', 'HIT@5': '0.0345', 'NDCG@5': '0.0222', 'HIT@10': '0.0567', 'NDCG@10': '0.0293', 'HIT@20': '0.0850', 'NDCG@20': '0.0364'}
{'Epoch': 52, 'name': 'mid_freq', 'HIT@5': '0.0068', 'NDCG@5': '0.0045', 'HIT@10': '0.0102', 'NDCG@10': '0.0056', 'HIT@20': '0.0148', 'NDCG@20': '0.0068'}
{'Epoch': 52, 'name': 'low_freq', 'HIT@5': '0.0059', 'NDCG@5': '0.0035', 'HIT@10': '0.0072', 'NDCG@10': '0.0039', 'HIT@20': '0.0095', 'NDCG@20': '0.0045'}
{'Epoch': 52, 'name': 'all', 'HIT@5': '0.0255', 'NDCG@5': '0.0164', 'HIT@10': '0.0414', 'NDCG@10': '0.0215', 'HIT@20': '0.0619', 'NDCG@20': '0.0267'}
Validation score increased.  Saving model ...
rec dataset length: 186
100%|██████████████████████████████████████████████████████████████████████████████████████████████████████████████████████████████████████████████████| 186/186 [00:47<00:00,  3.92it/s]
{'epoch': 53, 'rec_avg_loss': '0.4443', 'joint_avg_loss': '0.5332', 'cl_avg_loss': '0.8887', 'itemcl_loss': '0.0000', 'cl_pair_0_loss': '0.8887'}
Recommendation EP_test:53: 100%|| 35/35 [00:08<00:00,  4.31it/s]
{'Epoch': 53, 'name': 'high_freq', 'HIT@5': '0.0342', 'NDCG@5': '0.0212', 'HIT@10': '0.0549', 'NDCG@10': '0.0278', 'HIT@20': '0.0862', 'NDCG@20': '0.0357'}
{'Epoch': 53, 'name': 'mid_freq', 'HIT@5': '0.0062', 'NDCG@5': '0.0043', 'HIT@10': '0.0096', 'NDCG@10': '0.0054', 'HIT@20': '0.0154', 'NDCG@20': '0.0069'}
{'Epoch': 53, 'name': 'low_freq', 'HIT@5': '0.0057', 'NDCG@5': '0.0033', 'HIT@10': '0.0077', 'NDCG@10': '0.0039', 'HIT@20': '0.0100', 'NDCG@20': '0.0045'}
{'Epoch': 53, 'name': 'all', 'HIT@5': '0.0252', 'NDCG@5': '0.0157', 'HIT@10': '0.0402', 'NDCG@10': '0.0205', 'HIT@20': '0.0629', 'NDCG@20': '0.0262'}
EarlyStopping counter: 1 out of 40
rec dataset length: 186
100%|██████████████████████████████████████████████████████████████████████████████████████████████████████████████████████████████████████████████████| 186/186 [00:47<00:00,  3.91it/s]
{'epoch': 54, 'rec_avg_loss': '0.4413', 'joint_avg_loss': '0.5295', 'cl_avg_loss': '0.8826', 'itemcl_loss': '0.0000', 'cl_pair_0_loss': '0.8826'}
Recommendation EP_test:54: 100%|| 35/35 [00:07<00:00,  4.42it/s]
{'Epoch': 54, 'name': 'high_freq', 'HIT@5': '0.0331', 'NDCG@5': '0.0210', 'HIT@10': '0.0549', 'NDCG@10': '0.0280', 'HIT@20': '0.0863', 'NDCG@20': '0.0359'}
{'Epoch': 54, 'name': 'mid_freq', 'HIT@5': '0.0069', 'NDCG@5': '0.0046', 'HIT@10': '0.0108', 'NDCG@10': '0.0058', 'HIT@20': '0.0147', 'NDCG@20': '0.0068'}
{'Epoch': 54, 'name': 'low_freq', 'HIT@5': '0.0057', 'NDCG@5': '0.0032', 'HIT@10': '0.0088', 'NDCG@10': '0.0042', 'HIT@20': '0.0104', 'NDCG@20': '0.0046'}
{'Epoch': 54, 'name': 'all', 'HIT@5': '0.0246', 'NDCG@5': '0.0156', 'HIT@10': '0.0405', 'NDCG@10': '0.0207', 'HIT@20': '0.0629', 'NDCG@20': '0.0263'}
EarlyStopping counter: 2 out of 40
rec dataset length: 186
100%|██████████████████████████████████████████████████████████████████████████████████████████████████████████████████████████████████████████████████| 186/186 [00:47<00:00,  3.91it/s]
{'epoch': 55, 'rec_avg_loss': '0.4440', 'joint_avg_loss': '0.5327', 'cl_avg_loss': '0.8879', 'itemcl_loss': '0.0000', 'cl_pair_0_loss': '0.8879'}
Recommendation EP_test:55: 100%|| 35/35 [00:08<00:00,  4.32it/s]
{'Epoch': 55, 'name': 'high_freq', 'HIT@5': '0.0338', 'NDCG@5': '0.0213', 'HIT@10': '0.0548', 'NDCG@10': '0.0281', 'HIT@20': '0.0858', 'NDCG@20': '0.0359'}
{'Epoch': 55, 'name': 'mid_freq', 'HIT@5': '0.0063', 'NDCG@5': '0.0041', 'HIT@10': '0.0092', 'NDCG@10': '0.0051', 'HIT@20': '0.0149', 'NDCG@20': '0.0065'}
{'Epoch': 55, 'name': 'low_freq', 'HIT@5': '0.0061', 'NDCG@5': '0.0037', 'HIT@10': '0.0075', 'NDCG@10': '0.0041', 'HIT@20': '0.0111', 'NDCG@20': '0.0050'}
{'Epoch': 55, 'name': 'all', 'HIT@5': '0.0250', 'NDCG@5': '0.0158', 'HIT@10': '0.0400', 'NDCG@10': '0.0206', 'HIT@20': '0.0627', 'NDCG@20': '0.0263'}
EarlyStopping counter: 3 out of 40
rec dataset length: 186
100%|██████████████████████████████████████████████████████████████████████████████████████████████████████████████████████████████████████████████████| 186/186 [00:47<00:00,  3.91it/s]
{'epoch': 56, 'rec_avg_loss': '0.4400', 'joint_avg_loss': '0.5279', 'cl_avg_loss': '0.8799', 'itemcl_loss': '0.0000', 'cl_pair_0_loss': '0.8799'}
Recommendation EP_test:56: 100%|| 35/35 [00:08<00:00,  4.36it/s]
{'Epoch': 56, 'name': 'high_freq', 'HIT@5': '0.0327', 'NDCG@5': '0.0204', 'HIT@10': '0.0541', 'NDCG@10': '0.0272', 'HIT@20': '0.0867', 'NDCG@20': '0.0354'}
{'Epoch': 56, 'name': 'mid_freq', 'HIT@5': '0.0076', 'NDCG@5': '0.0050', 'HIT@10': '0.0119', 'NDCG@10': '0.0064', 'HIT@20': '0.0161', 'NDCG@20': '0.0075'}
{'Epoch': 56, 'name': 'low_freq', 'HIT@5': '0.0070', 'NDCG@5': '0.0042', 'HIT@10': '0.0081', 'NDCG@10': '0.0046', 'HIT@20': '0.0115', 'NDCG@20': '0.0055'}
{'Epoch': 56, 'name': 'all', 'HIT@5': '0.0246', 'NDCG@5': '0.0154', 'HIT@10': '0.0401', 'NDCG@10': '0.0203', 'HIT@20': '0.0635', 'NDCG@20': '0.0262'}
EarlyStopping counter: 4 out of 40
rec dataset length: 186
100%|██████████████████████████████████████████████████████████████████████████████████████████████████████████████████████████████████████████████████| 186/186 [00:47<00:00,  3.91it/s]
{'epoch': 57, 'rec_avg_loss': '0.4358', 'joint_avg_loss': '0.5229', 'cl_avg_loss': '0.8715', 'itemcl_loss': '0.0000', 'cl_pair_0_loss': '0.8715'}
Recommendation EP_test:57: 100%|| 35/35 [00:07<00:00,  4.59it/s]
{'Epoch': 57, 'name': 'high_freq', 'HIT@5': '0.0331', 'NDCG@5': '0.0208', 'HIT@10': '0.0555', 'NDCG@10': '0.0281', 'HIT@20': '0.0874', 'NDCG@20': '0.0361'}
{'Epoch': 57, 'name': 'mid_freq', 'HIT@5': '0.0076', 'NDCG@5': '0.0049', 'HIT@10': '0.0112', 'NDCG@10': '0.0061', 'HIT@20': '0.0151', 'NDCG@20': '0.0070'}
{'Epoch': 57, 'name': 'low_freq', 'HIT@5': '0.0050', 'NDCG@5': '0.0029', 'HIT@10': '0.0079', 'NDCG@10': '0.0038', 'HIT@20': '0.0102', 'NDCG@20': '0.0044'}
{'Epoch': 57, 'name': 'all', 'HIT@5': '0.0246', 'NDCG@5': '0.0155', 'HIT@10': '0.0410', 'NDCG@10': '0.0208', 'HIT@20': '0.0637', 'NDCG@20': '0.0265'}
EarlyStopping counter: 5 out of 40
rec dataset length: 186
100%|██████████████████████████████████████████████████████████████████████████████████████████████████████████████████████████████████████████████████| 186/186 [00:47<00:00,  3.92it/s]
{'epoch': 58, 'rec_avg_loss': '0.4386', 'joint_avg_loss': '0.5263', 'cl_avg_loss': '0.8772', 'itemcl_loss': '0.0000', 'cl_pair_0_loss': '0.8772'}
Recommendation EP_test:58: 100%|| 35/35 [00:07<00:00,  4.56it/s]
{'Epoch': 58, 'name': 'high_freq', 'HIT@5': '0.0339', 'NDCG@5': '0.0214', 'HIT@10': '0.0553', 'NDCG@10': '0.0282', 'HIT@20': '0.0858', 'NDCG@20': '0.0359'}
{'Epoch': 58, 'name': 'mid_freq', 'HIT@5': '0.0072', 'NDCG@5': '0.0049', 'HIT@10': '0.0108', 'NDCG@10': '0.0061', 'HIT@20': '0.0154', 'NDCG@20': '0.0072'}
{'Epoch': 58, 'name': 'low_freq', 'HIT@5': '0.0050', 'NDCG@5': '0.0035', 'HIT@10': '0.0079', 'NDCG@10': '0.0045', 'HIT@20': '0.0104', 'NDCG@20': '0.0051'}
{'Epoch': 58, 'name': 'all', 'HIT@5': '0.0251', 'NDCG@5': '0.0159', 'HIT@10': '0.0407', 'NDCG@10': '0.0210', 'HIT@20': '0.0627', 'NDCG@20': '0.0265'}
EarlyStopping counter: 6 out of 40
rec dataset length: 186
100%|██████████████████████████████████████████████████████████████████████████████████████████████████████████████████████████████████████████████████| 186/186 [00:47<00:00,  3.93it/s]
{'epoch': 59, 'rec_avg_loss': '0.4351', 'joint_avg_loss': '0.5221', 'cl_avg_loss': '0.8701', 'itemcl_loss': '0.0000', 'cl_pair_0_loss': '0.8701'}
Recommendation EP_test:59: 100%|| 35/35 [00:08<00:00,  4.37it/s]
{'Epoch': 59, 'name': 'high_freq', 'HIT@5': '0.0343', 'NDCG@5': '0.0211', 'HIT@10': '0.0542', 'NDCG@10': '0.0275', 'HIT@20': '0.0858', 'NDCG@20': '0.0354'}
{'Epoch': 59, 'name': 'mid_freq', 'HIT@5': '0.0078', 'NDCG@5': '0.0053', 'HIT@10': '0.0113', 'NDCG@10': '0.0064', 'HIT@20': '0.0165', 'NDCG@20': '0.0077'}
{'Epoch': 59, 'name': 'low_freq', 'HIT@5': '0.0059', 'NDCG@5': '0.0036', 'HIT@10': '0.0075', 'NDCG@10': '0.0041', 'HIT@20': '0.0104', 'NDCG@20': '0.0048'}
{'Epoch': 59, 'name': 'all', 'HIT@5': '0.0256', 'NDCG@5': '0.0158', 'HIT@10': '0.0400', 'NDCG@10': '0.0205', 'HIT@20': '0.0629', 'NDCG@20': '0.0262'}
EarlyStopping counter: 7 out of 40
rec dataset length: 186
100%|██████████████████████████████████████████████████████████████████████████████████████████████████████████████████████████████████████████████████| 186/186 [00:47<00:00,  3.92it/s]
{'epoch': 60, 'rec_avg_loss': '0.4337', 'joint_avg_loss': '0.5205', 'cl_avg_loss': '0.8675', 'itemcl_loss': '0.0000', 'cl_pair_0_loss': '0.8675'}
Recommendation EP_test:60: 100%|| 35/35 [00:07<00:00,  4.49it/s]
{'Epoch': 60, 'name': 'high_freq', 'HIT@5': '0.0350', 'NDCG@5': '0.0216', 'HIT@10': '0.0547', 'NDCG@10': '0.0279', 'HIT@20': '0.0867', 'NDCG@20': '0.0359'}
{'Epoch': 60, 'name': 'mid_freq', 'HIT@5': '0.0073', 'NDCG@5': '0.0049', 'HIT@10': '0.0112', 'NDCG@10': '0.0062', 'HIT@20': '0.0164', 'NDCG@20': '0.0075'}
{'Epoch': 60, 'name': 'low_freq', 'HIT@5': '0.0057', 'NDCG@5': '0.0036', 'HIT@10': '0.0072', 'NDCG@10': '0.0042', 'HIT@20': '0.0104', 'NDCG@20': '0.0050'}
{'Epoch': 60, 'name': 'all', 'HIT@5': '0.0260', 'NDCG@5': '0.0161', 'HIT@10': '0.0403', 'NDCG@10': '0.0207', 'HIT@20': '0.0635', 'NDCG@20': '0.0265'}
EarlyStopping counter: 8 out of 40
rec dataset length: 186
100%|██████████████████████████████████████████████████████████████████████████████████████████████████████████████████████████████████████████████████| 186/186 [00:47<00:00,  3.92it/s]
{'epoch': 61, 'rec_avg_loss': '0.4345', 'joint_avg_loss': '0.5215', 'cl_avg_loss': '0.8691', 'itemcl_loss': '0.0000', 'cl_pair_0_loss': '0.8691'}
Recommendation EP_test:61: 100%|| 35/35 [00:07<00:00,  4.39it/s]
{'Epoch': 61, 'name': 'high_freq', 'HIT@5': '0.0334', 'NDCG@5': '0.0211', 'HIT@10': '0.0532', 'NDCG@10': '0.0275', 'HIT@20': '0.0839', 'NDCG@20': '0.0352'}
{'Epoch': 61, 'name': 'mid_freq', 'HIT@5': '0.0073', 'NDCG@5': '0.0047', 'HIT@10': '0.0112', 'NDCG@10': '0.0060', 'HIT@20': '0.0167', 'NDCG@20': '0.0074'}
{'Epoch': 61, 'name': 'low_freq', 'HIT@5': '0.0059', 'NDCG@5': '0.0037', 'HIT@10': '0.0079', 'NDCG@10': '0.0043', 'HIT@20': '0.0100', 'NDCG@20': '0.0048'}
{'Epoch': 61, 'name': 'all', 'HIT@5': '0.0249', 'NDCG@5': '0.0158', 'HIT@10': '0.0394', 'NDCG@10': '0.0204', 'HIT@20': '0.0616', 'NDCG@20': '0.0260'}
EarlyStopping counter: 9 out of 40
rec dataset length: 186
100%|██████████████████████████████████████████████████████████████████████████████████████████████████████████████████████████████████████████████████| 186/186 [00:47<00:00,  3.93it/s]
{'epoch': 62, 'rec_avg_loss': '0.4301', 'joint_avg_loss': '0.5161', 'cl_avg_loss': '0.8602', 'itemcl_loss': '0.0000', 'cl_pair_0_loss': '0.8602'}
Recommendation EP_test:62: 100%|| 35/35 [00:07<00:00,  4.41it/s]
{'Epoch': 62, 'name': 'high_freq', 'HIT@5': '0.0337', 'NDCG@5': '0.0209', 'HIT@10': '0.0547', 'NDCG@10': '0.0278', 'HIT@20': '0.0851', 'NDCG@20': '0.0354'}
{'Epoch': 62, 'name': 'mid_freq', 'HIT@5': '0.0075', 'NDCG@5': '0.0049', 'HIT@10': '0.0112', 'NDCG@10': '0.0061', 'HIT@20': '0.0161', 'NDCG@20': '0.0073'}
{'Epoch': 62, 'name': 'low_freq', 'HIT@5': '0.0063', 'NDCG@5': '0.0036', 'HIT@10': '0.0088', 'NDCG@10': '0.0044', 'HIT@20': '0.0106', 'NDCG@20': '0.0049'}
{'Epoch': 62, 'name': 'all', 'HIT@5': '0.0251', 'NDCG@5': '0.0157', 'HIT@10': '0.0405', 'NDCG@10': '0.0206', 'HIT@20': '0.0624', 'NDCG@20': '0.0261'}
EarlyStopping counter: 10 out of 40
rec dataset length: 186
100%|██████████████████████████████████████████████████████████████████████████████████████████████████████████████████████████████████████████████████| 186/186 [00:47<00:00,  3.92it/s]
{'epoch': 63, 'rec_avg_loss': '0.4284', 'joint_avg_loss': '0.5141', 'cl_avg_loss': '0.8568', 'itemcl_loss': '0.0000', 'cl_pair_0_loss': '0.8568'}
Recommendation EP_test:63: 100%|| 35/35 [00:07<00:00,  4.47it/s]
{'Epoch': 63, 'name': 'high_freq', 'HIT@5': '0.0352', 'NDCG@5': '0.0219', 'HIT@10': '0.0562', 'NDCG@10': '0.0287', 'HIT@20': '0.0871', 'NDCG@20': '0.0365'}
{'Epoch': 63, 'name': 'mid_freq', 'HIT@5': '0.0076', 'NDCG@5': '0.0051', 'HIT@10': '0.0115', 'NDCG@10': '0.0064', 'HIT@20': '0.0171', 'NDCG@20': '0.0078'}
{'Epoch': 63, 'name': 'low_freq', 'HIT@5': '0.0059', 'NDCG@5': '0.0040', 'HIT@10': '0.0084', 'NDCG@10': '0.0048', 'HIT@20': '0.0106', 'NDCG@20': '0.0053'}
{'Epoch': 63, 'name': 'all', 'HIT@5': '0.0262', 'NDCG@5': '0.0164', 'HIT@10': '0.0415', 'NDCG@10': '0.0214', 'HIT@20': '0.0639', 'NDCG@20': '0.0270'}
Validation score increased.  Saving model ...
rec dataset length: 186
100%|██████████████████████████████████████████████████████████████████████████████████████████████████████████████████████████████████████████████████| 186/186 [00:47<00:00,  3.94it/s]
{'epoch': 64, 'rec_avg_loss': '0.4293', 'joint_avg_loss': '0.5151', 'cl_avg_loss': '0.8585', 'itemcl_loss': '0.0000', 'cl_pair_0_loss': '0.8585'}
Recommendation EP_test:64: 100%|| 35/35 [00:08<00:00,  4.25it/s]
{'Epoch': 64, 'name': 'high_freq', 'HIT@5': '0.0341', 'NDCG@5': '0.0219', 'HIT@10': '0.0558', 'NDCG@10': '0.0289', 'HIT@20': '0.0883', 'NDCG@20': '0.0371'}
{'Epoch': 64, 'name': 'mid_freq', 'HIT@5': '0.0068', 'NDCG@5': '0.0045', 'HIT@10': '0.0102', 'NDCG@10': '0.0056', 'HIT@20': '0.0161', 'NDCG@20': '0.0071'}
{'Epoch': 64, 'name': 'low_freq', 'HIT@5': '0.0057', 'NDCG@5': '0.0037', 'HIT@10': '0.0079', 'NDCG@10': '0.0044', 'HIT@20': '0.0097', 'NDCG@20': '0.0049'}
{'Epoch': 64, 'name': 'all', 'HIT@5': '0.0252', 'NDCG@5': '0.0163', 'HIT@10': '0.0410', 'NDCG@10': '0.0213', 'HIT@20': '0.0644', 'NDCG@20': '0.0272'}
Validation score increased.  Saving model ...
rec dataset length: 186
100%|██████████████████████████████████████████████████████████████████████████████████████████████████████████████████████████████████████████████████| 186/186 [00:47<00:00,  3.94it/s]
{'epoch': 65, 'rec_avg_loss': '0.4287', 'joint_avg_loss': '0.5144', 'cl_avg_loss': '0.8574', 'itemcl_loss': '0.0000', 'cl_pair_0_loss': '0.8574'}
Recommendation EP_test:65: 100%|| 35/35 [00:08<00:00,  4.27it/s]
{'Epoch': 65, 'name': 'high_freq', 'HIT@5': '0.0346', 'NDCG@5': '0.0219', 'HIT@10': '0.0561', 'NDCG@10': '0.0288', 'HIT@20': '0.0879', 'NDCG@20': '0.0368'}
{'Epoch': 65, 'name': 'mid_freq', 'HIT@5': '0.0059', 'NDCG@5': '0.0039', 'HIT@10': '0.0098', 'NDCG@10': '0.0051', 'HIT@20': '0.0161', 'NDCG@20': '0.0067'}
{'Epoch': 65, 'name': 'low_freq', 'HIT@5': '0.0059', 'NDCG@5': '0.0038', 'HIT@10': '0.0084', 'NDCG@10': '0.0046', 'HIT@20': '0.0100', 'NDCG@20': '0.0050'}
{'Epoch': 65, 'name': 'all', 'HIT@5': '0.0254', 'NDCG@5': '0.0161', 'HIT@10': '0.0411', 'NDCG@10': '0.0211', 'HIT@20': '0.0642', 'NDCG@20': '0.0270'}
EarlyStopping counter: 1 out of 40
rec dataset length: 186
100%|██████████████████████████████████████████████████████████████████████████████████████████████████████████████████████████████████████████████████| 186/186 [00:47<00:00,  3.93it/s]
{'epoch': 66, 'rec_avg_loss': '0.4301', 'joint_avg_loss': '0.5161', 'cl_avg_loss': '0.8602', 'itemcl_loss': '0.0000', 'cl_pair_0_loss': '0.8602'}
Recommendation EP_test:66: 100%|| 35/35 [00:08<00:00,  4.24it/s]
{'Epoch': 66, 'name': 'high_freq', 'HIT@5': '0.0349', 'NDCG@5': '0.0220', 'HIT@10': '0.0569', 'NDCG@10': '0.0290', 'HIT@20': '0.0885', 'NDCG@20': '0.0370'}
{'Epoch': 66, 'name': 'mid_freq', 'HIT@5': '0.0065', 'NDCG@5': '0.0044', 'HIT@10': '0.0108', 'NDCG@10': '0.0058', 'HIT@20': '0.0154', 'NDCG@20': '0.0069'}
{'Epoch': 66, 'name': 'low_freq', 'HIT@5': '0.0050', 'NDCG@5': '0.0032', 'HIT@10': '0.0079', 'NDCG@10': '0.0042', 'HIT@20': '0.0097', 'NDCG@20': '0.0046'}
{'Epoch': 66, 'name': 'all', 'HIT@5': '0.0256', 'NDCG@5': '0.0162', 'HIT@10': '0.0418', 'NDCG@10': '0.0214', 'HIT@20': '0.0644', 'NDCG@20': '0.0271'}
EarlyStopping counter: 2 out of 40
rec dataset length: 186
100%|██████████████████████████████████████████████████████████████████████████████████████████████████████████████████████████████████████████████████| 186/186 [00:47<00:00,  3.93it/s]
{'epoch': 67, 'rec_avg_loss': '0.4232', 'joint_avg_loss': '0.5078', 'cl_avg_loss': '0.8464', 'itemcl_loss': '0.0000', 'cl_pair_0_loss': '0.8464'}
Recommendation EP_test:67: 100%|| 35/35 [00:08<00:00,  4.19it/s]
{'Epoch': 67, 'name': 'high_freq', 'HIT@5': '0.0360', 'NDCG@5': '0.0225', 'HIT@10': '0.0579', 'NDCG@10': '0.0295', 'HIT@20': '0.0871', 'NDCG@20': '0.0369'}
{'Epoch': 67, 'name': 'mid_freq', 'HIT@5': '0.0073', 'NDCG@5': '0.0046', 'HIT@10': '0.0109', 'NDCG@10': '0.0057', 'HIT@20': '0.0159', 'NDCG@20': '0.0070'}
{'Epoch': 67, 'name': 'low_freq', 'HIT@5': '0.0041', 'NDCG@5': '0.0026', 'HIT@10': '0.0077', 'NDCG@10': '0.0038', 'HIT@20': '0.0095', 'NDCG@20': '0.0043'}
{'Epoch': 67, 'name': 'all', 'HIT@5': '0.0264', 'NDCG@5': '0.0165', 'HIT@10': '0.0425', 'NDCG@10': '0.0217', 'HIT@20': '0.0636', 'NDCG@20': '0.0270'}
EarlyStopping counter: 3 out of 40
rec dataset length: 186
100%|██████████████████████████████████████████████████████████████████████████████████████████████████████████████████████████████████████████████████| 186/186 [00:47<00:00,  3.92it/s]
{'epoch': 68, 'rec_avg_loss': '0.4283', 'joint_avg_loss': '0.5139', 'cl_avg_loss': '0.8565', 'itemcl_loss': '0.0000', 'cl_pair_0_loss': '0.8565'}
Recommendation EP_test:68: 100%|| 35/35 [00:08<00:00,  4.23it/s]
{'Epoch': 68, 'name': 'high_freq', 'HIT@5': '0.0345', 'NDCG@5': '0.0213', 'HIT@10': '0.0555', 'NDCG@10': '0.0280', 'HIT@20': '0.0857', 'NDCG@20': '0.0356'}
{'Epoch': 68, 'name': 'mid_freq', 'HIT@5': '0.0078', 'NDCG@5': '0.0054', 'HIT@10': '0.0109', 'NDCG@10': '0.0064', 'HIT@20': '0.0164', 'NDCG@20': '0.0078'}
{'Epoch': 68, 'name': 'low_freq', 'HIT@5': '0.0061', 'NDCG@5': '0.0038', 'HIT@10': '0.0081', 'NDCG@10': '0.0044', 'HIT@20': '0.0100', 'NDCG@20': '0.0049'}
{'Epoch': 68, 'name': 'all', 'HIT@5': '0.0258', 'NDCG@5': '0.0160', 'HIT@10': '0.0409', 'NDCG@10': '0.0209', 'HIT@20': '0.0627', 'NDCG@20': '0.0264'}
EarlyStopping counter: 4 out of 40
rec dataset length: 186
100%|██████████████████████████████████████████████████████████████████████████████████████████████████████████████████████████████████████████████████| 186/186 [00:47<00:00,  3.92it/s]
{'epoch': 69, 'rec_avg_loss': '0.4236', 'joint_avg_loss': '0.5084', 'cl_avg_loss': '0.8473', 'itemcl_loss': '0.0000', 'cl_pair_0_loss': '0.8473'}
Recommendation EP_test:69: 100%|| 35/35 [00:08<00:00,  4.25it/s]
{'Epoch': 69, 'name': 'high_freq', 'HIT@5': '0.0344', 'NDCG@5': '0.0219', 'HIT@10': '0.0562', 'NDCG@10': '0.0289', 'HIT@20': '0.0861', 'NDCG@20': '0.0364'}
{'Epoch': 69, 'name': 'mid_freq', 'HIT@5': '0.0070', 'NDCG@5': '0.0049', 'HIT@10': '0.0116', 'NDCG@10': '0.0064', 'HIT@20': '0.0168', 'NDCG@20': '0.0077'}
{'Epoch': 69, 'name': 'low_freq', 'HIT@5': '0.0059', 'NDCG@5': '0.0035', 'HIT@10': '0.0084', 'NDCG@10': '0.0043', 'HIT@20': '0.0100', 'NDCG@20': '0.0047'}
{'Epoch': 69, 'name': 'all', 'HIT@5': '0.0255', 'NDCG@5': '0.0163', 'HIT@10': '0.0415', 'NDCG@10': '0.0214', 'HIT@20': '0.0631', 'NDCG@20': '0.0269'}
EarlyStopping counter: 5 out of 40
rec dataset length: 186
100%|██████████████████████████████████████████████████████████████████████████████████████████████████████████████████████████████████████████████████| 186/186 [00:47<00:00,  3.94it/s]
{'epoch': 70, 'rec_avg_loss': '0.4244', 'joint_avg_loss': '0.5093', 'cl_avg_loss': '0.8488', 'itemcl_loss': '0.0000', 'cl_pair_0_loss': '0.8488'}
Recommendation EP_test:70: 100%|| 35/35 [00:08<00:00,  4.26it/s]
{'Epoch': 70, 'name': 'high_freq', 'HIT@5': '0.0355', 'NDCG@5': '0.0225', 'HIT@10': '0.0568', 'NDCG@10': '0.0293', 'HIT@20': '0.0893', 'NDCG@20': '0.0374'}
{'Epoch': 70, 'name': 'mid_freq', 'HIT@5': '0.0070', 'NDCG@5': '0.0047', 'HIT@10': '0.0111', 'NDCG@10': '0.0060', 'HIT@20': '0.0164', 'NDCG@20': '0.0074'}
{'Epoch': 70, 'name': 'low_freq', 'HIT@5': '0.0059', 'NDCG@5': '0.0032', 'HIT@10': '0.0081', 'NDCG@10': '0.0039', 'HIT@20': '0.0109', 'NDCG@20': '0.0046'}
{'Epoch': 70, 'name': 'all', 'HIT@5': '0.0263', 'NDCG@5': '0.0166', 'HIT@10': '0.0418', 'NDCG@10': '0.0216', 'HIT@20': '0.0653', 'NDCG@20': '0.0275'}
Validation score increased.  Saving model ...
rec dataset length: 186
100%|██████████████████████████████████████████████████████████████████████████████████████████████████████████████████████████████████████████████████| 186/186 [00:47<00:00,  3.95it/s]
{'epoch': 71, 'rec_avg_loss': '0.4233', 'joint_avg_loss': '0.5080', 'cl_avg_loss': '0.8467', 'itemcl_loss': '0.0000', 'cl_pair_0_loss': '0.8467'}
Recommendation EP_test:71: 100%|| 35/35 [00:08<00:00,  4.27it/s]
{'Epoch': 71, 'name': 'high_freq', 'HIT@5': '0.0350', 'NDCG@5': '0.0226', 'HIT@10': '0.0566', 'NDCG@10': '0.0295', 'HIT@20': '0.0868', 'NDCG@20': '0.0371'}
{'Epoch': 71, 'name': 'mid_freq', 'HIT@5': '0.0073', 'NDCG@5': '0.0053', 'HIT@10': '0.0108', 'NDCG@10': '0.0064', 'HIT@20': '0.0172', 'NDCG@20': '0.0080'}
{'Epoch': 71, 'name': 'low_freq', 'HIT@5': '0.0050', 'NDCG@5': '0.0030', 'HIT@10': '0.0070', 'NDCG@10': '0.0037', 'HIT@20': '0.0104', 'NDCG@20': '0.0045'}
{'Epoch': 71, 'name': 'all', 'HIT@5': '0.0259', 'NDCG@5': '0.0168', 'HIT@10': '0.0415', 'NDCG@10': '0.0218', 'HIT@20': '0.0637', 'NDCG@20': '0.0273'}
EarlyStopping counter: 1 out of 40
rec dataset length: 186
100%|██████████████████████████████████████████████████████████████████████████████████████████████████████████████████████████████████████████████████| 186/186 [00:47<00:00,  3.93it/s]
{'epoch': 72, 'rec_avg_loss': '0.4202', 'joint_avg_loss': '0.5043', 'cl_avg_loss': '0.8405', 'itemcl_loss': '0.0000', 'cl_pair_0_loss': '0.8405'}
Recommendation EP_test:72: 100%|| 35/35 [00:08<00:00,  4.32it/s]
{'Epoch': 72, 'name': 'high_freq', 'HIT@5': '0.0346', 'NDCG@5': '0.0228', 'HIT@10': '0.0564', 'NDCG@10': '0.0298', 'HIT@20': '0.0861', 'NDCG@20': '0.0373'}
{'Epoch': 72, 'name': 'mid_freq', 'HIT@5': '0.0072', 'NDCG@5': '0.0050', 'HIT@10': '0.0112', 'NDCG@10': '0.0063', 'HIT@20': '0.0171', 'NDCG@20': '0.0078'}
{'Epoch': 72, 'name': 'low_freq', 'HIT@5': '0.0054', 'NDCG@5': '0.0035', 'HIT@10': '0.0081', 'NDCG@10': '0.0044', 'HIT@20': '0.0106', 'NDCG@20': '0.0051'}
{'Epoch': 72, 'name': 'all', 'HIT@5': '0.0256', 'NDCG@5': '0.0169', 'HIT@10': '0.0415', 'NDCG@10': '0.0221', 'HIT@20': '0.0633', 'NDCG@20': '0.0275'}
Validation score increased.  Saving model ...
rec dataset length: 186
100%|██████████████████████████████████████████████████████████████████████████████████████████████████████████████████████████████████████████████████| 186/186 [00:47<00:00,  3.93it/s]
{'epoch': 73, 'rec_avg_loss': '0.4191', 'joint_avg_loss': '0.5030', 'cl_avg_loss': '0.8383', 'itemcl_loss': '0.0000', 'cl_pair_0_loss': '0.8383'}
Recommendation EP_test:73: 100%|| 35/35 [00:08<00:00,  4.28it/s]
{'Epoch': 73, 'name': 'high_freq', 'HIT@5': '0.0341', 'NDCG@5': '0.0220', 'HIT@10': '0.0564', 'NDCG@10': '0.0291', 'HIT@20': '0.0884', 'NDCG@20': '0.0371'}
{'Epoch': 73, 'name': 'mid_freq', 'HIT@5': '0.0073', 'NDCG@5': '0.0052', 'HIT@10': '0.0116', 'NDCG@10': '0.0065', 'HIT@20': '0.0172', 'NDCG@20': '0.0080'}
{'Epoch': 73, 'name': 'low_freq', 'HIT@5': '0.0061', 'NDCG@5': '0.0040', 'HIT@10': '0.0093', 'NDCG@10': '0.0050', 'HIT@20': '0.0113', 'NDCG@20': '0.0055'}
{'Epoch': 73, 'name': 'all', 'HIT@5': '0.0254', 'NDCG@5': '0.0164', 'HIT@10': '0.0418', 'NDCG@10': '0.0217', 'HIT@20': '0.0649', 'NDCG@20': '0.0275'}
EarlyStopping counter: 1 out of 40
rec dataset length: 186
100%|██████████████████████████████████████████████████████████████████████████████████████████████████████████████████████████████████████████████████| 186/186 [00:47<00:00,  3.90it/s]
{'epoch': 74, 'rec_avg_loss': '0.4210', 'joint_avg_loss': '0.5052', 'cl_avg_loss': '0.8421', 'itemcl_loss': '0.0000', 'cl_pair_0_loss': '0.8421'}
Recommendation EP_test:74: 100%|| 35/35 [00:08<00:00,  4.22it/s]
{'Epoch': 74, 'name': 'high_freq', 'HIT@5': '0.0354', 'NDCG@5': '0.0229', 'HIT@10': '0.0567', 'NDCG@10': '0.0297', 'HIT@20': '0.0882', 'NDCG@20': '0.0376'}
{'Epoch': 74, 'name': 'mid_freq', 'HIT@5': '0.0085', 'NDCG@5': '0.0056', 'HIT@10': '0.0124', 'NDCG@10': '0.0068', 'HIT@20': '0.0175', 'NDCG@20': '0.0082'}
{'Epoch': 74, 'name': 'low_freq', 'HIT@5': '0.0061', 'NDCG@5': '0.0039', 'HIT@10': '0.0077', 'NDCG@10': '0.0045', 'HIT@20': '0.0104', 'NDCG@20': '0.0052'}
{'Epoch': 74, 'name': 'all', 'HIT@5': '0.0265', 'NDCG@5': '0.0172', 'HIT@10': '0.0419', 'NDCG@10': '0.0221', 'HIT@20': '0.0648', 'NDCG@20': '0.0278'}
Validation score increased.  Saving model ...
rec dataset length: 186
100%|██████████████████████████████████████████████████████████████████████████████████████████████████████████████████████████████████████████████████| 186/186 [00:47<00:00,  3.92it/s]
{'epoch': 75, 'rec_avg_loss': '0.4147', 'joint_avg_loss': '0.4976', 'cl_avg_loss': '0.8294', 'itemcl_loss': '0.0000', 'cl_pair_0_loss': '0.8294'}
Recommendation EP_test:75: 100%|| 35/35 [00:08<00:00,  4.31it/s]
{'Epoch': 75, 'name': 'high_freq', 'HIT@5': '0.0344', 'NDCG@5': '0.0222', 'HIT@10': '0.0566', 'NDCG@10': '0.0294', 'HIT@20': '0.0855', 'NDCG@20': '0.0367'}
{'Epoch': 75, 'name': 'mid_freq', 'HIT@5': '0.0079', 'NDCG@5': '0.0052', 'HIT@10': '0.0121', 'NDCG@10': '0.0065', 'HIT@20': '0.0165', 'NDCG@20': '0.0076'}
{'Epoch': 75, 'name': 'low_freq', 'HIT@5': '0.0057', 'NDCG@5': '0.0038', 'HIT@10': '0.0086', 'NDCG@10': '0.0048', 'HIT@20': '0.0118', 'NDCG@20': '0.0056'}
{'Epoch': 75, 'name': 'all', 'HIT@5': '0.0256', 'NDCG@5': '0.0166', 'HIT@10': '0.0419', 'NDCG@10': '0.0219', 'HIT@20': '0.0628', 'NDCG@20': '0.0271'}
EarlyStopping counter: 1 out of 40
rec dataset length: 186
100%|██████████████████████████████████████████████████████████████████████████████████████████████████████████████████████████████████████████████████| 186/186 [00:47<00:00,  3.92it/s]
{'epoch': 76, 'rec_avg_loss': '0.4164', 'joint_avg_loss': '0.4997', 'cl_avg_loss': '0.8328', 'itemcl_loss': '0.0000', 'cl_pair_0_loss': '0.8328'}
Recommendation EP_test:76: 100%|| 35/35 [00:08<00:00,  4.24it/s]
{'Epoch': 76, 'name': 'high_freq', 'HIT@5': '0.0361', 'NDCG@5': '0.0230', 'HIT@10': '0.0576', 'NDCG@10': '0.0300', 'HIT@20': '0.0880', 'NDCG@20': '0.0376'}
{'Epoch': 76, 'name': 'mid_freq', 'HIT@5': '0.0072', 'NDCG@5': '0.0047', 'HIT@10': '0.0106', 'NDCG@10': '0.0059', 'HIT@20': '0.0178', 'NDCG@20': '0.0076'}
{'Epoch': 76, 'name': 'low_freq', 'HIT@5': '0.0059', 'NDCG@5': '0.0039', 'HIT@10': '0.0075', 'NDCG@10': '0.0044', 'HIT@20': '0.0111', 'NDCG@20': '0.0053'}
{'Epoch': 76, 'name': 'all', 'HIT@5': '0.0267', 'NDCG@5': '0.0171', 'HIT@10': '0.0422', 'NDCG@10': '0.0221', 'HIT@20': '0.0647', 'NDCG@20': '0.0277'}
EarlyStopping counter: 2 out of 40
rec dataset length: 186
100%|██████████████████████████████████████████████████████████████████████████████████████████████████████████████████████████████████████████████████| 186/186 [00:47<00:00,  3.94it/s]
{'epoch': 77, 'rec_avg_loss': '0.4137', 'joint_avg_loss': '0.4964', 'cl_avg_loss': '0.8274', 'itemcl_loss': '0.0000', 'cl_pair_0_loss': '0.8274'}
Recommendation EP_test:77: 100%|| 35/35 [00:07<00:00,  4.39it/s]
{'Epoch': 77, 'name': 'high_freq', 'HIT@5': '0.0367', 'NDCG@5': '0.0232', 'HIT@10': '0.0572', 'NDCG@10': '0.0298', 'HIT@20': '0.0892', 'NDCG@20': '0.0378'}
{'Epoch': 77, 'name': 'mid_freq', 'HIT@5': '0.0082', 'NDCG@5': '0.0054', 'HIT@10': '0.0125', 'NDCG@10': '0.0068', 'HIT@20': '0.0187', 'NDCG@20': '0.0083'}
{'Epoch': 77, 'name': 'low_freq', 'HIT@5': '0.0072', 'NDCG@5': '0.0048', 'HIT@10': '0.0084', 'NDCG@10': '0.0052', 'HIT@20': '0.0124', 'NDCG@20': '0.0062'}
{'Epoch': 77, 'name': 'all', 'HIT@5': '0.0274', 'NDCG@5': '0.0174', 'HIT@10': '0.0424', 'NDCG@10': '0.0223', 'HIT@20': '0.0658', 'NDCG@20': '0.0281'}
Validation score increased.  Saving model ...
rec dataset length: 186
100%|██████████████████████████████████████████████████████████████████████████████████████████████████████████████████████████████████████████████████| 186/186 [00:47<00:00,  3.92it/s]
{'epoch': 78, 'rec_avg_loss': '0.4146', 'joint_avg_loss': '0.4975', 'cl_avg_loss': '0.8292', 'itemcl_loss': '0.0000', 'cl_pair_0_loss': '0.8292'}
Recommendation EP_test:78: 100%|| 35/35 [00:07<00:00,  4.42it/s]
{'Epoch': 78, 'name': 'high_freq', 'HIT@5': '0.0339', 'NDCG@5': '0.0222', 'HIT@10': '0.0551', 'NDCG@10': '0.0290', 'HIT@20': '0.0868', 'NDCG@20': '0.0369'}
{'Epoch': 78, 'name': 'mid_freq', 'HIT@5': '0.0089', 'NDCG@5': '0.0062', 'HIT@10': '0.0135', 'NDCG@10': '0.0077', 'HIT@20': '0.0184', 'NDCG@20': '0.0089'}
{'Epoch': 78, 'name': 'low_freq', 'HIT@5': '0.0057', 'NDCG@5': '0.0033', 'HIT@10': '0.0081', 'NDCG@10': '0.0040', 'HIT@20': '0.0111', 'NDCG@20': '0.0048'}
{'Epoch': 78, 'name': 'all', 'HIT@5': '0.0255', 'NDCG@5': '0.0167', 'HIT@10': '0.0412', 'NDCG@10': '0.0217', 'HIT@20': '0.0640', 'NDCG@20': '0.0275'}
EarlyStopping counter: 1 out of 40
rec dataset length: 186
100%|██████████████████████████████████████████████████████████████████████████████████████████████████████████████████████████████████████████████████| 186/186 [00:47<00:00,  3.91it/s]
{'epoch': 79, 'rec_avg_loss': '0.4147', 'joint_avg_loss': '0.4977', 'cl_avg_loss': '0.8295', 'itemcl_loss': '0.0000', 'cl_pair_0_loss': '0.8295'}
Recommendation EP_test:79: 100%|| 35/35 [00:07<00:00,  4.40it/s]
{'Epoch': 79, 'name': 'high_freq', 'HIT@5': '0.0342', 'NDCG@5': '0.0221', 'HIT@10': '0.0556', 'NDCG@10': '0.0289', 'HIT@20': '0.0864', 'NDCG@20': '0.0367'}
{'Epoch': 79, 'name': 'mid_freq', 'HIT@5': '0.0090', 'NDCG@5': '0.0059', 'HIT@10': '0.0122', 'NDCG@10': '0.0069', 'HIT@20': '0.0180', 'NDCG@20': '0.0083'}
{'Epoch': 79, 'name': 'low_freq', 'HIT@5': '0.0054', 'NDCG@5': '0.0032', 'HIT@10': '0.0086', 'NDCG@10': '0.0043', 'HIT@20': '0.0113', 'NDCG@20': '0.0049'}
{'Epoch': 79, 'name': 'all', 'HIT@5': '0.0257', 'NDCG@5': '0.0166', 'HIT@10': '0.0413', 'NDCG@10': '0.0216', 'HIT@20': '0.0637', 'NDCG@20': '0.0272'}
EarlyStopping counter: 2 out of 40
rec dataset length: 186
100%|██████████████████████████████████████████████████████████████████████████████████████████████████████████████████████████████████████████████████| 186/186 [00:47<00:00,  3.93it/s]
{'epoch': 80, 'rec_avg_loss': '0.4143', 'joint_avg_loss': '0.4972', 'cl_avg_loss': '0.8287', 'itemcl_loss': '0.0000', 'cl_pair_0_loss': '0.8287'}
Recommendation EP_test:80: 100%|| 35/35 [00:07<00:00,  4.42it/s]
{'Epoch': 80, 'name': 'high_freq', 'HIT@5': '0.0346', 'NDCG@5': '0.0225', 'HIT@10': '0.0554', 'NDCG@10': '0.0292', 'HIT@20': '0.0866', 'NDCG@20': '0.0370'}
{'Epoch': 80, 'name': 'mid_freq', 'HIT@5': '0.0078', 'NDCG@5': '0.0056', 'HIT@10': '0.0126', 'NDCG@10': '0.0072', 'HIT@20': '0.0177', 'NDCG@20': '0.0084'}
{'Epoch': 80, 'name': 'low_freq', 'HIT@5': '0.0061', 'NDCG@5': '0.0040', 'HIT@10': '0.0086', 'NDCG@10': '0.0048', 'HIT@20': '0.0109', 'NDCG@20': '0.0054'}
{'Epoch': 80, 'name': 'all', 'HIT@5': '0.0258', 'NDCG@5': '0.0169', 'HIT@10': '0.0412', 'NDCG@10': '0.0219', 'HIT@20': '0.0637', 'NDCG@20': '0.0275'}
EarlyStopping counter: 3 out of 40
rec dataset length: 186
100%|██████████████████████████████████████████████████████████████████████████████████████████████████████████████████████████████████████████████████| 186/186 [00:47<00:00,  3.92it/s]
{'epoch': 81, 'rec_avg_loss': '0.4105', 'joint_avg_loss': '0.4926', 'cl_avg_loss': '0.8210', 'itemcl_loss': '0.0000', 'cl_pair_0_loss': '0.8210'}
Recommendation EP_test:81: 100%|| 35/35 [00:08<00:00,  4.35it/s]
{'Epoch': 81, 'name': 'high_freq', 'HIT@5': '0.0351', 'NDCG@5': '0.0227', 'HIT@10': '0.0560', 'NDCG@10': '0.0294', 'HIT@20': '0.0874', 'NDCG@20': '0.0373'}
{'Epoch': 81, 'name': 'mid_freq', 'HIT@5': '0.0083', 'NDCG@5': '0.0055', 'HIT@10': '0.0126', 'NDCG@10': '0.0069', 'HIT@20': '0.0180', 'NDCG@20': '0.0082'}
{'Epoch': 81, 'name': 'low_freq', 'HIT@5': '0.0068', 'NDCG@5': '0.0043', 'HIT@10': '0.0086', 'NDCG@10': '0.0049', 'HIT@20': '0.0124', 'NDCG@20': '0.0058'}
{'Epoch': 81, 'name': 'all', 'HIT@5': '0.0263', 'NDCG@5': '0.0170', 'HIT@10': '0.0417', 'NDCG@10': '0.0219', 'HIT@20': '0.0645', 'NDCG@20': '0.0277'}
EarlyStopping counter: 4 out of 40
rec dataset length: 186
100%|██████████████████████████████████████████████████████████████████████████████████████████████████████████████████████████████████████████████████| 186/186 [00:47<00:00,  3.93it/s]
{'epoch': 82, 'rec_avg_loss': '0.4100', 'joint_avg_loss': '0.4920', 'cl_avg_loss': '0.8200', 'itemcl_loss': '0.0000', 'cl_pair_0_loss': '0.8200'}
Recommendation EP_test:82: 100%|| 35/35 [00:08<00:00,  4.34it/s]
{'Epoch': 82, 'name': 'high_freq', 'HIT@5': '0.0357', 'NDCG@5': '0.0230', 'HIT@10': '0.0579', 'NDCG@10': '0.0301', 'HIT@20': '0.0878', 'NDCG@20': '0.0376'}
{'Epoch': 82, 'name': 'mid_freq', 'HIT@5': '0.0086', 'NDCG@5': '0.0056', 'HIT@10': '0.0129', 'NDCG@10': '0.0070', 'HIT@20': '0.0177', 'NDCG@20': '0.0082'}
{'Epoch': 82, 'name': 'low_freq', 'HIT@5': '0.0070', 'NDCG@5': '0.0045', 'HIT@10': '0.0100', 'NDCG@10': '0.0054', 'HIT@20': '0.0124', 'NDCG@20': '0.0061'}
{'Epoch': 82, 'name': 'all', 'HIT@5': '0.0269', 'NDCG@5': '0.0173', 'HIT@10': '0.0432', 'NDCG@10': '0.0225', 'HIT@20': '0.0647', 'NDCG@20': '0.0279'}
EarlyStopping counter: 5 out of 40
rec dataset length: 186
100%|██████████████████████████████████████████████████████████████████████████████████████████████████████████████████████████████████████████████████| 186/186 [00:47<00:00,  3.93it/s]
{'epoch': 83, 'rec_avg_loss': '0.4084', 'joint_avg_loss': '0.4901', 'cl_avg_loss': '0.8168', 'itemcl_loss': '0.0000', 'cl_pair_0_loss': '0.8168'}
Recommendation EP_test:83: 100%|| 35/35 [00:07<00:00,  4.40it/s]
{'Epoch': 83, 'name': 'high_freq', 'HIT@5': '0.0348', 'NDCG@5': '0.0226', 'HIT@10': '0.0560', 'NDCG@10': '0.0294', 'HIT@20': '0.0880', 'NDCG@20': '0.0374'}
{'Epoch': 83, 'name': 'mid_freq', 'HIT@5': '0.0083', 'NDCG@5': '0.0055', 'HIT@10': '0.0131', 'NDCG@10': '0.0070', 'HIT@20': '0.0188', 'NDCG@20': '0.0084'}
{'Epoch': 83, 'name': 'low_freq', 'HIT@5': '0.0061', 'NDCG@5': '0.0038', 'HIT@10': '0.0100', 'NDCG@10': '0.0050', 'HIT@20': '0.0118', 'NDCG@20': '0.0055'}
{'Epoch': 83, 'name': 'all', 'HIT@5': '0.0260', 'NDCG@5': '0.0169', 'HIT@10': '0.0419', 'NDCG@10': '0.0220', 'HIT@20': '0.0650', 'NDCG@20': '0.0278'}
EarlyStopping counter: 6 out of 40
rec dataset length: 186
100%|██████████████████████████████████████████████████████████████████████████████████████████████████████████████████████████████████████████████████| 186/186 [00:47<00:00,  3.93it/s]
{'epoch': 84, 'rec_avg_loss': '0.4082', 'joint_avg_loss': '0.4898', 'cl_avg_loss': '0.8163', 'itemcl_loss': '0.0000', 'cl_pair_0_loss': '0.8163'}
Recommendation EP_test:84: 100%|| 35/35 [00:08<00:00,  4.37it/s]
{'Epoch': 84, 'name': 'high_freq', 'HIT@5': '0.0353', 'NDCG@5': '0.0226', 'HIT@10': '0.0564', 'NDCG@10': '0.0293', 'HIT@20': '0.0880', 'NDCG@20': '0.0373'}
{'Epoch': 84, 'name': 'mid_freq', 'HIT@5': '0.0079', 'NDCG@5': '0.0055', 'HIT@10': '0.0126', 'NDCG@10': '0.0070', 'HIT@20': '0.0174', 'NDCG@20': '0.0082'}
{'Epoch': 84, 'name': 'low_freq', 'HIT@5': '0.0061', 'NDCG@5': '0.0038', 'HIT@10': '0.0075', 'NDCG@10': '0.0043', 'HIT@20': '0.0109', 'NDCG@20': '0.0051'}
{'Epoch': 84, 'name': 'all', 'HIT@5': '0.0263', 'NDCG@5': '0.0169', 'HIT@10': '0.0417', 'NDCG@10': '0.0219', 'HIT@20': '0.0646', 'NDCG@20': '0.0276'}
EarlyStopping counter: 7 out of 40
rec dataset length: 186
100%|██████████████████████████████████████████████████████████████████████████████████████████████████████████████████████████████████████████████████| 186/186 [00:47<00:00,  3.93it/s]
{'epoch': 85, 'rec_avg_loss': '0.4098', 'joint_avg_loss': '0.4918', 'cl_avg_loss': '0.8196', 'itemcl_loss': '0.0000', 'cl_pair_0_loss': '0.8196'}
Recommendation EP_test:85: 100%|| 35/35 [00:08<00:00,  4.22it/s]
{'Epoch': 85, 'name': 'high_freq', 'HIT@5': '0.0346', 'NDCG@5': '0.0221', 'HIT@10': '0.0564', 'NDCG@10': '0.0292', 'HIT@20': '0.0864', 'NDCG@20': '0.0367'}
{'Epoch': 85, 'name': 'mid_freq', 'HIT@5': '0.0086', 'NDCG@5': '0.0055', 'HIT@10': '0.0118', 'NDCG@10': '0.0066', 'HIT@20': '0.0180', 'NDCG@20': '0.0081'}
{'Epoch': 85, 'name': 'low_freq', 'HIT@5': '0.0063', 'NDCG@5': '0.0043', 'HIT@10': '0.0072', 'NDCG@10': '0.0046', 'HIT@20': '0.0111', 'NDCG@20': '0.0055'}
{'Epoch': 85, 'name': 'all', 'HIT@5': '0.0260', 'NDCG@5': '0.0167', 'HIT@10': '0.0416', 'NDCG@10': '0.0217', 'HIT@20': '0.0637', 'NDCG@20': '0.0272'}
EarlyStopping counter: 8 out of 40
rec dataset length: 186
100%|██████████████████████████████████████████████████████████████████████████████████████████████████████████████████████████████████████████████████| 186/186 [00:47<00:00,  3.94it/s]
{'epoch': 86, 'rec_avg_loss': '0.4088', 'joint_avg_loss': '0.4906', 'cl_avg_loss': '0.8176', 'itemcl_loss': '0.0000', 'cl_pair_0_loss': '0.8176'}
Recommendation EP_test:86: 100%|| 35/35 [00:08<00:00,  4.31it/s]
{'Epoch': 86, 'name': 'high_freq', 'HIT@5': '0.0334', 'NDCG@5': '0.0215', 'HIT@10': '0.0555', 'NDCG@10': '0.0286', 'HIT@20': '0.0865', 'NDCG@20': '0.0365'}
{'Epoch': 86, 'name': 'mid_freq', 'HIT@5': '0.0092', 'NDCG@5': '0.0062', 'HIT@10': '0.0125', 'NDCG@10': '0.0073', 'HIT@20': '0.0178', 'NDCG@20': '0.0087'}
{'Epoch': 86, 'name': 'low_freq', 'HIT@5': '0.0057', 'NDCG@5': '0.0037', 'HIT@10': '0.0070', 'NDCG@10': '0.0041', 'HIT@20': '0.0106', 'NDCG@20': '0.0051'}
{'Epoch': 86, 'name': 'all', 'HIT@5': '0.0252', 'NDCG@5': '0.0163', 'HIT@10': '0.0411', 'NDCG@10': '0.0214', 'HIT@20': '0.0637', 'NDCG@20': '0.0271'}
EarlyStopping counter: 9 out of 40
rec dataset length: 186
100%|██████████████████████████████████████████████████████████████████████████████████████████████████████████████████████████████████████████████████| 186/186 [00:47<00:00,  3.90it/s]
{'epoch': 87, 'rec_avg_loss': '0.4090', 'joint_avg_loss': '0.4907', 'cl_avg_loss': '0.8179', 'itemcl_loss': '0.0000', 'cl_pair_0_loss': '0.8179'}
Recommendation EP_test:87: 100%|| 35/35 [00:08<00:00,  4.26it/s]
{'Epoch': 87, 'name': 'high_freq', 'HIT@5': '0.0331', 'NDCG@5': '0.0214', 'HIT@10': '0.0557', 'NDCG@10': '0.0286', 'HIT@20': '0.0885', 'NDCG@20': '0.0369'}
{'Epoch': 87, 'name': 'mid_freq', 'HIT@5': '0.0090', 'NDCG@5': '0.0060', 'HIT@10': '0.0124', 'NDCG@10': '0.0071', 'HIT@20': '0.0185', 'NDCG@20': '0.0086'}
{'Epoch': 87, 'name': 'low_freq', 'HIT@5': '0.0057', 'NDCG@5': '0.0040', 'HIT@10': '0.0081', 'NDCG@10': '0.0048', 'HIT@20': '0.0124', 'NDCG@20': '0.0059'}
{'Epoch': 87, 'name': 'all', 'HIT@5': '0.0250', 'NDCG@5': '0.0162', 'HIT@10': '0.0413', 'NDCG@10': '0.0215', 'HIT@20': '0.0654', 'NDCG@20': '0.0275'}
EarlyStopping counter: 10 out of 40
rec dataset length: 186
100%|██████████████████████████████████████████████████████████████████████████████████████████████████████████████████████████████████████████████████| 186/186 [00:47<00:00,  3.89it/s]
{'epoch': 88, 'rec_avg_loss': '0.4078', 'joint_avg_loss': '0.4893', 'cl_avg_loss': '0.8155', 'itemcl_loss': '0.0000', 'cl_pair_0_loss': '0.8155'}
Recommendation EP_test:88: 100%|| 35/35 [00:08<00:00,  4.34it/s]
{'Epoch': 88, 'name': 'high_freq', 'HIT@5': '0.0356', 'NDCG@5': '0.0228', 'HIT@10': '0.0564', 'NDCG@10': '0.0294', 'HIT@20': '0.0880', 'NDCG@20': '0.0373'}
{'Epoch': 88, 'name': 'mid_freq', 'HIT@5': '0.0082', 'NDCG@5': '0.0054', 'HIT@10': '0.0119', 'NDCG@10': '0.0066', 'HIT@20': '0.0174', 'NDCG@20': '0.0080'}
{'Epoch': 88, 'name': 'low_freq', 'HIT@5': '0.0059', 'NDCG@5': '0.0045', 'HIT@10': '0.0079', 'NDCG@10': '0.0052', 'HIT@20': '0.0102', 'NDCG@20': '0.0058'}
{'Epoch': 88, 'name': 'all', 'HIT@5': '0.0265', 'NDCG@5': '0.0171', 'HIT@10': '0.0417', 'NDCG@10': '0.0220', 'HIT@20': '0.0645', 'NDCG@20': '0.0277'}
EarlyStopping counter: 11 out of 40
rec dataset length: 186
100%|██████████████████████████████████████████████████████████████████████████████████████████████████████████████████████████████████████████████████| 186/186 [00:47<00:00,  3.95it/s]
{'epoch': 89, 'rec_avg_loss': '0.4048', 'joint_avg_loss': '0.4858', 'cl_avg_loss': '0.8096', 'itemcl_loss': '0.0000', 'cl_pair_0_loss': '0.8096'}
Recommendation EP_test:89: 100%|| 35/35 [00:07<00:00,  4.43it/s]
{'Epoch': 89, 'name': 'high_freq', 'HIT@5': '0.0352', 'NDCG@5': '0.0228', 'HIT@10': '0.0574', 'NDCG@10': '0.0300', 'HIT@20': '0.0877', 'NDCG@20': '0.0376'}
{'Epoch': 89, 'name': 'mid_freq', 'HIT@5': '0.0089', 'NDCG@5': '0.0061', 'HIT@10': '0.0132', 'NDCG@10': '0.0075', 'HIT@20': '0.0180', 'NDCG@20': '0.0087'}
{'Epoch': 89, 'name': 'low_freq', 'HIT@5': '0.0063', 'NDCG@5': '0.0042', 'HIT@10': '0.0091', 'NDCG@10': '0.0051', 'HIT@20': '0.0115', 'NDCG@20': '0.0057'}
{'Epoch': 89, 'name': 'all', 'HIT@5': '0.0265', 'NDCG@5': '0.0173', 'HIT@10': '0.0427', 'NDCG@10': '0.0225', 'HIT@20': '0.0646', 'NDCG@20': '0.0280'}
EarlyStopping counter: 12 out of 40
rec dataset length: 186
100%|██████████████████████████████████████████████████████████████████████████████████████████████████████████████████████████████████████████████████| 186/186 [00:47<00:00,  3.92it/s]
{'epoch': 90, 'rec_avg_loss': '0.4061', 'joint_avg_loss': '0.4873', 'cl_avg_loss': '0.8122', 'itemcl_loss': '0.0000', 'cl_pair_0_loss': '0.8122'}
Recommendation EP_test:90: 100%|| 35/35 [00:07<00:00,  4.38it/s]
{'Epoch': 90, 'name': 'high_freq', 'HIT@5': '0.0351', 'NDCG@5': '0.0227', 'HIT@10': '0.0562', 'NDCG@10': '0.0294', 'HIT@20': '0.0883', 'NDCG@20': '0.0375'}
{'Epoch': 90, 'name': 'mid_freq', 'HIT@5': '0.0088', 'NDCG@5': '0.0064', 'HIT@10': '0.0128', 'NDCG@10': '0.0076', 'HIT@20': '0.0172', 'NDCG@20': '0.0088'}
{'Epoch': 90, 'name': 'low_freq', 'HIT@5': '0.0054', 'NDCG@5': '0.0040', 'HIT@10': '0.0075', 'NDCG@10': '0.0046', 'HIT@20': '0.0104', 'NDCG@20': '0.0054'}
{'Epoch': 90, 'name': 'all', 'HIT@5': '0.0263', 'NDCG@5': '0.0172', 'HIT@10': '0.0417', 'NDCG@10': '0.0221', 'HIT@20': '0.0647', 'NDCG@20': '0.0279'}
EarlyStopping counter: 13 out of 40
rec dataset length: 186
100%|██████████████████████████████████████████████████████████████████████████████████████████████████████████████████████████████████████████████████| 186/186 [00:47<00:00,  3.92it/s]
{'epoch': 91, 'rec_avg_loss': '0.4042', 'joint_avg_loss': '0.4851', 'cl_avg_loss': '0.8084', 'itemcl_loss': '0.0000', 'cl_pair_0_loss': '0.8084'}
Recommendation EP_test:91: 100%|| 35/35 [00:07<00:00,  4.43it/s]
{'Epoch': 91, 'name': 'high_freq', 'HIT@5': '0.0359', 'NDCG@5': '0.0232', 'HIT@10': '0.0573', 'NDCG@10': '0.0300', 'HIT@20': '0.0884', 'NDCG@20': '0.0378'}
{'Epoch': 91, 'name': 'mid_freq', 'HIT@5': '0.0099', 'NDCG@5': '0.0072', 'HIT@10': '0.0134', 'NDCG@10': '0.0083', 'HIT@20': '0.0184', 'NDCG@20': '0.0096'}
{'Epoch': 91, 'name': 'low_freq', 'HIT@5': '0.0066', 'NDCG@5': '0.0044', 'HIT@10': '0.0084', 'NDCG@10': '0.0050', 'HIT@20': '0.0104', 'NDCG@20': '0.0055'}
{'Epoch': 91, 'name': 'all', 'HIT@5': '0.0272', 'NDCG@5': '0.0177', 'HIT@10': '0.0426', 'NDCG@10': '0.0227', 'HIT@20': '0.0650', 'NDCG@20': '0.0283'}
Validation score increased.  Saving model ...
rec dataset length: 186
100%|██████████████████████████████████████████████████████████████████████████████████████████████████████████████████████████████████████████████████| 186/186 [00:47<00:00,  3.93it/s]
{'epoch': 92, 'rec_avg_loss': '0.4009', 'joint_avg_loss': '0.4810', 'cl_avg_loss': '0.8017', 'itemcl_loss': '0.0000', 'cl_pair_0_loss': '0.8017'}
Recommendation EP_test:92: 100%|| 35/35 [00:08<00:00,  4.33it/s]
{'Epoch': 92, 'name': 'high_freq', 'HIT@5': '0.0352', 'NDCG@5': '0.0228', 'HIT@10': '0.0571', 'NDCG@10': '0.0297', 'HIT@20': '0.0886', 'NDCG@20': '0.0377'}
{'Epoch': 92, 'name': 'mid_freq', 'HIT@5': '0.0099', 'NDCG@5': '0.0072', 'HIT@10': '0.0125', 'NDCG@10': '0.0080', 'HIT@20': '0.0182', 'NDCG@20': '0.0095'}
{'Epoch': 92, 'name': 'low_freq', 'HIT@5': '0.0059', 'NDCG@5': '0.0041', 'HIT@10': '0.0079', 'NDCG@10': '0.0048', 'HIT@20': '0.0109', 'NDCG@20': '0.0055'}
{'Epoch': 92, 'name': 'all', 'HIT@5': '0.0266', 'NDCG@5': '0.0174', 'HIT@10': '0.0422', 'NDCG@10': '0.0224', 'HIT@20': '0.0652', 'NDCG@20': '0.0282'}
EarlyStopping counter: 1 out of 40
rec dataset length: 186
100%|██████████████████████████████████████████████████████████████████████████████████████████████████████████████████████████████████████████████████| 186/186 [00:47<00:00,  3.92it/s]
{'epoch': 93, 'rec_avg_loss': '0.3999', 'joint_avg_loss': '0.4799', 'cl_avg_loss': '0.7998', 'itemcl_loss': '0.0000', 'cl_pair_0_loss': '0.7998'}
Recommendation EP_test:93: 100%|| 35/35 [00:08<00:00,  4.25it/s]
{'Epoch': 93, 'name': 'high_freq', 'HIT@5': '0.0343', 'NDCG@5': '0.0219', 'HIT@10': '0.0562', 'NDCG@10': '0.0290', 'HIT@20': '0.0876', 'NDCG@20': '0.0369'}
{'Epoch': 93, 'name': 'mid_freq', 'HIT@5': '0.0101', 'NDCG@5': '0.0071', 'HIT@10': '0.0126', 'NDCG@10': '0.0080', 'HIT@20': '0.0167', 'NDCG@20': '0.0090'}
{'Epoch': 93, 'name': 'low_freq', 'HIT@5': '0.0057', 'NDCG@5': '0.0040', 'HIT@10': '0.0077', 'NDCG@10': '0.0046', 'HIT@20': '0.0115', 'NDCG@20': '0.0056'}
{'Epoch': 93, 'name': 'all', 'HIT@5': '0.0260', 'NDCG@5': '0.0168', 'HIT@10': '0.0416', 'NDCG@10': '0.0218', 'HIT@20': '0.0643', 'NDCG@20': '0.0275'}
EarlyStopping counter: 2 out of 40
rec dataset length: 186
100%|██████████████████████████████████████████████████████████████████████████████████████████████████████████████████████████████████████████████████| 186/186 [00:47<00:00,  3.94it/s]
{'epoch': 94, 'rec_avg_loss': '0.3988', 'joint_avg_loss': '0.4785', 'cl_avg_loss': '0.7975', 'itemcl_loss': '0.0000', 'cl_pair_0_loss': '0.7975'}
Recommendation EP_test:94: 100%|| 35/35 [00:07<00:00,  4.38it/s]
{'Epoch': 94, 'name': 'high_freq', 'HIT@5': '0.0362', 'NDCG@5': '0.0230', 'HIT@10': '0.0586', 'NDCG@10': '0.0302', 'HIT@20': '0.0899', 'NDCG@20': '0.0380'}
{'Epoch': 94, 'name': 'mid_freq', 'HIT@5': '0.0101', 'NDCG@5': '0.0067', 'HIT@10': '0.0136', 'NDCG@10': '0.0079', 'HIT@20': '0.0174', 'NDCG@20': '0.0088'}
{'Epoch': 94, 'name': 'low_freq', 'HIT@5': '0.0063', 'NDCG@5': '0.0040', 'HIT@10': '0.0088', 'NDCG@10': '0.0048', 'HIT@20': '0.0115', 'NDCG@20': '0.0055'}
{'Epoch': 94, 'name': 'all', 'HIT@5': '0.0274', 'NDCG@5': '0.0175', 'HIT@10': '0.0436', 'NDCG@10': '0.0227', 'HIT@20': '0.0660', 'NDCG@20': '0.0283'}
EarlyStopping counter: 3 out of 40
rec dataset length: 186
100%|██████████████████████████████████████████████████████████████████████████████████████████████████████████████████████████████████████████████████| 186/186 [00:47<00:00,  3.92it/s]
{'epoch': 95, 'rec_avg_loss': '0.4005', 'joint_avg_loss': '0.4806', 'cl_avg_loss': '0.8011', 'itemcl_loss': '0.0000', 'cl_pair_0_loss': '0.8011'}
Recommendation EP_test:95: 100%|| 35/35 [00:08<00:00,  4.31it/s]
{'Epoch': 95, 'name': 'high_freq', 'HIT@5': '0.0339', 'NDCG@5': '0.0214', 'HIT@10': '0.0559', 'NDCG@10': '0.0285', 'HIT@20': '0.0869', 'NDCG@20': '0.0363'}
{'Epoch': 95, 'name': 'mid_freq', 'HIT@5': '0.0085', 'NDCG@5': '0.0060', 'HIT@10': '0.0126', 'NDCG@10': '0.0073', 'HIT@20': '0.0162', 'NDCG@20': '0.0082'}
{'Epoch': 95, 'name': 'low_freq', 'HIT@5': '0.0068', 'NDCG@5': '0.0047', 'HIT@10': '0.0079', 'NDCG@10': '0.0050', 'HIT@20': '0.0104', 'NDCG@20': '0.0057'}
{'Epoch': 95, 'name': 'all', 'HIT@5': '0.0255', 'NDCG@5': '0.0163', 'HIT@10': '0.0415', 'NDCG@10': '0.0215', 'HIT@20': '0.0636', 'NDCG@20': '0.0270'}
EarlyStopping counter: 4 out of 40
rec dataset length: 186
100%|██████████████████████████████████████████████████████████████████████████████████████████████████████████████████████████████████████████████████| 186/186 [00:47<00:00,  3.93it/s]
{'epoch': 96, 'rec_avg_loss': '0.4008', 'joint_avg_loss': '0.4810', 'cl_avg_loss': '0.8016', 'itemcl_loss': '0.0000', 'cl_pair_0_loss': '0.8016'}
Recommendation EP_test:96: 100%|| 35/35 [00:07<00:00,  4.40it/s]
{'Epoch': 96, 'name': 'high_freq', 'HIT@5': '0.0348', 'NDCG@5': '0.0220', 'HIT@10': '0.0582', 'NDCG@10': '0.0295', 'HIT@20': '0.0891', 'NDCG@20': '0.0373'}
{'Epoch': 96, 'name': 'mid_freq', 'HIT@5': '0.0093', 'NDCG@5': '0.0065', 'HIT@10': '0.0132', 'NDCG@10': '0.0077', 'HIT@20': '0.0188', 'NDCG@20': '0.0091'}
{'Epoch': 96, 'name': 'low_freq', 'HIT@5': '0.0059', 'NDCG@5': '0.0045', 'HIT@10': '0.0081', 'NDCG@10': '0.0053', 'HIT@20': '0.0115', 'NDCG@20': '0.0061'}
{'Epoch': 96, 'name': 'all', 'HIT@5': '0.0262', 'NDCG@5': '0.0168', 'HIT@10': '0.0432', 'NDCG@10': '0.0222', 'HIT@20': '0.0657', 'NDCG@20': '0.0279'}
EarlyStopping counter: 5 out of 40
rec dataset length: 186
100%|██████████████████████████████████████████████████████████████████████████████████████████████████████████████████████████████████████████████████| 186/186 [00:48<00:00,  3.85it/s]
{'epoch': 97, 'rec_avg_loss': '0.3969', 'joint_avg_loss': '0.4763', 'cl_avg_loss': '0.7939', 'itemcl_loss': '0.0000', 'cl_pair_0_loss': '0.7939'}
Recommendation EP_test:97: 100%|| 35/35 [00:08<00:00,  4.20it/s]
{'Epoch': 97, 'name': 'high_freq', 'HIT@5': '0.0339', 'NDCG@5': '0.0217', 'HIT@10': '0.0562', 'NDCG@10': '0.0289', 'HIT@20': '0.0878', 'NDCG@20': '0.0368'}
{'Epoch': 97, 'name': 'mid_freq', 'HIT@5': '0.0101', 'NDCG@5': '0.0067', 'HIT@10': '0.0138', 'NDCG@10': '0.0079', 'HIT@20': '0.0185', 'NDCG@20': '0.0091'}
{'Epoch': 97, 'name': 'low_freq', 'HIT@5': '0.0061', 'NDCG@5': '0.0044', 'HIT@10': '0.0079', 'NDCG@10': '0.0050', 'HIT@20': '0.0113', 'NDCG@20': '0.0058'}
{'Epoch': 97, 'name': 'all', 'HIT@5': '0.0258', 'NDCG@5': '0.0166', 'HIT@10': '0.0419', 'NDCG@10': '0.0218', 'HIT@20': '0.0648', 'NDCG@20': '0.0276'}
EarlyStopping counter: 6 out of 40
rec dataset length: 186
100%|██████████████████████████████████████████████████████████████████████████████████████████████████████████████████████████████████████████████████| 186/186 [00:49<00:00,  3.74it/s]
{'epoch': 98, 'rec_avg_loss': '0.4004', 'joint_avg_loss': '0.4804', 'cl_avg_loss': '0.8007', 'itemcl_loss': '0.0000', 'cl_pair_0_loss': '0.8007'}
Recommendation EP_test:98: 100%|| 35/35 [00:08<00:00,  4.36it/s]
{'Epoch': 98, 'name': 'high_freq', 'HIT@5': '0.0344', 'NDCG@5': '0.0219', 'HIT@10': '0.0574', 'NDCG@10': '0.0292', 'HIT@20': '0.0882', 'NDCG@20': '0.0370'}
{'Epoch': 98, 'name': 'mid_freq', 'HIT@5': '0.0101', 'NDCG@5': '0.0065', 'HIT@10': '0.0139', 'NDCG@10': '0.0078', 'HIT@20': '0.0190', 'NDCG@20': '0.0090'}
{'Epoch': 98, 'name': 'low_freq', 'HIT@5': '0.0068', 'NDCG@5': '0.0050', 'HIT@10': '0.0088', 'NDCG@10': '0.0056', 'HIT@20': '0.0120', 'NDCG@20': '0.0064'}
{'Epoch': 98, 'name': 'all', 'HIT@5': '0.0262', 'NDCG@5': '0.0168', 'HIT@10': '0.0429', 'NDCG@10': '0.0221', 'HIT@20': '0.0652', 'NDCG@20': '0.0277'}
EarlyStopping counter: 7 out of 40
rec dataset length: 186
100%|██████████████████████████████████████████████████████████████████████████████████████████████████████████████████████████████████████████████████| 186/186 [00:47<00:00,  3.93it/s]
{'epoch': 99, 'rec_avg_loss': '0.3988', 'joint_avg_loss': '0.4786', 'cl_avg_loss': '0.7976', 'itemcl_loss': '0.0000', 'cl_pair_0_loss': '0.7976'}
Recommendation EP_test:99: 100%|| 35/35 [00:07<00:00,  4.38it/s]
{'Epoch': 99, 'name': 'high_freq', 'HIT@5': '0.0349', 'NDCG@5': '0.0222', 'HIT@10': '0.0571', 'NDCG@10': '0.0294', 'HIT@20': '0.0873', 'NDCG@20': '0.0369'}
{'Epoch': 99, 'name': 'mid_freq', 'HIT@5': '0.0090', 'NDCG@5': '0.0065', 'HIT@10': '0.0144', 'NDCG@10': '0.0082', 'HIT@20': '0.0194', 'NDCG@20': '0.0095'}
{'Epoch': 99, 'name': 'low_freq', 'HIT@5': '0.0066', 'NDCG@5': '0.0046', 'HIT@10': '0.0086', 'NDCG@10': '0.0052', 'HIT@20': '0.0106', 'NDCG@20': '0.0057'}
{'Epoch': 99, 'name': 'all', 'HIT@5': '0.0263', 'NDCG@5': '0.0170', 'HIT@10': '0.0428', 'NDCG@10': '0.0222', 'HIT@20': '0.0645', 'NDCG@20': '0.0277'}
EarlyStopping counter: 8 out of 40
rec dataset length: 186
100%|██████████████████████████████████████████████████████████████████████████████████████████████████████████████████████████████████████████████████| 186/186 [00:47<00:00,  3.95it/s]
{'epoch': 100, 'rec_avg_loss': '0.3969', 'joint_avg_loss': '0.4763', 'cl_avg_loss': '0.7939', 'itemcl_loss': '0.0000', 'cl_pair_0_loss': '0.7939'}
Recommendation EP_test:100: 100%|| 35/35 [00:07<00:00,  4.41it/s]
{'Epoch': 100, 'name': 'high_freq', 'HIT@5': '0.0352', 'NDCG@5': '0.0228', 'HIT@10': '0.0565', 'NDCG@10': '0.0296', 'HIT@20': '0.0883', 'NDCG@20': '0.0376'}
{'Epoch': 100, 'name': 'mid_freq', 'HIT@5': '0.0093', 'NDCG@5': '0.0065', 'HIT@10': '0.0129', 'NDCG@10': '0.0076', 'HIT@20': '0.0188', 'NDCG@20': '0.0091'}
{'Epoch': 100, 'name': 'low_freq', 'HIT@5': '0.0063', 'NDCG@5': '0.0045', 'HIT@10': '0.0084', 'NDCG@10': '0.0051', 'HIT@20': '0.0118', 'NDCG@20': '0.0060'}
{'Epoch': 100, 'name': 'all', 'HIT@5': '0.0265', 'NDCG@5': '0.0173', 'HIT@10': '0.0420', 'NDCG@10': '0.0223', 'HIT@20': '0.0652', 'NDCG@20': '0.0281'}
EarlyStopping counter: 9 out of 40
rec dataset length: 186
100%|██████████████████████████████████████████████████████████████████████████████████████████████████████████████████████████████████████████████████| 186/186 [00:47<00:00,  3.91it/s]
{'epoch': 101, 'rec_avg_loss': '0.3935', 'joint_avg_loss': '0.4722', 'cl_avg_loss': '0.7871', 'itemcl_loss': '0.0000', 'cl_pair_0_loss': '0.7871'}
Recommendation EP_test:101: 100%|| 35/35 [00:08<00:00,  4.32it/s]
{'Epoch': 101, 'name': 'high_freq', 'HIT@5': '0.0346', 'NDCG@5': '0.0221', 'HIT@10': '0.0570', 'NDCG@10': '0.0293', 'HIT@20': '0.0879', 'NDCG@20': '0.0371'}
{'Epoch': 101, 'name': 'mid_freq', 'HIT@5': '0.0098', 'NDCG@5': '0.0067', 'HIT@10': '0.0129', 'NDCG@10': '0.0077', 'HIT@20': '0.0200', 'NDCG@20': '0.0095'}
{'Epoch': 101, 'name': 'low_freq', 'HIT@5': '0.0070', 'NDCG@5': '0.0050', 'HIT@10': '0.0084', 'NDCG@10': '0.0055', 'HIT@20': '0.0113', 'NDCG@20': '0.0062'}
{'Epoch': 101, 'name': 'all', 'HIT@5': '0.0263', 'NDCG@5': '0.0170', 'HIT@10': '0.0424', 'NDCG@10': '0.0221', 'HIT@20': '0.0651', 'NDCG@20': '0.0278'}
EarlyStopping counter: 10 out of 40
rec dataset length: 186
100%|██████████████████████████████████████████████████████████████████████████████████████████████████████████████████████████████████████████████████| 186/186 [00:47<00:00,  3.93it/s]
{'epoch': 102, 'rec_avg_loss': '0.3947', 'joint_avg_loss': '0.4736', 'cl_avg_loss': '0.7893', 'itemcl_loss': '0.0000', 'cl_pair_0_loss': '0.7893'}
Recommendation EP_test:102: 100%|| 35/35 [00:08<00:00,  4.31it/s]
{'Epoch': 102, 'name': 'high_freq', 'HIT@5': '0.0353', 'NDCG@5': '0.0225', 'HIT@10': '0.0571', 'NDCG@10': '0.0295', 'HIT@20': '0.0890', 'NDCG@20': '0.0375'}
{'Epoch': 102, 'name': 'mid_freq', 'HIT@5': '0.0101', 'NDCG@5': '0.0067', 'HIT@10': '0.0132', 'NDCG@10': '0.0077', 'HIT@20': '0.0182', 'NDCG@20': '0.0089'}
{'Epoch': 102, 'name': 'low_freq', 'HIT@5': '0.0072', 'NDCG@5': '0.0052', 'HIT@10': '0.0086', 'NDCG@10': '0.0056', 'HIT@20': '0.0106', 'NDCG@20': '0.0061'}
{'Epoch': 102, 'name': 'all', 'HIT@5': '0.0269', 'NDCG@5': '0.0173', 'HIT@10': '0.0425', 'NDCG@10': '0.0223', 'HIT@20': '0.0654', 'NDCG@20': '0.0280'}
EarlyStopping counter: 11 out of 40
rec dataset length: 186
100%|██████████████████████████████████████████████████████████████████████████████████████████████████████████████████████████████████████████████████| 186/186 [00:47<00:00,  3.93it/s]
{'epoch': 103, 'rec_avg_loss': '0.3963', 'joint_avg_loss': '0.4756', 'cl_avg_loss': '0.7926', 'itemcl_loss': '0.0000', 'cl_pair_0_loss': '0.7926'}
Recommendation EP_test:103: 100%|| 35/35 [00:08<00:00,  4.26it/s]
{'Epoch': 103, 'name': 'high_freq', 'HIT@5': '0.0358', 'NDCG@5': '0.0224', 'HIT@10': '0.0574', 'NDCG@10': '0.0293', 'HIT@20': '0.0889', 'NDCG@20': '0.0372'}
{'Epoch': 103, 'name': 'mid_freq', 'HIT@5': '0.0088', 'NDCG@5': '0.0060', 'HIT@10': '0.0121', 'NDCG@10': '0.0071', 'HIT@20': '0.0190', 'NDCG@20': '0.0088'}
{'Epoch': 103, 'name': 'low_freq', 'HIT@5': '0.0070', 'NDCG@5': '0.0051', 'HIT@10': '0.0084', 'NDCG@10': '0.0056', 'HIT@20': '0.0115', 'NDCG@20': '0.0063'}
{'Epoch': 103, 'name': 'all', 'HIT@5': '0.0269', 'NDCG@5': '0.0171', 'HIT@10': '0.0424', 'NDCG@10': '0.0220', 'HIT@20': '0.0656', 'NDCG@20': '0.0279'}
EarlyStopping counter: 12 out of 40
rec dataset length: 186
100%|██████████████████████████████████████████████████████████████████████████████████████████████████████████████████████████████████████████████████| 186/186 [00:47<00:00,  3.93it/s]
{'epoch': 104, 'rec_avg_loss': '0.3928', 'joint_avg_loss': '0.4714', 'cl_avg_loss': '0.7857', 'itemcl_loss': '0.0000', 'cl_pair_0_loss': '0.7857'}
Recommendation EP_test:104: 100%|| 35/35 [00:08<00:00,  4.35it/s]
{'Epoch': 104, 'name': 'high_freq', 'HIT@5': '0.0361', 'NDCG@5': '0.0234', 'HIT@10': '0.0583', 'NDCG@10': '0.0305', 'HIT@20': '0.0891', 'NDCG@20': '0.0382'}
{'Epoch': 104, 'name': 'mid_freq', 'HIT@5': '0.0085', 'NDCG@5': '0.0054', 'HIT@10': '0.0124', 'NDCG@10': '0.0067', 'HIT@20': '0.0182', 'NDCG@20': '0.0082'}
{'Epoch': 104, 'name': 'low_freq', 'HIT@5': '0.0066', 'NDCG@5': '0.0042', 'HIT@10': '0.0088', 'NDCG@10': '0.0050', 'HIT@20': '0.0113', 'NDCG@20': '0.0056'}
{'Epoch': 104, 'name': 'all', 'HIT@5': '0.0270', 'NDCG@5': '0.0175', 'HIT@10': '0.0431', 'NDCG@10': '0.0227', 'HIT@20': '0.0656', 'NDCG@20': '0.0283'}
EarlyStopping counter: 13 out of 40
rec dataset length: 186
100%|██████████████████████████████████████████████████████████████████████████████████████████████████████████████████████████████████████████████████| 186/186 [00:47<00:00,  3.91it/s]
{'epoch': 105, 'rec_avg_loss': '0.3901', 'joint_avg_loss': '0.4681', 'cl_avg_loss': '0.7802', 'itemcl_loss': '0.0000', 'cl_pair_0_loss': '0.7802'}
Recommendation EP_test:105: 100%|| 35/35 [00:08<00:00,  4.36it/s]
{'Epoch': 105, 'name': 'high_freq', 'HIT@5': '0.0353', 'NDCG@5': '0.0221', 'HIT@10': '0.0581', 'NDCG@10': '0.0294', 'HIT@20': '0.0885', 'NDCG@20': '0.0370'}
{'Epoch': 105, 'name': 'mid_freq', 'HIT@5': '0.0085', 'NDCG@5': '0.0062', 'HIT@10': '0.0125', 'NDCG@10': '0.0075', 'HIT@20': '0.0185', 'NDCG@20': '0.0090'}
{'Epoch': 105, 'name': 'low_freq', 'HIT@5': '0.0059', 'NDCG@5': '0.0044', 'HIT@10': '0.0086', 'NDCG@10': '0.0052', 'HIT@20': '0.0115', 'NDCG@20': '0.0060'}
{'Epoch': 105, 'name': 'all', 'HIT@5': '0.0264', 'NDCG@5': '0.0168', 'HIT@10': '0.0430', 'NDCG@10': '0.0221', 'HIT@20': '0.0652', 'NDCG@20': '0.0277'}
EarlyStopping counter: 14 out of 40
rec dataset length: 186
100%|██████████████████████████████████████████████████████████████████████████████████████████████████████████████████████████████████████████████████| 186/186 [00:47<00:00,  3.93it/s]
{'epoch': 106, 'rec_avg_loss': '0.3903', 'joint_avg_loss': '0.4683', 'cl_avg_loss': '0.7806', 'itemcl_loss': '0.0000', 'cl_pair_0_loss': '0.7806'}
Recommendation EP_test:106: 100%|| 35/35 [00:08<00:00,  4.25it/s]
{'Epoch': 106, 'name': 'high_freq', 'HIT@5': '0.0358', 'NDCG@5': '0.0234', 'HIT@10': '0.0571', 'NDCG@10': '0.0303', 'HIT@20': '0.0897', 'NDCG@20': '0.0385'}
{'Epoch': 106, 'name': 'mid_freq', 'HIT@5': '0.0093', 'NDCG@5': '0.0063', 'HIT@10': '0.0134', 'NDCG@10': '0.0076', 'HIT@20': '0.0190', 'NDCG@20': '0.0090'}
{'Epoch': 106, 'name': 'low_freq', 'HIT@5': '0.0070', 'NDCG@5': '0.0051', 'HIT@10': '0.0093', 'NDCG@10': '0.0058', 'HIT@20': '0.0122', 'NDCG@20': '0.0066'}
{'Epoch': 106, 'name': 'all', 'HIT@5': '0.0270', 'NDCG@5': '0.0178', 'HIT@10': '0.0426', 'NDCG@10': '0.0228', 'HIT@20': '0.0663', 'NDCG@20': '0.0288'}
Validation score increased.  Saving model ...
rec dataset length: 186
100%|██████████████████████████████████████████████████████████████████████████████████████████████████████████████████████████████████████████████████| 186/186 [00:47<00:00,  3.93it/s]
{'epoch': 107, 'rec_avg_loss': '0.3942', 'joint_avg_loss': '0.4730', 'cl_avg_loss': '0.7883', 'itemcl_loss': '0.0000', 'cl_pair_0_loss': '0.7883'}
Recommendation EP_test:107: 100%|| 35/35 [00:08<00:00,  4.37it/s]
{'Epoch': 107, 'name': 'high_freq', 'HIT@5': '0.0347', 'NDCG@5': '0.0225', 'HIT@10': '0.0571', 'NDCG@10': '0.0296', 'HIT@20': '0.0903', 'NDCG@20': '0.0380'}
{'Epoch': 107, 'name': 'mid_freq', 'HIT@5': '0.0111', 'NDCG@5': '0.0073', 'HIT@10': '0.0138', 'NDCG@10': '0.0082', 'HIT@20': '0.0181', 'NDCG@20': '0.0093'}
{'Epoch': 107, 'name': 'low_freq', 'HIT@5': '0.0068', 'NDCG@5': '0.0048', 'HIT@10': '0.0088', 'NDCG@10': '0.0055', 'HIT@20': '0.0106', 'NDCG@20': '0.0060'}
{'Epoch': 107, 'name': 'all', 'HIT@5': '0.0266', 'NDCG@5': '0.0173', 'HIT@10': '0.0426', 'NDCG@10': '0.0225', 'HIT@20': '0.0663', 'NDCG@20': '0.0284'}
EarlyStopping counter: 1 out of 40
rec dataset length: 186
100%|██████████████████████████████████████████████████████████████████████████████████████████████████████████████████████████████████████████████████| 186/186 [00:47<00:00,  3.94it/s]
{'epoch': 108, 'rec_avg_loss': '0.3916', 'joint_avg_loss': '0.4699', 'cl_avg_loss': '0.7832', 'itemcl_loss': '0.0000', 'cl_pair_0_loss': '0.7832'}
Recommendation EP_test:108: 100%|| 35/35 [00:07<00:00,  4.49it/s]
{'Epoch': 108, 'name': 'high_freq', 'HIT@5': '0.0360', 'NDCG@5': '0.0231', 'HIT@10': '0.0569', 'NDCG@10': '0.0298', 'HIT@20': '0.0916', 'NDCG@20': '0.0385'}
{'Epoch': 108, 'name': 'mid_freq', 'HIT@5': '0.0106', 'NDCG@5': '0.0069', 'HIT@10': '0.0131', 'NDCG@10': '0.0077', 'HIT@20': '0.0195', 'NDCG@20': '0.0093'}
{'Epoch': 108, 'name': 'low_freq', 'HIT@5': '0.0077', 'NDCG@5': '0.0050', 'HIT@10': '0.0091', 'NDCG@10': '0.0054', 'HIT@20': '0.0113', 'NDCG@20': '0.0060'}
{'Epoch': 108, 'name': 'all', 'HIT@5': '0.0275', 'NDCG@5': '0.0177', 'HIT@10': '0.0424', 'NDCG@10': '0.0224', 'HIT@20': '0.0675', 'NDCG@20': '0.0287'}
EarlyStopping counter: 2 out of 40
rec dataset length: 186
100%|██████████████████████████████████████████████████████████████████████████████████████████████████████████████████████████████████████████████████| 186/186 [00:47<00:00,  3.91it/s]
{'epoch': 109, 'rec_avg_loss': '0.3898', 'joint_avg_loss': '0.4677', 'cl_avg_loss': '0.7795', 'itemcl_loss': '0.0000', 'cl_pair_0_loss': '0.7795'}
Recommendation EP_test:109: 100%|| 35/35 [00:07<00:00,  4.41it/s]
{'Epoch': 109, 'name': 'high_freq', 'HIT@5': '0.0358', 'NDCG@5': '0.0230', 'HIT@10': '0.0568', 'NDCG@10': '0.0298', 'HIT@20': '0.0895', 'NDCG@20': '0.0380'}
{'Epoch': 109, 'name': 'mid_freq', 'HIT@5': '0.0103', 'NDCG@5': '0.0066', 'HIT@10': '0.0132', 'NDCG@10': '0.0075', 'HIT@20': '0.0184', 'NDCG@20': '0.0088'}
{'Epoch': 109, 'name': 'low_freq', 'HIT@5': '0.0077', 'NDCG@5': '0.0050', 'HIT@10': '0.0088', 'NDCG@10': '0.0054', 'HIT@20': '0.0118', 'NDCG@20': '0.0061'}
{'Epoch': 109, 'name': 'all', 'HIT@5': '0.0274', 'NDCG@5': '0.0175', 'HIT@10': '0.0423', 'NDCG@10': '0.0224', 'HIT@20': '0.0659', 'NDCG@20': '0.0283'}
EarlyStopping counter: 3 out of 40
rec dataset length: 186
100%|██████████████████████████████████████████████████████████████████████████████████████████████████████████████████████████████████████████████████| 186/186 [00:47<00:00,  3.93it/s]
{'epoch': 110, 'rec_avg_loss': '0.3907', 'joint_avg_loss': '0.4688', 'cl_avg_loss': '0.7813', 'itemcl_loss': '0.0000', 'cl_pair_0_loss': '0.7813'}
Recommendation EP_test:110: 100%|| 35/35 [00:07<00:00,  4.38it/s]
{'Epoch': 110, 'name': 'high_freq', 'HIT@5': '0.0368', 'NDCG@5': '0.0234', 'HIT@10': '0.0582', 'NDCG@10': '0.0302', 'HIT@20': '0.0905', 'NDCG@20': '0.0383'}
{'Epoch': 110, 'name': 'mid_freq', 'HIT@5': '0.0099', 'NDCG@5': '0.0065', 'HIT@10': '0.0129', 'NDCG@10': '0.0074', 'HIT@20': '0.0182', 'NDCG@20': '0.0088'}
{'Epoch': 110, 'name': 'low_freq', 'HIT@5': '0.0070', 'NDCG@5': '0.0051', 'HIT@10': '0.0091', 'NDCG@10': '0.0057', 'HIT@20': '0.0124', 'NDCG@20': '0.0066'}
{'Epoch': 110, 'name': 'all', 'HIT@5': '0.0279', 'NDCG@5': '0.0178', 'HIT@10': '0.0432', 'NDCG@10': '0.0227', 'HIT@20': '0.0667', 'NDCG@20': '0.0286'}
EarlyStopping counter: 4 out of 40
rec dataset length: 186
100%|██████████████████████████████████████████████████████████████████████████████████████████████████████████████████████████████████████████████████| 186/186 [00:47<00:00,  3.93it/s]
{'epoch': 111, 'rec_avg_loss': '0.3906', 'joint_avg_loss': '0.4687', 'cl_avg_loss': '0.7812', 'itemcl_loss': '0.0000', 'cl_pair_0_loss': '0.7812'}
Recommendation EP_test:111: 100%|| 35/35 [00:07<00:00,  4.46it/s]
{'Epoch': 111, 'name': 'high_freq', 'HIT@5': '0.0356', 'NDCG@5': '0.0229', 'HIT@10': '0.0569', 'NDCG@10': '0.0297', 'HIT@20': '0.0874', 'NDCG@20': '0.0374'}
{'Epoch': 111, 'name': 'mid_freq', 'HIT@5': '0.0089', 'NDCG@5': '0.0061', 'HIT@10': '0.0128', 'NDCG@10': '0.0073', 'HIT@20': '0.0188', 'NDCG@20': '0.0088'}
{'Epoch': 111, 'name': 'low_freq', 'HIT@5': '0.0070', 'NDCG@5': '0.0053', 'HIT@10': '0.0097', 'NDCG@10': '0.0062', 'HIT@20': '0.0127', 'NDCG@20': '0.0070'}
{'Epoch': 111, 'name': 'all', 'HIT@5': '0.0268', 'NDCG@5': '0.0174', 'HIT@10': '0.0424', 'NDCG@10': '0.0224', 'HIT@20': '0.0647', 'NDCG@20': '0.0280'}
EarlyStopping counter: 5 out of 40
rec dataset length: 186
100%|██████████████████████████████████████████████████████████████████████████████████████████████████████████████████████████████████████████████████| 186/186 [00:47<00:00,  3.92it/s]
{'epoch': 112, 'rec_avg_loss': '0.3879', 'joint_avg_loss': '0.4654', 'cl_avg_loss': '0.7757', 'itemcl_loss': '0.0000', 'cl_pair_0_loss': '0.7757'}
Recommendation EP_test:112: 100%|| 35/35 [00:07<00:00,  4.39it/s]
{'Epoch': 112, 'name': 'high_freq', 'HIT@5': '0.0355', 'NDCG@5': '0.0227', 'HIT@10': '0.0578', 'NDCG@10': '0.0298', 'HIT@20': '0.0883', 'NDCG@20': '0.0375'}
{'Epoch': 112, 'name': 'mid_freq', 'HIT@5': '0.0095', 'NDCG@5': '0.0063', 'HIT@10': '0.0141', 'NDCG@10': '0.0078', 'HIT@20': '0.0184', 'NDCG@20': '0.0089'}
{'Epoch': 112, 'name': 'low_freq', 'HIT@5': '0.0075', 'NDCG@5': '0.0054', 'HIT@10': '0.0091', 'NDCG@10': '0.0059', 'HIT@20': '0.0115', 'NDCG@20': '0.0065'}
{'Epoch': 112, 'name': 'all', 'HIT@5': '0.0269', 'NDCG@5': '0.0173', 'HIT@10': '0.0432', 'NDCG@10': '0.0226', 'HIT@20': '0.0651', 'NDCG@20': '0.0280'}
EarlyStopping counter: 6 out of 40
rec dataset length: 186
100%|██████████████████████████████████████████████████████████████████████████████████████████████████████████████████████████████████████████████████| 186/186 [00:47<00:00,  3.94it/s]
{'epoch': 113, 'rec_avg_loss': '0.3885', 'joint_avg_loss': '0.4662', 'cl_avg_loss': '0.7770', 'itemcl_loss': '0.0000', 'cl_pair_0_loss': '0.7770'}
Recommendation EP_test:113: 100%|| 35/35 [00:07<00:00,  4.39it/s]
{'Epoch': 113, 'name': 'high_freq', 'HIT@5': '0.0354', 'NDCG@5': '0.0232', 'HIT@10': '0.0585', 'NDCG@10': '0.0307', 'HIT@20': '0.0884', 'NDCG@20': '0.0382'}
{'Epoch': 113, 'name': 'mid_freq', 'HIT@5': '0.0096', 'NDCG@5': '0.0063', 'HIT@10': '0.0141', 'NDCG@10': '0.0077', 'HIT@20': '0.0195', 'NDCG@20': '0.0091'}
{'Epoch': 113, 'name': 'low_freq', 'HIT@5': '0.0072', 'NDCG@5': '0.0054', 'HIT@10': '0.0088', 'NDCG@10': '0.0059', 'HIT@20': '0.0115', 'NDCG@20': '0.0066'}
{'Epoch': 113, 'name': 'all', 'HIT@5': '0.0269', 'NDCG@5': '0.0177', 'HIT@10': '0.0436', 'NDCG@10': '0.0231', 'HIT@20': '0.0654', 'NDCG@20': '0.0286'}
EarlyStopping counter: 7 out of 40
rec dataset length: 186
100%|██████████████████████████████████████████████████████████████████████████████████████████████████████████████████████████████████████████████████| 186/186 [00:47<00:00,  3.94it/s]
{'epoch': 114, 'rec_avg_loss': '0.3886', 'joint_avg_loss': '0.4663', 'cl_avg_loss': '0.7772', 'itemcl_loss': '0.0000', 'cl_pair_0_loss': '0.7772'}
Recommendation EP_test:114: 100%|| 35/35 [00:07<00:00,  4.40it/s]
{'Epoch': 114, 'name': 'high_freq', 'HIT@5': '0.0359', 'NDCG@5': '0.0231', 'HIT@10': '0.0570', 'NDCG@10': '0.0298', 'HIT@20': '0.0875', 'NDCG@20': '0.0375'}
{'Epoch': 114, 'name': 'mid_freq', 'HIT@5': '0.0092', 'NDCG@5': '0.0064', 'HIT@10': '0.0135', 'NDCG@10': '0.0078', 'HIT@20': '0.0191', 'NDCG@20': '0.0092'}
{'Epoch': 114, 'name': 'low_freq', 'HIT@5': '0.0072', 'NDCG@5': '0.0052', 'HIT@10': '0.0086', 'NDCG@10': '0.0056', 'HIT@20': '0.0113', 'NDCG@20': '0.0063'}
{'Epoch': 114, 'name': 'all', 'HIT@5': '0.0271', 'NDCG@5': '0.0176', 'HIT@10': '0.0425', 'NDCG@10': '0.0225', 'HIT@20': '0.0646', 'NDCG@20': '0.0281'}
EarlyStopping counter: 8 out of 40
rec dataset length: 186
100%|██████████████████████████████████████████████████████████████████████████████████████████████████████████████████████████████████████████████████| 186/186 [00:47<00:00,  3.90it/s]
{'epoch': 115, 'rec_avg_loss': '0.3866', 'joint_avg_loss': '0.4639', 'cl_avg_loss': '0.7732', 'itemcl_loss': '0.0000', 'cl_pair_0_loss': '0.7732'}
Recommendation EP_test:115: 100%|| 35/35 [00:07<00:00,  4.44it/s]
{'Epoch': 115, 'name': 'high_freq', 'HIT@5': '0.0354', 'NDCG@5': '0.0231', 'HIT@10': '0.0576', 'NDCG@10': '0.0302', 'HIT@20': '0.0887', 'NDCG@20': '0.0380'}
{'Epoch': 115, 'name': 'mid_freq', 'HIT@5': '0.0101', 'NDCG@5': '0.0066', 'HIT@10': '0.0145', 'NDCG@10': '0.0080', 'HIT@20': '0.0207', 'NDCG@20': '0.0095'}
{'Epoch': 115, 'name': 'low_freq', 'HIT@5': '0.0070', 'NDCG@5': '0.0051', 'HIT@10': '0.0088', 'NDCG@10': '0.0057', 'HIT@20': '0.0124', 'NDCG@20': '0.0066'}
{'Epoch': 115, 'name': 'all', 'HIT@5': '0.0269', 'NDCG@5': '0.0176', 'HIT@10': '0.0431', 'NDCG@10': '0.0228', 'HIT@20': '0.0659', 'NDCG@20': '0.0286'}
EarlyStopping counter: 9 out of 40
rec dataset length: 186
100%|██████████████████████████████████████████████████████████████████████████████████████████████████████████████████████████████████████████████████| 186/186 [00:47<00:00,  3.92it/s]
{'epoch': 116, 'rec_avg_loss': '0.3891', 'joint_avg_loss': '0.4670', 'cl_avg_loss': '0.7783', 'itemcl_loss': '0.0000', 'cl_pair_0_loss': '0.7783'}
Recommendation EP_test:116: 100%|| 35/35 [00:08<00:00,  4.35it/s]
{'Epoch': 116, 'name': 'high_freq', 'HIT@5': '0.0351', 'NDCG@5': '0.0231', 'HIT@10': '0.0567', 'NDCG@10': '0.0300', 'HIT@20': '0.0870', 'NDCG@20': '0.0376'}
{'Epoch': 116, 'name': 'mid_freq', 'HIT@5': '0.0096', 'NDCG@5': '0.0063', 'HIT@10': '0.0139', 'NDCG@10': '0.0076', 'HIT@20': '0.0200', 'NDCG@20': '0.0092'}
{'Epoch': 116, 'name': 'low_freq', 'HIT@5': '0.0072', 'NDCG@5': '0.0051', 'HIT@10': '0.0093', 'NDCG@10': '0.0058', 'HIT@20': '0.0127', 'NDCG@20': '0.0066'}
{'Epoch': 116, 'name': 'all', 'HIT@5': '0.0267', 'NDCG@5': '0.0176', 'HIT@10': '0.0425', 'NDCG@10': '0.0226', 'HIT@20': '0.0647', 'NDCG@20': '0.0282'}
EarlyStopping counter: 10 out of 40
rec dataset length: 186
100%|██████████████████████████████████████████████████████████████████████████████████████████████████████████████████████████████████████████████████| 186/186 [00:47<00:00,  3.92it/s]
{'epoch': 117, 'rec_avg_loss': '0.3903', 'joint_avg_loss': '0.4684', 'cl_avg_loss': '0.7806', 'itemcl_loss': '0.0000', 'cl_pair_0_loss': '0.7806'}
Recommendation EP_test:117: 100%|| 35/35 [00:08<00:00,  4.23it/s]
{'Epoch': 117, 'name': 'high_freq', 'HIT@5': '0.0341', 'NDCG@5': '0.0220', 'HIT@10': '0.0552', 'NDCG@10': '0.0288', 'HIT@20': '0.0859', 'NDCG@20': '0.0365'}
{'Epoch': 117, 'name': 'mid_freq', 'HIT@5': '0.0108', 'NDCG@5': '0.0073', 'HIT@10': '0.0145', 'NDCG@10': '0.0084', 'HIT@20': '0.0200', 'NDCG@20': '0.0098'}
{'Epoch': 117, 'name': 'low_freq', 'HIT@5': '0.0068', 'NDCG@5': '0.0051', 'HIT@10': '0.0095', 'NDCG@10': '0.0060', 'HIT@20': '0.0115', 'NDCG@20': '0.0065'}
{'Epoch': 117, 'name': 'all', 'HIT@5': '0.0261', 'NDCG@5': '0.0170', 'HIT@10': '0.0416', 'NDCG@10': '0.0220', 'HIT@20': '0.0638', 'NDCG@20': '0.0275'}
EarlyStopping counter: 11 out of 40
rec dataset length: 186
100%|██████████████████████████████████████████████████████████████████████████████████████████████████████████████████████████████████████████████████| 186/186 [00:47<00:00,  3.89it/s]
{'epoch': 118, 'rec_avg_loss': '0.3833', 'joint_avg_loss': '0.4599', 'cl_avg_loss': '0.7665', 'itemcl_loss': '0.0000', 'cl_pair_0_loss': '0.7665'}
Recommendation EP_test:118: 100%|| 35/35 [00:08<00:00,  4.23it/s]
{'Epoch': 118, 'name': 'high_freq', 'HIT@5': '0.0362', 'NDCG@5': '0.0230', 'HIT@10': '0.0584', 'NDCG@10': '0.0301', 'HIT@20': '0.0894', 'NDCG@20': '0.0379'}
{'Epoch': 118, 'name': 'mid_freq', 'HIT@5': '0.0108', 'NDCG@5': '0.0074', 'HIT@10': '0.0144', 'NDCG@10': '0.0085', 'HIT@20': '0.0201', 'NDCG@20': '0.0100'}
{'Epoch': 118, 'name': 'low_freq', 'HIT@5': '0.0066', 'NDCG@5': '0.0050', 'HIT@10': '0.0084', 'NDCG@10': '0.0056', 'HIT@20': '0.0118', 'NDCG@20': '0.0065'}
{'Epoch': 118, 'name': 'all', 'HIT@5': '0.0276', 'NDCG@5': '0.0177', 'HIT@10': '0.0436', 'NDCG@10': '0.0228', 'HIT@20': '0.0662', 'NDCG@20': '0.0285'}
EarlyStopping counter: 12 out of 40
rec dataset length: 186
100%|██████████████████████████████████████████████████████████████████████████████████████████████████████████████████████████████████████████████████| 186/186 [00:48<00:00,  3.87it/s]
{'epoch': 119, 'rec_avg_loss': '0.3842', 'joint_avg_loss': '0.4610', 'cl_avg_loss': '0.7683', 'itemcl_loss': '0.0000', 'cl_pair_0_loss': '0.7683'}
Recommendation EP_test:119: 100%|| 35/35 [00:08<00:00,  4.36it/s]
{'Epoch': 119, 'name': 'high_freq', 'HIT@5': '0.0346', 'NDCG@5': '0.0227', 'HIT@10': '0.0569', 'NDCG@10': '0.0299', 'HIT@20': '0.0891', 'NDCG@20': '0.0379'}
{'Epoch': 119, 'name': 'mid_freq', 'HIT@5': '0.0102', 'NDCG@5': '0.0072', 'HIT@10': '0.0136', 'NDCG@10': '0.0083', 'HIT@20': '0.0200', 'NDCG@20': '0.0099'}
{'Epoch': 119, 'name': 'low_freq', 'HIT@5': '0.0063', 'NDCG@5': '0.0049', 'HIT@10': '0.0088', 'NDCG@10': '0.0056', 'HIT@20': '0.0120', 'NDCG@20': '0.0065'}
{'Epoch': 119, 'name': 'all', 'HIT@5': '0.0263', 'NDCG@5': '0.0174', 'HIT@10': '0.0425', 'NDCG@10': '0.0226', 'HIT@20': '0.0660', 'NDCG@20': '0.0285'}
EarlyStopping counter: 13 out of 40
rec dataset length: 186
100%|██████████████████████████████████████████████████████████████████████████████████████████████████████████████████████████████████████████████████| 186/186 [00:47<00:00,  3.91it/s]
{'epoch': 120, 'rec_avg_loss': '0.3855', 'joint_avg_loss': '0.4627', 'cl_avg_loss': '0.7711', 'itemcl_loss': '0.0000', 'cl_pair_0_loss': '0.7711'}
Recommendation EP_test:120: 100%|| 35/35 [00:08<00:00,  4.27it/s]
{'Epoch': 120, 'name': 'high_freq', 'HIT@5': '0.0345', 'NDCG@5': '0.0221', 'HIT@10': '0.0561', 'NDCG@10': '0.0291', 'HIT@20': '0.0874', 'NDCG@20': '0.0369'}
{'Epoch': 120, 'name': 'mid_freq', 'HIT@5': '0.0102', 'NDCG@5': '0.0070', 'HIT@10': '0.0138', 'NDCG@10': '0.0081', 'HIT@20': '0.0205', 'NDCG@20': '0.0098'}
{'Epoch': 120, 'name': 'low_freq', 'HIT@5': '0.0072', 'NDCG@5': '0.0055', 'HIT@10': '0.0100', 'NDCG@10': '0.0064', 'HIT@20': '0.0120', 'NDCG@20': '0.0069'}
{'Epoch': 120, 'name': 'all', 'HIT@5': '0.0263', 'NDCG@5': '0.0171', 'HIT@10': '0.0421', 'NDCG@10': '0.0221', 'HIT@20': '0.0649', 'NDCG@20': '0.0279'}
EarlyStopping counter: 14 out of 40
rec dataset length: 186
100%|██████████████████████████████████████████████████████████████████████████████████████████████████████████████████████████████████████████████████| 186/186 [00:48<00:00,  3.86it/s]
{'epoch': 121, 'rec_avg_loss': '0.3828', 'joint_avg_loss': '0.4593', 'cl_avg_loss': '0.7655', 'itemcl_loss': '0.0000', 'cl_pair_0_loss': '0.7655'}
Recommendation EP_test:121: 100%|| 35/35 [00:07<00:00,  4.46it/s]
{'Epoch': 121, 'name': 'high_freq', 'HIT@5': '0.0344', 'NDCG@5': '0.0226', 'HIT@10': '0.0560', 'NDCG@10': '0.0296', 'HIT@20': '0.0862', 'NDCG@20': '0.0372'}
{'Epoch': 121, 'name': 'mid_freq', 'HIT@5': '0.0095', 'NDCG@5': '0.0066', 'HIT@10': '0.0128', 'NDCG@10': '0.0076', 'HIT@20': '0.0197', 'NDCG@20': '0.0094'}
{'Epoch': 121, 'name': 'low_freq', 'HIT@5': '0.0068', 'NDCG@5': '0.0051', 'HIT@10': '0.0097', 'NDCG@10': '0.0060', 'HIT@20': '0.0124', 'NDCG@20': '0.0067'}
{'Epoch': 121, 'name': 'all', 'HIT@5': '0.0261', 'NDCG@5': '0.0173', 'HIT@10': '0.0418', 'NDCG@10': '0.0224', 'HIT@20': '0.0640', 'NDCG@20': '0.0280'}
EarlyStopping counter: 15 out of 40
rec dataset length: 186
100%|██████████████████████████████████████████████████████████████████████████████████████████████████████████████████████████████████████████████████| 186/186 [00:47<00:00,  3.89it/s]
{'epoch': 122, 'rec_avg_loss': '0.3845', 'joint_avg_loss': '0.4614', 'cl_avg_loss': '0.7689', 'itemcl_loss': '0.0000', 'cl_pair_0_loss': '0.7689'}
Recommendation EP_test:122: 100%|| 35/35 [00:07<00:00,  4.42it/s]
{'Epoch': 122, 'name': 'high_freq', 'HIT@5': '0.0344', 'NDCG@5': '0.0219', 'HIT@10': '0.0555', 'NDCG@10': '0.0287', 'HIT@20': '0.0875', 'NDCG@20': '0.0367'}
{'Epoch': 122, 'name': 'mid_freq', 'HIT@5': '0.0101', 'NDCG@5': '0.0068', 'HIT@10': '0.0134', 'NDCG@10': '0.0079', 'HIT@20': '0.0188', 'NDCG@20': '0.0093'}
{'Epoch': 122, 'name': 'low_freq', 'HIT@5': '0.0068', 'NDCG@5': '0.0050', 'HIT@10': '0.0091', 'NDCG@10': '0.0057', 'HIT@20': '0.0120', 'NDCG@20': '0.0064'}
{'Epoch': 122, 'name': 'all', 'HIT@5': '0.0262', 'NDCG@5': '0.0169', 'HIT@10': '0.0415', 'NDCG@10': '0.0218', 'HIT@20': '0.0647', 'NDCG@20': '0.0276'}
EarlyStopping counter: 16 out of 40
rec dataset length: 186
100%|██████████████████████████████████████████████████████████████████████████████████████████████████████████████████████████████████████████████████| 186/186 [00:47<00:00,  3.89it/s]
{'epoch': 123, 'rec_avg_loss': '0.3798', 'joint_avg_loss': '0.4558', 'cl_avg_loss': '0.7597', 'itemcl_loss': '0.0000', 'cl_pair_0_loss': '0.7597'}
Recommendation EP_test:123: 100%|| 35/35 [00:07<00:00,  4.42it/s]
{'Epoch': 123, 'name': 'high_freq', 'HIT@5': '0.0360', 'NDCG@5': '0.0233', 'HIT@10': '0.0583', 'NDCG@10': '0.0304', 'HIT@20': '0.0882', 'NDCG@20': '0.0379'}
{'Epoch': 123, 'name': 'mid_freq', 'HIT@5': '0.0103', 'NDCG@5': '0.0068', 'HIT@10': '0.0145', 'NDCG@10': '0.0081', 'HIT@20': '0.0210', 'NDCG@20': '0.0097'}
{'Epoch': 123, 'name': 'low_freq', 'HIT@5': '0.0070', 'NDCG@5': '0.0053', 'HIT@10': '0.0102', 'NDCG@10': '0.0063', 'HIT@20': '0.0134', 'NDCG@20': '0.0071'}
{'Epoch': 123, 'name': 'all', 'HIT@5': '0.0274', 'NDCG@5': '0.0178', 'HIT@10': '0.0438', 'NDCG@10': '0.0231', 'HIT@20': '0.0657', 'NDCG@20': '0.0286'}
EarlyStopping counter: 17 out of 40
rec dataset length: 186
100%|██████████████████████████████████████████████████████████████████████████████████████████████████████████████████████████████████████████████████| 186/186 [00:47<00:00,  3.93it/s]
{'epoch': 124, 'rec_avg_loss': '0.3796', 'joint_avg_loss': '0.4556', 'cl_avg_loss': '0.7593', 'itemcl_loss': '0.0000', 'cl_pair_0_loss': '0.7593'}
Recommendation EP_test:124: 100%|| 35/35 [00:07<00:00,  4.51it/s]
{'Epoch': 124, 'name': 'high_freq', 'HIT@5': '0.0329', 'NDCG@5': '0.0214', 'HIT@10': '0.0551', 'NDCG@10': '0.0285', 'HIT@20': '0.0871', 'NDCG@20': '0.0365'}
{'Epoch': 124, 'name': 'mid_freq', 'HIT@5': '0.0105', 'NDCG@5': '0.0073', 'HIT@10': '0.0132', 'NDCG@10': '0.0082', 'HIT@20': '0.0195', 'NDCG@20': '0.0097'}
{'Epoch': 124, 'name': 'low_freq', 'HIT@5': '0.0063', 'NDCG@5': '0.0053', 'HIT@10': '0.0100', 'NDCG@10': '0.0064', 'HIT@20': '0.0131', 'NDCG@20': '0.0073'}
{'Epoch': 124, 'name': 'all', 'HIT@5': '0.0252', 'NDCG@5': '0.0166', 'HIT@10': '0.0413', 'NDCG@10': '0.0218', 'HIT@20': '0.0647', 'NDCG@20': '0.0276'}
EarlyStopping counter: 18 out of 40
rec dataset length: 186
100%|██████████████████████████████████████████████████████████████████████████████████████████████████████████████████████████████████████████████████| 186/186 [00:47<00:00,  3.92it/s]
{'epoch': 125, 'rec_avg_loss': '0.3822', 'joint_avg_loss': '0.4586', 'cl_avg_loss': '0.7643', 'itemcl_loss': '0.0000', 'cl_pair_0_loss': '0.7643'}
Recommendation EP_test:125: 100%|| 35/35 [00:08<00:00,  4.30it/s]
{'Epoch': 125, 'name': 'high_freq', 'HIT@5': '0.0341', 'NDCG@5': '0.0217', 'HIT@10': '0.0564', 'NDCG@10': '0.0289', 'HIT@20': '0.0870', 'NDCG@20': '0.0366'}
{'Epoch': 125, 'name': 'mid_freq', 'HIT@5': '0.0098', 'NDCG@5': '0.0065', 'HIT@10': '0.0139', 'NDCG@10': '0.0079', 'HIT@20': '0.0187', 'NDCG@20': '0.0091'}
{'Epoch': 125, 'name': 'low_freq', 'HIT@5': '0.0070', 'NDCG@5': '0.0053', 'HIT@10': '0.0088', 'NDCG@10': '0.0059', 'HIT@20': '0.0124', 'NDCG@20': '0.0068'}
{'Epoch': 125, 'name': 'all', 'HIT@5': '0.0260', 'NDCG@5': '0.0167', 'HIT@10': '0.0422', 'NDCG@10': '0.0219', 'HIT@20': '0.0644', 'NDCG@20': '0.0275'}
EarlyStopping counter: 19 out of 40
rec dataset length: 186
100%|██████████████████████████████████████████████████████████████████████████████████████████████████████████████████████████████████████████████████| 186/186 [00:47<00:00,  3.92it/s]
{'epoch': 126, 'rec_avg_loss': '0.3824', 'joint_avg_loss': '0.4589', 'cl_avg_loss': '0.7649', 'itemcl_loss': '0.0000', 'cl_pair_0_loss': '0.7649'}
Recommendation EP_test:126: 100%|| 35/35 [00:08<00:00,  4.34it/s]
{'Epoch': 126, 'name': 'high_freq', 'HIT@5': '0.0351', 'NDCG@5': '0.0227', 'HIT@10': '0.0549', 'NDCG@10': '0.0290', 'HIT@20': '0.0869', 'NDCG@20': '0.0370'}
{'Epoch': 126, 'name': 'mid_freq', 'HIT@5': '0.0098', 'NDCG@5': '0.0067', 'HIT@10': '0.0129', 'NDCG@10': '0.0078', 'HIT@20': '0.0191', 'NDCG@20': '0.0093'}
{'Epoch': 126, 'name': 'low_freq', 'HIT@5': '0.0066', 'NDCG@5': '0.0048', 'HIT@10': '0.0091', 'NDCG@10': '0.0056', 'HIT@20': '0.0129', 'NDCG@20': '0.0066'}
{'Epoch': 126, 'name': 'all', 'HIT@5': '0.0266', 'NDCG@5': '0.0173', 'HIT@10': '0.0410', 'NDCG@10': '0.0219', 'HIT@20': '0.0644', 'NDCG@20': '0.0278'}
EarlyStopping counter: 20 out of 40
rec dataset length: 186
 52%|████████████████████████████████████████████████████████████████████████████▋                                                                      | 97/186 [00:25<00:22,  3.93it/s] 52%|████████████████████████████████████████████████████████████████████████████▋                                                                      | 97/186 [00:25<00:23,  3.77it/s]
Traceback (most recent call last):
  File "/home/zzx/seqRec/CLTrys/CoSeRec_Augment/CoSeRec/src/main.py", line 240, in <module>
    main()
  File "/home/zzx/seqRec/CLTrys/CoSeRec_Augment/CoSeRec/src/main.py", line 222, in main
    trainer.train(epoch)
  File "/home/zzx/seqRec/CLTrys/CoSeRec_Augment/CoSeRec/src/trainers.py", line 73, in train
    self.iteration(epoch, self.train_dataloader)
  File "/home/zzx/seqRec/CLTrys/CoSeRec_Augment/CoSeRec/src/trainers.py", line 236, in iteration
    for i, (rec_batch, cl_batches) in rec_cf_data_iter:
  File "/home/zzx/anaconda3/envs/env1/lib/python3.10/site-packages/tqdm/std.py", line 1178, in __iter__
    for obj in iterable:
  File "/home/zzx/anaconda3/envs/env1/lib/python3.10/site-packages/torch/utils/data/dataloader.py", line 628, in __next__
    data = self._next_data()
  File "/home/zzx/anaconda3/envs/env1/lib/python3.10/site-packages/torch/utils/data/dataloader.py", line 671, in _next_data
    data = self._dataset_fetcher.fetch(index)  # may raise StopIteration
  File "/home/zzx/anaconda3/envs/env1/lib/python3.10/site-packages/torch/utils/data/_utils/fetch.py", line 58, in fetch
    data = [self.dataset[idx] for idx in possibly_batched_index]
  File "/home/zzx/anaconda3/envs/env1/lib/python3.10/site-packages/torch/utils/data/_utils/fetch.py", line 58, in <listcomp>
    data = [self.dataset[idx] for idx in possibly_batched_index]
  File "/home/zzx/seqRec/CLTrys/CoSeRec_Augment/CoSeRec/src/datasets.py", line 423, in __getitem__
    cf_tensors_list.append(self._one_pair_data_augmentation(input_ids))
  File "/home/zzx/seqRec/CLTrys/CoSeRec_Augment/CoSeRec/src/datasets.py", line 438, in _one_pair_data_augmentation
    augmented_input_ids = self.base_transform(input_ids)
  File "/home/zzx/seqRec/CLTrys/CoSeRec_Augment/CoSeRec/src/data_augmentation.py", line 135, in __call__
    return augment_method(sequence)
  File "/home/zzx/seqRec/CLTrys/CoSeRec_Augment/CoSeRec/src/data_augmentation.py", line 229, in __call__
    copied_sequence = copy.deepcopy(sequence)
  File "/home/zzx/anaconda3/envs/env1/lib/python3.10/copy.py", line 146, in deepcopy
    y = copier(x, memo)
  File "/home/zzx/anaconda3/envs/env1/lib/python3.10/copy.py", line 206, in _deepcopy_list
    append(deepcopy(a, memo))
KeyboardInterrupt
