Using Cuda: True
(18359, 18359)
--------------------Configure Info:------------
data_dir                       :                             ./data/
output_dir                     :                             output/
data_name                      :                 Sports_and_Outdoors
do_eval                        :                                   0
model_idx                      :                single_base_256_freq
gpu_id                         :                                   0
noise_ratio                    :                                 0.0
training_data_ratio            :                                 1.0
augment_threshold              :                                   4
similarity_model_name          :                          ItemCF_IUF
augmentation_warm_up_epoches   :                                 160
base_augment_type              :                              random
augment_type_for_short         :                                 SIM
tao                            :                                 0.2
gamma                          :                                 0.7
beta                           :                                 0.2
substitute_rate                :                                 0.1
insert_rate                    :                                 0.4
max_insert_num_per_pos         :                                   1
temperature                    :                                 1.0
n_views                        :                                   2
model_name                     :                             CoSeRec
hidden_size                    :                                  64
num_hidden_layers              :                                   2
num_attention_heads            :                                   2
hidden_act                     :                                gelu
attention_probs_dropout_prob   :                                 0.5
hidden_dropout_prob            :                                 0.5
initializer_range              :                                0.02
max_seq_length                 :                                  50
lr                             :                               0.001
batch_size                     :                                 256
epochs                         :                                 300
no_cuda                        :                                   0
log_freq                       :                                   1
seed                           :                                   1
cf_weight                      :                                 0.1
rec_weight                     :                                 1.0
weight_decay                   :                                 0.0
adam_beta1                     :                                 0.9
adam_beta2                     :                               0.999
cl                             :                                   0
multi_neg                      :                                   0
use_freq                       :                                   1
cuda_condition                 :                                   1
data_file                      :      ./data/Sports_and_Outdoors.txt
item_size                      :                               18359
mask_id                        :                               18358
log_file                       : output/CoSeRec-Sports_and_Outdoors-single_base_256_freq.txt
Total Parameters: 1278464
self.cf_criterion: NCELoss
Train CoSeRec
rec dataset length: 741
100%|███████████████████████████████████████████████████████████████████████████████████████████████████████████████████████████████████████████████████████████| 741/741 [00:22<00:00, 32.70it/s]
{'epoch': 0, 'rec_avg_loss': '1.2074', 'joint_avg_loss': '1.2074', 'cl_avg_loss': '0.0000', 'itemcl_loss': '0.0000', 'cl_pair_0_loss': '0.0000'}
Recommendation EP_test:0: 100%|| 140/140 [00:10<00:00, 12.91it/s]
{'Epoch': 0, 'name': 'high_freq', 'HIT@5': '0.0138', 'NDCG@5': '0.0089', 'HIT@10': '0.0239', 'NDCG@10': '0.0122', 'HIT@20': '0.0399', 'NDCG@20': '0.0162'}
{'Epoch': 0, 'name': 'mid_freq', 'HIT@5': '0.0000', 'NDCG@5': '0.0000', 'HIT@10': '0.0000', 'NDCG@10': '0.0000', 'HIT@20': '0.0000', 'NDCG@20': '0.0000'}
{'Epoch': 0, 'name': 'low_freq', 'HIT@5': '0.0000', 'NDCG@5': '0.0000', 'HIT@10': '0.0000', 'NDCG@10': '0.0000', 'HIT@20': '0.0000', 'NDCG@20': '0.0000'}
{'Epoch': 0, 'name': 'all', 'HIT@5': '0.0094', 'NDCG@5': '0.0061', 'HIT@10': '0.0163', 'NDCG@10': '0.0083', 'HIT@20': '0.0271', 'NDCG@20': '0.0110'}
Validation score increased.  Saving model ...
rec dataset length: 741
100%|███████████████████████████████████████████████████████████████████████████████████████████████████████████████████████████████████████████████████████████| 741/741 [00:22<00:00, 33.32it/s]
{'epoch': 1, 'rec_avg_loss': '1.1098', 'joint_avg_loss': '1.1098', 'cl_avg_loss': '0.0000', 'itemcl_loss': '0.0000', 'cl_pair_0_loss': '0.0000'}
Recommendation EP_test:1: 100%|| 140/140 [00:10<00:00, 12.89it/s]
{'Epoch': 1, 'name': 'high_freq', 'HIT@5': '0.0171', 'NDCG@5': '0.0110', 'HIT@10': '0.0278', 'NDCG@10': '0.0144', 'HIT@20': '0.0455', 'NDCG@20': '0.0188'}
{'Epoch': 1, 'name': 'mid_freq', 'HIT@5': '0.0000', 'NDCG@5': '0.0000', 'HIT@10': '0.0000', 'NDCG@10': '0.0000', 'HIT@20': '0.0000', 'NDCG@20': '0.0000'}
{'Epoch': 1, 'name': 'low_freq', 'HIT@5': '0.0000', 'NDCG@5': '0.0000', 'HIT@10': '0.0000', 'NDCG@10': '0.0000', 'HIT@20': '0.0000', 'NDCG@20': '0.0000'}
{'Epoch': 1, 'name': 'all', 'HIT@5': '0.0117', 'NDCG@5': '0.0075', 'HIT@10': '0.0189', 'NDCG@10': '0.0098', 'HIT@20': '0.0309', 'NDCG@20': '0.0128'}
Validation score increased.  Saving model ...
rec dataset length: 741
100%|███████████████████████████████████████████████████████████████████████████████████████████████████████████████████████████████████████████████████████████| 741/741 [00:21<00:00, 33.74it/s]
{'epoch': 2, 'rec_avg_loss': '1.0179', 'joint_avg_loss': '1.0179', 'cl_avg_loss': '0.0000', 'itemcl_loss': '0.0000', 'cl_pair_0_loss': '0.0000'}
Recommendation EP_test:2: 100%|| 140/140 [00:10<00:00, 13.04it/s]
{'Epoch': 2, 'name': 'high_freq', 'HIT@5': '0.0195', 'NDCG@5': '0.0128', 'HIT@10': '0.0299', 'NDCG@10': '0.0162', 'HIT@20': '0.0492', 'NDCG@20': '0.0210'}
{'Epoch': 2, 'name': 'mid_freq', 'HIT@5': '0.0000', 'NDCG@5': '0.0000', 'HIT@10': '0.0000', 'NDCG@10': '0.0000', 'HIT@20': '0.0000', 'NDCG@20': '0.0000'}
{'Epoch': 2, 'name': 'low_freq', 'HIT@5': '0.0000', 'NDCG@5': '0.0000', 'HIT@10': '0.0000', 'NDCG@10': '0.0000', 'HIT@20': '0.0000', 'NDCG@20': '0.0000'}
{'Epoch': 2, 'name': 'all', 'HIT@5': '0.0133', 'NDCG@5': '0.0087', 'HIT@10': '0.0204', 'NDCG@10': '0.0110', 'HIT@20': '0.0335', 'NDCG@20': '0.0143'}
Validation score increased.  Saving model ...
rec dataset length: 741
100%|███████████████████████████████████████████████████████████████████████████████████████████████████████████████████████████████████████████████████████████| 741/741 [00:22<00:00, 33.62it/s]
{'epoch': 3, 'rec_avg_loss': '0.9523', 'joint_avg_loss': '0.9523', 'cl_avg_loss': '0.0000', 'itemcl_loss': '0.0000', 'cl_pair_0_loss': '0.0000'}
Recommendation EP_test:3: 100%|| 140/140 [00:10<00:00, 13.25it/s]
{'Epoch': 3, 'name': 'high_freq', 'HIT@5': '0.0193', 'NDCG@5': '0.0119', 'HIT@10': '0.0331', 'NDCG@10': '0.0163', 'HIT@20': '0.0555', 'NDCG@20': '0.0219'}
{'Epoch': 3, 'name': 'mid_freq', 'HIT@5': '0.0000', 'NDCG@5': '0.0000', 'HIT@10': '0.0000', 'NDCG@10': '0.0000', 'HIT@20': '0.0003', 'NDCG@20': '0.0001'}
{'Epoch': 3, 'name': 'low_freq', 'HIT@5': '0.0000', 'NDCG@5': '0.0000', 'HIT@10': '0.0000', 'NDCG@10': '0.0000', 'HIT@20': '0.0000', 'NDCG@20': '0.0000'}
{'Epoch': 3, 'name': 'all', 'HIT@5': '0.0131', 'NDCG@5': '0.0081', 'HIT@10': '0.0225', 'NDCG@10': '0.0111', 'HIT@20': '0.0378', 'NDCG@20': '0.0149'}
Validation score increased.  Saving model ...
rec dataset length: 741
100%|███████████████████████████████████████████████████████████████████████████████████████████████████████████████████████████████████████████████████████████| 741/741 [00:22<00:00, 33.39it/s]
{'epoch': 4, 'rec_avg_loss': '0.8963', 'joint_avg_loss': '0.8963', 'cl_avg_loss': '0.0000', 'itemcl_loss': '0.0000', 'cl_pair_0_loss': '0.0000'}
Recommendation EP_test:4: 100%|| 140/140 [00:10<00:00, 13.85it/s]
{'Epoch': 4, 'name': 'high_freq', 'HIT@5': '0.0213', 'NDCG@5': '0.0135', 'HIT@10': '0.0350', 'NDCG@10': '0.0179', 'HIT@20': '0.0569', 'NDCG@20': '0.0234'}
{'Epoch': 4, 'name': 'mid_freq', 'HIT@5': '0.0001', 'NDCG@5': '0.0001', 'HIT@10': '0.0001', 'NDCG@10': '0.0001', 'HIT@20': '0.0003', 'NDCG@20': '0.0002'}
{'Epoch': 4, 'name': 'low_freq', 'HIT@5': '0.0000', 'NDCG@5': '0.0000', 'HIT@10': '0.0000', 'NDCG@10': '0.0000', 'HIT@20': '0.0000', 'NDCG@20': '0.0000'}
{'Epoch': 4, 'name': 'all', 'HIT@5': '0.0146', 'NDCG@5': '0.0092', 'HIT@10': '0.0238', 'NDCG@10': '0.0122', 'HIT@20': '0.0388', 'NDCG@20': '0.0159'}
Validation score increased.  Saving model ...
rec dataset length: 741
100%|███████████████████████████████████████████████████████████████████████████████████████████████████████████████████████████████████████████████████████████| 741/741 [00:22<00:00, 33.56it/s]
{'epoch': 5, 'rec_avg_loss': '0.8463', 'joint_avg_loss': '0.8463', 'cl_avg_loss': '0.0000', 'itemcl_loss': '0.0000', 'cl_pair_0_loss': '0.0000'}
Recommendation EP_test:5: 100%|| 140/140 [00:10<00:00, 13.49it/s]
{'Epoch': 5, 'name': 'high_freq', 'HIT@5': '0.0206', 'NDCG@5': '0.0129', 'HIT@10': '0.0366', 'NDCG@10': '0.0181', 'HIT@20': '0.0602', 'NDCG@20': '0.0240'}
{'Epoch': 5, 'name': 'mid_freq', 'HIT@5': '0.0007', 'NDCG@5': '0.0004', 'HIT@10': '0.0009', 'NDCG@10': '0.0005', 'HIT@20': '0.0009', 'NDCG@20': '0.0005'}
{'Epoch': 5, 'name': 'low_freq', 'HIT@5': '0.0000', 'NDCG@5': '0.0000', 'HIT@10': '0.0000', 'NDCG@10': '0.0000', 'HIT@20': '0.0000', 'NDCG@20': '0.0000'}
{'Epoch': 5, 'name': 'all', 'HIT@5': '0.0141', 'NDCG@5': '0.0089', 'HIT@10': '0.0251', 'NDCG@10': '0.0124', 'HIT@20': '0.0411', 'NDCG@20': '0.0164'}
Validation score increased.  Saving model ...
rec dataset length: 741
100%|███████████████████████████████████████████████████████████████████████████████████████████████████████████████████████████████████████████████████████████| 741/741 [00:21<00:00, 34.12it/s]
{'epoch': 6, 'rec_avg_loss': '0.8064', 'joint_avg_loss': '0.8064', 'cl_avg_loss': '0.0000', 'itemcl_loss': '0.0000', 'cl_pair_0_loss': '0.0000'}
Recommendation EP_test:6: 100%|| 140/140 [00:10<00:00, 13.81it/s]
{'Epoch': 6, 'name': 'high_freq', 'HIT@5': '0.0197', 'NDCG@5': '0.0128', 'HIT@10': '0.0361', 'NDCG@10': '0.0180', 'HIT@20': '0.0605', 'NDCG@20': '0.0242'}
{'Epoch': 6, 'name': 'mid_freq', 'HIT@5': '0.0004', 'NDCG@5': '0.0003', 'HIT@10': '0.0007', 'NDCG@10': '0.0004', 'HIT@20': '0.0020', 'NDCG@20': '0.0007'}
{'Epoch': 6, 'name': 'low_freq', 'HIT@5': '0.0000', 'NDCG@5': '0.0000', 'HIT@10': '0.0000', 'NDCG@10': '0.0000', 'HIT@20': '0.0000', 'NDCG@20': '0.0000'}
{'Epoch': 6, 'name': 'all', 'HIT@5': '0.0135', 'NDCG@5': '0.0087', 'HIT@10': '0.0247', 'NDCG@10': '0.0123', 'HIT@20': '0.0415', 'NDCG@20': '0.0166'}
Validation score increased.  Saving model ...
rec dataset length: 741
100%|███████████████████████████████████████████████████████████████████████████████████████████████████████████████████████████████████████████████████████████| 741/741 [00:22<00:00, 33.18it/s]
{'epoch': 7, 'rec_avg_loss': '0.7703', 'joint_avg_loss': '0.7703', 'cl_avg_loss': '0.0000', 'itemcl_loss': '0.0000', 'cl_pair_0_loss': '0.0000'}
Recommendation EP_test:7: 100%|| 140/140 [00:10<00:00, 13.56it/s]
{'Epoch': 7, 'name': 'high_freq', 'HIT@5': '0.0214', 'NDCG@5': '0.0134', 'HIT@10': '0.0372', 'NDCG@10': '0.0185', 'HIT@20': '0.0624', 'NDCG@20': '0.0248'}
{'Epoch': 7, 'name': 'mid_freq', 'HIT@5': '0.0009', 'NDCG@5': '0.0005', 'HIT@10': '0.0019', 'NDCG@10': '0.0008', 'HIT@20': '0.0024', 'NDCG@20': '0.0009'}
{'Epoch': 7, 'name': 'low_freq', 'HIT@5': '0.0000', 'NDCG@5': '0.0000', 'HIT@10': '0.0000', 'NDCG@10': '0.0000', 'HIT@20': '0.0000', 'NDCG@20': '0.0000'}
{'Epoch': 7, 'name': 'all', 'HIT@5': '0.0147', 'NDCG@5': '0.0092', 'HIT@10': '0.0257', 'NDCG@10': '0.0127', 'HIT@20': '0.0430', 'NDCG@20': '0.0171'}
Validation score increased.  Saving model ...
rec dataset length: 741
100%|███████████████████████████████████████████████████████████████████████████████████████████████████████████████████████████████████████████████████████████| 741/741 [00:21<00:00, 34.18it/s]
{'epoch': 8, 'rec_avg_loss': '0.7357', 'joint_avg_loss': '0.7357', 'cl_avg_loss': '0.0000', 'itemcl_loss': '0.0000', 'cl_pair_0_loss': '0.0000'}
Recommendation EP_test:8: 100%|| 140/140 [00:10<00:00, 13.63it/s]
{'Epoch': 8, 'name': 'high_freq', 'HIT@5': '0.0233', 'NDCG@5': '0.0145', 'HIT@10': '0.0386', 'NDCG@10': '0.0194', 'HIT@20': '0.0641', 'NDCG@20': '0.0258'}
{'Epoch': 8, 'name': 'mid_freq', 'HIT@5': '0.0010', 'NDCG@5': '0.0010', 'HIT@10': '0.0017', 'NDCG@10': '0.0012', 'HIT@20': '0.0029', 'NDCG@20': '0.0015'}
{'Epoch': 8, 'name': 'low_freq', 'HIT@5': '0.0002', 'NDCG@5': '0.0001', 'HIT@10': '0.0009', 'NDCG@10': '0.0003', 'HIT@20': '0.0016', 'NDCG@20': '0.0005'}
{'Epoch': 8, 'name': 'all', 'HIT@5': '0.0161', 'NDCG@5': '0.0101', 'HIT@10': '0.0267', 'NDCG@10': '0.0134', 'HIT@20': '0.0444', 'NDCG@20': '0.0179'}
Validation score increased.  Saving model ...
rec dataset length: 741
100%|███████████████████████████████████████████████████████████████████████████████████████████████████████████████████████████████████████████████████████████| 741/741 [00:22<00:00, 33.33it/s]
{'epoch': 9, 'rec_avg_loss': '0.7077', 'joint_avg_loss': '0.7077', 'cl_avg_loss': '0.0000', 'itemcl_loss': '0.0000', 'cl_pair_0_loss': '0.0000'}
Recommendation EP_test:9: 100%|| 140/140 [00:10<00:00, 13.65it/s]
{'Epoch': 9, 'name': 'high_freq', 'HIT@5': '0.0230', 'NDCG@5': '0.0145', 'HIT@10': '0.0396', 'NDCG@10': '0.0198', 'HIT@20': '0.0646', 'NDCG@20': '0.0262'}
{'Epoch': 9, 'name': 'mid_freq', 'HIT@5': '0.0014', 'NDCG@5': '0.0010', 'HIT@10': '0.0022', 'NDCG@10': '0.0012', 'HIT@20': '0.0039', 'NDCG@20': '0.0016'}
{'Epoch': 9, 'name': 'low_freq', 'HIT@5': '0.0000', 'NDCG@5': '0.0000', 'HIT@10': '0.0009', 'NDCG@10': '0.0003', 'HIT@20': '0.0016', 'NDCG@20': '0.0005'}
{'Epoch': 9, 'name': 'all', 'HIT@5': '0.0159', 'NDCG@5': '0.0101', 'HIT@10': '0.0275', 'NDCG@10': '0.0138', 'HIT@20': '0.0449', 'NDCG@20': '0.0182'}
Validation score increased.  Saving model ...
rec dataset length: 741
100%|███████████████████████████████████████████████████████████████████████████████████████████████████████████████████████████████████████████████████████████| 741/741 [00:22<00:00, 33.33it/s]
{'epoch': 10, 'rec_avg_loss': '0.6863', 'joint_avg_loss': '0.6863', 'cl_avg_loss': '0.0000', 'itemcl_loss': '0.0000', 'cl_pair_0_loss': '0.0000'}
Recommendation EP_test:10: 100%|| 140/140 [00:09<00:00, 14.37it/s]
{'Epoch': 10, 'name': 'high_freq', 'HIT@5': '0.0247', 'NDCG@5': '0.0149', 'HIT@10': '0.0409', 'NDCG@10': '0.0201', 'HIT@20': '0.0667', 'NDCG@20': '0.0266'}
{'Epoch': 10, 'name': 'mid_freq', 'HIT@5': '0.0014', 'NDCG@5': '0.0010', 'HIT@10': '0.0026', 'NDCG@10': '0.0013', 'HIT@20': '0.0040', 'NDCG@20': '0.0017'}
{'Epoch': 10, 'name': 'low_freq', 'HIT@5': '0.0002', 'NDCG@5': '0.0001', 'HIT@10': '0.0005', 'NDCG@10': '0.0002', 'HIT@20': '0.0014', 'NDCG@20': '0.0004'}
{'Epoch': 10, 'name': 'all', 'HIT@5': '0.0171', 'NDCG@5': '0.0104', 'HIT@10': '0.0284', 'NDCG@10': '0.0140', 'HIT@20': '0.0464', 'NDCG@20': '0.0185'}
Validation score increased.  Saving model ...
rec dataset length: 741
100%|███████████████████████████████████████████████████████████████████████████████████████████████████████████████████████████████████████████████████████████| 741/741 [00:22<00:00, 33.29it/s]
{'epoch': 11, 'rec_avg_loss': '0.6670', 'joint_avg_loss': '0.6670', 'cl_avg_loss': '0.0000', 'itemcl_loss': '0.0000', 'cl_pair_0_loss': '0.0000'}
Recommendation EP_test:11: 100%|| 140/140 [00:10<00:00, 13.87it/s]
{'Epoch': 11, 'name': 'high_freq', 'HIT@5': '0.0240', 'NDCG@5': '0.0148', 'HIT@10': '0.0398', 'NDCG@10': '0.0199', 'HIT@20': '0.0650', 'NDCG@20': '0.0262'}
{'Epoch': 11, 'name': 'mid_freq', 'HIT@5': '0.0020', 'NDCG@5': '0.0014', 'HIT@10': '0.0034', 'NDCG@10': '0.0019', 'HIT@20': '0.0056', 'NDCG@20': '0.0024'}
{'Epoch': 11, 'name': 'low_freq', 'HIT@5': '0.0007', 'NDCG@5': '0.0003', 'HIT@10': '0.0007', 'NDCG@10': '0.0003', 'HIT@20': '0.0020', 'NDCG@20': '0.0007'}
{'Epoch': 11, 'name': 'all', 'HIT@5': '0.0168', 'NDCG@5': '0.0104', 'HIT@10': '0.0279', 'NDCG@10': '0.0139', 'HIT@20': '0.0456', 'NDCG@20': '0.0184'}
EarlyStopping counter: 1 out of 40
rec dataset length: 741
100%|███████████████████████████████████████████████████████████████████████████████████████████████████████████████████████████████████████████████████████████| 741/741 [00:22<00:00, 33.11it/s]
{'epoch': 12, 'rec_avg_loss': '0.6499', 'joint_avg_loss': '0.6499', 'cl_avg_loss': '0.0000', 'itemcl_loss': '0.0000', 'cl_pair_0_loss': '0.0000'}
Recommendation EP_test:12: 100%|| 140/140 [00:10<00:00, 13.75it/s]
{'Epoch': 12, 'name': 'high_freq', 'HIT@5': '0.0247', 'NDCG@5': '0.0153', 'HIT@10': '0.0402', 'NDCG@10': '0.0203', 'HIT@20': '0.0645', 'NDCG@20': '0.0264'}
{'Epoch': 12, 'name': 'mid_freq', 'HIT@5': '0.0019', 'NDCG@5': '0.0014', 'HIT@10': '0.0034', 'NDCG@10': '0.0019', 'HIT@20': '0.0049', 'NDCG@20': '0.0023'}
{'Epoch': 12, 'name': 'low_freq', 'HIT@5': '0.0002', 'NDCG@5': '0.0001', 'HIT@10': '0.0016', 'NDCG@10': '0.0005', 'HIT@20': '0.0034', 'NDCG@20': '0.0010'}
{'Epoch': 12, 'name': 'all', 'HIT@5': '0.0172', 'NDCG@5': '0.0107', 'HIT@10': '0.0282', 'NDCG@10': '0.0142', 'HIT@20': '0.0453', 'NDCG@20': '0.0185'}
Validation score increased.  Saving model ...
rec dataset length: 741
100%|███████████████████████████████████████████████████████████████████████████████████████████████████████████████████████████████████████████████████████████| 741/741 [00:22<00:00, 33.61it/s]
{'epoch': 13, 'rec_avg_loss': '0.6316', 'joint_avg_loss': '0.6316', 'cl_avg_loss': '0.0000', 'itemcl_loss': '0.0000', 'cl_pair_0_loss': '0.0000'}
Recommendation EP_test:13: 100%|| 140/140 [00:10<00:00, 13.95it/s]
{'Epoch': 13, 'name': 'high_freq', 'HIT@5': '0.0249', 'NDCG@5': '0.0163', 'HIT@10': '0.0414', 'NDCG@10': '0.0215', 'HIT@20': '0.0685', 'NDCG@20': '0.0283'}
{'Epoch': 13, 'name': 'mid_freq', 'HIT@5': '0.0017', 'NDCG@5': '0.0010', 'HIT@10': '0.0039', 'NDCG@10': '0.0017', 'HIT@20': '0.0055', 'NDCG@20': '0.0021'}
{'Epoch': 13, 'name': 'low_freq', 'HIT@5': '0.0016', 'NDCG@5': '0.0011', 'HIT@10': '0.0018', 'NDCG@10': '0.0012', 'HIT@20': '0.0027', 'NDCG@20': '0.0014'}
{'Epoch': 13, 'name': 'all', 'HIT@5': '0.0175', 'NDCG@5': '0.0114', 'HIT@10': '0.0291', 'NDCG@10': '0.0151', 'HIT@20': '0.0480', 'NDCG@20': '0.0199'}
Validation score increased.  Saving model ...
rec dataset length: 741
100%|███████████████████████████████████████████████████████████████████████████████████████████████████████████████████████████████████████████████████████████| 741/741 [00:22<00:00, 33.63it/s]
{'epoch': 14, 'rec_avg_loss': '0.6219', 'joint_avg_loss': '0.6219', 'cl_avg_loss': '0.0000', 'itemcl_loss': '0.0000', 'cl_pair_0_loss': '0.0000'}
Recommendation EP_test:14: 100%|| 140/140 [00:09<00:00, 14.12it/s]
{'Epoch': 14, 'name': 'high_freq', 'HIT@5': '0.0241', 'NDCG@5': '0.0154', 'HIT@10': '0.0404', 'NDCG@10': '0.0206', 'HIT@20': '0.0673', 'NDCG@20': '0.0274'}
{'Epoch': 14, 'name': 'mid_freq', 'HIT@5': '0.0026', 'NDCG@5': '0.0015', 'HIT@10': '0.0050', 'NDCG@10': '0.0023', 'HIT@20': '0.0086', 'NDCG@20': '0.0032'}
{'Epoch': 14, 'name': 'low_freq', 'HIT@5': '0.0016', 'NDCG@5': '0.0009', 'HIT@10': '0.0027', 'NDCG@10': '0.0013', 'HIT@20': '0.0032', 'NDCG@20': '0.0014'}
{'Epoch': 14, 'name': 'all', 'HIT@5': '0.0171', 'NDCG@5': '0.0109', 'HIT@10': '0.0288', 'NDCG@10': '0.0146', 'HIT@20': '0.0479', 'NDCG@20': '0.0194'}
EarlyStopping counter: 1 out of 40
rec dataset length: 741
100%|███████████████████████████████████████████████████████████████████████████████████████████████████████████████████████████████████████████████████████████| 741/741 [00:21<00:00, 33.70it/s]
{'epoch': 15, 'rec_avg_loss': '0.6052', 'joint_avg_loss': '0.6052', 'cl_avg_loss': '0.0000', 'itemcl_loss': '0.0000', 'cl_pair_0_loss': '0.0000'}
Recommendation EP_test:15: 100%|| 140/140 [00:09<00:00, 14.08it/s]
{'Epoch': 15, 'name': 'high_freq', 'HIT@5': '0.0247', 'NDCG@5': '0.0161', 'HIT@10': '0.0407', 'NDCG@10': '0.0212', 'HIT@20': '0.0682', 'NDCG@20': '0.0282'}
{'Epoch': 15, 'name': 'mid_freq', 'HIT@5': '0.0024', 'NDCG@5': '0.0014', 'HIT@10': '0.0047', 'NDCG@10': '0.0021', 'HIT@20': '0.0070', 'NDCG@20': '0.0027'}
{'Epoch': 15, 'name': 'low_freq', 'HIT@5': '0.0009', 'NDCG@5': '0.0006', 'HIT@10': '0.0016', 'NDCG@10': '0.0008', 'HIT@20': '0.0034', 'NDCG@20': '0.0013'}
{'Epoch': 15, 'name': 'all', 'HIT@5': '0.0174', 'NDCG@5': '0.0113', 'HIT@10': '0.0288', 'NDCG@10': '0.0150', 'HIT@20': '0.0482', 'NDCG@20': '0.0199'}
EarlyStopping counter: 2 out of 40
rec dataset length: 741
100%|███████████████████████████████████████████████████████████████████████████████████████████████████████████████████████████████████████████████████████████| 741/741 [00:22<00:00, 33.28it/s]
{'epoch': 16, 'rec_avg_loss': '0.5946', 'joint_avg_loss': '0.5946', 'cl_avg_loss': '0.0000', 'itemcl_loss': '0.0000', 'cl_pair_0_loss': '0.0000'}
Recommendation EP_test:16: 100%|| 140/140 [00:10<00:00, 13.57it/s]
{'Epoch': 16, 'name': 'high_freq', 'HIT@5': '0.0253', 'NDCG@5': '0.0160', 'HIT@10': '0.0411', 'NDCG@10': '0.0210', 'HIT@20': '0.0666', 'NDCG@20': '0.0274'}
{'Epoch': 16, 'name': 'mid_freq', 'HIT@5': '0.0024', 'NDCG@5': '0.0015', 'HIT@10': '0.0052', 'NDCG@10': '0.0023', 'HIT@20': '0.0066', 'NDCG@20': '0.0027'}
{'Epoch': 16, 'name': 'low_freq', 'HIT@5': '0.0005', 'NDCG@5': '0.0003', 'HIT@10': '0.0018', 'NDCG@10': '0.0008', 'HIT@20': '0.0036', 'NDCG@20': '0.0012'}
{'Epoch': 16, 'name': 'all', 'HIT@5': '0.0178', 'NDCG@5': '0.0112', 'HIT@10': '0.0292', 'NDCG@10': '0.0148', 'HIT@20': '0.0470', 'NDCG@20': '0.0193'}
EarlyStopping counter: 3 out of 40
rec dataset length: 741
100%|███████████████████████████████████████████████████████████████████████████████████████████████████████████████████████████████████████████████████████████| 741/741 [00:22<00:00, 33.33it/s]
{'epoch': 17, 'rec_avg_loss': '0.5842', 'joint_avg_loss': '0.5842', 'cl_avg_loss': '0.0000', 'itemcl_loss': '0.0000', 'cl_pair_0_loss': '0.0000'}
Recommendation EP_test:17: 100%|| 140/140 [00:09<00:00, 14.40it/s]
{'Epoch': 17, 'name': 'high_freq', 'HIT@5': '0.0232', 'NDCG@5': '0.0149', 'HIT@10': '0.0409', 'NDCG@10': '0.0206', 'HIT@20': '0.0672', 'NDCG@20': '0.0272'}
{'Epoch': 17, 'name': 'mid_freq', 'HIT@5': '0.0029', 'NDCG@5': '0.0019', 'HIT@10': '0.0056', 'NDCG@10': '0.0028', 'HIT@20': '0.0098', 'NDCG@20': '0.0039'}
{'Epoch': 17, 'name': 'low_freq', 'HIT@5': '0.0007', 'NDCG@5': '0.0006', 'HIT@10': '0.0014', 'NDCG@10': '0.0008', 'HIT@20': '0.0038', 'NDCG@20': '0.0014'}
{'Epoch': 17, 'name': 'all', 'HIT@5': '0.0165', 'NDCG@5': '0.0106', 'HIT@10': '0.0291', 'NDCG@10': '0.0147', 'HIT@20': '0.0481', 'NDCG@20': '0.0194'}
EarlyStopping counter: 4 out of 40
rec dataset length: 741
100%|███████████████████████████████████████████████████████████████████████████████████████████████████████████████████████████████████████████████████████████| 741/741 [00:22<00:00, 33.40it/s]
{'epoch': 18, 'rec_avg_loss': '0.5747', 'joint_avg_loss': '0.5747', 'cl_avg_loss': '0.0000', 'itemcl_loss': '0.0000', 'cl_pair_0_loss': '0.0000'}
Recommendation EP_test:18: 100%|| 140/140 [00:09<00:00, 14.38it/s]
{'Epoch': 18, 'name': 'high_freq', 'HIT@5': '0.0247', 'NDCG@5': '0.0159', 'HIT@10': '0.0410', 'NDCG@10': '0.0211', 'HIT@20': '0.0690', 'NDCG@20': '0.0281'}
{'Epoch': 18, 'name': 'mid_freq', 'HIT@5': '0.0029', 'NDCG@5': '0.0019', 'HIT@10': '0.0055', 'NDCG@10': '0.0028', 'HIT@20': '0.0079', 'NDCG@20': '0.0034'}
{'Epoch': 18, 'name': 'low_freq', 'HIT@5': '0.0016', 'NDCG@5': '0.0010', 'HIT@10': '0.0025', 'NDCG@10': '0.0013', 'HIT@20': '0.0038', 'NDCG@20': '0.0017'}
{'Epoch': 18, 'name': 'all', 'HIT@5': '0.0176', 'NDCG@5': '0.0113', 'HIT@10': '0.0293', 'NDCG@10': '0.0151', 'HIT@20': '0.0489', 'NDCG@20': '0.0200'}
Validation score increased.  Saving model ...
rec dataset length: 741
100%|███████████████████████████████████████████████████████████████████████████████████████████████████████████████████████████████████████████████████████████| 741/741 [00:22<00:00, 33.57it/s]
{'epoch': 19, 'rec_avg_loss': '0.5639', 'joint_avg_loss': '0.5639', 'cl_avg_loss': '0.0000', 'itemcl_loss': '0.0000', 'cl_pair_0_loss': '0.0000'}
Recommendation EP_test:19: 100%|| 140/140 [00:09<00:00, 14.52it/s]
{'Epoch': 19, 'name': 'high_freq', 'HIT@5': '0.0237', 'NDCG@5': '0.0150', 'HIT@10': '0.0405', 'NDCG@10': '0.0204', 'HIT@20': '0.0660', 'NDCG@20': '0.0268'}
{'Epoch': 19, 'name': 'mid_freq', 'HIT@5': '0.0023', 'NDCG@5': '0.0013', 'HIT@10': '0.0042', 'NDCG@10': '0.0019', 'HIT@20': '0.0069', 'NDCG@20': '0.0026'}
{'Epoch': 19, 'name': 'low_freq', 'HIT@5': '0.0011', 'NDCG@5': '0.0007', 'HIT@10': '0.0020', 'NDCG@10': '0.0010', 'HIT@20': '0.0041', 'NDCG@20': '0.0015'}
{'Epoch': 19, 'name': 'all', 'HIT@5': '0.0167', 'NDCG@5': '0.0105', 'HIT@10': '0.0286', 'NDCG@10': '0.0144', 'HIT@20': '0.0467', 'NDCG@20': '0.0189'}
EarlyStopping counter: 1 out of 40
rec dataset length: 741
100%|███████████████████████████████████████████████████████████████████████████████████████████████████████████████████████████████████████████████████████████| 741/741 [00:22<00:00, 33.17it/s]
{'epoch': 20, 'rec_avg_loss': '0.5596', 'joint_avg_loss': '0.5596', 'cl_avg_loss': '0.0000', 'itemcl_loss': '0.0000', 'cl_pair_0_loss': '0.0000'}
Recommendation EP_test:20: 100%|| 140/140 [00:09<00:00, 14.48it/s]
{'Epoch': 20, 'name': 'high_freq', 'HIT@5': '0.0254', 'NDCG@5': '0.0162', 'HIT@10': '0.0430', 'NDCG@10': '0.0218', 'HIT@20': '0.0687', 'NDCG@20': '0.0282'}
{'Epoch': 20, 'name': 'mid_freq', 'HIT@5': '0.0030', 'NDCG@5': '0.0021', 'HIT@10': '0.0052', 'NDCG@10': '0.0028', 'HIT@20': '0.0086', 'NDCG@20': '0.0037'}
{'Epoch': 20, 'name': 'low_freq', 'HIT@5': '0.0025', 'NDCG@5': '0.0017', 'HIT@10': '0.0029', 'NDCG@10': '0.0019', 'HIT@20': '0.0052', 'NDCG@20': '0.0024'}
{'Epoch': 20, 'name': 'all', 'HIT@5': '0.0182', 'NDCG@5': '0.0116', 'HIT@10': '0.0306', 'NDCG@10': '0.0156', 'HIT@20': '0.0491', 'NDCG@20': '0.0202'}
Validation score increased.  Saving model ...
rec dataset length: 741
100%|███████████████████████████████████████████████████████████████████████████████████████████████████████████████████████████████████████████████████████████| 741/741 [00:22<00:00, 33.63it/s]
{'epoch': 21, 'rec_avg_loss': '0.5531', 'joint_avg_loss': '0.5531', 'cl_avg_loss': '0.0000', 'itemcl_loss': '0.0000', 'cl_pair_0_loss': '0.0000'}
Recommendation EP_test:21: 100%|| 140/140 [00:09<00:00, 14.17it/s]
{'Epoch': 21, 'name': 'high_freq', 'HIT@5': '0.0240', 'NDCG@5': '0.0149', 'HIT@10': '0.0410', 'NDCG@10': '0.0204', 'HIT@20': '0.0676', 'NDCG@20': '0.0271'}
{'Epoch': 21, 'name': 'mid_freq', 'HIT@5': '0.0033', 'NDCG@5': '0.0022', 'HIT@10': '0.0053', 'NDCG@10': '0.0029', 'HIT@20': '0.0095', 'NDCG@20': '0.0039'}
{'Epoch': 21, 'name': 'low_freq', 'HIT@5': '0.0027', 'NDCG@5': '0.0019', 'HIT@10': '0.0043', 'NDCG@10': '0.0024', 'HIT@20': '0.0066', 'NDCG@20': '0.0029'}
{'Epoch': 21, 'name': 'all', 'HIT@5': '0.0173', 'NDCG@5': '0.0108', 'HIT@10': '0.0295', 'NDCG@10': '0.0147', 'HIT@20': '0.0487', 'NDCG@20': '0.0195'}
EarlyStopping counter: 1 out of 40
rec dataset length: 741
100%|███████████████████████████████████████████████████████████████████████████████████████████████████████████████████████████████████████████████████████████| 741/741 [00:22<00:00, 33.54it/s]
{'epoch': 22, 'rec_avg_loss': '0.5464', 'joint_avg_loss': '0.5464', 'cl_avg_loss': '0.0000', 'itemcl_loss': '0.0000', 'cl_pair_0_loss': '0.0000'}
Recommendation EP_test:22: 100%|| 140/140 [00:09<00:00, 14.12it/s]
{'Epoch': 22, 'name': 'high_freq', 'HIT@5': '0.0253', 'NDCG@5': '0.0161', 'HIT@10': '0.0412', 'NDCG@10': '0.0213', 'HIT@20': '0.0669', 'NDCG@20': '0.0277'}
{'Epoch': 22, 'name': 'mid_freq', 'HIT@5': '0.0033', 'NDCG@5': '0.0022', 'HIT@10': '0.0060', 'NDCG@10': '0.0031', 'HIT@20': '0.0086', 'NDCG@20': '0.0037'}
{'Epoch': 22, 'name': 'low_freq', 'HIT@5': '0.0023', 'NDCG@5': '0.0014', 'HIT@10': '0.0038', 'NDCG@10': '0.0020', 'HIT@20': '0.0052', 'NDCG@20': '0.0023'}
{'Epoch': 22, 'name': 'all', 'HIT@5': '0.0181', 'NDCG@5': '0.0116', 'HIT@10': '0.0297', 'NDCG@10': '0.0153', 'HIT@20': '0.0478', 'NDCG@20': '0.0198'}
EarlyStopping counter: 2 out of 40
rec dataset length: 741
100%|███████████████████████████████████████████████████████████████████████████████████████████████████████████████████████████████████████████████████████████| 741/741 [00:21<00:00, 33.70it/s]
{'epoch': 23, 'rec_avg_loss': '0.5412', 'joint_avg_loss': '0.5412', 'cl_avg_loss': '0.0000', 'itemcl_loss': '0.0000', 'cl_pair_0_loss': '0.0000'}
Recommendation EP_test:23: 100%|| 140/140 [00:09<00:00, 14.77it/s]
{'Epoch': 23, 'name': 'high_freq', 'HIT@5': '0.0263', 'NDCG@5': '0.0165', 'HIT@10': '0.0422', 'NDCG@10': '0.0216', 'HIT@20': '0.0704', 'NDCG@20': '0.0287'}
{'Epoch': 23, 'name': 'mid_freq', 'HIT@5': '0.0042', 'NDCG@5': '0.0026', 'HIT@10': '0.0059', 'NDCG@10': '0.0031', 'HIT@20': '0.0105', 'NDCG@20': '0.0043'}
{'Epoch': 23, 'name': 'low_freq', 'HIT@5': '0.0032', 'NDCG@5': '0.0020', 'HIT@10': '0.0038', 'NDCG@10': '0.0022', 'HIT@20': '0.0057', 'NDCG@20': '0.0027'}
{'Epoch': 23, 'name': 'all', 'HIT@5': '0.0191', 'NDCG@5': '0.0120', 'HIT@10': '0.0303', 'NDCG@10': '0.0156', 'HIT@20': '0.0506', 'NDCG@20': '0.0207'}
Validation score increased.  Saving model ...
rec dataset length: 741
100%|███████████████████████████████████████████████████████████████████████████████████████████████████████████████████████████████████████████████████████████| 741/741 [00:22<00:00, 32.93it/s]
{'epoch': 24, 'rec_avg_loss': '0.5362', 'joint_avg_loss': '0.5362', 'cl_avg_loss': '0.0000', 'itemcl_loss': '0.0000', 'cl_pair_0_loss': '0.0000'}
Recommendation EP_test:24: 100%|| 140/140 [00:10<00:00, 13.94it/s]
{'Epoch': 24, 'name': 'high_freq', 'HIT@5': '0.0266', 'NDCG@5': '0.0172', 'HIT@10': '0.0434', 'NDCG@10': '0.0226', 'HIT@20': '0.0694', 'NDCG@20': '0.0292'}
{'Epoch': 24, 'name': 'mid_freq', 'HIT@5': '0.0037', 'NDCG@5': '0.0024', 'HIT@10': '0.0059', 'NDCG@10': '0.0031', 'HIT@20': '0.0113', 'NDCG@20': '0.0044'}
{'Epoch': 24, 'name': 'low_freq', 'HIT@5': '0.0034', 'NDCG@5': '0.0016', 'HIT@10': '0.0041', 'NDCG@10': '0.0018', 'HIT@20': '0.0054', 'NDCG@20': '0.0022'}
{'Epoch': 24, 'name': 'all', 'HIT@5': '0.0192', 'NDCG@5': '0.0124', 'HIT@10': '0.0312', 'NDCG@10': '0.0162', 'HIT@20': '0.0501', 'NDCG@20': '0.0210'}
Validation score increased.  Saving model ...
rec dataset length: 741
100%|███████████████████████████████████████████████████████████████████████████████████████████████████████████████████████████████████████████████████████████| 741/741 [00:22<00:00, 33.55it/s]
{'epoch': 25, 'rec_avg_loss': '0.5290', 'joint_avg_loss': '0.5290', 'cl_avg_loss': '0.0000', 'itemcl_loss': '0.0000', 'cl_pair_0_loss': '0.0000'}
Recommendation EP_test:25: 100%|| 140/140 [00:09<00:00, 14.20it/s]
{'Epoch': 25, 'name': 'high_freq', 'HIT@5': '0.0262', 'NDCG@5': '0.0171', 'HIT@10': '0.0428', 'NDCG@10': '0.0224', 'HIT@20': '0.0684', 'NDCG@20': '0.0289'}
{'Epoch': 25, 'name': 'mid_freq', 'HIT@5': '0.0053', 'NDCG@5': '0.0034', 'HIT@10': '0.0068', 'NDCG@10': '0.0039', 'HIT@20': '0.0126', 'NDCG@20': '0.0054'}
{'Epoch': 25, 'name': 'low_freq', 'HIT@5': '0.0036', 'NDCG@5': '0.0027', 'HIT@10': '0.0048', 'NDCG@10': '0.0031', 'HIT@20': '0.0057', 'NDCG@20': '0.0033'}
{'Epoch': 25, 'name': 'all', 'HIT@5': '0.0193', 'NDCG@5': '0.0127', 'HIT@10': '0.0310', 'NDCG@10': '0.0164', 'HIT@20': '0.0497', 'NDCG@20': '0.0211'}
Validation score increased.  Saving model ...
rec dataset length: 741
100%|███████████████████████████████████████████████████████████████████████████████████████████████████████████████████████████████████████████████████████████| 741/741 [00:22<00:00, 32.98it/s]
{'epoch': 26, 'rec_avg_loss': '0.5264', 'joint_avg_loss': '0.5264', 'cl_avg_loss': '0.0000', 'itemcl_loss': '0.0000', 'cl_pair_0_loss': '0.0000'}
Recommendation EP_test:26: 100%|| 140/140 [00:09<00:00, 14.03it/s]
{'Epoch': 26, 'name': 'high_freq', 'HIT@5': '0.0257', 'NDCG@5': '0.0165', 'HIT@10': '0.0417', 'NDCG@10': '0.0217', 'HIT@20': '0.0684', 'NDCG@20': '0.0284'}
{'Epoch': 26, 'name': 'mid_freq', 'HIT@5': '0.0049', 'NDCG@5': '0.0031', 'HIT@10': '0.0070', 'NDCG@10': '0.0038', 'HIT@20': '0.0113', 'NDCG@20': '0.0049'}
{'Epoch': 26, 'name': 'low_freq', 'HIT@5': '0.0020', 'NDCG@5': '0.0015', 'HIT@10': '0.0036', 'NDCG@10': '0.0021', 'HIT@20': '0.0054', 'NDCG@20': '0.0025'}
{'Epoch': 26, 'name': 'all', 'HIT@5': '0.0187', 'NDCG@5': '0.0120', 'HIT@10': '0.0302', 'NDCG@10': '0.0157', 'HIT@20': '0.0494', 'NDCG@20': '0.0206'}
EarlyStopping counter: 1 out of 40
rec dataset length: 741
100%|███████████████████████████████████████████████████████████████████████████████████████████████████████████████████████████████████████████████████████████| 741/741 [00:22<00:00, 33.63it/s]
{'epoch': 27, 'rec_avg_loss': '0.5206', 'joint_avg_loss': '0.5206', 'cl_avg_loss': '0.0000', 'itemcl_loss': '0.0000', 'cl_pair_0_loss': '0.0000'}
Recommendation EP_test:27: 100%|| 140/140 [00:09<00:00, 14.44it/s]
{'Epoch': 27, 'name': 'high_freq', 'HIT@5': '0.0245', 'NDCG@5': '0.0155', 'HIT@10': '0.0420', 'NDCG@10': '0.0211', 'HIT@20': '0.0690', 'NDCG@20': '0.0279'}
{'Epoch': 27, 'name': 'mid_freq', 'HIT@5': '0.0040', 'NDCG@5': '0.0027', 'HIT@10': '0.0066', 'NDCG@10': '0.0035', 'HIT@20': '0.0125', 'NDCG@20': '0.0050'}
{'Epoch': 27, 'name': 'low_freq', 'HIT@5': '0.0029', 'NDCG@5': '0.0022', 'HIT@10': '0.0041', 'NDCG@10': '0.0026', 'HIT@20': '0.0057', 'NDCG@20': '0.0030'}
{'Epoch': 27, 'name': 'all', 'HIT@5': '0.0178', 'NDCG@5': '0.0114', 'HIT@10': '0.0303', 'NDCG@10': '0.0154', 'HIT@20': '0.0501', 'NDCG@20': '0.0203'}
EarlyStopping counter: 2 out of 40
rec dataset length: 741
100%|███████████████████████████████████████████████████████████████████████████████████████████████████████████████████████████████████████████████████████████| 741/741 [00:21<00:00, 33.85it/s]
{'epoch': 28, 'rec_avg_loss': '0.5138', 'joint_avg_loss': '0.5138', 'cl_avg_loss': '0.0000', 'itemcl_loss': '0.0000', 'cl_pair_0_loss': '0.0000'}
Recommendation EP_test:28: 100%|| 140/140 [00:09<00:00, 14.69it/s]
{'Epoch': 28, 'name': 'high_freq', 'HIT@5': '0.0264', 'NDCG@5': '0.0167', 'HIT@10': '0.0433', 'NDCG@10': '0.0221', 'HIT@20': '0.0714', 'NDCG@20': '0.0292'}
{'Epoch': 28, 'name': 'mid_freq', 'HIT@5': '0.0049', 'NDCG@5': '0.0032', 'HIT@10': '0.0076', 'NDCG@10': '0.0041', 'HIT@20': '0.0118', 'NDCG@20': '0.0052'}
{'Epoch': 28, 'name': 'low_freq', 'HIT@5': '0.0034', 'NDCG@5': '0.0024', 'HIT@10': '0.0036', 'NDCG@10': '0.0025', 'HIT@20': '0.0057', 'NDCG@20': '0.0030'}
{'Epoch': 28, 'name': 'all', 'HIT@5': '0.0193', 'NDCG@5': '0.0123', 'HIT@10': '0.0314', 'NDCG@10': '0.0162', 'HIT@20': '0.0516', 'NDCG@20': '0.0212'}
Validation score increased.  Saving model ...
rec dataset length: 741
100%|███████████████████████████████████████████████████████████████████████████████████████████████████████████████████████████████████████████████████████████| 741/741 [00:21<00:00, 33.73it/s]
{'epoch': 29, 'rec_avg_loss': '0.5100', 'joint_avg_loss': '0.5100', 'cl_avg_loss': '0.0000', 'itemcl_loss': '0.0000', 'cl_pair_0_loss': '0.0000'}
Recommendation EP_test:29: 100%|| 140/140 [00:09<00:00, 14.34it/s]
{'Epoch': 29, 'name': 'high_freq', 'HIT@5': '0.0260', 'NDCG@5': '0.0162', 'HIT@10': '0.0425', 'NDCG@10': '0.0215', 'HIT@20': '0.0689', 'NDCG@20': '0.0281'}
{'Epoch': 29, 'name': 'mid_freq', 'HIT@5': '0.0043', 'NDCG@5': '0.0030', 'HIT@10': '0.0069', 'NDCG@10': '0.0038', 'HIT@20': '0.0109', 'NDCG@20': '0.0048'}
{'Epoch': 29, 'name': 'low_freq', 'HIT@5': '0.0025', 'NDCG@5': '0.0022', 'HIT@10': '0.0034', 'NDCG@10': '0.0025', 'HIT@20': '0.0052', 'NDCG@20': '0.0030'}
{'Epoch': 29, 'name': 'all', 'HIT@5': '0.0188', 'NDCG@5': '0.0119', 'HIT@10': '0.0307', 'NDCG@10': '0.0157', 'HIT@20': '0.0497', 'NDCG@20': '0.0205'}
EarlyStopping counter: 1 out of 40
rec dataset length: 741
100%|███████████████████████████████████████████████████████████████████████████████████████████████████████████████████████████████████████████████████████████| 741/741 [00:22<00:00, 33.47it/s]
{'epoch': 30, 'rec_avg_loss': '0.5053', 'joint_avg_loss': '0.5053', 'cl_avg_loss': '0.0000', 'itemcl_loss': '0.0000', 'cl_pair_0_loss': '0.0000'}
Recommendation EP_test:30: 100%|| 140/140 [00:09<00:00, 14.37it/s]
{'Epoch': 30, 'name': 'high_freq', 'HIT@5': '0.0292', 'NDCG@5': '0.0191', 'HIT@10': '0.0443', 'NDCG@10': '0.0240', 'HIT@20': '0.0709', 'NDCG@20': '0.0306'}
{'Epoch': 30, 'name': 'mid_freq', 'HIT@5': '0.0055', 'NDCG@5': '0.0036', 'HIT@10': '0.0079', 'NDCG@10': '0.0044', 'HIT@20': '0.0134', 'NDCG@20': '0.0058'}
{'Epoch': 30, 'name': 'low_freq', 'HIT@5': '0.0036', 'NDCG@5': '0.0028', 'HIT@10': '0.0045', 'NDCG@10': '0.0031', 'HIT@20': '0.0070', 'NDCG@20': '0.0037'}
{'Epoch': 30, 'name': 'all', 'HIT@5': '0.0214', 'NDCG@5': '0.0141', 'HIT@10': '0.0323', 'NDCG@10': '0.0176', 'HIT@20': '0.0517', 'NDCG@20': '0.0224'}
Validation score increased.  Saving model ...
rec dataset length: 741
100%|███████████████████████████████████████████████████████████████████████████████████████████████████████████████████████████████████████████████████████████| 741/741 [00:21<00:00, 33.72it/s]
{'epoch': 31, 'rec_avg_loss': '0.5010', 'joint_avg_loss': '0.5010', 'cl_avg_loss': '0.0000', 'itemcl_loss': '0.0000', 'cl_pair_0_loss': '0.0000'}
Recommendation EP_test:31: 100%|| 140/140 [00:09<00:00, 14.78it/s]
{'Epoch': 31, 'name': 'high_freq', 'HIT@5': '0.0272', 'NDCG@5': '0.0174', 'HIT@10': '0.0446', 'NDCG@10': '0.0230', 'HIT@20': '0.0710', 'NDCG@20': '0.0296'}
{'Epoch': 31, 'name': 'mid_freq', 'HIT@5': '0.0047', 'NDCG@5': '0.0033', 'HIT@10': '0.0082', 'NDCG@10': '0.0044', 'HIT@20': '0.0144', 'NDCG@20': '0.0060'}
{'Epoch': 31, 'name': 'low_freq', 'HIT@5': '0.0036', 'NDCG@5': '0.0030', 'HIT@10': '0.0048', 'NDCG@10': '0.0033', 'HIT@20': '0.0066', 'NDCG@20': '0.0038'}
{'Epoch': 31, 'name': 'all', 'HIT@5': '0.0199', 'NDCG@5': '0.0128', 'HIT@10': '0.0325', 'NDCG@10': '0.0169', 'HIT@20': '0.0519', 'NDCG@20': '0.0218'}
EarlyStopping counter: 1 out of 40
rec dataset length: 741
100%|███████████████████████████████████████████████████████████████████████████████████████████████████████████████████████████████████████████████████████████| 741/741 [00:22<00:00, 33.36it/s]
{'epoch': 32, 'rec_avg_loss': '0.4990', 'joint_avg_loss': '0.4990', 'cl_avg_loss': '0.0000', 'itemcl_loss': '0.0000', 'cl_pair_0_loss': '0.0000'}
Recommendation EP_test:32: 100%|| 140/140 [00:09<00:00, 14.49it/s]
{'Epoch': 32, 'name': 'high_freq', 'HIT@5': '0.0280', 'NDCG@5': '0.0179', 'HIT@10': '0.0454', 'NDCG@10': '0.0235', 'HIT@20': '0.0713', 'NDCG@20': '0.0300'}
{'Epoch': 32, 'name': 'mid_freq', 'HIT@5': '0.0039', 'NDCG@5': '0.0026', 'HIT@10': '0.0076', 'NDCG@10': '0.0038', 'HIT@20': '0.0135', 'NDCG@20': '0.0053'}
{'Epoch': 32, 'name': 'low_freq', 'HIT@5': '0.0020', 'NDCG@5': '0.0019', 'HIT@10': '0.0032', 'NDCG@10': '0.0023', 'HIT@20': '0.0061', 'NDCG@20': '0.0030'}
{'Epoch': 32, 'name': 'all', 'HIT@5': '0.0200', 'NDCG@5': '0.0129', 'HIT@10': '0.0328', 'NDCG@10': '0.0170', 'HIT@20': '0.0519', 'NDCG@20': '0.0218'}
EarlyStopping counter: 2 out of 40
rec dataset length: 741
100%|███████████████████████████████████████████████████████████████████████████████████████████████████████████████████████████████████████████████████████████| 741/741 [00:22<00:00, 33.28it/s]
{'epoch': 33, 'rec_avg_loss': '0.4948', 'joint_avg_loss': '0.4948', 'cl_avg_loss': '0.0000', 'itemcl_loss': '0.0000', 'cl_pair_0_loss': '0.0000'}
Recommendation EP_test:33: 100%|| 140/140 [00:09<00:00, 14.80it/s]
{'Epoch': 33, 'name': 'high_freq', 'HIT@5': '0.0280', 'NDCG@5': '0.0180', 'HIT@10': '0.0451', 'NDCG@10': '0.0235', 'HIT@20': '0.0707', 'NDCG@20': '0.0299'}
{'Epoch': 33, 'name': 'mid_freq', 'HIT@5': '0.0050', 'NDCG@5': '0.0030', 'HIT@10': '0.0080', 'NDCG@10': '0.0039', 'HIT@20': '0.0145', 'NDCG@20': '0.0055'}
{'Epoch': 33, 'name': 'low_freq', 'HIT@5': '0.0036', 'NDCG@5': '0.0025', 'HIT@10': '0.0052', 'NDCG@10': '0.0030', 'HIT@20': '0.0070', 'NDCG@20': '0.0035'}
{'Epoch': 33, 'name': 'all', 'HIT@5': '0.0205', 'NDCG@5': '0.0132', 'HIT@10': '0.0329', 'NDCG@10': '0.0171', 'HIT@20': '0.0518', 'NDCG@20': '0.0219'}
EarlyStopping counter: 3 out of 40
rec dataset length: 741
100%|███████████████████████████████████████████████████████████████████████████████████████████████████████████████████████████████████████████████████████████| 741/741 [00:22<00:00, 33.00it/s]
{'epoch': 34, 'rec_avg_loss': '0.4888', 'joint_avg_loss': '0.4888', 'cl_avg_loss': '0.0000', 'itemcl_loss': '0.0000', 'cl_pair_0_loss': '0.0000'}
Recommendation EP_test:34: 100%|| 140/140 [00:09<00:00, 14.66it/s]
{'Epoch': 34, 'name': 'high_freq', 'HIT@5': '0.0262', 'NDCG@5': '0.0168', 'HIT@10': '0.0445', 'NDCG@10': '0.0227', 'HIT@20': '0.0698', 'NDCG@20': '0.0290'}
{'Epoch': 34, 'name': 'mid_freq', 'HIT@5': '0.0042', 'NDCG@5': '0.0026', 'HIT@10': '0.0080', 'NDCG@10': '0.0039', 'HIT@20': '0.0152', 'NDCG@20': '0.0057'}
{'Epoch': 34, 'name': 'low_freq', 'HIT@5': '0.0029', 'NDCG@5': '0.0023', 'HIT@10': '0.0043', 'NDCG@10': '0.0027', 'HIT@20': '0.0081', 'NDCG@20': '0.0037'}
{'Epoch': 34, 'name': 'all', 'HIT@5': '0.0190', 'NDCG@5': '0.0122', 'HIT@10': '0.0324', 'NDCG@10': '0.0165', 'HIT@20': '0.0515', 'NDCG@20': '0.0213'}
EarlyStopping counter: 4 out of 40
rec dataset length: 741
100%|███████████████████████████████████████████████████████████████████████████████████████████████████████████████████████████████████████████████████████████| 741/741 [00:22<00:00, 33.63it/s]
{'epoch': 35, 'rec_avg_loss': '0.4847', 'joint_avg_loss': '0.4847', 'cl_avg_loss': '0.0000', 'itemcl_loss': '0.0000', 'cl_pair_0_loss': '0.0000'}
Recommendation EP_test:35: 100%|| 140/140 [00:09<00:00, 14.30it/s]
{'Epoch': 35, 'name': 'high_freq', 'HIT@5': '0.0283', 'NDCG@5': '0.0185', 'HIT@10': '0.0457', 'NDCG@10': '0.0240', 'HIT@20': '0.0722', 'NDCG@20': '0.0307'}
{'Epoch': 35, 'name': 'mid_freq', 'HIT@5': '0.0052', 'NDCG@5': '0.0037', 'HIT@10': '0.0079', 'NDCG@10': '0.0046', 'HIT@20': '0.0134', 'NDCG@20': '0.0060'}
{'Epoch': 35, 'name': 'low_freq', 'HIT@5': '0.0032', 'NDCG@5': '0.0024', 'HIT@10': '0.0041', 'NDCG@10': '0.0027', 'HIT@20': '0.0081', 'NDCG@20': '0.0037'}
{'Epoch': 35, 'name': 'all', 'HIT@5': '0.0206', 'NDCG@5': '0.0136', 'HIT@10': '0.0331', 'NDCG@10': '0.0176', 'HIT@20': '0.0527', 'NDCG@20': '0.0225'}
Validation score increased.  Saving model ...
rec dataset length: 741
100%|███████████████████████████████████████████████████████████████████████████████████████████████████████████████████████████████████████████████████████████| 741/741 [00:22<00:00, 33.40it/s]
{'epoch': 36, 'rec_avg_loss': '0.4808', 'joint_avg_loss': '0.4808', 'cl_avg_loss': '0.0000', 'itemcl_loss': '0.0000', 'cl_pair_0_loss': '0.0000'}
Recommendation EP_test:36: 100%|| 140/140 [00:09<00:00, 15.37it/s]
{'Epoch': 36, 'name': 'high_freq', 'HIT@5': '0.0269', 'NDCG@5': '0.0173', 'HIT@10': '0.0433', 'NDCG@10': '0.0226', 'HIT@20': '0.0695', 'NDCG@20': '0.0291'}
{'Epoch': 36, 'name': 'mid_freq', 'HIT@5': '0.0062', 'NDCG@5': '0.0041', 'HIT@10': '0.0108', 'NDCG@10': '0.0056', 'HIT@20': '0.0172', 'NDCG@20': '0.0072'}
{'Epoch': 36, 'name': 'low_freq', 'HIT@5': '0.0038', 'NDCG@5': '0.0024', 'HIT@10': '0.0057', 'NDCG@10': '0.0030', 'HIT@20': '0.0077', 'NDCG@20': '0.0035'}
{'Epoch': 36, 'name': 'all', 'HIT@5': '0.0200', 'NDCG@5': '0.0129', 'HIT@10': '0.0323', 'NDCG@10': '0.0168', 'HIT@20': '0.0516', 'NDCG@20': '0.0217'}
EarlyStopping counter: 1 out of 40
rec dataset length: 741
100%|███████████████████████████████████████████████████████████████████████████████████████████████████████████████████████████████████████████████████████████| 741/741 [00:21<00:00, 33.82it/s]
{'epoch': 37, 'rec_avg_loss': '0.4757', 'joint_avg_loss': '0.4757', 'cl_avg_loss': '0.0000', 'itemcl_loss': '0.0000', 'cl_pair_0_loss': '0.0000'}
Recommendation EP_test:37: 100%|| 140/140 [00:09<00:00, 14.62it/s]
{'Epoch': 37, 'name': 'high_freq', 'HIT@5': '0.0267', 'NDCG@5': '0.0185', 'HIT@10': '0.0450', 'NDCG@10': '0.0243', 'HIT@20': '0.0721', 'NDCG@20': '0.0311'}
{'Epoch': 37, 'name': 'mid_freq', 'HIT@5': '0.0060', 'NDCG@5': '0.0040', 'HIT@10': '0.0086', 'NDCG@10': '0.0048', 'HIT@20': '0.0141', 'NDCG@20': '0.0062'}
{'Epoch': 37, 'name': 'low_freq', 'HIT@5': '0.0048', 'NDCG@5': '0.0031', 'HIT@10': '0.0061', 'NDCG@10': '0.0035', 'HIT@20': '0.0070', 'NDCG@20': '0.0037'}
{'Epoch': 37, 'name': 'all', 'HIT@5': '0.0199', 'NDCG@5': '0.0137', 'HIT@10': '0.0331', 'NDCG@10': '0.0179', 'HIT@20': '0.0527', 'NDCG@20': '0.0228'}
Validation score increased.  Saving model ...
rec dataset length: 741
100%|███████████████████████████████████████████████████████████████████████████████████████████████████████████████████████████████████████████████████████████| 741/741 [00:21<00:00, 33.74it/s]
{'epoch': 38, 'rec_avg_loss': '0.4748', 'joint_avg_loss': '0.4748', 'cl_avg_loss': '0.0000', 'itemcl_loss': '0.0000', 'cl_pair_0_loss': '0.0000'}
Recommendation EP_test:38: 100%|| 140/140 [00:09<00:00, 14.90it/s]
{'Epoch': 38, 'name': 'high_freq', 'HIT@5': '0.0270', 'NDCG@5': '0.0177', 'HIT@10': '0.0439', 'NDCG@10': '0.0231', 'HIT@20': '0.0724', 'NDCG@20': '0.0303'}
{'Epoch': 38, 'name': 'mid_freq', 'HIT@5': '0.0055', 'NDCG@5': '0.0036', 'HIT@10': '0.0090', 'NDCG@10': '0.0047', 'HIT@20': '0.0151', 'NDCG@20': '0.0062'}
{'Epoch': 38, 'name': 'low_freq', 'HIT@5': '0.0043', 'NDCG@5': '0.0031', 'HIT@10': '0.0048', 'NDCG@10': '0.0033', 'HIT@20': '0.0066', 'NDCG@20': '0.0037'}
{'Epoch': 38, 'name': 'all', 'HIT@5': '0.0200', 'NDCG@5': '0.0131', 'HIT@10': '0.0322', 'NDCG@10': '0.0171', 'HIT@20': '0.0530', 'NDCG@20': '0.0223'}
EarlyStopping counter: 1 out of 40
rec dataset length: 741
100%|███████████████████████████████████████████████████████████████████████████████████████████████████████████████████████████████████████████████████████████| 741/741 [00:22<00:00, 33.00it/s]
{'epoch': 39, 'rec_avg_loss': '0.4747', 'joint_avg_loss': '0.4747', 'cl_avg_loss': '0.0000', 'itemcl_loss': '0.0000', 'cl_pair_0_loss': '0.0000'}
Recommendation EP_test:39: 100%|| 140/140 [00:09<00:00, 14.93it/s]
{'Epoch': 39, 'name': 'high_freq', 'HIT@5': '0.0274', 'NDCG@5': '0.0176', 'HIT@10': '0.0460', 'NDCG@10': '0.0236', 'HIT@20': '0.0731', 'NDCG@20': '0.0304'}
{'Epoch': 39, 'name': 'mid_freq', 'HIT@5': '0.0056', 'NDCG@5': '0.0037', 'HIT@10': '0.0085', 'NDCG@10': '0.0046', 'HIT@20': '0.0147', 'NDCG@20': '0.0062'}
{'Epoch': 39, 'name': 'low_freq', 'HIT@5': '0.0048', 'NDCG@5': '0.0031', 'HIT@10': '0.0066', 'NDCG@10': '0.0037', 'HIT@20': '0.0081', 'NDCG@20': '0.0041'}
{'Epoch': 39, 'name': 'all', 'HIT@5': '0.0203', 'NDCG@5': '0.0131', 'HIT@10': '0.0337', 'NDCG@10': '0.0174', 'HIT@20': '0.0536', 'NDCG@20': '0.0224'}
EarlyStopping counter: 2 out of 40
rec dataset length: 741
100%|███████████████████████████████████████████████████████████████████████████████████████████████████████████████████████████████████████████████████████████| 741/741 [00:21<00:00, 33.89it/s]
{'epoch': 40, 'rec_avg_loss': '0.4706', 'joint_avg_loss': '0.4706', 'cl_avg_loss': '0.0000', 'itemcl_loss': '0.0000', 'cl_pair_0_loss': '0.0000'}
Recommendation EP_test:40: 100%|| 140/140 [00:09<00:00, 14.49it/s]
{'Epoch': 40, 'name': 'high_freq', 'HIT@5': '0.0275', 'NDCG@5': '0.0181', 'HIT@10': '0.0448', 'NDCG@10': '0.0236', 'HIT@20': '0.0726', 'NDCG@20': '0.0306'}
{'Epoch': 40, 'name': 'mid_freq', 'HIT@5': '0.0055', 'NDCG@5': '0.0038', 'HIT@10': '0.0089', 'NDCG@10': '0.0049', 'HIT@20': '0.0148', 'NDCG@20': '0.0064'}
{'Epoch': 40, 'name': 'low_freq', 'HIT@5': '0.0050', 'NDCG@5': '0.0036', 'HIT@10': '0.0066', 'NDCG@10': '0.0041', 'HIT@20': '0.0084', 'NDCG@20': '0.0045'}
{'Epoch': 40, 'name': 'all', 'HIT@5': '0.0204', 'NDCG@5': '0.0135', 'HIT@10': '0.0330', 'NDCG@10': '0.0175', 'HIT@20': '0.0533', 'NDCG@20': '0.0226'}
EarlyStopping counter: 3 out of 40
rec dataset length: 741
100%|███████████████████████████████████████████████████████████████████████████████████████████████████████████████████████████████████████████████████████████| 741/741 [00:22<00:00, 33.62it/s]
{'epoch': 41, 'rec_avg_loss': '0.4711', 'joint_avg_loss': '0.4711', 'cl_avg_loss': '0.0000', 'itemcl_loss': '0.0000', 'cl_pair_0_loss': '0.0000'}
Recommendation EP_test:41: 100%|| 140/140 [00:09<00:00, 14.69it/s]
{'Epoch': 41, 'name': 'high_freq', 'HIT@5': '0.0256', 'NDCG@5': '0.0165', 'HIT@10': '0.0427', 'NDCG@10': '0.0220', 'HIT@20': '0.0723', 'NDCG@20': '0.0294'}
{'Epoch': 41, 'name': 'mid_freq', 'HIT@5': '0.0053', 'NDCG@5': '0.0036', 'HIT@10': '0.0090', 'NDCG@10': '0.0048', 'HIT@20': '0.0152', 'NDCG@20': '0.0064'}
{'Epoch': 41, 'name': 'low_freq', 'HIT@5': '0.0050', 'NDCG@5': '0.0036', 'HIT@10': '0.0054', 'NDCG@10': '0.0038', 'HIT@20': '0.0075', 'NDCG@20': '0.0043'}
{'Epoch': 41, 'name': 'all', 'HIT@5': '0.0191', 'NDCG@5': '0.0124', 'HIT@10': '0.0315', 'NDCG@10': '0.0164', 'HIT@20': '0.0531', 'NDCG@20': '0.0218'}
EarlyStopping counter: 4 out of 40
rec dataset length: 741
100%|███████████████████████████████████████████████████████████████████████████████████████████████████████████████████████████████████████████████████████████| 741/741 [00:21<00:00, 33.93it/s]
{'epoch': 42, 'rec_avg_loss': '0.4713', 'joint_avg_loss': '0.4713', 'cl_avg_loss': '0.0000', 'itemcl_loss': '0.0000', 'cl_pair_0_loss': '0.0000'}
Recommendation EP_test:42: 100%|| 140/140 [00:09<00:00, 14.76it/s]
{'Epoch': 42, 'name': 'high_freq', 'HIT@5': '0.0271', 'NDCG@5': '0.0175', 'HIT@10': '0.0425', 'NDCG@10': '0.0224', 'HIT@20': '0.0705', 'NDCG@20': '0.0295'}
{'Epoch': 42, 'name': 'mid_freq', 'HIT@5': '0.0070', 'NDCG@5': '0.0046', 'HIT@10': '0.0118', 'NDCG@10': '0.0061', 'HIT@20': '0.0184', 'NDCG@20': '0.0078'}
{'Epoch': 42, 'name': 'low_freq', 'HIT@5': '0.0045', 'NDCG@5': '0.0036', 'HIT@10': '0.0054', 'NDCG@10': '0.0039', 'HIT@20': '0.0091', 'NDCG@20': '0.0048'}
{'Epoch': 42, 'name': 'all', 'HIT@5': '0.0204', 'NDCG@5': '0.0132', 'HIT@10': '0.0319', 'NDCG@10': '0.0169', 'HIT@20': '0.0527', 'NDCG@20': '0.0222'}
EarlyStopping counter: 5 out of 40
rec dataset length: 741
100%|███████████████████████████████████████████████████████████████████████████████████████████████████████████████████████████████████████████████████████████| 741/741 [00:22<00:00, 33.38it/s]
{'epoch': 43, 'rec_avg_loss': '0.4654', 'joint_avg_loss': '0.4654', 'cl_avg_loss': '0.0000', 'itemcl_loss': '0.0000', 'cl_pair_0_loss': '0.0000'}
Recommendation EP_test:43: 100%|| 140/140 [00:09<00:00, 14.72it/s]
{'Epoch': 43, 'name': 'high_freq', 'HIT@5': '0.0277', 'NDCG@5': '0.0177', 'HIT@10': '0.0438', 'NDCG@10': '0.0229', 'HIT@20': '0.0697', 'NDCG@20': '0.0294'}
{'Epoch': 43, 'name': 'mid_freq', 'HIT@5': '0.0055', 'NDCG@5': '0.0036', 'HIT@10': '0.0092', 'NDCG@10': '0.0047', 'HIT@20': '0.0164', 'NDCG@20': '0.0066'}
{'Epoch': 43, 'name': 'low_freq', 'HIT@5': '0.0041', 'NDCG@5': '0.0035', 'HIT@10': '0.0054', 'NDCG@10': '0.0040', 'HIT@20': '0.0077', 'NDCG@20': '0.0045'}
{'Epoch': 43, 'name': 'all', 'HIT@5': '0.0204', 'NDCG@5': '0.0132', 'HIT@10': '0.0322', 'NDCG@10': '0.0170', 'HIT@20': '0.0515', 'NDCG@20': '0.0218'}
EarlyStopping counter: 6 out of 40
rec dataset length: 741
100%|███████████████████████████████████████████████████████████████████████████████████████████████████████████████████████████████████████████████████████████| 741/741 [00:21<00:00, 33.83it/s]
{'epoch': 44, 'rec_avg_loss': '0.4645', 'joint_avg_loss': '0.4645', 'cl_avg_loss': '0.0000', 'itemcl_loss': '0.0000', 'cl_pair_0_loss': '0.0000'}
Recommendation EP_test:44: 100%|| 140/140 [00:09<00:00, 14.33it/s]
{'Epoch': 44, 'name': 'high_freq', 'HIT@5': '0.0280', 'NDCG@5': '0.0181', 'HIT@10': '0.0453', 'NDCG@10': '0.0236', 'HIT@20': '0.0710', 'NDCG@20': '0.0300'}
{'Epoch': 44, 'name': 'mid_freq', 'HIT@5': '0.0068', 'NDCG@5': '0.0044', 'HIT@10': '0.0109', 'NDCG@10': '0.0057', 'HIT@20': '0.0165', 'NDCG@20': '0.0071'}
{'Epoch': 44, 'name': 'low_freq', 'HIT@5': '0.0043', 'NDCG@5': '0.0033', 'HIT@10': '0.0054', 'NDCG@10': '0.0037', 'HIT@20': '0.0079', 'NDCG@20': '0.0043'}
{'Epoch': 44, 'name': 'all', 'HIT@5': '0.0209', 'NDCG@5': '0.0136', 'HIT@10': '0.0336', 'NDCG@10': '0.0176', 'HIT@20': '0.0525', 'NDCG@20': '0.0224'}
EarlyStopping counter: 7 out of 40
rec dataset length: 741
100%|███████████████████████████████████████████████████████████████████████████████████████████████████████████████████████████████████████████████████████████| 741/741 [00:22<00:00, 33.30it/s]
{'epoch': 45, 'rec_avg_loss': '0.4595', 'joint_avg_loss': '0.4595', 'cl_avg_loss': '0.0000', 'itemcl_loss': '0.0000', 'cl_pair_0_loss': '0.0000'}
Recommendation EP_test:45: 100%|| 140/140 [00:09<00:00, 14.58it/s]
{'Epoch': 45, 'name': 'high_freq', 'HIT@5': '0.0270', 'NDCG@5': '0.0178', 'HIT@10': '0.0435', 'NDCG@10': '0.0230', 'HIT@20': '0.0702', 'NDCG@20': '0.0298'}
{'Epoch': 45, 'name': 'mid_freq', 'HIT@5': '0.0069', 'NDCG@5': '0.0042', 'HIT@10': '0.0116', 'NDCG@10': '0.0057', 'HIT@20': '0.0172', 'NDCG@20': '0.0071'}
{'Epoch': 45, 'name': 'low_freq', 'HIT@5': '0.0038', 'NDCG@5': '0.0033', 'HIT@10': '0.0063', 'NDCG@10': '0.0041', 'HIT@20': '0.0088', 'NDCG@20': '0.0048'}
{'Epoch': 45, 'name': 'all', 'HIT@5': '0.0202', 'NDCG@5': '0.0133', 'HIT@10': '0.0326', 'NDCG@10': '0.0173', 'HIT@20': '0.0522', 'NDCG@20': '0.0222'}
EarlyStopping counter: 8 out of 40
rec dataset length: 741
100%|███████████████████████████████████████████████████████████████████████████████████████████████████████████████████████████████████████████████████████████| 741/741 [00:21<00:00, 33.68it/s]
{'epoch': 46, 'rec_avg_loss': '0.4568', 'joint_avg_loss': '0.4568', 'cl_avg_loss': '0.0000', 'itemcl_loss': '0.0000', 'cl_pair_0_loss': '0.0000'}
Recommendation EP_test:46: 100%|| 140/140 [00:09<00:00, 14.33it/s]
{'Epoch': 46, 'name': 'high_freq', 'HIT@5': '0.0269', 'NDCG@5': '0.0177', 'HIT@10': '0.0445', 'NDCG@10': '0.0234', 'HIT@20': '0.0713', 'NDCG@20': '0.0301'}
{'Epoch': 46, 'name': 'mid_freq', 'HIT@5': '0.0076', 'NDCG@5': '0.0043', 'HIT@10': '0.0108', 'NDCG@10': '0.0053', 'HIT@20': '0.0164', 'NDCG@20': '0.0068'}
{'Epoch': 46, 'name': 'low_freq', 'HIT@5': '0.0043', 'NDCG@5': '0.0036', 'HIT@10': '0.0059', 'NDCG@10': '0.0041', 'HIT@20': '0.0091', 'NDCG@20': '0.0049'}
{'Epoch': 46, 'name': 'all', 'HIT@5': '0.0203', 'NDCG@5': '0.0133', 'HIT@10': '0.0331', 'NDCG@10': '0.0174', 'HIT@20': '0.0528', 'NDCG@20': '0.0224'}
EarlyStopping counter: 9 out of 40
rec dataset length: 741
100%|███████████████████████████████████████████████████████████████████████████████████████████████████████████████████████████████████████████████████████████| 741/741 [00:22<00:00, 33.20it/s]
{'epoch': 47, 'rec_avg_loss': '0.4565', 'joint_avg_loss': '0.4565', 'cl_avg_loss': '0.0000', 'itemcl_loss': '0.0000', 'cl_pair_0_loss': '0.0000'}
Recommendation EP_test:47: 100%|| 140/140 [00:09<00:00, 14.92it/s]
{'Epoch': 47, 'name': 'high_freq', 'HIT@5': '0.0274', 'NDCG@5': '0.0178', 'HIT@10': '0.0451', 'NDCG@10': '0.0235', 'HIT@20': '0.0733', 'NDCG@20': '0.0306'}
{'Epoch': 47, 'name': 'mid_freq', 'HIT@5': '0.0073', 'NDCG@5': '0.0047', 'HIT@10': '0.0111', 'NDCG@10': '0.0058', 'HIT@20': '0.0174', 'NDCG@20': '0.0074'}
{'Epoch': 47, 'name': 'low_freq', 'HIT@5': '0.0045', 'NDCG@5': '0.0037', 'HIT@10': '0.0052', 'NDCG@10': '0.0039', 'HIT@20': '0.0081', 'NDCG@20': '0.0047'}
{'Epoch': 47, 'name': 'all', 'HIT@5': '0.0206', 'NDCG@5': '0.0135', 'HIT@10': '0.0335', 'NDCG@10': '0.0176', 'HIT@20': '0.0543', 'NDCG@20': '0.0228'}
EarlyStopping counter: 10 out of 40
rec dataset length: 741
100%|███████████████████████████████████████████████████████████████████████████████████████████████████████████████████████████████████████████████████████████| 741/741 [00:21<00:00, 34.05it/s]
{'epoch': 48, 'rec_avg_loss': '0.4556', 'joint_avg_loss': '0.4556', 'cl_avg_loss': '0.0000', 'itemcl_loss': '0.0000', 'cl_pair_0_loss': '0.0000'}
Recommendation EP_test:48: 100%|| 140/140 [00:09<00:00, 15.16it/s]
{'Epoch': 48, 'name': 'high_freq', 'HIT@5': '0.0270', 'NDCG@5': '0.0174', 'HIT@10': '0.0441', 'NDCG@10': '0.0229', 'HIT@20': '0.0723', 'NDCG@20': '0.0299'}
{'Epoch': 48, 'name': 'mid_freq', 'HIT@5': '0.0085', 'NDCG@5': '0.0055', 'HIT@10': '0.0128', 'NDCG@10': '0.0069', 'HIT@20': '0.0200', 'NDCG@20': '0.0088'}
{'Epoch': 48, 'name': 'low_freq', 'HIT@5': '0.0059', 'NDCG@5': '0.0043', 'HIT@10': '0.0066', 'NDCG@10': '0.0046', 'HIT@20': '0.0091', 'NDCG@20': '0.0052'}
{'Epoch': 48, 'name': 'all', 'HIT@5': '0.0208', 'NDCG@5': '0.0135', 'HIT@10': '0.0333', 'NDCG@10': '0.0175', 'HIT@20': '0.0542', 'NDCG@20': '0.0227'}
EarlyStopping counter: 11 out of 40
rec dataset length: 741
100%|███████████████████████████████████████████████████████████████████████████████████████████████████████████████████████████████████████████████████████████| 741/741 [00:21<00:00, 33.97it/s]
{'epoch': 49, 'rec_avg_loss': '0.4522', 'joint_avg_loss': '0.4522', 'cl_avg_loss': '0.0000', 'itemcl_loss': '0.0000', 'cl_pair_0_loss': '0.0000'}
Recommendation EP_test:49: 100%|| 140/140 [00:09<00:00, 14.87it/s]
{'Epoch': 49, 'name': 'high_freq', 'HIT@5': '0.0289', 'NDCG@5': '0.0191', 'HIT@10': '0.0463', 'NDCG@10': '0.0247', 'HIT@20': '0.0759', 'NDCG@20': '0.0321'}
{'Epoch': 49, 'name': 'mid_freq', 'HIT@5': '0.0075', 'NDCG@5': '0.0050', 'HIT@10': '0.0118', 'NDCG@10': '0.0064', 'HIT@20': '0.0188', 'NDCG@20': '0.0082'}
{'Epoch': 49, 'name': 'low_freq', 'HIT@5': '0.0052', 'NDCG@5': '0.0039', 'HIT@10': '0.0066', 'NDCG@10': '0.0043', 'HIT@20': '0.0091', 'NDCG@20': '0.0049'}
{'Epoch': 49, 'name': 'all', 'HIT@5': '0.0218', 'NDCG@5': '0.0144', 'HIT@10': '0.0346', 'NDCG@10': '0.0186', 'HIT@20': '0.0565', 'NDCG@20': '0.0240'}
Validation score increased.  Saving model ...
rec dataset length: 741
100%|███████████████████████████████████████████████████████████████████████████████████████████████████████████████████████████████████████████████████████████| 741/741 [00:22<00:00, 33.34it/s]
{'epoch': 50, 'rec_avg_loss': '0.4489', 'joint_avg_loss': '0.4489', 'cl_avg_loss': '0.0000', 'itemcl_loss': '0.0000', 'cl_pair_0_loss': '0.0000'}
Recommendation EP_test:50: 100%|| 140/140 [00:09<00:00, 15.32it/s]
{'Epoch': 50, 'name': 'high_freq', 'HIT@5': '0.0294', 'NDCG@5': '0.0196', 'HIT@10': '0.0474', 'NDCG@10': '0.0254', 'HIT@20': '0.0721', 'NDCG@20': '0.0316'}
{'Epoch': 50, 'name': 'mid_freq', 'HIT@5': '0.0099', 'NDCG@5': '0.0066', 'HIT@10': '0.0132', 'NDCG@10': '0.0076', 'HIT@20': '0.0200', 'NDCG@20': '0.0093'}
{'Epoch': 50, 'name': 'low_freq', 'HIT@5': '0.0052', 'NDCG@5': '0.0035', 'HIT@10': '0.0068', 'NDCG@10': '0.0039', 'HIT@20': '0.0091', 'NDCG@20': '0.0045'}
{'Epoch': 50, 'name': 'all', 'HIT@5': '0.0226', 'NDCG@5': '0.0150', 'HIT@10': '0.0357', 'NDCG@10': '0.0192', 'HIT@20': '0.0541', 'NDCG@20': '0.0238'}
EarlyStopping counter: 1 out of 40
rec dataset length: 741
100%|███████████████████████████████████████████████████████████████████████████████████████████████████████████████████████████████████████████████████████████| 741/741 [00:22<00:00, 33.41it/s]
{'epoch': 51, 'rec_avg_loss': '0.4482', 'joint_avg_loss': '0.4482', 'cl_avg_loss': '0.0000', 'itemcl_loss': '0.0000', 'cl_pair_0_loss': '0.0000'}
Recommendation EP_test:51: 100%|| 140/140 [00:09<00:00, 14.67it/s]
{'Epoch': 51, 'name': 'high_freq', 'HIT@5': '0.0299', 'NDCG@5': '0.0194', 'HIT@10': '0.0479', 'NDCG@10': '0.0252', 'HIT@20': '0.0736', 'NDCG@20': '0.0316'}
{'Epoch': 51, 'name': 'mid_freq', 'HIT@5': '0.0083', 'NDCG@5': '0.0054', 'HIT@10': '0.0124', 'NDCG@10': '0.0068', 'HIT@20': '0.0177', 'NDCG@20': '0.0081'}
{'Epoch': 51, 'name': 'low_freq', 'HIT@5': '0.0061', 'NDCG@5': '0.0044', 'HIT@10': '0.0075', 'NDCG@10': '0.0048', 'HIT@20': '0.0095', 'NDCG@20': '0.0053'}
{'Epoch': 51, 'name': 'all', 'HIT@5': '0.0227', 'NDCG@5': '0.0148', 'HIT@10': '0.0359', 'NDCG@10': '0.0190', 'HIT@20': '0.0547', 'NDCG@20': '0.0237'}
EarlyStopping counter: 2 out of 40
rec dataset length: 741
100%|███████████████████████████████████████████████████████████████████████████████████████████████████████████████████████████████████████████████████████████| 741/741 [00:22<00:00, 33.54it/s]
{'epoch': 52, 'rec_avg_loss': '0.4440', 'joint_avg_loss': '0.4440', 'cl_avg_loss': '0.0000', 'itemcl_loss': '0.0000', 'cl_pair_0_loss': '0.0000'}
Recommendation EP_test:52: 100%|| 140/140 [00:09<00:00, 15.14it/s]
{'Epoch': 52, 'name': 'high_freq', 'HIT@5': '0.0266', 'NDCG@5': '0.0182', 'HIT@10': '0.0443', 'NDCG@10': '0.0238', 'HIT@20': '0.0710', 'NDCG@20': '0.0305'}
{'Epoch': 52, 'name': 'mid_freq', 'HIT@5': '0.0088', 'NDCG@5': '0.0061', 'HIT@10': '0.0131', 'NDCG@10': '0.0075', 'HIT@20': '0.0184', 'NDCG@20': '0.0088'}
{'Epoch': 52, 'name': 'low_freq', 'HIT@5': '0.0063', 'NDCG@5': '0.0049', 'HIT@10': '0.0077', 'NDCG@10': '0.0053', 'HIT@20': '0.0091', 'NDCG@20': '0.0056'}
{'Epoch': 52, 'name': 'all', 'HIT@5': '0.0206', 'NDCG@5': '0.0142', 'HIT@10': '0.0336', 'NDCG@10': '0.0183', 'HIT@20': '0.0530', 'NDCG@20': '0.0232'}
EarlyStopping counter: 3 out of 40
rec dataset length: 741
100%|███████████████████████████████████████████████████████████████████████████████████████████████████████████████████████████████████████████████████████████| 741/741 [00:22<00:00, 33.56it/s]
{'epoch': 53, 'rec_avg_loss': '0.4439', 'joint_avg_loss': '0.4439', 'cl_avg_loss': '0.0000', 'itemcl_loss': '0.0000', 'cl_pair_0_loss': '0.0000'}
Recommendation EP_test:53: 100%|| 140/140 [00:08<00:00, 15.77it/s]
{'Epoch': 53, 'name': 'high_freq', 'HIT@5': '0.0271', 'NDCG@5': '0.0183', 'HIT@10': '0.0440', 'NDCG@10': '0.0237', 'HIT@20': '0.0723', 'NDCG@20': '0.0308'}
{'Epoch': 53, 'name': 'mid_freq', 'HIT@5': '0.0089', 'NDCG@5': '0.0060', 'HIT@10': '0.0126', 'NDCG@10': '0.0072', 'HIT@20': '0.0197', 'NDCG@20': '0.0090'}
{'Epoch': 53, 'name': 'low_freq', 'HIT@5': '0.0063', 'NDCG@5': '0.0047', 'HIT@10': '0.0086', 'NDCG@10': '0.0054', 'HIT@20': '0.0106', 'NDCG@20': '0.0058'}
{'Epoch': 53, 'name': 'all', 'HIT@5': '0.0210', 'NDCG@5': '0.0142', 'HIT@10': '0.0335', 'NDCG@10': '0.0182', 'HIT@20': '0.0544', 'NDCG@20': '0.0235'}
EarlyStopping counter: 4 out of 40
rec dataset length: 741
100%|███████████████████████████████████████████████████████████████████████████████████████████████████████████████████████████████████████████████████████████| 741/741 [00:22<00:00, 33.50it/s]
{'epoch': 54, 'rec_avg_loss': '0.4430', 'joint_avg_loss': '0.4430', 'cl_avg_loss': '0.0000', 'itemcl_loss': '0.0000', 'cl_pair_0_loss': '0.0000'}
Recommendation EP_test:54: 100%|| 140/140 [00:09<00:00, 15.29it/s]
{'Epoch': 54, 'name': 'high_freq', 'HIT@5': '0.0279', 'NDCG@5': '0.0182', 'HIT@10': '0.0446', 'NDCG@10': '0.0235', 'HIT@20': '0.0726', 'NDCG@20': '0.0305'}
{'Epoch': 54, 'name': 'mid_freq', 'HIT@5': '0.0070', 'NDCG@5': '0.0051', 'HIT@10': '0.0115', 'NDCG@10': '0.0065', 'HIT@20': '0.0171', 'NDCG@20': '0.0079'}
{'Epoch': 54, 'name': 'low_freq', 'HIT@5': '0.0054', 'NDCG@5': '0.0041', 'HIT@10': '0.0079', 'NDCG@10': '0.0049', 'HIT@20': '0.0115', 'NDCG@20': '0.0058'}
{'Epoch': 54, 'name': 'all', 'HIT@5': '0.0210', 'NDCG@5': '0.0139', 'HIT@10': '0.0336', 'NDCG@10': '0.0179', 'HIT@20': '0.0542', 'NDCG@20': '0.0230'}
EarlyStopping counter: 5 out of 40
rec dataset length: 741
100%|███████████████████████████████████████████████████████████████████████████████████████████████████████████████████████████████████████████████████████████| 741/741 [00:22<00:00, 33.21it/s]
{'epoch': 55, 'rec_avg_loss': '0.4418', 'joint_avg_loss': '0.4418', 'cl_avg_loss': '0.0000', 'itemcl_loss': '0.0000', 'cl_pair_0_loss': '0.0000'}
Recommendation EP_test:55: 100%|| 140/140 [00:09<00:00, 14.95it/s]
{'Epoch': 55, 'name': 'high_freq', 'HIT@5': '0.0287', 'NDCG@5': '0.0186', 'HIT@10': '0.0457', 'NDCG@10': '0.0241', 'HIT@20': '0.0729', 'NDCG@20': '0.0309'}
{'Epoch': 55, 'name': 'mid_freq', 'HIT@5': '0.0075', 'NDCG@5': '0.0049', 'HIT@10': '0.0115', 'NDCG@10': '0.0062', 'HIT@20': '0.0175', 'NDCG@20': '0.0077'}
{'Epoch': 55, 'name': 'low_freq', 'HIT@5': '0.0057', 'NDCG@5': '0.0043', 'HIT@10': '0.0081', 'NDCG@10': '0.0051', 'HIT@20': '0.0104', 'NDCG@20': '0.0057'}
{'Epoch': 55, 'name': 'all', 'HIT@5': '0.0217', 'NDCG@5': '0.0142', 'HIT@10': '0.0344', 'NDCG@10': '0.0182', 'HIT@20': '0.0543', 'NDCG@20': '0.0232'}
EarlyStopping counter: 6 out of 40
rec dataset length: 741
100%|███████████████████████████████████████████████████████████████████████████████████████████████████████████████████████████████████████████████████████████| 741/741 [00:22<00:00, 33.02it/s]
{'epoch': 56, 'rec_avg_loss': '0.4410', 'joint_avg_loss': '0.4410', 'cl_avg_loss': '0.0000', 'itemcl_loss': '0.0000', 'cl_pair_0_loss': '0.0000'}
Recommendation EP_test:56: 100%|| 140/140 [00:09<00:00, 15.13it/s]
{'Epoch': 56, 'name': 'high_freq', 'HIT@5': '0.0270', 'NDCG@5': '0.0176', 'HIT@10': '0.0429', 'NDCG@10': '0.0227', 'HIT@20': '0.0705', 'NDCG@20': '0.0296'}
{'Epoch': 56, 'name': 'mid_freq', 'HIT@5': '0.0088', 'NDCG@5': '0.0057', 'HIT@10': '0.0135', 'NDCG@10': '0.0072', 'HIT@20': '0.0188', 'NDCG@20': '0.0085'}
{'Epoch': 56, 'name': 'low_freq', 'HIT@5': '0.0050', 'NDCG@5': '0.0033', 'HIT@10': '0.0072', 'NDCG@10': '0.0040', 'HIT@20': '0.0111', 'NDCG@20': '0.0049'}
{'Epoch': 56, 'name': 'all', 'HIT@5': '0.0207', 'NDCG@5': '0.0135', 'HIT@10': '0.0327', 'NDCG@10': '0.0173', 'HIT@20': '0.0530', 'NDCG@20': '0.0224'}
EarlyStopping counter: 7 out of 40
rec dataset length: 741
100%|███████████████████████████████████████████████████████████████████████████████████████████████████████████████████████████████████████████████████████████| 741/741 [00:22<00:00, 33.46it/s]
{'epoch': 57, 'rec_avg_loss': '0.4383', 'joint_avg_loss': '0.4383', 'cl_avg_loss': '0.0000', 'itemcl_loss': '0.0000', 'cl_pair_0_loss': '0.0000'}
Recommendation EP_test:57: 100%|| 140/140 [00:09<00:00, 14.98it/s]
{'Epoch': 57, 'name': 'high_freq', 'HIT@5': '0.0260', 'NDCG@5': '0.0170', 'HIT@10': '0.0441', 'NDCG@10': '0.0228', 'HIT@20': '0.0705', 'NDCG@20': '0.0294'}
{'Epoch': 57, 'name': 'mid_freq', 'HIT@5': '0.0078', 'NDCG@5': '0.0050', 'HIT@10': '0.0126', 'NDCG@10': '0.0066', 'HIT@20': '0.0188', 'NDCG@20': '0.0082'}
{'Epoch': 57, 'name': 'low_freq', 'HIT@5': '0.0045', 'NDCG@5': '0.0028', 'HIT@10': '0.0072', 'NDCG@10': '0.0037', 'HIT@20': '0.0104', 'NDCG@20': '0.0045'}
{'Epoch': 57, 'name': 'all', 'HIT@5': '0.0197', 'NDCG@5': '0.0129', 'HIT@10': '0.0334', 'NDCG@10': '0.0172', 'HIT@20': '0.0529', 'NDCG@20': '0.0222'}
EarlyStopping counter: 8 out of 40
rec dataset length: 741
100%|███████████████████████████████████████████████████████████████████████████████████████████████████████████████████████████████████████████████████████████| 741/741 [00:22<00:00, 33.27it/s]
{'epoch': 58, 'rec_avg_loss': '0.4388', 'joint_avg_loss': '0.4388', 'cl_avg_loss': '0.0000', 'itemcl_loss': '0.0000', 'cl_pair_0_loss': '0.0000'}
Recommendation EP_test:58: 100%|| 140/140 [00:09<00:00, 15.27it/s]
{'Epoch': 58, 'name': 'high_freq', 'HIT@5': '0.0282', 'NDCG@5': '0.0184', 'HIT@10': '0.0448', 'NDCG@10': '0.0237', 'HIT@20': '0.0724', 'NDCG@20': '0.0306'}
{'Epoch': 58, 'name': 'mid_freq', 'HIT@5': '0.0073', 'NDCG@5': '0.0049', 'HIT@10': '0.0136', 'NDCG@10': '0.0069', 'HIT@20': '0.0197', 'NDCG@20': '0.0084'}
{'Epoch': 58, 'name': 'low_freq', 'HIT@5': '0.0052', 'NDCG@5': '0.0036', 'HIT@10': '0.0070', 'NDCG@10': '0.0041', 'HIT@20': '0.0102', 'NDCG@20': '0.0049'}
{'Epoch': 58, 'name': 'all', 'HIT@5': '0.0212', 'NDCG@5': '0.0139', 'HIT@10': '0.0340', 'NDCG@10': '0.0180', 'HIT@20': '0.0544', 'NDCG@20': '0.0231'}
EarlyStopping counter: 9 out of 40
rec dataset length: 741
100%|███████████████████████████████████████████████████████████████████████████████████████████████████████████████████████████████████████████████████████████| 741/741 [00:21<00:00, 33.91it/s]
{'epoch': 59, 'rec_avg_loss': '0.4302', 'joint_avg_loss': '0.4302', 'cl_avg_loss': '0.0000', 'itemcl_loss': '0.0000', 'cl_pair_0_loss': '0.0000'}
Recommendation EP_test:59: 100%|| 140/140 [00:09<00:00, 15.12it/s]
{'Epoch': 59, 'name': 'high_freq', 'HIT@5': '0.0273', 'NDCG@5': '0.0180', 'HIT@10': '0.0450', 'NDCG@10': '0.0236', 'HIT@20': '0.0726', 'NDCG@20': '0.0306'}
{'Epoch': 59, 'name': 'mid_freq', 'HIT@5': '0.0070', 'NDCG@5': '0.0047', 'HIT@10': '0.0108', 'NDCG@10': '0.0059', 'HIT@20': '0.0171', 'NDCG@20': '0.0075'}
{'Epoch': 59, 'name': 'low_freq', 'HIT@5': '0.0050', 'NDCG@5': '0.0033', 'HIT@10': '0.0063', 'NDCG@10': '0.0037', 'HIT@20': '0.0106', 'NDCG@20': '0.0048'}
{'Epoch': 59, 'name': 'all', 'HIT@5': '0.0206', 'NDCG@5': '0.0136', 'HIT@10': '0.0335', 'NDCG@10': '0.0177', 'HIT@20': '0.0540', 'NDCG@20': '0.0228'}
EarlyStopping counter: 10 out of 40
rec dataset length: 741
100%|███████████████████████████████████████████████████████████████████████████████████████████████████████████████████████████████████████████████████████████| 741/741 [00:21<00:00, 33.69it/s]
{'epoch': 60, 'rec_avg_loss': '0.4313', 'joint_avg_loss': '0.4313', 'cl_avg_loss': '0.0000', 'itemcl_loss': '0.0000', 'cl_pair_0_loss': '0.0000'}
Recommendation EP_test:60: 100%|| 140/140 [00:09<00:00, 15.28it/s]
{'Epoch': 60, 'name': 'high_freq', 'HIT@5': '0.0282', 'NDCG@5': '0.0187', 'HIT@10': '0.0457', 'NDCG@10': '0.0243', 'HIT@20': '0.0723', 'NDCG@20': '0.0310'}
{'Epoch': 60, 'name': 'mid_freq', 'HIT@5': '0.0073', 'NDCG@5': '0.0048', 'HIT@10': '0.0108', 'NDCG@10': '0.0059', 'HIT@20': '0.0159', 'NDCG@20': '0.0073'}
{'Epoch': 60, 'name': 'low_freq', 'HIT@5': '0.0048', 'NDCG@5': '0.0030', 'HIT@10': '0.0068', 'NDCG@10': '0.0037', 'HIT@20': '0.0097', 'NDCG@20': '0.0044'}
{'Epoch': 60, 'name': 'all', 'HIT@5': '0.0212', 'NDCG@5': '0.0141', 'HIT@10': '0.0340', 'NDCG@10': '0.0182', 'HIT@20': '0.0535', 'NDCG@20': '0.0230'}
EarlyStopping counter: 11 out of 40
rec dataset length: 741
100%|███████████████████████████████████████████████████████████████████████████████████████████████████████████████████████████████████████████████████████████| 741/741 [00:22<00:00, 33.25it/s]
{'epoch': 61, 'rec_avg_loss': '0.4308', 'joint_avg_loss': '0.4308', 'cl_avg_loss': '0.0000', 'itemcl_loss': '0.0000', 'cl_pair_0_loss': '0.0000'}
Recommendation EP_test:61: 100%|| 140/140 [00:09<00:00, 15.27it/s]
{'Epoch': 61, 'name': 'high_freq', 'HIT@5': '0.0289', 'NDCG@5': '0.0192', 'HIT@10': '0.0462', 'NDCG@10': '0.0248', 'HIT@20': '0.0724', 'NDCG@20': '0.0314'}
{'Epoch': 61, 'name': 'mid_freq', 'HIT@5': '0.0085', 'NDCG@5': '0.0056', 'HIT@10': '0.0129', 'NDCG@10': '0.0071', 'HIT@20': '0.0169', 'NDCG@20': '0.0081'}
{'Epoch': 61, 'name': 'low_freq', 'HIT@5': '0.0057', 'NDCG@5': '0.0038', 'HIT@10': '0.0070', 'NDCG@10': '0.0043', 'HIT@20': '0.0106', 'NDCG@20': '0.0052'}
{'Epoch': 61, 'name': 'all', 'HIT@5': '0.0220', 'NDCG@5': '0.0146', 'HIT@10': '0.0348', 'NDCG@10': '0.0188', 'HIT@20': '0.0539', 'NDCG@20': '0.0236'}
EarlyStopping counter: 12 out of 40
rec dataset length: 741
100%|███████████████████████████████████████████████████████████████████████████████████████████████████████████████████████████████████████████████████████████| 741/741 [00:22<00:00, 33.34it/s]
{'epoch': 62, 'rec_avg_loss': '0.4299', 'joint_avg_loss': '0.4299', 'cl_avg_loss': '0.0000', 'itemcl_loss': '0.0000', 'cl_pair_0_loss': '0.0000'}
Recommendation EP_test:62: 100%|| 140/140 [00:09<00:00, 15.49it/s]
{'Epoch': 62, 'name': 'high_freq', 'HIT@5': '0.0273', 'NDCG@5': '0.0182', 'HIT@10': '0.0464', 'NDCG@10': '0.0242', 'HIT@20': '0.0738', 'NDCG@20': '0.0311'}
{'Epoch': 62, 'name': 'mid_freq', 'HIT@5': '0.0082', 'NDCG@5': '0.0052', 'HIT@10': '0.0122', 'NDCG@10': '0.0065', 'HIT@20': '0.0191', 'NDCG@20': '0.0082'}
{'Epoch': 62, 'name': 'low_freq', 'HIT@5': '0.0050', 'NDCG@5': '0.0035', 'HIT@10': '0.0075', 'NDCG@10': '0.0043', 'HIT@20': '0.0115', 'NDCG@20': '0.0053'}
{'Epoch': 62, 'name': 'all', 'HIT@5': '0.0208', 'NDCG@5': '0.0138', 'HIT@10': '0.0349', 'NDCG@10': '0.0183', 'HIT@20': '0.0554', 'NDCG@20': '0.0234'}
EarlyStopping counter: 13 out of 40
rec dataset length: 741
100%|███████████████████████████████████████████████████████████████████████████████████████████████████████████████████████████████████████████████████████████| 741/741 [00:21<00:00, 33.69it/s]
{'epoch': 63, 'rec_avg_loss': '0.4289', 'joint_avg_loss': '0.4289', 'cl_avg_loss': '0.0000', 'itemcl_loss': '0.0000', 'cl_pair_0_loss': '0.0000'}
Recommendation EP_test:63: 100%|| 140/140 [00:09<00:00, 15.13it/s]
{'Epoch': 63, 'name': 'high_freq', 'HIT@5': '0.0292', 'NDCG@5': '0.0193', 'HIT@10': '0.0474', 'NDCG@10': '0.0251', 'HIT@20': '0.0736', 'NDCG@20': '0.0317'}
{'Epoch': 63, 'name': 'mid_freq', 'HIT@5': '0.0073', 'NDCG@5': '0.0046', 'HIT@10': '0.0116', 'NDCG@10': '0.0061', 'HIT@20': '0.0178', 'NDCG@20': '0.0076'}
{'Epoch': 63, 'name': 'low_freq', 'HIT@5': '0.0052', 'NDCG@5': '0.0034', 'HIT@10': '0.0068', 'NDCG@10': '0.0039', 'HIT@20': '0.0102', 'NDCG@20': '0.0047'}
{'Epoch': 63, 'name': 'all', 'HIT@5': '0.0219', 'NDCG@5': '0.0144', 'HIT@10': '0.0354', 'NDCG@10': '0.0188', 'HIT@20': '0.0548', 'NDCG@20': '0.0236'}
EarlyStopping counter: 14 out of 40
rec dataset length: 741
100%|███████████████████████████████████████████████████████████████████████████████████████████████████████████████████████████████████████████████████████████| 741/741 [00:21<00:00, 33.84it/s]
{'epoch': 64, 'rec_avg_loss': '0.4268', 'joint_avg_loss': '0.4268', 'cl_avg_loss': '0.0000', 'itemcl_loss': '0.0000', 'cl_pair_0_loss': '0.0000'}
Recommendation EP_test:64: 100%|| 140/140 [00:09<00:00, 15.16it/s]
{'Epoch': 64, 'name': 'high_freq', 'HIT@5': '0.0310', 'NDCG@5': '0.0200', 'HIT@10': '0.0465', 'NDCG@10': '0.0250', 'HIT@20': '0.0720', 'NDCG@20': '0.0314'}
{'Epoch': 64, 'name': 'mid_freq', 'HIT@5': '0.0083', 'NDCG@5': '0.0056', 'HIT@10': '0.0119', 'NDCG@10': '0.0068', 'HIT@20': '0.0175', 'NDCG@20': '0.0082'}
{'Epoch': 64, 'name': 'low_freq', 'HIT@5': '0.0063', 'NDCG@5': '0.0043', 'HIT@10': '0.0081', 'NDCG@10': '0.0049', 'HIT@20': '0.0109', 'NDCG@20': '0.0056'}
{'Epoch': 64, 'name': 'all', 'HIT@5': '0.0235', 'NDCG@5': '0.0152', 'HIT@10': '0.0350', 'NDCG@10': '0.0189', 'HIT@20': '0.0537', 'NDCG@20': '0.0237'}
EarlyStopping counter: 15 out of 40
rec dataset length: 741
100%|███████████████████████████████████████████████████████████████████████████████████████████████████████████████████████████████████████████████████████████| 741/741 [00:22<00:00, 33.36it/s]
{'epoch': 65, 'rec_avg_loss': '0.4223', 'joint_avg_loss': '0.4223', 'cl_avg_loss': '0.0000', 'itemcl_loss': '0.0000', 'cl_pair_0_loss': '0.0000'}
Recommendation EP_test:65: 100%|| 140/140 [00:09<00:00, 15.50it/s]
{'Epoch': 65, 'name': 'high_freq', 'HIT@5': '0.0307', 'NDCG@5': '0.0205', 'HIT@10': '0.0477', 'NDCG@10': '0.0259', 'HIT@20': '0.0743', 'NDCG@20': '0.0326'}
{'Epoch': 65, 'name': 'mid_freq', 'HIT@5': '0.0069', 'NDCG@5': '0.0048', 'HIT@10': '0.0113', 'NDCG@10': '0.0062', 'HIT@20': '0.0175', 'NDCG@20': '0.0077'}
{'Epoch': 65, 'name': 'low_freq', 'HIT@5': '0.0061', 'NDCG@5': '0.0042', 'HIT@10': '0.0079', 'NDCG@10': '0.0048', 'HIT@20': '0.0093', 'NDCG@20': '0.0052'}
{'Epoch': 65, 'name': 'all', 'HIT@5': '0.0230', 'NDCG@5': '0.0154', 'HIT@10': '0.0357', 'NDCG@10': '0.0195', 'HIT@20': '0.0551', 'NDCG@20': '0.0243'}
Validation score increased.  Saving model ...
rec dataset length: 741
100%|███████████████████████████████████████████████████████████████████████████████████████████████████████████████████████████████████████████████████████████| 741/741 [00:21<00:00, 33.83it/s]
{'epoch': 66, 'rec_avg_loss': '0.4232', 'joint_avg_loss': '0.4232', 'cl_avg_loss': '0.0000', 'itemcl_loss': '0.0000', 'cl_pair_0_loss': '0.0000'}
Recommendation EP_test:66: 100%|| 140/140 [00:08<00:00, 15.61it/s]
{'Epoch': 66, 'name': 'high_freq', 'HIT@5': '0.0296', 'NDCG@5': '0.0193', 'HIT@10': '0.0469', 'NDCG@10': '0.0249', 'HIT@20': '0.0744', 'NDCG@20': '0.0318'}
{'Epoch': 66, 'name': 'mid_freq', 'HIT@5': '0.0080', 'NDCG@5': '0.0052', 'HIT@10': '0.0115', 'NDCG@10': '0.0064', 'HIT@20': '0.0161', 'NDCG@20': '0.0075'}
{'Epoch': 66, 'name': 'low_freq', 'HIT@5': '0.0059', 'NDCG@5': '0.0039', 'HIT@10': '0.0079', 'NDCG@10': '0.0046', 'HIT@20': '0.0097', 'NDCG@20': '0.0051'}
{'Epoch': 66, 'name': 'all', 'HIT@5': '0.0224', 'NDCG@5': '0.0147', 'HIT@10': '0.0351', 'NDCG@10': '0.0187', 'HIT@20': '0.0550', 'NDCG@20': '0.0237'}
EarlyStopping counter: 1 out of 40
rec dataset length: 741
100%|███████████████████████████████████████████████████████████████████████████████████████████████████████████████████████████████████████████████████████████| 741/741 [00:21<00:00, 33.90it/s]
{'epoch': 67, 'rec_avg_loss': '0.4230', 'joint_avg_loss': '0.4230', 'cl_avg_loss': '0.0000', 'itemcl_loss': '0.0000', 'cl_pair_0_loss': '0.0000'}
Recommendation EP_test:67: 100%|| 140/140 [00:09<00:00, 14.76it/s]
{'Epoch': 67, 'name': 'high_freq', 'HIT@5': '0.0288', 'NDCG@5': '0.0180', 'HIT@10': '0.0456', 'NDCG@10': '0.0234', 'HIT@20': '0.0735', 'NDCG@20': '0.0304'}
{'Epoch': 67, 'name': 'mid_freq', 'HIT@5': '0.0083', 'NDCG@5': '0.0057', 'HIT@10': '0.0129', 'NDCG@10': '0.0071', 'HIT@20': '0.0192', 'NDCG@20': '0.0087'}
{'Epoch': 67, 'name': 'low_freq', 'HIT@5': '0.0059', 'NDCG@5': '0.0038', 'HIT@10': '0.0088', 'NDCG@10': '0.0048', 'HIT@20': '0.0104', 'NDCG@20': '0.0052'}
{'Epoch': 67, 'name': 'all', 'HIT@5': '0.0219', 'NDCG@5': '0.0138', 'HIT@10': '0.0346', 'NDCG@10': '0.0179', 'HIT@20': '0.0551', 'NDCG@20': '0.0230'}
EarlyStopping counter: 2 out of 40
rec dataset length: 741
100%|███████████████████████████████████████████████████████████████████████████████████████████████████████████████████████████████████████████████████████████| 741/741 [00:21<00:00, 33.69it/s]
{'epoch': 68, 'rec_avg_loss': '0.4193', 'joint_avg_loss': '0.4193', 'cl_avg_loss': '0.0000', 'itemcl_loss': '0.0000', 'cl_pair_0_loss': '0.0000'}
Recommendation EP_test:68: 100%|| 140/140 [00:09<00:00, 15.10it/s]
{'Epoch': 68, 'name': 'high_freq', 'HIT@5': '0.0292', 'NDCG@5': '0.0194', 'HIT@10': '0.0453', 'NDCG@10': '0.0246', 'HIT@20': '0.0725', 'NDCG@20': '0.0314'}
{'Epoch': 68, 'name': 'mid_freq', 'HIT@5': '0.0079', 'NDCG@5': '0.0052', 'HIT@10': '0.0122', 'NDCG@10': '0.0065', 'HIT@20': '0.0181', 'NDCG@20': '0.0080'}
{'Epoch': 68, 'name': 'low_freq', 'HIT@5': '0.0054', 'NDCG@5': '0.0034', 'HIT@10': '0.0079', 'NDCG@10': '0.0042', 'HIT@20': '0.0109', 'NDCG@20': '0.0049'}
{'Epoch': 68, 'name': 'all', 'HIT@5': '0.0221', 'NDCG@5': '0.0147', 'HIT@10': '0.0342', 'NDCG@10': '0.0185', 'HIT@20': '0.0542', 'NDCG@20': '0.0236'}
EarlyStopping counter: 3 out of 40
rec dataset length: 741
100%|███████████████████████████████████████████████████████████████████████████████████████████████████████████████████████████████████████████████████████████| 741/741 [00:22<00:00, 33.50it/s]
{'epoch': 69, 'rec_avg_loss': '0.4194', 'joint_avg_loss': '0.4194', 'cl_avg_loss': '0.0000', 'itemcl_loss': '0.0000', 'cl_pair_0_loss': '0.0000'}
Recommendation EP_test:69: 100%|| 140/140 [00:09<00:00, 14.81it/s]
{'Epoch': 69, 'name': 'high_freq', 'HIT@5': '0.0294', 'NDCG@5': '0.0195', 'HIT@10': '0.0470', 'NDCG@10': '0.0251', 'HIT@20': '0.0754', 'NDCG@20': '0.0323'}
{'Epoch': 69, 'name': 'mid_freq', 'HIT@5': '0.0078', 'NDCG@5': '0.0055', 'HIT@10': '0.0116', 'NDCG@10': '0.0067', 'HIT@20': '0.0177', 'NDCG@20': '0.0082'}
{'Epoch': 69, 'name': 'low_freq', 'HIT@5': '0.0045', 'NDCG@5': '0.0030', 'HIT@10': '0.0075', 'NDCG@10': '0.0039', 'HIT@20': '0.0115', 'NDCG@20': '0.0049'}
{'Epoch': 69, 'name': 'all', 'HIT@5': '0.0221', 'NDCG@5': '0.0147', 'HIT@10': '0.0352', 'NDCG@10': '0.0189', 'HIT@20': '0.0562', 'NDCG@20': '0.0242'}
EarlyStopping counter: 4 out of 40
rec dataset length: 741
100%|███████████████████████████████████████████████████████████████████████████████████████████████████████████████████████████████████████████████████████████| 741/741 [00:23<00:00, 32.07it/s]
{'epoch': 70, 'rec_avg_loss': '0.4188', 'joint_avg_loss': '0.4188', 'cl_avg_loss': '0.0000', 'itemcl_loss': '0.0000', 'cl_pair_0_loss': '0.0000'}
Recommendation EP_test:70: 100%|| 140/140 [00:09<00:00, 15.25it/s]
{'Epoch': 70, 'name': 'high_freq', 'HIT@5': '0.0301', 'NDCG@5': '0.0196', 'HIT@10': '0.0470', 'NDCG@10': '0.0250', 'HIT@20': '0.0747', 'NDCG@20': '0.0320'}
{'Epoch': 70, 'name': 'mid_freq', 'HIT@5': '0.0088', 'NDCG@5': '0.0062', 'HIT@10': '0.0128', 'NDCG@10': '0.0075', 'HIT@20': '0.0181', 'NDCG@20': '0.0089'}
{'Epoch': 70, 'name': 'low_freq', 'HIT@5': '0.0054', 'NDCG@5': '0.0034', 'HIT@10': '0.0075', 'NDCG@10': '0.0041', 'HIT@20': '0.0106', 'NDCG@20': '0.0049'}
{'Epoch': 70, 'name': 'all', 'HIT@5': '0.0229', 'NDCG@5': '0.0150', 'HIT@10': '0.0354', 'NDCG@10': '0.0190', 'HIT@20': '0.0557', 'NDCG@20': '0.0241'}
EarlyStopping counter: 5 out of 40
rec dataset length: 741
100%|███████████████████████████████████████████████████████████████████████████████████████████████████████████████████████████████████████████████████████████| 741/741 [00:22<00:00, 32.91it/s]
{'epoch': 71, 'rec_avg_loss': '0.4189', 'joint_avg_loss': '0.4189', 'cl_avg_loss': '0.0000', 'itemcl_loss': '0.0000', 'cl_pair_0_loss': '0.0000'}
Recommendation EP_test:71: 100%|| 140/140 [00:09<00:00, 15.53it/s]
{'Epoch': 71, 'name': 'high_freq', 'HIT@5': '0.0296', 'NDCG@5': '0.0194', 'HIT@10': '0.0474', 'NDCG@10': '0.0250', 'HIT@20': '0.0749', 'NDCG@20': '0.0319'}
{'Epoch': 71, 'name': 'mid_freq', 'HIT@5': '0.0098', 'NDCG@5': '0.0064', 'HIT@10': '0.0138', 'NDCG@10': '0.0077', 'HIT@20': '0.0187', 'NDCG@20': '0.0090'}
{'Epoch': 71, 'name': 'low_freq', 'HIT@5': '0.0066', 'NDCG@5': '0.0041', 'HIT@10': '0.0070', 'NDCG@10': '0.0042', 'HIT@20': '0.0113', 'NDCG@20': '0.0053'}
{'Epoch': 71, 'name': 'all', 'HIT@5': '0.0229', 'NDCG@5': '0.0150', 'HIT@10': '0.0358', 'NDCG@10': '0.0191', 'HIT@20': '0.0560', 'NDCG@20': '0.0241'}
EarlyStopping counter: 6 out of 40
rec dataset length: 741
100%|███████████████████████████████████████████████████████████████████████████████████████████████████████████████████████████████████████████████████████████| 741/741 [00:22<00:00, 33.48it/s]
{'epoch': 72, 'rec_avg_loss': '0.4204', 'joint_avg_loss': '0.4204', 'cl_avg_loss': '0.0000', 'itemcl_loss': '0.0000', 'cl_pair_0_loss': '0.0000'}
Recommendation EP_test:72: 100%|| 140/140 [00:09<00:00, 14.72it/s]
{'Epoch': 72, 'name': 'high_freq', 'HIT@5': '0.0283', 'NDCG@5': '0.0186', 'HIT@10': '0.0456', 'NDCG@10': '0.0241', 'HIT@20': '0.0743', 'NDCG@20': '0.0313'}
{'Epoch': 72, 'name': 'mid_freq', 'HIT@5': '0.0090', 'NDCG@5': '0.0059', 'HIT@10': '0.0135', 'NDCG@10': '0.0073', 'HIT@20': '0.0172', 'NDCG@20': '0.0083'}
{'Epoch': 72, 'name': 'low_freq', 'HIT@5': '0.0054', 'NDCG@5': '0.0039', 'HIT@10': '0.0070', 'NDCG@10': '0.0044', 'HIT@20': '0.0106', 'NDCG@20': '0.0053'}
{'Epoch': 72, 'name': 'all', 'HIT@5': '0.0217', 'NDCG@5': '0.0143', 'HIT@10': '0.0346', 'NDCG@10': '0.0184', 'HIT@20': '0.0552', 'NDCG@20': '0.0236'}
EarlyStopping counter: 7 out of 40
rec dataset length: 741
100%|███████████████████████████████████████████████████████████████████████████████████████████████████████████████████████████████████████████████████████████| 741/741 [00:22<00:00, 33.24it/s]
{'epoch': 73, 'rec_avg_loss': '0.4165', 'joint_avg_loss': '0.4165', 'cl_avg_loss': '0.0000', 'itemcl_loss': '0.0000', 'cl_pair_0_loss': '0.0000'}
Recommendation EP_test:73: 100%|| 140/140 [00:09<00:00, 15.15it/s]
{'Epoch': 73, 'name': 'high_freq', 'HIT@5': '0.0266', 'NDCG@5': '0.0177', 'HIT@10': '0.0446', 'NDCG@10': '0.0234', 'HIT@20': '0.0735', 'NDCG@20': '0.0307'}
{'Epoch': 73, 'name': 'mid_freq', 'HIT@5': '0.0082', 'NDCG@5': '0.0058', 'HIT@10': '0.0116', 'NDCG@10': '0.0069', 'HIT@20': '0.0181', 'NDCG@20': '0.0085'}
{'Epoch': 73, 'name': 'low_freq', 'HIT@5': '0.0057', 'NDCG@5': '0.0039', 'HIT@10': '0.0072', 'NDCG@10': '0.0044', 'HIT@20': '0.0102', 'NDCG@20': '0.0051'}
{'Epoch': 73, 'name': 'all', 'HIT@5': '0.0204', 'NDCG@5': '0.0136', 'HIT@10': '0.0335', 'NDCG@10': '0.0178', 'HIT@20': '0.0548', 'NDCG@20': '0.0232'}
EarlyStopping counter: 8 out of 40
rec dataset length: 741
100%|███████████████████████████████████████████████████████████████████████████████████████████████████████████████████████████████████████████████████████████| 741/741 [00:22<00:00, 33.65it/s]
{'epoch': 74, 'rec_avg_loss': '0.4151', 'joint_avg_loss': '0.4151', 'cl_avg_loss': '0.0000', 'itemcl_loss': '0.0000', 'cl_pair_0_loss': '0.0000'}
Recommendation EP_test:74: 100%|| 140/140 [00:09<00:00, 14.90it/s]
{'Epoch': 74, 'name': 'high_freq', 'HIT@5': '0.0275', 'NDCG@5': '0.0184', 'HIT@10': '0.0453', 'NDCG@10': '0.0242', 'HIT@20': '0.0739', 'NDCG@20': '0.0314'}
{'Epoch': 74, 'name': 'mid_freq', 'HIT@5': '0.0090', 'NDCG@5': '0.0062', 'HIT@10': '0.0128', 'NDCG@10': '0.0074', 'HIT@20': '0.0175', 'NDCG@20': '0.0086'}
{'Epoch': 74, 'name': 'low_freq', 'HIT@5': '0.0048', 'NDCG@5': '0.0034', 'HIT@10': '0.0072', 'NDCG@10': '0.0042', 'HIT@20': '0.0104', 'NDCG@20': '0.0050'}
{'Epoch': 74, 'name': 'all', 'HIT@5': '0.0211', 'NDCG@5': '0.0142', 'HIT@10': '0.0342', 'NDCG@10': '0.0184', 'HIT@20': '0.0550', 'NDCG@20': '0.0236'}
EarlyStopping counter: 9 out of 40
rec dataset length: 741
100%|███████████████████████████████████████████████████████████████████████████████████████████████████████████████████████████████████████████████████████████| 741/741 [00:21<00:00, 33.71it/s]
{'epoch': 75, 'rec_avg_loss': '0.4148', 'joint_avg_loss': '0.4148', 'cl_avg_loss': '0.0000', 'itemcl_loss': '0.0000', 'cl_pair_0_loss': '0.0000'}
Recommendation EP_test:75: 100%|| 140/140 [00:09<00:00, 15.21it/s]
{'Epoch': 75, 'name': 'high_freq', 'HIT@5': '0.0286', 'NDCG@5': '0.0188', 'HIT@10': '0.0473', 'NDCG@10': '0.0248', 'HIT@20': '0.0743', 'NDCG@20': '0.0316'}
{'Epoch': 75, 'name': 'mid_freq', 'HIT@5': '0.0098', 'NDCG@5': '0.0067', 'HIT@10': '0.0131', 'NDCG@10': '0.0077', 'HIT@20': '0.0182', 'NDCG@20': '0.0090'}
{'Epoch': 75, 'name': 'low_freq', 'HIT@5': '0.0061', 'NDCG@5': '0.0041', 'HIT@10': '0.0081', 'NDCG@10': '0.0048', 'HIT@20': '0.0113', 'NDCG@20': '0.0055'}
{'Epoch': 75, 'name': 'all', 'HIT@5': '0.0221', 'NDCG@5': '0.0146', 'HIT@10': '0.0357', 'NDCG@10': '0.0190', 'HIT@20': '0.0555', 'NDCG@20': '0.0239'}
EarlyStopping counter: 10 out of 40
rec dataset length: 741
100%|███████████████████████████████████████████████████████████████████████████████████████████████████████████████████████████████████████████████████████████| 741/741 [00:22<00:00, 33.37it/s]
{'epoch': 76, 'rec_avg_loss': '0.4074', 'joint_avg_loss': '0.4074', 'cl_avg_loss': '0.0000', 'itemcl_loss': '0.0000', 'cl_pair_0_loss': '0.0000'}
Recommendation EP_test:76: 100%|| 140/140 [00:09<00:00, 15.09it/s]
{'Epoch': 76, 'name': 'high_freq', 'HIT@5': '0.0272', 'NDCG@5': '0.0177', 'HIT@10': '0.0453', 'NDCG@10': '0.0235', 'HIT@20': '0.0711', 'NDCG@20': '0.0300'}
{'Epoch': 76, 'name': 'mid_freq', 'HIT@5': '0.0105', 'NDCG@5': '0.0065', 'HIT@10': '0.0139', 'NDCG@10': '0.0076', 'HIT@20': '0.0197', 'NDCG@20': '0.0090'}
{'Epoch': 76, 'name': 'low_freq', 'HIT@5': '0.0050', 'NDCG@5': '0.0033', 'HIT@10': '0.0077', 'NDCG@10': '0.0042', 'HIT@20': '0.0120', 'NDCG@20': '0.0053'}
{'Epoch': 76, 'name': 'all', 'HIT@5': '0.0212', 'NDCG@5': '0.0137', 'HIT@10': '0.0345', 'NDCG@10': '0.0180', 'HIT@20': '0.0537', 'NDCG@20': '0.0228'}
EarlyStopping counter: 11 out of 40
rec dataset length: 741
100%|███████████████████████████████████████████████████████████████████████████████████████████████████████████████████████████████████████████████████████████| 741/741 [00:21<00:00, 33.72it/s]
{'epoch': 77, 'rec_avg_loss': '0.4109', 'joint_avg_loss': '0.4109', 'cl_avg_loss': '0.0000', 'itemcl_loss': '0.0000', 'cl_pair_0_loss': '0.0000'}
Recommendation EP_test:77: 100%|| 140/140 [00:08<00:00, 15.61it/s]
{'Epoch': 77, 'name': 'high_freq', 'HIT@5': '0.0291', 'NDCG@5': '0.0192', 'HIT@10': '0.0474', 'NDCG@10': '0.0250', 'HIT@20': '0.0760', 'NDCG@20': '0.0322'}
{'Epoch': 77, 'name': 'mid_freq', 'HIT@5': '0.0086', 'NDCG@5': '0.0057', 'HIT@10': '0.0116', 'NDCG@10': '0.0067', 'HIT@20': '0.0174', 'NDCG@20': '0.0081'}
{'Epoch': 77, 'name': 'low_freq', 'HIT@5': '0.0048', 'NDCG@5': '0.0035', 'HIT@10': '0.0072', 'NDCG@10': '0.0042', 'HIT@20': '0.0088', 'NDCG@20': '0.0046'}
{'Epoch': 77, 'name': 'all', 'HIT@5': '0.0221', 'NDCG@5': '0.0146', 'HIT@10': '0.0354', 'NDCG@10': '0.0189', 'HIT@20': '0.0562', 'NDCG@20': '0.0241'}
EarlyStopping counter: 12 out of 40
rec dataset length: 741
100%|███████████████████████████████████████████████████████████████████████████████████████████████████████████████████████████████████████████████████████████| 741/741 [00:21<00:00, 33.70it/s]
{'epoch': 78, 'rec_avg_loss': '0.4086', 'joint_avg_loss': '0.4086', 'cl_avg_loss': '0.0000', 'itemcl_loss': '0.0000', 'cl_pair_0_loss': '0.0000'}
Recommendation EP_test:78: 100%|| 140/140 [00:09<00:00, 15.47it/s]
{'Epoch': 78, 'name': 'high_freq', 'HIT@5': '0.0282', 'NDCG@5': '0.0186', 'HIT@10': '0.0451', 'NDCG@10': '0.0240', 'HIT@20': '0.0740', 'NDCG@20': '0.0312'}
{'Epoch': 78, 'name': 'mid_freq', 'HIT@5': '0.0092', 'NDCG@5': '0.0061', 'HIT@10': '0.0136', 'NDCG@10': '0.0076', 'HIT@20': '0.0182', 'NDCG@20': '0.0087'}
{'Epoch': 78, 'name': 'low_freq', 'HIT@5': '0.0045', 'NDCG@5': '0.0031', 'HIT@10': '0.0063', 'NDCG@10': '0.0037', 'HIT@20': '0.0097', 'NDCG@20': '0.0045'}
{'Epoch': 78, 'name': 'all', 'HIT@5': '0.0215', 'NDCG@5': '0.0142', 'HIT@10': '0.0341', 'NDCG@10': '0.0182', 'HIT@20': '0.0551', 'NDCG@20': '0.0235'}
EarlyStopping counter: 13 out of 40
rec dataset length: 741
100%|███████████████████████████████████████████████████████████████████████████████████████████████████████████████████████████████████████████████████████████| 741/741 [00:21<00:00, 33.87it/s]
{'epoch': 79, 'rec_avg_loss': '0.4091', 'joint_avg_loss': '0.4091', 'cl_avg_loss': '0.0000', 'itemcl_loss': '0.0000', 'cl_pair_0_loss': '0.0000'}
Recommendation EP_test:79: 100%|| 140/140 [00:08<00:00, 15.82it/s]
{'Epoch': 79, 'name': 'high_freq', 'HIT@5': '0.0283', 'NDCG@5': '0.0184', 'HIT@10': '0.0456', 'NDCG@10': '0.0239', 'HIT@20': '0.0738', 'NDCG@20': '0.0310'}
{'Epoch': 79, 'name': 'mid_freq', 'HIT@5': '0.0102', 'NDCG@5': '0.0068', 'HIT@10': '0.0145', 'NDCG@10': '0.0082', 'HIT@20': '0.0197', 'NDCG@20': '0.0095'}
{'Epoch': 79, 'name': 'low_freq', 'HIT@5': '0.0043', 'NDCG@5': '0.0033', 'HIT@10': '0.0075', 'NDCG@10': '0.0043', 'HIT@20': '0.0111', 'NDCG@20': '0.0052'}
{'Epoch': 79, 'name': 'all', 'HIT@5': '0.0218', 'NDCG@5': '0.0142', 'HIT@10': '0.0348', 'NDCG@10': '0.0184', 'HIT@20': '0.0554', 'NDCG@20': '0.0236'}
EarlyStopping counter: 14 out of 40
rec dataset length: 741
100%|███████████████████████████████████████████████████████████████████████████████████████████████████████████████████████████████████████████████████████████| 741/741 [00:21<00:00, 33.84it/s]
{'epoch': 80, 'rec_avg_loss': '0.4100', 'joint_avg_loss': '0.4100', 'cl_avg_loss': '0.0000', 'itemcl_loss': '0.0000', 'cl_pair_0_loss': '0.0000'}
Recommendation EP_test:80: 100%|| 140/140 [00:09<00:00, 15.05it/s]
{'Epoch': 80, 'name': 'high_freq', 'HIT@5': '0.0294', 'NDCG@5': '0.0191', 'HIT@10': '0.0469', 'NDCG@10': '0.0247', 'HIT@20': '0.0739', 'NDCG@20': '0.0315'}
{'Epoch': 80, 'name': 'mid_freq', 'HIT@5': '0.0093', 'NDCG@5': '0.0062', 'HIT@10': '0.0134', 'NDCG@10': '0.0075', 'HIT@20': '0.0201', 'NDCG@20': '0.0092'}
{'Epoch': 80, 'name': 'low_freq', 'HIT@5': '0.0045', 'NDCG@5': '0.0033', 'HIT@10': '0.0068', 'NDCG@10': '0.0040', 'HIT@20': '0.0091', 'NDCG@20': '0.0046'}
{'Epoch': 80, 'name': 'all', 'HIT@5': '0.0224', 'NDCG@5': '0.0147', 'HIT@10': '0.0354', 'NDCG@10': '0.0188', 'HIT@20': '0.0553', 'NDCG@20': '0.0238'}
EarlyStopping counter: 15 out of 40
rec dataset length: 741
100%|███████████████████████████████████████████████████████████████████████████████████████████████████████████████████████████████████████████████████████████| 741/741 [00:22<00:00, 32.88it/s]
{'epoch': 81, 'rec_avg_loss': '0.4104', 'joint_avg_loss': '0.4104', 'cl_avg_loss': '0.0000', 'itemcl_loss': '0.0000', 'cl_pair_0_loss': '0.0000'}
Recommendation EP_test:81: 100%|| 140/140 [00:09<00:00, 15.33it/s]
{'Epoch': 81, 'name': 'high_freq', 'HIT@5': '0.0286', 'NDCG@5': '0.0190', 'HIT@10': '0.0460', 'NDCG@10': '0.0246', 'HIT@20': '0.0728', 'NDCG@20': '0.0313'}
{'Epoch': 81, 'name': 'mid_freq', 'HIT@5': '0.0105', 'NDCG@5': '0.0070', 'HIT@10': '0.0149', 'NDCG@10': '0.0084', 'HIT@20': '0.0208', 'NDCG@20': '0.0098'}
{'Epoch': 81, 'name': 'low_freq', 'HIT@5': '0.0048', 'NDCG@5': '0.0034', 'HIT@10': '0.0068', 'NDCG@10': '0.0041', 'HIT@20': '0.0097', 'NDCG@20': '0.0048'}
{'Epoch': 81, 'name': 'all', 'HIT@5': '0.0221', 'NDCG@5': '0.0147', 'HIT@10': '0.0350', 'NDCG@10': '0.0189', 'HIT@20': '0.0548', 'NDCG@20': '0.0238'}
EarlyStopping counter: 16 out of 40
rec dataset length: 741
100%|███████████████████████████████████████████████████████████████████████████████████████████████████████████████████████████████████████████████████████████| 741/741 [00:21<00:00, 34.24it/s]
{'epoch': 82, 'rec_avg_loss': '0.4058', 'joint_avg_loss': '0.4058', 'cl_avg_loss': '0.0000', 'itemcl_loss': '0.0000', 'cl_pair_0_loss': '0.0000'}
Recommendation EP_test:82: 100%|| 140/140 [00:08<00:00, 15.72it/s]
{'Epoch': 82, 'name': 'high_freq', 'HIT@5': '0.0268', 'NDCG@5': '0.0179', 'HIT@10': '0.0434', 'NDCG@10': '0.0233', 'HIT@20': '0.0709', 'NDCG@20': '0.0302'}
{'Epoch': 82, 'name': 'mid_freq', 'HIT@5': '0.0108', 'NDCG@5': '0.0072', 'HIT@10': '0.0158', 'NDCG@10': '0.0088', 'HIT@20': '0.0220', 'NDCG@20': '0.0104'}
{'Epoch': 82, 'name': 'low_freq', 'HIT@5': '0.0054', 'NDCG@5': '0.0040', 'HIT@10': '0.0081', 'NDCG@10': '0.0049', 'HIT@20': '0.0111', 'NDCG@20': '0.0056'}
{'Epoch': 82, 'name': 'all', 'HIT@5': '0.0210', 'NDCG@5': '0.0141', 'HIT@10': '0.0337', 'NDCG@10': '0.0182', 'HIT@20': '0.0539', 'NDCG@20': '0.0232'}
EarlyStopping counter: 17 out of 40
rec dataset length: 741
100%|███████████████████████████████████████████████████████████████████████████████████████████████████████████████████████████████████████████████████████████| 741/741 [00:21<00:00, 33.77it/s]
{'epoch': 83, 'rec_avg_loss': '0.4038', 'joint_avg_loss': '0.4038', 'cl_avg_loss': '0.0000', 'itemcl_loss': '0.0000', 'cl_pair_0_loss': '0.0000'}
Recommendation EP_test:83: 100%|| 140/140 [00:09<00:00, 15.20it/s]
{'Epoch': 83, 'name': 'high_freq', 'HIT@5': '0.0262', 'NDCG@5': '0.0179', 'HIT@10': '0.0440', 'NDCG@10': '0.0236', 'HIT@20': '0.0713', 'NDCG@20': '0.0304'}
{'Epoch': 83, 'name': 'mid_freq', 'HIT@5': '0.0090', 'NDCG@5': '0.0060', 'HIT@10': '0.0136', 'NDCG@10': '0.0075', 'HIT@20': '0.0192', 'NDCG@20': '0.0089'}
{'Epoch': 83, 'name': 'low_freq', 'HIT@5': '0.0050', 'NDCG@5': '0.0035', 'HIT@10': '0.0070', 'NDCG@10': '0.0041', 'HIT@20': '0.0093', 'NDCG@20': '0.0047'}
{'Epoch': 83, 'name': 'all', 'HIT@5': '0.0202', 'NDCG@5': '0.0138', 'HIT@10': '0.0335', 'NDCG@10': '0.0180', 'HIT@20': '0.0534', 'NDCG@20': '0.0230'}
EarlyStopping counter: 18 out of 40
rec dataset length: 741
100%|███████████████████████████████████████████████████████████████████████████████████████████████████████████████████████████████████████████████████████████| 741/741 [00:22<00:00, 32.81it/s]
{'epoch': 84, 'rec_avg_loss': '0.4056', 'joint_avg_loss': '0.4056', 'cl_avg_loss': '0.0000', 'itemcl_loss': '0.0000', 'cl_pair_0_loss': '0.0000'}
Recommendation EP_test:84: 100%|| 140/140 [00:09<00:00, 15.23it/s]
{'Epoch': 84, 'name': 'high_freq', 'HIT@5': '0.0277', 'NDCG@5': '0.0180', 'HIT@10': '0.0460', 'NDCG@10': '0.0239', 'HIT@20': '0.0728', 'NDCG@20': '0.0307'}
{'Epoch': 84, 'name': 'mid_freq', 'HIT@5': '0.0086', 'NDCG@5': '0.0058', 'HIT@10': '0.0139', 'NDCG@10': '0.0075', 'HIT@20': '0.0188', 'NDCG@20': '0.0088'}
{'Epoch': 84, 'name': 'low_freq', 'HIT@5': '0.0052', 'NDCG@5': '0.0035', 'HIT@10': '0.0068', 'NDCG@10': '0.0040', 'HIT@20': '0.0091', 'NDCG@20': '0.0046'}
{'Epoch': 84, 'name': 'all', 'HIT@5': '0.0212', 'NDCG@5': '0.0139', 'HIT@10': '0.0349', 'NDCG@10': '0.0183', 'HIT@20': '0.0544', 'NDCG@20': '0.0232'}
EarlyStopping counter: 19 out of 40
rec dataset length: 741
100%|███████████████████████████████████████████████████████████████████████████████████████████████████████████████████████████████████████████████████████████| 741/741 [00:21<00:00, 33.79it/s]
{'epoch': 85, 'rec_avg_loss': '0.4026', 'joint_avg_loss': '0.4026', 'cl_avg_loss': '0.0000', 'itemcl_loss': '0.0000', 'cl_pair_0_loss': '0.0000'}
Recommendation EP_test:85: 100%|| 140/140 [00:09<00:00, 15.52it/s]
{'Epoch': 85, 'name': 'high_freq', 'HIT@5': '0.0282', 'NDCG@5': '0.0188', 'HIT@10': '0.0472', 'NDCG@10': '0.0250', 'HIT@20': '0.0745', 'NDCG@20': '0.0318'}
{'Epoch': 85, 'name': 'mid_freq', 'HIT@5': '0.0102', 'NDCG@5': '0.0069', 'HIT@10': '0.0144', 'NDCG@10': '0.0082', 'HIT@20': '0.0205', 'NDCG@20': '0.0098'}
{'Epoch': 85, 'name': 'low_freq', 'HIT@5': '0.0052', 'NDCG@5': '0.0039', 'HIT@10': '0.0061', 'NDCG@10': '0.0042', 'HIT@20': '0.0088', 'NDCG@20': '0.0049'}
{'Epoch': 85, 'name': 'all', 'HIT@5': '0.0218', 'NDCG@5': '0.0147', 'HIT@10': '0.0357', 'NDCG@10': '0.0191', 'HIT@20': '0.0558', 'NDCG@20': '0.0242'}
EarlyStopping counter: 20 out of 40
rec dataset length: 741
100%|███████████████████████████████████████████████████████████████████████████████████████████████████████████████████████████████████████████████████████████| 741/741 [00:22<00:00, 33.13it/s]
{'epoch': 86, 'rec_avg_loss': '0.4045', 'joint_avg_loss': '0.4045', 'cl_avg_loss': '0.0000', 'itemcl_loss': '0.0000', 'cl_pair_0_loss': '0.0000'}
Recommendation EP_test:86: 100%|| 140/140 [00:08<00:00, 15.58it/s]
{'Epoch': 86, 'name': 'high_freq', 'HIT@5': '0.0286', 'NDCG@5': '0.0189', 'HIT@10': '0.0451', 'NDCG@10': '0.0242', 'HIT@20': '0.0732', 'NDCG@20': '0.0313'}
{'Epoch': 86, 'name': 'mid_freq', 'HIT@5': '0.0098', 'NDCG@5': '0.0069', 'HIT@10': '0.0145', 'NDCG@10': '0.0084', 'HIT@20': '0.0207', 'NDCG@20': '0.0100'}
{'Epoch': 86, 'name': 'low_freq', 'HIT@5': '0.0050', 'NDCG@5': '0.0037', 'HIT@10': '0.0068', 'NDCG@10': '0.0043', 'HIT@20': '0.0095', 'NDCG@20': '0.0050'}
{'Epoch': 86, 'name': 'all', 'HIT@5': '0.0220', 'NDCG@5': '0.0147', 'HIT@10': '0.0343', 'NDCG@10': '0.0187', 'HIT@20': '0.0550', 'NDCG@20': '0.0238'}
EarlyStopping counter: 21 out of 40
rec dataset length: 741
100%|███████████████████████████████████████████████████████████████████████████████████████████████████████████████████████████████████████████████████████████| 741/741 [00:21<00:00, 33.87it/s]
{'epoch': 87, 'rec_avg_loss': '0.4022', 'joint_avg_loss': '0.4022', 'cl_avg_loss': '0.0000', 'itemcl_loss': '0.0000', 'cl_pair_0_loss': '0.0000'}
Recommendation EP_test:87: 100%|| 140/140 [00:09<00:00, 15.50it/s]
{'Epoch': 87, 'name': 'high_freq', 'HIT@5': '0.0265', 'NDCG@5': '0.0178', 'HIT@10': '0.0455', 'NDCG@10': '0.0239', 'HIT@20': '0.0728', 'NDCG@20': '0.0308'}
{'Epoch': 87, 'name': 'mid_freq', 'HIT@5': '0.0096', 'NDCG@5': '0.0064', 'HIT@10': '0.0135', 'NDCG@10': '0.0077', 'HIT@20': '0.0205', 'NDCG@20': '0.0094'}
{'Epoch': 87, 'name': 'low_freq', 'HIT@5': '0.0050', 'NDCG@5': '0.0035', 'HIT@10': '0.0072', 'NDCG@10': '0.0043', 'HIT@20': '0.0104', 'NDCG@20': '0.0051'}
{'Epoch': 87, 'name': 'all', 'HIT@5': '0.0205', 'NDCG@5': '0.0138', 'HIT@10': '0.0345', 'NDCG@10': '0.0183', 'HIT@20': '0.0548', 'NDCG@20': '0.0234'}
EarlyStopping counter: 22 out of 40
rec dataset length: 741
100%|███████████████████████████████████████████████████████████████████████████████████████████████████████████████████████████████████████████████████████████| 741/741 [00:21<00:00, 34.00it/s]
{'epoch': 88, 'rec_avg_loss': '0.3992', 'joint_avg_loss': '0.3992', 'cl_avg_loss': '0.0000', 'itemcl_loss': '0.0000', 'cl_pair_0_loss': '0.0000'}
Recommendation EP_test:88: 100%|| 140/140 [00:09<00:00, 15.18it/s]
{'Epoch': 88, 'name': 'high_freq', 'HIT@5': '0.0271', 'NDCG@5': '0.0179', 'HIT@10': '0.0449', 'NDCG@10': '0.0236', 'HIT@20': '0.0732', 'NDCG@20': '0.0308'}
{'Epoch': 88, 'name': 'mid_freq', 'HIT@5': '0.0093', 'NDCG@5': '0.0064', 'HIT@10': '0.0141', 'NDCG@10': '0.0079', 'HIT@20': '0.0207', 'NDCG@20': '0.0095'}
{'Epoch': 88, 'name': 'low_freq', 'HIT@5': '0.0048', 'NDCG@5': '0.0037', 'HIT@10': '0.0059', 'NDCG@10': '0.0041', 'HIT@20': '0.0102', 'NDCG@20': '0.0052'}
{'Epoch': 88, 'name': 'all', 'HIT@5': '0.0209', 'NDCG@5': '0.0139', 'HIT@10': '0.0340', 'NDCG@10': '0.0181', 'HIT@20': '0.0551', 'NDCG@20': '0.0234'}
EarlyStopping counter: 23 out of 40
rec dataset length: 741
100%|███████████████████████████████████████████████████████████████████████████████████████████████████████████████████████████████████████████████████████████| 741/741 [00:21<00:00, 33.85it/s]
{'epoch': 89, 'rec_avg_loss': '0.4002', 'joint_avg_loss': '0.4002', 'cl_avg_loss': '0.0000', 'itemcl_loss': '0.0000', 'cl_pair_0_loss': '0.0000'}
Recommendation EP_test:89: 100%|| 140/140 [00:09<00:00, 15.38it/s]
{'Epoch': 89, 'name': 'high_freq', 'HIT@5': '0.0254', 'NDCG@5': '0.0169', 'HIT@10': '0.0447', 'NDCG@10': '0.0231', 'HIT@20': '0.0719', 'NDCG@20': '0.0299'}
{'Epoch': 89, 'name': 'mid_freq', 'HIT@5': '0.0093', 'NDCG@5': '0.0065', 'HIT@10': '0.0145', 'NDCG@10': '0.0082', 'HIT@20': '0.0207', 'NDCG@20': '0.0097'}
{'Epoch': 89, 'name': 'low_freq', 'HIT@5': '0.0057', 'NDCG@5': '0.0043', 'HIT@10': '0.0066', 'NDCG@10': '0.0046', 'HIT@20': '0.0091', 'NDCG@20': '0.0052'}
{'Epoch': 89, 'name': 'all', 'HIT@5': '0.0198', 'NDCG@5': '0.0133', 'HIT@10': '0.0341', 'NDCG@10': '0.0179', 'HIT@20': '0.0541', 'NDCG@20': '0.0229'}
EarlyStopping counter: 24 out of 40
rec dataset length: 741
100%|███████████████████████████████████████████████████████████████████████████████████████████████████████████████████████████████████████████████████████████| 741/741 [00:22<00:00, 33.32it/s]
{'epoch': 90, 'rec_avg_loss': '0.3987', 'joint_avg_loss': '0.3987', 'cl_avg_loss': '0.0000', 'itemcl_loss': '0.0000', 'cl_pair_0_loss': '0.0000'}
Recommendation EP_test:90: 100%|| 140/140 [00:09<00:00, 15.37it/s]
{'Epoch': 90, 'name': 'high_freq', 'HIT@5': '0.0280', 'NDCG@5': '0.0183', 'HIT@10': '0.0455', 'NDCG@10': '0.0239', 'HIT@20': '0.0729', 'NDCG@20': '0.0308'}
{'Epoch': 90, 'name': 'mid_freq', 'HIT@5': '0.0090', 'NDCG@5': '0.0065', 'HIT@10': '0.0122', 'NDCG@10': '0.0076', 'HIT@20': '0.0197', 'NDCG@20': '0.0095'}
{'Epoch': 90, 'name': 'low_freq', 'HIT@5': '0.0066', 'NDCG@5': '0.0047', 'HIT@10': '0.0072', 'NDCG@10': '0.0049', 'HIT@20': '0.0088', 'NDCG@20': '0.0053'}
{'Epoch': 90, 'name': 'all', 'HIT@5': '0.0216', 'NDCG@5': '0.0143', 'HIT@10': '0.0343', 'NDCG@10': '0.0184', 'HIT@20': '0.0546', 'NDCG@20': '0.0235'}
EarlyStopping counter: 25 out of 40
rec dataset length: 741
100%|███████████████████████████████████████████████████████████████████████████████████████████████████████████████████████████████████████████████████████████| 741/741 [00:21<00:00, 33.90it/s]
{'epoch': 91, 'rec_avg_loss': '0.4018', 'joint_avg_loss': '0.4018', 'cl_avg_loss': '0.0000', 'itemcl_loss': '0.0000', 'cl_pair_0_loss': '0.0000'}
Recommendation EP_test:91: 100%|| 140/140 [00:09<00:00, 15.37it/s]
{'Epoch': 91, 'name': 'high_freq', 'HIT@5': '0.0275', 'NDCG@5': '0.0181', 'HIT@10': '0.0445', 'NDCG@10': '0.0236', 'HIT@20': '0.0733', 'NDCG@20': '0.0308'}
{'Epoch': 91, 'name': 'mid_freq', 'HIT@5': '0.0105', 'NDCG@5': '0.0075', 'HIT@10': '0.0155', 'NDCG@10': '0.0091', 'HIT@20': '0.0210', 'NDCG@20': '0.0104'}
{'Epoch': 91, 'name': 'low_freq', 'HIT@5': '0.0063', 'NDCG@5': '0.0046', 'HIT@10': '0.0077', 'NDCG@10': '0.0051', 'HIT@20': '0.0095', 'NDCG@20': '0.0055'}
{'Epoch': 91, 'name': 'all', 'HIT@5': '0.0215', 'NDCG@5': '0.0144', 'HIT@10': '0.0343', 'NDCG@10': '0.0184', 'HIT@20': '0.0551', 'NDCG@20': '0.0237'}
EarlyStopping counter: 26 out of 40
rec dataset length: 741
100%|███████████████████████████████████████████████████████████████████████████████████████████████████████████████████████████████████████████████████████████| 741/741 [00:21<00:00, 33.90it/s]
{'epoch': 92, 'rec_avg_loss': '0.3991', 'joint_avg_loss': '0.3991', 'cl_avg_loss': '0.0000', 'itemcl_loss': '0.0000', 'cl_pair_0_loss': '0.0000'}
Recommendation EP_test:92: 100%|| 140/140 [00:09<00:00, 15.35it/s]
{'Epoch': 92, 'name': 'high_freq', 'HIT@5': '0.0285', 'NDCG@5': '0.0189', 'HIT@10': '0.0464', 'NDCG@10': '0.0247', 'HIT@20': '0.0745', 'NDCG@20': '0.0317'}
{'Epoch': 92, 'name': 'mid_freq', 'HIT@5': '0.0102', 'NDCG@5': '0.0068', 'HIT@10': '0.0141', 'NDCG@10': '0.0081', 'HIT@20': '0.0204', 'NDCG@20': '0.0096'}
{'Epoch': 92, 'name': 'low_freq', 'HIT@5': '0.0066', 'NDCG@5': '0.0047', 'HIT@10': '0.0081', 'NDCG@10': '0.0052', 'HIT@20': '0.0111', 'NDCG@20': '0.0060'}
{'Epoch': 92, 'name': 'all', 'HIT@5': '0.0222', 'NDCG@5': '0.0148', 'HIT@10': '0.0353', 'NDCG@10': '0.0190', 'HIT@20': '0.0561', 'NDCG@20': '0.0242'}
EarlyStopping counter: 27 out of 40
rec dataset length: 741
100%|███████████████████████████████████████████████████████████████████████████████████████████████████████████████████████████████████████████████████████████| 741/741 [00:22<00:00, 33.41it/s]
{'epoch': 93, 'rec_avg_loss': '0.3979', 'joint_avg_loss': '0.3979', 'cl_avg_loss': '0.0000', 'itemcl_loss': '0.0000', 'cl_pair_0_loss': '0.0000'}
Recommendation EP_test:93: 100%|| 140/140 [00:09<00:00, 15.49it/s]
{'Epoch': 93, 'name': 'high_freq', 'HIT@5': '0.0282', 'NDCG@5': '0.0190', 'HIT@10': '0.0459', 'NDCG@10': '0.0246', 'HIT@20': '0.0749', 'NDCG@20': '0.0319'}
{'Epoch': 93, 'name': 'mid_freq', 'HIT@5': '0.0109', 'NDCG@5': '0.0070', 'HIT@10': '0.0141', 'NDCG@10': '0.0081', 'HIT@20': '0.0184', 'NDCG@20': '0.0091'}
{'Epoch': 93, 'name': 'low_freq', 'HIT@5': '0.0059', 'NDCG@5': '0.0043', 'HIT@10': '0.0081', 'NDCG@10': '0.0050', 'HIT@20': '0.0113', 'NDCG@20': '0.0057'}
{'Epoch': 93, 'name': 'all', 'HIT@5': '0.0220', 'NDCG@5': '0.0148', 'HIT@10': '0.0350', 'NDCG@10': '0.0190', 'HIT@20': '0.0560', 'NDCG@20': '0.0242'}
EarlyStopping counter: 28 out of 40
rec dataset length: 741
100%|███████████████████████████████████████████████████████████████████████████████████████████████████████████████████████████████████████████████████████████| 741/741 [00:22<00:00, 33.09it/s]
{'epoch': 94, 'rec_avg_loss': '0.3962', 'joint_avg_loss': '0.3962', 'cl_avg_loss': '0.0000', 'itemcl_loss': '0.0000', 'cl_pair_0_loss': '0.0000'}
Recommendation EP_test:94: 100%|| 140/140 [00:09<00:00, 15.41it/s]
{'Epoch': 94, 'name': 'high_freq', 'HIT@5': '0.0287', 'NDCG@5': '0.0187', 'HIT@10': '0.0472', 'NDCG@10': '0.0246', 'HIT@20': '0.0751', 'NDCG@20': '0.0316'}
{'Epoch': 94, 'name': 'mid_freq', 'HIT@5': '0.0089', 'NDCG@5': '0.0061', 'HIT@10': '0.0119', 'NDCG@10': '0.0071', 'HIT@20': '0.0164', 'NDCG@20': '0.0082'}
{'Epoch': 94, 'name': 'low_freq', 'HIT@5': '0.0057', 'NDCG@5': '0.0041', 'HIT@10': '0.0068', 'NDCG@10': '0.0044', 'HIT@20': '0.0097', 'NDCG@20': '0.0052'}
{'Epoch': 94, 'name': 'all', 'HIT@5': '0.0219', 'NDCG@5': '0.0144', 'HIT@10': '0.0353', 'NDCG@10': '0.0187', 'HIT@20': '0.0555', 'NDCG@20': '0.0238'}
EarlyStopping counter: 29 out of 40
rec dataset length: 741
100%|███████████████████████████████████████████████████████████████████████████████████████████████████████████████████████████████████████████████████████████| 741/741 [00:22<00:00, 33.27it/s]
{'epoch': 95, 'rec_avg_loss': '0.3976', 'joint_avg_loss': '0.3976', 'cl_avg_loss': '0.0000', 'itemcl_loss': '0.0000', 'cl_pair_0_loss': '0.0000'}
Recommendation EP_test:95: 100%|| 140/140 [00:08<00:00, 15.64it/s]
{'Epoch': 95, 'name': 'high_freq', 'HIT@5': '0.0285', 'NDCG@5': '0.0184', 'HIT@10': '0.0460', 'NDCG@10': '0.0241', 'HIT@20': '0.0732', 'NDCG@20': '0.0308'}
{'Epoch': 95, 'name': 'mid_freq', 'HIT@5': '0.0096', 'NDCG@5': '0.0068', 'HIT@10': '0.0136', 'NDCG@10': '0.0081', 'HIT@20': '0.0192', 'NDCG@20': '0.0096'}
{'Epoch': 95, 'name': 'low_freq', 'HIT@5': '0.0059', 'NDCG@5': '0.0042', 'HIT@10': '0.0075', 'NDCG@10': '0.0047', 'HIT@20': '0.0095', 'NDCG@20': '0.0052'}
{'Epoch': 95, 'name': 'all', 'HIT@5': '0.0220', 'NDCG@5': '0.0144', 'HIT@10': '0.0349', 'NDCG@10': '0.0185', 'HIT@20': '0.0547', 'NDCG@20': '0.0235'}
EarlyStopping counter: 30 out of 40
rec dataset length: 741
100%|███████████████████████████████████████████████████████████████████████████████████████████████████████████████████████████████████████████████████████████| 741/741 [00:22<00:00, 33.61it/s]
{'epoch': 96, 'rec_avg_loss': '0.3980', 'joint_avg_loss': '0.3980', 'cl_avg_loss': '0.0000', 'itemcl_loss': '0.0000', 'cl_pair_0_loss': '0.0000'}
Recommendation EP_test:96: 100%|| 140/140 [00:08<00:00, 15.81it/s]
{'Epoch': 96, 'name': 'high_freq', 'HIT@5': '0.0277', 'NDCG@5': '0.0180', 'HIT@10': '0.0456', 'NDCG@10': '0.0238', 'HIT@20': '0.0733', 'NDCG@20': '0.0307'}
{'Epoch': 96, 'name': 'mid_freq', 'HIT@5': '0.0095', 'NDCG@5': '0.0065', 'HIT@10': '0.0134', 'NDCG@10': '0.0078', 'HIT@20': '0.0195', 'NDCG@20': '0.0093'}
{'Epoch': 96, 'name': 'low_freq', 'HIT@5': '0.0059', 'NDCG@5': '0.0038', 'HIT@10': '0.0066', 'NDCG@10': '0.0040', 'HIT@20': '0.0097', 'NDCG@20': '0.0048'}
{'Epoch': 96, 'name': 'all', 'HIT@5': '0.0215', 'NDCG@5': '0.0140', 'HIT@10': '0.0345', 'NDCG@10': '0.0182', 'HIT@20': '0.0549', 'NDCG@20': '0.0233'}
EarlyStopping counter: 31 out of 40
rec dataset length: 741
100%|███████████████████████████████████████████████████████████████████████████████████████████████████████████████████████████████████████████████████████████| 741/741 [00:22<00:00, 33.36it/s]
{'epoch': 97, 'rec_avg_loss': '0.3934', 'joint_avg_loss': '0.3934', 'cl_avg_loss': '0.0000', 'itemcl_loss': '0.0000', 'cl_pair_0_loss': '0.0000'}
Recommendation EP_test:97: 100%|| 140/140 [00:08<00:00, 15.61it/s]
{'Epoch': 97, 'name': 'high_freq', 'HIT@5': '0.0275', 'NDCG@5': '0.0181', 'HIT@10': '0.0433', 'NDCG@10': '0.0232', 'HIT@20': '0.0718', 'NDCG@20': '0.0303'}
{'Epoch': 97, 'name': 'mid_freq', 'HIT@5': '0.0105', 'NDCG@5': '0.0073', 'HIT@10': '0.0141', 'NDCG@10': '0.0084', 'HIT@20': '0.0198', 'NDCG@20': '0.0099'}
{'Epoch': 97, 'name': 'low_freq', 'HIT@5': '0.0059', 'NDCG@5': '0.0041', 'HIT@10': '0.0068', 'NDCG@10': '0.0044', 'HIT@20': '0.0113', 'NDCG@20': '0.0055'}
{'Epoch': 97, 'name': 'all', 'HIT@5': '0.0215', 'NDCG@5': '0.0143', 'HIT@10': '0.0331', 'NDCG@10': '0.0180', 'HIT@20': '0.0541', 'NDCG@20': '0.0232'}
EarlyStopping counter: 32 out of 40
rec dataset length: 741
100%|███████████████████████████████████████████████████████████████████████████████████████████████████████████████████████████████████████████████████████████| 741/741 [00:21<00:00, 33.98it/s]
{'epoch': 98, 'rec_avg_loss': '0.3939', 'joint_avg_loss': '0.3939', 'cl_avg_loss': '0.0000', 'itemcl_loss': '0.0000', 'cl_pair_0_loss': '0.0000'}
Recommendation EP_test:98: 100%|| 140/140 [00:08<00:00, 15.71it/s]
{'Epoch': 98, 'name': 'high_freq', 'HIT@5': '0.0280', 'NDCG@5': '0.0187', 'HIT@10': '0.0449', 'NDCG@10': '0.0241', 'HIT@20': '0.0729', 'NDCG@20': '0.0311'}
{'Epoch': 98, 'name': 'mid_freq', 'HIT@5': '0.0089', 'NDCG@5': '0.0063', 'HIT@10': '0.0139', 'NDCG@10': '0.0079', 'HIT@20': '0.0201', 'NDCG@20': '0.0095'}
{'Epoch': 98, 'name': 'low_freq', 'HIT@5': '0.0061', 'NDCG@5': '0.0040', 'HIT@10': '0.0070', 'NDCG@10': '0.0043', 'HIT@20': '0.0102', 'NDCG@20': '0.0051'}
{'Epoch': 98, 'name': 'all', 'HIT@5': '0.0215', 'NDCG@5': '0.0144', 'HIT@10': '0.0342', 'NDCG@10': '0.0185', 'HIT@20': '0.0548', 'NDCG@20': '0.0236'}
EarlyStopping counter: 33 out of 40
rec dataset length: 741
100%|███████████████████████████████████████████████████████████████████████████████████████████████████████████████████████████████████████████████████████████| 741/741 [00:22<00:00, 33.48it/s]
{'epoch': 99, 'rec_avg_loss': '0.3946', 'joint_avg_loss': '0.3946', 'cl_avg_loss': '0.0000', 'itemcl_loss': '0.0000', 'cl_pair_0_loss': '0.0000'}
Recommendation EP_test:99: 100%|| 140/140 [00:09<00:00, 15.51it/s]
{'Epoch': 99, 'name': 'high_freq', 'HIT@5': '0.0273', 'NDCG@5': '0.0177', 'HIT@10': '0.0458', 'NDCG@10': '0.0236', 'HIT@20': '0.0716', 'NDCG@20': '0.0301'}
{'Epoch': 99, 'name': 'mid_freq', 'HIT@5': '0.0105', 'NDCG@5': '0.0073', 'HIT@10': '0.0144', 'NDCG@10': '0.0085', 'HIT@20': '0.0204', 'NDCG@20': '0.0100'}
{'Epoch': 99, 'name': 'low_freq', 'HIT@5': '0.0061', 'NDCG@5': '0.0046', 'HIT@10': '0.0077', 'NDCG@10': '0.0051', 'HIT@20': '0.0104', 'NDCG@20': '0.0058'}
{'Epoch': 99, 'name': 'all', 'HIT@5': '0.0214', 'NDCG@5': '0.0140', 'HIT@10': '0.0349', 'NDCG@10': '0.0184', 'HIT@20': '0.0540', 'NDCG@20': '0.0231'}
EarlyStopping counter: 34 out of 40
rec dataset length: 741
100%|███████████████████████████████████████████████████████████████████████████████████████████████████████████████████████████████████████████████████████████| 741/741 [00:22<00:00, 33.46it/s]
{'epoch': 100, 'rec_avg_loss': '0.3911', 'joint_avg_loss': '0.3911', 'cl_avg_loss': '0.0000', 'itemcl_loss': '0.0000', 'cl_pair_0_loss': '0.0000'}
Recommendation EP_test:100: 100%|| 140/140 [00:09<00:00, 15.16it/s]
{'Epoch': 100, 'name': 'high_freq', 'HIT@5': '0.0284', 'NDCG@5': '0.0188', 'HIT@10': '0.0449', 'NDCG@10': '0.0242', 'HIT@20': '0.0713', 'NDCG@20': '0.0308'}
{'Epoch': 100, 'name': 'mid_freq', 'HIT@5': '0.0096', 'NDCG@5': '0.0070', 'HIT@10': '0.0131', 'NDCG@10': '0.0081', 'HIT@20': '0.0198', 'NDCG@20': '0.0098'}
{'Epoch': 100, 'name': 'low_freq', 'HIT@5': '0.0059', 'NDCG@5': '0.0045', 'HIT@10': '0.0077', 'NDCG@10': '0.0050', 'HIT@20': '0.0100', 'NDCG@20': '0.0056'}
{'Epoch': 100, 'name': 'all', 'HIT@5': '0.0219', 'NDCG@5': '0.0147', 'HIT@10': '0.0341', 'NDCG@10': '0.0186', 'HIT@20': '0.0536', 'NDCG@20': '0.0236'}
EarlyStopping counter: 35 out of 40
rec dataset length: 741
100%|███████████████████████████████████████████████████████████████████████████████████████████████████████████████████████████████████████████████████████████| 741/741 [00:22<00:00, 33.59it/s]
{'epoch': 101, 'rec_avg_loss': '0.3914', 'joint_avg_loss': '0.3914', 'cl_avg_loss': '0.0000', 'itemcl_loss': '0.0000', 'cl_pair_0_loss': '0.0000'}
Recommendation EP_test:101: 100%|| 140/140 [00:08<00:00, 15.70it/s]
{'Epoch': 101, 'name': 'high_freq', 'HIT@5': '0.0292', 'NDCG@5': '0.0190', 'HIT@10': '0.0468', 'NDCG@10': '0.0246', 'HIT@20': '0.0737', 'NDCG@20': '0.0314'}
{'Epoch': 101, 'name': 'mid_freq', 'HIT@5': '0.0112', 'NDCG@5': '0.0078', 'HIT@10': '0.0138', 'NDCG@10': '0.0086', 'HIT@20': '0.0197', 'NDCG@20': '0.0101'}
{'Epoch': 101, 'name': 'low_freq', 'HIT@5': '0.0059', 'NDCG@5': '0.0045', 'HIT@10': '0.0072', 'NDCG@10': '0.0049', 'HIT@20': '0.0111', 'NDCG@20': '0.0059'}
{'Epoch': 101, 'name': 'all', 'HIT@5': '0.0228', 'NDCG@5': '0.0150', 'HIT@10': '0.0355', 'NDCG@10': '0.0190', 'HIT@20': '0.0554', 'NDCG@20': '0.0241'}
EarlyStopping counter: 36 out of 40
rec dataset length: 741
100%|███████████████████████████████████████████████████████████████████████████████████████████████████████████████████████████████████████████████████████████| 741/741 [00:21<00:00, 33.71it/s]
{'epoch': 102, 'rec_avg_loss': '0.3903', 'joint_avg_loss': '0.3903', 'cl_avg_loss': '0.0000', 'itemcl_loss': '0.0000', 'cl_pair_0_loss': '0.0000'}
Recommendation EP_test:102: 100%|| 140/140 [00:08<00:00, 15.75it/s]
{'Epoch': 102, 'name': 'high_freq', 'HIT@5': '0.0270', 'NDCG@5': '0.0177', 'HIT@10': '0.0445', 'NDCG@10': '0.0233', 'HIT@20': '0.0724', 'NDCG@20': '0.0303'}
{'Epoch': 102, 'name': 'mid_freq', 'HIT@5': '0.0109', 'NDCG@5': '0.0075', 'HIT@10': '0.0139', 'NDCG@10': '0.0085', 'HIT@20': '0.0203', 'NDCG@20': '0.0100'}
{'Epoch': 102, 'name': 'low_freq', 'HIT@5': '0.0063', 'NDCG@5': '0.0048', 'HIT@10': '0.0072', 'NDCG@10': '0.0051', 'HIT@20': '0.0106', 'NDCG@20': '0.0059'}
{'Epoch': 102, 'name': 'all', 'HIT@5': '0.0213', 'NDCG@5': '0.0141', 'HIT@10': '0.0339', 'NDCG@10': '0.0181', 'HIT@20': '0.0545', 'NDCG@20': '0.0233'}
EarlyStopping counter: 37 out of 40
rec dataset length: 741
100%|███████████████████████████████████████████████████████████████████████████████████████████████████████████████████████████████████████████████████████████| 741/741 [00:22<00:00, 32.93it/s]
{'epoch': 103, 'rec_avg_loss': '0.3908', 'joint_avg_loss': '0.3908', 'cl_avg_loss': '0.0000', 'itemcl_loss': '0.0000', 'cl_pair_0_loss': '0.0000'}
Recommendation EP_test:103: 100%|| 140/140 [00:08<00:00, 15.61it/s]
{'Epoch': 103, 'name': 'high_freq', 'HIT@5': '0.0270', 'NDCG@5': '0.0175', 'HIT@10': '0.0432', 'NDCG@10': '0.0227', 'HIT@20': '0.0726', 'NDCG@20': '0.0300'}
{'Epoch': 103, 'name': 'mid_freq', 'HIT@5': '0.0103', 'NDCG@5': '0.0073', 'HIT@10': '0.0136', 'NDCG@10': '0.0083', 'HIT@20': '0.0208', 'NDCG@20': '0.0101'}
{'Epoch': 103, 'name': 'low_freq', 'HIT@5': '0.0068', 'NDCG@5': '0.0051', 'HIT@10': '0.0081', 'NDCG@10': '0.0056', 'HIT@20': '0.0102', 'NDCG@20': '0.0061'}
{'Epoch': 103, 'name': 'all', 'HIT@5': '0.0212', 'NDCG@5': '0.0140', 'HIT@10': '0.0331', 'NDCG@10': '0.0177', 'HIT@20': '0.0547', 'NDCG@20': '0.0232'}
EarlyStopping counter: 38 out of 40
rec dataset length: 741
100%|███████████████████████████████████████████████████████████████████████████████████████████████████████████████████████████████████████████████████████████| 741/741 [00:21<00:00, 34.28it/s]
{'epoch': 104, 'rec_avg_loss': '0.3904', 'joint_avg_loss': '0.3904', 'cl_avg_loss': '0.0000', 'itemcl_loss': '0.0000', 'cl_pair_0_loss': '0.0000'}
Recommendation EP_test:104: 100%|| 140/140 [00:08<00:00, 15.91it/s]
{'Epoch': 104, 'name': 'high_freq', 'HIT@5': '0.0285', 'NDCG@5': '0.0180', 'HIT@10': '0.0448', 'NDCG@10': '0.0233', 'HIT@20': '0.0719', 'NDCG@20': '0.0301'}
{'Epoch': 104, 'name': 'mid_freq', 'HIT@5': '0.0102', 'NDCG@5': '0.0066', 'HIT@10': '0.0151', 'NDCG@10': '0.0082', 'HIT@20': '0.0197', 'NDCG@20': '0.0094'}
{'Epoch': 104, 'name': 'low_freq', 'HIT@5': '0.0063', 'NDCG@5': '0.0049', 'HIT@10': '0.0077', 'NDCG@10': '0.0053', 'HIT@20': '0.0118', 'NDCG@20': '0.0064'}
{'Epoch': 104, 'name': 'all', 'HIT@5': '0.0222', 'NDCG@5': '0.0142', 'HIT@10': '0.0344', 'NDCG@10': '0.0181', 'HIT@20': '0.0542', 'NDCG@20': '0.0231'}
EarlyStopping counter: 39 out of 40
rec dataset length: 741
100%|███████████████████████████████████████████████████████████████████████████████████████████████████████████████████████████████████████████████████████████| 741/741 [00:22<00:00, 33.20it/s]
{'epoch': 105, 'rec_avg_loss': '0.3906', 'joint_avg_loss': '0.3906', 'cl_avg_loss': '0.0000', 'itemcl_loss': '0.0000', 'cl_pair_0_loss': '0.0000'}
Recommendation EP_test:105: 100%|| 140/140 [00:08<00:00, 15.69it/s]
{'Epoch': 105, 'name': 'high_freq', 'HIT@5': '0.0266', 'NDCG@5': '0.0175', 'HIT@10': '0.0436', 'NDCG@10': '0.0230', 'HIT@20': '0.0714', 'NDCG@20': '0.0299'}
{'Epoch': 105, 'name': 'mid_freq', 'HIT@5': '0.0099', 'NDCG@5': '0.0068', 'HIT@10': '0.0141', 'NDCG@10': '0.0082', 'HIT@20': '0.0205', 'NDCG@20': '0.0098'}
{'Epoch': 105, 'name': 'low_freq', 'HIT@5': '0.0072', 'NDCG@5': '0.0054', 'HIT@10': '0.0088', 'NDCG@10': '0.0059', 'HIT@20': '0.0113', 'NDCG@20': '0.0065'}
{'Epoch': 105, 'name': 'all', 'HIT@5': '0.0209', 'NDCG@5': '0.0139', 'HIT@10': '0.0335', 'NDCG@10': '0.0180', 'HIT@20': '0.0540', 'NDCG@20': '0.0231'}
EarlyStopping counter: 40 out of 40
Early stopping
---------------Change to test_rating_matrix!-------------------
Recommendation EP_test:106: 100%|| 140/140 [00:10<00:00, 13.99it/s]
{'Epoch': 106, 'name': 'high_freq', 'HIT@5': '0.0276', 'NDCG@5': '0.0186', 'HIT@10': '0.0414', 'NDCG@10': '0.0230', 'HIT@20': '0.0657', 'NDCG@20': '0.0291'}
{'Epoch': 106, 'name': 'mid_freq', 'HIT@5': '0.0073', 'NDCG@5': '0.0046', 'HIT@10': '0.0103', 'NDCG@10': '0.0056', 'HIT@20': '0.0155', 'NDCG@20': '0.0069'}
{'Epoch': 106, 'name': 'low_freq', 'HIT@5': '0.0040', 'NDCG@5': '0.0027', 'HIT@10': '0.0069', 'NDCG@10': '0.0036', 'HIT@20': '0.0088', 'NDCG@20': '0.0041'}
{'Epoch': 106, 'name': 'all', 'HIT@5': '0.0196', 'NDCG@5': '0.0131', 'HIT@10': '0.0295', 'NDCG@10': '0.0163', 'HIT@20': '0.0462', 'NDCG@20': '0.0205'}
CoSeRec-Sports_and_Outdoors-single_base_256_freq
{'Epoch': 106, 'name': 'all', 'HIT@5': '0.0196', 'NDCG@5': '0.0131', 'HIT@10': '0.0295', 'NDCG@10': '0.0163', 'HIT@20': '0.0462', 'NDCG@20': '0.0205'}