Using Cuda: True
(18359, 18359)
--------------------Configure Info:------------
data_dir                       :                             ./data/
output_dir                     :                             output/
data_name                      :                 Sports_and_Outdoors
do_eval                        :                                   0
model_idx                      :                 single_cl_crop_1024
gpu_id                         :                                   0
noise_ratio                    :                                 0.0
training_data_ratio            :                                 1.0
augment_threshold              :                                   4
similarity_model_name          :                          ItemCF_IUF
augmentation_warm_up_epoches   :                                 160
base_augment_type              :                                crop
augment_type_for_short         :                                 SIM
tao                            :                                 0.2
gamma                          :                                 0.7
beta                           :                                 0.2
substitute_rate                :                                 0.1
insert_rate                    :                                 0.4
max_insert_num_per_pos         :                                   1
temperature                    :                                 1.0
n_views                        :                                   2
model_name                     :                             CoSeRec
hidden_size                    :                                  64
num_hidden_layers              :                                   2
num_attention_heads            :                                   2
hidden_act                     :                                gelu
attention_probs_dropout_prob   :                                 0.5
hidden_dropout_prob            :                                 0.5
initializer_range              :                                0.02
max_seq_length                 :                                  50
lr                             :                               0.001
batch_size                     :                                1024
epochs                         :                                 300
no_cuda                        :                                   0
log_freq                       :                                   1
seed                           :                                   1
cf_weight                      :                                 0.1
rec_weight                     :                                 1.0
weight_decay                   :                                 0.0
adam_beta1                     :                                 0.9
adam_beta2                     :                               0.999
cl                             :                                   1
multi_neg                      :                                   0
use_freq                       :                                   0
cuda_condition                 :                                   1
data_file                      :      ./data/Sports_and_Outdoors.txt
item_size                      :                               18359
mask_id                        :                               18358
log_file                       : output/CoSeRec-Sports_and_Outdoors-single_cl_crop_1024.txt
Similarity Model Type: offline
short sequence augment type: SIM
Augmentation methods for Long sequences: 5
Augmentation methods for short sequences: 3
Creating Contrastive Learning Dataset using 'crop' data augmentation
Similarity Model Type: offline
short sequence augment type: SIM
Augmentation methods for Long sequences: 5
Augmentation methods for short sequences: 3
Creating Contrastive Learning Dataset using 'crop' data augmentation
Similarity Model Type: offline
short sequence augment type: SIM
Augmentation methods for Long sequences: 5
Augmentation methods for short sequences: 3
Creating Contrastive Learning Dataset using 'crop' data augmentation
Total Parameters: 1278464
self.cf_criterion: NCELoss
Train CoSeRec
rec dataset length: 186
100%|█████████████████████████████████████████████████████████████████████████████████████████████████████████████████████████████████████████| 186/186 [00:47<00:00,  3.92it/s]
{'epoch': 0, 'rec_avg_loss': '1.2872', 'joint_avg_loss': '2.1571', 'cl_avg_loss': '8.6990', 'itemcl_loss': '0.0000', 'cl_pair_0_loss': '8.6990'}
Recommendation EP_test:0: 100%|| 35/35 [00:07<00:00,  4.52it/s]
{'Epoch': 0, 'name': 'high_freq', 'HIT@5': '0.0130', 'NDCG@5': '0.0083', 'HIT@10': '0.0206', 'NDCG@10': '0.0107', 'HIT@20': '0.0323', 'NDCG@20': '0.0136'}
{'Epoch': 0, 'name': 'mid_freq', 'HIT@5': '0.0000', 'NDCG@5': '0.0000', 'HIT@10': '0.0000', 'NDCG@10': '0.0000', 'HIT@20': '0.0000', 'NDCG@20': '0.0000'}
{'Epoch': 0, 'name': 'low_freq', 'HIT@5': '0.0000', 'NDCG@5': '0.0000', 'HIT@10': '0.0000', 'NDCG@10': '0.0000', 'HIT@20': '0.0000', 'NDCG@20': '0.0000'}
{'Epoch': 0, 'name': 'all', 'HIT@5': '0.0088', 'NDCG@5': '0.0056', 'HIT@10': '0.0140', 'NDCG@10': '0.0073', 'HIT@20': '0.0219', 'NDCG@20': '0.0093'}
Validation score increased.  Saving model ...
rec dataset length: 186
100%|█████████████████████████████████████████████████████████████████████████████████████████████████████████████████████████████████████████| 186/186 [00:46<00:00,  3.96it/s]
{'epoch': 1, 'rec_avg_loss': '1.1919', 'joint_avg_loss': '1.9142', 'cl_avg_loss': '7.2230', 'itemcl_loss': '0.0000', 'cl_pair_0_loss': '7.2230'}
Recommendation EP_test:1: 100%|| 35/35 [00:07<00:00,  4.78it/s]
{'Epoch': 1, 'name': 'high_freq', 'HIT@5': '0.0123', 'NDCG@5': '0.0080', 'HIT@10': '0.0203', 'NDCG@10': '0.0106', 'HIT@20': '0.0351', 'NDCG@20': '0.0143'}
{'Epoch': 1, 'name': 'mid_freq', 'HIT@5': '0.0000', 'NDCG@5': '0.0000', 'HIT@10': '0.0000', 'NDCG@10': '0.0000', 'HIT@20': '0.0000', 'NDCG@20': '0.0000'}
{'Epoch': 1, 'name': 'low_freq', 'HIT@5': '0.0000', 'NDCG@5': '0.0000', 'HIT@10': '0.0000', 'NDCG@10': '0.0000', 'HIT@20': '0.0000', 'NDCG@20': '0.0000'}
{'Epoch': 1, 'name': 'all', 'HIT@5': '0.0084', 'NDCG@5': '0.0055', 'HIT@10': '0.0138', 'NDCG@10': '0.0072', 'HIT@20': '0.0239', 'NDCG@20': '0.0097'}
Validation score increased.  Saving model ...
rec dataset length: 186
100%|█████████████████████████████████████████████████████████████████████████████████████████████████████████████████████████████████████████| 186/186 [00:47<00:00,  3.95it/s]
{'epoch': 2, 'rec_avg_loss': '1.1689', 'joint_avg_loss': '1.8104', 'cl_avg_loss': '6.4152', 'itemcl_loss': '0.0000', 'cl_pair_0_loss': '6.4152'}
Recommendation EP_test:2: 100%|| 35/35 [00:07<00:00,  4.74it/s]
{'Epoch': 2, 'name': 'high_freq', 'HIT@5': '0.0126', 'NDCG@5': '0.0081', 'HIT@10': '0.0206', 'NDCG@10': '0.0107', 'HIT@20': '0.0360', 'NDCG@20': '0.0146'}
{'Epoch': 2, 'name': 'mid_freq', 'HIT@5': '0.0000', 'NDCG@5': '0.0000', 'HIT@10': '0.0000', 'NDCG@10': '0.0000', 'HIT@20': '0.0000', 'NDCG@20': '0.0000'}
{'Epoch': 2, 'name': 'low_freq', 'HIT@5': '0.0000', 'NDCG@5': '0.0000', 'HIT@10': '0.0000', 'NDCG@10': '0.0000', 'HIT@20': '0.0000', 'NDCG@20': '0.0000'}
{'Epoch': 2, 'name': 'all', 'HIT@5': '0.0086', 'NDCG@5': '0.0055', 'HIT@10': '0.0140', 'NDCG@10': '0.0073', 'HIT@20': '0.0245', 'NDCG@20': '0.0099'}
Validation score increased.  Saving model ...
rec dataset length: 186
100%|█████████████████████████████████████████████████████████████████████████████████████████████████████████████████████████████████████████| 186/186 [00:47<00:00,  3.95it/s]
{'epoch': 3, 'rec_avg_loss': '1.1540', 'joint_avg_loss': '1.7599', 'cl_avg_loss': '6.0591', 'itemcl_loss': '0.0000', 'cl_pair_0_loss': '6.0591'}
Recommendation EP_test:3: 100%|| 35/35 [00:07<00:00,  4.74it/s]
{'Epoch': 3, 'name': 'high_freq', 'HIT@5': '0.0139', 'NDCG@5': '0.0087', 'HIT@10': '0.0228', 'NDCG@10': '0.0116', 'HIT@20': '0.0374', 'NDCG@20': '0.0152'}
{'Epoch': 3, 'name': 'mid_freq', 'HIT@5': '0.0000', 'NDCG@5': '0.0000', 'HIT@10': '0.0000', 'NDCG@10': '0.0000', 'HIT@20': '0.0000', 'NDCG@20': '0.0000'}
{'Epoch': 3, 'name': 'low_freq', 'HIT@5': '0.0000', 'NDCG@5': '0.0000', 'HIT@10': '0.0000', 'NDCG@10': '0.0000', 'HIT@20': '0.0000', 'NDCG@20': '0.0000'}
{'Epoch': 3, 'name': 'all', 'HIT@5': '0.0094', 'NDCG@5': '0.0059', 'HIT@10': '0.0155', 'NDCG@10': '0.0079', 'HIT@20': '0.0254', 'NDCG@20': '0.0104'}
Validation score increased.  Saving model ...
rec dataset length: 186
100%|█████████████████████████████████████████████████████████████████████████████████████████████████████████████████████████████████████████| 186/186 [00:47<00:00,  3.95it/s]
{'epoch': 4, 'rec_avg_loss': '1.1414', 'joint_avg_loss': '1.7221', 'cl_avg_loss': '5.8075', 'itemcl_loss': '0.0000', 'cl_pair_0_loss': '5.8075'}
Recommendation EP_test:4: 100%|| 35/35 [00:07<00:00,  4.67it/s]
{'Epoch': 4, 'name': 'high_freq', 'HIT@5': '0.0135', 'NDCG@5': '0.0085', 'HIT@10': '0.0223', 'NDCG@10': '0.0113', 'HIT@20': '0.0378', 'NDCG@20': '0.0151'}
{'Epoch': 4, 'name': 'mid_freq', 'HIT@5': '0.0000', 'NDCG@5': '0.0000', 'HIT@10': '0.0000', 'NDCG@10': '0.0000', 'HIT@20': '0.0000', 'NDCG@20': '0.0000'}
{'Epoch': 4, 'name': 'low_freq', 'HIT@5': '0.0000', 'NDCG@5': '0.0000', 'HIT@10': '0.0000', 'NDCG@10': '0.0000', 'HIT@20': '0.0000', 'NDCG@20': '0.0000'}
{'Epoch': 4, 'name': 'all', 'HIT@5': '0.0092', 'NDCG@5': '0.0058', 'HIT@10': '0.0151', 'NDCG@10': '0.0077', 'HIT@20': '0.0257', 'NDCG@20': '0.0103'}
EarlyStopping counter: 1 out of 40
rec dataset length: 186
100%|█████████████████████████████████████████████████████████████████████████████████████████████████████████████████████████████████████████| 186/186 [00:47<00:00,  3.95it/s]
{'epoch': 5, 'rec_avg_loss': '1.1208', 'joint_avg_loss': '1.6807', 'cl_avg_loss': '5.5990', 'itemcl_loss': '0.0000', 'cl_pair_0_loss': '5.5990'}
Recommendation EP_test:5: 100%|| 35/35 [00:07<00:00,  4.38it/s]
{'Epoch': 5, 'name': 'high_freq', 'HIT@5': '0.0161', 'NDCG@5': '0.0101', 'HIT@10': '0.0266', 'NDCG@10': '0.0134', 'HIT@20': '0.0452', 'NDCG@20': '0.0181'}
{'Epoch': 5, 'name': 'mid_freq', 'HIT@5': '0.0000', 'NDCG@5': '0.0000', 'HIT@10': '0.0000', 'NDCG@10': '0.0000', 'HIT@20': '0.0000', 'NDCG@20': '0.0000'}
{'Epoch': 5, 'name': 'low_freq', 'HIT@5': '0.0000', 'NDCG@5': '0.0000', 'HIT@10': '0.0000', 'NDCG@10': '0.0000', 'HIT@20': '0.0000', 'NDCG@20': '0.0000'}
{'Epoch': 5, 'name': 'all', 'HIT@5': '0.0110', 'NDCG@5': '0.0068', 'HIT@10': '0.0181', 'NDCG@10': '0.0091', 'HIT@20': '0.0308', 'NDCG@20': '0.0123'}
Validation score increased.  Saving model ...
rec dataset length: 186
100%|█████████████████████████████████████████████████████████████████████████████████████████████████████████████████████████████████████████| 186/186 [00:46<00:00,  3.96it/s]
{'epoch': 6, 'rec_avg_loss': '1.0909', 'joint_avg_loss': '1.6374', 'cl_avg_loss': '5.4658', 'itemcl_loss': '0.0000', 'cl_pair_0_loss': '5.4658'}
Recommendation EP_test:6: 100%|| 35/35 [00:08<00:00,  4.31it/s]
{'Epoch': 6, 'name': 'high_freq', 'HIT@5': '0.0175', 'NDCG@5': '0.0111', 'HIT@10': '0.0322', 'NDCG@10': '0.0158', 'HIT@20': '0.0530', 'NDCG@20': '0.0210'}
{'Epoch': 6, 'name': 'mid_freq', 'HIT@5': '0.0000', 'NDCG@5': '0.0000', 'HIT@10': '0.0000', 'NDCG@10': '0.0000', 'HIT@20': '0.0000', 'NDCG@20': '0.0000'}
{'Epoch': 6, 'name': 'low_freq', 'HIT@5': '0.0000', 'NDCG@5': '0.0000', 'HIT@10': '0.0000', 'NDCG@10': '0.0000', 'HIT@20': '0.0000', 'NDCG@20': '0.0000'}
{'Epoch': 6, 'name': 'all', 'HIT@5': '0.0119', 'NDCG@5': '0.0075', 'HIT@10': '0.0219', 'NDCG@10': '0.0107', 'HIT@20': '0.0360', 'NDCG@20': '0.0143'}
Validation score increased.  Saving model ...
rec dataset length: 186
100%|█████████████████████████████████████████████████████████████████████████████████████████████████████████████████████████████████████████| 186/186 [00:47<00:00,  3.96it/s]
{'epoch': 7, 'rec_avg_loss': '1.0589', 'joint_avg_loss': '1.5982', 'cl_avg_loss': '5.3925', 'itemcl_loss': '0.0000', 'cl_pair_0_loss': '5.3925'}
Recommendation EP_test:7: 100%|| 35/35 [00:08<00:00,  4.25it/s]
{'Epoch': 7, 'name': 'high_freq', 'HIT@5': '0.0185', 'NDCG@5': '0.0113', 'HIT@10': '0.0323', 'NDCG@10': '0.0157', 'HIT@20': '0.0545', 'NDCG@20': '0.0213'}
{'Epoch': 7, 'name': 'mid_freq', 'HIT@5': '0.0000', 'NDCG@5': '0.0000', 'HIT@10': '0.0000', 'NDCG@10': '0.0000', 'HIT@20': '0.0000', 'NDCG@20': '0.0000'}
{'Epoch': 7, 'name': 'low_freq', 'HIT@5': '0.0000', 'NDCG@5': '0.0000', 'HIT@10': '0.0000', 'NDCG@10': '0.0000', 'HIT@20': '0.0000', 'NDCG@20': '0.0000'}
{'Epoch': 7, 'name': 'all', 'HIT@5': '0.0126', 'NDCG@5': '0.0077', 'HIT@10': '0.0220', 'NDCG@10': '0.0107', 'HIT@20': '0.0371', 'NDCG@20': '0.0145'}
Validation score increased.  Saving model ...
rec dataset length: 186
100%|█████████████████████████████████████████████████████████████████████████████████████████████████████████████████████████████████████████| 186/186 [00:47<00:00,  3.95it/s]
{'epoch': 8, 'rec_avg_loss': '1.0281', 'joint_avg_loss': '1.5617', 'cl_avg_loss': '5.3361', 'itemcl_loss': '0.0000', 'cl_pair_0_loss': '5.3361'}
Recommendation EP_test:8: 100%|| 35/35 [00:08<00:00,  4.16it/s]
{'Epoch': 8, 'name': 'high_freq', 'HIT@5': '0.0212', 'NDCG@5': '0.0129', 'HIT@10': '0.0376', 'NDCG@10': '0.0182', 'HIT@20': '0.0604', 'NDCG@20': '0.0239'}
{'Epoch': 8, 'name': 'mid_freq', 'HIT@5': '0.0000', 'NDCG@5': '0.0000', 'HIT@10': '0.0000', 'NDCG@10': '0.0000', 'HIT@20': '0.0000', 'NDCG@20': '0.0000'}
{'Epoch': 8, 'name': 'low_freq', 'HIT@5': '0.0000', 'NDCG@5': '0.0000', 'HIT@10': '0.0000', 'NDCG@10': '0.0000', 'HIT@20': '0.0000', 'NDCG@20': '0.0000'}
{'Epoch': 8, 'name': 'all', 'HIT@5': '0.0144', 'NDCG@5': '0.0088', 'HIT@10': '0.0256', 'NDCG@10': '0.0124', 'HIT@20': '0.0411', 'NDCG@20': '0.0163'}
Validation score increased.  Saving model ...
rec dataset length: 186
100%|█████████████████████████████████████████████████████████████████████████████████████████████████████████████████████████████████████████| 186/186 [00:47<00:00,  3.95it/s]
{'epoch': 9, 'rec_avg_loss': '0.9987', 'joint_avg_loss': '1.5283', 'cl_avg_loss': '5.2956', 'itemcl_loss': '0.0000', 'cl_pair_0_loss': '5.2956'}
Recommendation EP_test:9: 100%|| 35/35 [00:08<00:00,  4.00it/s]
{'Epoch': 9, 'name': 'high_freq', 'HIT@5': '0.0230', 'NDCG@5': '0.0144', 'HIT@10': '0.0382', 'NDCG@10': '0.0193', 'HIT@20': '0.0628', 'NDCG@20': '0.0255'}
{'Epoch': 9, 'name': 'mid_freq', 'HIT@5': '0.0000', 'NDCG@5': '0.0000', 'HIT@10': '0.0000', 'NDCG@10': '0.0000', 'HIT@20': '0.0000', 'NDCG@20': '0.0000'}
{'Epoch': 9, 'name': 'low_freq', 'HIT@5': '0.0000', 'NDCG@5': '0.0000', 'HIT@10': '0.0000', 'NDCG@10': '0.0000', 'HIT@20': '0.0000', 'NDCG@20': '0.0000'}
{'Epoch': 9, 'name': 'all', 'HIT@5': '0.0156', 'NDCG@5': '0.0098', 'HIT@10': '0.0260', 'NDCG@10': '0.0132', 'HIT@20': '0.0428', 'NDCG@20': '0.0174'}
Validation score increased.  Saving model ...
rec dataset length: 186
100%|█████████████████████████████████████████████████████████████████████████████████████████████████████████████████████████████████████████| 186/186 [00:47<00:00,  3.96it/s]
{'epoch': 10, 'rec_avg_loss': '0.9759', 'joint_avg_loss': '1.5013', 'cl_avg_loss': '5.2540', 'itemcl_loss': '0.0000', 'cl_pair_0_loss': '5.2540'}
Recommendation EP_test:10: 100%|| 35/35 [00:08<00:00,  4.08it/s]
{'Epoch': 10, 'name': 'high_freq', 'HIT@5': '0.0240', 'NDCG@5': '0.0156', 'HIT@10': '0.0405', 'NDCG@10': '0.0209', 'HIT@20': '0.0677', 'NDCG@20': '0.0278'}
{'Epoch': 10, 'name': 'mid_freq', 'HIT@5': '0.0000', 'NDCG@5': '0.0000', 'HIT@10': '0.0001', 'NDCG@10': '0.0000', 'HIT@20': '0.0004', 'NDCG@20': '0.0001'}
{'Epoch': 10, 'name': 'low_freq', 'HIT@5': '0.0000', 'NDCG@5': '0.0000', 'HIT@10': '0.0000', 'NDCG@10': '0.0000', 'HIT@20': '0.0000', 'NDCG@20': '0.0000'}
{'Epoch': 10, 'name': 'all', 'HIT@5': '0.0163', 'NDCG@5': '0.0106', 'HIT@10': '0.0276', 'NDCG@10': '0.0142', 'HIT@20': '0.0461', 'NDCG@20': '0.0189'}
Validation score increased.  Saving model ...
rec dataset length: 186
100%|█████████████████████████████████████████████████████████████████████████████████████████████████████████████████████████████████████████| 186/186 [00:47<00:00,  3.95it/s]
{'epoch': 11, 'rec_avg_loss': '0.9558', 'joint_avg_loss': '1.4783', 'cl_avg_loss': '5.2247', 'itemcl_loss': '0.0000', 'cl_pair_0_loss': '5.2247'}
Recommendation EP_test:11: 100%|| 35/35 [00:08<00:00,  4.07it/s]
{'Epoch': 11, 'name': 'high_freq', 'HIT@5': '0.0256', 'NDCG@5': '0.0158', 'HIT@10': '0.0429', 'NDCG@10': '0.0213', 'HIT@20': '0.0715', 'NDCG@20': '0.0285'}
{'Epoch': 11, 'name': 'mid_freq', 'HIT@5': '0.0000', 'NDCG@5': '0.0000', 'HIT@10': '0.0003', 'NDCG@10': '0.0001', 'HIT@20': '0.0004', 'NDCG@20': '0.0001'}
{'Epoch': 11, 'name': 'low_freq', 'HIT@5': '0.0000', 'NDCG@5': '0.0000', 'HIT@10': '0.0000', 'NDCG@10': '0.0000', 'HIT@20': '0.0000', 'NDCG@20': '0.0000'}
{'Epoch': 11, 'name': 'all', 'HIT@5': '0.0174', 'NDCG@5': '0.0107', 'HIT@10': '0.0292', 'NDCG@10': '0.0145', 'HIT@20': '0.0487', 'NDCG@20': '0.0194'}
Validation score increased.  Saving model ...
rec dataset length: 186
100%|█████████████████████████████████████████████████████████████████████████████████████████████████████████████████████████████████████████| 186/186 [00:46<00:00,  3.96it/s]
{'epoch': 12, 'rec_avg_loss': '0.9376', 'joint_avg_loss': '1.4583', 'cl_avg_loss': '5.2069', 'itemcl_loss': '0.0000', 'cl_pair_0_loss': '5.2069'}
Recommendation EP_test:12: 100%|| 35/35 [00:08<00:00,  4.07it/s]
{'Epoch': 12, 'name': 'high_freq', 'HIT@5': '0.0266', 'NDCG@5': '0.0169', 'HIT@10': '0.0452', 'NDCG@10': '0.0229', 'HIT@20': '0.0727', 'NDCG@20': '0.0298'}
{'Epoch': 12, 'name': 'mid_freq', 'HIT@5': '0.0000', 'NDCG@5': '0.0000', 'HIT@10': '0.0000', 'NDCG@10': '0.0000', 'HIT@20': '0.0003', 'NDCG@20': '0.0001'}
{'Epoch': 12, 'name': 'low_freq', 'HIT@5': '0.0000', 'NDCG@5': '0.0000', 'HIT@10': '0.0000', 'NDCG@10': '0.0000', 'HIT@20': '0.0000', 'NDCG@20': '0.0000'}
{'Epoch': 12, 'name': 'all', 'HIT@5': '0.0181', 'NDCG@5': '0.0115', 'HIT@10': '0.0308', 'NDCG@10': '0.0156', 'HIT@20': '0.0495', 'NDCG@20': '0.0203'}
Validation score increased.  Saving model ...
rec dataset length: 186
100%|█████████████████████████████████████████████████████████████████████████████████████████████████████████████████████████████████████████| 186/186 [00:47<00:00,  3.95it/s]
{'epoch': 13, 'rec_avg_loss': '0.9190', 'joint_avg_loss': '1.4387', 'cl_avg_loss': '5.1967', 'itemcl_loss': '0.0000', 'cl_pair_0_loss': '5.1967'}
Recommendation EP_test:13: 100%|| 35/35 [00:08<00:00,  4.09it/s]
{'Epoch': 13, 'name': 'high_freq', 'HIT@5': '0.0292', 'NDCG@5': '0.0186', 'HIT@10': '0.0485', 'NDCG@10': '0.0248', 'HIT@20': '0.0775', 'NDCG@20': '0.0321'}
{'Epoch': 13, 'name': 'mid_freq', 'HIT@5': '0.0000', 'NDCG@5': '0.0000', 'HIT@10': '0.0001', 'NDCG@10': '0.0000', 'HIT@20': '0.0007', 'NDCG@20': '0.0002'}
{'Epoch': 13, 'name': 'low_freq', 'HIT@5': '0.0000', 'NDCG@5': '0.0000', 'HIT@10': '0.0000', 'NDCG@10': '0.0000', 'HIT@20': '0.0000', 'NDCG@20': '0.0000'}
{'Epoch': 13, 'name': 'all', 'HIT@5': '0.0199', 'NDCG@5': '0.0126', 'HIT@10': '0.0330', 'NDCG@10': '0.0169', 'HIT@20': '0.0529', 'NDCG@20': '0.0219'}
Validation score increased.  Saving model ...
rec dataset length: 186
100%|█████████████████████████████████████████████████████████████████████████████████████████████████████████████████████████████████████████| 186/186 [00:46<00:00,  3.96it/s]
{'epoch': 14, 'rec_avg_loss': '0.9027', 'joint_avg_loss': '1.4209', 'cl_avg_loss': '5.1821', 'itemcl_loss': '0.0000', 'cl_pair_0_loss': '5.1821'}
Recommendation EP_test:14: 100%|| 35/35 [00:08<00:00,  4.12it/s]
{'Epoch': 14, 'name': 'high_freq', 'HIT@5': '0.0297', 'NDCG@5': '0.0188', 'HIT@10': '0.0494', 'NDCG@10': '0.0251', 'HIT@20': '0.0792', 'NDCG@20': '0.0326'}
{'Epoch': 14, 'name': 'mid_freq', 'HIT@5': '0.0001', 'NDCG@5': '0.0001', 'HIT@10': '0.0004', 'NDCG@10': '0.0002', 'HIT@20': '0.0010', 'NDCG@20': '0.0003'}
{'Epoch': 14, 'name': 'low_freq', 'HIT@5': '0.0000', 'NDCG@5': '0.0000', 'HIT@10': '0.0000', 'NDCG@10': '0.0000', 'HIT@20': '0.0002', 'NDCG@20': '0.0001'}
{'Epoch': 14, 'name': 'all', 'HIT@5': '0.0203', 'NDCG@5': '0.0128', 'HIT@10': '0.0337', 'NDCG@10': '0.0171', 'HIT@20': '0.0541', 'NDCG@20': '0.0222'}
Validation score increased.  Saving model ...
rec dataset length: 186
100%|█████████████████████████████████████████████████████████████████████████████████████████████████████████████████████████████████████████| 186/186 [00:47<00:00,  3.96it/s]
{'epoch': 15, 'rec_avg_loss': '0.8861', 'joint_avg_loss': '1.4013', 'cl_avg_loss': '5.1518', 'itemcl_loss': '0.0000', 'cl_pair_0_loss': '5.1518'}
Recommendation EP_test:15: 100%|| 35/35 [00:08<00:00,  4.03it/s]
{'Epoch': 15, 'name': 'high_freq', 'HIT@5': '0.0335', 'NDCG@5': '0.0212', 'HIT@10': '0.0525', 'NDCG@10': '0.0273', 'HIT@20': '0.0845', 'NDCG@20': '0.0353'}
{'Epoch': 15, 'name': 'mid_freq', 'HIT@5': '0.0001', 'NDCG@5': '0.0001', 'HIT@10': '0.0009', 'NDCG@10': '0.0003', 'HIT@20': '0.0014', 'NDCG@20': '0.0004'}
{'Epoch': 15, 'name': 'low_freq', 'HIT@5': '0.0000', 'NDCG@5': '0.0000', 'HIT@10': '0.0000', 'NDCG@10': '0.0000', 'HIT@20': '0.0000', 'NDCG@20': '0.0000'}
{'Epoch': 15, 'name': 'all', 'HIT@5': '0.0228', 'NDCG@5': '0.0144', 'HIT@10': '0.0359', 'NDCG@10': '0.0186', 'HIT@20': '0.0578', 'NDCG@20': '0.0241'}
Validation score increased.  Saving model ...
rec dataset length: 186
100%|█████████████████████████████████████████████████████████████████████████████████████████████████████████████████████████████████████████| 186/186 [00:47<00:00,  3.95it/s]
{'epoch': 16, 'rec_avg_loss': '0.8717', 'joint_avg_loss': '1.3867', 'cl_avg_loss': '5.1498', 'itemcl_loss': '0.0000', 'cl_pair_0_loss': '5.1498'}
Recommendation EP_test:16: 100%|| 35/35 [00:08<00:00,  3.98it/s]
{'Epoch': 16, 'name': 'high_freq', 'HIT@5': '0.0332', 'NDCG@5': '0.0214', 'HIT@10': '0.0536', 'NDCG@10': '0.0279', 'HIT@20': '0.0848', 'NDCG@20': '0.0358'}
{'Epoch': 16, 'name': 'mid_freq', 'HIT@5': '0.0003', 'NDCG@5': '0.0001', 'HIT@10': '0.0007', 'NDCG@10': '0.0003', 'HIT@20': '0.0017', 'NDCG@20': '0.0005'}
{'Epoch': 16, 'name': 'low_freq', 'HIT@5': '0.0000', 'NDCG@5': '0.0000', 'HIT@10': '0.0000', 'NDCG@10': '0.0000', 'HIT@20': '0.0000', 'NDCG@20': '0.0000'}
{'Epoch': 16, 'name': 'all', 'HIT@5': '0.0226', 'NDCG@5': '0.0146', 'HIT@10': '0.0366', 'NDCG@10': '0.0191', 'HIT@20': '0.0580', 'NDCG@20': '0.0244'}
Validation score increased.  Saving model ...
rec dataset length: 186
100%|█████████████████████████████████████████████████████████████████████████████████████████████████████████████████████████████████████████| 186/186 [00:47<00:00,  3.95it/s]
{'epoch': 17, 'rec_avg_loss': '0.8600', 'joint_avg_loss': '1.3742', 'cl_avg_loss': '5.1421', 'itemcl_loss': '0.0000', 'cl_pair_0_loss': '5.1421'}
Recommendation EP_test:17: 100%|| 35/35 [00:08<00:00,  4.08it/s]
{'Epoch': 17, 'name': 'high_freq', 'HIT@5': '0.0341', 'NDCG@5': '0.0216', 'HIT@10': '0.0541', 'NDCG@10': '0.0280', 'HIT@20': '0.0851', 'NDCG@20': '0.0358'}
{'Epoch': 17, 'name': 'mid_freq', 'HIT@5': '0.0004', 'NDCG@5': '0.0002', 'HIT@10': '0.0011', 'NDCG@10': '0.0004', 'HIT@20': '0.0023', 'NDCG@20': '0.0007'}
{'Epoch': 17, 'name': 'low_freq', 'HIT@5': '0.0000', 'NDCG@5': '0.0000', 'HIT@10': '0.0000', 'NDCG@10': '0.0000', 'HIT@20': '0.0000', 'NDCG@20': '0.0000'}
{'Epoch': 17, 'name': 'all', 'HIT@5': '0.0233', 'NDCG@5': '0.0147', 'HIT@10': '0.0370', 'NDCG@10': '0.0191', 'HIT@20': '0.0583', 'NDCG@20': '0.0245'}
Validation score increased.  Saving model ...
rec dataset length: 186
100%|█████████████████████████████████████████████████████████████████████████████████████████████████████████████████████████████████████████| 186/186 [00:47<00:00,  3.95it/s]
{'epoch': 18, 'rec_avg_loss': '0.8460', 'joint_avg_loss': '1.3585', 'cl_avg_loss': '5.1255', 'itemcl_loss': '0.0000', 'cl_pair_0_loss': '5.1255'}
Recommendation EP_test:18: 100%|| 35/35 [00:08<00:00,  4.05it/s]
{'Epoch': 18, 'name': 'high_freq', 'HIT@5': '0.0341', 'NDCG@5': '0.0223', 'HIT@10': '0.0551', 'NDCG@10': '0.0291', 'HIT@20': '0.0857', 'NDCG@20': '0.0367'}
{'Epoch': 18, 'name': 'mid_freq', 'HIT@5': '0.0007', 'NDCG@5': '0.0004', 'HIT@10': '0.0013', 'NDCG@10': '0.0006', 'HIT@20': '0.0023', 'NDCG@20': '0.0008'}
{'Epoch': 18, 'name': 'low_freq', 'HIT@5': '0.0000', 'NDCG@5': '0.0000', 'HIT@10': '0.0000', 'NDCG@10': '0.0000', 'HIT@20': '0.0002', 'NDCG@20': '0.0001'}
{'Epoch': 18, 'name': 'all', 'HIT@5': '0.0233', 'NDCG@5': '0.0153', 'HIT@10': '0.0378', 'NDCG@10': '0.0199', 'HIT@20': '0.0588', 'NDCG@20': '0.0251'}
Validation score increased.  Saving model ...
rec dataset length: 186
100%|█████████████████████████████████████████████████████████████████████████████████████████████████████████████████████████████████████████| 186/186 [00:47<00:00,  3.96it/s]
{'epoch': 19, 'rec_avg_loss': '0.8289', 'joint_avg_loss': '1.3394', 'cl_avg_loss': '5.1052', 'itemcl_loss': '0.0000', 'cl_pair_0_loss': '5.1052'}
Recommendation EP_test:19: 100%|| 35/35 [00:08<00:00,  4.00it/s]
{'Epoch': 19, 'name': 'high_freq', 'HIT@5': '0.0365', 'NDCG@5': '0.0237', 'HIT@10': '0.0583', 'NDCG@10': '0.0307', 'HIT@20': '0.0883', 'NDCG@20': '0.0382'}
{'Epoch': 19, 'name': 'mid_freq', 'HIT@5': '0.0011', 'NDCG@5': '0.0009', 'HIT@10': '0.0017', 'NDCG@10': '0.0011', 'HIT@20': '0.0029', 'NDCG@20': '0.0014'}
{'Epoch': 19, 'name': 'low_freq', 'HIT@5': '0.0002', 'NDCG@5': '0.0001', 'HIT@10': '0.0002', 'NDCG@10': '0.0001', 'HIT@20': '0.0007', 'NDCG@20': '0.0002'}
{'Epoch': 19, 'name': 'all', 'HIT@5': '0.0251', 'NDCG@5': '0.0163', 'HIT@10': '0.0400', 'NDCG@10': '0.0211', 'HIT@20': '0.0607', 'NDCG@20': '0.0263'}
Validation score increased.  Saving model ...
rec dataset length: 186
100%|█████████████████████████████████████████████████████████████████████████████████████████████████████████████████████████████████████████| 186/186 [00:47<00:00,  3.95it/s]
{'epoch': 20, 'rec_avg_loss': '0.8177', 'joint_avg_loss': '1.3277', 'cl_avg_loss': '5.0994', 'itemcl_loss': '0.0000', 'cl_pair_0_loss': '5.0994'}
Recommendation EP_test:20: 100%|| 35/35 [00:08<00:00,  4.07it/s]
{'Epoch': 20, 'name': 'high_freq', 'HIT@5': '0.0365', 'NDCG@5': '0.0234', 'HIT@10': '0.0605', 'NDCG@10': '0.0311', 'HIT@20': '0.0916', 'NDCG@20': '0.0389'}
{'Epoch': 20, 'name': 'mid_freq', 'HIT@5': '0.0010', 'NDCG@5': '0.0006', 'HIT@10': '0.0016', 'NDCG@10': '0.0008', 'HIT@20': '0.0029', 'NDCG@20': '0.0011'}
{'Epoch': 20, 'name': 'low_freq', 'HIT@5': '0.0002', 'NDCG@5': '0.0001', 'HIT@10': '0.0005', 'NDCG@10': '0.0002', 'HIT@20': '0.0009', 'NDCG@20': '0.0003'}
{'Epoch': 20, 'name': 'all', 'HIT@5': '0.0251', 'NDCG@5': '0.0160', 'HIT@10': '0.0415', 'NDCG@10': '0.0213', 'HIT@20': '0.0630', 'NDCG@20': '0.0267'}
Validation score increased.  Saving model ...
rec dataset length: 186
100%|█████████████████████████████████████████████████████████████████████████████████████████████████████████████████████████████████████████| 186/186 [00:46<00:00,  3.96it/s]
{'epoch': 21, 'rec_avg_loss': '0.8077', 'joint_avg_loss': '1.3186', 'cl_avg_loss': '5.1092', 'itemcl_loss': '0.0000', 'cl_pair_0_loss': '5.1092'}
Recommendation EP_test:21: 100%|| 35/35 [00:08<00:00,  4.08it/s]
{'Epoch': 21, 'name': 'high_freq', 'HIT@5': '0.0370', 'NDCG@5': '0.0237', 'HIT@10': '0.0598', 'NDCG@10': '0.0309', 'HIT@20': '0.0913', 'NDCG@20': '0.0389'}
{'Epoch': 21, 'name': 'mid_freq', 'HIT@5': '0.0011', 'NDCG@5': '0.0006', 'HIT@10': '0.0016', 'NDCG@10': '0.0007', 'HIT@20': '0.0024', 'NDCG@20': '0.0010'}
{'Epoch': 21, 'name': 'low_freq', 'HIT@5': '0.0002', 'NDCG@5': '0.0002', 'HIT@10': '0.0002', 'NDCG@10': '0.0002', 'HIT@20': '0.0005', 'NDCG@20': '0.0003'}
{'Epoch': 21, 'name': 'all', 'HIT@5': '0.0255', 'NDCG@5': '0.0162', 'HIT@10': '0.0410', 'NDCG@10': '0.0212', 'HIT@20': '0.0626', 'NDCG@20': '0.0267'}
EarlyStopping counter: 1 out of 40
rec dataset length: 186
100%|█████████████████████████████████████████████████████████████████████████████████████████████████████████████████████████████████████████| 186/186 [00:47<00:00,  3.95it/s]
{'epoch': 22, 'rec_avg_loss': '0.7975', 'joint_avg_loss': '1.3068', 'cl_avg_loss': '5.0932', 'itemcl_loss': '0.0000', 'cl_pair_0_loss': '5.0932'}
Recommendation EP_test:22: 100%|| 35/35 [00:08<00:00,  4.14it/s]
{'Epoch': 22, 'name': 'high_freq', 'HIT@5': '0.0387', 'NDCG@5': '0.0250', 'HIT@10': '0.0609', 'NDCG@10': '0.0322', 'HIT@20': '0.0934', 'NDCG@20': '0.0403'}
{'Epoch': 22, 'name': 'mid_freq', 'HIT@5': '0.0007', 'NDCG@5': '0.0004', 'HIT@10': '0.0011', 'NDCG@10': '0.0005', 'HIT@20': '0.0024', 'NDCG@20': '0.0008'}
{'Epoch': 22, 'name': 'low_freq', 'HIT@5': '0.0002', 'NDCG@5': '0.0002', 'HIT@10': '0.0002', 'NDCG@10': '0.0002', 'HIT@20': '0.0005', 'NDCG@20': '0.0003'}
{'Epoch': 22, 'name': 'all', 'HIT@5': '0.0265', 'NDCG@5': '0.0171', 'HIT@10': '0.0417', 'NDCG@10': '0.0220', 'HIT@20': '0.0641', 'NDCG@20': '0.0276'}
Validation score increased.  Saving model ...
rec dataset length: 186
100%|█████████████████████████████████████████████████████████████████████████████████████████████████████████████████████████████████████████| 186/186 [00:47<00:00,  3.96it/s]
{'epoch': 23, 'rec_avg_loss': '0.7857', 'joint_avg_loss': '1.2946', 'cl_avg_loss': '5.0891', 'itemcl_loss': '0.0000', 'cl_pair_0_loss': '5.0891'}
Recommendation EP_test:23: 100%|| 35/35 [00:08<00:00,  4.11it/s]
{'Epoch': 23, 'name': 'high_freq', 'HIT@5': '0.0390', 'NDCG@5': '0.0251', 'HIT@10': '0.0609', 'NDCG@10': '0.0321', 'HIT@20': '0.0953', 'NDCG@20': '0.0407'}
{'Epoch': 23, 'name': 'mid_freq', 'HIT@5': '0.0010', 'NDCG@5': '0.0005', 'HIT@10': '0.0017', 'NDCG@10': '0.0008', 'HIT@20': '0.0032', 'NDCG@20': '0.0011'}
{'Epoch': 23, 'name': 'low_freq', 'HIT@5': '0.0002', 'NDCG@5': '0.0001', 'HIT@10': '0.0002', 'NDCG@10': '0.0001', 'HIT@20': '0.0009', 'NDCG@20': '0.0003'}
{'Epoch': 23, 'name': 'all', 'HIT@5': '0.0267', 'NDCG@5': '0.0172', 'HIT@10': '0.0418', 'NDCG@10': '0.0220', 'HIT@20': '0.0656', 'NDCG@20': '0.0280'}
Validation score increased.  Saving model ...
rec dataset length: 186
100%|█████████████████████████████████████████████████████████████████████████████████████████████████████████████████████████████████████████| 186/186 [00:47<00:00,  3.94it/s]
{'epoch': 24, 'rec_avg_loss': '0.7766', 'joint_avg_loss': '1.2852', 'cl_avg_loss': '5.0859', 'itemcl_loss': '0.0000', 'cl_pair_0_loss': '5.0859'}
Recommendation EP_test:24: 100%|| 35/35 [00:08<00:00,  4.12it/s]
{'Epoch': 24, 'name': 'high_freq', 'HIT@5': '0.0408', 'NDCG@5': '0.0265', 'HIT@10': '0.0631', 'NDCG@10': '0.0337', 'HIT@20': '0.0960', 'NDCG@20': '0.0420'}
{'Epoch': 24, 'name': 'mid_freq', 'HIT@5': '0.0013', 'NDCG@5': '0.0008', 'HIT@10': '0.0017', 'NDCG@10': '0.0010', 'HIT@20': '0.0040', 'NDCG@20': '0.0015'}
{'Epoch': 24, 'name': 'low_freq', 'HIT@5': '0.0005', 'NDCG@5': '0.0002', 'HIT@10': '0.0009', 'NDCG@10': '0.0003', 'HIT@20': '0.0011', 'NDCG@20': '0.0004'}
{'Epoch': 24, 'name': 'all', 'HIT@5': '0.0281', 'NDCG@5': '0.0182', 'HIT@10': '0.0434', 'NDCG@10': '0.0232', 'HIT@20': '0.0663', 'NDCG@20': '0.0289'}
Validation score increased.  Saving model ...
rec dataset length: 186
100%|█████████████████████████████████████████████████████████████████████████████████████████████████████████████████████████████████████████| 186/186 [00:46<00:00,  3.96it/s]
{'epoch': 25, 'rec_avg_loss': '0.7661', 'joint_avg_loss': '1.2720', 'cl_avg_loss': '5.0593', 'itemcl_loss': '0.0000', 'cl_pair_0_loss': '5.0593'}
Recommendation EP_test:25: 100%|| 35/35 [00:08<00:00,  4.08it/s]
{'Epoch': 25, 'name': 'high_freq', 'HIT@5': '0.0395', 'NDCG@5': '0.0255', 'HIT@10': '0.0623', 'NDCG@10': '0.0329', 'HIT@20': '0.0958', 'NDCG@20': '0.0413'}
{'Epoch': 25, 'name': 'mid_freq', 'HIT@5': '0.0014', 'NDCG@5': '0.0010', 'HIT@10': '0.0022', 'NDCG@10': '0.0013', 'HIT@20': '0.0040', 'NDCG@20': '0.0017'}
{'Epoch': 25, 'name': 'low_freq', 'HIT@5': '0.0007', 'NDCG@5': '0.0003', 'HIT@10': '0.0007', 'NDCG@10': '0.0003', 'HIT@20': '0.0011', 'NDCG@20': '0.0005'}
{'Epoch': 25, 'name': 'all', 'HIT@5': '0.0272', 'NDCG@5': '0.0176', 'HIT@10': '0.0429', 'NDCG@10': '0.0227', 'HIT@20': '0.0661', 'NDCG@20': '0.0285'}
EarlyStopping counter: 1 out of 40
rec dataset length: 186
100%|█████████████████████████████████████████████████████████████████████████████████████████████████████████████████████████████████████████| 186/186 [00:47<00:00,  3.95it/s]
{'epoch': 26, 'rec_avg_loss': '0.7543', 'joint_avg_loss': '1.2608', 'cl_avg_loss': '5.0651', 'itemcl_loss': '0.0000', 'cl_pair_0_loss': '5.0651'}
Recommendation EP_test:26: 100%|| 35/35 [00:08<00:00,  4.15it/s]
{'Epoch': 26, 'name': 'high_freq', 'HIT@5': '0.0404', 'NDCG@5': '0.0264', 'HIT@10': '0.0647', 'NDCG@10': '0.0342', 'HIT@20': '0.0984', 'NDCG@20': '0.0427'}
{'Epoch': 26, 'name': 'mid_freq', 'HIT@5': '0.0016', 'NDCG@5': '0.0011', 'HIT@10': '0.0023', 'NDCG@10': '0.0013', 'HIT@20': '0.0040', 'NDCG@20': '0.0017'}
{'Epoch': 26, 'name': 'low_freq', 'HIT@5': '0.0011', 'NDCG@5': '0.0006', 'HIT@10': '0.0014', 'NDCG@10': '0.0006', 'HIT@20': '0.0020', 'NDCG@20': '0.0008'}
{'Epoch': 26, 'name': 'all', 'HIT@5': '0.0279', 'NDCG@5': '0.0182', 'HIT@10': '0.0447', 'NDCG@10': '0.0236', 'HIT@20': '0.0680', 'NDCG@20': '0.0295'}
Validation score increased.  Saving model ...
rec dataset length: 186
100%|█████████████████████████████████████████████████████████████████████████████████████████████████████████████████████████████████████████| 186/186 [00:46<00:00,  3.96it/s]
{'epoch': 27, 'rec_avg_loss': '0.7476', 'joint_avg_loss': '1.2535', 'cl_avg_loss': '5.0595', 'itemcl_loss': '0.0000', 'cl_pair_0_loss': '5.0595'}
Recommendation EP_test:27: 100%|| 35/35 [00:08<00:00,  4.09it/s]
{'Epoch': 27, 'name': 'high_freq', 'HIT@5': '0.0405', 'NDCG@5': '0.0259', 'HIT@10': '0.0637', 'NDCG@10': '0.0333', 'HIT@20': '0.0982', 'NDCG@20': '0.0420'}
{'Epoch': 27, 'name': 'mid_freq', 'HIT@5': '0.0010', 'NDCG@5': '0.0006', 'HIT@10': '0.0026', 'NDCG@10': '0.0012', 'HIT@20': '0.0039', 'NDCG@20': '0.0015'}
{'Epoch': 27, 'name': 'low_freq', 'HIT@5': '0.0009', 'NDCG@5': '0.0004', 'HIT@10': '0.0016', 'NDCG@10': '0.0007', 'HIT@20': '0.0023', 'NDCG@20': '0.0008'}
{'Epoch': 27, 'name': 'all', 'HIT@5': '0.0278', 'NDCG@5': '0.0178', 'HIT@10': '0.0440', 'NDCG@10': '0.0230', 'HIT@20': '0.0678', 'NDCG@20': '0.0290'}
EarlyStopping counter: 1 out of 40
rec dataset length: 186
100%|█████████████████████████████████████████████████████████████████████████████████████████████████████████████████████████████████████████| 186/186 [00:46<00:00,  3.97it/s]
{'epoch': 28, 'rec_avg_loss': '0.7374', 'joint_avg_loss': '1.2439', 'cl_avg_loss': '5.0646', 'itemcl_loss': '0.0000', 'cl_pair_0_loss': '5.0646'}
Recommendation EP_test:28: 100%|| 35/35 [00:08<00:00,  4.08it/s]
{'Epoch': 28, 'name': 'high_freq', 'HIT@5': '0.0409', 'NDCG@5': '0.0269', 'HIT@10': '0.0646', 'NDCG@10': '0.0345', 'HIT@20': '0.0999', 'NDCG@20': '0.0433'}
{'Epoch': 28, 'name': 'mid_freq', 'HIT@5': '0.0014', 'NDCG@5': '0.0008', 'HIT@10': '0.0026', 'NDCG@10': '0.0011', 'HIT@20': '0.0043', 'NDCG@20': '0.0016'}
{'Epoch': 28, 'name': 'low_freq', 'HIT@5': '0.0011', 'NDCG@5': '0.0007', 'HIT@10': '0.0014', 'NDCG@10': '0.0008', 'HIT@20': '0.0016', 'NDCG@20': '0.0009'}
{'Epoch': 28, 'name': 'all', 'HIT@5': '0.0283', 'NDCG@5': '0.0185', 'HIT@10': '0.0446', 'NDCG@10': '0.0238', 'HIT@20': '0.0690', 'NDCG@20': '0.0299'}
Validation score increased.  Saving model ...
rec dataset length: 186
100%|█████████████████████████████████████████████████████████████████████████████████████████████████████████████████████████████████████████| 186/186 [00:47<00:00,  3.95it/s]
{'epoch': 29, 'rec_avg_loss': '0.7284', 'joint_avg_loss': '1.2334', 'cl_avg_loss': '5.0498', 'itemcl_loss': '0.0000', 'cl_pair_0_loss': '5.0498'}
Recommendation EP_test:29: 100%|| 35/35 [00:08<00:00,  4.13it/s]
{'Epoch': 29, 'name': 'high_freq', 'HIT@5': '0.0415', 'NDCG@5': '0.0269', 'HIT@10': '0.0649', 'NDCG@10': '0.0344', 'HIT@20': '0.0997', 'NDCG@20': '0.0431'}
{'Epoch': 29, 'name': 'mid_freq', 'HIT@5': '0.0016', 'NDCG@5': '0.0010', 'HIT@10': '0.0027', 'NDCG@10': '0.0013', 'HIT@20': '0.0040', 'NDCG@20': '0.0016'}
{'Epoch': 29, 'name': 'low_freq', 'HIT@5': '0.0011', 'NDCG@5': '0.0006', 'HIT@10': '0.0016', 'NDCG@10': '0.0007', 'HIT@20': '0.0020', 'NDCG@20': '0.0008'}
{'Epoch': 29, 'name': 'all', 'HIT@5': '0.0287', 'NDCG@5': '0.0185', 'HIT@10': '0.0449', 'NDCG@10': '0.0238', 'HIT@20': '0.0689', 'NDCG@20': '0.0298'}
EarlyStopping counter: 1 out of 40
rec dataset length: 186
100%|█████████████████████████████████████████████████████████████████████████████████████████████████████████████████████████████████████████| 186/186 [00:46<00:00,  3.96it/s]
{'epoch': 30, 'rec_avg_loss': '0.7214', 'joint_avg_loss': '1.2262', 'cl_avg_loss': '5.0482', 'itemcl_loss': '0.0000', 'cl_pair_0_loss': '5.0482'}
Recommendation EP_test:30: 100%|| 35/35 [00:08<00:00,  4.09it/s]
{'Epoch': 30, 'name': 'high_freq', 'HIT@5': '0.0423', 'NDCG@5': '0.0275', 'HIT@10': '0.0655', 'NDCG@10': '0.0349', 'HIT@20': '0.0989', 'NDCG@20': '0.0433'}
{'Epoch': 30, 'name': 'mid_freq', 'HIT@5': '0.0022', 'NDCG@5': '0.0012', 'HIT@10': '0.0030', 'NDCG@10': '0.0015', 'HIT@20': '0.0056', 'NDCG@20': '0.0021'}
{'Epoch': 30, 'name': 'low_freq', 'HIT@5': '0.0016', 'NDCG@5': '0.0008', 'HIT@10': '0.0018', 'NDCG@10': '0.0009', 'HIT@20': '0.0023', 'NDCG@20': '0.0010'}
{'Epoch': 30, 'name': 'all', 'HIT@5': '0.0294', 'NDCG@5': '0.0191', 'HIT@10': '0.0454', 'NDCG@10': '0.0242', 'HIT@20': '0.0686', 'NDCG@20': '0.0300'}
Validation score increased.  Saving model ...
rec dataset length: 186
100%|█████████████████████████████████████████████████████████████████████████████████████████████████████████████████████████████████████████| 186/186 [00:46<00:00,  3.97it/s]
{'epoch': 31, 'rec_avg_loss': '0.7114', 'joint_avg_loss': '1.2160', 'cl_avg_loss': '5.0461', 'itemcl_loss': '0.0000', 'cl_pair_0_loss': '5.0461'}
Recommendation EP_test:31: 100%|| 35/35 [00:08<00:00,  4.16it/s]
{'Epoch': 31, 'name': 'high_freq', 'HIT@5': '0.0412', 'NDCG@5': '0.0269', 'HIT@10': '0.0654', 'NDCG@10': '0.0346', 'HIT@20': '0.1010', 'NDCG@20': '0.0436'}
{'Epoch': 31, 'name': 'mid_freq', 'HIT@5': '0.0020', 'NDCG@5': '0.0013', 'HIT@10': '0.0036', 'NDCG@10': '0.0018', 'HIT@20': '0.0059', 'NDCG@20': '0.0024'}
{'Epoch': 31, 'name': 'low_freq', 'HIT@5': '0.0016', 'NDCG@5': '0.0011', 'HIT@10': '0.0023', 'NDCG@10': '0.0013', 'HIT@20': '0.0023', 'NDCG@20': '0.0013'}
{'Epoch': 31, 'name': 'all', 'HIT@5': '0.0286', 'NDCG@5': '0.0187', 'HIT@10': '0.0455', 'NDCG@10': '0.0241', 'HIT@20': '0.0702', 'NDCG@20': '0.0303'}
Validation score increased.  Saving model ...
rec dataset length: 186
100%|█████████████████████████████████████████████████████████████████████████████████████████████████████████████████████████████████████████| 186/186 [00:47<00:00,  3.95it/s]
{'epoch': 32, 'rec_avg_loss': '0.7057', 'joint_avg_loss': '1.2103', 'cl_avg_loss': '5.0461', 'itemcl_loss': '0.0000', 'cl_pair_0_loss': '5.0461'}
Recommendation EP_test:32: 100%|| 35/35 [00:08<00:00,  4.20it/s]
{'Epoch': 32, 'name': 'high_freq', 'HIT@5': '0.0421', 'NDCG@5': '0.0275', 'HIT@10': '0.0650', 'NDCG@10': '0.0348', 'HIT@20': '0.0998', 'NDCG@20': '0.0436'}
{'Epoch': 32, 'name': 'mid_freq', 'HIT@5': '0.0023', 'NDCG@5': '0.0015', 'HIT@10': '0.0034', 'NDCG@10': '0.0018', 'HIT@20': '0.0055', 'NDCG@20': '0.0023'}
{'Epoch': 32, 'name': 'low_freq', 'HIT@5': '0.0018', 'NDCG@5': '0.0012', 'HIT@10': '0.0018', 'NDCG@10': '0.0012', 'HIT@20': '0.0023', 'NDCG@20': '0.0013'}
{'Epoch': 32, 'name': 'all', 'HIT@5': '0.0293', 'NDCG@5': '0.0191', 'HIT@10': '0.0451', 'NDCG@10': '0.0242', 'HIT@20': '0.0693', 'NDCG@20': '0.0303'}
EarlyStopping counter: 1 out of 40
rec dataset length: 186
100%|█████████████████████████████████████████████████████████████████████████████████████████████████████████████████████████████████████████| 186/186 [00:47<00:00,  3.95it/s]
{'epoch': 33, 'rec_avg_loss': '0.6985', 'joint_avg_loss': '1.2026', 'cl_avg_loss': '5.0417', 'itemcl_loss': '0.0000', 'cl_pair_0_loss': '5.0417'}
Recommendation EP_test:33: 100%|| 35/35 [00:08<00:00,  4.13it/s]
{'Epoch': 33, 'name': 'high_freq', 'HIT@5': '0.0421', 'NDCG@5': '0.0274', 'HIT@10': '0.0670', 'NDCG@10': '0.0353', 'HIT@20': '0.1021', 'NDCG@20': '0.0441'}
{'Epoch': 33, 'name': 'mid_freq', 'HIT@5': '0.0027', 'NDCG@5': '0.0018', 'HIT@10': '0.0036', 'NDCG@10': '0.0020', 'HIT@20': '0.0056', 'NDCG@20': '0.0025'}
{'Epoch': 33, 'name': 'low_freq', 'HIT@5': '0.0018', 'NDCG@5': '0.0010', 'HIT@10': '0.0020', 'NDCG@10': '0.0011', 'HIT@20': '0.0025', 'NDCG@20': '0.0012'}
{'Epoch': 33, 'name': 'all', 'HIT@5': '0.0294', 'NDCG@5': '0.0191', 'HIT@10': '0.0465', 'NDCG@10': '0.0246', 'HIT@20': '0.0708', 'NDCG@20': '0.0307'}
Validation score increased.  Saving model ...
rec dataset length: 186
100%|█████████████████████████████████████████████████████████████████████████████████████████████████████████████████████████████████████████| 186/186 [00:46<00:00,  3.97it/s]
{'epoch': 34, 'rec_avg_loss': '0.6908', 'joint_avg_loss': '1.1940', 'cl_avg_loss': '5.0323', 'itemcl_loss': '0.0000', 'cl_pair_0_loss': '5.0323'}
Recommendation EP_test:34: 100%|| 35/35 [00:08<00:00,  4.13it/s]
{'Epoch': 34, 'name': 'high_freq', 'HIT@5': '0.0422', 'NDCG@5': '0.0273', 'HIT@10': '0.0667', 'NDCG@10': '0.0351', 'HIT@20': '0.1027', 'NDCG@20': '0.0442'}
{'Epoch': 34, 'name': 'mid_freq', 'HIT@5': '0.0026', 'NDCG@5': '0.0014', 'HIT@10': '0.0039', 'NDCG@10': '0.0018', 'HIT@20': '0.0059', 'NDCG@20': '0.0023'}
{'Epoch': 34, 'name': 'low_freq', 'HIT@5': '0.0018', 'NDCG@5': '0.0011', 'HIT@10': '0.0023', 'NDCG@10': '0.0012', 'HIT@20': '0.0029', 'NDCG@20': '0.0014'}
{'Epoch': 34, 'name': 'all', 'HIT@5': '0.0295', 'NDCG@5': '0.0190', 'HIT@10': '0.0464', 'NDCG@10': '0.0244', 'HIT@20': '0.0714', 'NDCG@20': '0.0307'}
EarlyStopping counter: 1 out of 40
rec dataset length: 186
100%|█████████████████████████████████████████████████████████████████████████████████████████████████████████████████████████████████████████| 186/186 [00:47<00:00,  3.95it/s]
{'epoch': 35, 'rec_avg_loss': '0.6857', 'joint_avg_loss': '1.1887', 'cl_avg_loss': '5.0306', 'itemcl_loss': '0.0000', 'cl_pair_0_loss': '5.0306'}
Recommendation EP_test:35: 100%|| 35/35 [00:08<00:00,  4.24it/s]
{'Epoch': 35, 'name': 'high_freq', 'HIT@5': '0.0446', 'NDCG@5': '0.0290', 'HIT@10': '0.0689', 'NDCG@10': '0.0368', 'HIT@20': '0.1060', 'NDCG@20': '0.0461'}
{'Epoch': 35, 'name': 'mid_freq', 'HIT@5': '0.0033', 'NDCG@5': '0.0021', 'HIT@10': '0.0040', 'NDCG@10': '0.0024', 'HIT@20': '0.0069', 'NDCG@20': '0.0031'}
{'Epoch': 35, 'name': 'low_freq', 'HIT@5': '0.0020', 'NDCG@5': '0.0012', 'HIT@10': '0.0025', 'NDCG@10': '0.0014', 'HIT@20': '0.0029', 'NDCG@20': '0.0015'}
{'Epoch': 35, 'name': 'all', 'HIT@5': '0.0312', 'NDCG@5': '0.0203', 'HIT@10': '0.0480', 'NDCG@10': '0.0257', 'HIT@20': '0.0738', 'NDCG@20': '0.0322'}
Validation score increased.  Saving model ...
rec dataset length: 186
100%|█████████████████████████████████████████████████████████████████████████████████████████████████████████████████████████████████████████| 186/186 [00:47<00:00,  3.95it/s]
{'epoch': 36, 'rec_avg_loss': '0.6782', 'joint_avg_loss': '1.1801', 'cl_avg_loss': '5.0186', 'itemcl_loss': '0.0000', 'cl_pair_0_loss': '5.0186'}
Recommendation EP_test:36: 100%|| 35/35 [00:08<00:00,  4.23it/s]
{'Epoch': 36, 'name': 'high_freq', 'HIT@5': '0.0428', 'NDCG@5': '0.0279', 'HIT@10': '0.0677', 'NDCG@10': '0.0358', 'HIT@20': '0.1042', 'NDCG@20': '0.0450'}
{'Epoch': 36, 'name': 'mid_freq', 'HIT@5': '0.0032', 'NDCG@5': '0.0020', 'HIT@10': '0.0047', 'NDCG@10': '0.0025', 'HIT@20': '0.0068', 'NDCG@20': '0.0030'}
{'Epoch': 36, 'name': 'low_freq', 'HIT@5': '0.0016', 'NDCG@5': '0.0011', 'HIT@10': '0.0020', 'NDCG@10': '0.0013', 'HIT@20': '0.0032', 'NDCG@20': '0.0016'}
{'Epoch': 36, 'name': 'all', 'HIT@5': '0.0299', 'NDCG@5': '0.0195', 'HIT@10': '0.0472', 'NDCG@10': '0.0250', 'HIT@20': '0.0726', 'NDCG@20': '0.0314'}
EarlyStopping counter: 1 out of 40
rec dataset length: 186
100%|█████████████████████████████████████████████████████████████████████████████████████████████████████████████████████████████████████████| 186/186 [00:46<00:00,  3.97it/s]
{'epoch': 37, 'rec_avg_loss': '0.6716', 'joint_avg_loss': '1.1737', 'cl_avg_loss': '5.0206', 'itemcl_loss': '0.0000', 'cl_pair_0_loss': '5.0206'}
Recommendation EP_test:37: 100%|| 35/35 [00:08<00:00,  4.16it/s]
{'Epoch': 37, 'name': 'high_freq', 'HIT@5': '0.0429', 'NDCG@5': '0.0278', 'HIT@10': '0.0680', 'NDCG@10': '0.0359', 'HIT@20': '0.1049', 'NDCG@20': '0.0452'}
{'Epoch': 37, 'name': 'mid_freq', 'HIT@5': '0.0032', 'NDCG@5': '0.0020', 'HIT@10': '0.0042', 'NDCG@10': '0.0024', 'HIT@20': '0.0076', 'NDCG@20': '0.0032'}
{'Epoch': 37, 'name': 'low_freq', 'HIT@5': '0.0014', 'NDCG@5': '0.0009', 'HIT@10': '0.0023', 'NDCG@10': '0.0012', 'HIT@20': '0.0034', 'NDCG@20': '0.0015'}
{'Epoch': 37, 'name': 'all', 'HIT@5': '0.0300', 'NDCG@5': '0.0195', 'HIT@10': '0.0473', 'NDCG@10': '0.0251', 'HIT@20': '0.0733', 'NDCG@20': '0.0315'}
EarlyStopping counter: 2 out of 40
rec dataset length: 186
100%|█████████████████████████████████████████████████████████████████████████████████████████████████████████████████████████████████████████| 186/186 [00:46<00:00,  3.96it/s]
{'epoch': 38, 'rec_avg_loss': '0.6648', 'joint_avg_loss': '1.1672', 'cl_avg_loss': '5.0239', 'itemcl_loss': '0.0000', 'cl_pair_0_loss': '5.0239'}
Recommendation EP_test:38: 100%|| 35/35 [00:08<00:00,  4.29it/s]
{'Epoch': 38, 'name': 'high_freq', 'HIT@5': '0.0434', 'NDCG@5': '0.0282', 'HIT@10': '0.0677', 'NDCG@10': '0.0360', 'HIT@20': '0.1036', 'NDCG@20': '0.0450'}
{'Epoch': 38, 'name': 'mid_freq', 'HIT@5': '0.0029', 'NDCG@5': '0.0020', 'HIT@10': '0.0043', 'NDCG@10': '0.0024', 'HIT@20': '0.0072', 'NDCG@20': '0.0031'}
{'Epoch': 38, 'name': 'low_freq', 'HIT@5': '0.0018', 'NDCG@5': '0.0011', 'HIT@10': '0.0025', 'NDCG@10': '0.0013', 'HIT@20': '0.0027', 'NDCG@20': '0.0013'}
{'Epoch': 38, 'name': 'all', 'HIT@5': '0.0303', 'NDCG@5': '0.0197', 'HIT@10': '0.0472', 'NDCG@10': '0.0251', 'HIT@20': '0.0722', 'NDCG@20': '0.0314'}
EarlyStopping counter: 3 out of 40
rec dataset length: 186
100%|█████████████████████████████████████████████████████████████████████████████████████████████████████████████████████████████████████████| 186/186 [00:46<00:00,  3.96it/s]
{'epoch': 39, 'rec_avg_loss': '0.6591', 'joint_avg_loss': '1.1597', 'cl_avg_loss': '5.0064', 'itemcl_loss': '0.0000', 'cl_pair_0_loss': '5.0064'}
Recommendation EP_test:39: 100%|| 35/35 [00:08<00:00,  4.31it/s]
{'Epoch': 39, 'name': 'high_freq', 'HIT@5': '0.0436', 'NDCG@5': '0.0283', 'HIT@10': '0.0692', 'NDCG@10': '0.0366', 'HIT@20': '0.1055', 'NDCG@20': '0.0457'}
{'Epoch': 39, 'name': 'mid_freq', 'HIT@5': '0.0036', 'NDCG@5': '0.0021', 'HIT@10': '0.0045', 'NDCG@10': '0.0024', 'HIT@20': '0.0073', 'NDCG@20': '0.0031'}
{'Epoch': 39, 'name': 'low_freq', 'HIT@5': '0.0018', 'NDCG@5': '0.0012', 'HIT@10': '0.0020', 'NDCG@10': '0.0013', 'HIT@20': '0.0029', 'NDCG@20': '0.0015'}
{'Epoch': 39, 'name': 'all', 'HIT@5': '0.0306', 'NDCG@5': '0.0198', 'HIT@10': '0.0482', 'NDCG@10': '0.0255', 'HIT@20': '0.0735', 'NDCG@20': '0.0319'}
EarlyStopping counter: 4 out of 40
rec dataset length: 186
100%|█████████████████████████████████████████████████████████████████████████████████████████████████████████████████████████████████████████| 186/186 [00:46<00:00,  3.97it/s]
{'epoch': 40, 'rec_avg_loss': '0.6542', 'joint_avg_loss': '1.1555', 'cl_avg_loss': '5.0131', 'itemcl_loss': '0.0000', 'cl_pair_0_loss': '5.0131'}
Recommendation EP_test:40: 100%|| 35/35 [00:08<00:00,  4.22it/s]
{'Epoch': 40, 'name': 'high_freq', 'HIT@5': '0.0433', 'NDCG@5': '0.0277', 'HIT@10': '0.0679', 'NDCG@10': '0.0356', 'HIT@20': '0.1032', 'NDCG@20': '0.0445'}
{'Epoch': 40, 'name': 'mid_freq', 'HIT@5': '0.0033', 'NDCG@5': '0.0022', 'HIT@10': '0.0043', 'NDCG@10': '0.0026', 'HIT@20': '0.0068', 'NDCG@20': '0.0032'}
{'Epoch': 40, 'name': 'low_freq', 'HIT@5': '0.0018', 'NDCG@5': '0.0013', 'HIT@10': '0.0020', 'NDCG@10': '0.0013', 'HIT@20': '0.0029', 'NDCG@20': '0.0016'}
{'Epoch': 40, 'name': 'all', 'HIT@5': '0.0303', 'NDCG@5': '0.0194', 'HIT@10': '0.0473', 'NDCG@10': '0.0249', 'HIT@20': '0.0719', 'NDCG@20': '0.0311'}
EarlyStopping counter: 5 out of 40
rec dataset length: 186
100%|█████████████████████████████████████████████████████████████████████████████████████████████████████████████████████████████████████████| 186/186 [00:47<00:00,  3.93it/s]
{'epoch': 41, 'rec_avg_loss': '0.6476', 'joint_avg_loss': '1.1494', 'cl_avg_loss': '5.0178', 'itemcl_loss': '0.0000', 'cl_pair_0_loss': '5.0178'}
Recommendation EP_test:41: 100%|| 35/35 [00:08<00:00,  4.23it/s]
{'Epoch': 41, 'name': 'high_freq', 'HIT@5': '0.0442', 'NDCG@5': '0.0287', 'HIT@10': '0.0695', 'NDCG@10': '0.0368', 'HIT@20': '0.1058', 'NDCG@20': '0.0459'}
{'Epoch': 41, 'name': 'mid_freq', 'HIT@5': '0.0034', 'NDCG@5': '0.0023', 'HIT@10': '0.0037', 'NDCG@10': '0.0024', 'HIT@20': '0.0075', 'NDCG@20': '0.0034'}
{'Epoch': 41, 'name': 'low_freq', 'HIT@5': '0.0020', 'NDCG@5': '0.0014', 'HIT@10': '0.0027', 'NDCG@10': '0.0016', 'HIT@20': '0.0043', 'NDCG@20': '0.0020'}
{'Epoch': 41, 'name': 'all', 'HIT@5': '0.0310', 'NDCG@5': '0.0202', 'HIT@10': '0.0484', 'NDCG@10': '0.0257', 'HIT@20': '0.0740', 'NDCG@20': '0.0322'}
EarlyStopping counter: 6 out of 40
rec dataset length: 186
100%|█████████████████████████████████████████████████████████████████████████████████████████████████████████████████████████████████████████| 186/186 [00:47<00:00,  3.95it/s]
{'epoch': 42, 'rec_avg_loss': '0.6417', 'joint_avg_loss': '1.1422', 'cl_avg_loss': '5.0045', 'itemcl_loss': '0.0000', 'cl_pair_0_loss': '5.0045'}
Recommendation EP_test:42: 100%|| 35/35 [00:08<00:00,  4.19it/s]
{'Epoch': 42, 'name': 'high_freq', 'HIT@5': '0.0443', 'NDCG@5': '0.0288', 'HIT@10': '0.0692', 'NDCG@10': '0.0369', 'HIT@20': '0.1063', 'NDCG@20': '0.0462'}
{'Epoch': 42, 'name': 'mid_freq', 'HIT@5': '0.0032', 'NDCG@5': '0.0023', 'HIT@10': '0.0043', 'NDCG@10': '0.0026', 'HIT@20': '0.0078', 'NDCG@20': '0.0035'}
{'Epoch': 42, 'name': 'low_freq', 'HIT@5': '0.0020', 'NDCG@5': '0.0014', 'HIT@10': '0.0020', 'NDCG@10': '0.0014', 'HIT@20': '0.0038', 'NDCG@20': '0.0018'}
{'Epoch': 42, 'name': 'all', 'HIT@5': '0.0310', 'NDCG@5': '0.0202', 'HIT@10': '0.0482', 'NDCG@10': '0.0258', 'HIT@20': '0.0743', 'NDCG@20': '0.0323'}
Validation score increased.  Saving model ...
rec dataset length: 186
100%|█████████████████████████████████████████████████████████████████████████████████████████████████████████████████████████████████████████| 186/186 [00:46<00:00,  3.96it/s]
{'epoch': 43, 'rec_avg_loss': '0.6368', 'joint_avg_loss': '1.1361', 'cl_avg_loss': '4.9924', 'itemcl_loss': '0.0000', 'cl_pair_0_loss': '4.9924'}
Recommendation EP_test:43: 100%|| 35/35 [00:08<00:00,  4.22it/s]
{'Epoch': 43, 'name': 'high_freq', 'HIT@5': '0.0446', 'NDCG@5': '0.0294', 'HIT@10': '0.0673', 'NDCG@10': '0.0368', 'HIT@20': '0.1049', 'NDCG@20': '0.0462'}
{'Epoch': 43, 'name': 'mid_freq', 'HIT@5': '0.0033', 'NDCG@5': '0.0024', 'HIT@10': '0.0043', 'NDCG@10': '0.0027', 'HIT@20': '0.0080', 'NDCG@20': '0.0036'}
{'Epoch': 43, 'name': 'low_freq', 'HIT@5': '0.0020', 'NDCG@5': '0.0015', 'HIT@10': '0.0020', 'NDCG@10': '0.0015', 'HIT@20': '0.0043', 'NDCG@20': '0.0020'}
{'Epoch': 43, 'name': 'all', 'HIT@5': '0.0312', 'NDCG@5': '0.0206', 'HIT@10': '0.0469', 'NDCG@10': '0.0257', 'HIT@20': '0.0735', 'NDCG@20': '0.0324'}
Validation score increased.  Saving model ...
rec dataset length: 186
100%|█████████████████████████████████████████████████████████████████████████████████████████████████████████████████████████████████████████| 186/186 [00:47<00:00,  3.95it/s]
{'epoch': 44, 'rec_avg_loss': '0.6326', 'joint_avg_loss': '1.1335', 'cl_avg_loss': '5.0086', 'itemcl_loss': '0.0000', 'cl_pair_0_loss': '5.0086'}
Recommendation EP_test:44: 100%|| 35/35 [00:08<00:00,  4.27it/s]
{'Epoch': 44, 'name': 'high_freq', 'HIT@5': '0.0454', 'NDCG@5': '0.0298', 'HIT@10': '0.0696', 'NDCG@10': '0.0377', 'HIT@20': '0.1056', 'NDCG@20': '0.0467'}
{'Epoch': 44, 'name': 'mid_freq', 'HIT@5': '0.0032', 'NDCG@5': '0.0021', 'HIT@10': '0.0043', 'NDCG@10': '0.0025', 'HIT@20': '0.0082', 'NDCG@20': '0.0034'}
{'Epoch': 44, 'name': 'low_freq', 'HIT@5': '0.0023', 'NDCG@5': '0.0014', 'HIT@10': '0.0029', 'NDCG@10': '0.0016', 'HIT@20': '0.0045', 'NDCG@20': '0.0020'}
{'Epoch': 44, 'name': 'all', 'HIT@5': '0.0318', 'NDCG@5': '0.0209', 'HIT@10': '0.0486', 'NDCG@10': '0.0263', 'HIT@20': '0.0740', 'NDCG@20': '0.0327'}
Validation score increased.  Saving model ...
rec dataset length: 186
100%|█████████████████████████████████████████████████████████████████████████████████████████████████████████████████████████████████████████| 186/186 [00:46<00:00,  3.96it/s]
{'epoch': 45, 'rec_avg_loss': '0.6266', 'joint_avg_loss': '1.1266', 'cl_avg_loss': '5.0000', 'itemcl_loss': '0.0000', 'cl_pair_0_loss': '5.0000'}
Recommendation EP_test:45: 100%|| 35/35 [00:08<00:00,  4.32it/s]
{'Epoch': 45, 'name': 'high_freq', 'HIT@5': '0.0455', 'NDCG@5': '0.0299', 'HIT@10': '0.0702', 'NDCG@10': '0.0378', 'HIT@20': '0.1060', 'NDCG@20': '0.0468'}
{'Epoch': 45, 'name': 'mid_freq', 'HIT@5': '0.0033', 'NDCG@5': '0.0021', 'HIT@10': '0.0040', 'NDCG@10': '0.0024', 'HIT@20': '0.0083', 'NDCG@20': '0.0035'}
{'Epoch': 45, 'name': 'low_freq', 'HIT@5': '0.0020', 'NDCG@5': '0.0014', 'HIT@10': '0.0034', 'NDCG@10': '0.0019', 'HIT@20': '0.0054', 'NDCG@20': '0.0024'}
{'Epoch': 45, 'name': 'all', 'HIT@5': '0.0318', 'NDCG@5': '0.0209', 'HIT@10': '0.0490', 'NDCG@10': '0.0264', 'HIT@20': '0.0744', 'NDCG@20': '0.0328'}
Validation score increased.  Saving model ...
rec dataset length: 186
100%|█████████████████████████████████████████████████████████████████████████████████████████████████████████████████████████████████████████| 186/186 [00:46<00:00,  3.97it/s]
{'epoch': 46, 'rec_avg_loss': '0.6211', 'joint_avg_loss': '1.1217', 'cl_avg_loss': '5.0060', 'itemcl_loss': '0.0000', 'cl_pair_0_loss': '5.0060'}
Recommendation EP_test:46: 100%|| 35/35 [00:08<00:00,  4.21it/s]
{'Epoch': 46, 'name': 'high_freq', 'HIT@5': '0.0462', 'NDCG@5': '0.0303', 'HIT@10': '0.0704', 'NDCG@10': '0.0381', 'HIT@20': '0.1084', 'NDCG@20': '0.0476'}
{'Epoch': 46, 'name': 'mid_freq', 'HIT@5': '0.0033', 'NDCG@5': '0.0021', 'HIT@10': '0.0045', 'NDCG@10': '0.0025', 'HIT@20': '0.0080', 'NDCG@20': '0.0034'}
{'Epoch': 46, 'name': 'low_freq', 'HIT@5': '0.0025', 'NDCG@5': '0.0017', 'HIT@10': '0.0036', 'NDCG@10': '0.0020', 'HIT@20': '0.0050', 'NDCG@20': '0.0023'}
{'Epoch': 46, 'name': 'all', 'HIT@5': '0.0324', 'NDCG@5': '0.0213', 'HIT@10': '0.0492', 'NDCG@10': '0.0267', 'HIT@20': '0.0759', 'NDCG@20': '0.0333'}
Validation score increased.  Saving model ...
rec dataset length: 186
100%|█████████████████████████████████████████████████████████████████████████████████████████████████████████████████████████████████████████| 186/186 [00:46<00:00,  3.96it/s]
{'epoch': 47, 'rec_avg_loss': '0.6164', 'joint_avg_loss': '1.1156', 'cl_avg_loss': '4.9920', 'itemcl_loss': '0.0000', 'cl_pair_0_loss': '4.9920'}
Recommendation EP_test:47: 100%|| 35/35 [00:08<00:00,  4.29it/s]
{'Epoch': 47, 'name': 'high_freq', 'HIT@5': '0.0461', 'NDCG@5': '0.0302', 'HIT@10': '0.0700', 'NDCG@10': '0.0379', 'HIT@20': '0.1058', 'NDCG@20': '0.0469'}
{'Epoch': 47, 'name': 'mid_freq', 'HIT@5': '0.0034', 'NDCG@5': '0.0024', 'HIT@10': '0.0047', 'NDCG@10': '0.0028', 'HIT@20': '0.0086', 'NDCG@20': '0.0038'}
{'Epoch': 47, 'name': 'low_freq', 'HIT@5': '0.0027', 'NDCG@5': '0.0016', 'HIT@10': '0.0036', 'NDCG@10': '0.0019', 'HIT@20': '0.0050', 'NDCG@20': '0.0023'}
{'Epoch': 47, 'name': 'all', 'HIT@5': '0.0324', 'NDCG@5': '0.0212', 'HIT@10': '0.0490', 'NDCG@10': '0.0266', 'HIT@20': '0.0743', 'NDCG@20': '0.0329'}
EarlyStopping counter: 1 out of 40
rec dataset length: 186
100%|█████████████████████████████████████████████████████████████████████████████████████████████████████████████████████████████████████████| 186/186 [00:46<00:00,  3.96it/s]
{'epoch': 48, 'rec_avg_loss': '0.6128', 'joint_avg_loss': '1.1121', 'cl_avg_loss': '4.9924', 'itemcl_loss': '0.0000', 'cl_pair_0_loss': '4.9924'}
Recommendation EP_test:48: 100%|| 35/35 [00:08<00:00,  4.11it/s]
{'Epoch': 48, 'name': 'high_freq', 'HIT@5': '0.0436', 'NDCG@5': '0.0285', 'HIT@10': '0.0690', 'NDCG@10': '0.0366', 'HIT@20': '0.1060', 'NDCG@20': '0.0460'}
{'Epoch': 48, 'name': 'mid_freq', 'HIT@5': '0.0032', 'NDCG@5': '0.0021', 'HIT@10': '0.0053', 'NDCG@10': '0.0028', 'HIT@20': '0.0078', 'NDCG@20': '0.0034'}
{'Epoch': 48, 'name': 'low_freq', 'HIT@5': '0.0023', 'NDCG@5': '0.0014', 'HIT@10': '0.0034', 'NDCG@10': '0.0018', 'HIT@20': '0.0052', 'NDCG@20': '0.0022'}
{'Epoch': 48, 'name': 'all', 'HIT@5': '0.0305', 'NDCG@5': '0.0199', 'HIT@10': '0.0484', 'NDCG@10': '0.0257', 'HIT@20': '0.0743', 'NDCG@20': '0.0322'}
EarlyStopping counter: 2 out of 40
rec dataset length: 186
100%|█████████████████████████████████████████████████████████████████████████████████████████████████████████████████████████████████████████| 186/186 [00:46<00:00,  3.97it/s]
{'epoch': 49, 'rec_avg_loss': '0.6059', 'joint_avg_loss': '1.1039', 'cl_avg_loss': '4.9793', 'itemcl_loss': '0.0000', 'cl_pair_0_loss': '4.9793'}
Recommendation EP_test:49: 100%|| 35/35 [00:08<00:00,  4.22it/s]
{'Epoch': 49, 'name': 'high_freq', 'HIT@5': '0.0455', 'NDCG@5': '0.0298', 'HIT@10': '0.0715', 'NDCG@10': '0.0381', 'HIT@20': '0.1081', 'NDCG@20': '0.0473'}
{'Epoch': 49, 'name': 'mid_freq', 'HIT@5': '0.0032', 'NDCG@5': '0.0023', 'HIT@10': '0.0060', 'NDCG@10': '0.0032', 'HIT@20': '0.0095', 'NDCG@20': '0.0040'}
{'Epoch': 49, 'name': 'low_freq', 'HIT@5': '0.0025', 'NDCG@5': '0.0015', 'HIT@10': '0.0032', 'NDCG@10': '0.0017', 'HIT@20': '0.0048', 'NDCG@20': '0.0021'}
{'Epoch': 49, 'name': 'all', 'HIT@5': '0.0319', 'NDCG@5': '0.0209', 'HIT@10': '0.0502', 'NDCG@10': '0.0268', 'HIT@20': '0.0760', 'NDCG@20': '0.0332'}
EarlyStopping counter: 3 out of 40
rec dataset length: 186
100%|█████████████████████████████████████████████████████████████████████████████████████████████████████████████████████████████████████████| 186/186 [00:46<00:00,  3.96it/s]
{'epoch': 50, 'rec_avg_loss': '0.6033', 'joint_avg_loss': '1.1002', 'cl_avg_loss': '4.9692', 'itemcl_loss': '0.0000', 'cl_pair_0_loss': '4.9692'}
Recommendation EP_test:50: 100%|| 35/35 [00:08<00:00,  4.19it/s]
{'Epoch': 50, 'name': 'high_freq', 'HIT@5': '0.0455', 'NDCG@5': '0.0298', 'HIT@10': '0.0719', 'NDCG@10': '0.0383', 'HIT@20': '0.1079', 'NDCG@20': '0.0473'}
{'Epoch': 50, 'name': 'mid_freq', 'HIT@5': '0.0037', 'NDCG@5': '0.0025', 'HIT@10': '0.0046', 'NDCG@10': '0.0027', 'HIT@20': '0.0101', 'NDCG@20': '0.0041'}
{'Epoch': 50, 'name': 'low_freq', 'HIT@5': '0.0020', 'NDCG@5': '0.0014', 'HIT@10': '0.0029', 'NDCG@10': '0.0017', 'HIT@20': '0.0052', 'NDCG@20': '0.0023'}
{'Epoch': 50, 'name': 'all', 'HIT@5': '0.0319', 'NDCG@5': '0.0209', 'HIT@10': '0.0502', 'NDCG@10': '0.0268', 'HIT@20': '0.0760', 'NDCG@20': '0.0333'}
EarlyStopping counter: 4 out of 40
rec dataset length: 186
100%|█████████████████████████████████████████████████████████████████████████████████████████████████████████████████████████████████████████| 186/186 [00:47<00:00,  3.96it/s]
{'epoch': 51, 'rec_avg_loss': '0.5979', 'joint_avg_loss': '1.0955', 'cl_avg_loss': '4.9757', 'itemcl_loss': '0.0000', 'cl_pair_0_loss': '4.9757'}
Recommendation EP_test:51: 100%|| 35/35 [00:08<00:00,  4.20it/s]
{'Epoch': 51, 'name': 'high_freq', 'HIT@5': '0.0470', 'NDCG@5': '0.0300', 'HIT@10': '0.0722', 'NDCG@10': '0.0381', 'HIT@20': '0.1090', 'NDCG@20': '0.0473'}
{'Epoch': 51, 'name': 'mid_freq', 'HIT@5': '0.0032', 'NDCG@5': '0.0023', 'HIT@10': '0.0052', 'NDCG@10': '0.0029', 'HIT@20': '0.0092', 'NDCG@20': '0.0039'}
{'Epoch': 51, 'name': 'low_freq', 'HIT@5': '0.0020', 'NDCG@5': '0.0014', 'HIT@10': '0.0027', 'NDCG@10': '0.0016', 'HIT@20': '0.0052', 'NDCG@20': '0.0022'}
{'Epoch': 51, 'name': 'all', 'HIT@5': '0.0328', 'NDCG@5': '0.0210', 'HIT@10': '0.0505', 'NDCG@10': '0.0267', 'HIT@20': '0.0766', 'NDCG@20': '0.0332'}
EarlyStopping counter: 5 out of 40
rec dataset length: 186
100%|█████████████████████████████████████████████████████████████████████████████████████████████████████████████████████████████████████████| 186/186 [00:46<00:00,  3.97it/s]
{'epoch': 52, 'rec_avg_loss': '0.5961', 'joint_avg_loss': '1.0936', 'cl_avg_loss': '4.9744', 'itemcl_loss': '0.0000', 'cl_pair_0_loss': '4.9744'}
Recommendation EP_test:52: 100%|| 35/35 [00:08<00:00,  4.16it/s]
{'Epoch': 52, 'name': 'high_freq', 'HIT@5': '0.0468', 'NDCG@5': '0.0303', 'HIT@10': '0.0724', 'NDCG@10': '0.0386', 'HIT@20': '0.1086', 'NDCG@20': '0.0477'}
{'Epoch': 52, 'name': 'mid_freq', 'HIT@5': '0.0033', 'NDCG@5': '0.0024', 'HIT@10': '0.0047', 'NDCG@10': '0.0029', 'HIT@20': '0.0101', 'NDCG@20': '0.0042'}
{'Epoch': 52, 'name': 'low_freq', 'HIT@5': '0.0023', 'NDCG@5': '0.0015', 'HIT@10': '0.0032', 'NDCG@10': '0.0018', 'HIT@20': '0.0054', 'NDCG@20': '0.0024'}
{'Epoch': 52, 'name': 'all', 'HIT@5': '0.0328', 'NDCG@5': '0.0213', 'HIT@10': '0.0506', 'NDCG@10': '0.0270', 'HIT@20': '0.0765', 'NDCG@20': '0.0335'}
Validation score increased.  Saving model ...
rec dataset length: 186
100%|█████████████████████████████████████████████████████████████████████████████████████████████████████████████████████████████████████████| 186/186 [00:47<00:00,  3.96it/s]
{'epoch': 53, 'rec_avg_loss': '0.5889', 'joint_avg_loss': '1.0849', 'cl_avg_loss': '4.9605', 'itemcl_loss': '0.0000', 'cl_pair_0_loss': '4.9605'}
Recommendation EP_test:53: 100%|| 35/35 [00:08<00:00,  4.22it/s]
{'Epoch': 53, 'name': 'high_freq', 'HIT@5': '0.0467', 'NDCG@5': '0.0302', 'HIT@10': '0.0707', 'NDCG@10': '0.0379', 'HIT@20': '0.1096', 'NDCG@20': '0.0477'}
{'Epoch': 53, 'name': 'mid_freq', 'HIT@5': '0.0036', 'NDCG@5': '0.0025', 'HIT@10': '0.0053', 'NDCG@10': '0.0030', 'HIT@20': '0.0090', 'NDCG@20': '0.0040'}
{'Epoch': 53, 'name': 'low_freq', 'HIT@5': '0.0023', 'NDCG@5': '0.0015', 'HIT@10': '0.0029', 'NDCG@10': '0.0017', 'HIT@20': '0.0052', 'NDCG@20': '0.0023'}
{'Epoch': 53, 'name': 'all', 'HIT@5': '0.0328', 'NDCG@5': '0.0212', 'HIT@10': '0.0495', 'NDCG@10': '0.0266', 'HIT@20': '0.0770', 'NDCG@20': '0.0335'}
EarlyStopping counter: 1 out of 40
rec dataset length: 186
100%|█████████████████████████████████████████████████████████████████████████████████████████████████████████████████████████████████████████| 186/186 [00:46<00:00,  3.96it/s]
{'epoch': 54, 'rec_avg_loss': '0.5852', 'joint_avg_loss': '1.0824', 'cl_avg_loss': '4.9724', 'itemcl_loss': '0.0000', 'cl_pair_0_loss': '4.9724'}
Recommendation EP_test:54: 100%|| 35/35 [00:08<00:00,  4.14it/s]
{'Epoch': 54, 'name': 'high_freq', 'HIT@5': '0.0466', 'NDCG@5': '0.0306', 'HIT@10': '0.0726', 'NDCG@10': '0.0390', 'HIT@20': '0.1097', 'NDCG@20': '0.0484'}
{'Epoch': 54, 'name': 'mid_freq', 'HIT@5': '0.0046', 'NDCG@5': '0.0030', 'HIT@10': '0.0059', 'NDCG@10': '0.0035', 'HIT@20': '0.0102', 'NDCG@20': '0.0045'}
{'Epoch': 54, 'name': 'low_freq', 'HIT@5': '0.0020', 'NDCG@5': '0.0015', 'HIT@10': '0.0027', 'NDCG@10': '0.0017', 'HIT@20': '0.0054', 'NDCG@20': '0.0024'}
{'Epoch': 54, 'name': 'all', 'HIT@5': '0.0329', 'NDCG@5': '0.0216', 'HIT@10': '0.0508', 'NDCG@10': '0.0274', 'HIT@20': '0.0773', 'NDCG@20': '0.0341'}
Validation score increased.  Saving model ...
rec dataset length: 186
100%|█████████████████████████████████████████████████████████████████████████████████████████████████████████████████████████████████████████| 186/186 [00:46<00:00,  3.96it/s]
{'epoch': 55, 'rec_avg_loss': '0.5839', 'joint_avg_loss': '1.0803', 'cl_avg_loss': '4.9633', 'itemcl_loss': '0.0000', 'cl_pair_0_loss': '4.9633'}
Recommendation EP_test:55: 100%|| 35/35 [00:08<00:00,  4.18it/s]
{'Epoch': 55, 'name': 'high_freq', 'HIT@5': '0.0459', 'NDCG@5': '0.0300', 'HIT@10': '0.0723', 'NDCG@10': '0.0385', 'HIT@20': '0.1085', 'NDCG@20': '0.0476'}
{'Epoch': 55, 'name': 'mid_freq', 'HIT@5': '0.0045', 'NDCG@5': '0.0029', 'HIT@10': '0.0052', 'NDCG@10': '0.0032', 'HIT@20': '0.0102', 'NDCG@20': '0.0044'}
{'Epoch': 55, 'name': 'low_freq', 'HIT@5': '0.0027', 'NDCG@5': '0.0017', 'HIT@10': '0.0036', 'NDCG@10': '0.0020', 'HIT@20': '0.0054', 'NDCG@20': '0.0025'}
{'Epoch': 55, 'name': 'all', 'HIT@5': '0.0324', 'NDCG@5': '0.0212', 'HIT@10': '0.0506', 'NDCG@10': '0.0271', 'HIT@20': '0.0765', 'NDCG@20': '0.0336'}
EarlyStopping counter: 1 out of 40
rec dataset length: 186
100%|█████████████████████████████████████████████████████████████████████████████████████████████████████████████████████████████████████████| 186/186 [00:47<00:00,  3.94it/s]
{'epoch': 56, 'rec_avg_loss': '0.5790', 'joint_avg_loss': '1.0745', 'cl_avg_loss': '4.9553', 'itemcl_loss': '0.0000', 'cl_pair_0_loss': '4.9553'}
Recommendation EP_test:56: 100%|| 35/35 [00:08<00:00,  4.26it/s]
{'Epoch': 56, 'name': 'high_freq', 'HIT@5': '0.0462', 'NDCG@5': '0.0304', 'HIT@10': '0.0705', 'NDCG@10': '0.0381', 'HIT@20': '0.1076', 'NDCG@20': '0.0475'}
{'Epoch': 56, 'name': 'mid_freq', 'HIT@5': '0.0040', 'NDCG@5': '0.0026', 'HIT@10': '0.0059', 'NDCG@10': '0.0032', 'HIT@20': '0.0115', 'NDCG@20': '0.0046'}
{'Epoch': 56, 'name': 'low_freq', 'HIT@5': '0.0027', 'NDCG@5': '0.0018', 'HIT@10': '0.0036', 'NDCG@10': '0.0021', 'HIT@20': '0.0059', 'NDCG@20': '0.0027'}
{'Epoch': 56, 'name': 'all', 'HIT@5': '0.0326', 'NDCG@5': '0.0214', 'HIT@10': '0.0496', 'NDCG@10': '0.0268', 'HIT@20': '0.0762', 'NDCG@20': '0.0335'}
EarlyStopping counter: 2 out of 40
rec dataset length: 186
100%|█████████████████████████████████████████████████████████████████████████████████████████████████████████████████████████████████████████| 186/186 [00:47<00:00,  3.95it/s]
{'epoch': 57, 'rec_avg_loss': '0.5776', 'joint_avg_loss': '1.0741', 'cl_avg_loss': '4.9650', 'itemcl_loss': '0.0000', 'cl_pair_0_loss': '4.9650'}
Recommendation EP_test:57: 100%|| 35/35 [00:08<00:00,  4.23it/s]
{'Epoch': 57, 'name': 'high_freq', 'HIT@5': '0.0467', 'NDCG@5': '0.0301', 'HIT@10': '0.0716', 'NDCG@10': '0.0381', 'HIT@20': '0.1075', 'NDCG@20': '0.0471'}
{'Epoch': 57, 'name': 'mid_freq', 'HIT@5': '0.0037', 'NDCG@5': '0.0024', 'HIT@10': '0.0053', 'NDCG@10': '0.0029', 'HIT@20': '0.0103', 'NDCG@20': '0.0042'}
{'Epoch': 57, 'name': 'low_freq', 'HIT@5': '0.0023', 'NDCG@5': '0.0017', 'HIT@10': '0.0029', 'NDCG@10': '0.0019', 'HIT@20': '0.0048', 'NDCG@20': '0.0023'}
{'Epoch': 57, 'name': 'all', 'HIT@5': '0.0328', 'NDCG@5': '0.0212', 'HIT@10': '0.0501', 'NDCG@10': '0.0267', 'HIT@20': '0.0758', 'NDCG@20': '0.0332'}
EarlyStopping counter: 3 out of 40
rec dataset length: 186
100%|█████████████████████████████████████████████████████████████████████████████████████████████████████████████████████████████████████████| 186/186 [00:46<00:00,  3.96it/s]
{'epoch': 58, 'rec_avg_loss': '0.5724', 'joint_avg_loss': '1.0684', 'cl_avg_loss': '4.9599', 'itemcl_loss': '0.0000', 'cl_pair_0_loss': '4.9599'}
Recommendation EP_test:58: 100%|| 35/35 [00:08<00:00,  4.10it/s]
{'Epoch': 58, 'name': 'high_freq', 'HIT@5': '0.0465', 'NDCG@5': '0.0300', 'HIT@10': '0.0720', 'NDCG@10': '0.0382', 'HIT@20': '0.1079', 'NDCG@20': '0.0472'}
{'Epoch': 58, 'name': 'mid_freq', 'HIT@5': '0.0046', 'NDCG@5': '0.0031', 'HIT@10': '0.0063', 'NDCG@10': '0.0037', 'HIT@20': '0.0113', 'NDCG@20': '0.0049'}
{'Epoch': 58, 'name': 'low_freq', 'HIT@5': '0.0023', 'NDCG@5': '0.0018', 'HIT@10': '0.0029', 'NDCG@10': '0.0020', 'HIT@20': '0.0057', 'NDCG@20': '0.0027'}
{'Epoch': 58, 'name': 'all', 'HIT@5': '0.0328', 'NDCG@5': '0.0212', 'HIT@10': '0.0506', 'NDCG@10': '0.0269', 'HIT@20': '0.0764', 'NDCG@20': '0.0334'}
EarlyStopping counter: 4 out of 40
rec dataset length: 186
100%|█████████████████████████████████████████████████████████████████████████████████████████████████████████████████████████████████████████| 186/186 [00:47<00:00,  3.95it/s]
{'epoch': 59, 'rec_avg_loss': '0.5695', 'joint_avg_loss': '1.0645', 'cl_avg_loss': '4.9507', 'itemcl_loss': '0.0000', 'cl_pair_0_loss': '4.9507'}
Recommendation EP_test:59: 100%|| 35/35 [00:08<00:00,  4.30it/s]
{'Epoch': 59, 'name': 'high_freq', 'HIT@5': '0.0477', 'NDCG@5': '0.0312', 'HIT@10': '0.0723', 'NDCG@10': '0.0392', 'HIT@20': '0.1065', 'NDCG@20': '0.0478'}
{'Epoch': 59, 'name': 'mid_freq', 'HIT@5': '0.0042', 'NDCG@5': '0.0029', 'HIT@10': '0.0060', 'NDCG@10': '0.0035', 'HIT@20': '0.0128', 'NDCG@20': '0.0052'}
{'Epoch': 59, 'name': 'low_freq', 'HIT@5': '0.0025', 'NDCG@5': '0.0017', 'HIT@10': '0.0036', 'NDCG@10': '0.0020', 'HIT@20': '0.0059', 'NDCG@20': '0.0026'}
{'Epoch': 59, 'name': 'all', 'HIT@5': '0.0335', 'NDCG@5': '0.0220', 'HIT@10': '0.0508', 'NDCG@10': '0.0276', 'HIT@20': '0.0757', 'NDCG@20': '0.0338'}
EarlyStopping counter: 5 out of 40
rec dataset length: 186
100%|█████████████████████████████████████████████████████████████████████████████████████████████████████████████████████████████████████████| 186/186 [00:47<00:00,  3.95it/s]
{'epoch': 60, 'rec_avg_loss': '0.5677', 'joint_avg_loss': '1.0619', 'cl_avg_loss': '4.9426', 'itemcl_loss': '0.0000', 'cl_pair_0_loss': '4.9426'}
Recommendation EP_test:60: 100%|| 35/35 [00:08<00:00,  4.18it/s]
{'Epoch': 60, 'name': 'high_freq', 'HIT@5': '0.0471', 'NDCG@5': '0.0307', 'HIT@10': '0.0728', 'NDCG@10': '0.0390', 'HIT@20': '0.1077', 'NDCG@20': '0.0478'}
{'Epoch': 60, 'name': 'mid_freq', 'HIT@5': '0.0042', 'NDCG@5': '0.0028', 'HIT@10': '0.0069', 'NDCG@10': '0.0037', 'HIT@20': '0.0115', 'NDCG@20': '0.0048'}
{'Epoch': 60, 'name': 'low_freq', 'HIT@5': '0.0023', 'NDCG@5': '0.0014', 'HIT@10': '0.0036', 'NDCG@10': '0.0018', 'HIT@20': '0.0057', 'NDCG@20': '0.0024'}
{'Epoch': 60, 'name': 'all', 'HIT@5': '0.0331', 'NDCG@5': '0.0216', 'HIT@10': '0.0514', 'NDCG@10': '0.0275', 'HIT@20': '0.0762', 'NDCG@20': '0.0337'}
EarlyStopping counter: 6 out of 40
rec dataset length: 186
100%|█████████████████████████████████████████████████████████████████████████████████████████████████████████████████████████████████████████| 186/186 [00:46<00:00,  3.97it/s]
{'epoch': 61, 'rec_avg_loss': '0.5608', 'joint_avg_loss': '1.0544', 'cl_avg_loss': '4.9358', 'itemcl_loss': '0.0000', 'cl_pair_0_loss': '4.9358'}
Recommendation EP_test:61: 100%|| 35/35 [00:08<00:00,  4.12it/s]
{'Epoch': 61, 'name': 'high_freq', 'HIT@5': '0.0468', 'NDCG@5': '0.0303', 'HIT@10': '0.0726', 'NDCG@10': '0.0386', 'HIT@20': '0.1076', 'NDCG@20': '0.0475'}
{'Epoch': 61, 'name': 'mid_freq', 'HIT@5': '0.0032', 'NDCG@5': '0.0023', 'HIT@10': '0.0062', 'NDCG@10': '0.0033', 'HIT@20': '0.0119', 'NDCG@20': '0.0047'}
{'Epoch': 61, 'name': 'low_freq', 'HIT@5': '0.0025', 'NDCG@5': '0.0015', 'HIT@10': '0.0034', 'NDCG@10': '0.0018', 'HIT@20': '0.0059', 'NDCG@20': '0.0024'}
{'Epoch': 61, 'name': 'all', 'HIT@5': '0.0328', 'NDCG@5': '0.0213', 'HIT@10': '0.0510', 'NDCG@10': '0.0271', 'HIT@20': '0.0763', 'NDCG@20': '0.0335'}
EarlyStopping counter: 7 out of 40
rec dataset length: 186
100%|█████████████████████████████████████████████████████████████████████████████████████████████████████████████████████████████████████████| 186/186 [00:47<00:00,  3.96it/s]
{'epoch': 62, 'rec_avg_loss': '0.5590', 'joint_avg_loss': '1.0540', 'cl_avg_loss': '4.9498', 'itemcl_loss': '0.0000', 'cl_pair_0_loss': '4.9498'}
Recommendation EP_test:62: 100%|| 35/35 [00:08<00:00,  4.20it/s]
{'Epoch': 62, 'name': 'high_freq', 'HIT@5': '0.0466', 'NDCG@5': '0.0303', 'HIT@10': '0.0723', 'NDCG@10': '0.0385', 'HIT@20': '0.1084', 'NDCG@20': '0.0476'}
{'Epoch': 62, 'name': 'mid_freq', 'HIT@5': '0.0039', 'NDCG@5': '0.0027', 'HIT@10': '0.0073', 'NDCG@10': '0.0038', 'HIT@20': '0.0124', 'NDCG@20': '0.0051'}
{'Epoch': 62, 'name': 'low_freq', 'HIT@5': '0.0025', 'NDCG@5': '0.0016', 'HIT@10': '0.0036', 'NDCG@10': '0.0020', 'HIT@20': '0.0054', 'NDCG@20': '0.0024'}
{'Epoch': 62, 'name': 'all', 'HIT@5': '0.0328', 'NDCG@5': '0.0213', 'HIT@10': '0.0510', 'NDCG@10': '0.0272', 'HIT@20': '0.0769', 'NDCG@20': '0.0337'}
EarlyStopping counter: 8 out of 40
rec dataset length: 186
100%|█████████████████████████████████████████████████████████████████████████████████████████████████████████████████████████████████████████| 186/186 [00:46<00:00,  3.96it/s]
{'epoch': 63, 'rec_avg_loss': '0.5553', 'joint_avg_loss': '1.0487', 'cl_avg_loss': '4.9339', 'itemcl_loss': '0.0000', 'cl_pair_0_loss': '4.9339'}
Recommendation EP_test:63: 100%|| 35/35 [00:08<00:00,  4.21it/s]
{'Epoch': 63, 'name': 'high_freq', 'HIT@5': '0.0474', 'NDCG@5': '0.0312', 'HIT@10': '0.0742', 'NDCG@10': '0.0398', 'HIT@20': '0.1110', 'NDCG@20': '0.0491'}
{'Epoch': 63, 'name': 'mid_freq', 'HIT@5': '0.0045', 'NDCG@5': '0.0031', 'HIT@10': '0.0070', 'NDCG@10': '0.0039', 'HIT@20': '0.0126', 'NDCG@20': '0.0053'}
{'Epoch': 63, 'name': 'low_freq', 'HIT@5': '0.0023', 'NDCG@5': '0.0017', 'HIT@10': '0.0036', 'NDCG@10': '0.0021', 'HIT@20': '0.0057', 'NDCG@20': '0.0027'}
{'Epoch': 63, 'name': 'all', 'HIT@5': '0.0334', 'NDCG@5': '0.0221', 'HIT@10': '0.0523', 'NDCG@10': '0.0281', 'HIT@20': '0.0787', 'NDCG@20': '0.0348'}
Validation score increased.  Saving model ...
rec dataset length: 186
100%|█████████████████████████████████████████████████████████████████████████████████████████████████████████████████████████████████████████| 186/186 [00:46<00:00,  3.96it/s]
{'epoch': 64, 'rec_avg_loss': '0.5541', 'joint_avg_loss': '1.0481', 'cl_avg_loss': '4.9397', 'itemcl_loss': '0.0000', 'cl_pair_0_loss': '4.9397'}
Recommendation EP_test:64: 100%|| 35/35 [00:08<00:00,  4.18it/s]
{'Epoch': 64, 'name': 'high_freq', 'HIT@5': '0.0463', 'NDCG@5': '0.0302', 'HIT@10': '0.0726', 'NDCG@10': '0.0386', 'HIT@20': '0.1084', 'NDCG@20': '0.0476'}
{'Epoch': 64, 'name': 'mid_freq', 'HIT@5': '0.0039', 'NDCG@5': '0.0028', 'HIT@10': '0.0065', 'NDCG@10': '0.0036', 'HIT@20': '0.0112', 'NDCG@20': '0.0048'}
{'Epoch': 64, 'name': 'low_freq', 'HIT@5': '0.0027', 'NDCG@5': '0.0017', 'HIT@10': '0.0038', 'NDCG@10': '0.0021', 'HIT@20': '0.0057', 'NDCG@20': '0.0025'}
{'Epoch': 64, 'name': 'all', 'HIT@5': '0.0326', 'NDCG@5': '0.0213', 'HIT@10': '0.0511', 'NDCG@10': '0.0272', 'HIT@20': '0.0766', 'NDCG@20': '0.0337'}
EarlyStopping counter: 1 out of 40
rec dataset length: 186
100%|█████████████████████████████████████████████████████████████████████████████████████████████████████████████████████████████████████████| 186/186 [00:46<00:00,  3.96it/s]
{'epoch': 65, 'rec_avg_loss': '0.5475', 'joint_avg_loss': '1.0411', 'cl_avg_loss': '4.9356', 'itemcl_loss': '0.0000', 'cl_pair_0_loss': '4.9356'}
Recommendation EP_test:65: 100%|| 35/35 [00:08<00:00,  4.31it/s]
{'Epoch': 65, 'name': 'high_freq', 'HIT@5': '0.0466', 'NDCG@5': '0.0307', 'HIT@10': '0.0721', 'NDCG@10': '0.0389', 'HIT@20': '0.1060', 'NDCG@20': '0.0475'}
{'Epoch': 65, 'name': 'mid_freq', 'HIT@5': '0.0045', 'NDCG@5': '0.0028', 'HIT@10': '0.0066', 'NDCG@10': '0.0035', 'HIT@20': '0.0111', 'NDCG@20': '0.0046'}
{'Epoch': 65, 'name': 'low_freq', 'HIT@5': '0.0027', 'NDCG@5': '0.0017', 'HIT@10': '0.0041', 'NDCG@10': '0.0022', 'HIT@20': '0.0052', 'NDCG@20': '0.0025'}
{'Epoch': 65, 'name': 'all', 'HIT@5': '0.0329', 'NDCG@5': '0.0217', 'HIT@10': '0.0508', 'NDCG@10': '0.0274', 'HIT@20': '0.0749', 'NDCG@20': '0.0335'}
EarlyStopping counter: 2 out of 40
rec dataset length: 186
100%|█████████████████████████████████████████████████████████████████████████████████████████████████████████████████████████████████████████| 186/186 [00:47<00:00,  3.95it/s]
{'epoch': 66, 'rec_avg_loss': '0.5465', 'joint_avg_loss': '1.0393', 'cl_avg_loss': '4.9280', 'itemcl_loss': '0.0000', 'cl_pair_0_loss': '4.9280'}
Recommendation EP_test:66: 100%|| 35/35 [00:08<00:00,  4.14it/s]
{'Epoch': 66, 'name': 'high_freq', 'HIT@5': '0.0462', 'NDCG@5': '0.0304', 'HIT@10': '0.0723', 'NDCG@10': '0.0388', 'HIT@20': '0.1070', 'NDCG@20': '0.0475'}
{'Epoch': 66, 'name': 'mid_freq', 'HIT@5': '0.0050', 'NDCG@5': '0.0031', 'HIT@10': '0.0075', 'NDCG@10': '0.0039', 'HIT@20': '0.0125', 'NDCG@20': '0.0051'}
{'Epoch': 66, 'name': 'low_freq', 'HIT@5': '0.0023', 'NDCG@5': '0.0014', 'HIT@10': '0.0041', 'NDCG@10': '0.0020', 'HIT@20': '0.0059', 'NDCG@20': '0.0025'}
{'Epoch': 66, 'name': 'all', 'HIT@5': '0.0327', 'NDCG@5': '0.0215', 'HIT@10': '0.0512', 'NDCG@10': '0.0274', 'HIT@20': '0.0760', 'NDCG@20': '0.0336'}
EarlyStopping counter: 3 out of 40
rec dataset length: 186
100%|█████████████████████████████████████████████████████████████████████████████████████████████████████████████████████████████████████████| 186/186 [00:46<00:00,  3.97it/s]
{'epoch': 67, 'rec_avg_loss': '0.5457', 'joint_avg_loss': '1.0395', 'cl_avg_loss': '4.9371', 'itemcl_loss': '0.0000', 'cl_pair_0_loss': '4.9371'}
Recommendation EP_test:67: 100%|| 35/35 [00:08<00:00,  4.22it/s]
{'Epoch': 67, 'name': 'high_freq', 'HIT@5': '0.0474', 'NDCG@5': '0.0309', 'HIT@10': '0.0726', 'NDCG@10': '0.0390', 'HIT@20': '0.1084', 'NDCG@20': '0.0481'}
{'Epoch': 67, 'name': 'mid_freq', 'HIT@5': '0.0047', 'NDCG@5': '0.0031', 'HIT@10': '0.0072', 'NDCG@10': '0.0039', 'HIT@20': '0.0131', 'NDCG@20': '0.0053'}
{'Epoch': 67, 'name': 'low_freq', 'HIT@5': '0.0029', 'NDCG@5': '0.0019', 'HIT@10': '0.0036', 'NDCG@10': '0.0021', 'HIT@20': '0.0054', 'NDCG@20': '0.0025'}
{'Epoch': 67, 'name': 'all', 'HIT@5': '0.0335', 'NDCG@5': '0.0219', 'HIT@10': '0.0512', 'NDCG@10': '0.0276', 'HIT@20': '0.0770', 'NDCG@20': '0.0340'}
EarlyStopping counter: 4 out of 40
rec dataset length: 186
100%|█████████████████████████████████████████████████████████████████████████████████████████████████████████████████████████████████████████| 186/186 [00:46<00:00,  3.98it/s]
{'epoch': 68, 'rec_avg_loss': '0.5403', 'joint_avg_loss': '1.0338', 'cl_avg_loss': '4.9347', 'itemcl_loss': '0.0000', 'cl_pair_0_loss': '4.9347'}
Recommendation EP_test:68: 100%|| 35/35 [00:08<00:00,  4.25it/s]
{'Epoch': 68, 'name': 'high_freq', 'HIT@5': '0.0467', 'NDCG@5': '0.0303', 'HIT@10': '0.0728', 'NDCG@10': '0.0387', 'HIT@20': '0.1081', 'NDCG@20': '0.0476'}
{'Epoch': 68, 'name': 'mid_freq', 'HIT@5': '0.0046', 'NDCG@5': '0.0031', 'HIT@10': '0.0066', 'NDCG@10': '0.0038', 'HIT@20': '0.0115', 'NDCG@20': '0.0050'}
{'Epoch': 68, 'name': 'low_freq', 'HIT@5': '0.0023', 'NDCG@5': '0.0017', 'HIT@10': '0.0036', 'NDCG@10': '0.0021', 'HIT@20': '0.0059', 'NDCG@20': '0.0027'}
{'Epoch': 68, 'name': 'all', 'HIT@5': '0.0330', 'NDCG@5': '0.0215', 'HIT@10': '0.0513', 'NDCG@10': '0.0274', 'HIT@20': '0.0765', 'NDCG@20': '0.0337'}
EarlyStopping counter: 5 out of 40
rec dataset length: 186
100%|█████████████████████████████████████████████████████████████████████████████████████████████████████████████████████████████████████████| 186/186 [00:47<00:00,  3.96it/s]
{'epoch': 69, 'rec_avg_loss': '0.5392', 'joint_avg_loss': '1.0307', 'cl_avg_loss': '4.9146', 'itemcl_loss': '0.0000', 'cl_pair_0_loss': '4.9146'}
Recommendation EP_test:69: 100%|| 35/35 [00:08<00:00,  4.14it/s]
{'Epoch': 69, 'name': 'high_freq', 'HIT@5': '0.0470', 'NDCG@5': '0.0310', 'HIT@10': '0.0718', 'NDCG@10': '0.0389', 'HIT@20': '0.1073', 'NDCG@20': '0.0479'}
{'Epoch': 69, 'name': 'mid_freq', 'HIT@5': '0.0045', 'NDCG@5': '0.0033', 'HIT@10': '0.0062', 'NDCG@10': '0.0039', 'HIT@20': '0.0125', 'NDCG@20': '0.0055'}
{'Epoch': 69, 'name': 'low_freq', 'HIT@5': '0.0027', 'NDCG@5': '0.0018', 'HIT@10': '0.0043', 'NDCG@10': '0.0023', 'HIT@20': '0.0063', 'NDCG@20': '0.0028'}
{'Epoch': 69, 'name': 'all', 'HIT@5': '0.0332', 'NDCG@5': '0.0219', 'HIT@10': '0.0506', 'NDCG@10': '0.0275', 'HIT@20': '0.0762', 'NDCG@20': '0.0340'}
EarlyStopping counter: 6 out of 40
rec dataset length: 186
100%|█████████████████████████████████████████████████████████████████████████████████████████████████████████████████████████████████████████| 186/186 [00:47<00:00,  3.95it/s]
{'epoch': 70, 'rec_avg_loss': '0.5358', 'joint_avg_loss': '1.0280', 'cl_avg_loss': '4.9221', 'itemcl_loss': '0.0000', 'cl_pair_0_loss': '4.9221'}
Recommendation EP_test:70: 100%|| 35/35 [00:08<00:00,  4.14it/s]
{'Epoch': 70, 'name': 'high_freq', 'HIT@5': '0.0466', 'NDCG@5': '0.0302', 'HIT@10': '0.0719', 'NDCG@10': '0.0384', 'HIT@20': '0.1089', 'NDCG@20': '0.0477'}
{'Epoch': 70, 'name': 'mid_freq', 'HIT@5': '0.0045', 'NDCG@5': '0.0033', 'HIT@10': '0.0065', 'NDCG@10': '0.0039', 'HIT@20': '0.0118', 'NDCG@20': '0.0053'}
{'Epoch': 70, 'name': 'low_freq', 'HIT@5': '0.0023', 'NDCG@5': '0.0014', 'HIT@10': '0.0032', 'NDCG@10': '0.0017', 'HIT@20': '0.0061', 'NDCG@20': '0.0025'}
{'Epoch': 70, 'name': 'all', 'HIT@5': '0.0328', 'NDCG@5': '0.0214', 'HIT@10': '0.0506', 'NDCG@10': '0.0271', 'HIT@20': '0.0771', 'NDCG@20': '0.0338'}
EarlyStopping counter: 7 out of 40
rec dataset length: 186
100%|█████████████████████████████████████████████████████████████████████████████████████████████████████████████████████████████████████████| 186/186 [00:46<00:00,  3.97it/s]
{'epoch': 71, 'rec_avg_loss': '0.5338', 'joint_avg_loss': '1.0259', 'cl_avg_loss': '4.9213', 'itemcl_loss': '0.0000', 'cl_pair_0_loss': '4.9213'}
Recommendation EP_test:71: 100%|| 35/35 [00:07<00:00,  4.40it/s]
{'Epoch': 71, 'name': 'high_freq', 'HIT@5': '0.0471', 'NDCG@5': '0.0305', 'HIT@10': '0.0733', 'NDCG@10': '0.0389', 'HIT@20': '0.1096', 'NDCG@20': '0.0480'}
{'Epoch': 71, 'name': 'mid_freq', 'HIT@5': '0.0046', 'NDCG@5': '0.0034', 'HIT@10': '0.0078', 'NDCG@10': '0.0044', 'HIT@20': '0.0132', 'NDCG@20': '0.0057'}
{'Epoch': 71, 'name': 'low_freq', 'HIT@5': '0.0025', 'NDCG@5': '0.0015', 'HIT@10': '0.0038', 'NDCG@10': '0.0020', 'HIT@20': '0.0066', 'NDCG@20': '0.0026'}
{'Epoch': 71, 'name': 'all', 'HIT@5': '0.0332', 'NDCG@5': '0.0216', 'HIT@10': '0.0518', 'NDCG@10': '0.0276', 'HIT@20': '0.0780', 'NDCG@20': '0.0341'}
EarlyStopping counter: 8 out of 40
rec dataset length: 186
100%|█████████████████████████████████████████████████████████████████████████████████████████████████████████████████████████████████████████| 186/186 [00:47<00:00,  3.96it/s]
{'epoch': 72, 'rec_avg_loss': '0.5320', 'joint_avg_loss': '1.0248', 'cl_avg_loss': '4.9280', 'itemcl_loss': '0.0000', 'cl_pair_0_loss': '4.9280'}
Recommendation EP_test:72: 100%|| 35/35 [00:08<00:00,  4.20it/s]
{'Epoch': 72, 'name': 'high_freq', 'HIT@5': '0.0471', 'NDCG@5': '0.0310', 'HIT@10': '0.0727', 'NDCG@10': '0.0392', 'HIT@20': '0.1092', 'NDCG@20': '0.0484'}
{'Epoch': 72, 'name': 'mid_freq', 'HIT@5': '0.0049', 'NDCG@5': '0.0036', 'HIT@10': '0.0076', 'NDCG@10': '0.0045', 'HIT@20': '0.0141', 'NDCG@20': '0.0061'}
{'Epoch': 72, 'name': 'low_freq', 'HIT@5': '0.0029', 'NDCG@5': '0.0018', 'HIT@10': '0.0041', 'NDCG@10': '0.0022', 'HIT@20': '0.0070', 'NDCG@20': '0.0029'}
{'Epoch': 72, 'name': 'all', 'HIT@5': '0.0333', 'NDCG@5': '0.0220', 'HIT@10': '0.0514', 'NDCG@10': '0.0278', 'HIT@20': '0.0779', 'NDCG@20': '0.0345'}
EarlyStopping counter: 9 out of 40
rec dataset length: 186
100%|█████████████████████████████████████████████████████████████████████████████████████████████████████████████████████████████████████████| 186/186 [00:46<00:00,  3.97it/s]
{'epoch': 73, 'rec_avg_loss': '0.5277', 'joint_avg_loss': '1.0192', 'cl_avg_loss': '4.9150', 'itemcl_loss': '0.0000', 'cl_pair_0_loss': '4.9150'}
Recommendation EP_test:73: 100%|| 35/35 [00:08<00:00,  4.23it/s]
{'Epoch': 73, 'name': 'high_freq', 'HIT@5': '0.0478', 'NDCG@5': '0.0313', 'HIT@10': '0.0747', 'NDCG@10': '0.0400', 'HIT@20': '0.1100', 'NDCG@20': '0.0488'}
{'Epoch': 73, 'name': 'mid_freq', 'HIT@5': '0.0050', 'NDCG@5': '0.0035', 'HIT@10': '0.0078', 'NDCG@10': '0.0043', 'HIT@20': '0.0131', 'NDCG@20': '0.0057'}
{'Epoch': 73, 'name': 'low_freq', 'HIT@5': '0.0023', 'NDCG@5': '0.0014', 'HIT@10': '0.0032', 'NDCG@10': '0.0017', 'HIT@20': '0.0063', 'NDCG@20': '0.0025'}
{'Epoch': 73, 'name': 'all', 'HIT@5': '0.0338', 'NDCG@5': '0.0222', 'HIT@10': '0.0527', 'NDCG@10': '0.0283', 'HIT@20': '0.0782', 'NDCG@20': '0.0346'}
EarlyStopping counter: 10 out of 40
rec dataset length: 186
100%|█████████████████████████████████████████████████████████████████████████████████████████████████████████████████████████████████████████| 186/186 [00:46<00:00,  3.96it/s]
{'epoch': 74, 'rec_avg_loss': '0.5255', 'joint_avg_loss': '1.0172', 'cl_avg_loss': '4.9176', 'itemcl_loss': '0.0000', 'cl_pair_0_loss': '4.9176'}
Recommendation EP_test:74: 100%|| 35/35 [00:08<00:00,  4.27it/s]
{'Epoch': 74, 'name': 'high_freq', 'HIT@5': '0.0476', 'NDCG@5': '0.0310', 'HIT@10': '0.0738', 'NDCG@10': '0.0395', 'HIT@20': '0.1093', 'NDCG@20': '0.0484'}
{'Epoch': 74, 'name': 'mid_freq', 'HIT@5': '0.0050', 'NDCG@5': '0.0037', 'HIT@10': '0.0072', 'NDCG@10': '0.0044', 'HIT@20': '0.0136', 'NDCG@20': '0.0060'}
{'Epoch': 74, 'name': 'low_freq', 'HIT@5': '0.0023', 'NDCG@5': '0.0015', 'HIT@10': '0.0034', 'NDCG@10': '0.0018', 'HIT@20': '0.0059', 'NDCG@20': '0.0024'}
{'Epoch': 74, 'name': 'all', 'HIT@5': '0.0336', 'NDCG@5': '0.0220', 'HIT@10': '0.0520', 'NDCG@10': '0.0279', 'HIT@20': '0.0777', 'NDCG@20': '0.0344'}
EarlyStopping counter: 11 out of 40
rec dataset length: 186
100%|█████████████████████████████████████████████████████████████████████████████████████████████████████████████████████████████████████████| 186/186 [00:46<00:00,  3.96it/s]
{'epoch': 75, 'rec_avg_loss': '0.5246', 'joint_avg_loss': '1.0161', 'cl_avg_loss': '4.9142', 'itemcl_loss': '0.0000', 'cl_pair_0_loss': '4.9142'}
Recommendation EP_test:75: 100%|| 35/35 [00:08<00:00,  4.17it/s]
{'Epoch': 75, 'name': 'high_freq', 'HIT@5': '0.0482', 'NDCG@5': '0.0315', 'HIT@10': '0.0750', 'NDCG@10': '0.0401', 'HIT@20': '0.1095', 'NDCG@20': '0.0488'}
{'Epoch': 75, 'name': 'mid_freq', 'HIT@5': '0.0045', 'NDCG@5': '0.0033', 'HIT@10': '0.0080', 'NDCG@10': '0.0044', 'HIT@20': '0.0138', 'NDCG@20': '0.0059'}
{'Epoch': 75, 'name': 'low_freq', 'HIT@5': '0.0023', 'NDCG@5': '0.0016', 'HIT@10': '0.0043', 'NDCG@10': '0.0022', 'HIT@20': '0.0075', 'NDCG@20': '0.0030'}
{'Epoch': 75, 'name': 'all', 'HIT@5': '0.0340', 'NDCG@5': '0.0223', 'HIT@10': '0.0531', 'NDCG@10': '0.0284', 'HIT@20': '0.0781', 'NDCG@20': '0.0347'}
EarlyStopping counter: 12 out of 40
rec dataset length: 186
100%|█████████████████████████████████████████████████████████████████████████████████████████████████████████████████████████████████████████| 186/186 [00:46<00:00,  3.97it/s]
{'epoch': 76, 'rec_avg_loss': '0.5222', 'joint_avg_loss': '1.0129', 'cl_avg_loss': '4.9071', 'itemcl_loss': '0.0000', 'cl_pair_0_loss': '4.9071'}
Recommendation EP_test:76: 100%|| 35/35 [00:08<00:00,  4.24it/s]
{'Epoch': 76, 'name': 'high_freq', 'HIT@5': '0.0498', 'NDCG@5': '0.0323', 'HIT@10': '0.0745', 'NDCG@10': '0.0403', 'HIT@20': '0.1117', 'NDCG@20': '0.0496'}
{'Epoch': 76, 'name': 'mid_freq', 'HIT@5': '0.0047', 'NDCG@5': '0.0033', 'HIT@10': '0.0068', 'NDCG@10': '0.0039', 'HIT@20': '0.0134', 'NDCG@20': '0.0056'}
{'Epoch': 76, 'name': 'low_freq', 'HIT@5': '0.0020', 'NDCG@5': '0.0014', 'HIT@10': '0.0038', 'NDCG@10': '0.0020', 'HIT@20': '0.0072', 'NDCG@20': '0.0028'}
{'Epoch': 76, 'name': 'all', 'HIT@5': '0.0350', 'NDCG@5': '0.0228', 'HIT@10': '0.0524', 'NDCG@10': '0.0284', 'HIT@20': '0.0795', 'NDCG@20': '0.0352'}
Validation score increased.  Saving model ...
rec dataset length: 186
100%|█████████████████████████████████████████████████████████████████████████████████████████████████████████████████████████████████████████| 186/186 [00:47<00:00,  3.95it/s]
{'epoch': 77, 'rec_avg_loss': '0.5169', 'joint_avg_loss': '1.0084', 'cl_avg_loss': '4.9145', 'itemcl_loss': '0.0000', 'cl_pair_0_loss': '4.9145'}
Recommendation EP_test:77: 100%|| 35/35 [00:08<00:00,  4.23it/s]
{'Epoch': 77, 'name': 'high_freq', 'HIT@5': '0.0486', 'NDCG@5': '0.0311', 'HIT@10': '0.0741', 'NDCG@10': '0.0392', 'HIT@20': '0.1107', 'NDCG@20': '0.0484'}
{'Epoch': 77, 'name': 'mid_freq', 'HIT@5': '0.0059', 'NDCG@5': '0.0038', 'HIT@10': '0.0083', 'NDCG@10': '0.0045', 'HIT@20': '0.0147', 'NDCG@20': '0.0061'}
{'Epoch': 77, 'name': 'low_freq', 'HIT@5': '0.0027', 'NDCG@5': '0.0017', 'HIT@10': '0.0045', 'NDCG@10': '0.0023', 'HIT@20': '0.0070', 'NDCG@20': '0.0029'}
{'Epoch': 77, 'name': 'all', 'HIT@5': '0.0345', 'NDCG@5': '0.0221', 'HIT@10': '0.0526', 'NDCG@10': '0.0278', 'HIT@20': '0.0790', 'NDCG@20': '0.0345'}
EarlyStopping counter: 1 out of 40
rec dataset length: 186
100%|█████████████████████████████████████████████████████████████████████████████████████████████████████████████████████████████████████████| 186/186 [00:46<00:00,  3.97it/s]
{'epoch': 78, 'rec_avg_loss': '0.5176', 'joint_avg_loss': '1.0085', 'cl_avg_loss': '4.9085', 'itemcl_loss': '0.0000', 'cl_pair_0_loss': '4.9085'}
Recommendation EP_test:78: 100%|| 35/35 [00:08<00:00,  4.17it/s]
{'Epoch': 78, 'name': 'high_freq', 'HIT@5': '0.0468', 'NDCG@5': '0.0298', 'HIT@10': '0.0732', 'NDCG@10': '0.0383', 'HIT@20': '0.1084', 'NDCG@20': '0.0472'}
{'Epoch': 78, 'name': 'mid_freq', 'HIT@5': '0.0049', 'NDCG@5': '0.0034', 'HIT@10': '0.0090', 'NDCG@10': '0.0047', 'HIT@20': '0.0138', 'NDCG@20': '0.0059'}
{'Epoch': 78, 'name': 'low_freq', 'HIT@5': '0.0023', 'NDCG@5': '0.0015', 'HIT@10': '0.0045', 'NDCG@10': '0.0022', 'HIT@20': '0.0068', 'NDCG@20': '0.0028'}
{'Epoch': 78, 'name': 'all', 'HIT@5': '0.0331', 'NDCG@5': '0.0211', 'HIT@10': '0.0521', 'NDCG@10': '0.0273', 'HIT@20': '0.0773', 'NDCG@20': '0.0336'}
EarlyStopping counter: 2 out of 40
rec dataset length: 186
100%|█████████████████████████████████████████████████████████████████████████████████████████████████████████████████████████████████████████| 186/186 [00:46<00:00,  3.97it/s]
{'epoch': 79, 'rec_avg_loss': '0.5165', 'joint_avg_loss': '1.0068', 'cl_avg_loss': '4.9030', 'itemcl_loss': '0.0000', 'cl_pair_0_loss': '4.9030'}
Recommendation EP_test:79: 100%|| 35/35 [00:08<00:00,  4.13it/s]
{'Epoch': 79, 'name': 'high_freq', 'HIT@5': '0.0481', 'NDCG@5': '0.0313', 'HIT@10': '0.0745', 'NDCG@10': '0.0397', 'HIT@20': '0.1110', 'NDCG@20': '0.0489'}
{'Epoch': 79, 'name': 'mid_freq', 'HIT@5': '0.0050', 'NDCG@5': '0.0032', 'HIT@10': '0.0085', 'NDCG@10': '0.0043', 'HIT@20': '0.0134', 'NDCG@20': '0.0056'}
{'Epoch': 79, 'name': 'low_freq', 'HIT@5': '0.0027', 'NDCG@5': '0.0019', 'HIT@10': '0.0050', 'NDCG@10': '0.0026', 'HIT@20': '0.0068', 'NDCG@20': '0.0030'}
{'Epoch': 79, 'name': 'all', 'HIT@5': '0.0341', 'NDCG@5': '0.0221', 'HIT@10': '0.0530', 'NDCG@10': '0.0282', 'HIT@20': '0.0790', 'NDCG@20': '0.0347'}
EarlyStopping counter: 3 out of 40
rec dataset length: 186
100%|█████████████████████████████████████████████████████████████████████████████████████████████████████████████████████████████████████████| 186/186 [00:47<00:00,  3.96it/s]
{'epoch': 80, 'rec_avg_loss': '0.5142', 'joint_avg_loss': '1.0042', 'cl_avg_loss': '4.9003', 'itemcl_loss': '0.0000', 'cl_pair_0_loss': '4.9003'}
Recommendation EP_test:80: 100%|| 35/35 [00:08<00:00,  4.32it/s]
{'Epoch': 80, 'name': 'high_freq', 'HIT@5': '0.0488', 'NDCG@5': '0.0322', 'HIT@10': '0.0751', 'NDCG@10': '0.0406', 'HIT@20': '0.1112', 'NDCG@20': '0.0497'}
{'Epoch': 80, 'name': 'mid_freq', 'HIT@5': '0.0049', 'NDCG@5': '0.0035', 'HIT@10': '0.0083', 'NDCG@10': '0.0046', 'HIT@20': '0.0138', 'NDCG@20': '0.0060'}
{'Epoch': 80, 'name': 'low_freq', 'HIT@5': '0.0025', 'NDCG@5': '0.0017', 'HIT@10': '0.0041', 'NDCG@10': '0.0023', 'HIT@20': '0.0070', 'NDCG@20': '0.0030'}
{'Epoch': 80, 'name': 'all', 'HIT@5': '0.0345', 'NDCG@5': '0.0228', 'HIT@10': '0.0532', 'NDCG@10': '0.0288', 'HIT@20': '0.0792', 'NDCG@20': '0.0353'}
Validation score increased.  Saving model ...
rec dataset length: 186
100%|█████████████████████████████████████████████████████████████████████████████████████████████████████████████████████████████████████████| 186/186 [00:46<00:00,  3.96it/s]
{'epoch': 81, 'rec_avg_loss': '0.5126', 'joint_avg_loss': '1.0019', 'cl_avg_loss': '4.8928', 'itemcl_loss': '0.0000', 'cl_pair_0_loss': '4.8928'}
Recommendation EP_test:81: 100%|| 35/35 [00:08<00:00,  4.16it/s]
{'Epoch': 81, 'name': 'high_freq', 'HIT@5': '0.0480', 'NDCG@5': '0.0315', 'HIT@10': '0.0747', 'NDCG@10': '0.0401', 'HIT@20': '0.1105', 'NDCG@20': '0.0491'}
{'Epoch': 81, 'name': 'mid_freq', 'HIT@5': '0.0050', 'NDCG@5': '0.0036', 'HIT@10': '0.0082', 'NDCG@10': '0.0046', 'HIT@20': '0.0141', 'NDCG@20': '0.0061'}
{'Epoch': 81, 'name': 'low_freq', 'HIT@5': '0.0023', 'NDCG@5': '0.0016', 'HIT@10': '0.0038', 'NDCG@10': '0.0021', 'HIT@20': '0.0063', 'NDCG@20': '0.0027'}
{'Epoch': 81, 'name': 'all', 'HIT@5': '0.0339', 'NDCG@5': '0.0224', 'HIT@10': '0.0529', 'NDCG@10': '0.0284', 'HIT@20': '0.0787', 'NDCG@20': '0.0349'}
EarlyStopping counter: 1 out of 40
rec dataset length: 186
100%|█████████████████████████████████████████████████████████████████████████████████████████████████████████████████████████████████████████| 186/186 [00:46<00:00,  3.96it/s]
{'epoch': 82, 'rec_avg_loss': '0.5109', 'joint_avg_loss': '1.0009', 'cl_avg_loss': '4.9005', 'itemcl_loss': '0.0000', 'cl_pair_0_loss': '4.9005'}
Recommendation EP_test:82: 100%|| 35/35 [00:08<00:00,  4.25it/s]
{'Epoch': 82, 'name': 'high_freq', 'HIT@5': '0.0482', 'NDCG@5': '0.0320', 'HIT@10': '0.0754', 'NDCG@10': '0.0407', 'HIT@20': '0.1121', 'NDCG@20': '0.0499'}
{'Epoch': 82, 'name': 'mid_freq', 'HIT@5': '0.0052', 'NDCG@5': '0.0036', 'HIT@10': '0.0080', 'NDCG@10': '0.0046', 'HIT@20': '0.0149', 'NDCG@20': '0.0063'}
{'Epoch': 82, 'name': 'low_freq', 'HIT@5': '0.0032', 'NDCG@5': '0.0021', 'HIT@10': '0.0052', 'NDCG@10': '0.0027', 'HIT@20': '0.0070', 'NDCG@20': '0.0032'}
{'Epoch': 82, 'name': 'all', 'HIT@5': '0.0342', 'NDCG@5': '0.0227', 'HIT@10': '0.0535', 'NDCG@10': '0.0289', 'HIT@20': '0.0801', 'NDCG@20': '0.0356'}
Validation score increased.  Saving model ...
rec dataset length: 186
100%|█████████████████████████████████████████████████████████████████████████████████████████████████████████████████████████████████████████| 186/186 [00:47<00:00,  3.96it/s]
{'epoch': 83, 'rec_avg_loss': '0.5049', 'joint_avg_loss': '0.9938', 'cl_avg_loss': '4.8893', 'itemcl_loss': '0.0000', 'cl_pair_0_loss': '4.8893'}
Recommendation EP_test:83: 100%|| 35/35 [00:08<00:00,  4.15it/s]
{'Epoch': 83, 'name': 'high_freq', 'HIT@5': '0.0488', 'NDCG@5': '0.0323', 'HIT@10': '0.0757', 'NDCG@10': '0.0409', 'HIT@20': '0.1114', 'NDCG@20': '0.0499'}
{'Epoch': 83, 'name': 'mid_freq', 'HIT@5': '0.0053', 'NDCG@5': '0.0036', 'HIT@10': '0.0080', 'NDCG@10': '0.0045', 'HIT@20': '0.0152', 'NDCG@20': '0.0063'}
{'Epoch': 83, 'name': 'low_freq', 'HIT@5': '0.0027', 'NDCG@5': '0.0019', 'HIT@10': '0.0050', 'NDCG@10': '0.0026', 'HIT@20': '0.0072', 'NDCG@20': '0.0032'}
{'Epoch': 83, 'name': 'all', 'HIT@5': '0.0346', 'NDCG@5': '0.0229', 'HIT@10': '0.0537', 'NDCG@10': '0.0290', 'HIT@20': '0.0796', 'NDCG@20': '0.0355'}
EarlyStopping counter: 1 out of 40
rec dataset length: 186
100%|█████████████████████████████████████████████████████████████████████████████████████████████████████████████████████████████████████████| 186/186 [00:47<00:00,  3.94it/s]
{'epoch': 84, 'rec_avg_loss': '0.5057', 'joint_avg_loss': '0.9941', 'cl_avg_loss': '4.8845', 'itemcl_loss': '0.0000', 'cl_pair_0_loss': '4.8845'}
Recommendation EP_test:84: 100%|| 35/35 [00:08<00:00,  4.17it/s]
{'Epoch': 84, 'name': 'high_freq', 'HIT@5': '0.0496', 'NDCG@5': '0.0326', 'HIT@10': '0.0750', 'NDCG@10': '0.0409', 'HIT@20': '0.1102', 'NDCG@20': '0.0497'}
{'Epoch': 84, 'name': 'mid_freq', 'HIT@5': '0.0049', 'NDCG@5': '0.0035', 'HIT@10': '0.0101', 'NDCG@10': '0.0051', 'HIT@20': '0.0164', 'NDCG@20': '0.0067'}
{'Epoch': 84, 'name': 'low_freq', 'HIT@5': '0.0027', 'NDCG@5': '0.0019', 'HIT@10': '0.0043', 'NDCG@10': '0.0024', 'HIT@20': '0.0077', 'NDCG@20': '0.0033'}
{'Epoch': 84, 'name': 'all', 'HIT@5': '0.0350', 'NDCG@5': '0.0231', 'HIT@10': '0.0535', 'NDCG@10': '0.0291', 'HIT@20': '0.0791', 'NDCG@20': '0.0355'}
EarlyStopping counter: 2 out of 40
rec dataset length: 186
100%|█████████████████████████████████████████████████████████████████████████████████████████████████████████████████████████████████████████| 186/186 [00:46<00:00,  3.97it/s]
{'epoch': 85, 'rec_avg_loss': '0.5023', 'joint_avg_loss': '0.9920', 'cl_avg_loss': '4.8976', 'itemcl_loss': '0.0000', 'cl_pair_0_loss': '4.8976'}
Recommendation EP_test:85: 100%|| 35/35 [00:08<00:00,  4.20it/s]
{'Epoch': 85, 'name': 'high_freq', 'HIT@5': '0.0485', 'NDCG@5': '0.0320', 'HIT@10': '0.0743', 'NDCG@10': '0.0403', 'HIT@20': '0.1104', 'NDCG@20': '0.0494'}
{'Epoch': 85, 'name': 'mid_freq', 'HIT@5': '0.0050', 'NDCG@5': '0.0034', 'HIT@10': '0.0092', 'NDCG@10': '0.0047', 'HIT@20': '0.0158', 'NDCG@20': '0.0063'}
{'Epoch': 85, 'name': 'low_freq', 'HIT@5': '0.0025', 'NDCG@5': '0.0017', 'HIT@10': '0.0043', 'NDCG@10': '0.0023', 'HIT@20': '0.0059', 'NDCG@20': '0.0027'}
{'Epoch': 85, 'name': 'all', 'HIT@5': '0.0343', 'NDCG@5': '0.0227', 'HIT@10': '0.0529', 'NDCG@10': '0.0286', 'HIT@20': '0.0789', 'NDCG@20': '0.0351'}
EarlyStopping counter: 3 out of 40
rec dataset length: 186
100%|█████████████████████████████████████████████████████████████████████████████████████████████████████████████████████████████████████████| 186/186 [00:46<00:00,  3.97it/s]
{'epoch': 86, 'rec_avg_loss': '0.5016', 'joint_avg_loss': '0.9900', 'cl_avg_loss': '4.8836', 'itemcl_loss': '0.0000', 'cl_pair_0_loss': '4.8836'}
Recommendation EP_test:86: 100%|| 35/35 [00:07<00:00,  4.38it/s]
{'Epoch': 86, 'name': 'high_freq', 'HIT@5': '0.0478', 'NDCG@5': '0.0315', 'HIT@10': '0.0731', 'NDCG@10': '0.0396', 'HIT@20': '0.1084', 'NDCG@20': '0.0485'}
{'Epoch': 86, 'name': 'mid_freq', 'HIT@5': '0.0059', 'NDCG@5': '0.0038', 'HIT@10': '0.0098', 'NDCG@10': '0.0051', 'HIT@20': '0.0162', 'NDCG@20': '0.0067'}
{'Epoch': 86, 'name': 'low_freq', 'HIT@5': '0.0036', 'NDCG@5': '0.0022', 'HIT@10': '0.0043', 'NDCG@10': '0.0024', 'HIT@20': '0.0063', 'NDCG@20': '0.0029'}
{'Epoch': 86, 'name': 'all', 'HIT@5': '0.0341', 'NDCG@5': '0.0224', 'HIT@10': '0.0522', 'NDCG@10': '0.0282', 'HIT@20': '0.0777', 'NDCG@20': '0.0346'}
EarlyStopping counter: 4 out of 40
rec dataset length: 186
100%|█████████████████████████████████████████████████████████████████████████████████████████████████████████████████████████████████████████| 186/186 [00:47<00:00,  3.95it/s]
{'epoch': 87, 'rec_avg_loss': '0.4997', 'joint_avg_loss': '0.9876', 'cl_avg_loss': '4.8784', 'itemcl_loss': '0.0000', 'cl_pair_0_loss': '4.8784'}
Recommendation EP_test:87: 100%|| 35/35 [00:08<00:00,  4.15it/s]
{'Epoch': 87, 'name': 'high_freq', 'HIT@5': '0.0479', 'NDCG@5': '0.0315', 'HIT@10': '0.0735', 'NDCG@10': '0.0397', 'HIT@20': '0.1091', 'NDCG@20': '0.0487'}
{'Epoch': 87, 'name': 'mid_freq', 'HIT@5': '0.0057', 'NDCG@5': '0.0037', 'HIT@10': '0.0096', 'NDCG@10': '0.0050', 'HIT@20': '0.0151', 'NDCG@20': '0.0063'}
{'Epoch': 87, 'name': 'low_freq', 'HIT@5': '0.0034', 'NDCG@5': '0.0020', 'HIT@10': '0.0041', 'NDCG@10': '0.0022', 'HIT@20': '0.0061', 'NDCG@20': '0.0027'}
{'Epoch': 87, 'name': 'all', 'HIT@5': '0.0342', 'NDCG@5': '0.0224', 'HIT@10': '0.0524', 'NDCG@10': '0.0282', 'HIT@20': '0.0780', 'NDCG@20': '0.0347'}
EarlyStopping counter: 5 out of 40
rec dataset length: 186
100%|█████████████████████████████████████████████████████████████████████████████████████████████████████████████████████████████████████████| 186/186 [00:46<00:00,  3.96it/s]
{'epoch': 88, 'rec_avg_loss': '0.4970', 'joint_avg_loss': '0.9851', 'cl_avg_loss': '4.8809', 'itemcl_loss': '0.0000', 'cl_pair_0_loss': '4.8809'}
Recommendation EP_test:88: 100%|| 35/35 [00:08<00:00,  4.25it/s]
{'Epoch': 88, 'name': 'high_freq', 'HIT@5': '0.0475', 'NDCG@5': '0.0309', 'HIT@10': '0.0744', 'NDCG@10': '0.0395', 'HIT@20': '0.1072', 'NDCG@20': '0.0477'}
{'Epoch': 88, 'name': 'mid_freq', 'HIT@5': '0.0065', 'NDCG@5': '0.0044', 'HIT@10': '0.0092', 'NDCG@10': '0.0053', 'HIT@20': '0.0161', 'NDCG@20': '0.0070'}
{'Epoch': 88, 'name': 'low_freq', 'HIT@5': '0.0032', 'NDCG@5': '0.0020', 'HIT@10': '0.0043', 'NDCG@10': '0.0023', 'HIT@20': '0.0072', 'NDCG@20': '0.0031'}
{'Epoch': 88, 'name': 'all', 'HIT@5': '0.0340', 'NDCG@5': '0.0221', 'HIT@10': '0.0530', 'NDCG@10': '0.0282', 'HIT@20': '0.0769', 'NDCG@20': '0.0342'}
EarlyStopping counter: 6 out of 40
rec dataset length: 186
100%|█████████████████████████████████████████████████████████████████████████████████████████████████████████████████████████████████████████| 186/186 [00:47<00:00,  3.95it/s]
{'epoch': 89, 'rec_avg_loss': '0.4948', 'joint_avg_loss': '0.9837', 'cl_avg_loss': '4.8886', 'itemcl_loss': '0.0000', 'cl_pair_0_loss': '4.8886'}
Recommendation EP_test:89: 100%|| 35/35 [00:08<00:00,  4.34it/s]
{'Epoch': 89, 'name': 'high_freq', 'HIT@5': '0.0476', 'NDCG@5': '0.0308', 'HIT@10': '0.0740', 'NDCG@10': '0.0393', 'HIT@20': '0.1079', 'NDCG@20': '0.0478'}
{'Epoch': 89, 'name': 'mid_freq', 'HIT@5': '0.0063', 'NDCG@5': '0.0042', 'HIT@10': '0.0095', 'NDCG@10': '0.0052', 'HIT@20': '0.0167', 'NDCG@20': '0.0070'}
{'Epoch': 89, 'name': 'low_freq', 'HIT@5': '0.0027', 'NDCG@5': '0.0018', 'HIT@10': '0.0041', 'NDCG@10': '0.0022', 'HIT@20': '0.0057', 'NDCG@20': '0.0026'}
{'Epoch': 89, 'name': 'all', 'HIT@5': '0.0339', 'NDCG@5': '0.0220', 'HIT@10': '0.0527', 'NDCG@10': '0.0280', 'HIT@20': '0.0774', 'NDCG@20': '0.0342'}
EarlyStopping counter: 7 out of 40
rec dataset length: 186
100%|█████████████████████████████████████████████████████████████████████████████████████████████████████████████████████████████████████████| 186/186 [00:46<00:00,  3.97it/s]
{'epoch': 90, 'rec_avg_loss': '0.4942', 'joint_avg_loss': '0.9819', 'cl_avg_loss': '4.8766', 'itemcl_loss': '0.0000', 'cl_pair_0_loss': '4.8766'}
Recommendation EP_test:90: 100%|| 35/35 [00:08<00:00,  4.27it/s]
{'Epoch': 90, 'name': 'high_freq', 'HIT@5': '0.0474', 'NDCG@5': '0.0313', 'HIT@10': '0.0733', 'NDCG@10': '0.0395', 'HIT@20': '0.1094', 'NDCG@20': '0.0487'}
{'Epoch': 90, 'name': 'mid_freq', 'HIT@5': '0.0059', 'NDCG@5': '0.0040', 'HIT@10': '0.0102', 'NDCG@10': '0.0054', 'HIT@20': '0.0169', 'NDCG@20': '0.0071'}
{'Epoch': 90, 'name': 'low_freq', 'HIT@5': '0.0025', 'NDCG@5': '0.0016', 'HIT@10': '0.0034', 'NDCG@10': '0.0019', 'HIT@20': '0.0063', 'NDCG@20': '0.0026'}
{'Epoch': 90, 'name': 'all', 'HIT@5': '0.0337', 'NDCG@5': '0.0222', 'HIT@10': '0.0523', 'NDCG@10': '0.0282', 'HIT@20': '0.0785', 'NDCG@20': '0.0348'}
EarlyStopping counter: 8 out of 40
rec dataset length: 186
100%|█████████████████████████████████████████████████████████████████████████████████████████████████████████████████████████████████████████| 186/186 [00:46<00:00,  3.96it/s]
{'epoch': 91, 'rec_avg_loss': '0.4901', 'joint_avg_loss': '0.9777', 'cl_avg_loss': '4.8759', 'itemcl_loss': '0.0000', 'cl_pair_0_loss': '4.8759'}
Recommendation EP_test:91: 100%|| 35/35 [00:08<00:00,  4.20it/s]
{'Epoch': 91, 'name': 'high_freq', 'HIT@5': '0.0477', 'NDCG@5': '0.0315', 'HIT@10': '0.0728', 'NDCG@10': '0.0396', 'HIT@20': '0.1092', 'NDCG@20': '0.0487'}
{'Epoch': 91, 'name': 'mid_freq', 'HIT@5': '0.0062', 'NDCG@5': '0.0042', 'HIT@10': '0.0098', 'NDCG@10': '0.0053', 'HIT@20': '0.0161', 'NDCG@20': '0.0069'}
{'Epoch': 91, 'name': 'low_freq', 'HIT@5': '0.0032', 'NDCG@5': '0.0021', 'HIT@10': '0.0041', 'NDCG@10': '0.0023', 'HIT@20': '0.0063', 'NDCG@20': '0.0029'}
{'Epoch': 91, 'name': 'all', 'HIT@5': '0.0340', 'NDCG@5': '0.0225', 'HIT@10': '0.0519', 'NDCG@10': '0.0282', 'HIT@20': '0.0782', 'NDCG@20': '0.0348'}
EarlyStopping counter: 9 out of 40
rec dataset length: 186
100%|█████████████████████████████████████████████████████████████████████████████████████████████████████████████████████████████████████████| 186/186 [00:46<00:00,  3.96it/s]
{'epoch': 92, 'rec_avg_loss': '0.4922', 'joint_avg_loss': '0.9802', 'cl_avg_loss': '4.8799', 'itemcl_loss': '0.0000', 'cl_pair_0_loss': '4.8799'}
Recommendation EP_test:92: 100%|| 35/35 [00:08<00:00,  4.23it/s]
{'Epoch': 92, 'name': 'high_freq', 'HIT@5': '0.0479', 'NDCG@5': '0.0318', 'HIT@10': '0.0733', 'NDCG@10': '0.0399', 'HIT@20': '0.1088', 'NDCG@20': '0.0488'}
{'Epoch': 92, 'name': 'mid_freq', 'HIT@5': '0.0057', 'NDCG@5': '0.0040', 'HIT@10': '0.0096', 'NDCG@10': '0.0053', 'HIT@20': '0.0168', 'NDCG@20': '0.0071'}
{'Epoch': 92, 'name': 'low_freq', 'HIT@5': '0.0027', 'NDCG@5': '0.0018', 'HIT@10': '0.0041', 'NDCG@10': '0.0023', 'HIT@20': '0.0070', 'NDCG@20': '0.0030'}
{'Epoch': 92, 'name': 'all', 'HIT@5': '0.0340', 'NDCG@5': '0.0226', 'HIT@10': '0.0522', 'NDCG@10': '0.0285', 'HIT@20': '0.0782', 'NDCG@20': '0.0350'}
EarlyStopping counter: 10 out of 40
rec dataset length: 186
100%|█████████████████████████████████████████████████████████████████████████████████████████████████████████████████████████████████████████| 186/186 [00:46<00:00,  3.97it/s]
{'epoch': 93, 'rec_avg_loss': '0.4875', 'joint_avg_loss': '0.9744', 'cl_avg_loss': '4.8686', 'itemcl_loss': '0.0000', 'cl_pair_0_loss': '4.8686'}
Recommendation EP_test:93: 100%|| 35/35 [00:08<00:00,  4.15it/s]
{'Epoch': 93, 'name': 'high_freq', 'HIT@5': '0.0483', 'NDCG@5': '0.0314', 'HIT@10': '0.0739', 'NDCG@10': '0.0396', 'HIT@20': '0.1083', 'NDCG@20': '0.0482'}
{'Epoch': 93, 'name': 'mid_freq', 'HIT@5': '0.0053', 'NDCG@5': '0.0036', 'HIT@10': '0.0089', 'NDCG@10': '0.0047', 'HIT@20': '0.0178', 'NDCG@20': '0.0070'}
{'Epoch': 93, 'name': 'low_freq', 'HIT@5': '0.0034', 'NDCG@5': '0.0023', 'HIT@10': '0.0038', 'NDCG@10': '0.0025', 'HIT@20': '0.0070', 'NDCG@20': '0.0032'}
{'Epoch': 93, 'name': 'all', 'HIT@5': '0.0343', 'NDCG@5': '0.0224', 'HIT@10': '0.0525', 'NDCG@10': '0.0282', 'HIT@20': '0.0780', 'NDCG@20': '0.0346'}
EarlyStopping counter: 11 out of 40
rec dataset length: 186
100%|█████████████████████████████████████████████████████████████████████████████████████████████████████████████████████████████████████████| 186/186 [00:46<00:00,  3.96it/s]
{'epoch': 94, 'rec_avg_loss': '0.4870', 'joint_avg_loss': '0.9741', 'cl_avg_loss': '4.8706', 'itemcl_loss': '0.0000', 'cl_pair_0_loss': '4.8706'}
Recommendation EP_test:94: 100%|| 35/35 [00:08<00:00,  4.13it/s]
{'Epoch': 94, 'name': 'high_freq', 'HIT@5': '0.0480', 'NDCG@5': '0.0312', 'HIT@10': '0.0742', 'NDCG@10': '0.0397', 'HIT@20': '0.1097', 'NDCG@20': '0.0486'}
{'Epoch': 94, 'name': 'mid_freq', 'HIT@5': '0.0057', 'NDCG@5': '0.0036', 'HIT@10': '0.0095', 'NDCG@10': '0.0048', 'HIT@20': '0.0171', 'NDCG@20': '0.0067'}
{'Epoch': 94, 'name': 'low_freq', 'HIT@5': '0.0029', 'NDCG@5': '0.0021', 'HIT@10': '0.0041', 'NDCG@10': '0.0025', 'HIT@20': '0.0052', 'NDCG@20': '0.0027'}
{'Epoch': 94, 'name': 'all', 'HIT@5': '0.0341', 'NDCG@5': '0.0222', 'HIT@10': '0.0529', 'NDCG@10': '0.0282', 'HIT@20': '0.0786', 'NDCG@20': '0.0347'}
EarlyStopping counter: 12 out of 40
rec dataset length: 186
100%|█████████████████████████████████████████████████████████████████████████████████████████████████████████████████████████████████████████| 186/186 [00:46<00:00,  3.97it/s]
{'epoch': 95, 'rec_avg_loss': '0.4828', 'joint_avg_loss': '0.9685', 'cl_avg_loss': '4.8572', 'itemcl_loss': '0.0000', 'cl_pair_0_loss': '4.8572'}
Recommendation EP_test:95: 100%|| 35/35 [00:08<00:00,  4.29it/s]
{'Epoch': 95, 'name': 'high_freq', 'HIT@5': '0.0471', 'NDCG@5': '0.0307', 'HIT@10': '0.0730', 'NDCG@10': '0.0391', 'HIT@20': '0.1088', 'NDCG@20': '0.0481'}
{'Epoch': 95, 'name': 'mid_freq', 'HIT@5': '0.0053', 'NDCG@5': '0.0034', 'HIT@10': '0.0096', 'NDCG@10': '0.0049', 'HIT@20': '0.0157', 'NDCG@20': '0.0064'}
{'Epoch': 95, 'name': 'low_freq', 'HIT@5': '0.0032', 'NDCG@5': '0.0021', 'HIT@10': '0.0045', 'NDCG@10': '0.0026', 'HIT@20': '0.0072', 'NDCG@20': '0.0033'}
{'Epoch': 95, 'name': 'all', 'HIT@5': '0.0335', 'NDCG@5': '0.0218', 'HIT@10': '0.0521', 'NDCG@10': '0.0279', 'HIT@20': '0.0780', 'NDCG@20': '0.0344'}
EarlyStopping counter: 13 out of 40
rec dataset length: 186
100%|█████████████████████████████████████████████████████████████████████████████████████████████████████████████████████████████████████████| 186/186 [00:46<00:00,  3.98it/s]
{'epoch': 96, 'rec_avg_loss': '0.4847', 'joint_avg_loss': '0.9729', 'cl_avg_loss': '4.8823', 'itemcl_loss': '0.0000', 'cl_pair_0_loss': '4.8823'}
Recommendation EP_test:96: 100%|| 35/35 [00:08<00:00,  4.24it/s]
{'Epoch': 96, 'name': 'high_freq', 'HIT@5': '0.0487', 'NDCG@5': '0.0316', 'HIT@10': '0.0730', 'NDCG@10': '0.0395', 'HIT@20': '0.1098', 'NDCG@20': '0.0488'}
{'Epoch': 96, 'name': 'mid_freq', 'HIT@5': '0.0062', 'NDCG@5': '0.0039', 'HIT@10': '0.0095', 'NDCG@10': '0.0049', 'HIT@20': '0.0158', 'NDCG@20': '0.0065'}
{'Epoch': 96, 'name': 'low_freq', 'HIT@5': '0.0027', 'NDCG@5': '0.0020', 'HIT@10': '0.0045', 'NDCG@10': '0.0026', 'HIT@20': '0.0066', 'NDCG@20': '0.0031'}
{'Epoch': 96, 'name': 'all', 'HIT@5': '0.0347', 'NDCG@5': '0.0225', 'HIT@10': '0.0521', 'NDCG@10': '0.0282', 'HIT@20': '0.0786', 'NDCG@20': '0.0348'}
EarlyStopping counter: 14 out of 40
rec dataset length: 186
100%|█████████████████████████████████████████████████████████████████████████████████████████████████████████████████████████████████████████| 186/186 [00:46<00:00,  3.97it/s]
{'epoch': 97, 'rec_avg_loss': '0.4837', 'joint_avg_loss': '0.9702', 'cl_avg_loss': '4.8656', 'itemcl_loss': '0.0000', 'cl_pair_0_loss': '4.8656'}
Recommendation EP_test:97: 100%|| 35/35 [00:08<00:00,  4.24it/s]
{'Epoch': 97, 'name': 'high_freq', 'HIT@5': '0.0490', 'NDCG@5': '0.0324', 'HIT@10': '0.0756', 'NDCG@10': '0.0409', 'HIT@20': '0.1096', 'NDCG@20': '0.0494'}
{'Epoch': 97, 'name': 'mid_freq', 'HIT@5': '0.0059', 'NDCG@5': '0.0039', 'HIT@10': '0.0111', 'NDCG@10': '0.0055', 'HIT@20': '0.0159', 'NDCG@20': '0.0068'}
{'Epoch': 97, 'name': 'low_freq', 'HIT@5': '0.0034', 'NDCG@5': '0.0024', 'HIT@10': '0.0054', 'NDCG@10': '0.0031', 'HIT@20': '0.0091', 'NDCG@20': '0.0040'}
{'Epoch': 97, 'name': 'all', 'HIT@5': '0.0349', 'NDCG@5': '0.0231', 'HIT@10': '0.0542', 'NDCG@10': '0.0293', 'HIT@20': '0.0788', 'NDCG@20': '0.0354'}
EarlyStopping counter: 15 out of 40
rec dataset length: 186
100%|█████████████████████████████████████████████████████████████████████████████████████████████████████████████████████████████████████████| 186/186 [00:46<00:00,  3.97it/s]
{'epoch': 98, 'rec_avg_loss': '0.4830', 'joint_avg_loss': '0.9701', 'cl_avg_loss': '4.8702', 'itemcl_loss': '0.0000', 'cl_pair_0_loss': '4.8702'}
Recommendation EP_test:98: 100%|| 35/35 [00:08<00:00,  4.30it/s]
{'Epoch': 98, 'name': 'high_freq', 'HIT@5': '0.0488', 'NDCG@5': '0.0321', 'HIT@10': '0.0755', 'NDCG@10': '0.0407', 'HIT@20': '0.1109', 'NDCG@20': '0.0496'}
{'Epoch': 98, 'name': 'mid_freq', 'HIT@5': '0.0056', 'NDCG@5': '0.0039', 'HIT@10': '0.0112', 'NDCG@10': '0.0057', 'HIT@20': '0.0165', 'NDCG@20': '0.0070'}
{'Epoch': 98, 'name': 'low_freq', 'HIT@5': '0.0027', 'NDCG@5': '0.0021', 'HIT@10': '0.0052', 'NDCG@10': '0.0029', 'HIT@20': '0.0075', 'NDCG@20': '0.0034'}
{'Epoch': 98, 'name': 'all', 'HIT@5': '0.0346', 'NDCG@5': '0.0228', 'HIT@10': '0.0542', 'NDCG@10': '0.0292', 'HIT@20': '0.0796', 'NDCG@20': '0.0355'}
EarlyStopping counter: 16 out of 40
rec dataset length: 186
100%|█████████████████████████████████████████████████████████████████████████████████████████████████████████████████████████████████████████| 186/186 [00:47<00:00,  3.95it/s]
{'epoch': 99, 'rec_avg_loss': '0.4795', 'joint_avg_loss': '0.9656', 'cl_avg_loss': '4.8612', 'itemcl_loss': '0.0000', 'cl_pair_0_loss': '4.8612'}
Recommendation EP_test:99: 100%|| 35/35 [00:08<00:00,  4.23it/s]
{'Epoch': 99, 'name': 'high_freq', 'HIT@5': '0.0475', 'NDCG@5': '0.0314', 'HIT@10': '0.0741', 'NDCG@10': '0.0399', 'HIT@20': '0.1085', 'NDCG@20': '0.0485'}
{'Epoch': 99, 'name': 'mid_freq', 'HIT@5': '0.0069', 'NDCG@5': '0.0044', 'HIT@10': '0.0106', 'NDCG@10': '0.0056', 'HIT@20': '0.0172', 'NDCG@20': '0.0072'}
{'Epoch': 99, 'name': 'low_freq', 'HIT@5': '0.0025', 'NDCG@5': '0.0020', 'HIT@10': '0.0043', 'NDCG@10': '0.0025', 'HIT@20': '0.0068', 'NDCG@20': '0.0032'}
{'Epoch': 99, 'name': 'all', 'HIT@5': '0.0340', 'NDCG@5': '0.0224', 'HIT@10': '0.0530', 'NDCG@10': '0.0285', 'HIT@20': '0.0780', 'NDCG@20': '0.0348'}
EarlyStopping counter: 17 out of 40
rec dataset length: 186
100%|█████████████████████████████████████████████████████████████████████████████████████████████████████████████████████████████████████████| 186/186 [00:46<00:00,  3.97it/s]
{'epoch': 100, 'rec_avg_loss': '0.4774', 'joint_avg_loss': '0.9633', 'cl_avg_loss': '4.8590', 'itemcl_loss': '0.0000', 'cl_pair_0_loss': '4.8590'}
Recommendation EP_test:100: 100%|| 35/35 [00:08<00:00,  4.36it/s]
{'Epoch': 100, 'name': 'high_freq', 'HIT@5': '0.0472', 'NDCG@5': '0.0309', 'HIT@10': '0.0730', 'NDCG@10': '0.0393', 'HIT@20': '0.1078', 'NDCG@20': '0.0480'}
{'Epoch': 100, 'name': 'mid_freq', 'HIT@5': '0.0063', 'NDCG@5': '0.0040', 'HIT@10': '0.0095', 'NDCG@10': '0.0050', 'HIT@20': '0.0162', 'NDCG@20': '0.0067'}
{'Epoch': 100, 'name': 'low_freq', 'HIT@5': '0.0027', 'NDCG@5': '0.0018', 'HIT@10': '0.0038', 'NDCG@10': '0.0022', 'HIT@20': '0.0068', 'NDCG@20': '0.0029'}
{'Epoch': 100, 'name': 'all', 'HIT@5': '0.0337', 'NDCG@5': '0.0220', 'HIT@10': '0.0520', 'NDCG@10': '0.0280', 'HIT@20': '0.0773', 'NDCG@20': '0.0343'}
EarlyStopping counter: 18 out of 40
rec dataset length: 186
100%|█████████████████████████████████████████████████████████████████████████████████████████████████████████████████████████████████████████| 186/186 [00:47<00:00,  3.95it/s]
{'epoch': 101, 'rec_avg_loss': '0.4768', 'joint_avg_loss': '0.9621', 'cl_avg_loss': '4.8522', 'itemcl_loss': '0.0000', 'cl_pair_0_loss': '4.8522'}
Recommendation EP_test:101: 100%|| 35/35 [00:07<00:00,  4.40it/s]
{'Epoch': 101, 'name': 'high_freq', 'HIT@5': '0.0473', 'NDCG@5': '0.0311', 'HIT@10': '0.0724', 'NDCG@10': '0.0392', 'HIT@20': '0.1098', 'NDCG@20': '0.0486'}
{'Epoch': 101, 'name': 'mid_freq', 'HIT@5': '0.0072', 'NDCG@5': '0.0046', 'HIT@10': '0.0109', 'NDCG@10': '0.0058', 'HIT@20': '0.0185', 'NDCG@20': '0.0077'}
{'Epoch': 101, 'name': 'low_freq', 'HIT@5': '0.0029', 'NDCG@5': '0.0022', 'HIT@10': '0.0043', 'NDCG@10': '0.0026', 'HIT@20': '0.0077', 'NDCG@20': '0.0034'}
{'Epoch': 101, 'name': 'all', 'HIT@5': '0.0339', 'NDCG@5': '0.0223', 'HIT@10': '0.0519', 'NDCG@10': '0.0281', 'HIT@20': '0.0792', 'NDCG@20': '0.0350'}
EarlyStopping counter: 19 out of 40
rec dataset length: 186
100%|█████████████████████████████████████████████████████████████████████████████████████████████████████████████████████████████████████████| 186/186 [00:46<00:00,  3.96it/s]
{'epoch': 102, 'rec_avg_loss': '0.4742', 'joint_avg_loss': '0.9605', 'cl_avg_loss': '4.8632', 'itemcl_loss': '0.0000', 'cl_pair_0_loss': '4.8632'}
Recommendation EP_test:102: 100%|| 35/35 [00:08<00:00,  4.32it/s]
{'Epoch': 102, 'name': 'high_freq', 'HIT@5': '0.0476', 'NDCG@5': '0.0312', 'HIT@10': '0.0735', 'NDCG@10': '0.0396', 'HIT@20': '0.1083', 'NDCG@20': '0.0483'}
{'Epoch': 102, 'name': 'mid_freq', 'HIT@5': '0.0068', 'NDCG@5': '0.0043', 'HIT@10': '0.0103', 'NDCG@10': '0.0054', 'HIT@20': '0.0167', 'NDCG@20': '0.0070'}
{'Epoch': 102, 'name': 'low_freq', 'HIT@5': '0.0036', 'NDCG@5': '0.0025', 'HIT@10': '0.0043', 'NDCG@10': '0.0027', 'HIT@20': '0.0081', 'NDCG@20': '0.0036'}
{'Epoch': 102, 'name': 'all', 'HIT@5': '0.0341', 'NDCG@5': '0.0224', 'HIT@10': '0.0526', 'NDCG@10': '0.0283', 'HIT@20': '0.0780', 'NDCG@20': '0.0347'}
EarlyStopping counter: 20 out of 40
rec dataset length: 186
100%|█████████████████████████████████████████████████████████████████████████████████████████████████████████████████████████████████████████| 186/186 [00:46<00:00,  3.96it/s]
{'epoch': 103, 'rec_avg_loss': '0.4736', 'joint_avg_loss': '0.9595', 'cl_avg_loss': '4.8584', 'itemcl_loss': '0.0000', 'cl_pair_0_loss': '4.8584'}
Recommendation EP_test:103: 100%|| 35/35 [00:08<00:00,  4.17it/s]
{'Epoch': 103, 'name': 'high_freq', 'HIT@5': '0.0493', 'NDCG@5': '0.0319', 'HIT@10': '0.0760', 'NDCG@10': '0.0405', 'HIT@20': '0.1095', 'NDCG@20': '0.0489'}
{'Epoch': 103, 'name': 'mid_freq', 'HIT@5': '0.0062', 'NDCG@5': '0.0039', 'HIT@10': '0.0099', 'NDCG@10': '0.0051', 'HIT@20': '0.0165', 'NDCG@20': '0.0068'}
{'Epoch': 103, 'name': 'low_freq', 'HIT@5': '0.0027', 'NDCG@5': '0.0019', 'HIT@10': '0.0048', 'NDCG@10': '0.0025', 'HIT@20': '0.0072', 'NDCG@20': '0.0032'}
{'Epoch': 103, 'name': 'all', 'HIT@5': '0.0351', 'NDCG@5': '0.0227', 'HIT@10': '0.0542', 'NDCG@10': '0.0289', 'HIT@20': '0.0786', 'NDCG@20': '0.0350'}
EarlyStopping counter: 21 out of 40
rec dataset length: 186
100%|█████████████████████████████████████████████████████████████████████████████████████████████████████████████████████████████████████████| 186/186 [00:47<00:00,  3.96it/s]
{'epoch': 104, 'rec_avg_loss': '0.4719', 'joint_avg_loss': '0.9574', 'cl_avg_loss': '4.8551', 'itemcl_loss': '0.0000', 'cl_pair_0_loss': '4.8551'}
Recommendation EP_test:104: 100%|| 35/35 [00:07<00:00,  4.40it/s]
{'Epoch': 104, 'name': 'high_freq', 'HIT@5': '0.0476', 'NDCG@5': '0.0310', 'HIT@10': '0.0754', 'NDCG@10': '0.0400', 'HIT@20': '0.1085', 'NDCG@20': '0.0483'}
{'Epoch': 104, 'name': 'mid_freq', 'HIT@5': '0.0069', 'NDCG@5': '0.0044', 'HIT@10': '0.0101', 'NDCG@10': '0.0054', 'HIT@20': '0.0177', 'NDCG@20': '0.0073'}
{'Epoch': 104, 'name': 'low_freq', 'HIT@5': '0.0034', 'NDCG@5': '0.0022', 'HIT@10': '0.0050', 'NDCG@10': '0.0026', 'HIT@20': '0.0091', 'NDCG@20': '0.0037'}
{'Epoch': 104, 'name': 'all', 'HIT@5': '0.0342', 'NDCG@5': '0.0222', 'HIT@10': '0.0539', 'NDCG@10': '0.0286', 'HIT@20': '0.0784', 'NDCG@20': '0.0347'}
EarlyStopping counter: 22 out of 40
rec dataset length: 186
100%|█████████████████████████████████████████████████████████████████████████████████████████████████████████████████████████████████████████| 186/186 [00:46<00:00,  3.96it/s]
{'epoch': 105, 'rec_avg_loss': '0.4722', 'joint_avg_loss': '0.9569', 'cl_avg_loss': '4.8470', 'itemcl_loss': '0.0000', 'cl_pair_0_loss': '4.8470'}
Recommendation EP_test:105: 100%|| 35/35 [00:08<00:00,  4.16it/s]
{'Epoch': 105, 'name': 'high_freq', 'HIT@5': '0.0474', 'NDCG@5': '0.0304', 'HIT@10': '0.0751', 'NDCG@10': '0.0393', 'HIT@20': '0.1120', 'NDCG@20': '0.0486'}
{'Epoch': 105, 'name': 'mid_freq', 'HIT@5': '0.0057', 'NDCG@5': '0.0034', 'HIT@10': '0.0103', 'NDCG@10': '0.0049', 'HIT@20': '0.0168', 'NDCG@20': '0.0065'}
{'Epoch': 105, 'name': 'low_freq', 'HIT@5': '0.0032', 'NDCG@5': '0.0021', 'HIT@10': '0.0045', 'NDCG@10': '0.0026', 'HIT@20': '0.0084', 'NDCG@20': '0.0035'}
{'Epoch': 105, 'name': 'all', 'HIT@5': '0.0337', 'NDCG@5': '0.0216', 'HIT@10': '0.0537', 'NDCG@10': '0.0280', 'HIT@20': '0.0805', 'NDCG@20': '0.0348'}
EarlyStopping counter: 23 out of 40
rec dataset length: 186
100%|█████████████████████████████████████████████████████████████████████████████████████████████████████████████████████████████████████████| 186/186 [00:46<00:00,  3.98it/s]
{'epoch': 106, 'rec_avg_loss': '0.4702', 'joint_avg_loss': '0.9559', 'cl_avg_loss': '4.8576', 'itemcl_loss': '0.0000', 'cl_pair_0_loss': '4.8576'}
Recommendation EP_test:106: 100%|| 35/35 [00:08<00:00,  4.32it/s]
{'Epoch': 106, 'name': 'high_freq', 'HIT@5': '0.0472', 'NDCG@5': '0.0310', 'HIT@10': '0.0740', 'NDCG@10': '0.0396', 'HIT@20': '0.1127', 'NDCG@20': '0.0494'}
{'Epoch': 106, 'name': 'mid_freq', 'HIT@5': '0.0065', 'NDCG@5': '0.0039', 'HIT@10': '0.0101', 'NDCG@10': '0.0050', 'HIT@20': '0.0168', 'NDCG@20': '0.0067'}
{'Epoch': 106, 'name': 'low_freq', 'HIT@5': '0.0038', 'NDCG@5': '0.0025', 'HIT@10': '0.0057', 'NDCG@10': '0.0031', 'HIT@20': '0.0081', 'NDCG@20': '0.0037'}
{'Epoch': 106, 'name': 'all', 'HIT@5': '0.0339', 'NDCG@5': '0.0222', 'HIT@10': '0.0530', 'NDCG@10': '0.0283', 'HIT@20': '0.0810', 'NDCG@20': '0.0354'}
EarlyStopping counter: 24 out of 40
rec dataset length: 186
100%|█████████████████████████████████████████████████████████████████████████████████████████████████████████████████████████████████████████| 186/186 [00:47<00:00,  3.96it/s]
{'epoch': 107, 'rec_avg_loss': '0.4688', 'joint_avg_loss': '0.9545', 'cl_avg_loss': '4.8569', 'itemcl_loss': '0.0000', 'cl_pair_0_loss': '4.8569'}
Recommendation EP_test:107: 100%|| 35/35 [00:08<00:00,  4.36it/s]
{'Epoch': 107, 'name': 'high_freq', 'HIT@5': '0.0474', 'NDCG@5': '0.0310', 'HIT@10': '0.0737', 'NDCG@10': '0.0394', 'HIT@20': '0.1106', 'NDCG@20': '0.0487'}
{'Epoch': 107, 'name': 'mid_freq', 'HIT@5': '0.0070', 'NDCG@5': '0.0044', 'HIT@10': '0.0112', 'NDCG@10': '0.0057', 'HIT@20': '0.0164', 'NDCG@20': '0.0070'}
{'Epoch': 107, 'name': 'low_freq', 'HIT@5': '0.0029', 'NDCG@5': '0.0020', 'HIT@10': '0.0043', 'NDCG@10': '0.0025', 'HIT@20': '0.0079', 'NDCG@20': '0.0034'}
{'Epoch': 107, 'name': 'all', 'HIT@5': '0.0340', 'NDCG@5': '0.0222', 'HIT@10': '0.0529', 'NDCG@10': '0.0282', 'HIT@20': '0.0794', 'NDCG@20': '0.0349'}
EarlyStopping counter: 25 out of 40
rec dataset length: 186
100%|█████████████████████████████████████████████████████████████████████████████████████████████████████████████████████████████████████████| 186/186 [00:47<00:00,  3.95it/s]
{'epoch': 108, 'rec_avg_loss': '0.4670', 'joint_avg_loss': '0.9508', 'cl_avg_loss': '4.8382', 'itemcl_loss': '0.0000', 'cl_pair_0_loss': '4.8382'}
Recommendation EP_test:108: 100%|| 35/35 [00:08<00:00,  4.28it/s]
{'Epoch': 108, 'name': 'high_freq', 'HIT@5': '0.0472', 'NDCG@5': '0.0307', 'HIT@10': '0.0728', 'NDCG@10': '0.0389', 'HIT@20': '0.1103', 'NDCG@20': '0.0483'}
{'Epoch': 108, 'name': 'mid_freq', 'HIT@5': '0.0080', 'NDCG@5': '0.0051', 'HIT@10': '0.0119', 'NDCG@10': '0.0063', 'HIT@20': '0.0167', 'NDCG@20': '0.0075'}
{'Epoch': 108, 'name': 'low_freq', 'HIT@5': '0.0038', 'NDCG@5': '0.0027', 'HIT@10': '0.0052', 'NDCG@10': '0.0031', 'HIT@20': '0.0081', 'NDCG@20': '0.0039'}
{'Epoch': 108, 'name': 'all', 'HIT@5': '0.0342', 'NDCG@5': '0.0222', 'HIT@10': '0.0525', 'NDCG@10': '0.0281', 'HIT@20': '0.0793', 'NDCG@20': '0.0348'}
EarlyStopping counter: 26 out of 40
rec dataset length: 186
100%|█████████████████████████████████████████████████████████████████████████████████████████████████████████████████████████████████████████| 186/186 [00:46<00:00,  3.96it/s]
{'epoch': 109, 'rec_avg_loss': '0.4636', 'joint_avg_loss': '0.9492', 'cl_avg_loss': '4.8561', 'itemcl_loss': '0.0000', 'cl_pair_0_loss': '4.8561'}
Recommendation EP_test:109: 100%|| 35/35 [00:08<00:00,  4.37it/s]
{'Epoch': 109, 'name': 'high_freq', 'HIT@5': '0.0464', 'NDCG@5': '0.0309', 'HIT@10': '0.0732', 'NDCG@10': '0.0395', 'HIT@20': '0.1105', 'NDCG@20': '0.0488'}
{'Epoch': 109, 'name': 'mid_freq', 'HIT@5': '0.0065', 'NDCG@5': '0.0041', 'HIT@10': '0.0101', 'NDCG@10': '0.0052', 'HIT@20': '0.0167', 'NDCG@20': '0.0069'}
{'Epoch': 109, 'name': 'low_freq', 'HIT@5': '0.0027', 'NDCG@5': '0.0021', 'HIT@10': '0.0052', 'NDCG@10': '0.0029', 'HIT@20': '0.0072', 'NDCG@20': '0.0034'}
{'Epoch': 109, 'name': 'all', 'HIT@5': '0.0332', 'NDCG@5': '0.0221', 'HIT@10': '0.0524', 'NDCG@10': '0.0282', 'HIT@20': '0.0793', 'NDCG@20': '0.0350'}
EarlyStopping counter: 27 out of 40
rec dataset length: 186
100%|█████████████████████████████████████████████████████████████████████████████████████████████████████████████████████████████████████████| 186/186 [00:46<00:00,  3.97it/s]
{'epoch': 110, 'rec_avg_loss': '0.4645', 'joint_avg_loss': '0.9497', 'cl_avg_loss': '4.8519', 'itemcl_loss': '0.0000', 'cl_pair_0_loss': '4.8519'}
Recommendation EP_test:110: 100%|| 35/35 [00:08<00:00,  4.32it/s]
{'Epoch': 110, 'name': 'high_freq', 'HIT@5': '0.0473', 'NDCG@5': '0.0316', 'HIT@10': '0.0725', 'NDCG@10': '0.0396', 'HIT@20': '0.1109', 'NDCG@20': '0.0493'}
{'Epoch': 110, 'name': 'mid_freq', 'HIT@5': '0.0066', 'NDCG@5': '0.0043', 'HIT@10': '0.0105', 'NDCG@10': '0.0056', 'HIT@20': '0.0171', 'NDCG@20': '0.0072'}
{'Epoch': 110, 'name': 'low_freq', 'HIT@5': '0.0036', 'NDCG@5': '0.0025', 'HIT@10': '0.0045', 'NDCG@10': '0.0028', 'HIT@20': '0.0077', 'NDCG@20': '0.0036'}
{'Epoch': 110, 'name': 'all', 'HIT@5': '0.0339', 'NDCG@5': '0.0226', 'HIT@10': '0.0519', 'NDCG@10': '0.0284', 'HIT@20': '0.0798', 'NDCG@20': '0.0354'}
EarlyStopping counter: 28 out of 40
rec dataset length: 186
100%|█████████████████████████████████████████████████████████████████████████████████████████████████████████████████████████████████████████| 186/186 [00:47<00:00,  3.96it/s]
{'epoch': 111, 'rec_avg_loss': '0.4656', 'joint_avg_loss': '0.9492', 'cl_avg_loss': '4.8362', 'itemcl_loss': '0.0000', 'cl_pair_0_loss': '4.8362'}
Recommendation EP_test:111: 100%|| 35/35 [00:08<00:00,  4.32it/s]
{'Epoch': 111, 'name': 'high_freq', 'HIT@5': '0.0463', 'NDCG@5': '0.0312', 'HIT@10': '0.0734', 'NDCG@10': '0.0399', 'HIT@20': '0.1100', 'NDCG@20': '0.0491'}
{'Epoch': 111, 'name': 'mid_freq', 'HIT@5': '0.0068', 'NDCG@5': '0.0045', 'HIT@10': '0.0109', 'NDCG@10': '0.0058', 'HIT@20': '0.0175', 'NDCG@20': '0.0075'}
{'Epoch': 111, 'name': 'low_freq', 'HIT@5': '0.0043', 'NDCG@5': '0.0030', 'HIT@10': '0.0054', 'NDCG@10': '0.0034', 'HIT@20': '0.0086', 'NDCG@20': '0.0042'}
{'Epoch': 111, 'name': 'all', 'HIT@5': '0.0333', 'NDCG@5': '0.0225', 'HIT@10': '0.0528', 'NDCG@10': '0.0287', 'HIT@20': '0.0793', 'NDCG@20': '0.0354'}
EarlyStopping counter: 29 out of 40
rec dataset length: 186
100%|█████████████████████████████████████████████████████████████████████████████████████████████████████████████████████████████████████████| 186/186 [00:47<00:00,  3.95it/s]
{'epoch': 112, 'rec_avg_loss': '0.4629', 'joint_avg_loss': '0.9475', 'cl_avg_loss': '4.8457', 'itemcl_loss': '0.0000', 'cl_pair_0_loss': '4.8457'}
Recommendation EP_test:112: 100%|| 35/35 [00:08<00:00,  4.26it/s]
{'Epoch': 112, 'name': 'high_freq', 'HIT@5': '0.0474', 'NDCG@5': '0.0309', 'HIT@10': '0.0735', 'NDCG@10': '0.0393', 'HIT@20': '0.1102', 'NDCG@20': '0.0485'}
{'Epoch': 112, 'name': 'mid_freq', 'HIT@5': '0.0066', 'NDCG@5': '0.0044', 'HIT@10': '0.0115', 'NDCG@10': '0.0060', 'HIT@20': '0.0161', 'NDCG@20': '0.0072'}
{'Epoch': 112, 'name': 'low_freq', 'HIT@5': '0.0034', 'NDCG@5': '0.0022', 'HIT@10': '0.0052', 'NDCG@10': '0.0028', 'HIT@20': '0.0077', 'NDCG@20': '0.0035'}
{'Epoch': 112, 'name': 'all', 'HIT@5': '0.0340', 'NDCG@5': '0.0222', 'HIT@10': '0.0529', 'NDCG@10': '0.0282', 'HIT@20': '0.0790', 'NDCG@20': '0.0348'}
EarlyStopping counter: 30 out of 40
rec dataset length: 186
100%|█████████████████████████████████████████████████████████████████████████████████████████████████████████████████████████████████████████| 186/186 [00:47<00:00,  3.96it/s]
{'epoch': 113, 'rec_avg_loss': '0.4626', 'joint_avg_loss': '0.9457', 'cl_avg_loss': '4.8305', 'itemcl_loss': '0.0000', 'cl_pair_0_loss': '4.8305'}
Recommendation EP_test:113: 100%|| 35/35 [00:08<00:00,  4.33it/s]
{'Epoch': 113, 'name': 'high_freq', 'HIT@5': '0.0477', 'NDCG@5': '0.0307', 'HIT@10': '0.0739', 'NDCG@10': '0.0391', 'HIT@20': '0.1090', 'NDCG@20': '0.0479'}
{'Epoch': 113, 'name': 'mid_freq', 'HIT@5': '0.0079', 'NDCG@5': '0.0054', 'HIT@10': '0.0116', 'NDCG@10': '0.0065', 'HIT@20': '0.0177', 'NDCG@20': '0.0081'}
{'Epoch': 113, 'name': 'low_freq', 'HIT@5': '0.0038', 'NDCG@5': '0.0026', 'HIT@10': '0.0057', 'NDCG@10': '0.0031', 'HIT@20': '0.0091', 'NDCG@20': '0.0040'}
{'Epoch': 113, 'name': 'all', 'HIT@5': '0.0344', 'NDCG@5': '0.0222', 'HIT@10': '0.0532', 'NDCG@10': '0.0283', 'HIT@20': '0.0787', 'NDCG@20': '0.0347'}
EarlyStopping counter: 31 out of 40
rec dataset length: 186
100%|█████████████████████████████████████████████████████████████████████████████████████████████████████████████████████████████████████████| 186/186 [00:47<00:00,  3.95it/s]
{'epoch': 114, 'rec_avg_loss': '0.4613', 'joint_avg_loss': '0.9441', 'cl_avg_loss': '4.8274', 'itemcl_loss': '0.0000', 'cl_pair_0_loss': '4.8274'}
Recommendation EP_test:114: 100%|| 35/35 [00:08<00:00,  4.30it/s]
{'Epoch': 114, 'name': 'high_freq', 'HIT@5': '0.0464', 'NDCG@5': '0.0299', 'HIT@10': '0.0732', 'NDCG@10': '0.0385', 'HIT@20': '0.1079', 'NDCG@20': '0.0473'}
{'Epoch': 114, 'name': 'mid_freq', 'HIT@5': '0.0083', 'NDCG@5': '0.0053', 'HIT@10': '0.0106', 'NDCG@10': '0.0060', 'HIT@20': '0.0167', 'NDCG@20': '0.0076'}
{'Epoch': 114, 'name': 'low_freq', 'HIT@5': '0.0036', 'NDCG@5': '0.0024', 'HIT@10': '0.0059', 'NDCG@10': '0.0031', 'HIT@20': '0.0070', 'NDCG@20': '0.0034'}
{'Epoch': 114, 'name': 'all', 'HIT@5': '0.0337', 'NDCG@5': '0.0217', 'HIT@10': '0.0526', 'NDCG@10': '0.0278', 'HIT@20': '0.0776', 'NDCG@20': '0.0341'}
EarlyStopping counter: 32 out of 40
rec dataset length: 186
100%|█████████████████████████████████████████████████████████████████████████████████████████████████████████████████████████████████████████| 186/186 [00:46<00:00,  3.97it/s]
{'epoch': 115, 'rec_avg_loss': '0.4611', 'joint_avg_loss': '0.9444', 'cl_avg_loss': '4.8338', 'itemcl_loss': '0.0000', 'cl_pair_0_loss': '4.8338'}
Recommendation EP_test:115: 100%|| 35/35 [00:08<00:00,  4.37it/s]
{'Epoch': 115, 'name': 'high_freq', 'HIT@5': '0.0488', 'NDCG@5': '0.0317', 'HIT@10': '0.0747', 'NDCG@10': '0.0400', 'HIT@20': '0.1101', 'NDCG@20': '0.0489'}
{'Epoch': 115, 'name': 'mid_freq', 'HIT@5': '0.0082', 'NDCG@5': '0.0052', 'HIT@10': '0.0116', 'NDCG@10': '0.0063', 'HIT@20': '0.0168', 'NDCG@20': '0.0076'}
{'Epoch': 115, 'name': 'low_freq', 'HIT@5': '0.0034', 'NDCG@5': '0.0023', 'HIT@10': '0.0052', 'NDCG@10': '0.0029', 'HIT@20': '0.0072', 'NDCG@20': '0.0034'}
{'Epoch': 115, 'name': 'all', 'HIT@5': '0.0353', 'NDCG@5': '0.0229', 'HIT@10': '0.0537', 'NDCG@10': '0.0288', 'HIT@20': '0.0791', 'NDCG@20': '0.0352'}
EarlyStopping counter: 33 out of 40
rec dataset length: 186
100%|█████████████████████████████████████████████████████████████████████████████████████████████████████████████████████████████████████████| 186/186 [00:47<00:00,  3.96it/s]
{'epoch': 116, 'rec_avg_loss': '0.4603', 'joint_avg_loss': '0.9431', 'cl_avg_loss': '4.8279', 'itemcl_loss': '0.0000', 'cl_pair_0_loss': '4.8279'}
Recommendation EP_test:116: 100%|| 35/35 [00:08<00:00,  4.36it/s]
{'Epoch': 116, 'name': 'high_freq', 'HIT@5': '0.0487', 'NDCG@5': '0.0315', 'HIT@10': '0.0746', 'NDCG@10': '0.0398', 'HIT@20': '0.1089', 'NDCG@20': '0.0484'}
{'Epoch': 116, 'name': 'mid_freq', 'HIT@5': '0.0072', 'NDCG@5': '0.0045', 'HIT@10': '0.0115', 'NDCG@10': '0.0059', 'HIT@20': '0.0171', 'NDCG@20': '0.0073'}
{'Epoch': 116, 'name': 'low_freq', 'HIT@5': '0.0038', 'NDCG@5': '0.0025', 'HIT@10': '0.0052', 'NDCG@10': '0.0029', 'HIT@20': '0.0070', 'NDCG@20': '0.0034'}
{'Epoch': 116, 'name': 'all', 'HIT@5': '0.0350', 'NDCG@5': '0.0226', 'HIT@10': '0.0537', 'NDCG@10': '0.0286', 'HIT@20': '0.0783', 'NDCG@20': '0.0348'}
EarlyStopping counter: 34 out of 40
rec dataset length: 186
100%|█████████████████████████████████████████████████████████████████████████████████████████████████████████████████████████████████████████| 186/186 [00:47<00:00,  3.95it/s]
{'epoch': 117, 'rec_avg_loss': '0.4551', 'joint_avg_loss': '0.9386', 'cl_avg_loss': '4.8357', 'itemcl_loss': '0.0000', 'cl_pair_0_loss': '4.8357'}
Recommendation EP_test:117: 100%|| 35/35 [00:08<00:00,  4.34it/s]
{'Epoch': 117, 'name': 'high_freq', 'HIT@5': '0.0475', 'NDCG@5': '0.0311', 'HIT@10': '0.0742', 'NDCG@10': '0.0397', 'HIT@20': '0.1094', 'NDCG@20': '0.0486'}
{'Epoch': 117, 'name': 'mid_freq', 'HIT@5': '0.0076', 'NDCG@5': '0.0050', 'HIT@10': '0.0119', 'NDCG@10': '0.0063', 'HIT@20': '0.0175', 'NDCG@20': '0.0077'}
{'Epoch': 117, 'name': 'low_freq', 'HIT@5': '0.0043', 'NDCG@5': '0.0029', 'HIT@10': '0.0059', 'NDCG@10': '0.0034', 'HIT@20': '0.0091', 'NDCG@20': '0.0042'}
{'Epoch': 117, 'name': 'all', 'HIT@5': '0.0343', 'NDCG@5': '0.0225', 'HIT@10': '0.0535', 'NDCG@10': '0.0287', 'HIT@20': '0.0790', 'NDCG@20': '0.0351'}
EarlyStopping counter: 35 out of 40
rec dataset length: 186
100%|█████████████████████████████████████████████████████████████████████████████████████████████████████████████████████████████████████████| 186/186 [00:46<00:00,  3.97it/s]
{'epoch': 118, 'rec_avg_loss': '0.4548', 'joint_avg_loss': '0.9387', 'cl_avg_loss': '4.8386', 'itemcl_loss': '0.0000', 'cl_pair_0_loss': '4.8386'}
Recommendation EP_test:118: 100%|| 35/35 [00:08<00:00,  4.28it/s]
{'Epoch': 118, 'name': 'high_freq', 'HIT@5': '0.0479', 'NDCG@5': '0.0310', 'HIT@10': '0.0726', 'NDCG@10': '0.0389', 'HIT@20': '0.1075', 'NDCG@20': '0.0477'}
{'Epoch': 118, 'name': 'mid_freq', 'HIT@5': '0.0080', 'NDCG@5': '0.0053', 'HIT@10': '0.0116', 'NDCG@10': '0.0064', 'HIT@20': '0.0185', 'NDCG@20': '0.0082'}
{'Epoch': 118, 'name': 'low_freq', 'HIT@5': '0.0041', 'NDCG@5': '0.0027', 'HIT@10': '0.0059', 'NDCG@10': '0.0033', 'HIT@20': '0.0088', 'NDCG@20': '0.0041'}
{'Epoch': 118, 'name': 'all', 'HIT@5': '0.0347', 'NDCG@5': '0.0224', 'HIT@10': '0.0524', 'NDCG@10': '0.0281', 'HIT@20': '0.0779', 'NDCG@20': '0.0346'}
EarlyStopping counter: 36 out of 40
rec dataset length: 186
100%|█████████████████████████████████████████████████████████████████████████████████████████████████████████████████████████████████████████| 186/186 [00:47<00:00,  3.96it/s]
{'epoch': 119, 'rec_avg_loss': '0.4547', 'joint_avg_loss': '0.9378', 'cl_avg_loss': '4.8303', 'itemcl_loss': '0.0000', 'cl_pair_0_loss': '4.8303'}
Recommendation EP_test:119: 100%|| 35/35 [00:08<00:00,  4.28it/s]
{'Epoch': 119, 'name': 'high_freq', 'HIT@5': '0.0475', 'NDCG@5': '0.0312', 'HIT@10': '0.0728', 'NDCG@10': '0.0394', 'HIT@20': '0.1091', 'NDCG@20': '0.0485'}
{'Epoch': 119, 'name': 'mid_freq', 'HIT@5': '0.0076', 'NDCG@5': '0.0052', 'HIT@10': '0.0122', 'NDCG@10': '0.0067', 'HIT@20': '0.0185', 'NDCG@20': '0.0083'}
{'Epoch': 119, 'name': 'low_freq', 'HIT@5': '0.0043', 'NDCG@5': '0.0029', 'HIT@10': '0.0054', 'NDCG@10': '0.0032', 'HIT@20': '0.0088', 'NDCG@20': '0.0041'}
{'Epoch': 119, 'name': 'all', 'HIT@5': '0.0343', 'NDCG@5': '0.0226', 'HIT@10': '0.0526', 'NDCG@10': '0.0285', 'HIT@20': '0.0789', 'NDCG@20': '0.0351'}
EarlyStopping counter: 37 out of 40
rec dataset length: 186
100%|█████████████████████████████████████████████████████████████████████████████████████████████████████████████████████████████████████████| 186/186 [00:46<00:00,  3.97it/s]
{'epoch': 120, 'rec_avg_loss': '0.4540', 'joint_avg_loss': '0.9364', 'cl_avg_loss': '4.8245', 'itemcl_loss': '0.0000', 'cl_pair_0_loss': '4.8245'}
Recommendation EP_test:120: 100%|| 35/35 [00:08<00:00,  4.26it/s]
{'Epoch': 120, 'name': 'high_freq', 'HIT@5': '0.0489', 'NDCG@5': '0.0321', 'HIT@10': '0.0737', 'NDCG@10': '0.0400', 'HIT@20': '0.1110', 'NDCG@20': '0.0494'}
{'Epoch': 120, 'name': 'mid_freq', 'HIT@5': '0.0072', 'NDCG@5': '0.0047', 'HIT@10': '0.0108', 'NDCG@10': '0.0058', 'HIT@20': '0.0181', 'NDCG@20': '0.0077'}
{'Epoch': 120, 'name': 'low_freq', 'HIT@5': '0.0041', 'NDCG@5': '0.0030', 'HIT@10': '0.0052', 'NDCG@10': '0.0033', 'HIT@20': '0.0079', 'NDCG@20': '0.0040'}
{'Epoch': 120, 'name': 'all', 'HIT@5': '0.0352', 'NDCG@5': '0.0231', 'HIT@10': '0.0529', 'NDCG@10': '0.0288', 'HIT@20': '0.0800', 'NDCG@20': '0.0356'}
Validation score increased.  Saving model ...
rec dataset length: 186
100%|█████████████████████████████████████████████████████████████████████████████████████████████████████████████████████████████████████████| 186/186 [00:47<00:00,  3.94it/s]
{'epoch': 121, 'rec_avg_loss': '0.4508', 'joint_avg_loss': '0.9338', 'cl_avg_loss': '4.8301', 'itemcl_loss': '0.0000', 'cl_pair_0_loss': '4.8301'}
Recommendation EP_test:121: 100%|| 35/35 [00:08<00:00,  4.34it/s]
{'Epoch': 121, 'name': 'high_freq', 'HIT@5': '0.0486', 'NDCG@5': '0.0319', 'HIT@10': '0.0747', 'NDCG@10': '0.0402', 'HIT@20': '0.1110', 'NDCG@20': '0.0494'}
{'Epoch': 121, 'name': 'mid_freq', 'HIT@5': '0.0076', 'NDCG@5': '0.0044', 'HIT@10': '0.0108', 'NDCG@10': '0.0054', 'HIT@20': '0.0180', 'NDCG@20': '0.0073'}
{'Epoch': 121, 'name': 'low_freq', 'HIT@5': '0.0041', 'NDCG@5': '0.0028', 'HIT@10': '0.0050', 'NDCG@10': '0.0031', 'HIT@20': '0.0079', 'NDCG@20': '0.0038'}
{'Epoch': 121, 'name': 'all', 'HIT@5': '0.0351', 'NDCG@5': '0.0229', 'HIT@10': '0.0535', 'NDCG@10': '0.0288', 'HIT@20': '0.0800', 'NDCG@20': '0.0355'}
EarlyStopping counter: 1 out of 40
rec dataset length: 186
100%|█████████████████████████████████████████████████████████████████████████████████████████████████████████████████████████████████████████| 186/186 [00:46<00:00,  3.96it/s]
{'epoch': 122, 'rec_avg_loss': '0.4496', 'joint_avg_loss': '0.9320', 'cl_avg_loss': '4.8242', 'itemcl_loss': '0.0000', 'cl_pair_0_loss': '4.8242'}
Recommendation EP_test:122: 100%|| 35/35 [00:07<00:00,  4.41it/s]
{'Epoch': 122, 'name': 'high_freq', 'HIT@5': '0.0479', 'NDCG@5': '0.0311', 'HIT@10': '0.0744', 'NDCG@10': '0.0396', 'HIT@20': '0.1097', 'NDCG@20': '0.0485'}
{'Epoch': 122, 'name': 'mid_freq', 'HIT@5': '0.0076', 'NDCG@5': '0.0049', 'HIT@10': '0.0124', 'NDCG@10': '0.0064', 'HIT@20': '0.0181', 'NDCG@20': '0.0079'}
{'Epoch': 122, 'name': 'low_freq', 'HIT@5': '0.0048', 'NDCG@5': '0.0031', 'HIT@10': '0.0061', 'NDCG@10': '0.0035', 'HIT@20': '0.0091', 'NDCG@20': '0.0043'}
{'Epoch': 122, 'name': 'all', 'HIT@5': '0.0347', 'NDCG@5': '0.0225', 'HIT@10': '0.0538', 'NDCG@10': '0.0287', 'HIT@20': '0.0793', 'NDCG@20': '0.0351'}
EarlyStopping counter: 2 out of 40
rec dataset length: 186
100%|█████████████████████████████████████████████████████████████████████████████████████████████████████████████████████████████████████████| 186/186 [00:47<00:00,  3.95it/s]
{'epoch': 123, 'rec_avg_loss': '0.4502', 'joint_avg_loss': '0.9322', 'cl_avg_loss': '4.8202', 'itemcl_loss': '0.0000', 'cl_pair_0_loss': '4.8202'}
Recommendation EP_test:123: 100%|| 35/35 [00:08<00:00,  4.36it/s]
{'Epoch': 123, 'name': 'high_freq', 'HIT@5': '0.0487', 'NDCG@5': '0.0318', 'HIT@10': '0.0761', 'NDCG@10': '0.0405', 'HIT@20': '0.1116', 'NDCG@20': '0.0495'}
{'Epoch': 123, 'name': 'mid_freq', 'HIT@5': '0.0068', 'NDCG@5': '0.0044', 'HIT@10': '0.0121', 'NDCG@10': '0.0062', 'HIT@20': '0.0184', 'NDCG@20': '0.0077'}
{'Epoch': 123, 'name': 'low_freq', 'HIT@5': '0.0045', 'NDCG@5': '0.0031', 'HIT@10': '0.0054', 'NDCG@10': '0.0034', 'HIT@20': '0.0081', 'NDCG@20': '0.0041'}
{'Epoch': 123, 'name': 'all', 'HIT@5': '0.0350', 'NDCG@5': '0.0229', 'HIT@10': '0.0548', 'NDCG@10': '0.0292', 'HIT@20': '0.0805', 'NDCG@20': '0.0357'}
Validation score increased.  Saving model ...
rec dataset length: 186
100%|█████████████████████████████████████████████████████████████████████████████████████████████████████████████████████████████████████████| 186/186 [00:46<00:00,  3.96it/s]
{'epoch': 124, 'rec_avg_loss': '0.4470', 'joint_avg_loss': '0.9290', 'cl_avg_loss': '4.8202', 'itemcl_loss': '0.0000', 'cl_pair_0_loss': '4.8202'}
Recommendation EP_test:124: 100%|| 35/35 [00:08<00:00,  4.37it/s]
{'Epoch': 124, 'name': 'high_freq', 'HIT@5': '0.0484', 'NDCG@5': '0.0320', 'HIT@10': '0.0749', 'NDCG@10': '0.0405', 'HIT@20': '0.1110', 'NDCG@20': '0.0495'}
{'Epoch': 124, 'name': 'mid_freq', 'HIT@5': '0.0070', 'NDCG@5': '0.0048', 'HIT@10': '0.0113', 'NDCG@10': '0.0062', 'HIT@20': '0.0177', 'NDCG@20': '0.0078'}
{'Epoch': 124, 'name': 'low_freq', 'HIT@5': '0.0043', 'NDCG@5': '0.0029', 'HIT@10': '0.0052', 'NDCG@10': '0.0031', 'HIT@20': '0.0079', 'NDCG@20': '0.0038'}
{'Epoch': 124, 'name': 'all', 'HIT@5': '0.0348', 'NDCG@5': '0.0230', 'HIT@10': '0.0538', 'NDCG@10': '0.0291', 'HIT@20': '0.0800', 'NDCG@20': '0.0357'}
Validation score increased.  Saving model ...
rec dataset length: 186
100%|█████████████████████████████████████████████████████████████████████████████████████████████████████████████████████████████████████████| 186/186 [00:47<00:00,  3.93it/s]
{'epoch': 125, 'rec_avg_loss': '0.4499', 'joint_avg_loss': '0.9311', 'cl_avg_loss': '4.8118', 'itemcl_loss': '0.0000', 'cl_pair_0_loss': '4.8118'}
Recommendation EP_test:125: 100%|| 35/35 [00:08<00:00,  4.31it/s]
{'Epoch': 125, 'name': 'high_freq', 'HIT@5': '0.0482', 'NDCG@5': '0.0316', 'HIT@10': '0.0746', 'NDCG@10': '0.0401', 'HIT@20': '0.1097', 'NDCG@20': '0.0489'}
{'Epoch': 125, 'name': 'mid_freq', 'HIT@5': '0.0079', 'NDCG@5': '0.0053', 'HIT@10': '0.0116', 'NDCG@10': '0.0065', 'HIT@20': '0.0194', 'NDCG@20': '0.0085'}
{'Epoch': 125, 'name': 'low_freq', 'HIT@5': '0.0043', 'NDCG@5': '0.0032', 'HIT@10': '0.0057', 'NDCG@10': '0.0036', 'HIT@20': '0.0088', 'NDCG@20': '0.0044'}
{'Epoch': 125, 'name': 'all', 'HIT@5': '0.0349', 'NDCG@5': '0.0229', 'HIT@10': '0.0537', 'NDCG@10': '0.0290', 'HIT@20': '0.0795', 'NDCG@20': '0.0355'}
EarlyStopping counter: 1 out of 40
rec dataset length: 186
100%|█████████████████████████████████████████████████████████████████████████████████████████████████████████████████████████████████████████| 186/186 [00:47<00:00,  3.95it/s]
{'epoch': 126, 'rec_avg_loss': '0.4461', 'joint_avg_loss': '0.9285', 'cl_avg_loss': '4.8240', 'itemcl_loss': '0.0000', 'cl_pair_0_loss': '4.8240'}
Recommendation EP_test:126: 100%|| 35/35 [00:08<00:00,  4.25it/s]
{'Epoch': 126, 'name': 'high_freq', 'HIT@5': '0.0485', 'NDCG@5': '0.0316', 'HIT@10': '0.0734', 'NDCG@10': '0.0396', 'HIT@20': '0.1084', 'NDCG@20': '0.0484'}
{'Epoch': 126, 'name': 'mid_freq', 'HIT@5': '0.0076', 'NDCG@5': '0.0054', 'HIT@10': '0.0122', 'NDCG@10': '0.0069', 'HIT@20': '0.0180', 'NDCG@20': '0.0083'}
{'Epoch': 126, 'name': 'low_freq', 'HIT@5': '0.0041', 'NDCG@5': '0.0028', 'HIT@10': '0.0054', 'NDCG@10': '0.0032', 'HIT@20': '0.0079', 'NDCG@20': '0.0039'}
{'Epoch': 126, 'name': 'all', 'HIT@5': '0.0350', 'NDCG@5': '0.0229', 'HIT@10': '0.0530', 'NDCG@10': '0.0287', 'HIT@20': '0.0782', 'NDCG@20': '0.0350'}
EarlyStopping counter: 2 out of 40
rec dataset length: 186
100%|█████████████████████████████████████████████████████████████████████████████████████████████████████████████████████████████████████████| 186/186 [00:46<00:00,  3.97it/s]
{'epoch': 127, 'rec_avg_loss': '0.4452', 'joint_avg_loss': '0.9278', 'cl_avg_loss': '4.8257', 'itemcl_loss': '0.0000', 'cl_pair_0_loss': '4.8257'}
Recommendation EP_test:127: 100%|| 35/35 [00:08<00:00,  4.33it/s]
{'Epoch': 127, 'name': 'high_freq', 'HIT@5': '0.0493', 'NDCG@5': '0.0321', 'HIT@10': '0.0741', 'NDCG@10': '0.0401', 'HIT@20': '0.1117', 'NDCG@20': '0.0495'}
{'Epoch': 127, 'name': 'mid_freq', 'HIT@5': '0.0079', 'NDCG@5': '0.0054', 'HIT@10': '0.0132', 'NDCG@10': '0.0071', 'HIT@20': '0.0181', 'NDCG@20': '0.0083'}
{'Epoch': 127, 'name': 'low_freq', 'HIT@5': '0.0043', 'NDCG@5': '0.0030', 'HIT@10': '0.0061', 'NDCG@10': '0.0036', 'HIT@20': '0.0091', 'NDCG@20': '0.0043'}
{'Epoch': 127, 'name': 'all', 'HIT@5': '0.0356', 'NDCG@5': '0.0233', 'HIT@10': '0.0538', 'NDCG@10': '0.0291', 'HIT@20': '0.0807', 'NDCG@20': '0.0359'}
Validation score increased.  Saving model ...
rec dataset length: 186
100%|█████████████████████████████████████████████████████████████████████████████████████████████████████████████████████████████████████████| 186/186 [00:46<00:00,  3.97it/s]
{'epoch': 128, 'rec_avg_loss': '0.4462', 'joint_avg_loss': '0.9281', 'cl_avg_loss': '4.8192', 'itemcl_loss': '0.0000', 'cl_pair_0_loss': '4.8192'}
Recommendation EP_test:128: 100%|| 35/35 [00:08<00:00,  4.31it/s]
{'Epoch': 128, 'name': 'high_freq', 'HIT@5': '0.0481', 'NDCG@5': '0.0312', 'HIT@10': '0.0741', 'NDCG@10': '0.0395', 'HIT@20': '0.1103', 'NDCG@20': '0.0486'}
{'Epoch': 128, 'name': 'mid_freq', 'HIT@5': '0.0075', 'NDCG@5': '0.0051', 'HIT@10': '0.0116', 'NDCG@10': '0.0065', 'HIT@20': '0.0187', 'NDCG@20': '0.0082'}
{'Epoch': 128, 'name': 'low_freq', 'HIT@5': '0.0038', 'NDCG@5': '0.0028', 'HIT@10': '0.0052', 'NDCG@10': '0.0032', 'HIT@20': '0.0081', 'NDCG@20': '0.0040'}
{'Epoch': 128, 'name': 'all', 'HIT@5': '0.0346', 'NDCG@5': '0.0226', 'HIT@10': '0.0533', 'NDCG@10': '0.0286', 'HIT@20': '0.0797', 'NDCG@20': '0.0352'}
EarlyStopping counter: 1 out of 40
rec dataset length: 186
100%|█████████████████████████████████████████████████████████████████████████████████████████████████████████████████████████████████████████| 186/186 [00:47<00:00,  3.96it/s]
{'epoch': 129, 'rec_avg_loss': '0.4453', 'joint_avg_loss': '0.9272', 'cl_avg_loss': '4.8189', 'itemcl_loss': '0.0000', 'cl_pair_0_loss': '4.8189'}
Recommendation EP_test:129: 100%|| 35/35 [00:08<00:00,  4.25it/s]
{'Epoch': 129, 'name': 'high_freq', 'HIT@5': '0.0474', 'NDCG@5': '0.0311', 'HIT@10': '0.0737', 'NDCG@10': '0.0396', 'HIT@20': '0.1103', 'NDCG@20': '0.0488'}
{'Epoch': 129, 'name': 'mid_freq', 'HIT@5': '0.0078', 'NDCG@5': '0.0054', 'HIT@10': '0.0124', 'NDCG@10': '0.0069', 'HIT@20': '0.0190', 'NDCG@20': '0.0085'}
{'Epoch': 129, 'name': 'low_freq', 'HIT@5': '0.0043', 'NDCG@5': '0.0031', 'HIT@10': '0.0054', 'NDCG@10': '0.0035', 'HIT@20': '0.0079', 'NDCG@20': '0.0041'}
{'Epoch': 129, 'name': 'all', 'HIT@5': '0.0343', 'NDCG@5': '0.0226', 'HIT@10': '0.0533', 'NDCG@10': '0.0287', 'HIT@20': '0.0797', 'NDCG@20': '0.0354'}
EarlyStopping counter: 2 out of 40
rec dataset length: 186
100%|█████████████████████████████████████████████████████████████████████████████████████████████████████████████████████████████████████████| 186/186 [00:46<00:00,  3.96it/s]
{'epoch': 130, 'rec_avg_loss': '0.4423', 'joint_avg_loss': '0.9246', 'cl_avg_loss': '4.8230', 'itemcl_loss': '0.0000', 'cl_pair_0_loss': '4.8230'}
Recommendation EP_test:130: 100%|| 35/35 [00:08<00:00,  4.31it/s]
{'Epoch': 130, 'name': 'high_freq', 'HIT@5': '0.0472', 'NDCG@5': '0.0311', 'HIT@10': '0.0732', 'NDCG@10': '0.0394', 'HIT@20': '0.1104', 'NDCG@20': '0.0488'}
{'Epoch': 130, 'name': 'mid_freq', 'HIT@5': '0.0083', 'NDCG@5': '0.0054', 'HIT@10': '0.0125', 'NDCG@10': '0.0068', 'HIT@20': '0.0188', 'NDCG@20': '0.0083'}
{'Epoch': 130, 'name': 'low_freq', 'HIT@5': '0.0036', 'NDCG@5': '0.0026', 'HIT@10': '0.0043', 'NDCG@10': '0.0028', 'HIT@20': '0.0081', 'NDCG@20': '0.0038'}
{'Epoch': 130, 'name': 'all', 'HIT@5': '0.0342', 'NDCG@5': '0.0226', 'HIT@10': '0.0528', 'NDCG@10': '0.0285', 'HIT@20': '0.0798', 'NDCG@20': '0.0353'}
EarlyStopping counter: 3 out of 40
rec dataset length: 186
100%|█████████████████████████████████████████████████████████████████████████████████████████████████████████████████████████████████████████| 186/186 [00:46<00:00,  3.96it/s]
{'epoch': 131, 'rec_avg_loss': '0.4400', 'joint_avg_loss': '0.9208', 'cl_avg_loss': '4.8085', 'itemcl_loss': '0.0000', 'cl_pair_0_loss': '4.8085'}
Recommendation EP_test:131: 100%|| 35/35 [00:08<00:00,  4.28it/s]
{'Epoch': 131, 'name': 'high_freq', 'HIT@5': '0.0467', 'NDCG@5': '0.0302', 'HIT@10': '0.0729', 'NDCG@10': '0.0386', 'HIT@20': '0.1096', 'NDCG@20': '0.0479'}
{'Epoch': 131, 'name': 'mid_freq', 'HIT@5': '0.0078', 'NDCG@5': '0.0053', 'HIT@10': '0.0129', 'NDCG@10': '0.0069', 'HIT@20': '0.0187', 'NDCG@20': '0.0083'}
{'Epoch': 131, 'name': 'low_freq', 'HIT@5': '0.0036', 'NDCG@5': '0.0027', 'HIT@10': '0.0045', 'NDCG@10': '0.0030', 'HIT@20': '0.0084', 'NDCG@20': '0.0039'}
{'Epoch': 131, 'name': 'all', 'HIT@5': '0.0338', 'NDCG@5': '0.0219', 'HIT@10': '0.0527', 'NDCG@10': '0.0280', 'HIT@20': '0.0792', 'NDCG@20': '0.0347'}
EarlyStopping counter: 4 out of 40
rec dataset length: 186
100%|█████████████████████████████████████████████████████████████████████████████████████████████████████████████████████████████████████████| 186/186 [00:46<00:00,  3.96it/s]
{'epoch': 132, 'rec_avg_loss': '0.4394', 'joint_avg_loss': '0.9192', 'cl_avg_loss': '4.7978', 'itemcl_loss': '0.0000', 'cl_pair_0_loss': '4.7978'}
Recommendation EP_test:132: 100%|| 35/35 [00:08<00:00,  4.19it/s]
{'Epoch': 132, 'name': 'high_freq', 'HIT@5': '0.0484', 'NDCG@5': '0.0312', 'HIT@10': '0.0745', 'NDCG@10': '0.0396', 'HIT@20': '0.1108', 'NDCG@20': '0.0487'}
{'Epoch': 132, 'name': 'mid_freq', 'HIT@5': '0.0066', 'NDCG@5': '0.0047', 'HIT@10': '0.0112', 'NDCG@10': '0.0062', 'HIT@20': '0.0175', 'NDCG@20': '0.0078'}
{'Epoch': 132, 'name': 'low_freq', 'HIT@5': '0.0043', 'NDCG@5': '0.0028', 'HIT@10': '0.0054', 'NDCG@10': '0.0032', 'HIT@20': '0.0081', 'NDCG@20': '0.0039'}
{'Epoch': 132, 'name': 'all', 'HIT@5': '0.0348', 'NDCG@5': '0.0225', 'HIT@10': '0.0535', 'NDCG@10': '0.0285', 'HIT@20': '0.0798', 'NDCG@20': '0.0351'}
EarlyStopping counter: 5 out of 40
rec dataset length: 186
100%|█████████████████████████████████████████████████████████████████████████████████████████████████████████████████████████████████████████| 186/186 [00:46<00:00,  3.97it/s]
{'epoch': 133, 'rec_avg_loss': '0.4402', 'joint_avg_loss': '0.9206', 'cl_avg_loss': '4.8039', 'itemcl_loss': '0.0000', 'cl_pair_0_loss': '4.8039'}
Recommendation EP_test:133: 100%|| 35/35 [00:08<00:00,  4.28it/s]
{'Epoch': 133, 'name': 'high_freq', 'HIT@5': '0.0479', 'NDCG@5': '0.0310', 'HIT@10': '0.0748', 'NDCG@10': '0.0397', 'HIT@20': '0.1112', 'NDCG@20': '0.0488'}
{'Epoch': 133, 'name': 'mid_freq', 'HIT@5': '0.0080', 'NDCG@5': '0.0050', 'HIT@10': '0.0124', 'NDCG@10': '0.0064', 'HIT@20': '0.0184', 'NDCG@20': '0.0079'}
{'Epoch': 133, 'name': 'low_freq', 'HIT@5': '0.0045', 'NDCG@5': '0.0031', 'HIT@10': '0.0059', 'NDCG@10': '0.0035', 'HIT@20': '0.0088', 'NDCG@20': '0.0043'}
{'Epoch': 133, 'name': 'all', 'HIT@5': '0.0347', 'NDCG@5': '0.0225', 'HIT@10': '0.0540', 'NDCG@10': '0.0287', 'HIT@20': '0.0803', 'NDCG@20': '0.0353'}
EarlyStopping counter: 6 out of 40
rec dataset length: 186
100%|█████████████████████████████████████████████████████████████████████████████████████████████████████████████████████████████████████████| 186/186 [00:46<00:00,  3.97it/s]
{'epoch': 134, 'rec_avg_loss': '0.4417', 'joint_avg_loss': '0.9230', 'cl_avg_loss': '4.8133', 'itemcl_loss': '0.0000', 'cl_pair_0_loss': '4.8133'}
Recommendation EP_test:134: 100%|| 35/35 [00:08<00:00,  4.26it/s]
{'Epoch': 134, 'name': 'high_freq', 'HIT@5': '0.0462', 'NDCG@5': '0.0301', 'HIT@10': '0.0725', 'NDCG@10': '0.0386', 'HIT@20': '0.1075', 'NDCG@20': '0.0474'}
{'Epoch': 134, 'name': 'mid_freq', 'HIT@5': '0.0078', 'NDCG@5': '0.0049', 'HIT@10': '0.0113', 'NDCG@10': '0.0061', 'HIT@20': '0.0190', 'NDCG@20': '0.0080'}
{'Epoch': 134, 'name': 'low_freq', 'HIT@5': '0.0045', 'NDCG@5': '0.0030', 'HIT@10': '0.0057', 'NDCG@10': '0.0033', 'HIT@20': '0.0079', 'NDCG@20': '0.0039'}
{'Epoch': 134, 'name': 'all', 'HIT@5': '0.0335', 'NDCG@5': '0.0218', 'HIT@10': '0.0523', 'NDCG@10': '0.0279', 'HIT@20': '0.0778', 'NDCG@20': '0.0343'}
EarlyStopping counter: 7 out of 40
rec dataset length: 186
100%|█████████████████████████████████████████████████████████████████████████████████████████████████████████████████████████████████████████| 186/186 [00:47<00:00,  3.95it/s]
{'epoch': 135, 'rec_avg_loss': '0.4388', 'joint_avg_loss': '0.9188', 'cl_avg_loss': '4.7999', 'itemcl_loss': '0.0000', 'cl_pair_0_loss': '4.7999'}
Recommendation EP_test:135: 100%|| 35/35 [00:08<00:00,  4.28it/s]
{'Epoch': 135, 'name': 'high_freq', 'HIT@5': '0.0475', 'NDCG@5': '0.0307', 'HIT@10': '0.0730', 'NDCG@10': '0.0389', 'HIT@20': '0.1077', 'NDCG@20': '0.0476'}
{'Epoch': 135, 'name': 'mid_freq', 'HIT@5': '0.0075', 'NDCG@5': '0.0050', 'HIT@10': '0.0111', 'NDCG@10': '0.0061', 'HIT@20': '0.0188', 'NDCG@20': '0.0081'}
{'Epoch': 135, 'name': 'low_freq', 'HIT@5': '0.0041', 'NDCG@5': '0.0027', 'HIT@10': '0.0048', 'NDCG@10': '0.0029', 'HIT@20': '0.0084', 'NDCG@20': '0.0038'}
{'Epoch': 135, 'name': 'all', 'HIT@5': '0.0343', 'NDCG@5': '0.0222', 'HIT@10': '0.0524', 'NDCG@10': '0.0280', 'HIT@20': '0.0780', 'NDCG@20': '0.0344'}
EarlyStopping counter: 8 out of 40
rec dataset length: 186
100%|█████████████████████████████████████████████████████████████████████████████████████████████████████████████████████████████████████████| 186/186 [00:46<00:00,  3.96it/s]
{'epoch': 136, 'rec_avg_loss': '0.4367', 'joint_avg_loss': '0.9164', 'cl_avg_loss': '4.7978', 'itemcl_loss': '0.0000', 'cl_pair_0_loss': '4.7978'}
Recommendation EP_test:136: 100%|| 35/35 [00:08<00:00,  4.22it/s]
{'Epoch': 136, 'name': 'high_freq', 'HIT@5': '0.0476', 'NDCG@5': '0.0304', 'HIT@10': '0.0738', 'NDCG@10': '0.0388', 'HIT@20': '0.1097', 'NDCG@20': '0.0478'}
{'Epoch': 136, 'name': 'mid_freq', 'HIT@5': '0.0082', 'NDCG@5': '0.0054', 'HIT@10': '0.0112', 'NDCG@10': '0.0064', 'HIT@20': '0.0182', 'NDCG@20': '0.0082'}
{'Epoch': 136, 'name': 'low_freq', 'HIT@5': '0.0041', 'NDCG@5': '0.0030', 'HIT@10': '0.0054', 'NDCG@10': '0.0034', 'HIT@20': '0.0088', 'NDCG@20': '0.0043'}
{'Epoch': 136, 'name': 'all', 'HIT@5': '0.0345', 'NDCG@5': '0.0221', 'HIT@10': '0.0531', 'NDCG@10': '0.0281', 'HIT@20': '0.0793', 'NDCG@20': '0.0346'}
EarlyStopping counter: 9 out of 40
rec dataset length: 186
100%|█████████████████████████████████████████████████████████████████████████████████████████████████████████████████████████████████████████| 186/186 [00:46<00:00,  3.96it/s]
{'epoch': 137, 'rec_avg_loss': '0.4364', 'joint_avg_loss': '0.9181', 'cl_avg_loss': '4.8173', 'itemcl_loss': '0.0000', 'cl_pair_0_loss': '4.8173'}
Recommendation EP_test:137: 100%|| 35/35 [00:07<00:00,  4.45it/s]
{'Epoch': 137, 'name': 'high_freq', 'HIT@5': '0.0459', 'NDCG@5': '0.0300', 'HIT@10': '0.0718', 'NDCG@10': '0.0383', 'HIT@20': '0.1081', 'NDCG@20': '0.0475'}
{'Epoch': 137, 'name': 'mid_freq', 'HIT@5': '0.0083', 'NDCG@5': '0.0054', 'HIT@10': '0.0118', 'NDCG@10': '0.0066', 'HIT@20': '0.0195', 'NDCG@20': '0.0085'}
{'Epoch': 137, 'name': 'low_freq', 'HIT@5': '0.0041', 'NDCG@5': '0.0029', 'HIT@10': '0.0057', 'NDCG@10': '0.0034', 'HIT@20': '0.0088', 'NDCG@20': '0.0042'}
{'Epoch': 137, 'name': 'all', 'HIT@5': '0.0334', 'NDCG@5': '0.0218', 'HIT@10': '0.0518', 'NDCG@10': '0.0278', 'HIT@20': '0.0785', 'NDCG@20': '0.0345'}
EarlyStopping counter: 10 out of 40
rec dataset length: 186
100%|█████████████████████████████████████████████████████████████████████████████████████████████████████████████████████████████████████████| 186/186 [00:47<00:00,  3.95it/s]
{'epoch': 138, 'rec_avg_loss': '0.4366', 'joint_avg_loss': '0.9175', 'cl_avg_loss': '4.8085', 'itemcl_loss': '0.0000', 'cl_pair_0_loss': '4.8085'}
Recommendation EP_test:138: 100%|| 35/35 [00:07<00:00,  4.40it/s]
{'Epoch': 138, 'name': 'high_freq', 'HIT@5': '0.0476', 'NDCG@5': '0.0310', 'HIT@10': '0.0730', 'NDCG@10': '0.0391', 'HIT@20': '0.1102', 'NDCG@20': '0.0485'}
{'Epoch': 138, 'name': 'mid_freq', 'HIT@5': '0.0076', 'NDCG@5': '0.0052', 'HIT@10': '0.0106', 'NDCG@10': '0.0061', 'HIT@20': '0.0178', 'NDCG@20': '0.0079'}
{'Epoch': 138, 'name': 'low_freq', 'HIT@5': '0.0038', 'NDCG@5': '0.0025', 'HIT@10': '0.0054', 'NDCG@10': '0.0030', 'HIT@20': '0.0077', 'NDCG@20': '0.0035'}
{'Epoch': 138, 'name': 'all', 'HIT@5': '0.0344', 'NDCG@5': '0.0224', 'HIT@10': '0.0524', 'NDCG@10': '0.0282', 'HIT@20': '0.0794', 'NDCG@20': '0.0350'}
EarlyStopping counter: 11 out of 40
rec dataset length: 186
100%|█████████████████████████████████████████████████████████████████████████████████████████████████████████████████████████████████████████| 186/186 [00:46<00:00,  3.97it/s]
{'epoch': 139, 'rec_avg_loss': '0.4342', 'joint_avg_loss': '0.9134', 'cl_avg_loss': '4.7923', 'itemcl_loss': '0.0000', 'cl_pair_0_loss': '4.7923'}
Recommendation EP_test:139: 100%|| 35/35 [00:08<00:00,  4.19it/s]
{'Epoch': 139, 'name': 'high_freq', 'HIT@5': '0.0462', 'NDCG@5': '0.0300', 'HIT@10': '0.0720', 'NDCG@10': '0.0382', 'HIT@20': '0.1090', 'NDCG@20': '0.0475'}
{'Epoch': 139, 'name': 'mid_freq', 'HIT@5': '0.0075', 'NDCG@5': '0.0051', 'HIT@10': '0.0115', 'NDCG@10': '0.0064', 'HIT@20': '0.0187', 'NDCG@20': '0.0082'}
{'Epoch': 139, 'name': 'low_freq', 'HIT@5': '0.0036', 'NDCG@5': '0.0026', 'HIT@10': '0.0057', 'NDCG@10': '0.0033', 'HIT@20': '0.0086', 'NDCG@20': '0.0040'}
{'Epoch': 139, 'name': 'all', 'HIT@5': '0.0334', 'NDCG@5': '0.0218', 'HIT@10': '0.0519', 'NDCG@10': '0.0277', 'HIT@20': '0.0789', 'NDCG@20': '0.0344'}
EarlyStopping counter: 12 out of 40
rec dataset length: 186
100%|█████████████████████████████████████████████████████████████████████████████████████████████████████████████████████████████████████████| 186/186 [00:46<00:00,  3.97it/s]
{'epoch': 140, 'rec_avg_loss': '0.4345', 'joint_avg_loss': '0.9151', 'cl_avg_loss': '4.8063', 'itemcl_loss': '0.0000', 'cl_pair_0_loss': '4.8063'}
Recommendation EP_test:140: 100%|| 35/35 [00:08<00:00,  4.29it/s]
{'Epoch': 140, 'name': 'high_freq', 'HIT@5': '0.0472', 'NDCG@5': '0.0300', 'HIT@10': '0.0719', 'NDCG@10': '0.0380', 'HIT@20': '0.1079', 'NDCG@20': '0.0470'}
{'Epoch': 140, 'name': 'mid_freq', 'HIT@5': '0.0076', 'NDCG@5': '0.0052', 'HIT@10': '0.0111', 'NDCG@10': '0.0063', 'HIT@20': '0.0182', 'NDCG@20': '0.0081'}
{'Epoch': 140, 'name': 'low_freq', 'HIT@5': '0.0043', 'NDCG@5': '0.0029', 'HIT@10': '0.0057', 'NDCG@10': '0.0033', 'HIT@20': '0.0081', 'NDCG@20': '0.0040'}
{'Epoch': 140, 'name': 'all', 'HIT@5': '0.0341', 'NDCG@5': '0.0218', 'HIT@10': '0.0517', 'NDCG@10': '0.0275', 'HIT@20': '0.0780', 'NDCG@20': '0.0340'}
EarlyStopping counter: 13 out of 40
rec dataset length: 186
100%|█████████████████████████████████████████████████████████████████████████████████████████████████████████████████████████████████████████| 186/186 [00:46<00:00,  3.98it/s]
{'epoch': 141, 'rec_avg_loss': '0.4352', 'joint_avg_loss': '0.9152', 'cl_avg_loss': '4.8006', 'itemcl_loss': '0.0000', 'cl_pair_0_loss': '4.8006'}
Recommendation EP_test:141: 100%|| 35/35 [00:08<00:00,  4.30it/s]
{'Epoch': 141, 'name': 'high_freq', 'HIT@5': '0.0476', 'NDCG@5': '0.0306', 'HIT@10': '0.0730', 'NDCG@10': '0.0388', 'HIT@20': '0.1097', 'NDCG@20': '0.0480'}
{'Epoch': 141, 'name': 'mid_freq', 'HIT@5': '0.0075', 'NDCG@5': '0.0049', 'HIT@10': '0.0105', 'NDCG@10': '0.0058', 'HIT@20': '0.0177', 'NDCG@20': '0.0076'}
{'Epoch': 141, 'name': 'low_freq', 'HIT@5': '0.0041', 'NDCG@5': '0.0027', 'HIT@10': '0.0048', 'NDCG@10': '0.0029', 'HIT@20': '0.0077', 'NDCG@20': '0.0037'}
{'Epoch': 141, 'name': 'all', 'HIT@5': '0.0343', 'NDCG@5': '0.0221', 'HIT@10': '0.0523', 'NDCG@10': '0.0279', 'HIT@20': '0.0790', 'NDCG@20': '0.0346'}
EarlyStopping counter: 14 out of 40
rec dataset length: 186
100%|█████████████████████████████████████████████████████████████████████████████████████████████████████████████████████████████████████████| 186/186 [00:46<00:00,  3.98it/s]
{'epoch': 142, 'rec_avg_loss': '0.4329', 'joint_avg_loss': '0.9125', 'cl_avg_loss': '4.7961', 'itemcl_loss': '0.0000', 'cl_pair_0_loss': '4.7961'}
Recommendation EP_test:142: 100%|| 35/35 [00:08<00:00,  4.26it/s]
{'Epoch': 142, 'name': 'high_freq', 'HIT@5': '0.0456', 'NDCG@5': '0.0298', 'HIT@10': '0.0716', 'NDCG@10': '0.0381', 'HIT@20': '0.1085', 'NDCG@20': '0.0474'}
{'Epoch': 142, 'name': 'mid_freq', 'HIT@5': '0.0078', 'NDCG@5': '0.0049', 'HIT@10': '0.0112', 'NDCG@10': '0.0060', 'HIT@20': '0.0172', 'NDCG@20': '0.0075'}
{'Epoch': 142, 'name': 'low_freq', 'HIT@5': '0.0045', 'NDCG@5': '0.0031', 'HIT@10': '0.0059', 'NDCG@10': '0.0035', 'HIT@20': '0.0072', 'NDCG@20': '0.0038'}
{'Epoch': 142, 'name': 'all', 'HIT@5': '0.0331', 'NDCG@5': '0.0216', 'HIT@10': '0.0517', 'NDCG@10': '0.0276', 'HIT@20': '0.0781', 'NDCG@20': '0.0342'}
EarlyStopping counter: 15 out of 40
rec dataset length: 186
100%|█████████████████████████████████████████████████████████████████████████████████████████████████████████████████████████████████████████| 186/186 [00:47<00:00,  3.96it/s]
{'epoch': 143, 'rec_avg_loss': '0.4333', 'joint_avg_loss': '0.9141', 'cl_avg_loss': '4.8077', 'itemcl_loss': '0.0000', 'cl_pair_0_loss': '4.8077'}
Recommendation EP_test:143: 100%|| 35/35 [00:07<00:00,  4.39it/s]
{'Epoch': 143, 'name': 'high_freq', 'HIT@5': '0.0473', 'NDCG@5': '0.0307', 'HIT@10': '0.0736', 'NDCG@10': '0.0391', 'HIT@20': '0.1095', 'NDCG@20': '0.0481'}
{'Epoch': 143, 'name': 'mid_freq', 'HIT@5': '0.0082', 'NDCG@5': '0.0055', 'HIT@10': '0.0119', 'NDCG@10': '0.0067', 'HIT@20': '0.0188', 'NDCG@20': '0.0084'}
{'Epoch': 143, 'name': 'low_freq', 'HIT@5': '0.0041', 'NDCG@5': '0.0030', 'HIT@10': '0.0054', 'NDCG@10': '0.0034', 'HIT@20': '0.0097', 'NDCG@20': '0.0045'}
{'Epoch': 143, 'name': 'all', 'HIT@5': '0.0343', 'NDCG@5': '0.0223', 'HIT@10': '0.0531', 'NDCG@10': '0.0283', 'HIT@20': '0.0794', 'NDCG@20': '0.0349'}
EarlyStopping counter: 16 out of 40
rec dataset length: 186
100%|█████████████████████████████████████████████████████████████████████████████████████████████████████████████████████████████████████████| 186/186 [00:46<00:00,  3.96it/s]
{'epoch': 144, 'rec_avg_loss': '0.4327', 'joint_avg_loss': '0.9123', 'cl_avg_loss': '4.7959', 'itemcl_loss': '0.0000', 'cl_pair_0_loss': '4.7959'}
Recommendation EP_test:144: 100%|| 35/35 [00:08<00:00,  4.32it/s]
{'Epoch': 144, 'name': 'high_freq', 'HIT@5': '0.0469', 'NDCG@5': '0.0304', 'HIT@10': '0.0730', 'NDCG@10': '0.0388', 'HIT@20': '0.1083', 'NDCG@20': '0.0477'}
{'Epoch': 144, 'name': 'mid_freq', 'HIT@5': '0.0079', 'NDCG@5': '0.0055', 'HIT@10': '0.0115', 'NDCG@10': '0.0066', 'HIT@20': '0.0195', 'NDCG@20': '0.0086'}
{'Epoch': 144, 'name': 'low_freq', 'HIT@5': '0.0041', 'NDCG@5': '0.0030', 'HIT@10': '0.0068', 'NDCG@10': '0.0038', 'HIT@20': '0.0102', 'NDCG@20': '0.0047'}
{'Epoch': 144, 'name': 'all', 'HIT@5': '0.0339', 'NDCG@5': '0.0221', 'HIT@10': '0.0528', 'NDCG@10': '0.0282', 'HIT@20': '0.0788', 'NDCG@20': '0.0347'}
EarlyStopping counter: 17 out of 40
rec dataset length: 186
100%|█████████████████████████████████████████████████████████████████████████████████████████████████████████████████████████████████████████| 186/186 [00:46<00:00,  3.97it/s]
{'epoch': 145, 'rec_avg_loss': '0.4300', 'joint_avg_loss': '0.9092', 'cl_avg_loss': '4.7915', 'itemcl_loss': '0.0000', 'cl_pair_0_loss': '4.7915'}
Recommendation EP_test:145: 100%|| 35/35 [00:08<00:00,  4.27it/s]
{'Epoch': 145, 'name': 'high_freq', 'HIT@5': '0.0472', 'NDCG@5': '0.0305', 'HIT@10': '0.0731', 'NDCG@10': '0.0388', 'HIT@20': '0.1086', 'NDCG@20': '0.0477'}
{'Epoch': 145, 'name': 'mid_freq', 'HIT@5': '0.0075', 'NDCG@5': '0.0052', 'HIT@10': '0.0115', 'NDCG@10': '0.0065', 'HIT@20': '0.0195', 'NDCG@20': '0.0085'}
{'Epoch': 145, 'name': 'low_freq', 'HIT@5': '0.0038', 'NDCG@5': '0.0027', 'HIT@10': '0.0063', 'NDCG@10': '0.0035', 'HIT@20': '0.0091', 'NDCG@20': '0.0042'}
{'Epoch': 145, 'name': 'all', 'HIT@5': '0.0340', 'NDCG@5': '0.0221', 'HIT@10': '0.0528', 'NDCG@10': '0.0281', 'HIT@20': '0.0789', 'NDCG@20': '0.0346'}
EarlyStopping counter: 18 out of 40
rec dataset length: 186
100%|█████████████████████████████████████████████████████████████████████████████████████████████████████████████████████████████████████████| 186/186 [00:46<00:00,  3.97it/s]
{'epoch': 146, 'rec_avg_loss': '0.4300', 'joint_avg_loss': '0.9092', 'cl_avg_loss': '4.7921', 'itemcl_loss': '0.0000', 'cl_pair_0_loss': '4.7921'}
Recommendation EP_test:146: 100%|| 35/35 [00:07<00:00,  4.43it/s]
{'Epoch': 146, 'name': 'high_freq', 'HIT@5': '0.0475', 'NDCG@5': '0.0309', 'HIT@10': '0.0728', 'NDCG@10': '0.0391', 'HIT@20': '0.1079', 'NDCG@20': '0.0479'}
{'Epoch': 146, 'name': 'mid_freq', 'HIT@5': '0.0080', 'NDCG@5': '0.0054', 'HIT@10': '0.0125', 'NDCG@10': '0.0068', 'HIT@20': '0.0194', 'NDCG@20': '0.0086'}
{'Epoch': 146, 'name': 'low_freq', 'HIT@5': '0.0043', 'NDCG@5': '0.0028', 'HIT@10': '0.0057', 'NDCG@10': '0.0032', 'HIT@20': '0.0086', 'NDCG@20': '0.0040'}
{'Epoch': 146, 'name': 'all', 'HIT@5': '0.0344', 'NDCG@5': '0.0225', 'HIT@10': '0.0527', 'NDCG@10': '0.0283', 'HIT@20': '0.0782', 'NDCG@20': '0.0348'}
EarlyStopping counter: 19 out of 40
rec dataset length: 186
100%|█████████████████████████████████████████████████████████████████████████████████████████████████████████████████████████████████████████| 186/186 [00:46<00:00,  3.98it/s]
{'epoch': 147, 'rec_avg_loss': '0.4288', 'joint_avg_loss': '0.9088', 'cl_avg_loss': '4.7997', 'itemcl_loss': '0.0000', 'cl_pair_0_loss': '4.7997'}
Recommendation EP_test:147: 100%|| 35/35 [00:08<00:00,  4.35it/s]
{'Epoch': 147, 'name': 'high_freq', 'HIT@5': '0.0484', 'NDCG@5': '0.0315', 'HIT@10': '0.0744', 'NDCG@10': '0.0398', 'HIT@20': '0.1089', 'NDCG@20': '0.0485'}
{'Epoch': 147, 'name': 'mid_freq', 'HIT@5': '0.0082', 'NDCG@5': '0.0053', 'HIT@10': '0.0112', 'NDCG@10': '0.0062', 'HIT@20': '0.0194', 'NDCG@20': '0.0083'}
{'Epoch': 147, 'name': 'low_freq', 'HIT@5': '0.0043', 'NDCG@5': '0.0028', 'HIT@10': '0.0059', 'NDCG@10': '0.0033', 'HIT@20': '0.0091', 'NDCG@20': '0.0041'}
{'Epoch': 147, 'name': 'all', 'HIT@5': '0.0351', 'NDCG@5': '0.0228', 'HIT@10': '0.0535', 'NDCG@10': '0.0287', 'HIT@20': '0.0790', 'NDCG@20': '0.0351'}
EarlyStopping counter: 20 out of 40
rec dataset length: 186
100%|█████████████████████████████████████████████████████████████████████████████████████████████████████████████████████████████████████████| 186/186 [00:46<00:00,  3.96it/s]
{'epoch': 148, 'rec_avg_loss': '0.4297', 'joint_avg_loss': '0.9097', 'cl_avg_loss': '4.7998', 'itemcl_loss': '0.0000', 'cl_pair_0_loss': '4.7998'}
Recommendation EP_test:148: 100%|| 35/35 [00:08<00:00,  4.32it/s]
{'Epoch': 148, 'name': 'high_freq', 'HIT@5': '0.0478', 'NDCG@5': '0.0314', 'HIT@10': '0.0735', 'NDCG@10': '0.0396', 'HIT@20': '0.1109', 'NDCG@20': '0.0490'}
{'Epoch': 148, 'name': 'mid_freq', 'HIT@5': '0.0073', 'NDCG@5': '0.0051', 'HIT@10': '0.0109', 'NDCG@10': '0.0063', 'HIT@20': '0.0200', 'NDCG@20': '0.0086'}
{'Epoch': 148, 'name': 'low_freq', 'HIT@5': '0.0036', 'NDCG@5': '0.0026', 'HIT@10': '0.0061', 'NDCG@10': '0.0034', 'HIT@20': '0.0095', 'NDCG@20': '0.0042'}
{'Epoch': 148, 'name': 'all', 'HIT@5': '0.0344', 'NDCG@5': '0.0227', 'HIT@10': '0.0529', 'NDCG@10': '0.0286', 'HIT@20': '0.0805', 'NDCG@20': '0.0356'}
EarlyStopping counter: 21 out of 40
rec dataset length: 186
100%|█████████████████████████████████████████████████████████████████████████████████████████████████████████████████████████████████████████| 186/186 [00:46<00:00,  3.97it/s]
{'epoch': 149, 'rec_avg_loss': '0.4289', 'joint_avg_loss': '0.9087', 'cl_avg_loss': '4.7982', 'itemcl_loss': '0.0000', 'cl_pair_0_loss': '4.7982'}
Recommendation EP_test:149: 100%|| 35/35 [00:07<00:00,  4.40it/s]
{'Epoch': 149, 'name': 'high_freq', 'HIT@5': '0.0469', 'NDCG@5': '0.0310', 'HIT@10': '0.0728', 'NDCG@10': '0.0393', 'HIT@20': '0.1098', 'NDCG@20': '0.0486'}
{'Epoch': 149, 'name': 'mid_freq', 'HIT@5': '0.0079', 'NDCG@5': '0.0055', 'HIT@10': '0.0124', 'NDCG@10': '0.0069', 'HIT@20': '0.0191', 'NDCG@20': '0.0086'}
{'Epoch': 149, 'name': 'low_freq', 'HIT@5': '0.0045', 'NDCG@5': '0.0030', 'HIT@10': '0.0068', 'NDCG@10': '0.0038', 'HIT@20': '0.0097', 'NDCG@20': '0.0045'}
{'Epoch': 149, 'name': 'all', 'HIT@5': '0.0340', 'NDCG@5': '0.0225', 'HIT@10': '0.0528', 'NDCG@10': '0.0285', 'HIT@20': '0.0796', 'NDCG@20': '0.0353'}
EarlyStopping counter: 22 out of 40
rec dataset length: 186
100%|█████████████████████████████████████████████████████████████████████████████████████████████████████████████████████████████████████████| 186/186 [00:46<00:00,  3.97it/s]
{'epoch': 150, 'rec_avg_loss': '0.4272', 'joint_avg_loss': '0.9068', 'cl_avg_loss': '4.7957', 'itemcl_loss': '0.0000', 'cl_pair_0_loss': '4.7957'}
Recommendation EP_test:150: 100%|| 35/35 [00:08<00:00,  4.31it/s]
{'Epoch': 150, 'name': 'high_freq', 'HIT@5': '0.0489', 'NDCG@5': '0.0315', 'HIT@10': '0.0736', 'NDCG@10': '0.0395', 'HIT@20': '0.1084', 'NDCG@20': '0.0482'}
{'Epoch': 150, 'name': 'mid_freq', 'HIT@5': '0.0072', 'NDCG@5': '0.0051', 'HIT@10': '0.0119', 'NDCG@10': '0.0067', 'HIT@20': '0.0180', 'NDCG@20': '0.0082'}
{'Epoch': 150, 'name': 'low_freq', 'HIT@5': '0.0045', 'NDCG@5': '0.0030', 'HIT@10': '0.0063', 'NDCG@10': '0.0036', 'HIT@20': '0.0088', 'NDCG@20': '0.0042'}
{'Epoch': 150, 'name': 'all', 'HIT@5': '0.0353', 'NDCG@5': '0.0228', 'HIT@10': '0.0532', 'NDCG@10': '0.0286', 'HIT@20': '0.0783', 'NDCG@20': '0.0349'}
EarlyStopping counter: 23 out of 40
rec dataset length: 186
100%|█████████████████████████████████████████████████████████████████████████████████████████████████████████████████████████████████████████| 186/186 [00:46<00:00,  3.97it/s]
{'epoch': 151, 'rec_avg_loss': '0.4242', 'joint_avg_loss': '0.9034', 'cl_avg_loss': '4.7912', 'itemcl_loss': '0.0000', 'cl_pair_0_loss': '4.7912'}
Recommendation EP_test:151: 100%|| 35/35 [00:08<00:00,  4.29it/s]
{'Epoch': 151, 'name': 'high_freq', 'HIT@5': '0.0477', 'NDCG@5': '0.0314', 'HIT@10': '0.0719', 'NDCG@10': '0.0392', 'HIT@20': '0.1091', 'NDCG@20': '0.0485'}
{'Epoch': 151, 'name': 'mid_freq', 'HIT@5': '0.0085', 'NDCG@5': '0.0056', 'HIT@10': '0.0129', 'NDCG@10': '0.0070', 'HIT@20': '0.0197', 'NDCG@20': '0.0087'}
{'Epoch': 151, 'name': 'low_freq', 'HIT@5': '0.0038', 'NDCG@5': '0.0026', 'HIT@10': '0.0063', 'NDCG@10': '0.0034', 'HIT@20': '0.0088', 'NDCG@20': '0.0040'}
{'Epoch': 151, 'name': 'all', 'HIT@5': '0.0346', 'NDCG@5': '0.0228', 'HIT@10': '0.0522', 'NDCG@10': '0.0285', 'HIT@20': '0.0792', 'NDCG@20': '0.0352'}
EarlyStopping counter: 24 out of 40
rec dataset length: 186
100%|█████████████████████████████████████████████████████████████████████████████████████████████████████████████████████████████████████████| 186/186 [00:47<00:00,  3.96it/s]
{'epoch': 152, 'rec_avg_loss': '0.4246', 'joint_avg_loss': '0.9041', 'cl_avg_loss': '4.7949', 'itemcl_loss': '0.0000', 'cl_pair_0_loss': '4.7949'}
Recommendation EP_test:152: 100%|| 35/35 [00:08<00:00,  4.29it/s]
{'Epoch': 152, 'name': 'high_freq', 'HIT@5': '0.0458', 'NDCG@5': '0.0303', 'HIT@10': '0.0713', 'NDCG@10': '0.0385', 'HIT@20': '0.1079', 'NDCG@20': '0.0477'}
{'Epoch': 152, 'name': 'mid_freq', 'HIT@5': '0.0090', 'NDCG@5': '0.0059', 'HIT@10': '0.0125', 'NDCG@10': '0.0070', 'HIT@20': '0.0191', 'NDCG@20': '0.0087'}
{'Epoch': 152, 'name': 'low_freq', 'HIT@5': '0.0036', 'NDCG@5': '0.0026', 'HIT@10': '0.0059', 'NDCG@10': '0.0033', 'HIT@20': '0.0084', 'NDCG@20': '0.0039'}
{'Epoch': 152, 'name': 'all', 'HIT@5': '0.0333', 'NDCG@5': '0.0221', 'HIT@10': '0.0517', 'NDCG@10': '0.0280', 'HIT@20': '0.0782', 'NDCG@20': '0.0347'}
EarlyStopping counter: 25 out of 40
rec dataset length: 186
100%|█████████████████████████████████████████████████████████████████████████████████████████████████████████████████████████████████████████| 186/186 [00:46<00:00,  3.97it/s]
{'epoch': 153, 'rec_avg_loss': '0.4269', 'joint_avg_loss': '0.9058', 'cl_avg_loss': '4.7888', 'itemcl_loss': '0.0000', 'cl_pair_0_loss': '4.7888'}
Recommendation EP_test:153: 100%|| 35/35 [00:08<00:00,  4.35it/s]
{'Epoch': 153, 'name': 'high_freq', 'HIT@5': '0.0451', 'NDCG@5': '0.0296', 'HIT@10': '0.0719', 'NDCG@10': '0.0382', 'HIT@20': '0.1072', 'NDCG@20': '0.0470'}
{'Epoch': 153, 'name': 'mid_freq', 'HIT@5': '0.0083', 'NDCG@5': '0.0057', 'HIT@10': '0.0141', 'NDCG@10': '0.0076', 'HIT@20': '0.0204', 'NDCG@20': '0.0091'}
{'Epoch': 153, 'name': 'low_freq', 'HIT@5': '0.0045', 'NDCG@5': '0.0030', 'HIT@10': '0.0061', 'NDCG@10': '0.0035', 'HIT@20': '0.0091', 'NDCG@20': '0.0042'}
{'Epoch': 153, 'name': 'all', 'HIT@5': '0.0329', 'NDCG@5': '0.0216', 'HIT@10': '0.0524', 'NDCG@10': '0.0279', 'HIT@20': '0.0780', 'NDCG@20': '0.0343'}
EarlyStopping counter: 26 out of 40
rec dataset length: 186
100%|█████████████████████████████████████████████████████████████████████████████████████████████████████████████████████████████████████████| 186/186 [00:46<00:00,  3.96it/s]
{'epoch': 154, 'rec_avg_loss': '0.4229', 'joint_avg_loss': '0.9023', 'cl_avg_loss': '4.7935', 'itemcl_loss': '0.0000', 'cl_pair_0_loss': '4.7935'}
Recommendation EP_test:154: 100%|| 35/35 [00:08<00:00,  4.19it/s]
{'Epoch': 154, 'name': 'high_freq', 'HIT@5': '0.0466', 'NDCG@5': '0.0306', 'HIT@10': '0.0714', 'NDCG@10': '0.0386', 'HIT@20': '0.1070', 'NDCG@20': '0.0475'}
{'Epoch': 154, 'name': 'mid_freq', 'HIT@5': '0.0083', 'NDCG@5': '0.0058', 'HIT@10': '0.0128', 'NDCG@10': '0.0073', 'HIT@20': '0.0203', 'NDCG@20': '0.0091'}
{'Epoch': 154, 'name': 'low_freq', 'HIT@5': '0.0034', 'NDCG@5': '0.0025', 'HIT@10': '0.0059', 'NDCG@10': '0.0033', 'HIT@20': '0.0084', 'NDCG@20': '0.0039'}
{'Epoch': 154, 'name': 'all', 'HIT@5': '0.0338', 'NDCG@5': '0.0223', 'HIT@10': '0.0518', 'NDCG@10': '0.0281', 'HIT@20': '0.0778', 'NDCG@20': '0.0346'}
EarlyStopping counter: 27 out of 40
rec dataset length: 186
100%|█████████████████████████████████████████████████████████████████████████████████████████████████████████████████████████████████████████| 186/186 [00:47<00:00,  3.95it/s]
{'epoch': 155, 'rec_avg_loss': '0.4222', 'joint_avg_loss': '0.9018', 'cl_avg_loss': '4.7959', 'itemcl_loss': '0.0000', 'cl_pair_0_loss': '4.7959'}
Recommendation EP_test:155: 100%|| 35/35 [00:08<00:00,  4.32it/s]
{'Epoch': 155, 'name': 'high_freq', 'HIT@5': '0.0456', 'NDCG@5': '0.0299', 'HIT@10': '0.0714', 'NDCG@10': '0.0382', 'HIT@20': '0.1062', 'NDCG@20': '0.0469'}
{'Epoch': 155, 'name': 'mid_freq', 'HIT@5': '0.0083', 'NDCG@5': '0.0055', 'HIT@10': '0.0131', 'NDCG@10': '0.0070', 'HIT@20': '0.0214', 'NDCG@20': '0.0091'}
{'Epoch': 155, 'name': 'low_freq', 'HIT@5': '0.0036', 'NDCG@5': '0.0026', 'HIT@10': '0.0059', 'NDCG@10': '0.0033', 'HIT@20': '0.0095', 'NDCG@20': '0.0042'}
{'Epoch': 155, 'name': 'all', 'HIT@5': '0.0331', 'NDCG@5': '0.0217', 'HIT@10': '0.0519', 'NDCG@10': '0.0278', 'HIT@20': '0.0776', 'NDCG@20': '0.0342'}
EarlyStopping counter: 28 out of 40
rec dataset length: 186
100%|█████████████████████████████████████████████████████████████████████████████████████████████████████████████████████████████████████████| 186/186 [00:46<00:00,  3.96it/s]
{'epoch': 156, 'rec_avg_loss': '0.4191', 'joint_avg_loss': '0.8975', 'cl_avg_loss': '4.7838', 'itemcl_loss': '0.0000', 'cl_pair_0_loss': '4.7838'}
Recommendation EP_test:156: 100%|| 35/35 [00:08<00:00,  4.16it/s]
{'Epoch': 156, 'name': 'high_freq', 'HIT@5': '0.0472', 'NDCG@5': '0.0307', 'HIT@10': '0.0729', 'NDCG@10': '0.0391', 'HIT@20': '0.1093', 'NDCG@20': '0.0482'}
{'Epoch': 156, 'name': 'mid_freq', 'HIT@5': '0.0086', 'NDCG@5': '0.0057', 'HIT@10': '0.0145', 'NDCG@10': '0.0076', 'HIT@20': '0.0213', 'NDCG@20': '0.0093'}
{'Epoch': 156, 'name': 'low_freq', 'HIT@5': '0.0045', 'NDCG@5': '0.0030', 'HIT@10': '0.0063', 'NDCG@10': '0.0036', 'HIT@20': '0.0088', 'NDCG@20': '0.0042'}
{'Epoch': 156, 'name': 'all', 'HIT@5': '0.0344', 'NDCG@5': '0.0224', 'HIT@10': '0.0532', 'NDCG@10': '0.0285', 'HIT@20': '0.0796', 'NDCG@20': '0.0351'}
EarlyStopping counter: 29 out of 40
rec dataset length: 186
100%|█████████████████████████████████████████████████████████████████████████████████████████████████████████████████████████████████████████| 186/186 [00:46<00:00,  3.98it/s]
{'epoch': 157, 'rec_avg_loss': '0.4200', 'joint_avg_loss': '0.8984', 'cl_avg_loss': '4.7842', 'itemcl_loss': '0.0000', 'cl_pair_0_loss': '4.7842'}
Recommendation EP_test:157: 100%|| 35/35 [00:08<00:00,  4.12it/s]
{'Epoch': 157, 'name': 'high_freq', 'HIT@5': '0.0483', 'NDCG@5': '0.0313', 'HIT@10': '0.0732', 'NDCG@10': '0.0393', 'HIT@20': '0.1092', 'NDCG@20': '0.0484'}
{'Epoch': 157, 'name': 'mid_freq', 'HIT@5': '0.0079', 'NDCG@5': '0.0056', 'HIT@10': '0.0131', 'NDCG@10': '0.0072', 'HIT@20': '0.0204', 'NDCG@20': '0.0091'}
{'Epoch': 157, 'name': 'low_freq', 'HIT@5': '0.0038', 'NDCG@5': '0.0027', 'HIT@10': '0.0061', 'NDCG@10': '0.0035', 'HIT@20': '0.0100', 'NDCG@20': '0.0044'}
{'Epoch': 157, 'name': 'all', 'HIT@5': '0.0349', 'NDCG@5': '0.0227', 'HIT@10': '0.0531', 'NDCG@10': '0.0286', 'HIT@20': '0.0795', 'NDCG@20': '0.0352'}
EarlyStopping counter: 30 out of 40
rec dataset length: 186
100%|█████████████████████████████████████████████████████████████████████████████████████████████████████████████████████████████████████████| 186/186 [00:47<00:00,  3.95it/s]
{'epoch': 158, 'rec_avg_loss': '0.4195', 'joint_avg_loss': '0.8987', 'cl_avg_loss': '4.7923', 'itemcl_loss': '0.0000', 'cl_pair_0_loss': '4.7923'}
Recommendation EP_test:158: 100%|| 35/35 [00:08<00:00,  4.30it/s]
{'Epoch': 158, 'name': 'high_freq', 'HIT@5': '0.0461', 'NDCG@5': '0.0308', 'HIT@10': '0.0735', 'NDCG@10': '0.0396', 'HIT@20': '0.1088', 'NDCG@20': '0.0484'}
{'Epoch': 158, 'name': 'mid_freq', 'HIT@5': '0.0088', 'NDCG@5': '0.0057', 'HIT@10': '0.0138', 'NDCG@10': '0.0073', 'HIT@20': '0.0204', 'NDCG@20': '0.0090'}
{'Epoch': 158, 'name': 'low_freq', 'HIT@5': '0.0036', 'NDCG@5': '0.0026', 'HIT@10': '0.0059', 'NDCG@10': '0.0034', 'HIT@20': '0.0095', 'NDCG@20': '0.0042'}
{'Epoch': 158, 'name': 'all', 'HIT@5': '0.0335', 'NDCG@5': '0.0224', 'HIT@10': '0.0535', 'NDCG@10': '0.0288', 'HIT@20': '0.0792', 'NDCG@20': '0.0352'}
EarlyStopping counter: 31 out of 40
rec dataset length: 186
100%|█████████████████████████████████████████████████████████████████████████████████████████████████████████████████████████████████████████| 186/186 [00:46<00:00,  3.97it/s]
{'epoch': 159, 'rec_avg_loss': '0.4202', 'joint_avg_loss': '0.8976', 'cl_avg_loss': '4.7731', 'itemcl_loss': '0.0000', 'cl_pair_0_loss': '4.7731'}
Recommendation EP_test:159: 100%|| 35/35 [00:08<00:00,  4.30it/s]
{'Epoch': 159, 'name': 'high_freq', 'HIT@5': '0.0458', 'NDCG@5': '0.0300', 'HIT@10': '0.0714', 'NDCG@10': '0.0382', 'HIT@20': '0.1061', 'NDCG@20': '0.0469'}
{'Epoch': 159, 'name': 'mid_freq', 'HIT@5': '0.0085', 'NDCG@5': '0.0058', 'HIT@10': '0.0135', 'NDCG@10': '0.0074', 'HIT@20': '0.0208', 'NDCG@20': '0.0092'}
{'Epoch': 159, 'name': 'low_freq', 'HIT@5': '0.0043', 'NDCG@5': '0.0030', 'HIT@10': '0.0059', 'NDCG@10': '0.0035', 'HIT@20': '0.0104', 'NDCG@20': '0.0046'}
{'Epoch': 159, 'name': 'all', 'HIT@5': '0.0334', 'NDCG@5': '0.0219', 'HIT@10': '0.0519', 'NDCG@10': '0.0278', 'HIT@20': '0.0776', 'NDCG@20': '0.0343'}
EarlyStopping counter: 32 out of 40
rec dataset length: 186
100%|█████████████████████████████████████████████████████████████████████████████████████████████████████████████████████████████████████████| 186/186 [00:46<00:00,  3.97it/s]
{'epoch': 160, 'rec_avg_loss': '0.4200', 'joint_avg_loss': '0.8974', 'cl_avg_loss': '4.7740', 'itemcl_loss': '0.0000', 'cl_pair_0_loss': '4.7740'}
Recommendation EP_test:160: 100%|| 35/35 [00:08<00:00,  4.17it/s]
{'Epoch': 160, 'name': 'high_freq', 'HIT@5': '0.0456', 'NDCG@5': '0.0300', 'HIT@10': '0.0714', 'NDCG@10': '0.0383', 'HIT@20': '0.1077', 'NDCG@20': '0.0474'}
{'Epoch': 160, 'name': 'mid_freq', 'HIT@5': '0.0086', 'NDCG@5': '0.0055', 'HIT@10': '0.0141', 'NDCG@10': '0.0072', 'HIT@20': '0.0205', 'NDCG@20': '0.0088'}
{'Epoch': 160, 'name': 'low_freq', 'HIT@5': '0.0041', 'NDCG@5': '0.0030', 'HIT@10': '0.0063', 'NDCG@10': '0.0037', 'HIT@20': '0.0093', 'NDCG@20': '0.0044'}
{'Epoch': 160, 'name': 'all', 'HIT@5': '0.0332', 'NDCG@5': '0.0219', 'HIT@10': '0.0521', 'NDCG@10': '0.0279', 'HIT@20': '0.0784', 'NDCG@20': '0.0345'}
EarlyStopping counter: 33 out of 40
refresh dataset with updated item embedding
Embedding(18359, 64, padding_idx=0)
Similarity Model Type: hybrid
short sequence augment type: SIM
Augmentation methods for Long sequences: 5
Augmentation methods for short sequences: 3
Creating Contrastive Learning Dataset using 'crop' data augmentation
rec dataset length: 35
  0%|                                                                                                                                                    | 0/35 [00:00<?, ?it/s]
Traceback (most recent call last):
  File "/home/zzx/seqRec/CLTrys/CoSeRec_Augment/CoSeRec/src/main.py", line 229, in <module>
    main()
  File "/home/zzx/seqRec/CLTrys/CoSeRec_Augment/CoSeRec/src/main.py", line 211, in main
    trainer.train(epoch)
  File "/home/zzx/seqRec/CLTrys/CoSeRec_Augment/CoSeRec/src/trainers.py", line 72, in train
    self.iteration(epoch, self.train_dataloader)
  File "/home/zzx/seqRec/CLTrys/CoSeRec_Augment/CoSeRec/src/trainers.py", line 244, in iteration
    _, input_ids, target_pos, target_neg = rec_batch
ValueError: too many values to unpack (expected 4)
