Using Cuda: True
(18359, 18359)
--------------------Configure Info:------------
data_dir                       :                             ./data/
output_dir                     :                             output/
data_name                      :                 Sports_and_Outdoors
do_eval                        :                                   0
model_idx                      :                 single_cl_mask_1024
gpu_id                         :                                   0
noise_ratio                    :                                 0.0
training_data_ratio            :                                 1.0
augment_threshold              :                                   4
similarity_model_name          :                          ItemCF_IUF
augmentation_warm_up_epoches   :                                 160
base_augment_type              :                                mask
augment_type_for_short         :                                 SIM
tao                            :                                 0.2
gamma                          :                                 0.7
beta                           :                                 0.2
substitute_rate                :                                 0.1
insert_rate                    :                                 0.4
max_insert_num_per_pos         :                                   1
temperature                    :                                 1.0
n_views                        :                                   2
model_name                     :                             CoSeRec
hidden_size                    :                                  64
num_hidden_layers              :                                   2
num_attention_heads            :                                   2
hidden_act                     :                                gelu
attention_probs_dropout_prob   :                                 0.5
hidden_dropout_prob            :                                 0.5
initializer_range              :                                0.02
max_seq_length                 :                                  50
lr                             :                               0.001
batch_size                     :                                1024
epochs                         :                                 300
no_cuda                        :                                   0
log_freq                       :                                   1
seed                           :                                   1
cf_weight                      :                                 0.1
rec_weight                     :                                 1.0
weight_decay                   :                                 0.0
adam_beta1                     :                                 0.9
adam_beta2                     :                               0.999
cl                             :                                   1
multi_neg                      :                                   0
use_freq                       :                                   0
cuda_condition                 :                                   1
data_file                      :      ./data/Sports_and_Outdoors.txt
item_size                      :                               18359
mask_id                        :                               18358
log_file                       : output/CoSeRec-Sports_and_Outdoors-single_cl_mask_1024.txt
Similarity Model Type: offline
short sequence augment type: SIM
Augmentation methods for Long sequences: 5
Augmentation methods for short sequences: 3
Creating Contrastive Learning Dataset using 'mask' data augmentation
Similarity Model Type: offline
short sequence augment type: SIM
Augmentation methods for Long sequences: 5
Augmentation methods for short sequences: 3
Creating Contrastive Learning Dataset using 'mask' data augmentation
Similarity Model Type: offline
short sequence augment type: SIM
Augmentation methods for Long sequences: 5
Augmentation methods for short sequences: 3
Creating Contrastive Learning Dataset using 'mask' data augmentation
Total Parameters: 1278464
self.cf_criterion: NCELoss
Train CoSeRec
rec dataset length: 186
100%|█████████████████████████████████████████████████████████████████████████████████████████████████████████████████████████████████████████| 186/186 [00:48<00:00,  3.83it/s]
{'epoch': 0, 'rec_avg_loss': '1.2786', 'joint_avg_loss': '2.1441', 'cl_avg_loss': '8.6548', 'itemcl_loss': '0.0000', 'cl_pair_0_loss': '8.6548'}
Recommendation EP_test:0: 100%|| 35/35 [00:06<00:00,  5.64it/s]
{'Epoch': 0, 'name': 'high_freq', 'HIT@5': '0.0135', 'NDCG@5': '0.0084', 'HIT@10': '0.0213', 'NDCG@10': '0.0109', 'HIT@20': '0.0345', 'NDCG@20': '0.0142'}
{'Epoch': 0, 'name': 'mid_freq', 'HIT@5': '0.0000', 'NDCG@5': '0.0000', 'HIT@10': '0.0000', 'NDCG@10': '0.0000', 'HIT@20': '0.0000', 'NDCG@20': '0.0000'}
{'Epoch': 0, 'name': 'low_freq', 'HIT@5': '0.0000', 'NDCG@5': '0.0000', 'HIT@10': '0.0000', 'NDCG@10': '0.0000', 'HIT@20': '0.0000', 'NDCG@20': '0.0000'}
{'Epoch': 0, 'name': 'all', 'HIT@5': '0.0092', 'NDCG@5': '0.0057', 'HIT@10': '0.0145', 'NDCG@10': '0.0074', 'HIT@20': '0.0235', 'NDCG@20': '0.0097'}
Validation score increased.  Saving model ...
rec dataset length: 186
100%|█████████████████████████████████████████████████████████████████████████████████████████████████████████████████████████████████████████| 186/186 [00:47<00:00,  3.89it/s]
{'epoch': 1, 'rec_avg_loss': '1.1892', 'joint_avg_loss': '1.8821', 'cl_avg_loss': '6.9294', 'itemcl_loss': '0.0000', 'cl_pair_0_loss': '6.9294'}
Recommendation EP_test:1: 100%|| 35/35 [00:07<00:00,  4.53it/s]
{'Epoch': 1, 'name': 'high_freq', 'HIT@5': '0.0128', 'NDCG@5': '0.0083', 'HIT@10': '0.0206', 'NDCG@10': '0.0107', 'HIT@20': '0.0366', 'NDCG@20': '0.0147'}
{'Epoch': 1, 'name': 'mid_freq', 'HIT@5': '0.0000', 'NDCG@5': '0.0000', 'HIT@10': '0.0000', 'NDCG@10': '0.0000', 'HIT@20': '0.0000', 'NDCG@20': '0.0000'}
{'Epoch': 1, 'name': 'low_freq', 'HIT@5': '0.0000', 'NDCG@5': '0.0000', 'HIT@10': '0.0000', 'NDCG@10': '0.0000', 'HIT@20': '0.0000', 'NDCG@20': '0.0000'}
{'Epoch': 1, 'name': 'all', 'HIT@5': '0.0087', 'NDCG@5': '0.0056', 'HIT@10': '0.0140', 'NDCG@10': '0.0073', 'HIT@20': '0.0249', 'NDCG@20': '0.0100'}
Validation score increased.  Saving model ...
rec dataset length: 186
100%|█████████████████████████████████████████████████████████████████████████████████████████████████████████████████████████████████████████| 186/186 [00:47<00:00,  3.89it/s]
{'epoch': 2, 'rec_avg_loss': '1.1652', 'joint_avg_loss': '1.7971', 'cl_avg_loss': '6.3191', 'itemcl_loss': '0.0000', 'cl_pair_0_loss': '6.3191'}
Recommendation EP_test:2: 100%|| 35/35 [00:07<00:00,  4.43it/s]
{'Epoch': 2, 'name': 'high_freq', 'HIT@5': '0.0127', 'NDCG@5': '0.0081', 'HIT@10': '0.0216', 'NDCG@10': '0.0110', 'HIT@20': '0.0352', 'NDCG@20': '0.0144'}
{'Epoch': 2, 'name': 'mid_freq', 'HIT@5': '0.0000', 'NDCG@5': '0.0000', 'HIT@10': '0.0000', 'NDCG@10': '0.0000', 'HIT@20': '0.0000', 'NDCG@20': '0.0000'}
{'Epoch': 2, 'name': 'low_freq', 'HIT@5': '0.0000', 'NDCG@5': '0.0000', 'HIT@10': '0.0000', 'NDCG@10': '0.0000', 'HIT@20': '0.0000', 'NDCG@20': '0.0000'}
{'Epoch': 2, 'name': 'all', 'HIT@5': '0.0086', 'NDCG@5': '0.0055', 'HIT@10': '0.0147', 'NDCG@10': '0.0075', 'HIT@20': '0.0239', 'NDCG@20': '0.0098'}
EarlyStopping counter: 1 out of 40
rec dataset length: 186
100%|█████████████████████████████████████████████████████████████████████████████████████████████████████████████████████████████████████████| 186/186 [00:47<00:00,  3.90it/s]
{'epoch': 3, 'rec_avg_loss': '1.1519', 'joint_avg_loss': '1.7557', 'cl_avg_loss': '6.0379', 'itemcl_loss': '0.0000', 'cl_pair_0_loss': '6.0379'}
Recommendation EP_test:3: 100%|| 35/35 [00:07<00:00,  4.67it/s]
{'Epoch': 3, 'name': 'high_freq', 'HIT@5': '0.0122', 'NDCG@5': '0.0078', 'HIT@10': '0.0209', 'NDCG@10': '0.0106', 'HIT@20': '0.0349', 'NDCG@20': '0.0141'}
{'Epoch': 3, 'name': 'mid_freq', 'HIT@5': '0.0000', 'NDCG@5': '0.0000', 'HIT@10': '0.0000', 'NDCG@10': '0.0000', 'HIT@20': '0.0000', 'NDCG@20': '0.0000'}
{'Epoch': 3, 'name': 'low_freq', 'HIT@5': '0.0000', 'NDCG@5': '0.0000', 'HIT@10': '0.0000', 'NDCG@10': '0.0000', 'HIT@20': '0.0000', 'NDCG@20': '0.0000'}
{'Epoch': 3, 'name': 'all', 'HIT@5': '0.0083', 'NDCG@5': '0.0053', 'HIT@10': '0.0142', 'NDCG@10': '0.0072', 'HIT@20': '0.0238', 'NDCG@20': '0.0096'}
EarlyStopping counter: 2 out of 40
rec dataset length: 186
100%|█████████████████████████████████████████████████████████████████████████████████████████████████████████████████████████████████████████| 186/186 [00:47<00:00,  3.89it/s]
{'epoch': 4, 'rec_avg_loss': '1.1361', 'joint_avg_loss': '1.7222', 'cl_avg_loss': '5.8605', 'itemcl_loss': '0.0000', 'cl_pair_0_loss': '5.8605'}
Recommendation EP_test:4: 100%|| 35/35 [00:07<00:00,  4.62it/s]
{'Epoch': 4, 'name': 'high_freq', 'HIT@5': '0.0127', 'NDCG@5': '0.0080', 'HIT@10': '0.0201', 'NDCG@10': '0.0104', 'HIT@20': '0.0346', 'NDCG@20': '0.0140'}
{'Epoch': 4, 'name': 'mid_freq', 'HIT@5': '0.0000', 'NDCG@5': '0.0000', 'HIT@10': '0.0000', 'NDCG@10': '0.0000', 'HIT@20': '0.0000', 'NDCG@20': '0.0000'}
{'Epoch': 4, 'name': 'low_freq', 'HIT@5': '0.0000', 'NDCG@5': '0.0000', 'HIT@10': '0.0000', 'NDCG@10': '0.0000', 'HIT@20': '0.0000', 'NDCG@20': '0.0000'}
{'Epoch': 4, 'name': 'all', 'HIT@5': '0.0086', 'NDCG@5': '0.0054', 'HIT@10': '0.0137', 'NDCG@10': '0.0071', 'HIT@20': '0.0235', 'NDCG@20': '0.0095'}
EarlyStopping counter: 3 out of 40
rec dataset length: 186
100%|█████████████████████████████████████████████████████████████████████████████████████████████████████████████████████████████████████████| 186/186 [00:47<00:00,  3.89it/s]
{'epoch': 5, 'rec_avg_loss': '1.1184', 'joint_avg_loss': '1.6926', 'cl_avg_loss': '5.7420', 'itemcl_loss': '0.0000', 'cl_pair_0_loss': '5.7420'}
Recommendation EP_test:5: 100%|| 35/35 [00:08<00:00,  3.90it/s]
{'Epoch': 5, 'name': 'high_freq', 'HIT@5': '0.0126', 'NDCG@5': '0.0081', 'HIT@10': '0.0215', 'NDCG@10': '0.0109', 'HIT@20': '0.0371', 'NDCG@20': '0.0148'}
{'Epoch': 5, 'name': 'mid_freq', 'HIT@5': '0.0000', 'NDCG@5': '0.0000', 'HIT@10': '0.0000', 'NDCG@10': '0.0000', 'HIT@20': '0.0000', 'NDCG@20': '0.0000'}
{'Epoch': 5, 'name': 'low_freq', 'HIT@5': '0.0000', 'NDCG@5': '0.0000', 'HIT@10': '0.0000', 'NDCG@10': '0.0000', 'HIT@20': '0.0000', 'NDCG@20': '0.0000'}
{'Epoch': 5, 'name': 'all', 'HIT@5': '0.0086', 'NDCG@5': '0.0055', 'HIT@10': '0.0146', 'NDCG@10': '0.0074', 'HIT@20': '0.0252', 'NDCG@20': '0.0101'}
Validation score increased.  Saving model ...
rec dataset length: 186
100%|█████████████████████████████████████████████████████████████████████████████████████████████████████████████████████████████████████████| 186/186 [00:47<00:00,  3.90it/s]
{'epoch': 6, 'rec_avg_loss': '1.1040', 'joint_avg_loss': '1.6717', 'cl_avg_loss': '5.6773', 'itemcl_loss': '0.0000', 'cl_pair_0_loss': '5.6773'}
Recommendation EP_test:6: 100%|| 35/35 [00:07<00:00,  4.40it/s]
{'Epoch': 6, 'name': 'high_freq', 'HIT@5': '0.0127', 'NDCG@5': '0.0082', 'HIT@10': '0.0228', 'NDCG@10': '0.0114', 'HIT@20': '0.0373', 'NDCG@20': '0.0150'}
{'Epoch': 6, 'name': 'mid_freq', 'HIT@5': '0.0000', 'NDCG@5': '0.0000', 'HIT@10': '0.0000', 'NDCG@10': '0.0000', 'HIT@20': '0.0000', 'NDCG@20': '0.0000'}
{'Epoch': 6, 'name': 'low_freq', 'HIT@5': '0.0000', 'NDCG@5': '0.0000', 'HIT@10': '0.0000', 'NDCG@10': '0.0000', 'HIT@20': '0.0000', 'NDCG@20': '0.0000'}
{'Epoch': 6, 'name': 'all', 'HIT@5': '0.0086', 'NDCG@5': '0.0056', 'HIT@10': '0.0155', 'NDCG@10': '0.0077', 'HIT@20': '0.0254', 'NDCG@20': '0.0102'}
Validation score increased.  Saving model ...
rec dataset length: 186
100%|█████████████████████████████████████████████████████████████████████████████████████████████████████████████████████████████████████████| 186/186 [00:47<00:00,  3.88it/s]
{'epoch': 7, 'rec_avg_loss': '1.0815', 'joint_avg_loss': '1.6437', 'cl_avg_loss': '5.6218', 'itemcl_loss': '0.0000', 'cl_pair_0_loss': '5.6218'}
Recommendation EP_test:7: 100%|| 35/35 [00:07<00:00,  4.51it/s]
{'Epoch': 7, 'name': 'high_freq', 'HIT@5': '0.0133', 'NDCG@5': '0.0084', 'HIT@10': '0.0229', 'NDCG@10': '0.0115', 'HIT@20': '0.0393', 'NDCG@20': '0.0156'}
{'Epoch': 7, 'name': 'mid_freq', 'HIT@5': '0.0000', 'NDCG@5': '0.0000', 'HIT@10': '0.0000', 'NDCG@10': '0.0000', 'HIT@20': '0.0000', 'NDCG@20': '0.0000'}
{'Epoch': 7, 'name': 'low_freq', 'HIT@5': '0.0000', 'NDCG@5': '0.0000', 'HIT@10': '0.0000', 'NDCG@10': '0.0000', 'HIT@20': '0.0000', 'NDCG@20': '0.0000'}
{'Epoch': 7, 'name': 'all', 'HIT@5': '0.0090', 'NDCG@5': '0.0057', 'HIT@10': '0.0156', 'NDCG@10': '0.0078', 'HIT@20': '0.0267', 'NDCG@20': '0.0106'}
Validation score increased.  Saving model ...
rec dataset length: 186
100%|█████████████████████████████████████████████████████████████████████████████████████████████████████████████████████████████████████████| 186/186 [00:47<00:00,  3.89it/s]
{'epoch': 8, 'rec_avg_loss': '1.0626', 'joint_avg_loss': '1.6234', 'cl_avg_loss': '5.6077', 'itemcl_loss': '0.0000', 'cl_pair_0_loss': '5.6077'}
Recommendation EP_test:8: 100%|| 35/35 [00:08<00:00,  4.16it/s]
{'Epoch': 8, 'name': 'high_freq', 'HIT@5': '0.0138', 'NDCG@5': '0.0088', 'HIT@10': '0.0256', 'NDCG@10': '0.0125', 'HIT@20': '0.0437', 'NDCG@20': '0.0171'}
{'Epoch': 8, 'name': 'mid_freq', 'HIT@5': '0.0000', 'NDCG@5': '0.0000', 'HIT@10': '0.0000', 'NDCG@10': '0.0000', 'HIT@20': '0.0000', 'NDCG@20': '0.0000'}
{'Epoch': 8, 'name': 'low_freq', 'HIT@5': '0.0000', 'NDCG@5': '0.0000', 'HIT@10': '0.0000', 'NDCG@10': '0.0000', 'HIT@20': '0.0000', 'NDCG@20': '0.0000'}
{'Epoch': 8, 'name': 'all', 'HIT@5': '0.0094', 'NDCG@5': '0.0060', 'HIT@10': '0.0174', 'NDCG@10': '0.0085', 'HIT@20': '0.0297', 'NDCG@20': '0.0116'}
Validation score increased.  Saving model ...
rec dataset length: 186
100%|█████████████████████████████████████████████████████████████████████████████████████████████████████████████████████████████████████████| 186/186 [00:47<00:00,  3.88it/s]
{'epoch': 9, 'rec_avg_loss': '1.0371', 'joint_avg_loss': '1.5953', 'cl_avg_loss': '5.5824', 'itemcl_loss': '0.0000', 'cl_pair_0_loss': '5.5824'}
Recommendation EP_test:9: 100%|| 35/35 [00:08<00:00,  4.10it/s]
{'Epoch': 9, 'name': 'high_freq', 'HIT@5': '0.0157', 'NDCG@5': '0.0101', 'HIT@10': '0.0277', 'NDCG@10': '0.0139', 'HIT@20': '0.0474', 'NDCG@20': '0.0189'}
{'Epoch': 9, 'name': 'mid_freq', 'HIT@5': '0.0000', 'NDCG@5': '0.0000', 'HIT@10': '0.0001', 'NDCG@10': '0.0000', 'HIT@20': '0.0001', 'NDCG@20': '0.0000'}
{'Epoch': 9, 'name': 'low_freq', 'HIT@5': '0.0000', 'NDCG@5': '0.0000', 'HIT@10': '0.0000', 'NDCG@10': '0.0000', 'HIT@20': '0.0000', 'NDCG@20': '0.0000'}
{'Epoch': 9, 'name': 'all', 'HIT@5': '0.0107', 'NDCG@5': '0.0069', 'HIT@10': '0.0188', 'NDCG@10': '0.0095', 'HIT@20': '0.0322', 'NDCG@20': '0.0128'}
Validation score increased.  Saving model ...
rec dataset length: 186
100%|█████████████████████████████████████████████████████████████████████████████████████████████████████████████████████████████████████████| 186/186 [00:47<00:00,  3.90it/s]
{'epoch': 10, 'rec_avg_loss': '1.0116', 'joint_avg_loss': '1.5651', 'cl_avg_loss': '5.5347', 'itemcl_loss': '0.0000', 'cl_pair_0_loss': '5.5347'}
Recommendation EP_test:10: 100%|| 35/35 [00:08<00:00,  4.23it/s]
{'Epoch': 10, 'name': 'high_freq', 'HIT@5': '0.0193', 'NDCG@5': '0.0122', 'HIT@10': '0.0332', 'NDCG@10': '0.0166', 'HIT@20': '0.0543', 'NDCG@20': '0.0219'}
{'Epoch': 10, 'name': 'mid_freq', 'HIT@5': '0.0001', 'NDCG@5': '0.0001', 'HIT@10': '0.0001', 'NDCG@10': '0.0001', 'HIT@20': '0.0003', 'NDCG@20': '0.0001'}
{'Epoch': 10, 'name': 'low_freq', 'HIT@5': '0.0000', 'NDCG@5': '0.0000', 'HIT@10': '0.0000', 'NDCG@10': '0.0000', 'HIT@20': '0.0000', 'NDCG@20': '0.0000'}
{'Epoch': 10, 'name': 'all', 'HIT@5': '0.0131', 'NDCG@5': '0.0083', 'HIT@10': '0.0226', 'NDCG@10': '0.0113', 'HIT@20': '0.0370', 'NDCG@20': '0.0149'}
Validation score increased.  Saving model ...
rec dataset length: 186
100%|█████████████████████████████████████████████████████████████████████████████████████████████████████████████████████████████████████████| 186/186 [00:47<00:00,  3.91it/s]
{'epoch': 11, 'rec_avg_loss': '0.9819', 'joint_avg_loss': '1.5330', 'cl_avg_loss': '5.5115', 'itemcl_loss': '0.0000', 'cl_pair_0_loss': '5.5115'}
Recommendation EP_test:11: 100%|| 35/35 [00:08<00:00,  4.20it/s]
{'Epoch': 11, 'name': 'high_freq', 'HIT@5': '0.0209', 'NDCG@5': '0.0131', 'HIT@10': '0.0348', 'NDCG@10': '0.0175', 'HIT@20': '0.0583', 'NDCG@20': '0.0235'}
{'Epoch': 11, 'name': 'mid_freq', 'HIT@5': '0.0001', 'NDCG@5': '0.0001', 'HIT@10': '0.0003', 'NDCG@10': '0.0002', 'HIT@20': '0.0003', 'NDCG@20': '0.0002'}
{'Epoch': 11, 'name': 'low_freq', 'HIT@5': '0.0000', 'NDCG@5': '0.0000', 'HIT@10': '0.0000', 'NDCG@10': '0.0000', 'HIT@20': '0.0000', 'NDCG@20': '0.0000'}
{'Epoch': 11, 'name': 'all', 'HIT@5': '0.0142', 'NDCG@5': '0.0089', 'HIT@10': '0.0237', 'NDCG@10': '0.0120', 'HIT@20': '0.0397', 'NDCG@20': '0.0160'}
Validation score increased.  Saving model ...
rec dataset length: 186
100%|█████████████████████████████████████████████████████████████████████████████████████████████████████████████████████████████████████████| 186/186 [00:47<00:00,  3.89it/s]
{'epoch': 12, 'rec_avg_loss': '0.9583', 'joint_avg_loss': '1.5079', 'cl_avg_loss': '5.4961', 'itemcl_loss': '0.0000', 'cl_pair_0_loss': '5.4961'}
Recommendation EP_test:12: 100%|| 35/35 [00:08<00:00,  3.97it/s]
{'Epoch': 12, 'name': 'high_freq', 'HIT@5': '0.0230', 'NDCG@5': '0.0147', 'HIT@10': '0.0391', 'NDCG@10': '0.0198', 'HIT@20': '0.0622', 'NDCG@20': '0.0256'}
{'Epoch': 12, 'name': 'mid_freq', 'HIT@5': '0.0001', 'NDCG@5': '0.0001', 'HIT@10': '0.0003', 'NDCG@10': '0.0001', 'HIT@20': '0.0006', 'NDCG@20': '0.0002'}
{'Epoch': 12, 'name': 'low_freq', 'HIT@5': '0.0000', 'NDCG@5': '0.0000', 'HIT@10': '0.0000', 'NDCG@10': '0.0000', 'HIT@20': '0.0000', 'NDCG@20': '0.0000'}
{'Epoch': 12, 'name': 'all', 'HIT@5': '0.0157', 'NDCG@5': '0.0100', 'HIT@10': '0.0267', 'NDCG@10': '0.0135', 'HIT@20': '0.0424', 'NDCG@20': '0.0175'}
Validation score increased.  Saving model ...
rec dataset length: 186
100%|█████████████████████████████████████████████████████████████████████████████████████████████████████████████████████████████████████████| 186/186 [00:47<00:00,  3.90it/s]
{'epoch': 13, 'rec_avg_loss': '0.9363', 'joint_avg_loss': '1.4832', 'cl_avg_loss': '5.4696', 'itemcl_loss': '0.0000', 'cl_pair_0_loss': '5.4696'}
Recommendation EP_test:13: 100%|| 35/35 [00:08<00:00,  4.03it/s]
{'Epoch': 13, 'name': 'high_freq', 'HIT@5': '0.0249', 'NDCG@5': '0.0159', 'HIT@10': '0.0420', 'NDCG@10': '0.0214', 'HIT@20': '0.0676', 'NDCG@20': '0.0278'}
{'Epoch': 13, 'name': 'mid_freq', 'HIT@5': '0.0003', 'NDCG@5': '0.0002', 'HIT@10': '0.0006', 'NDCG@10': '0.0003', 'HIT@20': '0.0010', 'NDCG@20': '0.0004'}
{'Epoch': 13, 'name': 'low_freq', 'HIT@5': '0.0000', 'NDCG@5': '0.0000', 'HIT@10': '0.0000', 'NDCG@10': '0.0000', 'HIT@20': '0.0000', 'NDCG@20': '0.0000'}
{'Epoch': 13, 'name': 'all', 'HIT@5': '0.0170', 'NDCG@5': '0.0108', 'HIT@10': '0.0287', 'NDCG@10': '0.0146', 'HIT@20': '0.0462', 'NDCG@20': '0.0190'}
Validation score increased.  Saving model ...
rec dataset length: 186
100%|█████████████████████████████████████████████████████████████████████████████████████████████████████████████████████████████████████████| 186/186 [00:47<00:00,  3.90it/s]
{'epoch': 14, 'rec_avg_loss': '0.9150', 'joint_avg_loss': '1.4604', 'cl_avg_loss': '5.4538', 'itemcl_loss': '0.0000', 'cl_pair_0_loss': '5.4538'}
Recommendation EP_test:14: 100%|| 35/35 [00:08<00:00,  3.96it/s]
{'Epoch': 14, 'name': 'high_freq', 'HIT@5': '0.0249', 'NDCG@5': '0.0155', 'HIT@10': '0.0439', 'NDCG@10': '0.0216', 'HIT@20': '0.0718', 'NDCG@20': '0.0286'}
{'Epoch': 14, 'name': 'mid_freq', 'HIT@5': '0.0003', 'NDCG@5': '0.0002', 'HIT@10': '0.0007', 'NDCG@10': '0.0004', 'HIT@20': '0.0014', 'NDCG@20': '0.0006'}
{'Epoch': 14, 'name': 'low_freq', 'HIT@5': '0.0000', 'NDCG@5': '0.0000', 'HIT@10': '0.0000', 'NDCG@10': '0.0000', 'HIT@20': '0.0000', 'NDCG@20': '0.0000'}
{'Epoch': 14, 'name': 'all', 'HIT@5': '0.0170', 'NDCG@5': '0.0106', 'HIT@10': '0.0300', 'NDCG@10': '0.0148', 'HIT@20': '0.0491', 'NDCG@20': '0.0196'}
Validation score increased.  Saving model ...
rec dataset length: 186
100%|█████████████████████████████████████████████████████████████████████████████████████████████████████████████████████████████████████████| 186/186 [00:47<00:00,  3.90it/s]
{'epoch': 15, 'rec_avg_loss': '0.8935', 'joint_avg_loss': '1.4376', 'cl_avg_loss': '5.4409', 'itemcl_loss': '0.0000', 'cl_pair_0_loss': '5.4409'}
Recommendation EP_test:15: 100%|| 35/35 [00:08<00:00,  3.94it/s]
{'Epoch': 15, 'name': 'high_freq', 'HIT@5': '0.0249', 'NDCG@5': '0.0153', 'HIT@10': '0.0434', 'NDCG@10': '0.0213', 'HIT@20': '0.0710', 'NDCG@20': '0.0282'}
{'Epoch': 15, 'name': 'mid_freq', 'HIT@5': '0.0006', 'NDCG@5': '0.0004', 'HIT@10': '0.0010', 'NDCG@10': '0.0006', 'HIT@20': '0.0016', 'NDCG@20': '0.0007'}
{'Epoch': 15, 'name': 'low_freq', 'HIT@5': '0.0000', 'NDCG@5': '0.0000', 'HIT@10': '0.0000', 'NDCG@10': '0.0000', 'HIT@20': '0.0002', 'NDCG@20': '0.0001'}
{'Epoch': 15, 'name': 'all', 'HIT@5': '0.0171', 'NDCG@5': '0.0105', 'HIT@10': '0.0297', 'NDCG@10': '0.0146', 'HIT@20': '0.0487', 'NDCG@20': '0.0193'}
EarlyStopping counter: 1 out of 40
rec dataset length: 186
100%|█████████████████████████████████████████████████████████████████████████████████████████████████████████████████████████████████████████| 186/186 [00:47<00:00,  3.90it/s]
{'epoch': 16, 'rec_avg_loss': '0.8747', 'joint_avg_loss': '1.4167', 'cl_avg_loss': '5.4203', 'itemcl_loss': '0.0000', 'cl_pair_0_loss': '5.4203'}
Recommendation EP_test:16: 100%|| 35/35 [00:08<00:00,  3.97it/s]
{'Epoch': 16, 'name': 'high_freq', 'HIT@5': '0.0265', 'NDCG@5': '0.0168', 'HIT@10': '0.0457', 'NDCG@10': '0.0229', 'HIT@20': '0.0749', 'NDCG@20': '0.0303'}
{'Epoch': 16, 'name': 'mid_freq', 'HIT@5': '0.0009', 'NDCG@5': '0.0007', 'HIT@10': '0.0013', 'NDCG@10': '0.0008', 'HIT@20': '0.0017', 'NDCG@20': '0.0010'}
{'Epoch': 16, 'name': 'low_freq', 'HIT@5': '0.0000', 'NDCG@5': '0.0000', 'HIT@10': '0.0000', 'NDCG@10': '0.0000', 'HIT@20': '0.0002', 'NDCG@20': '0.0001'}
{'Epoch': 16, 'name': 'all', 'HIT@5': '0.0182', 'NDCG@5': '0.0116', 'HIT@10': '0.0313', 'NDCG@10': '0.0158', 'HIT@20': '0.0513', 'NDCG@20': '0.0208'}
Validation score increased.  Saving model ...
rec dataset length: 186
100%|█████████████████████████████████████████████████████████████████████████████████████████████████████████████████████████████████████████| 186/186 [00:47<00:00,  3.88it/s]
{'epoch': 17, 'rec_avg_loss': '0.8569', 'joint_avg_loss': '1.3968', 'cl_avg_loss': '5.3986', 'itemcl_loss': '0.0000', 'cl_pair_0_loss': '5.3986'}
Recommendation EP_test:17: 100%|| 35/35 [00:08<00:00,  3.99it/s]
{'Epoch': 17, 'name': 'high_freq', 'HIT@5': '0.0300', 'NDCG@5': '0.0189', 'HIT@10': '0.0499', 'NDCG@10': '0.0253', 'HIT@20': '0.0790', 'NDCG@20': '0.0326'}
{'Epoch': 17, 'name': 'mid_freq', 'HIT@5': '0.0010', 'NDCG@5': '0.0007', 'HIT@10': '0.0014', 'NDCG@10': '0.0008', 'HIT@20': '0.0017', 'NDCG@20': '0.0009'}
{'Epoch': 17, 'name': 'low_freq', 'HIT@5': '0.0000', 'NDCG@5': '0.0000', 'HIT@10': '0.0005', 'NDCG@10': '0.0001', 'HIT@20': '0.0005', 'NDCG@20': '0.0001'}
{'Epoch': 17, 'name': 'all', 'HIT@5': '0.0206', 'NDCG@5': '0.0130', 'HIT@10': '0.0343', 'NDCG@10': '0.0174', 'HIT@20': '0.0541', 'NDCG@20': '0.0223'}
Validation score increased.  Saving model ...
rec dataset length: 186
100%|█████████████████████████████████████████████████████████████████████████████████████████████████████████████████████████████████████████| 186/186 [00:47<00:00,  3.90it/s]
{'epoch': 18, 'rec_avg_loss': '0.8406', 'joint_avg_loss': '1.3783', 'cl_avg_loss': '5.3772', 'itemcl_loss': '0.0000', 'cl_pair_0_loss': '5.3772'}
Recommendation EP_test:18: 100%|| 35/35 [00:08<00:00,  3.91it/s]
{'Epoch': 18, 'name': 'high_freq', 'HIT@5': '0.0294', 'NDCG@5': '0.0185', 'HIT@10': '0.0510', 'NDCG@10': '0.0254', 'HIT@20': '0.0794', 'NDCG@20': '0.0325'}
{'Epoch': 18, 'name': 'mid_freq', 'HIT@5': '0.0013', 'NDCG@5': '0.0009', 'HIT@10': '0.0019', 'NDCG@10': '0.0011', 'HIT@20': '0.0022', 'NDCG@20': '0.0011'}
{'Epoch': 18, 'name': 'low_freq', 'HIT@5': '0.0000', 'NDCG@5': '0.0000', 'HIT@10': '0.0005', 'NDCG@10': '0.0001', 'HIT@20': '0.0007', 'NDCG@20': '0.0002'}
{'Epoch': 18, 'name': 'all', 'HIT@5': '0.0203', 'NDCG@5': '0.0128', 'HIT@10': '0.0351', 'NDCG@10': '0.0175', 'HIT@20': '0.0546', 'NDCG@20': '0.0224'}
Validation score increased.  Saving model ...
rec dataset length: 186
100%|█████████████████████████████████████████████████████████████████████████████████████████████████████████████████████████████████████████| 186/186 [00:47<00:00,  3.90it/s]
{'epoch': 19, 'rec_avg_loss': '0.8232', 'joint_avg_loss': '1.3589', 'cl_avg_loss': '5.3578', 'itemcl_loss': '0.0000', 'cl_pair_0_loss': '5.3578'}
Recommendation EP_test:19: 100%|| 35/35 [00:08<00:00,  3.95it/s]
{'Epoch': 19, 'name': 'high_freq', 'HIT@5': '0.0297', 'NDCG@5': '0.0185', 'HIT@10': '0.0516', 'NDCG@10': '0.0256', 'HIT@20': '0.0829', 'NDCG@20': '0.0335'}
{'Epoch': 19, 'name': 'mid_freq', 'HIT@5': '0.0013', 'NDCG@5': '0.0008', 'HIT@10': '0.0019', 'NDCG@10': '0.0010', 'HIT@20': '0.0024', 'NDCG@20': '0.0011'}
{'Epoch': 19, 'name': 'low_freq', 'HIT@5': '0.0002', 'NDCG@5': '0.0001', 'HIT@10': '0.0009', 'NDCG@10': '0.0003', 'HIT@20': '0.0011', 'NDCG@20': '0.0004'}
{'Epoch': 19, 'name': 'all', 'HIT@5': '0.0205', 'NDCG@5': '0.0128', 'HIT@10': '0.0356', 'NDCG@10': '0.0176', 'HIT@20': '0.0570', 'NDCG@20': '0.0230'}
Validation score increased.  Saving model ...
rec dataset length: 186
100%|█████████████████████████████████████████████████████████████████████████████████████████████████████████████████████████████████████████| 186/186 [00:47<00:00,  3.91it/s]
{'epoch': 20, 'rec_avg_loss': '0.8085', 'joint_avg_loss': '1.3428', 'cl_avg_loss': '5.3431', 'itemcl_loss': '0.0000', 'cl_pair_0_loss': '5.3431'}
Recommendation EP_test:20: 100%|| 35/35 [00:08<00:00,  4.02it/s]
{'Epoch': 20, 'name': 'high_freq', 'HIT@5': '0.0321', 'NDCG@5': '0.0198', 'HIT@10': '0.0531', 'NDCG@10': '0.0265', 'HIT@20': '0.0846', 'NDCG@20': '0.0345'}
{'Epoch': 20, 'name': 'mid_freq', 'HIT@5': '0.0013', 'NDCG@5': '0.0007', 'HIT@10': '0.0016', 'NDCG@10': '0.0008', 'HIT@20': '0.0027', 'NDCG@20': '0.0011'}
{'Epoch': 20, 'name': 'low_freq', 'HIT@5': '0.0005', 'NDCG@5': '0.0002', 'HIT@10': '0.0009', 'NDCG@10': '0.0004', 'HIT@20': '0.0014', 'NDCG@20': '0.0005'}
{'Epoch': 20, 'name': 'all', 'HIT@5': '0.0221', 'NDCG@5': '0.0136', 'HIT@10': '0.0366', 'NDCG@10': '0.0183', 'HIT@20': '0.0583', 'NDCG@20': '0.0237'}
Validation score increased.  Saving model ...
rec dataset length: 186
100%|█████████████████████████████████████████████████████████████████████████████████████████████████████████████████████████████████████████| 186/186 [00:47<00:00,  3.89it/s]
{'epoch': 21, 'rec_avg_loss': '0.7929', 'joint_avg_loss': '1.3257', 'cl_avg_loss': '5.3281', 'itemcl_loss': '0.0000', 'cl_pair_0_loss': '5.3281'}
Recommendation EP_test:21: 100%|| 35/35 [00:08<00:00,  4.03it/s]
{'Epoch': 21, 'name': 'high_freq', 'HIT@5': '0.0317', 'NDCG@5': '0.0200', 'HIT@10': '0.0541', 'NDCG@10': '0.0271', 'HIT@20': '0.0852', 'NDCG@20': '0.0349'}
{'Epoch': 21, 'name': 'mid_freq', 'HIT@5': '0.0011', 'NDCG@5': '0.0010', 'HIT@10': '0.0020', 'NDCG@10': '0.0012', 'HIT@20': '0.0032', 'NDCG@20': '0.0015'}
{'Epoch': 21, 'name': 'low_freq', 'HIT@5': '0.0002', 'NDCG@5': '0.0001', 'HIT@10': '0.0007', 'NDCG@10': '0.0002', 'HIT@20': '0.0018', 'NDCG@20': '0.0005'}
{'Epoch': 21, 'name': 'all', 'HIT@5': '0.0218', 'NDCG@5': '0.0138', 'HIT@10': '0.0373', 'NDCG@10': '0.0187', 'HIT@20': '0.0588', 'NDCG@20': '0.0241'}
Validation score increased.  Saving model ...
rec dataset length: 186
100%|█████████████████████████████████████████████████████████████████████████████████████████████████████████████████████████████████████████| 186/186 [00:47<00:00,  3.89it/s]
{'epoch': 22, 'rec_avg_loss': '0.7823', 'joint_avg_loss': '1.3133', 'cl_avg_loss': '5.3105', 'itemcl_loss': '0.0000', 'cl_pair_0_loss': '5.3105'}
Recommendation EP_test:22: 100%|| 35/35 [00:08<00:00,  3.98it/s]
{'Epoch': 22, 'name': 'high_freq', 'HIT@5': '0.0341', 'NDCG@5': '0.0218', 'HIT@10': '0.0564', 'NDCG@10': '0.0289', 'HIT@20': '0.0890', 'NDCG@20': '0.0371'}
{'Epoch': 22, 'name': 'mid_freq', 'HIT@5': '0.0016', 'NDCG@5': '0.0012', 'HIT@10': '0.0029', 'NDCG@10': '0.0016', 'HIT@20': '0.0033', 'NDCG@20': '0.0017'}
{'Epoch': 22, 'name': 'low_freq', 'HIT@5': '0.0007', 'NDCG@5': '0.0004', 'HIT@10': '0.0011', 'NDCG@10': '0.0006', 'HIT@20': '0.0020', 'NDCG@20': '0.0008'}
{'Epoch': 22, 'name': 'all', 'HIT@5': '0.0236', 'NDCG@5': '0.0151', 'HIT@10': '0.0390', 'NDCG@10': '0.0200', 'HIT@20': '0.0615', 'NDCG@20': '0.0257'}
Validation score increased.  Saving model ...
rec dataset length: 186
100%|█████████████████████████████████████████████████████████████████████████████████████████████████████████████████████████████████████████| 186/186 [00:47<00:00,  3.89it/s]
{'epoch': 23, 'rec_avg_loss': '0.7681', 'joint_avg_loss': '1.2974', 'cl_avg_loss': '5.2924', 'itemcl_loss': '0.0000', 'cl_pair_0_loss': '5.2924'}
Recommendation EP_test:23: 100%|| 35/35 [00:08<00:00,  4.00it/s]
{'Epoch': 23, 'name': 'high_freq', 'HIT@5': '0.0346', 'NDCG@5': '0.0220', 'HIT@10': '0.0569', 'NDCG@10': '0.0291', 'HIT@20': '0.0870', 'NDCG@20': '0.0367'}
{'Epoch': 23, 'name': 'mid_freq', 'HIT@5': '0.0017', 'NDCG@5': '0.0011', 'HIT@10': '0.0026', 'NDCG@10': '0.0013', 'HIT@20': '0.0030', 'NDCG@20': '0.0014'}
{'Epoch': 23, 'name': 'low_freq', 'HIT@5': '0.0009', 'NDCG@5': '0.0005', 'HIT@10': '0.0011', 'NDCG@10': '0.0006', 'HIT@20': '0.0018', 'NDCG@20': '0.0008'}
{'Epoch': 23, 'name': 'all', 'HIT@5': '0.0240', 'NDCG@5': '0.0152', 'HIT@10': '0.0393', 'NDCG@10': '0.0201', 'HIT@20': '0.0600', 'NDCG@20': '0.0253'}
EarlyStopping counter: 1 out of 40
rec dataset length: 186
100%|█████████████████████████████████████████████████████████████████████████████████████████████████████████████████████████████████████████| 186/186 [00:47<00:00,  3.90it/s]
{'epoch': 24, 'rec_avg_loss': '0.7589', 'joint_avg_loss': '1.2865', 'cl_avg_loss': '5.2759', 'itemcl_loss': '0.0000', 'cl_pair_0_loss': '5.2759'}
Recommendation EP_test:24: 100%|| 35/35 [00:08<00:00,  4.00it/s]
{'Epoch': 24, 'name': 'high_freq', 'HIT@5': '0.0341', 'NDCG@5': '0.0220', 'HIT@10': '0.0571', 'NDCG@10': '0.0293', 'HIT@20': '0.0912', 'NDCG@20': '0.0379'}
{'Epoch': 24, 'name': 'mid_freq', 'HIT@5': '0.0016', 'NDCG@5': '0.0012', 'HIT@10': '0.0029', 'NDCG@10': '0.0016', 'HIT@20': '0.0040', 'NDCG@20': '0.0019'}
{'Epoch': 24, 'name': 'low_freq', 'HIT@5': '0.0020', 'NDCG@5': '0.0013', 'HIT@10': '0.0020', 'NDCG@10': '0.0013', 'HIT@20': '0.0023', 'NDCG@20': '0.0013'}
{'Epoch': 24, 'name': 'all', 'HIT@5': '0.0238', 'NDCG@5': '0.0153', 'HIT@10': '0.0396', 'NDCG@10': '0.0204', 'HIT@20': '0.0631', 'NDCG@20': '0.0263'}
Validation score increased.  Saving model ...
rec dataset length: 186
100%|█████████████████████████████████████████████████████████████████████████████████████████████████████████████████████████████████████████| 186/186 [00:47<00:00,  3.90it/s]
{'epoch': 25, 'rec_avg_loss': '0.7460', 'joint_avg_loss': '1.2734', 'cl_avg_loss': '5.2740', 'itemcl_loss': '0.0000', 'cl_pair_0_loss': '5.2740'}
Recommendation EP_test:25: 100%|| 35/35 [00:08<00:00,  3.99it/s]
{'Epoch': 25, 'name': 'high_freq', 'HIT@5': '0.0352', 'NDCG@5': '0.0222', 'HIT@10': '0.0590', 'NDCG@10': '0.0298', 'HIT@20': '0.0919', 'NDCG@20': '0.0381'}
{'Epoch': 25, 'name': 'mid_freq', 'HIT@5': '0.0014', 'NDCG@5': '0.0011', 'HIT@10': '0.0029', 'NDCG@10': '0.0016', 'HIT@20': '0.0040', 'NDCG@20': '0.0019'}
{'Epoch': 25, 'name': 'low_freq', 'HIT@5': '0.0018', 'NDCG@5': '0.0011', 'HIT@10': '0.0025', 'NDCG@10': '0.0013', 'HIT@20': '0.0032', 'NDCG@20': '0.0015'}
{'Epoch': 25, 'name': 'all', 'HIT@5': '0.0245', 'NDCG@5': '0.0154', 'HIT@10': '0.0410', 'NDCG@10': '0.0208', 'HIT@20': '0.0637', 'NDCG@20': '0.0265'}
Validation score increased.  Saving model ...
rec dataset length: 186
100%|█████████████████████████████████████████████████████████████████████████████████████████████████████████████████████████████████████████| 186/186 [00:47<00:00,  3.88it/s]
{'epoch': 26, 'rec_avg_loss': '0.7360', 'joint_avg_loss': '1.2608', 'cl_avg_loss': '5.2479', 'itemcl_loss': '0.0000', 'cl_pair_0_loss': '5.2479'}
Recommendation EP_test:26: 100%|| 35/35 [00:08<00:00,  4.00it/s]
{'Epoch': 26, 'name': 'high_freq', 'HIT@5': '0.0357', 'NDCG@5': '0.0231', 'HIT@10': '0.0586', 'NDCG@10': '0.0305', 'HIT@20': '0.0928', 'NDCG@20': '0.0390'}
{'Epoch': 26, 'name': 'mid_freq', 'HIT@5': '0.0017', 'NDCG@5': '0.0012', 'HIT@10': '0.0029', 'NDCG@10': '0.0015', 'HIT@20': '0.0047', 'NDCG@20': '0.0020'}
{'Epoch': 26, 'name': 'low_freq', 'HIT@5': '0.0018', 'NDCG@5': '0.0013', 'HIT@10': '0.0020', 'NDCG@10': '0.0013', 'HIT@20': '0.0027', 'NDCG@20': '0.0015'}
{'Epoch': 26, 'name': 'all', 'HIT@5': '0.0249', 'NDCG@5': '0.0161', 'HIT@10': '0.0406', 'NDCG@10': '0.0212', 'HIT@20': '0.0644', 'NDCG@20': '0.0271'}
Validation score increased.  Saving model ...
rec dataset length: 186
100%|█████████████████████████████████████████████████████████████████████████████████████████████████████████████████████████████████████████| 186/186 [00:47<00:00,  3.89it/s]
{'epoch': 27, 'rec_avg_loss': '0.7235', 'joint_avg_loss': '1.2487', 'cl_avg_loss': '5.2525', 'itemcl_loss': '0.0000', 'cl_pair_0_loss': '5.2525'}
Recommendation EP_test:27: 100%|| 35/35 [00:08<00:00,  3.97it/s]
{'Epoch': 27, 'name': 'high_freq', 'HIT@5': '0.0358', 'NDCG@5': '0.0235', 'HIT@10': '0.0600', 'NDCG@10': '0.0313', 'HIT@20': '0.0940', 'NDCG@20': '0.0399'}
{'Epoch': 27, 'name': 'mid_freq', 'HIT@5': '0.0023', 'NDCG@5': '0.0014', 'HIT@10': '0.0030', 'NDCG@10': '0.0017', 'HIT@20': '0.0047', 'NDCG@20': '0.0021'}
{'Epoch': 27, 'name': 'low_freq', 'HIT@5': '0.0018', 'NDCG@5': '0.0012', 'HIT@10': '0.0018', 'NDCG@10': '0.0012', 'HIT@20': '0.0023', 'NDCG@20': '0.0013'}
{'Epoch': 27, 'name': 'all', 'HIT@5': '0.0250', 'NDCG@5': '0.0164', 'HIT@10': '0.0417', 'NDCG@10': '0.0218', 'HIT@20': '0.0652', 'NDCG@20': '0.0277'}
Validation score increased.  Saving model ...
rec dataset length: 186
100%|█████████████████████████████████████████████████████████████████████████████████████████████████████████████████████████████████████████| 186/186 [00:47<00:00,  3.90it/s]
{'epoch': 28, 'rec_avg_loss': '0.7126', 'joint_avg_loss': '1.2352', 'cl_avg_loss': '5.2252', 'itemcl_loss': '0.0000', 'cl_pair_0_loss': '5.2252'}
Recommendation EP_test:28: 100%|| 35/35 [00:08<00:00,  4.02it/s]
{'Epoch': 28, 'name': 'high_freq', 'HIT@5': '0.0372', 'NDCG@5': '0.0245', 'HIT@10': '0.0625', 'NDCG@10': '0.0326', 'HIT@20': '0.0959', 'NDCG@20': '0.0410'}
{'Epoch': 28, 'name': 'mid_freq', 'HIT@5': '0.0027', 'NDCG@5': '0.0018', 'HIT@10': '0.0039', 'NDCG@10': '0.0022', 'HIT@20': '0.0055', 'NDCG@20': '0.0026'}
{'Epoch': 28, 'name': 'low_freq', 'HIT@5': '0.0020', 'NDCG@5': '0.0013', 'HIT@10': '0.0027', 'NDCG@10': '0.0015', 'HIT@20': '0.0036', 'NDCG@20': '0.0018'}
{'Epoch': 28, 'name': 'all', 'HIT@5': '0.0261', 'NDCG@5': '0.0172', 'HIT@10': '0.0436', 'NDCG@10': '0.0228', 'HIT@20': '0.0667', 'NDCG@20': '0.0286'}
Validation score increased.  Saving model ...
rec dataset length: 186
100%|█████████████████████████████████████████████████████████████████████████████████████████████████████████████████████████████████████████| 186/186 [00:47<00:00,  3.90it/s]
{'epoch': 29, 'rec_avg_loss': '0.7043', 'joint_avg_loss': '1.2271', 'cl_avg_loss': '5.2281', 'itemcl_loss': '0.0000', 'cl_pair_0_loss': '5.2281'}
Recommendation EP_test:29: 100%|| 35/35 [00:09<00:00,  3.78it/s]
{'Epoch': 29, 'name': 'high_freq', 'HIT@5': '0.0375', 'NDCG@5': '0.0247', 'HIT@10': '0.0630', 'NDCG@10': '0.0329', 'HIT@20': '0.0975', 'NDCG@20': '0.0416'}
{'Epoch': 29, 'name': 'mid_freq', 'HIT@5': '0.0032', 'NDCG@5': '0.0023', 'HIT@10': '0.0039', 'NDCG@10': '0.0025', 'HIT@20': '0.0060', 'NDCG@20': '0.0031'}
{'Epoch': 29, 'name': 'low_freq', 'HIT@5': '0.0020', 'NDCG@5': '0.0014', 'HIT@10': '0.0027', 'NDCG@10': '0.0016', 'HIT@20': '0.0043', 'NDCG@20': '0.0020'}
{'Epoch': 29, 'name': 'all', 'HIT@5': '0.0263', 'NDCG@5': '0.0174', 'HIT@10': '0.0439', 'NDCG@10': '0.0231', 'HIT@20': '0.0680', 'NDCG@20': '0.0291'}
Validation score increased.  Saving model ...
rec dataset length: 186
100%|█████████████████████████████████████████████████████████████████████████████████████████████████████████████████████████████████████████| 186/186 [00:47<00:00,  3.88it/s]
{'epoch': 30, 'rec_avg_loss': '0.6957', 'joint_avg_loss': '1.2165', 'cl_avg_loss': '5.2074', 'itemcl_loss': '0.0000', 'cl_pair_0_loss': '5.2074'}
Recommendation EP_test:30: 100%|| 35/35 [00:08<00:00,  3.96it/s]
{'Epoch': 30, 'name': 'high_freq', 'HIT@5': '0.0376', 'NDCG@5': '0.0242', 'HIT@10': '0.0626', 'NDCG@10': '0.0322', 'HIT@20': '0.0971', 'NDCG@20': '0.0409'}
{'Epoch': 30, 'name': 'mid_freq', 'HIT@5': '0.0027', 'NDCG@5': '0.0018', 'HIT@10': '0.0043', 'NDCG@10': '0.0023', 'HIT@20': '0.0055', 'NDCG@20': '0.0026'}
{'Epoch': 30, 'name': 'low_freq', 'HIT@5': '0.0027', 'NDCG@5': '0.0016', 'HIT@10': '0.0032', 'NDCG@10': '0.0018', 'HIT@20': '0.0038', 'NDCG@20': '0.0019'}
{'Epoch': 30, 'name': 'all', 'HIT@5': '0.0264', 'NDCG@5': '0.0170', 'HIT@10': '0.0438', 'NDCG@10': '0.0226', 'HIT@20': '0.0676', 'NDCG@20': '0.0286'}
EarlyStopping counter: 1 out of 40
rec dataset length: 186
100%|█████████████████████████████████████████████████████████████████████████████████████████████████████████████████████████████████████████| 186/186 [00:47<00:00,  3.89it/s]
{'epoch': 31, 'rec_avg_loss': '0.6852', 'joint_avg_loss': '1.2053', 'cl_avg_loss': '5.2010', 'itemcl_loss': '0.0000', 'cl_pair_0_loss': '5.2010'}
Recommendation EP_test:31: 100%|| 35/35 [00:08<00:00,  4.01it/s]
{'Epoch': 31, 'name': 'high_freq', 'HIT@5': '0.0391', 'NDCG@5': '0.0250', 'HIT@10': '0.0637', 'NDCG@10': '0.0329', 'HIT@20': '0.0983', 'NDCG@20': '0.0416'}
{'Epoch': 31, 'name': 'mid_freq', 'HIT@5': '0.0030', 'NDCG@5': '0.0024', 'HIT@10': '0.0049', 'NDCG@10': '0.0029', 'HIT@20': '0.0059', 'NDCG@20': '0.0032'}
{'Epoch': 31, 'name': 'low_freq', 'HIT@5': '0.0027', 'NDCG@5': '0.0020', 'HIT@10': '0.0034', 'NDCG@10': '0.0022', 'HIT@20': '0.0041', 'NDCG@20': '0.0024'}
{'Epoch': 31, 'name': 'all', 'HIT@5': '0.0276', 'NDCG@5': '0.0177', 'HIT@10': '0.0447', 'NDCG@10': '0.0233', 'HIT@20': '0.0685', 'NDCG@20': '0.0292'}
Validation score increased.  Saving model ...
rec dataset length: 186
100%|█████████████████████████████████████████████████████████████████████████████████████████████████████████████████████████████████████████| 186/186 [00:47<00:00,  3.90it/s]
{'epoch': 32, 'rec_avg_loss': '0.6795', 'joint_avg_loss': '1.1992', 'cl_avg_loss': '5.1969', 'itemcl_loss': '0.0000', 'cl_pair_0_loss': '5.1969'}
Recommendation EP_test:32: 100%|| 35/35 [00:08<00:00,  4.08it/s]
{'Epoch': 32, 'name': 'high_freq', 'HIT@5': '0.0408', 'NDCG@5': '0.0260', 'HIT@10': '0.0634', 'NDCG@10': '0.0333', 'HIT@20': '0.0974', 'NDCG@20': '0.0418'}
{'Epoch': 32, 'name': 'mid_freq', 'HIT@5': '0.0029', 'NDCG@5': '0.0024', 'HIT@10': '0.0040', 'NDCG@10': '0.0028', 'HIT@20': '0.0068', 'NDCG@20': '0.0035'}
{'Epoch': 32, 'name': 'low_freq', 'HIT@5': '0.0029', 'NDCG@5': '0.0021', 'HIT@10': '0.0036', 'NDCG@10': '0.0024', 'HIT@20': '0.0043', 'NDCG@20': '0.0025'}
{'Epoch': 32, 'name': 'all', 'HIT@5': '0.0287', 'NDCG@5': '0.0184', 'HIT@10': '0.0444', 'NDCG@10': '0.0235', 'HIT@20': '0.0681', 'NDCG@20': '0.0295'}
Validation score increased.  Saving model ...
rec dataset length: 186
100%|█████████████████████████████████████████████████████████████████████████████████████████████████████████████████████████████████████████| 186/186 [00:47<00:00,  3.89it/s]
{'epoch': 33, 'rec_avg_loss': '0.6719', 'joint_avg_loss': '1.1902', 'cl_avg_loss': '5.1830', 'itemcl_loss': '0.0000', 'cl_pair_0_loss': '5.1830'}
Recommendation EP_test:33: 100%|| 35/35 [00:08<00:00,  4.00it/s]
{'Epoch': 33, 'name': 'high_freq', 'HIT@5': '0.0403', 'NDCG@5': '0.0258', 'HIT@10': '0.0634', 'NDCG@10': '0.0332', 'HIT@20': '0.0971', 'NDCG@20': '0.0417'}
{'Epoch': 33, 'name': 'mid_freq', 'HIT@5': '0.0032', 'NDCG@5': '0.0025', 'HIT@10': '0.0045', 'NDCG@10': '0.0030', 'HIT@20': '0.0063', 'NDCG@20': '0.0034'}
{'Epoch': 33, 'name': 'low_freq', 'HIT@5': '0.0034', 'NDCG@5': '0.0027', 'HIT@10': '0.0036', 'NDCG@10': '0.0027', 'HIT@20': '0.0043', 'NDCG@20': '0.0029'}
{'Epoch': 33, 'name': 'all', 'HIT@5': '0.0284', 'NDCG@5': '0.0184', 'HIT@10': '0.0444', 'NDCG@10': '0.0235', 'HIT@20': '0.0678', 'NDCG@20': '0.0294'}
EarlyStopping counter: 1 out of 40
rec dataset length: 186
100%|█████████████████████████████████████████████████████████████████████████████████████████████████████████████████████████████████████████| 186/186 [00:47<00:00,  3.90it/s]
{'epoch': 34, 'rec_avg_loss': '0.6626', 'joint_avg_loss': '1.1801', 'cl_avg_loss': '5.1751', 'itemcl_loss': '0.0000', 'cl_pair_0_loss': '5.1751'}
Recommendation EP_test:34: 100%|| 35/35 [00:08<00:00,  4.02it/s]
{'Epoch': 34, 'name': 'high_freq', 'HIT@5': '0.0411', 'NDCG@5': '0.0268', 'HIT@10': '0.0637', 'NDCG@10': '0.0341', 'HIT@20': '0.0974', 'NDCG@20': '0.0426'}
{'Epoch': 34, 'name': 'mid_freq', 'HIT@5': '0.0027', 'NDCG@5': '0.0022', 'HIT@10': '0.0046', 'NDCG@10': '0.0028', 'HIT@20': '0.0070', 'NDCG@20': '0.0034'}
{'Epoch': 34, 'name': 'low_freq', 'HIT@5': '0.0032', 'NDCG@5': '0.0026', 'HIT@10': '0.0036', 'NDCG@10': '0.0028', 'HIT@20': '0.0041', 'NDCG@20': '0.0029'}
{'Epoch': 34, 'name': 'all', 'HIT@5': '0.0289', 'NDCG@5': '0.0190', 'HIT@10': '0.0447', 'NDCG@10': '0.0241', 'HIT@20': '0.0681', 'NDCG@20': '0.0300'}
Validation score increased.  Saving model ...
rec dataset length: 186
100%|█████████████████████████████████████████████████████████████████████████████████████████████████████████████████████████████████████████| 186/186 [00:47<00:00,  3.88it/s]
{'epoch': 35, 'rec_avg_loss': '0.6554', 'joint_avg_loss': '1.1717', 'cl_avg_loss': '5.1630', 'itemcl_loss': '0.0000', 'cl_pair_0_loss': '5.1630'}
Recommendation EP_test:35: 100%|| 35/35 [00:08<00:00,  4.09it/s]
{'Epoch': 35, 'name': 'high_freq', 'HIT@5': '0.0406', 'NDCG@5': '0.0263', 'HIT@10': '0.0656', 'NDCG@10': '0.0343', 'HIT@20': '0.0983', 'NDCG@20': '0.0425'}
{'Epoch': 35, 'name': 'mid_freq', 'HIT@5': '0.0030', 'NDCG@5': '0.0023', 'HIT@10': '0.0047', 'NDCG@10': '0.0029', 'HIT@20': '0.0066', 'NDCG@20': '0.0033'}
{'Epoch': 35, 'name': 'low_freq', 'HIT@5': '0.0027', 'NDCG@5': '0.0020', 'HIT@10': '0.0032', 'NDCG@10': '0.0022', 'HIT@20': '0.0041', 'NDCG@20': '0.0024'}
{'Epoch': 35, 'name': 'all', 'HIT@5': '0.0286', 'NDCG@5': '0.0186', 'HIT@10': '0.0459', 'NDCG@10': '0.0242', 'HIT@20': '0.0687', 'NDCG@20': '0.0299'}
EarlyStopping counter: 1 out of 40
rec dataset length: 186
100%|█████████████████████████████████████████████████████████████████████████████████████████████████████████████████████████████████████████| 186/186 [00:47<00:00,  3.88it/s]
{'epoch': 36, 'rec_avg_loss': '0.6503', 'joint_avg_loss': '1.1655', 'cl_avg_loss': '5.1519', 'itemcl_loss': '0.0000', 'cl_pair_0_loss': '5.1519'}
Recommendation EP_test:36: 100%|| 35/35 [00:08<00:00,  4.06it/s]
{'Epoch': 36, 'name': 'high_freq', 'HIT@5': '0.0397', 'NDCG@5': '0.0256', 'HIT@10': '0.0645', 'NDCG@10': '0.0336', 'HIT@20': '0.0989', 'NDCG@20': '0.0422'}
{'Epoch': 36, 'name': 'mid_freq', 'HIT@5': '0.0032', 'NDCG@5': '0.0024', 'HIT@10': '0.0046', 'NDCG@10': '0.0029', 'HIT@20': '0.0066', 'NDCG@20': '0.0034'}
{'Epoch': 36, 'name': 'low_freq', 'HIT@5': '0.0029', 'NDCG@5': '0.0024', 'HIT@10': '0.0034', 'NDCG@10': '0.0025', 'HIT@20': '0.0041', 'NDCG@20': '0.0027'}
{'Epoch': 36, 'name': 'all', 'HIT@5': '0.0280', 'NDCG@5': '0.0182', 'HIT@10': '0.0452', 'NDCG@10': '0.0237', 'HIT@20': '0.0691', 'NDCG@20': '0.0297'}
EarlyStopping counter: 2 out of 40
rec dataset length: 186
100%|█████████████████████████████████████████████████████████████████████████████████████████████████████████████████████████████████████████| 186/186 [00:47<00:00,  3.89it/s]
{'epoch': 37, 'rec_avg_loss': '0.6429', 'joint_avg_loss': '1.1564', 'cl_avg_loss': '5.1353', 'itemcl_loss': '0.0000', 'cl_pair_0_loss': '5.1353'}
Recommendation EP_test:37: 100%|| 35/35 [00:08<00:00,  4.01it/s]
{'Epoch': 37, 'name': 'high_freq', 'HIT@5': '0.0406', 'NDCG@5': '0.0262', 'HIT@10': '0.0654', 'NDCG@10': '0.0341', 'HIT@20': '0.1003', 'NDCG@20': '0.0429'}
{'Epoch': 37, 'name': 'mid_freq', 'HIT@5': '0.0036', 'NDCG@5': '0.0026', 'HIT@10': '0.0043', 'NDCG@10': '0.0028', 'HIT@20': '0.0070', 'NDCG@20': '0.0035'}
{'Epoch': 37, 'name': 'low_freq', 'HIT@5': '0.0032', 'NDCG@5': '0.0025', 'HIT@10': '0.0036', 'NDCG@10': '0.0026', 'HIT@20': '0.0045', 'NDCG@20': '0.0029'}
{'Epoch': 37, 'name': 'all', 'HIT@5': '0.0287', 'NDCG@5': '0.0186', 'HIT@10': '0.0458', 'NDCG@10': '0.0241', 'HIT@20': '0.0702', 'NDCG@20': '0.0302'}
Validation score increased.  Saving model ...
rec dataset length: 186
100%|█████████████████████████████████████████████████████████████████████████████████████████████████████████████████████████████████████████| 186/186 [00:47<00:00,  3.90it/s]
{'epoch': 38, 'rec_avg_loss': '0.6331', 'joint_avg_loss': '1.1470', 'cl_avg_loss': '5.1385', 'itemcl_loss': '0.0000', 'cl_pair_0_loss': '5.1385'}
Recommendation EP_test:38: 100%|| 35/35 [00:08<00:00,  4.05it/s]
{'Epoch': 38, 'name': 'high_freq', 'HIT@5': '0.0391', 'NDCG@5': '0.0252', 'HIT@10': '0.0650', 'NDCG@10': '0.0335', 'HIT@20': '0.0992', 'NDCG@20': '0.0421'}
{'Epoch': 38, 'name': 'mid_freq', 'HIT@5': '0.0034', 'NDCG@5': '0.0025', 'HIT@10': '0.0049', 'NDCG@10': '0.0030', 'HIT@20': '0.0080', 'NDCG@20': '0.0038'}
{'Epoch': 38, 'name': 'low_freq', 'HIT@5': '0.0027', 'NDCG@5': '0.0024', 'HIT@10': '0.0036', 'NDCG@10': '0.0026', 'HIT@20': '0.0048', 'NDCG@20': '0.0029'}
{'Epoch': 38, 'name': 'all', 'HIT@5': '0.0276', 'NDCG@5': '0.0179', 'HIT@10': '0.0456', 'NDCG@10': '0.0237', 'HIT@20': '0.0697', 'NDCG@20': '0.0297'}
EarlyStopping counter: 1 out of 40
rec dataset length: 186
100%|█████████████████████████████████████████████████████████████████████████████████████████████████████████████████████████████████████████| 186/186 [00:47<00:00,  3.89it/s]
{'epoch': 39, 'rec_avg_loss': '0.6309', 'joint_avg_loss': '1.1442', 'cl_avg_loss': '5.1327', 'itemcl_loss': '0.0000', 'cl_pair_0_loss': '5.1327'}
Recommendation EP_test:39: 100%|| 35/35 [00:08<00:00,  4.01it/s]
{'Epoch': 39, 'name': 'high_freq', 'HIT@5': '0.0408', 'NDCG@5': '0.0263', 'HIT@10': '0.0654', 'NDCG@10': '0.0341', 'HIT@20': '0.1017', 'NDCG@20': '0.0433'}
{'Epoch': 39, 'name': 'mid_freq', 'HIT@5': '0.0034', 'NDCG@5': '0.0027', 'HIT@10': '0.0047', 'NDCG@10': '0.0031', 'HIT@20': '0.0076', 'NDCG@20': '0.0038'}
{'Epoch': 39, 'name': 'low_freq', 'HIT@5': '0.0027', 'NDCG@5': '0.0023', 'HIT@10': '0.0032', 'NDCG@10': '0.0024', 'HIT@20': '0.0048', 'NDCG@20': '0.0028'}
{'Epoch': 39, 'name': 'all', 'HIT@5': '0.0288', 'NDCG@5': '0.0187', 'HIT@10': '0.0458', 'NDCG@10': '0.0241', 'HIT@20': '0.0713', 'NDCG@20': '0.0305'}
Validation score increased.  Saving model ...
rec dataset length: 186
100%|█████████████████████████████████████████████████████████████████████████████████████████████████████████████████████████████████████████| 186/186 [00:47<00:00,  3.89it/s]
{'epoch': 40, 'rec_avg_loss': '0.6210', 'joint_avg_loss': '1.1324', 'cl_avg_loss': '5.1147', 'itemcl_loss': '0.0000', 'cl_pair_0_loss': '5.1147'}
Recommendation EP_test:40: 100%|| 35/35 [00:08<00:00,  4.06it/s]
{'Epoch': 40, 'name': 'high_freq', 'HIT@5': '0.0419', 'NDCG@5': '0.0270', 'HIT@10': '0.0657', 'NDCG@10': '0.0347', 'HIT@20': '0.1004', 'NDCG@20': '0.0434'}
{'Epoch': 40, 'name': 'mid_freq', 'HIT@5': '0.0034', 'NDCG@5': '0.0024', 'HIT@10': '0.0060', 'NDCG@10': '0.0032', 'HIT@20': '0.0080', 'NDCG@20': '0.0037'}
{'Epoch': 40, 'name': 'low_freq', 'HIT@5': '0.0027', 'NDCG@5': '0.0021', 'HIT@10': '0.0034', 'NDCG@10': '0.0023', 'HIT@20': '0.0052', 'NDCG@20': '0.0028'}
{'Epoch': 40, 'name': 'all', 'HIT@5': '0.0295', 'NDCG@5': '0.0191', 'HIT@10': '0.0463', 'NDCG@10': '0.0245', 'HIT@20': '0.0705', 'NDCG@20': '0.0306'}
Validation score increased.  Saving model ...
rec dataset length: 186
100%|█████████████████████████████████████████████████████████████████████████████████████████████████████████████████████████████████████████| 186/186 [00:47<00:00,  3.89it/s]
{'epoch': 41, 'rec_avg_loss': '0.6176', 'joint_avg_loss': '1.1296', 'cl_avg_loss': '5.1195', 'itemcl_loss': '0.0000', 'cl_pair_0_loss': '5.1195'}
Recommendation EP_test:41: 100%|| 35/35 [00:08<00:00,  4.24it/s]
{'Epoch': 41, 'name': 'high_freq', 'HIT@5': '0.0407', 'NDCG@5': '0.0265', 'HIT@10': '0.0661', 'NDCG@10': '0.0346', 'HIT@20': '0.1000', 'NDCG@20': '0.0431'}
{'Epoch': 41, 'name': 'mid_freq', 'HIT@5': '0.0036', 'NDCG@5': '0.0027', 'HIT@10': '0.0053', 'NDCG@10': '0.0033', 'HIT@20': '0.0076', 'NDCG@20': '0.0039'}
{'Epoch': 41, 'name': 'low_freq', 'HIT@5': '0.0032', 'NDCG@5': '0.0024', 'HIT@10': '0.0043', 'NDCG@10': '0.0027', 'HIT@20': '0.0050', 'NDCG@20': '0.0029'}
{'Epoch': 41, 'name': 'all', 'HIT@5': '0.0288', 'NDCG@5': '0.0188', 'HIT@10': '0.0465', 'NDCG@10': '0.0245', 'HIT@20': '0.0701', 'NDCG@20': '0.0304'}
EarlyStopping counter: 1 out of 40
rec dataset length: 186
100%|█████████████████████████████████████████████████████████████████████████████████████████████████████████████████████████████████████████| 186/186 [00:47<00:00,  3.88it/s]
{'epoch': 42, 'rec_avg_loss': '0.6124', 'joint_avg_loss': '1.1225', 'cl_avg_loss': '5.1008', 'itemcl_loss': '0.0000', 'cl_pair_0_loss': '5.1008'}
Recommendation EP_test:42: 100%|| 35/35 [00:08<00:00,  4.11it/s]
{'Epoch': 42, 'name': 'high_freq', 'HIT@5': '0.0418', 'NDCG@5': '0.0269', 'HIT@10': '0.0666', 'NDCG@10': '0.0349', 'HIT@20': '0.1020', 'NDCG@20': '0.0438'}
{'Epoch': 42, 'name': 'mid_freq', 'HIT@5': '0.0037', 'NDCG@5': '0.0028', 'HIT@10': '0.0056', 'NDCG@10': '0.0034', 'HIT@20': '0.0078', 'NDCG@20': '0.0040'}
{'Epoch': 42, 'name': 'low_freq', 'HIT@5': '0.0029', 'NDCG@5': '0.0023', 'HIT@10': '0.0036', 'NDCG@10': '0.0026', 'HIT@20': '0.0059', 'NDCG@20': '0.0031'}
{'Epoch': 42, 'name': 'all', 'HIT@5': '0.0296', 'NDCG@5': '0.0192', 'HIT@10': '0.0468', 'NDCG@10': '0.0247', 'HIT@20': '0.0716', 'NDCG@20': '0.0310'}
Validation score increased.  Saving model ...
rec dataset length: 186
100%|█████████████████████████████████████████████████████████████████████████████████████████████████████████████████████████████████████████| 186/186 [00:47<00:00,  3.90it/s]
{'epoch': 43, 'rec_avg_loss': '0.6059', 'joint_avg_loss': '1.1145', 'cl_avg_loss': '5.0864', 'itemcl_loss': '0.0000', 'cl_pair_0_loss': '5.0864'}
Recommendation EP_test:43: 100%|| 35/35 [00:08<00:00,  4.18it/s]
{'Epoch': 43, 'name': 'high_freq', 'HIT@5': '0.0417', 'NDCG@5': '0.0272', 'HIT@10': '0.0674', 'NDCG@10': '0.0354', 'HIT@20': '0.0996', 'NDCG@20': '0.0435'}
{'Epoch': 43, 'name': 'mid_freq', 'HIT@5': '0.0037', 'NDCG@5': '0.0028', 'HIT@10': '0.0060', 'NDCG@10': '0.0036', 'HIT@20': '0.0089', 'NDCG@20': '0.0043'}
{'Epoch': 43, 'name': 'low_freq', 'HIT@5': '0.0034', 'NDCG@5': '0.0024', 'HIT@10': '0.0048', 'NDCG@10': '0.0028', 'HIT@20': '0.0052', 'NDCG@20': '0.0030'}
{'Epoch': 43, 'name': 'all', 'HIT@5': '0.0296', 'NDCG@5': '0.0194', 'HIT@10': '0.0476', 'NDCG@10': '0.0252', 'HIT@20': '0.0701', 'NDCG@20': '0.0308'}
EarlyStopping counter: 1 out of 40
rec dataset length: 186
100%|█████████████████████████████████████████████████████████████████████████████████████████████████████████████████████████████████████████| 186/186 [00:47<00:00,  3.89it/s]
{'epoch': 44, 'rec_avg_loss': '0.5996', 'joint_avg_loss': '1.1082', 'cl_avg_loss': '5.0863', 'itemcl_loss': '0.0000', 'cl_pair_0_loss': '5.0863'}
Recommendation EP_test:44: 100%|| 35/35 [00:08<00:00,  4.19it/s]
{'Epoch': 44, 'name': 'high_freq', 'HIT@5': '0.0413', 'NDCG@5': '0.0264', 'HIT@10': '0.0664', 'NDCG@10': '0.0345', 'HIT@20': '0.1001', 'NDCG@20': '0.0430'}
{'Epoch': 44, 'name': 'mid_freq', 'HIT@5': '0.0036', 'NDCG@5': '0.0031', 'HIT@10': '0.0059', 'NDCG@10': '0.0038', 'HIT@20': '0.0086', 'NDCG@20': '0.0045'}
{'Epoch': 44, 'name': 'low_freq', 'HIT@5': '0.0029', 'NDCG@5': '0.0022', 'HIT@10': '0.0045', 'NDCG@10': '0.0027', 'HIT@20': '0.0057', 'NDCG@20': '0.0030'}
{'Epoch': 44, 'name': 'all', 'HIT@5': '0.0291', 'NDCG@5': '0.0188', 'HIT@10': '0.0469', 'NDCG@10': '0.0246', 'HIT@20': '0.0705', 'NDCG@20': '0.0305'}
EarlyStopping counter: 2 out of 40
rec dataset length: 186
100%|█████████████████████████████████████████████████████████████████████████████████████████████████████████████████████████████████████████| 186/186 [00:47<00:00,  3.89it/s]
{'epoch': 45, 'rec_avg_loss': '0.5958', 'joint_avg_loss': '1.1045', 'cl_avg_loss': '5.0874', 'itemcl_loss': '0.0000', 'cl_pair_0_loss': '5.0874'}
Recommendation EP_test:45: 100%|| 35/35 [00:08<00:00,  4.18it/s]
{'Epoch': 45, 'name': 'high_freq', 'HIT@5': '0.0421', 'NDCG@5': '0.0271', 'HIT@10': '0.0671', 'NDCG@10': '0.0351', 'HIT@20': '0.0987', 'NDCG@20': '0.0431'}
{'Epoch': 45, 'name': 'mid_freq', 'HIT@5': '0.0037', 'NDCG@5': '0.0032', 'HIT@10': '0.0055', 'NDCG@10': '0.0037', 'HIT@20': '0.0089', 'NDCG@20': '0.0046'}
{'Epoch': 45, 'name': 'low_freq', 'HIT@5': '0.0034', 'NDCG@5': '0.0025', 'HIT@10': '0.0043', 'NDCG@10': '0.0028', 'HIT@20': '0.0054', 'NDCG@20': '0.0030'}
{'Epoch': 45, 'name': 'all', 'HIT@5': '0.0298', 'NDCG@5': '0.0194', 'HIT@10': '0.0473', 'NDCG@10': '0.0250', 'HIT@20': '0.0696', 'NDCG@20': '0.0306'}
EarlyStopping counter: 3 out of 40
rec dataset length: 186
100%|█████████████████████████████████████████████████████████████████████████████████████████████████████████████████████████████████████████| 186/186 [00:47<00:00,  3.90it/s]
{'epoch': 46, 'rec_avg_loss': '0.5923', 'joint_avg_loss': '1.1000', 'cl_avg_loss': '5.0774', 'itemcl_loss': '0.0000', 'cl_pair_0_loss': '5.0774'}
Recommendation EP_test:46: 100%|| 35/35 [00:08<00:00,  4.09it/s]
{'Epoch': 46, 'name': 'high_freq', 'HIT@5': '0.0426', 'NDCG@5': '0.0276', 'HIT@10': '0.0670', 'NDCG@10': '0.0354', 'HIT@20': '0.1019', 'NDCG@20': '0.0442'}
{'Epoch': 46, 'name': 'mid_freq', 'HIT@5': '0.0036', 'NDCG@5': '0.0028', 'HIT@10': '0.0056', 'NDCG@10': '0.0035', 'HIT@20': '0.0086', 'NDCG@20': '0.0043'}
{'Epoch': 46, 'name': 'low_freq', 'HIT@5': '0.0029', 'NDCG@5': '0.0021', 'HIT@10': '0.0043', 'NDCG@10': '0.0026', 'HIT@20': '0.0052', 'NDCG@20': '0.0028'}
{'Epoch': 46, 'name': 'all', 'HIT@5': '0.0301', 'NDCG@5': '0.0196', 'HIT@10': '0.0472', 'NDCG@10': '0.0251', 'HIT@20': '0.0716', 'NDCG@20': '0.0312'}
Validation score increased.  Saving model ...
rec dataset length: 186
100%|█████████████████████████████████████████████████████████████████████████████████████████████████████████████████████████████████████████| 186/186 [00:47<00:00,  3.89it/s]
{'epoch': 47, 'rec_avg_loss': '0.5887', 'joint_avg_loss': '1.0940', 'cl_avg_loss': '5.0528', 'itemcl_loss': '0.0000', 'cl_pair_0_loss': '5.0528'}
Recommendation EP_test:47: 100%|| 35/35 [00:08<00:00,  4.16it/s]
{'Epoch': 47, 'name': 'high_freq', 'HIT@5': '0.0422', 'NDCG@5': '0.0273', 'HIT@10': '0.0673', 'NDCG@10': '0.0354', 'HIT@20': '0.1000', 'NDCG@20': '0.0436'}
{'Epoch': 47, 'name': 'mid_freq', 'HIT@5': '0.0039', 'NDCG@5': '0.0030', 'HIT@10': '0.0069', 'NDCG@10': '0.0040', 'HIT@20': '0.0102', 'NDCG@20': '0.0048'}
{'Epoch': 47, 'name': 'low_freq', 'HIT@5': '0.0038', 'NDCG@5': '0.0026', 'HIT@10': '0.0045', 'NDCG@10': '0.0028', 'HIT@20': '0.0054', 'NDCG@20': '0.0030'}
{'Epoch': 47, 'name': 'all', 'HIT@5': '0.0299', 'NDCG@5': '0.0195', 'HIT@10': '0.0477', 'NDCG@10': '0.0252', 'HIT@20': '0.0707', 'NDCG@20': '0.0310'}
EarlyStopping counter: 1 out of 40
rec dataset length: 186
100%|█████████████████████████████████████████████████████████████████████████████████████████████████████████████████████████████████████████| 186/186 [00:47<00:00,  3.89it/s]
{'epoch': 48, 'rec_avg_loss': '0.5808', 'joint_avg_loss': '1.0868', 'cl_avg_loss': '5.0602', 'itemcl_loss': '0.0000', 'cl_pair_0_loss': '5.0602'}
Recommendation EP_test:48: 100%|| 35/35 [00:08<00:00,  4.03it/s]
{'Epoch': 48, 'name': 'high_freq', 'HIT@5': '0.0409', 'NDCG@5': '0.0267', 'HIT@10': '0.0662', 'NDCG@10': '0.0348', 'HIT@20': '0.1004', 'NDCG@20': '0.0434'}
{'Epoch': 48, 'name': 'mid_freq', 'HIT@5': '0.0040', 'NDCG@5': '0.0030', 'HIT@10': '0.0068', 'NDCG@10': '0.0039', 'HIT@20': '0.0098', 'NDCG@20': '0.0046'}
{'Epoch': 48, 'name': 'low_freq', 'HIT@5': '0.0036', 'NDCG@5': '0.0026', 'HIT@10': '0.0045', 'NDCG@10': '0.0029', 'HIT@20': '0.0054', 'NDCG@20': '0.0032'}
{'Epoch': 48, 'name': 'all', 'HIT@5': '0.0290', 'NDCG@5': '0.0191', 'HIT@10': '0.0469', 'NDCG@10': '0.0248', 'HIT@20': '0.0709', 'NDCG@20': '0.0308'}
EarlyStopping counter: 2 out of 40
rec dataset length: 186
100%|█████████████████████████████████████████████████████████████████████████████████████████████████████████████████████████████████████████| 186/186 [00:47<00:00,  3.89it/s]
{'epoch': 49, 'rec_avg_loss': '0.5770', 'joint_avg_loss': '1.0819', 'cl_avg_loss': '5.0489', 'itemcl_loss': '0.0000', 'cl_pair_0_loss': '5.0489'}
Recommendation EP_test:49: 100%|| 35/35 [00:08<00:00,  4.02it/s]
{'Epoch': 49, 'name': 'high_freq', 'HIT@5': '0.0401', 'NDCG@5': '0.0264', 'HIT@10': '0.0649', 'NDCG@10': '0.0344', 'HIT@20': '0.0991', 'NDCG@20': '0.0430'}
{'Epoch': 49, 'name': 'mid_freq', 'HIT@5': '0.0036', 'NDCG@5': '0.0027', 'HIT@10': '0.0060', 'NDCG@10': '0.0035', 'HIT@20': '0.0093', 'NDCG@20': '0.0043'}
{'Epoch': 49, 'name': 'low_freq', 'HIT@5': '0.0036', 'NDCG@5': '0.0029', 'HIT@10': '0.0043', 'NDCG@10': '0.0032', 'HIT@20': '0.0063', 'NDCG@20': '0.0037'}
{'Epoch': 49, 'name': 'all', 'HIT@5': '0.0285', 'NDCG@5': '0.0189', 'HIT@10': '0.0458', 'NDCG@10': '0.0245', 'HIT@20': '0.0701', 'NDCG@20': '0.0306'}
EarlyStopping counter: 3 out of 40
rec dataset length: 186
100%|█████████████████████████████████████████████████████████████████████████████████████████████████████████████████████████████████████████| 186/186 [00:47<00:00,  3.89it/s]
{'epoch': 50, 'rec_avg_loss': '0.5730', 'joint_avg_loss': '1.0769', 'cl_avg_loss': '5.0397', 'itemcl_loss': '0.0000', 'cl_pair_0_loss': '5.0397'}
Recommendation EP_test:50: 100%|| 35/35 [00:08<00:00,  4.08it/s]
{'Epoch': 50, 'name': 'high_freq', 'HIT@5': '0.0412', 'NDCG@5': '0.0271', 'HIT@10': '0.0656', 'NDCG@10': '0.0350', 'HIT@20': '0.0995', 'NDCG@20': '0.0435'}
{'Epoch': 50, 'name': 'mid_freq', 'HIT@5': '0.0042', 'NDCG@5': '0.0030', 'HIT@10': '0.0065', 'NDCG@10': '0.0038', 'HIT@20': '0.0099', 'NDCG@20': '0.0046'}
{'Epoch': 50, 'name': 'low_freq', 'HIT@5': '0.0038', 'NDCG@5': '0.0029', 'HIT@10': '0.0041', 'NDCG@10': '0.0030', 'HIT@20': '0.0068', 'NDCG@20': '0.0037'}
{'Epoch': 50, 'name': 'all', 'HIT@5': '0.0293', 'NDCG@5': '0.0194', 'HIT@10': '0.0464', 'NDCG@10': '0.0249', 'HIT@20': '0.0705', 'NDCG@20': '0.0310'}
EarlyStopping counter: 4 out of 40
rec dataset length: 186
100%|█████████████████████████████████████████████████████████████████████████████████████████████████████████████████████████████████████████| 186/186 [00:47<00:00,  3.89it/s]
{'epoch': 51, 'rec_avg_loss': '0.5711', 'joint_avg_loss': '1.0726', 'cl_avg_loss': '5.0152', 'itemcl_loss': '0.0000', 'cl_pair_0_loss': '5.0152'}
Recommendation EP_test:51: 100%|| 35/35 [00:08<00:00,  4.04it/s]
{'Epoch': 51, 'name': 'high_freq', 'HIT@5': '0.0406', 'NDCG@5': '0.0266', 'HIT@10': '0.0659', 'NDCG@10': '0.0347', 'HIT@20': '0.1032', 'NDCG@20': '0.0441'}
{'Epoch': 51, 'name': 'mid_freq', 'HIT@5': '0.0042', 'NDCG@5': '0.0031', 'HIT@10': '0.0063', 'NDCG@10': '0.0038', 'HIT@20': '0.0095', 'NDCG@20': '0.0046'}
{'Epoch': 51, 'name': 'low_freq', 'HIT@5': '0.0036', 'NDCG@5': '0.0028', 'HIT@10': '0.0045', 'NDCG@10': '0.0031', 'HIT@20': '0.0059', 'NDCG@20': '0.0034'}
{'Epoch': 51, 'name': 'all', 'HIT@5': '0.0289', 'NDCG@5': '0.0190', 'HIT@10': '0.0467', 'NDCG@10': '0.0248', 'HIT@20': '0.0728', 'NDCG@20': '0.0313'}
Validation score increased.  Saving model ...
rec dataset length: 186
100%|█████████████████████████████████████████████████████████████████████████████████████████████████████████████████████████████████████████| 186/186 [00:47<00:00,  3.88it/s]
{'epoch': 52, 'rec_avg_loss': '0.5675', 'joint_avg_loss': '1.0696', 'cl_avg_loss': '5.0211', 'itemcl_loss': '0.0000', 'cl_pair_0_loss': '5.0211'}
Recommendation EP_test:52: 100%|| 35/35 [00:08<00:00,  4.05it/s]
{'Epoch': 52, 'name': 'high_freq', 'HIT@5': '0.0426', 'NDCG@5': '0.0277', 'HIT@10': '0.0673', 'NDCG@10': '0.0356', 'HIT@20': '0.1014', 'NDCG@20': '0.0441'}
{'Epoch': 52, 'name': 'mid_freq', 'HIT@5': '0.0047', 'NDCG@5': '0.0034', 'HIT@10': '0.0069', 'NDCG@10': '0.0041', 'HIT@20': '0.0098', 'NDCG@20': '0.0048'}
{'Epoch': 52, 'name': 'low_freq', 'HIT@5': '0.0043', 'NDCG@5': '0.0032', 'HIT@10': '0.0048', 'NDCG@10': '0.0034', 'HIT@20': '0.0061', 'NDCG@20': '0.0037'}
{'Epoch': 52, 'name': 'all', 'HIT@5': '0.0305', 'NDCG@5': '0.0199', 'HIT@10': '0.0478', 'NDCG@10': '0.0254', 'HIT@20': '0.0716', 'NDCG@20': '0.0314'}
Validation score increased.  Saving model ...
rec dataset length: 186
100%|█████████████████████████████████████████████████████████████████████████████████████████████████████████████████████████████████████████| 186/186 [00:47<00:00,  3.91it/s]
{'epoch': 53, 'rec_avg_loss': '0.5624', 'joint_avg_loss': '1.0641', 'cl_avg_loss': '5.0169', 'itemcl_loss': '0.0000', 'cl_pair_0_loss': '5.0169'}
Recommendation EP_test:53: 100%|| 35/35 [00:08<00:00,  4.06it/s]
{'Epoch': 53, 'name': 'high_freq', 'HIT@5': '0.0431', 'NDCG@5': '0.0275', 'HIT@10': '0.0661', 'NDCG@10': '0.0349', 'HIT@20': '0.1026', 'NDCG@20': '0.0441'}
{'Epoch': 53, 'name': 'mid_freq', 'HIT@5': '0.0040', 'NDCG@5': '0.0031', 'HIT@10': '0.0055', 'NDCG@10': '0.0035', 'HIT@20': '0.0088', 'NDCG@20': '0.0044'}
{'Epoch': 53, 'name': 'low_freq', 'HIT@5': '0.0034', 'NDCG@5': '0.0024', 'HIT@10': '0.0043', 'NDCG@10': '0.0027', 'HIT@20': '0.0054', 'NDCG@20': '0.0030'}
{'Epoch': 53, 'name': 'all', 'HIT@5': '0.0305', 'NDCG@5': '0.0196', 'HIT@10': '0.0465', 'NDCG@10': '0.0248', 'HIT@20': '0.0722', 'NDCG@20': '0.0312'}
EarlyStopping counter: 1 out of 40
rec dataset length: 186
100%|█████████████████████████████████████████████████████████████████████████████████████████████████████████████████████████████████████████| 186/186 [00:47<00:00,  3.90it/s]
{'epoch': 54, 'rec_avg_loss': '0.5605', 'joint_avg_loss': '1.0612', 'cl_avg_loss': '5.0074', 'itemcl_loss': '0.0000', 'cl_pair_0_loss': '5.0074'}
Recommendation EP_test:54: 100%|| 35/35 [00:08<00:00,  4.07it/s]
{'Epoch': 54, 'name': 'high_freq', 'HIT@5': '0.0433', 'NDCG@5': '0.0280', 'HIT@10': '0.0670', 'NDCG@10': '0.0356', 'HIT@20': '0.1018', 'NDCG@20': '0.0444'}
{'Epoch': 54, 'name': 'mid_freq', 'HIT@5': '0.0037', 'NDCG@5': '0.0029', 'HIT@10': '0.0065', 'NDCG@10': '0.0037', 'HIT@20': '0.0095', 'NDCG@20': '0.0045'}
{'Epoch': 54, 'name': 'low_freq', 'HIT@5': '0.0036', 'NDCG@5': '0.0025', 'HIT@10': '0.0043', 'NDCG@10': '0.0027', 'HIT@20': '0.0070', 'NDCG@20': '0.0034'}
{'Epoch': 54, 'name': 'all', 'HIT@5': '0.0306', 'NDCG@5': '0.0199', 'HIT@10': '0.0474', 'NDCG@10': '0.0253', 'HIT@20': '0.0720', 'NDCG@20': '0.0315'}
Validation score increased.  Saving model ...
rec dataset length: 186
100%|█████████████████████████████████████████████████████████████████████████████████████████████████████████████████████████████████████████| 186/186 [00:47<00:00,  3.90it/s]
{'epoch': 55, 'rec_avg_loss': '0.5549', 'joint_avg_loss': '1.0550', 'cl_avg_loss': '5.0009', 'itemcl_loss': '0.0000', 'cl_pair_0_loss': '5.0009'}
Recommendation EP_test:55: 100%|| 35/35 [00:08<00:00,  4.07it/s]
{'Epoch': 55, 'name': 'high_freq', 'HIT@5': '0.0427', 'NDCG@5': '0.0274', 'HIT@10': '0.0671', 'NDCG@10': '0.0352', 'HIT@20': '0.1018', 'NDCG@20': '0.0440'}
{'Epoch': 55, 'name': 'mid_freq', 'HIT@5': '0.0042', 'NDCG@5': '0.0030', 'HIT@10': '0.0065', 'NDCG@10': '0.0037', 'HIT@20': '0.0098', 'NDCG@20': '0.0046'}
{'Epoch': 55, 'name': 'low_freq', 'HIT@5': '0.0036', 'NDCG@5': '0.0024', 'HIT@10': '0.0048', 'NDCG@10': '0.0027', 'HIT@20': '0.0061', 'NDCG@20': '0.0031'}
{'Epoch': 55, 'name': 'all', 'HIT@5': '0.0303', 'NDCG@5': '0.0195', 'HIT@10': '0.0475', 'NDCG@10': '0.0250', 'HIT@20': '0.0719', 'NDCG@20': '0.0312'}
EarlyStopping counter: 1 out of 40
rec dataset length: 186
100%|█████████████████████████████████████████████████████████████████████████████████████████████████████████████████████████████████████████| 186/186 [00:47<00:00,  3.89it/s]
{'epoch': 56, 'rec_avg_loss': '0.5520', 'joint_avg_loss': '1.0515', 'cl_avg_loss': '4.9950', 'itemcl_loss': '0.0000', 'cl_pair_0_loss': '4.9950'}
Recommendation EP_test:56: 100%|| 35/35 [00:08<00:00,  4.10it/s]
{'Epoch': 56, 'name': 'high_freq', 'HIT@5': '0.0421', 'NDCG@5': '0.0271', 'HIT@10': '0.0666', 'NDCG@10': '0.0349', 'HIT@20': '0.1032', 'NDCG@20': '0.0441'}
{'Epoch': 56, 'name': 'mid_freq', 'HIT@5': '0.0045', 'NDCG@5': '0.0031', 'HIT@10': '0.0070', 'NDCG@10': '0.0040', 'HIT@20': '0.0106', 'NDCG@20': '0.0049'}
{'Epoch': 56, 'name': 'low_freq', 'HIT@5': '0.0043', 'NDCG@5': '0.0031', 'HIT@10': '0.0048', 'NDCG@10': '0.0032', 'HIT@20': '0.0072', 'NDCG@20': '0.0038'}
{'Epoch': 56, 'name': 'all', 'HIT@5': '0.0301', 'NDCG@5': '0.0194', 'HIT@10': '0.0473', 'NDCG@10': '0.0249', 'HIT@20': '0.0732', 'NDCG@20': '0.0314'}
EarlyStopping counter: 2 out of 40
rec dataset length: 186
100%|█████████████████████████████████████████████████████████████████████████████████████████████████████████████████████████████████████████| 186/186 [00:47<00:00,  3.89it/s]
{'epoch': 57, 'rec_avg_loss': '0.5457', 'joint_avg_loss': '1.0439', 'cl_avg_loss': '4.9827', 'itemcl_loss': '0.0000', 'cl_pair_0_loss': '4.9827'}
Recommendation EP_test:57: 100%|| 35/35 [00:08<00:00,  4.08it/s]
{'Epoch': 57, 'name': 'high_freq', 'HIT@5': '0.0408', 'NDCG@5': '0.0264', 'HIT@10': '0.0658', 'NDCG@10': '0.0344', 'HIT@20': '0.1003', 'NDCG@20': '0.0431'}
{'Epoch': 57, 'name': 'mid_freq', 'HIT@5': '0.0045', 'NDCG@5': '0.0031', 'HIT@10': '0.0076', 'NDCG@10': '0.0042', 'HIT@20': '0.0108', 'NDCG@20': '0.0049'}
{'Epoch': 57, 'name': 'low_freq', 'HIT@5': '0.0036', 'NDCG@5': '0.0028', 'HIT@10': '0.0043', 'NDCG@10': '0.0030', 'HIT@20': '0.0059', 'NDCG@20': '0.0034'}
{'Epoch': 57, 'name': 'all', 'HIT@5': '0.0291', 'NDCG@5': '0.0189', 'HIT@10': '0.0468', 'NDCG@10': '0.0246', 'HIT@20': '0.0711', 'NDCG@20': '0.0307'}
EarlyStopping counter: 3 out of 40
rec dataset length: 186
100%|█████████████████████████████████████████████████████████████████████████████████████████████████████████████████████████████████████████| 186/186 [00:47<00:00,  3.89it/s]
{'epoch': 58, 'rec_avg_loss': '0.5437', 'joint_avg_loss': '1.0413', 'cl_avg_loss': '4.9763', 'itemcl_loss': '0.0000', 'cl_pair_0_loss': '4.9763'}
Recommendation EP_test:58: 100%|| 35/35 [00:08<00:00,  4.03it/s]
{'Epoch': 58, 'name': 'high_freq', 'HIT@5': '0.0410', 'NDCG@5': '0.0267', 'HIT@10': '0.0651', 'NDCG@10': '0.0344', 'HIT@20': '0.1008', 'NDCG@20': '0.0434'}
{'Epoch': 58, 'name': 'mid_freq', 'HIT@5': '0.0045', 'NDCG@5': '0.0032', 'HIT@10': '0.0075', 'NDCG@10': '0.0042', 'HIT@20': '0.0105', 'NDCG@20': '0.0049'}
{'Epoch': 58, 'name': 'low_freq', 'HIT@5': '0.0032', 'NDCG@5': '0.0025', 'HIT@10': '0.0048', 'NDCG@10': '0.0030', 'HIT@20': '0.0063', 'NDCG@20': '0.0034'}
{'Epoch': 58, 'name': 'all', 'HIT@5': '0.0292', 'NDCG@5': '0.0191', 'HIT@10': '0.0463', 'NDCG@10': '0.0246', 'HIT@20': '0.0714', 'NDCG@20': '0.0309'}
EarlyStopping counter: 4 out of 40
rec dataset length: 186
100%|█████████████████████████████████████████████████████████████████████████████████████████████████████████████████████████████████████████| 186/186 [00:47<00:00,  3.89it/s]
{'epoch': 59, 'rec_avg_loss': '0.5417', 'joint_avg_loss': '1.0398', 'cl_avg_loss': '4.9812', 'itemcl_loss': '0.0000', 'cl_pair_0_loss': '4.9812'}
Recommendation EP_test:59: 100%|| 35/35 [00:08<00:00,  4.09it/s]
{'Epoch': 59, 'name': 'high_freq', 'HIT@5': '0.0426', 'NDCG@5': '0.0274', 'HIT@10': '0.0664', 'NDCG@10': '0.0350', 'HIT@20': '0.1004', 'NDCG@20': '0.0435'}
{'Epoch': 59, 'name': 'mid_freq', 'HIT@5': '0.0049', 'NDCG@5': '0.0035', 'HIT@10': '0.0068', 'NDCG@10': '0.0042', 'HIT@20': '0.0105', 'NDCG@20': '0.0051'}
{'Epoch': 59, 'name': 'low_freq', 'HIT@5': '0.0034', 'NDCG@5': '0.0026', 'HIT@10': '0.0050', 'NDCG@10': '0.0032', 'HIT@20': '0.0066', 'NDCG@20': '0.0036'}
{'Epoch': 59, 'name': 'all', 'HIT@5': '0.0303', 'NDCG@5': '0.0196', 'HIT@10': '0.0471', 'NDCG@10': '0.0250', 'HIT@20': '0.0712', 'NDCG@20': '0.0311'}
EarlyStopping counter: 5 out of 40
rec dataset length: 186
100%|█████████████████████████████████████████████████████████████████████████████████████████████████████████████████████████████████████████| 186/186 [00:47<00:00,  3.89it/s]
{'epoch': 60, 'rec_avg_loss': '0.5379', 'joint_avg_loss': '1.0353', 'cl_avg_loss': '4.9741', 'itemcl_loss': '0.0000', 'cl_pair_0_loss': '4.9741'}
Recommendation EP_test:60: 100%|| 35/35 [00:08<00:00,  4.03it/s]
{'Epoch': 60, 'name': 'high_freq', 'HIT@5': '0.0411', 'NDCG@5': '0.0272', 'HIT@10': '0.0650', 'NDCG@10': '0.0348', 'HIT@20': '0.1000', 'NDCG@20': '0.0436'}
{'Epoch': 60, 'name': 'mid_freq', 'HIT@5': '0.0047', 'NDCG@5': '0.0032', 'HIT@10': '0.0076', 'NDCG@10': '0.0041', 'HIT@20': '0.0118', 'NDCG@20': '0.0052'}
{'Epoch': 60, 'name': 'low_freq', 'HIT@5': '0.0041', 'NDCG@5': '0.0032', 'HIT@10': '0.0048', 'NDCG@10': '0.0034', 'HIT@20': '0.0066', 'NDCG@20': '0.0039'}
{'Epoch': 60, 'name': 'all', 'HIT@5': '0.0294', 'NDCG@5': '0.0195', 'HIT@10': '0.0463', 'NDCG@10': '0.0249', 'HIT@20': '0.0711', 'NDCG@20': '0.0312'}
EarlyStopping counter: 6 out of 40
rec dataset length: 186
100%|█████████████████████████████████████████████████████████████████████████████████████████████████████████████████████████████████████████| 186/186 [00:47<00:00,  3.90it/s]
{'epoch': 61, 'rec_avg_loss': '0.5340', 'joint_avg_loss': '1.0306', 'cl_avg_loss': '4.9657', 'itemcl_loss': '0.0000', 'cl_pair_0_loss': '4.9657'}
Recommendation EP_test:61: 100%|| 35/35 [00:08<00:00,  4.09it/s]
{'Epoch': 61, 'name': 'high_freq', 'HIT@5': '0.0425', 'NDCG@5': '0.0277', 'HIT@10': '0.0656', 'NDCG@10': '0.0351', 'HIT@20': '0.0998', 'NDCG@20': '0.0437'}
{'Epoch': 61, 'name': 'mid_freq', 'HIT@5': '0.0060', 'NDCG@5': '0.0040', 'HIT@10': '0.0078', 'NDCG@10': '0.0046', 'HIT@20': '0.0106', 'NDCG@20': '0.0053'}
{'Epoch': 61, 'name': 'low_freq', 'HIT@5': '0.0041', 'NDCG@5': '0.0028', 'HIT@10': '0.0050', 'NDCG@10': '0.0031', 'HIT@20': '0.0070', 'NDCG@20': '0.0036'}
{'Epoch': 61, 'name': 'all', 'HIT@5': '0.0306', 'NDCG@5': '0.0200', 'HIT@10': '0.0467', 'NDCG@10': '0.0252', 'HIT@20': '0.0708', 'NDCG@20': '0.0312'}
EarlyStopping counter: 7 out of 40
rec dataset length: 186
100%|█████████████████████████████████████████████████████████████████████████████████████████████████████████████████████████████████████████| 186/186 [00:47<00:00,  3.89it/s]
{'epoch': 62, 'rec_avg_loss': '0.5318', 'joint_avg_loss': '1.0284', 'cl_avg_loss': '4.9659', 'itemcl_loss': '0.0000', 'cl_pair_0_loss': '4.9659'}
Recommendation EP_test:62: 100%|| 35/35 [00:08<00:00,  4.08it/s]
{'Epoch': 62, 'name': 'high_freq', 'HIT@5': '0.0411', 'NDCG@5': '0.0269', 'HIT@10': '0.0652', 'NDCG@10': '0.0347', 'HIT@20': '0.1016', 'NDCG@20': '0.0438'}
{'Epoch': 62, 'name': 'mid_freq', 'HIT@5': '0.0045', 'NDCG@5': '0.0033', 'HIT@10': '0.0072', 'NDCG@10': '0.0042', 'HIT@20': '0.0118', 'NDCG@20': '0.0053'}
{'Epoch': 62, 'name': 'low_freq', 'HIT@5': '0.0036', 'NDCG@5': '0.0025', 'HIT@10': '0.0057', 'NDCG@10': '0.0032', 'HIT@20': '0.0077', 'NDCG@20': '0.0037'}
{'Epoch': 62, 'name': 'all', 'HIT@5': '0.0293', 'NDCG@5': '0.0193', 'HIT@10': '0.0465', 'NDCG@10': '0.0248', 'HIT@20': '0.0724', 'NDCG@20': '0.0313'}
EarlyStopping counter: 8 out of 40
rec dataset length: 186
100%|█████████████████████████████████████████████████████████████████████████████████████████████████████████████████████████████████████████| 186/186 [00:47<00:00,  3.88it/s]
{'epoch': 63, 'rec_avg_loss': '0.5280', 'joint_avg_loss': '1.0228', 'cl_avg_loss': '4.9487', 'itemcl_loss': '0.0000', 'cl_pair_0_loss': '4.9487'}
Recommendation EP_test:63: 100%|| 35/35 [00:08<00:00,  4.06it/s]
{'Epoch': 63, 'name': 'high_freq', 'HIT@5': '0.0410', 'NDCG@5': '0.0266', 'HIT@10': '0.0660', 'NDCG@10': '0.0346', 'HIT@20': '0.1017', 'NDCG@20': '0.0436'}
{'Epoch': 63, 'name': 'mid_freq', 'HIT@5': '0.0052', 'NDCG@5': '0.0037', 'HIT@10': '0.0073', 'NDCG@10': '0.0044', 'HIT@20': '0.0112', 'NDCG@20': '0.0054'}
{'Epoch': 63, 'name': 'low_freq', 'HIT@5': '0.0045', 'NDCG@5': '0.0029', 'HIT@10': '0.0063', 'NDCG@10': '0.0035', 'HIT@20': '0.0072', 'NDCG@20': '0.0037'}
{'Epoch': 63, 'name': 'all', 'HIT@5': '0.0294', 'NDCG@5': '0.0192', 'HIT@10': '0.0471', 'NDCG@10': '0.0249', 'HIT@20': '0.0723', 'NDCG@20': '0.0312'}
EarlyStopping counter: 9 out of 40
rec dataset length: 186
100%|█████████████████████████████████████████████████████████████████████████████████████████████████████████████████████████████████████████| 186/186 [00:47<00:00,  3.89it/s]
{'epoch': 64, 'rec_avg_loss': '0.5279', 'joint_avg_loss': '1.0229', 'cl_avg_loss': '4.9505', 'itemcl_loss': '0.0000', 'cl_pair_0_loss': '4.9505'}
Recommendation EP_test:64: 100%|| 35/35 [00:08<00:00,  4.07it/s]
{'Epoch': 64, 'name': 'high_freq', 'HIT@5': '0.0414', 'NDCG@5': '0.0272', 'HIT@10': '0.0644', 'NDCG@10': '0.0346', 'HIT@20': '0.0996', 'NDCG@20': '0.0435'}
{'Epoch': 64, 'name': 'mid_freq', 'HIT@5': '0.0056', 'NDCG@5': '0.0037', 'HIT@10': '0.0085', 'NDCG@10': '0.0047', 'HIT@20': '0.0112', 'NDCG@20': '0.0053'}
{'Epoch': 64, 'name': 'low_freq', 'HIT@5': '0.0043', 'NDCG@5': '0.0031', 'HIT@10': '0.0057', 'NDCG@10': '0.0035', 'HIT@20': '0.0070', 'NDCG@20': '0.0039'}
{'Epoch': 64, 'name': 'all', 'HIT@5': '0.0298', 'NDCG@5': '0.0196', 'HIT@10': '0.0462', 'NDCG@10': '0.0249', 'HIT@20': '0.0708', 'NDCG@20': '0.0311'}
EarlyStopping counter: 10 out of 40
rec dataset length: 186
100%|█████████████████████████████████████████████████████████████████████████████████████████████████████████████████████████████████████████| 186/186 [00:47<00:00,  3.89it/s]
{'epoch': 65, 'rec_avg_loss': '0.5239', 'joint_avg_loss': '1.0185', 'cl_avg_loss': '4.9459', 'itemcl_loss': '0.0000', 'cl_pair_0_loss': '4.9459'}
Recommendation EP_test:65: 100%|| 35/35 [00:08<00:00,  4.10it/s]
{'Epoch': 65, 'name': 'high_freq', 'HIT@5': '0.0420', 'NDCG@5': '0.0271', 'HIT@10': '0.0667', 'NDCG@10': '0.0350', 'HIT@20': '0.1010', 'NDCG@20': '0.0437'}
{'Epoch': 65, 'name': 'mid_freq', 'HIT@5': '0.0050', 'NDCG@5': '0.0033', 'HIT@10': '0.0080', 'NDCG@10': '0.0042', 'HIT@20': '0.0121', 'NDCG@20': '0.0052'}
{'Epoch': 65, 'name': 'low_freq', 'HIT@5': '0.0043', 'NDCG@5': '0.0030', 'HIT@10': '0.0059', 'NDCG@10': '0.0035', 'HIT@20': '0.0075', 'NDCG@20': '0.0039'}
{'Epoch': 65, 'name': 'all', 'HIT@5': '0.0301', 'NDCG@5': '0.0195', 'HIT@10': '0.0477', 'NDCG@10': '0.0251', 'HIT@20': '0.0720', 'NDCG@20': '0.0312'}
EarlyStopping counter: 11 out of 40
rec dataset length: 186
100%|█████████████████████████████████████████████████████████████████████████████████████████████████████████████████████████████████████████| 186/186 [00:47<00:00,  3.90it/s]
{'epoch': 66, 'rec_avg_loss': '0.5212', 'joint_avg_loss': '1.0145', 'cl_avg_loss': '4.9333', 'itemcl_loss': '0.0000', 'cl_pair_0_loss': '4.9333'}
Recommendation EP_test:66: 100%|| 35/35 [00:08<00:00,  4.10it/s]
{'Epoch': 66, 'name': 'high_freq', 'HIT@5': '0.0419', 'NDCG@5': '0.0274', 'HIT@10': '0.0664', 'NDCG@10': '0.0353', 'HIT@20': '0.1017', 'NDCG@20': '0.0442'}
{'Epoch': 66, 'name': 'mid_freq', 'HIT@5': '0.0053', 'NDCG@5': '0.0036', 'HIT@10': '0.0078', 'NDCG@10': '0.0044', 'HIT@20': '0.0116', 'NDCG@20': '0.0054'}
{'Epoch': 66, 'name': 'low_freq', 'HIT@5': '0.0041', 'NDCG@5': '0.0030', 'HIT@10': '0.0048', 'NDCG@10': '0.0032', 'HIT@20': '0.0066', 'NDCG@20': '0.0037'}
{'Epoch': 66, 'name': 'all', 'HIT@5': '0.0301', 'NDCG@5': '0.0198', 'HIT@10': '0.0473', 'NDCG@10': '0.0253', 'HIT@20': '0.0723', 'NDCG@20': '0.0315'}
Validation score increased.  Saving model ...
rec dataset length: 186
100%|█████████████████████████████████████████████████████████████████████████████████████████████████████████████████████████████████████████| 186/186 [00:47<00:00,  3.89it/s]
{'epoch': 67, 'rec_avg_loss': '0.5176', 'joint_avg_loss': '1.0108', 'cl_avg_loss': '4.9320', 'itemcl_loss': '0.0000', 'cl_pair_0_loss': '4.9320'}
Recommendation EP_test:67: 100%|| 35/35 [00:08<00:00,  4.08it/s]
{'Epoch': 67, 'name': 'high_freq', 'HIT@5': '0.0424', 'NDCG@5': '0.0279', 'HIT@10': '0.0668', 'NDCG@10': '0.0357', 'HIT@20': '0.1001', 'NDCG@20': '0.0441'}
{'Epoch': 67, 'name': 'mid_freq', 'HIT@5': '0.0056', 'NDCG@5': '0.0037', 'HIT@10': '0.0086', 'NDCG@10': '0.0047', 'HIT@20': '0.0125', 'NDCG@20': '0.0057'}
{'Epoch': 67, 'name': 'low_freq', 'HIT@5': '0.0045', 'NDCG@5': '0.0033', 'HIT@10': '0.0063', 'NDCG@10': '0.0039', 'HIT@20': '0.0075', 'NDCG@20': '0.0042'}
{'Epoch': 67, 'name': 'all', 'HIT@5': '0.0305', 'NDCG@5': '0.0201', 'HIT@10': '0.0479', 'NDCG@10': '0.0257', 'HIT@20': '0.0715', 'NDCG@20': '0.0316'}
Validation score increased.  Saving model ...
rec dataset length: 186
100%|█████████████████████████████████████████████████████████████████████████████████████████████████████████████████████████████████████████| 186/186 [00:47<00:00,  3.88it/s]
{'epoch': 68, 'rec_avg_loss': '0.5166', 'joint_avg_loss': '1.0093', 'cl_avg_loss': '4.9263', 'itemcl_loss': '0.0000', 'cl_pair_0_loss': '4.9263'}
Recommendation EP_test:68: 100%|| 35/35 [00:08<00:00,  4.14it/s]
{'Epoch': 68, 'name': 'high_freq', 'HIT@5': '0.0438', 'NDCG@5': '0.0286', 'HIT@10': '0.0668', 'NDCG@10': '0.0360', 'HIT@20': '0.1021', 'NDCG@20': '0.0449'}
{'Epoch': 68, 'name': 'mid_freq', 'HIT@5': '0.0062', 'NDCG@5': '0.0042', 'HIT@10': '0.0089', 'NDCG@10': '0.0051', 'HIT@20': '0.0126', 'NDCG@20': '0.0060'}
{'Epoch': 68, 'name': 'low_freq', 'HIT@5': '0.0038', 'NDCG@5': '0.0028', 'HIT@10': '0.0052', 'NDCG@10': '0.0032', 'HIT@20': '0.0081', 'NDCG@20': '0.0040'}
{'Epoch': 68, 'name': 'all', 'HIT@5': '0.0315', 'NDCG@5': '0.0206', 'HIT@10': '0.0478', 'NDCG@10': '0.0259', 'HIT@20': '0.0730', 'NDCG@20': '0.0322'}
Validation score increased.  Saving model ...
rec dataset length: 186
100%|█████████████████████████████████████████████████████████████████████████████████████████████████████████████████████████████████████████| 186/186 [00:47<00:00,  3.89it/s]
{'epoch': 69, 'rec_avg_loss': '0.5144', 'joint_avg_loss': '1.0067', 'cl_avg_loss': '4.9231', 'itemcl_loss': '0.0000', 'cl_pair_0_loss': '4.9231'}
Recommendation EP_test:69: 100%|| 35/35 [00:08<00:00,  4.15it/s]
{'Epoch': 69, 'name': 'high_freq', 'HIT@5': '0.0430', 'NDCG@5': '0.0277', 'HIT@10': '0.0678', 'NDCG@10': '0.0357', 'HIT@20': '0.1020', 'NDCG@20': '0.0443'}
{'Epoch': 69, 'name': 'mid_freq', 'HIT@5': '0.0066', 'NDCG@5': '0.0045', 'HIT@10': '0.0092', 'NDCG@10': '0.0053', 'HIT@20': '0.0132', 'NDCG@20': '0.0063'}
{'Epoch': 69, 'name': 'low_freq', 'HIT@5': '0.0038', 'NDCG@5': '0.0028', 'HIT@10': '0.0057', 'NDCG@10': '0.0034', 'HIT@20': '0.0081', 'NDCG@20': '0.0040'}
{'Epoch': 69, 'name': 'all', 'HIT@5': '0.0310', 'NDCG@5': '0.0201', 'HIT@10': '0.0486', 'NDCG@10': '0.0257', 'HIT@20': '0.0730', 'NDCG@20': '0.0318'}
EarlyStopping counter: 1 out of 40
rec dataset length: 186
100%|█████████████████████████████████████████████████████████████████████████████████████████████████████████████████████████████████████████| 186/186 [00:47<00:00,  3.90it/s]
{'epoch': 70, 'rec_avg_loss': '0.5114', 'joint_avg_loss': '1.0031', 'cl_avg_loss': '4.9174', 'itemcl_loss': '0.0000', 'cl_pair_0_loss': '4.9174'}
Recommendation EP_test:70: 100%|| 35/35 [00:08<00:00,  4.09it/s]
{'Epoch': 70, 'name': 'high_freq', 'HIT@5': '0.0434', 'NDCG@5': '0.0281', 'HIT@10': '0.0669', 'NDCG@10': '0.0355', 'HIT@20': '0.1007', 'NDCG@20': '0.0440'}
{'Epoch': 70, 'name': 'mid_freq', 'HIT@5': '0.0057', 'NDCG@5': '0.0041', 'HIT@10': '0.0082', 'NDCG@10': '0.0049', 'HIT@20': '0.0116', 'NDCG@20': '0.0057'}
{'Epoch': 70, 'name': 'low_freq', 'HIT@5': '0.0036', 'NDCG@5': '0.0028', 'HIT@10': '0.0050', 'NDCG@10': '0.0033', 'HIT@20': '0.0079', 'NDCG@20': '0.0040'}
{'Epoch': 70, 'name': 'all', 'HIT@5': '0.0311', 'NDCG@5': '0.0202', 'HIT@10': '0.0477', 'NDCG@10': '0.0255', 'HIT@20': '0.0718', 'NDCG@20': '0.0316'}
EarlyStopping counter: 2 out of 40
rec dataset length: 186
100%|█████████████████████████████████████████████████████████████████████████████████████████████████████████████████████████████████████████| 186/186 [00:47<00:00,  3.89it/s]
{'epoch': 71, 'rec_avg_loss': '0.5071', 'joint_avg_loss': '0.9986', 'cl_avg_loss': '4.9154', 'itemcl_loss': '0.0000', 'cl_pair_0_loss': '4.9154'}
Recommendation EP_test:71: 100%|| 35/35 [00:08<00:00,  4.15it/s]
{'Epoch': 71, 'name': 'high_freq', 'HIT@5': '0.0424', 'NDCG@5': '0.0276', 'HIT@10': '0.0667', 'NDCG@10': '0.0354', 'HIT@20': '0.1005', 'NDCG@20': '0.0439'}
{'Epoch': 71, 'name': 'mid_freq', 'HIT@5': '0.0062', 'NDCG@5': '0.0041', 'HIT@10': '0.0088', 'NDCG@10': '0.0050', 'HIT@20': '0.0115', 'NDCG@20': '0.0057'}
{'Epoch': 71, 'name': 'low_freq', 'HIT@5': '0.0041', 'NDCG@5': '0.0029', 'HIT@10': '0.0052', 'NDCG@10': '0.0032', 'HIT@20': '0.0075', 'NDCG@20': '0.0038'}
{'Epoch': 71, 'name': 'all', 'HIT@5': '0.0305', 'NDCG@5': '0.0199', 'HIT@10': '0.0477', 'NDCG@10': '0.0255', 'HIT@20': '0.0715', 'NDCG@20': '0.0314'}
EarlyStopping counter: 3 out of 40
rec dataset length: 186
100%|█████████████████████████████████████████████████████████████████████████████████████████████████████████████████████████████████████████| 186/186 [00:47<00:00,  3.90it/s]
{'epoch': 72, 'rec_avg_loss': '0.5083', 'joint_avg_loss': '0.9985', 'cl_avg_loss': '4.9028', 'itemcl_loss': '0.0000', 'cl_pair_0_loss': '4.9028'}
Recommendation EP_test:72: 100%|| 35/35 [00:08<00:00,  4.16it/s]
{'Epoch': 72, 'name': 'high_freq', 'HIT@5': '0.0427', 'NDCG@5': '0.0277', 'HIT@10': '0.0674', 'NDCG@10': '0.0355', 'HIT@20': '0.1017', 'NDCG@20': '0.0442'}
{'Epoch': 72, 'name': 'mid_freq', 'HIT@5': '0.0060', 'NDCG@5': '0.0042', 'HIT@10': '0.0082', 'NDCG@10': '0.0049', 'HIT@20': '0.0124', 'NDCG@20': '0.0060'}
{'Epoch': 72, 'name': 'low_freq', 'HIT@5': '0.0043', 'NDCG@5': '0.0031', 'HIT@10': '0.0054', 'NDCG@10': '0.0035', 'HIT@20': '0.0077', 'NDCG@20': '0.0040'}
{'Epoch': 72, 'name': 'all', 'HIT@5': '0.0308', 'NDCG@5': '0.0200', 'HIT@10': '0.0481', 'NDCG@10': '0.0256', 'HIT@20': '0.0726', 'NDCG@20': '0.0317'}
EarlyStopping counter: 4 out of 40
rec dataset length: 186
100%|█████████████████████████████████████████████████████████████████████████████████████████████████████████████████████████████████████████| 186/186 [00:47<00:00,  3.89it/s]
{'epoch': 73, 'rec_avg_loss': '0.5066', 'joint_avg_loss': '0.9968', 'cl_avg_loss': '4.9023', 'itemcl_loss': '0.0000', 'cl_pair_0_loss': '4.9023'}
Recommendation EP_test:73: 100%|| 35/35 [00:08<00:00,  4.17it/s]
{'Epoch': 73, 'name': 'high_freq', 'HIT@5': '0.0433', 'NDCG@5': '0.0284', 'HIT@10': '0.0673', 'NDCG@10': '0.0361', 'HIT@20': '0.1016', 'NDCG@20': '0.0447'}
{'Epoch': 73, 'name': 'mid_freq', 'HIT@5': '0.0050', 'NDCG@5': '0.0036', 'HIT@10': '0.0082', 'NDCG@10': '0.0046', 'HIT@20': '0.0118', 'NDCG@20': '0.0055'}
{'Epoch': 73, 'name': 'low_freq', 'HIT@5': '0.0036', 'NDCG@5': '0.0027', 'HIT@10': '0.0050', 'NDCG@10': '0.0031', 'HIT@20': '0.0077', 'NDCG@20': '0.0038'}
{'Epoch': 73, 'name': 'all', 'HIT@5': '0.0309', 'NDCG@5': '0.0203', 'HIT@10': '0.0480', 'NDCG@10': '0.0259', 'HIT@20': '0.0724', 'NDCG@20': '0.0320'}
EarlyStopping counter: 5 out of 40
rec dataset length: 186
100%|█████████████████████████████████████████████████████████████████████████████████████████████████████████████████████████████████████████| 186/186 [00:47<00:00,  3.90it/s]
{'epoch': 74, 'rec_avg_loss': '0.5038', 'joint_avg_loss': '0.9932', 'cl_avg_loss': '4.8941', 'itemcl_loss': '0.0000', 'cl_pair_0_loss': '4.8941'}
Recommendation EP_test:74: 100%|| 35/35 [00:08<00:00,  4.16it/s]
{'Epoch': 74, 'name': 'high_freq', 'HIT@5': '0.0426', 'NDCG@5': '0.0275', 'HIT@10': '0.0658', 'NDCG@10': '0.0349', 'HIT@20': '0.0991', 'NDCG@20': '0.0433'}
{'Epoch': 74, 'name': 'mid_freq', 'HIT@5': '0.0060', 'NDCG@5': '0.0042', 'HIT@10': '0.0095', 'NDCG@10': '0.0053', 'HIT@20': '0.0129', 'NDCG@20': '0.0062'}
{'Epoch': 74, 'name': 'low_freq', 'HIT@5': '0.0038', 'NDCG@5': '0.0029', 'HIT@10': '0.0059', 'NDCG@10': '0.0035', 'HIT@20': '0.0079', 'NDCG@20': '0.0040'}
{'Epoch': 74, 'name': 'all', 'HIT@5': '0.0306', 'NDCG@5': '0.0199', 'HIT@10': '0.0473', 'NDCG@10': '0.0252', 'HIT@20': '0.0709', 'NDCG@20': '0.0311'}
EarlyStopping counter: 6 out of 40
rec dataset length: 186
100%|█████████████████████████████████████████████████████████████████████████████████████████████████████████████████████████████████████████| 186/186 [00:47<00:00,  3.90it/s]
{'epoch': 75, 'rec_avg_loss': '0.5010', 'joint_avg_loss': '0.9907', 'cl_avg_loss': '4.8973', 'itemcl_loss': '0.0000', 'cl_pair_0_loss': '4.8973'}
Recommendation EP_test:75: 100%|| 35/35 [00:08<00:00,  4.10it/s]
{'Epoch': 75, 'name': 'high_freq', 'HIT@5': '0.0416', 'NDCG@5': '0.0270', 'HIT@10': '0.0658', 'NDCG@10': '0.0347', 'HIT@20': '0.1010', 'NDCG@20': '0.0436'}
{'Epoch': 75, 'name': 'mid_freq', 'HIT@5': '0.0072', 'NDCG@5': '0.0046', 'HIT@10': '0.0093', 'NDCG@10': '0.0053', 'HIT@20': '0.0139', 'NDCG@20': '0.0065'}
{'Epoch': 75, 'name': 'low_freq', 'HIT@5': '0.0032', 'NDCG@5': '0.0025', 'HIT@10': '0.0057', 'NDCG@10': '0.0033', 'HIT@20': '0.0081', 'NDCG@20': '0.0040'}
{'Epoch': 75, 'name': 'all', 'HIT@5': '0.0301', 'NDCG@5': '0.0196', 'HIT@10': '0.0473', 'NDCG@10': '0.0251', 'HIT@20': '0.0725', 'NDCG@20': '0.0314'}
EarlyStopping counter: 7 out of 40
rec dataset length: 186
100%|█████████████████████████████████████████████████████████████████████████████████████████████████████████████████████████████████████████| 186/186 [00:47<00:00,  3.89it/s]
{'epoch': 76, 'rec_avg_loss': '0.4980', 'joint_avg_loss': '0.9861', 'cl_avg_loss': '4.8814', 'itemcl_loss': '0.0000', 'cl_pair_0_loss': '4.8814'}
Recommendation EP_test:76: 100%|| 35/35 [00:08<00:00,  4.13it/s]
{'Epoch': 76, 'name': 'high_freq', 'HIT@5': '0.0417', 'NDCG@5': '0.0266', 'HIT@10': '0.0664', 'NDCG@10': '0.0345', 'HIT@20': '0.1008', 'NDCG@20': '0.0431'}
{'Epoch': 76, 'name': 'mid_freq', 'HIT@5': '0.0066', 'NDCG@5': '0.0043', 'HIT@10': '0.0099', 'NDCG@10': '0.0053', 'HIT@20': '0.0147', 'NDCG@20': '0.0065'}
{'Epoch': 76, 'name': 'low_freq', 'HIT@5': '0.0036', 'NDCG@5': '0.0027', 'HIT@10': '0.0052', 'NDCG@10': '0.0032', 'HIT@20': '0.0075', 'NDCG@20': '0.0038'}
{'Epoch': 76, 'name': 'all', 'HIT@5': '0.0301', 'NDCG@5': '0.0192', 'HIT@10': '0.0478', 'NDCG@10': '0.0249', 'HIT@20': '0.0724', 'NDCG@20': '0.0311'}
EarlyStopping counter: 8 out of 40
rec dataset length: 186
100%|█████████████████████████████████████████████████████████████████████████████████████████████████████████████████████████████████████████| 186/186 [00:47<00:00,  3.88it/s]
{'epoch': 77, 'rec_avg_loss': '0.4956', 'joint_avg_loss': '0.9846', 'cl_avg_loss': '4.8901', 'itemcl_loss': '0.0000', 'cl_pair_0_loss': '4.8901'}
Recommendation EP_test:77: 100%|| 35/35 [00:08<00:00,  4.12it/s]
{'Epoch': 77, 'name': 'high_freq', 'HIT@5': '0.0409', 'NDCG@5': '0.0268', 'HIT@10': '0.0662', 'NDCG@10': '0.0349', 'HIT@20': '0.1001', 'NDCG@20': '0.0434'}
{'Epoch': 77, 'name': 'mid_freq', 'HIT@5': '0.0066', 'NDCG@5': '0.0045', 'HIT@10': '0.0086', 'NDCG@10': '0.0051', 'HIT@20': '0.0132', 'NDCG@20': '0.0063'}
{'Epoch': 77, 'name': 'low_freq', 'HIT@5': '0.0043', 'NDCG@5': '0.0031', 'HIT@10': '0.0063', 'NDCG@10': '0.0038', 'HIT@20': '0.0075', 'NDCG@20': '0.0040'}
{'Epoch': 77, 'name': 'all', 'HIT@5': '0.0296', 'NDCG@5': '0.0195', 'HIT@10': '0.0475', 'NDCG@10': '0.0252', 'HIT@20': '0.0716', 'NDCG@20': '0.0313'}
EarlyStopping counter: 9 out of 40
rec dataset length: 186
100%|█████████████████████████████████████████████████████████████████████████████████████████████████████████████████████████████████████████| 186/186 [00:47<00:00,  3.89it/s]
{'epoch': 78, 'rec_avg_loss': '0.4960', 'joint_avg_loss': '0.9837', 'cl_avg_loss': '4.8773', 'itemcl_loss': '0.0000', 'cl_pair_0_loss': '4.8773'}
Recommendation EP_test:78: 100%|| 35/35 [00:08<00:00,  4.16it/s]
{'Epoch': 78, 'name': 'high_freq', 'HIT@5': '0.0417', 'NDCG@5': '0.0272', 'HIT@10': '0.0664', 'NDCG@10': '0.0351', 'HIT@20': '0.1003', 'NDCG@20': '0.0436'}
{'Epoch': 78, 'name': 'mid_freq', 'HIT@5': '0.0060', 'NDCG@5': '0.0043', 'HIT@10': '0.0086', 'NDCG@10': '0.0052', 'HIT@20': '0.0134', 'NDCG@20': '0.0064'}
{'Epoch': 78, 'name': 'low_freq', 'HIT@5': '0.0048', 'NDCG@5': '0.0034', 'HIT@10': '0.0059', 'NDCG@10': '0.0037', 'HIT@20': '0.0075', 'NDCG@20': '0.0041'}
{'Epoch': 78, 'name': 'all', 'HIT@5': '0.0302', 'NDCG@5': '0.0198', 'HIT@10': '0.0476', 'NDCG@10': '0.0254', 'HIT@20': '0.0717', 'NDCG@20': '0.0314'}
EarlyStopping counter: 10 out of 40
rec dataset length: 186
100%|█████████████████████████████████████████████████████████████████████████████████████████████████████████████████████████████████████████| 186/186 [00:47<00:00,  3.90it/s]
{'epoch': 79, 'rec_avg_loss': '0.4932', 'joint_avg_loss': '0.9804', 'cl_avg_loss': '4.8722', 'itemcl_loss': '0.0000', 'cl_pair_0_loss': '4.8722'}
Recommendation EP_test:79: 100%|| 35/35 [00:08<00:00,  4.07it/s]
{'Epoch': 79, 'name': 'high_freq', 'HIT@5': '0.0413', 'NDCG@5': '0.0271', 'HIT@10': '0.0659', 'NDCG@10': '0.0350', 'HIT@20': '0.1006', 'NDCG@20': '0.0437'}
{'Epoch': 79, 'name': 'mid_freq', 'HIT@5': '0.0059', 'NDCG@5': '0.0041', 'HIT@10': '0.0089', 'NDCG@10': '0.0050', 'HIT@20': '0.0134', 'NDCG@20': '0.0062'}
{'Epoch': 79, 'name': 'low_freq', 'HIT@5': '0.0048', 'NDCG@5': '0.0036', 'HIT@10': '0.0063', 'NDCG@10': '0.0041', 'HIT@20': '0.0081', 'NDCG@20': '0.0045'}
{'Epoch': 79, 'name': 'all', 'HIT@5': '0.0299', 'NDCG@5': '0.0197', 'HIT@10': '0.0473', 'NDCG@10': '0.0253', 'HIT@20': '0.0721', 'NDCG@20': '0.0315'}
EarlyStopping counter: 11 out of 40
rec dataset length: 186
100%|█████████████████████████████████████████████████████████████████████████████████████████████████████████████████████████████████████████| 186/186 [00:47<00:00,  3.89it/s]
{'epoch': 80, 'rec_avg_loss': '0.4884', 'joint_avg_loss': '0.9751', 'cl_avg_loss': '4.8666', 'itemcl_loss': '0.0000', 'cl_pair_0_loss': '4.8666'}
Recommendation EP_test:80: 100%|| 35/35 [00:08<00:00,  4.26it/s]
{'Epoch': 80, 'name': 'high_freq', 'HIT@5': '0.0427', 'NDCG@5': '0.0278', 'HIT@10': '0.0661', 'NDCG@10': '0.0353', 'HIT@20': '0.1010', 'NDCG@20': '0.0441'}
{'Epoch': 80, 'name': 'mid_freq', 'HIT@5': '0.0059', 'NDCG@5': '0.0041', 'HIT@10': '0.0093', 'NDCG@10': '0.0052', 'HIT@20': '0.0125', 'NDCG@20': '0.0060'}
{'Epoch': 80, 'name': 'low_freq', 'HIT@5': '0.0043', 'NDCG@5': '0.0031', 'HIT@10': '0.0061', 'NDCG@10': '0.0036', 'HIT@20': '0.0084', 'NDCG@20': '0.0042'}
{'Epoch': 80, 'name': 'all', 'HIT@5': '0.0307', 'NDCG@5': '0.0201', 'HIT@10': '0.0475', 'NDCG@10': '0.0255', 'HIT@20': '0.0722', 'NDCG@20': '0.0317'}
EarlyStopping counter: 12 out of 40
rec dataset length: 186
100%|█████████████████████████████████████████████████████████████████████████████████████████████████████████████████████████████████████████| 186/186 [00:47<00:00,  3.90it/s]
{'epoch': 81, 'rec_avg_loss': '0.4903', 'joint_avg_loss': '0.9768', 'cl_avg_loss': '4.8656', 'itemcl_loss': '0.0000', 'cl_pair_0_loss': '4.8656'}
Recommendation EP_test:81: 100%|| 35/35 [00:08<00:00,  4.19it/s]
{'Epoch': 81, 'name': 'high_freq', 'HIT@5': '0.0407', 'NDCG@5': '0.0262', 'HIT@10': '0.0644', 'NDCG@10': '0.0337', 'HIT@20': '0.0991', 'NDCG@20': '0.0425'}
{'Epoch': 81, 'name': 'mid_freq', 'HIT@5': '0.0059', 'NDCG@5': '0.0040', 'HIT@10': '0.0093', 'NDCG@10': '0.0051', 'HIT@20': '0.0132', 'NDCG@20': '0.0061'}
{'Epoch': 81, 'name': 'low_freq', 'HIT@5': '0.0054', 'NDCG@5': '0.0038', 'HIT@10': '0.0066', 'NDCG@10': '0.0041', 'HIT@20': '0.0084', 'NDCG@20': '0.0046'}
{'Epoch': 81, 'name': 'all', 'HIT@5': '0.0295', 'NDCG@5': '0.0191', 'HIT@10': '0.0464', 'NDCG@10': '0.0245', 'HIT@20': '0.0711', 'NDCG@20': '0.0307'}
EarlyStopping counter: 13 out of 40
rec dataset length: 186
100%|█████████████████████████████████████████████████████████████████████████████████████████████████████████████████████████████████████████| 186/186 [00:47<00:00,  3.89it/s]
{'epoch': 82, 'rec_avg_loss': '0.4887', 'joint_avg_loss': '0.9733', 'cl_avg_loss': '4.8455', 'itemcl_loss': '0.0000', 'cl_pair_0_loss': '4.8455'}
Recommendation EP_test:82: 100%|| 35/35 [00:08<00:00,  4.10it/s]
{'Epoch': 82, 'name': 'high_freq', 'HIT@5': '0.0407', 'NDCG@5': '0.0264', 'HIT@10': '0.0641', 'NDCG@10': '0.0339', 'HIT@20': '0.1009', 'NDCG@20': '0.0431'}
{'Epoch': 82, 'name': 'mid_freq', 'HIT@5': '0.0062', 'NDCG@5': '0.0043', 'HIT@10': '0.0093', 'NDCG@10': '0.0053', 'HIT@20': '0.0144', 'NDCG@20': '0.0066'}
{'Epoch': 82, 'name': 'low_freq', 'HIT@5': '0.0054', 'NDCG@5': '0.0041', 'HIT@10': '0.0070', 'NDCG@10': '0.0046', 'HIT@20': '0.0081', 'NDCG@20': '0.0049'}
{'Epoch': 82, 'name': 'all', 'HIT@5': '0.0296', 'NDCG@5': '0.0193', 'HIT@10': '0.0463', 'NDCG@10': '0.0247', 'HIT@20': '0.0724', 'NDCG@20': '0.0312'}
EarlyStopping counter: 14 out of 40
rec dataset length: 186
100%|█████████████████████████████████████████████████████████████████████████████████████████████████████████████████████████████████████████| 186/186 [00:47<00:00,  3.89it/s]
{'epoch': 83, 'rec_avg_loss': '0.4849', 'joint_avg_loss': '0.9706', 'cl_avg_loss': '4.8566', 'itemcl_loss': '0.0000', 'cl_pair_0_loss': '4.8566'}
Recommendation EP_test:83: 100%|| 35/35 [00:08<00:00,  4.19it/s]
{'Epoch': 83, 'name': 'high_freq', 'HIT@5': '0.0407', 'NDCG@5': '0.0265', 'HIT@10': '0.0658', 'NDCG@10': '0.0346', 'HIT@20': '0.0996', 'NDCG@20': '0.0431'}
{'Epoch': 83, 'name': 'mid_freq', 'HIT@5': '0.0062', 'NDCG@5': '0.0042', 'HIT@10': '0.0092', 'NDCG@10': '0.0052', 'HIT@20': '0.0144', 'NDCG@20': '0.0065'}
{'Epoch': 83, 'name': 'low_freq', 'HIT@5': '0.0057', 'NDCG@5': '0.0041', 'HIT@10': '0.0066', 'NDCG@10': '0.0044', 'HIT@20': '0.0084', 'NDCG@20': '0.0049'}
{'Epoch': 83, 'name': 'all', 'HIT@5': '0.0296', 'NDCG@5': '0.0194', 'HIT@10': '0.0474', 'NDCG@10': '0.0251', 'HIT@20': '0.0716', 'NDCG@20': '0.0312'}
EarlyStopping counter: 15 out of 40
rec dataset length: 186
100%|█████████████████████████████████████████████████████████████████████████████████████████████████████████████████████████████████████████| 186/186 [00:47<00:00,  3.89it/s]
{'epoch': 84, 'rec_avg_loss': '0.4860', 'joint_avg_loss': '0.9723', 'cl_avg_loss': '4.8632', 'itemcl_loss': '0.0000', 'cl_pair_0_loss': '4.8632'}
Recommendation EP_test:84: 100%|| 35/35 [00:08<00:00,  4.09it/s]
{'Epoch': 84, 'name': 'high_freq', 'HIT@5': '0.0413', 'NDCG@5': '0.0266', 'HIT@10': '0.0664', 'NDCG@10': '0.0346', 'HIT@20': '0.1005', 'NDCG@20': '0.0432'}
{'Epoch': 84, 'name': 'mid_freq', 'HIT@5': '0.0060', 'NDCG@5': '0.0041', 'HIT@10': '0.0098', 'NDCG@10': '0.0053', 'HIT@20': '0.0142', 'NDCG@20': '0.0065'}
{'Epoch': 84, 'name': 'low_freq', 'HIT@5': '0.0052', 'NDCG@5': '0.0035', 'HIT@10': '0.0068', 'NDCG@10': '0.0040', 'HIT@20': '0.0084', 'NDCG@20': '0.0044'}
{'Epoch': 84, 'name': 'all', 'HIT@5': '0.0299', 'NDCG@5': '0.0193', 'HIT@10': '0.0479', 'NDCG@10': '0.0251', 'HIT@20': '0.0722', 'NDCG@20': '0.0312'}
EarlyStopping counter: 16 out of 40
rec dataset length: 186
100%|█████████████████████████████████████████████████████████████████████████████████████████████████████████████████████████████████████████| 186/186 [00:47<00:00,  3.89it/s]
{'epoch': 85, 'rec_avg_loss': '0.4859', 'joint_avg_loss': '0.9715', 'cl_avg_loss': '4.8566', 'itemcl_loss': '0.0000', 'cl_pair_0_loss': '4.8566'}
Recommendation EP_test:85: 100%|| 35/35 [00:08<00:00,  4.16it/s]
{'Epoch': 85, 'name': 'high_freq', 'HIT@5': '0.0421', 'NDCG@5': '0.0270', 'HIT@10': '0.0664', 'NDCG@10': '0.0348', 'HIT@20': '0.1009', 'NDCG@20': '0.0434'}
{'Epoch': 85, 'name': 'mid_freq', 'HIT@5': '0.0063', 'NDCG@5': '0.0042', 'HIT@10': '0.0101', 'NDCG@10': '0.0053', 'HIT@20': '0.0141', 'NDCG@20': '0.0063'}
{'Epoch': 85, 'name': 'low_freq', 'HIT@5': '0.0050', 'NDCG@5': '0.0036', 'HIT@10': '0.0075', 'NDCG@10': '0.0045', 'HIT@20': '0.0084', 'NDCG@20': '0.0047'}
{'Epoch': 85, 'name': 'all', 'HIT@5': '0.0305', 'NDCG@5': '0.0196', 'HIT@10': '0.0481', 'NDCG@10': '0.0252', 'HIT@20': '0.0724', 'NDCG@20': '0.0314'}
EarlyStopping counter: 17 out of 40
rec dataset length: 186
100%|█████████████████████████████████████████████████████████████████████████████████████████████████████████████████████████████████████████| 186/186 [00:47<00:00,  3.88it/s]
{'epoch': 86, 'rec_avg_loss': '0.4780', 'joint_avg_loss': '0.9628', 'cl_avg_loss': '4.8479', 'itemcl_loss': '0.0000', 'cl_pair_0_loss': '4.8479'}
Recommendation EP_test:86: 100%|| 35/35 [00:08<00:00,  4.15it/s]
{'Epoch': 86, 'name': 'high_freq', 'HIT@5': '0.0406', 'NDCG@5': '0.0263', 'HIT@10': '0.0657', 'NDCG@10': '0.0344', 'HIT@20': '0.0989', 'NDCG@20': '0.0427'}
{'Epoch': 86, 'name': 'mid_freq', 'HIT@5': '0.0065', 'NDCG@5': '0.0043', 'HIT@10': '0.0098', 'NDCG@10': '0.0053', 'HIT@20': '0.0145', 'NDCG@20': '0.0065'}
{'Epoch': 86, 'name': 'low_freq', 'HIT@5': '0.0054', 'NDCG@5': '0.0041', 'HIT@10': '0.0068', 'NDCG@10': '0.0046', 'HIT@20': '0.0077', 'NDCG@20': '0.0048'}
{'Epoch': 86, 'name': 'all', 'HIT@5': '0.0296', 'NDCG@5': '0.0192', 'HIT@10': '0.0474', 'NDCG@10': '0.0250', 'HIT@20': '0.0710', 'NDCG@20': '0.0309'}
EarlyStopping counter: 18 out of 40
rec dataset length: 186
100%|█████████████████████████████████████████████████████████████████████████████████████████████████████████████████████████████████████████| 186/186 [00:47<00:00,  3.88it/s]
{'epoch': 87, 'rec_avg_loss': '0.4790', 'joint_avg_loss': '0.9633', 'cl_avg_loss': '4.8431', 'itemcl_loss': '0.0000', 'cl_pair_0_loss': '4.8431'}
Recommendation EP_test:87: 100%|| 35/35 [00:08<00:00,  4.07it/s]
{'Epoch': 87, 'name': 'high_freq', 'HIT@5': '0.0412', 'NDCG@5': '0.0264', 'HIT@10': '0.0654', 'NDCG@10': '0.0342', 'HIT@20': '0.1005', 'NDCG@20': '0.0431'}
{'Epoch': 87, 'name': 'mid_freq', 'HIT@5': '0.0065', 'NDCG@5': '0.0042', 'HIT@10': '0.0093', 'NDCG@10': '0.0052', 'HIT@20': '0.0134', 'NDCG@20': '0.0062'}
{'Epoch': 87, 'name': 'low_freq', 'HIT@5': '0.0048', 'NDCG@5': '0.0037', 'HIT@10': '0.0061', 'NDCG@10': '0.0041', 'HIT@20': '0.0079', 'NDCG@20': '0.0045'}
{'Epoch': 87, 'name': 'all', 'HIT@5': '0.0299', 'NDCG@5': '0.0193', 'HIT@10': '0.0471', 'NDCG@10': '0.0248', 'HIT@20': '0.0719', 'NDCG@20': '0.0311'}
EarlyStopping counter: 19 out of 40
rec dataset length: 186
100%|█████████████████████████████████████████████████████████████████████████████████████████████████████████████████████████████████████████| 186/186 [00:47<00:00,  3.89it/s]
{'epoch': 88, 'rec_avg_loss': '0.4773', 'joint_avg_loss': '0.9602', 'cl_avg_loss': '4.8296', 'itemcl_loss': '0.0000', 'cl_pair_0_loss': '4.8296'}
Recommendation EP_test:88: 100%|| 35/35 [00:08<00:00,  4.19it/s]
{'Epoch': 88, 'name': 'high_freq', 'HIT@5': '0.0412', 'NDCG@5': '0.0266', 'HIT@10': '0.0652', 'NDCG@10': '0.0343', 'HIT@20': '0.1000', 'NDCG@20': '0.0431'}
{'Epoch': 88, 'name': 'mid_freq', 'HIT@5': '0.0073', 'NDCG@5': '0.0051', 'HIT@10': '0.0101', 'NDCG@10': '0.0060', 'HIT@20': '0.0147', 'NDCG@20': '0.0071'}
{'Epoch': 88, 'name': 'low_freq', 'HIT@5': '0.0043', 'NDCG@5': '0.0034', 'HIT@10': '0.0068', 'NDCG@10': '0.0042', 'HIT@20': '0.0091', 'NDCG@20': '0.0047'}
{'Epoch': 88, 'name': 'all', 'HIT@5': '0.0300', 'NDCG@5': '0.0195', 'HIT@10': '0.0472', 'NDCG@10': '0.0251', 'HIT@20': '0.0720', 'NDCG@20': '0.0313'}
EarlyStopping counter: 20 out of 40
rec dataset length: 186
100%|█████████████████████████████████████████████████████████████████████████████████████████████████████████████████████████████████████████| 186/186 [00:47<00:00,  3.90it/s]
{'epoch': 89, 'rec_avg_loss': '0.4740', 'joint_avg_loss': '0.9574', 'cl_avg_loss': '4.8340', 'itemcl_loss': '0.0000', 'cl_pair_0_loss': '4.8340'}
Recommendation EP_test:89: 100%|| 35/35 [00:08<00:00,  4.17it/s]
{'Epoch': 89, 'name': 'high_freq', 'HIT@5': '0.0422', 'NDCG@5': '0.0267', 'HIT@10': '0.0663', 'NDCG@10': '0.0344', 'HIT@20': '0.0994', 'NDCG@20': '0.0428'}
{'Epoch': 89, 'name': 'mid_freq', 'HIT@5': '0.0073', 'NDCG@5': '0.0051', 'HIT@10': '0.0099', 'NDCG@10': '0.0059', 'HIT@20': '0.0141', 'NDCG@20': '0.0069'}
{'Epoch': 89, 'name': 'low_freq', 'HIT@5': '0.0054', 'NDCG@5': '0.0040', 'HIT@10': '0.0063', 'NDCG@10': '0.0043', 'HIT@20': '0.0086', 'NDCG@20': '0.0049'}
{'Epoch': 89, 'name': 'all', 'HIT@5': '0.0308', 'NDCG@5': '0.0196', 'HIT@10': '0.0478', 'NDCG@10': '0.0251', 'HIT@20': '0.0715', 'NDCG@20': '0.0310'}
EarlyStopping counter: 21 out of 40
rec dataset length: 186
100%|█████████████████████████████████████████████████████████████████████████████████████████████████████████████████████████████████████████| 186/186 [00:47<00:00,  3.89it/s]
{'epoch': 90, 'rec_avg_loss': '0.4758', 'joint_avg_loss': '0.9578', 'cl_avg_loss': '4.8205', 'itemcl_loss': '0.0000', 'cl_pair_0_loss': '4.8205'}
Recommendation EP_test:90: 100%|| 35/35 [00:08<00:00,  3.96it/s]
{'Epoch': 90, 'name': 'high_freq', 'HIT@5': '0.0424', 'NDCG@5': '0.0267', 'HIT@10': '0.0659', 'NDCG@10': '0.0342', 'HIT@20': '0.1008', 'NDCG@20': '0.0430'}
{'Epoch': 90, 'name': 'mid_freq', 'HIT@5': '0.0073', 'NDCG@5': '0.0049', 'HIT@10': '0.0092', 'NDCG@10': '0.0055', 'HIT@20': '0.0145', 'NDCG@20': '0.0068'}
{'Epoch': 90, 'name': 'low_freq', 'HIT@5': '0.0045', 'NDCG@5': '0.0036', 'HIT@10': '0.0068', 'NDCG@10': '0.0043', 'HIT@20': '0.0081', 'NDCG@20': '0.0047'}
{'Epoch': 90, 'name': 'all', 'HIT@5': '0.0308', 'NDCG@5': '0.0196', 'HIT@10': '0.0475', 'NDCG@10': '0.0249', 'HIT@20': '0.0724', 'NDCG@20': '0.0312'}
EarlyStopping counter: 22 out of 40
rec dataset length: 186
100%|█████████████████████████████████████████████████████████████████████████████████████████████████████████████████████████████████████████| 186/186 [00:47<00:00,  3.89it/s]
{'epoch': 91, 'rec_avg_loss': '0.4737', 'joint_avg_loss': '0.9569', 'cl_avg_loss': '4.8317', 'itemcl_loss': '0.0000', 'cl_pair_0_loss': '4.8317'}
Recommendation EP_test:91: 100%|| 35/35 [00:08<00:00,  4.21it/s]
{'Epoch': 91, 'name': 'high_freq', 'HIT@5': '0.0405', 'NDCG@5': '0.0261', 'HIT@10': '0.0638', 'NDCG@10': '0.0336', 'HIT@20': '0.0984', 'NDCG@20': '0.0423'}
{'Epoch': 91, 'name': 'mid_freq', 'HIT@5': '0.0079', 'NDCG@5': '0.0054', 'HIT@10': '0.0102', 'NDCG@10': '0.0061', 'HIT@20': '0.0148', 'NDCG@20': '0.0072'}
{'Epoch': 91, 'name': 'low_freq', 'HIT@5': '0.0045', 'NDCG@5': '0.0036', 'HIT@10': '0.0057', 'NDCG@10': '0.0039', 'HIT@20': '0.0077', 'NDCG@20': '0.0044'}
{'Epoch': 91, 'name': 'all', 'HIT@5': '0.0297', 'NDCG@5': '0.0193', 'HIT@10': '0.0461', 'NDCG@10': '0.0245', 'HIT@20': '0.0708', 'NDCG@20': '0.0307'}
EarlyStopping counter: 23 out of 40
rec dataset length: 186
100%|█████████████████████████████████████████████████████████████████████████████████████████████████████████████████████████████████████████| 186/186 [00:47<00:00,  3.89it/s]
{'epoch': 92, 'rec_avg_loss': '0.4688', 'joint_avg_loss': '0.9523', 'cl_avg_loss': '4.8346', 'itemcl_loss': '0.0000', 'cl_pair_0_loss': '4.8346'}
Recommendation EP_test:92: 100%|| 35/35 [00:08<00:00,  4.30it/s]
{'Epoch': 92, 'name': 'high_freq', 'HIT@5': '0.0405', 'NDCG@5': '0.0263', 'HIT@10': '0.0647', 'NDCG@10': '0.0341', 'HIT@20': '0.1000', 'NDCG@20': '0.0429'}
{'Epoch': 92, 'name': 'mid_freq', 'HIT@5': '0.0070', 'NDCG@5': '0.0047', 'HIT@10': '0.0098', 'NDCG@10': '0.0056', 'HIT@20': '0.0138', 'NDCG@20': '0.0067'}
{'Epoch': 92, 'name': 'low_freq', 'HIT@5': '0.0041', 'NDCG@5': '0.0033', 'HIT@10': '0.0057', 'NDCG@10': '0.0038', 'HIT@20': '0.0077', 'NDCG@20': '0.0043'}
{'Epoch': 92, 'name': 'all', 'HIT@5': '0.0294', 'NDCG@5': '0.0192', 'HIT@10': '0.0466', 'NDCG@10': '0.0247', 'HIT@20': '0.0717', 'NDCG@20': '0.0310'}
EarlyStopping counter: 24 out of 40
rec dataset length: 186
100%|█████████████████████████████████████████████████████████████████████████████████████████████████████████████████████████████████████████| 186/186 [00:47<00:00,  3.90it/s]
{'epoch': 93, 'rec_avg_loss': '0.4691', 'joint_avg_loss': '0.9500', 'cl_avg_loss': '4.8091', 'itemcl_loss': '0.0000', 'cl_pair_0_loss': '4.8091'}
Recommendation EP_test:93: 100%|| 35/35 [00:08<00:00,  4.13it/s]
{'Epoch': 93, 'name': 'high_freq', 'HIT@5': '0.0424', 'NDCG@5': '0.0269', 'HIT@10': '0.0661', 'NDCG@10': '0.0345', 'HIT@20': '0.0995', 'NDCG@20': '0.0429'}
{'Epoch': 93, 'name': 'mid_freq', 'HIT@5': '0.0060', 'NDCG@5': '0.0043', 'HIT@10': '0.0093', 'NDCG@10': '0.0054', 'HIT@20': '0.0151', 'NDCG@20': '0.0068'}
{'Epoch': 93, 'name': 'low_freq', 'HIT@5': '0.0050', 'NDCG@5': '0.0038', 'HIT@10': '0.0063', 'NDCG@10': '0.0043', 'HIT@20': '0.0086', 'NDCG@20': '0.0048'}
{'Epoch': 93, 'name': 'all', 'HIT@5': '0.0306', 'NDCG@5': '0.0196', 'HIT@10': '0.0476', 'NDCG@10': '0.0251', 'HIT@20': '0.0717', 'NDCG@20': '0.0311'}
EarlyStopping counter: 25 out of 40
rec dataset length: 186
100%|█████████████████████████████████████████████████████████████████████████████████████████████████████████████████████████████████████████| 186/186 [00:47<00:00,  3.91it/s]
{'epoch': 94, 'rec_avg_loss': '0.4682', 'joint_avg_loss': '0.9492', 'cl_avg_loss': '4.8102', 'itemcl_loss': '0.0000', 'cl_pair_0_loss': '4.8102'}
Recommendation EP_test:94: 100%|| 35/35 [00:08<00:00,  4.07it/s]
{'Epoch': 94, 'name': 'high_freq', 'HIT@5': '0.0422', 'NDCG@5': '0.0269', 'HIT@10': '0.0645', 'NDCG@10': '0.0342', 'HIT@20': '0.1003', 'NDCG@20': '0.0432'}
{'Epoch': 94, 'name': 'mid_freq', 'HIT@5': '0.0066', 'NDCG@5': '0.0046', 'HIT@10': '0.0092', 'NDCG@10': '0.0055', 'HIT@20': '0.0147', 'NDCG@20': '0.0068'}
{'Epoch': 94, 'name': 'low_freq', 'HIT@5': '0.0048', 'NDCG@5': '0.0035', 'HIT@10': '0.0057', 'NDCG@10': '0.0038', 'HIT@20': '0.0084', 'NDCG@20': '0.0044'}
{'Epoch': 94, 'name': 'all', 'HIT@5': '0.0306', 'NDCG@5': '0.0197', 'HIT@10': '0.0464', 'NDCG@10': '0.0248', 'HIT@20': '0.0722', 'NDCG@20': '0.0312'}
EarlyStopping counter: 26 out of 40
rec dataset length: 186
100%|█████████████████████████████████████████████████████████████████████████████████████████████████████████████████████████████████████████| 186/186 [00:47<00:00,  3.88it/s]
{'epoch': 95, 'rec_avg_loss': '0.4660', 'joint_avg_loss': '0.9466', 'cl_avg_loss': '4.8063', 'itemcl_loss': '0.0000', 'cl_pair_0_loss': '4.8063'}
Recommendation EP_test:95: 100%|| 35/35 [00:08<00:00,  4.12it/s]
{'Epoch': 95, 'name': 'high_freq', 'HIT@5': '0.0409', 'NDCG@5': '0.0262', 'HIT@10': '0.0642', 'NDCG@10': '0.0336', 'HIT@20': '0.0971', 'NDCG@20': '0.0419'}
{'Epoch': 95, 'name': 'mid_freq', 'HIT@5': '0.0069', 'NDCG@5': '0.0044', 'HIT@10': '0.0103', 'NDCG@10': '0.0055', 'HIT@20': '0.0165', 'NDCG@20': '0.0070'}
{'Epoch': 95, 'name': 'low_freq', 'HIT@5': '0.0045', 'NDCG@5': '0.0034', 'HIT@10': '0.0063', 'NDCG@10': '0.0040', 'HIT@20': '0.0091', 'NDCG@20': '0.0047'}
{'Epoch': 95, 'name': 'all', 'HIT@5': '0.0297', 'NDCG@5': '0.0191', 'HIT@10': '0.0465', 'NDCG@10': '0.0244', 'HIT@20': '0.0704', 'NDCG@20': '0.0304'}
EarlyStopping counter: 27 out of 40
rec dataset length: 186
100%|█████████████████████████████████████████████████████████████████████████████████████████████████████████████████████████████████████████| 186/186 [00:47<00:00,  3.89it/s]
{'epoch': 96, 'rec_avg_loss': '0.4667', 'joint_avg_loss': '0.9480', 'cl_avg_loss': '4.8124', 'itemcl_loss': '0.0000', 'cl_pair_0_loss': '4.8124'}
Recommendation EP_test:96: 100%|| 35/35 [00:08<00:00,  4.15it/s]
{'Epoch': 96, 'name': 'high_freq', 'HIT@5': '0.0420', 'NDCG@5': '0.0271', 'HIT@10': '0.0651', 'NDCG@10': '0.0346', 'HIT@20': '0.0992', 'NDCG@20': '0.0431'}
{'Epoch': 96, 'name': 'mid_freq', 'HIT@5': '0.0065', 'NDCG@5': '0.0044', 'HIT@10': '0.0093', 'NDCG@10': '0.0053', 'HIT@20': '0.0149', 'NDCG@20': '0.0067'}
{'Epoch': 96, 'name': 'low_freq', 'HIT@5': '0.0045', 'NDCG@5': '0.0032', 'HIT@10': '0.0063', 'NDCG@10': '0.0038', 'HIT@20': '0.0086', 'NDCG@20': '0.0043'}
{'Epoch': 96, 'name': 'all', 'HIT@5': '0.0304', 'NDCG@5': '0.0197', 'HIT@10': '0.0469', 'NDCG@10': '0.0250', 'HIT@20': '0.0715', 'NDCG@20': '0.0312'}
EarlyStopping counter: 28 out of 40
rec dataset length: 186
100%|█████████████████████████████████████████████████████████████████████████████████████████████████████████████████████████████████████████| 186/186 [00:47<00:00,  3.90it/s]
{'epoch': 97, 'rec_avg_loss': '0.4626', 'joint_avg_loss': '0.9432', 'cl_avg_loss': '4.8066', 'itemcl_loss': '0.0000', 'cl_pair_0_loss': '4.8066'}
Recommendation EP_test:97: 100%|| 35/35 [00:08<00:00,  4.07it/s]
{'Epoch': 97, 'name': 'high_freq', 'HIT@5': '0.0412', 'NDCG@5': '0.0263', 'HIT@10': '0.0660', 'NDCG@10': '0.0342', 'HIT@20': '0.1000', 'NDCG@20': '0.0428'}
{'Epoch': 97, 'name': 'mid_freq', 'HIT@5': '0.0069', 'NDCG@5': '0.0046', 'HIT@10': '0.0103', 'NDCG@10': '0.0057', 'HIT@20': '0.0159', 'NDCG@20': '0.0071'}
{'Epoch': 97, 'name': 'low_freq', 'HIT@5': '0.0043', 'NDCG@5': '0.0034', 'HIT@10': '0.0057', 'NDCG@10': '0.0039', 'HIT@20': '0.0086', 'NDCG@20': '0.0046'}
{'Epoch': 97, 'name': 'all', 'HIT@5': '0.0299', 'NDCG@5': '0.0192', 'HIT@10': '0.0476', 'NDCG@10': '0.0249', 'HIT@20': '0.0722', 'NDCG@20': '0.0311'}
EarlyStopping counter: 29 out of 40
rec dataset length: 186
100%|█████████████████████████████████████████████████████████████████████████████████████████████████████████████████████████████████████████| 186/186 [00:47<00:00,  3.89it/s]
{'epoch': 98, 'rec_avg_loss': '0.4608', 'joint_avg_loss': '0.9412', 'cl_avg_loss': '4.8043', 'itemcl_loss': '0.0000', 'cl_pair_0_loss': '4.8043'}
Recommendation EP_test:98: 100%|| 35/35 [00:08<00:00,  4.11it/s]
{'Epoch': 98, 'name': 'high_freq', 'HIT@5': '0.0410', 'NDCG@5': '0.0263', 'HIT@10': '0.0650', 'NDCG@10': '0.0340', 'HIT@20': '0.0985', 'NDCG@20': '0.0424'}
{'Epoch': 98, 'name': 'mid_freq', 'HIT@5': '0.0063', 'NDCG@5': '0.0044', 'HIT@10': '0.0095', 'NDCG@10': '0.0054', 'HIT@20': '0.0157', 'NDCG@20': '0.0070'}
{'Epoch': 98, 'name': 'low_freq', 'HIT@5': '0.0043', 'NDCG@5': '0.0034', 'HIT@10': '0.0059', 'NDCG@10': '0.0039', 'HIT@20': '0.0084', 'NDCG@20': '0.0045'}
{'Epoch': 98, 'name': 'all', 'HIT@5': '0.0297', 'NDCG@5': '0.0192', 'HIT@10': '0.0468', 'NDCG@10': '0.0247', 'HIT@20': '0.0711', 'NDCG@20': '0.0308'}
EarlyStopping counter: 30 out of 40
rec dataset length: 186
100%|█████████████████████████████████████████████████████████████████████████████████████████████████████████████████████████████████████████| 186/186 [00:47<00:00,  3.89it/s]
{'epoch': 99, 'rec_avg_loss': '0.4607', 'joint_avg_loss': '0.9414', 'cl_avg_loss': '4.8067', 'itemcl_loss': '0.0000', 'cl_pair_0_loss': '4.8067'}
Recommendation EP_test:99: 100%|| 35/35 [00:08<00:00,  4.16it/s]
{'Epoch': 99, 'name': 'high_freq', 'HIT@5': '0.0408', 'NDCG@5': '0.0258', 'HIT@10': '0.0663', 'NDCG@10': '0.0340', 'HIT@20': '0.0999', 'NDCG@20': '0.0424'}
{'Epoch': 99, 'name': 'mid_freq', 'HIT@5': '0.0063', 'NDCG@5': '0.0042', 'HIT@10': '0.0099', 'NDCG@10': '0.0054', 'HIT@20': '0.0148', 'NDCG@20': '0.0066'}
{'Epoch': 99, 'name': 'low_freq', 'HIT@5': '0.0038', 'NDCG@5': '0.0030', 'HIT@10': '0.0066', 'NDCG@10': '0.0039', 'HIT@20': '0.0079', 'NDCG@20': '0.0043'}
{'Epoch': 99, 'name': 'all', 'HIT@5': '0.0294', 'NDCG@5': '0.0187', 'HIT@10': '0.0478', 'NDCG@10': '0.0246', 'HIT@20': '0.0718', 'NDCG@20': '0.0307'}
EarlyStopping counter: 31 out of 40
rec dataset length: 186
100%|█████████████████████████████████████████████████████████████████████████████████████████████████████████████████████████████████████████| 186/186 [00:47<00:00,  3.90it/s]
{'epoch': 100, 'rec_avg_loss': '0.4608', 'joint_avg_loss': '0.9391', 'cl_avg_loss': '4.7826', 'itemcl_loss': '0.0000', 'cl_pair_0_loss': '4.7826'}
Recommendation EP_test:100: 100%|| 35/35 [00:08<00:00,  4.13it/s]
{'Epoch': 100, 'name': 'high_freq', 'HIT@5': '0.0407', 'NDCG@5': '0.0260', 'HIT@10': '0.0646', 'NDCG@10': '0.0337', 'HIT@20': '0.0987', 'NDCG@20': '0.0422'}
{'Epoch': 100, 'name': 'mid_freq', 'HIT@5': '0.0073', 'NDCG@5': '0.0051', 'HIT@10': '0.0109', 'NDCG@10': '0.0062', 'HIT@20': '0.0168', 'NDCG@20': '0.0077'}
{'Epoch': 100, 'name': 'low_freq', 'HIT@5': '0.0045', 'NDCG@5': '0.0034', 'HIT@10': '0.0061', 'NDCG@10': '0.0039', 'HIT@20': '0.0079', 'NDCG@20': '0.0044'}
{'Epoch': 100, 'name': 'all', 'HIT@5': '0.0297', 'NDCG@5': '0.0191', 'HIT@10': '0.0469', 'NDCG@10': '0.0246', 'HIT@20': '0.0714', 'NDCG@20': '0.0308'}
EarlyStopping counter: 32 out of 40
rec dataset length: 186
100%|█████████████████████████████████████████████████████████████████████████████████████████████████████████████████████████████████████████| 186/186 [00:47<00:00,  3.89it/s]
{'epoch': 101, 'rec_avg_loss': '0.4603', 'joint_avg_loss': '0.9391', 'cl_avg_loss': '4.7881', 'itemcl_loss': '0.0000', 'cl_pair_0_loss': '4.7881'}
Recommendation EP_test:101: 100%|| 35/35 [00:08<00:00,  4.25it/s]
{'Epoch': 101, 'name': 'high_freq', 'HIT@5': '0.0409', 'NDCG@5': '0.0264', 'HIT@10': '0.0657', 'NDCG@10': '0.0344', 'HIT@20': '0.0991', 'NDCG@20': '0.0427'}
{'Epoch': 101, 'name': 'mid_freq', 'HIT@5': '0.0072', 'NDCG@5': '0.0049', 'HIT@10': '0.0108', 'NDCG@10': '0.0061', 'HIT@20': '0.0162', 'NDCG@20': '0.0074'}
{'Epoch': 101, 'name': 'low_freq', 'HIT@5': '0.0048', 'NDCG@5': '0.0037', 'HIT@10': '0.0066', 'NDCG@10': '0.0042', 'HIT@20': '0.0086', 'NDCG@20': '0.0048'}
{'Epoch': 101, 'name': 'all', 'HIT@5': '0.0298', 'NDCG@5': '0.0194', 'HIT@10': '0.0476', 'NDCG@10': '0.0251', 'HIT@20': '0.0716', 'NDCG@20': '0.0311'}
EarlyStopping counter: 33 out of 40
rec dataset length: 186
100%|█████████████████████████████████████████████████████████████████████████████████████████████████████████████████████████████████████████| 186/186 [00:47<00:00,  3.90it/s]
{'epoch': 102, 'rec_avg_loss': '0.4591', 'joint_avg_loss': '0.9385', 'cl_avg_loss': '4.7938', 'itemcl_loss': '0.0000', 'cl_pair_0_loss': '4.7938'}
Recommendation EP_test:102: 100%|| 35/35 [00:08<00:00,  4.20it/s]
{'Epoch': 102, 'name': 'high_freq', 'HIT@5': '0.0419', 'NDCG@5': '0.0268', 'HIT@10': '0.0650', 'NDCG@10': '0.0342', 'HIT@20': '0.0990', 'NDCG@20': '0.0428'}
{'Epoch': 102, 'name': 'mid_freq', 'HIT@5': '0.0070', 'NDCG@5': '0.0047', 'HIT@10': '0.0101', 'NDCG@10': '0.0056', 'HIT@20': '0.0162', 'NDCG@20': '0.0071'}
{'Epoch': 102, 'name': 'low_freq', 'HIT@5': '0.0045', 'NDCG@5': '0.0036', 'HIT@10': '0.0068', 'NDCG@10': '0.0043', 'HIT@20': '0.0088', 'NDCG@20': '0.0048'}
{'Epoch': 102, 'name': 'all', 'HIT@5': '0.0304', 'NDCG@5': '0.0196', 'HIT@10': '0.0470', 'NDCG@10': '0.0249', 'HIT@20': '0.0716', 'NDCG@20': '0.0311'}
EarlyStopping counter: 34 out of 40
rec dataset length: 186
100%|█████████████████████████████████████████████████████████████████████████████████████████████████████████████████████████████████████████| 186/186 [00:47<00:00,  3.89it/s]
{'epoch': 103, 'rec_avg_loss': '0.4585', 'joint_avg_loss': '0.9367', 'cl_avg_loss': '4.7820', 'itemcl_loss': '0.0000', 'cl_pair_0_loss': '4.7820'}
Recommendation EP_test:103: 100%|| 35/35 [00:08<00:00,  4.17it/s]
{'Epoch': 103, 'name': 'high_freq', 'HIT@5': '0.0415', 'NDCG@5': '0.0269', 'HIT@10': '0.0654', 'NDCG@10': '0.0346', 'HIT@20': '0.0998', 'NDCG@20': '0.0433'}
{'Epoch': 103, 'name': 'mid_freq', 'HIT@5': '0.0072', 'NDCG@5': '0.0049', 'HIT@10': '0.0103', 'NDCG@10': '0.0059', 'HIT@20': '0.0165', 'NDCG@20': '0.0074'}
{'Epoch': 103, 'name': 'low_freq', 'HIT@5': '0.0048', 'NDCG@5': '0.0038', 'HIT@10': '0.0066', 'NDCG@10': '0.0044', 'HIT@20': '0.0088', 'NDCG@20': '0.0050'}
{'Epoch': 103, 'name': 'all', 'HIT@5': '0.0302', 'NDCG@5': '0.0197', 'HIT@10': '0.0473', 'NDCG@10': '0.0253', 'HIT@20': '0.0722', 'NDCG@20': '0.0315'}
EarlyStopping counter: 35 out of 40
rec dataset length: 186
100%|█████████████████████████████████████████████████████████████████████████████████████████████████████████████████████████████████████████| 186/186 [00:47<00:00,  3.88it/s]
{'epoch': 104, 'rec_avg_loss': '0.4556', 'joint_avg_loss': '0.9335', 'cl_avg_loss': '4.7786', 'itemcl_loss': '0.0000', 'cl_pair_0_loss': '4.7786'}
Recommendation EP_test:104: 100%|| 35/35 [00:08<00:00,  4.08it/s]
{'Epoch': 104, 'name': 'high_freq', 'HIT@5': '0.0418', 'NDCG@5': '0.0266', 'HIT@10': '0.0658', 'NDCG@10': '0.0344', 'HIT@20': '0.0995', 'NDCG@20': '0.0428'}
{'Epoch': 104, 'name': 'mid_freq', 'HIT@5': '0.0057', 'NDCG@5': '0.0040', 'HIT@10': '0.0102', 'NDCG@10': '0.0055', 'HIT@20': '0.0155', 'NDCG@20': '0.0068'}
{'Epoch': 104, 'name': 'low_freq', 'HIT@5': '0.0052', 'NDCG@5': '0.0039', 'HIT@10': '0.0059', 'NDCG@10': '0.0041', 'HIT@20': '0.0084', 'NDCG@20': '0.0047'}
{'Epoch': 104, 'name': 'all', 'HIT@5': '0.0302', 'NDCG@5': '0.0194', 'HIT@10': '0.0475', 'NDCG@10': '0.0250', 'HIT@20': '0.0718', 'NDCG@20': '0.0310'}
EarlyStopping counter: 36 out of 40
rec dataset length: 186
100%|█████████████████████████████████████████████████████████████████████████████████████████████████████████████████████████████████████████| 186/186 [00:47<00:00,  3.88it/s]
{'epoch': 105, 'rec_avg_loss': '0.4546', 'joint_avg_loss': '0.9333', 'cl_avg_loss': '4.7871', 'itemcl_loss': '0.0000', 'cl_pair_0_loss': '4.7871'}
Recommendation EP_test:105: 100%|| 35/35 [00:08<00:00,  4.22it/s]
{'Epoch': 105, 'name': 'high_freq', 'HIT@5': '0.0424', 'NDCG@5': '0.0270', 'HIT@10': '0.0652', 'NDCG@10': '0.0342', 'HIT@20': '0.0999', 'NDCG@20': '0.0430'}
{'Epoch': 105, 'name': 'mid_freq', 'HIT@5': '0.0059', 'NDCG@5': '0.0044', 'HIT@10': '0.0105', 'NDCG@10': '0.0058', 'HIT@20': '0.0144', 'NDCG@20': '0.0068'}
{'Epoch': 105, 'name': 'low_freq', 'HIT@5': '0.0048', 'NDCG@5': '0.0037', 'HIT@10': '0.0068', 'NDCG@10': '0.0044', 'HIT@20': '0.0088', 'NDCG@20': '0.0049'}
{'Epoch': 105, 'name': 'all', 'HIT@5': '0.0306', 'NDCG@5': '0.0197', 'HIT@10': '0.0472', 'NDCG@10': '0.0250', 'HIT@20': '0.0719', 'NDCG@20': '0.0312'}
EarlyStopping counter: 37 out of 40
rec dataset length: 186
100%|█████████████████████████████████████████████████████████████████████████████████████████████████████████████████████████████████████████| 186/186 [00:47<00:00,  3.92it/s]
{'epoch': 106, 'rec_avg_loss': '0.4555', 'joint_avg_loss': '0.9329', 'cl_avg_loss': '4.7742', 'itemcl_loss': '0.0000', 'cl_pair_0_loss': '4.7742'}
Recommendation EP_test:106: 100%|| 35/35 [00:08<00:00,  4.16it/s]
{'Epoch': 106, 'name': 'high_freq', 'HIT@5': '0.0414', 'NDCG@5': '0.0263', 'HIT@10': '0.0649', 'NDCG@10': '0.0338', 'HIT@20': '0.0982', 'NDCG@20': '0.0422'}
{'Epoch': 106, 'name': 'mid_freq', 'HIT@5': '0.0066', 'NDCG@5': '0.0046', 'HIT@10': '0.0092', 'NDCG@10': '0.0054', 'HIT@20': '0.0157', 'NDCG@20': '0.0070'}
{'Epoch': 106, 'name': 'low_freq', 'HIT@5': '0.0045', 'NDCG@5': '0.0037', 'HIT@10': '0.0063', 'NDCG@10': '0.0043', 'HIT@20': '0.0086', 'NDCG@20': '0.0048'}
{'Epoch': 106, 'name': 'all', 'HIT@5': '0.0300', 'NDCG@5': '0.0193', 'HIT@10': '0.0467', 'NDCG@10': '0.0246', 'HIT@20': '0.0710', 'NDCG@20': '0.0307'}
EarlyStopping counter: 38 out of 40
rec dataset length: 186
100%|█████████████████████████████████████████████████████████████████████████████████████████████████████████████████████████████████████████| 186/186 [00:47<00:00,  3.89it/s]
{'epoch': 107, 'rec_avg_loss': '0.4520', 'joint_avg_loss': '0.9289', 'cl_avg_loss': '4.7689', 'itemcl_loss': '0.0000', 'cl_pair_0_loss': '4.7689'}
Recommendation EP_test:107: 100%|| 35/35 [00:08<00:00,  4.11it/s]
{'Epoch': 107, 'name': 'high_freq', 'HIT@5': '0.0419', 'NDCG@5': '0.0266', 'HIT@10': '0.0653', 'NDCG@10': '0.0341', 'HIT@20': '0.0996', 'NDCG@20': '0.0427'}
{'Epoch': 107, 'name': 'mid_freq', 'HIT@5': '0.0063', 'NDCG@5': '0.0044', 'HIT@10': '0.0105', 'NDCG@10': '0.0057', 'HIT@20': '0.0161', 'NDCG@20': '0.0071'}
{'Epoch': 107, 'name': 'low_freq', 'HIT@5': '0.0048', 'NDCG@5': '0.0039', 'HIT@10': '0.0061', 'NDCG@10': '0.0044', 'HIT@20': '0.0079', 'NDCG@20': '0.0048'}
{'Epoch': 107, 'name': 'all', 'HIT@5': '0.0303', 'NDCG@5': '0.0194', 'HIT@10': '0.0472', 'NDCG@10': '0.0249', 'HIT@20': '0.0719', 'NDCG@20': '0.0311'}
EarlyStopping counter: 39 out of 40
rec dataset length: 186
100%|█████████████████████████████████████████████████████████████████████████████████████████████████████████████████████████████████████████| 186/186 [00:47<00:00,  3.89it/s]
{'epoch': 108, 'rec_avg_loss': '0.4493', 'joint_avg_loss': '0.9249', 'cl_avg_loss': '4.7566', 'itemcl_loss': '0.0000', 'cl_pair_0_loss': '4.7566'}
Recommendation EP_test:108: 100%|| 35/35 [00:08<00:00,  4.11it/s]
{'Epoch': 108, 'name': 'high_freq', 'HIT@5': '0.0415', 'NDCG@5': '0.0267', 'HIT@10': '0.0660', 'NDCG@10': '0.0345', 'HIT@20': '0.0996', 'NDCG@20': '0.0430'}
{'Epoch': 108, 'name': 'mid_freq', 'HIT@5': '0.0068', 'NDCG@5': '0.0046', 'HIT@10': '0.0102', 'NDCG@10': '0.0057', 'HIT@20': '0.0174', 'NDCG@20': '0.0075'}
{'Epoch': 108, 'name': 'low_freq', 'HIT@5': '0.0050', 'NDCG@5': '0.0038', 'HIT@10': '0.0059', 'NDCG@10': '0.0040', 'HIT@20': '0.0081', 'NDCG@20': '0.0046'}
{'Epoch': 108, 'name': 'all', 'HIT@5': '0.0302', 'NDCG@5': '0.0195', 'HIT@10': '0.0476', 'NDCG@10': '0.0251', 'HIT@20': '0.0722', 'NDCG@20': '0.0313'}
EarlyStopping counter: 40 out of 40
Early stopping
---------------Change to test_rating_matrix!-------------------
Recommendation EP_test:109: 100%|| 35/35 [00:08<00:00,  3.96it/s]
{'Epoch': 109, 'name': 'high_freq', 'HIT@5': '0.0347', 'NDCG@5': '0.0226', 'HIT@10': '0.0547', 'NDCG@10': '0.0290', 'HIT@20': '0.0822', 'NDCG@20': '0.0359'}
{'Epoch': 109, 'name': 'mid_freq', 'HIT@5': '0.0040', 'NDCG@5': '0.0029', 'HIT@10': '0.0068', 'NDCG@10': '0.0037', 'HIT@20': '0.0101', 'NDCG@20': '0.0045'}
{'Epoch': 109, 'name': 'low_freq', 'HIT@5': '0.0035', 'NDCG@5': '0.0029', 'HIT@10': '0.0050', 'NDCG@10': '0.0033', 'HIT@20': '0.0061', 'NDCG@20': '0.0037'}
{'Epoch': 109, 'name': 'all', 'HIT@5': '0.0233', 'NDCG@5': '0.0153', 'HIT@10': '0.0367', 'NDCG@10': '0.0196', 'HIT@20': '0.0550', 'NDCG@20': '0.0242'}
CoSeRec-Sports_and_Outdoors-single_cl_mask_1024
{'Epoch': 109, 'name': 'all', 'HIT@5': '0.0233', 'NDCG@5': '0.0153', 'HIT@10': '0.0367', 'NDCG@10': '0.0196', 'HIT@20': '0.0550', 'NDCG@20': '0.0242'}
Using Cuda: True
