Using Cuda: True
(18359, 18359)
--------------------Configure Info:------------
data_dir                       :                             ./data/
output_dir                     :                             output/
data_name                      :                 Sports_and_Outdoors
do_eval                        :                                   0
model_idx                      :                    single_base_1024
gpu_id                         :                                   0
noise_ratio                    :                                 0.0
training_data_ratio            :                                 1.0
augment_threshold              :                                   4
similarity_model_name          :                          ItemCF_IUF
augmentation_warm_up_epoches   :                                 160
base_augment_type              :                              random
augment_type_for_short         :                                 SIM
tao                            :                                 0.2
gamma                          :                                 0.7
beta                           :                                 0.2
substitute_rate                :                                 0.1
insert_rate                    :                                 0.4
max_insert_num_per_pos         :                                   1
temperature                    :                                 1.0
n_views                        :                                   2
model_name                     :                             CoSeRec
hidden_size                    :                                  64
num_hidden_layers              :                                   2
num_attention_heads            :                                   2
hidden_act                     :                                gelu
attention_probs_dropout_prob   :                                 0.5
hidden_dropout_prob            :                                 0.5
initializer_range              :                                0.02
max_seq_length                 :                                  50
lr                             :                               0.001
batch_size                     :                                1024
epochs                         :                                 300
no_cuda                        :                                   0
log_freq                       :                                   1
seed                           :                                   1
cf_weight                      :                                 0.1
rec_weight                     :                                 1.0
weight_decay                   :                                 0.0
adam_beta1                     :                                 0.9
adam_beta2                     :                               0.999
cl                             :                                   0
multi_neg                      :                                   0
use_freq                       :                                   0
cuda_condition                 :                                   1
data_file                      :      ./data/Sports_and_Outdoors.txt
item_size                      :                               18359
mask_id                        :                               18358
log_file                       : output/CoSeRec-Sports_and_Outdoors-single_base_1024.txt
Total Parameters: 1278464
self.cf_criterion: NCELoss
Train CoSeRec
rec dataset length: 186
100%|███████████████████████████████████████████████████████████████████████████████████████████████████████████████████████████████████████████████████████████| 186/186 [00:18<00:00,  9.86it/s]
{'epoch': 0, 'rec_avg_loss': '1.2700', 'joint_avg_loss': '1.2700', 'cl_avg_loss': '0.0000', 'itemcl_loss': '0.0000', 'cl_pair_0_loss': '0.0000'}
Recommendation EP_test:0: 100%|| 35/35 [00:08<00:00,  3.90it/s]
{'Epoch': 0, 'name': 'high_freq', 'HIT@5': '0.0122', 'NDCG@5': '0.0081', 'HIT@10': '0.0195', 'NDCG@10': '0.0105', 'HIT@20': '0.0304', 'NDCG@20': '0.0132'}
{'Epoch': 0, 'name': 'mid_freq', 'HIT@5': '0.0000', 'NDCG@5': '0.0000', 'HIT@10': '0.0000', 'NDCG@10': '0.0000', 'HIT@20': '0.0000', 'NDCG@20': '0.0000'}
{'Epoch': 0, 'name': 'low_freq', 'HIT@5': '0.0000', 'NDCG@5': '0.0000', 'HIT@10': '0.0000', 'NDCG@10': '0.0000', 'HIT@20': '0.0000', 'NDCG@20': '0.0000'}
{'Epoch': 0, 'name': 'all', 'HIT@5': '0.0083', 'NDCG@5': '0.0055', 'HIT@10': '0.0133', 'NDCG@10': '0.0071', 'HIT@20': '0.0207', 'NDCG@20': '0.0090'}
Validation score increased.  Saving model ...
rec dataset length: 186
100%|███████████████████████████████████████████████████████████████████████████████████████████████████████████████████████████████████████████████████████████| 186/186 [00:18<00:00, 10.07it/s]
{'epoch': 1, 'rec_avg_loss': '1.1800', 'joint_avg_loss': '1.1800', 'cl_avg_loss': '0.0000', 'itemcl_loss': '0.0000', 'cl_pair_0_loss': '0.0000'}
Recommendation EP_test:1: 100%|| 35/35 [00:08<00:00,  4.14it/s]
{'Epoch': 1, 'name': 'high_freq', 'HIT@5': '0.0121', 'NDCG@5': '0.0079', 'HIT@10': '0.0196', 'NDCG@10': '0.0104', 'HIT@20': '0.0323', 'NDCG@20': '0.0136'}
{'Epoch': 1, 'name': 'mid_freq', 'HIT@5': '0.0000', 'NDCG@5': '0.0000', 'HIT@10': '0.0000', 'NDCG@10': '0.0000', 'HIT@20': '0.0000', 'NDCG@20': '0.0000'}
{'Epoch': 1, 'name': 'low_freq', 'HIT@5': '0.0000', 'NDCG@5': '0.0000', 'HIT@10': '0.0000', 'NDCG@10': '0.0000', 'HIT@20': '0.0000', 'NDCG@20': '0.0000'}
{'Epoch': 1, 'name': 'all', 'HIT@5': '0.0082', 'NDCG@5': '0.0054', 'HIT@10': '0.0133', 'NDCG@10': '0.0071', 'HIT@20': '0.0220', 'NDCG@20': '0.0092'}
Validation score increased.  Saving model ...
rec dataset length: 186
100%|███████████████████████████████████████████████████████████████████████████████████████████████████████████████████████████████████████████████████████████| 186/186 [00:18<00:00, 10.09it/s]
{'epoch': 2, 'rec_avg_loss': '1.1263', 'joint_avg_loss': '1.1263', 'cl_avg_loss': '0.0000', 'itemcl_loss': '0.0000', 'cl_pair_0_loss': '0.0000'}
Recommendation EP_test:2: 100%|| 35/35 [00:09<00:00,  3.85it/s]
{'Epoch': 2, 'name': 'high_freq', 'HIT@5': '0.0157', 'NDCG@5': '0.0099', 'HIT@10': '0.0254', 'NDCG@10': '0.0130', 'HIT@20': '0.0419', 'NDCG@20': '0.0172'}
{'Epoch': 2, 'name': 'mid_freq', 'HIT@5': '0.0000', 'NDCG@5': '0.0000', 'HIT@10': '0.0000', 'NDCG@10': '0.0000', 'HIT@20': '0.0000', 'NDCG@20': '0.0000'}
{'Epoch': 2, 'name': 'low_freq', 'HIT@5': '0.0000', 'NDCG@5': '0.0000', 'HIT@10': '0.0000', 'NDCG@10': '0.0000', 'HIT@20': '0.0000', 'NDCG@20': '0.0000'}
{'Epoch': 2, 'name': 'all', 'HIT@5': '0.0106', 'NDCG@5': '0.0068', 'HIT@10': '0.0172', 'NDCG@10': '0.0089', 'HIT@20': '0.0285', 'NDCG@20': '0.0117'}
Validation score increased.  Saving model ...
rec dataset length: 186
100%|███████████████████████████████████████████████████████████████████████████████████████████████████████████████████████████████████████████████████████████| 186/186 [00:18<00:00, 10.09it/s]
{'epoch': 3, 'rec_avg_loss': '1.0445', 'joint_avg_loss': '1.0445', 'cl_avg_loss': '0.0000', 'itemcl_loss': '0.0000', 'cl_pair_0_loss': '0.0000'}
Recommendation EP_test:3: 100%|| 35/35 [00:08<00:00,  3.91it/s]
{'Epoch': 3, 'name': 'high_freq', 'HIT@5': '0.0173', 'NDCG@5': '0.0109', 'HIT@10': '0.0283', 'NDCG@10': '0.0145', 'HIT@20': '0.0484', 'NDCG@20': '0.0195'}
{'Epoch': 3, 'name': 'mid_freq', 'HIT@5': '0.0000', 'NDCG@5': '0.0000', 'HIT@10': '0.0000', 'NDCG@10': '0.0000', 'HIT@20': '0.0004', 'NDCG@20': '0.0001'}
{'Epoch': 3, 'name': 'low_freq', 'HIT@5': '0.0000', 'NDCG@5': '0.0000', 'HIT@10': '0.0000', 'NDCG@10': '0.0000', 'HIT@20': '0.0000', 'NDCG@20': '0.0000'}
{'Epoch': 3, 'name': 'all', 'HIT@5': '0.0117', 'NDCG@5': '0.0074', 'HIT@10': '0.0193', 'NDCG@10': '0.0099', 'HIT@20': '0.0330', 'NDCG@20': '0.0133'}
Validation score increased.  Saving model ...
rec dataset length: 186
100%|███████████████████████████████████████████████████████████████████████████████████████████████████████████████████████████████████████████████████████████| 186/186 [00:18<00:00, 10.14it/s]
{'epoch': 4, 'rec_avg_loss': '0.9753', 'joint_avg_loss': '0.9753', 'cl_avg_loss': '0.0000', 'itemcl_loss': '0.0000', 'cl_pair_0_loss': '0.0000'}
Recommendation EP_test:4: 100%|| 35/35 [00:09<00:00,  3.85it/s]
{'Epoch': 4, 'name': 'high_freq', 'HIT@5': '0.0187', 'NDCG@5': '0.0120', 'HIT@10': '0.0309', 'NDCG@10': '0.0159', 'HIT@20': '0.0538', 'NDCG@20': '0.0216'}
{'Epoch': 4, 'name': 'mid_freq', 'HIT@5': '0.0000', 'NDCG@5': '0.0000', 'HIT@10': '0.0001', 'NDCG@10': '0.0001', 'HIT@20': '0.0001', 'NDCG@20': '0.0001'}
{'Epoch': 4, 'name': 'low_freq', 'HIT@5': '0.0000', 'NDCG@5': '0.0000', 'HIT@10': '0.0002', 'NDCG@10': '0.0001', 'HIT@20': '0.0002', 'NDCG@20': '0.0001'}
{'Epoch': 4, 'name': 'all', 'HIT@5': '0.0127', 'NDCG@5': '0.0081', 'HIT@10': '0.0211', 'NDCG@10': '0.0108', 'HIT@20': '0.0367', 'NDCG@20': '0.0147'}
Validation score increased.  Saving model ...
rec dataset length: 186
100%|███████████████████████████████████████████████████████████████████████████████████████████████████████████████████████████████████████████████████████████| 186/186 [00:18<00:00, 10.15it/s]
{'epoch': 5, 'rec_avg_loss': '0.9191', 'joint_avg_loss': '0.9191', 'cl_avg_loss': '0.0000', 'itemcl_loss': '0.0000', 'cl_pair_0_loss': '0.0000'}
Recommendation EP_test:5: 100%|| 35/35 [00:08<00:00,  3.92it/s]
{'Epoch': 5, 'name': 'high_freq', 'HIT@5': '0.0203', 'NDCG@5': '0.0133', 'HIT@10': '0.0353', 'NDCG@10': '0.0181', 'HIT@20': '0.0596', 'NDCG@20': '0.0242'}
{'Epoch': 5, 'name': 'mid_freq', 'HIT@5': '0.0006', 'NDCG@5': '0.0003', 'HIT@10': '0.0009', 'NDCG@10': '0.0004', 'HIT@20': '0.0011', 'NDCG@20': '0.0005'}
{'Epoch': 5, 'name': 'low_freq', 'HIT@5': '0.0002', 'NDCG@5': '0.0001', 'HIT@10': '0.0002', 'NDCG@10': '0.0001', 'HIT@20': '0.0002', 'NDCG@20': '0.0001'}
{'Epoch': 5, 'name': 'all', 'HIT@5': '0.0140', 'NDCG@5': '0.0091', 'HIT@10': '0.0242', 'NDCG@10': '0.0124', 'HIT@20': '0.0408', 'NDCG@20': '0.0166'}
Validation score increased.  Saving model ...
rec dataset length: 186
100%|███████████████████████████████████████████████████████████████████████████████████████████████████████████████████████████████████████████████████████████| 186/186 [00:18<00:00, 10.14it/s]
{'epoch': 6, 'rec_avg_loss': '0.8658', 'joint_avg_loss': '0.8658', 'cl_avg_loss': '0.0000', 'itemcl_loss': '0.0000', 'cl_pair_0_loss': '0.0000'}
Recommendation EP_test:6: 100%|| 35/35 [00:08<00:00,  3.98it/s]
{'Epoch': 6, 'name': 'high_freq', 'HIT@5': '0.0230', 'NDCG@5': '0.0145', 'HIT@10': '0.0389', 'NDCG@10': '0.0196', 'HIT@20': '0.0650', 'NDCG@20': '0.0262'}
{'Epoch': 6, 'name': 'mid_freq', 'HIT@5': '0.0010', 'NDCG@5': '0.0006', 'HIT@10': '0.0013', 'NDCG@10': '0.0007', 'HIT@20': '0.0017', 'NDCG@20': '0.0008'}
{'Epoch': 6, 'name': 'low_freq', 'HIT@5': '0.0002', 'NDCG@5': '0.0001', 'HIT@10': '0.0002', 'NDCG@10': '0.0001', 'HIT@20': '0.0005', 'NDCG@20': '0.0002'}
{'Epoch': 6, 'name': 'all', 'HIT@5': '0.0159', 'NDCG@5': '0.0100', 'HIT@10': '0.0267', 'NDCG@10': '0.0135', 'HIT@20': '0.0446', 'NDCG@20': '0.0180'}
Validation score increased.  Saving model ...
rec dataset length: 186
100%|███████████████████████████████████████████████████████████████████████████████████████████████████████████████████████████████████████████████████████████| 186/186 [00:18<00:00, 10.05it/s]
{'epoch': 7, 'rec_avg_loss': '0.8169', 'joint_avg_loss': '0.8169', 'cl_avg_loss': '0.0000', 'itemcl_loss': '0.0000', 'cl_pair_0_loss': '0.0000'}
Recommendation EP_test:7: 100%|| 35/35 [00:08<00:00,  4.05it/s]
{'Epoch': 7, 'name': 'high_freq', 'HIT@5': '0.0252', 'NDCG@5': '0.0160', 'HIT@10': '0.0422', 'NDCG@10': '0.0214', 'HIT@20': '0.0683', 'NDCG@20': '0.0280'}
{'Epoch': 7, 'name': 'mid_freq', 'HIT@5': '0.0013', 'NDCG@5': '0.0010', 'HIT@10': '0.0017', 'NDCG@10': '0.0011', 'HIT@20': '0.0022', 'NDCG@20': '0.0012'}
{'Epoch': 7, 'name': 'low_freq', 'HIT@5': '0.0002', 'NDCG@5': '0.0001', 'HIT@10': '0.0002', 'NDCG@10': '0.0001', 'HIT@20': '0.0009', 'NDCG@20': '0.0003'}
{'Epoch': 7, 'name': 'all', 'HIT@5': '0.0174', 'NDCG@5': '0.0111', 'HIT@10': '0.0290', 'NDCG@10': '0.0148', 'HIT@20': '0.0470', 'NDCG@20': '0.0193'}
Validation score increased.  Saving model ...
rec dataset length: 186
100%|███████████████████████████████████████████████████████████████████████████████████████████████████████████████████████████████████████████████████████████| 186/186 [00:18<00:00, 10.02it/s]
{'epoch': 8, 'rec_avg_loss': '0.7728', 'joint_avg_loss': '0.7728', 'cl_avg_loss': '0.0000', 'itemcl_loss': '0.0000', 'cl_pair_0_loss': '0.0000'}
Recommendation EP_test:8: 100%|| 35/35 [00:08<00:00,  3.95it/s]
{'Epoch': 8, 'name': 'high_freq', 'HIT@5': '0.0287', 'NDCG@5': '0.0179', 'HIT@10': '0.0461', 'NDCG@10': '0.0235', 'HIT@20': '0.0733', 'NDCG@20': '0.0303'}
{'Epoch': 8, 'name': 'mid_freq', 'HIT@5': '0.0016', 'NDCG@5': '0.0013', 'HIT@10': '0.0024', 'NDCG@10': '0.0015', 'HIT@20': '0.0036', 'NDCG@20': '0.0018'}
{'Epoch': 8, 'name': 'low_freq', 'HIT@5': '0.0007', 'NDCG@5': '0.0004', 'HIT@10': '0.0009', 'NDCG@10': '0.0005', 'HIT@20': '0.0014', 'NDCG@20': '0.0006'}
{'Epoch': 8, 'name': 'all', 'HIT@5': '0.0199', 'NDCG@5': '0.0125', 'HIT@10': '0.0320', 'NDCG@10': '0.0163', 'HIT@20': '0.0507', 'NDCG@20': '0.0210'}
Validation score increased.  Saving model ...
rec dataset length: 186
100%|███████████████████████████████████████████████████████████████████████████████████████████████████████████████████████████████████████████████████████████| 186/186 [00:18<00:00, 10.10it/s]
{'epoch': 9, 'rec_avg_loss': '0.7325', 'joint_avg_loss': '0.7325', 'cl_avg_loss': '0.0000', 'itemcl_loss': '0.0000', 'cl_pair_0_loss': '0.0000'}
Recommendation EP_test:9: 100%|| 35/35 [00:08<00:00,  4.08it/s]
{'Epoch': 9, 'name': 'high_freq', 'HIT@5': '0.0272', 'NDCG@5': '0.0173', 'HIT@10': '0.0440', 'NDCG@10': '0.0227', 'HIT@20': '0.0727', 'NDCG@20': '0.0299'}
{'Epoch': 9, 'name': 'mid_freq', 'HIT@5': '0.0016', 'NDCG@5': '0.0009', 'HIT@10': '0.0024', 'NDCG@10': '0.0012', 'HIT@20': '0.0042', 'NDCG@20': '0.0016'}
{'Epoch': 9, 'name': 'low_freq', 'HIT@5': '0.0007', 'NDCG@5': '0.0004', 'HIT@10': '0.0007', 'NDCG@10': '0.0004', 'HIT@20': '0.0018', 'NDCG@20': '0.0007'}
{'Epoch': 9, 'name': 'all', 'HIT@5': '0.0189', 'NDCG@5': '0.0120', 'HIT@10': '0.0305', 'NDCG@10': '0.0157', 'HIT@20': '0.0505', 'NDCG@20': '0.0207'}
EarlyStopping counter: 1 out of 40
rec dataset length: 186
100%|███████████████████████████████████████████████████████████████████████████████████████████████████████████████████████████████████████████████████████████| 186/186 [00:18<00:00, 10.14it/s]
{'epoch': 10, 'rec_avg_loss': '0.7053', 'joint_avg_loss': '0.7053', 'cl_avg_loss': '0.0000', 'itemcl_loss': '0.0000', 'cl_pair_0_loss': '0.0000'}
Recommendation EP_test:10: 100%|| 35/35 [00:08<00:00,  3.99it/s]
{'Epoch': 10, 'name': 'high_freq', 'HIT@5': '0.0282', 'NDCG@5': '0.0173', 'HIT@10': '0.0463', 'NDCG@10': '0.0231', 'HIT@20': '0.0737', 'NDCG@20': '0.0300'}
{'Epoch': 10, 'name': 'mid_freq', 'HIT@5': '0.0017', 'NDCG@5': '0.0012', 'HIT@10': '0.0026', 'NDCG@10': '0.0015', 'HIT@20': '0.0045', 'NDCG@20': '0.0020'}
{'Epoch': 10, 'name': 'low_freq', 'HIT@5': '0.0009', 'NDCG@5': '0.0005', 'HIT@10': '0.0011', 'NDCG@10': '0.0006', 'HIT@20': '0.0023', 'NDCG@20': '0.0009'}
{'Epoch': 10, 'name': 'all', 'HIT@5': '0.0196', 'NDCG@5': '0.0120', 'HIT@10': '0.0321', 'NDCG@10': '0.0161', 'HIT@20': '0.0513', 'NDCG@20': '0.0209'}
EarlyStopping counter: 2 out of 40
rec dataset length: 186
100%|███████████████████████████████████████████████████████████████████████████████████████████████████████████████████████████████████████████████████████████| 186/186 [00:18<00:00, 10.10it/s]
{'epoch': 11, 'rec_avg_loss': '0.6778', 'joint_avg_loss': '0.6778', 'cl_avg_loss': '0.0000', 'itemcl_loss': '0.0000', 'cl_pair_0_loss': '0.0000'}
Recommendation EP_test:11: 100%|| 35/35 [00:08<00:00,  3.99it/s]
{'Epoch': 11, 'name': 'high_freq', 'HIT@5': '0.0286', 'NDCG@5': '0.0179', 'HIT@10': '0.0476', 'NDCG@10': '0.0240', 'HIT@20': '0.0750', 'NDCG@20': '0.0309'}
{'Epoch': 11, 'name': 'mid_freq', 'HIT@5': '0.0022', 'NDCG@5': '0.0013', 'HIT@10': '0.0027', 'NDCG@10': '0.0015', 'HIT@20': '0.0043', 'NDCG@20': '0.0019'}
{'Epoch': 11, 'name': 'low_freq', 'HIT@5': '0.0007', 'NDCG@5': '0.0004', 'HIT@10': '0.0007', 'NDCG@10': '0.0004', 'HIT@20': '0.0016', 'NDCG@20': '0.0006'}
{'Epoch': 11, 'name': 'all', 'HIT@5': '0.0200', 'NDCG@5': '0.0125', 'HIT@10': '0.0330', 'NDCG@10': '0.0167', 'HIT@20': '0.0521', 'NDCG@20': '0.0215'}
Validation score increased.  Saving model ...
rec dataset length: 186
100%|███████████████████████████████████████████████████████████████████████████████████████████████████████████████████████████████████████████████████████████| 186/186 [00:18<00:00, 10.04it/s]
{'epoch': 12, 'rec_avg_loss': '0.6518', 'joint_avg_loss': '0.6518', 'cl_avg_loss': '0.0000', 'itemcl_loss': '0.0000', 'cl_pair_0_loss': '0.0000'}
Recommendation EP_test:12: 100%|| 35/35 [00:08<00:00,  4.09it/s]
{'Epoch': 12, 'name': 'high_freq', 'HIT@5': '0.0284', 'NDCG@5': '0.0179', 'HIT@10': '0.0470', 'NDCG@10': '0.0238', 'HIT@20': '0.0773', 'NDCG@20': '0.0314'}
{'Epoch': 12, 'name': 'mid_freq', 'HIT@5': '0.0023', 'NDCG@5': '0.0015', 'HIT@10': '0.0037', 'NDCG@10': '0.0020', 'HIT@20': '0.0060', 'NDCG@20': '0.0026'}
{'Epoch': 12, 'name': 'low_freq', 'HIT@5': '0.0005', 'NDCG@5': '0.0003', 'HIT@10': '0.0018', 'NDCG@10': '0.0007', 'HIT@20': '0.0027', 'NDCG@20': '0.0010'}
{'Epoch': 12, 'name': 'all', 'HIT@5': '0.0198', 'NDCG@5': '0.0125', 'HIT@10': '0.0330', 'NDCG@10': '0.0167', 'HIT@20': '0.0541', 'NDCG@20': '0.0220'}
Validation score increased.  Saving model ...
rec dataset length: 186
100%|███████████████████████████████████████████████████████████████████████████████████████████████████████████████████████████████████████████████████████████| 186/186 [00:18<00:00, 10.12it/s]
{'epoch': 13, 'rec_avg_loss': '0.6329', 'joint_avg_loss': '0.6329', 'cl_avg_loss': '0.0000', 'itemcl_loss': '0.0000', 'cl_pair_0_loss': '0.0000'}
Recommendation EP_test:13: 100%|| 35/35 [00:08<00:00,  4.04it/s]
{'Epoch': 13, 'name': 'high_freq', 'HIT@5': '0.0302', 'NDCG@5': '0.0191', 'HIT@10': '0.0500', 'NDCG@10': '0.0254', 'HIT@20': '0.0783', 'NDCG@20': '0.0325'}
{'Epoch': 13, 'name': 'mid_freq', 'HIT@5': '0.0024', 'NDCG@5': '0.0013', 'HIT@10': '0.0039', 'NDCG@10': '0.0018', 'HIT@20': '0.0059', 'NDCG@20': '0.0023'}
{'Epoch': 13, 'name': 'low_freq', 'HIT@5': '0.0009', 'NDCG@5': '0.0005', 'HIT@10': '0.0016', 'NDCG@10': '0.0007', 'HIT@20': '0.0034', 'NDCG@20': '0.0012'}
{'Epoch': 13, 'name': 'all', 'HIT@5': '0.0212', 'NDCG@5': '0.0133', 'HIT@10': '0.0349', 'NDCG@10': '0.0177', 'HIT@20': '0.0548', 'NDCG@20': '0.0227'}
Validation score increased.  Saving model ...
rec dataset length: 186
100%|███████████████████████████████████████████████████████████████████████████████████████████████████████████████████████████████████████████████████████████| 186/186 [00:18<00:00, 10.18it/s]
{'epoch': 14, 'rec_avg_loss': '0.6151', 'joint_avg_loss': '0.6151', 'cl_avg_loss': '0.0000', 'itemcl_loss': '0.0000', 'cl_pair_0_loss': '0.0000'}
Recommendation EP_test:14: 100%|| 35/35 [00:08<00:00,  3.99it/s]
{'Epoch': 14, 'name': 'high_freq', 'HIT@5': '0.0287', 'NDCG@5': '0.0178', 'HIT@10': '0.0482', 'NDCG@10': '0.0241', 'HIT@20': '0.0773', 'NDCG@20': '0.0314'}
{'Epoch': 14, 'name': 'mid_freq', 'HIT@5': '0.0032', 'NDCG@5': '0.0020', 'HIT@10': '0.0049', 'NDCG@10': '0.0026', 'HIT@20': '0.0066', 'NDCG@20': '0.0030'}
{'Epoch': 14, 'name': 'low_freq', 'HIT@5': '0.0014', 'NDCG@5': '0.0006', 'HIT@10': '0.0027', 'NDCG@10': '0.0010', 'HIT@20': '0.0048', 'NDCG@20': '0.0015'}
{'Epoch': 14, 'name': 'all', 'HIT@5': '0.0203', 'NDCG@5': '0.0126', 'HIT@10': '0.0341', 'NDCG@10': '0.0170', 'HIT@20': '0.0545', 'NDCG@20': '0.0221'}
EarlyStopping counter: 1 out of 40
rec dataset length: 186
100%|███████████████████████████████████████████████████████████████████████████████████████████████████████████████████████████████████████████████████████████| 186/186 [00:18<00:00, 10.03it/s]
{'epoch': 15, 'rec_avg_loss': '0.5994', 'joint_avg_loss': '0.5994', 'cl_avg_loss': '0.0000', 'itemcl_loss': '0.0000', 'cl_pair_0_loss': '0.0000'}
Recommendation EP_test:15: 100%|| 35/35 [00:08<00:00,  4.04it/s]
{'Epoch': 15, 'name': 'high_freq', 'HIT@5': '0.0306', 'NDCG@5': '0.0191', 'HIT@10': '0.0498', 'NDCG@10': '0.0252', 'HIT@20': '0.0783', 'NDCG@20': '0.0324'}
{'Epoch': 15, 'name': 'mid_freq', 'HIT@5': '0.0039', 'NDCG@5': '0.0023', 'HIT@10': '0.0052', 'NDCG@10': '0.0027', 'HIT@20': '0.0076', 'NDCG@20': '0.0033'}
{'Epoch': 15, 'name': 'low_freq', 'HIT@5': '0.0020', 'NDCG@5': '0.0012', 'HIT@10': '0.0032', 'NDCG@10': '0.0016', 'HIT@20': '0.0054', 'NDCG@20': '0.0021'}
{'Epoch': 15, 'name': 'all', 'HIT@5': '0.0218', 'NDCG@5': '0.0136', 'HIT@10': '0.0353', 'NDCG@10': '0.0179', 'HIT@20': '0.0555', 'NDCG@20': '0.0230'}
Validation score increased.  Saving model ...
rec dataset length: 186
100%|███████████████████████████████████████████████████████████████████████████████████████████████████████████████████████████████████████████████████████████| 186/186 [00:18<00:00, 10.20it/s]
{'epoch': 16, 'rec_avg_loss': '0.5878', 'joint_avg_loss': '0.5878', 'cl_avg_loss': '0.0000', 'itemcl_loss': '0.0000', 'cl_pair_0_loss': '0.0000'}
Recommendation EP_test:16: 100%|| 35/35 [00:08<00:00,  3.98it/s]
{'Epoch': 16, 'name': 'high_freq', 'HIT@5': '0.0294', 'NDCG@5': '0.0181', 'HIT@10': '0.0493', 'NDCG@10': '0.0245', 'HIT@20': '0.0792', 'NDCG@20': '0.0320'}
{'Epoch': 16, 'name': 'mid_freq', 'HIT@5': '0.0033', 'NDCG@5': '0.0019', 'HIT@10': '0.0053', 'NDCG@10': '0.0025', 'HIT@20': '0.0088', 'NDCG@20': '0.0034'}
{'Epoch': 16, 'name': 'low_freq', 'HIT@5': '0.0025', 'NDCG@5': '0.0012', 'HIT@10': '0.0038', 'NDCG@10': '0.0016', 'HIT@20': '0.0063', 'NDCG@20': '0.0022'}
{'Epoch': 16, 'name': 'all', 'HIT@5': '0.0209', 'NDCG@5': '0.0128', 'HIT@10': '0.0351', 'NDCG@10': '0.0173', 'HIT@20': '0.0564', 'NDCG@20': '0.0227'}
EarlyStopping counter: 1 out of 40
rec dataset length: 186
100%|███████████████████████████████████████████████████████████████████████████████████████████████████████████████████████████████████████████████████████████| 186/186 [00:18<00:00, 10.12it/s]
{'epoch': 17, 'rec_avg_loss': '0.5738', 'joint_avg_loss': '0.5738', 'cl_avg_loss': '0.0000', 'itemcl_loss': '0.0000', 'cl_pair_0_loss': '0.0000'}
Recommendation EP_test:17: 100%|| 35/35 [00:08<00:00,  4.12it/s]
{'Epoch': 17, 'name': 'high_freq', 'HIT@5': '0.0301', 'NDCG@5': '0.0190', 'HIT@10': '0.0502', 'NDCG@10': '0.0254', 'HIT@20': '0.0783', 'NDCG@20': '0.0324'}
{'Epoch': 17, 'name': 'mid_freq', 'HIT@5': '0.0033', 'NDCG@5': '0.0024', 'HIT@10': '0.0053', 'NDCG@10': '0.0030', 'HIT@20': '0.0080', 'NDCG@20': '0.0037'}
{'Epoch': 17, 'name': 'low_freq', 'HIT@5': '0.0027', 'NDCG@5': '0.0015', 'HIT@10': '0.0045', 'NDCG@10': '0.0021', 'HIT@20': '0.0059', 'NDCG@20': '0.0025'}
{'Epoch': 17, 'name': 'all', 'HIT@5': '0.0215', 'NDCG@5': '0.0136', 'HIT@10': '0.0358', 'NDCG@10': '0.0181', 'HIT@20': '0.0556', 'NDCG@20': '0.0231'}
Validation score increased.  Saving model ...
rec dataset length: 186
100%|███████████████████████████████████████████████████████████████████████████████████████████████████████████████████████████████████████████████████████████| 186/186 [00:18<00:00, 10.09it/s]
{'epoch': 18, 'rec_avg_loss': '0.5646', 'joint_avg_loss': '0.5646', 'cl_avg_loss': '0.0000', 'itemcl_loss': '0.0000', 'cl_pair_0_loss': '0.0000'}
Recommendation EP_test:18: 100%|| 35/35 [00:08<00:00,  4.14it/s]
{'Epoch': 18, 'name': 'high_freq', 'HIT@5': '0.0331', 'NDCG@5': '0.0210', 'HIT@10': '0.0524', 'NDCG@10': '0.0271', 'HIT@20': '0.0803', 'NDCG@20': '0.0341'}
{'Epoch': 18, 'name': 'mid_freq', 'HIT@5': '0.0045', 'NDCG@5': '0.0030', 'HIT@10': '0.0063', 'NDCG@10': '0.0036', 'HIT@20': '0.0098', 'NDCG@20': '0.0045'}
{'Epoch': 18, 'name': 'low_freq', 'HIT@5': '0.0032', 'NDCG@5': '0.0019', 'HIT@10': '0.0050', 'NDCG@10': '0.0025', 'HIT@20': '0.0077', 'NDCG@20': '0.0032'}
{'Epoch': 18, 'name': 'all', 'HIT@5': '0.0238', 'NDCG@5': '0.0151', 'HIT@10': '0.0375', 'NDCG@10': '0.0195', 'HIT@20': '0.0575', 'NDCG@20': '0.0245'}
Validation score increased.  Saving model ...
rec dataset length: 186
100%|███████████████████████████████████████████████████████████████████████████████████████████████████████████████████████████████████████████████████████████| 186/186 [00:18<00:00, 10.14it/s]
{'epoch': 19, 'rec_avg_loss': '0.5554', 'joint_avg_loss': '0.5554', 'cl_avg_loss': '0.0000', 'itemcl_loss': '0.0000', 'cl_pair_0_loss': '0.0000'}
Recommendation EP_test:19: 100%|| 35/35 [00:08<00:00,  4.06it/s]
{'Epoch': 19, 'name': 'high_freq', 'HIT@5': '0.0317', 'NDCG@5': '0.0199', 'HIT@10': '0.0514', 'NDCG@10': '0.0263', 'HIT@20': '0.0812', 'NDCG@20': '0.0338'}
{'Epoch': 19, 'name': 'mid_freq', 'HIT@5': '0.0042', 'NDCG@5': '0.0026', 'HIT@10': '0.0055', 'NDCG@10': '0.0030', 'HIT@20': '0.0088', 'NDCG@20': '0.0039'}
{'Epoch': 19, 'name': 'low_freq', 'HIT@5': '0.0034', 'NDCG@5': '0.0018', 'HIT@10': '0.0045', 'NDCG@10': '0.0022', 'HIT@20': '0.0063', 'NDCG@20': '0.0026'}
{'Epoch': 19, 'name': 'all', 'HIT@5': '0.0228', 'NDCG@5': '0.0143', 'HIT@10': '0.0366', 'NDCG@10': '0.0187', 'HIT@20': '0.0578', 'NDCG@20': '0.0241'}
EarlyStopping counter: 1 out of 40
rec dataset length: 186
100%|███████████████████████████████████████████████████████████████████████████████████████████████████████████████████████████████████████████████████████████| 186/186 [00:18<00:00, 10.22it/s]
{'epoch': 20, 'rec_avg_loss': '0.5452', 'joint_avg_loss': '0.5452', 'cl_avg_loss': '0.0000', 'itemcl_loss': '0.0000', 'cl_pair_0_loss': '0.0000'}
Recommendation EP_test:20: 100%|| 35/35 [00:08<00:00,  4.18it/s]
{'Epoch': 20, 'name': 'high_freq', 'HIT@5': '0.0328', 'NDCG@5': '0.0202', 'HIT@10': '0.0523', 'NDCG@10': '0.0265', 'HIT@20': '0.0817', 'NDCG@20': '0.0339'}
{'Epoch': 20, 'name': 'mid_freq', 'HIT@5': '0.0040', 'NDCG@5': '0.0030', 'HIT@10': '0.0057', 'NDCG@10': '0.0036', 'HIT@20': '0.0093', 'NDCG@20': '0.0045'}
{'Epoch': 20, 'name': 'low_freq', 'HIT@5': '0.0034', 'NDCG@5': '0.0019', 'HIT@10': '0.0057', 'NDCG@10': '0.0026', 'HIT@20': '0.0066', 'NDCG@20': '0.0029'}
{'Epoch': 20, 'name': 'all', 'HIT@5': '0.0235', 'NDCG@5': '0.0146', 'HIT@10': '0.0374', 'NDCG@10': '0.0190', 'HIT@20': '0.0582', 'NDCG@20': '0.0243'}
EarlyStopping counter: 2 out of 40
rec dataset length: 186
100%|███████████████████████████████████████████████████████████████████████████████████████████████████████████████████████████████████████████████████████████| 186/186 [00:18<00:00, 10.05it/s]
{'epoch': 21, 'rec_avg_loss': '0.5419', 'joint_avg_loss': '0.5419', 'cl_avg_loss': '0.0000', 'itemcl_loss': '0.0000', 'cl_pair_0_loss': '0.0000'}
Recommendation EP_test:21: 100%|| 35/35 [00:08<00:00,  4.12it/s]
{'Epoch': 21, 'name': 'high_freq', 'HIT@5': '0.0325', 'NDCG@5': '0.0204', 'HIT@10': '0.0532', 'NDCG@10': '0.0271', 'HIT@20': '0.0816', 'NDCG@20': '0.0342'}
{'Epoch': 21, 'name': 'mid_freq', 'HIT@5': '0.0042', 'NDCG@5': '0.0028', 'HIT@10': '0.0059', 'NDCG@10': '0.0033', 'HIT@20': '0.0090', 'NDCG@20': '0.0041'}
{'Epoch': 21, 'name': 'low_freq', 'HIT@5': '0.0029', 'NDCG@5': '0.0014', 'HIT@10': '0.0045', 'NDCG@10': '0.0020', 'HIT@20': '0.0070', 'NDCG@20': '0.0026'}
{'Epoch': 21, 'name': 'all', 'HIT@5': '0.0233', 'NDCG@5': '0.0146', 'HIT@10': '0.0379', 'NDCG@10': '0.0193', 'HIT@20': '0.0581', 'NDCG@20': '0.0244'}
EarlyStopping counter: 3 out of 40
rec dataset length: 186
100%|███████████████████████████████████████████████████████████████████████████████████████████████████████████████████████████████████████████████████████████| 186/186 [00:18<00:00, 10.07it/s]
{'epoch': 22, 'rec_avg_loss': '0.5346', 'joint_avg_loss': '0.5346', 'cl_avg_loss': '0.0000', 'itemcl_loss': '0.0000', 'cl_pair_0_loss': '0.0000'}
Recommendation EP_test:22: 100%|| 35/35 [00:08<00:00,  4.11it/s]
{'Epoch': 22, 'name': 'high_freq', 'HIT@5': '0.0311', 'NDCG@5': '0.0194', 'HIT@10': '0.0505', 'NDCG@10': '0.0257', 'HIT@20': '0.0802', 'NDCG@20': '0.0331'}
{'Epoch': 22, 'name': 'mid_freq', 'HIT@5': '0.0040', 'NDCG@5': '0.0027', 'HIT@10': '0.0069', 'NDCG@10': '0.0036', 'HIT@20': '0.0093', 'NDCG@20': '0.0042'}
{'Epoch': 22, 'name': 'low_freq', 'HIT@5': '0.0025', 'NDCG@5': '0.0013', 'HIT@10': '0.0036', 'NDCG@10': '0.0016', 'HIT@20': '0.0054', 'NDCG@20': '0.0021'}
{'Epoch': 22, 'name': 'all', 'HIT@5': '0.0222', 'NDCG@5': '0.0139', 'HIT@10': '0.0362', 'NDCG@10': '0.0184', 'HIT@20': '0.0571', 'NDCG@20': '0.0236'}
EarlyStopping counter: 4 out of 40
rec dataset length: 186
100%|███████████████████████████████████████████████████████████████████████████████████████████████████████████████████████████████████████████████████████████| 186/186 [00:18<00:00, 10.15it/s]
{'epoch': 23, 'rec_avg_loss': '0.5275', 'joint_avg_loss': '0.5275', 'cl_avg_loss': '0.0000', 'itemcl_loss': '0.0000', 'cl_pair_0_loss': '0.0000'}
Recommendation EP_test:23: 100%|| 35/35 [00:08<00:00,  4.26it/s]
{'Epoch': 23, 'name': 'high_freq', 'HIT@5': '0.0317', 'NDCG@5': '0.0198', 'HIT@10': '0.0530', 'NDCG@10': '0.0267', 'HIT@20': '0.0821', 'NDCG@20': '0.0339'}
{'Epoch': 23, 'name': 'mid_freq', 'HIT@5': '0.0037', 'NDCG@5': '0.0025', 'HIT@10': '0.0065', 'NDCG@10': '0.0033', 'HIT@20': '0.0098', 'NDCG@20': '0.0041'}
{'Epoch': 23, 'name': 'low_freq', 'HIT@5': '0.0020', 'NDCG@5': '0.0011', 'HIT@10': '0.0036', 'NDCG@10': '0.0016', 'HIT@20': '0.0063', 'NDCG@20': '0.0023'}
{'Epoch': 23, 'name': 'all', 'HIT@5': '0.0225', 'NDCG@5': '0.0141', 'HIT@10': '0.0378', 'NDCG@10': '0.0190', 'HIT@20': '0.0586', 'NDCG@20': '0.0242'}
EarlyStopping counter: 5 out of 40
rec dataset length: 186
100%|███████████████████████████████████████████████████████████████████████████████████████████████████████████████████████████████████████████████████████████| 186/186 [00:18<00:00, 10.07it/s]
{'epoch': 24, 'rec_avg_loss': '0.5228', 'joint_avg_loss': '0.5228', 'cl_avg_loss': '0.0000', 'itemcl_loss': '0.0000', 'cl_pair_0_loss': '0.0000'}
Recommendation EP_test:24: 100%|| 35/35 [00:08<00:00,  4.21it/s]
{'Epoch': 24, 'name': 'high_freq', 'HIT@5': '0.0310', 'NDCG@5': '0.0197', 'HIT@10': '0.0530', 'NDCG@10': '0.0268', 'HIT@20': '0.0820', 'NDCG@20': '0.0340'}
{'Epoch': 24, 'name': 'mid_freq', 'HIT@5': '0.0049', 'NDCG@5': '0.0032', 'HIT@10': '0.0075', 'NDCG@10': '0.0040', 'HIT@20': '0.0111', 'NDCG@20': '0.0049'}
{'Epoch': 24, 'name': 'low_freq', 'HIT@5': '0.0032', 'NDCG@5': '0.0016', 'HIT@10': '0.0045', 'NDCG@10': '0.0020', 'HIT@20': '0.0077', 'NDCG@20': '0.0028'}
{'Epoch': 24, 'name': 'all', 'HIT@5': '0.0224', 'NDCG@5': '0.0142', 'HIT@10': '0.0381', 'NDCG@10': '0.0193', 'HIT@20': '0.0589', 'NDCG@20': '0.0245'}
EarlyStopping counter: 6 out of 40
rec dataset length: 186
100%|███████████████████████████████████████████████████████████████████████████████████████████████████████████████████████████████████████████████████████████| 186/186 [00:18<00:00, 10.14it/s]
{'epoch': 25, 'rec_avg_loss': '0.5165', 'joint_avg_loss': '0.5165', 'cl_avg_loss': '0.0000', 'itemcl_loss': '0.0000', 'cl_pair_0_loss': '0.0000'}
Recommendation EP_test:25: 100%|| 35/35 [00:08<00:00,  4.14it/s]
{'Epoch': 25, 'name': 'high_freq', 'HIT@5': '0.0316', 'NDCG@5': '0.0200', 'HIT@10': '0.0530', 'NDCG@10': '0.0269', 'HIT@20': '0.0826', 'NDCG@20': '0.0344'}
{'Epoch': 25, 'name': 'mid_freq', 'HIT@5': '0.0045', 'NDCG@5': '0.0030', 'HIT@10': '0.0073', 'NDCG@10': '0.0039', 'HIT@20': '0.0109', 'NDCG@20': '0.0048'}
{'Epoch': 25, 'name': 'low_freq', 'HIT@5': '0.0029', 'NDCG@5': '0.0016', 'HIT@10': '0.0050', 'NDCG@10': '0.0023', 'HIT@20': '0.0063', 'NDCG@20': '0.0027'}
{'Epoch': 25, 'name': 'all', 'HIT@5': '0.0227', 'NDCG@5': '0.0144', 'HIT@10': '0.0381', 'NDCG@10': '0.0193', 'HIT@20': '0.0591', 'NDCG@20': '0.0247'}
Validation score increased.  Saving model ...
rec dataset length: 186
100%|███████████████████████████████████████████████████████████████████████████████████████████████████████████████████████████████████████████████████████████| 186/186 [00:18<00:00, 10.14it/s]
{'epoch': 26, 'rec_avg_loss': '0.5152', 'joint_avg_loss': '0.5152', 'cl_avg_loss': '0.0000', 'itemcl_loss': '0.0000', 'cl_pair_0_loss': '0.0000'}
Recommendation EP_test:26: 100%|| 35/35 [00:08<00:00,  4.15it/s]
{'Epoch': 26, 'name': 'high_freq', 'HIT@5': '0.0305', 'NDCG@5': '0.0190', 'HIT@10': '0.0514', 'NDCG@10': '0.0257', 'HIT@20': '0.0811', 'NDCG@20': '0.0332'}
{'Epoch': 26, 'name': 'mid_freq', 'HIT@5': '0.0055', 'NDCG@5': '0.0037', 'HIT@10': '0.0078', 'NDCG@10': '0.0044', 'HIT@20': '0.0128', 'NDCG@20': '0.0057'}
{'Epoch': 26, 'name': 'low_freq', 'HIT@5': '0.0038', 'NDCG@5': '0.0023', 'HIT@10': '0.0059', 'NDCG@10': '0.0029', 'HIT@20': '0.0079', 'NDCG@20': '0.0035'}
{'Epoch': 26, 'name': 'all', 'HIT@5': '0.0223', 'NDCG@5': '0.0140', 'HIT@10': '0.0372', 'NDCG@10': '0.0187', 'HIT@20': '0.0587', 'NDCG@20': '0.0241'}
EarlyStopping counter: 1 out of 40
rec dataset length: 186
100%|███████████████████████████████████████████████████████████████████████████████████████████████████████████████████████████████████████████████████████████| 186/186 [00:18<00:00, 10.10it/s]
{'epoch': 27, 'rec_avg_loss': '0.5081', 'joint_avg_loss': '0.5081', 'cl_avg_loss': '0.0000', 'itemcl_loss': '0.0000', 'cl_pair_0_loss': '0.0000'}
Recommendation EP_test:27: 100%|| 35/35 [00:08<00:00,  4.19it/s]
{'Epoch': 27, 'name': 'high_freq', 'HIT@5': '0.0319', 'NDCG@5': '0.0202', 'HIT@10': '0.0519', 'NDCG@10': '0.0267', 'HIT@20': '0.0820', 'NDCG@20': '0.0342'}
{'Epoch': 27, 'name': 'mid_freq', 'HIT@5': '0.0055', 'NDCG@5': '0.0037', 'HIT@10': '0.0083', 'NDCG@10': '0.0046', 'HIT@20': '0.0113', 'NDCG@20': '0.0054'}
{'Epoch': 27, 'name': 'low_freq', 'HIT@5': '0.0032', 'NDCG@5': '0.0021', 'HIT@10': '0.0057', 'NDCG@10': '0.0029', 'HIT@20': '0.0079', 'NDCG@20': '0.0035'}
{'Epoch': 27, 'name': 'all', 'HIT@5': '0.0232', 'NDCG@5': '0.0148', 'HIT@10': '0.0376', 'NDCG@10': '0.0194', 'HIT@20': '0.0590', 'NDCG@20': '0.0248'}
Validation score increased.  Saving model ...
rec dataset length: 186
100%|███████████████████████████████████████████████████████████████████████████████████████████████████████████████████████████████████████████████████████████| 186/186 [00:18<00:00, 10.11it/s]
{'epoch': 28, 'rec_avg_loss': '0.5010', 'joint_avg_loss': '0.5010', 'cl_avg_loss': '0.0000', 'itemcl_loss': '0.0000', 'cl_pair_0_loss': '0.0000'}
Recommendation EP_test:28: 100%|| 35/35 [00:08<00:00,  4.25it/s]
{'Epoch': 28, 'name': 'high_freq', 'HIT@5': '0.0315', 'NDCG@5': '0.0203', 'HIT@10': '0.0518', 'NDCG@10': '0.0268', 'HIT@20': '0.0828', 'NDCG@20': '0.0346'}
{'Epoch': 28, 'name': 'mid_freq', 'HIT@5': '0.0059', 'NDCG@5': '0.0039', 'HIT@10': '0.0076', 'NDCG@10': '0.0045', 'HIT@20': '0.0121', 'NDCG@20': '0.0056'}
{'Epoch': 28, 'name': 'low_freq', 'HIT@5': '0.0050', 'NDCG@5': '0.0026', 'HIT@10': '0.0063', 'NDCG@10': '0.0030', 'HIT@20': '0.0095', 'NDCG@20': '0.0038'}
{'Epoch': 28, 'name': 'all', 'HIT@5': '0.0232', 'NDCG@5': '0.0149', 'HIT@10': '0.0375', 'NDCG@10': '0.0195', 'HIT@20': '0.0598', 'NDCG@20': '0.0251'}
Validation score increased.  Saving model ...
rec dataset length: 186
100%|███████████████████████████████████████████████████████████████████████████████████████████████████████████████████████████████████████████████████████████| 186/186 [00:18<00:00, 10.09it/s]
{'epoch': 29, 'rec_avg_loss': '0.5013', 'joint_avg_loss': '0.5013', 'cl_avg_loss': '0.0000', 'itemcl_loss': '0.0000', 'cl_pair_0_loss': '0.0000'}
Recommendation EP_test:29: 100%|| 35/35 [00:08<00:00,  4.02it/s]
{'Epoch': 29, 'name': 'high_freq', 'HIT@5': '0.0320', 'NDCG@5': '0.0211', 'HIT@10': '0.0522', 'NDCG@10': '0.0276', 'HIT@20': '0.0814', 'NDCG@20': '0.0349'}
{'Epoch': 29, 'name': 'mid_freq', 'HIT@5': '0.0047', 'NDCG@5': '0.0032', 'HIT@10': '0.0075', 'NDCG@10': '0.0040', 'HIT@20': '0.0111', 'NDCG@20': '0.0049'}
{'Epoch': 29, 'name': 'low_freq', 'HIT@5': '0.0048', 'NDCG@5': '0.0029', 'HIT@10': '0.0059', 'NDCG@10': '0.0032', 'HIT@20': '0.0079', 'NDCG@20': '0.0038'}
{'Epoch': 29, 'name': 'all', 'HIT@5': '0.0233', 'NDCG@5': '0.0153', 'HIT@10': '0.0377', 'NDCG@10': '0.0200', 'HIT@20': '0.0585', 'NDCG@20': '0.0252'}
Validation score increased.  Saving model ...
rec dataset length: 186
100%|███████████████████████████████████████████████████████████████████████████████████████████████████████████████████████████████████████████████████████████| 186/186 [00:18<00:00, 10.08it/s]
{'epoch': 30, 'rec_avg_loss': '0.4954', 'joint_avg_loss': '0.4954', 'cl_avg_loss': '0.0000', 'itemcl_loss': '0.0000', 'cl_pair_0_loss': '0.0000'}
Recommendation EP_test:30: 100%|| 35/35 [00:08<00:00,  4.10it/s]
{'Epoch': 30, 'name': 'high_freq', 'HIT@5': '0.0323', 'NDCG@5': '0.0210', 'HIT@10': '0.0525', 'NDCG@10': '0.0275', 'HIT@20': '0.0822', 'NDCG@20': '0.0349'}
{'Epoch': 30, 'name': 'mid_freq', 'HIT@5': '0.0052', 'NDCG@5': '0.0035', 'HIT@10': '0.0068', 'NDCG@10': '0.0040', 'HIT@20': '0.0111', 'NDCG@20': '0.0051'}
{'Epoch': 30, 'name': 'low_freq', 'HIT@5': '0.0048', 'NDCG@5': '0.0032', 'HIT@10': '0.0054', 'NDCG@10': '0.0034', 'HIT@20': '0.0081', 'NDCG@20': '0.0041'}
{'Epoch': 30, 'name': 'all', 'HIT@5': '0.0236', 'NDCG@5': '0.0153', 'HIT@10': '0.0377', 'NDCG@10': '0.0199', 'HIT@20': '0.0591', 'NDCG@20': '0.0253'}
Validation score increased.  Saving model ...
rec dataset length: 186
100%|███████████████████████████████████████████████████████████████████████████████████████████████████████████████████████████████████████████████████████████| 186/186 [00:18<00:00, 10.14it/s]
{'epoch': 31, 'rec_avg_loss': '0.4928', 'joint_avg_loss': '0.4928', 'cl_avg_loss': '0.0000', 'itemcl_loss': '0.0000', 'cl_pair_0_loss': '0.0000'}
Recommendation EP_test:31: 100%|| 35/35 [00:08<00:00,  3.99it/s]
{'Epoch': 31, 'name': 'high_freq', 'HIT@5': '0.0315', 'NDCG@5': '0.0207', 'HIT@10': '0.0504', 'NDCG@10': '0.0268', 'HIT@20': '0.0803', 'NDCG@20': '0.0343'}
{'Epoch': 31, 'name': 'mid_freq', 'HIT@5': '0.0045', 'NDCG@5': '0.0032', 'HIT@10': '0.0075', 'NDCG@10': '0.0042', 'HIT@20': '0.0118', 'NDCG@20': '0.0053'}
{'Epoch': 31, 'name': 'low_freq', 'HIT@5': '0.0048', 'NDCG@5': '0.0034', 'HIT@10': '0.0068', 'NDCG@10': '0.0041', 'HIT@20': '0.0088', 'NDCG@20': '0.0046'}
{'Epoch': 31, 'name': 'all', 'HIT@5': '0.0229', 'NDCG@5': '0.0152', 'HIT@10': '0.0366', 'NDCG@10': '0.0195', 'HIT@20': '0.0580', 'NDCG@20': '0.0249'}
EarlyStopping counter: 1 out of 40
rec dataset length: 186
100%|███████████████████████████████████████████████████████████████████████████████████████████████████████████████████████████████████████████████████████████| 186/186 [00:18<00:00, 10.15it/s]
{'epoch': 32, 'rec_avg_loss': '0.4879', 'joint_avg_loss': '0.4879', 'cl_avg_loss': '0.0000', 'itemcl_loss': '0.0000', 'cl_pair_0_loss': '0.0000'}
Recommendation EP_test:32: 100%|| 35/35 [00:08<00:00,  4.13it/s]
{'Epoch': 32, 'name': 'high_freq', 'HIT@5': '0.0332', 'NDCG@5': '0.0219', 'HIT@10': '0.0524', 'NDCG@10': '0.0281', 'HIT@20': '0.0843', 'NDCG@20': '0.0361'}
{'Epoch': 32, 'name': 'mid_freq', 'HIT@5': '0.0039', 'NDCG@5': '0.0028', 'HIT@10': '0.0075', 'NDCG@10': '0.0040', 'HIT@20': '0.0126', 'NDCG@20': '0.0053'}
{'Epoch': 32, 'name': 'low_freq', 'HIT@5': '0.0041', 'NDCG@5': '0.0028', 'HIT@10': '0.0066', 'NDCG@10': '0.0036', 'HIT@20': '0.0081', 'NDCG@20': '0.0040'}
{'Epoch': 32, 'name': 'all', 'HIT@5': '0.0238', 'NDCG@5': '0.0158', 'HIT@10': '0.0379', 'NDCG@10': '0.0203', 'HIT@20': '0.0608', 'NDCG@20': '0.0261'}
Validation score increased.  Saving model ...
rec dataset length: 186
100%|███████████████████████████████████████████████████████████████████████████████████████████████████████████████████████████████████████████████████████████| 186/186 [00:18<00:00, 10.00it/s]
{'epoch': 33, 'rec_avg_loss': '0.4869', 'joint_avg_loss': '0.4869', 'cl_avg_loss': '0.0000', 'itemcl_loss': '0.0000', 'cl_pair_0_loss': '0.0000'}
Recommendation EP_test:33: 100%|| 35/35 [00:08<00:00,  4.07it/s]
{'Epoch': 33, 'name': 'high_freq', 'HIT@5': '0.0330', 'NDCG@5': '0.0216', 'HIT@10': '0.0529', 'NDCG@10': '0.0280', 'HIT@20': '0.0833', 'NDCG@20': '0.0356'}
{'Epoch': 33, 'name': 'mid_freq', 'HIT@5': '0.0059', 'NDCG@5': '0.0038', 'HIT@10': '0.0095', 'NDCG@10': '0.0050', 'HIT@20': '0.0132', 'NDCG@20': '0.0059'}
{'Epoch': 33, 'name': 'low_freq', 'HIT@5': '0.0050', 'NDCG@5': '0.0032', 'HIT@10': '0.0063', 'NDCG@10': '0.0036', 'HIT@20': '0.0100', 'NDCG@20': '0.0045'}
{'Epoch': 33, 'name': 'all', 'HIT@5': '0.0242', 'NDCG@5': '0.0158', 'HIT@10': '0.0386', 'NDCG@10': '0.0204', 'HIT@20': '0.0605', 'NDCG@20': '0.0259'}
EarlyStopping counter: 1 out of 40
rec dataset length: 186
100%|███████████████████████████████████████████████████████████████████████████████████████████████████████████████████████████████████████████████████████████| 186/186 [00:18<00:00, 10.17it/s]
{'epoch': 34, 'rec_avg_loss': '0.4837', 'joint_avg_loss': '0.4837', 'cl_avg_loss': '0.0000', 'itemcl_loss': '0.0000', 'cl_pair_0_loss': '0.0000'}
Recommendation EP_test:34: 100%|| 35/35 [00:08<00:00,  4.17it/s]
{'Epoch': 34, 'name': 'high_freq', 'HIT@5': '0.0344', 'NDCG@5': '0.0221', 'HIT@10': '0.0540', 'NDCG@10': '0.0284', 'HIT@20': '0.0838', 'NDCG@20': '0.0358'}
{'Epoch': 34, 'name': 'mid_freq', 'HIT@5': '0.0057', 'NDCG@5': '0.0037', 'HIT@10': '0.0079', 'NDCG@10': '0.0044', 'HIT@20': '0.0125', 'NDCG@20': '0.0056'}
{'Epoch': 34, 'name': 'low_freq', 'HIT@5': '0.0050', 'NDCG@5': '0.0030', 'HIT@10': '0.0075', 'NDCG@10': '0.0038', 'HIT@20': '0.0093', 'NDCG@20': '0.0043'}
{'Epoch': 34, 'name': 'all', 'HIT@5': '0.0251', 'NDCG@5': '0.0161', 'HIT@10': '0.0392', 'NDCG@10': '0.0206', 'HIT@20': '0.0606', 'NDCG@20': '0.0260'}
EarlyStopping counter: 2 out of 40
rec dataset length: 186
100%|███████████████████████████████████████████████████████████████████████████████████████████████████████████████████████████████████████████████████████████| 186/186 [00:18<00:00, 10.15it/s]
{'epoch': 35, 'rec_avg_loss': '0.4784', 'joint_avg_loss': '0.4784', 'cl_avg_loss': '0.0000', 'itemcl_loss': '0.0000', 'cl_pair_0_loss': '0.0000'}
Recommendation EP_test:35: 100%|| 35/35 [00:08<00:00,  4.11it/s]
{'Epoch': 35, 'name': 'high_freq', 'HIT@5': '0.0344', 'NDCG@5': '0.0225', 'HIT@10': '0.0534', 'NDCG@10': '0.0286', 'HIT@20': '0.0828', 'NDCG@20': '0.0360'}
{'Epoch': 35, 'name': 'mid_freq', 'HIT@5': '0.0070', 'NDCG@5': '0.0047', 'HIT@10': '0.0105', 'NDCG@10': '0.0058', 'HIT@20': '0.0135', 'NDCG@20': '0.0065'}
{'Epoch': 35, 'name': 'low_freq', 'HIT@5': '0.0063', 'NDCG@5': '0.0036', 'HIT@10': '0.0075', 'NDCG@10': '0.0040', 'HIT@20': '0.0102', 'NDCG@20': '0.0047'}
{'Epoch': 35, 'name': 'all', 'HIT@5': '0.0255', 'NDCG@5': '0.0167', 'HIT@10': '0.0393', 'NDCG@10': '0.0211', 'HIT@20': '0.0602', 'NDCG@20': '0.0264'}
Validation score increased.  Saving model ...
rec dataset length: 186
100%|███████████████████████████████████████████████████████████████████████████████████████████████████████████████████████████████████████████████████████████| 186/186 [00:18<00:00, 10.10it/s]
{'epoch': 36, 'rec_avg_loss': '0.4741', 'joint_avg_loss': '0.4741', 'cl_avg_loss': '0.0000', 'itemcl_loss': '0.0000', 'cl_pair_0_loss': '0.0000'}
Recommendation EP_test:36: 100%|| 35/35 [00:08<00:00,  4.05it/s]
{'Epoch': 36, 'name': 'high_freq', 'HIT@5': '0.0341', 'NDCG@5': '0.0221', 'HIT@10': '0.0536', 'NDCG@10': '0.0284', 'HIT@20': '0.0846', 'NDCG@20': '0.0361'}
{'Epoch': 36, 'name': 'mid_freq', 'HIT@5': '0.0063', 'NDCG@5': '0.0044', 'HIT@10': '0.0092', 'NDCG@10': '0.0053', 'HIT@20': '0.0144', 'NDCG@20': '0.0066'}
{'Epoch': 36, 'name': 'low_freq', 'HIT@5': '0.0048', 'NDCG@5': '0.0028', 'HIT@10': '0.0066', 'NDCG@10': '0.0034', 'HIT@20': '0.0091', 'NDCG@20': '0.0040'}
{'Epoch': 36, 'name': 'all', 'HIT@5': '0.0251', 'NDCG@5': '0.0162', 'HIT@10': '0.0391', 'NDCG@10': '0.0208', 'HIT@20': '0.0615', 'NDCG@20': '0.0264'}
Validation score increased.  Saving model ...
rec dataset length: 186
100%|███████████████████████████████████████████████████████████████████████████████████████████████████████████████████████████████████████████████████████████| 186/186 [00:18<00:00, 10.11it/s]
{'epoch': 37, 'rec_avg_loss': '0.4749', 'joint_avg_loss': '0.4749', 'cl_avg_loss': '0.0000', 'itemcl_loss': '0.0000', 'cl_pair_0_loss': '0.0000'}
Recommendation EP_test:37: 100%|| 35/35 [00:08<00:00,  3.99it/s]
{'Epoch': 37, 'name': 'high_freq', 'HIT@5': '0.0340', 'NDCG@5': '0.0218', 'HIT@10': '0.0534', 'NDCG@10': '0.0281', 'HIT@20': '0.0854', 'NDCG@20': '0.0361'}
{'Epoch': 37, 'name': 'mid_freq', 'HIT@5': '0.0069', 'NDCG@5': '0.0048', 'HIT@10': '0.0098', 'NDCG@10': '0.0057', 'HIT@20': '0.0134', 'NDCG@20': '0.0066'}
{'Epoch': 37, 'name': 'low_freq', 'HIT@5': '0.0052', 'NDCG@5': '0.0032', 'HIT@10': '0.0077', 'NDCG@10': '0.0040', 'HIT@20': '0.0095', 'NDCG@20': '0.0045'}
{'Epoch': 37, 'name': 'all', 'HIT@5': '0.0251', 'NDCG@5': '0.0162', 'HIT@10': '0.0392', 'NDCG@10': '0.0207', 'HIT@20': '0.0619', 'NDCG@20': '0.0264'}
Validation score increased.  Saving model ...
rec dataset length: 186
100%|███████████████████████████████████████████████████████████████████████████████████████████████████████████████████████████████████████████████████████████| 186/186 [00:18<00:00, 10.12it/s]
{'epoch': 38, 'rec_avg_loss': '0.4716', 'joint_avg_loss': '0.4716', 'cl_avg_loss': '0.0000', 'itemcl_loss': '0.0000', 'cl_pair_0_loss': '0.0000'}
Recommendation EP_test:38: 100%|| 35/35 [00:08<00:00,  3.92it/s]
{'Epoch': 38, 'name': 'high_freq', 'HIT@5': '0.0312', 'NDCG@5': '0.0192', 'HIT@10': '0.0520', 'NDCG@10': '0.0259', 'HIT@20': '0.0806', 'NDCG@20': '0.0331'}
{'Epoch': 38, 'name': 'mid_freq', 'HIT@5': '0.0063', 'NDCG@5': '0.0042', 'HIT@10': '0.0096', 'NDCG@10': '0.0053', 'HIT@20': '0.0145', 'NDCG@20': '0.0065'}
{'Epoch': 38, 'name': 'low_freq', 'HIT@5': '0.0057', 'NDCG@5': '0.0038', 'HIT@10': '0.0084', 'NDCG@10': '0.0047', 'HIT@20': '0.0104', 'NDCG@20': '0.0052'}
{'Epoch': 38, 'name': 'all', 'HIT@5': '0.0232', 'NDCG@5': '0.0144', 'HIT@10': '0.0383', 'NDCG@10': '0.0192', 'HIT@20': '0.0589', 'NDCG@20': '0.0244'}
EarlyStopping counter: 1 out of 40
rec dataset length: 186
100%|███████████████████████████████████████████████████████████████████████████████████████████████████████████████████████████████████████████████████████████| 186/186 [00:18<00:00, 10.07it/s]
{'epoch': 39, 'rec_avg_loss': '0.4668', 'joint_avg_loss': '0.4668', 'cl_avg_loss': '0.0000', 'itemcl_loss': '0.0000', 'cl_pair_0_loss': '0.0000'}
Recommendation EP_test:39: 100%|| 35/35 [00:08<00:00,  4.20it/s]
{'Epoch': 39, 'name': 'high_freq', 'HIT@5': '0.0332', 'NDCG@5': '0.0212', 'HIT@10': '0.0538', 'NDCG@10': '0.0278', 'HIT@20': '0.0839', 'NDCG@20': '0.0353'}
{'Epoch': 39, 'name': 'mid_freq', 'HIT@5': '0.0069', 'NDCG@5': '0.0048', 'HIT@10': '0.0093', 'NDCG@10': '0.0056', 'HIT@20': '0.0132', 'NDCG@20': '0.0065'}
{'Epoch': 39, 'name': 'low_freq', 'HIT@5': '0.0048', 'NDCG@5': '0.0030', 'HIT@10': '0.0072', 'NDCG@10': '0.0038', 'HIT@20': '0.0097', 'NDCG@20': '0.0044'}
{'Epoch': 39, 'name': 'all', 'HIT@5': '0.0246', 'NDCG@5': '0.0157', 'HIT@10': '0.0393', 'NDCG@10': '0.0205', 'HIT@20': '0.0609', 'NDCG@20': '0.0259'}
EarlyStopping counter: 2 out of 40
rec dataset length: 186
100%|███████████████████████████████████████████████████████████████████████████████████████████████████████████████████████████████████████████████████████████| 186/186 [00:18<00:00, 10.04it/s]
{'epoch': 40, 'rec_avg_loss': '0.4674', 'joint_avg_loss': '0.4674', 'cl_avg_loss': '0.0000', 'itemcl_loss': '0.0000', 'cl_pair_0_loss': '0.0000'}
Recommendation EP_test:40: 100%|| 35/35 [00:08<00:00,  4.02it/s]
{'Epoch': 40, 'name': 'high_freq', 'HIT@5': '0.0355', 'NDCG@5': '0.0228', 'HIT@10': '0.0546', 'NDCG@10': '0.0289', 'HIT@20': '0.0853', 'NDCG@20': '0.0366'}
{'Epoch': 40, 'name': 'mid_freq', 'HIT@5': '0.0062', 'NDCG@5': '0.0042', 'HIT@10': '0.0090', 'NDCG@10': '0.0052', 'HIT@20': '0.0132', 'NDCG@20': '0.0062'}
{'Epoch': 40, 'name': 'low_freq', 'HIT@5': '0.0052', 'NDCG@5': '0.0032', 'HIT@10': '0.0070', 'NDCG@10': '0.0038', 'HIT@20': '0.0095', 'NDCG@20': '0.0045'}
{'Epoch': 40, 'name': 'all', 'HIT@5': '0.0260', 'NDCG@5': '0.0167', 'HIT@10': '0.0398', 'NDCG@10': '0.0212', 'HIT@20': '0.0618', 'NDCG@20': '0.0267'}
Validation score increased.  Saving model ...
rec dataset length: 186
100%|███████████████████████████████████████████████████████████████████████████████████████████████████████████████████████████████████████████████████████████| 186/186 [00:18<00:00, 10.18it/s]
{'epoch': 41, 'rec_avg_loss': '0.4644', 'joint_avg_loss': '0.4644', 'cl_avg_loss': '0.0000', 'itemcl_loss': '0.0000', 'cl_pair_0_loss': '0.0000'}
Recommendation EP_test:41: 100%|| 35/35 [00:08<00:00,  4.15it/s]
{'Epoch': 41, 'name': 'high_freq', 'HIT@5': '0.0348', 'NDCG@5': '0.0223', 'HIT@10': '0.0544', 'NDCG@10': '0.0286', 'HIT@20': '0.0856', 'NDCG@20': '0.0364'}
{'Epoch': 41, 'name': 'mid_freq', 'HIT@5': '0.0056', 'NDCG@5': '0.0038', 'HIT@10': '0.0093', 'NDCG@10': '0.0050', 'HIT@20': '0.0136', 'NDCG@20': '0.0061'}
{'Epoch': 41, 'name': 'low_freq', 'HIT@5': '0.0034', 'NDCG@5': '0.0020', 'HIT@10': '0.0070', 'NDCG@10': '0.0032', 'HIT@20': '0.0095', 'NDCG@20': '0.0038'}
{'Epoch': 41, 'name': 'all', 'HIT@5': '0.0252', 'NDCG@5': '0.0162', 'HIT@10': '0.0397', 'NDCG@10': '0.0208', 'HIT@20': '0.0621', 'NDCG@20': '0.0264'}
EarlyStopping counter: 1 out of 40
rec dataset length: 186
100%|███████████████████████████████████████████████████████████████████████████████████████████████████████████████████████████████████████████████████████████| 186/186 [00:18<00:00, 10.18it/s]
{'epoch': 42, 'rec_avg_loss': '0.4667', 'joint_avg_loss': '0.4667', 'cl_avg_loss': '0.0000', 'itemcl_loss': '0.0000', 'cl_pair_0_loss': '0.0000'}
Recommendation EP_test:42: 100%|| 35/35 [00:08<00:00,  4.05it/s]
{'Epoch': 42, 'name': 'high_freq', 'HIT@5': '0.0353', 'NDCG@5': '0.0225', 'HIT@10': '0.0563', 'NDCG@10': '0.0292', 'HIT@20': '0.0861', 'NDCG@20': '0.0367'}
{'Epoch': 42, 'name': 'mid_freq', 'HIT@5': '0.0055', 'NDCG@5': '0.0039', 'HIT@10': '0.0099', 'NDCG@10': '0.0053', 'HIT@20': '0.0142', 'NDCG@20': '0.0064'}
{'Epoch': 42, 'name': 'low_freq', 'HIT@5': '0.0045', 'NDCG@5': '0.0029', 'HIT@10': '0.0072', 'NDCG@10': '0.0037', 'HIT@20': '0.0093', 'NDCG@20': '0.0043'}
{'Epoch': 42, 'name': 'all', 'HIT@5': '0.0256', 'NDCG@5': '0.0164', 'HIT@10': '0.0411', 'NDCG@10': '0.0214', 'HIT@20': '0.0625', 'NDCG@20': '0.0267'}
Validation score increased.  Saving model ...
rec dataset length: 186
100%|███████████████████████████████████████████████████████████████████████████████████████████████████████████████████████████████████████████████████████████| 186/186 [00:18<00:00, 10.14it/s]
{'epoch': 43, 'rec_avg_loss': '0.4623', 'joint_avg_loss': '0.4623', 'cl_avg_loss': '0.0000', 'itemcl_loss': '0.0000', 'cl_pair_0_loss': '0.0000'}
Recommendation EP_test:43: 100%|| 35/35 [00:08<00:00,  4.13it/s]
{'Epoch': 43, 'name': 'high_freq', 'HIT@5': '0.0328', 'NDCG@5': '0.0210', 'HIT@10': '0.0543', 'NDCG@10': '0.0279', 'HIT@20': '0.0871', 'NDCG@20': '0.0361'}
{'Epoch': 43, 'name': 'mid_freq', 'HIT@5': '0.0050', 'NDCG@5': '0.0034', 'HIT@10': '0.0079', 'NDCG@10': '0.0043', 'HIT@20': '0.0142', 'NDCG@20': '0.0060'}
{'Epoch': 43, 'name': 'low_freq', 'HIT@5': '0.0052', 'NDCG@5': '0.0033', 'HIT@10': '0.0068', 'NDCG@10': '0.0038', 'HIT@20': '0.0097', 'NDCG@20': '0.0046'}
{'Epoch': 43, 'name': 'all', 'HIT@5': '0.0239', 'NDCG@5': '0.0153', 'HIT@10': '0.0393', 'NDCG@10': '0.0203', 'HIT@20': '0.0633', 'NDCG@20': '0.0263'}
EarlyStopping counter: 1 out of 40
rec dataset length: 186
100%|███████████████████████████████████████████████████████████████████████████████████████████████████████████████████████████████████████████████████████████| 186/186 [00:18<00:00, 10.15it/s]
{'epoch': 44, 'rec_avg_loss': '0.4593', 'joint_avg_loss': '0.4593', 'cl_avg_loss': '0.0000', 'itemcl_loss': '0.0000', 'cl_pair_0_loss': '0.0000'}
Recommendation EP_test:44: 100%|| 35/35 [00:08<00:00,  4.03it/s]
{'Epoch': 44, 'name': 'high_freq', 'HIT@5': '0.0340', 'NDCG@5': '0.0214', 'HIT@10': '0.0543', 'NDCG@10': '0.0279', 'HIT@20': '0.0848', 'NDCG@20': '0.0356'}
{'Epoch': 44, 'name': 'mid_freq', 'HIT@5': '0.0060', 'NDCG@5': '0.0042', 'HIT@10': '0.0092', 'NDCG@10': '0.0052', 'HIT@20': '0.0148', 'NDCG@20': '0.0066'}
{'Epoch': 44, 'name': 'low_freq', 'HIT@5': '0.0052', 'NDCG@5': '0.0032', 'HIT@10': '0.0079', 'NDCG@10': '0.0041', 'HIT@20': '0.0093', 'NDCG@20': '0.0044'}
{'Epoch': 44, 'name': 'all', 'HIT@5': '0.0250', 'NDCG@5': '0.0158', 'HIT@10': '0.0397', 'NDCG@10': '0.0205', 'HIT@20': '0.0617', 'NDCG@20': '0.0261'}
EarlyStopping counter: 2 out of 40
rec dataset length: 186
100%|███████████████████████████████████████████████████████████████████████████████████████████████████████████████████████████████████████████████████████████| 186/186 [00:18<00:00, 10.14it/s]
{'epoch': 45, 'rec_avg_loss': '0.4572', 'joint_avg_loss': '0.4572', 'cl_avg_loss': '0.0000', 'itemcl_loss': '0.0000', 'cl_pair_0_loss': '0.0000'}
Recommendation EP_test:45: 100%|| 35/35 [00:08<00:00,  4.09it/s]
{'Epoch': 45, 'name': 'high_freq', 'HIT@5': '0.0330', 'NDCG@5': '0.0214', 'HIT@10': '0.0524', 'NDCG@10': '0.0277', 'HIT@20': '0.0842', 'NDCG@20': '0.0357'}
{'Epoch': 45, 'name': 'mid_freq', 'HIT@5': '0.0065', 'NDCG@5': '0.0043', 'HIT@10': '0.0095', 'NDCG@10': '0.0053', 'HIT@20': '0.0154', 'NDCG@20': '0.0068'}
{'Epoch': 45, 'name': 'low_freq', 'HIT@5': '0.0057', 'NDCG@5': '0.0036', 'HIT@10': '0.0081', 'NDCG@10': '0.0044', 'HIT@20': '0.0097', 'NDCG@20': '0.0048'}
{'Epoch': 45, 'name': 'all', 'HIT@5': '0.0244', 'NDCG@5': '0.0159', 'HIT@10': '0.0385', 'NDCG@10': '0.0204', 'HIT@20': '0.0615', 'NDCG@20': '0.0262'}
EarlyStopping counter: 3 out of 40
rec dataset length: 186
100%|███████████████████████████████████████████████████████████████████████████████████████████████████████████████████████████████████████████████████████████| 186/186 [00:18<00:00, 10.09it/s]
{'epoch': 46, 'rec_avg_loss': '0.4568', 'joint_avg_loss': '0.4568', 'cl_avg_loss': '0.0000', 'itemcl_loss': '0.0000', 'cl_pair_0_loss': '0.0000'}
Recommendation EP_test:46: 100%|| 35/35 [00:08<00:00,  4.00it/s]
{'Epoch': 46, 'name': 'high_freq', 'HIT@5': '0.0344', 'NDCG@5': '0.0219', 'HIT@10': '0.0540', 'NDCG@10': '0.0281', 'HIT@20': '0.0836', 'NDCG@20': '0.0356'}
{'Epoch': 46, 'name': 'mid_freq', 'HIT@5': '0.0062', 'NDCG@5': '0.0041', 'HIT@10': '0.0093', 'NDCG@10': '0.0051', 'HIT@20': '0.0152', 'NDCG@20': '0.0066'}
{'Epoch': 46, 'name': 'low_freq', 'HIT@5': '0.0050', 'NDCG@5': '0.0030', 'HIT@10': '0.0081', 'NDCG@10': '0.0040', 'HIT@20': '0.0100', 'NDCG@20': '0.0045'}
{'Epoch': 46, 'name': 'all', 'HIT@5': '0.0253', 'NDCG@5': '0.0161', 'HIT@10': '0.0396', 'NDCG@10': '0.0207', 'HIT@20': '0.0611', 'NDCG@20': '0.0261'}
EarlyStopping counter: 4 out of 40
rec dataset length: 186
100%|███████████████████████████████████████████████████████████████████████████████████████████████████████████████████████████████████████████████████████████| 186/186 [00:18<00:00, 10.24it/s]
{'epoch': 47, 'rec_avg_loss': '0.4524', 'joint_avg_loss': '0.4524', 'cl_avg_loss': '0.0000', 'itemcl_loss': '0.0000', 'cl_pair_0_loss': '0.0000'}
Recommendation EP_test:47: 100%|| 35/35 [00:08<00:00,  4.13it/s]
{'Epoch': 47, 'name': 'high_freq', 'HIT@5': '0.0335', 'NDCG@5': '0.0216', 'HIT@10': '0.0543', 'NDCG@10': '0.0283', 'HIT@20': '0.0833', 'NDCG@20': '0.0356'}
{'Epoch': 47, 'name': 'mid_freq', 'HIT@5': '0.0065', 'NDCG@5': '0.0043', 'HIT@10': '0.0101', 'NDCG@10': '0.0055', 'HIT@20': '0.0154', 'NDCG@20': '0.0068'}
{'Epoch': 47, 'name': 'low_freq', 'HIT@5': '0.0054', 'NDCG@5': '0.0036', 'HIT@10': '0.0079', 'NDCG@10': '0.0044', 'HIT@20': '0.0106', 'NDCG@20': '0.0051'}
{'Epoch': 47, 'name': 'all', 'HIT@5': '0.0247', 'NDCG@5': '0.0160', 'HIT@10': '0.0399', 'NDCG@10': '0.0209', 'HIT@20': '0.0610', 'NDCG@20': '0.0262'}
EarlyStopping counter: 5 out of 40
rec dataset length: 186
100%|███████████████████████████████████████████████████████████████████████████████████████████████████████████████████████████████████████████████████████████| 186/186 [00:18<00:00, 10.13it/s]
{'epoch': 48, 'rec_avg_loss': '0.4567', 'joint_avg_loss': '0.4567', 'cl_avg_loss': '0.0000', 'itemcl_loss': '0.0000', 'cl_pair_0_loss': '0.0000'}
Recommendation EP_test:48: 100%|| 35/35 [00:08<00:00,  4.20it/s]
{'Epoch': 48, 'name': 'high_freq', 'HIT@5': '0.0338', 'NDCG@5': '0.0219', 'HIT@10': '0.0539', 'NDCG@10': '0.0284', 'HIT@20': '0.0845', 'NDCG@20': '0.0361'}
{'Epoch': 48, 'name': 'mid_freq', 'HIT@5': '0.0063', 'NDCG@5': '0.0046', 'HIT@10': '0.0106', 'NDCG@10': '0.0060', 'HIT@20': '0.0171', 'NDCG@20': '0.0076'}
{'Epoch': 48, 'name': 'low_freq', 'HIT@5': '0.0068', 'NDCG@5': '0.0046', 'HIT@10': '0.0088', 'NDCG@10': '0.0053', 'HIT@20': '0.0106', 'NDCG@20': '0.0057'}
{'Epoch': 48, 'name': 'all', 'HIT@5': '0.0251', 'NDCG@5': '0.0164', 'HIT@10': '0.0398', 'NDCG@10': '0.0211', 'HIT@20': '0.0621', 'NDCG@20': '0.0268'}
Validation score increased.  Saving model ...
rec dataset length: 186
100%|███████████████████████████████████████████████████████████████████████████████████████████████████████████████████████████████████████████████████████████| 186/186 [00:18<00:00, 10.21it/s]
{'epoch': 49, 'rec_avg_loss': '0.4499', 'joint_avg_loss': '0.4499', 'cl_avg_loss': '0.0000', 'itemcl_loss': '0.0000', 'cl_pair_0_loss': '0.0000'}
Recommendation EP_test:49: 100%|| 35/35 [00:08<00:00,  4.01it/s]
{'Epoch': 49, 'name': 'high_freq', 'HIT@5': '0.0343', 'NDCG@5': '0.0219', 'HIT@10': '0.0547', 'NDCG@10': '0.0285', 'HIT@20': '0.0833', 'NDCG@20': '0.0357'}
{'Epoch': 49, 'name': 'mid_freq', 'HIT@5': '0.0075', 'NDCG@5': '0.0044', 'HIT@10': '0.0109', 'NDCG@10': '0.0055', 'HIT@20': '0.0167', 'NDCG@20': '0.0070'}
{'Epoch': 49, 'name': 'low_freq', 'HIT@5': '0.0059', 'NDCG@5': '0.0037', 'HIT@10': '0.0081', 'NDCG@10': '0.0044', 'HIT@20': '0.0109', 'NDCG@20': '0.0051'}
{'Epoch': 49, 'name': 'all', 'HIT@5': '0.0255', 'NDCG@5': '0.0162', 'HIT@10': '0.0403', 'NDCG@10': '0.0210', 'HIT@20': '0.0613', 'NDCG@20': '0.0263'}
EarlyStopping counter: 1 out of 40
rec dataset length: 186
100%|███████████████████████████████████████████████████████████████████████████████████████████████████████████████████████████████████████████████████████████| 186/186 [00:18<00:00, 10.14it/s]
{'epoch': 50, 'rec_avg_loss': '0.4462', 'joint_avg_loss': '0.4462', 'cl_avg_loss': '0.0000', 'itemcl_loss': '0.0000', 'cl_pair_0_loss': '0.0000'}
Recommendation EP_test:50: 100%|| 35/35 [00:08<00:00,  4.11it/s]
{'Epoch': 50, 'name': 'high_freq', 'HIT@5': '0.0344', 'NDCG@5': '0.0224', 'HIT@10': '0.0553', 'NDCG@10': '0.0291', 'HIT@20': '0.0847', 'NDCG@20': '0.0365'}
{'Epoch': 50, 'name': 'mid_freq', 'HIT@5': '0.0073', 'NDCG@5': '0.0048', 'HIT@10': '0.0119', 'NDCG@10': '0.0062', 'HIT@20': '0.0158', 'NDCG@20': '0.0072'}
{'Epoch': 50, 'name': 'low_freq', 'HIT@5': '0.0072', 'NDCG@5': '0.0044', 'HIT@10': '0.0093', 'NDCG@10': '0.0051', 'HIT@20': '0.0111', 'NDCG@20': '0.0055'}
{'Epoch': 50, 'name': 'all', 'HIT@5': '0.0257', 'NDCG@5': '0.0167', 'HIT@10': '0.0411', 'NDCG@10': '0.0217', 'HIT@20': '0.0621', 'NDCG@20': '0.0269'}
Validation score increased.  Saving model ...
rec dataset length: 186
100%|███████████████████████████████████████████████████████████████████████████████████████████████████████████████████████████████████████████████████████████| 186/186 [00:18<00:00, 10.08it/s]
{'epoch': 51, 'rec_avg_loss': '0.4493', 'joint_avg_loss': '0.4493', 'cl_avg_loss': '0.0000', 'itemcl_loss': '0.0000', 'cl_pair_0_loss': '0.0000'}
Recommendation EP_test:51: 100%|| 35/35 [00:08<00:00,  3.98it/s]
{'Epoch': 51, 'name': 'high_freq', 'HIT@5': '0.0363', 'NDCG@5': '0.0232', 'HIT@10': '0.0562', 'NDCG@10': '0.0296', 'HIT@20': '0.0853', 'NDCG@20': '0.0369'}
{'Epoch': 51, 'name': 'mid_freq', 'HIT@5': '0.0066', 'NDCG@5': '0.0047', 'HIT@10': '0.0116', 'NDCG@10': '0.0063', 'HIT@20': '0.0162', 'NDCG@20': '0.0075'}
{'Epoch': 51, 'name': 'low_freq', 'HIT@5': '0.0063', 'NDCG@5': '0.0042', 'HIT@10': '0.0081', 'NDCG@10': '0.0048', 'HIT@20': '0.0118', 'NDCG@20': '0.0058'}
{'Epoch': 51, 'name': 'all', 'HIT@5': '0.0267', 'NDCG@5': '0.0173', 'HIT@10': '0.0415', 'NDCG@10': '0.0220', 'HIT@20': '0.0627', 'NDCG@20': '0.0273'}
Validation score increased.  Saving model ...
rec dataset length: 186
100%|███████████████████████████████████████████████████████████████████████████████████████████████████████████████████████████████████████████████████████████| 186/186 [00:18<00:00, 10.18it/s]
{'epoch': 52, 'rec_avg_loss': '0.4430', 'joint_avg_loss': '0.4430', 'cl_avg_loss': '0.0000', 'itemcl_loss': '0.0000', 'cl_pair_0_loss': '0.0000'}
Recommendation EP_test:52: 100%|| 35/35 [00:08<00:00,  3.99it/s]
{'Epoch': 52, 'name': 'high_freq', 'HIT@5': '0.0350', 'NDCG@5': '0.0222', 'HIT@10': '0.0553', 'NDCG@10': '0.0287', 'HIT@20': '0.0846', 'NDCG@20': '0.0361'}
{'Epoch': 52, 'name': 'mid_freq', 'HIT@5': '0.0073', 'NDCG@5': '0.0053', 'HIT@10': '0.0112', 'NDCG@10': '0.0065', 'HIT@20': '0.0167', 'NDCG@20': '0.0079'}
{'Epoch': 52, 'name': 'low_freq', 'HIT@5': '0.0063', 'NDCG@5': '0.0041', 'HIT@10': '0.0084', 'NDCG@10': '0.0048', 'HIT@20': '0.0109', 'NDCG@20': '0.0054'}
{'Epoch': 52, 'name': 'all', 'HIT@5': '0.0260', 'NDCG@5': '0.0166', 'HIT@10': '0.0409', 'NDCG@10': '0.0214', 'HIT@20': '0.0622', 'NDCG@20': '0.0267'}
EarlyStopping counter: 1 out of 40
rec dataset length: 186
100%|███████████████████████████████████████████████████████████████████████████████████████████████████████████████████████████████████████████████████████████| 186/186 [00:18<00:00, 10.21it/s]
{'epoch': 53, 'rec_avg_loss': '0.4447', 'joint_avg_loss': '0.4447', 'cl_avg_loss': '0.0000', 'itemcl_loss': '0.0000', 'cl_pair_0_loss': '0.0000'}
Recommendation EP_test:53: 100%|| 35/35 [00:08<00:00,  4.16it/s]
{'Epoch': 53, 'name': 'high_freq', 'HIT@5': '0.0353', 'NDCG@5': '0.0230', 'HIT@10': '0.0568', 'NDCG@10': '0.0299', 'HIT@20': '0.0861', 'NDCG@20': '0.0372'}
{'Epoch': 53, 'name': 'mid_freq', 'HIT@5': '0.0072', 'NDCG@5': '0.0049', 'HIT@10': '0.0108', 'NDCG@10': '0.0061', 'HIT@20': '0.0159', 'NDCG@20': '0.0074'}
{'Epoch': 53, 'name': 'low_freq', 'HIT@5': '0.0072', 'NDCG@5': '0.0050', 'HIT@10': '0.0093', 'NDCG@10': '0.0056', 'HIT@20': '0.0118', 'NDCG@20': '0.0062'}
{'Epoch': 53, 'name': 'all', 'HIT@5': '0.0263', 'NDCG@5': '0.0172', 'HIT@10': '0.0419', 'NDCG@10': '0.0222', 'HIT@20': '0.0631', 'NDCG@20': '0.0275'}
Validation score increased.  Saving model ...
rec dataset length: 186
100%|███████████████████████████████████████████████████████████████████████████████████████████████████████████████████████████████████████████████████████████| 186/186 [00:18<00:00, 10.11it/s]
{'epoch': 54, 'rec_avg_loss': '0.4431', 'joint_avg_loss': '0.4431', 'cl_avg_loss': '0.0000', 'itemcl_loss': '0.0000', 'cl_pair_0_loss': '0.0000'}
Recommendation EP_test:54: 100%|| 35/35 [00:08<00:00,  4.15it/s]
{'Epoch': 54, 'name': 'high_freq', 'HIT@5': '0.0351', 'NDCG@5': '0.0224', 'HIT@10': '0.0560', 'NDCG@10': '0.0291', 'HIT@20': '0.0842', 'NDCG@20': '0.0362'}
{'Epoch': 54, 'name': 'mid_freq', 'HIT@5': '0.0062', 'NDCG@5': '0.0041', 'HIT@10': '0.0105', 'NDCG@10': '0.0055', 'HIT@20': '0.0162', 'NDCG@20': '0.0069'}
{'Epoch': 54, 'name': 'low_freq', 'HIT@5': '0.0066', 'NDCG@5': '0.0042', 'HIT@10': '0.0091', 'NDCG@10': '0.0050', 'HIT@20': '0.0109', 'NDCG@20': '0.0055'}
{'Epoch': 54, 'name': 'all', 'HIT@5': '0.0259', 'NDCG@5': '0.0166', 'HIT@10': '0.0412', 'NDCG@10': '0.0215', 'HIT@20': '0.0618', 'NDCG@20': '0.0267'}
EarlyStopping counter: 1 out of 40
rec dataset length: 186
100%|███████████████████████████████████████████████████████████████████████████████████████████████████████████████████████████████████████████████████████████| 186/186 [00:18<00:00, 10.06it/s]
{'epoch': 55, 'rec_avg_loss': '0.4385', 'joint_avg_loss': '0.4385', 'cl_avg_loss': '0.0000', 'itemcl_loss': '0.0000', 'cl_pair_0_loss': '0.0000'}
Recommendation EP_test:55: 100%|| 35/35 [00:08<00:00,  4.12it/s]
{'Epoch': 55, 'name': 'high_freq', 'HIT@5': '0.0358', 'NDCG@5': '0.0222', 'HIT@10': '0.0568', 'NDCG@10': '0.0290', 'HIT@20': '0.0863', 'NDCG@20': '0.0364'}
{'Epoch': 55, 'name': 'mid_freq', 'HIT@5': '0.0066', 'NDCG@5': '0.0044', 'HIT@10': '0.0098', 'NDCG@10': '0.0054', 'HIT@20': '0.0151', 'NDCG@20': '0.0068'}
{'Epoch': 55, 'name': 'low_freq', 'HIT@5': '0.0054', 'NDCG@5': '0.0037', 'HIT@10': '0.0079', 'NDCG@10': '0.0045', 'HIT@20': '0.0109', 'NDCG@20': '0.0052'}
{'Epoch': 55, 'name': 'all', 'HIT@5': '0.0263', 'NDCG@5': '0.0164', 'HIT@10': '0.0415', 'NDCG@10': '0.0213', 'HIT@20': '0.0630', 'NDCG@20': '0.0267'}
EarlyStopping counter: 2 out of 40
rec dataset length: 186
100%|███████████████████████████████████████████████████████████████████████████████████████████████████████████████████████████████████████████████████████████| 186/186 [00:18<00:00, 10.13it/s]
{'epoch': 56, 'rec_avg_loss': '0.4413', 'joint_avg_loss': '0.4413', 'cl_avg_loss': '0.0000', 'itemcl_loss': '0.0000', 'cl_pair_0_loss': '0.0000'}
Recommendation EP_test:56: 100%|| 35/35 [00:08<00:00,  4.33it/s]
{'Epoch': 56, 'name': 'high_freq', 'HIT@5': '0.0359', 'NDCG@5': '0.0231', 'HIT@10': '0.0579', 'NDCG@10': '0.0302', 'HIT@20': '0.0883', 'NDCG@20': '0.0379'}
{'Epoch': 56, 'name': 'mid_freq', 'HIT@5': '0.0068', 'NDCG@5': '0.0043', 'HIT@10': '0.0103', 'NDCG@10': '0.0055', 'HIT@20': '0.0145', 'NDCG@20': '0.0065'}
{'Epoch': 56, 'name': 'low_freq', 'HIT@5': '0.0045', 'NDCG@5': '0.0034', 'HIT@10': '0.0075', 'NDCG@10': '0.0043', 'HIT@20': '0.0106', 'NDCG@20': '0.0051'}
{'Epoch': 56, 'name': 'all', 'HIT@5': '0.0263', 'NDCG@5': '0.0170', 'HIT@10': '0.0424', 'NDCG@10': '0.0222', 'HIT@20': '0.0642', 'NDCG@20': '0.0277'}
Validation score increased.  Saving model ...
rec dataset length: 186
100%|███████████████████████████████████████████████████████████████████████████████████████████████████████████████████████████████████████████████████████████| 186/186 [00:18<00:00, 10.09it/s]
{'epoch': 57, 'rec_avg_loss': '0.4397', 'joint_avg_loss': '0.4397', 'cl_avg_loss': '0.0000', 'itemcl_loss': '0.0000', 'cl_pair_0_loss': '0.0000'}
Recommendation EP_test:57: 100%|| 35/35 [00:08<00:00,  4.36it/s]
{'Epoch': 57, 'name': 'high_freq', 'HIT@5': '0.0352', 'NDCG@5': '0.0225', 'HIT@10': '0.0571', 'NDCG@10': '0.0295', 'HIT@20': '0.0874', 'NDCG@20': '0.0371'}
{'Epoch': 57, 'name': 'mid_freq', 'HIT@5': '0.0063', 'NDCG@5': '0.0041', 'HIT@10': '0.0103', 'NDCG@10': '0.0054', 'HIT@20': '0.0141', 'NDCG@20': '0.0063'}
{'Epoch': 57, 'name': 'low_freq', 'HIT@5': '0.0059', 'NDCG@5': '0.0042', 'HIT@10': '0.0088', 'NDCG@10': '0.0051', 'HIT@20': '0.0118', 'NDCG@20': '0.0058'}
{'Epoch': 57, 'name': 'all', 'HIT@5': '0.0259', 'NDCG@5': '0.0166', 'HIT@10': '0.0420', 'NDCG@10': '0.0218', 'HIT@20': '0.0637', 'NDCG@20': '0.0272'}
EarlyStopping counter: 1 out of 40
rec dataset length: 186
100%|███████████████████████████████████████████████████████████████████████████████████████████████████████████████████████████████████████████████████████████| 186/186 [00:18<00:00, 10.14it/s]
{'epoch': 58, 'rec_avg_loss': '0.4362', 'joint_avg_loss': '0.4362', 'cl_avg_loss': '0.0000', 'itemcl_loss': '0.0000', 'cl_pair_0_loss': '0.0000'}
Recommendation EP_test:58: 100%|| 35/35 [00:08<00:00,  4.21it/s]
{'Epoch': 58, 'name': 'high_freq', 'HIT@5': '0.0365', 'NDCG@5': '0.0234', 'HIT@10': '0.0561', 'NDCG@10': '0.0297', 'HIT@20': '0.0866', 'NDCG@20': '0.0374'}
{'Epoch': 58, 'name': 'mid_freq', 'HIT@5': '0.0065', 'NDCG@5': '0.0041', 'HIT@10': '0.0099', 'NDCG@10': '0.0051', 'HIT@20': '0.0154', 'NDCG@20': '0.0065'}
{'Epoch': 58, 'name': 'low_freq', 'HIT@5': '0.0066', 'NDCG@5': '0.0046', 'HIT@10': '0.0093', 'NDCG@10': '0.0055', 'HIT@20': '0.0113', 'NDCG@20': '0.0060'}
{'Epoch': 58, 'name': 'all', 'HIT@5': '0.0269', 'NDCG@5': '0.0173', 'HIT@10': '0.0412', 'NDCG@10': '0.0219', 'HIT@20': '0.0633', 'NDCG@20': '0.0274'}
EarlyStopping counter: 2 out of 40
rec dataset length: 186
100%|███████████████████████████████████████████████████████████████████████████████████████████████████████████████████████████████████████████████████████████| 186/186 [00:18<00:00, 10.13it/s]
{'epoch': 59, 'rec_avg_loss': '0.4349', 'joint_avg_loss': '0.4349', 'cl_avg_loss': '0.0000', 'itemcl_loss': '0.0000', 'cl_pair_0_loss': '0.0000'}
Recommendation EP_test:59: 100%|| 35/35 [00:08<00:00,  4.23it/s]
{'Epoch': 59, 'name': 'high_freq', 'HIT@5': '0.0365', 'NDCG@5': '0.0237', 'HIT@10': '0.0573', 'NDCG@10': '0.0304', 'HIT@20': '0.0867', 'NDCG@20': '0.0378'}
{'Epoch': 59, 'name': 'mid_freq', 'HIT@5': '0.0072', 'NDCG@5': '0.0046', 'HIT@10': '0.0112', 'NDCG@10': '0.0058', 'HIT@20': '0.0171', 'NDCG@20': '0.0073'}
{'Epoch': 59, 'name': 'low_freq', 'HIT@5': '0.0061', 'NDCG@5': '0.0045', 'HIT@10': '0.0088', 'NDCG@10': '0.0053', 'HIT@20': '0.0104', 'NDCG@20': '0.0057'}
{'Epoch': 59, 'name': 'all', 'HIT@5': '0.0270', 'NDCG@5': '0.0176', 'HIT@10': '0.0422', 'NDCG@10': '0.0225', 'HIT@20': '0.0636', 'NDCG@20': '0.0278'}
Validation score increased.  Saving model ...
rec dataset length: 186
100%|███████████████████████████████████████████████████████████████████████████████████████████████████████████████████████████████████████████████████████████| 186/186 [00:18<00:00, 10.08it/s]
{'epoch': 60, 'rec_avg_loss': '0.4345', 'joint_avg_loss': '0.4345', 'cl_avg_loss': '0.0000', 'itemcl_loss': '0.0000', 'cl_pair_0_loss': '0.0000'}
Recommendation EP_test:60: 100%|| 35/35 [00:08<00:00,  4.19it/s]
{'Epoch': 60, 'name': 'high_freq', 'HIT@5': '0.0353', 'NDCG@5': '0.0225', 'HIT@10': '0.0566', 'NDCG@10': '0.0294', 'HIT@20': '0.0867', 'NDCG@20': '0.0370'}
{'Epoch': 60, 'name': 'mid_freq', 'HIT@5': '0.0078', 'NDCG@5': '0.0047', 'HIT@10': '0.0113', 'NDCG@10': '0.0059', 'HIT@20': '0.0159', 'NDCG@20': '0.0070'}
{'Epoch': 60, 'name': 'low_freq', 'HIT@5': '0.0061', 'NDCG@5': '0.0046', 'HIT@10': '0.0088', 'NDCG@10': '0.0054', 'HIT@20': '0.0124', 'NDCG@20': '0.0064'}
{'Epoch': 60, 'name': 'all', 'HIT@5': '0.0263', 'NDCG@5': '0.0168', 'HIT@10': '0.0418', 'NDCG@10': '0.0218', 'HIT@20': '0.0637', 'NDCG@20': '0.0273'}
EarlyStopping counter: 1 out of 40
rec dataset length: 186
100%|███████████████████████████████████████████████████████████████████████████████████████████████████████████████████████████████████████████████████████████| 186/186 [00:18<00:00, 10.15it/s]
{'epoch': 61, 'rec_avg_loss': '0.4327', 'joint_avg_loss': '0.4327', 'cl_avg_loss': '0.0000', 'itemcl_loss': '0.0000', 'cl_pair_0_loss': '0.0000'}
Recommendation EP_test:61: 100%|| 35/35 [00:08<00:00,  4.26it/s]
{'Epoch': 61, 'name': 'high_freq', 'HIT@5': '0.0350', 'NDCG@5': '0.0224', 'HIT@10': '0.0563', 'NDCG@10': '0.0293', 'HIT@20': '0.0870', 'NDCG@20': '0.0370'}
{'Epoch': 61, 'name': 'mid_freq', 'HIT@5': '0.0079', 'NDCG@5': '0.0048', 'HIT@10': '0.0106', 'NDCG@10': '0.0057', 'HIT@20': '0.0151', 'NDCG@20': '0.0068'}
{'Epoch': 61, 'name': 'low_freq', 'HIT@5': '0.0057', 'NDCG@5': '0.0042', 'HIT@10': '0.0077', 'NDCG@10': '0.0048', 'HIT@20': '0.0104', 'NDCG@20': '0.0055'}
{'Epoch': 61, 'name': 'all', 'HIT@5': '0.0260', 'NDCG@5': '0.0167', 'HIT@10': '0.0414', 'NDCG@10': '0.0216', 'HIT@20': '0.0634', 'NDCG@20': '0.0272'}
EarlyStopping counter: 2 out of 40
rec dataset length: 186
100%|███████████████████████████████████████████████████████████████████████████████████████████████████████████████████████████████████████████████████████████| 186/186 [00:18<00:00, 10.07it/s]
{'epoch': 62, 'rec_avg_loss': '0.4272', 'joint_avg_loss': '0.4272', 'cl_avg_loss': '0.0000', 'itemcl_loss': '0.0000', 'cl_pair_0_loss': '0.0000'}
Recommendation EP_test:62: 100%|| 35/35 [00:08<00:00,  4.03it/s]
{'Epoch': 62, 'name': 'high_freq', 'HIT@5': '0.0349', 'NDCG@5': '0.0224', 'HIT@10': '0.0581', 'NDCG@10': '0.0298', 'HIT@20': '0.0877', 'NDCG@20': '0.0373'}
{'Epoch': 62, 'name': 'mid_freq', 'HIT@5': '0.0082', 'NDCG@5': '0.0050', 'HIT@10': '0.0111', 'NDCG@10': '0.0059', 'HIT@20': '0.0164', 'NDCG@20': '0.0073'}
{'Epoch': 62, 'name': 'low_freq', 'HIT@5': '0.0066', 'NDCG@5': '0.0048', 'HIT@10': '0.0088', 'NDCG@10': '0.0055', 'HIT@20': '0.0115', 'NDCG@20': '0.0061'}
{'Epoch': 62, 'name': 'all', 'HIT@5': '0.0262', 'NDCG@5': '0.0168', 'HIT@10': '0.0428', 'NDCG@10': '0.0221', 'HIT@20': '0.0643', 'NDCG@20': '0.0275'}
EarlyStopping counter: 3 out of 40
rec dataset length: 186
100%|███████████████████████████████████████████████████████████████████████████████████████████████████████████████████████████████████████████████████████████| 186/186 [00:18<00:00, 10.14it/s]
{'epoch': 63, 'rec_avg_loss': '0.4331', 'joint_avg_loss': '0.4331', 'cl_avg_loss': '0.0000', 'itemcl_loss': '0.0000', 'cl_pair_0_loss': '0.0000'}
Recommendation EP_test:63: 100%|| 35/35 [00:08<00:00,  4.19it/s]
{'Epoch': 63, 'name': 'high_freq', 'HIT@5': '0.0356', 'NDCG@5': '0.0223', 'HIT@10': '0.0561', 'NDCG@10': '0.0288', 'HIT@20': '0.0860', 'NDCG@20': '0.0363'}
{'Epoch': 63, 'name': 'mid_freq', 'HIT@5': '0.0072', 'NDCG@5': '0.0044', 'HIT@10': '0.0105', 'NDCG@10': '0.0054', 'HIT@20': '0.0157', 'NDCG@20': '0.0067'}
{'Epoch': 63, 'name': 'low_freq', 'HIT@5': '0.0063', 'NDCG@5': '0.0042', 'HIT@10': '0.0088', 'NDCG@10': '0.0050', 'HIT@20': '0.0120', 'NDCG@20': '0.0058'}
{'Epoch': 63, 'name': 'all', 'HIT@5': '0.0264', 'NDCG@5': '0.0165', 'HIT@10': '0.0413', 'NDCG@10': '0.0213', 'HIT@20': '0.0631', 'NDCG@20': '0.0268'}
EarlyStopping counter: 4 out of 40
rec dataset length: 186
100%|███████████████████████████████████████████████████████████████████████████████████████████████████████████████████████████████████████████████████████████| 186/186 [00:18<00:00, 10.17it/s]
{'epoch': 64, 'rec_avg_loss': '0.4300', 'joint_avg_loss': '0.4300', 'cl_avg_loss': '0.0000', 'itemcl_loss': '0.0000', 'cl_pair_0_loss': '0.0000'}
Recommendation EP_test:64: 100%|| 35/35 [00:08<00:00,  3.95it/s]
{'Epoch': 64, 'name': 'high_freq', 'HIT@5': '0.0359', 'NDCG@5': '0.0231', 'HIT@10': '0.0561', 'NDCG@10': '0.0296', 'HIT@20': '0.0874', 'NDCG@20': '0.0374'}
{'Epoch': 64, 'name': 'mid_freq', 'HIT@5': '0.0063', 'NDCG@5': '0.0043', 'HIT@10': '0.0109', 'NDCG@10': '0.0058', 'HIT@20': '0.0159', 'NDCG@20': '0.0071'}
{'Epoch': 64, 'name': 'low_freq', 'HIT@5': '0.0057', 'NDCG@5': '0.0041', 'HIT@10': '0.0077', 'NDCG@10': '0.0048', 'HIT@20': '0.0111', 'NDCG@20': '0.0056'}
{'Epoch': 64, 'name': 'all', 'HIT@5': '0.0263', 'NDCG@5': '0.0171', 'HIT@10': '0.0413', 'NDCG@10': '0.0218', 'HIT@20': '0.0639', 'NDCG@20': '0.0275'}
EarlyStopping counter: 5 out of 40
rec dataset length: 186
100%|███████████████████████████████████████████████████████████████████████████████████████████████████████████████████████████████████████████████████████████| 186/186 [00:18<00:00, 10.11it/s]
{'epoch': 65, 'rec_avg_loss': '0.4283', 'joint_avg_loss': '0.4283', 'cl_avg_loss': '0.0000', 'itemcl_loss': '0.0000', 'cl_pair_0_loss': '0.0000'}
Recommendation EP_test:65: 100%|| 35/35 [00:08<00:00,  4.18it/s]
{'Epoch': 65, 'name': 'high_freq', 'HIT@5': '0.0367', 'NDCG@5': '0.0233', 'HIT@10': '0.0577', 'NDCG@10': '0.0300', 'HIT@20': '0.0877', 'NDCG@20': '0.0376'}
{'Epoch': 65, 'name': 'mid_freq', 'HIT@5': '0.0063', 'NDCG@5': '0.0041', 'HIT@10': '0.0105', 'NDCG@10': '0.0054', 'HIT@20': '0.0155', 'NDCG@20': '0.0067'}
{'Epoch': 65, 'name': 'low_freq', 'HIT@5': '0.0054', 'NDCG@5': '0.0041', 'HIT@10': '0.0086', 'NDCG@10': '0.0051', 'HIT@20': '0.0115', 'NDCG@20': '0.0058'}
{'Epoch': 65, 'name': 'all', 'HIT@5': '0.0269', 'NDCG@5': '0.0171', 'HIT@10': '0.0424', 'NDCG@10': '0.0221', 'HIT@20': '0.0641', 'NDCG@20': '0.0276'}
EarlyStopping counter: 6 out of 40
rec dataset length: 186
100%|███████████████████████████████████████████████████████████████████████████████████████████████████████████████████████████████████████████████████████████| 186/186 [00:18<00:00, 10.11it/s]
{'epoch': 66, 'rec_avg_loss': '0.4265', 'joint_avg_loss': '0.4265', 'cl_avg_loss': '0.0000', 'itemcl_loss': '0.0000', 'cl_pair_0_loss': '0.0000'}
Recommendation EP_test:66: 100%|| 35/35 [00:08<00:00,  4.23it/s]
{'Epoch': 66, 'name': 'high_freq', 'HIT@5': '0.0372', 'NDCG@5': '0.0237', 'HIT@10': '0.0578', 'NDCG@10': '0.0303', 'HIT@20': '0.0868', 'NDCG@20': '0.0376'}
{'Epoch': 66, 'name': 'mid_freq', 'HIT@5': '0.0073', 'NDCG@5': '0.0047', 'HIT@10': '0.0102', 'NDCG@10': '0.0056', 'HIT@20': '0.0165', 'NDCG@20': '0.0072'}
{'Epoch': 66, 'name': 'low_freq', 'HIT@5': '0.0063', 'NDCG@5': '0.0046', 'HIT@10': '0.0093', 'NDCG@10': '0.0055', 'HIT@20': '0.0124', 'NDCG@20': '0.0063'}
{'Epoch': 66, 'name': 'all', 'HIT@5': '0.0275', 'NDCG@5': '0.0176', 'HIT@10': '0.0425', 'NDCG@10': '0.0224', 'HIT@20': '0.0639', 'NDCG@20': '0.0277'}
EarlyStopping counter: 7 out of 40
rec dataset length: 186
100%|███████████████████████████████████████████████████████████████████████████████████████████████████████████████████████████████████████████████████████████| 186/186 [00:18<00:00, 10.10it/s]
{'epoch': 67, 'rec_avg_loss': '0.4260', 'joint_avg_loss': '0.4260', 'cl_avg_loss': '0.0000', 'itemcl_loss': '0.0000', 'cl_pair_0_loss': '0.0000'}
Recommendation EP_test:67: 100%|| 35/35 [00:08<00:00,  4.10it/s]
{'Epoch': 67, 'name': 'high_freq', 'HIT@5': '0.0348', 'NDCG@5': '0.0227', 'HIT@10': '0.0568', 'NDCG@10': '0.0297', 'HIT@20': '0.0871', 'NDCG@20': '0.0373'}
{'Epoch': 67, 'name': 'mid_freq', 'HIT@5': '0.0082', 'NDCG@5': '0.0055', 'HIT@10': '0.0112', 'NDCG@10': '0.0064', 'HIT@20': '0.0169', 'NDCG@20': '0.0079'}
{'Epoch': 67, 'name': 'low_freq', 'HIT@5': '0.0066', 'NDCG@5': '0.0043', 'HIT@10': '0.0093', 'NDCG@10': '0.0052', 'HIT@20': '0.0120', 'NDCG@20': '0.0059'}
{'Epoch': 67, 'name': 'all', 'HIT@5': '0.0261', 'NDCG@5': '0.0170', 'HIT@10': '0.0420', 'NDCG@10': '0.0221', 'HIT@20': '0.0640', 'NDCG@20': '0.0276'}
EarlyStopping counter: 8 out of 40
rec dataset length: 186
100%|███████████████████████████████████████████████████████████████████████████████████████████████████████████████████████████████████████████████████████████| 186/186 [00:18<00:00, 10.18it/s]
{'epoch': 68, 'rec_avg_loss': '0.4214', 'joint_avg_loss': '0.4214', 'cl_avg_loss': '0.0000', 'itemcl_loss': '0.0000', 'cl_pair_0_loss': '0.0000'}
Recommendation EP_test:68: 100%|| 35/35 [00:08<00:00,  4.05it/s]
{'Epoch': 68, 'name': 'high_freq', 'HIT@5': '0.0351', 'NDCG@5': '0.0230', 'HIT@10': '0.0562', 'NDCG@10': '0.0298', 'HIT@20': '0.0861', 'NDCG@20': '0.0373'}
{'Epoch': 68, 'name': 'mid_freq', 'HIT@5': '0.0076', 'NDCG@5': '0.0051', 'HIT@10': '0.0115', 'NDCG@10': '0.0063', 'HIT@20': '0.0155', 'NDCG@20': '0.0073'}
{'Epoch': 68, 'name': 'low_freq', 'HIT@5': '0.0057', 'NDCG@5': '0.0037', 'HIT@10': '0.0079', 'NDCG@10': '0.0044', 'HIT@20': '0.0115', 'NDCG@20': '0.0053'}
{'Epoch': 68, 'name': 'all', 'HIT@5': '0.0261', 'NDCG@5': '0.0171', 'HIT@10': '0.0415', 'NDCG@10': '0.0220', 'HIT@20': '0.0631', 'NDCG@20': '0.0275'}
EarlyStopping counter: 9 out of 40
rec dataset length: 186
100%|███████████████████████████████████████████████████████████████████████████████████████████████████████████████████████████████████████████████████████████| 186/186 [00:18<00:00, 10.13it/s]
{'epoch': 69, 'rec_avg_loss': '0.4236', 'joint_avg_loss': '0.4236', 'cl_avg_loss': '0.0000', 'itemcl_loss': '0.0000', 'cl_pair_0_loss': '0.0000'}
Recommendation EP_test:69: 100%|| 35/35 [00:08<00:00,  4.20it/s]
{'Epoch': 69, 'name': 'high_freq', 'HIT@5': '0.0362', 'NDCG@5': '0.0233', 'HIT@10': '0.0574', 'NDCG@10': '0.0301', 'HIT@20': '0.0868', 'NDCG@20': '0.0374'}
{'Epoch': 69, 'name': 'mid_freq', 'HIT@5': '0.0080', 'NDCG@5': '0.0053', 'HIT@10': '0.0116', 'NDCG@10': '0.0065', 'HIT@20': '0.0154', 'NDCG@20': '0.0074'}
{'Epoch': 69, 'name': 'low_freq', 'HIT@5': '0.0054', 'NDCG@5': '0.0039', 'HIT@10': '0.0088', 'NDCG@10': '0.0049', 'HIT@20': '0.0122', 'NDCG@20': '0.0058'}
{'Epoch': 69, 'name': 'all', 'HIT@5': '0.0269', 'NDCG@5': '0.0173', 'HIT@10': '0.0424', 'NDCG@10': '0.0224', 'HIT@20': '0.0636', 'NDCG@20': '0.0276'}
EarlyStopping counter: 10 out of 40
rec dataset length: 186
100%|███████████████████████████████████████████████████████████████████████████████████████████████████████████████████████████████████████████████████████████| 186/186 [00:18<00:00, 10.07it/s]
{'epoch': 70, 'rec_avg_loss': '0.4233', 'joint_avg_loss': '0.4233', 'cl_avg_loss': '0.0000', 'itemcl_loss': '0.0000', 'cl_pair_0_loss': '0.0000'}
Recommendation EP_test:70: 100%|| 35/35 [00:08<00:00,  4.12it/s]
{'Epoch': 70, 'name': 'high_freq', 'HIT@5': '0.0356', 'NDCG@5': '0.0228', 'HIT@10': '0.0562', 'NDCG@10': '0.0295', 'HIT@20': '0.0876', 'NDCG@20': '0.0374'}
{'Epoch': 70, 'name': 'mid_freq', 'HIT@5': '0.0076', 'NDCG@5': '0.0052', 'HIT@10': '0.0116', 'NDCG@10': '0.0065', 'HIT@20': '0.0152', 'NDCG@20': '0.0074'}
{'Epoch': 70, 'name': 'low_freq', 'HIT@5': '0.0061', 'NDCG@5': '0.0042', 'HIT@10': '0.0093', 'NDCG@10': '0.0052', 'HIT@20': '0.0109', 'NDCG@20': '0.0056'}
{'Epoch': 70, 'name': 'all', 'HIT@5': '0.0265', 'NDCG@5': '0.0171', 'HIT@10': '0.0417', 'NDCG@10': '0.0219', 'HIT@20': '0.0639', 'NDCG@20': '0.0275'}
EarlyStopping counter: 11 out of 40
rec dataset length: 186
100%|███████████████████████████████████████████████████████████████████████████████████████████████████████████████████████████████████████████████████████████| 186/186 [00:18<00:00, 10.16it/s]
{'epoch': 71, 'rec_avg_loss': '0.4209', 'joint_avg_loss': '0.4209', 'cl_avg_loss': '0.0000', 'itemcl_loss': '0.0000', 'cl_pair_0_loss': '0.0000'}
Recommendation EP_test:71: 100%|| 35/35 [00:08<00:00,  4.05it/s]
{'Epoch': 71, 'name': 'high_freq', 'HIT@5': '0.0355', 'NDCG@5': '0.0227', 'HIT@10': '0.0566', 'NDCG@10': '0.0294', 'HIT@20': '0.0886', 'NDCG@20': '0.0375'}
{'Epoch': 71, 'name': 'mid_freq', 'HIT@5': '0.0063', 'NDCG@5': '0.0042', 'HIT@10': '0.0105', 'NDCG@10': '0.0055', 'HIT@20': '0.0152', 'NDCG@20': '0.0067'}
{'Epoch': 71, 'name': 'low_freq', 'HIT@5': '0.0061', 'NDCG@5': '0.0043', 'HIT@10': '0.0091', 'NDCG@10': '0.0053', 'HIT@20': '0.0106', 'NDCG@20': '0.0057'}
{'Epoch': 71, 'name': 'all', 'HIT@5': '0.0261', 'NDCG@5': '0.0168', 'HIT@10': '0.0417', 'NDCG@10': '0.0218', 'HIT@20': '0.0646', 'NDCG@20': '0.0275'}
EarlyStopping counter: 12 out of 40
rec dataset length: 186
100%|███████████████████████████████████████████████████████████████████████████████████████████████████████████████████████████████████████████████████████████| 186/186 [00:18<00:00, 10.18it/s]
{'epoch': 72, 'rec_avg_loss': '0.4210', 'joint_avg_loss': '0.4210', 'cl_avg_loss': '0.0000', 'itemcl_loss': '0.0000', 'cl_pair_0_loss': '0.0000'}
Recommendation EP_test:72: 100%|| 35/35 [00:08<00:00,  4.05it/s]
{'Epoch': 72, 'name': 'high_freq', 'HIT@5': '0.0343', 'NDCG@5': '0.0224', 'HIT@10': '0.0566', 'NDCG@10': '0.0295', 'HIT@20': '0.0880', 'NDCG@20': '0.0375'}
{'Epoch': 72, 'name': 'mid_freq', 'HIT@5': '0.0070', 'NDCG@5': '0.0048', 'HIT@10': '0.0099', 'NDCG@10': '0.0057', 'HIT@20': '0.0155', 'NDCG@20': '0.0071'}
{'Epoch': 72, 'name': 'low_freq', 'HIT@5': '0.0068', 'NDCG@5': '0.0050', 'HIT@10': '0.0095', 'NDCG@10': '0.0059', 'HIT@20': '0.0106', 'NDCG@20': '0.0061'}
{'Epoch': 72, 'name': 'all', 'HIT@5': '0.0256', 'NDCG@5': '0.0168', 'HIT@10': '0.0416', 'NDCG@10': '0.0219', 'HIT@20': '0.0642', 'NDCG@20': '0.0276'}
EarlyStopping counter: 13 out of 40
rec dataset length: 186
100%|███████████████████████████████████████████████████████████████████████████████████████████████████████████████████████████████████████████████████████████| 186/186 [00:18<00:00, 10.17it/s]
{'epoch': 73, 'rec_avg_loss': '0.4204', 'joint_avg_loss': '0.4204', 'cl_avg_loss': '0.0000', 'itemcl_loss': '0.0000', 'cl_pair_0_loss': '0.0000'}
Recommendation EP_test:73: 100%|| 35/35 [00:08<00:00,  4.18it/s]
{'Epoch': 73, 'name': 'high_freq', 'HIT@5': '0.0364', 'NDCG@5': '0.0232', 'HIT@10': '0.0595', 'NDCG@10': '0.0306', 'HIT@20': '0.0887', 'NDCG@20': '0.0379'}
{'Epoch': 73, 'name': 'mid_freq', 'HIT@5': '0.0062', 'NDCG@5': '0.0039', 'HIT@10': '0.0090', 'NDCG@10': '0.0048', 'HIT@20': '0.0148', 'NDCG@20': '0.0063'}
{'Epoch': 73, 'name': 'low_freq', 'HIT@5': '0.0057', 'NDCG@5': '0.0045', 'HIT@10': '0.0079', 'NDCG@10': '0.0052', 'HIT@20': '0.0111', 'NDCG@20': '0.0060'}
{'Epoch': 73, 'name': 'all', 'HIT@5': '0.0267', 'NDCG@5': '0.0171', 'HIT@10': '0.0432', 'NDCG@10': '0.0224', 'HIT@20': '0.0646', 'NDCG@20': '0.0278'}
EarlyStopping counter: 14 out of 40
rec dataset length: 186
100%|███████████████████████████████████████████████████████████████████████████████████████████████████████████████████████████████████████████████████████████| 186/186 [00:18<00:00, 10.11it/s]
{'epoch': 74, 'rec_avg_loss': '0.4189', 'joint_avg_loss': '0.4189', 'cl_avg_loss': '0.0000', 'itemcl_loss': '0.0000', 'cl_pair_0_loss': '0.0000'}
Recommendation EP_test:74: 100%|| 35/35 [00:08<00:00,  4.06it/s]
{'Epoch': 74, 'name': 'high_freq', 'HIT@5': '0.0336', 'NDCG@5': '0.0214', 'HIT@10': '0.0571', 'NDCG@10': '0.0289', 'HIT@20': '0.0866', 'NDCG@20': '0.0364'}
{'Epoch': 74, 'name': 'mid_freq', 'HIT@5': '0.0068', 'NDCG@5': '0.0049', 'HIT@10': '0.0105', 'NDCG@10': '0.0061', 'HIT@20': '0.0148', 'NDCG@20': '0.0071'}
{'Epoch': 74, 'name': 'low_freq', 'HIT@5': '0.0066', 'NDCG@5': '0.0046', 'HIT@10': '0.0084', 'NDCG@10': '0.0052', 'HIT@20': '0.0102', 'NDCG@20': '0.0057'}
{'Epoch': 74, 'name': 'all', 'HIT@5': '0.0250', 'NDCG@5': '0.0161', 'HIT@10': '0.0419', 'NDCG@10': '0.0215', 'HIT@20': '0.0631', 'NDCG@20': '0.0268'}
EarlyStopping counter: 15 out of 40
rec dataset length: 186
100%|███████████████████████████████████████████████████████████████████████████████████████████████████████████████████████████████████████████████████████████| 186/186 [00:18<00:00, 10.01it/s]
{'epoch': 75, 'rec_avg_loss': '0.4180', 'joint_avg_loss': '0.4180', 'cl_avg_loss': '0.0000', 'itemcl_loss': '0.0000', 'cl_pair_0_loss': '0.0000'}
Recommendation EP_test:75: 100%|| 35/35 [00:08<00:00,  4.21it/s]
{'Epoch': 75, 'name': 'high_freq', 'HIT@5': '0.0353', 'NDCG@5': '0.0228', 'HIT@10': '0.0570', 'NDCG@10': '0.0298', 'HIT@20': '0.0879', 'NDCG@20': '0.0376'}
{'Epoch': 75, 'name': 'mid_freq', 'HIT@5': '0.0066', 'NDCG@5': '0.0046', 'HIT@10': '0.0101', 'NDCG@10': '0.0057', 'HIT@20': '0.0154', 'NDCG@20': '0.0071'}
{'Epoch': 75, 'name': 'low_freq', 'HIT@5': '0.0068', 'NDCG@5': '0.0050', 'HIT@10': '0.0086', 'NDCG@10': '0.0056', 'HIT@20': '0.0111', 'NDCG@20': '0.0063'}
{'Epoch': 75, 'name': 'all', 'HIT@5': '0.0262', 'NDCG@5': '0.0171', 'HIT@10': '0.0418', 'NDCG@10': '0.0221', 'HIT@20': '0.0642', 'NDCG@20': '0.0278'}
EarlyStopping counter: 16 out of 40
rec dataset length: 186
100%|███████████████████████████████████████████████████████████████████████████████████████████████████████████████████████████████████████████████████████████| 186/186 [00:18<00:00, 10.19it/s]
{'epoch': 76, 'rec_avg_loss': '0.4145', 'joint_avg_loss': '0.4145', 'cl_avg_loss': '0.0000', 'itemcl_loss': '0.0000', 'cl_pair_0_loss': '0.0000'}
Recommendation EP_test:76: 100%|| 35/35 [00:08<00:00,  4.10it/s]
{'Epoch': 76, 'name': 'high_freq', 'HIT@5': '0.0359', 'NDCG@5': '0.0231', 'HIT@10': '0.0551', 'NDCG@10': '0.0292', 'HIT@20': '0.0870', 'NDCG@20': '0.0373'}
{'Epoch': 76, 'name': 'mid_freq', 'HIT@5': '0.0080', 'NDCG@5': '0.0054', 'HIT@10': '0.0119', 'NDCG@10': '0.0066', 'HIT@20': '0.0172', 'NDCG@20': '0.0079'}
{'Epoch': 76, 'name': 'low_freq', 'HIT@5': '0.0061', 'NDCG@5': '0.0042', 'HIT@10': '0.0075', 'NDCG@10': '0.0046', 'HIT@20': '0.0111', 'NDCG@20': '0.0056'}
{'Epoch': 76, 'name': 'all', 'HIT@5': '0.0268', 'NDCG@5': '0.0173', 'HIT@10': '0.0407', 'NDCG@10': '0.0218', 'HIT@20': '0.0639', 'NDCG@20': '0.0276'}
EarlyStopping counter: 17 out of 40
rec dataset length: 186
100%|███████████████████████████████████████████████████████████████████████████████████████████████████████████████████████████████████████████████████████████| 186/186 [00:18<00:00, 10.15it/s]
{'epoch': 77, 'rec_avg_loss': '0.4196', 'joint_avg_loss': '0.4196', 'cl_avg_loss': '0.0000', 'itemcl_loss': '0.0000', 'cl_pair_0_loss': '0.0000'}
Recommendation EP_test:77: 100%|| 35/35 [00:08<00:00,  4.16it/s]
{'Epoch': 77, 'name': 'high_freq', 'HIT@5': '0.0359', 'NDCG@5': '0.0229', 'HIT@10': '0.0559', 'NDCG@10': '0.0293', 'HIT@20': '0.0856', 'NDCG@20': '0.0368'}
{'Epoch': 77, 'name': 'mid_freq', 'HIT@5': '0.0082', 'NDCG@5': '0.0054', 'HIT@10': '0.0115', 'NDCG@10': '0.0065', 'HIT@20': '0.0165', 'NDCG@20': '0.0077'}
{'Epoch': 77, 'name': 'low_freq', 'HIT@5': '0.0063', 'NDCG@5': '0.0039', 'HIT@10': '0.0075', 'NDCG@10': '0.0043', 'HIT@20': '0.0100', 'NDCG@20': '0.0049'}
{'Epoch': 77, 'name': 'all', 'HIT@5': '0.0268', 'NDCG@5': '0.0171', 'HIT@10': '0.0412', 'NDCG@10': '0.0218', 'HIT@20': '0.0627', 'NDCG@20': '0.0272'}
EarlyStopping counter: 18 out of 40
rec dataset length: 186
100%|███████████████████████████████████████████████████████████████████████████████████████████████████████████████████████████████████████████████████████████| 186/186 [00:18<00:00, 10.06it/s]
{'epoch': 78, 'rec_avg_loss': '0.4172', 'joint_avg_loss': '0.4172', 'cl_avg_loss': '0.0000', 'itemcl_loss': '0.0000', 'cl_pair_0_loss': '0.0000'}
Recommendation EP_test:78: 100%|| 35/35 [00:08<00:00,  4.18it/s]
{'Epoch': 78, 'name': 'high_freq', 'HIT@5': '0.0339', 'NDCG@5': '0.0215', 'HIT@10': '0.0550', 'NDCG@10': '0.0283', 'HIT@20': '0.0858', 'NDCG@20': '0.0360'}
{'Epoch': 78, 'name': 'mid_freq', 'HIT@5': '0.0083', 'NDCG@5': '0.0053', 'HIT@10': '0.0115', 'NDCG@10': '0.0063', 'HIT@20': '0.0161', 'NDCG@20': '0.0074'}
{'Epoch': 78, 'name': 'low_freq', 'HIT@5': '0.0066', 'NDCG@5': '0.0045', 'HIT@10': '0.0084', 'NDCG@10': '0.0051', 'HIT@20': '0.0109', 'NDCG@20': '0.0057'}
{'Epoch': 78, 'name': 'all', 'HIT@5': '0.0255', 'NDCG@5': '0.0162', 'HIT@10': '0.0407', 'NDCG@10': '0.0211', 'HIT@20': '0.0629', 'NDCG@20': '0.0267'}
EarlyStopping counter: 19 out of 40
rec dataset length: 186
100%|███████████████████████████████████████████████████████████████████████████████████████████████████████████████████████████████████████████████████████████| 186/186 [00:18<00:00, 10.18it/s]
{'epoch': 79, 'rec_avg_loss': '0.4109', 'joint_avg_loss': '0.4109', 'cl_avg_loss': '0.0000', 'itemcl_loss': '0.0000', 'cl_pair_0_loss': '0.0000'}
Recommendation EP_test:79: 100%|| 35/35 [00:08<00:00,  4.20it/s]
{'Epoch': 79, 'name': 'high_freq', 'HIT@5': '0.0339', 'NDCG@5': '0.0218', 'HIT@10': '0.0555', 'NDCG@10': '0.0287', 'HIT@20': '0.0871', 'NDCG@20': '0.0366'}
{'Epoch': 79, 'name': 'mid_freq', 'HIT@5': '0.0070', 'NDCG@5': '0.0045', 'HIT@10': '0.0105', 'NDCG@10': '0.0056', 'HIT@20': '0.0154', 'NDCG@20': '0.0069'}
{'Epoch': 79, 'name': 'low_freq', 'HIT@5': '0.0077', 'NDCG@5': '0.0048', 'HIT@10': '0.0086', 'NDCG@10': '0.0051', 'HIT@20': '0.0104', 'NDCG@20': '0.0055'}
{'Epoch': 79, 'name': 'all', 'HIT@5': '0.0254', 'NDCG@5': '0.0163', 'HIT@10': '0.0409', 'NDCG@10': '0.0213', 'HIT@20': '0.0636', 'NDCG@20': '0.0269'}
EarlyStopping counter: 20 out of 40
rec dataset length: 186
100%|███████████████████████████████████████████████████████████████████████████████████████████████████████████████████████████████████████████████████████████| 186/186 [00:18<00:00, 10.07it/s]
{'epoch': 80, 'rec_avg_loss': '0.4147', 'joint_avg_loss': '0.4147', 'cl_avg_loss': '0.0000', 'itemcl_loss': '0.0000', 'cl_pair_0_loss': '0.0000'}
Recommendation EP_test:80: 100%|| 35/35 [00:08<00:00,  4.23it/s]
{'Epoch': 80, 'name': 'high_freq', 'HIT@5': '0.0341', 'NDCG@5': '0.0219', 'HIT@10': '0.0556', 'NDCG@10': '0.0288', 'HIT@20': '0.0880', 'NDCG@20': '0.0370'}
{'Epoch': 80, 'name': 'mid_freq', 'HIT@5': '0.0069', 'NDCG@5': '0.0043', 'HIT@10': '0.0102', 'NDCG@10': '0.0053', 'HIT@20': '0.0144', 'NDCG@20': '0.0064'}
{'Epoch': 80, 'name': 'low_freq', 'HIT@5': '0.0061', 'NDCG@5': '0.0046', 'HIT@10': '0.0075', 'NDCG@10': '0.0050', 'HIT@20': '0.0111', 'NDCG@20': '0.0059'}
{'Epoch': 80, 'name': 'all', 'HIT@5': '0.0253', 'NDCG@5': '0.0163', 'HIT@10': '0.0407', 'NDCG@10': '0.0213', 'HIT@20': '0.0641', 'NDCG@20': '0.0271'}
EarlyStopping counter: 21 out of 40
rec dataset length: 186
100%|███████████████████████████████████████████████████████████████████████████████████████████████████████████████████████████████████████████████████████████| 186/186 [00:18<00:00, 10.10it/s]
{'epoch': 81, 'rec_avg_loss': '0.4129', 'joint_avg_loss': '0.4129', 'cl_avg_loss': '0.0000', 'itemcl_loss': '0.0000', 'cl_pair_0_loss': '0.0000'}
Recommendation EP_test:81: 100%|| 35/35 [00:08<00:00,  4.22it/s]
{'Epoch': 81, 'name': 'high_freq', 'HIT@5': '0.0344', 'NDCG@5': '0.0223', 'HIT@10': '0.0551', 'NDCG@10': '0.0289', 'HIT@20': '0.0863', 'NDCG@20': '0.0368'}
{'Epoch': 81, 'name': 'mid_freq', 'HIT@5': '0.0078', 'NDCG@5': '0.0051', 'HIT@10': '0.0106', 'NDCG@10': '0.0060', 'HIT@20': '0.0154', 'NDCG@20': '0.0072'}
{'Epoch': 81, 'name': 'low_freq', 'HIT@5': '0.0068', 'NDCG@5': '0.0045', 'HIT@10': '0.0077', 'NDCG@10': '0.0048', 'HIT@20': '0.0097', 'NDCG@20': '0.0053'}
{'Epoch': 81, 'name': 'all', 'HIT@5': '0.0257', 'NDCG@5': '0.0167', 'HIT@10': '0.0405', 'NDCG@10': '0.0215', 'HIT@20': '0.0630', 'NDCG@20': '0.0271'}
EarlyStopping counter: 22 out of 40
rec dataset length: 186
100%|███████████████████████████████████████████████████████████████████████████████████████████████████████████████████████████████████████████████████████████| 186/186 [00:18<00:00, 10.15it/s]
{'epoch': 82, 'rec_avg_loss': '0.4143', 'joint_avg_loss': '0.4143', 'cl_avg_loss': '0.0000', 'itemcl_loss': '0.0000', 'cl_pair_0_loss': '0.0000'}
Recommendation EP_test:82: 100%|| 35/35 [00:08<00:00,  4.29it/s]
{'Epoch': 82, 'name': 'high_freq', 'HIT@5': '0.0343', 'NDCG@5': '0.0222', 'HIT@10': '0.0564', 'NDCG@10': '0.0293', 'HIT@20': '0.0886', 'NDCG@20': '0.0374'}
{'Epoch': 82, 'name': 'mid_freq', 'HIT@5': '0.0073', 'NDCG@5': '0.0046', 'HIT@10': '0.0101', 'NDCG@10': '0.0054', 'HIT@20': '0.0169', 'NDCG@20': '0.0072'}
{'Epoch': 82, 'name': 'low_freq', 'HIT@5': '0.0072', 'NDCG@5': '0.0051', 'HIT@10': '0.0079', 'NDCG@10': '0.0053', 'HIT@20': '0.0115', 'NDCG@20': '0.0062'}
{'Epoch': 82, 'name': 'all', 'HIT@5': '0.0256', 'NDCG@5': '0.0166', 'HIT@10': '0.0414', 'NDCG@10': '0.0217', 'HIT@20': '0.0650', 'NDCG@20': '0.0276'}
EarlyStopping counter: 23 out of 40
rec dataset length: 186
100%|███████████████████████████████████████████████████████████████████████████████████████████████████████████████████████████████████████████████████████████| 186/186 [00:18<00:00, 10.18it/s]
{'epoch': 83, 'rec_avg_loss': '0.4077', 'joint_avg_loss': '0.4077', 'cl_avg_loss': '0.0000', 'itemcl_loss': '0.0000', 'cl_pair_0_loss': '0.0000'}
Recommendation EP_test:83: 100%|| 35/35 [00:08<00:00,  4.20it/s]
{'Epoch': 83, 'name': 'high_freq', 'HIT@5': '0.0366', 'NDCG@5': '0.0232', 'HIT@10': '0.0570', 'NDCG@10': '0.0298', 'HIT@20': '0.0876', 'NDCG@20': '0.0374'}
{'Epoch': 83, 'name': 'mid_freq', 'HIT@5': '0.0065', 'NDCG@5': '0.0043', 'HIT@10': '0.0105', 'NDCG@10': '0.0055', 'HIT@20': '0.0159', 'NDCG@20': '0.0069'}
{'Epoch': 83, 'name': 'low_freq', 'HIT@5': '0.0068', 'NDCG@5': '0.0050', 'HIT@10': '0.0081', 'NDCG@10': '0.0055', 'HIT@20': '0.0109', 'NDCG@20': '0.0061'}
{'Epoch': 83, 'name': 'all', 'HIT@5': '0.0270', 'NDCG@5': '0.0172', 'HIT@10': '0.0419', 'NDCG@10': '0.0220', 'HIT@20': '0.0640', 'NDCG@20': '0.0276'}
EarlyStopping counter: 24 out of 40
rec dataset length: 186
100%|███████████████████████████████████████████████████████████████████████████████████████████████████████████████████████████████████████████████████████████| 186/186 [00:18<00:00, 10.17it/s]
{'epoch': 84, 'rec_avg_loss': '0.4047', 'joint_avg_loss': '0.4047', 'cl_avg_loss': '0.0000', 'itemcl_loss': '0.0000', 'cl_pair_0_loss': '0.0000'}
Recommendation EP_test:84: 100%|| 35/35 [00:08<00:00,  4.11it/s]
{'Epoch': 84, 'name': 'high_freq', 'HIT@5': '0.0359', 'NDCG@5': '0.0229', 'HIT@10': '0.0578', 'NDCG@10': '0.0299', 'HIT@20': '0.0873', 'NDCG@20': '0.0373'}
{'Epoch': 84, 'name': 'mid_freq', 'HIT@5': '0.0078', 'NDCG@5': '0.0052', 'HIT@10': '0.0109', 'NDCG@10': '0.0062', 'HIT@20': '0.0162', 'NDCG@20': '0.0075'}
{'Epoch': 84, 'name': 'low_freq', 'HIT@5': '0.0063', 'NDCG@5': '0.0047', 'HIT@10': '0.0084', 'NDCG@10': '0.0053', 'HIT@20': '0.0109', 'NDCG@20': '0.0059'}
{'Epoch': 84, 'name': 'all', 'HIT@5': '0.0267', 'NDCG@5': '0.0172', 'HIT@10': '0.0425', 'NDCG@10': '0.0222', 'HIT@20': '0.0639', 'NDCG@20': '0.0276'}
EarlyStopping counter: 25 out of 40
rec dataset length: 186
100%|███████████████████████████████████████████████████████████████████████████████████████████████████████████████████████████████████████████████████████████| 186/186 [00:18<00:00, 10.20it/s]
{'epoch': 85, 'rec_avg_loss': '0.4106', 'joint_avg_loss': '0.4106', 'cl_avg_loss': '0.0000', 'itemcl_loss': '0.0000', 'cl_pair_0_loss': '0.0000'}
Recommendation EP_test:85: 100%|| 35/35 [00:08<00:00,  4.33it/s]
{'Epoch': 85, 'name': 'high_freq', 'HIT@5': '0.0352', 'NDCG@5': '0.0231', 'HIT@10': '0.0571', 'NDCG@10': '0.0302', 'HIT@20': '0.0878', 'NDCG@20': '0.0379'}
{'Epoch': 85, 'name': 'mid_freq', 'HIT@5': '0.0075', 'NDCG@5': '0.0050', 'HIT@10': '0.0105', 'NDCG@10': '0.0060', 'HIT@20': '0.0155', 'NDCG@20': '0.0073'}
{'Epoch': 85, 'name': 'low_freq', 'HIT@5': '0.0061', 'NDCG@5': '0.0042', 'HIT@10': '0.0088', 'NDCG@10': '0.0051', 'HIT@20': '0.0102', 'NDCG@20': '0.0054'}
{'Epoch': 85, 'name': 'all', 'HIT@5': '0.0262', 'NDCG@5': '0.0172', 'HIT@10': '0.0420', 'NDCG@10': '0.0223', 'HIT@20': '0.0640', 'NDCG@20': '0.0279'}
Validation score increased.  Saving model ...
rec dataset length: 186
100%|███████████████████████████████████████████████████████████████████████████████████████████████████████████████████████████████████████████████████████████| 186/186 [00:18<00:00, 10.15it/s]
{'epoch': 86, 'rec_avg_loss': '0.4104', 'joint_avg_loss': '0.4104', 'cl_avg_loss': '0.0000', 'itemcl_loss': '0.0000', 'cl_pair_0_loss': '0.0000'}
Recommendation EP_test:86: 100%|| 35/35 [00:08<00:00,  4.36it/s]
{'Epoch': 86, 'name': 'high_freq', 'HIT@5': '0.0360', 'NDCG@5': '0.0228', 'HIT@10': '0.0575', 'NDCG@10': '0.0297', 'HIT@20': '0.0878', 'NDCG@20': '0.0373'}
{'Epoch': 86, 'name': 'mid_freq', 'HIT@5': '0.0069', 'NDCG@5': '0.0046', 'HIT@10': '0.0108', 'NDCG@10': '0.0059', 'HIT@20': '0.0159', 'NDCG@20': '0.0072'}
{'Epoch': 86, 'name': 'low_freq', 'HIT@5': '0.0077', 'NDCG@5': '0.0050', 'HIT@10': '0.0093', 'NDCG@10': '0.0055', 'HIT@20': '0.0104', 'NDCG@20': '0.0058'}
{'Epoch': 86, 'name': 'all', 'HIT@5': '0.0268', 'NDCG@5': '0.0170', 'HIT@10': '0.0424', 'NDCG@10': '0.0220', 'HIT@20': '0.0642', 'NDCG@20': '0.0275'}
EarlyStopping counter: 1 out of 40
rec dataset length: 186
100%|███████████████████████████████████████████████████████████████████████████████████████████████████████████████████████████████████████████████████████████| 186/186 [00:18<00:00, 10.05it/s]
{'epoch': 87, 'rec_avg_loss': '0.4076', 'joint_avg_loss': '0.4076', 'cl_avg_loss': '0.0000', 'itemcl_loss': '0.0000', 'cl_pair_0_loss': '0.0000'}
Recommendation EP_test:87: 100%|| 35/35 [00:08<00:00,  4.28it/s]
{'Epoch': 87, 'name': 'high_freq', 'HIT@5': '0.0348', 'NDCG@5': '0.0226', 'HIT@10': '0.0566', 'NDCG@10': '0.0296', 'HIT@20': '0.0879', 'NDCG@20': '0.0375'}
{'Epoch': 87, 'name': 'mid_freq', 'HIT@5': '0.0076', 'NDCG@5': '0.0050', 'HIT@10': '0.0119', 'NDCG@10': '0.0063', 'HIT@20': '0.0158', 'NDCG@20': '0.0073'}
{'Epoch': 87, 'name': 'low_freq', 'HIT@5': '0.0070', 'NDCG@5': '0.0049', 'HIT@10': '0.0088', 'NDCG@10': '0.0055', 'HIT@20': '0.0111', 'NDCG@20': '0.0060'}
{'Epoch': 87, 'name': 'all', 'HIT@5': '0.0260', 'NDCG@5': '0.0170', 'HIT@10': '0.0419', 'NDCG@10': '0.0221', 'HIT@20': '0.0642', 'NDCG@20': '0.0277'}
EarlyStopping counter: 2 out of 40
rec dataset length: 186
100%|███████████████████████████████████████████████████████████████████████████████████████████████████████████████████████████████████████████████████████████| 186/186 [00:18<00:00, 10.19it/s]
{'epoch': 88, 'rec_avg_loss': '0.4034', 'joint_avg_loss': '0.4034', 'cl_avg_loss': '0.0000', 'itemcl_loss': '0.0000', 'cl_pair_0_loss': '0.0000'}
Recommendation EP_test:88: 100%|| 35/35 [00:08<00:00,  4.05it/s]
{'Epoch': 88, 'name': 'high_freq', 'HIT@5': '0.0351', 'NDCG@5': '0.0226', 'HIT@10': '0.0569', 'NDCG@10': '0.0296', 'HIT@20': '0.0868', 'NDCG@20': '0.0371'}
{'Epoch': 88, 'name': 'mid_freq', 'HIT@5': '0.0068', 'NDCG@5': '0.0046', 'HIT@10': '0.0115', 'NDCG@10': '0.0061', 'HIT@20': '0.0169', 'NDCG@20': '0.0075'}
{'Epoch': 88, 'name': 'low_freq', 'HIT@5': '0.0070', 'NDCG@5': '0.0048', 'HIT@10': '0.0093', 'NDCG@10': '0.0055', 'HIT@20': '0.0115', 'NDCG@20': '0.0060'}
{'Epoch': 88, 'name': 'all', 'HIT@5': '0.0261', 'NDCG@5': '0.0168', 'HIT@10': '0.0421', 'NDCG@10': '0.0220', 'HIT@20': '0.0638', 'NDCG@20': '0.0274'}
EarlyStopping counter: 3 out of 40
rec dataset length: 186
100%|███████████████████████████████████████████████████████████████████████████████████████████████████████████████████████████████████████████████████████████| 186/186 [00:18<00:00, 10.14it/s]
{'epoch': 89, 'rec_avg_loss': '0.4073', 'joint_avg_loss': '0.4073', 'cl_avg_loss': '0.0000', 'itemcl_loss': '0.0000', 'cl_pair_0_loss': '0.0000'}
Recommendation EP_test:89: 100%|| 35/35 [00:08<00:00,  4.17it/s]
{'Epoch': 89, 'name': 'high_freq', 'HIT@5': '0.0349', 'NDCG@5': '0.0225', 'HIT@10': '0.0569', 'NDCG@10': '0.0297', 'HIT@20': '0.0855', 'NDCG@20': '0.0368'}
{'Epoch': 89, 'name': 'mid_freq', 'HIT@5': '0.0076', 'NDCG@5': '0.0050', 'HIT@10': '0.0113', 'NDCG@10': '0.0062', 'HIT@20': '0.0154', 'NDCG@20': '0.0072'}
{'Epoch': 89, 'name': 'low_freq', 'HIT@5': '0.0068', 'NDCG@5': '0.0048', 'HIT@10': '0.0081', 'NDCG@10': '0.0052', 'HIT@20': '0.0111', 'NDCG@20': '0.0060'}
{'Epoch': 89, 'name': 'all', 'HIT@5': '0.0260', 'NDCG@5': '0.0169', 'HIT@10': '0.0419', 'NDCG@10': '0.0220', 'HIT@20': '0.0626', 'NDCG@20': '0.0272'}
EarlyStopping counter: 4 out of 40
rec dataset length: 186
100%|███████████████████████████████████████████████████████████████████████████████████████████████████████████████████████████████████████████████████████████| 186/186 [00:18<00:00, 10.11it/s]
{'epoch': 90, 'rec_avg_loss': '0.4023', 'joint_avg_loss': '0.4023', 'cl_avg_loss': '0.0000', 'itemcl_loss': '0.0000', 'cl_pair_0_loss': '0.0000'}
Recommendation EP_test:90: 100%|| 35/35 [00:08<00:00,  4.18it/s]
{'Epoch': 90, 'name': 'high_freq', 'HIT@5': '0.0350', 'NDCG@5': '0.0222', 'HIT@10': '0.0562', 'NDCG@10': '0.0291', 'HIT@20': '0.0846', 'NDCG@20': '0.0362'}
{'Epoch': 90, 'name': 'mid_freq', 'HIT@5': '0.0080', 'NDCG@5': '0.0050', 'HIT@10': '0.0121', 'NDCG@10': '0.0063', 'HIT@20': '0.0165', 'NDCG@20': '0.0074'}
{'Epoch': 90, 'name': 'low_freq', 'HIT@5': '0.0066', 'NDCG@5': '0.0045', 'HIT@10': '0.0091', 'NDCG@10': '0.0053', 'HIT@20': '0.0109', 'NDCG@20': '0.0057'}
{'Epoch': 90, 'name': 'all', 'HIT@5': '0.0262', 'NDCG@5': '0.0166', 'HIT@10': '0.0417', 'NDCG@10': '0.0216', 'HIT@20': '0.0621', 'NDCG@20': '0.0268'}
EarlyStopping counter: 5 out of 40
rec dataset length: 186
100%|███████████████████████████████████████████████████████████████████████████████████████████████████████████████████████████████████████████████████████████| 186/186 [00:18<00:00, 10.10it/s]
{'epoch': 91, 'rec_avg_loss': '0.4056', 'joint_avg_loss': '0.4056', 'cl_avg_loss': '0.0000', 'itemcl_loss': '0.0000', 'cl_pair_0_loss': '0.0000'}
Recommendation EP_test:91: 100%|| 35/35 [00:08<00:00,  4.09it/s]
{'Epoch': 91, 'name': 'high_freq', 'HIT@5': '0.0344', 'NDCG@5': '0.0226', 'HIT@10': '0.0557', 'NDCG@10': '0.0295', 'HIT@20': '0.0857', 'NDCG@20': '0.0370'}
{'Epoch': 91, 'name': 'mid_freq', 'HIT@5': '0.0076', 'NDCG@5': '0.0051', 'HIT@10': '0.0106', 'NDCG@10': '0.0061', 'HIT@20': '0.0167', 'NDCG@20': '0.0076'}
{'Epoch': 91, 'name': 'low_freq', 'HIT@5': '0.0072', 'NDCG@5': '0.0046', 'HIT@10': '0.0081', 'NDCG@10': '0.0049', 'HIT@20': '0.0120', 'NDCG@20': '0.0059'}
{'Epoch': 91, 'name': 'all', 'HIT@5': '0.0258', 'NDCG@5': '0.0170', 'HIT@10': '0.0410', 'NDCG@10': '0.0218', 'HIT@20': '0.0631', 'NDCG@20': '0.0274'}
EarlyStopping counter: 6 out of 40
rec dataset length: 186
100%|███████████████████████████████████████████████████████████████████████████████████████████████████████████████████████████████████████████████████████████| 186/186 [00:18<00:00, 10.12it/s]
{'epoch': 92, 'rec_avg_loss': '0.4059', 'joint_avg_loss': '0.4059', 'cl_avg_loss': '0.0000', 'itemcl_loss': '0.0000', 'cl_pair_0_loss': '0.0000'}
Recommendation EP_test:92: 100%|| 35/35 [00:08<00:00,  4.12it/s]
{'Epoch': 92, 'name': 'high_freq', 'HIT@5': '0.0357', 'NDCG@5': '0.0235', 'HIT@10': '0.0576', 'NDCG@10': '0.0305', 'HIT@20': '0.0887', 'NDCG@20': '0.0383'}
{'Epoch': 92, 'name': 'mid_freq', 'HIT@5': '0.0073', 'NDCG@5': '0.0046', 'HIT@10': '0.0096', 'NDCG@10': '0.0053', 'HIT@20': '0.0165', 'NDCG@20': '0.0070'}
{'Epoch': 92, 'name': 'low_freq', 'HIT@5': '0.0072', 'NDCG@5': '0.0046', 'HIT@10': '0.0097', 'NDCG@10': '0.0054', 'HIT@20': '0.0120', 'NDCG@20': '0.0060'}
{'Epoch': 92, 'name': 'all', 'HIT@5': '0.0266', 'NDCG@5': '0.0175', 'HIT@10': '0.0423', 'NDCG@10': '0.0225', 'HIT@20': '0.0651', 'NDCG@20': '0.0282'}
Validation score increased.  Saving model ...
rec dataset length: 186
100%|███████████████████████████████████████████████████████████████████████████████████████████████████████████████████████████████████████████████████████████| 186/186 [00:18<00:00, 10.13it/s]
{'epoch': 93, 'rec_avg_loss': '0.4002', 'joint_avg_loss': '0.4002', 'cl_avg_loss': '0.0000', 'itemcl_loss': '0.0000', 'cl_pair_0_loss': '0.0000'}
Recommendation EP_test:93: 100%|| 35/35 [00:08<00:00,  4.14it/s]
{'Epoch': 93, 'name': 'high_freq', 'HIT@5': '0.0368', 'NDCG@5': '0.0236', 'HIT@10': '0.0568', 'NDCG@10': '0.0301', 'HIT@20': '0.0877', 'NDCG@20': '0.0378'}
{'Epoch': 93, 'name': 'mid_freq', 'HIT@5': '0.0072', 'NDCG@5': '0.0047', 'HIT@10': '0.0105', 'NDCG@10': '0.0057', 'HIT@20': '0.0159', 'NDCG@20': '0.0071'}
{'Epoch': 93, 'name': 'low_freq', 'HIT@5': '0.0068', 'NDCG@5': '0.0051', 'HIT@10': '0.0086', 'NDCG@10': '0.0057', 'HIT@20': '0.0122', 'NDCG@20': '0.0066'}
{'Epoch': 93, 'name': 'all', 'HIT@5': '0.0272', 'NDCG@5': '0.0176', 'HIT@10': '0.0418', 'NDCG@10': '0.0223', 'HIT@20': '0.0643', 'NDCG@20': '0.0279'}
EarlyStopping counter: 1 out of 40
rec dataset length: 186
100%|███████████████████████████████████████████████████████████████████████████████████████████████████████████████████████████████████████████████████████████| 186/186 [00:18<00:00, 10.16it/s]
{'epoch': 94, 'rec_avg_loss': '0.4017', 'joint_avg_loss': '0.4017', 'cl_avg_loss': '0.0000', 'itemcl_loss': '0.0000', 'cl_pair_0_loss': '0.0000'}
Recommendation EP_test:94: 100%|| 35/35 [00:08<00:00,  4.09it/s]
{'Epoch': 94, 'name': 'high_freq', 'HIT@5': '0.0369', 'NDCG@5': '0.0237', 'HIT@10': '0.0579', 'NDCG@10': '0.0304', 'HIT@20': '0.0884', 'NDCG@20': '0.0381'}
{'Epoch': 94, 'name': 'mid_freq', 'HIT@5': '0.0075', 'NDCG@5': '0.0048', 'HIT@10': '0.0106', 'NDCG@10': '0.0058', 'HIT@20': '0.0141', 'NDCG@20': '0.0067'}
{'Epoch': 94, 'name': 'low_freq', 'HIT@5': '0.0072', 'NDCG@5': '0.0053', 'HIT@10': '0.0091', 'NDCG@10': '0.0059', 'HIT@20': '0.0113', 'NDCG@20': '0.0065'}
{'Epoch': 94, 'name': 'all', 'HIT@5': '0.0274', 'NDCG@5': '0.0177', 'HIT@10': '0.0426', 'NDCG@10': '0.0226', 'HIT@20': '0.0643', 'NDCG@20': '0.0280'}
EarlyStopping counter: 2 out of 40
rec dataset length: 186
100%|███████████████████████████████████████████████████████████████████████████████████████████████████████████████████████████████████████████████████████████| 186/186 [00:18<00:00, 10.12it/s]
{'epoch': 95, 'rec_avg_loss': '0.4019', 'joint_avg_loss': '0.4019', 'cl_avg_loss': '0.0000', 'itemcl_loss': '0.0000', 'cl_pair_0_loss': '0.0000'}
Recommendation EP_test:95: 100%|| 35/35 [00:08<00:00,  4.27it/s]
{'Epoch': 95, 'name': 'high_freq', 'HIT@5': '0.0357', 'NDCG@5': '0.0229', 'HIT@10': '0.0569', 'NDCG@10': '0.0298', 'HIT@20': '0.0878', 'NDCG@20': '0.0375'}
{'Epoch': 95, 'name': 'mid_freq', 'HIT@5': '0.0065', 'NDCG@5': '0.0044', 'HIT@10': '0.0103', 'NDCG@10': '0.0056', 'HIT@20': '0.0157', 'NDCG@20': '0.0069'}
{'Epoch': 95, 'name': 'low_freq', 'HIT@5': '0.0066', 'NDCG@5': '0.0047', 'HIT@10': '0.0088', 'NDCG@10': '0.0054', 'HIT@20': '0.0115', 'NDCG@20': '0.0061'}
{'Epoch': 95, 'name': 'all', 'HIT@5': '0.0263', 'NDCG@5': '0.0170', 'HIT@10': '0.0419', 'NDCG@10': '0.0220', 'HIT@20': '0.0642', 'NDCG@20': '0.0276'}
EarlyStopping counter: 3 out of 40
rec dataset length: 186
100%|███████████████████████████████████████████████████████████████████████████████████████████████████████████████████████████████████████████████████████████| 186/186 [00:18<00:00, 10.10it/s]
{'epoch': 96, 'rec_avg_loss': '0.3983', 'joint_avg_loss': '0.3983', 'cl_avg_loss': '0.0000', 'itemcl_loss': '0.0000', 'cl_pair_0_loss': '0.0000'}
Recommendation EP_test:96: 100%|| 35/35 [00:08<00:00,  4.15it/s]
{'Epoch': 96, 'name': 'high_freq', 'HIT@5': '0.0354', 'NDCG@5': '0.0234', 'HIT@10': '0.0573', 'NDCG@10': '0.0304', 'HIT@20': '0.0868', 'NDCG@20': '0.0379'}
{'Epoch': 96, 'name': 'mid_freq', 'HIT@5': '0.0076', 'NDCG@5': '0.0050', 'HIT@10': '0.0116', 'NDCG@10': '0.0062', 'HIT@20': '0.0158', 'NDCG@20': '0.0073'}
{'Epoch': 96, 'name': 'low_freq', 'HIT@5': '0.0072', 'NDCG@5': '0.0055', 'HIT@10': '0.0091', 'NDCG@10': '0.0061', 'HIT@20': '0.0115', 'NDCG@20': '0.0067'}
{'Epoch': 96, 'name': 'all', 'HIT@5': '0.0265', 'NDCG@5': '0.0176', 'HIT@10': '0.0424', 'NDCG@10': '0.0227', 'HIT@20': '0.0636', 'NDCG@20': '0.0280'}
EarlyStopping counter: 4 out of 40
rec dataset length: 186
100%|███████████████████████████████████████████████████████████████████████████████████████████████████████████████████████████████████████████████████████████| 186/186 [00:18<00:00, 10.10it/s]
{'epoch': 97, 'rec_avg_loss': '0.3995', 'joint_avg_loss': '0.3995', 'cl_avg_loss': '0.0000', 'itemcl_loss': '0.0000', 'cl_pair_0_loss': '0.0000'}
Recommendation EP_test:97: 100%|| 35/35 [00:08<00:00,  4.17it/s]
{'Epoch': 97, 'name': 'high_freq', 'HIT@5': '0.0365', 'NDCG@5': '0.0238', 'HIT@10': '0.0588', 'NDCG@10': '0.0309', 'HIT@20': '0.0893', 'NDCG@20': '0.0385'}
{'Epoch': 97, 'name': 'mid_freq', 'HIT@5': '0.0078', 'NDCG@5': '0.0049', 'HIT@10': '0.0118', 'NDCG@10': '0.0062', 'HIT@20': '0.0165', 'NDCG@20': '0.0074'}
{'Epoch': 97, 'name': 'low_freq', 'HIT@5': '0.0063', 'NDCG@5': '0.0050', 'HIT@10': '0.0088', 'NDCG@10': '0.0058', 'HIT@20': '0.0118', 'NDCG@20': '0.0065'}
{'Epoch': 97, 'name': 'all', 'HIT@5': '0.0271', 'NDCG@5': '0.0177', 'HIT@10': '0.0434', 'NDCG@10': '0.0229', 'HIT@20': '0.0654', 'NDCG@20': '0.0285'}
Validation score increased.  Saving model ...
rec dataset length: 186
100%|███████████████████████████████████████████████████████████████████████████████████████████████████████████████████████████████████████████████████████████| 186/186 [00:18<00:00, 10.07it/s]
{'epoch': 98, 'rec_avg_loss': '0.3993', 'joint_avg_loss': '0.3993', 'cl_avg_loss': '0.0000', 'itemcl_loss': '0.0000', 'cl_pair_0_loss': '0.0000'}
Recommendation EP_test:98: 100%|| 35/35 [00:08<00:00,  4.18it/s]
{'Epoch': 98, 'name': 'high_freq', 'HIT@5': '0.0374', 'NDCG@5': '0.0241', 'HIT@10': '0.0580', 'NDCG@10': '0.0307', 'HIT@20': '0.0892', 'NDCG@20': '0.0385'}
{'Epoch': 98, 'name': 'mid_freq', 'HIT@5': '0.0072', 'NDCG@5': '0.0046', 'HIT@10': '0.0103', 'NDCG@10': '0.0056', 'HIT@20': '0.0171', 'NDCG@20': '0.0073'}
{'Epoch': 98, 'name': 'low_freq', 'HIT@5': '0.0066', 'NDCG@5': '0.0052', 'HIT@10': '0.0091', 'NDCG@10': '0.0060', 'HIT@20': '0.0115', 'NDCG@20': '0.0067'}
{'Epoch': 98, 'name': 'all', 'HIT@5': '0.0276', 'NDCG@5': '0.0179', 'HIT@10': '0.0426', 'NDCG@10': '0.0228', 'HIT@20': '0.0654', 'NDCG@20': '0.0285'}
Validation score increased.  Saving model ...
rec dataset length: 186
100%|███████████████████████████████████████████████████████████████████████████████████████████████████████████████████████████████████████████████████████████| 186/186 [00:18<00:00, 10.14it/s]
{'epoch': 99, 'rec_avg_loss': '0.3973', 'joint_avg_loss': '0.3973', 'cl_avg_loss': '0.0000', 'itemcl_loss': '0.0000', 'cl_pair_0_loss': '0.0000'}
Recommendation EP_test:99: 100%|| 35/35 [00:08<00:00,  4.24it/s]
{'Epoch': 99, 'name': 'high_freq', 'HIT@5': '0.0371', 'NDCG@5': '0.0241', 'HIT@10': '0.0591', 'NDCG@10': '0.0311', 'HIT@20': '0.0894', 'NDCG@20': '0.0387'}
{'Epoch': 99, 'name': 'mid_freq', 'HIT@5': '0.0079', 'NDCG@5': '0.0051', 'HIT@10': '0.0108', 'NDCG@10': '0.0060', 'HIT@20': '0.0158', 'NDCG@20': '0.0073'}
{'Epoch': 99, 'name': 'low_freq', 'HIT@5': '0.0072', 'NDCG@5': '0.0054', 'HIT@10': '0.0091', 'NDCG@10': '0.0060', 'HIT@20': '0.0127', 'NDCG@20': '0.0069'}
{'Epoch': 99, 'name': 'all', 'HIT@5': '0.0277', 'NDCG@5': '0.0180', 'HIT@10': '0.0435', 'NDCG@10': '0.0231', 'HIT@20': '0.0655', 'NDCG@20': '0.0286'}
Validation score increased.  Saving model ...
rec dataset length: 186
100%|███████████████████████████████████████████████████████████████████████████████████████████████████████████████████████████████████████████████████████████| 186/186 [00:18<00:00, 10.13it/s]
{'epoch': 100, 'rec_avg_loss': '0.3978', 'joint_avg_loss': '0.3978', 'cl_avg_loss': '0.0000', 'itemcl_loss': '0.0000', 'cl_pair_0_loss': '0.0000'}
Recommendation EP_test:100: 100%|| 35/35 [00:08<00:00,  4.17it/s]
{'Epoch': 100, 'name': 'high_freq', 'HIT@5': '0.0356', 'NDCG@5': '0.0233', 'HIT@10': '0.0561', 'NDCG@10': '0.0299', 'HIT@20': '0.0860', 'NDCG@20': '0.0374'}
{'Epoch': 100, 'name': 'mid_freq', 'HIT@5': '0.0076', 'NDCG@5': '0.0052', 'HIT@10': '0.0108', 'NDCG@10': '0.0062', 'HIT@20': '0.0158', 'NDCG@20': '0.0075'}
{'Epoch': 100, 'name': 'low_freq', 'HIT@5': '0.0072', 'NDCG@5': '0.0051', 'HIT@10': '0.0097', 'NDCG@10': '0.0059', 'HIT@20': '0.0127', 'NDCG@20': '0.0066'}
{'Epoch': 100, 'name': 'all', 'HIT@5': '0.0266', 'NDCG@5': '0.0175', 'HIT@10': '0.0415', 'NDCG@10': '0.0223', 'HIT@20': '0.0631', 'NDCG@20': '0.0277'}
EarlyStopping counter: 1 out of 40
rec dataset length: 186
100%|███████████████████████████████████████████████████████████████████████████████████████████████████████████████████████████████████████████████████████████| 186/186 [00:18<00:00, 10.19it/s]
{'epoch': 101, 'rec_avg_loss': '0.3960', 'joint_avg_loss': '0.3960', 'cl_avg_loss': '0.0000', 'itemcl_loss': '0.0000', 'cl_pair_0_loss': '0.0000'}
Recommendation EP_test:101: 100%|| 35/35 [00:08<00:00,  4.21it/s]
{'Epoch': 101, 'name': 'high_freq', 'HIT@5': '0.0367', 'NDCG@5': '0.0237', 'HIT@10': '0.0566', 'NDCG@10': '0.0301', 'HIT@20': '0.0864', 'NDCG@20': '0.0376'}
{'Epoch': 101, 'name': 'mid_freq', 'HIT@5': '0.0079', 'NDCG@5': '0.0051', 'HIT@10': '0.0108', 'NDCG@10': '0.0061', 'HIT@20': '0.0168', 'NDCG@20': '0.0075'}
{'Epoch': 101, 'name': 'low_freq', 'HIT@5': '0.0072', 'NDCG@5': '0.0052', 'HIT@10': '0.0091', 'NDCG@10': '0.0058', 'HIT@20': '0.0113', 'NDCG@20': '0.0064'}
{'Epoch': 101, 'name': 'all', 'HIT@5': '0.0274', 'NDCG@5': '0.0178', 'HIT@10': '0.0417', 'NDCG@10': '0.0224', 'HIT@20': '0.0635', 'NDCG@20': '0.0278'}
EarlyStopping counter: 2 out of 40
rec dataset length: 186
100%|███████████████████████████████████████████████████████████████████████████████████████████████████████████████████████████████████████████████████████████| 186/186 [00:18<00:00, 10.04it/s]
{'epoch': 102, 'rec_avg_loss': '0.3958', 'joint_avg_loss': '0.3958', 'cl_avg_loss': '0.0000', 'itemcl_loss': '0.0000', 'cl_pair_0_loss': '0.0000'}
Recommendation EP_test:102: 100%|| 35/35 [00:08<00:00,  4.21it/s]
{'Epoch': 102, 'name': 'high_freq', 'HIT@5': '0.0364', 'NDCG@5': '0.0234', 'HIT@10': '0.0568', 'NDCG@10': '0.0300', 'HIT@20': '0.0861', 'NDCG@20': '0.0373'}
{'Epoch': 102, 'name': 'mid_freq', 'HIT@5': '0.0073', 'NDCG@5': '0.0046', 'HIT@10': '0.0116', 'NDCG@10': '0.0060', 'HIT@20': '0.0175', 'NDCG@20': '0.0074'}
{'Epoch': 102, 'name': 'low_freq', 'HIT@5': '0.0075', 'NDCG@5': '0.0057', 'HIT@10': '0.0097', 'NDCG@10': '0.0065', 'HIT@20': '0.0120', 'NDCG@20': '0.0070'}
{'Epoch': 102, 'name': 'all', 'HIT@5': '0.0271', 'NDCG@5': '0.0176', 'HIT@10': '0.0421', 'NDCG@10': '0.0224', 'HIT@20': '0.0635', 'NDCG@20': '0.0277'}
EarlyStopping counter: 3 out of 40
rec dataset length: 186
100%|███████████████████████████████████████████████████████████████████████████████████████████████████████████████████████████████████████████████████████████| 186/186 [00:18<00:00, 10.12it/s]
{'epoch': 103, 'rec_avg_loss': '0.3954', 'joint_avg_loss': '0.3954', 'cl_avg_loss': '0.0000', 'itemcl_loss': '0.0000', 'cl_pair_0_loss': '0.0000'}
Recommendation EP_test:103: 100%|| 35/35 [00:08<00:00,  4.16it/s]
{'Epoch': 103, 'name': 'high_freq', 'HIT@5': '0.0363', 'NDCG@5': '0.0236', 'HIT@10': '0.0564', 'NDCG@10': '0.0301', 'HIT@20': '0.0852', 'NDCG@20': '0.0373'}
{'Epoch': 103, 'name': 'mid_freq', 'HIT@5': '0.0075', 'NDCG@5': '0.0048', 'HIT@10': '0.0113', 'NDCG@10': '0.0061', 'HIT@20': '0.0181', 'NDCG@20': '0.0077'}
{'Epoch': 103, 'name': 'low_freq', 'HIT@5': '0.0075', 'NDCG@5': '0.0053', 'HIT@10': '0.0093', 'NDCG@10': '0.0059', 'HIT@20': '0.0104', 'NDCG@20': '0.0062'}
{'Epoch': 103, 'name': 'all', 'HIT@5': '0.0271', 'NDCG@5': '0.0177', 'HIT@10': '0.0418', 'NDCG@10': '0.0224', 'HIT@20': '0.0628', 'NDCG@20': '0.0276'}
EarlyStopping counter: 4 out of 40
rec dataset length: 186
100%|███████████████████████████████████████████████████████████████████████████████████████████████████████████████████████████████████████████████████████████| 186/186 [00:18<00:00, 10.08it/s]
{'epoch': 104, 'rec_avg_loss': '0.3966', 'joint_avg_loss': '0.3966', 'cl_avg_loss': '0.0000', 'itemcl_loss': '0.0000', 'cl_pair_0_loss': '0.0000'}
Recommendation EP_test:104: 100%|| 35/35 [00:08<00:00,  4.25it/s]
{'Epoch': 104, 'name': 'high_freq', 'HIT@5': '0.0374', 'NDCG@5': '0.0245', 'HIT@10': '0.0582', 'NDCG@10': '0.0312', 'HIT@20': '0.0879', 'NDCG@20': '0.0386'}
{'Epoch': 104, 'name': 'mid_freq', 'HIT@5': '0.0073', 'NDCG@5': '0.0050', 'HIT@10': '0.0115', 'NDCG@10': '0.0063', 'HIT@20': '0.0172', 'NDCG@20': '0.0078'}
{'Epoch': 104, 'name': 'low_freq', 'HIT@5': '0.0072', 'NDCG@5': '0.0055', 'HIT@10': '0.0095', 'NDCG@10': '0.0062', 'HIT@20': '0.0129', 'NDCG@20': '0.0070'}
{'Epoch': 104, 'name': 'all', 'HIT@5': '0.0278', 'NDCG@5': '0.0183', 'HIT@10': '0.0430', 'NDCG@10': '0.0232', 'HIT@20': '0.0648', 'NDCG@20': '0.0287'}
Validation score increased.  Saving model ...
rec dataset length: 186
100%|███████████████████████████████████████████████████████████████████████████████████████████████████████████████████████████████████████████████████████████| 186/186 [00:18<00:00, 10.05it/s]
{'epoch': 105, 'rec_avg_loss': '0.3962', 'joint_avg_loss': '0.3962', 'cl_avg_loss': '0.0000', 'itemcl_loss': '0.0000', 'cl_pair_0_loss': '0.0000'}
Recommendation EP_test:105: 100%|| 35/35 [00:08<00:00,  4.10it/s]
{'Epoch': 105, 'name': 'high_freq', 'HIT@5': '0.0367', 'NDCG@5': '0.0234', 'HIT@10': '0.0581', 'NDCG@10': '0.0303', 'HIT@20': '0.0874', 'NDCG@20': '0.0376'}
{'Epoch': 105, 'name': 'mid_freq', 'HIT@5': '0.0085', 'NDCG@5': '0.0053', 'HIT@10': '0.0132', 'NDCG@10': '0.0069', 'HIT@20': '0.0200', 'NDCG@20': '0.0086'}
{'Epoch': 105, 'name': 'low_freq', 'HIT@5': '0.0070', 'NDCG@5': '0.0051', 'HIT@10': '0.0097', 'NDCG@10': '0.0059', 'HIT@20': '0.0134', 'NDCG@20': '0.0068'}
{'Epoch': 105, 'name': 'all', 'HIT@5': '0.0275', 'NDCG@5': '0.0176', 'HIT@10': '0.0433', 'NDCG@10': '0.0227', 'HIT@20': '0.0650', 'NDCG@20': '0.0281'}
EarlyStopping counter: 1 out of 40
rec dataset length: 186
100%|███████████████████████████████████████████████████████████████████████████████████████████████████████████████████████████████████████████████████████████| 186/186 [00:18<00:00, 10.04it/s]
{'epoch': 106, 'rec_avg_loss': '0.3916', 'joint_avg_loss': '0.3916', 'cl_avg_loss': '0.0000', 'itemcl_loss': '0.0000', 'cl_pair_0_loss': '0.0000'}
Recommendation EP_test:106: 100%|| 35/35 [00:08<00:00,  4.07it/s]
{'Epoch': 106, 'name': 'high_freq', 'HIT@5': '0.0366', 'NDCG@5': '0.0235', 'HIT@10': '0.0567', 'NDCG@10': '0.0300', 'HIT@20': '0.0852', 'NDCG@20': '0.0371'}
{'Epoch': 106, 'name': 'mid_freq', 'HIT@5': '0.0086', 'NDCG@5': '0.0056', 'HIT@10': '0.0132', 'NDCG@10': '0.0071', 'HIT@20': '0.0185', 'NDCG@20': '0.0085'}
{'Epoch': 106, 'name': 'low_freq', 'HIT@5': '0.0068', 'NDCG@5': '0.0050', 'HIT@10': '0.0093', 'NDCG@10': '0.0058', 'HIT@20': '0.0134', 'NDCG@20': '0.0068'}
{'Epoch': 106, 'name': 'all', 'HIT@5': '0.0274', 'NDCG@5': '0.0177', 'HIT@10': '0.0423', 'NDCG@10': '0.0225', 'HIT@20': '0.0632', 'NDCG@20': '0.0277'}
EarlyStopping counter: 2 out of 40
rec dataset length: 186
100%|███████████████████████████████████████████████████████████████████████████████████████████████████████████████████████████████████████████████████████████| 186/186 [00:18<00:00, 10.11it/s]
{'epoch': 107, 'rec_avg_loss': '0.3956', 'joint_avg_loss': '0.3956', 'cl_avg_loss': '0.0000', 'itemcl_loss': '0.0000', 'cl_pair_0_loss': '0.0000'}
Recommendation EP_test:107: 100%|| 35/35 [00:08<00:00,  4.10it/s]
{'Epoch': 107, 'name': 'high_freq', 'HIT@5': '0.0355', 'NDCG@5': '0.0232', 'HIT@10': '0.0563', 'NDCG@10': '0.0299', 'HIT@20': '0.0864', 'NDCG@20': '0.0374'}
{'Epoch': 107, 'name': 'mid_freq', 'HIT@5': '0.0092', 'NDCG@5': '0.0061', 'HIT@10': '0.0132', 'NDCG@10': '0.0074', 'HIT@20': '0.0190', 'NDCG@20': '0.0088'}
{'Epoch': 107, 'name': 'low_freq', 'HIT@5': '0.0070', 'NDCG@5': '0.0051', 'HIT@10': '0.0097', 'NDCG@10': '0.0060', 'HIT@20': '0.0120', 'NDCG@20': '0.0065'}
{'Epoch': 107, 'name': 'all', 'HIT@5': '0.0268', 'NDCG@5': '0.0176', 'HIT@10': '0.0421', 'NDCG@10': '0.0225', 'HIT@20': '0.0640', 'NDCG@20': '0.0280'}
EarlyStopping counter: 3 out of 40
rec dataset length: 186
100%|███████████████████████████████████████████████████████████████████████████████████████████████████████████████████████████████████████████████████████████| 186/186 [00:18<00:00, 10.13it/s]
{'epoch': 108, 'rec_avg_loss': '0.3932', 'joint_avg_loss': '0.3932', 'cl_avg_loss': '0.0000', 'itemcl_loss': '0.0000', 'cl_pair_0_loss': '0.0000'}
Recommendation EP_test:108: 100%|| 35/35 [00:08<00:00,  4.29it/s]
{'Epoch': 108, 'name': 'high_freq', 'HIT@5': '0.0372', 'NDCG@5': '0.0243', 'HIT@10': '0.0568', 'NDCG@10': '0.0305', 'HIT@20': '0.0863', 'NDCG@20': '0.0379'}
{'Epoch': 108, 'name': 'mid_freq', 'HIT@5': '0.0088', 'NDCG@5': '0.0060', 'HIT@10': '0.0119', 'NDCG@10': '0.0070', 'HIT@20': '0.0172', 'NDCG@20': '0.0084'}
{'Epoch': 108, 'name': 'low_freq', 'HIT@5': '0.0079', 'NDCG@5': '0.0055', 'HIT@10': '0.0093', 'NDCG@10': '0.0059', 'HIT@20': '0.0127', 'NDCG@20': '0.0067'}
{'Epoch': 108, 'name': 'all', 'HIT@5': '0.0280', 'NDCG@5': '0.0184', 'HIT@10': '0.0421', 'NDCG@10': '0.0229', 'HIT@20': '0.0637', 'NDCG@20': '0.0283'}
EarlyStopping counter: 4 out of 40
rec dataset length: 186
100%|███████████████████████████████████████████████████████████████████████████████████████████████████████████████████████████████████████████████████████████| 186/186 [00:18<00:00, 10.11it/s]
{'epoch': 109, 'rec_avg_loss': '0.3918', 'joint_avg_loss': '0.3918', 'cl_avg_loss': '0.0000', 'itemcl_loss': '0.0000', 'cl_pair_0_loss': '0.0000'}
Recommendation EP_test:109: 100%|| 35/35 [00:08<00:00,  4.21it/s]
{'Epoch': 109, 'name': 'high_freq', 'HIT@5': '0.0360', 'NDCG@5': '0.0230', 'HIT@10': '0.0558', 'NDCG@10': '0.0294', 'HIT@20': '0.0843', 'NDCG@20': '0.0366'}
{'Epoch': 109, 'name': 'mid_freq', 'HIT@5': '0.0083', 'NDCG@5': '0.0053', 'HIT@10': '0.0134', 'NDCG@10': '0.0070', 'HIT@20': '0.0187', 'NDCG@20': '0.0083'}
{'Epoch': 109, 'name': 'low_freq', 'HIT@5': '0.0077', 'NDCG@5': '0.0057', 'HIT@10': '0.0088', 'NDCG@10': '0.0060', 'HIT@20': '0.0120', 'NDCG@20': '0.0068'}
{'Epoch': 109, 'name': 'all', 'HIT@5': '0.0271', 'NDCG@5': '0.0174', 'HIT@10': '0.0417', 'NDCG@10': '0.0221', 'HIT@20': '0.0625', 'NDCG@20': '0.0273'}
EarlyStopping counter: 5 out of 40
rec dataset length: 186
100%|███████████████████████████████████████████████████████████████████████████████████████████████████████████████████████████████████████████████████████████| 186/186 [00:18<00:00, 10.14it/s]
{'epoch': 110, 'rec_avg_loss': '0.3890', 'joint_avg_loss': '0.3890', 'cl_avg_loss': '0.0000', 'itemcl_loss': '0.0000', 'cl_pair_0_loss': '0.0000'}
Recommendation EP_test:110: 100%|| 35/35 [00:08<00:00,  4.22it/s]
{'Epoch': 110, 'name': 'high_freq', 'HIT@5': '0.0355', 'NDCG@5': '0.0226', 'HIT@10': '0.0553', 'NDCG@10': '0.0290', 'HIT@20': '0.0855', 'NDCG@20': '0.0366'}
{'Epoch': 110, 'name': 'mid_freq', 'HIT@5': '0.0082', 'NDCG@5': '0.0055', 'HIT@10': '0.0125', 'NDCG@10': '0.0069', 'HIT@20': '0.0180', 'NDCG@20': '0.0082'}
{'Epoch': 110, 'name': 'low_freq', 'HIT@5': '0.0081', 'NDCG@5': '0.0061', 'HIT@10': '0.0102', 'NDCG@10': '0.0067', 'HIT@20': '0.0127', 'NDCG@20': '0.0073'}
{'Epoch': 110, 'name': 'all', 'HIT@5': '0.0267', 'NDCG@5': '0.0172', 'HIT@10': '0.0413', 'NDCG@10': '0.0219', 'HIT@20': '0.0633', 'NDCG@20': '0.0274'}
EarlyStopping counter: 6 out of 40
rec dataset length: 186
100%|███████████████████████████████████████████████████████████████████████████████████████████████████████████████████████████████████████████████████████████| 186/186 [00:18<00:00, 10.12it/s]
{'epoch': 111, 'rec_avg_loss': '0.3897', 'joint_avg_loss': '0.3897', 'cl_avg_loss': '0.0000', 'itemcl_loss': '0.0000', 'cl_pair_0_loss': '0.0000'}
Recommendation EP_test:111: 100%|| 35/35 [00:08<00:00,  4.10it/s]
{'Epoch': 111, 'name': 'high_freq', 'HIT@5': '0.0360', 'NDCG@5': '0.0231', 'HIT@10': '0.0569', 'NDCG@10': '0.0298', 'HIT@20': '0.0847', 'NDCG@20': '0.0368'}
{'Epoch': 111, 'name': 'mid_freq', 'HIT@5': '0.0090', 'NDCG@5': '0.0056', 'HIT@10': '0.0125', 'NDCG@10': '0.0067', 'HIT@20': '0.0181', 'NDCG@20': '0.0081'}
{'Epoch': 111, 'name': 'low_freq', 'HIT@5': '0.0077', 'NDCG@5': '0.0056', 'HIT@10': '0.0102', 'NDCG@10': '0.0064', 'HIT@20': '0.0127', 'NDCG@20': '0.0071'}
{'Epoch': 111, 'name': 'all', 'HIT@5': '0.0272', 'NDCG@5': '0.0175', 'HIT@10': '0.0424', 'NDCG@10': '0.0224', 'HIT@20': '0.0628', 'NDCG@20': '0.0275'}
EarlyStopping counter: 7 out of 40
rec dataset length: 186
100%|███████████████████████████████████████████████████████████████████████████████████████████████████████████████████████████████████████████████████████████| 186/186 [00:18<00:00, 10.08it/s]
{'epoch': 112, 'rec_avg_loss': '0.3927', 'joint_avg_loss': '0.3927', 'cl_avg_loss': '0.0000', 'itemcl_loss': '0.0000', 'cl_pair_0_loss': '0.0000'}
Recommendation EP_test:112: 100%|| 35/35 [00:08<00:00,  4.09it/s]
{'Epoch': 112, 'name': 'high_freq', 'HIT@5': '0.0373', 'NDCG@5': '0.0240', 'HIT@10': '0.0577', 'NDCG@10': '0.0305', 'HIT@20': '0.0876', 'NDCG@20': '0.0380'}
{'Epoch': 112, 'name': 'mid_freq', 'HIT@5': '0.0080', 'NDCG@5': '0.0055', 'HIT@10': '0.0118', 'NDCG@10': '0.0068', 'HIT@20': '0.0167', 'NDCG@20': '0.0080'}
{'Epoch': 112, 'name': 'low_freq', 'HIT@5': '0.0077', 'NDCG@5': '0.0055', 'HIT@10': '0.0093', 'NDCG@10': '0.0060', 'HIT@20': '0.0122', 'NDCG@20': '0.0068'}
{'Epoch': 112, 'name': 'all', 'HIT@5': '0.0279', 'NDCG@5': '0.0181', 'HIT@10': '0.0427', 'NDCG@10': '0.0228', 'HIT@20': '0.0644', 'NDCG@20': '0.0283'}
EarlyStopping counter: 8 out of 40
rec dataset length: 186
100%|███████████████████████████████████████████████████████████████████████████████████████████████████████████████████████████████████████████████████████████| 186/186 [00:18<00:00, 10.21it/s]
{'epoch': 113, 'rec_avg_loss': '0.3891', 'joint_avg_loss': '0.3891', 'cl_avg_loss': '0.0000', 'itemcl_loss': '0.0000', 'cl_pair_0_loss': '0.0000'}
Recommendation EP_test:113: 100%|| 35/35 [00:08<00:00,  4.03it/s]
{'Epoch': 113, 'name': 'high_freq', 'HIT@5': '0.0351', 'NDCG@5': '0.0227', 'HIT@10': '0.0572', 'NDCG@10': '0.0298', 'HIT@20': '0.0875', 'NDCG@20': '0.0374'}
{'Epoch': 113, 'name': 'mid_freq', 'HIT@5': '0.0085', 'NDCG@5': '0.0057', 'HIT@10': '0.0121', 'NDCG@10': '0.0069', 'HIT@20': '0.0164', 'NDCG@20': '0.0080'}
{'Epoch': 113, 'name': 'low_freq', 'HIT@5': '0.0086', 'NDCG@5': '0.0059', 'HIT@10': '0.0102', 'NDCG@10': '0.0064', 'HIT@20': '0.0127', 'NDCG@20': '0.0070'}
{'Epoch': 113, 'name': 'all', 'HIT@5': '0.0266', 'NDCG@5': '0.0173', 'HIT@10': '0.0425', 'NDCG@10': '0.0224', 'HIT@20': '0.0643', 'NDCG@20': '0.0279'}
EarlyStopping counter: 9 out of 40
rec dataset length: 186
100%|███████████████████████████████████████████████████████████████████████████████████████████████████████████████████████████████████████████████████████████| 186/186 [00:18<00:00, 10.06it/s]
{'epoch': 114, 'rec_avg_loss': '0.3873', 'joint_avg_loss': '0.3873', 'cl_avg_loss': '0.0000', 'itemcl_loss': '0.0000', 'cl_pair_0_loss': '0.0000'}
Recommendation EP_test:114: 100%|| 35/35 [00:08<00:00,  4.15it/s]
{'Epoch': 114, 'name': 'high_freq', 'HIT@5': '0.0372', 'NDCG@5': '0.0241', 'HIT@10': '0.0577', 'NDCG@10': '0.0307', 'HIT@20': '0.0889', 'NDCG@20': '0.0385'}
{'Epoch': 114, 'name': 'mid_freq', 'HIT@5': '0.0092', 'NDCG@5': '0.0061', 'HIT@10': '0.0125', 'NDCG@10': '0.0071', 'HIT@20': '0.0165', 'NDCG@20': '0.0082'}
{'Epoch': 114, 'name': 'low_freq', 'HIT@5': '0.0075', 'NDCG@5': '0.0053', 'HIT@10': '0.0093', 'NDCG@10': '0.0059', 'HIT@20': '0.0124', 'NDCG@20': '0.0067'}
{'Epoch': 114, 'name': 'all', 'HIT@5': '0.0281', 'NDCG@5': '0.0182', 'HIT@10': '0.0428', 'NDCG@10': '0.0230', 'HIT@20': '0.0652', 'NDCG@20': '0.0286'}
EarlyStopping counter: 10 out of 40
rec dataset length: 186
100%|███████████████████████████████████████████████████████████████████████████████████████████████████████████████████████████████████████████████████████████| 186/186 [00:18<00:00, 10.11it/s]
{'epoch': 115, 'rec_avg_loss': '0.3867', 'joint_avg_loss': '0.3867', 'cl_avg_loss': '0.0000', 'itemcl_loss': '0.0000', 'cl_pair_0_loss': '0.0000'}
Recommendation EP_test:115: 100%|| 35/35 [00:08<00:00,  4.07it/s]
{'Epoch': 115, 'name': 'high_freq', 'HIT@5': '0.0363', 'NDCG@5': '0.0238', 'HIT@10': '0.0588', 'NDCG@10': '0.0310', 'HIT@20': '0.0880', 'NDCG@20': '0.0384'}
{'Epoch': 115, 'name': 'mid_freq', 'HIT@5': '0.0085', 'NDCG@5': '0.0054', 'HIT@10': '0.0128', 'NDCG@10': '0.0067', 'HIT@20': '0.0169', 'NDCG@20': '0.0077'}
{'Epoch': 115, 'name': 'low_freq', 'HIT@5': '0.0077', 'NDCG@5': '0.0064', 'HIT@10': '0.0088', 'NDCG@10': '0.0067', 'HIT@20': '0.0120', 'NDCG@20': '0.0075'}
{'Epoch': 115, 'name': 'all', 'HIT@5': '0.0273', 'NDCG@5': '0.0180', 'HIT@10': '0.0436', 'NDCG@10': '0.0233', 'HIT@20': '0.0647', 'NDCG@20': '0.0286'}
EarlyStopping counter: 11 out of 40
rec dataset length: 186
100%|███████████████████████████████████████████████████████████████████████████████████████████████████████████████████████████████████████████████████████████| 186/186 [00:18<00:00, 10.17it/s]
{'epoch': 116, 'rec_avg_loss': '0.3881', 'joint_avg_loss': '0.3881', 'cl_avg_loss': '0.0000', 'itemcl_loss': '0.0000', 'cl_pair_0_loss': '0.0000'}
Recommendation EP_test:116: 100%|| 35/35 [00:08<00:00,  4.07it/s]
{'Epoch': 116, 'name': 'high_freq', 'HIT@5': '0.0363', 'NDCG@5': '0.0233', 'HIT@10': '0.0573', 'NDCG@10': '0.0300', 'HIT@20': '0.0882', 'NDCG@20': '0.0378'}
{'Epoch': 116, 'name': 'mid_freq', 'HIT@5': '0.0086', 'NDCG@5': '0.0054', 'HIT@10': '0.0121', 'NDCG@10': '0.0065', 'HIT@20': '0.0169', 'NDCG@20': '0.0077'}
{'Epoch': 116, 'name': 'low_freq', 'HIT@5': '0.0081', 'NDCG@5': '0.0057', 'HIT@10': '0.0100', 'NDCG@10': '0.0063', 'HIT@20': '0.0129', 'NDCG@20': '0.0070'}
{'Epoch': 116, 'name': 'all', 'HIT@5': '0.0274', 'NDCG@5': '0.0176', 'HIT@10': '0.0426', 'NDCG@10': '0.0225', 'HIT@20': '0.0649', 'NDCG@20': '0.0281'}
EarlyStopping counter: 12 out of 40
rec dataset length: 186
100%|███████████████████████████████████████████████████████████████████████████████████████████████████████████████████████████████████████████████████████████| 186/186 [00:18<00:00, 10.17it/s]
{'epoch': 117, 'rec_avg_loss': '0.3853', 'joint_avg_loss': '0.3853', 'cl_avg_loss': '0.0000', 'itemcl_loss': '0.0000', 'cl_pair_0_loss': '0.0000'}
Recommendation EP_test:117: 100%|| 35/35 [00:08<00:00,  4.09it/s]
{'Epoch': 117, 'name': 'high_freq', 'HIT@5': '0.0359', 'NDCG@5': '0.0233', 'HIT@10': '0.0559', 'NDCG@10': '0.0297', 'HIT@20': '0.0857', 'NDCG@20': '0.0372'}
{'Epoch': 117, 'name': 'mid_freq', 'HIT@5': '0.0079', 'NDCG@5': '0.0052', 'HIT@10': '0.0125', 'NDCG@10': '0.0067', 'HIT@20': '0.0174', 'NDCG@20': '0.0079'}
{'Epoch': 117, 'name': 'low_freq', 'HIT@5': '0.0077', 'NDCG@5': '0.0054', 'HIT@10': '0.0106', 'NDCG@10': '0.0063', 'HIT@20': '0.0129', 'NDCG@20': '0.0069'}
{'Epoch': 117, 'name': 'all', 'HIT@5': '0.0269', 'NDCG@5': '0.0175', 'HIT@10': '0.0418', 'NDCG@10': '0.0223', 'HIT@20': '0.0633', 'NDCG@20': '0.0277'}
EarlyStopping counter: 13 out of 40
rec dataset length: 186
100%|███████████████████████████████████████████████████████████████████████████████████████████████████████████████████████████████████████████████████████████| 186/186 [00:18<00:00, 10.13it/s]
{'epoch': 118, 'rec_avg_loss': '0.3905', 'joint_avg_loss': '0.3905', 'cl_avg_loss': '0.0000', 'itemcl_loss': '0.0000', 'cl_pair_0_loss': '0.0000'}
Recommendation EP_test:118: 100%|| 35/35 [00:08<00:00,  3.98it/s]
{'Epoch': 118, 'name': 'high_freq', 'HIT@5': '0.0375', 'NDCG@5': '0.0243', 'HIT@10': '0.0597', 'NDCG@10': '0.0314', 'HIT@20': '0.0890', 'NDCG@20': '0.0388'}
{'Epoch': 118, 'name': 'mid_freq', 'HIT@5': '0.0082', 'NDCG@5': '0.0055', 'HIT@10': '0.0113', 'NDCG@10': '0.0065', 'HIT@20': '0.0177', 'NDCG@20': '0.0081'}
{'Epoch': 118, 'name': 'low_freq', 'HIT@5': '0.0081', 'NDCG@5': '0.0058', 'HIT@10': '0.0100', 'NDCG@10': '0.0064', 'HIT@20': '0.0124', 'NDCG@20': '0.0070'}
{'Epoch': 118, 'name': 'all', 'HIT@5': '0.0281', 'NDCG@5': '0.0184', 'HIT@10': '0.0440', 'NDCG@10': '0.0235', 'HIT@20': '0.0656', 'NDCG@20': '0.0289'}
Validation score increased.  Saving model ...
rec dataset length: 186
100%|███████████████████████████████████████████████████████████████████████████████████████████████████████████████████████████████████████████████████████████| 186/186 [00:18<00:00, 10.09it/s]
{'epoch': 119, 'rec_avg_loss': '0.3854', 'joint_avg_loss': '0.3854', 'cl_avg_loss': '0.0000', 'itemcl_loss': '0.0000', 'cl_pair_0_loss': '0.0000'}
Recommendation EP_test:119: 100%|| 35/35 [00:08<00:00,  4.14it/s]
{'Epoch': 119, 'name': 'high_freq', 'HIT@5': '0.0372', 'NDCG@5': '0.0239', 'HIT@10': '0.0577', 'NDCG@10': '0.0305', 'HIT@20': '0.0870', 'NDCG@20': '0.0378'}
{'Epoch': 119, 'name': 'mid_freq', 'HIT@5': '0.0076', 'NDCG@5': '0.0051', 'HIT@10': '0.0116', 'NDCG@10': '0.0064', 'HIT@20': '0.0171', 'NDCG@20': '0.0077'}
{'Epoch': 119, 'name': 'low_freq', 'HIT@5': '0.0077', 'NDCG@5': '0.0057', 'HIT@10': '0.0095', 'NDCG@10': '0.0063', 'HIT@20': '0.0134', 'NDCG@20': '0.0073'}
{'Epoch': 119, 'name': 'all', 'HIT@5': '0.0278', 'NDCG@5': '0.0180', 'HIT@10': '0.0427', 'NDCG@10': '0.0228', 'HIT@20': '0.0642', 'NDCG@20': '0.0282'}
EarlyStopping counter: 1 out of 40
rec dataset length: 186
100%|███████████████████████████████████████████████████████████████████████████████████████████████████████████████████████████████████████████████████████████| 186/186 [00:18<00:00, 10.05it/s]
{'epoch': 120, 'rec_avg_loss': '0.3856', 'joint_avg_loss': '0.3856', 'cl_avg_loss': '0.0000', 'itemcl_loss': '0.0000', 'cl_pair_0_loss': '0.0000'}
Recommendation EP_test:120: 100%|| 35/35 [00:08<00:00,  4.19it/s]
{'Epoch': 120, 'name': 'high_freq', 'HIT@5': '0.0362', 'NDCG@5': '0.0234', 'HIT@10': '0.0568', 'NDCG@10': '0.0300', 'HIT@20': '0.0870', 'NDCG@20': '0.0376'}
{'Epoch': 120, 'name': 'mid_freq', 'HIT@5': '0.0088', 'NDCG@5': '0.0055', 'HIT@10': '0.0125', 'NDCG@10': '0.0067', 'HIT@20': '0.0185', 'NDCG@20': '0.0082'}
{'Epoch': 120, 'name': 'low_freq', 'HIT@5': '0.0084', 'NDCG@5': '0.0060', 'HIT@10': '0.0104', 'NDCG@10': '0.0066', 'HIT@20': '0.0131', 'NDCG@20': '0.0073'}
{'Epoch': 120, 'name': 'all', 'HIT@5': '0.0274', 'NDCG@5': '0.0177', 'HIT@10': '0.0424', 'NDCG@10': '0.0225', 'HIT@20': '0.0645', 'NDCG@20': '0.0281'}
EarlyStopping counter: 2 out of 40
rec dataset length: 186
100%|███████████████████████████████████████████████████████████████████████████████████████████████████████████████████████████████████████████████████████████| 186/186 [00:18<00:00, 10.14it/s]
{'epoch': 121, 'rec_avg_loss': '0.3876', 'joint_avg_loss': '0.3876', 'cl_avg_loss': '0.0000', 'itemcl_loss': '0.0000', 'cl_pair_0_loss': '0.0000'}
Recommendation EP_test:121: 100%|| 35/35 [00:08<00:00,  4.21it/s]
{'Epoch': 121, 'name': 'high_freq', 'HIT@5': '0.0368', 'NDCG@5': '0.0236', 'HIT@10': '0.0575', 'NDCG@10': '0.0302', 'HIT@20': '0.0863', 'NDCG@20': '0.0375'}
{'Epoch': 121, 'name': 'mid_freq', 'HIT@5': '0.0085', 'NDCG@5': '0.0055', 'HIT@10': '0.0129', 'NDCG@10': '0.0070', 'HIT@20': '0.0184', 'NDCG@20': '0.0083'}
{'Epoch': 121, 'name': 'low_freq', 'HIT@5': '0.0079', 'NDCG@5': '0.0055', 'HIT@10': '0.0111', 'NDCG@10': '0.0065', 'HIT@20': '0.0140', 'NDCG@20': '0.0073'}
{'Epoch': 121, 'name': 'all', 'HIT@5': '0.0277', 'NDCG@5': '0.0178', 'HIT@10': '0.0430', 'NDCG@10': '0.0227', 'HIT@20': '0.0641', 'NDCG@20': '0.0280'}
EarlyStopping counter: 3 out of 40
rec dataset length: 186
100%|███████████████████████████████████████████████████████████████████████████████████████████████████████████████████████████████████████████████████████████| 186/186 [00:18<00:00, 10.15it/s]
{'epoch': 122, 'rec_avg_loss': '0.3842', 'joint_avg_loss': '0.3842', 'cl_avg_loss': '0.0000', 'itemcl_loss': '0.0000', 'cl_pair_0_loss': '0.0000'}
Recommendation EP_test:122: 100%|| 35/35 [00:08<00:00,  4.23it/s]
{'Epoch': 122, 'name': 'high_freq', 'HIT@5': '0.0379', 'NDCG@5': '0.0244', 'HIT@10': '0.0583', 'NDCG@10': '0.0310', 'HIT@20': '0.0878', 'NDCG@20': '0.0384'}
{'Epoch': 122, 'name': 'mid_freq', 'HIT@5': '0.0085', 'NDCG@5': '0.0056', 'HIT@10': '0.0124', 'NDCG@10': '0.0069', 'HIT@20': '0.0181', 'NDCG@20': '0.0083'}
{'Epoch': 122, 'name': 'low_freq', 'HIT@5': '0.0084', 'NDCG@5': '0.0057', 'HIT@10': '0.0102', 'NDCG@10': '0.0063', 'HIT@20': '0.0138', 'NDCG@20': '0.0072'}
{'Epoch': 122, 'name': 'all', 'HIT@5': '0.0285', 'NDCG@5': '0.0184', 'HIT@10': '0.0434', 'NDCG@10': '0.0232', 'HIT@20': '0.0650', 'NDCG@20': '0.0286'}
EarlyStopping counter: 4 out of 40
rec dataset length: 186
100%|███████████████████████████████████████████████████████████████████████████████████████████████████████████████████████████████████████████████████████████| 186/186 [00:18<00:00, 10.05it/s]
{'epoch': 123, 'rec_avg_loss': '0.3836', 'joint_avg_loss': '0.3836', 'cl_avg_loss': '0.0000', 'itemcl_loss': '0.0000', 'cl_pair_0_loss': '0.0000'}
Recommendation EP_test:123: 100%|| 35/35 [00:08<00:00,  4.29it/s]
{'Epoch': 123, 'name': 'high_freq', 'HIT@5': '0.0374', 'NDCG@5': '0.0244', 'HIT@10': '0.0579', 'NDCG@10': '0.0310', 'HIT@20': '0.0859', 'NDCG@20': '0.0380'}
{'Epoch': 123, 'name': 'mid_freq', 'HIT@5': '0.0078', 'NDCG@5': '0.0054', 'HIT@10': '0.0122', 'NDCG@10': '0.0068', 'HIT@20': '0.0177', 'NDCG@20': '0.0082'}
{'Epoch': 123, 'name': 'low_freq', 'HIT@5': '0.0070', 'NDCG@5': '0.0052', 'HIT@10': '0.0091', 'NDCG@10': '0.0059', 'HIT@20': '0.0143', 'NDCG@20': '0.0072'}
{'Epoch': 123, 'name': 'all', 'HIT@5': '0.0278', 'NDCG@5': '0.0183', 'HIT@10': '0.0429', 'NDCG@10': '0.0231', 'HIT@20': '0.0637', 'NDCG@20': '0.0284'}
EarlyStopping counter: 5 out of 40
rec dataset length: 186
100%|███████████████████████████████████████████████████████████████████████████████████████████████████████████████████████████████████████████████████████████| 186/186 [00:18<00:00, 10.14it/s]
{'epoch': 124, 'rec_avg_loss': '0.3837', 'joint_avg_loss': '0.3837', 'cl_avg_loss': '0.0000', 'itemcl_loss': '0.0000', 'cl_pair_0_loss': '0.0000'}
Recommendation EP_test:124: 100%|| 35/35 [00:08<00:00,  4.20it/s]
{'Epoch': 124, 'name': 'high_freq', 'HIT@5': '0.0366', 'NDCG@5': '0.0237', 'HIT@10': '0.0564', 'NDCG@10': '0.0301', 'HIT@20': '0.0862', 'NDCG@20': '0.0376'}
{'Epoch': 124, 'name': 'mid_freq', 'HIT@5': '0.0093', 'NDCG@5': '0.0061', 'HIT@10': '0.0129', 'NDCG@10': '0.0072', 'HIT@20': '0.0192', 'NDCG@20': '0.0088'}
{'Epoch': 124, 'name': 'low_freq', 'HIT@5': '0.0081', 'NDCG@5': '0.0059', 'HIT@10': '0.0109', 'NDCG@10': '0.0067', 'HIT@20': '0.0152', 'NDCG@20': '0.0078'}
{'Epoch': 124, 'name': 'all', 'HIT@5': '0.0277', 'NDCG@5': '0.0180', 'HIT@10': '0.0422', 'NDCG@10': '0.0227', 'HIT@20': '0.0643', 'NDCG@20': '0.0283'}
EarlyStopping counter: 6 out of 40
rec dataset length: 186
100%|███████████████████████████████████████████████████████████████████████████████████████████████████████████████████████████████████████████████████████████| 186/186 [00:18<00:00, 10.11it/s]
{'epoch': 125, 'rec_avg_loss': '0.3852', 'joint_avg_loss': '0.3852', 'cl_avg_loss': '0.0000', 'itemcl_loss': '0.0000', 'cl_pair_0_loss': '0.0000'}
Recommendation EP_test:125: 100%|| 35/35 [00:08<00:00,  4.28it/s]
{'Epoch': 125, 'name': 'high_freq', 'HIT@5': '0.0365', 'NDCG@5': '0.0240', 'HIT@10': '0.0562', 'NDCG@10': '0.0303', 'HIT@20': '0.0851', 'NDCG@20': '0.0376'}
{'Epoch': 125, 'name': 'mid_freq', 'HIT@5': '0.0090', 'NDCG@5': '0.0057', 'HIT@10': '0.0132', 'NDCG@10': '0.0070', 'HIT@20': '0.0184', 'NDCG@20': '0.0083'}
{'Epoch': 125, 'name': 'low_freq', 'HIT@5': '0.0079', 'NDCG@5': '0.0059', 'HIT@10': '0.0102', 'NDCG@10': '0.0067', 'HIT@20': '0.0134', 'NDCG@20': '0.0075'}
{'Epoch': 125, 'name': 'all', 'HIT@5': '0.0276', 'NDCG@5': '0.0182', 'HIT@10': '0.0421', 'NDCG@10': '0.0228', 'HIT@20': '0.0631', 'NDCG@20': '0.0281'}
EarlyStopping counter: 7 out of 40
rec dataset length: 186
100%|███████████████████████████████████████████████████████████████████████████████████████████████████████████████████████████████████████████████████████████| 186/186 [00:18<00:00, 10.01it/s]
{'epoch': 126, 'rec_avg_loss': '0.3817', 'joint_avg_loss': '0.3817', 'cl_avg_loss': '0.0000', 'itemcl_loss': '0.0000', 'cl_pair_0_loss': '0.0000'}
Recommendation EP_test:126: 100%|| 35/35 [00:08<00:00,  4.23it/s]
{'Epoch': 126, 'name': 'high_freq', 'HIT@5': '0.0362', 'NDCG@5': '0.0240', 'HIT@10': '0.0555', 'NDCG@10': '0.0301', 'HIT@20': '0.0850', 'NDCG@20': '0.0376'}
{'Epoch': 126, 'name': 'mid_freq', 'HIT@5': '0.0088', 'NDCG@5': '0.0057', 'HIT@10': '0.0124', 'NDCG@10': '0.0068', 'HIT@20': '0.0181', 'NDCG@20': '0.0083'}
{'Epoch': 126, 'name': 'low_freq', 'HIT@5': '0.0077', 'NDCG@5': '0.0056', 'HIT@10': '0.0113', 'NDCG@10': '0.0068', 'HIT@20': '0.0140', 'NDCG@20': '0.0074'}
{'Epoch': 126, 'name': 'all', 'HIT@5': '0.0273', 'NDCG@5': '0.0181', 'HIT@10': '0.0416', 'NDCG@10': '0.0227', 'HIT@20': '0.0631', 'NDCG@20': '0.0281'}
EarlyStopping counter: 8 out of 40
rec dataset length: 186
100%|███████████████████████████████████████████████████████████████████████████████████████████████████████████████████████████████████████████████████████████| 186/186 [00:18<00:00, 10.09it/s]
{'epoch': 127, 'rec_avg_loss': '0.3814', 'joint_avg_loss': '0.3814', 'cl_avg_loss': '0.0000', 'itemcl_loss': '0.0000', 'cl_pair_0_loss': '0.0000'}
Recommendation EP_test:127: 100%|| 35/35 [00:08<00:00,  4.13it/s]
{'Epoch': 127, 'name': 'high_freq', 'HIT@5': '0.0364', 'NDCG@5': '0.0241', 'HIT@10': '0.0567', 'NDCG@10': '0.0306', 'HIT@20': '0.0872', 'NDCG@20': '0.0383'}
{'Epoch': 127, 'name': 'mid_freq', 'HIT@5': '0.0082', 'NDCG@5': '0.0052', 'HIT@10': '0.0125', 'NDCG@10': '0.0066', 'HIT@20': '0.0190', 'NDCG@20': '0.0082'}
{'Epoch': 127, 'name': 'low_freq', 'HIT@5': '0.0079', 'NDCG@5': '0.0056', 'HIT@10': '0.0097', 'NDCG@10': '0.0062', 'HIT@20': '0.0127', 'NDCG@20': '0.0070'}
{'Epoch': 127, 'name': 'all', 'HIT@5': '0.0274', 'NDCG@5': '0.0181', 'HIT@10': '0.0422', 'NDCG@10': '0.0229', 'HIT@20': '0.0646', 'NDCG@20': '0.0285'}
EarlyStopping counter: 9 out of 40
rec dataset length: 186
100%|███████████████████████████████████████████████████████████████████████████████████████████████████████████████████████████████████████████████████████████| 186/186 [00:18<00:00, 10.15it/s]
{'epoch': 128, 'rec_avg_loss': '0.3800', 'joint_avg_loss': '0.3800', 'cl_avg_loss': '0.0000', 'itemcl_loss': '0.0000', 'cl_pair_0_loss': '0.0000'}
Recommendation EP_test:128: 100%|| 35/35 [00:08<00:00,  4.37it/s]
{'Epoch': 128, 'name': 'high_freq', 'HIT@5': '0.0356', 'NDCG@5': '0.0233', 'HIT@10': '0.0568', 'NDCG@10': '0.0301', 'HIT@20': '0.0856', 'NDCG@20': '0.0373'}
{'Epoch': 128, 'name': 'mid_freq', 'HIT@5': '0.0095', 'NDCG@5': '0.0060', 'HIT@10': '0.0135', 'NDCG@10': '0.0072', 'HIT@20': '0.0203', 'NDCG@20': '0.0089'}
{'Epoch': 128, 'name': 'low_freq', 'HIT@5': '0.0072', 'NDCG@5': '0.0049', 'HIT@10': '0.0095', 'NDCG@10': '0.0057', 'HIT@20': '0.0145', 'NDCG@20': '0.0069'}
{'Epoch': 128, 'name': 'all', 'HIT@5': '0.0270', 'NDCG@5': '0.0176', 'HIT@10': '0.0424', 'NDCG@10': '0.0226', 'HIT@20': '0.0640', 'NDCG@20': '0.0280'}
EarlyStopping counter: 10 out of 40
rec dataset length: 186
100%|███████████████████████████████████████████████████████████████████████████████████████████████████████████████████████████████████████████████████████████| 186/186 [00:18<00:00, 10.02it/s]
{'epoch': 129, 'rec_avg_loss': '0.3783', 'joint_avg_loss': '0.3783', 'cl_avg_loss': '0.0000', 'itemcl_loss': '0.0000', 'cl_pair_0_loss': '0.0000'}
Recommendation EP_test:129: 100%|| 35/35 [00:08<00:00,  4.24it/s]
{'Epoch': 129, 'name': 'high_freq', 'HIT@5': '0.0359', 'NDCG@5': '0.0240', 'HIT@10': '0.0565', 'NDCG@10': '0.0306', 'HIT@20': '0.0868', 'NDCG@20': '0.0382'}
{'Epoch': 129, 'name': 'mid_freq', 'HIT@5': '0.0088', 'NDCG@5': '0.0057', 'HIT@10': '0.0129', 'NDCG@10': '0.0071', 'HIT@20': '0.0184', 'NDCG@20': '0.0084'}
{'Epoch': 129, 'name': 'low_freq', 'HIT@5': '0.0075', 'NDCG@5': '0.0051', 'HIT@10': '0.0102', 'NDCG@10': '0.0060', 'HIT@20': '0.0131', 'NDCG@20': '0.0068'}
{'Epoch': 129, 'name': 'all', 'HIT@5': '0.0271', 'NDCG@5': '0.0181', 'HIT@10': '0.0422', 'NDCG@10': '0.0229', 'HIT@20': '0.0642', 'NDCG@20': '0.0285'}
EarlyStopping counter: 11 out of 40
rec dataset length: 186
100%|███████████████████████████████████████████████████████████████████████████████████████████████████████████████████████████████████████████████████████████| 186/186 [00:18<00:00, 10.15it/s]
{'epoch': 130, 'rec_avg_loss': '0.3797', 'joint_avg_loss': '0.3797', 'cl_avg_loss': '0.0000', 'itemcl_loss': '0.0000', 'cl_pair_0_loss': '0.0000'}
Recommendation EP_test:130: 100%|| 35/35 [00:08<00:00,  4.09it/s]
{'Epoch': 130, 'name': 'high_freq', 'HIT@5': '0.0358', 'NDCG@5': '0.0236', 'HIT@10': '0.0562', 'NDCG@10': '0.0301', 'HIT@20': '0.0860', 'NDCG@20': '0.0376'}
{'Epoch': 130, 'name': 'mid_freq', 'HIT@5': '0.0079', 'NDCG@5': '0.0053', 'HIT@10': '0.0132', 'NDCG@10': '0.0070', 'HIT@20': '0.0177', 'NDCG@20': '0.0081'}
{'Epoch': 130, 'name': 'low_freq', 'HIT@5': '0.0075', 'NDCG@5': '0.0050', 'HIT@10': '0.0104', 'NDCG@10': '0.0060', 'HIT@20': '0.0131', 'NDCG@20': '0.0066'}
{'Epoch': 130, 'name': 'all', 'HIT@5': '0.0269', 'NDCG@5': '0.0177', 'HIT@10': '0.0421', 'NDCG@10': '0.0226', 'HIT@20': '0.0636', 'NDCG@20': '0.0280'}
EarlyStopping counter: 12 out of 40
rec dataset length: 186
100%|███████████████████████████████████████████████████████████████████████████████████████████████████████████████████████████████████████████████████████████| 186/186 [00:18<00:00, 10.10it/s]
{'epoch': 131, 'rec_avg_loss': '0.3777', 'joint_avg_loss': '0.3777', 'cl_avg_loss': '0.0000', 'itemcl_loss': '0.0000', 'cl_pair_0_loss': '0.0000'}
Recommendation EP_test:131: 100%|| 35/35 [00:08<00:00,  4.25it/s]
{'Epoch': 131, 'name': 'high_freq', 'HIT@5': '0.0347', 'NDCG@5': '0.0229', 'HIT@10': '0.0562', 'NDCG@10': '0.0298', 'HIT@20': '0.0867', 'NDCG@20': '0.0374'}
{'Epoch': 131, 'name': 'mid_freq', 'HIT@5': '0.0082', 'NDCG@5': '0.0058', 'HIT@10': '0.0119', 'NDCG@10': '0.0070', 'HIT@20': '0.0181', 'NDCG@20': '0.0085'}
{'Epoch': 131, 'name': 'low_freq', 'HIT@5': '0.0075', 'NDCG@5': '0.0054', 'HIT@10': '0.0095', 'NDCG@10': '0.0060', 'HIT@20': '0.0120', 'NDCG@20': '0.0067'}
{'Epoch': 131, 'name': 'all', 'HIT@5': '0.0261', 'NDCG@5': '0.0174', 'HIT@10': '0.0417', 'NDCG@10': '0.0224', 'HIT@20': '0.0640', 'NDCG@20': '0.0280'}
EarlyStopping counter: 13 out of 40
rec dataset length: 186
100%|███████████████████████████████████████████████████████████████████████████████████████████████████████████████████████████████████████████████████████████| 186/186 [00:18<00:00, 10.13it/s]
{'epoch': 132, 'rec_avg_loss': '0.3792', 'joint_avg_loss': '0.3792', 'cl_avg_loss': '0.0000', 'itemcl_loss': '0.0000', 'cl_pair_0_loss': '0.0000'}
Recommendation EP_test:132: 100%|| 35/35 [00:08<00:00,  4.18it/s]
{'Epoch': 132, 'name': 'high_freq', 'HIT@5': '0.0349', 'NDCG@5': '0.0229', 'HIT@10': '0.0564', 'NDCG@10': '0.0299', 'HIT@20': '0.0864', 'NDCG@20': '0.0374'}
{'Epoch': 132, 'name': 'mid_freq', 'HIT@5': '0.0086', 'NDCG@5': '0.0058', 'HIT@10': '0.0132', 'NDCG@10': '0.0072', 'HIT@20': '0.0190', 'NDCG@20': '0.0087'}
{'Epoch': 132, 'name': 'low_freq', 'HIT@5': '0.0088', 'NDCG@5': '0.0065', 'HIT@10': '0.0102', 'NDCG@10': '0.0069', 'HIT@20': '0.0145', 'NDCG@20': '0.0080'}
{'Epoch': 132, 'name': 'all', 'HIT@5': '0.0265', 'NDCG@5': '0.0175', 'HIT@10': '0.0422', 'NDCG@10': '0.0226', 'HIT@20': '0.0643', 'NDCG@20': '0.0281'}
EarlyStopping counter: 14 out of 40
rec dataset length: 186
100%|███████████████████████████████████████████████████████████████████████████████████████████████████████████████████████████████████████████████████████████| 186/186 [00:18<00:00, 10.12it/s]
{'epoch': 133, 'rec_avg_loss': '0.3795', 'joint_avg_loss': '0.3795', 'cl_avg_loss': '0.0000', 'itemcl_loss': '0.0000', 'cl_pair_0_loss': '0.0000'}
Recommendation EP_test:133: 100%|| 35/35 [00:08<00:00,  4.03it/s]
{'Epoch': 133, 'name': 'high_freq', 'HIT@5': '0.0343', 'NDCG@5': '0.0226', 'HIT@10': '0.0547', 'NDCG@10': '0.0292', 'HIT@20': '0.0846', 'NDCG@20': '0.0367'}
{'Epoch': 133, 'name': 'mid_freq', 'HIT@5': '0.0078', 'NDCG@5': '0.0051', 'HIT@10': '0.0134', 'NDCG@10': '0.0069', 'HIT@20': '0.0195', 'NDCG@20': '0.0084'}
{'Epoch': 133, 'name': 'low_freq', 'HIT@5': '0.0072', 'NDCG@5': '0.0057', 'HIT@10': '0.0097', 'NDCG@10': '0.0065', 'HIT@20': '0.0140', 'NDCG@20': '0.0076'}
{'Epoch': 133, 'name': 'all', 'HIT@5': '0.0257', 'NDCG@5': '0.0171', 'HIT@10': '0.0410', 'NDCG@10': '0.0220', 'HIT@20': '0.0631', 'NDCG@20': '0.0275'}
EarlyStopping counter: 15 out of 40
rec dataset length: 186
100%|███████████████████████████████████████████████████████████████████████████████████████████████████████████████████████████████████████████████████████████| 186/186 [00:18<00:00, 10.23it/s]
{'epoch': 134, 'rec_avg_loss': '0.3759', 'joint_avg_loss': '0.3759', 'cl_avg_loss': '0.0000', 'itemcl_loss': '0.0000', 'cl_pair_0_loss': '0.0000'}
Recommendation EP_test:134: 100%|| 35/35 [00:08<00:00,  4.16it/s]
{'Epoch': 134, 'name': 'high_freq', 'HIT@5': '0.0347', 'NDCG@5': '0.0230', 'HIT@10': '0.0548', 'NDCG@10': '0.0295', 'HIT@20': '0.0843', 'NDCG@20': '0.0369'}
{'Epoch': 134, 'name': 'mid_freq', 'HIT@5': '0.0086', 'NDCG@5': '0.0056', 'HIT@10': '0.0131', 'NDCG@10': '0.0070', 'HIT@20': '0.0194', 'NDCG@20': '0.0086'}
{'Epoch': 134, 'name': 'low_freq', 'HIT@5': '0.0072', 'NDCG@5': '0.0056', 'HIT@10': '0.0093', 'NDCG@10': '0.0062', 'HIT@20': '0.0129', 'NDCG@20': '0.0071'}
{'Epoch': 134, 'name': 'all', 'HIT@5': '0.0262', 'NDCG@5': '0.0174', 'HIT@10': '0.0410', 'NDCG@10': '0.0222', 'HIT@20': '0.0627', 'NDCG@20': '0.0277'}
EarlyStopping counter: 16 out of 40
rec dataset length: 186
100%|███████████████████████████████████████████████████████████████████████████████████████████████████████████████████████████████████████████████████████████| 186/186 [00:18<00:00, 10.12it/s]
{'epoch': 135, 'rec_avg_loss': '0.3771', 'joint_avg_loss': '0.3771', 'cl_avg_loss': '0.0000', 'itemcl_loss': '0.0000', 'cl_pair_0_loss': '0.0000'}
Recommendation EP_test:135: 100%|| 35/35 [00:08<00:00,  4.06it/s]
{'Epoch': 135, 'name': 'high_freq', 'HIT@5': '0.0365', 'NDCG@5': '0.0238', 'HIT@10': '0.0564', 'NDCG@10': '0.0301', 'HIT@20': '0.0872', 'NDCG@20': '0.0379'}
{'Epoch': 135, 'name': 'mid_freq', 'HIT@5': '0.0080', 'NDCG@5': '0.0055', 'HIT@10': '0.0135', 'NDCG@10': '0.0072', 'HIT@20': '0.0190', 'NDCG@20': '0.0086'}
{'Epoch': 135, 'name': 'low_freq', 'HIT@5': '0.0072', 'NDCG@5': '0.0054', 'HIT@10': '0.0106', 'NDCG@10': '0.0065', 'HIT@20': '0.0138', 'NDCG@20': '0.0073'}
{'Epoch': 135, 'name': 'all', 'HIT@5': '0.0273', 'NDCG@5': '0.0179', 'HIT@10': '0.0423', 'NDCG@10': '0.0227', 'HIT@20': '0.0647', 'NDCG@20': '0.0284'}
EarlyStopping counter: 17 out of 40
rec dataset length: 186
100%|███████████████████████████████████████████████████████████████████████████████████████████████████████████████████████████████████████████████████████████| 186/186 [00:18<00:00, 10.13it/s]
{'epoch': 136, 'rec_avg_loss': '0.3789', 'joint_avg_loss': '0.3789', 'cl_avg_loss': '0.0000', 'itemcl_loss': '0.0000', 'cl_pair_0_loss': '0.0000'}
Recommendation EP_test:136: 100%|| 35/35 [00:08<00:00,  4.09it/s]
{'Epoch': 136, 'name': 'high_freq', 'HIT@5': '0.0355', 'NDCG@5': '0.0230', 'HIT@10': '0.0565', 'NDCG@10': '0.0297', 'HIT@20': '0.0860', 'NDCG@20': '0.0371'}
{'Epoch': 136, 'name': 'mid_freq', 'HIT@5': '0.0093', 'NDCG@5': '0.0064', 'HIT@10': '0.0151', 'NDCG@10': '0.0082', 'HIT@20': '0.0203', 'NDCG@20': '0.0096'}
{'Epoch': 136, 'name': 'low_freq', 'HIT@5': '0.0070', 'NDCG@5': '0.0051', 'HIT@10': '0.0097', 'NDCG@10': '0.0060', 'HIT@20': '0.0134', 'NDCG@20': '0.0069'}
{'Epoch': 136, 'name': 'all', 'HIT@5': '0.0269', 'NDCG@5': '0.0175', 'HIT@10': '0.0426', 'NDCG@10': '0.0226', 'HIT@20': '0.0641', 'NDCG@20': '0.0280'}
EarlyStopping counter: 18 out of 40
rec dataset length: 186
100%|███████████████████████████████████████████████████████████████████████████████████████████████████████████████████████████████████████████████████████████| 186/186 [00:18<00:00, 10.17it/s]
{'epoch': 137, 'rec_avg_loss': '0.3766', 'joint_avg_loss': '0.3766', 'cl_avg_loss': '0.0000', 'itemcl_loss': '0.0000', 'cl_pair_0_loss': '0.0000'}
Recommendation EP_test:137: 100%|| 35/35 [00:08<00:00,  4.22it/s]
{'Epoch': 137, 'name': 'high_freq', 'HIT@5': '0.0353', 'NDCG@5': '0.0228', 'HIT@10': '0.0555', 'NDCG@10': '0.0292', 'HIT@20': '0.0865', 'NDCG@20': '0.0370'}
{'Epoch': 137, 'name': 'mid_freq', 'HIT@5': '0.0092', 'NDCG@5': '0.0068', 'HIT@10': '0.0136', 'NDCG@10': '0.0082', 'HIT@20': '0.0190', 'NDCG@20': '0.0096'}
{'Epoch': 137, 'name': 'low_freq', 'HIT@5': '0.0072', 'NDCG@5': '0.0052', 'HIT@10': '0.0097', 'NDCG@10': '0.0060', 'HIT@20': '0.0131', 'NDCG@20': '0.0068'}
{'Epoch': 137, 'name': 'all', 'HIT@5': '0.0267', 'NDCG@5': '0.0175', 'HIT@10': '0.0416', 'NDCG@10': '0.0222', 'HIT@20': '0.0642', 'NDCG@20': '0.0279'}
EarlyStopping counter: 19 out of 40
rec dataset length: 186
100%|███████████████████████████████████████████████████████████████████████████████████████████████████████████████████████████████████████████████████████████| 186/186 [00:18<00:00, 10.03it/s]
{'epoch': 138, 'rec_avg_loss': '0.3782', 'joint_avg_loss': '0.3782', 'cl_avg_loss': '0.0000', 'itemcl_loss': '0.0000', 'cl_pair_0_loss': '0.0000'}
Recommendation EP_test:138: 100%|| 35/35 [00:08<00:00,  4.14it/s]
{'Epoch': 138, 'name': 'high_freq', 'HIT@5': '0.0370', 'NDCG@5': '0.0234', 'HIT@10': '0.0566', 'NDCG@10': '0.0297', 'HIT@20': '0.0871', 'NDCG@20': '0.0374'}
{'Epoch': 138, 'name': 'mid_freq', 'HIT@5': '0.0099', 'NDCG@5': '0.0069', 'HIT@10': '0.0139', 'NDCG@10': '0.0082', 'HIT@20': '0.0201', 'NDCG@20': '0.0098'}
{'Epoch': 138, 'name': 'low_freq', 'HIT@5': '0.0066', 'NDCG@5': '0.0047', 'HIT@10': '0.0102', 'NDCG@10': '0.0058', 'HIT@20': '0.0134', 'NDCG@20': '0.0066'}
{'Epoch': 138, 'name': 'all', 'HIT@5': '0.0279', 'NDCG@5': '0.0179', 'HIT@10': '0.0425', 'NDCG@10': '0.0225', 'HIT@20': '0.0648', 'NDCG@20': '0.0282'}
EarlyStopping counter: 20 out of 40
rec dataset length: 186
100%|███████████████████████████████████████████████████████████████████████████████████████████████████████████████████████████████████████████████████████████| 186/186 [00:18<00:00, 10.15it/s]
{'epoch': 139, 'rec_avg_loss': '0.3778', 'joint_avg_loss': '0.3778', 'cl_avg_loss': '0.0000', 'itemcl_loss': '0.0000', 'cl_pair_0_loss': '0.0000'}
Recommendation EP_test:139: 100%|| 35/35 [00:08<00:00,  4.12it/s]
{'Epoch': 139, 'name': 'high_freq', 'HIT@5': '0.0368', 'NDCG@5': '0.0240', 'HIT@10': '0.0571', 'NDCG@10': '0.0305', 'HIT@20': '0.0866', 'NDCG@20': '0.0379'}
{'Epoch': 139, 'name': 'mid_freq', 'HIT@5': '0.0099', 'NDCG@5': '0.0064', 'HIT@10': '0.0134', 'NDCG@10': '0.0075', 'HIT@20': '0.0192', 'NDCG@20': '0.0089'}
{'Epoch': 139, 'name': 'low_freq', 'HIT@5': '0.0068', 'NDCG@5': '0.0048', 'HIT@10': '0.0088', 'NDCG@10': '0.0055', 'HIT@20': '0.0127', 'NDCG@20': '0.0065'}
{'Epoch': 139, 'name': 'all', 'HIT@5': '0.0278', 'NDCG@5': '0.0181', 'HIT@10': '0.0426', 'NDCG@10': '0.0229', 'HIT@20': '0.0643', 'NDCG@20': '0.0283'}
EarlyStopping counter: 21 out of 40
rec dataset length: 186
100%|███████████████████████████████████████████████████████████████████████████████████████████████████████████████████████████████████████████████████████████| 186/186 [00:18<00:00, 10.10it/s]
{'epoch': 140, 'rec_avg_loss': '0.3748', 'joint_avg_loss': '0.3748', 'cl_avg_loss': '0.0000', 'itemcl_loss': '0.0000', 'cl_pair_0_loss': '0.0000'}
Recommendation EP_test:140: 100%|| 35/35 [00:08<00:00,  4.25it/s]
{'Epoch': 140, 'name': 'high_freq', 'HIT@5': '0.0353', 'NDCG@5': '0.0232', 'HIT@10': '0.0556', 'NDCG@10': '0.0297', 'HIT@20': '0.0870', 'NDCG@20': '0.0376'}
{'Epoch': 140, 'name': 'mid_freq', 'HIT@5': '0.0083', 'NDCG@5': '0.0058', 'HIT@10': '0.0132', 'NDCG@10': '0.0074', 'HIT@20': '0.0185', 'NDCG@20': '0.0088'}
{'Epoch': 140, 'name': 'low_freq', 'HIT@5': '0.0066', 'NDCG@5': '0.0051', 'HIT@10': '0.0100', 'NDCG@10': '0.0062', 'HIT@20': '0.0136', 'NDCG@20': '0.0071'}
{'Epoch': 140, 'name': 'all', 'HIT@5': '0.0265', 'NDCG@5': '0.0176', 'HIT@10': '0.0416', 'NDCG@10': '0.0224', 'HIT@20': '0.0645', 'NDCG@20': '0.0282'}
EarlyStopping counter: 22 out of 40
rec dataset length: 186
100%|███████████████████████████████████████████████████████████████████████████████████████████████████████████████████████████████████████████████████████████| 186/186 [00:18<00:00, 10.03it/s]
{'epoch': 141, 'rec_avg_loss': '0.3734', 'joint_avg_loss': '0.3734', 'cl_avg_loss': '0.0000', 'itemcl_loss': '0.0000', 'cl_pair_0_loss': '0.0000'}
Recommendation EP_test:141: 100%|| 35/35 [00:08<00:00,  4.15it/s]
{'Epoch': 141, 'name': 'high_freq', 'HIT@5': '0.0347', 'NDCG@5': '0.0224', 'HIT@10': '0.0554', 'NDCG@10': '0.0290', 'HIT@20': '0.0870', 'NDCG@20': '0.0370'}
{'Epoch': 141, 'name': 'mid_freq', 'HIT@5': '0.0089', 'NDCG@5': '0.0058', 'HIT@10': '0.0135', 'NDCG@10': '0.0073', 'HIT@20': '0.0185', 'NDCG@20': '0.0086'}
{'Epoch': 141, 'name': 'low_freq', 'HIT@5': '0.0075', 'NDCG@5': '0.0058', 'HIT@10': '0.0109', 'NDCG@10': '0.0069', 'HIT@20': '0.0136', 'NDCG@20': '0.0076'}
{'Epoch': 141, 'name': 'all', 'HIT@5': '0.0263', 'NDCG@5': '0.0171', 'HIT@10': '0.0417', 'NDCG@10': '0.0220', 'HIT@20': '0.0645', 'NDCG@20': '0.0278'}
EarlyStopping counter: 23 out of 40
rec dataset length: 186
100%|███████████████████████████████████████████████████████████████████████████████████████████████████████████████████████████████████████████████████████████| 186/186 [00:18<00:00, 10.08it/s]
{'epoch': 142, 'rec_avg_loss': '0.3718', 'joint_avg_loss': '0.3718', 'cl_avg_loss': '0.0000', 'itemcl_loss': '0.0000', 'cl_pair_0_loss': '0.0000'}
Recommendation EP_test:142: 100%|| 35/35 [00:08<00:00,  4.10it/s]
{'Epoch': 142, 'name': 'high_freq', 'HIT@5': '0.0347', 'NDCG@5': '0.0225', 'HIT@10': '0.0563', 'NDCG@10': '0.0294', 'HIT@20': '0.0862', 'NDCG@20': '0.0369'}
{'Epoch': 142, 'name': 'mid_freq', 'HIT@5': '0.0080', 'NDCG@5': '0.0055', 'HIT@10': '0.0122', 'NDCG@10': '0.0069', 'HIT@20': '0.0192', 'NDCG@20': '0.0087'}
{'Epoch': 142, 'name': 'low_freq', 'HIT@5': '0.0081', 'NDCG@5': '0.0058', 'HIT@10': '0.0102', 'NDCG@10': '0.0064', 'HIT@20': '0.0131', 'NDCG@20': '0.0071'}
{'Epoch': 142, 'name': 'all', 'HIT@5': '0.0262', 'NDCG@5': '0.0171', 'HIT@10': '0.0419', 'NDCG@10': '0.0222', 'HIT@20': '0.0640', 'NDCG@20': '0.0277'}
EarlyStopping counter: 24 out of 40
rec dataset length: 186
100%|███████████████████████████████████████████████████████████████████████████████████████████████████████████████████████████████████████████████████████████| 186/186 [00:18<00:00, 10.16it/s]
{'epoch': 143, 'rec_avg_loss': '0.3768', 'joint_avg_loss': '0.3768', 'cl_avg_loss': '0.0000', 'itemcl_loss': '0.0000', 'cl_pair_0_loss': '0.0000'}
Recommendation EP_test:143: 100%|| 35/35 [00:08<00:00,  4.16it/s]
{'Epoch': 143, 'name': 'high_freq', 'HIT@5': '0.0326', 'NDCG@5': '0.0206', 'HIT@10': '0.0544', 'NDCG@10': '0.0277', 'HIT@20': '0.0836', 'NDCG@20': '0.0350'}
{'Epoch': 143, 'name': 'mid_freq', 'HIT@5': '0.0090', 'NDCG@5': '0.0060', 'HIT@10': '0.0126', 'NDCG@10': '0.0072', 'HIT@20': '0.0191', 'NDCG@20': '0.0088'}
{'Epoch': 143, 'name': 'low_freq', 'HIT@5': '0.0061', 'NDCG@5': '0.0049', 'HIT@10': '0.0093', 'NDCG@10': '0.0060', 'HIT@20': '0.0138', 'NDCG@20': '0.0071'}
{'Epoch': 143, 'name': 'all', 'HIT@5': '0.0247', 'NDCG@5': '0.0158', 'HIT@10': '0.0406', 'NDCG@10': '0.0210', 'HIT@20': '0.0623', 'NDCG@20': '0.0264'}
EarlyStopping counter: 25 out of 40
rec dataset length: 186
100%|███████████████████████████████████████████████████████████████████████████████████████████████████████████████████████████████████████████████████████████| 186/186 [00:18<00:00, 10.13it/s]
{'epoch': 144, 'rec_avg_loss': '0.3742', 'joint_avg_loss': '0.3742', 'cl_avg_loss': '0.0000', 'itemcl_loss': '0.0000', 'cl_pair_0_loss': '0.0000'}
Recommendation EP_test:144: 100%|| 35/35 [00:08<00:00,  4.22it/s]
{'Epoch': 144, 'name': 'high_freq', 'HIT@5': '0.0340', 'NDCG@5': '0.0218', 'HIT@10': '0.0560', 'NDCG@10': '0.0288', 'HIT@20': '0.0853', 'NDCG@20': '0.0362'}
{'Epoch': 144, 'name': 'mid_freq', 'HIT@5': '0.0089', 'NDCG@5': '0.0063', 'HIT@10': '0.0132', 'NDCG@10': '0.0077', 'HIT@20': '0.0187', 'NDCG@20': '0.0090'}
{'Epoch': 144, 'name': 'low_freq', 'HIT@5': '0.0072', 'NDCG@5': '0.0053', 'HIT@10': '0.0093', 'NDCG@10': '0.0059', 'HIT@20': '0.0136', 'NDCG@20': '0.0070'}
{'Epoch': 144, 'name': 'all', 'HIT@5': '0.0258', 'NDCG@5': '0.0167', 'HIT@10': '0.0418', 'NDCG@10': '0.0218', 'HIT@20': '0.0634', 'NDCG@20': '0.0273'}
EarlyStopping counter: 26 out of 40
rec dataset length: 186
100%|███████████████████████████████████████████████████████████████████████████████████████████████████████████████████████████████████████████████████████████| 186/186 [00:18<00:00, 10.07it/s]
{'epoch': 145, 'rec_avg_loss': '0.3735', 'joint_avg_loss': '0.3735', 'cl_avg_loss': '0.0000', 'itemcl_loss': '0.0000', 'cl_pair_0_loss': '0.0000'}
Recommendation EP_test:145: 100%|| 35/35 [00:08<00:00,  4.06it/s]
{'Epoch': 145, 'name': 'high_freq', 'HIT@5': '0.0348', 'NDCG@5': '0.0224', 'HIT@10': '0.0542', 'NDCG@10': '0.0287', 'HIT@20': '0.0861', 'NDCG@20': '0.0367'}
{'Epoch': 145, 'name': 'mid_freq', 'HIT@5': '0.0096', 'NDCG@5': '0.0067', 'HIT@10': '0.0142', 'NDCG@10': '0.0081', 'HIT@20': '0.0190', 'NDCG@20': '0.0093'}
{'Epoch': 145, 'name': 'low_freq', 'HIT@5': '0.0086', 'NDCG@5': '0.0062', 'HIT@10': '0.0109', 'NDCG@10': '0.0070', 'HIT@20': '0.0136', 'NDCG@20': '0.0076'}
{'Epoch': 145, 'name': 'all', 'HIT@5': '0.0266', 'NDCG@5': '0.0173', 'HIT@10': '0.0410', 'NDCG@10': '0.0220', 'HIT@20': '0.0639', 'NDCG@20': '0.0277'}
EarlyStopping counter: 27 out of 40
rec dataset length: 186
100%|███████████████████████████████████████████████████████████████████████████████████████████████████████████████████████████████████████████████████████████| 186/186 [00:18<00:00, 10.16it/s]
{'epoch': 146, 'rec_avg_loss': '0.3688', 'joint_avg_loss': '0.3688', 'cl_avg_loss': '0.0000', 'itemcl_loss': '0.0000', 'cl_pair_0_loss': '0.0000'}
Recommendation EP_test:146: 100%|| 35/35 [00:08<00:00,  4.09it/s]
{'Epoch': 146, 'name': 'high_freq', 'HIT@5': '0.0340', 'NDCG@5': '0.0224', 'HIT@10': '0.0553', 'NDCG@10': '0.0292', 'HIT@20': '0.0862', 'NDCG@20': '0.0370'}
{'Epoch': 146, 'name': 'mid_freq', 'HIT@5': '0.0083', 'NDCG@5': '0.0058', 'HIT@10': '0.0135', 'NDCG@10': '0.0074', 'HIT@20': '0.0190', 'NDCG@20': '0.0088'}
{'Epoch': 146, 'name': 'low_freq', 'HIT@5': '0.0081', 'NDCG@5': '0.0057', 'HIT@10': '0.0111', 'NDCG@10': '0.0066', 'HIT@20': '0.0136', 'NDCG@20': '0.0073'}
{'Epoch': 146, 'name': 'all', 'HIT@5': '0.0258', 'NDCG@5': '0.0171', 'HIT@10': '0.0416', 'NDCG@10': '0.0222', 'HIT@20': '0.0640', 'NDCG@20': '0.0278'}
EarlyStopping counter: 28 out of 40
rec dataset length: 186
100%|███████████████████████████████████████████████████████████████████████████████████████████████████████████████████████████████████████████████████████████| 186/186 [00:18<00:00, 10.25it/s]
{'epoch': 147, 'rec_avg_loss': '0.3724', 'joint_avg_loss': '0.3724', 'cl_avg_loss': '0.0000', 'itemcl_loss': '0.0000', 'cl_pair_0_loss': '0.0000'}
Recommendation EP_test:147: 100%|| 35/35 [00:08<00:00,  4.10it/s]
{'Epoch': 147, 'name': 'high_freq', 'HIT@5': '0.0354', 'NDCG@5': '0.0226', 'HIT@10': '0.0567', 'NDCG@10': '0.0294', 'HIT@20': '0.0859', 'NDCG@20': '0.0368'}
{'Epoch': 147, 'name': 'mid_freq', 'HIT@5': '0.0095', 'NDCG@5': '0.0061', 'HIT@10': '0.0132', 'NDCG@10': '0.0072', 'HIT@20': '0.0203', 'NDCG@20': '0.0090'}
{'Epoch': 147, 'name': 'low_freq', 'HIT@5': '0.0093', 'NDCG@5': '0.0071', 'HIT@10': '0.0111', 'NDCG@10': '0.0077', 'HIT@20': '0.0134', 'NDCG@20': '0.0083'}
{'Epoch': 147, 'name': 'all', 'HIT@5': '0.0271', 'NDCG@5': '0.0175', 'HIT@10': '0.0425', 'NDCG@10': '0.0224', 'HIT@20': '0.0640', 'NDCG@20': '0.0278'}
EarlyStopping counter: 29 out of 40
rec dataset length: 186
100%|███████████████████████████████████████████████████████████████████████████████████████████████████████████████████████████████████████████████████████████| 186/186 [00:18<00:00, 10.23it/s]
{'epoch': 148, 'rec_avg_loss': '0.3742', 'joint_avg_loss': '0.3742', 'cl_avg_loss': '0.0000', 'itemcl_loss': '0.0000', 'cl_pair_0_loss': '0.0000'}
Recommendation EP_test:148: 100%|| 35/35 [00:08<00:00,  4.09it/s]
{'Epoch': 148, 'name': 'high_freq', 'HIT@5': '0.0348', 'NDCG@5': '0.0226', 'HIT@10': '0.0566', 'NDCG@10': '0.0297', 'HIT@20': '0.0875', 'NDCG@20': '0.0374'}
{'Epoch': 148, 'name': 'mid_freq', 'HIT@5': '0.0083', 'NDCG@5': '0.0056', 'HIT@10': '0.0118', 'NDCG@10': '0.0067', 'HIT@20': '0.0182', 'NDCG@20': '0.0084'}
{'Epoch': 148, 'name': 'low_freq', 'HIT@5': '0.0081', 'NDCG@5': '0.0062', 'HIT@10': '0.0106', 'NDCG@10': '0.0070', 'HIT@20': '0.0136', 'NDCG@20': '0.0078'}
{'Epoch': 148, 'name': 'all', 'HIT@5': '0.0263', 'NDCG@5': '0.0173', 'HIT@10': '0.0421', 'NDCG@10': '0.0224', 'HIT@20': '0.0648', 'NDCG@20': '0.0281'}
EarlyStopping counter: 30 out of 40
rec dataset length: 186
100%|███████████████████████████████████████████████████████████████████████████████████████████████████████████████████████████████████████████████████████████| 186/186 [00:18<00:00, 10.33it/s]
{'epoch': 149, 'rec_avg_loss': '0.3717', 'joint_avg_loss': '0.3717', 'cl_avg_loss': '0.0000', 'itemcl_loss': '0.0000', 'cl_pair_0_loss': '0.0000'}
Recommendation EP_test:149: 100%|| 35/35 [00:08<00:00,  4.12it/s]
{'Epoch': 149, 'name': 'high_freq', 'HIT@5': '0.0360', 'NDCG@5': '0.0231', 'HIT@10': '0.0568', 'NDCG@10': '0.0298', 'HIT@20': '0.0865', 'NDCG@20': '0.0372'}
{'Epoch': 149, 'name': 'mid_freq', 'HIT@5': '0.0092', 'NDCG@5': '0.0059', 'HIT@10': '0.0129', 'NDCG@10': '0.0072', 'HIT@20': '0.0190', 'NDCG@20': '0.0087'}
{'Epoch': 149, 'name': 'low_freq', 'HIT@5': '0.0086', 'NDCG@5': '0.0063', 'HIT@10': '0.0102', 'NDCG@10': '0.0069', 'HIT@20': '0.0136', 'NDCG@20': '0.0078'}
{'Epoch': 149, 'name': 'all', 'HIT@5': '0.0273', 'NDCG@5': '0.0177', 'HIT@10': '0.0424', 'NDCG@10': '0.0225', 'HIT@20': '0.0642', 'NDCG@20': '0.0280'}
EarlyStopping counter: 31 out of 40
rec dataset length: 186
100%|███████████████████████████████████████████████████████████████████████████████████████████████████████████████████████████████████████████████████████████| 186/186 [00:18<00:00, 10.15it/s]
{'epoch': 150, 'rec_avg_loss': '0.3695', 'joint_avg_loss': '0.3695', 'cl_avg_loss': '0.0000', 'itemcl_loss': '0.0000', 'cl_pair_0_loss': '0.0000'}
Recommendation EP_test:150: 100%|| 35/35 [00:08<00:00,  4.30it/s]
{'Epoch': 150, 'name': 'high_freq', 'HIT@5': '0.0350', 'NDCG@5': '0.0226', 'HIT@10': '0.0576', 'NDCG@10': '0.0299', 'HIT@20': '0.0878', 'NDCG@20': '0.0374'}
{'Epoch': 150, 'name': 'mid_freq', 'HIT@5': '0.0089', 'NDCG@5': '0.0058', 'HIT@10': '0.0132', 'NDCG@10': '0.0072', 'HIT@20': '0.0184', 'NDCG@20': '0.0085'}
{'Epoch': 150, 'name': 'low_freq', 'HIT@5': '0.0086', 'NDCG@5': '0.0062', 'HIT@10': '0.0104', 'NDCG@10': '0.0068', 'HIT@20': '0.0134', 'NDCG@20': '0.0075'}
{'Epoch': 150, 'name': 'all', 'HIT@5': '0.0266', 'NDCG@5': '0.0173', 'HIT@10': '0.0431', 'NDCG@10': '0.0226', 'HIT@20': '0.0650', 'NDCG@20': '0.0281'}
EarlyStopping counter: 32 out of 40
rec dataset length: 186
100%|███████████████████████████████████████████████████████████████████████████████████████████████████████████████████████████████████████████████████████████| 186/186 [00:18<00:00, 10.14it/s]
{'epoch': 151, 'rec_avg_loss': '0.3720', 'joint_avg_loss': '0.3720', 'cl_avg_loss': '0.0000', 'itemcl_loss': '0.0000', 'cl_pair_0_loss': '0.0000'}
Recommendation EP_test:151: 100%|| 35/35 [00:08<00:00,  4.07it/s]
{'Epoch': 151, 'name': 'high_freq', 'HIT@5': '0.0349', 'NDCG@5': '0.0223', 'HIT@10': '0.0554', 'NDCG@10': '0.0289', 'HIT@20': '0.0863', 'NDCG@20': '0.0366'}
{'Epoch': 151, 'name': 'mid_freq', 'HIT@5': '0.0099', 'NDCG@5': '0.0064', 'HIT@10': '0.0134', 'NDCG@10': '0.0075', 'HIT@20': '0.0187', 'NDCG@20': '0.0089'}
{'Epoch': 151, 'name': 'low_freq', 'HIT@5': '0.0088', 'NDCG@5': '0.0057', 'HIT@10': '0.0111', 'NDCG@10': '0.0065', 'HIT@20': '0.0145', 'NDCG@20': '0.0073'}
{'Epoch': 151, 'name': 'all', 'HIT@5': '0.0268', 'NDCG@5': '0.0171', 'HIT@10': '0.0417', 'NDCG@10': '0.0219', 'HIT@20': '0.0642', 'NDCG@20': '0.0276'}
EarlyStopping counter: 33 out of 40
rec dataset length: 186
100%|███████████████████████████████████████████████████████████████████████████████████████████████████████████████████████████████████████████████████████████| 186/186 [00:18<00:00, 10.09it/s]
{'epoch': 152, 'rec_avg_loss': '0.3707', 'joint_avg_loss': '0.3707', 'cl_avg_loss': '0.0000', 'itemcl_loss': '0.0000', 'cl_pair_0_loss': '0.0000'}
Recommendation EP_test:152: 100%|| 35/35 [00:08<00:00,  4.26it/s]
{'Epoch': 152, 'name': 'high_freq', 'HIT@5': '0.0334', 'NDCG@5': '0.0219', 'HIT@10': '0.0542', 'NDCG@10': '0.0285', 'HIT@20': '0.0854', 'NDCG@20': '0.0364'}
{'Epoch': 152, 'name': 'mid_freq', 'HIT@5': '0.0098', 'NDCG@5': '0.0067', 'HIT@10': '0.0128', 'NDCG@10': '0.0076', 'HIT@20': '0.0181', 'NDCG@20': '0.0090'}
{'Epoch': 152, 'name': 'low_freq', 'HIT@5': '0.0068', 'NDCG@5': '0.0047', 'HIT@10': '0.0100', 'NDCG@10': '0.0058', 'HIT@20': '0.0131', 'NDCG@20': '0.0066'}
{'Epoch': 152, 'name': 'all', 'HIT@5': '0.0255', 'NDCG@5': '0.0168', 'HIT@10': '0.0406', 'NDCG@10': '0.0216', 'HIT@20': '0.0633', 'NDCG@20': '0.0273'}
EarlyStopping counter: 34 out of 40
rec dataset length: 186
100%|███████████████████████████████████████████████████████████████████████████████████████████████████████████████████████████████████████████████████████████| 186/186 [00:18<00:00, 10.08it/s]
{'epoch': 153, 'rec_avg_loss': '0.3717', 'joint_avg_loss': '0.3717', 'cl_avg_loss': '0.0000', 'itemcl_loss': '0.0000', 'cl_pair_0_loss': '0.0000'}
Recommendation EP_test:153: 100%|| 35/35 [00:08<00:00,  4.23it/s]
{'Epoch': 153, 'name': 'high_freq', 'HIT@5': '0.0350', 'NDCG@5': '0.0223', 'HIT@10': '0.0548', 'NDCG@10': '0.0287', 'HIT@20': '0.0851', 'NDCG@20': '0.0363'}
{'Epoch': 153, 'name': 'mid_freq', 'HIT@5': '0.0099', 'NDCG@5': '0.0068', 'HIT@10': '0.0138', 'NDCG@10': '0.0081', 'HIT@20': '0.0195', 'NDCG@20': '0.0095'}
{'Epoch': 153, 'name': 'low_freq', 'HIT@5': '0.0072', 'NDCG@5': '0.0049', 'HIT@10': '0.0102', 'NDCG@10': '0.0058', 'HIT@20': '0.0134', 'NDCG@20': '0.0066'}
{'Epoch': 153, 'name': 'all', 'HIT@5': '0.0266', 'NDCG@5': '0.0171', 'HIT@10': '0.0412', 'NDCG@10': '0.0218', 'HIT@20': '0.0633', 'NDCG@20': '0.0274'}
EarlyStopping counter: 35 out of 40
rec dataset length: 186
100%|███████████████████████████████████████████████████████████████████████████████████████████████████████████████████████████████████████████████████████████| 186/186 [00:18<00:00, 10.09it/s]
{'epoch': 154, 'rec_avg_loss': '0.3705', 'joint_avg_loss': '0.3705', 'cl_avg_loss': '0.0000', 'itemcl_loss': '0.0000', 'cl_pair_0_loss': '0.0000'}
Recommendation EP_test:154: 100%|| 35/35 [00:08<00:00,  4.14it/s]
{'Epoch': 154, 'name': 'high_freq', 'HIT@5': '0.0351', 'NDCG@5': '0.0224', 'HIT@10': '0.0554', 'NDCG@10': '0.0289', 'HIT@20': '0.0843', 'NDCG@20': '0.0361'}
{'Epoch': 154, 'name': 'mid_freq', 'HIT@5': '0.0092', 'NDCG@5': '0.0065', 'HIT@10': '0.0138', 'NDCG@10': '0.0080', 'HIT@20': '0.0195', 'NDCG@20': '0.0094'}
{'Epoch': 154, 'name': 'low_freq', 'HIT@5': '0.0079', 'NDCG@5': '0.0052', 'HIT@10': '0.0102', 'NDCG@10': '0.0059', 'HIT@20': '0.0129', 'NDCG@20': '0.0066'}
{'Epoch': 154, 'name': 'all', 'HIT@5': '0.0267', 'NDCG@5': '0.0171', 'HIT@10': '0.0417', 'NDCG@10': '0.0219', 'HIT@20': '0.0628', 'NDCG@20': '0.0273'}
EarlyStopping counter: 36 out of 40
rec dataset length: 186
100%|███████████████████████████████████████████████████████████████████████████████████████████████████████████████████████████████████████████████████████████| 186/186 [00:18<00:00, 10.17it/s]
{'epoch': 155, 'rec_avg_loss': '0.3698', 'joint_avg_loss': '0.3698', 'cl_avg_loss': '0.0000', 'itemcl_loss': '0.0000', 'cl_pair_0_loss': '0.0000'}
Recommendation EP_test:155: 100%|| 35/35 [00:08<00:00,  4.05it/s]
{'Epoch': 155, 'name': 'high_freq', 'HIT@5': '0.0327', 'NDCG@5': '0.0212', 'HIT@10': '0.0539', 'NDCG@10': '0.0280', 'HIT@20': '0.0832', 'NDCG@20': '0.0354'}
{'Epoch': 155, 'name': 'mid_freq', 'HIT@5': '0.0099', 'NDCG@5': '0.0067', 'HIT@10': '0.0135', 'NDCG@10': '0.0079', 'HIT@20': '0.0198', 'NDCG@20': '0.0094'}
{'Epoch': 155, 'name': 'low_freq', 'HIT@5': '0.0077', 'NDCG@5': '0.0057', 'HIT@10': '0.0095', 'NDCG@10': '0.0063', 'HIT@20': '0.0122', 'NDCG@20': '0.0070'}
{'Epoch': 155, 'name': 'all', 'HIT@5': '0.0251', 'NDCG@5': '0.0164', 'HIT@10': '0.0405', 'NDCG@10': '0.0214', 'HIT@20': '0.0620', 'NDCG@20': '0.0268'}
EarlyStopping counter: 37 out of 40
rec dataset length: 186
100%|███████████████████████████████████████████████████████████████████████████████████████████████████████████████████████████████████████████████████████████| 186/186 [00:18<00:00, 10.02it/s]
{'epoch': 156, 'rec_avg_loss': '0.3680', 'joint_avg_loss': '0.3680', 'cl_avg_loss': '0.0000', 'itemcl_loss': '0.0000', 'cl_pair_0_loss': '0.0000'}
Recommendation EP_test:156: 100%|| 35/35 [00:08<00:00,  4.22it/s]
{'Epoch': 156, 'name': 'high_freq', 'HIT@5': '0.0339', 'NDCG@5': '0.0221', 'HIT@10': '0.0548', 'NDCG@10': '0.0288', 'HIT@20': '0.0844', 'NDCG@20': '0.0363'}
{'Epoch': 156, 'name': 'mid_freq', 'HIT@5': '0.0101', 'NDCG@5': '0.0069', 'HIT@10': '0.0142', 'NDCG@10': '0.0082', 'HIT@20': '0.0203', 'NDCG@20': '0.0098'}
{'Epoch': 156, 'name': 'low_freq', 'HIT@5': '0.0086', 'NDCG@5': '0.0065', 'HIT@10': '0.0104', 'NDCG@10': '0.0071', 'HIT@20': '0.0122', 'NDCG@20': '0.0075'}
{'Epoch': 156, 'name': 'all', 'HIT@5': '0.0261', 'NDCG@5': '0.0172', 'HIT@10': '0.0413', 'NDCG@10': '0.0221', 'HIT@20': '0.0629', 'NDCG@20': '0.0275'}
EarlyStopping counter: 38 out of 40
rec dataset length: 186
100%|███████████████████████████████████████████████████████████████████████████████████████████████████████████████████████████████████████████████████████████| 186/186 [00:18<00:00, 10.14it/s]
{'epoch': 157, 'rec_avg_loss': '0.3706', 'joint_avg_loss': '0.3706', 'cl_avg_loss': '0.0000', 'itemcl_loss': '0.0000', 'cl_pair_0_loss': '0.0000'}
Recommendation EP_test:157: 100%|| 35/35 [00:08<00:00,  4.26it/s]
{'Epoch': 157, 'name': 'high_freq', 'HIT@5': '0.0347', 'NDCG@5': '0.0225', 'HIT@10': '0.0556', 'NDCG@10': '0.0292', 'HIT@20': '0.0856', 'NDCG@20': '0.0367'}
{'Epoch': 157, 'name': 'mid_freq', 'HIT@5': '0.0098', 'NDCG@5': '0.0065', 'HIT@10': '0.0139', 'NDCG@10': '0.0078', 'HIT@20': '0.0204', 'NDCG@20': '0.0095'}
{'Epoch': 157, 'name': 'low_freq', 'HIT@5': '0.0081', 'NDCG@5': '0.0058', 'HIT@10': '0.0100', 'NDCG@10': '0.0063', 'HIT@20': '0.0129', 'NDCG@20': '0.0070'}
{'Epoch': 157, 'name': 'all', 'HIT@5': '0.0265', 'NDCG@5': '0.0173', 'HIT@10': '0.0418', 'NDCG@10': '0.0222', 'HIT@20': '0.0639', 'NDCG@20': '0.0277'}
EarlyStopping counter: 39 out of 40
rec dataset length: 186
100%|███████████████████████████████████████████████████████████████████████████████████████████████████████████████████████████████████████████████████████████| 186/186 [00:18<00:00, 10.13it/s]
{'epoch': 158, 'rec_avg_loss': '0.3689', 'joint_avg_loss': '0.3689', 'cl_avg_loss': '0.0000', 'itemcl_loss': '0.0000', 'cl_pair_0_loss': '0.0000'}
Recommendation EP_test:158: 100%|| 35/35 [00:08<00:00,  4.33it/s]
{'Epoch': 158, 'name': 'high_freq', 'HIT@5': '0.0347', 'NDCG@5': '0.0224', 'HIT@10': '0.0550', 'NDCG@10': '0.0289', 'HIT@20': '0.0850', 'NDCG@20': '0.0364'}
{'Epoch': 158, 'name': 'mid_freq', 'HIT@5': '0.0090', 'NDCG@5': '0.0063', 'HIT@10': '0.0134', 'NDCG@10': '0.0076', 'HIT@20': '0.0198', 'NDCG@20': '0.0092'}
{'Epoch': 158, 'name': 'low_freq', 'HIT@5': '0.0081', 'NDCG@5': '0.0058', 'HIT@10': '0.0093', 'NDCG@10': '0.0062', 'HIT@20': '0.0120', 'NDCG@20': '0.0068'}
{'Epoch': 158, 'name': 'all', 'HIT@5': '0.0264', 'NDCG@5': '0.0172', 'HIT@10': '0.0412', 'NDCG@10': '0.0219', 'HIT@20': '0.0632', 'NDCG@20': '0.0274'}
EarlyStopping counter: 40 out of 40
Early stopping
---------------Change to test_rating_matrix!-------------------
Recommendation EP_test:159: 100%|| 35/35 [00:08<00:00,  3.91it/s]
{'Epoch': 159, 'name': 'high_freq', 'HIT@5': '0.0316', 'NDCG@5': '0.0212', 'HIT@10': '0.0483', 'NDCG@10': '0.0265', 'HIT@20': '0.0733', 'NDCG@20': '0.0328'}
{'Epoch': 159, 'name': 'mid_freq', 'HIT@5': '0.0067', 'NDCG@5': '0.0049', 'HIT@10': '0.0110', 'NDCG@10': '0.0063', 'HIT@20': '0.0153', 'NDCG@20': '0.0073'}
{'Epoch': 159, 'name': 'low_freq', 'HIT@5': '0.0069', 'NDCG@5': '0.0047', 'HIT@10': '0.0088', 'NDCG@10': '0.0053', 'HIT@20': '0.0102', 'NDCG@20': '0.0056'}
{'Epoch': 159, 'name': 'all', 'HIT@5': '0.0224', 'NDCG@5': '0.0151', 'HIT@10': '0.0342', 'NDCG@10': '0.0189', 'HIT@20': '0.0512', 'NDCG@20': '0.0232'}
CoSeRec-Sports_and_Outdoors-single_base_1024
{'Epoch': 159, 'name': 'all', 'HIT@5': '0.0224', 'NDCG@5': '0.0151', 'HIT@10': '0.0342', 'NDCG@10': '0.0189', 'HIT@20': '0.0512', 'NDCG@20': '0.0232'}