Using Cuda: True
(18359, 18359)
--------------------Configure Info:------------
data_dir                       :                             ./data/
output_dir                     :                             output/
data_name                      :                 Sports_and_Outdoors
do_eval                        :                                   0
model_idx                      :               single_base_1024_freq
gpu_id                         :                                   0
noise_ratio                    :                                 0.0
training_data_ratio            :                                 1.0
augment_threshold              :                                   4
similarity_model_name          :                          ItemCF_IUF
augmentation_warm_up_epoches   :                                 160
base_augment_type              :                              random
augment_type_for_short         :                                 SIM
tao                            :                                 0.2
gamma                          :                                 0.7
beta                           :                                 0.2
substitute_rate                :                                 0.1
insert_rate                    :                                 0.4
max_insert_num_per_pos         :                                   1
temperature                    :                                 1.0
n_views                        :                                   2
model_name                     :                             CoSeRec
hidden_size                    :                                  64
num_hidden_layers              :                                   2
num_attention_heads            :                                   2
hidden_act                     :                                gelu
attention_probs_dropout_prob   :                                 0.5
hidden_dropout_prob            :                                 0.5
initializer_range              :                                0.02
max_seq_length                 :                                  50
lr                             :                               0.001
batch_size                     :                                1024
epochs                         :                                 300
no_cuda                        :                                   0
log_freq                       :                                   1
seed                           :                                   1
cf_weight                      :                                 0.1
rec_weight                     :                                 1.0
weight_decay                   :                                 0.0
adam_beta1                     :                                 0.9
adam_beta2                     :                               0.999
cl                             :                                   0
multi_neg                      :                                   0
use_freq                       :                                   1
cuda_condition                 :                                   1
data_file                      :      ./data/Sports_and_Outdoors.txt
item_size                      :                               18359
mask_id                        :                               18358
log_file                       : output/CoSeRec-Sports_and_Outdoors-single_base_1024_freq.txt
Total Parameters: 1278464
self.cf_criterion: NCELoss
Train CoSeRec
rec dataset length: 186
100%|███████████████████████████████████████████████████████████████████████████████████████████████████████████████████████████████████████████████████████████| 186/186 [00:19<00:00,  9.76it/s]
{'epoch': 0, 'rec_avg_loss': '1.2148', 'joint_avg_loss': '1.2148', 'cl_avg_loss': '0.0000', 'itemcl_loss': '0.0000', 'cl_pair_0_loss': '0.0000'}
Recommendation EP_test:0: 100%|| 35/35 [00:10<00:00,  3.37it/s]
{'Epoch': 0, 'name': 'high_freq', 'HIT@5': '0.0123', 'NDCG@5': '0.0081', 'HIT@10': '0.0198', 'NDCG@10': '0.0105', 'HIT@20': '0.0305', 'NDCG@20': '0.0131'}
{'Epoch': 0, 'name': 'mid_freq', 'HIT@5': '0.0000', 'NDCG@5': '0.0000', 'HIT@10': '0.0000', 'NDCG@10': '0.0000', 'HIT@20': '0.0000', 'NDCG@20': '0.0000'}
{'Epoch': 0, 'name': 'low_freq', 'HIT@5': '0.0000', 'NDCG@5': '0.0000', 'HIT@10': '0.0000', 'NDCG@10': '0.0000', 'HIT@20': '0.0000', 'NDCG@20': '0.0000'}
{'Epoch': 0, 'name': 'all', 'HIT@5': '0.0084', 'NDCG@5': '0.0055', 'HIT@10': '0.0135', 'NDCG@10': '0.0071', 'HIT@20': '0.0207', 'NDCG@20': '0.0089'}
Validation score increased.  Saving model ...
rec dataset length: 186
100%|███████████████████████████████████████████████████████████████████████████████████████████████████████████████████████████████████████████████████████████| 186/186 [00:18<00:00, 10.01it/s]
{'epoch': 1, 'rec_avg_loss': '1.1624', 'joint_avg_loss': '1.1624', 'cl_avg_loss': '0.0000', 'itemcl_loss': '0.0000', 'cl_pair_0_loss': '0.0000'}
Recommendation EP_test:1: 100%|| 35/35 [00:10<00:00,  3.36it/s]
{'Epoch': 1, 'name': 'high_freq', 'HIT@5': '0.0137', 'NDCG@5': '0.0088', 'HIT@10': '0.0216', 'NDCG@10': '0.0113', 'HIT@20': '0.0369', 'NDCG@20': '0.0152'}
{'Epoch': 1, 'name': 'mid_freq', 'HIT@5': '0.0000', 'NDCG@5': '0.0000', 'HIT@10': '0.0000', 'NDCG@10': '0.0000', 'HIT@20': '0.0000', 'NDCG@20': '0.0000'}
{'Epoch': 1, 'name': 'low_freq', 'HIT@5': '0.0000', 'NDCG@5': '0.0000', 'HIT@10': '0.0000', 'NDCG@10': '0.0000', 'HIT@20': '0.0000', 'NDCG@20': '0.0000'}
{'Epoch': 1, 'name': 'all', 'HIT@5': '0.0093', 'NDCG@5': '0.0060', 'HIT@10': '0.0147', 'NDCG@10': '0.0077', 'HIT@20': '0.0251', 'NDCG@20': '0.0103'}
Validation score increased.  Saving model ...
rec dataset length: 186
100%|███████████████████████████████████████████████████████████████████████████████████████████████████████████████████████████████████████████████████████████| 186/186 [00:18<00:00, 10.06it/s]
{'epoch': 2, 'rec_avg_loss': '1.0909', 'joint_avg_loss': '1.0909', 'cl_avg_loss': '0.0000', 'itemcl_loss': '0.0000', 'cl_pair_0_loss': '0.0000'}
Recommendation EP_test:2: 100%|| 35/35 [00:10<00:00,  3.43it/s]
{'Epoch': 2, 'name': 'high_freq', 'HIT@5': '0.0159', 'NDCG@5': '0.0104', 'HIT@10': '0.0246', 'NDCG@10': '0.0132', 'HIT@20': '0.0433', 'NDCG@20': '0.0179'}
{'Epoch': 2, 'name': 'mid_freq', 'HIT@5': '0.0000', 'NDCG@5': '0.0000', 'HIT@10': '0.0000', 'NDCG@10': '0.0000', 'HIT@20': '0.0000', 'NDCG@20': '0.0000'}
{'Epoch': 2, 'name': 'low_freq', 'HIT@5': '0.0000', 'NDCG@5': '0.0000', 'HIT@10': '0.0000', 'NDCG@10': '0.0000', 'HIT@20': '0.0000', 'NDCG@20': '0.0000'}
{'Epoch': 2, 'name': 'all', 'HIT@5': '0.0108', 'NDCG@5': '0.0071', 'HIT@10': '0.0167', 'NDCG@10': '0.0090', 'HIT@20': '0.0295', 'NDCG@20': '0.0122'}
Validation score increased.  Saving model ...
rec dataset length: 186
100%|███████████████████████████████████████████████████████████████████████████████████████████████████████████████████████████████████████████████████████████| 186/186 [00:18<00:00, 10.03it/s]
{'epoch': 3, 'rec_avg_loss': '1.0077', 'joint_avg_loss': '1.0077', 'cl_avg_loss': '0.0000', 'itemcl_loss': '0.0000', 'cl_pair_0_loss': '0.0000'}
Recommendation EP_test:3: 100%|| 35/35 [00:09<00:00,  3.55it/s]
{'Epoch': 3, 'name': 'high_freq', 'HIT@5': '0.0168', 'NDCG@5': '0.0106', 'HIT@10': '0.0291', 'NDCG@10': '0.0145', 'HIT@20': '0.0469', 'NDCG@20': '0.0190'}
{'Epoch': 3, 'name': 'mid_freq', 'HIT@5': '0.0001', 'NDCG@5': '0.0001', 'HIT@10': '0.0001', 'NDCG@10': '0.0001', 'HIT@20': '0.0003', 'NDCG@20': '0.0001'}
{'Epoch': 3, 'name': 'low_freq', 'HIT@5': '0.0000', 'NDCG@5': '0.0000', 'HIT@10': '0.0000', 'NDCG@10': '0.0000', 'HIT@20': '0.0002', 'NDCG@20': '0.0001'}
{'Epoch': 3, 'name': 'all', 'HIT@5': '0.0115', 'NDCG@5': '0.0072', 'HIT@10': '0.0198', 'NDCG@10': '0.0099', 'HIT@20': '0.0320', 'NDCG@20': '0.0130'}
Validation score increased.  Saving model ...
rec dataset length: 186
100%|███████████████████████████████████████████████████████████████████████████████████████████████████████████████████████████████████████████████████████████| 186/186 [00:18<00:00, 10.02it/s]
{'epoch': 4, 'rec_avg_loss': '0.9430', 'joint_avg_loss': '0.9430', 'cl_avg_loss': '0.0000', 'itemcl_loss': '0.0000', 'cl_pair_0_loss': '0.0000'}
Recommendation EP_test:4: 100%|| 35/35 [00:09<00:00,  3.55it/s]
{'Epoch': 4, 'name': 'high_freq', 'HIT@5': '0.0182', 'NDCG@5': '0.0114', 'HIT@10': '0.0320', 'NDCG@10': '0.0158', 'HIT@20': '0.0545', 'NDCG@20': '0.0214'}
{'Epoch': 4, 'name': 'mid_freq', 'HIT@5': '0.0001', 'NDCG@5': '0.0001', 'HIT@10': '0.0001', 'NDCG@10': '0.0001', 'HIT@20': '0.0001', 'NDCG@20': '0.0001'}
{'Epoch': 4, 'name': 'low_freq', 'HIT@5': '0.0002', 'NDCG@5': '0.0002', 'HIT@10': '0.0002', 'NDCG@10': '0.0002', 'HIT@20': '0.0002', 'NDCG@20': '0.0002'}
{'Epoch': 4, 'name': 'all', 'HIT@5': '0.0124', 'NDCG@5': '0.0078', 'HIT@10': '0.0219', 'NDCG@10': '0.0108', 'HIT@20': '0.0371', 'NDCG@20': '0.0146'}
Validation score increased.  Saving model ...
rec dataset length: 186
100%|███████████████████████████████████████████████████████████████████████████████████████████████████████████████████████████████████████████████████████████| 186/186 [00:18<00:00, 10.14it/s]
{'epoch': 5, 'rec_avg_loss': '0.8870', 'joint_avg_loss': '0.8870', 'cl_avg_loss': '0.0000', 'itemcl_loss': '0.0000', 'cl_pair_0_loss': '0.0000'}
Recommendation EP_test:5: 100%|| 35/35 [00:09<00:00,  3.58it/s]
{'Epoch': 5, 'name': 'high_freq', 'HIT@5': '0.0200', 'NDCG@5': '0.0127', 'HIT@10': '0.0341', 'NDCG@10': '0.0172', 'HIT@20': '0.0565', 'NDCG@20': '0.0228'}
{'Epoch': 5, 'name': 'mid_freq', 'HIT@5': '0.0006', 'NDCG@5': '0.0004', 'HIT@10': '0.0006', 'NDCG@10': '0.0004', 'HIT@20': '0.0007', 'NDCG@20': '0.0004'}
{'Epoch': 5, 'name': 'low_freq', 'HIT@5': '0.0002', 'NDCG@5': '0.0001', 'HIT@10': '0.0002', 'NDCG@10': '0.0001', 'HIT@20': '0.0005', 'NDCG@20': '0.0002'}
{'Epoch': 5, 'name': 'all', 'HIT@5': '0.0137', 'NDCG@5': '0.0087', 'HIT@10': '0.0234', 'NDCG@10': '0.0118', 'HIT@20': '0.0386', 'NDCG@20': '0.0156'}
Validation score increased.  Saving model ...
rec dataset length: 186
100%|███████████████████████████████████████████████████████████████████████████████████████████████████████████████████████████████████████████████████████████| 186/186 [00:18<00:00, 10.04it/s]
{'epoch': 6, 'rec_avg_loss': '0.8408', 'joint_avg_loss': '0.8408', 'cl_avg_loss': '0.0000', 'itemcl_loss': '0.0000', 'cl_pair_0_loss': '0.0000'}
Recommendation EP_test:6: 100%|| 35/35 [00:09<00:00,  3.57it/s]
{'Epoch': 6, 'name': 'high_freq', 'HIT@5': '0.0220', 'NDCG@5': '0.0134', 'HIT@10': '0.0375', 'NDCG@10': '0.0183', 'HIT@20': '0.0626', 'NDCG@20': '0.0246'}
{'Epoch': 6, 'name': 'mid_freq', 'HIT@5': '0.0011', 'NDCG@5': '0.0007', 'HIT@10': '0.0016', 'NDCG@10': '0.0009', 'HIT@20': '0.0026', 'NDCG@20': '0.0011'}
{'Epoch': 6, 'name': 'low_freq', 'HIT@5': '0.0005', 'NDCG@5': '0.0002', 'HIT@10': '0.0009', 'NDCG@10': '0.0004', 'HIT@20': '0.0011', 'NDCG@20': '0.0004'}
{'Epoch': 6, 'name': 'all', 'HIT@5': '0.0152', 'NDCG@5': '0.0093', 'HIT@10': '0.0259', 'NDCG@10': '0.0127', 'HIT@20': '0.0432', 'NDCG@20': '0.0170'}
Validation score increased.  Saving model ...
rec dataset length: 186
100%|███████████████████████████████████████████████████████████████████████████████████████████████████████████████████████████████████████████████████████████| 186/186 [00:18<00:00,  9.98it/s]
{'epoch': 7, 'rec_avg_loss': '0.7988', 'joint_avg_loss': '0.7988', 'cl_avg_loss': '0.0000', 'itemcl_loss': '0.0000', 'cl_pair_0_loss': '0.0000'}
Recommendation EP_test:7: 100%|| 35/35 [00:09<00:00,  3.58it/s]
{'Epoch': 7, 'name': 'high_freq', 'HIT@5': '0.0239', 'NDCG@5': '0.0151', 'HIT@10': '0.0407', 'NDCG@10': '0.0205', 'HIT@20': '0.0669', 'NDCG@20': '0.0271'}
{'Epoch': 7, 'name': 'mid_freq', 'HIT@5': '0.0013', 'NDCG@5': '0.0009', 'HIT@10': '0.0017', 'NDCG@10': '0.0011', 'HIT@20': '0.0029', 'NDCG@20': '0.0014'}
{'Epoch': 7, 'name': 'low_freq', 'HIT@5': '0.0002', 'NDCG@5': '0.0001', 'HIT@10': '0.0007', 'NDCG@10': '0.0003', 'HIT@20': '0.0018', 'NDCG@20': '0.0005'}
{'Epoch': 7, 'name': 'all', 'HIT@5': '0.0165', 'NDCG@5': '0.0105', 'HIT@10': '0.0281', 'NDCG@10': '0.0142', 'HIT@20': '0.0463', 'NDCG@20': '0.0187'}
Validation score increased.  Saving model ...
rec dataset length: 186
100%|███████████████████████████████████████████████████████████████████████████████████████████████████████████████████████████████████████████████████████████| 186/186 [00:18<00:00,  9.93it/s]
{'epoch': 8, 'rec_avg_loss': '0.7615', 'joint_avg_loss': '0.7615', 'cl_avg_loss': '0.0000', 'itemcl_loss': '0.0000', 'cl_pair_0_loss': '0.0000'}
Recommendation EP_test:8: 100%|| 35/35 [00:09<00:00,  3.60it/s]
{'Epoch': 8, 'name': 'high_freq', 'HIT@5': '0.0284', 'NDCG@5': '0.0177', 'HIT@10': '0.0458', 'NDCG@10': '0.0233', 'HIT@20': '0.0742', 'NDCG@20': '0.0304'}
{'Epoch': 8, 'name': 'mid_freq', 'HIT@5': '0.0016', 'NDCG@5': '0.0010', 'HIT@10': '0.0022', 'NDCG@10': '0.0012', 'HIT@20': '0.0033', 'NDCG@20': '0.0015'}
{'Epoch': 8, 'name': 'low_freq', 'HIT@5': '0.0007', 'NDCG@5': '0.0005', 'HIT@10': '0.0009', 'NDCG@10': '0.0006', 'HIT@20': '0.0025', 'NDCG@20': '0.0010'}
{'Epoch': 8, 'name': 'all', 'HIT@5': '0.0197', 'NDCG@5': '0.0123', 'HIT@10': '0.0317', 'NDCG@10': '0.0161', 'HIT@20': '0.0514', 'NDCG@20': '0.0211'}
Validation score increased.  Saving model ...
rec dataset length: 186
100%|███████████████████████████████████████████████████████████████████████████████████████████████████████████████████████████████████████████████████████████| 186/186 [00:18<00:00,  9.93it/s]
{'epoch': 9, 'rec_avg_loss': '0.7252', 'joint_avg_loss': '0.7252', 'cl_avg_loss': '0.0000', 'itemcl_loss': '0.0000', 'cl_pair_0_loss': '0.0000'}
Recommendation EP_test:9: 100%|| 35/35 [00:09<00:00,  3.65it/s]
{'Epoch': 9, 'name': 'high_freq', 'HIT@5': '0.0273', 'NDCG@5': '0.0174', 'HIT@10': '0.0455', 'NDCG@10': '0.0233', 'HIT@20': '0.0726', 'NDCG@20': '0.0301'}
{'Epoch': 9, 'name': 'mid_freq', 'HIT@5': '0.0017', 'NDCG@5': '0.0012', 'HIT@10': '0.0023', 'NDCG@10': '0.0014', 'HIT@20': '0.0033', 'NDCG@20': '0.0016'}
{'Epoch': 9, 'name': 'low_freq', 'HIT@5': '0.0011', 'NDCG@5': '0.0006', 'HIT@10': '0.0018', 'NDCG@10': '0.0008', 'HIT@20': '0.0025', 'NDCG@20': '0.0010'}
{'Epoch': 9, 'name': 'all', 'HIT@5': '0.0190', 'NDCG@5': '0.0121', 'HIT@10': '0.0317', 'NDCG@10': '0.0162', 'HIT@20': '0.0504', 'NDCG@20': '0.0209'}
EarlyStopping counter: 1 out of 40
rec dataset length: 186
100%|███████████████████████████████████████████████████████████████████████████████████████████████████████████████████████████████████████████████████████████| 186/186 [00:18<00:00,  9.96it/s]
{'epoch': 10, 'rec_avg_loss': '0.7039', 'joint_avg_loss': '0.7039', 'cl_avg_loss': '0.0000', 'itemcl_loss': '0.0000', 'cl_pair_0_loss': '0.0000'}
Recommendation EP_test:10: 100%|| 35/35 [00:09<00:00,  3.58it/s]
{'Epoch': 10, 'name': 'high_freq', 'HIT@5': '0.0281', 'NDCG@5': '0.0177', 'HIT@10': '0.0453', 'NDCG@10': '0.0232', 'HIT@20': '0.0735', 'NDCG@20': '0.0303'}
{'Epoch': 10, 'name': 'mid_freq', 'HIT@5': '0.0017', 'NDCG@5': '0.0013', 'HIT@10': '0.0037', 'NDCG@10': '0.0019', 'HIT@20': '0.0053', 'NDCG@20': '0.0023'}
{'Epoch': 10, 'name': 'low_freq', 'HIT@5': '0.0018', 'NDCG@5': '0.0010', 'HIT@10': '0.0023', 'NDCG@10': '0.0011', 'HIT@20': '0.0029', 'NDCG@20': '0.0013'}
{'Epoch': 10, 'name': 'all', 'HIT@5': '0.0197', 'NDCG@5': '0.0124', 'HIT@10': '0.0318', 'NDCG@10': '0.0163', 'HIT@20': '0.0514', 'NDCG@20': '0.0212'}
Validation score increased.  Saving model ...
rec dataset length: 186
100%|███████████████████████████████████████████████████████████████████████████████████████████████████████████████████████████████████████████████████████████| 186/186 [00:18<00:00, 10.01it/s]
{'epoch': 11, 'rec_avg_loss': '0.6798', 'joint_avg_loss': '0.6798', 'cl_avg_loss': '0.0000', 'itemcl_loss': '0.0000', 'cl_pair_0_loss': '0.0000'}
Recommendation EP_test:11: 100%|| 35/35 [00:09<00:00,  3.60it/s]
{'Epoch': 11, 'name': 'high_freq', 'HIT@5': '0.0279', 'NDCG@5': '0.0179', 'HIT@10': '0.0451', 'NDCG@10': '0.0234', 'HIT@20': '0.0730', 'NDCG@20': '0.0304'}
{'Epoch': 11, 'name': 'mid_freq', 'HIT@5': '0.0017', 'NDCG@5': '0.0013', 'HIT@10': '0.0032', 'NDCG@10': '0.0018', 'HIT@20': '0.0055', 'NDCG@20': '0.0023'}
{'Epoch': 11, 'name': 'low_freq', 'HIT@5': '0.0011', 'NDCG@5': '0.0007', 'HIT@10': '0.0020', 'NDCG@10': '0.0010', 'HIT@20': '0.0038', 'NDCG@20': '0.0014'}
{'Epoch': 11, 'name': 'all', 'HIT@5': '0.0194', 'NDCG@5': '0.0125', 'HIT@10': '0.0315', 'NDCG@10': '0.0164', 'HIT@20': '0.0512', 'NDCG@20': '0.0213'}
Validation score increased.  Saving model ...
rec dataset length: 186
100%|███████████████████████████████████████████████████████████████████████████████████████████████████████████████████████████████████████████████████████████| 186/186 [00:18<00:00, 10.06it/s]
{'epoch': 12, 'rec_avg_loss': '0.6569', 'joint_avg_loss': '0.6569', 'cl_avg_loss': '0.0000', 'itemcl_loss': '0.0000', 'cl_pair_0_loss': '0.0000'}
Recommendation EP_test:12: 100%|| 35/35 [00:09<00:00,  3.66it/s]
{'Epoch': 12, 'name': 'high_freq', 'HIT@5': '0.0275', 'NDCG@5': '0.0179', 'HIT@10': '0.0449', 'NDCG@10': '0.0235', 'HIT@20': '0.0717', 'NDCG@20': '0.0302'}
{'Epoch': 12, 'name': 'mid_freq', 'HIT@5': '0.0023', 'NDCG@5': '0.0014', 'HIT@10': '0.0037', 'NDCG@10': '0.0019', 'HIT@20': '0.0068', 'NDCG@20': '0.0026'}
{'Epoch': 12, 'name': 'low_freq', 'HIT@5': '0.0005', 'NDCG@5': '0.0005', 'HIT@10': '0.0018', 'NDCG@10': '0.0009', 'HIT@20': '0.0034', 'NDCG@20': '0.0013'}
{'Epoch': 12, 'name': 'all', 'HIT@5': '0.0192', 'NDCG@5': '0.0125', 'HIT@10': '0.0315', 'NDCG@10': '0.0165', 'HIT@20': '0.0505', 'NDCG@20': '0.0212'}
EarlyStopping counter: 1 out of 40
rec dataset length: 186
100%|███████████████████████████████████████████████████████████████████████████████████████████████████████████████████████████████████████████████████████████| 186/186 [00:18<00:00,  9.98it/s]
{'epoch': 13, 'rec_avg_loss': '0.6376', 'joint_avg_loss': '0.6376', 'cl_avg_loss': '0.0000', 'itemcl_loss': '0.0000', 'cl_pair_0_loss': '0.0000'}
Recommendation EP_test:13: 100%|| 35/35 [00:09<00:00,  3.61it/s]
{'Epoch': 13, 'name': 'high_freq', 'HIT@5': '0.0291', 'NDCG@5': '0.0188', 'HIT@10': '0.0467', 'NDCG@10': '0.0244', 'HIT@20': '0.0758', 'NDCG@20': '0.0317'}
{'Epoch': 13, 'name': 'mid_freq', 'HIT@5': '0.0020', 'NDCG@5': '0.0013', 'HIT@10': '0.0047', 'NDCG@10': '0.0022', 'HIT@20': '0.0069', 'NDCG@20': '0.0027'}
{'Epoch': 13, 'name': 'low_freq', 'HIT@5': '0.0014', 'NDCG@5': '0.0011', 'HIT@10': '0.0020', 'NDCG@10': '0.0013', 'HIT@20': '0.0038', 'NDCG@20': '0.0018'}
{'Epoch': 13, 'name': 'all', 'HIT@5': '0.0203', 'NDCG@5': '0.0132', 'HIT@10': '0.0330', 'NDCG@10': '0.0172', 'HIT@20': '0.0534', 'NDCG@20': '0.0223'}
Validation score increased.  Saving model ...
rec dataset length: 186
100%|███████████████████████████████████████████████████████████████████████████████████████████████████████████████████████████████████████████████████████████| 186/186 [00:18<00:00, 10.02it/s]
{'epoch': 14, 'rec_avg_loss': '0.6215', 'joint_avg_loss': '0.6215', 'cl_avg_loss': '0.0000', 'itemcl_loss': '0.0000', 'cl_pair_0_loss': '0.0000'}
Recommendation EP_test:14: 100%|| 35/35 [00:09<00:00,  3.63it/s]
{'Epoch': 14, 'name': 'high_freq', 'HIT@5': '0.0262', 'NDCG@5': '0.0171', 'HIT@10': '0.0452', 'NDCG@10': '0.0232', 'HIT@20': '0.0742', 'NDCG@20': '0.0304'}
{'Epoch': 14, 'name': 'mid_freq', 'HIT@5': '0.0029', 'NDCG@5': '0.0018', 'HIT@10': '0.0050', 'NDCG@10': '0.0025', 'HIT@20': '0.0078', 'NDCG@20': '0.0032'}
{'Epoch': 14, 'name': 'low_freq', 'HIT@5': '0.0018', 'NDCG@5': '0.0012', 'HIT@10': '0.0029', 'NDCG@10': '0.0015', 'HIT@20': '0.0041', 'NDCG@20': '0.0018'}
{'Epoch': 14, 'name': 'all', 'HIT@5': '0.0186', 'NDCG@5': '0.0121', 'HIT@10': '0.0321', 'NDCG@10': '0.0164', 'HIT@20': '0.0525', 'NDCG@20': '0.0215'}
EarlyStopping counter: 1 out of 40
rec dataset length: 186
100%|███████████████████████████████████████████████████████████████████████████████████████████████████████████████████████████████████████████████████████████| 186/186 [00:18<00:00,  9.91it/s]
{'epoch': 15, 'rec_avg_loss': '0.6061', 'joint_avg_loss': '0.6061', 'cl_avg_loss': '0.0000', 'itemcl_loss': '0.0000', 'cl_pair_0_loss': '0.0000'}
Recommendation EP_test:15: 100%|| 35/35 [00:09<00:00,  3.68it/s]
{'Epoch': 15, 'name': 'high_freq', 'HIT@5': '0.0278', 'NDCG@5': '0.0177', 'HIT@10': '0.0469', 'NDCG@10': '0.0238', 'HIT@20': '0.0745', 'NDCG@20': '0.0307'}
{'Epoch': 15, 'name': 'mid_freq', 'HIT@5': '0.0026', 'NDCG@5': '0.0017', 'HIT@10': '0.0052', 'NDCG@10': '0.0025', 'HIT@20': '0.0076', 'NDCG@20': '0.0031'}
{'Epoch': 15, 'name': 'low_freq', 'HIT@5': '0.0016', 'NDCG@5': '0.0011', 'HIT@10': '0.0029', 'NDCG@10': '0.0015', 'HIT@20': '0.0050', 'NDCG@20': '0.0020'}
{'Epoch': 15, 'name': 'all', 'HIT@5': '0.0196', 'NDCG@5': '0.0125', 'HIT@10': '0.0333', 'NDCG@10': '0.0169', 'HIT@20': '0.0528', 'NDCG@20': '0.0217'}
EarlyStopping counter: 2 out of 40
rec dataset length: 186
100%|███████████████████████████████████████████████████████████████████████████████████████████████████████████████████████████████████████████████████████████| 186/186 [00:18<00:00, 10.03it/s]
{'epoch': 16, 'rec_avg_loss': '0.5960', 'joint_avg_loss': '0.5960', 'cl_avg_loss': '0.0000', 'itemcl_loss': '0.0000', 'cl_pair_0_loss': '0.0000'}
Recommendation EP_test:16: 100%|| 35/35 [00:09<00:00,  3.57it/s]
{'Epoch': 16, 'name': 'high_freq', 'HIT@5': '0.0296', 'NDCG@5': '0.0187', 'HIT@10': '0.0469', 'NDCG@10': '0.0243', 'HIT@20': '0.0755', 'NDCG@20': '0.0314'}
{'Epoch': 16, 'name': 'mid_freq', 'HIT@5': '0.0032', 'NDCG@5': '0.0019', 'HIT@10': '0.0050', 'NDCG@10': '0.0025', 'HIT@20': '0.0088', 'NDCG@20': '0.0034'}
{'Epoch': 16, 'name': 'low_freq', 'HIT@5': '0.0023', 'NDCG@5': '0.0017', 'HIT@10': '0.0036', 'NDCG@10': '0.0021', 'HIT@20': '0.0050', 'NDCG@20': '0.0025'}
{'Epoch': 16, 'name': 'all', 'HIT@5': '0.0210', 'NDCG@5': '0.0133', 'HIT@10': '0.0333', 'NDCG@10': '0.0173', 'HIT@20': '0.0537', 'NDCG@20': '0.0224'}
Validation score increased.  Saving model ...
rec dataset length: 186
100%|███████████████████████████████████████████████████████████████████████████████████████████████████████████████████████████████████████████████████████████| 186/186 [00:18<00:00,  9.97it/s]
{'epoch': 17, 'rec_avg_loss': '0.5798', 'joint_avg_loss': '0.5798', 'cl_avg_loss': '0.0000', 'itemcl_loss': '0.0000', 'cl_pair_0_loss': '0.0000'}
Recommendation EP_test:17: 100%|| 35/35 [00:09<00:00,  3.68it/s]
{'Epoch': 17, 'name': 'high_freq', 'HIT@5': '0.0301', 'NDCG@5': '0.0192', 'HIT@10': '0.0486', 'NDCG@10': '0.0252', 'HIT@20': '0.0768', 'NDCG@20': '0.0323'}
{'Epoch': 17, 'name': 'mid_freq', 'HIT@5': '0.0042', 'NDCG@5': '0.0027', 'HIT@10': '0.0059', 'NDCG@10': '0.0032', 'HIT@20': '0.0101', 'NDCG@20': '0.0043'}
{'Epoch': 17, 'name': 'low_freq', 'HIT@5': '0.0025', 'NDCG@5': '0.0018', 'HIT@10': '0.0036', 'NDCG@10': '0.0022', 'HIT@20': '0.0054', 'NDCG@20': '0.0027'}
{'Epoch': 17, 'name': 'all', 'HIT@5': '0.0216', 'NDCG@5': '0.0138', 'HIT@10': '0.0347', 'NDCG@10': '0.0181', 'HIT@20': '0.0549', 'NDCG@20': '0.0231'}
Validation score increased.  Saving model ...
rec dataset length: 186
100%|███████████████████████████████████████████████████████████████████████████████████████████████████████████████████████████████████████████████████████████| 186/186 [00:18<00:00,  9.96it/s]
{'epoch': 18, 'rec_avg_loss': '0.5722', 'joint_avg_loss': '0.5722', 'cl_avg_loss': '0.0000', 'itemcl_loss': '0.0000', 'cl_pair_0_loss': '0.0000'}
Recommendation EP_test:18: 100%|| 35/35 [00:09<00:00,  3.78it/s]
{'Epoch': 18, 'name': 'high_freq', 'HIT@5': '0.0295', 'NDCG@5': '0.0191', 'HIT@10': '0.0482', 'NDCG@10': '0.0251', 'HIT@20': '0.0771', 'NDCG@20': '0.0323'}
{'Epoch': 18, 'name': 'mid_freq', 'HIT@5': '0.0037', 'NDCG@5': '0.0027', 'HIT@10': '0.0068', 'NDCG@10': '0.0037', 'HIT@20': '0.0109', 'NDCG@20': '0.0047'}
{'Epoch': 18, 'name': 'low_freq', 'HIT@5': '0.0025', 'NDCG@5': '0.0016', 'HIT@10': '0.0043', 'NDCG@10': '0.0022', 'HIT@20': '0.0052', 'NDCG@20': '0.0024'}
{'Epoch': 18, 'name': 'all', 'HIT@5': '0.0211', 'NDCG@5': '0.0137', 'HIT@10': '0.0346', 'NDCG@10': '0.0180', 'HIT@20': '0.0553', 'NDCG@20': '0.0232'}
Validation score increased.  Saving model ...
rec dataset length: 186
100%|███████████████████████████████████████████████████████████████████████████████████████████████████████████████████████████████████████████████████████████| 186/186 [00:18<00:00, 10.06it/s]
{'epoch': 19, 'rec_avg_loss': '0.5622', 'joint_avg_loss': '0.5622', 'cl_avg_loss': '0.0000', 'itemcl_loss': '0.0000', 'cl_pair_0_loss': '0.0000'}
Recommendation EP_test:19: 100%|| 35/35 [00:09<00:00,  3.73it/s]
{'Epoch': 19, 'name': 'high_freq', 'HIT@5': '0.0291', 'NDCG@5': '0.0192', 'HIT@10': '0.0496', 'NDCG@10': '0.0258', 'HIT@20': '0.0793', 'NDCG@20': '0.0332'}
{'Epoch': 19, 'name': 'mid_freq', 'HIT@5': '0.0043', 'NDCG@5': '0.0032', 'HIT@10': '0.0073', 'NDCG@10': '0.0041', 'HIT@20': '0.0111', 'NDCG@20': '0.0051'}
{'Epoch': 19, 'name': 'low_freq', 'HIT@5': '0.0036', 'NDCG@5': '0.0024', 'HIT@10': '0.0048', 'NDCG@10': '0.0027', 'HIT@20': '0.0061', 'NDCG@20': '0.0031'}
{'Epoch': 19, 'name': 'all', 'HIT@5': '0.0211', 'NDCG@5': '0.0140', 'HIT@10': '0.0357', 'NDCG@10': '0.0187', 'HIT@20': '0.0569', 'NDCG@20': '0.0240'}
Validation score increased.  Saving model ...
rec dataset length: 186
100%|███████████████████████████████████████████████████████████████████████████████████████████████████████████████████████████████████████████████████████████| 186/186 [00:18<00:00, 10.02it/s]
{'epoch': 20, 'rec_avg_loss': '0.5534', 'joint_avg_loss': '0.5534', 'cl_avg_loss': '0.0000', 'itemcl_loss': '0.0000', 'cl_pair_0_loss': '0.0000'}
Recommendation EP_test:20: 100%|| 35/35 [00:09<00:00,  3.72it/s]
{'Epoch': 20, 'name': 'high_freq', 'HIT@5': '0.0293', 'NDCG@5': '0.0182', 'HIT@10': '0.0480', 'NDCG@10': '0.0242', 'HIT@20': '0.0762', 'NDCG@20': '0.0313'}
{'Epoch': 20, 'name': 'mid_freq', 'HIT@5': '0.0045', 'NDCG@5': '0.0030', 'HIT@10': '0.0075', 'NDCG@10': '0.0039', 'HIT@20': '0.0101', 'NDCG@20': '0.0046'}
{'Epoch': 20, 'name': 'low_freq', 'HIT@5': '0.0038', 'NDCG@5': '0.0024', 'HIT@10': '0.0050', 'NDCG@10': '0.0027', 'HIT@20': '0.0063', 'NDCG@20': '0.0031'}
{'Epoch': 20, 'name': 'all', 'HIT@5': '0.0213', 'NDCG@5': '0.0133', 'HIT@10': '0.0347', 'NDCG@10': '0.0176', 'HIT@20': '0.0546', 'NDCG@20': '0.0226'}
EarlyStopping counter: 1 out of 40
rec dataset length: 186
100%|███████████████████████████████████████████████████████████████████████████████████████████████████████████████████████████████████████████████████████████| 186/186 [00:18<00:00,  9.98it/s]
{'epoch': 21, 'rec_avg_loss': '0.5481', 'joint_avg_loss': '0.5481', 'cl_avg_loss': '0.0000', 'itemcl_loss': '0.0000', 'cl_pair_0_loss': '0.0000'}
Recommendation EP_test:21: 100%|| 35/35 [00:09<00:00,  3.74it/s]
{'Epoch': 21, 'name': 'high_freq', 'HIT@5': '0.0295', 'NDCG@5': '0.0191', 'HIT@10': '0.0486', 'NDCG@10': '0.0253', 'HIT@20': '0.0791', 'NDCG@20': '0.0330'}
{'Epoch': 21, 'name': 'mid_freq', 'HIT@5': '0.0043', 'NDCG@5': '0.0030', 'HIT@10': '0.0062', 'NDCG@10': '0.0036', 'HIT@20': '0.0109', 'NDCG@20': '0.0048'}
{'Epoch': 21, 'name': 'low_freq', 'HIT@5': '0.0029', 'NDCG@5': '0.0021', 'HIT@10': '0.0048', 'NDCG@10': '0.0027', 'HIT@20': '0.0066', 'NDCG@20': '0.0032'}
{'Epoch': 21, 'name': 'all', 'HIT@5': '0.0213', 'NDCG@5': '0.0139', 'HIT@10': '0.0349', 'NDCG@10': '0.0183', 'HIT@20': '0.0568', 'NDCG@20': '0.0238'}
EarlyStopping counter: 2 out of 40
rec dataset length: 186
100%|███████████████████████████████████████████████████████████████████████████████████████████████████████████████████████████████████████████████████████████| 186/186 [00:18<00:00,  9.91it/s]
{'epoch': 22, 'rec_avg_loss': '0.5430', 'joint_avg_loss': '0.5430', 'cl_avg_loss': '0.0000', 'itemcl_loss': '0.0000', 'cl_pair_0_loss': '0.0000'}
Recommendation EP_test:22: 100%|| 35/35 [00:09<00:00,  3.70it/s]
{'Epoch': 22, 'name': 'high_freq', 'HIT@5': '0.0293', 'NDCG@5': '0.0191', 'HIT@10': '0.0477', 'NDCG@10': '0.0250', 'HIT@20': '0.0755', 'NDCG@20': '0.0320'}
{'Epoch': 22, 'name': 'mid_freq', 'HIT@5': '0.0045', 'NDCG@5': '0.0029', 'HIT@10': '0.0069', 'NDCG@10': '0.0037', 'HIT@20': '0.0095', 'NDCG@20': '0.0043'}
{'Epoch': 22, 'name': 'low_freq', 'HIT@5': '0.0025', 'NDCG@5': '0.0016', 'HIT@10': '0.0041', 'NDCG@10': '0.0021', 'HIT@20': '0.0059', 'NDCG@20': '0.0025'}
{'Epoch': 22, 'name': 'all', 'HIT@5': '0.0211', 'NDCG@5': '0.0138', 'HIT@10': '0.0343', 'NDCG@10': '0.0180', 'HIT@20': '0.0539', 'NDCG@20': '0.0229'}
EarlyStopping counter: 3 out of 40
rec dataset length: 186
100%|███████████████████████████████████████████████████████████████████████████████████████████████████████████████████████████████████████████████████████████| 186/186 [00:18<00:00, 10.11it/s]
{'epoch': 23, 'rec_avg_loss': '0.5336', 'joint_avg_loss': '0.5336', 'cl_avg_loss': '0.0000', 'itemcl_loss': '0.0000', 'cl_pair_0_loss': '0.0000'}
Recommendation EP_test:23: 100%|| 35/35 [00:09<00:00,  3.84it/s]
{'Epoch': 23, 'name': 'high_freq', 'HIT@5': '0.0294', 'NDCG@5': '0.0191', 'HIT@10': '0.0478', 'NDCG@10': '0.0250', 'HIT@20': '0.0768', 'NDCG@20': '0.0323'}
{'Epoch': 23, 'name': 'mid_freq', 'HIT@5': '0.0036', 'NDCG@5': '0.0023', 'HIT@10': '0.0062', 'NDCG@10': '0.0031', 'HIT@20': '0.0111', 'NDCG@20': '0.0043'}
{'Epoch': 23, 'name': 'low_freq', 'HIT@5': '0.0032', 'NDCG@5': '0.0020', 'HIT@10': '0.0043', 'NDCG@10': '0.0024', 'HIT@20': '0.0052', 'NDCG@20': '0.0027'}
{'Epoch': 23, 'name': 'all', 'HIT@5': '0.0211', 'NDCG@5': '0.0137', 'HIT@10': '0.0343', 'NDCG@10': '0.0179', 'HIT@20': '0.0551', 'NDCG@20': '0.0231'}
EarlyStopping counter: 4 out of 40
rec dataset length: 186
100%|███████████████████████████████████████████████████████████████████████████████████████████████████████████████████████████████████████████████████████████| 186/186 [00:18<00:00,  9.96it/s]
{'epoch': 24, 'rec_avg_loss': '0.5305', 'joint_avg_loss': '0.5305', 'cl_avg_loss': '0.0000', 'itemcl_loss': '0.0000', 'cl_pair_0_loss': '0.0000'}
Recommendation EP_test:24: 100%|| 35/35 [00:09<00:00,  3.74it/s]
{'Epoch': 24, 'name': 'high_freq', 'HIT@5': '0.0296', 'NDCG@5': '0.0185', 'HIT@10': '0.0490', 'NDCG@10': '0.0248', 'HIT@20': '0.0773', 'NDCG@20': '0.0319'}
{'Epoch': 24, 'name': 'mid_freq', 'HIT@5': '0.0043', 'NDCG@5': '0.0027', 'HIT@10': '0.0073', 'NDCG@10': '0.0036', 'HIT@20': '0.0116', 'NDCG@20': '0.0047'}
{'Epoch': 24, 'name': 'low_freq', 'HIT@5': '0.0034', 'NDCG@5': '0.0023', 'HIT@10': '0.0045', 'NDCG@10': '0.0027', 'HIT@20': '0.0061', 'NDCG@20': '0.0031'}
{'Epoch': 24, 'name': 'all', 'HIT@5': '0.0214', 'NDCG@5': '0.0134', 'HIT@10': '0.0353', 'NDCG@10': '0.0179', 'HIT@20': '0.0556', 'NDCG@20': '0.0230'}
EarlyStopping counter: 5 out of 40
rec dataset length: 186
100%|███████████████████████████████████████████████████████████████████████████████████████████████████████████████████████████████████████████████████████████| 186/186 [00:18<00:00,  9.98it/s]
{'epoch': 25, 'rec_avg_loss': '0.5210', 'joint_avg_loss': '0.5210', 'cl_avg_loss': '0.0000', 'itemcl_loss': '0.0000', 'cl_pair_0_loss': '0.0000'}
Recommendation EP_test:25: 100%|| 35/35 [00:09<00:00,  3.75it/s]
{'Epoch': 25, 'name': 'high_freq', 'HIT@5': '0.0302', 'NDCG@5': '0.0191', 'HIT@10': '0.0494', 'NDCG@10': '0.0253', 'HIT@20': '0.0786', 'NDCG@20': '0.0326'}
{'Epoch': 25, 'name': 'mid_freq', 'HIT@5': '0.0040', 'NDCG@5': '0.0026', 'HIT@10': '0.0065', 'NDCG@10': '0.0034', 'HIT@20': '0.0108', 'NDCG@20': '0.0045'}
{'Epoch': 25, 'name': 'low_freq', 'HIT@5': '0.0032', 'NDCG@5': '0.0023', 'HIT@10': '0.0045', 'NDCG@10': '0.0028', 'HIT@20': '0.0068', 'NDCG@20': '0.0034'}
{'Epoch': 25, 'name': 'all', 'HIT@5': '0.0217', 'NDCG@5': '0.0138', 'HIT@10': '0.0354', 'NDCG@10': '0.0182', 'HIT@20': '0.0564', 'NDCG@20': '0.0235'}
EarlyStopping counter: 6 out of 40
rec dataset length: 186
100%|███████████████████████████████████████████████████████████████████████████████████████████████████████████████████████████████████████████████████████████| 186/186 [00:18<00:00, 10.05it/s]
{'epoch': 26, 'rec_avg_loss': '0.5175', 'joint_avg_loss': '0.5175', 'cl_avg_loss': '0.0000', 'itemcl_loss': '0.0000', 'cl_pair_0_loss': '0.0000'}
Recommendation EP_test:26: 100%|| 35/35 [00:09<00:00,  3.81it/s]
{'Epoch': 26, 'name': 'high_freq', 'HIT@5': '0.0287', 'NDCG@5': '0.0180', 'HIT@10': '0.0492', 'NDCG@10': '0.0246', 'HIT@20': '0.0766', 'NDCG@20': '0.0315'}
{'Epoch': 26, 'name': 'mid_freq', 'HIT@5': '0.0055', 'NDCG@5': '0.0037', 'HIT@10': '0.0078', 'NDCG@10': '0.0044', 'HIT@20': '0.0112', 'NDCG@20': '0.0052'}
{'Epoch': 26, 'name': 'low_freq', 'HIT@5': '0.0036', 'NDCG@5': '0.0026', 'HIT@10': '0.0054', 'NDCG@10': '0.0031', 'HIT@20': '0.0070', 'NDCG@20': '0.0035'}
{'Epoch': 26, 'name': 'all', 'HIT@5': '0.0211', 'NDCG@5': '0.0133', 'HIT@10': '0.0357', 'NDCG@10': '0.0180', 'HIT@20': '0.0552', 'NDCG@20': '0.0229'}
EarlyStopping counter: 7 out of 40
rec dataset length: 186
100%|███████████████████████████████████████████████████████████████████████████████████████████████████████████████████████████████████████████████████████████| 186/186 [00:18<00:00, 10.06it/s]
{'epoch': 27, 'rec_avg_loss': '0.5152', 'joint_avg_loss': '0.5152', 'cl_avg_loss': '0.0000', 'itemcl_loss': '0.0000', 'cl_pair_0_loss': '0.0000'}
Recommendation EP_test:27: 100%|| 35/35 [00:09<00:00,  3.79it/s]
{'Epoch': 27, 'name': 'high_freq', 'HIT@5': '0.0301', 'NDCG@5': '0.0192', 'HIT@10': '0.0491', 'NDCG@10': '0.0253', 'HIT@20': '0.0779', 'NDCG@20': '0.0325'}
{'Epoch': 27, 'name': 'mid_freq', 'HIT@5': '0.0050', 'NDCG@5': '0.0034', 'HIT@10': '0.0083', 'NDCG@10': '0.0045', 'HIT@20': '0.0122', 'NDCG@20': '0.0054'}
{'Epoch': 27, 'name': 'low_freq', 'HIT@5': '0.0041', 'NDCG@5': '0.0033', 'HIT@10': '0.0050', 'NDCG@10': '0.0036', 'HIT@20': '0.0075', 'NDCG@20': '0.0042'}
{'Epoch': 27, 'name': 'all', 'HIT@5': '0.0219', 'NDCG@5': '0.0141', 'HIT@10': '0.0356', 'NDCG@10': '0.0185', 'HIT@20': '0.0563', 'NDCG@20': '0.0237'}
EarlyStopping counter: 8 out of 40
rec dataset length: 186
100%|███████████████████████████████████████████████████████████████████████████████████████████████████████████████████████████████████████████████████████████| 186/186 [00:18<00:00,  9.94it/s]
{'epoch': 28, 'rec_avg_loss': '0.5043', 'joint_avg_loss': '0.5043', 'cl_avg_loss': '0.0000', 'itemcl_loss': '0.0000', 'cl_pair_0_loss': '0.0000'}
Recommendation EP_test:28: 100%|| 35/35 [00:09<00:00,  3.76it/s]
{'Epoch': 28, 'name': 'high_freq', 'HIT@5': '0.0318', 'NDCG@5': '0.0202', 'HIT@10': '0.0502', 'NDCG@10': '0.0261', 'HIT@20': '0.0780', 'NDCG@20': '0.0331'}
{'Epoch': 28, 'name': 'mid_freq', 'HIT@5': '0.0059', 'NDCG@5': '0.0039', 'HIT@10': '0.0082', 'NDCG@10': '0.0046', 'HIT@20': '0.0124', 'NDCG@20': '0.0057'}
{'Epoch': 28, 'name': 'low_freq', 'HIT@5': '0.0038', 'NDCG@5': '0.0031', 'HIT@10': '0.0045', 'NDCG@10': '0.0033', 'HIT@20': '0.0066', 'NDCG@20': '0.0038'}
{'Epoch': 28, 'name': 'all', 'HIT@5': '0.0232', 'NDCG@5': '0.0149', 'HIT@10': '0.0363', 'NDCG@10': '0.0191', 'HIT@20': '0.0563', 'NDCG@20': '0.0241'}
Validation score increased.  Saving model ...
rec dataset length: 186
100%|███████████████████████████████████████████████████████████████████████████████████████████████████████████████████████████████████████████████████████████| 186/186 [00:18<00:00,  9.88it/s]
{'epoch': 29, 'rec_avg_loss': '0.5049', 'joint_avg_loss': '0.5049', 'cl_avg_loss': '0.0000', 'itemcl_loss': '0.0000', 'cl_pair_0_loss': '0.0000'}
Recommendation EP_test:29: 100%|| 35/35 [00:09<00:00,  3.78it/s]
{'Epoch': 29, 'name': 'high_freq', 'HIT@5': '0.0327', 'NDCG@5': '0.0206', 'HIT@10': '0.0499', 'NDCG@10': '0.0261', 'HIT@20': '0.0769', 'NDCG@20': '0.0329'}
{'Epoch': 29, 'name': 'mid_freq', 'HIT@5': '0.0056', 'NDCG@5': '0.0036', 'HIT@10': '0.0086', 'NDCG@10': '0.0045', 'HIT@20': '0.0132', 'NDCG@20': '0.0057'}
{'Epoch': 29, 'name': 'low_freq', 'HIT@5': '0.0038', 'NDCG@5': '0.0030', 'HIT@10': '0.0050', 'NDCG@10': '0.0034', 'HIT@20': '0.0066', 'NDCG@20': '0.0038'}
{'Epoch': 29, 'name': 'all', 'HIT@5': '0.0238', 'NDCG@5': '0.0151', 'HIT@10': '0.0362', 'NDCG@10': '0.0191', 'HIT@20': '0.0557', 'NDCG@20': '0.0239'}
EarlyStopping counter: 1 out of 40
rec dataset length: 186
100%|███████████████████████████████████████████████████████████████████████████████████████████████████████████████████████████████████████████████████████████| 186/186 [00:18<00:00,  9.90it/s]
{'epoch': 30, 'rec_avg_loss': '0.4998', 'joint_avg_loss': '0.4998', 'cl_avg_loss': '0.0000', 'itemcl_loss': '0.0000', 'cl_pair_0_loss': '0.0000'}
Recommendation EP_test:30: 100%|| 35/35 [00:09<00:00,  3.73it/s]
{'Epoch': 30, 'name': 'high_freq', 'HIT@5': '0.0297', 'NDCG@5': '0.0197', 'HIT@10': '0.0487', 'NDCG@10': '0.0257', 'HIT@20': '0.0766', 'NDCG@20': '0.0327'}
{'Epoch': 30, 'name': 'mid_freq', 'HIT@5': '0.0057', 'NDCG@5': '0.0040', 'HIT@10': '0.0089', 'NDCG@10': '0.0050', 'HIT@20': '0.0132', 'NDCG@20': '0.0061'}
{'Epoch': 30, 'name': 'low_freq', 'HIT@5': '0.0050', 'NDCG@5': '0.0032', 'HIT@10': '0.0061', 'NDCG@10': '0.0036', 'HIT@20': '0.0075', 'NDCG@20': '0.0039'}
{'Epoch': 30, 'name': 'all', 'HIT@5': '0.0220', 'NDCG@5': '0.0146', 'HIT@10': '0.0356', 'NDCG@10': '0.0189', 'HIT@20': '0.0556', 'NDCG@20': '0.0239'}
EarlyStopping counter: 2 out of 40
rec dataset length: 186
100%|███████████████████████████████████████████████████████████████████████████████████████████████████████████████████████████████████████████████████████████| 186/186 [00:18<00:00, 10.00it/s]
{'epoch': 31, 'rec_avg_loss': '0.4960', 'joint_avg_loss': '0.4960', 'cl_avg_loss': '0.0000', 'itemcl_loss': '0.0000', 'cl_pair_0_loss': '0.0000'}
Recommendation EP_test:31: 100%|| 35/35 [00:09<00:00,  3.73it/s]
{'Epoch': 31, 'name': 'high_freq', 'HIT@5': '0.0297', 'NDCG@5': '0.0192', 'HIT@10': '0.0488', 'NDCG@10': '0.0253', 'HIT@20': '0.0772', 'NDCG@20': '0.0324'}
{'Epoch': 31, 'name': 'mid_freq', 'HIT@5': '0.0068', 'NDCG@5': '0.0044', 'HIT@10': '0.0086', 'NDCG@10': '0.0050', 'HIT@20': '0.0128', 'NDCG@20': '0.0060'}
{'Epoch': 31, 'name': 'low_freq', 'HIT@5': '0.0054', 'NDCG@5': '0.0035', 'HIT@10': '0.0068', 'NDCG@10': '0.0040', 'HIT@20': '0.0086', 'NDCG@20': '0.0044'}
{'Epoch': 31, 'name': 'all', 'HIT@5': '0.0222', 'NDCG@5': '0.0143', 'HIT@10': '0.0357', 'NDCG@10': '0.0187', 'HIT@20': '0.0561', 'NDCG@20': '0.0238'}
EarlyStopping counter: 3 out of 40
rec dataset length: 186
100%|███████████████████████████████████████████████████████████████████████████████████████████████████████████████████████████████████████████████████████████| 186/186 [00:18<00:00,  9.99it/s]
{'epoch': 32, 'rec_avg_loss': '0.4950', 'joint_avg_loss': '0.4950', 'cl_avg_loss': '0.0000', 'itemcl_loss': '0.0000', 'cl_pair_0_loss': '0.0000'}
Recommendation EP_test:32: 100%|| 35/35 [00:09<00:00,  3.79it/s]
{'Epoch': 32, 'name': 'high_freq', 'HIT@5': '0.0309', 'NDCG@5': '0.0201', 'HIT@10': '0.0504', 'NDCG@10': '0.0264', 'HIT@20': '0.0800', 'NDCG@20': '0.0338'}
{'Epoch': 32, 'name': 'mid_freq', 'HIT@5': '0.0062', 'NDCG@5': '0.0042', 'HIT@10': '0.0085', 'NDCG@10': '0.0050', 'HIT@20': '0.0119', 'NDCG@20': '0.0058'}
{'Epoch': 32, 'name': 'low_freq', 'HIT@5': '0.0038', 'NDCG@5': '0.0029', 'HIT@10': '0.0054', 'NDCG@10': '0.0034', 'HIT@20': '0.0084', 'NDCG@20': '0.0041'}
{'Epoch': 32, 'name': 'all', 'HIT@5': '0.0227', 'NDCG@5': '0.0149', 'HIT@10': '0.0366', 'NDCG@10': '0.0193', 'HIT@20': '0.0578', 'NDCG@20': '0.0247'}
Validation score increased.  Saving model ...
rec dataset length: 186
100%|███████████████████████████████████████████████████████████████████████████████████████████████████████████████████████████████████████████████████████████| 186/186 [00:18<00:00,  9.83it/s]
{'epoch': 33, 'rec_avg_loss': '0.4876', 'joint_avg_loss': '0.4876', 'cl_avg_loss': '0.0000', 'itemcl_loss': '0.0000', 'cl_pair_0_loss': '0.0000'}
Recommendation EP_test:33: 100%|| 35/35 [00:09<00:00,  3.72it/s]
{'Epoch': 33, 'name': 'high_freq', 'HIT@5': '0.0305', 'NDCG@5': '0.0200', 'HIT@10': '0.0509', 'NDCG@10': '0.0265', 'HIT@20': '0.0794', 'NDCG@20': '0.0337'}
{'Epoch': 33, 'name': 'mid_freq', 'HIT@5': '0.0068', 'NDCG@5': '0.0049', 'HIT@10': '0.0101', 'NDCG@10': '0.0059', 'HIT@20': '0.0139', 'NDCG@20': '0.0069'}
{'Epoch': 33, 'name': 'low_freq', 'HIT@5': '0.0045', 'NDCG@5': '0.0030', 'HIT@10': '0.0063', 'NDCG@10': '0.0035', 'HIT@20': '0.0081', 'NDCG@20': '0.0040'}
{'Epoch': 33, 'name': 'all', 'HIT@5': '0.0226', 'NDCG@5': '0.0149', 'HIT@10': '0.0374', 'NDCG@10': '0.0197', 'HIT@20': '0.0578', 'NDCG@20': '0.0248'}
Validation score increased.  Saving model ...
rec dataset length: 186
100%|███████████████████████████████████████████████████████████████████████████████████████████████████████████████████████████████████████████████████████████| 186/186 [00:18<00:00,  9.91it/s]
{'epoch': 34, 'rec_avg_loss': '0.4838', 'joint_avg_loss': '0.4838', 'cl_avg_loss': '0.0000', 'itemcl_loss': '0.0000', 'cl_pair_0_loss': '0.0000'}
Recommendation EP_test:34: 100%|| 35/35 [00:09<00:00,  3.79it/s]
{'Epoch': 34, 'name': 'high_freq', 'HIT@5': '0.0307', 'NDCG@5': '0.0195', 'HIT@10': '0.0496', 'NDCG@10': '0.0256', 'HIT@20': '0.0796', 'NDCG@20': '0.0331'}
{'Epoch': 34, 'name': 'mid_freq', 'HIT@5': '0.0056', 'NDCG@5': '0.0040', 'HIT@10': '0.0085', 'NDCG@10': '0.0049', 'HIT@20': '0.0131', 'NDCG@20': '0.0061'}
{'Epoch': 34, 'name': 'low_freq', 'HIT@5': '0.0041', 'NDCG@5': '0.0029', 'HIT@10': '0.0048', 'NDCG@10': '0.0031', 'HIT@20': '0.0072', 'NDCG@20': '0.0037'}
{'Epoch': 34, 'name': 'all', 'HIT@5': '0.0225', 'NDCG@5': '0.0144', 'HIT@10': '0.0360', 'NDCG@10': '0.0187', 'HIT@20': '0.0576', 'NDCG@20': '0.0242'}
EarlyStopping counter: 1 out of 40
rec dataset length: 186
100%|███████████████████████████████████████████████████████████████████████████████████████████████████████████████████████████████████████████████████████████| 186/186 [00:18<00:00,  9.96it/s]
{'epoch': 35, 'rec_avg_loss': '0.4853', 'joint_avg_loss': '0.4853', 'cl_avg_loss': '0.0000', 'itemcl_loss': '0.0000', 'cl_pair_0_loss': '0.0000'}
Recommendation EP_test:35: 100%|| 35/35 [00:09<00:00,  3.77it/s]
{'Epoch': 35, 'name': 'high_freq', 'HIT@5': '0.0321', 'NDCG@5': '0.0201', 'HIT@10': '0.0529', 'NDCG@10': '0.0268', 'HIT@20': '0.0806', 'NDCG@20': '0.0337'}
{'Epoch': 35, 'name': 'mid_freq', 'HIT@5': '0.0060', 'NDCG@5': '0.0043', 'HIT@10': '0.0089', 'NDCG@10': '0.0053', 'HIT@20': '0.0142', 'NDCG@20': '0.0066'}
{'Epoch': 35, 'name': 'low_freq', 'HIT@5': '0.0045', 'NDCG@5': '0.0032', 'HIT@10': '0.0050', 'NDCG@10': '0.0034', 'HIT@20': '0.0063', 'NDCG@20': '0.0037'}
{'Epoch': 35, 'name': 'all', 'HIT@5': '0.0236', 'NDCG@5': '0.0149', 'HIT@10': '0.0383', 'NDCG@10': '0.0197', 'HIT@20': '0.0584', 'NDCG@20': '0.0247'}
EarlyStopping counter: 2 out of 40
rec dataset length: 186
100%|███████████████████████████████████████████████████████████████████████████████████████████████████████████████████████████████████████████████████████████| 186/186 [00:18<00:00,  9.88it/s]
{'epoch': 36, 'rec_avg_loss': '0.4768', 'joint_avg_loss': '0.4768', 'cl_avg_loss': '0.0000', 'itemcl_loss': '0.0000', 'cl_pair_0_loss': '0.0000'}
Recommendation EP_test:36: 100%|| 35/35 [00:09<00:00,  3.76it/s]
{'Epoch': 36, 'name': 'high_freq', 'HIT@5': '0.0304', 'NDCG@5': '0.0195', 'HIT@10': '0.0503', 'NDCG@10': '0.0259', 'HIT@20': '0.0795', 'NDCG@20': '0.0332'}
{'Epoch': 36, 'name': 'mid_freq', 'HIT@5': '0.0069', 'NDCG@5': '0.0049', 'HIT@10': '0.0105', 'NDCG@10': '0.0060', 'HIT@20': '0.0167', 'NDCG@20': '0.0076'}
{'Epoch': 36, 'name': 'low_freq', 'HIT@5': '0.0043', 'NDCG@5': '0.0031', 'HIT@10': '0.0054', 'NDCG@10': '0.0035', 'HIT@20': '0.0075', 'NDCG@20': '0.0040'}
{'Epoch': 36, 'name': 'all', 'HIT@5': '0.0226', 'NDCG@5': '0.0146', 'HIT@10': '0.0369', 'NDCG@10': '0.0192', 'HIT@20': '0.0583', 'NDCG@20': '0.0246'}
EarlyStopping counter: 3 out of 40
rec dataset length: 186
100%|███████████████████████████████████████████████████████████████████████████████████████████████████████████████████████████████████████████████████████████| 186/186 [00:18<00:00, 10.05it/s]
{'epoch': 37, 'rec_avg_loss': '0.4746', 'joint_avg_loss': '0.4746', 'cl_avg_loss': '0.0000', 'itemcl_loss': '0.0000', 'cl_pair_0_loss': '0.0000'}
Recommendation EP_test:37: 100%|| 35/35 [00:09<00:00,  3.76it/s]
{'Epoch': 37, 'name': 'high_freq', 'HIT@5': '0.0304', 'NDCG@5': '0.0197', 'HIT@10': '0.0507', 'NDCG@10': '0.0262', 'HIT@20': '0.0779', 'NDCG@20': '0.0331'}
{'Epoch': 37, 'name': 'mid_freq', 'HIT@5': '0.0068', 'NDCG@5': '0.0044', 'HIT@10': '0.0102', 'NDCG@10': '0.0055', 'HIT@20': '0.0155', 'NDCG@20': '0.0068'}
{'Epoch': 37, 'name': 'low_freq', 'HIT@5': '0.0043', 'NDCG@5': '0.0023', 'HIT@10': '0.0054', 'NDCG@10': '0.0027', 'HIT@20': '0.0075', 'NDCG@20': '0.0032'}
{'Epoch': 37, 'name': 'all', 'HIT@5': '0.0226', 'NDCG@5': '0.0145', 'HIT@10': '0.0372', 'NDCG@10': '0.0192', 'HIT@20': '0.0569', 'NDCG@20': '0.0242'}
EarlyStopping counter: 4 out of 40
rec dataset length: 186
100%|███████████████████████████████████████████████████████████████████████████████████████████████████████████████████████████████████████████████████████████| 186/186 [00:18<00:00,  9.98it/s]
{'epoch': 38, 'rec_avg_loss': '0.4708', 'joint_avg_loss': '0.4708', 'cl_avg_loss': '0.0000', 'itemcl_loss': '0.0000', 'cl_pair_0_loss': '0.0000'}
Recommendation EP_test:38: 100%|| 35/35 [00:09<00:00,  3.78it/s]
{'Epoch': 38, 'name': 'high_freq', 'HIT@5': '0.0301', 'NDCG@5': '0.0196', 'HIT@10': '0.0498', 'NDCG@10': '0.0259', 'HIT@20': '0.0797', 'NDCG@20': '0.0335'}
{'Epoch': 38, 'name': 'mid_freq', 'HIT@5': '0.0065', 'NDCG@5': '0.0047', 'HIT@10': '0.0106', 'NDCG@10': '0.0061', 'HIT@20': '0.0159', 'NDCG@20': '0.0074'}
{'Epoch': 38, 'name': 'low_freq', 'HIT@5': '0.0041', 'NDCG@5': '0.0029', 'HIT@10': '0.0066', 'NDCG@10': '0.0037', 'HIT@20': '0.0086', 'NDCG@20': '0.0042'}
{'Epoch': 38, 'name': 'all', 'HIT@5': '0.0223', 'NDCG@5': '0.0146', 'HIT@10': '0.0367', 'NDCG@10': '0.0193', 'HIT@20': '0.0584', 'NDCG@20': '0.0247'}
EarlyStopping counter: 5 out of 40
rec dataset length: 186
100%|███████████████████████████████████████████████████████████████████████████████████████████████████████████████████████████████████████████████████████████| 186/186 [00:18<00:00, 10.02it/s]
{'epoch': 39, 'rec_avg_loss': '0.4661', 'joint_avg_loss': '0.4661', 'cl_avg_loss': '0.0000', 'itemcl_loss': '0.0000', 'cl_pair_0_loss': '0.0000'}
Recommendation EP_test:39: 100%|| 35/35 [00:09<00:00,  3.82it/s]
{'Epoch': 39, 'name': 'high_freq', 'HIT@5': '0.0303', 'NDCG@5': '0.0197', 'HIT@10': '0.0499', 'NDCG@10': '0.0261', 'HIT@20': '0.0803', 'NDCG@20': '0.0337'}
{'Epoch': 39, 'name': 'mid_freq', 'HIT@5': '0.0069', 'NDCG@5': '0.0050', 'HIT@10': '0.0098', 'NDCG@10': '0.0059', 'HIT@20': '0.0151', 'NDCG@20': '0.0073'}
{'Epoch': 39, 'name': 'low_freq', 'HIT@5': '0.0052', 'NDCG@5': '0.0037', 'HIT@10': '0.0068', 'NDCG@10': '0.0042', 'HIT@20': '0.0084', 'NDCG@20': '0.0046'}
{'Epoch': 39, 'name': 'all', 'HIT@5': '0.0226', 'NDCG@5': '0.0149', 'HIT@10': '0.0367', 'NDCG@10': '0.0194', 'HIT@20': '0.0586', 'NDCG@20': '0.0249'}
Validation score increased.  Saving model ...
rec dataset length: 186
100%|███████████████████████████████████████████████████████████████████████████████████████████████████████████████████████████████████████████████████████████| 186/186 [00:18<00:00,  9.99it/s]
{'epoch': 40, 'rec_avg_loss': '0.4662', 'joint_avg_loss': '0.4662', 'cl_avg_loss': '0.0000', 'itemcl_loss': '0.0000', 'cl_pair_0_loss': '0.0000'}
Recommendation EP_test:40: 100%|| 35/35 [00:09<00:00,  3.76it/s]
{'Epoch': 40, 'name': 'high_freq', 'HIT@5': '0.0319', 'NDCG@5': '0.0204', 'HIT@10': '0.0507', 'NDCG@10': '0.0264', 'HIT@20': '0.0793', 'NDCG@20': '0.0336'}
{'Epoch': 40, 'name': 'mid_freq', 'HIT@5': '0.0065', 'NDCG@5': '0.0046', 'HIT@10': '0.0106', 'NDCG@10': '0.0059', 'HIT@20': '0.0161', 'NDCG@20': '0.0073'}
{'Epoch': 40, 'name': 'low_freq', 'HIT@5': '0.0057', 'NDCG@5': '0.0036', 'HIT@10': '0.0068', 'NDCG@10': '0.0040', 'HIT@20': '0.0081', 'NDCG@20': '0.0043'}
{'Epoch': 40, 'name': 'all', 'HIT@5': '0.0237', 'NDCG@5': '0.0152', 'HIT@10': '0.0374', 'NDCG@10': '0.0196', 'HIT@20': '0.0581', 'NDCG@20': '0.0248'}
EarlyStopping counter: 1 out of 40
rec dataset length: 186
100%|███████████████████████████████████████████████████████████████████████████████████████████████████████████████████████████████████████████████████████████| 186/186 [00:18<00:00,  9.94it/s]
{'epoch': 41, 'rec_avg_loss': '0.4652', 'joint_avg_loss': '0.4652', 'cl_avg_loss': '0.0000', 'itemcl_loss': '0.0000', 'cl_pair_0_loss': '0.0000'}
Recommendation EP_test:41: 100%|| 35/35 [00:09<00:00,  3.78it/s]
{'Epoch': 41, 'name': 'high_freq', 'HIT@5': '0.0319', 'NDCG@5': '0.0207', 'HIT@10': '0.0505', 'NDCG@10': '0.0267', 'HIT@20': '0.0782', 'NDCG@20': '0.0336'}
{'Epoch': 41, 'name': 'mid_freq', 'HIT@5': '0.0070', 'NDCG@5': '0.0047', 'HIT@10': '0.0101', 'NDCG@10': '0.0057', 'HIT@20': '0.0159', 'NDCG@20': '0.0072'}
{'Epoch': 41, 'name': 'low_freq', 'HIT@5': '0.0050', 'NDCG@5': '0.0034', 'HIT@10': '0.0072', 'NDCG@10': '0.0042', 'HIT@20': '0.0091', 'NDCG@20': '0.0046'}
{'Epoch': 41, 'name': 'all', 'HIT@5': '0.0237', 'NDCG@5': '0.0154', 'HIT@10': '0.0372', 'NDCG@10': '0.0198', 'HIT@20': '0.0574', 'NDCG@20': '0.0248'}
EarlyStopping counter: 2 out of 40
rec dataset length: 186
100%|███████████████████████████████████████████████████████████████████████████████████████████████████████████████████████████████████████████████████████████| 186/186 [00:18<00:00,  9.88it/s]
{'epoch': 42, 'rec_avg_loss': '0.4651', 'joint_avg_loss': '0.4651', 'cl_avg_loss': '0.0000', 'itemcl_loss': '0.0000', 'cl_pair_0_loss': '0.0000'}
Recommendation EP_test:42: 100%|| 35/35 [00:09<00:00,  3.85it/s]
{'Epoch': 42, 'name': 'high_freq', 'HIT@5': '0.0301', 'NDCG@5': '0.0195', 'HIT@10': '0.0496', 'NDCG@10': '0.0257', 'HIT@20': '0.0779', 'NDCG@20': '0.0329'}
{'Epoch': 42, 'name': 'mid_freq', 'HIT@5': '0.0086', 'NDCG@5': '0.0061', 'HIT@10': '0.0118', 'NDCG@10': '0.0071', 'HIT@20': '0.0169', 'NDCG@20': '0.0083'}
{'Epoch': 42, 'name': 'low_freq', 'HIT@5': '0.0059', 'NDCG@5': '0.0042', 'HIT@10': '0.0075', 'NDCG@10': '0.0047', 'HIT@20': '0.0088', 'NDCG@20': '0.0051'}
{'Epoch': 42, 'name': 'all', 'HIT@5': '0.0229', 'NDCG@5': '0.0150', 'HIT@10': '0.0369', 'NDCG@10': '0.0195', 'HIT@20': '0.0574', 'NDCG@20': '0.0246'}
EarlyStopping counter: 3 out of 40
rec dataset length: 186
100%|███████████████████████████████████████████████████████████████████████████████████████████████████████████████████████████████████████████████████████████| 186/186 [00:18<00:00,  9.86it/s]
{'epoch': 43, 'rec_avg_loss': '0.4610', 'joint_avg_loss': '0.4610', 'cl_avg_loss': '0.0000', 'itemcl_loss': '0.0000', 'cl_pair_0_loss': '0.0000'}
Recommendation EP_test:43: 100%|| 35/35 [00:09<00:00,  3.80it/s]
{'Epoch': 43, 'name': 'high_freq', 'HIT@5': '0.0301', 'NDCG@5': '0.0192', 'HIT@10': '0.0489', 'NDCG@10': '0.0252', 'HIT@20': '0.0761', 'NDCG@20': '0.0321'}
{'Epoch': 43, 'name': 'mid_freq', 'HIT@5': '0.0089', 'NDCG@5': '0.0063', 'HIT@10': '0.0115', 'NDCG@10': '0.0072', 'HIT@20': '0.0171', 'NDCG@20': '0.0086'}
{'Epoch': 43, 'name': 'low_freq', 'HIT@5': '0.0054', 'NDCG@5': '0.0039', 'HIT@10': '0.0068', 'NDCG@10': '0.0043', 'HIT@20': '0.0106', 'NDCG@20': '0.0053'}
{'Epoch': 43, 'name': 'all', 'HIT@5': '0.0229', 'NDCG@5': '0.0148', 'HIT@10': '0.0364', 'NDCG@10': '0.0191', 'HIT@20': '0.0564', 'NDCG@20': '0.0241'}
EarlyStopping counter: 4 out of 40
rec dataset length: 186
100%|███████████████████████████████████████████████████████████████████████████████████████████████████████████████████████████████████████████████████████████| 186/186 [00:18<00:00,  9.96it/s]
{'epoch': 44, 'rec_avg_loss': '0.4594', 'joint_avg_loss': '0.4594', 'cl_avg_loss': '0.0000', 'itemcl_loss': '0.0000', 'cl_pair_0_loss': '0.0000'}
Recommendation EP_test:44: 100%|| 35/35 [00:09<00:00,  3.83it/s]
{'Epoch': 44, 'name': 'high_freq', 'HIT@5': '0.0301', 'NDCG@5': '0.0196', 'HIT@10': '0.0471', 'NDCG@10': '0.0251', 'HIT@20': '0.0754', 'NDCG@20': '0.0322'}
{'Epoch': 44, 'name': 'mid_freq', 'HIT@5': '0.0085', 'NDCG@5': '0.0058', 'HIT@10': '0.0131', 'NDCG@10': '0.0073', 'HIT@20': '0.0187', 'NDCG@20': '0.0087'}
{'Epoch': 44, 'name': 'low_freq', 'HIT@5': '0.0057', 'NDCG@5': '0.0040', 'HIT@10': '0.0070', 'NDCG@10': '0.0045', 'HIT@20': '0.0091', 'NDCG@20': '0.0050'}
{'Epoch': 44, 'name': 'all', 'HIT@5': '0.0229', 'NDCG@5': '0.0150', 'HIT@10': '0.0355', 'NDCG@10': '0.0191', 'HIT@20': '0.0561', 'NDCG@20': '0.0242'}
EarlyStopping counter: 5 out of 40
rec dataset length: 186
100%|███████████████████████████████████████████████████████████████████████████████████████████████████████████████████████████████████████████████████████████| 186/186 [00:18<00:00, 10.00it/s]
{'epoch': 45, 'rec_avg_loss': '0.4578', 'joint_avg_loss': '0.4578', 'cl_avg_loss': '0.0000', 'itemcl_loss': '0.0000', 'cl_pair_0_loss': '0.0000'}
Recommendation EP_test:45: 100%|| 35/35 [00:09<00:00,  3.81it/s]
{'Epoch': 45, 'name': 'high_freq', 'HIT@5': '0.0301', 'NDCG@5': '0.0194', 'HIT@10': '0.0482', 'NDCG@10': '0.0252', 'HIT@20': '0.0772', 'NDCG@20': '0.0325'}
{'Epoch': 45, 'name': 'mid_freq', 'HIT@5': '0.0079', 'NDCG@5': '0.0053', 'HIT@10': '0.0111', 'NDCG@10': '0.0063', 'HIT@20': '0.0161', 'NDCG@20': '0.0076'}
{'Epoch': 45, 'name': 'low_freq', 'HIT@5': '0.0057', 'NDCG@5': '0.0034', 'HIT@10': '0.0066', 'NDCG@10': '0.0037', 'HIT@20': '0.0086', 'NDCG@20': '0.0042'}
{'Epoch': 45, 'name': 'all', 'HIT@5': '0.0228', 'NDCG@5': '0.0146', 'HIT@10': '0.0358', 'NDCG@10': '0.0188', 'HIT@20': '0.0567', 'NDCG@20': '0.0241'}
EarlyStopping counter: 6 out of 40
rec dataset length: 186
100%|███████████████████████████████████████████████████████████████████████████████████████████████████████████████████████████████████████████████████████████| 186/186 [00:18<00:00, 10.03it/s]
{'epoch': 46, 'rec_avg_loss': '0.4586', 'joint_avg_loss': '0.4586', 'cl_avg_loss': '0.0000', 'itemcl_loss': '0.0000', 'cl_pair_0_loss': '0.0000'}
Recommendation EP_test:46: 100%|| 35/35 [00:09<00:00,  3.74it/s]
{'Epoch': 46, 'name': 'high_freq', 'HIT@5': '0.0299', 'NDCG@5': '0.0192', 'HIT@10': '0.0491', 'NDCG@10': '0.0253', 'HIT@20': '0.0770', 'NDCG@20': '0.0324'}
{'Epoch': 46, 'name': 'mid_freq', 'HIT@5': '0.0078', 'NDCG@5': '0.0056', 'HIT@10': '0.0128', 'NDCG@10': '0.0072', 'HIT@20': '0.0180', 'NDCG@20': '0.0085'}
{'Epoch': 46, 'name': 'low_freq', 'HIT@5': '0.0043', 'NDCG@5': '0.0031', 'HIT@10': '0.0070', 'NDCG@10': '0.0039', 'HIT@20': '0.0084', 'NDCG@20': '0.0042'}
{'Epoch': 46, 'name': 'all', 'HIT@5': '0.0224', 'NDCG@5': '0.0145', 'HIT@10': '0.0367', 'NDCG@10': '0.0191', 'HIT@20': '0.0569', 'NDCG@20': '0.0242'}
EarlyStopping counter: 7 out of 40
rec dataset length: 186
100%|███████████████████████████████████████████████████████████████████████████████████████████████████████████████████████████████████████████████████████████| 186/186 [00:18<00:00, 10.00it/s]
{'epoch': 47, 'rec_avg_loss': '0.4520', 'joint_avg_loss': '0.4520', 'cl_avg_loss': '0.0000', 'itemcl_loss': '0.0000', 'cl_pair_0_loss': '0.0000'}
Recommendation EP_test:47: 100%|| 35/35 [00:09<00:00,  3.82it/s]
{'Epoch': 47, 'name': 'high_freq', 'HIT@5': '0.0301', 'NDCG@5': '0.0195', 'HIT@10': '0.0496', 'NDCG@10': '0.0257', 'HIT@20': '0.0799', 'NDCG@20': '0.0333'}
{'Epoch': 47, 'name': 'mid_freq', 'HIT@5': '0.0090', 'NDCG@5': '0.0060', 'HIT@10': '0.0128', 'NDCG@10': '0.0072', 'HIT@20': '0.0187', 'NDCG@20': '0.0087'}
{'Epoch': 47, 'name': 'low_freq', 'HIT@5': '0.0050', 'NDCG@5': '0.0035', 'HIT@10': '0.0068', 'NDCG@10': '0.0041', 'HIT@20': '0.0102', 'NDCG@20': '0.0049'}
{'Epoch': 47, 'name': 'all', 'HIT@5': '0.0228', 'NDCG@5': '0.0149', 'HIT@10': '0.0371', 'NDCG@10': '0.0194', 'HIT@20': '0.0593', 'NDCG@20': '0.0250'}
Validation score increased.  Saving model ...
rec dataset length: 186
100%|███████████████████████████████████████████████████████████████████████████████████████████████████████████████████████████████████████████████████████████| 186/186 [00:18<00:00,  9.97it/s]
{'epoch': 48, 'rec_avg_loss': '0.4559', 'joint_avg_loss': '0.4559', 'cl_avg_loss': '0.0000', 'itemcl_loss': '0.0000', 'cl_pair_0_loss': '0.0000'}
Recommendation EP_test:48: 100%|| 35/35 [00:09<00:00,  3.86it/s]
{'Epoch': 48, 'name': 'high_freq', 'HIT@5': '0.0303', 'NDCG@5': '0.0196', 'HIT@10': '0.0479', 'NDCG@10': '0.0253', 'HIT@20': '0.0764', 'NDCG@20': '0.0324'}
{'Epoch': 48, 'name': 'mid_freq', 'HIT@5': '0.0092', 'NDCG@5': '0.0062', 'HIT@10': '0.0131', 'NDCG@10': '0.0074', 'HIT@20': '0.0187', 'NDCG@20': '0.0089'}
{'Epoch': 48, 'name': 'low_freq', 'HIT@5': '0.0057', 'NDCG@5': '0.0039', 'HIT@10': '0.0081', 'NDCG@10': '0.0047', 'HIT@20': '0.0104', 'NDCG@20': '0.0053'}
{'Epoch': 48, 'name': 'all', 'HIT@5': '0.0231', 'NDCG@5': '0.0151', 'HIT@10': '0.0362', 'NDCG@10': '0.0192', 'HIT@20': '0.0569', 'NDCG@20': '0.0245'}
EarlyStopping counter: 1 out of 40
rec dataset length: 186
100%|███████████████████████████████████████████████████████████████████████████████████████████████████████████████████████████████████████████████████████████| 186/186 [00:18<00:00, 10.00it/s]
{'epoch': 49, 'rec_avg_loss': '0.4485', 'joint_avg_loss': '0.4485', 'cl_avg_loss': '0.0000', 'itemcl_loss': '0.0000', 'cl_pair_0_loss': '0.0000'}
Recommendation EP_test:49: 100%|| 35/35 [00:09<00:00,  3.78it/s]
{'Epoch': 49, 'name': 'high_freq', 'HIT@5': '0.0289', 'NDCG@5': '0.0191', 'HIT@10': '0.0470', 'NDCG@10': '0.0249', 'HIT@20': '0.0744', 'NDCG@20': '0.0317'}
{'Epoch': 49, 'name': 'mid_freq', 'HIT@5': '0.0086', 'NDCG@5': '0.0060', 'HIT@10': '0.0128', 'NDCG@10': '0.0074', 'HIT@20': '0.0188', 'NDCG@20': '0.0089'}
{'Epoch': 49, 'name': 'low_freq', 'HIT@5': '0.0068', 'NDCG@5': '0.0043', 'HIT@10': '0.0070', 'NDCG@10': '0.0044', 'HIT@20': '0.0113', 'NDCG@20': '0.0055'}
{'Epoch': 49, 'name': 'all', 'HIT@5': '0.0222', 'NDCG@5': '0.0147', 'HIT@10': '0.0353', 'NDCG@10': '0.0189', 'HIT@20': '0.0557', 'NDCG@20': '0.0240'}
EarlyStopping counter: 2 out of 40
rec dataset length: 186
100%|███████████████████████████████████████████████████████████████████████████████████████████████████████████████████████████████████████████████████████████| 186/186 [00:18<00:00,  9.89it/s]
{'epoch': 50, 'rec_avg_loss': '0.4486', 'joint_avg_loss': '0.4486', 'cl_avg_loss': '0.0000', 'itemcl_loss': '0.0000', 'cl_pair_0_loss': '0.0000'}
Recommendation EP_test:50: 100%|| 35/35 [00:09<00:00,  3.87it/s]
{'Epoch': 50, 'name': 'high_freq', 'HIT@5': '0.0313', 'NDCG@5': '0.0203', 'HIT@10': '0.0493', 'NDCG@10': '0.0262', 'HIT@20': '0.0794', 'NDCG@20': '0.0337'}
{'Epoch': 50, 'name': 'mid_freq', 'HIT@5': '0.0085', 'NDCG@5': '0.0056', 'HIT@10': '0.0118', 'NDCG@10': '0.0067', 'HIT@20': '0.0172', 'NDCG@20': '0.0080'}
{'Epoch': 50, 'name': 'low_freq', 'HIT@5': '0.0059', 'NDCG@5': '0.0038', 'HIT@10': '0.0084', 'NDCG@10': '0.0046', 'HIT@20': '0.0111', 'NDCG@20': '0.0053'}
{'Epoch': 50, 'name': 'all', 'HIT@5': '0.0237', 'NDCG@5': '0.0154', 'HIT@10': '0.0369', 'NDCG@10': '0.0197', 'HIT@20': '0.0588', 'NDCG@20': '0.0251'}
Validation score increased.  Saving model ...
rec dataset length: 186
100%|███████████████████████████████████████████████████████████████████████████████████████████████████████████████████████████████████████████████████████████| 186/186 [00:18<00:00,  9.98it/s]
{'epoch': 51, 'rec_avg_loss': '0.4487', 'joint_avg_loss': '0.4487', 'cl_avg_loss': '0.0000', 'itemcl_loss': '0.0000', 'cl_pair_0_loss': '0.0000'}
Recommendation EP_test:51: 100%|| 35/35 [00:09<00:00,  3.79it/s]
{'Epoch': 51, 'name': 'high_freq', 'HIT@5': '0.0304', 'NDCG@5': '0.0199', 'HIT@10': '0.0490', 'NDCG@10': '0.0259', 'HIT@20': '0.0767', 'NDCG@20': '0.0329'}
{'Epoch': 51, 'name': 'mid_freq', 'HIT@5': '0.0089', 'NDCG@5': '0.0059', 'HIT@10': '0.0132', 'NDCG@10': '0.0074', 'HIT@20': '0.0174', 'NDCG@20': '0.0084'}
{'Epoch': 51, 'name': 'low_freq', 'HIT@5': '0.0054', 'NDCG@5': '0.0040', 'HIT@10': '0.0091', 'NDCG@10': '0.0052', 'HIT@20': '0.0104', 'NDCG@20': '0.0055'}
{'Epoch': 51, 'name': 'all', 'HIT@5': '0.0231', 'NDCG@5': '0.0152', 'HIT@10': '0.0370', 'NDCG@10': '0.0197', 'HIT@20': '0.0569', 'NDCG@20': '0.0247'}
EarlyStopping counter: 1 out of 40
rec dataset length: 186
100%|███████████████████████████████████████████████████████████████████████████████████████████████████████████████████████████████████████████████████████████| 186/186 [00:18<00:00,  9.90it/s]
{'epoch': 52, 'rec_avg_loss': '0.4400', 'joint_avg_loss': '0.4400', 'cl_avg_loss': '0.0000', 'itemcl_loss': '0.0000', 'cl_pair_0_loss': '0.0000'}
Recommendation EP_test:52: 100%|| 35/35 [00:09<00:00,  3.78it/s]
{'Epoch': 52, 'name': 'high_freq', 'HIT@5': '0.0319', 'NDCG@5': '0.0207', 'HIT@10': '0.0500', 'NDCG@10': '0.0264', 'HIT@20': '0.0793', 'NDCG@20': '0.0338'}
{'Epoch': 52, 'name': 'mid_freq', 'HIT@5': '0.0096', 'NDCG@5': '0.0066', 'HIT@10': '0.0131', 'NDCG@10': '0.0078', 'HIT@20': '0.0184', 'NDCG@20': '0.0091'}
{'Epoch': 52, 'name': 'low_freq', 'HIT@5': '0.0061', 'NDCG@5': '0.0045', 'HIT@10': '0.0079', 'NDCG@10': '0.0050', 'HIT@20': '0.0109', 'NDCG@20': '0.0058'}
{'Epoch': 52, 'name': 'all', 'HIT@5': '0.0243', 'NDCG@5': '0.0159', 'HIT@10': '0.0375', 'NDCG@10': '0.0201', 'HIT@20': '0.0589', 'NDCG@20': '0.0255'}
Validation score increased.  Saving model ...
rec dataset length: 186
100%|███████████████████████████████████████████████████████████████████████████████████████████████████████████████████████████████████████████████████████████| 186/186 [00:18<00:00,  9.97it/s]
{'epoch': 53, 'rec_avg_loss': '0.4442', 'joint_avg_loss': '0.4442', 'cl_avg_loss': '0.0000', 'itemcl_loss': '0.0000', 'cl_pair_0_loss': '0.0000'}
Recommendation EP_test:53: 100%|| 35/35 [00:09<00:00,  3.88it/s]
{'Epoch': 53, 'name': 'high_freq', 'HIT@5': '0.0319', 'NDCG@5': '0.0210', 'HIT@10': '0.0510', 'NDCG@10': '0.0272', 'HIT@20': '0.0798', 'NDCG@20': '0.0344'}
{'Epoch': 53, 'name': 'mid_freq', 'HIT@5': '0.0102', 'NDCG@5': '0.0075', 'HIT@10': '0.0135', 'NDCG@10': '0.0085', 'HIT@20': '0.0191', 'NDCG@20': '0.0099'}
{'Epoch': 53, 'name': 'low_freq', 'HIT@5': '0.0059', 'NDCG@5': '0.0040', 'HIT@10': '0.0081', 'NDCG@10': '0.0047', 'HIT@20': '0.0109', 'NDCG@20': '0.0054'}
{'Epoch': 53, 'name': 'all', 'HIT@5': '0.0244', 'NDCG@5': '0.0163', 'HIT@10': '0.0383', 'NDCG@10': '0.0207', 'HIT@20': '0.0594', 'NDCG@20': '0.0260'}
Validation score increased.  Saving model ...
rec dataset length: 186
100%|███████████████████████████████████████████████████████████████████████████████████████████████████████████████████████████████████████████████████████████| 186/186 [00:18<00:00,  9.94it/s]
{'epoch': 54, 'rec_avg_loss': '0.4423', 'joint_avg_loss': '0.4423', 'cl_avg_loss': '0.0000', 'itemcl_loss': '0.0000', 'cl_pair_0_loss': '0.0000'}
Recommendation EP_test:54: 100%|| 35/35 [00:08<00:00,  3.90it/s]
{'Epoch': 54, 'name': 'high_freq', 'HIT@5': '0.0309', 'NDCG@5': '0.0203', 'HIT@10': '0.0498', 'NDCG@10': '0.0264', 'HIT@20': '0.0775', 'NDCG@20': '0.0333'}
{'Epoch': 54, 'name': 'mid_freq', 'HIT@5': '0.0093', 'NDCG@5': '0.0066', 'HIT@10': '0.0135', 'NDCG@10': '0.0079', 'HIT@20': '0.0190', 'NDCG@20': '0.0093'}
{'Epoch': 54, 'name': 'low_freq', 'HIT@5': '0.0054', 'NDCG@5': '0.0038', 'HIT@10': '0.0077', 'NDCG@10': '0.0045', 'HIT@20': '0.0106', 'NDCG@20': '0.0053'}
{'Epoch': 54, 'name': 'all', 'HIT@5': '0.0235', 'NDCG@5': '0.0155', 'HIT@10': '0.0375', 'NDCG@10': '0.0200', 'HIT@20': '0.0578', 'NDCG@20': '0.0251'}
EarlyStopping counter: 1 out of 40
rec dataset length: 186
100%|███████████████████████████████████████████████████████████████████████████████████████████████████████████████████████████████████████████████████████████| 186/186 [00:18<00:00,  9.81it/s]
{'epoch': 55, 'rec_avg_loss': '0.4385', 'joint_avg_loss': '0.4385', 'cl_avg_loss': '0.0000', 'itemcl_loss': '0.0000', 'cl_pair_0_loss': '0.0000'}
Recommendation EP_test:55: 100%|| 35/35 [00:09<00:00,  3.82it/s]
{'Epoch': 55, 'name': 'high_freq', 'HIT@5': '0.0319', 'NDCG@5': '0.0204', 'HIT@10': '0.0507', 'NDCG@10': '0.0264', 'HIT@20': '0.0809', 'NDCG@20': '0.0340'}
{'Epoch': 55, 'name': 'mid_freq', 'HIT@5': '0.0079', 'NDCG@5': '0.0056', 'HIT@10': '0.0126', 'NDCG@10': '0.0071', 'HIT@20': '0.0181', 'NDCG@20': '0.0085'}
{'Epoch': 55, 'name': 'low_freq', 'HIT@5': '0.0057', 'NDCG@5': '0.0038', 'HIT@10': '0.0086', 'NDCG@10': '0.0048', 'HIT@20': '0.0115', 'NDCG@20': '0.0055'}
{'Epoch': 55, 'name': 'all', 'HIT@5': '0.0239', 'NDCG@5': '0.0154', 'HIT@10': '0.0381', 'NDCG@10': '0.0200', 'HIT@20': '0.0600', 'NDCG@20': '0.0255'}
EarlyStopping counter: 2 out of 40
rec dataset length: 186
100%|███████████████████████████████████████████████████████████████████████████████████████████████████████████████████████████████████████████████████████████| 186/186 [00:18<00:00,  9.98it/s]
{'epoch': 56, 'rec_avg_loss': '0.4410', 'joint_avg_loss': '0.4410', 'cl_avg_loss': '0.0000', 'itemcl_loss': '0.0000', 'cl_pair_0_loss': '0.0000'}
Recommendation EP_test:56: 100%|| 35/35 [00:08<00:00,  3.91it/s]
{'Epoch': 56, 'name': 'high_freq', 'HIT@5': '0.0306', 'NDCG@5': '0.0201', 'HIT@10': '0.0488', 'NDCG@10': '0.0260', 'HIT@20': '0.0768', 'NDCG@20': '0.0330'}
{'Epoch': 56, 'name': 'mid_freq', 'HIT@5': '0.0090', 'NDCG@5': '0.0061', 'HIT@10': '0.0134', 'NDCG@10': '0.0075', 'HIT@20': '0.0192', 'NDCG@20': '0.0090'}
{'Epoch': 56, 'name': 'low_freq', 'HIT@5': '0.0050', 'NDCG@5': '0.0033', 'HIT@10': '0.0072', 'NDCG@10': '0.0040', 'HIT@20': '0.0120', 'NDCG@20': '0.0052'}
{'Epoch': 56, 'name': 'all', 'HIT@5': '0.0232', 'NDCG@5': '0.0153', 'HIT@10': '0.0367', 'NDCG@10': '0.0196', 'HIT@20': '0.0575', 'NDCG@20': '0.0249'}
EarlyStopping counter: 3 out of 40
rec dataset length: 186
100%|███████████████████████████████████████████████████████████████████████████████████████████████████████████████████████████████████████████████████████████| 186/186 [00:18<00:00, 10.02it/s]
{'epoch': 57, 'rec_avg_loss': '0.4373', 'joint_avg_loss': '0.4373', 'cl_avg_loss': '0.0000', 'itemcl_loss': '0.0000', 'cl_pair_0_loss': '0.0000'}
Recommendation EP_test:57: 100%|| 35/35 [00:09<00:00,  3.88it/s]
{'Epoch': 57, 'name': 'high_freq', 'HIT@5': '0.0311', 'NDCG@5': '0.0202', 'HIT@10': '0.0504', 'NDCG@10': '0.0264', 'HIT@20': '0.0784', 'NDCG@20': '0.0334'}
{'Epoch': 57, 'name': 'mid_freq', 'HIT@5': '0.0092', 'NDCG@5': '0.0061', 'HIT@10': '0.0115', 'NDCG@10': '0.0068', 'HIT@20': '0.0185', 'NDCG@20': '0.0086'}
{'Epoch': 57, 'name': 'low_freq', 'HIT@5': '0.0045', 'NDCG@5': '0.0035', 'HIT@10': '0.0075', 'NDCG@10': '0.0045', 'HIT@20': '0.0111', 'NDCG@20': '0.0054'}
{'Epoch': 57, 'name': 'all', 'HIT@5': '0.0235', 'NDCG@5': '0.0154', 'HIT@10': '0.0374', 'NDCG@10': '0.0198', 'HIT@20': '0.0583', 'NDCG@20': '0.0250'}
EarlyStopping counter: 4 out of 40
rec dataset length: 186
100%|███████████████████████████████████████████████████████████████████████████████████████████████████████████████████████████████████████████████████████████| 186/186 [00:18<00:00,  9.86it/s]
{'epoch': 58, 'rec_avg_loss': '0.4383', 'joint_avg_loss': '0.4383', 'cl_avg_loss': '0.0000', 'itemcl_loss': '0.0000', 'cl_pair_0_loss': '0.0000'}
Recommendation EP_test:58: 100%|| 35/35 [00:09<00:00,  3.73it/s]
{'Epoch': 58, 'name': 'high_freq', 'HIT@5': '0.0313', 'NDCG@5': '0.0206', 'HIT@10': '0.0498', 'NDCG@10': '0.0266', 'HIT@20': '0.0797', 'NDCG@20': '0.0341'}
{'Epoch': 58, 'name': 'mid_freq', 'HIT@5': '0.0090', 'NDCG@5': '0.0065', 'HIT@10': '0.0128', 'NDCG@10': '0.0077', 'HIT@20': '0.0185', 'NDCG@20': '0.0091'}
{'Epoch': 58, 'name': 'low_freq', 'HIT@5': '0.0061', 'NDCG@5': '0.0037', 'HIT@10': '0.0081', 'NDCG@10': '0.0044', 'HIT@20': '0.0102', 'NDCG@20': '0.0049'}
{'Epoch': 58, 'name': 'all', 'HIT@5': '0.0238', 'NDCG@5': '0.0158', 'HIT@10': '0.0374', 'NDCG@10': '0.0201', 'HIT@20': '0.0591', 'NDCG@20': '0.0256'}
EarlyStopping counter: 5 out of 40
rec dataset length: 186
100%|███████████████████████████████████████████████████████████████████████████████████████████████████████████████████████████████████████████████████████████| 186/186 [00:18<00:00, 10.02it/s]
{'epoch': 59, 'rec_avg_loss': '0.4332', 'joint_avg_loss': '0.4332', 'cl_avg_loss': '0.0000', 'itemcl_loss': '0.0000', 'cl_pair_0_loss': '0.0000'}
Recommendation EP_test:59: 100%|| 35/35 [00:09<00:00,  3.83it/s]
{'Epoch': 59, 'name': 'high_freq', 'HIT@5': '0.0309', 'NDCG@5': '0.0206', 'HIT@10': '0.0494', 'NDCG@10': '0.0265', 'HIT@20': '0.0790', 'NDCG@20': '0.0339'}
{'Epoch': 59, 'name': 'mid_freq', 'HIT@5': '0.0090', 'NDCG@5': '0.0060', 'HIT@10': '0.0135', 'NDCG@10': '0.0074', 'HIT@20': '0.0171', 'NDCG@20': '0.0083'}
{'Epoch': 59, 'name': 'low_freq', 'HIT@5': '0.0059', 'NDCG@5': '0.0037', 'HIT@10': '0.0084', 'NDCG@10': '0.0045', 'HIT@20': '0.0113', 'NDCG@20': '0.0052'}
{'Epoch': 59, 'name': 'all', 'HIT@5': '0.0235', 'NDCG@5': '0.0156', 'HIT@10': '0.0373', 'NDCG@10': '0.0200', 'HIT@20': '0.0585', 'NDCG@20': '0.0253'}
EarlyStopping counter: 6 out of 40
rec dataset length: 186
100%|███████████████████████████████████████████████████████████████████████████████████████████████████████████████████████████████████████████████████████████| 186/186 [00:18<00:00,  9.95it/s]
{'epoch': 60, 'rec_avg_loss': '0.4344', 'joint_avg_loss': '0.4344', 'cl_avg_loss': '0.0000', 'itemcl_loss': '0.0000', 'cl_pair_0_loss': '0.0000'}
Recommendation EP_test:60: 100%|| 35/35 [00:09<00:00,  3.83it/s]
{'Epoch': 60, 'name': 'high_freq', 'HIT@5': '0.0318', 'NDCG@5': '0.0207', 'HIT@10': '0.0520', 'NDCG@10': '0.0272', 'HIT@20': '0.0820', 'NDCG@20': '0.0348'}
{'Epoch': 60, 'name': 'mid_freq', 'HIT@5': '0.0075', 'NDCG@5': '0.0050', 'HIT@10': '0.0111', 'NDCG@10': '0.0062', 'HIT@20': '0.0164', 'NDCG@20': '0.0075'}
{'Epoch': 60, 'name': 'low_freq', 'HIT@5': '0.0057', 'NDCG@5': '0.0037', 'HIT@10': '0.0086', 'NDCG@10': '0.0046', 'HIT@20': '0.0120', 'NDCG@20': '0.0055'}
{'Epoch': 60, 'name': 'all', 'HIT@5': '0.0238', 'NDCG@5': '0.0155', 'HIT@10': '0.0386', 'NDCG@10': '0.0203', 'HIT@20': '0.0605', 'NDCG@20': '0.0258'}
EarlyStopping counter: 7 out of 40
rec dataset length: 186
100%|███████████████████████████████████████████████████████████████████████████████████████████████████████████████████████████████████████████████████████████| 186/186 [00:18<00:00,  9.96it/s]
{'epoch': 61, 'rec_avg_loss': '0.4327', 'joint_avg_loss': '0.4327', 'cl_avg_loss': '0.0000', 'itemcl_loss': '0.0000', 'cl_pair_0_loss': '0.0000'}
Recommendation EP_test:61: 100%|| 35/35 [00:09<00:00,  3.84it/s]
{'Epoch': 61, 'name': 'high_freq', 'HIT@5': '0.0320', 'NDCG@5': '0.0204', 'HIT@10': '0.0505', 'NDCG@10': '0.0264', 'HIT@20': '0.0799', 'NDCG@20': '0.0338'}
{'Epoch': 61, 'name': 'mid_freq', 'HIT@5': '0.0085', 'NDCG@5': '0.0059', 'HIT@10': '0.0129', 'NDCG@10': '0.0073', 'HIT@20': '0.0181', 'NDCG@20': '0.0086'}
{'Epoch': 61, 'name': 'low_freq', 'HIT@5': '0.0066', 'NDCG@5': '0.0039', 'HIT@10': '0.0086', 'NDCG@10': '0.0045', 'HIT@20': '0.0104', 'NDCG@20': '0.0050'}
{'Epoch': 61, 'name': 'all', 'HIT@5': '0.0242', 'NDCG@5': '0.0155', 'HIT@10': '0.0379', 'NDCG@10': '0.0199', 'HIT@20': '0.0592', 'NDCG@20': '0.0253'}
EarlyStopping counter: 8 out of 40
rec dataset length: 186
100%|███████████████████████████████████████████████████████████████████████████████████████████████████████████████████████████████████████████████████████████| 186/186 [00:18<00:00, 10.07it/s]
{'epoch': 62, 'rec_avg_loss': '0.4280', 'joint_avg_loss': '0.4280', 'cl_avg_loss': '0.0000', 'itemcl_loss': '0.0000', 'cl_pair_0_loss': '0.0000'}
Recommendation EP_test:62: 100%|| 35/35 [00:09<00:00,  3.87it/s]
{'Epoch': 62, 'name': 'high_freq', 'HIT@5': '0.0318', 'NDCG@5': '0.0207', 'HIT@10': '0.0507', 'NDCG@10': '0.0267', 'HIT@20': '0.0786', 'NDCG@20': '0.0337'}
{'Epoch': 62, 'name': 'mid_freq', 'HIT@5': '0.0086', 'NDCG@5': '0.0061', 'HIT@10': '0.0131', 'NDCG@10': '0.0075', 'HIT@20': '0.0188', 'NDCG@20': '0.0090'}
{'Epoch': 62, 'name': 'low_freq', 'HIT@5': '0.0052', 'NDCG@5': '0.0036', 'HIT@10': '0.0088', 'NDCG@10': '0.0047', 'HIT@20': '0.0120', 'NDCG@20': '0.0055'}
{'Epoch': 62, 'name': 'all', 'HIT@5': '0.0239', 'NDCG@5': '0.0157', 'HIT@10': '0.0381', 'NDCG@10': '0.0203', 'HIT@20': '0.0586', 'NDCG@20': '0.0254'}
EarlyStopping counter: 9 out of 40
rec dataset length: 186
100%|███████████████████████████████████████████████████████████████████████████████████████████████████████████████████████████████████████████████████████████| 186/186 [00:18<00:00, 10.00it/s]
{'epoch': 63, 'rec_avg_loss': '0.4304', 'joint_avg_loss': '0.4304', 'cl_avg_loss': '0.0000', 'itemcl_loss': '0.0000', 'cl_pair_0_loss': '0.0000'}
Recommendation EP_test:63: 100%|| 35/35 [00:09<00:00,  3.86it/s]
{'Epoch': 63, 'name': 'high_freq', 'HIT@5': '0.0321', 'NDCG@5': '0.0206', 'HIT@10': '0.0512', 'NDCG@10': '0.0267', 'HIT@20': '0.0792', 'NDCG@20': '0.0337'}
{'Epoch': 63, 'name': 'mid_freq', 'HIT@5': '0.0083', 'NDCG@5': '0.0056', 'HIT@10': '0.0124', 'NDCG@10': '0.0069', 'HIT@20': '0.0182', 'NDCG@20': '0.0084'}
{'Epoch': 63, 'name': 'low_freq', 'HIT@5': '0.0059', 'NDCG@5': '0.0042', 'HIT@10': '0.0079', 'NDCG@10': '0.0049', 'HIT@20': '0.0111', 'NDCG@20': '0.0057'}
{'Epoch': 63, 'name': 'all', 'HIT@5': '0.0242', 'NDCG@5': '0.0156', 'HIT@10': '0.0382', 'NDCG@10': '0.0201', 'HIT@20': '0.0588', 'NDCG@20': '0.0253'}
EarlyStopping counter: 10 out of 40
rec dataset length: 186
100%|███████████████████████████████████████████████████████████████████████████████████████████████████████████████████████████████████████████████████████████| 186/186 [00:18<00:00,  9.97it/s]
{'epoch': 64, 'rec_avg_loss': '0.4293', 'joint_avg_loss': '0.4293', 'cl_avg_loss': '0.0000', 'itemcl_loss': '0.0000', 'cl_pair_0_loss': '0.0000'}
Recommendation EP_test:64: 100%|| 35/35 [00:09<00:00,  3.81it/s]
{'Epoch': 64, 'name': 'high_freq', 'HIT@5': '0.0301', 'NDCG@5': '0.0199', 'HIT@10': '0.0498', 'NDCG@10': '0.0262', 'HIT@20': '0.0793', 'NDCG@20': '0.0336'}
{'Epoch': 64, 'name': 'mid_freq', 'HIT@5': '0.0088', 'NDCG@5': '0.0059', 'HIT@10': '0.0122', 'NDCG@10': '0.0070', 'HIT@20': '0.0191', 'NDCG@20': '0.0087'}
{'Epoch': 64, 'name': 'low_freq', 'HIT@5': '0.0054', 'NDCG@5': '0.0038', 'HIT@10': '0.0070', 'NDCG@10': '0.0043', 'HIT@20': '0.0100', 'NDCG@20': '0.0050'}
{'Epoch': 64, 'name': 'all', 'HIT@5': '0.0228', 'NDCG@5': '0.0151', 'HIT@10': '0.0371', 'NDCG@10': '0.0197', 'HIT@20': '0.0589', 'NDCG@20': '0.0252'}
EarlyStopping counter: 11 out of 40
rec dataset length: 186
100%|███████████████████████████████████████████████████████████████████████████████████████████████████████████████████████████████████████████████████████████| 186/186 [00:18<00:00, 10.05it/s]
{'epoch': 65, 'rec_avg_loss': '0.4295', 'joint_avg_loss': '0.4295', 'cl_avg_loss': '0.0000', 'itemcl_loss': '0.0000', 'cl_pair_0_loss': '0.0000'}
Recommendation EP_test:65: 100%|| 35/35 [00:09<00:00,  3.88it/s]
{'Epoch': 65, 'name': 'high_freq', 'HIT@5': '0.0311', 'NDCG@5': '0.0206', 'HIT@10': '0.0510', 'NDCG@10': '0.0270', 'HIT@20': '0.0793', 'NDCG@20': '0.0341'}
{'Epoch': 65, 'name': 'mid_freq', 'HIT@5': '0.0085', 'NDCG@5': '0.0056', 'HIT@10': '0.0119', 'NDCG@10': '0.0067', 'HIT@20': '0.0181', 'NDCG@20': '0.0083'}
{'Epoch': 65, 'name': 'low_freq', 'HIT@5': '0.0052', 'NDCG@5': '0.0039', 'HIT@10': '0.0066', 'NDCG@10': '0.0044', 'HIT@20': '0.0097', 'NDCG@20': '0.0052'}
{'Epoch': 65, 'name': 'all', 'HIT@5': '0.0235', 'NDCG@5': '0.0156', 'HIT@10': '0.0379', 'NDCG@10': '0.0202', 'HIT@20': '0.0587', 'NDCG@20': '0.0254'}
EarlyStopping counter: 12 out of 40
rec dataset length: 186
100%|███████████████████████████████████████████████████████████████████████████████████████████████████████████████████████████████████████████████████████████| 186/186 [00:18<00:00,  9.93it/s]
{'epoch': 66, 'rec_avg_loss': '0.4254', 'joint_avg_loss': '0.4254', 'cl_avg_loss': '0.0000', 'itemcl_loss': '0.0000', 'cl_pair_0_loss': '0.0000'}
Recommendation EP_test:66: 100%|| 35/35 [00:08<00:00,  3.93it/s]
{'Epoch': 66, 'name': 'high_freq', 'HIT@5': '0.0302', 'NDCG@5': '0.0198', 'HIT@10': '0.0504', 'NDCG@10': '0.0263', 'HIT@20': '0.0785', 'NDCG@20': '0.0334'}
{'Epoch': 66, 'name': 'mid_freq', 'HIT@5': '0.0092', 'NDCG@5': '0.0060', 'HIT@10': '0.0131', 'NDCG@10': '0.0073', 'HIT@20': '0.0197', 'NDCG@20': '0.0089'}
{'Epoch': 66, 'name': 'low_freq', 'HIT@5': '0.0063', 'NDCG@5': '0.0048', 'HIT@10': '0.0081', 'NDCG@10': '0.0054', 'HIT@20': '0.0100', 'NDCG@20': '0.0059'}
{'Epoch': 66, 'name': 'all', 'HIT@5': '0.0231', 'NDCG@5': '0.0153', 'HIT@10': '0.0379', 'NDCG@10': '0.0200', 'HIT@20': '0.0585', 'NDCG@20': '0.0252'}
EarlyStopping counter: 13 out of 40
rec dataset length: 186
100%|███████████████████████████████████████████████████████████████████████████████████████████████████████████████████████████████████████████████████████████| 186/186 [00:18<00:00, 10.05it/s]
{'epoch': 67, 'rec_avg_loss': '0.4259', 'joint_avg_loss': '0.4259', 'cl_avg_loss': '0.0000', 'itemcl_loss': '0.0000', 'cl_pair_0_loss': '0.0000'}
Recommendation EP_test:67: 100%|| 35/35 [00:09<00:00,  3.86it/s]
{'Epoch': 67, 'name': 'high_freq', 'HIT@5': '0.0299', 'NDCG@5': '0.0195', 'HIT@10': '0.0507', 'NDCG@10': '0.0262', 'HIT@20': '0.0792', 'NDCG@20': '0.0333'}
{'Epoch': 67, 'name': 'mid_freq', 'HIT@5': '0.0090', 'NDCG@5': '0.0062', 'HIT@10': '0.0134', 'NDCG@10': '0.0076', 'HIT@20': '0.0191', 'NDCG@20': '0.0090'}
{'Epoch': 67, 'name': 'low_freq', 'HIT@5': '0.0054', 'NDCG@5': '0.0044', 'HIT@10': '0.0075', 'NDCG@10': '0.0051', 'HIT@20': '0.0088', 'NDCG@20': '0.0054'}
{'Epoch': 67, 'name': 'all', 'HIT@5': '0.0228', 'NDCG@5': '0.0150', 'HIT@10': '0.0381', 'NDCG@10': '0.0199', 'HIT@20': '0.0587', 'NDCG@20': '0.0251'}
EarlyStopping counter: 14 out of 40
rec dataset length: 186
100%|███████████████████████████████████████████████████████████████████████████████████████████████████████████████████████████████████████████████████████████| 186/186 [00:18<00:00,  9.96it/s]
{'epoch': 68, 'rec_avg_loss': '0.4204', 'joint_avg_loss': '0.4204', 'cl_avg_loss': '0.0000', 'itemcl_loss': '0.0000', 'cl_pair_0_loss': '0.0000'}
Recommendation EP_test:68: 100%|| 35/35 [00:09<00:00,  3.85it/s]
{'Epoch': 68, 'name': 'high_freq', 'HIT@5': '0.0315', 'NDCG@5': '0.0201', 'HIT@10': '0.0512', 'NDCG@10': '0.0264', 'HIT@20': '0.0811', 'NDCG@20': '0.0339'}
{'Epoch': 68, 'name': 'mid_freq', 'HIT@5': '0.0073', 'NDCG@5': '0.0054', 'HIT@10': '0.0116', 'NDCG@10': '0.0068', 'HIT@20': '0.0184', 'NDCG@20': '0.0085'}
{'Epoch': 68, 'name': 'low_freq', 'HIT@5': '0.0048', 'NDCG@5': '0.0036', 'HIT@10': '0.0063', 'NDCG@10': '0.0041', 'HIT@20': '0.0091', 'NDCG@20': '0.0048'}
{'Epoch': 68, 'name': 'all', 'HIT@5': '0.0234', 'NDCG@5': '0.0152', 'HIT@10': '0.0379', 'NDCG@10': '0.0198', 'HIT@20': '0.0599', 'NDCG@20': '0.0253'}
EarlyStopping counter: 15 out of 40
rec dataset length: 186
100%|███████████████████████████████████████████████████████████████████████████████████████████████████████████████████████████████████████████████████████████| 186/186 [00:18<00:00,  9.90it/s]
{'epoch': 69, 'rec_avg_loss': '0.4229', 'joint_avg_loss': '0.4229', 'cl_avg_loss': '0.0000', 'itemcl_loss': '0.0000', 'cl_pair_0_loss': '0.0000'}
Recommendation EP_test:69: 100%|| 35/35 [00:08<00:00,  3.90it/s]
{'Epoch': 69, 'name': 'high_freq', 'HIT@5': '0.0312', 'NDCG@5': '0.0203', 'HIT@10': '0.0507', 'NDCG@10': '0.0266', 'HIT@20': '0.0792', 'NDCG@20': '0.0338'}
{'Epoch': 69, 'name': 'mid_freq', 'HIT@5': '0.0093', 'NDCG@5': '0.0064', 'HIT@10': '0.0136', 'NDCG@10': '0.0077', 'HIT@20': '0.0194', 'NDCG@20': '0.0092'}
{'Epoch': 69, 'name': 'low_freq', 'HIT@5': '0.0072', 'NDCG@5': '0.0048', 'HIT@10': '0.0093', 'NDCG@10': '0.0055', 'HIT@20': '0.0115', 'NDCG@20': '0.0060'}
{'Epoch': 69, 'name': 'all', 'HIT@5': '0.0239', 'NDCG@5': '0.0157', 'HIT@10': '0.0383', 'NDCG@10': '0.0203', 'HIT@20': '0.0591', 'NDCG@20': '0.0255'}
EarlyStopping counter: 16 out of 40
rec dataset length: 186
100%|███████████████████████████████████████████████████████████████████████████████████████████████████████████████████████████████████████████████████████████| 186/186 [00:18<00:00,  9.93it/s]
{'epoch': 70, 'rec_avg_loss': '0.4207', 'joint_avg_loss': '0.4207', 'cl_avg_loss': '0.0000', 'itemcl_loss': '0.0000', 'cl_pair_0_loss': '0.0000'}
Recommendation EP_test:70: 100%|| 35/35 [00:09<00:00,  3.85it/s]
{'Epoch': 70, 'name': 'high_freq', 'HIT@5': '0.0322', 'NDCG@5': '0.0211', 'HIT@10': '0.0512', 'NDCG@10': '0.0272', 'HIT@20': '0.0811', 'NDCG@20': '0.0347'}
{'Epoch': 70, 'name': 'mid_freq', 'HIT@5': '0.0085', 'NDCG@5': '0.0059', 'HIT@10': '0.0113', 'NDCG@10': '0.0068', 'HIT@20': '0.0161', 'NDCG@20': '0.0080'}
{'Epoch': 70, 'name': 'low_freq', 'HIT@5': '0.0068', 'NDCG@5': '0.0047', 'HIT@10': '0.0086', 'NDCG@10': '0.0053', 'HIT@20': '0.0115', 'NDCG@20': '0.0060'}
{'Epoch': 70, 'name': 'all', 'HIT@5': '0.0244', 'NDCG@5': '0.0161', 'HIT@10': '0.0381', 'NDCG@10': '0.0205', 'HIT@20': '0.0598', 'NDCG@20': '0.0259'}
EarlyStopping counter: 17 out of 40
rec dataset length: 186
100%|███████████████████████████████████████████████████████████████████████████████████████████████████████████████████████████████████████████████████████████| 186/186 [00:18<00:00, 10.01it/s]
{'epoch': 71, 'rec_avg_loss': '0.4184', 'joint_avg_loss': '0.4184', 'cl_avg_loss': '0.0000', 'itemcl_loss': '0.0000', 'cl_pair_0_loss': '0.0000'}
Recommendation EP_test:71: 100%|| 35/35 [00:08<00:00,  3.90it/s]
{'Epoch': 71, 'name': 'high_freq', 'HIT@5': '0.0315', 'NDCG@5': '0.0204', 'HIT@10': '0.0500', 'NDCG@10': '0.0264', 'HIT@20': '0.0805', 'NDCG@20': '0.0340'}
{'Epoch': 71, 'name': 'mid_freq', 'HIT@5': '0.0086', 'NDCG@5': '0.0060', 'HIT@10': '0.0134', 'NDCG@10': '0.0076', 'HIT@20': '0.0184', 'NDCG@20': '0.0088'}
{'Epoch': 71, 'name': 'low_freq', 'HIT@5': '0.0061', 'NDCG@5': '0.0044', 'HIT@10': '0.0077', 'NDCG@10': '0.0049', 'HIT@20': '0.0111', 'NDCG@20': '0.0057'}
{'Epoch': 71, 'name': 'all', 'HIT@5': '0.0239', 'NDCG@5': '0.0156', 'HIT@10': '0.0376', 'NDCG@10': '0.0200', 'HIT@20': '0.0598', 'NDCG@20': '0.0256'}
EarlyStopping counter: 18 out of 40
rec dataset length: 186
100%|███████████████████████████████████████████████████████████████████████████████████████████████████████████████████████████████████████████████████████████| 186/186 [00:18<00:00,  9.92it/s]
{'epoch': 72, 'rec_avg_loss': '0.4219', 'joint_avg_loss': '0.4219', 'cl_avg_loss': '0.0000', 'itemcl_loss': '0.0000', 'cl_pair_0_loss': '0.0000'}
Recommendation EP_test:72: 100%|| 35/35 [00:08<00:00,  3.95it/s]
{'Epoch': 72, 'name': 'high_freq', 'HIT@5': '0.0320', 'NDCG@5': '0.0205', 'HIT@10': '0.0506', 'NDCG@10': '0.0264', 'HIT@20': '0.0800', 'NDCG@20': '0.0338'}
{'Epoch': 72, 'name': 'mid_freq', 'HIT@5': '0.0098', 'NDCG@5': '0.0066', 'HIT@10': '0.0135', 'NDCG@10': '0.0079', 'HIT@20': '0.0182', 'NDCG@20': '0.0091'}
{'Epoch': 72, 'name': 'low_freq', 'HIT@5': '0.0052', 'NDCG@5': '0.0040', 'HIT@10': '0.0068', 'NDCG@10': '0.0045', 'HIT@20': '0.0102', 'NDCG@20': '0.0054'}
{'Epoch': 72, 'name': 'all', 'HIT@5': '0.0243', 'NDCG@5': '0.0157', 'HIT@10': '0.0379', 'NDCG@10': '0.0201', 'HIT@20': '0.0593', 'NDCG@20': '0.0255'}
EarlyStopping counter: 19 out of 40
rec dataset length: 186
100%|███████████████████████████████████████████████████████████████████████████████████████████████████████████████████████████████████████████████████████████| 186/186 [00:18<00:00,  9.99it/s]
{'epoch': 73, 'rec_avg_loss': '0.4192', 'joint_avg_loss': '0.4192', 'cl_avg_loss': '0.0000', 'itemcl_loss': '0.0000', 'cl_pair_0_loss': '0.0000'}
Recommendation EP_test:73: 100%|| 35/35 [00:08<00:00,  3.91it/s]
{'Epoch': 73, 'name': 'high_freq', 'HIT@5': '0.0307', 'NDCG@5': '0.0199', 'HIT@10': '0.0505', 'NDCG@10': '0.0263', 'HIT@20': '0.0792', 'NDCG@20': '0.0334'}
{'Epoch': 73, 'name': 'mid_freq', 'HIT@5': '0.0089', 'NDCG@5': '0.0066', 'HIT@10': '0.0134', 'NDCG@10': '0.0080', 'HIT@20': '0.0198', 'NDCG@20': '0.0096'}
{'Epoch': 73, 'name': 'low_freq', 'HIT@5': '0.0057', 'NDCG@5': '0.0043', 'HIT@10': '0.0077', 'NDCG@10': '0.0049', 'HIT@20': '0.0113', 'NDCG@20': '0.0058'}
{'Epoch': 73, 'name': 'all', 'HIT@5': '0.0233', 'NDCG@5': '0.0153', 'HIT@10': '0.0379', 'NDCG@10': '0.0200', 'HIT@20': '0.0592', 'NDCG@20': '0.0254'}
EarlyStopping counter: 20 out of 40
rec dataset length: 186
100%|███████████████████████████████████████████████████████████████████████████████████████████████████████████████████████████████████████████████████████████| 186/186 [00:18<00:00,  9.97it/s]
{'epoch': 74, 'rec_avg_loss': '0.4202', 'joint_avg_loss': '0.4202', 'cl_avg_loss': '0.0000', 'itemcl_loss': '0.0000', 'cl_pair_0_loss': '0.0000'}
Recommendation EP_test:74: 100%|| 35/35 [00:08<00:00,  3.91it/s]
{'Epoch': 74, 'name': 'high_freq', 'HIT@5': '0.0296', 'NDCG@5': '0.0190', 'HIT@10': '0.0489', 'NDCG@10': '0.0252', 'HIT@20': '0.0769', 'NDCG@20': '0.0322'}
{'Epoch': 74, 'name': 'mid_freq', 'HIT@5': '0.0096', 'NDCG@5': '0.0068', 'HIT@10': '0.0138', 'NDCG@10': '0.0081', 'HIT@20': '0.0208', 'NDCG@20': '0.0098'}
{'Epoch': 74, 'name': 'low_freq', 'HIT@5': '0.0057', 'NDCG@5': '0.0042', 'HIT@10': '0.0075', 'NDCG@10': '0.0048', 'HIT@20': '0.0115', 'NDCG@20': '0.0058'}
{'Epoch': 74, 'name': 'all', 'HIT@5': '0.0227', 'NDCG@5': '0.0148', 'HIT@10': '0.0369', 'NDCG@10': '0.0193', 'HIT@20': '0.0578', 'NDCG@20': '0.0246'}
EarlyStopping counter: 21 out of 40
rec dataset length: 186
100%|███████████████████████████████████████████████████████████████████████████████████████████████████████████████████████████████████████████████████████████| 186/186 [00:18<00:00,  9.96it/s]
{'epoch': 75, 'rec_avg_loss': '0.4158', 'joint_avg_loss': '0.4158', 'cl_avg_loss': '0.0000', 'itemcl_loss': '0.0000', 'cl_pair_0_loss': '0.0000'}
Recommendation EP_test:75: 100%|| 35/35 [00:08<00:00,  3.94it/s]
{'Epoch': 75, 'name': 'high_freq', 'HIT@5': '0.0298', 'NDCG@5': '0.0186', 'HIT@10': '0.0494', 'NDCG@10': '0.0249', 'HIT@20': '0.0787', 'NDCG@20': '0.0323'}
{'Epoch': 75, 'name': 'mid_freq', 'HIT@5': '0.0102', 'NDCG@5': '0.0065', 'HIT@10': '0.0157', 'NDCG@10': '0.0083', 'HIT@20': '0.0215', 'NDCG@20': '0.0098'}
{'Epoch': 75, 'name': 'low_freq', 'HIT@5': '0.0070', 'NDCG@5': '0.0052', 'HIT@10': '0.0088', 'NDCG@10': '0.0058', 'HIT@20': '0.0118', 'NDCG@20': '0.0065'}
{'Epoch': 75, 'name': 'all', 'HIT@5': '0.0231', 'NDCG@5': '0.0146', 'HIT@10': '0.0378', 'NDCG@10': '0.0193', 'HIT@20': '0.0592', 'NDCG@20': '0.0247'}
EarlyStopping counter: 22 out of 40
rec dataset length: 186
100%|███████████████████████████████████████████████████████████████████████████████████████████████████████████████████████████████████████████████████████████| 186/186 [00:18<00:00,  9.94it/s]
{'epoch': 76, 'rec_avg_loss': '0.4116', 'joint_avg_loss': '0.4116', 'cl_avg_loss': '0.0000', 'itemcl_loss': '0.0000', 'cl_pair_0_loss': '0.0000'}
Recommendation EP_test:76: 100%|| 35/35 [00:09<00:00,  3.88it/s]
{'Epoch': 76, 'name': 'high_freq', 'HIT@5': '0.0300', 'NDCG@5': '0.0197', 'HIT@10': '0.0491', 'NDCG@10': '0.0258', 'HIT@20': '0.0780', 'NDCG@20': '0.0331'}
{'Epoch': 76, 'name': 'mid_freq', 'HIT@5': '0.0108', 'NDCG@5': '0.0074', 'HIT@10': '0.0157', 'NDCG@10': '0.0090', 'HIT@20': '0.0220', 'NDCG@20': '0.0106'}
{'Epoch': 76, 'name': 'low_freq', 'HIT@5': '0.0057', 'NDCG@5': '0.0040', 'HIT@10': '0.0084', 'NDCG@10': '0.0049', 'HIT@20': '0.0111', 'NDCG@20': '0.0056'}
{'Epoch': 76, 'name': 'all', 'HIT@5': '0.0232', 'NDCG@5': '0.0153', 'HIT@10': '0.0375', 'NDCG@10': '0.0199', 'HIT@20': '0.0588', 'NDCG@20': '0.0253'}
EarlyStopping counter: 23 out of 40
rec dataset length: 186
100%|███████████████████████████████████████████████████████████████████████████████████████████████████████████████████████████████████████████████████████████| 186/186 [00:18<00:00,  9.94it/s]
{'epoch': 77, 'rec_avg_loss': '0.4164', 'joint_avg_loss': '0.4164', 'cl_avg_loss': '0.0000', 'itemcl_loss': '0.0000', 'cl_pair_0_loss': '0.0000'}
Recommendation EP_test:77: 100%|| 35/35 [00:08<00:00,  3.96it/s]
{'Epoch': 77, 'name': 'high_freq', 'HIT@5': '0.0308', 'NDCG@5': '0.0199', 'HIT@10': '0.0498', 'NDCG@10': '0.0260', 'HIT@20': '0.0783', 'NDCG@20': '0.0332'}
{'Epoch': 77, 'name': 'mid_freq', 'HIT@5': '0.0099', 'NDCG@5': '0.0069', 'HIT@10': '0.0148', 'NDCG@10': '0.0085', 'HIT@20': '0.0211', 'NDCG@20': '0.0101'}
{'Epoch': 77, 'name': 'low_freq', 'HIT@5': '0.0054', 'NDCG@5': '0.0036', 'HIT@10': '0.0079', 'NDCG@10': '0.0044', 'HIT@20': '0.0111', 'NDCG@20': '0.0052'}
{'Epoch': 77, 'name': 'all', 'HIT@5': '0.0236', 'NDCG@5': '0.0154', 'HIT@10': '0.0378', 'NDCG@10': '0.0199', 'HIT@20': '0.0588', 'NDCG@20': '0.0252'}
EarlyStopping counter: 24 out of 40
rec dataset length: 186
100%|███████████████████████████████████████████████████████████████████████████████████████████████████████████████████████████████████████████████████████████| 186/186 [00:18<00:00, 10.00it/s]
{'epoch': 78, 'rec_avg_loss': '0.4130', 'joint_avg_loss': '0.4130', 'cl_avg_loss': '0.0000', 'itemcl_loss': '0.0000', 'cl_pair_0_loss': '0.0000'}
Recommendation EP_test:78: 100%|| 35/35 [00:09<00:00,  3.84it/s]
{'Epoch': 78, 'name': 'high_freq', 'HIT@5': '0.0299', 'NDCG@5': '0.0193', 'HIT@10': '0.0479', 'NDCG@10': '0.0251', 'HIT@20': '0.0772', 'NDCG@20': '0.0324'}
{'Epoch': 78, 'name': 'mid_freq', 'HIT@5': '0.0102', 'NDCG@5': '0.0070', 'HIT@10': '0.0136', 'NDCG@10': '0.0081', 'HIT@20': '0.0211', 'NDCG@20': '0.0099'}
{'Epoch': 78, 'name': 'low_freq', 'HIT@5': '0.0061', 'NDCG@5': '0.0044', 'HIT@10': '0.0079', 'NDCG@10': '0.0050', 'HIT@20': '0.0106', 'NDCG@20': '0.0057'}
{'Epoch': 78, 'name': 'all', 'HIT@5': '0.0231', 'NDCG@5': '0.0151', 'HIT@10': '0.0362', 'NDCG@10': '0.0193', 'HIT@20': '0.0580', 'NDCG@20': '0.0247'}
EarlyStopping counter: 25 out of 40
rec dataset length: 186
100%|███████████████████████████████████████████████████████████████████████████████████████████████████████████████████████████████████████████████████████████| 186/186 [00:18<00:00,  9.94it/s]
{'epoch': 79, 'rec_avg_loss': '0.4099', 'joint_avg_loss': '0.4099', 'cl_avg_loss': '0.0000', 'itemcl_loss': '0.0000', 'cl_pair_0_loss': '0.0000'}
Recommendation EP_test:79: 100%|| 35/35 [00:09<00:00,  3.84it/s]
{'Epoch': 79, 'name': 'high_freq', 'HIT@5': '0.0307', 'NDCG@5': '0.0193', 'HIT@10': '0.0498', 'NDCG@10': '0.0255', 'HIT@20': '0.0792', 'NDCG@20': '0.0328'}
{'Epoch': 79, 'name': 'mid_freq', 'HIT@5': '0.0106', 'NDCG@5': '0.0073', 'HIT@10': '0.0161', 'NDCG@10': '0.0090', 'HIT@20': '0.0205', 'NDCG@20': '0.0102'}
{'Epoch': 79, 'name': 'low_freq', 'HIT@5': '0.0059', 'NDCG@5': '0.0044', 'HIT@10': '0.0075', 'NDCG@10': '0.0049', 'HIT@20': '0.0102', 'NDCG@20': '0.0055'}
{'Epoch': 79, 'name': 'all', 'HIT@5': '0.0237', 'NDCG@5': '0.0151', 'HIT@10': '0.0380', 'NDCG@10': '0.0197', 'HIT@20': '0.0592', 'NDCG@20': '0.0250'}
EarlyStopping counter: 26 out of 40
rec dataset length: 186
100%|███████████████████████████████████████████████████████████████████████████████████████████████████████████████████████████████████████████████████████████| 186/186 [00:18<00:00,  9.97it/s]
{'epoch': 80, 'rec_avg_loss': '0.4148', 'joint_avg_loss': '0.4148', 'cl_avg_loss': '0.0000', 'itemcl_loss': '0.0000', 'cl_pair_0_loss': '0.0000'}
Recommendation EP_test:80: 100%|| 35/35 [00:08<00:00,  3.91it/s]
{'Epoch': 80, 'name': 'high_freq', 'HIT@5': '0.0300', 'NDCG@5': '0.0190', 'HIT@10': '0.0493', 'NDCG@10': '0.0252', 'HIT@20': '0.0801', 'NDCG@20': '0.0330'}
{'Epoch': 80, 'name': 'mid_freq', 'HIT@5': '0.0098', 'NDCG@5': '0.0068', 'HIT@10': '0.0134', 'NDCG@10': '0.0080', 'HIT@20': '0.0201', 'NDCG@20': '0.0097'}
{'Epoch': 80, 'name': 'low_freq', 'HIT@5': '0.0057', 'NDCG@5': '0.0042', 'HIT@10': '0.0070', 'NDCG@10': '0.0047', 'HIT@20': '0.0100', 'NDCG@20': '0.0054'}
{'Epoch': 80, 'name': 'all', 'HIT@5': '0.0230', 'NDCG@5': '0.0148', 'HIT@10': '0.0370', 'NDCG@10': '0.0193', 'HIT@20': '0.0597', 'NDCG@20': '0.0250'}
EarlyStopping counter: 27 out of 40
rec dataset length: 186
100%|███████████████████████████████████████████████████████████████████████████████████████████████████████████████████████████████████████████████████████████| 186/186 [00:18<00:00,  9.89it/s]
{'epoch': 81, 'rec_avg_loss': '0.4123', 'joint_avg_loss': '0.4123', 'cl_avg_loss': '0.0000', 'itemcl_loss': '0.0000', 'cl_pair_0_loss': '0.0000'}
Recommendation EP_test:81: 100%|| 35/35 [00:08<00:00,  3.93it/s]
{'Epoch': 81, 'name': 'high_freq', 'HIT@5': '0.0294', 'NDCG@5': '0.0188', 'HIT@10': '0.0483', 'NDCG@10': '0.0248', 'HIT@20': '0.0783', 'NDCG@20': '0.0324'}
{'Epoch': 81, 'name': 'mid_freq', 'HIT@5': '0.0096', 'NDCG@5': '0.0068', 'HIT@10': '0.0148', 'NDCG@10': '0.0085', 'HIT@20': '0.0201', 'NDCG@20': '0.0098'}
{'Epoch': 81, 'name': 'low_freq', 'HIT@5': '0.0068', 'NDCG@5': '0.0046', 'HIT@10': '0.0075', 'NDCG@10': '0.0048', 'HIT@20': '0.0118', 'NDCG@20': '0.0059'}
{'Epoch': 81, 'name': 'all', 'HIT@5': '0.0227', 'NDCG@5': '0.0147', 'HIT@10': '0.0367', 'NDCG@10': '0.0192', 'HIT@20': '0.0587', 'NDCG@20': '0.0247'}
EarlyStopping counter: 28 out of 40
rec dataset length: 186
100%|███████████████████████████████████████████████████████████████████████████████████████████████████████████████████████████████████████████████████████████| 186/186 [00:18<00:00, 10.02it/s]
{'epoch': 82, 'rec_avg_loss': '0.4111', 'joint_avg_loss': '0.4111', 'cl_avg_loss': '0.0000', 'itemcl_loss': '0.0000', 'cl_pair_0_loss': '0.0000'}
Recommendation EP_test:82: 100%|| 35/35 [00:09<00:00,  3.89it/s]
{'Epoch': 82, 'name': 'high_freq', 'HIT@5': '0.0286', 'NDCG@5': '0.0184', 'HIT@10': '0.0477', 'NDCG@10': '0.0245', 'HIT@20': '0.0754', 'NDCG@20': '0.0315'}
{'Epoch': 82, 'name': 'mid_freq', 'HIT@5': '0.0121', 'NDCG@5': '0.0089', 'HIT@10': '0.0161', 'NDCG@10': '0.0102', 'HIT@20': '0.0230', 'NDCG@20': '0.0120'}
{'Epoch': 82, 'name': 'low_freq', 'HIT@5': '0.0068', 'NDCG@5': '0.0043', 'HIT@10': '0.0100', 'NDCG@10': '0.0053', 'HIT@20': '0.0124', 'NDCG@20': '0.0060'}
{'Epoch': 82, 'name': 'all', 'HIT@5': '0.0227', 'NDCG@5': '0.0148', 'HIT@10': '0.0368', 'NDCG@10': '0.0193', 'HIT@20': '0.0573', 'NDCG@20': '0.0245'}
EarlyStopping counter: 29 out of 40
rec dataset length: 186
100%|███████████████████████████████████████████████████████████████████████████████████████████████████████████████████████████████████████████████████████████| 186/186 [00:18<00:00, 10.06it/s]
{'epoch': 83, 'rec_avg_loss': '0.4075', 'joint_avg_loss': '0.4075', 'cl_avg_loss': '0.0000', 'itemcl_loss': '0.0000', 'cl_pair_0_loss': '0.0000'}
Recommendation EP_test:83: 100%|| 35/35 [00:08<00:00,  3.96it/s]
{'Epoch': 83, 'name': 'high_freq', 'HIT@5': '0.0307', 'NDCG@5': '0.0192', 'HIT@10': '0.0488', 'NDCG@10': '0.0250', 'HIT@20': '0.0770', 'NDCG@20': '0.0320'}
{'Epoch': 83, 'name': 'mid_freq', 'HIT@5': '0.0111', 'NDCG@5': '0.0082', 'HIT@10': '0.0149', 'NDCG@10': '0.0095', 'HIT@20': '0.0204', 'NDCG@20': '0.0109'}
{'Epoch': 83, 'name': 'low_freq', 'HIT@5': '0.0063', 'NDCG@5': '0.0046', 'HIT@10': '0.0086', 'NDCG@10': '0.0052', 'HIT@20': '0.0118', 'NDCG@20': '0.0060'}
{'Epoch': 83, 'name': 'all', 'HIT@5': '0.0238', 'NDCG@5': '0.0152', 'HIT@10': '0.0372', 'NDCG@10': '0.0195', 'HIT@20': '0.0578', 'NDCG@20': '0.0247'}
EarlyStopping counter: 30 out of 40
rec dataset length: 186
100%|███████████████████████████████████████████████████████████████████████████████████████████████████████████████████████████████████████████████████████████| 186/186 [00:18<00:00,  9.92it/s]
{'epoch': 84, 'rec_avg_loss': '0.4056', 'joint_avg_loss': '0.4056', 'cl_avg_loss': '0.0000', 'itemcl_loss': '0.0000', 'cl_pair_0_loss': '0.0000'}
Recommendation EP_test:84: 100%|| 35/35 [00:08<00:00,  3.89it/s]
{'Epoch': 84, 'name': 'high_freq', 'HIT@5': '0.0320', 'NDCG@5': '0.0200', 'HIT@10': '0.0502', 'NDCG@10': '0.0259', 'HIT@20': '0.0792', 'NDCG@20': '0.0332'}
{'Epoch': 84, 'name': 'mid_freq', 'HIT@5': '0.0106', 'NDCG@5': '0.0071', 'HIT@10': '0.0145', 'NDCG@10': '0.0084', 'HIT@20': '0.0208', 'NDCG@20': '0.0100'}
{'Epoch': 84, 'name': 'low_freq', 'HIT@5': '0.0061', 'NDCG@5': '0.0044', 'HIT@10': '0.0079', 'NDCG@10': '0.0050', 'HIT@20': '0.0113', 'NDCG@20': '0.0058'}
{'Epoch': 84, 'name': 'all', 'HIT@5': '0.0246', 'NDCG@5': '0.0156', 'HIT@10': '0.0380', 'NDCG@10': '0.0199', 'HIT@20': '0.0594', 'NDCG@20': '0.0253'}
EarlyStopping counter: 31 out of 40
rec dataset length: 186
100%|███████████████████████████████████████████████████████████████████████████████████████████████████████████████████████████████████████████████████████████| 186/186 [00:18<00:00,  9.92it/s]
{'epoch': 85, 'rec_avg_loss': '0.4044', 'joint_avg_loss': '0.4044', 'cl_avg_loss': '0.0000', 'itemcl_loss': '0.0000', 'cl_pair_0_loss': '0.0000'}
Recommendation EP_test:85: 100%|| 35/35 [00:08<00:00,  3.89it/s]
{'Epoch': 85, 'name': 'high_freq', 'HIT@5': '0.0294', 'NDCG@5': '0.0186', 'HIT@10': '0.0481', 'NDCG@10': '0.0247', 'HIT@20': '0.0787', 'NDCG@20': '0.0323'}
{'Epoch': 85, 'name': 'mid_freq', 'HIT@5': '0.0111', 'NDCG@5': '0.0075', 'HIT@10': '0.0155', 'NDCG@10': '0.0089', 'HIT@20': '0.0208', 'NDCG@20': '0.0103'}
{'Epoch': 85, 'name': 'low_freq', 'HIT@5': '0.0070', 'NDCG@5': '0.0052', 'HIT@10': '0.0088', 'NDCG@10': '0.0058', 'HIT@20': '0.0115', 'NDCG@20': '0.0064'}
{'Epoch': 85, 'name': 'all', 'HIT@5': '0.0231', 'NDCG@5': '0.0148', 'HIT@10': '0.0369', 'NDCG@10': '0.0192', 'HIT@20': '0.0590', 'NDCG@20': '0.0248'}
EarlyStopping counter: 32 out of 40
rec dataset length: 186
100%|███████████████████████████████████████████████████████████████████████████████████████████████████████████████████████████████████████████████████████████| 186/186 [00:18<00:00,  9.90it/s]
{'epoch': 86, 'rec_avg_loss': '0.4098', 'joint_avg_loss': '0.4098', 'cl_avg_loss': '0.0000', 'itemcl_loss': '0.0000', 'cl_pair_0_loss': '0.0000'}
Recommendation EP_test:86: 100%|| 35/35 [00:08<00:00,  3.95it/s]
{'Epoch': 86, 'name': 'high_freq', 'HIT@5': '0.0291', 'NDCG@5': '0.0182', 'HIT@10': '0.0488', 'NDCG@10': '0.0246', 'HIT@20': '0.0761', 'NDCG@20': '0.0315'}
{'Epoch': 86, 'name': 'mid_freq', 'HIT@5': '0.0105', 'NDCG@5': '0.0070', 'HIT@10': '0.0147', 'NDCG@10': '0.0083', 'HIT@20': '0.0215', 'NDCG@20': '0.0100'}
{'Epoch': 86, 'name': 'low_freq', 'HIT@5': '0.0061', 'NDCG@5': '0.0047', 'HIT@10': '0.0091', 'NDCG@10': '0.0057', 'HIT@20': '0.0115', 'NDCG@20': '0.0063'}
{'Epoch': 86, 'name': 'all', 'HIT@5': '0.0226', 'NDCG@5': '0.0144', 'HIT@10': '0.0372', 'NDCG@10': '0.0191', 'HIT@20': '0.0574', 'NDCG@20': '0.0241'}
EarlyStopping counter: 33 out of 40
rec dataset length: 186
100%|███████████████████████████████████████████████████████████████████████████████████████████████████████████████████████████████████████████████████████████| 186/186 [00:18<00:00,  9.97it/s]
{'epoch': 87, 'rec_avg_loss': '0.4051', 'joint_avg_loss': '0.4051', 'cl_avg_loss': '0.0000', 'itemcl_loss': '0.0000', 'cl_pair_0_loss': '0.0000'}
Recommendation EP_test:87: 100%|| 35/35 [00:08<00:00,  3.92it/s]
{'Epoch': 87, 'name': 'high_freq', 'HIT@5': '0.0298', 'NDCG@5': '0.0191', 'HIT@10': '0.0490', 'NDCG@10': '0.0253', 'HIT@20': '0.0781', 'NDCG@20': '0.0326'}
{'Epoch': 87, 'name': 'mid_freq', 'HIT@5': '0.0105', 'NDCG@5': '0.0072', 'HIT@10': '0.0144', 'NDCG@10': '0.0085', 'HIT@20': '0.0198', 'NDCG@20': '0.0099'}
{'Epoch': 87, 'name': 'low_freq', 'HIT@5': '0.0063', 'NDCG@5': '0.0046', 'HIT@10': '0.0079', 'NDCG@10': '0.0051', 'HIT@20': '0.0111', 'NDCG@20': '0.0059'}
{'Epoch': 87, 'name': 'all', 'HIT@5': '0.0231', 'NDCG@5': '0.0150', 'HIT@10': '0.0371', 'NDCG@10': '0.0195', 'HIT@20': '0.0584', 'NDCG@20': '0.0249'}
EarlyStopping counter: 34 out of 40
rec dataset length: 186
100%|███████████████████████████████████████████████████████████████████████████████████████████████████████████████████████████████████████████████████████████| 186/186 [00:18<00:00, 10.02it/s]
{'epoch': 88, 'rec_avg_loss': '0.4027', 'joint_avg_loss': '0.4027', 'cl_avg_loss': '0.0000', 'itemcl_loss': '0.0000', 'cl_pair_0_loss': '0.0000'}
Recommendation EP_test:88: 100%|| 35/35 [00:08<00:00,  3.91it/s]
{'Epoch': 88, 'name': 'high_freq', 'HIT@5': '0.0289', 'NDCG@5': '0.0181', 'HIT@10': '0.0482', 'NDCG@10': '0.0243', 'HIT@20': '0.0790', 'NDCG@20': '0.0320'}
{'Epoch': 88, 'name': 'mid_freq', 'HIT@5': '0.0103', 'NDCG@5': '0.0069', 'HIT@10': '0.0152', 'NDCG@10': '0.0085', 'HIT@20': '0.0203', 'NDCG@20': '0.0098'}
{'Epoch': 88, 'name': 'low_freq', 'HIT@5': '0.0068', 'NDCG@5': '0.0045', 'HIT@10': '0.0091', 'NDCG@10': '0.0052', 'HIT@20': '0.0113', 'NDCG@20': '0.0058'}
{'Epoch': 88, 'name': 'all', 'HIT@5': '0.0226', 'NDCG@5': '0.0142', 'HIT@10': '0.0369', 'NDCG@10': '0.0188', 'HIT@20': '0.0591', 'NDCG@20': '0.0244'}
EarlyStopping counter: 35 out of 40
rec dataset length: 186
100%|███████████████████████████████████████████████████████████████████████████████████████████████████████████████████████████████████████████████████████████| 186/186 [00:18<00:00, 10.07it/s]
{'epoch': 89, 'rec_avg_loss': '0.4073', 'joint_avg_loss': '0.4073', 'cl_avg_loss': '0.0000', 'itemcl_loss': '0.0000', 'cl_pair_0_loss': '0.0000'}
Recommendation EP_test:89: 100%|| 35/35 [00:08<00:00,  3.90it/s]
{'Epoch': 89, 'name': 'high_freq', 'HIT@5': '0.0275', 'NDCG@5': '0.0173', 'HIT@10': '0.0476', 'NDCG@10': '0.0238', 'HIT@20': '0.0765', 'NDCG@20': '0.0310'}
{'Epoch': 89, 'name': 'mid_freq', 'HIT@5': '0.0115', 'NDCG@5': '0.0083', 'HIT@10': '0.0155', 'NDCG@10': '0.0096', 'HIT@20': '0.0213', 'NDCG@20': '0.0110'}
{'Epoch': 89, 'name': 'low_freq', 'HIT@5': '0.0072', 'NDCG@5': '0.0051', 'HIT@10': '0.0084', 'NDCG@10': '0.0055', 'HIT@20': '0.0118', 'NDCG@20': '0.0063'}
{'Epoch': 89, 'name': 'all', 'HIT@5': '0.0218', 'NDCG@5': '0.0140', 'HIT@10': '0.0365', 'NDCG@10': '0.0187', 'HIT@20': '0.0576', 'NDCG@20': '0.0241'}
EarlyStopping counter: 36 out of 40
rec dataset length: 186
100%|███████████████████████████████████████████████████████████████████████████████████████████████████████████████████████████████████████████████████████████| 186/186 [00:18<00:00,  9.92it/s]
{'epoch': 90, 'rec_avg_loss': '0.4048', 'joint_avg_loss': '0.4048', 'cl_avg_loss': '0.0000', 'itemcl_loss': '0.0000', 'cl_pair_0_loss': '0.0000'}
Recommendation EP_test:90: 100%|| 35/35 [00:08<00:00,  3.92it/s]
{'Epoch': 90, 'name': 'high_freq', 'HIT@5': '0.0273', 'NDCG@5': '0.0171', 'HIT@10': '0.0473', 'NDCG@10': '0.0235', 'HIT@20': '0.0750', 'NDCG@20': '0.0305'}
{'Epoch': 90, 'name': 'mid_freq', 'HIT@5': '0.0124', 'NDCG@5': '0.0085', 'HIT@10': '0.0164', 'NDCG@10': '0.0098', 'HIT@20': '0.0221', 'NDCG@20': '0.0113'}
{'Epoch': 90, 'name': 'low_freq', 'HIT@5': '0.0072', 'NDCG@5': '0.0051', 'HIT@10': '0.0091', 'NDCG@10': '0.0057', 'HIT@20': '0.0134', 'NDCG@20': '0.0068'}
{'Epoch': 90, 'name': 'all', 'HIT@5': '0.0219', 'NDCG@5': '0.0139', 'HIT@10': '0.0365', 'NDCG@10': '0.0186', 'HIT@20': '0.0570', 'NDCG@20': '0.0238'}
EarlyStopping counter: 37 out of 40
rec dataset length: 186
100%|███████████████████████████████████████████████████████████████████████████████████████████████████████████████████████████████████████████████████████████| 186/186 [00:18<00:00,  9.96it/s]
{'epoch': 91, 'rec_avg_loss': '0.4047', 'joint_avg_loss': '0.4047', 'cl_avg_loss': '0.0000', 'itemcl_loss': '0.0000', 'cl_pair_0_loss': '0.0000'}
Recommendation EP_test:91: 100%|| 35/35 [00:08<00:00,  3.92it/s]
{'Epoch': 91, 'name': 'high_freq', 'HIT@5': '0.0279', 'NDCG@5': '0.0178', 'HIT@10': '0.0459', 'NDCG@10': '0.0236', 'HIT@20': '0.0747', 'NDCG@20': '0.0308'}
{'Epoch': 91, 'name': 'mid_freq', 'HIT@5': '0.0116', 'NDCG@5': '0.0080', 'HIT@10': '0.0167', 'NDCG@10': '0.0096', 'HIT@20': '0.0231', 'NDCG@20': '0.0112'}
{'Epoch': 91, 'name': 'low_freq', 'HIT@5': '0.0068', 'NDCG@5': '0.0045', 'HIT@10': '0.0091', 'NDCG@10': '0.0052', 'HIT@20': '0.0129', 'NDCG@20': '0.0062'}
{'Epoch': 91, 'name': 'all', 'HIT@5': '0.0221', 'NDCG@5': '0.0143', 'HIT@10': '0.0356', 'NDCG@10': '0.0186', 'HIT@20': '0.0569', 'NDCG@20': '0.0239'}
EarlyStopping counter: 38 out of 40
rec dataset length: 186
100%|███████████████████████████████████████████████████████████████████████████████████████████████████████████████████████████████████████████████████████████| 186/186 [00:18<00:00,  9.99it/s]
{'epoch': 92, 'rec_avg_loss': '0.4031', 'joint_avg_loss': '0.4031', 'cl_avg_loss': '0.0000', 'itemcl_loss': '0.0000', 'cl_pair_0_loss': '0.0000'}
Recommendation EP_test:92: 100%|| 35/35 [00:08<00:00,  3.98it/s]
{'Epoch': 92, 'name': 'high_freq', 'HIT@5': '0.0293', 'NDCG@5': '0.0191', 'HIT@10': '0.0495', 'NDCG@10': '0.0255', 'HIT@20': '0.0793', 'NDCG@20': '0.0330'}
{'Epoch': 92, 'name': 'mid_freq', 'HIT@5': '0.0102', 'NDCG@5': '0.0069', 'HIT@10': '0.0152', 'NDCG@10': '0.0085', 'HIT@20': '0.0221', 'NDCG@20': '0.0102'}
{'Epoch': 92, 'name': 'low_freq', 'HIT@5': '0.0072', 'NDCG@5': '0.0050', 'HIT@10': '0.0088', 'NDCG@10': '0.0055', 'HIT@20': '0.0122', 'NDCG@20': '0.0064'}
{'Epoch': 92, 'name': 'all', 'HIT@5': '0.0228', 'NDCG@5': '0.0149', 'HIT@10': '0.0378', 'NDCG@10': '0.0197', 'HIT@20': '0.0598', 'NDCG@20': '0.0253'}
EarlyStopping counter: 39 out of 40
rec dataset length: 186
100%|███████████████████████████████████████████████████████████████████████████████████████████████████████████████████████████████████████████████████████████| 186/186 [00:18<00:00,  9.98it/s]
{'epoch': 93, 'rec_avg_loss': '0.4000', 'joint_avg_loss': '0.4000', 'cl_avg_loss': '0.0000', 'itemcl_loss': '0.0000', 'cl_pair_0_loss': '0.0000'}
Recommendation EP_test:93: 100%|| 35/35 [00:08<00:00,  3.96it/s]
{'Epoch': 93, 'name': 'high_freq', 'HIT@5': '0.0297', 'NDCG@5': '0.0194', 'HIT@10': '0.0481', 'NDCG@10': '0.0252', 'HIT@20': '0.0764', 'NDCG@20': '0.0324'}
{'Epoch': 93, 'name': 'mid_freq', 'HIT@5': '0.0103', 'NDCG@5': '0.0073', 'HIT@10': '0.0148', 'NDCG@10': '0.0087', 'HIT@20': '0.0224', 'NDCG@20': '0.0107'}
{'Epoch': 93, 'name': 'low_freq', 'HIT@5': '0.0079', 'NDCG@5': '0.0058', 'HIT@10': '0.0100', 'NDCG@10': '0.0065', 'HIT@20': '0.0129', 'NDCG@20': '0.0072'}
{'Epoch': 93, 'name': 'all', 'HIT@5': '0.0232', 'NDCG@5': '0.0153', 'HIT@10': '0.0368', 'NDCG@10': '0.0197', 'HIT@20': '0.0580', 'NDCG@20': '0.0250'}
EarlyStopping counter: 40 out of 40
Early stopping
---------------Change to test_rating_matrix!-------------------
Recommendation EP_test:94: 100%|| 35/35 [00:09<00:00,  3.76it/s]
{'Epoch': 94, 'name': 'high_freq', 'HIT@5': '0.0252', 'NDCG@5': '0.0169', 'HIT@10': '0.0407', 'NDCG@10': '0.0219', 'HIT@20': '0.0647', 'NDCG@20': '0.0280'}
{'Epoch': 94, 'name': 'mid_freq', 'HIT@5': '0.0079', 'NDCG@5': '0.0053', 'HIT@10': '0.0113', 'NDCG@10': '0.0065', 'HIT@20': '0.0161', 'NDCG@20': '0.0077'}
{'Epoch': 94, 'name': 'low_freq', 'HIT@5': '0.0054', 'NDCG@5': '0.0037', 'HIT@10': '0.0067', 'NDCG@10': '0.0041', 'HIT@20': '0.0096', 'NDCG@20': '0.0048'}
{'Epoch': 94, 'name': 'all', 'HIT@5': '0.0184', 'NDCG@5': '0.0124', 'HIT@10': '0.0292', 'NDCG@10': '0.0159', 'HIT@20': '0.0458', 'NDCG@20': '0.0200'}
CoSeRec-Sports_and_Outdoors-single_base_1024_freq
{'Epoch': 94, 'name': 'all', 'HIT@5': '0.0184', 'NDCG@5': '0.0124', 'HIT@10': '0.0292', 'NDCG@10': '0.0159', 'HIT@20': '0.0458', 'NDCG@20': '0.0200'}