Using Cuda: True
(18359, 18359)
--------------------Configure Info:------------
data_dir                       :                             ./data/
output_dir                     :                             output/
data_name                      :                 Sports_and_Outdoors
do_eval                        :                                   0
model_idx                      :           single_cl_substitute_1024
gpu_id                         :                                   0
noise_ratio                    :                                 0.0
training_data_ratio            :                                 1.0
augment_threshold              :                                   4
similarity_model_name          :                          ItemCF_IUF
augmentation_warm_up_epoches   :                                 160
base_augment_type              :                          substitute
augment_type_for_short         :                                 SIM
tao                            :                                 0.2
gamma                          :                                 0.7
beta                           :                                 0.2
substitute_rate                :                                 0.1
insert_rate                    :                                 0.4
max_insert_num_per_pos         :                                   1
temperature                    :                                 1.0
n_views                        :                                   2
model_name                     :                             CoSeRec
hidden_size                    :                                  64
num_hidden_layers              :                                   2
num_attention_heads            :                                   2
hidden_act                     :                                gelu
attention_probs_dropout_prob   :                                 0.5
hidden_dropout_prob            :                                 0.5
initializer_range              :                                0.02
max_seq_length                 :                                  50
lr                             :                               0.001
batch_size                     :                                1024
epochs                         :                                 300
no_cuda                        :                                   0
log_freq                       :                                   1
seed                           :                                   1
cf_weight                      :                                 0.1
rec_weight                     :                                 1.0
weight_decay                   :                                 0.0
adam_beta1                     :                                 0.9
adam_beta2                     :                               0.999
cl                             :                                   1
multi_neg                      :                                   0
use_freq                       :                                   0
cuda_condition                 :                                   1
data_file                      :      ./data/Sports_and_Outdoors.txt
item_size                      :                               18359
mask_id                        :                               18358
log_file                       : output/CoSeRec-Sports_and_Outdoors-single_cl_substitute_1024.txt
Similarity Model Type: offline
short sequence augment type: SIM
Augmentation methods for Long sequences: 5
Augmentation methods for short sequences: 3
Creating Contrastive Learning Dataset using 'substitute' data augmentation
Similarity Model Type: offline
short sequence augment type: SIM
Augmentation methods for Long sequences: 5
Augmentation methods for short sequences: 3
Creating Contrastive Learning Dataset using 'substitute' data augmentation
Similarity Model Type: offline
short sequence augment type: SIM
Augmentation methods for Long sequences: 5
Augmentation methods for short sequences: 3
Creating Contrastive Learning Dataset using 'substitute' data augmentation
Total Parameters: 1278464
self.cf_criterion: NCELoss
Train CoSeRec
rec dataset length: 186
100%|█████████████████████████████████████████████████████████████████████████████████████████████████████████████████████████████████████████| 186/186 [01:10<00:00,  2.65it/s]
{'epoch': 0, 'rec_avg_loss': '1.3407', 'joint_avg_loss': '1.8862', 'cl_avg_loss': '5.4551', 'itemcl_loss': '0.0000', 'cl_pair_0_loss': '5.4551'}
Recommendation EP_test:0: 100%|| 35/35 [00:08<00:00,  4.20it/s]
{'Epoch': 0, 'name': 'high_freq', 'HIT@5': '0.0149', 'NDCG@5': '0.0095', 'HIT@10': '0.0223', 'NDCG@10': '0.0119', 'HIT@20': '0.0332', 'NDCG@20': '0.0147'}
{'Epoch': 0, 'name': 'mid_freq', 'HIT@5': '0.0000', 'NDCG@5': '0.0000', 'HIT@10': '0.0000', 'NDCG@10': '0.0000', 'HIT@20': '0.0000', 'NDCG@20': '0.0000'}
{'Epoch': 0, 'name': 'low_freq', 'HIT@5': '0.0000', 'NDCG@5': '0.0000', 'HIT@10': '0.0000', 'NDCG@10': '0.0000', 'HIT@20': '0.0000', 'NDCG@20': '0.0000'}
{'Epoch': 0, 'name': 'all', 'HIT@5': '0.0101', 'NDCG@5': '0.0065', 'HIT@10': '0.0152', 'NDCG@10': '0.0081', 'HIT@20': '0.0226', 'NDCG@20': '0.0100'}
Validation score increased.  Saving model ...
rec dataset length: 186
100%|█████████████████████████████████████████████████████████████████████████████████████████████████████████████████████████████████████████| 186/186 [01:08<00:00,  2.70it/s]
{'epoch': 1, 'rec_avg_loss': '1.2631', 'joint_avg_loss': '1.5812', 'cl_avg_loss': '3.1813', 'itemcl_loss': '0.0000', 'cl_pair_0_loss': '3.1813'}
Recommendation EP_test:1: 100%|| 35/35 [00:07<00:00,  4.49it/s]
{'Epoch': 1, 'name': 'high_freq', 'HIT@5': '0.0148', 'NDCG@5': '0.0093', 'HIT@10': '0.0230', 'NDCG@10': '0.0119', 'HIT@20': '0.0362', 'NDCG@20': '0.0152'}
{'Epoch': 1, 'name': 'mid_freq', 'HIT@5': '0.0000', 'NDCG@5': '0.0000', 'HIT@10': '0.0000', 'NDCG@10': '0.0000', 'HIT@20': '0.0000', 'NDCG@20': '0.0000'}
{'Epoch': 1, 'name': 'low_freq', 'HIT@5': '0.0000', 'NDCG@5': '0.0000', 'HIT@10': '0.0000', 'NDCG@10': '0.0000', 'HIT@20': '0.0000', 'NDCG@20': '0.0000'}
{'Epoch': 1, 'name': 'all', 'HIT@5': '0.0101', 'NDCG@5': '0.0063', 'HIT@10': '0.0157', 'NDCG@10': '0.0081', 'HIT@20': '0.0246', 'NDCG@20': '0.0103'}
Validation score increased.  Saving model ...
rec dataset length: 186
100%|█████████████████████████████████████████████████████████████████████████████████████████████████████████████████████████████████████████| 186/186 [01:08<00:00,  2.70it/s]
{'epoch': 2, 'rec_avg_loss': '1.2024', 'joint_avg_loss': '1.4579', 'cl_avg_loss': '2.5550', 'itemcl_loss': '0.0000', 'cl_pair_0_loss': '2.5550'}
Recommendation EP_test:2: 100%|| 35/35 [00:07<00:00,  4.62it/s]
{'Epoch': 2, 'name': 'high_freq', 'HIT@5': '0.0145', 'NDCG@5': '0.0090', 'HIT@10': '0.0232', 'NDCG@10': '0.0118', 'HIT@20': '0.0376', 'NDCG@20': '0.0154'}
{'Epoch': 2, 'name': 'mid_freq', 'HIT@5': '0.0000', 'NDCG@5': '0.0000', 'HIT@10': '0.0000', 'NDCG@10': '0.0000', 'HIT@20': '0.0000', 'NDCG@20': '0.0000'}
{'Epoch': 2, 'name': 'low_freq', 'HIT@5': '0.0000', 'NDCG@5': '0.0000', 'HIT@10': '0.0000', 'NDCG@10': '0.0000', 'HIT@20': '0.0000', 'NDCG@20': '0.0000'}
{'Epoch': 2, 'name': 'all', 'HIT@5': '0.0098', 'NDCG@5': '0.0062', 'HIT@10': '0.0158', 'NDCG@10': '0.0081', 'HIT@20': '0.0256', 'NDCG@20': '0.0105'}
Validation score increased.  Saving model ...
rec dataset length: 186
100%|█████████████████████████████████████████████████████████████████████████████████████████████████████████████████████████████████████████| 186/186 [01:08<00:00,  2.71it/s]
{'epoch': 3, 'rec_avg_loss': '1.1610', 'joint_avg_loss': '1.3893', 'cl_avg_loss': '2.2836', 'itemcl_loss': '0.0000', 'cl_pair_0_loss': '2.2836'}
Recommendation EP_test:3: 100%|| 35/35 [00:07<00:00,  4.42it/s]
{'Epoch': 3, 'name': 'high_freq', 'HIT@5': '0.0144', 'NDCG@5': '0.0091', 'HIT@10': '0.0238', 'NDCG@10': '0.0121', 'HIT@20': '0.0367', 'NDCG@20': '0.0154'}
{'Epoch': 3, 'name': 'mid_freq', 'HIT@5': '0.0000', 'NDCG@5': '0.0000', 'HIT@10': '0.0000', 'NDCG@10': '0.0000', 'HIT@20': '0.0000', 'NDCG@20': '0.0000'}
{'Epoch': 3, 'name': 'low_freq', 'HIT@5': '0.0000', 'NDCG@5': '0.0000', 'HIT@10': '0.0000', 'NDCG@10': '0.0000', 'HIT@20': '0.0000', 'NDCG@20': '0.0000'}
{'Epoch': 3, 'name': 'all', 'HIT@5': '0.0098', 'NDCG@5': '0.0062', 'HIT@10': '0.0162', 'NDCG@10': '0.0083', 'HIT@20': '0.0250', 'NDCG@20': '0.0105'}
EarlyStopping counter: 1 out of 40
rec dataset length: 186
100%|█████████████████████████████████████████████████████████████████████████████████████████████████████████████████████████████████████████| 186/186 [01:08<00:00,  2.71it/s]
{'epoch': 4, 'rec_avg_loss': '1.1358', 'joint_avg_loss': '1.3461', 'cl_avg_loss': '2.1023', 'itemcl_loss': '0.0000', 'cl_pair_0_loss': '2.1023'}
Recommendation EP_test:4: 100%|| 35/35 [00:08<00:00,  4.22it/s]
{'Epoch': 4, 'name': 'high_freq', 'HIT@5': '0.0152', 'NDCG@5': '0.0096', 'HIT@10': '0.0240', 'NDCG@10': '0.0124', 'HIT@20': '0.0383', 'NDCG@20': '0.0160'}
{'Epoch': 4, 'name': 'mid_freq', 'HIT@5': '0.0000', 'NDCG@5': '0.0000', 'HIT@10': '0.0000', 'NDCG@10': '0.0000', 'HIT@20': '0.0000', 'NDCG@20': '0.0000'}
{'Epoch': 4, 'name': 'low_freq', 'HIT@5': '0.0000', 'NDCG@5': '0.0000', 'HIT@10': '0.0000', 'NDCG@10': '0.0000', 'HIT@20': '0.0000', 'NDCG@20': '0.0000'}
{'Epoch': 4, 'name': 'all', 'HIT@5': '0.0103', 'NDCG@5': '0.0065', 'HIT@10': '0.0163', 'NDCG@10': '0.0084', 'HIT@20': '0.0260', 'NDCG@20': '0.0109'}
Validation score increased.  Saving model ...
rec dataset length: 186
100%|█████████████████████████████████████████████████████████████████████████████████████████████████████████████████████████████████████████| 186/186 [01:08<00:00,  2.71it/s]
{'epoch': 5, 'rec_avg_loss': '1.1163', 'joint_avg_loss': '1.3101', 'cl_avg_loss': '1.9381', 'itemcl_loss': '0.0000', 'cl_pair_0_loss': '1.9381'}
Recommendation EP_test:5: 100%|| 35/35 [00:08<00:00,  4.13it/s]
{'Epoch': 5, 'name': 'high_freq', 'HIT@5': '0.0152', 'NDCG@5': '0.0097', 'HIT@10': '0.0242', 'NDCG@10': '0.0126', 'HIT@20': '0.0395', 'NDCG@20': '0.0164'}
{'Epoch': 5, 'name': 'mid_freq', 'HIT@5': '0.0000', 'NDCG@5': '0.0000', 'HIT@10': '0.0000', 'NDCG@10': '0.0000', 'HIT@20': '0.0000', 'NDCG@20': '0.0000'}
{'Epoch': 5, 'name': 'low_freq', 'HIT@5': '0.0000', 'NDCG@5': '0.0000', 'HIT@10': '0.0000', 'NDCG@10': '0.0000', 'HIT@20': '0.0000', 'NDCG@20': '0.0000'}
{'Epoch': 5, 'name': 'all', 'HIT@5': '0.0103', 'NDCG@5': '0.0066', 'HIT@10': '0.0165', 'NDCG@10': '0.0085', 'HIT@20': '0.0269', 'NDCG@20': '0.0112'}
Validation score increased.  Saving model ...
rec dataset length: 186
100%|█████████████████████████████████████████████████████████████████████████████████████████████████████████████████████████████████████████| 186/186 [01:08<00:00,  2.72it/s]
{'epoch': 6, 'rec_avg_loss': '1.0973', 'joint_avg_loss': '1.2810', 'cl_avg_loss': '1.8362', 'itemcl_loss': '0.0000', 'cl_pair_0_loss': '1.8362'}
Recommendation EP_test:6: 100%|| 35/35 [00:08<00:00,  3.96it/s]
{'Epoch': 6, 'name': 'high_freq', 'HIT@5': '0.0160', 'NDCG@5': '0.0104', 'HIT@10': '0.0260', 'NDCG@10': '0.0136', 'HIT@20': '0.0404', 'NDCG@20': '0.0173'}
{'Epoch': 6, 'name': 'mid_freq', 'HIT@5': '0.0000', 'NDCG@5': '0.0000', 'HIT@10': '0.0000', 'NDCG@10': '0.0000', 'HIT@20': '0.0000', 'NDCG@20': '0.0000'}
{'Epoch': 6, 'name': 'low_freq', 'HIT@5': '0.0000', 'NDCG@5': '0.0000', 'HIT@10': '0.0000', 'NDCG@10': '0.0000', 'HIT@20': '0.0000', 'NDCG@20': '0.0000'}
{'Epoch': 6, 'name': 'all', 'HIT@5': '0.0109', 'NDCG@5': '0.0071', 'HIT@10': '0.0177', 'NDCG@10': '0.0093', 'HIT@20': '0.0275', 'NDCG@20': '0.0117'}
Validation score increased.  Saving model ...
rec dataset length: 186
100%|█████████████████████████████████████████████████████████████████████████████████████████████████████████████████████████████████████████| 186/186 [01:08<00:00,  2.70it/s]
{'epoch': 7, 'rec_avg_loss': '1.0796', 'joint_avg_loss': '1.2549', 'cl_avg_loss': '1.7527', 'itemcl_loss': '0.0000', 'cl_pair_0_loss': '1.7527'}
Recommendation EP_test:7: 100%|| 35/35 [00:08<00:00,  4.24it/s]
{'Epoch': 7, 'name': 'high_freq', 'HIT@5': '0.0169', 'NDCG@5': '0.0107', 'HIT@10': '0.0273', 'NDCG@10': '0.0141', 'HIT@20': '0.0420', 'NDCG@20': '0.0178'}
{'Epoch': 7, 'name': 'mid_freq', 'HIT@5': '0.0000', 'NDCG@5': '0.0000', 'HIT@10': '0.0000', 'NDCG@10': '0.0000', 'HIT@20': '0.0000', 'NDCG@20': '0.0000'}
{'Epoch': 7, 'name': 'low_freq', 'HIT@5': '0.0000', 'NDCG@5': '0.0000', 'HIT@10': '0.0000', 'NDCG@10': '0.0000', 'HIT@20': '0.0000', 'NDCG@20': '0.0000'}
{'Epoch': 7, 'name': 'all', 'HIT@5': '0.0115', 'NDCG@5': '0.0073', 'HIT@10': '0.0186', 'NDCG@10': '0.0096', 'HIT@20': '0.0285', 'NDCG@20': '0.0121'}
Validation score increased.  Saving model ...
rec dataset length: 186
100%|█████████████████████████████████████████████████████████████████████████████████████████████████████████████████████████████████████████| 186/186 [01:08<00:00,  2.72it/s]
{'epoch': 8, 'rec_avg_loss': '1.0610', 'joint_avg_loss': '1.2303', 'cl_avg_loss': '1.6926', 'itemcl_loss': '0.0000', 'cl_pair_0_loss': '1.6926'}
Recommendation EP_test:8: 100%|| 35/35 [00:08<00:00,  4.35it/s]
{'Epoch': 8, 'name': 'high_freq', 'HIT@5': '0.0181', 'NDCG@5': '0.0112', 'HIT@10': '0.0298', 'NDCG@10': '0.0149', 'HIT@20': '0.0468', 'NDCG@20': '0.0192'}
{'Epoch': 8, 'name': 'mid_freq', 'HIT@5': '0.0000', 'NDCG@5': '0.0000', 'HIT@10': '0.0000', 'NDCG@10': '0.0000', 'HIT@20': '0.0000', 'NDCG@20': '0.0000'}
{'Epoch': 8, 'name': 'low_freq', 'HIT@5': '0.0000', 'NDCG@5': '0.0000', 'HIT@10': '0.0000', 'NDCG@10': '0.0000', 'HIT@20': '0.0000', 'NDCG@20': '0.0000'}
{'Epoch': 8, 'name': 'all', 'HIT@5': '0.0123', 'NDCG@5': '0.0076', 'HIT@10': '0.0203', 'NDCG@10': '0.0101', 'HIT@20': '0.0318', 'NDCG@20': '0.0130'}
Validation score increased.  Saving model ...
rec dataset length: 186
100%|█████████████████████████████████████████████████████████████████████████████████████████████████████████████████████████████████████████| 186/186 [01:08<00:00,  2.71it/s]
{'epoch': 9, 'rec_avg_loss': '1.0381', 'joint_avg_loss': '1.2046', 'cl_avg_loss': '1.6651', 'itemcl_loss': '0.0000', 'cl_pair_0_loss': '1.6651'}
Recommendation EP_test:9: 100%|| 35/35 [00:09<00:00,  3.87it/s]
{'Epoch': 9, 'name': 'high_freq', 'HIT@5': '0.0199', 'NDCG@5': '0.0126', 'HIT@10': '0.0324', 'NDCG@10': '0.0166', 'HIT@20': '0.0512', 'NDCG@20': '0.0214'}
{'Epoch': 9, 'name': 'mid_freq', 'HIT@5': '0.0003', 'NDCG@5': '0.0002', 'HIT@10': '0.0003', 'NDCG@10': '0.0002', 'HIT@20': '0.0004', 'NDCG@20': '0.0002'}
{'Epoch': 9, 'name': 'low_freq', 'HIT@5': '0.0000', 'NDCG@5': '0.0000', 'HIT@10': '0.0000', 'NDCG@10': '0.0000', 'HIT@20': '0.0000', 'NDCG@20': '0.0000'}
{'Epoch': 9, 'name': 'all', 'HIT@5': '0.0136', 'NDCG@5': '0.0086', 'HIT@10': '0.0221', 'NDCG@10': '0.0113', 'HIT@20': '0.0349', 'NDCG@20': '0.0146'}
Validation score increased.  Saving model ...
rec dataset length: 186
100%|█████████████████████████████████████████████████████████████████████████████████████████████████████████████████████████████████████████| 186/186 [01:08<00:00,  2.71it/s]
{'epoch': 10, 'rec_avg_loss': '1.0173', 'joint_avg_loss': '1.1822', 'cl_avg_loss': '1.6492', 'itemcl_loss': '0.0000', 'cl_pair_0_loss': '1.6492'}
Recommendation EP_test:10: 100%|| 35/35 [00:08<00:00,  3.91it/s]
{'Epoch': 10, 'name': 'high_freq', 'HIT@5': '0.0218', 'NDCG@5': '0.0139', 'HIT@10': '0.0342', 'NDCG@10': '0.0179', 'HIT@20': '0.0542', 'NDCG@20': '0.0229'}
{'Epoch': 10, 'name': 'mid_freq', 'HIT@5': '0.0003', 'NDCG@5': '0.0002', 'HIT@10': '0.0003', 'NDCG@10': '0.0002', 'HIT@20': '0.0004', 'NDCG@20': '0.0002'}
{'Epoch': 10, 'name': 'low_freq', 'HIT@5': '0.0000', 'NDCG@5': '0.0000', 'HIT@10': '0.0000', 'NDCG@10': '0.0000', 'HIT@20': '0.0000', 'NDCG@20': '0.0000'}
{'Epoch': 10, 'name': 'all', 'HIT@5': '0.0149', 'NDCG@5': '0.0095', 'HIT@10': '0.0233', 'NDCG@10': '0.0122', 'HIT@20': '0.0369', 'NDCG@20': '0.0156'}
Validation score increased.  Saving model ...
rec dataset length: 186
100%|█████████████████████████████████████████████████████████████████████████████████████████████████████████████████████████████████████████| 186/186 [01:08<00:00,  2.71it/s]
{'epoch': 11, 'rec_avg_loss': '0.9927', 'joint_avg_loss': '1.1587', 'cl_avg_loss': '1.6605', 'itemcl_loss': '0.0000', 'cl_pair_0_loss': '1.6605'}
Recommendation EP_test:11: 100%|| 35/35 [00:08<00:00,  4.15it/s]
{'Epoch': 11, 'name': 'high_freq', 'HIT@5': '0.0220', 'NDCG@5': '0.0138', 'HIT@10': '0.0357', 'NDCG@10': '0.0182', 'HIT@20': '0.0566', 'NDCG@20': '0.0235'}
{'Epoch': 11, 'name': 'mid_freq', 'HIT@5': '0.0003', 'NDCG@5': '0.0001', 'HIT@10': '0.0004', 'NDCG@10': '0.0002', 'HIT@20': '0.0006', 'NDCG@20': '0.0002'}
{'Epoch': 11, 'name': 'low_freq', 'HIT@5': '0.0000', 'NDCG@5': '0.0000', 'HIT@10': '0.0000', 'NDCG@10': '0.0000', 'HIT@20': '0.0000', 'NDCG@20': '0.0000'}
{'Epoch': 11, 'name': 'all', 'HIT@5': '0.0150', 'NDCG@5': '0.0094', 'HIT@10': '0.0244', 'NDCG@10': '0.0124', 'HIT@20': '0.0386', 'NDCG@20': '0.0160'}
Validation score increased.  Saving model ...
rec dataset length: 186
100%|█████████████████████████████████████████████████████████████████████████████████████████████████████████████████████████████████████████| 186/186 [01:09<00:00,  2.70it/s]
{'epoch': 12, 'rec_avg_loss': '0.9681', 'joint_avg_loss': '1.1362', 'cl_avg_loss': '1.6814', 'itemcl_loss': '0.0000', 'cl_pair_0_loss': '1.6814'}
Recommendation EP_test:12: 100%|| 35/35 [00:08<00:00,  4.03it/s]
{'Epoch': 12, 'name': 'high_freq', 'HIT@5': '0.0238', 'NDCG@5': '0.0151', 'HIT@10': '0.0381', 'NDCG@10': '0.0197', 'HIT@20': '0.0599', 'NDCG@20': '0.0251'}
{'Epoch': 12, 'name': 'mid_freq', 'HIT@5': '0.0004', 'NDCG@5': '0.0002', 'HIT@10': '0.0006', 'NDCG@10': '0.0002', 'HIT@20': '0.0009', 'NDCG@20': '0.0003'}
{'Epoch': 12, 'name': 'low_freq', 'HIT@5': '0.0000', 'NDCG@5': '0.0000', 'HIT@10': '0.0000', 'NDCG@10': '0.0000', 'HIT@20': '0.0000', 'NDCG@20': '0.0000'}
{'Epoch': 12, 'name': 'all', 'HIT@5': '0.0163', 'NDCG@5': '0.0103', 'HIT@10': '0.0260', 'NDCG@10': '0.0134', 'HIT@20': '0.0409', 'NDCG@20': '0.0172'}
Validation score increased.  Saving model ...
rec dataset length: 186
100%|█████████████████████████████████████████████████████████████████████████████████████████████████████████████████████████████████████████| 186/186 [01:08<00:00,  2.70it/s]
{'epoch': 13, 'rec_avg_loss': '0.9469', 'joint_avg_loss': '1.1160', 'cl_avg_loss': '1.6902', 'itemcl_loss': '0.0000', 'cl_pair_0_loss': '1.6902'}
Recommendation EP_test:13: 100%|| 35/35 [00:08<00:00,  4.30it/s]
{'Epoch': 13, 'name': 'high_freq', 'HIT@5': '0.0249', 'NDCG@5': '0.0158', 'HIT@10': '0.0400', 'NDCG@10': '0.0206', 'HIT@20': '0.0623', 'NDCG@20': '0.0262'}
{'Epoch': 13, 'name': 'mid_freq', 'HIT@5': '0.0003', 'NDCG@5': '0.0001', 'HIT@10': '0.0006', 'NDCG@10': '0.0002', 'HIT@20': '0.0009', 'NDCG@20': '0.0003'}
{'Epoch': 13, 'name': 'low_freq', 'HIT@5': '0.0000', 'NDCG@5': '0.0000', 'HIT@10': '0.0000', 'NDCG@10': '0.0000', 'HIT@20': '0.0002', 'NDCG@20': '0.0001'}
{'Epoch': 13, 'name': 'all', 'HIT@5': '0.0170', 'NDCG@5': '0.0107', 'HIT@10': '0.0273', 'NDCG@10': '0.0141', 'HIT@20': '0.0426', 'NDCG@20': '0.0179'}
Validation score increased.  Saving model ...
rec dataset length: 186
100%|█████████████████████████████████████████████████████████████████████████████████████████████████████████████████████████████████████████| 186/186 [01:08<00:00,  2.71it/s]
{'epoch': 14, 'rec_avg_loss': '0.9273', 'joint_avg_loss': '1.0964', 'cl_avg_loss': '1.6912', 'itemcl_loss': '0.0000', 'cl_pair_0_loss': '1.6912'}
Recommendation EP_test:14: 100%|| 35/35 [00:08<00:00,  4.15it/s]
{'Epoch': 14, 'name': 'high_freq', 'HIT@5': '0.0262', 'NDCG@5': '0.0167', 'HIT@10': '0.0410', 'NDCG@10': '0.0215', 'HIT@20': '0.0646', 'NDCG@20': '0.0274'}
{'Epoch': 14, 'name': 'mid_freq', 'HIT@5': '0.0001', 'NDCG@5': '0.0001', 'HIT@10': '0.0006', 'NDCG@10': '0.0002', 'HIT@20': '0.0007', 'NDCG@20': '0.0002'}
{'Epoch': 14, 'name': 'low_freq', 'HIT@5': '0.0000', 'NDCG@5': '0.0000', 'HIT@10': '0.0000', 'NDCG@10': '0.0000', 'HIT@20': '0.0002', 'NDCG@20': '0.0001'}
{'Epoch': 14, 'name': 'all', 'HIT@5': '0.0179', 'NDCG@5': '0.0114', 'HIT@10': '0.0280', 'NDCG@10': '0.0146', 'HIT@20': '0.0441', 'NDCG@20': '0.0187'}
Validation score increased.  Saving model ...
rec dataset length: 186
100%|█████████████████████████████████████████████████████████████████████████████████████████████████████████████████████████████████████████| 186/186 [01:08<00:00,  2.71it/s]
{'epoch': 15, 'rec_avg_loss': '0.9097', 'joint_avg_loss': '1.0814', 'cl_avg_loss': '1.7177', 'itemcl_loss': '0.0000', 'cl_pair_0_loss': '1.7177'}
Recommendation EP_test:15: 100%|| 35/35 [00:08<00:00,  4.17it/s]
{'Epoch': 15, 'name': 'high_freq', 'HIT@5': '0.0265', 'NDCG@5': '0.0166', 'HIT@10': '0.0426', 'NDCG@10': '0.0218', 'HIT@20': '0.0676', 'NDCG@20': '0.0281'}
{'Epoch': 15, 'name': 'mid_freq', 'HIT@5': '0.0006', 'NDCG@5': '0.0003', 'HIT@10': '0.0006', 'NDCG@10': '0.0003', 'HIT@20': '0.0011', 'NDCG@20': '0.0004'}
{'Epoch': 15, 'name': 'low_freq', 'HIT@5': '0.0000', 'NDCG@5': '0.0000', 'HIT@10': '0.0002', 'NDCG@10': '0.0001', 'HIT@20': '0.0002', 'NDCG@20': '0.0001'}
{'Epoch': 15, 'name': 'all', 'HIT@5': '0.0181', 'NDCG@5': '0.0114', 'HIT@10': '0.0291', 'NDCG@10': '0.0149', 'HIT@20': '0.0463', 'NDCG@20': '0.0192'}
Validation score increased.  Saving model ...
rec dataset length: 186
100%|█████████████████████████████████████████████████████████████████████████████████████████████████████████████████████████████████████████| 186/186 [01:08<00:00,  2.71it/s]
{'epoch': 16, 'rec_avg_loss': '0.8925', 'joint_avg_loss': '1.0636', 'cl_avg_loss': '1.7113', 'itemcl_loss': '0.0000', 'cl_pair_0_loss': '1.7113'}
Recommendation EP_test:16: 100%|| 35/35 [00:08<00:00,  4.31it/s]
{'Epoch': 16, 'name': 'high_freq', 'HIT@5': '0.0277', 'NDCG@5': '0.0173', 'HIT@10': '0.0448', 'NDCG@10': '0.0227', 'HIT@20': '0.0715', 'NDCG@20': '0.0295'}
{'Epoch': 16, 'name': 'mid_freq', 'HIT@5': '0.0006', 'NDCG@5': '0.0004', 'HIT@10': '0.0006', 'NDCG@10': '0.0004', 'HIT@20': '0.0011', 'NDCG@20': '0.0005'}
{'Epoch': 16, 'name': 'low_freq', 'HIT@5': '0.0002', 'NDCG@5': '0.0001', 'HIT@10': '0.0002', 'NDCG@10': '0.0001', 'HIT@20': '0.0002', 'NDCG@20': '0.0001'}
{'Epoch': 16, 'name': 'all', 'HIT@5': '0.0190', 'NDCG@5': '0.0118', 'HIT@10': '0.0306', 'NDCG@10': '0.0156', 'HIT@20': '0.0489', 'NDCG@20': '0.0202'}
Validation score increased.  Saving model ...
rec dataset length: 186
100%|█████████████████████████████████████████████████████████████████████████████████████████████████████████████████████████████████████████| 186/186 [01:08<00:00,  2.71it/s]
{'epoch': 17, 'rec_avg_loss': '0.8750', 'joint_avg_loss': '1.0467', 'cl_avg_loss': '1.7162', 'itemcl_loss': '0.0000', 'cl_pair_0_loss': '1.7162'}
Recommendation EP_test:17: 100%|| 35/35 [00:08<00:00,  4.10it/s]
{'Epoch': 17, 'name': 'high_freq', 'HIT@5': '0.0293', 'NDCG@5': '0.0183', 'HIT@10': '0.0471', 'NDCG@10': '0.0240', 'HIT@20': '0.0758', 'NDCG@20': '0.0312'}
{'Epoch': 17, 'name': 'mid_freq', 'HIT@5': '0.0006', 'NDCG@5': '0.0003', 'HIT@10': '0.0009', 'NDCG@10': '0.0004', 'HIT@20': '0.0011', 'NDCG@20': '0.0005'}
{'Epoch': 17, 'name': 'low_freq', 'HIT@5': '0.0002', 'NDCG@5': '0.0001', 'HIT@10': '0.0002', 'NDCG@10': '0.0001', 'HIT@20': '0.0002', 'NDCG@20': '0.0001'}
{'Epoch': 17, 'name': 'all', 'HIT@5': '0.0201', 'NDCG@5': '0.0125', 'HIT@10': '0.0322', 'NDCG@10': '0.0164', 'HIT@20': '0.0518', 'NDCG@20': '0.0214'}
Validation score increased.  Saving model ...
rec dataset length: 186
100%|█████████████████████████████████████████████████████████████████████████████████████████████████████████████████████████████████████████| 186/186 [01:08<00:00,  2.71it/s]
{'epoch': 18, 'rec_avg_loss': '0.8587', 'joint_avg_loss': '1.0307', 'cl_avg_loss': '1.7201', 'itemcl_loss': '0.0000', 'cl_pair_0_loss': '1.7201'}
Recommendation EP_test:18: 100%|| 35/35 [00:08<00:00,  4.13it/s]
{'Epoch': 18, 'name': 'high_freq', 'HIT@5': '0.0288', 'NDCG@5': '0.0182', 'HIT@10': '0.0472', 'NDCG@10': '0.0240', 'HIT@20': '0.0737', 'NDCG@20': '0.0307'}
{'Epoch': 18, 'name': 'mid_freq', 'HIT@5': '0.0007', 'NDCG@5': '0.0005', 'HIT@10': '0.0011', 'NDCG@10': '0.0006', 'HIT@20': '0.0019', 'NDCG@20': '0.0008'}
{'Epoch': 18, 'name': 'low_freq', 'HIT@5': '0.0000', 'NDCG@5': '0.0000', 'HIT@10': '0.0002', 'NDCG@10': '0.0001', 'HIT@20': '0.0002', 'NDCG@20': '0.0001'}
{'Epoch': 18, 'name': 'all', 'HIT@5': '0.0197', 'NDCG@5': '0.0124', 'HIT@10': '0.0324', 'NDCG@10': '0.0165', 'HIT@20': '0.0506', 'NDCG@20': '0.0210'}
EarlyStopping counter: 1 out of 40
rec dataset length: 186
100%|█████████████████████████████████████████████████████████████████████████████████████████████████████████████████████████████████████████| 186/186 [01:08<00:00,  2.72it/s]
{'epoch': 19, 'rec_avg_loss': '0.8444', 'joint_avg_loss': '1.0156', 'cl_avg_loss': '1.7120', 'itemcl_loss': '0.0000', 'cl_pair_0_loss': '1.7120'}
Recommendation EP_test:19: 100%|| 35/35 [00:08<00:00,  4.11it/s]
{'Epoch': 19, 'name': 'high_freq', 'HIT@5': '0.0296', 'NDCG@5': '0.0188', 'HIT@10': '0.0480', 'NDCG@10': '0.0247', 'HIT@20': '0.0762', 'NDCG@20': '0.0318'}
{'Epoch': 19, 'name': 'mid_freq', 'HIT@5': '0.0006', 'NDCG@5': '0.0004', 'HIT@10': '0.0010', 'NDCG@10': '0.0006', 'HIT@20': '0.0017', 'NDCG@20': '0.0008'}
{'Epoch': 19, 'name': 'low_freq', 'HIT@5': '0.0000', 'NDCG@5': '0.0000', 'HIT@10': '0.0002', 'NDCG@10': '0.0001', 'HIT@20': '0.0002', 'NDCG@20': '0.0001'}
{'Epoch': 19, 'name': 'all', 'HIT@5': '0.0203', 'NDCG@5': '0.0129', 'HIT@10': '0.0329', 'NDCG@10': '0.0169', 'HIT@20': '0.0522', 'NDCG@20': '0.0218'}
Validation score increased.  Saving model ...
rec dataset length: 186
100%|█████████████████████████████████████████████████████████████████████████████████████████████████████████████████████████████████████████| 186/186 [01:08<00:00,  2.71it/s]
{'epoch': 20, 'rec_avg_loss': '0.8310', 'joint_avg_loss': '1.0024', 'cl_avg_loss': '1.7148', 'itemcl_loss': '0.0000', 'cl_pair_0_loss': '1.7148'}
Recommendation EP_test:20: 100%|| 35/35 [00:08<00:00,  4.27it/s]
{'Epoch': 20, 'name': 'high_freq', 'HIT@5': '0.0300', 'NDCG@5': '0.0191', 'HIT@10': '0.0491', 'NDCG@10': '0.0252', 'HIT@20': '0.0766', 'NDCG@20': '0.0321'}
{'Epoch': 20, 'name': 'mid_freq', 'HIT@5': '0.0006', 'NDCG@5': '0.0005', 'HIT@10': '0.0006', 'NDCG@10': '0.0005', 'HIT@20': '0.0016', 'NDCG@20': '0.0007'}
{'Epoch': 20, 'name': 'low_freq', 'HIT@5': '0.0000', 'NDCG@5': '0.0000', 'HIT@10': '0.0002', 'NDCG@10': '0.0001', 'HIT@20': '0.0002', 'NDCG@20': '0.0001'}
{'Epoch': 20, 'name': 'all', 'HIT@5': '0.0205', 'NDCG@5': '0.0131', 'HIT@10': '0.0336', 'NDCG@10': '0.0173', 'HIT@20': '0.0525', 'NDCG@20': '0.0220'}
Validation score increased.  Saving model ...
rec dataset length: 186
100%|█████████████████████████████████████████████████████████████████████████████████████████████████████████████████████████████████████████| 186/186 [01:08<00:00,  2.71it/s]
{'epoch': 21, 'rec_avg_loss': '0.8192', 'joint_avg_loss': '0.9917', 'cl_avg_loss': '1.7246', 'itemcl_loss': '0.0000', 'cl_pair_0_loss': '1.7246'}
Recommendation EP_test:21: 100%|| 35/35 [00:08<00:00,  4.24it/s]
{'Epoch': 21, 'name': 'high_freq', 'HIT@5': '0.0315', 'NDCG@5': '0.0199', 'HIT@10': '0.0501', 'NDCG@10': '0.0258', 'HIT@20': '0.0779', 'NDCG@20': '0.0328'}
{'Epoch': 21, 'name': 'mid_freq', 'HIT@5': '0.0004', 'NDCG@5': '0.0003', 'HIT@10': '0.0011', 'NDCG@10': '0.0005', 'HIT@20': '0.0016', 'NDCG@20': '0.0006'}
{'Epoch': 21, 'name': 'low_freq', 'HIT@5': '0.0000', 'NDCG@5': '0.0000', 'HIT@10': '0.0002', 'NDCG@10': '0.0001', 'HIT@20': '0.0002', 'NDCG@20': '0.0001'}
{'Epoch': 21, 'name': 'all', 'HIT@5': '0.0215', 'NDCG@5': '0.0136', 'HIT@10': '0.0343', 'NDCG@10': '0.0177', 'HIT@20': '0.0533', 'NDCG@20': '0.0225'}
Validation score increased.  Saving model ...
rec dataset length: 186
100%|█████████████████████████████████████████████████████████████████████████████████████████████████████████████████████████████████████████| 186/186 [01:08<00:00,  2.71it/s]
{'epoch': 22, 'rec_avg_loss': '0.8059', 'joint_avg_loss': '0.9771', 'cl_avg_loss': '1.7123', 'itemcl_loss': '0.0000', 'cl_pair_0_loss': '1.7123'}
Recommendation EP_test:22: 100%|| 35/35 [00:08<00:00,  4.21it/s]
{'Epoch': 22, 'name': 'high_freq', 'HIT@5': '0.0307', 'NDCG@5': '0.0202', 'HIT@10': '0.0512', 'NDCG@10': '0.0268', 'HIT@20': '0.0797', 'NDCG@20': '0.0339'}
{'Epoch': 22, 'name': 'mid_freq', 'HIT@5': '0.0007', 'NDCG@5': '0.0004', 'HIT@10': '0.0013', 'NDCG@10': '0.0006', 'HIT@20': '0.0020', 'NDCG@20': '0.0007'}
{'Epoch': 22, 'name': 'low_freq', 'HIT@5': '0.0002', 'NDCG@5': '0.0001', 'HIT@10': '0.0002', 'NDCG@10': '0.0001', 'HIT@20': '0.0002', 'NDCG@20': '0.0001'}
{'Epoch': 22, 'name': 'all', 'HIT@5': '0.0210', 'NDCG@5': '0.0138', 'HIT@10': '0.0351', 'NDCG@10': '0.0183', 'HIT@20': '0.0546', 'NDCG@20': '0.0232'}
Validation score increased.  Saving model ...
rec dataset length: 186
100%|█████████████████████████████████████████████████████████████████████████████████████████████████████████████████████████████████████████| 186/186 [01:08<00:00,  2.71it/s]
{'epoch': 23, 'rec_avg_loss': '0.7937', 'joint_avg_loss': '0.9654', 'cl_avg_loss': '1.7166', 'itemcl_loss': '0.0000', 'cl_pair_0_loss': '1.7166'}
Recommendation EP_test:23: 100%|| 35/35 [00:08<00:00,  4.21it/s]
{'Epoch': 23, 'name': 'high_freq', 'HIT@5': '0.0323', 'NDCG@5': '0.0207', 'HIT@10': '0.0518', 'NDCG@10': '0.0270', 'HIT@20': '0.0806', 'NDCG@20': '0.0342'}
{'Epoch': 23, 'name': 'mid_freq', 'HIT@5': '0.0009', 'NDCG@5': '0.0006', 'HIT@10': '0.0013', 'NDCG@10': '0.0007', 'HIT@20': '0.0027', 'NDCG@20': '0.0011'}
{'Epoch': 23, 'name': 'low_freq', 'HIT@5': '0.0002', 'NDCG@5': '0.0001', 'HIT@10': '0.0002', 'NDCG@10': '0.0001', 'HIT@20': '0.0002', 'NDCG@20': '0.0001'}
{'Epoch': 23, 'name': 'all', 'HIT@5': '0.0222', 'NDCG@5': '0.0142', 'HIT@10': '0.0355', 'NDCG@10': '0.0185', 'HIT@20': '0.0554', 'NDCG@20': '0.0235'}
Validation score increased.  Saving model ...
rec dataset length: 186
100%|█████████████████████████████████████████████████████████████████████████████████████████████████████████████████████████████████████████| 186/186 [01:08<00:00,  2.71it/s]
{'epoch': 24, 'rec_avg_loss': '0.7831', 'joint_avg_loss': '0.9544', 'cl_avg_loss': '1.7133', 'itemcl_loss': '0.0000', 'cl_pair_0_loss': '1.7133'}
Recommendation EP_test:24: 100%|| 35/35 [00:08<00:00,  4.20it/s]
{'Epoch': 24, 'name': 'high_freq', 'HIT@5': '0.0326', 'NDCG@5': '0.0209', 'HIT@10': '0.0532', 'NDCG@10': '0.0275', 'HIT@20': '0.0821', 'NDCG@20': '0.0347'}
{'Epoch': 24, 'name': 'mid_freq', 'HIT@5': '0.0010', 'NDCG@5': '0.0005', 'HIT@10': '0.0017', 'NDCG@10': '0.0007', 'HIT@20': '0.0032', 'NDCG@20': '0.0011'}
{'Epoch': 24, 'name': 'low_freq', 'HIT@5': '0.0002', 'NDCG@5': '0.0001', 'HIT@10': '0.0002', 'NDCG@10': '0.0001', 'HIT@20': '0.0002', 'NDCG@20': '0.0001'}
{'Epoch': 24, 'name': 'all', 'HIT@5': '0.0224', 'NDCG@5': '0.0143', 'HIT@10': '0.0366', 'NDCG@10': '0.0188', 'HIT@20': '0.0565', 'NDCG@20': '0.0239'}
Validation score increased.  Saving model ...
rec dataset length: 186
100%|█████████████████████████████████████████████████████████████████████████████████████████████████████████████████████████████████████████| 186/186 [01:08<00:00,  2.71it/s]
{'epoch': 25, 'rec_avg_loss': '0.7725', 'joint_avg_loss': '0.9424', 'cl_avg_loss': '1.6985', 'itemcl_loss': '0.0000', 'cl_pair_0_loss': '1.6985'}
Recommendation EP_test:25: 100%|| 35/35 [00:08<00:00,  4.25it/s]
{'Epoch': 25, 'name': 'high_freq', 'HIT@5': '0.0330', 'NDCG@5': '0.0210', 'HIT@10': '0.0512', 'NDCG@10': '0.0268', 'HIT@20': '0.0811', 'NDCG@20': '0.0343'}
{'Epoch': 25, 'name': 'mid_freq', 'HIT@5': '0.0010', 'NDCG@5': '0.0005', 'HIT@10': '0.0017', 'NDCG@10': '0.0007', 'HIT@20': '0.0027', 'NDCG@20': '0.0009'}
{'Epoch': 25, 'name': 'low_freq', 'HIT@5': '0.0000', 'NDCG@5': '0.0000', 'HIT@10': '0.0002', 'NDCG@10': '0.0001', 'HIT@20': '0.0002', 'NDCG@20': '0.0001'}
{'Epoch': 25, 'name': 'all', 'HIT@5': '0.0226', 'NDCG@5': '0.0144', 'HIT@10': '0.0352', 'NDCG@10': '0.0184', 'HIT@20': '0.0557', 'NDCG@20': '0.0236'}
EarlyStopping counter: 1 out of 40
rec dataset length: 186
100%|█████████████████████████████████████████████████████████████████████████████████████████████████████████████████████████████████████████| 186/186 [01:08<00:00,  2.70it/s]
{'epoch': 26, 'rec_avg_loss': '0.7629', 'joint_avg_loss': '0.9330', 'cl_avg_loss': '1.7005', 'itemcl_loss': '0.0000', 'cl_pair_0_loss': '1.7005'}
Recommendation EP_test:26: 100%|| 35/35 [00:08<00:00,  4.06it/s]
{'Epoch': 26, 'name': 'high_freq', 'HIT@5': '0.0339', 'NDCG@5': '0.0216', 'HIT@10': '0.0537', 'NDCG@10': '0.0279', 'HIT@20': '0.0849', 'NDCG@20': '0.0357'}
{'Epoch': 26, 'name': 'mid_freq', 'HIT@5': '0.0014', 'NDCG@5': '0.0008', 'HIT@10': '0.0022', 'NDCG@10': '0.0010', 'HIT@20': '0.0033', 'NDCG@20': '0.0013'}
{'Epoch': 26, 'name': 'low_freq', 'HIT@5': '0.0002', 'NDCG@5': '0.0001', 'HIT@10': '0.0002', 'NDCG@10': '0.0001', 'HIT@20': '0.0002', 'NDCG@20': '0.0001'}
{'Epoch': 26, 'name': 'all', 'HIT@5': '0.0234', 'NDCG@5': '0.0148', 'HIT@10': '0.0370', 'NDCG@10': '0.0192', 'HIT@20': '0.0585', 'NDCG@20': '0.0246'}
Validation score increased.  Saving model ...
rec dataset length: 186
100%|█████████████████████████████████████████████████████████████████████████████████████████████████████████████████████████████████████████| 186/186 [01:08<00:00,  2.70it/s]
{'epoch': 27, 'rec_avg_loss': '0.7529', 'joint_avg_loss': '0.9228', 'cl_avg_loss': '1.6990', 'itemcl_loss': '0.0000', 'cl_pair_0_loss': '1.6990'}
Recommendation EP_test:27: 100%|| 35/35 [00:08<00:00,  4.17it/s]
{'Epoch': 27, 'name': 'high_freq', 'HIT@5': '0.0346', 'NDCG@5': '0.0222', 'HIT@10': '0.0532', 'NDCG@10': '0.0282', 'HIT@20': '0.0849', 'NDCG@20': '0.0362'}
{'Epoch': 27, 'name': 'mid_freq', 'HIT@5': '0.0016', 'NDCG@5': '0.0010', 'HIT@10': '0.0023', 'NDCG@10': '0.0013', 'HIT@20': '0.0034', 'NDCG@20': '0.0016'}
{'Epoch': 27, 'name': 'low_freq', 'HIT@5': '0.0002', 'NDCG@5': '0.0001', 'HIT@10': '0.0002', 'NDCG@10': '0.0001', 'HIT@20': '0.0002', 'NDCG@20': '0.0001'}
{'Epoch': 27, 'name': 'all', 'HIT@5': '0.0238', 'NDCG@5': '0.0153', 'HIT@10': '0.0367', 'NDCG@10': '0.0194', 'HIT@20': '0.0585', 'NDCG@20': '0.0249'}
Validation score increased.  Saving model ...
rec dataset length: 186
100%|█████████████████████████████████████████████████████████████████████████████████████████████████████████████████████████████████████████| 186/186 [01:08<00:00,  2.72it/s]
{'epoch': 28, 'rec_avg_loss': '0.7456', 'joint_avg_loss': '0.9148', 'cl_avg_loss': '1.6915', 'itemcl_loss': '0.0000', 'cl_pair_0_loss': '1.6915'}
Recommendation EP_test:28: 100%|| 35/35 [00:08<00:00,  4.06it/s]
{'Epoch': 28, 'name': 'high_freq', 'HIT@5': '0.0349', 'NDCG@5': '0.0224', 'HIT@10': '0.0552', 'NDCG@10': '0.0289', 'HIT@20': '0.0854', 'NDCG@20': '0.0365'}
{'Epoch': 28, 'name': 'mid_freq', 'HIT@5': '0.0016', 'NDCG@5': '0.0010', 'HIT@10': '0.0026', 'NDCG@10': '0.0014', 'HIT@20': '0.0039', 'NDCG@20': '0.0017'}
{'Epoch': 28, 'name': 'low_freq', 'HIT@5': '0.0002', 'NDCG@5': '0.0002', 'HIT@10': '0.0002', 'NDCG@10': '0.0002', 'HIT@20': '0.0002', 'NDCG@20': '0.0002'}
{'Epoch': 28, 'name': 'all', 'HIT@5': '0.0240', 'NDCG@5': '0.0155', 'HIT@10': '0.0381', 'NDCG@10': '0.0200', 'HIT@20': '0.0589', 'NDCG@20': '0.0252'}
Validation score increased.  Saving model ...
rec dataset length: 186
100%|█████████████████████████████████████████████████████████████████████████████████████████████████████████████████████████████████████████| 186/186 [01:08<00:00,  2.72it/s]
{'epoch': 29, 'rec_avg_loss': '0.7349', 'joint_avg_loss': '0.9041', 'cl_avg_loss': '1.6921', 'itemcl_loss': '0.0000', 'cl_pair_0_loss': '1.6921'}
Recommendation EP_test:29: 100%|| 35/35 [00:08<00:00,  4.20it/s]
{'Epoch': 29, 'name': 'high_freq', 'HIT@5': '0.0363', 'NDCG@5': '0.0236', 'HIT@10': '0.0560', 'NDCG@10': '0.0299', 'HIT@20': '0.0846', 'NDCG@20': '0.0371'}
{'Epoch': 29, 'name': 'mid_freq', 'HIT@5': '0.0017', 'NDCG@5': '0.0011', 'HIT@10': '0.0024', 'NDCG@10': '0.0013', 'HIT@20': '0.0040', 'NDCG@20': '0.0017'}
{'Epoch': 29, 'name': 'low_freq', 'HIT@5': '0.0002', 'NDCG@5': '0.0001', 'HIT@10': '0.0002', 'NDCG@10': '0.0001', 'HIT@20': '0.0002', 'NDCG@20': '0.0001'}
{'Epoch': 29, 'name': 'all', 'HIT@5': '0.0250', 'NDCG@5': '0.0163', 'HIT@10': '0.0386', 'NDCG@10': '0.0206', 'HIT@20': '0.0583', 'NDCG@20': '0.0256'}
Validation score increased.  Saving model ...
rec dataset length: 186
100%|█████████████████████████████████████████████████████████████████████████████████████████████████████████████████████████████████████████| 186/186 [01:08<00:00,  2.71it/s]
{'epoch': 30, 'rec_avg_loss': '0.7281', 'joint_avg_loss': '0.8966', 'cl_avg_loss': '1.6842', 'itemcl_loss': '0.0000', 'cl_pair_0_loss': '1.6842'}
Recommendation EP_test:30: 100%|| 35/35 [00:08<00:00,  4.17it/s]
{'Epoch': 30, 'name': 'high_freq', 'HIT@5': '0.0371', 'NDCG@5': '0.0242', 'HIT@10': '0.0568', 'NDCG@10': '0.0306', 'HIT@20': '0.0854', 'NDCG@20': '0.0377'}
{'Epoch': 30, 'name': 'mid_freq', 'HIT@5': '0.0016', 'NDCG@5': '0.0009', 'HIT@10': '0.0027', 'NDCG@10': '0.0013', 'HIT@20': '0.0039', 'NDCG@20': '0.0016'}
{'Epoch': 30, 'name': 'low_freq', 'HIT@5': '0.0002', 'NDCG@5': '0.0001', 'HIT@10': '0.0002', 'NDCG@10': '0.0001', 'HIT@20': '0.0002', 'NDCG@20': '0.0001'}
{'Epoch': 30, 'name': 'all', 'HIT@5': '0.0256', 'NDCG@5': '0.0167', 'HIT@10': '0.0392', 'NDCG@10': '0.0211', 'HIT@20': '0.0589', 'NDCG@20': '0.0260'}
Validation score increased.  Saving model ...
rec dataset length: 186
100%|█████████████████████████████████████████████████████████████████████████████████████████████████████████████████████████████████████████| 186/186 [01:08<00:00,  2.70it/s]
{'epoch': 31, 'rec_avg_loss': '0.7189', 'joint_avg_loss': '0.8863', 'cl_avg_loss': '1.6740', 'itemcl_loss': '0.0000', 'cl_pair_0_loss': '1.6740'}
Recommendation EP_test:31: 100%|| 35/35 [00:08<00:00,  4.12it/s]
{'Epoch': 31, 'name': 'high_freq', 'HIT@5': '0.0363', 'NDCG@5': '0.0238', 'HIT@10': '0.0562', 'NDCG@10': '0.0302', 'HIT@20': '0.0860', 'NDCG@20': '0.0377'}
{'Epoch': 31, 'name': 'mid_freq', 'HIT@5': '0.0023', 'NDCG@5': '0.0011', 'HIT@10': '0.0033', 'NDCG@10': '0.0015', 'HIT@20': '0.0052', 'NDCG@20': '0.0019'}
{'Epoch': 31, 'name': 'low_freq', 'HIT@5': '0.0002', 'NDCG@5': '0.0001', 'HIT@10': '0.0002', 'NDCG@10': '0.0001', 'HIT@20': '0.0002', 'NDCG@20': '0.0001'}
{'Epoch': 31, 'name': 'all', 'HIT@5': '0.0252', 'NDCG@5': '0.0164', 'HIT@10': '0.0389', 'NDCG@10': '0.0209', 'HIT@20': '0.0595', 'NDCG@20': '0.0260'}
Validation score increased.  Saving model ...
rec dataset length: 186
100%|█████████████████████████████████████████████████████████████████████████████████████████████████████████████████████████████████████████| 186/186 [01:08<00:00,  2.71it/s]
{'epoch': 32, 'rec_avg_loss': '0.7127', 'joint_avg_loss': '0.8804', 'cl_avg_loss': '1.6775', 'itemcl_loss': '0.0000', 'cl_pair_0_loss': '1.6775'}
Recommendation EP_test:32: 100%|| 35/35 [00:08<00:00,  4.13it/s]
{'Epoch': 32, 'name': 'high_freq', 'HIT@5': '0.0375', 'NDCG@5': '0.0247', 'HIT@10': '0.0577', 'NDCG@10': '0.0312', 'HIT@20': '0.0882', 'NDCG@20': '0.0388'}
{'Epoch': 32, 'name': 'mid_freq', 'HIT@5': '0.0026', 'NDCG@5': '0.0013', 'HIT@10': '0.0033', 'NDCG@10': '0.0016', 'HIT@20': '0.0052', 'NDCG@20': '0.0020'}
{'Epoch': 32, 'name': 'low_freq', 'HIT@5': '0.0002', 'NDCG@5': '0.0001', 'HIT@10': '0.0002', 'NDCG@10': '0.0001', 'HIT@20': '0.0007', 'NDCG@20': '0.0002'}
{'Epoch': 32, 'name': 'all', 'HIT@5': '0.0260', 'NDCG@5': '0.0171', 'HIT@10': '0.0399', 'NDCG@10': '0.0215', 'HIT@20': '0.0611', 'NDCG@20': '0.0268'}
Validation score increased.  Saving model ...
rec dataset length: 186
100%|█████████████████████████████████████████████████████████████████████████████████████████████████████████████████████████████████████████| 186/186 [01:08<00:00,  2.70it/s]
{'epoch': 33, 'rec_avg_loss': '0.7025', 'joint_avg_loss': '0.8693', 'cl_avg_loss': '1.6685', 'itemcl_loss': '0.0000', 'cl_pair_0_loss': '1.6685'}
Recommendation EP_test:33: 100%|| 35/35 [00:08<00:00,  4.13it/s]
{'Epoch': 33, 'name': 'high_freq', 'HIT@5': '0.0376', 'NDCG@5': '0.0246', 'HIT@10': '0.0574', 'NDCG@10': '0.0309', 'HIT@20': '0.0866', 'NDCG@20': '0.0382'}
{'Epoch': 33, 'name': 'mid_freq', 'HIT@5': '0.0023', 'NDCG@5': '0.0013', 'HIT@10': '0.0030', 'NDCG@10': '0.0016', 'HIT@20': '0.0053', 'NDCG@20': '0.0021'}
{'Epoch': 33, 'name': 'low_freq', 'HIT@5': '0.0002', 'NDCG@5': '0.0001', 'HIT@10': '0.0002', 'NDCG@10': '0.0001', 'HIT@20': '0.0005', 'NDCG@20': '0.0002'}
{'Epoch': 33, 'name': 'all', 'HIT@5': '0.0261', 'NDCG@5': '0.0170', 'HIT@10': '0.0397', 'NDCG@10': '0.0213', 'HIT@20': '0.0600', 'NDCG@20': '0.0265'}
EarlyStopping counter: 1 out of 40
rec dataset length: 186
100%|█████████████████████████████████████████████████████████████████████████████████████████████████████████████████████████████████████████| 186/186 [01:08<00:00,  2.72it/s]
{'epoch': 34, 'rec_avg_loss': '0.6963', 'joint_avg_loss': '0.8624', 'cl_avg_loss': '1.6613', 'itemcl_loss': '0.0000', 'cl_pair_0_loss': '1.6613'}
Recommendation EP_test:34: 100%|| 35/35 [00:08<00:00,  4.23it/s]
{'Epoch': 34, 'name': 'high_freq', 'HIT@5': '0.0375', 'NDCG@5': '0.0251', 'HIT@10': '0.0571', 'NDCG@10': '0.0314', 'HIT@20': '0.0873', 'NDCG@20': '0.0390'}
{'Epoch': 34, 'name': 'mid_freq', 'HIT@5': '0.0022', 'NDCG@5': '0.0013', 'HIT@10': '0.0034', 'NDCG@10': '0.0017', 'HIT@20': '0.0057', 'NDCG@20': '0.0023'}
{'Epoch': 34, 'name': 'low_freq', 'HIT@5': '0.0002', 'NDCG@5': '0.0001', 'HIT@10': '0.0002', 'NDCG@10': '0.0001', 'HIT@20': '0.0005', 'NDCG@20': '0.0002'}
{'Epoch': 34, 'name': 'all', 'HIT@5': '0.0260', 'NDCG@5': '0.0173', 'HIT@10': '0.0395', 'NDCG@10': '0.0217', 'HIT@20': '0.0606', 'NDCG@20': '0.0270'}
Validation score increased.  Saving model ...
rec dataset length: 186
100%|█████████████████████████████████████████████████████████████████████████████████████████████████████████████████████████████████████████| 186/186 [01:08<00:00,  2.71it/s]
{'epoch': 35, 'rec_avg_loss': '0.6888', 'joint_avg_loss': '0.8548', 'cl_avg_loss': '1.6602', 'itemcl_loss': '0.0000', 'cl_pair_0_loss': '1.6602'}
Recommendation EP_test:35: 100%|| 35/35 [00:08<00:00,  4.15it/s]
{'Epoch': 35, 'name': 'high_freq', 'HIT@5': '0.0369', 'NDCG@5': '0.0244', 'HIT@10': '0.0569', 'NDCG@10': '0.0309', 'HIT@20': '0.0873', 'NDCG@20': '0.0385'}
{'Epoch': 35, 'name': 'mid_freq', 'HIT@5': '0.0017', 'NDCG@5': '0.0010', 'HIT@10': '0.0034', 'NDCG@10': '0.0016', 'HIT@20': '0.0059', 'NDCG@20': '0.0022'}
{'Epoch': 35, 'name': 'low_freq', 'HIT@5': '0.0002', 'NDCG@5': '0.0001', 'HIT@10': '0.0002', 'NDCG@10': '0.0001', 'HIT@20': '0.0002', 'NDCG@20': '0.0001'}
{'Epoch': 35, 'name': 'all', 'HIT@5': '0.0255', 'NDCG@5': '0.0168', 'HIT@10': '0.0394', 'NDCG@10': '0.0213', 'HIT@20': '0.0606', 'NDCG@20': '0.0266'}
EarlyStopping counter: 1 out of 40
rec dataset length: 186
100%|█████████████████████████████████████████████████████████████████████████████████████████████████████████████████████████████████████████| 186/186 [01:08<00:00,  2.71it/s]
{'epoch': 36, 'rec_avg_loss': '0.6817', 'joint_avg_loss': '0.8466', 'cl_avg_loss': '1.6490', 'itemcl_loss': '0.0000', 'cl_pair_0_loss': '1.6490'}
Recommendation EP_test:36: 100%|| 35/35 [00:08<00:00,  4.14it/s]
{'Epoch': 36, 'name': 'high_freq', 'HIT@5': '0.0381', 'NDCG@5': '0.0256', 'HIT@10': '0.0584', 'NDCG@10': '0.0322', 'HIT@20': '0.0882', 'NDCG@20': '0.0397'}
{'Epoch': 36, 'name': 'mid_freq', 'HIT@5': '0.0023', 'NDCG@5': '0.0013', 'HIT@10': '0.0039', 'NDCG@10': '0.0018', 'HIT@20': '0.0062', 'NDCG@20': '0.0024'}
{'Epoch': 36, 'name': 'low_freq', 'HIT@5': '0.0002', 'NDCG@5': '0.0001', 'HIT@10': '0.0002', 'NDCG@10': '0.0001', 'HIT@20': '0.0007', 'NDCG@20': '0.0002'}
{'Epoch': 36, 'name': 'all', 'HIT@5': '0.0264', 'NDCG@5': '0.0177', 'HIT@10': '0.0405', 'NDCG@10': '0.0223', 'HIT@20': '0.0613', 'NDCG@20': '0.0275'}
Validation score increased.  Saving model ...
rec dataset length: 186
100%|█████████████████████████████████████████████████████████████████████████████████████████████████████████████████████████████████████████| 186/186 [01:08<00:00,  2.71it/s]
{'epoch': 37, 'rec_avg_loss': '0.6763', 'joint_avg_loss': '0.8416', 'cl_avg_loss': '1.6532', 'itemcl_loss': '0.0000', 'cl_pair_0_loss': '1.6532'}
Recommendation EP_test:37: 100%|| 35/35 [00:08<00:00,  4.18it/s]
{'Epoch': 37, 'name': 'high_freq', 'HIT@5': '0.0391', 'NDCG@5': '0.0261', 'HIT@10': '0.0590', 'NDCG@10': '0.0325', 'HIT@20': '0.0892', 'NDCG@20': '0.0401'}
{'Epoch': 37, 'name': 'mid_freq', 'HIT@5': '0.0024', 'NDCG@5': '0.0014', 'HIT@10': '0.0039', 'NDCG@10': '0.0019', 'HIT@20': '0.0065', 'NDCG@20': '0.0025'}
{'Epoch': 37, 'name': 'low_freq', 'HIT@5': '0.0002', 'NDCG@5': '0.0001', 'HIT@10': '0.0002', 'NDCG@10': '0.0001', 'HIT@20': '0.0005', 'NDCG@20': '0.0001'}
{'Epoch': 37, 'name': 'all', 'HIT@5': '0.0271', 'NDCG@5': '0.0181', 'HIT@10': '0.0409', 'NDCG@10': '0.0225', 'HIT@20': '0.0620', 'NDCG@20': '0.0278'}
Validation score increased.  Saving model ...
rec dataset length: 186
100%|█████████████████████████████████████████████████████████████████████████████████████████████████████████████████████████████████████████| 186/186 [01:08<00:00,  2.71it/s]
{'epoch': 38, 'rec_avg_loss': '0.6691', 'joint_avg_loss': '0.8334', 'cl_avg_loss': '1.6428', 'itemcl_loss': '0.0000', 'cl_pair_0_loss': '1.6428'}
Recommendation EP_test:38: 100%|| 35/35 [00:08<00:00,  4.19it/s]
{'Epoch': 38, 'name': 'high_freq', 'HIT@5': '0.0385', 'NDCG@5': '0.0258', 'HIT@10': '0.0589', 'NDCG@10': '0.0324', 'HIT@20': '0.0901', 'NDCG@20': '0.0403'}
{'Epoch': 38, 'name': 'mid_freq', 'HIT@5': '0.0026', 'NDCG@5': '0.0016', 'HIT@10': '0.0040', 'NDCG@10': '0.0020', 'HIT@20': '0.0068', 'NDCG@20': '0.0027'}
{'Epoch': 38, 'name': 'low_freq', 'HIT@5': '0.0005', 'NDCG@5': '0.0003', 'HIT@10': '0.0005', 'NDCG@10': '0.0003', 'HIT@20': '0.0009', 'NDCG@20': '0.0004'}
{'Epoch': 38, 'name': 'all', 'HIT@5': '0.0268', 'NDCG@5': '0.0179', 'HIT@10': '0.0409', 'NDCG@10': '0.0225', 'HIT@20': '0.0628', 'NDCG@20': '0.0280'}
Validation score increased.  Saving model ...
rec dataset length: 186
100%|█████████████████████████████████████████████████████████████████████████████████████████████████████████████████████████████████████████| 186/186 [01:08<00:00,  2.71it/s]
{'epoch': 39, 'rec_avg_loss': '0.6656', 'joint_avg_loss': '0.8298', 'cl_avg_loss': '1.6420', 'itemcl_loss': '0.0000', 'cl_pair_0_loss': '1.6420'}
Recommendation EP_test:39: 100%|| 35/35 [00:08<00:00,  4.14it/s]
{'Epoch': 39, 'name': 'high_freq', 'HIT@5': '0.0382', 'NDCG@5': '0.0258', 'HIT@10': '0.0587', 'NDCG@10': '0.0323', 'HIT@20': '0.0892', 'NDCG@20': '0.0400'}
{'Epoch': 39, 'name': 'mid_freq', 'HIT@5': '0.0033', 'NDCG@5': '0.0019', 'HIT@10': '0.0047', 'NDCG@10': '0.0024', 'HIT@20': '0.0072', 'NDCG@20': '0.0030'}
{'Epoch': 39, 'name': 'low_freq', 'HIT@5': '0.0002', 'NDCG@5': '0.0001', 'HIT@10': '0.0005', 'NDCG@10': '0.0002', 'HIT@20': '0.0009', 'NDCG@20': '0.0003'}
{'Epoch': 39, 'name': 'all', 'HIT@5': '0.0267', 'NDCG@5': '0.0179', 'HIT@10': '0.0409', 'NDCG@10': '0.0225', 'HIT@20': '0.0622', 'NDCG@20': '0.0278'}
EarlyStopping counter: 1 out of 40
rec dataset length: 186
100%|█████████████████████████████████████████████████████████████████████████████████████████████████████████████████████████████████████████| 186/186 [01:08<00:00,  2.71it/s]
{'epoch': 40, 'rec_avg_loss': '0.6582', 'joint_avg_loss': '0.8217', 'cl_avg_loss': '1.6347', 'itemcl_loss': '0.0000', 'cl_pair_0_loss': '1.6347'}
Recommendation EP_test:40: 100%|| 35/35 [00:08<00:00,  4.05it/s]
{'Epoch': 40, 'name': 'high_freq', 'HIT@5': '0.0389', 'NDCG@5': '0.0264', 'HIT@10': '0.0588', 'NDCG@10': '0.0328', 'HIT@20': '0.0898', 'NDCG@20': '0.0406'}
{'Epoch': 40, 'name': 'mid_freq', 'HIT@5': '0.0029', 'NDCG@5': '0.0018', 'HIT@10': '0.0045', 'NDCG@10': '0.0023', 'HIT@20': '0.0070', 'NDCG@20': '0.0030'}
{'Epoch': 40, 'name': 'low_freq', 'HIT@5': '0.0002', 'NDCG@5': '0.0002', 'HIT@10': '0.0002', 'NDCG@10': '0.0002', 'HIT@20': '0.0011', 'NDCG@20': '0.0005'}
{'Epoch': 40, 'name': 'all', 'HIT@5': '0.0270', 'NDCG@5': '0.0184', 'HIT@10': '0.0409', 'NDCG@10': '0.0228', 'HIT@20': '0.0626', 'NDCG@20': '0.0282'}
Validation score increased.  Saving model ...
rec dataset length: 186
100%|█████████████████████████████████████████████████████████████████████████████████████████████████████████████████████████████████████████| 186/186 [01:08<00:00,  2.71it/s]
{'epoch': 41, 'rec_avg_loss': '0.6527', 'joint_avg_loss': '0.8148', 'cl_avg_loss': '1.6203', 'itemcl_loss': '0.0000', 'cl_pair_0_loss': '1.6203'}
Recommendation EP_test:41: 100%|| 35/35 [00:08<00:00,  4.08it/s]
{'Epoch': 41, 'name': 'high_freq', 'HIT@5': '0.0379', 'NDCG@5': '0.0261', 'HIT@10': '0.0588', 'NDCG@10': '0.0328', 'HIT@20': '0.0893', 'NDCG@20': '0.0404'}
{'Epoch': 41, 'name': 'mid_freq', 'HIT@5': '0.0033', 'NDCG@5': '0.0020', 'HIT@10': '0.0047', 'NDCG@10': '0.0025', 'HIT@20': '0.0073', 'NDCG@20': '0.0031'}
{'Epoch': 41, 'name': 'low_freq', 'HIT@5': '0.0002', 'NDCG@5': '0.0002', 'HIT@10': '0.0005', 'NDCG@10': '0.0003', 'HIT@20': '0.0011', 'NDCG@20': '0.0005'}
{'Epoch': 41, 'name': 'all', 'HIT@5': '0.0265', 'NDCG@5': '0.0182', 'HIT@10': '0.0410', 'NDCG@10': '0.0228', 'HIT@20': '0.0623', 'NDCG@20': '0.0282'}
EarlyStopping counter: 1 out of 40
rec dataset length: 186
100%|█████████████████████████████████████████████████████████████████████████████████████████████████████████████████████████████████████████| 186/186 [01:08<00:00,  2.71it/s]
{'epoch': 42, 'rec_avg_loss': '0.6469', 'joint_avg_loss': '0.8086', 'cl_avg_loss': '1.6172', 'itemcl_loss': '0.0000', 'cl_pair_0_loss': '1.6172'}
Recommendation EP_test:42: 100%|| 35/35 [00:08<00:00,  4.12it/s]
{'Epoch': 42, 'name': 'high_freq', 'HIT@5': '0.0400', 'NDCG@5': '0.0274', 'HIT@10': '0.0594', 'NDCG@10': '0.0336', 'HIT@20': '0.0912', 'NDCG@20': '0.0415'}
{'Epoch': 42, 'name': 'mid_freq', 'HIT@5': '0.0032', 'NDCG@5': '0.0019', 'HIT@10': '0.0057', 'NDCG@10': '0.0028', 'HIT@20': '0.0083', 'NDCG@20': '0.0034'}
{'Epoch': 42, 'name': 'low_freq', 'HIT@5': '0.0002', 'NDCG@5': '0.0001', 'HIT@10': '0.0005', 'NDCG@10': '0.0002', 'HIT@20': '0.0009', 'NDCG@20': '0.0003'}
{'Epoch': 42, 'name': 'all', 'HIT@5': '0.0278', 'NDCG@5': '0.0190', 'HIT@10': '0.0416', 'NDCG@10': '0.0234', 'HIT@20': '0.0638', 'NDCG@20': '0.0290'}
Validation score increased.  Saving model ...
rec dataset length: 186
100%|█████████████████████████████████████████████████████████████████████████████████████████████████████████████████████████████████████████| 186/186 [01:08<00:00,  2.71it/s]
{'epoch': 43, 'rec_avg_loss': '0.6430', 'joint_avg_loss': '0.8046', 'cl_avg_loss': '1.6165', 'itemcl_loss': '0.0000', 'cl_pair_0_loss': '1.6165'}
Recommendation EP_test:43: 100%|| 35/35 [00:08<00:00,  4.05it/s]
{'Epoch': 43, 'name': 'high_freq', 'HIT@5': '0.0392', 'NDCG@5': '0.0267', 'HIT@10': '0.0607', 'NDCG@10': '0.0336', 'HIT@20': '0.0905', 'NDCG@20': '0.0411'}
{'Epoch': 43, 'name': 'mid_freq', 'HIT@5': '0.0030', 'NDCG@5': '0.0019', 'HIT@10': '0.0060', 'NDCG@10': '0.0029', 'HIT@20': '0.0079', 'NDCG@20': '0.0033'}
{'Epoch': 43, 'name': 'low_freq', 'HIT@5': '0.0000', 'NDCG@5': '0.0000', 'HIT@10': '0.0005', 'NDCG@10': '0.0001', 'HIT@20': '0.0009', 'NDCG@20': '0.0003'}
{'Epoch': 43, 'name': 'all', 'HIT@5': '0.0273', 'NDCG@5': '0.0185', 'HIT@10': '0.0425', 'NDCG@10': '0.0234', 'HIT@20': '0.0632', 'NDCG@20': '0.0286'}
EarlyStopping counter: 1 out of 40
rec dataset length: 186
100%|█████████████████████████████████████████████████████████████████████████████████████████████████████████████████████████████████████████| 186/186 [01:08<00:00,  2.71it/s]
{'epoch': 44, 'rec_avg_loss': '0.6375', 'joint_avg_loss': '0.7977', 'cl_avg_loss': '1.6020', 'itemcl_loss': '0.0000', 'cl_pair_0_loss': '1.6020'}
Recommendation EP_test:44: 100%|| 35/35 [00:08<00:00,  4.10it/s]
{'Epoch': 44, 'name': 'high_freq', 'HIT@5': '0.0391', 'NDCG@5': '0.0262', 'HIT@10': '0.0602', 'NDCG@10': '0.0330', 'HIT@20': '0.0901', 'NDCG@20': '0.0405'}
{'Epoch': 44, 'name': 'mid_freq', 'HIT@5': '0.0030', 'NDCG@5': '0.0017', 'HIT@10': '0.0049', 'NDCG@10': '0.0023', 'HIT@20': '0.0080', 'NDCG@20': '0.0031'}
{'Epoch': 44, 'name': 'low_freq', 'HIT@5': '0.0000', 'NDCG@5': '0.0000', 'HIT@10': '0.0005', 'NDCG@10': '0.0001', 'HIT@20': '0.0011', 'NDCG@20': '0.0003'}
{'Epoch': 44, 'name': 'all', 'HIT@5': '0.0272', 'NDCG@5': '0.0182', 'HIT@10': '0.0419', 'NDCG@10': '0.0229', 'HIT@20': '0.0630', 'NDCG@20': '0.0282'}
EarlyStopping counter: 2 out of 40
rec dataset length: 186
100%|█████████████████████████████████████████████████████████████████████████████████████████████████████████████████████████████████████████| 186/186 [01:08<00:00,  2.71it/s]
{'epoch': 45, 'rec_avg_loss': '0.6314', 'joint_avg_loss': '0.7916', 'cl_avg_loss': '1.6012', 'itemcl_loss': '0.0000', 'cl_pair_0_loss': '1.6012'}
Recommendation EP_test:45: 100%|| 35/35 [00:08<00:00,  4.21it/s]
{'Epoch': 45, 'name': 'high_freq', 'HIT@5': '0.0398', 'NDCG@5': '0.0268', 'HIT@10': '0.0606', 'NDCG@10': '0.0335', 'HIT@20': '0.0897', 'NDCG@20': '0.0408'}
{'Epoch': 45, 'name': 'mid_freq', 'HIT@5': '0.0032', 'NDCG@5': '0.0019', 'HIT@10': '0.0050', 'NDCG@10': '0.0025', 'HIT@20': '0.0086', 'NDCG@20': '0.0034'}
{'Epoch': 45, 'name': 'low_freq', 'HIT@5': '0.0000', 'NDCG@5': '0.0000', 'HIT@10': '0.0007', 'NDCG@10': '0.0002', 'HIT@20': '0.0011', 'NDCG@20': '0.0003'}
{'Epoch': 45, 'name': 'all', 'HIT@5': '0.0277', 'NDCG@5': '0.0186', 'HIT@10': '0.0423', 'NDCG@10': '0.0233', 'HIT@20': '0.0628', 'NDCG@20': '0.0284'}
EarlyStopping counter: 3 out of 40
rec dataset length: 186
100%|█████████████████████████████████████████████████████████████████████████████████████████████████████████████████████████████████████████| 186/186 [01:08<00:00,  2.71it/s]
{'epoch': 46, 'rec_avg_loss': '0.6267', 'joint_avg_loss': '0.7869', 'cl_avg_loss': '1.6018', 'itemcl_loss': '0.0000', 'cl_pair_0_loss': '1.6018'}
Recommendation EP_test:46: 100%|| 35/35 [00:08<00:00,  4.19it/s]
{'Epoch': 46, 'name': 'high_freq', 'HIT@5': '0.0404', 'NDCG@5': '0.0270', 'HIT@10': '0.0593', 'NDCG@10': '0.0331', 'HIT@20': '0.0913', 'NDCG@20': '0.0411'}
{'Epoch': 46, 'name': 'mid_freq', 'HIT@5': '0.0029', 'NDCG@5': '0.0016', 'HIT@10': '0.0050', 'NDCG@10': '0.0023', 'HIT@20': '0.0073', 'NDCG@20': '0.0029'}
{'Epoch': 46, 'name': 'low_freq', 'HIT@5': '0.0002', 'NDCG@5': '0.0002', 'HIT@10': '0.0005', 'NDCG@10': '0.0003', 'HIT@20': '0.0011', 'NDCG@20': '0.0005'}
{'Epoch': 46, 'name': 'all', 'HIT@5': '0.0281', 'NDCG@5': '0.0187', 'HIT@10': '0.0414', 'NDCG@10': '0.0230', 'HIT@20': '0.0637', 'NDCG@20': '0.0286'}
EarlyStopping counter: 4 out of 40
rec dataset length: 186
100%|█████████████████████████████████████████████████████████████████████████████████████████████████████████████████████████████████████████| 186/186 [01:08<00:00,  2.71it/s]
{'epoch': 47, 'rec_avg_loss': '0.6255', 'joint_avg_loss': '0.7849', 'cl_avg_loss': '1.5942', 'itemcl_loss': '0.0000', 'cl_pair_0_loss': '1.5942'}
Recommendation EP_test:47: 100%|| 35/35 [00:08<00:00,  4.20it/s]
{'Epoch': 47, 'name': 'high_freq', 'HIT@5': '0.0400', 'NDCG@5': '0.0266', 'HIT@10': '0.0600', 'NDCG@10': '0.0331', 'HIT@20': '0.0910', 'NDCG@20': '0.0408'}
{'Epoch': 47, 'name': 'mid_freq', 'HIT@5': '0.0029', 'NDCG@5': '0.0020', 'HIT@10': '0.0052', 'NDCG@10': '0.0028', 'HIT@20': '0.0085', 'NDCG@20': '0.0036'}
{'Epoch': 47, 'name': 'low_freq', 'HIT@5': '0.0007', 'NDCG@5': '0.0004', 'HIT@10': '0.0009', 'NDCG@10': '0.0005', 'HIT@20': '0.0014', 'NDCG@20': '0.0006'}
{'Epoch': 47, 'name': 'all', 'HIT@5': '0.0278', 'NDCG@5': '0.0185', 'HIT@10': '0.0419', 'NDCG@10': '0.0231', 'HIT@20': '0.0637', 'NDCG@20': '0.0286'}
EarlyStopping counter: 5 out of 40
rec dataset length: 186
100%|█████████████████████████████████████████████████████████████████████████████████████████████████████████████████████████████████████████| 186/186 [01:08<00:00,  2.71it/s]
{'epoch': 48, 'rec_avg_loss': '0.6177', 'joint_avg_loss': '0.7780', 'cl_avg_loss': '1.6025', 'itemcl_loss': '0.0000', 'cl_pair_0_loss': '1.6025'}
Recommendation EP_test:48: 100%|| 35/35 [00:08<00:00,  4.21it/s]
{'Epoch': 48, 'name': 'high_freq', 'HIT@5': '0.0409', 'NDCG@5': '0.0275', 'HIT@10': '0.0609', 'NDCG@10': '0.0340', 'HIT@20': '0.0920', 'NDCG@20': '0.0417'}
{'Epoch': 48, 'name': 'mid_freq', 'HIT@5': '0.0032', 'NDCG@5': '0.0021', 'HIT@10': '0.0056', 'NDCG@10': '0.0029', 'HIT@20': '0.0092', 'NDCG@20': '0.0038'}
{'Epoch': 48, 'name': 'low_freq', 'HIT@5': '0.0005', 'NDCG@5': '0.0003', 'HIT@10': '0.0007', 'NDCG@10': '0.0004', 'HIT@20': '0.0018', 'NDCG@20': '0.0007'}
{'Epoch': 48, 'name': 'all', 'HIT@5': '0.0285', 'NDCG@5': '0.0192', 'HIT@10': '0.0426', 'NDCG@10': '0.0237', 'HIT@20': '0.0646', 'NDCG@20': '0.0292'}
Validation score increased.  Saving model ...
rec dataset length: 186
100%|█████████████████████████████████████████████████████████████████████████████████████████████████████████████████████████████████████████| 186/186 [01:08<00:00,  2.71it/s]
{'epoch': 49, 'rec_avg_loss': '0.6132', 'joint_avg_loss': '0.7713', 'cl_avg_loss': '1.5811', 'itemcl_loss': '0.0000', 'cl_pair_0_loss': '1.5811'}
Recommendation EP_test:49: 100%|| 35/35 [00:08<00:00,  4.26it/s]
{'Epoch': 49, 'name': 'high_freq', 'HIT@5': '0.0405', 'NDCG@5': '0.0273', 'HIT@10': '0.0617', 'NDCG@10': '0.0342', 'HIT@20': '0.0903', 'NDCG@20': '0.0414'}
{'Epoch': 49, 'name': 'mid_freq', 'HIT@5': '0.0034', 'NDCG@5': '0.0021', 'HIT@10': '0.0057', 'NDCG@10': '0.0029', 'HIT@20': '0.0089', 'NDCG@20': '0.0037'}
{'Epoch': 49, 'name': 'low_freq', 'HIT@5': '0.0005', 'NDCG@5': '0.0002', 'HIT@10': '0.0009', 'NDCG@10': '0.0003', 'HIT@20': '0.0023', 'NDCG@20': '0.0007'}
{'Epoch': 49, 'name': 'all', 'HIT@5': '0.0283', 'NDCG@5': '0.0190', 'HIT@10': '0.0432', 'NDCG@10': '0.0238', 'HIT@20': '0.0634', 'NDCG@20': '0.0289'}
EarlyStopping counter: 1 out of 40
rec dataset length: 186
100%|█████████████████████████████████████████████████████████████████████████████████████████████████████████████████████████████████████████| 186/186 [01:08<00:00,  2.71it/s]
{'epoch': 50, 'rec_avg_loss': '0.6092', 'joint_avg_loss': '0.7679', 'cl_avg_loss': '1.5868', 'itemcl_loss': '0.0000', 'cl_pair_0_loss': '1.5868'}
Recommendation EP_test:50: 100%|| 35/35 [00:08<00:00,  4.20it/s]
{'Epoch': 50, 'name': 'high_freq', 'HIT@5': '0.0411', 'NDCG@5': '0.0274', 'HIT@10': '0.0621', 'NDCG@10': '0.0342', 'HIT@20': '0.0922', 'NDCG@20': '0.0417'}
{'Epoch': 50, 'name': 'mid_freq', 'HIT@5': '0.0030', 'NDCG@5': '0.0022', 'HIT@10': '0.0055', 'NDCG@10': '0.0030', 'HIT@20': '0.0085', 'NDCG@20': '0.0038'}
{'Epoch': 50, 'name': 'low_freq', 'HIT@5': '0.0005', 'NDCG@5': '0.0002', 'HIT@10': '0.0009', 'NDCG@10': '0.0004', 'HIT@20': '0.0016', 'NDCG@20': '0.0005'}
{'Epoch': 50, 'name': 'all', 'HIT@5': '0.0286', 'NDCG@5': '0.0191', 'HIT@10': '0.0434', 'NDCG@10': '0.0239', 'HIT@20': '0.0646', 'NDCG@20': '0.0292'}
EarlyStopping counter: 2 out of 40
rec dataset length: 186
100%|█████████████████████████████████████████████████████████████████████████████████████████████████████████████████████████████████████████| 186/186 [01:08<00:00,  2.71it/s]
{'epoch': 51, 'rec_avg_loss': '0.6054', 'joint_avg_loss': '0.7636', 'cl_avg_loss': '1.5819', 'itemcl_loss': '0.0000', 'cl_pair_0_loss': '1.5819'}
Recommendation EP_test:51: 100%|| 35/35 [00:08<00:00,  4.17it/s]
{'Epoch': 51, 'name': 'high_freq', 'HIT@5': '0.0410', 'NDCG@5': '0.0275', 'HIT@10': '0.0620', 'NDCG@10': '0.0342', 'HIT@20': '0.0928', 'NDCG@20': '0.0419'}
{'Epoch': 51, 'name': 'mid_freq', 'HIT@5': '0.0032', 'NDCG@5': '0.0021', 'HIT@10': '0.0053', 'NDCG@10': '0.0028', 'HIT@20': '0.0085', 'NDCG@20': '0.0036'}
{'Epoch': 51, 'name': 'low_freq', 'HIT@5': '0.0005', 'NDCG@5': '0.0002', 'HIT@10': '0.0005', 'NDCG@10': '0.0002', 'HIT@20': '0.0014', 'NDCG@20': '0.0005'}
{'Epoch': 51, 'name': 'all', 'HIT@5': '0.0286', 'NDCG@5': '0.0191', 'HIT@10': '0.0433', 'NDCG@10': '0.0238', 'HIT@20': '0.0649', 'NDCG@20': '0.0293'}
Validation score increased.  Saving model ...
rec dataset length: 186
100%|█████████████████████████████████████████████████████████████████████████████████████████████████████████████████████████████████████████| 186/186 [01:08<00:00,  2.71it/s]
{'epoch': 52, 'rec_avg_loss': '0.6023', 'joint_avg_loss': '0.7592', 'cl_avg_loss': '1.5683', 'itemcl_loss': '0.0000', 'cl_pair_0_loss': '1.5683'}
Recommendation EP_test:52: 100%|| 35/35 [00:08<00:00,  4.15it/s]
{'Epoch': 52, 'name': 'high_freq', 'HIT@5': '0.0413', 'NDCG@5': '0.0277', 'HIT@10': '0.0609', 'NDCG@10': '0.0340', 'HIT@20': '0.0921', 'NDCG@20': '0.0418'}
{'Epoch': 52, 'name': 'mid_freq', 'HIT@5': '0.0036', 'NDCG@5': '0.0023', 'HIT@10': '0.0060', 'NDCG@10': '0.0031', 'HIT@20': '0.0090', 'NDCG@20': '0.0039'}
{'Epoch': 52, 'name': 'low_freq', 'HIT@5': '0.0009', 'NDCG@5': '0.0006', 'HIT@10': '0.0009', 'NDCG@10': '0.0006', 'HIT@20': '0.0020', 'NDCG@20': '0.0008'}
{'Epoch': 52, 'name': 'all', 'HIT@5': '0.0289', 'NDCG@5': '0.0194', 'HIT@10': '0.0427', 'NDCG@10': '0.0238', 'HIT@20': '0.0647', 'NDCG@20': '0.0293'}
Validation score increased.  Saving model ...
rec dataset length: 186
100%|█████████████████████████████████████████████████████████████████████████████████████████████████████████████████████████████████████████| 186/186 [01:08<00:00,  2.70it/s]
{'epoch': 53, 'rec_avg_loss': '0.5988', 'joint_avg_loss': '0.7561', 'cl_avg_loss': '1.5728', 'itemcl_loss': '0.0000', 'cl_pair_0_loss': '1.5728'}
Recommendation EP_test:53: 100%|| 35/35 [00:08<00:00,  4.10it/s]
{'Epoch': 53, 'name': 'high_freq', 'HIT@5': '0.0412', 'NDCG@5': '0.0276', 'HIT@10': '0.0620', 'NDCG@10': '0.0343', 'HIT@20': '0.0930', 'NDCG@20': '0.0421'}
{'Epoch': 53, 'name': 'mid_freq', 'HIT@5': '0.0042', 'NDCG@5': '0.0027', 'HIT@10': '0.0070', 'NDCG@10': '0.0036', 'HIT@20': '0.0098', 'NDCG@20': '0.0043'}
{'Epoch': 53, 'name': 'low_freq', 'HIT@5': '0.0005', 'NDCG@5': '0.0002', 'HIT@10': '0.0009', 'NDCG@10': '0.0004', 'HIT@20': '0.0023', 'NDCG@20': '0.0007'}
{'Epoch': 53, 'name': 'all', 'HIT@5': '0.0289', 'NDCG@5': '0.0194', 'HIT@10': '0.0437', 'NDCG@10': '0.0241', 'HIT@20': '0.0655', 'NDCG@20': '0.0296'}
Validation score increased.  Saving model ...
rec dataset length: 186
100%|█████████████████████████████████████████████████████████████████████████████████████████████████████████████████████████████████████████| 186/186 [01:08<00:00,  2.72it/s]
{'epoch': 54, 'rec_avg_loss': '0.5953', 'joint_avg_loss': '0.7524', 'cl_avg_loss': '1.5717', 'itemcl_loss': '0.0000', 'cl_pair_0_loss': '1.5717'}
Recommendation EP_test:54: 100%|| 35/35 [00:08<00:00,  4.19it/s]
{'Epoch': 54, 'name': 'high_freq', 'HIT@5': '0.0410', 'NDCG@5': '0.0277', 'HIT@10': '0.0624', 'NDCG@10': '0.0346', 'HIT@20': '0.0935', 'NDCG@20': '0.0424'}
{'Epoch': 54, 'name': 'mid_freq', 'HIT@5': '0.0037', 'NDCG@5': '0.0023', 'HIT@10': '0.0065', 'NDCG@10': '0.0032', 'HIT@20': '0.0095', 'NDCG@20': '0.0040'}
{'Epoch': 54, 'name': 'low_freq', 'HIT@5': '0.0007', 'NDCG@5': '0.0003', 'HIT@10': '0.0018', 'NDCG@10': '0.0007', 'HIT@20': '0.0023', 'NDCG@20': '0.0008'}
{'Epoch': 54, 'name': 'all', 'HIT@5': '0.0287', 'NDCG@5': '0.0194', 'HIT@10': '0.0439', 'NDCG@10': '0.0243', 'HIT@20': '0.0657', 'NDCG@20': '0.0297'}
Validation score increased.  Saving model ...
rec dataset length: 186
100%|█████████████████████████████████████████████████████████████████████████████████████████████████████████████████████████████████████████| 186/186 [01:08<00:00,  2.71it/s]
{'epoch': 55, 'rec_avg_loss': '0.5893', 'joint_avg_loss': '0.7452', 'cl_avg_loss': '1.5585', 'itemcl_loss': '0.0000', 'cl_pair_0_loss': '1.5585'}
Recommendation EP_test:55: 100%|| 35/35 [00:08<00:00,  4.24it/s]
{'Epoch': 55, 'name': 'high_freq', 'HIT@5': '0.0417', 'NDCG@5': '0.0281', 'HIT@10': '0.0631', 'NDCG@10': '0.0350', 'HIT@20': '0.0942', 'NDCG@20': '0.0428'}
{'Epoch': 55, 'name': 'mid_freq', 'HIT@5': '0.0043', 'NDCG@5': '0.0027', 'HIT@10': '0.0060', 'NDCG@10': '0.0033', 'HIT@20': '0.0098', 'NDCG@20': '0.0042'}
{'Epoch': 55, 'name': 'low_freq', 'HIT@5': '0.0009', 'NDCG@5': '0.0004', 'HIT@10': '0.0014', 'NDCG@10': '0.0006', 'HIT@20': '0.0023', 'NDCG@20': '0.0008'}
{'Epoch': 55, 'name': 'all', 'HIT@5': '0.0294', 'NDCG@5': '0.0197', 'HIT@10': '0.0443', 'NDCG@10': '0.0245', 'HIT@20': '0.0663', 'NDCG@20': '0.0300'}
Validation score increased.  Saving model ...
rec dataset length: 186
100%|█████████████████████████████████████████████████████████████████████████████████████████████████████████████████████████████████████████| 186/186 [01:08<00:00,  2.71it/s]
{'epoch': 56, 'rec_avg_loss': '0.5866', 'joint_avg_loss': '0.7428', 'cl_avg_loss': '1.5620', 'itemcl_loss': '0.0000', 'cl_pair_0_loss': '1.5620'}
Recommendation EP_test:56: 100%|| 35/35 [00:08<00:00,  4.25it/s]
{'Epoch': 56, 'name': 'high_freq', 'HIT@5': '0.0420', 'NDCG@5': '0.0283', 'HIT@10': '0.0627', 'NDCG@10': '0.0349', 'HIT@20': '0.0915', 'NDCG@20': '0.0422'}
{'Epoch': 56, 'name': 'mid_freq', 'HIT@5': '0.0042', 'NDCG@5': '0.0025', 'HIT@10': '0.0066', 'NDCG@10': '0.0032', 'HIT@20': '0.0103', 'NDCG@20': '0.0042'}
{'Epoch': 56, 'name': 'low_freq', 'HIT@5': '0.0007', 'NDCG@5': '0.0004', 'HIT@10': '0.0011', 'NDCG@10': '0.0005', 'HIT@20': '0.0023', 'NDCG@20': '0.0008'}
{'Epoch': 56, 'name': 'all', 'HIT@5': '0.0295', 'NDCG@5': '0.0198', 'HIT@10': '0.0441', 'NDCG@10': '0.0245', 'HIT@20': '0.0646', 'NDCG@20': '0.0296'}
EarlyStopping counter: 1 out of 40
rec dataset length: 186
100%|█████████████████████████████████████████████████████████████████████████████████████████████████████████████████████████████████████████| 186/186 [01:08<00:00,  2.70it/s]
{'epoch': 57, 'rec_avg_loss': '0.5856', 'joint_avg_loss': '0.7402', 'cl_avg_loss': '1.5460', 'itemcl_loss': '0.0000', 'cl_pair_0_loss': '1.5460'}
Recommendation EP_test:57: 100%|| 35/35 [00:08<00:00,  4.11it/s]
{'Epoch': 57, 'name': 'high_freq', 'HIT@5': '0.0417', 'NDCG@5': '0.0277', 'HIT@10': '0.0631', 'NDCG@10': '0.0346', 'HIT@20': '0.0932', 'NDCG@20': '0.0421'}
{'Epoch': 57, 'name': 'mid_freq', 'HIT@5': '0.0037', 'NDCG@5': '0.0023', 'HIT@10': '0.0062', 'NDCG@10': '0.0030', 'HIT@20': '0.0096', 'NDCG@20': '0.0039'}
{'Epoch': 57, 'name': 'low_freq', 'HIT@5': '0.0007', 'NDCG@5': '0.0003', 'HIT@10': '0.0009', 'NDCG@10': '0.0004', 'HIT@20': '0.0018', 'NDCG@20': '0.0006'}
{'Epoch': 57, 'name': 'all', 'HIT@5': '0.0292', 'NDCG@5': '0.0193', 'HIT@10': '0.0443', 'NDCG@10': '0.0242', 'HIT@20': '0.0655', 'NDCG@20': '0.0295'}
EarlyStopping counter: 2 out of 40
rec dataset length: 186
100%|█████████████████████████████████████████████████████████████████████████████████████████████████████████████████████████████████████████| 186/186 [01:08<00:00,  2.72it/s]
{'epoch': 58, 'rec_avg_loss': '0.5790', 'joint_avg_loss': '0.7329', 'cl_avg_loss': '1.5393', 'itemcl_loss': '0.0000', 'cl_pair_0_loss': '1.5393'}
Recommendation EP_test:58: 100%|| 35/35 [00:08<00:00,  4.14it/s]
{'Epoch': 58, 'name': 'high_freq', 'HIT@5': '0.0429', 'NDCG@5': '0.0287', 'HIT@10': '0.0637', 'NDCG@10': '0.0354', 'HIT@20': '0.0932', 'NDCG@20': '0.0428'}
{'Epoch': 58, 'name': 'mid_freq', 'HIT@5': '0.0046', 'NDCG@5': '0.0028', 'HIT@10': '0.0066', 'NDCG@10': '0.0034', 'HIT@20': '0.0106', 'NDCG@20': '0.0044'}
{'Epoch': 58, 'name': 'low_freq', 'HIT@5': '0.0005', 'NDCG@5': '0.0002', 'HIT@10': '0.0011', 'NDCG@10': '0.0004', 'HIT@20': '0.0018', 'NDCG@20': '0.0006'}
{'Epoch': 58, 'name': 'all', 'HIT@5': '0.0301', 'NDCG@5': '0.0201', 'HIT@10': '0.0448', 'NDCG@10': '0.0248', 'HIT@20': '0.0657', 'NDCG@20': '0.0301'}
Validation score increased.  Saving model ...
rec dataset length: 186
100%|█████████████████████████████████████████████████████████████████████████████████████████████████████████████████████████████████████████| 186/186 [01:08<00:00,  2.72it/s]
{'epoch': 59, 'rec_avg_loss': '0.5773', 'joint_avg_loss': '0.7311', 'cl_avg_loss': '1.5387', 'itemcl_loss': '0.0000', 'cl_pair_0_loss': '1.5387'}
Recommendation EP_test:59: 100%|| 35/35 [00:08<00:00,  4.16it/s]
{'Epoch': 59, 'name': 'high_freq', 'HIT@5': '0.0421', 'NDCG@5': '0.0282', 'HIT@10': '0.0642', 'NDCG@10': '0.0353', 'HIT@20': '0.0949', 'NDCG@20': '0.0430'}
{'Epoch': 59, 'name': 'mid_freq', 'HIT@5': '0.0040', 'NDCG@5': '0.0025', 'HIT@10': '0.0069', 'NDCG@10': '0.0034', 'HIT@20': '0.0101', 'NDCG@20': '0.0042'}
{'Epoch': 59, 'name': 'low_freq', 'HIT@5': '0.0005', 'NDCG@5': '0.0002', 'HIT@10': '0.0011', 'NDCG@10': '0.0004', 'HIT@20': '0.0020', 'NDCG@20': '0.0007'}
{'Epoch': 59, 'name': 'all', 'HIT@5': '0.0295', 'NDCG@5': '0.0197', 'HIT@10': '0.0452', 'NDCG@10': '0.0247', 'HIT@20': '0.0667', 'NDCG@20': '0.0301'}
Validation score increased.  Saving model ...
rec dataset length: 186
100%|█████████████████████████████████████████████████████████████████████████████████████████████████████████████████████████████████████████| 186/186 [01:08<00:00,  2.71it/s]
{'epoch': 60, 'rec_avg_loss': '0.5733', 'joint_avg_loss': '0.7264', 'cl_avg_loss': '1.5317', 'itemcl_loss': '0.0000', 'cl_pair_0_loss': '1.5317'}
Recommendation EP_test:60: 100%|| 35/35 [00:08<00:00,  4.15it/s]
{'Epoch': 60, 'name': 'high_freq', 'HIT@5': '0.0426', 'NDCG@5': '0.0285', 'HIT@10': '0.0649', 'NDCG@10': '0.0357', 'HIT@20': '0.0949', 'NDCG@20': '0.0432'}
{'Epoch': 60, 'name': 'mid_freq', 'HIT@5': '0.0047', 'NDCG@5': '0.0030', 'HIT@10': '0.0075', 'NDCG@10': '0.0039', 'HIT@20': '0.0108', 'NDCG@20': '0.0047'}
{'Epoch': 60, 'name': 'low_freq', 'HIT@5': '0.0005', 'NDCG@5': '0.0002', 'HIT@10': '0.0011', 'NDCG@10': '0.0004', 'HIT@20': '0.0025', 'NDCG@20': '0.0008'}
{'Epoch': 60, 'name': 'all', 'HIT@5': '0.0299', 'NDCG@5': '0.0200', 'HIT@10': '0.0457', 'NDCG@10': '0.0251', 'HIT@20': '0.0669', 'NDCG@20': '0.0304'}
Validation score increased.  Saving model ...
rec dataset length: 186
100%|█████████████████████████████████████████████████████████████████████████████████████████████████████████████████████████████████████████| 186/186 [01:08<00:00,  2.71it/s]
{'epoch': 61, 'rec_avg_loss': '0.5707', 'joint_avg_loss': '0.7247', 'cl_avg_loss': '1.5399', 'itemcl_loss': '0.0000', 'cl_pair_0_loss': '1.5399'}
Recommendation EP_test:61: 100%|| 35/35 [00:08<00:00,  4.14it/s]
{'Epoch': 61, 'name': 'high_freq', 'HIT@5': '0.0432', 'NDCG@5': '0.0290', 'HIT@10': '0.0646', 'NDCG@10': '0.0359', 'HIT@20': '0.0946', 'NDCG@20': '0.0434'}
{'Epoch': 61, 'name': 'mid_freq', 'HIT@5': '0.0050', 'NDCG@5': '0.0032', 'HIT@10': '0.0073', 'NDCG@10': '0.0039', 'HIT@20': '0.0109', 'NDCG@20': '0.0048'}
{'Epoch': 61, 'name': 'low_freq', 'HIT@5': '0.0007', 'NDCG@5': '0.0004', 'HIT@10': '0.0016', 'NDCG@10': '0.0007', 'HIT@20': '0.0023', 'NDCG@20': '0.0009'}
{'Epoch': 61, 'name': 'all', 'HIT@5': '0.0305', 'NDCG@5': '0.0204', 'HIT@10': '0.0456', 'NDCG@10': '0.0253', 'HIT@20': '0.0667', 'NDCG@20': '0.0306'}
Validation score increased.  Saving model ...
rec dataset length: 186
100%|█████████████████████████████████████████████████████████████████████████████████████████████████████████████████████████████████████████| 186/186 [01:08<00:00,  2.71it/s]
{'epoch': 62, 'rec_avg_loss': '0.5657', 'joint_avg_loss': '0.7202', 'cl_avg_loss': '1.5457', 'itemcl_loss': '0.0000', 'cl_pair_0_loss': '1.5457'}
Recommendation EP_test:62: 100%|| 35/35 [00:08<00:00,  4.14it/s]
{'Epoch': 62, 'name': 'high_freq', 'HIT@5': '0.0429', 'NDCG@5': '0.0290', 'HIT@10': '0.0631', 'NDCG@10': '0.0354', 'HIT@20': '0.0928', 'NDCG@20': '0.0429'}
{'Epoch': 62, 'name': 'mid_freq', 'HIT@5': '0.0046', 'NDCG@5': '0.0029', 'HIT@10': '0.0069', 'NDCG@10': '0.0036', 'HIT@20': '0.0113', 'NDCG@20': '0.0047'}
{'Epoch': 62, 'name': 'low_freq', 'HIT@5': '0.0011', 'NDCG@5': '0.0006', 'HIT@10': '0.0020', 'NDCG@10': '0.0009', 'HIT@20': '0.0027', 'NDCG@20': '0.0011'}
{'Epoch': 62, 'name': 'all', 'HIT@5': '0.0302', 'NDCG@5': '0.0203', 'HIT@10': '0.0445', 'NDCG@10': '0.0249', 'HIT@20': '0.0657', 'NDCG@20': '0.0302'}
EarlyStopping counter: 1 out of 40
rec dataset length: 186
100%|█████████████████████████████████████████████████████████████████████████████████████████████████████████████████████████████████████████| 186/186 [01:08<00:00,  2.71it/s]
{'epoch': 63, 'rec_avg_loss': '0.5638', 'joint_avg_loss': '0.7168', 'cl_avg_loss': '1.5300', 'itemcl_loss': '0.0000', 'cl_pair_0_loss': '1.5300'}
Recommendation EP_test:63: 100%|| 35/35 [00:08<00:00,  4.17it/s]
{'Epoch': 63, 'name': 'high_freq', 'HIT@5': '0.0417', 'NDCG@5': '0.0282', 'HIT@10': '0.0625', 'NDCG@10': '0.0349', 'HIT@20': '0.0923', 'NDCG@20': '0.0424'}
{'Epoch': 63, 'name': 'mid_freq', 'HIT@5': '0.0046', 'NDCG@5': '0.0029', 'HIT@10': '0.0078', 'NDCG@10': '0.0039', 'HIT@20': '0.0106', 'NDCG@20': '0.0046'}
{'Epoch': 63, 'name': 'low_freq', 'HIT@5': '0.0014', 'NDCG@5': '0.0006', 'HIT@10': '0.0018', 'NDCG@10': '0.0008', 'HIT@20': '0.0032', 'NDCG@20': '0.0011'}
{'Epoch': 63, 'name': 'all', 'HIT@5': '0.0294', 'NDCG@5': '0.0198', 'HIT@10': '0.0442', 'NDCG@10': '0.0246', 'HIT@20': '0.0653', 'NDCG@20': '0.0299'}
EarlyStopping counter: 2 out of 40
rec dataset length: 186
100%|█████████████████████████████████████████████████████████████████████████████████████████████████████████████████████████████████████████| 186/186 [01:08<00:00,  2.71it/s]
{'epoch': 64, 'rec_avg_loss': '0.5626', 'joint_avg_loss': '0.7154', 'cl_avg_loss': '1.5284', 'itemcl_loss': '0.0000', 'cl_pair_0_loss': '1.5284'}
Recommendation EP_test:64: 100%|| 35/35 [00:08<00:00,  4.23it/s]
{'Epoch': 64, 'name': 'high_freq', 'HIT@5': '0.0411', 'NDCG@5': '0.0280', 'HIT@10': '0.0631', 'NDCG@10': '0.0350', 'HIT@20': '0.0933', 'NDCG@20': '0.0426'}
{'Epoch': 64, 'name': 'mid_freq', 'HIT@5': '0.0052', 'NDCG@5': '0.0032', 'HIT@10': '0.0082', 'NDCG@10': '0.0042', 'HIT@20': '0.0105', 'NDCG@20': '0.0047'}
{'Epoch': 64, 'name': 'low_freq', 'HIT@5': '0.0009', 'NDCG@5': '0.0004', 'HIT@10': '0.0016', 'NDCG@10': '0.0007', 'HIT@20': '0.0032', 'NDCG@20': '0.0010'}
{'Epoch': 64, 'name': 'all', 'HIT@5': '0.0291', 'NDCG@5': '0.0197', 'HIT@10': '0.0447', 'NDCG@10': '0.0247', 'HIT@20': '0.0659', 'NDCG@20': '0.0300'}
EarlyStopping counter: 3 out of 40
rec dataset length: 186
100%|█████████████████████████████████████████████████████████████████████████████████████████████████████████████████████████████████████████| 186/186 [01:08<00:00,  2.71it/s]
{'epoch': 65, 'rec_avg_loss': '0.5601', 'joint_avg_loss': '0.7113', 'cl_avg_loss': '1.5122', 'itemcl_loss': '0.0000', 'cl_pair_0_loss': '1.5122'}
Recommendation EP_test:65: 100%|| 35/35 [00:08<00:00,  4.17it/s]
{'Epoch': 65, 'name': 'high_freq', 'HIT@5': '0.0420', 'NDCG@5': '0.0285', 'HIT@10': '0.0624', 'NDCG@10': '0.0351', 'HIT@20': '0.0934', 'NDCG@20': '0.0428'}
{'Epoch': 65, 'name': 'mid_freq', 'HIT@5': '0.0050', 'NDCG@5': '0.0032', 'HIT@10': '0.0078', 'NDCG@10': '0.0041', 'HIT@20': '0.0103', 'NDCG@20': '0.0048'}
{'Epoch': 65, 'name': 'low_freq', 'HIT@5': '0.0007', 'NDCG@5': '0.0005', 'HIT@10': '0.0020', 'NDCG@10': '0.0009', 'HIT@20': '0.0036', 'NDCG@20': '0.0013'}
{'Epoch': 65, 'name': 'all', 'HIT@5': '0.0297', 'NDCG@5': '0.0201', 'HIT@10': '0.0442', 'NDCG@10': '0.0248', 'HIT@20': '0.0660', 'NDCG@20': '0.0302'}
EarlyStopping counter: 4 out of 40
rec dataset length: 186
100%|█████████████████████████████████████████████████████████████████████████████████████████████████████████████████████████████████████████| 186/186 [01:08<00:00,  2.72it/s]
{'epoch': 66, 'rec_avg_loss': '0.5533', 'joint_avg_loss': '0.7053', 'cl_avg_loss': '1.5203', 'itemcl_loss': '0.0000', 'cl_pair_0_loss': '1.5203'}
Recommendation EP_test:66: 100%|| 35/35 [00:08<00:00,  4.10it/s]
{'Epoch': 66, 'name': 'high_freq', 'HIT@5': '0.0423', 'NDCG@5': '0.0285', 'HIT@10': '0.0638', 'NDCG@10': '0.0354', 'HIT@20': '0.0933', 'NDCG@20': '0.0428'}
{'Epoch': 66, 'name': 'mid_freq', 'HIT@5': '0.0047', 'NDCG@5': '0.0031', 'HIT@10': '0.0078', 'NDCG@10': '0.0041', 'HIT@20': '0.0106', 'NDCG@20': '0.0048'}
{'Epoch': 66, 'name': 'low_freq', 'HIT@5': '0.0009', 'NDCG@5': '0.0006', 'HIT@10': '0.0018', 'NDCG@10': '0.0009', 'HIT@20': '0.0038', 'NDCG@20': '0.0014'}
{'Epoch': 66, 'name': 'all', 'HIT@5': '0.0298', 'NDCG@5': '0.0201', 'HIT@10': '0.0451', 'NDCG@10': '0.0250', 'HIT@20': '0.0660', 'NDCG@20': '0.0303'}
EarlyStopping counter: 5 out of 40
rec dataset length: 186
100%|█████████████████████████████████████████████████████████████████████████████████████████████████████████████████████████████████████████| 186/186 [01:08<00:00,  2.72it/s]
{'epoch': 67, 'rec_avg_loss': '0.5524', 'joint_avg_loss': '0.7041', 'cl_avg_loss': '1.5168', 'itemcl_loss': '0.0000', 'cl_pair_0_loss': '1.5168'}
Recommendation EP_test:67: 100%|| 35/35 [00:08<00:00,  4.12it/s]
{'Epoch': 67, 'name': 'high_freq', 'HIT@5': '0.0410', 'NDCG@5': '0.0275', 'HIT@10': '0.0634', 'NDCG@10': '0.0347', 'HIT@20': '0.0930', 'NDCG@20': '0.0421'}
{'Epoch': 67, 'name': 'mid_freq', 'HIT@5': '0.0052', 'NDCG@5': '0.0032', 'HIT@10': '0.0086', 'NDCG@10': '0.0043', 'HIT@20': '0.0111', 'NDCG@20': '0.0049'}
{'Epoch': 67, 'name': 'low_freq', 'HIT@5': '0.0016', 'NDCG@5': '0.0009', 'HIT@10': '0.0018', 'NDCG@10': '0.0009', 'HIT@20': '0.0041', 'NDCG@20': '0.0015'}
{'Epoch': 67, 'name': 'all', 'HIT@5': '0.0291', 'NDCG@5': '0.0195', 'HIT@10': '0.0451', 'NDCG@10': '0.0246', 'HIT@20': '0.0660', 'NDCG@20': '0.0298'}
EarlyStopping counter: 6 out of 40
rec dataset length: 186
100%|█████████████████████████████████████████████████████████████████████████████████████████████████████████████████████████████████████████| 186/186 [01:08<00:00,  2.72it/s]
{'epoch': 68, 'rec_avg_loss': '0.5519', 'joint_avg_loss': '0.7022', 'cl_avg_loss': '1.5031', 'itemcl_loss': '0.0000', 'cl_pair_0_loss': '1.5031'}
Recommendation EP_test:68: 100%|| 35/35 [00:08<00:00,  4.13it/s]
{'Epoch': 68, 'name': 'high_freq', 'HIT@5': '0.0406', 'NDCG@5': '0.0273', 'HIT@10': '0.0637', 'NDCG@10': '0.0347', 'HIT@20': '0.0933', 'NDCG@20': '0.0422'}
{'Epoch': 68, 'name': 'mid_freq', 'HIT@5': '0.0052', 'NDCG@5': '0.0034', 'HIT@10': '0.0088', 'NDCG@10': '0.0046', 'HIT@20': '0.0119', 'NDCG@20': '0.0054'}
{'Epoch': 68, 'name': 'low_freq', 'HIT@5': '0.0011', 'NDCG@5': '0.0006', 'HIT@10': '0.0014', 'NDCG@10': '0.0007', 'HIT@20': '0.0045', 'NDCG@20': '0.0015'}
{'Epoch': 68, 'name': 'all', 'HIT@5': '0.0287', 'NDCG@5': '0.0193', 'HIT@10': '0.0452', 'NDCG@10': '0.0246', 'HIT@20': '0.0664', 'NDCG@20': '0.0299'}
EarlyStopping counter: 7 out of 40
rec dataset length: 186
100%|█████████████████████████████████████████████████████████████████████████████████████████████████████████████████████████████████████████| 186/186 [01:08<00:00,  2.72it/s]
{'epoch': 69, 'rec_avg_loss': '0.5479', 'joint_avg_loss': '0.6981', 'cl_avg_loss': '1.5021', 'itemcl_loss': '0.0000', 'cl_pair_0_loss': '1.5021'}
Recommendation EP_test:69: 100%|| 35/35 [00:08<00:00,  4.12it/s]
{'Epoch': 69, 'name': 'high_freq', 'HIT@5': '0.0416', 'NDCG@5': '0.0278', 'HIT@10': '0.0622', 'NDCG@10': '0.0344', 'HIT@20': '0.0942', 'NDCG@20': '0.0425'}
{'Epoch': 69, 'name': 'mid_freq', 'HIT@5': '0.0055', 'NDCG@5': '0.0036', 'HIT@10': '0.0088', 'NDCG@10': '0.0046', 'HIT@20': '0.0122', 'NDCG@20': '0.0055'}
{'Epoch': 69, 'name': 'low_freq', 'HIT@5': '0.0011', 'NDCG@5': '0.0008', 'HIT@10': '0.0018', 'NDCG@10': '0.0010', 'HIT@20': '0.0041', 'NDCG@20': '0.0016'}
{'Epoch': 69, 'name': 'all', 'HIT@5': '0.0295', 'NDCG@5': '0.0197', 'HIT@10': '0.0442', 'NDCG@10': '0.0244', 'HIT@20': '0.0670', 'NDCG@20': '0.0302'}
EarlyStopping counter: 8 out of 40
rec dataset length: 186
100%|█████████████████████████████████████████████████████████████████████████████████████████████████████████████████████████████████████████| 186/186 [01:08<00:00,  2.72it/s]
{'epoch': 70, 'rec_avg_loss': '0.5458', 'joint_avg_loss': '0.6956', 'cl_avg_loss': '1.4986', 'itemcl_loss': '0.0000', 'cl_pair_0_loss': '1.4986'}
Recommendation EP_test:70: 100%|| 35/35 [00:08<00:00,  4.22it/s]
{'Epoch': 70, 'name': 'high_freq', 'HIT@5': '0.0415', 'NDCG@5': '0.0279', 'HIT@10': '0.0623', 'NDCG@10': '0.0345', 'HIT@20': '0.0948', 'NDCG@20': '0.0427'}
{'Epoch': 70, 'name': 'mid_freq', 'HIT@5': '0.0052', 'NDCG@5': '0.0035', 'HIT@10': '0.0085', 'NDCG@10': '0.0045', 'HIT@20': '0.0122', 'NDCG@20': '0.0055'}
{'Epoch': 70, 'name': 'low_freq', 'HIT@5': '0.0011', 'NDCG@5': '0.0007', 'HIT@10': '0.0016', 'NDCG@10': '0.0009', 'HIT@20': '0.0045', 'NDCG@20': '0.0016'}
{'Epoch': 70, 'name': 'all', 'HIT@5': '0.0294', 'NDCG@5': '0.0197', 'HIT@10': '0.0442', 'NDCG@10': '0.0245', 'HIT@20': '0.0674', 'NDCG@20': '0.0303'}
EarlyStopping counter: 9 out of 40
rec dataset length: 186
100%|█████████████████████████████████████████████████████████████████████████████████████████████████████████████████████████████████████████| 186/186 [01:08<00:00,  2.72it/s]
{'epoch': 71, 'rec_avg_loss': '0.5439', 'joint_avg_loss': '0.6929', 'cl_avg_loss': '1.4901', 'itemcl_loss': '0.0000', 'cl_pair_0_loss': '1.4901'}
Recommendation EP_test:71: 100%|| 35/35 [00:08<00:00,  4.16it/s]
{'Epoch': 71, 'name': 'high_freq', 'HIT@5': '0.0415', 'NDCG@5': '0.0277', 'HIT@10': '0.0627', 'NDCG@10': '0.0345', 'HIT@20': '0.0943', 'NDCG@20': '0.0424'}
{'Epoch': 71, 'name': 'mid_freq', 'HIT@5': '0.0056', 'NDCG@5': '0.0038', 'HIT@10': '0.0082', 'NDCG@10': '0.0046', 'HIT@20': '0.0118', 'NDCG@20': '0.0055'}
{'Epoch': 71, 'name': 'low_freq', 'HIT@5': '0.0011', 'NDCG@5': '0.0008', 'HIT@10': '0.0025', 'NDCG@10': '0.0012', 'HIT@20': '0.0048', 'NDCG@20': '0.0018'}
{'Epoch': 71, 'name': 'all', 'HIT@5': '0.0295', 'NDCG@5': '0.0197', 'HIT@10': '0.0446', 'NDCG@10': '0.0245', 'HIT@20': '0.0671', 'NDCG@20': '0.0302'}
EarlyStopping counter: 10 out of 40
rec dataset length: 186
100%|█████████████████████████████████████████████████████████████████████████████████████████████████████████████████████████████████████████| 186/186 [01:08<00:00,  2.72it/s]
{'epoch': 72, 'rec_avg_loss': '0.5385', 'joint_avg_loss': '0.6879', 'cl_avg_loss': '1.4932', 'itemcl_loss': '0.0000', 'cl_pair_0_loss': '1.4932'}
Recommendation EP_test:72: 100%|| 35/35 [00:08<00:00,  4.12it/s]
{'Epoch': 72, 'name': 'high_freq', 'HIT@5': '0.0413', 'NDCG@5': '0.0276', 'HIT@10': '0.0631', 'NDCG@10': '0.0346', 'HIT@20': '0.0941', 'NDCG@20': '0.0424'}
{'Epoch': 72, 'name': 'mid_freq', 'HIT@5': '0.0053', 'NDCG@5': '0.0037', 'HIT@10': '0.0082', 'NDCG@10': '0.0046', 'HIT@20': '0.0118', 'NDCG@20': '0.0055'}
{'Epoch': 72, 'name': 'low_freq', 'HIT@5': '0.0014', 'NDCG@5': '0.0009', 'HIT@10': '0.0018', 'NDCG@10': '0.0011', 'HIT@20': '0.0038', 'NDCG@20': '0.0015'}
{'Epoch': 72, 'name': 'all', 'HIT@5': '0.0293', 'NDCG@5': '0.0196', 'HIT@10': '0.0447', 'NDCG@10': '0.0246', 'HIT@20': '0.0668', 'NDCG@20': '0.0301'}
EarlyStopping counter: 11 out of 40
rec dataset length: 186
100%|█████████████████████████████████████████████████████████████████████████████████████████████████████████████████████████████████████████| 186/186 [01:09<00:00,  2.69it/s]
{'epoch': 73, 'rec_avg_loss': '0.5349', 'joint_avg_loss': '0.6837', 'cl_avg_loss': '1.4880', 'itemcl_loss': '0.0000', 'cl_pair_0_loss': '1.4880'}
Recommendation EP_test:73: 100%|| 35/35 [00:08<00:00,  4.02it/s]
{'Epoch': 73, 'name': 'high_freq', 'HIT@5': '0.0422', 'NDCG@5': '0.0282', 'HIT@10': '0.0627', 'NDCG@10': '0.0349', 'HIT@20': '0.0943', 'NDCG@20': '0.0428'}
{'Epoch': 73, 'name': 'mid_freq', 'HIT@5': '0.0053', 'NDCG@5': '0.0037', 'HIT@10': '0.0089', 'NDCG@10': '0.0048', 'HIT@20': '0.0116', 'NDCG@20': '0.0055'}
{'Epoch': 73, 'name': 'low_freq', 'HIT@5': '0.0014', 'NDCG@5': '0.0009', 'HIT@10': '0.0016', 'NDCG@10': '0.0010', 'HIT@20': '0.0034', 'NDCG@20': '0.0015'}
{'Epoch': 73, 'name': 'all', 'HIT@5': '0.0299', 'NDCG@5': '0.0201', 'HIT@10': '0.0446', 'NDCG@10': '0.0248', 'HIT@20': '0.0668', 'NDCG@20': '0.0304'}
EarlyStopping counter: 12 out of 40
rec dataset length: 186
100%|█████████████████████████████████████████████████████████████████████████████████████████████████████████████████████████████████████████| 186/186 [01:08<00:00,  2.71it/s]
{'epoch': 74, 'rec_avg_loss': '0.5345', 'joint_avg_loss': '0.6828', 'cl_avg_loss': '1.4827', 'itemcl_loss': '0.0000', 'cl_pair_0_loss': '1.4827'}
Recommendation EP_test:74: 100%|| 35/35 [00:08<00:00,  4.27it/s]
{'Epoch': 74, 'name': 'high_freq', 'HIT@5': '0.0421', 'NDCG@5': '0.0281', 'HIT@10': '0.0630', 'NDCG@10': '0.0348', 'HIT@20': '0.0930', 'NDCG@20': '0.0424'}
{'Epoch': 74, 'name': 'mid_freq', 'HIT@5': '0.0060', 'NDCG@5': '0.0039', 'HIT@10': '0.0083', 'NDCG@10': '0.0047', 'HIT@20': '0.0112', 'NDCG@20': '0.0054'}
{'Epoch': 74, 'name': 'low_freq', 'HIT@5': '0.0014', 'NDCG@5': '0.0010', 'HIT@10': '0.0020', 'NDCG@10': '0.0012', 'HIT@20': '0.0034', 'NDCG@20': '0.0016'}
{'Epoch': 74, 'name': 'all', 'HIT@5': '0.0300', 'NDCG@5': '0.0200', 'HIT@10': '0.0447', 'NDCG@10': '0.0248', 'HIT@20': '0.0659', 'NDCG@20': '0.0301'}
EarlyStopping counter: 13 out of 40
rec dataset length: 186
100%|█████████████████████████████████████████████████████████████████████████████████████████████████████████████████████████████████████████| 186/186 [01:08<00:00,  2.72it/s]
{'epoch': 75, 'rec_avg_loss': '0.5308', 'joint_avg_loss': '0.6791', 'cl_avg_loss': '1.4827', 'itemcl_loss': '0.0000', 'cl_pair_0_loss': '1.4827'}
Recommendation EP_test:75: 100%|| 35/35 [00:08<00:00,  4.25it/s]
{'Epoch': 75, 'name': 'high_freq', 'HIT@5': '0.0420', 'NDCG@5': '0.0281', 'HIT@10': '0.0632', 'NDCG@10': '0.0349', 'HIT@20': '0.0938', 'NDCG@20': '0.0426'}
{'Epoch': 75, 'name': 'mid_freq', 'HIT@5': '0.0060', 'NDCG@5': '0.0039', 'HIT@10': '0.0093', 'NDCG@10': '0.0049', 'HIT@20': '0.0112', 'NDCG@20': '0.0054'}
{'Epoch': 75, 'name': 'low_freq', 'HIT@5': '0.0014', 'NDCG@5': '0.0009', 'HIT@10': '0.0020', 'NDCG@10': '0.0012', 'HIT@20': '0.0036', 'NDCG@20': '0.0016'}
{'Epoch': 75, 'name': 'all', 'HIT@5': '0.0299', 'NDCG@5': '0.0200', 'HIT@10': '0.0451', 'NDCG@10': '0.0248', 'HIT@20': '0.0665', 'NDCG@20': '0.0302'}
EarlyStopping counter: 14 out of 40
rec dataset length: 186
100%|█████████████████████████████████████████████████████████████████████████████████████████████████████████████████████████████████████████| 186/186 [01:08<00:00,  2.73it/s]
{'epoch': 76, 'rec_avg_loss': '0.5297', 'joint_avg_loss': '0.6774', 'cl_avg_loss': '1.4772', 'itemcl_loss': '0.0000', 'cl_pair_0_loss': '1.4772'}
Recommendation EP_test:76: 100%|| 35/35 [00:08<00:00,  4.16it/s]
{'Epoch': 76, 'name': 'high_freq', 'HIT@5': '0.0428', 'NDCG@5': '0.0286', 'HIT@10': '0.0634', 'NDCG@10': '0.0352', 'HIT@20': '0.0937', 'NDCG@20': '0.0428'}
{'Epoch': 76, 'name': 'mid_freq', 'HIT@5': '0.0060', 'NDCG@5': '0.0040', 'HIT@10': '0.0083', 'NDCG@10': '0.0048', 'HIT@20': '0.0124', 'NDCG@20': '0.0058'}
{'Epoch': 76, 'name': 'low_freq', 'HIT@5': '0.0016', 'NDCG@5': '0.0010', 'HIT@10': '0.0025', 'NDCG@10': '0.0013', 'HIT@20': '0.0038', 'NDCG@20': '0.0017'}
{'Epoch': 76, 'name': 'all', 'HIT@5': '0.0305', 'NDCG@5': '0.0204', 'HIT@10': '0.0451', 'NDCG@10': '0.0250', 'HIT@20': '0.0667', 'NDCG@20': '0.0305'}
EarlyStopping counter: 15 out of 40
rec dataset length: 186
100%|█████████████████████████████████████████████████████████████████████████████████████████████████████████████████████████████████████████| 186/186 [01:08<00:00,  2.72it/s]
{'epoch': 77, 'rec_avg_loss': '0.5280', 'joint_avg_loss': '0.6762', 'cl_avg_loss': '1.4827', 'itemcl_loss': '0.0000', 'cl_pair_0_loss': '1.4827'}
Recommendation EP_test:77: 100%|| 35/35 [00:08<00:00,  4.14it/s]
{'Epoch': 77, 'name': 'high_freq', 'HIT@5': '0.0432', 'NDCG@5': '0.0291', 'HIT@10': '0.0632', 'NDCG@10': '0.0355', 'HIT@20': '0.0935', 'NDCG@20': '0.0431'}
{'Epoch': 77, 'name': 'mid_freq', 'HIT@5': '0.0063', 'NDCG@5': '0.0041', 'HIT@10': '0.0079', 'NDCG@10': '0.0046', 'HIT@20': '0.0121', 'NDCG@20': '0.0057'}
{'Epoch': 77, 'name': 'low_freq', 'HIT@5': '0.0016', 'NDCG@5': '0.0010', 'HIT@10': '0.0025', 'NDCG@10': '0.0013', 'HIT@20': '0.0038', 'NDCG@20': '0.0017'}
{'Epoch': 77, 'name': 'all', 'HIT@5': '0.0308', 'NDCG@5': '0.0207', 'HIT@10': '0.0448', 'NDCG@10': '0.0252', 'HIT@20': '0.0664', 'NDCG@20': '0.0307'}
Validation score increased.  Saving model ...
rec dataset length: 186
100%|█████████████████████████████████████████████████████████████████████████████████████████████████████████████████████████████████████████| 186/186 [01:08<00:00,  2.72it/s]
{'epoch': 78, 'rec_avg_loss': '0.5241', 'joint_avg_loss': '0.6724', 'cl_avg_loss': '1.4827', 'itemcl_loss': '0.0000', 'cl_pair_0_loss': '1.4827'}
Recommendation EP_test:78: 100%|| 35/35 [00:08<00:00,  4.08it/s]
{'Epoch': 78, 'name': 'high_freq', 'HIT@5': '0.0414', 'NDCG@5': '0.0282', 'HIT@10': '0.0635', 'NDCG@10': '0.0354', 'HIT@20': '0.0935', 'NDCG@20': '0.0429'}
{'Epoch': 78, 'name': 'mid_freq', 'HIT@5': '0.0062', 'NDCG@5': '0.0042', 'HIT@10': '0.0088', 'NDCG@10': '0.0050', 'HIT@20': '0.0119', 'NDCG@20': '0.0058'}
{'Epoch': 78, 'name': 'low_freq', 'HIT@5': '0.0018', 'NDCG@5': '0.0012', 'HIT@10': '0.0029', 'NDCG@10': '0.0016', 'HIT@20': '0.0050', 'NDCG@20': '0.0021'}
{'Epoch': 78, 'name': 'all', 'HIT@5': '0.0296', 'NDCG@5': '0.0202', 'HIT@10': '0.0453', 'NDCG@10': '0.0252', 'HIT@20': '0.0665', 'NDCG@20': '0.0306'}
EarlyStopping counter: 1 out of 40
rec dataset length: 186
100%|█████████████████████████████████████████████████████████████████████████████████████████████████████████████████████████████████████████| 186/186 [01:08<00:00,  2.72it/s]
{'epoch': 79, 'rec_avg_loss': '0.5256', 'joint_avg_loss': '0.6722', 'cl_avg_loss': '1.4664', 'itemcl_loss': '0.0000', 'cl_pair_0_loss': '1.4664'}
Recommendation EP_test:79: 100%|| 35/35 [00:08<00:00,  4.20it/s]
{'Epoch': 79, 'name': 'high_freq', 'HIT@5': '0.0414', 'NDCG@5': '0.0280', 'HIT@10': '0.0635', 'NDCG@10': '0.0351', 'HIT@20': '0.0945', 'NDCG@20': '0.0429'}
{'Epoch': 79, 'name': 'mid_freq', 'HIT@5': '0.0068', 'NDCG@5': '0.0045', 'HIT@10': '0.0092', 'NDCG@10': '0.0052', 'HIT@20': '0.0124', 'NDCG@20': '0.0060'}
{'Epoch': 79, 'name': 'low_freq', 'HIT@5': '0.0023', 'NDCG@5': '0.0013', 'HIT@10': '0.0032', 'NDCG@10': '0.0016', 'HIT@20': '0.0045', 'NDCG@20': '0.0019'}
{'Epoch': 79, 'name': 'all', 'HIT@5': '0.0298', 'NDCG@5': '0.0201', 'HIT@10': '0.0454', 'NDCG@10': '0.0251', 'HIT@20': '0.0673', 'NDCG@20': '0.0306'}
EarlyStopping counter: 2 out of 40
rec dataset length: 186
100%|█████████████████████████████████████████████████████████████████████████████████████████████████████████████████████████████████████████| 186/186 [01:08<00:00,  2.72it/s]
{'epoch': 80, 'rec_avg_loss': '0.5245', 'joint_avg_loss': '0.6701', 'cl_avg_loss': '1.4559', 'itemcl_loss': '0.0000', 'cl_pair_0_loss': '1.4559'}
Recommendation EP_test:80: 100%|| 35/35 [00:08<00:00,  4.19it/s]
{'Epoch': 80, 'name': 'high_freq', 'HIT@5': '0.0424', 'NDCG@5': '0.0284', 'HIT@10': '0.0634', 'NDCG@10': '0.0351', 'HIT@20': '0.0936', 'NDCG@20': '0.0427'}
{'Epoch': 80, 'name': 'mid_freq', 'HIT@5': '0.0066', 'NDCG@5': '0.0044', 'HIT@10': '0.0101', 'NDCG@10': '0.0055', 'HIT@20': '0.0141', 'NDCG@20': '0.0065'}
{'Epoch': 80, 'name': 'low_freq', 'HIT@5': '0.0018', 'NDCG@5': '0.0012', 'HIT@10': '0.0034', 'NDCG@10': '0.0017', 'HIT@20': '0.0045', 'NDCG@20': '0.0020'}
{'Epoch': 80, 'name': 'all', 'HIT@5': '0.0304', 'NDCG@5': '0.0203', 'HIT@10': '0.0455', 'NDCG@10': '0.0252', 'HIT@20': '0.0670', 'NDCG@20': '0.0306'}
EarlyStopping counter: 3 out of 40
rec dataset length: 186
100%|█████████████████████████████████████████████████████████████████████████████████████████████████████████████████████████████████████████| 186/186 [01:08<00:00,  2.72it/s]
{'epoch': 81, 'rec_avg_loss': '0.5207', 'joint_avg_loss': '0.6667', 'cl_avg_loss': '1.4605', 'itemcl_loss': '0.0000', 'cl_pair_0_loss': '1.4605'}
Recommendation EP_test:81: 100%|| 35/35 [00:08<00:00,  4.12it/s]
{'Epoch': 81, 'name': 'high_freq', 'HIT@5': '0.0424', 'NDCG@5': '0.0287', 'HIT@10': '0.0630', 'NDCG@10': '0.0354', 'HIT@20': '0.0954', 'NDCG@20': '0.0435'}
{'Epoch': 81, 'name': 'mid_freq', 'HIT@5': '0.0068', 'NDCG@5': '0.0046', 'HIT@10': '0.0095', 'NDCG@10': '0.0055', 'HIT@20': '0.0126', 'NDCG@20': '0.0063'}
{'Epoch': 81, 'name': 'low_freq', 'HIT@5': '0.0018', 'NDCG@5': '0.0012', 'HIT@10': '0.0038', 'NDCG@10': '0.0018', 'HIT@20': '0.0057', 'NDCG@20': '0.0023'}
{'Epoch': 81, 'name': 'all', 'HIT@5': '0.0304', 'NDCG@5': '0.0206', 'HIT@10': '0.0452', 'NDCG@10': '0.0254', 'HIT@20': '0.0681', 'NDCG@20': '0.0311'}
Validation score increased.  Saving model ...
rec dataset length: 186
100%|█████████████████████████████████████████████████████████████████████████████████████████████████████████████████████████████████████████| 186/186 [01:08<00:00,  2.72it/s]
{'epoch': 82, 'rec_avg_loss': '0.5199', 'joint_avg_loss': '0.6658', 'cl_avg_loss': '1.4596', 'itemcl_loss': '0.0000', 'cl_pair_0_loss': '1.4596'}
Recommendation EP_test:82: 100%|| 35/35 [00:08<00:00,  4.17it/s]
{'Epoch': 82, 'name': 'high_freq', 'HIT@5': '0.0414', 'NDCG@5': '0.0280', 'HIT@10': '0.0624', 'NDCG@10': '0.0348', 'HIT@20': '0.0928', 'NDCG@20': '0.0425'}
{'Epoch': 82, 'name': 'mid_freq', 'HIT@5': '0.0072', 'NDCG@5': '0.0049', 'HIT@10': '0.0096', 'NDCG@10': '0.0057', 'HIT@20': '0.0134', 'NDCG@20': '0.0066'}
{'Epoch': 82, 'name': 'low_freq', 'HIT@5': '0.0023', 'NDCG@5': '0.0013', 'HIT@10': '0.0036', 'NDCG@10': '0.0017', 'HIT@20': '0.0066', 'NDCG@20': '0.0024'}
{'Epoch': 82, 'name': 'all', 'HIT@5': '0.0298', 'NDCG@5': '0.0202', 'HIT@10': '0.0448', 'NDCG@10': '0.0250', 'HIT@20': '0.0666', 'NDCG@20': '0.0305'}
EarlyStopping counter: 1 out of 40
rec dataset length: 186
100%|█████████████████████████████████████████████████████████████████████████████████████████████████████████████████████████████████████████| 186/186 [01:08<00:00,  2.72it/s]
{'epoch': 83, 'rec_avg_loss': '0.5165', 'joint_avg_loss': '0.6616', 'cl_avg_loss': '1.4506', 'itemcl_loss': '0.0000', 'cl_pair_0_loss': '1.4506'}
Recommendation EP_test:83: 100%|| 35/35 [00:08<00:00,  4.20it/s]
{'Epoch': 83, 'name': 'high_freq', 'HIT@5': '0.0426', 'NDCG@5': '0.0285', 'HIT@10': '0.0634', 'NDCG@10': '0.0352', 'HIT@20': '0.0937', 'NDCG@20': '0.0428'}
{'Epoch': 83, 'name': 'mid_freq', 'HIT@5': '0.0072', 'NDCG@5': '0.0047', 'HIT@10': '0.0092', 'NDCG@10': '0.0053', 'HIT@20': '0.0136', 'NDCG@20': '0.0064'}
{'Epoch': 83, 'name': 'low_freq', 'HIT@5': '0.0023', 'NDCG@5': '0.0014', 'HIT@10': '0.0034', 'NDCG@10': '0.0017', 'HIT@20': '0.0068', 'NDCG@20': '0.0026'}
{'Epoch': 83, 'name': 'all', 'HIT@5': '0.0306', 'NDCG@5': '0.0205', 'HIT@10': '0.0453', 'NDCG@10': '0.0252', 'HIT@20': '0.0673', 'NDCG@20': '0.0307'}
EarlyStopping counter: 2 out of 40
rec dataset length: 186
100%|█████████████████████████████████████████████████████████████████████████████████████████████████████████████████████████████████████████| 186/186 [01:08<00:00,  2.71it/s]
{'epoch': 84, 'rec_avg_loss': '0.5130', 'joint_avg_loss': '0.6594', 'cl_avg_loss': '1.4639', 'itemcl_loss': '0.0000', 'cl_pair_0_loss': '1.4639'}
Recommendation EP_test:84: 100%|| 35/35 [00:08<00:00,  4.08it/s]
{'Epoch': 84, 'name': 'high_freq', 'HIT@5': '0.0420', 'NDCG@5': '0.0286', 'HIT@10': '0.0623', 'NDCG@10': '0.0351', 'HIT@20': '0.0945', 'NDCG@20': '0.0432'}
{'Epoch': 84, 'name': 'mid_freq', 'HIT@5': '0.0065', 'NDCG@5': '0.0044', 'HIT@10': '0.0090', 'NDCG@10': '0.0052', 'HIT@20': '0.0134', 'NDCG@20': '0.0063'}
{'Epoch': 84, 'name': 'low_freq', 'HIT@5': '0.0018', 'NDCG@5': '0.0011', 'HIT@10': '0.0027', 'NDCG@10': '0.0013', 'HIT@20': '0.0052', 'NDCG@20': '0.0020'}
{'Epoch': 84, 'name': 'all', 'HIT@5': '0.0301', 'NDCG@5': '0.0204', 'HIT@10': '0.0445', 'NDCG@10': '0.0251', 'HIT@20': '0.0675', 'NDCG@20': '0.0309'}
EarlyStopping counter: 3 out of 40
rec dataset length: 186
100%|█████████████████████████████████████████████████████████████████████████████████████████████████████████████████████████████████████████| 186/186 [01:08<00:00,  2.72it/s]
{'epoch': 85, 'rec_avg_loss': '0.5123', 'joint_avg_loss': '0.6570', 'cl_avg_loss': '1.4468', 'itemcl_loss': '0.0000', 'cl_pair_0_loss': '1.4468'}
Recommendation EP_test:85: 100%|| 35/35 [00:08<00:00,  4.01it/s]
{'Epoch': 85, 'name': 'high_freq', 'HIT@5': '0.0422', 'NDCG@5': '0.0286', 'HIT@10': '0.0637', 'NDCG@10': '0.0355', 'HIT@20': '0.0938', 'NDCG@20': '0.0430'}
{'Epoch': 85, 'name': 'mid_freq', 'HIT@5': '0.0066', 'NDCG@5': '0.0042', 'HIT@10': '0.0090', 'NDCG@10': '0.0050', 'HIT@20': '0.0128', 'NDCG@20': '0.0060'}
{'Epoch': 85, 'name': 'low_freq', 'HIT@5': '0.0020', 'NDCG@5': '0.0011', 'HIT@10': '0.0032', 'NDCG@10': '0.0015', 'HIT@20': '0.0048', 'NDCG@20': '0.0019'}
{'Epoch': 85, 'name': 'all', 'HIT@5': '0.0303', 'NDCG@5': '0.0204', 'HIT@10': '0.0455', 'NDCG@10': '0.0253', 'HIT@20': '0.0669', 'NDCG@20': '0.0307'}
EarlyStopping counter: 4 out of 40
rec dataset length: 186
100%|█████████████████████████████████████████████████████████████████████████████████████████████████████████████████████████████████████████| 186/186 [01:08<00:00,  2.72it/s]
{'epoch': 86, 'rec_avg_loss': '0.5123', 'joint_avg_loss': '0.6567', 'cl_avg_loss': '1.4438', 'itemcl_loss': '0.0000', 'cl_pair_0_loss': '1.4438'}
Recommendation EP_test:86: 100%|| 35/35 [00:08<00:00,  4.11it/s]
{'Epoch': 86, 'name': 'high_freq', 'HIT@5': '0.0420', 'NDCG@5': '0.0286', 'HIT@10': '0.0635', 'NDCG@10': '0.0355', 'HIT@20': '0.0930', 'NDCG@20': '0.0429'}
{'Epoch': 86, 'name': 'mid_freq', 'HIT@5': '0.0068', 'NDCG@5': '0.0046', 'HIT@10': '0.0103', 'NDCG@10': '0.0057', 'HIT@20': '0.0135', 'NDCG@20': '0.0065'}
{'Epoch': 86, 'name': 'low_freq', 'HIT@5': '0.0020', 'NDCG@5': '0.0011', 'HIT@10': '0.0029', 'NDCG@10': '0.0014', 'HIT@20': '0.0048', 'NDCG@20': '0.0019'}
{'Epoch': 86, 'name': 'all', 'HIT@5': '0.0302', 'NDCG@5': '0.0205', 'HIT@10': '0.0456', 'NDCG@10': '0.0254', 'HIT@20': '0.0665', 'NDCG@20': '0.0307'}
EarlyStopping counter: 5 out of 40
rec dataset length: 186
100%|█████████████████████████████████████████████████████████████████████████████████████████████████████████████████████████████████████████| 186/186 [01:08<00:00,  2.73it/s]
{'epoch': 87, 'rec_avg_loss': '0.5080', 'joint_avg_loss': '0.6522', 'cl_avg_loss': '1.4414', 'itemcl_loss': '0.0000', 'cl_pair_0_loss': '1.4414'}
Recommendation EP_test:87: 100%|| 35/35 [00:08<00:00,  4.04it/s]
{'Epoch': 87, 'name': 'high_freq', 'HIT@5': '0.0416', 'NDCG@5': '0.0277', 'HIT@10': '0.0637', 'NDCG@10': '0.0349', 'HIT@20': '0.0955', 'NDCG@20': '0.0429'}
{'Epoch': 87, 'name': 'mid_freq', 'HIT@5': '0.0063', 'NDCG@5': '0.0044', 'HIT@10': '0.0093', 'NDCG@10': '0.0054', 'HIT@20': '0.0134', 'NDCG@20': '0.0064'}
{'Epoch': 87, 'name': 'low_freq', 'HIT@5': '0.0020', 'NDCG@5': '0.0013', 'HIT@10': '0.0034', 'NDCG@10': '0.0017', 'HIT@20': '0.0048', 'NDCG@20': '0.0021'}
{'Epoch': 87, 'name': 'all', 'HIT@5': '0.0298', 'NDCG@5': '0.0199', 'HIT@10': '0.0456', 'NDCG@10': '0.0250', 'HIT@20': '0.0682', 'NDCG@20': '0.0307'}
EarlyStopping counter: 6 out of 40
rec dataset length: 186
100%|█████████████████████████████████████████████████████████████████████████████████████████████████████████████████████████████████████████| 186/186 [01:08<00:00,  2.73it/s]
{'epoch': 88, 'rec_avg_loss': '0.5072', 'joint_avg_loss': '0.6514', 'cl_avg_loss': '1.4419', 'itemcl_loss': '0.0000', 'cl_pair_0_loss': '1.4419'}
Recommendation EP_test:88: 100%|| 35/35 [00:08<00:00,  4.06it/s]
{'Epoch': 88, 'name': 'high_freq', 'HIT@5': '0.0432', 'NDCG@5': '0.0286', 'HIT@10': '0.0644', 'NDCG@10': '0.0354', 'HIT@20': '0.0948', 'NDCG@20': '0.0431'}
{'Epoch': 88, 'name': 'mid_freq', 'HIT@5': '0.0068', 'NDCG@5': '0.0044', 'HIT@10': '0.0093', 'NDCG@10': '0.0053', 'HIT@20': '0.0132', 'NDCG@20': '0.0063'}
{'Epoch': 88, 'name': 'low_freq', 'HIT@5': '0.0018', 'NDCG@5': '0.0011', 'HIT@10': '0.0023', 'NDCG@10': '0.0013', 'HIT@20': '0.0052', 'NDCG@20': '0.0020'}
{'Epoch': 88, 'name': 'all', 'HIT@5': '0.0309', 'NDCG@5': '0.0205', 'HIT@10': '0.0459', 'NDCG@10': '0.0253', 'HIT@20': '0.0677', 'NDCG@20': '0.0308'}
EarlyStopping counter: 7 out of 40
rec dataset length: 186
100%|█████████████████████████████████████████████████████████████████████████████████████████████████████████████████████████████████████████| 186/186 [01:08<00:00,  2.73it/s]
{'epoch': 89, 'rec_avg_loss': '0.5074', 'joint_avg_loss': '0.6524', 'cl_avg_loss': '1.4501', 'itemcl_loss': '0.0000', 'cl_pair_0_loss': '1.4501'}
Recommendation EP_test:89: 100%|| 35/35 [00:08<00:00,  4.02it/s]
{'Epoch': 89, 'name': 'high_freq', 'HIT@5': '0.0424', 'NDCG@5': '0.0282', 'HIT@10': '0.0632', 'NDCG@10': '0.0349', 'HIT@20': '0.0943', 'NDCG@20': '0.0427'}
{'Epoch': 89, 'name': 'mid_freq', 'HIT@5': '0.0076', 'NDCG@5': '0.0046', 'HIT@10': '0.0108', 'NDCG@10': '0.0056', 'HIT@20': '0.0134', 'NDCG@20': '0.0063'}
{'Epoch': 89, 'name': 'low_freq', 'HIT@5': '0.0018', 'NDCG@5': '0.0012', 'HIT@10': '0.0034', 'NDCG@10': '0.0017', 'HIT@20': '0.0057', 'NDCG@20': '0.0023'}
{'Epoch': 89, 'name': 'all', 'HIT@5': '0.0305', 'NDCG@5': '0.0202', 'HIT@10': '0.0455', 'NDCG@10': '0.0251', 'HIT@20': '0.0674', 'NDCG@20': '0.0306'}
EarlyStopping counter: 8 out of 40
rec dataset length: 186
100%|█████████████████████████████████████████████████████████████████████████████████████████████████████████████████████████████████████████| 186/186 [01:08<00:00,  2.74it/s]
{'epoch': 90, 'rec_avg_loss': '0.5021', 'joint_avg_loss': '0.6449', 'cl_avg_loss': '1.4281', 'itemcl_loss': '0.0000', 'cl_pair_0_loss': '1.4281'}
Recommendation EP_test:90: 100%|| 35/35 [00:08<00:00,  4.08it/s]
{'Epoch': 90, 'name': 'high_freq', 'HIT@5': '0.0426', 'NDCG@5': '0.0281', 'HIT@10': '0.0643', 'NDCG@10': '0.0351', 'HIT@20': '0.0943', 'NDCG@20': '0.0426'}
{'Epoch': 90, 'name': 'mid_freq', 'HIT@5': '0.0063', 'NDCG@5': '0.0041', 'HIT@10': '0.0093', 'NDCG@10': '0.0051', 'HIT@20': '0.0135', 'NDCG@20': '0.0061'}
{'Epoch': 90, 'name': 'low_freq', 'HIT@5': '0.0018', 'NDCG@5': '0.0012', 'HIT@10': '0.0023', 'NDCG@10': '0.0014', 'HIT@20': '0.0052', 'NDCG@20': '0.0021'}
{'Epoch': 90, 'name': 'all', 'HIT@5': '0.0305', 'NDCG@5': '0.0201', 'HIT@10': '0.0458', 'NDCG@10': '0.0250', 'HIT@20': '0.0674', 'NDCG@20': '0.0305'}
EarlyStopping counter: 9 out of 40
rec dataset length: 186
100%|█████████████████████████████████████████████████████████████████████████████████████████████████████████████████████████████████████████| 186/186 [01:08<00:00,  2.73it/s]
{'epoch': 91, 'rec_avg_loss': '0.5041', 'joint_avg_loss': '0.6481', 'cl_avg_loss': '1.4393', 'itemcl_loss': '0.0000', 'cl_pair_0_loss': '1.4393'}
Recommendation EP_test:91: 100%|| 35/35 [00:08<00:00,  4.14it/s]
{'Epoch': 91, 'name': 'high_freq', 'HIT@5': '0.0423', 'NDCG@5': '0.0277', 'HIT@10': '0.0651', 'NDCG@10': '0.0351', 'HIT@20': '0.0931', 'NDCG@20': '0.0421'}
{'Epoch': 91, 'name': 'mid_freq', 'HIT@5': '0.0065', 'NDCG@5': '0.0041', 'HIT@10': '0.0092', 'NDCG@10': '0.0050', 'HIT@20': '0.0135', 'NDCG@20': '0.0061'}
{'Epoch': 91, 'name': 'low_freq', 'HIT@5': '0.0025', 'NDCG@5': '0.0015', 'HIT@10': '0.0036', 'NDCG@10': '0.0019', 'HIT@20': '0.0063', 'NDCG@20': '0.0026'}
{'Epoch': 91, 'name': 'all', 'HIT@5': '0.0304', 'NDCG@5': '0.0199', 'HIT@10': '0.0465', 'NDCG@10': '0.0251', 'HIT@20': '0.0668', 'NDCG@20': '0.0301'}
EarlyStopping counter: 10 out of 40
rec dataset length: 186
100%|█████████████████████████████████████████████████████████████████████████████████████████████████████████████████████████████████████████| 186/186 [01:07<00:00,  2.74it/s]
{'epoch': 92, 'rec_avg_loss': '0.5015', 'joint_avg_loss': '0.6446', 'cl_avg_loss': '1.4308', 'itemcl_loss': '0.0000', 'cl_pair_0_loss': '1.4308'}
Recommendation EP_test:92: 100%|| 35/35 [00:08<00:00,  4.10it/s]
{'Epoch': 92, 'name': 'high_freq', 'HIT@5': '0.0436', 'NDCG@5': '0.0287', 'HIT@10': '0.0645', 'NDCG@10': '0.0355', 'HIT@20': '0.0952', 'NDCG@20': '0.0431'}
{'Epoch': 92, 'name': 'mid_freq', 'HIT@5': '0.0057', 'NDCG@5': '0.0038', 'HIT@10': '0.0095', 'NDCG@10': '0.0050', 'HIT@20': '0.0135', 'NDCG@20': '0.0060'}
{'Epoch': 92, 'name': 'low_freq', 'HIT@5': '0.0023', 'NDCG@5': '0.0013', 'HIT@10': '0.0041', 'NDCG@10': '0.0019', 'HIT@20': '0.0061', 'NDCG@20': '0.0024'}
{'Epoch': 92, 'name': 'all', 'HIT@5': '0.0310', 'NDCG@5': '0.0204', 'HIT@10': '0.0463', 'NDCG@10': '0.0253', 'HIT@20': '0.0681', 'NDCG@20': '0.0308'}
EarlyStopping counter: 11 out of 40
rec dataset length: 186
100%|█████████████████████████████████████████████████████████████████████████████████████████████████████████████████████████████████████████| 186/186 [01:08<00:00,  2.73it/s]
{'epoch': 93, 'rec_avg_loss': '0.4975', 'joint_avg_loss': '0.6397', 'cl_avg_loss': '1.4224', 'itemcl_loss': '0.0000', 'cl_pair_0_loss': '1.4224'}
Recommendation EP_test:93: 100%|| 35/35 [00:08<00:00,  4.06it/s]
{'Epoch': 93, 'name': 'high_freq', 'HIT@5': '0.0417', 'NDCG@5': '0.0277', 'HIT@10': '0.0645', 'NDCG@10': '0.0350', 'HIT@20': '0.0925', 'NDCG@20': '0.0420'}
{'Epoch': 93, 'name': 'mid_freq', 'HIT@5': '0.0073', 'NDCG@5': '0.0046', 'HIT@10': '0.0095', 'NDCG@10': '0.0053', 'HIT@20': '0.0142', 'NDCG@20': '0.0065'}
{'Epoch': 93, 'name': 'low_freq', 'HIT@5': '0.0025', 'NDCG@5': '0.0017', 'HIT@10': '0.0041', 'NDCG@10': '0.0022', 'HIT@20': '0.0066', 'NDCG@20': '0.0028'}
{'Epoch': 93, 'name': 'all', 'HIT@5': '0.0301', 'NDCG@5': '0.0199', 'HIT@10': '0.0462', 'NDCG@10': '0.0251', 'HIT@20': '0.0665', 'NDCG@20': '0.0302'}
EarlyStopping counter: 12 out of 40
rec dataset length: 186
100%|█████████████████████████████████████████████████████████████████████████████████████████████████████████████████████████████████████████| 186/186 [01:08<00:00,  2.73it/s]
{'epoch': 94, 'rec_avg_loss': '0.4975', 'joint_avg_loss': '0.6398', 'cl_avg_loss': '1.4231', 'itemcl_loss': '0.0000', 'cl_pair_0_loss': '1.4231'}
Recommendation EP_test:94: 100%|| 35/35 [00:08<00:00,  4.21it/s]
{'Epoch': 94, 'name': 'high_freq', 'HIT@5': '0.0424', 'NDCG@5': '0.0283', 'HIT@10': '0.0623', 'NDCG@10': '0.0347', 'HIT@20': '0.0937', 'NDCG@20': '0.0426'}
{'Epoch': 94, 'name': 'mid_freq', 'HIT@5': '0.0073', 'NDCG@5': '0.0049', 'HIT@10': '0.0096', 'NDCG@10': '0.0057', 'HIT@20': '0.0142', 'NDCG@20': '0.0068'}
{'Epoch': 94, 'name': 'low_freq', 'HIT@5': '0.0025', 'NDCG@5': '0.0016', 'HIT@10': '0.0034', 'NDCG@10': '0.0018', 'HIT@20': '0.0068', 'NDCG@20': '0.0027'}
{'Epoch': 94, 'name': 'all', 'HIT@5': '0.0306', 'NDCG@5': '0.0204', 'HIT@10': '0.0447', 'NDCG@10': '0.0249', 'HIT@20': '0.0674', 'NDCG@20': '0.0306'}
EarlyStopping counter: 13 out of 40
rec dataset length: 186
100%|█████████████████████████████████████████████████████████████████████████████████████████████████████████████████████████████████████████| 186/186 [01:08<00:00,  2.73it/s]
{'epoch': 95, 'rec_avg_loss': '0.4961', 'joint_avg_loss': '0.6388', 'cl_avg_loss': '1.4265', 'itemcl_loss': '0.0000', 'cl_pair_0_loss': '1.4265'}
Recommendation EP_test:95: 100%|| 35/35 [00:08<00:00,  4.25it/s]
{'Epoch': 95, 'name': 'high_freq', 'HIT@5': '0.0415', 'NDCG@5': '0.0276', 'HIT@10': '0.0632', 'NDCG@10': '0.0346', 'HIT@20': '0.0925', 'NDCG@20': '0.0420'}
{'Epoch': 95, 'name': 'mid_freq', 'HIT@5': '0.0075', 'NDCG@5': '0.0051', 'HIT@10': '0.0101', 'NDCG@10': '0.0059', 'HIT@20': '0.0142', 'NDCG@20': '0.0070'}
{'Epoch': 95, 'name': 'low_freq', 'HIT@5': '0.0027', 'NDCG@5': '0.0016', 'HIT@10': '0.0038', 'NDCG@10': '0.0020', 'HIT@20': '0.0068', 'NDCG@20': '0.0028'}
{'Epoch': 95, 'name': 'all', 'HIT@5': '0.0300', 'NDCG@5': '0.0200', 'HIT@10': '0.0455', 'NDCG@10': '0.0250', 'HIT@20': '0.0665', 'NDCG@20': '0.0303'}
EarlyStopping counter: 14 out of 40
rec dataset length: 186
100%|█████████████████████████████████████████████████████████████████████████████████████████████████████████████████████████████████████████| 186/186 [01:08<00:00,  2.73it/s]
{'epoch': 96, 'rec_avg_loss': '0.4934', 'joint_avg_loss': '0.6370', 'cl_avg_loss': '1.4362', 'itemcl_loss': '0.0000', 'cl_pair_0_loss': '1.4362'}
Recommendation EP_test:96: 100%|| 35/35 [00:08<00:00,  4.16it/s]
{'Epoch': 96, 'name': 'high_freq', 'HIT@5': '0.0418', 'NDCG@5': '0.0284', 'HIT@10': '0.0621', 'NDCG@10': '0.0349', 'HIT@20': '0.0934', 'NDCG@20': '0.0428'}
{'Epoch': 96, 'name': 'mid_freq', 'HIT@5': '0.0076', 'NDCG@5': '0.0050', 'HIT@10': '0.0102', 'NDCG@10': '0.0058', 'HIT@20': '0.0148', 'NDCG@20': '0.0070'}
{'Epoch': 96, 'name': 'low_freq', 'HIT@5': '0.0025', 'NDCG@5': '0.0016', 'HIT@10': '0.0045', 'NDCG@10': '0.0022', 'HIT@20': '0.0072', 'NDCG@20': '0.0029'}
{'Epoch': 96, 'name': 'all', 'HIT@5': '0.0303', 'NDCG@5': '0.0205', 'HIT@10': '0.0448', 'NDCG@10': '0.0252', 'HIT@20': '0.0673', 'NDCG@20': '0.0308'}
EarlyStopping counter: 15 out of 40
rec dataset length: 186
100%|█████████████████████████████████████████████████████████████████████████████████████████████████████████████████████████████████████████| 186/186 [01:08<00:00,  2.73it/s]
{'epoch': 97, 'rec_avg_loss': '0.4906', 'joint_avg_loss': '0.6319', 'cl_avg_loss': '1.4133', 'itemcl_loss': '0.0000', 'cl_pair_0_loss': '1.4133'}
Recommendation EP_test:97: 100%|| 35/35 [00:08<00:00,  4.19it/s]
{'Epoch': 97, 'name': 'high_freq', 'HIT@5': '0.0424', 'NDCG@5': '0.0283', 'HIT@10': '0.0636', 'NDCG@10': '0.0351', 'HIT@20': '0.0941', 'NDCG@20': '0.0428'}
{'Epoch': 97, 'name': 'mid_freq', 'HIT@5': '0.0065', 'NDCG@5': '0.0045', 'HIT@10': '0.0098', 'NDCG@10': '0.0056', 'HIT@20': '0.0141', 'NDCG@20': '0.0066'}
{'Epoch': 97, 'name': 'low_freq', 'HIT@5': '0.0027', 'NDCG@5': '0.0015', 'HIT@10': '0.0052', 'NDCG@10': '0.0023', 'HIT@20': '0.0075', 'NDCG@20': '0.0028'}
{'Epoch': 97, 'name': 'all', 'HIT@5': '0.0305', 'NDCG@5': '0.0203', 'HIT@10': '0.0458', 'NDCG@10': '0.0252', 'HIT@20': '0.0677', 'NDCG@20': '0.0307'}
EarlyStopping counter: 16 out of 40
rec dataset length: 186
100%|█████████████████████████████████████████████████████████████████████████████████████████████████████████████████████████████████████████| 186/186 [01:07<00:00,  2.74it/s]
{'epoch': 98, 'rec_avg_loss': '0.4898', 'joint_avg_loss': '0.6313', 'cl_avg_loss': '1.4147', 'itemcl_loss': '0.0000', 'cl_pair_0_loss': '1.4147'}
Recommendation EP_test:98: 100%|| 35/35 [00:08<00:00,  4.08it/s]
{'Epoch': 98, 'name': 'high_freq', 'HIT@5': '0.0419', 'NDCG@5': '0.0278', 'HIT@10': '0.0638', 'NDCG@10': '0.0349', 'HIT@20': '0.0943', 'NDCG@20': '0.0426'}
{'Epoch': 98, 'name': 'mid_freq', 'HIT@5': '0.0068', 'NDCG@5': '0.0045', 'HIT@10': '0.0103', 'NDCG@10': '0.0057', 'HIT@20': '0.0141', 'NDCG@20': '0.0066'}
{'Epoch': 98, 'name': 'low_freq', 'HIT@5': '0.0025', 'NDCG@5': '0.0015', 'HIT@10': '0.0043', 'NDCG@10': '0.0021', 'HIT@20': '0.0063', 'NDCG@20': '0.0026'}
{'Epoch': 98, 'name': 'all', 'HIT@5': '0.0301', 'NDCG@5': '0.0200', 'HIT@10': '0.0459', 'NDCG@10': '0.0251', 'HIT@20': '0.0677', 'NDCG@20': '0.0306'}
EarlyStopping counter: 17 out of 40
rec dataset length: 186
100%|█████████████████████████████████████████████████████████████████████████████████████████████████████████████████████████████████████████| 186/186 [01:08<00:00,  2.73it/s]
{'epoch': 99, 'rec_avg_loss': '0.4929', 'joint_avg_loss': '0.6346', 'cl_avg_loss': '1.4174', 'itemcl_loss': '0.0000', 'cl_pair_0_loss': '1.4174'}
Recommendation EP_test:99: 100%|| 35/35 [00:08<00:00,  4.10it/s]
{'Epoch': 99, 'name': 'high_freq', 'HIT@5': '0.0408', 'NDCG@5': '0.0279', 'HIT@10': '0.0631', 'NDCG@10': '0.0351', 'HIT@20': '0.0941', 'NDCG@20': '0.0428'}
{'Epoch': 99, 'name': 'mid_freq', 'HIT@5': '0.0072', 'NDCG@5': '0.0049', 'HIT@10': '0.0098', 'NDCG@10': '0.0057', 'HIT@20': '0.0132', 'NDCG@20': '0.0066'}
{'Epoch': 99, 'name': 'low_freq', 'HIT@5': '0.0023', 'NDCG@5': '0.0015', 'HIT@10': '0.0048', 'NDCG@10': '0.0023', 'HIT@20': '0.0063', 'NDCG@20': '0.0027'}
{'Epoch': 99, 'name': 'all', 'HIT@5': '0.0294', 'NDCG@5': '0.0201', 'HIT@10': '0.0454', 'NDCG@10': '0.0253', 'HIT@20': '0.0674', 'NDCG@20': '0.0308'}
EarlyStopping counter: 18 out of 40
rec dataset length: 186
100%|█████████████████████████████████████████████████████████████████████████████████████████████████████████████████████████████████████████| 186/186 [01:08<00:00,  2.72it/s]
{'epoch': 100, 'rec_avg_loss': '0.4888', 'joint_avg_loss': '0.6293', 'cl_avg_loss': '1.4051', 'itemcl_loss': '0.0000', 'cl_pair_0_loss': '1.4051'}
Recommendation EP_test:100: 100%|| 35/35 [00:08<00:00,  4.08it/s]
{'Epoch': 100, 'name': 'high_freq', 'HIT@5': '0.0398', 'NDCG@5': '0.0271', 'HIT@10': '0.0629', 'NDCG@10': '0.0346', 'HIT@20': '0.0936', 'NDCG@20': '0.0423'}
{'Epoch': 100, 'name': 'mid_freq', 'HIT@5': '0.0075', 'NDCG@5': '0.0052', 'HIT@10': '0.0096', 'NDCG@10': '0.0059', 'HIT@20': '0.0135', 'NDCG@20': '0.0068'}
{'Epoch': 100, 'name': 'low_freq', 'HIT@5': '0.0023', 'NDCG@5': '0.0015', 'HIT@10': '0.0034', 'NDCG@10': '0.0019', 'HIT@20': '0.0066', 'NDCG@20': '0.0027'}
{'Epoch': 100, 'name': 'all', 'HIT@5': '0.0288', 'NDCG@5': '0.0197', 'HIT@10': '0.0451', 'NDCG@10': '0.0249', 'HIT@20': '0.0671', 'NDCG@20': '0.0304'}
EarlyStopping counter: 19 out of 40
rec dataset length: 186
100%|█████████████████████████████████████████████████████████████████████████████████████████████████████████████████████████████████████████| 186/186 [01:08<00:00,  2.73it/s]
{'epoch': 101, 'rec_avg_loss': '0.4884', 'joint_avg_loss': '0.6289', 'cl_avg_loss': '1.4048', 'itemcl_loss': '0.0000', 'cl_pair_0_loss': '1.4048'}
Recommendation EP_test:101: 100%|| 35/35 [00:08<00:00,  4.10it/s]
{'Epoch': 101, 'name': 'high_freq', 'HIT@5': '0.0405', 'NDCG@5': '0.0275', 'HIT@10': '0.0627', 'NDCG@10': '0.0347', 'HIT@20': '0.0932', 'NDCG@20': '0.0423'}
{'Epoch': 101, 'name': 'mid_freq', 'HIT@5': '0.0075', 'NDCG@5': '0.0052', 'HIT@10': '0.0102', 'NDCG@10': '0.0060', 'HIT@20': '0.0139', 'NDCG@20': '0.0070'}
{'Epoch': 101, 'name': 'low_freq', 'HIT@5': '0.0016', 'NDCG@5': '0.0011', 'HIT@10': '0.0041', 'NDCG@10': '0.0019', 'HIT@20': '0.0068', 'NDCG@20': '0.0026'}
{'Epoch': 101, 'name': 'all', 'HIT@5': '0.0292', 'NDCG@5': '0.0198', 'HIT@10': '0.0452', 'NDCG@10': '0.0250', 'HIT@20': '0.0670', 'NDCG@20': '0.0305'}
EarlyStopping counter: 20 out of 40
rec dataset length: 186
100%|█████████████████████████████████████████████████████████████████████████████████████████████████████████████████████████████████████████| 186/186 [01:08<00:00,  2.73it/s]
{'epoch': 102, 'rec_avg_loss': '0.4846', 'joint_avg_loss': '0.6256', 'cl_avg_loss': '1.4099', 'itemcl_loss': '0.0000', 'cl_pair_0_loss': '1.4099'}
Recommendation EP_test:102: 100%|| 35/35 [00:08<00:00,  4.20it/s]
{'Epoch': 102, 'name': 'high_freq', 'HIT@5': '0.0419', 'NDCG@5': '0.0276', 'HIT@10': '0.0636', 'NDCG@10': '0.0346', 'HIT@20': '0.0936', 'NDCG@20': '0.0422'}
{'Epoch': 102, 'name': 'mid_freq', 'HIT@5': '0.0072', 'NDCG@5': '0.0052', 'HIT@10': '0.0106', 'NDCG@10': '0.0063', 'HIT@20': '0.0131', 'NDCG@20': '0.0069'}
{'Epoch': 102, 'name': 'low_freq', 'HIT@5': '0.0023', 'NDCG@5': '0.0014', 'HIT@10': '0.0041', 'NDCG@10': '0.0020', 'HIT@20': '0.0066', 'NDCG@20': '0.0026'}
{'Epoch': 102, 'name': 'all', 'HIT@5': '0.0302', 'NDCG@5': '0.0200', 'HIT@10': '0.0458', 'NDCG@10': '0.0250', 'HIT@20': '0.0671', 'NDCG@20': '0.0304'}
EarlyStopping counter: 21 out of 40
rec dataset length: 186
100%|█████████████████████████████████████████████████████████████████████████████████████████████████████████████████████████████████████████| 186/186 [01:08<00:00,  2.73it/s]
{'epoch': 103, 'rec_avg_loss': '0.4828', 'joint_avg_loss': '0.6236', 'cl_avg_loss': '1.4078', 'itemcl_loss': '0.0000', 'cl_pair_0_loss': '1.4078'}
Recommendation EP_test:103: 100%|| 35/35 [00:08<00:00,  4.14it/s]
{'Epoch': 103, 'name': 'high_freq', 'HIT@5': '0.0410', 'NDCG@5': '0.0271', 'HIT@10': '0.0629', 'NDCG@10': '0.0342', 'HIT@20': '0.0943', 'NDCG@20': '0.0421'}
{'Epoch': 103, 'name': 'mid_freq', 'HIT@5': '0.0076', 'NDCG@5': '0.0050', 'HIT@10': '0.0099', 'NDCG@10': '0.0057', 'HIT@20': '0.0147', 'NDCG@20': '0.0069'}
{'Epoch': 103, 'name': 'low_freq', 'HIT@5': '0.0025', 'NDCG@5': '0.0015', 'HIT@10': '0.0045', 'NDCG@10': '0.0021', 'HIT@20': '0.0059', 'NDCG@20': '0.0024'}
{'Epoch': 103, 'name': 'all', 'HIT@5': '0.0297', 'NDCG@5': '0.0196', 'HIT@10': '0.0453', 'NDCG@10': '0.0247', 'HIT@20': '0.0678', 'NDCG@20': '0.0303'}
EarlyStopping counter: 22 out of 40
rec dataset length: 186
100%|█████████████████████████████████████████████████████████████████████████████████████████████████████████████████████████████████████████| 186/186 [01:07<00:00,  2.74it/s]
{'epoch': 104, 'rec_avg_loss': '0.4821', 'joint_avg_loss': '0.6226', 'cl_avg_loss': '1.4050', 'itemcl_loss': '0.0000', 'cl_pair_0_loss': '1.4050'}
Recommendation EP_test:104: 100%|| 35/35 [00:08<00:00,  3.99it/s]
{'Epoch': 104, 'name': 'high_freq', 'HIT@5': '0.0413', 'NDCG@5': '0.0275', 'HIT@10': '0.0644', 'NDCG@10': '0.0349', 'HIT@20': '0.0957', 'NDCG@20': '0.0428'}
{'Epoch': 104, 'name': 'mid_freq', 'HIT@5': '0.0070', 'NDCG@5': '0.0049', 'HIT@10': '0.0102', 'NDCG@10': '0.0059', 'HIT@20': '0.0147', 'NDCG@20': '0.0070'}
{'Epoch': 104, 'name': 'low_freq', 'HIT@5': '0.0032', 'NDCG@5': '0.0017', 'HIT@10': '0.0043', 'NDCG@10': '0.0021', 'HIT@20': '0.0063', 'NDCG@20': '0.0026'}
{'Epoch': 104, 'name': 'all', 'HIT@5': '0.0298', 'NDCG@5': '0.0199', 'HIT@10': '0.0463', 'NDCG@10': '0.0252', 'HIT@20': '0.0688', 'NDCG@20': '0.0308'}
EarlyStopping counter: 23 out of 40
rec dataset length: 186
100%|█████████████████████████████████████████████████████████████████████████████████████████████████████████████████████████████████████████| 186/186 [01:07<00:00,  2.74it/s]
{'epoch': 105, 'rec_avg_loss': '0.4825', 'joint_avg_loss': '0.6234', 'cl_avg_loss': '1.4094', 'itemcl_loss': '0.0000', 'cl_pair_0_loss': '1.4094'}
Recommendation EP_test:105: 100%|| 35/35 [00:08<00:00,  4.17it/s]
{'Epoch': 105, 'name': 'high_freq', 'HIT@5': '0.0425', 'NDCG@5': '0.0282', 'HIT@10': '0.0643', 'NDCG@10': '0.0352', 'HIT@20': '0.0948', 'NDCG@20': '0.0429'}
{'Epoch': 105, 'name': 'mid_freq', 'HIT@5': '0.0075', 'NDCG@5': '0.0050', 'HIT@10': '0.0103', 'NDCG@10': '0.0059', 'HIT@20': '0.0141', 'NDCG@20': '0.0069'}
{'Epoch': 105, 'name': 'low_freq', 'HIT@5': '0.0029', 'NDCG@5': '0.0017', 'HIT@10': '0.0050', 'NDCG@10': '0.0023', 'HIT@20': '0.0077', 'NDCG@20': '0.0030'}
{'Epoch': 105, 'name': 'all', 'HIT@5': '0.0307', 'NDCG@5': '0.0204', 'HIT@10': '0.0464', 'NDCG@10': '0.0254', 'HIT@20': '0.0682', 'NDCG@20': '0.0309'}
EarlyStopping counter: 24 out of 40
rec dataset length: 186
100%|█████████████████████████████████████████████████████████████████████████████████████████████████████████████████████████████████████████| 186/186 [01:08<00:00,  2.73it/s]
{'epoch': 106, 'rec_avg_loss': '0.4800', 'joint_avg_loss': '0.6193', 'cl_avg_loss': '1.3934', 'itemcl_loss': '0.0000', 'cl_pair_0_loss': '1.3934'}
Recommendation EP_test:106: 100%|| 35/35 [00:08<00:00,  4.17it/s]
{'Epoch': 106, 'name': 'high_freq', 'HIT@5': '0.0407', 'NDCG@5': '0.0273', 'HIT@10': '0.0632', 'NDCG@10': '0.0346', 'HIT@20': '0.0938', 'NDCG@20': '0.0422'}
{'Epoch': 106, 'name': 'mid_freq', 'HIT@5': '0.0072', 'NDCG@5': '0.0048', 'HIT@10': '0.0106', 'NDCG@10': '0.0059', 'HIT@20': '0.0142', 'NDCG@20': '0.0068'}
{'Epoch': 106, 'name': 'low_freq', 'HIT@5': '0.0029', 'NDCG@5': '0.0017', 'HIT@10': '0.0050', 'NDCG@10': '0.0023', 'HIT@20': '0.0072', 'NDCG@20': '0.0029'}
{'Epoch': 106, 'name': 'all', 'HIT@5': '0.0294', 'NDCG@5': '0.0197', 'HIT@10': '0.0457', 'NDCG@10': '0.0250', 'HIT@20': '0.0675', 'NDCG@20': '0.0304'}
EarlyStopping counter: 25 out of 40
rec dataset length: 186
100%|█████████████████████████████████████████████████████████████████████████████████████████████████████████████████████████████████████████| 186/186 [01:07<00:00,  2.74it/s]
{'epoch': 107, 'rec_avg_loss': '0.4767', 'joint_avg_loss': '0.6161', 'cl_avg_loss': '1.3945', 'itemcl_loss': '0.0000', 'cl_pair_0_loss': '1.3945'}
Recommendation EP_test:107: 100%|| 35/35 [00:08<00:00,  4.13it/s]
{'Epoch': 107, 'name': 'high_freq', 'HIT@5': '0.0420', 'NDCG@5': '0.0275', 'HIT@10': '0.0634', 'NDCG@10': '0.0344', 'HIT@20': '0.0948', 'NDCG@20': '0.0422'}
{'Epoch': 107, 'name': 'mid_freq', 'HIT@5': '0.0072', 'NDCG@5': '0.0050', 'HIT@10': '0.0096', 'NDCG@10': '0.0058', 'HIT@20': '0.0142', 'NDCG@20': '0.0070'}
{'Epoch': 107, 'name': 'low_freq', 'HIT@5': '0.0027', 'NDCG@5': '0.0018', 'HIT@10': '0.0048', 'NDCG@10': '0.0025', 'HIT@20': '0.0077', 'NDCG@20': '0.0032'}
{'Epoch': 107, 'name': 'all', 'HIT@5': '0.0303', 'NDCG@5': '0.0199', 'HIT@10': '0.0456', 'NDCG@10': '0.0248', 'HIT@20': '0.0682', 'NDCG@20': '0.0305'}
EarlyStopping counter: 26 out of 40
rec dataset length: 186
100%|█████████████████████████████████████████████████████████████████████████████████████████████████████████████████████████████████████████| 186/186 [01:08<00:00,  2.73it/s]
{'epoch': 108, 'rec_avg_loss': '0.4785', 'joint_avg_loss': '0.6177', 'cl_avg_loss': '1.3921', 'itemcl_loss': '0.0000', 'cl_pair_0_loss': '1.3921'}
Recommendation EP_test:108: 100%|| 35/35 [00:08<00:00,  4.06it/s]
{'Epoch': 108, 'name': 'high_freq', 'HIT@5': '0.0408', 'NDCG@5': '0.0272', 'HIT@10': '0.0633', 'NDCG@10': '0.0344', 'HIT@20': '0.0931', 'NDCG@20': '0.0419'}
{'Epoch': 108, 'name': 'mid_freq', 'HIT@5': '0.0066', 'NDCG@5': '0.0047', 'HIT@10': '0.0101', 'NDCG@10': '0.0058', 'HIT@20': '0.0148', 'NDCG@20': '0.0070'}
{'Epoch': 108, 'name': 'low_freq', 'HIT@5': '0.0029', 'NDCG@5': '0.0019', 'HIT@10': '0.0048', 'NDCG@10': '0.0025', 'HIT@20': '0.0070', 'NDCG@20': '0.0030'}
{'Epoch': 108, 'name': 'all', 'HIT@5': '0.0294', 'NDCG@5': '0.0196', 'HIT@10': '0.0456', 'NDCG@10': '0.0248', 'HIT@20': '0.0671', 'NDCG@20': '0.0302'}
EarlyStopping counter: 27 out of 40
rec dataset length: 186
100%|█████████████████████████████████████████████████████████████████████████████████████████████████████████████████████████████████████████| 186/186 [01:08<00:00,  2.73it/s]
{'epoch': 109, 'rec_avg_loss': '0.4741', 'joint_avg_loss': '0.6131', 'cl_avg_loss': '1.3905', 'itemcl_loss': '0.0000', 'cl_pair_0_loss': '1.3905'}
Recommendation EP_test:109: 100%|| 35/35 [00:08<00:00,  4.15it/s]
{'Epoch': 109, 'name': 'high_freq', 'HIT@5': '0.0408', 'NDCG@5': '0.0277', 'HIT@10': '0.0625', 'NDCG@10': '0.0347', 'HIT@20': '0.0934', 'NDCG@20': '0.0425'}
{'Epoch': 109, 'name': 'mid_freq', 'HIT@5': '0.0076', 'NDCG@5': '0.0055', 'HIT@10': '0.0103', 'NDCG@10': '0.0064', 'HIT@20': '0.0139', 'NDCG@20': '0.0073'}
{'Epoch': 109, 'name': 'low_freq', 'HIT@5': '0.0032', 'NDCG@5': '0.0018', 'HIT@10': '0.0052', 'NDCG@10': '0.0024', 'HIT@20': '0.0077', 'NDCG@20': '0.0031'}
{'Epoch': 109, 'name': 'all', 'HIT@5': '0.0296', 'NDCG@5': '0.0202', 'HIT@10': '0.0452', 'NDCG@10': '0.0252', 'HIT@20': '0.0672', 'NDCG@20': '0.0307'}
EarlyStopping counter: 28 out of 40
rec dataset length: 186
100%|█████████████████████████████████████████████████████████████████████████████████████████████████████████████████████████████████████████| 186/186 [01:07<00:00,  2.74it/s]
{'epoch': 110, 'rec_avg_loss': '0.4744', 'joint_avg_loss': '0.6131', 'cl_avg_loss': '1.3872', 'itemcl_loss': '0.0000', 'cl_pair_0_loss': '1.3872'}
Recommendation EP_test:110: 100%|| 35/35 [00:08<00:00,  4.14it/s]
{'Epoch': 110, 'name': 'high_freq', 'HIT@5': '0.0409', 'NDCG@5': '0.0274', 'HIT@10': '0.0631', 'NDCG@10': '0.0345', 'HIT@20': '0.0943', 'NDCG@20': '0.0424'}
{'Epoch': 110, 'name': 'mid_freq', 'HIT@5': '0.0075', 'NDCG@5': '0.0052', 'HIT@10': '0.0109', 'NDCG@10': '0.0063', 'HIT@20': '0.0145', 'NDCG@20': '0.0072'}
{'Epoch': 110, 'name': 'low_freq', 'HIT@5': '0.0029', 'NDCG@5': '0.0018', 'HIT@10': '0.0052', 'NDCG@10': '0.0024', 'HIT@20': '0.0066', 'NDCG@20': '0.0028'}
{'Epoch': 110, 'name': 'all', 'HIT@5': '0.0297', 'NDCG@5': '0.0199', 'HIT@10': '0.0457', 'NDCG@10': '0.0250', 'HIT@20': '0.0678', 'NDCG@20': '0.0306'}
EarlyStopping counter: 29 out of 40
rec dataset length: 186
100%|█████████████████████████████████████████████████████████████████████████████████████████████████████████████████████████████████████████| 186/186 [01:08<00:00,  2.73it/s]
{'epoch': 111, 'rec_avg_loss': '0.4737', 'joint_avg_loss': '0.6130', 'cl_avg_loss': '1.3929', 'itemcl_loss': '0.0000', 'cl_pair_0_loss': '1.3929'}
Recommendation EP_test:111: 100%|| 35/35 [00:08<00:00,  4.06it/s]
{'Epoch': 111, 'name': 'high_freq', 'HIT@5': '0.0416', 'NDCG@5': '0.0281', 'HIT@10': '0.0629', 'NDCG@10': '0.0349', 'HIT@20': '0.0933', 'NDCG@20': '0.0426'}
{'Epoch': 111, 'name': 'mid_freq', 'HIT@5': '0.0075', 'NDCG@5': '0.0052', 'HIT@10': '0.0108', 'NDCG@10': '0.0063', 'HIT@20': '0.0144', 'NDCG@20': '0.0072'}
{'Epoch': 111, 'name': 'low_freq', 'HIT@5': '0.0020', 'NDCG@5': '0.0014', 'HIT@10': '0.0043', 'NDCG@10': '0.0020', 'HIT@20': '0.0070', 'NDCG@20': '0.0027'}
{'Epoch': 111, 'name': 'all', 'HIT@5': '0.0300', 'NDCG@5': '0.0203', 'HIT@10': '0.0455', 'NDCG@10': '0.0253', 'HIT@20': '0.0671', 'NDCG@20': '0.0307'}
EarlyStopping counter: 30 out of 40
rec dataset length: 186
100%|█████████████████████████████████████████████████████████████████████████████████████████████████████████████████████████████████████████| 186/186 [01:08<00:00,  2.73it/s]
{'epoch': 112, 'rec_avg_loss': '0.4735', 'joint_avg_loss': '0.6116', 'cl_avg_loss': '1.3808', 'itemcl_loss': '0.0000', 'cl_pair_0_loss': '1.3808'}
Recommendation EP_test:112: 100%|| 35/35 [00:08<00:00,  4.05it/s]
{'Epoch': 112, 'name': 'high_freq', 'HIT@5': '0.0409', 'NDCG@5': '0.0270', 'HIT@10': '0.0629', 'NDCG@10': '0.0340', 'HIT@20': '0.0933', 'NDCG@20': '0.0417'}
{'Epoch': 112, 'name': 'mid_freq', 'HIT@5': '0.0085', 'NDCG@5': '0.0059', 'HIT@10': '0.0106', 'NDCG@10': '0.0065', 'HIT@20': '0.0149', 'NDCG@20': '0.0076'}
{'Epoch': 112, 'name': 'low_freq', 'HIT@5': '0.0029', 'NDCG@5': '0.0018', 'HIT@10': '0.0048', 'NDCG@10': '0.0024', 'HIT@20': '0.0075', 'NDCG@20': '0.0030'}
{'Epoch': 112, 'name': 'all', 'HIT@5': '0.0299', 'NDCG@5': '0.0197', 'HIT@10': '0.0455', 'NDCG@10': '0.0247', 'HIT@20': '0.0673', 'NDCG@20': '0.0302'}
EarlyStopping counter: 31 out of 40
rec dataset length: 186
100%|█████████████████████████████████████████████████████████████████████████████████████████████████████████████████████████████████████████| 186/186 [01:08<00:00,  2.72it/s]
{'epoch': 113, 'rec_avg_loss': '0.4727', 'joint_avg_loss': '0.6117', 'cl_avg_loss': '1.3895', 'itemcl_loss': '0.0000', 'cl_pair_0_loss': '1.3895'}
Recommendation EP_test:113: 100%|| 35/35 [00:08<00:00,  4.21it/s]
{'Epoch': 113, 'name': 'high_freq', 'HIT@5': '0.0413', 'NDCG@5': '0.0281', 'HIT@10': '0.0622', 'NDCG@10': '0.0348', 'HIT@20': '0.0945', 'NDCG@20': '0.0429'}
{'Epoch': 113, 'name': 'mid_freq', 'HIT@5': '0.0075', 'NDCG@5': '0.0052', 'HIT@10': '0.0105', 'NDCG@10': '0.0062', 'HIT@20': '0.0139', 'NDCG@20': '0.0070'}
{'Epoch': 113, 'name': 'low_freq', 'HIT@5': '0.0034', 'NDCG@5': '0.0020', 'HIT@10': '0.0050', 'NDCG@10': '0.0025', 'HIT@20': '0.0075', 'NDCG@20': '0.0031'}
{'Epoch': 113, 'name': 'all', 'HIT@5': '0.0300', 'NDCG@5': '0.0204', 'HIT@10': '0.0450', 'NDCG@10': '0.0252', 'HIT@20': '0.0679', 'NDCG@20': '0.0310'}
EarlyStopping counter: 32 out of 40
rec dataset length: 186
100%|█████████████████████████████████████████████████████████████████████████████████████████████████████████████████████████████████████████| 186/186 [01:07<00:00,  2.74it/s]
{'epoch': 114, 'rec_avg_loss': '0.4711', 'joint_avg_loss': '0.6092', 'cl_avg_loss': '1.3811', 'itemcl_loss': '0.0000', 'cl_pair_0_loss': '1.3811'}
Recommendation EP_test:114: 100%|| 35/35 [00:08<00:00,  4.10it/s]
{'Epoch': 114, 'name': 'high_freq', 'HIT@5': '0.0402', 'NDCG@5': '0.0274', 'HIT@10': '0.0612', 'NDCG@10': '0.0341', 'HIT@20': '0.0932', 'NDCG@20': '0.0422'}
{'Epoch': 114, 'name': 'mid_freq', 'HIT@5': '0.0075', 'NDCG@5': '0.0054', 'HIT@10': '0.0108', 'NDCG@10': '0.0065', 'HIT@20': '0.0154', 'NDCG@20': '0.0077'}
{'Epoch': 114, 'name': 'low_freq', 'HIT@5': '0.0041', 'NDCG@5': '0.0023', 'HIT@10': '0.0059', 'NDCG@10': '0.0028', 'HIT@20': '0.0072', 'NDCG@20': '0.0032'}
{'Epoch': 114, 'name': 'all', 'HIT@5': '0.0293', 'NDCG@5': '0.0200', 'HIT@10': '0.0444', 'NDCG@10': '0.0248', 'HIT@20': '0.0673', 'NDCG@20': '0.0306'}
EarlyStopping counter: 33 out of 40
rec dataset length: 186
100%|█████████████████████████████████████████████████████████████████████████████████████████████████████████████████████████████████████████| 186/186 [01:08<00:00,  2.73it/s]
{'epoch': 115, 'rec_avg_loss': '0.4695', 'joint_avg_loss': '0.6077', 'cl_avg_loss': '1.3827', 'itemcl_loss': '0.0000', 'cl_pair_0_loss': '1.3827'}
Recommendation EP_test:115: 100%|| 35/35 [00:08<00:00,  4.12it/s]
{'Epoch': 115, 'name': 'high_freq', 'HIT@5': '0.0404', 'NDCG@5': '0.0271', 'HIT@10': '0.0632', 'NDCG@10': '0.0344', 'HIT@20': '0.0941', 'NDCG@20': '0.0422'}
{'Epoch': 115, 'name': 'mid_freq', 'HIT@5': '0.0069', 'NDCG@5': '0.0050', 'HIT@10': '0.0105', 'NDCG@10': '0.0061', 'HIT@20': '0.0136', 'NDCG@20': '0.0069'}
{'Epoch': 115, 'name': 'low_freq', 'HIT@5': '0.0034', 'NDCG@5': '0.0019', 'HIT@10': '0.0050', 'NDCG@10': '0.0024', 'HIT@20': '0.0066', 'NDCG@20': '0.0028'}
{'Epoch': 115, 'name': 'all', 'HIT@5': '0.0292', 'NDCG@5': '0.0196', 'HIT@10': '0.0457', 'NDCG@10': '0.0249', 'HIT@20': '0.0675', 'NDCG@20': '0.0304'}
EarlyStopping counter: 34 out of 40
rec dataset length: 186
100%|█████████████████████████████████████████████████████████████████████████████████████████████████████████████████████████████████████████| 186/186 [01:08<00:00,  2.73it/s]
{'epoch': 116, 'rec_avg_loss': '0.4678', 'joint_avg_loss': '0.6055', 'cl_avg_loss': '1.3768', 'itemcl_loss': '0.0000', 'cl_pair_0_loss': '1.3768'}
Recommendation EP_test:116: 100%|| 35/35 [00:08<00:00,  4.11it/s]
{'Epoch': 116, 'name': 'high_freq', 'HIT@5': '0.0410', 'NDCG@5': '0.0271', 'HIT@10': '0.0634', 'NDCG@10': '0.0343', 'HIT@20': '0.0941', 'NDCG@20': '0.0420'}
{'Epoch': 116, 'name': 'mid_freq', 'HIT@5': '0.0073', 'NDCG@5': '0.0052', 'HIT@10': '0.0099', 'NDCG@10': '0.0060', 'HIT@20': '0.0152', 'NDCG@20': '0.0074'}
{'Epoch': 116, 'name': 'low_freq', 'HIT@5': '0.0036', 'NDCG@5': '0.0021', 'HIT@10': '0.0061', 'NDCG@10': '0.0029', 'HIT@20': '0.0075', 'NDCG@20': '0.0032'}
{'Epoch': 116, 'name': 'all', 'HIT@5': '0.0298', 'NDCG@5': '0.0197', 'HIT@10': '0.0458', 'NDCG@10': '0.0249', 'HIT@20': '0.0680', 'NDCG@20': '0.0304'}
EarlyStopping counter: 35 out of 40
rec dataset length: 186
100%|█████████████████████████████████████████████████████████████████████████████████████████████████████████████████████████████████████████| 186/186 [01:08<00:00,  2.73it/s]
{'epoch': 117, 'rec_avg_loss': '0.4680', 'joint_avg_loss': '0.6061', 'cl_avg_loss': '1.3811', 'itemcl_loss': '0.0000', 'cl_pair_0_loss': '1.3811'}
Recommendation EP_test:117: 100%|| 35/35 [00:08<00:00,  4.11it/s]
{'Epoch': 117, 'name': 'high_freq', 'HIT@5': '0.0404', 'NDCG@5': '0.0267', 'HIT@10': '0.0631', 'NDCG@10': '0.0340', 'HIT@20': '0.0945', 'NDCG@20': '0.0419'}
{'Epoch': 117, 'name': 'mid_freq', 'HIT@5': '0.0072', 'NDCG@5': '0.0051', 'HIT@10': '0.0108', 'NDCG@10': '0.0063', 'HIT@20': '0.0155', 'NDCG@20': '0.0074'}
{'Epoch': 117, 'name': 'low_freq', 'HIT@5': '0.0038', 'NDCG@5': '0.0023', 'HIT@10': '0.0063', 'NDCG@10': '0.0031', 'HIT@20': '0.0077', 'NDCG@20': '0.0035'}
{'Epoch': 117, 'name': 'all', 'HIT@5': '0.0294', 'NDCG@5': '0.0195', 'HIT@10': '0.0458', 'NDCG@10': '0.0247', 'HIT@20': '0.0683', 'NDCG@20': '0.0304'}
EarlyStopping counter: 36 out of 40
rec dataset length: 186
100%|█████████████████████████████████████████████████████████████████████████████████████████████████████████████████████████████████████████| 186/186 [01:08<00:00,  2.74it/s]
{'epoch': 118, 'rec_avg_loss': '0.4679', 'joint_avg_loss': '0.6048', 'cl_avg_loss': '1.3688', 'itemcl_loss': '0.0000', 'cl_pair_0_loss': '1.3688'}
Recommendation EP_test:118: 100%|| 35/35 [00:08<00:00,  4.04it/s]
{'Epoch': 118, 'name': 'high_freq', 'HIT@5': '0.0415', 'NDCG@5': '0.0274', 'HIT@10': '0.0644', 'NDCG@10': '0.0348', 'HIT@20': '0.0943', 'NDCG@20': '0.0423'}
{'Epoch': 118, 'name': 'mid_freq', 'HIT@5': '0.0070', 'NDCG@5': '0.0049', 'HIT@10': '0.0111', 'NDCG@10': '0.0062', 'HIT@20': '0.0145', 'NDCG@20': '0.0071'}
{'Epoch': 118, 'name': 'low_freq', 'HIT@5': '0.0041', 'NDCG@5': '0.0024', 'HIT@10': '0.0054', 'NDCG@10': '0.0029', 'HIT@20': '0.0075', 'NDCG@20': '0.0034'}
{'Epoch': 118, 'name': 'all', 'HIT@5': '0.0301', 'NDCG@5': '0.0199', 'HIT@10': '0.0467', 'NDCG@10': '0.0252', 'HIT@20': '0.0679', 'NDCG@20': '0.0306'}
EarlyStopping counter: 37 out of 40
rec dataset length: 186
100%|█████████████████████████████████████████████████████████████████████████████████████████████████████████████████████████████████████████| 186/186 [01:07<00:00,  2.75it/s]
{'epoch': 119, 'rec_avg_loss': '0.4669', 'joint_avg_loss': '0.6041', 'cl_avg_loss': '1.3717', 'itemcl_loss': '0.0000', 'cl_pair_0_loss': '1.3717'}
Recommendation EP_test:119: 100%|| 35/35 [00:08<00:00,  4.21it/s]
{'Epoch': 119, 'name': 'high_freq', 'HIT@5': '0.0403', 'NDCG@5': '0.0269', 'HIT@10': '0.0639', 'NDCG@10': '0.0344', 'HIT@20': '0.0945', 'NDCG@20': '0.0421'}
{'Epoch': 119, 'name': 'mid_freq', 'HIT@5': '0.0078', 'NDCG@5': '0.0056', 'HIT@10': '0.0106', 'NDCG@10': '0.0065', 'HIT@20': '0.0148', 'NDCG@20': '0.0075'}
{'Epoch': 119, 'name': 'low_freq', 'HIT@5': '0.0038', 'NDCG@5': '0.0023', 'HIT@10': '0.0054', 'NDCG@10': '0.0028', 'HIT@20': '0.0075', 'NDCG@20': '0.0033'}
{'Epoch': 119, 'name': 'all', 'HIT@5': '0.0294', 'NDCG@5': '0.0196', 'HIT@10': '0.0462', 'NDCG@10': '0.0250', 'HIT@20': '0.0681', 'NDCG@20': '0.0305'}
EarlyStopping counter: 38 out of 40
rec dataset length: 186
100%|█████████████████████████████████████████████████████████████████████████████████████████████████████████████████████████████████████████| 186/186 [01:08<00:00,  2.73it/s]
{'epoch': 120, 'rec_avg_loss': '0.4659', 'joint_avg_loss': '0.6028', 'cl_avg_loss': '1.3688', 'itemcl_loss': '0.0000', 'cl_pair_0_loss': '1.3688'}
Recommendation EP_test:120: 100%|| 35/35 [00:08<00:00,  4.09it/s]
{'Epoch': 120, 'name': 'high_freq', 'HIT@5': '0.0394', 'NDCG@5': '0.0267', 'HIT@10': '0.0624', 'NDCG@10': '0.0340', 'HIT@20': '0.0939', 'NDCG@20': '0.0420'}
{'Epoch': 120, 'name': 'mid_freq', 'HIT@5': '0.0078', 'NDCG@5': '0.0055', 'HIT@10': '0.0108', 'NDCG@10': '0.0065', 'HIT@20': '0.0149', 'NDCG@20': '0.0075'}
{'Epoch': 120, 'name': 'low_freq', 'HIT@5': '0.0025', 'NDCG@5': '0.0016', 'HIT@10': '0.0059', 'NDCG@10': '0.0027', 'HIT@20': '0.0075', 'NDCG@20': '0.0031'}
{'Epoch': 120, 'name': 'all', 'HIT@5': '0.0286', 'NDCG@5': '0.0194', 'HIT@10': '0.0453', 'NDCG@10': '0.0248', 'HIT@20': '0.0677', 'NDCG@20': '0.0304'}
EarlyStopping counter: 39 out of 40
rec dataset length: 186
100%|█████████████████████████████████████████████████████████████████████████████████████████████████████████████████████████████████████████| 186/186 [01:08<00:00,  2.73it/s]
{'epoch': 121, 'rec_avg_loss': '0.4638', 'joint_avg_loss': '0.6008', 'cl_avg_loss': '1.3703', 'itemcl_loss': '0.0000', 'cl_pair_0_loss': '1.3703'}
Recommendation EP_test:121: 100%|| 35/35 [00:08<00:00,  4.14it/s]
{'Epoch': 121, 'name': 'high_freq', 'HIT@5': '0.0388', 'NDCG@5': '0.0265', 'HIT@10': '0.0627', 'NDCG@10': '0.0342', 'HIT@20': '0.0931', 'NDCG@20': '0.0419'}
{'Epoch': 121, 'name': 'mid_freq', 'HIT@5': '0.0075', 'NDCG@5': '0.0051', 'HIT@10': '0.0105', 'NDCG@10': '0.0060', 'HIT@20': '0.0149', 'NDCG@20': '0.0072'}
{'Epoch': 121, 'name': 'low_freq', 'HIT@5': '0.0036', 'NDCG@5': '0.0022', 'HIT@10': '0.0063', 'NDCG@10': '0.0030', 'HIT@20': '0.0079', 'NDCG@20': '0.0034'}
{'Epoch': 121, 'name': 'all', 'HIT@5': '0.0283', 'NDCG@5': '0.0193', 'HIT@10': '0.0455', 'NDCG@10': '0.0248', 'HIT@20': '0.0672', 'NDCG@20': '0.0303'}
EarlyStopping counter: 40 out of 40
Early stopping
---------------Change to test_rating_matrix!-------------------
Recommendation EP_test:122: 100%|| 35/35 [00:08<00:00,  4.08it/s]
{'Epoch': 122, 'name': 'high_freq', 'HIT@5': '0.0343', 'NDCG@5': '0.0229', 'HIT@10': '0.0524', 'NDCG@10': '0.0287', 'HIT@20': '0.0775', 'NDCG@20': '0.0350'}
{'Epoch': 122, 'name': 'mid_freq', 'HIT@5': '0.0055', 'NDCG@5': '0.0037', 'HIT@10': '0.0087', 'NDCG@10': '0.0047', 'HIT@20': '0.0119', 'NDCG@20': '0.0055'}
{'Epoch': 122, 'name': 'low_freq', 'HIT@5': '0.0035', 'NDCG@5': '0.0019', 'HIT@10': '0.0048', 'NDCG@10': '0.0023', 'HIT@20': '0.0075', 'NDCG@20': '0.0030'}
{'Epoch': 122, 'name': 'all', 'HIT@5': '0.0234', 'NDCG@5': '0.0155', 'HIT@10': '0.0357', 'NDCG@10': '0.0195', 'HIT@20': '0.0526', 'NDCG@20': '0.0237'}
CoSeRec-Sports_and_Outdoors-single_cl_substitute_1024
{'Epoch': 122, 'name': 'all', 'HIT@5': '0.0234', 'NDCG@5': '0.0155', 'HIT@10': '0.0357', 'NDCG@10': '0.0195', 'HIT@20': '0.0526', 'NDCG@20': '0.0237'}
