Using Cuda: True
(18359, 18359)
--------------------Configure Info:------------
data_dir                       :                             ./data/
output_dir                     :                             output/
data_name                      :                 Sports_and_Outdoors
do_eval                        :                                   0
model_idx                      :              single_cl_reorder_1024
gpu_id                         :                                   0
noise_ratio                    :                                 0.0
training_data_ratio            :                                 1.0
augment_threshold              :                                   4
similarity_model_name          :                          ItemCF_IUF
augmentation_warm_up_epoches   :                                 160
base_augment_type              :                             reorder
augment_type_for_short         :                                 SIM
tao                            :                                 0.2
gamma                          :                                 0.7
beta                           :                                 0.2
substitute_rate                :                                 0.1
insert_rate                    :                                 0.4
max_insert_num_per_pos         :                                   1
temperature                    :                                 1.0
n_views                        :                                   2
model_name                     :                             CoSeRec
hidden_size                    :                                  64
num_hidden_layers              :                                   2
num_attention_heads            :                                   2
hidden_act                     :                                gelu
attention_probs_dropout_prob   :                                 0.5
hidden_dropout_prob            :                                 0.5
initializer_range              :                                0.02
max_seq_length                 :                                  50
lr                             :                               0.001
batch_size                     :                                1024
epochs                         :                                 300
no_cuda                        :                                   0
log_freq                       :                                   1
seed                           :                                   1
cf_weight                      :                                 0.1
rec_weight                     :                                 1.0
weight_decay                   :                                 0.0
adam_beta1                     :                                 0.9
adam_beta2                     :                               0.999
cl                             :                                   1
multi_neg                      :                                   0
use_freq                       :                                   0
cuda_condition                 :                                   1
data_file                      :      ./data/Sports_and_Outdoors.txt
item_size                      :                               18359
mask_id                        :                               18358
log_file                       : output/CoSeRec-Sports_and_Outdoors-single_cl_reorder_1024.txt
Similarity Model Type: offline
short sequence augment type: SIM
Augmentation methods for Long sequences: 5
Augmentation methods for short sequences: 3
Creating Contrastive Learning Dataset using 'reorder' data augmentation
Similarity Model Type: offline
short sequence augment type: SIM
Augmentation methods for Long sequences: 5
Augmentation methods for short sequences: 3
Creating Contrastive Learning Dataset using 'reorder' data augmentation
Similarity Model Type: offline
short sequence augment type: SIM
Augmentation methods for Long sequences: 5
Augmentation methods for short sequences: 3
Creating Contrastive Learning Dataset using 'reorder' data augmentation
Total Parameters: 1278464
self.cf_criterion: NCELoss
Train CoSeRec
rec dataset length: 186
100%|██████████████████████████████████████████████████████████████████████████████████████████████████████████████████████████████████████████████████████████| 186/186 [00:48<00:00,  3.85it/s]
{'epoch': 0, 'rec_avg_loss': '1.3790', 'joint_avg_loss': '1.6190', 'cl_avg_loss': '2.3997', 'itemcl_loss': '0.0000', 'cl_pair_0_loss': '2.3997'}
Recommendation EP_test:0: 100%|| 35/35 [00:09<00:00,  3.78it/s]
{'Epoch': 0, 'name': 'high_freq', 'HIT@5': '0.0074', 'NDCG@5': '0.0051', 'HIT@10': '0.0106', 'NDCG@10': '0.0062', 'HIT@20': '0.0151', 'NDCG@20': '0.0073'}
{'Epoch': 0, 'name': 'mid_freq', 'HIT@5': '0.0001', 'NDCG@5': '0.0001', 'HIT@10': '0.0004', 'NDCG@10': '0.0002', 'HIT@20': '0.0006', 'NDCG@20': '0.0002'}
{'Epoch': 0, 'name': 'low_freq', 'HIT@5': '0.0000', 'NDCG@5': '0.0000', 'HIT@10': '0.0002', 'NDCG@10': '0.0001', 'HIT@20': '0.0002', 'NDCG@20': '0.0001'}
{'Epoch': 0, 'name': 'all', 'HIT@5': '0.0051', 'NDCG@5': '0.0035', 'HIT@10': '0.0073', 'NDCG@10': '0.0042', 'HIT@20': '0.0104', 'NDCG@20': '0.0050'}
Validation score increased.  Saving model ...
rec dataset length: 186
100%|██████████████████████████████████████████████████████████████████████████████████████████████████████████████████████████████████████████████████████████| 186/186 [00:47<00:00,  3.92it/s]
{'epoch': 1, 'rec_avg_loss': '1.3226', 'joint_avg_loss': '1.4787', 'cl_avg_loss': '1.5608', 'itemcl_loss': '0.0000', 'cl_pair_0_loss': '1.5608'}
Recommendation EP_test:1: 100%|| 35/35 [00:08<00:00,  3.91it/s]
{'Epoch': 1, 'name': 'high_freq', 'HIT@5': '0.0111', 'NDCG@5': '0.0071', 'HIT@10': '0.0179', 'NDCG@10': '0.0093', 'HIT@20': '0.0301', 'NDCG@20': '0.0124'}
{'Epoch': 1, 'name': 'mid_freq', 'HIT@5': '0.0000', 'NDCG@5': '0.0000', 'HIT@10': '0.0001', 'NDCG@10': '0.0000', 'HIT@20': '0.0003', 'NDCG@20': '0.0001'}
{'Epoch': 1, 'name': 'low_freq', 'HIT@5': '0.0000', 'NDCG@5': '0.0000', 'HIT@10': '0.0000', 'NDCG@10': '0.0000', 'HIT@20': '0.0000', 'NDCG@20': '0.0000'}
{'Epoch': 1, 'name': 'all', 'HIT@5': '0.0075', 'NDCG@5': '0.0048', 'HIT@10': '0.0122', 'NDCG@10': '0.0063', 'HIT@20': '0.0206', 'NDCG@20': '0.0084'}
Validation score increased.  Saving model ...
rec dataset length: 186
100%|██████████████████████████████████████████████████████████████████████████████████████████████████████████████████████████████████████████████████████████| 186/186 [00:48<00:00,  3.87it/s]
{'epoch': 2, 'rec_avg_loss': '1.2527', 'joint_avg_loss': '1.3990', 'cl_avg_loss': '1.4631', 'itemcl_loss': '0.0000', 'cl_pair_0_loss': '1.4631'}
Recommendation EP_test:2: 100%|| 35/35 [00:08<00:00,  3.99it/s]
{'Epoch': 2, 'name': 'high_freq', 'HIT@5': '0.0127', 'NDCG@5': '0.0080', 'HIT@10': '0.0215', 'NDCG@10': '0.0108', 'HIT@20': '0.0361', 'NDCG@20': '0.0144'}
{'Epoch': 2, 'name': 'mid_freq', 'HIT@5': '0.0000', 'NDCG@5': '0.0000', 'HIT@10': '0.0000', 'NDCG@10': '0.0000', 'HIT@20': '0.0000', 'NDCG@20': '0.0000'}
{'Epoch': 2, 'name': 'low_freq', 'HIT@5': '0.0000', 'NDCG@5': '0.0000', 'HIT@10': '0.0000', 'NDCG@10': '0.0000', 'HIT@20': '0.0000', 'NDCG@20': '0.0000'}
{'Epoch': 2, 'name': 'all', 'HIT@5': '0.0087', 'NDCG@5': '0.0054', 'HIT@10': '0.0146', 'NDCG@10': '0.0073', 'HIT@20': '0.0246', 'NDCG@20': '0.0098'}
Validation score increased.  Saving model ...
rec dataset length: 186
100%|██████████████████████████████████████████████████████████████████████████████████████████████████████████████████████████████████████████████████████████| 186/186 [00:48<00:00,  3.85it/s]
{'epoch': 3, 'rec_avg_loss': '1.1795', 'joint_avg_loss': '1.3281', 'cl_avg_loss': '1.4863', 'itemcl_loss': '0.0000', 'cl_pair_0_loss': '1.4863'}
Recommendation EP_test:3: 100%|| 35/35 [00:08<00:00,  3.93it/s]
{'Epoch': 3, 'name': 'high_freq', 'HIT@5': '0.0132', 'NDCG@5': '0.0082', 'HIT@10': '0.0210', 'NDCG@10': '0.0107', 'HIT@20': '0.0356', 'NDCG@20': '0.0143'}
{'Epoch': 3, 'name': 'mid_freq', 'HIT@5': '0.0000', 'NDCG@5': '0.0000', 'HIT@10': '0.0000', 'NDCG@10': '0.0000', 'HIT@20': '0.0000', 'NDCG@20': '0.0000'}
{'Epoch': 3, 'name': 'low_freq', 'HIT@5': '0.0000', 'NDCG@5': '0.0000', 'HIT@10': '0.0000', 'NDCG@10': '0.0000', 'HIT@20': '0.0000', 'NDCG@20': '0.0000'}
{'Epoch': 3, 'name': 'all', 'HIT@5': '0.0090', 'NDCG@5': '0.0056', 'HIT@10': '0.0143', 'NDCG@10': '0.0073', 'HIT@20': '0.0242', 'NDCG@20': '0.0097'}
EarlyStopping counter: 1 out of 40
rec dataset length: 186
100%|██████████████████████████████████████████████████████████████████████████████████████████████████████████████████████████████████████████████████████████| 186/186 [00:48<00:00,  3.83it/s]
{'epoch': 4, 'rec_avg_loss': '1.1401', 'joint_avg_loss': '1.2877', 'cl_avg_loss': '1.4760', 'itemcl_loss': '0.0000', 'cl_pair_0_loss': '1.4760'}
Recommendation EP_test:4: 100%|| 35/35 [00:10<00:00,  3.47it/s]
{'Epoch': 4, 'name': 'high_freq', 'HIT@5': '0.0133', 'NDCG@5': '0.0082', 'HIT@10': '0.0220', 'NDCG@10': '0.0110', 'HIT@20': '0.0359', 'NDCG@20': '0.0145'}
{'Epoch': 4, 'name': 'mid_freq', 'HIT@5': '0.0000', 'NDCG@5': '0.0000', 'HIT@10': '0.0000', 'NDCG@10': '0.0000', 'HIT@20': '0.0000', 'NDCG@20': '0.0000'}
{'Epoch': 4, 'name': 'low_freq', 'HIT@5': '0.0000', 'NDCG@5': '0.0000', 'HIT@10': '0.0000', 'NDCG@10': '0.0000', 'HIT@20': '0.0000', 'NDCG@20': '0.0000'}
{'Epoch': 4, 'name': 'all', 'HIT@5': '0.0090', 'NDCG@5': '0.0056', 'HIT@10': '0.0149', 'NDCG@10': '0.0075', 'HIT@20': '0.0244', 'NDCG@20': '0.0099'}
Validation score increased.  Saving model ...
rec dataset length: 186
100%|██████████████████████████████████████████████████████████████████████████████████████████████████████████████████████████████████████████████████████████| 186/186 [00:47<00:00,  3.88it/s]
{'epoch': 5, 'rec_avg_loss': '1.1167', 'joint_avg_loss': '1.2588', 'cl_avg_loss': '1.4212', 'itemcl_loss': '0.0000', 'cl_pair_0_loss': '1.4212'}
Recommendation EP_test:5: 100%|| 35/35 [00:08<00:00,  4.15it/s]
{'Epoch': 5, 'name': 'high_freq', 'HIT@5': '0.0134', 'NDCG@5': '0.0083', 'HIT@10': '0.0213', 'NDCG@10': '0.0109', 'HIT@20': '0.0350', 'NDCG@20': '0.0143'}
{'Epoch': 5, 'name': 'mid_freq', 'HIT@5': '0.0000', 'NDCG@5': '0.0000', 'HIT@10': '0.0000', 'NDCG@10': '0.0000', 'HIT@20': '0.0000', 'NDCG@20': '0.0000'}
{'Epoch': 5, 'name': 'low_freq', 'HIT@5': '0.0000', 'NDCG@5': '0.0000', 'HIT@10': '0.0000', 'NDCG@10': '0.0000', 'HIT@20': '0.0000', 'NDCG@20': '0.0000'}
{'Epoch': 5, 'name': 'all', 'HIT@5': '0.0091', 'NDCG@5': '0.0057', 'HIT@10': '0.0145', 'NDCG@10': '0.0074', 'HIT@20': '0.0238', 'NDCG@20': '0.0097'}
EarlyStopping counter: 1 out of 40
rec dataset length: 186
100%|██████████████████████████████████████████████████████████████████████████████████████████████████████████████████████████████████████████████████████████| 186/186 [00:47<00:00,  3.91it/s]
{'epoch': 6, 'rec_avg_loss': '1.0993', 'joint_avg_loss': '1.2370', 'cl_avg_loss': '1.3771', 'itemcl_loss': '0.0000', 'cl_pair_0_loss': '1.3771'}
Recommendation EP_test:6: 100%|| 35/35 [00:08<00:00,  4.25it/s]
{'Epoch': 6, 'name': 'high_freq', 'HIT@5': '0.0134', 'NDCG@5': '0.0082', 'HIT@10': '0.0221', 'NDCG@10': '0.0110', 'HIT@20': '0.0368', 'NDCG@20': '0.0147'}
{'Epoch': 6, 'name': 'mid_freq', 'HIT@5': '0.0000', 'NDCG@5': '0.0000', 'HIT@10': '0.0000', 'NDCG@10': '0.0000', 'HIT@20': '0.0000', 'NDCG@20': '0.0000'}
{'Epoch': 6, 'name': 'low_freq', 'HIT@5': '0.0000', 'NDCG@5': '0.0000', 'HIT@10': '0.0000', 'NDCG@10': '0.0000', 'HIT@20': '0.0000', 'NDCG@20': '0.0000'}
{'Epoch': 6, 'name': 'all', 'HIT@5': '0.0091', 'NDCG@5': '0.0056', 'HIT@10': '0.0151', 'NDCG@10': '0.0075', 'HIT@20': '0.0251', 'NDCG@20': '0.0100'}
Validation score increased.  Saving model ...
rec dataset length: 186
100%|██████████████████████████████████████████████████████████████████████████████████████████████████████████████████████████████████████████████████████████| 186/186 [00:48<00:00,  3.81it/s]
{'epoch': 7, 'rec_avg_loss': '1.0793', 'joint_avg_loss': '1.2147', 'cl_avg_loss': '1.3542', 'itemcl_loss': '0.0000', 'cl_pair_0_loss': '1.3542'}
Recommendation EP_test:7: 100%|| 35/35 [00:08<00:00,  3.99it/s]
{'Epoch': 7, 'name': 'high_freq', 'HIT@5': '0.0138', 'NDCG@5': '0.0087', 'HIT@10': '0.0227', 'NDCG@10': '0.0116', 'HIT@20': '0.0379', 'NDCG@20': '0.0154'}
{'Epoch': 7, 'name': 'mid_freq', 'HIT@5': '0.0000', 'NDCG@5': '0.0000', 'HIT@10': '0.0001', 'NDCG@10': '0.0000', 'HIT@20': '0.0001', 'NDCG@20': '0.0000'}
{'Epoch': 7, 'name': 'low_freq', 'HIT@5': '0.0000', 'NDCG@5': '0.0000', 'HIT@10': '0.0000', 'NDCG@10': '0.0000', 'HIT@20': '0.0000', 'NDCG@20': '0.0000'}
{'Epoch': 7, 'name': 'all', 'HIT@5': '0.0094', 'NDCG@5': '0.0059', 'HIT@10': '0.0155', 'NDCG@10': '0.0079', 'HIT@20': '0.0258', 'NDCG@20': '0.0105'}
Validation score increased.  Saving model ...
rec dataset length: 186
100%|████████████████████████████████████████████████████████████████████████████████████████████████████████████████████████████████████████████████████| 186/186 [00:49<00:00,  3.78it/s]
{'epoch': 8, 'rec_avg_loss': '1.0616', 'joint_avg_loss': '1.1953', 'cl_avg_loss': '1.3375', 'itemcl_loss': '0.0000', 'cl_pair_0_loss': '1.3375'}
Recommendation EP_test:8: 100%|| 35/35 [00:09<00:00,  3.85it/s]
{'Epoch': 8, 'name': 'high_freq', 'HIT@5': '0.0135', 'NDCG@5': '0.0087', 'HIT@10': '0.0235', 'NDCG@10': '0.0118', 'HIT@20': '0.0389', 'NDCG@20': '0.0157'}
{'Epoch': 8, 'name': 'mid_freq', 'HIT@5': '0.0001', 'NDCG@5': '0.0001', 'HIT@10': '0.0001', 'NDCG@10': '0.0001', 'HIT@20': '0.0001', 'NDCG@20': '0.0001'}
{'Epoch': 8, 'name': 'low_freq', 'HIT@5': '0.0000', 'NDCG@5': '0.0000', 'HIT@10': '0.0000', 'NDCG@10': '0.0000', 'HIT@20': '0.0000', 'NDCG@20': '0.0000'}
{'Epoch': 8, 'name': 'all', 'HIT@5': '0.0092', 'NDCG@5': '0.0059', 'HIT@10': '0.0160', 'NDCG@10': '0.0081', 'HIT@20': '0.0265', 'NDCG@20': '0.0107'}
Validation score increased.  Saving model ...
rec dataset length: 186
100%|████████████████████████████████████████████████████████████████████████████████████████████████████████████████████████████████████████████████████| 186/186 [00:49<00:00,  3.74it/s]
{'epoch': 9, 'rec_avg_loss': '1.0417', 'joint_avg_loss': '1.1749', 'cl_avg_loss': '1.3322', 'itemcl_loss': '0.0000', 'cl_pair_0_loss': '1.3322'}
Recommendation EP_test:9: 100%|| 35/35 [00:08<00:00,  3.96it/s]
{'Epoch': 9, 'name': 'high_freq', 'HIT@5': '0.0137', 'NDCG@5': '0.0088', 'HIT@10': '0.0248', 'NDCG@10': '0.0124', 'HIT@20': '0.0412', 'NDCG@20': '0.0165'}
{'Epoch': 9, 'name': 'mid_freq', 'HIT@5': '0.0004', 'NDCG@5': '0.0002', 'HIT@10': '0.0004', 'NDCG@10': '0.0002', 'HIT@20': '0.0004', 'NDCG@20': '0.0002'}
{'Epoch': 9, 'name': 'low_freq', 'HIT@5': '0.0000', 'NDCG@5': '0.0000', 'HIT@10': '0.0000', 'NDCG@10': '0.0000', 'HIT@20': '0.0000', 'NDCG@20': '0.0000'}
{'Epoch': 9, 'name': 'all', 'HIT@5': '0.0094', 'NDCG@5': '0.0060', 'HIT@10': '0.0169', 'NDCG@10': '0.0085', 'HIT@20': '0.0281', 'NDCG@20': '0.0113'}
Validation score increased.  Saving model ...
rec dataset length: 186
100%|████████████████████████████████████████████████████████████████████████████████████████████████████████████████████████████████████████████████████| 186/186 [00:49<00:00,  3.79it/s]
{'epoch': 10, 'rec_avg_loss': '1.0208', 'joint_avg_loss': '1.1534', 'cl_avg_loss': '1.3254', 'itemcl_loss': '0.0000', 'cl_pair_0_loss': '1.3254'}
Recommendation EP_test:10: 100%|| 35/35 [00:08<00:00,  4.07it/s]
{'Epoch': 10, 'name': 'high_freq', 'HIT@5': '0.0158', 'NDCG@5': '0.0100', 'HIT@10': '0.0261', 'NDCG@10': '0.0133', 'HIT@20': '0.0447', 'NDCG@20': '0.0180'}
{'Epoch': 10, 'name': 'mid_freq', 'HIT@5': '0.0001', 'NDCG@5': '0.0001', 'HIT@10': '0.0004', 'NDCG@10': '0.0002', 'HIT@20': '0.0006', 'NDCG@20': '0.0003'}
{'Epoch': 10, 'name': 'low_freq', 'HIT@5': '0.0000', 'NDCG@5': '0.0000', 'HIT@10': '0.0000', 'NDCG@10': '0.0000', 'HIT@20': '0.0000', 'NDCG@20': '0.0000'}
{'Epoch': 10, 'name': 'all', 'HIT@5': '0.0108', 'NDCG@5': '0.0068', 'HIT@10': '0.0178', 'NDCG@10': '0.0091', 'HIT@20': '0.0305', 'NDCG@20': '0.0123'}
Validation score increased.  Saving model ...
rec dataset length: 186
100%|████████████████████████████████████████████████████████████████████████████████████████████████████████████████████████████████████████████████████| 186/186 [00:48<00:00,  3.80it/s]
{'epoch': 11, 'rec_avg_loss': '0.9986', 'joint_avg_loss': '1.1333', 'cl_avg_loss': '1.3477', 'itemcl_loss': '0.0000', 'cl_pair_0_loss': '1.3477'}
Recommendation EP_test:11: 100%|| 35/35 [00:08<00:00,  4.10it/s]
{'Epoch': 11, 'name': 'high_freq', 'HIT@5': '0.0179', 'NDCG@5': '0.0112', 'HIT@10': '0.0293', 'NDCG@10': '0.0148', 'HIT@20': '0.0488', 'NDCG@20': '0.0197'}
{'Epoch': 11, 'name': 'mid_freq', 'HIT@5': '0.0006', 'NDCG@5': '0.0004', 'HIT@10': '0.0007', 'NDCG@10': '0.0004', 'HIT@20': '0.0010', 'NDCG@20': '0.0005'}
{'Epoch': 11, 'name': 'low_freq', 'HIT@5': '0.0000', 'NDCG@5': '0.0000', 'HIT@10': '0.0000', 'NDCG@10': '0.0000', 'HIT@20': '0.0002', 'NDCG@20': '0.0001'}
{'Epoch': 11, 'name': 'all', 'HIT@5': '0.0123', 'NDCG@5': '0.0077', 'HIT@10': '0.0201', 'NDCG@10': '0.0101', 'HIT@20': '0.0335', 'NDCG@20': '0.0135'}
Validation score increased.  Saving model ...
rec dataset length: 186
100%|████████████████████████████████████████████████████████████████████████████████████████████████████████████████████████████████████████████████████| 186/186 [00:49<00:00,  3.74it/s]
{'epoch': 12, 'rec_avg_loss': '0.9757', 'joint_avg_loss': '1.1121', 'cl_avg_loss': '1.3638', 'itemcl_loss': '0.0000', 'cl_pair_0_loss': '1.3638'}
Recommendation EP_test:12: 100%|| 35/35 [00:09<00:00,  3.50it/s]
{'Epoch': 12, 'name': 'high_freq', 'HIT@5': '0.0186', 'NDCG@5': '0.0118', 'HIT@10': '0.0308', 'NDCG@10': '0.0157', 'HIT@20': '0.0515', 'NDCG@20': '0.0209'}
{'Epoch': 12, 'name': 'mid_freq', 'HIT@5': '0.0009', 'NDCG@5': '0.0006', 'HIT@10': '0.0013', 'NDCG@10': '0.0007', 'HIT@20': '0.0020', 'NDCG@20': '0.0009'}
{'Epoch': 12, 'name': 'low_freq', 'HIT@5': '0.0000', 'NDCG@5': '0.0000', 'HIT@10': '0.0002', 'NDCG@10': '0.0001', 'HIT@20': '0.0007', 'NDCG@20': '0.0002'}
{'Epoch': 12, 'name': 'all', 'HIT@5': '0.0128', 'NDCG@5': '0.0081', 'HIT@10': '0.0213', 'NDCG@10': '0.0108', 'HIT@20': '0.0355', 'NDCG@20': '0.0144'}
Validation score increased.  Saving model ...
rec dataset length: 186
100%|████████████████████████████████████████████████████████████████████████████████████████████████████████████████████████████████████████████████████| 186/186 [00:49<00:00,  3.73it/s]
{'epoch': 13, 'rec_avg_loss': '0.9520', 'joint_avg_loss': '1.0901', 'cl_avg_loss': '1.3809', 'itemcl_loss': '0.0000', 'cl_pair_0_loss': '1.3809'}
Recommendation EP_test:13: 100%|| 35/35 [00:09<00:00,  3.85it/s]
{'Epoch': 13, 'name': 'high_freq', 'HIT@5': '0.0203', 'NDCG@5': '0.0130', 'HIT@10': '0.0334', 'NDCG@10': '0.0173', 'HIT@20': '0.0559', 'NDCG@20': '0.0229'}
{'Epoch': 13, 'name': 'mid_freq', 'HIT@5': '0.0014', 'NDCG@5': '0.0010', 'HIT@10': '0.0020', 'NDCG@10': '0.0012', 'HIT@20': '0.0023', 'NDCG@20': '0.0013'}
{'Epoch': 13, 'name': 'low_freq', 'HIT@5': '0.0002', 'NDCG@5': '0.0001', 'HIT@10': '0.0005', 'NDCG@10': '0.0002', 'HIT@20': '0.0005', 'NDCG@20': '0.0002'}
{'Epoch': 13, 'name': 'all', 'HIT@5': '0.0141', 'NDCG@5': '0.0091', 'HIT@10': '0.0232', 'NDCG@10': '0.0120', 'HIT@20': '0.0385', 'NDCG@20': '0.0158'}
Validation score increased.  Saving model ...
rec dataset length: 186
 15%|███████████████████████▊                                                                                                                                                                                                                                                                                       16%|████████████████████████▋                                                                                                                                                                                                                                                                                                                                    16%|█████████████████████████▍                                                                                                                                                                                                                                                                                                                                                                                         17%|██████████████████████████▎                                                                                                                                                                                                                                                        17%|███████████████████████████▏                                                                                                                                                                                                                                                                                                         18%|████████████████████████████                                                                                                                                                                                                                                                                                                                                                           18%|████████████████████████████▉                                                                                                                                                                                                                          19%|█████████████████████████████▋                                                                                                                                                                                                                                                                           19%|██████████████████████████████▌                                                                                                                                                                                                                                                                                                                            20%|███████████████████████████████▍                                                                                                                                                                                           20%|████████████████████████████████▎                                                                                                                                                                                                                                            21%|█████████████████████████████████▏                                                                                                                                                                                                                                                                                             22%|█████████████████████████████████▉                                                                                                                                                             22%|██████████████████████████████████▊                                                                                                                                                                                                                                                                                                                                                                                           23%|███████████████████████████████████▋                                                                                                                                                                                                                                                               23%|████████████████████████████████████▌                                                                                                                                                                                                                                                                                                                24%|█████████████████████████████████████▍                                                                                                                                                                                                                                                                                                                                                                               24%|██████████████████████████████████████▏                                                                                                                                                                                                                                              25%|███████████████████████████████████████                                                                                                                                                                                                25%|███████████████████████████████████████▉                                                                                    26%|████████████████████████████████████████▊                                                                                                                                            26%|█████████████████████████████████████████▌                                                                                                                                                                                             27%|██████████████████████████████████████████▍                                                                          27%|███████████████████████████████████████████▎                                                                                                                                  28%|████████████████████████████████████████████▏                                                                                                                                                                                          28%|█████████████████████████████████████████████                                                                 29%|█████████████████████████████████████████████▊                                                                                                                         30%|██████████████████████████████████████████████▋                                                                                                                                                                                 30%|███████████████████████████████████████████████▌                                                       31%|████████████████████████████████████████████████▍                                                                                                               31%|█████████████████████████████████████████████████▎                                                                                                                                                                       32%|██████████████████████████████████████████████████                                              32%|██████████████████████████████████████████████████▉                                                                                                      33%|███████████████████████████████████████████████████▊                                                                                                                                                              33%|████████████████████████████████████████████████████▋                                                                                                                                                                                  34%|█████████████████████████████████████████████████████▌                                                                                            34%|██████████████████████████████████████████████████████▎                                                                                                                                                    35%|███████████████████████████████████████████████████████▏                                                                                                                                                                               35%|████████████████████████████████████████████████████████                                                                                            36%|████████████████████████████████████████████████████████▉                                                                                                                                                    37%|█████████████████████████████████████████████████████████▊                                                                                                                                                                             37%|██████████████████████████████████████████████████████████▌                                                                                  38%|███████████████████████████████████████████████████████████▍                                                                                                                                          38%|████████████████████████████████████████████████████████████▎                                                                                                                                                                          39%|█████████████████████████████████████████████████████████████▏                                                                        39%|██████████████████████████████████████████████████████████████                                                                                                                                 40%|██████████████████████████████████████████████████████████████▊                                                                                                                                                                        40%|███████████████████████████████████████████████████████████████▋                                                               41%|████████████████████████████████████████████████████████████████▌                                                                                                                       41%|█████████████████████████████████████████████████████████████████▍                                                                                                                                                                     42%|██████████████████████████████████████████████████████████████████▎                                                     42%|███████████████████████████████████████████████████████████████████                                                                                                              43%|███████████████████████████████████████████████████████████████████▉                                                                                                                                                                   44%|████████████████████████████████████████████████████████████████████▊                                            44%|█████████████████████████████████████████████████████████████████████▋                                                                                                    45%|██████████████████████████████████████████████████████████████████████▌                                                                                                                                                            45%|███████████████████████████████████████████████████████████████████████▎                                  46%|████████████████████████████████████████████████████████████████████████▏                                                                                          46%|█████████████████████████████████████████████████████████████████████████                                                                                                                                                   47%|█████████████████████████████████████████████████████████████████████████▉                                                                                                                                                             47%|██████████████████████████████████████████████████████████████████████████▊                                                                                 48%|███████████████████████████████████████████████████████████████████████████▌                                                                                                                                         48%|████████████████████████████████████████████████████████████████████████████▍                                                                                                                                                          49%|█████████████████████████████████████████████████████████████████████████████▎                                                                       49%|██████████████████████████████████████████████████████████████████████████████▏                                                                                                                               50%|███████████████████████████████████████████████████████████████████████████████                                                                                                                                                       100%|█████████████████████████████████████████████████████████████████████████████████████████████████████████████████████████████████████████████████████████████| 186/186 [00:51<00:00,  3.62it/s]
{'epoch': 14, 'rec_avg_loss': '0.9291', 'joint_avg_loss': '1.0711', 'cl_avg_loss': '1.4194', 'itemcl_loss': '0.0000', 'cl_pair_0_loss': '1.4194'}
Recommendation EP_test:14: 100%|| 35/35 [00:08<00:00,  3.94it/s]
{'Epoch': 14, 'name': 'high_freq', 'HIT@5': '0.0204', 'NDCG@5': '0.0128', 'HIT@10': '0.0339', 'NDCG@10': '0.0171', 'HIT@20': '0.0570', 'NDCG@20': '0.0229'}
{'Epoch': 14, 'name': 'mid_freq', 'HIT@5': '0.0013', 'NDCG@5': '0.0010', 'HIT@10': '0.0023', 'NDCG@10': '0.0013', 'HIT@20': '0.0024', 'NDCG@20': '0.0013'}
{'Epoch': 14, 'name': 'low_freq', 'HIT@5': '0.0005', 'NDCG@5': '0.0002', 'HIT@10': '0.0005', 'NDCG@10': '0.0002', 'HIT@20': '0.0007', 'NDCG@20': '0.0003'}
{'Epoch': 14, 'name': 'all', 'HIT@5': '0.0142', 'NDCG@5': '0.0089', 'HIT@10': '0.0236', 'NDCG@10': '0.0119', 'HIT@20': '0.0394', 'NDCG@20': '0.0159'}
Validation score increased.  Saving model ...
rec dataset length: 186
100%|████████████████████████████████████████████████████████████████████████████████████████████████████████████████████████████████████████████████████████████████████████████████████████████████████| 186/186 [00:49<00:00,  3.76it/s]
{'epoch': 15, 'rec_avg_loss': '0.9074', 'joint_avg_loss': '1.0506', 'cl_avg_loss': '1.4324', 'itemcl_loss': '0.0000', 'cl_pair_0_loss': '1.4324'}
Recommendation EP_test:15: 100%|| 35/35 [00:08<00:00,  3.90it/s]
{'Epoch': 15, 'name': 'high_freq', 'HIT@5': '0.0217', 'NDCG@5': '0.0138', 'HIT@10': '0.0375', 'NDCG@10': '0.0188', 'HIT@20': '0.0620', 'NDCG@20': '0.0250'}
{'Epoch': 15, 'name': 'mid_freq', 'HIT@5': '0.0013', 'NDCG@5': '0.0009', 'HIT@10': '0.0016', 'NDCG@10': '0.0010', 'HIT@20': '0.0027', 'NDCG@20': '0.0013'}
{'Epoch': 15, 'name': 'low_freq', 'HIT@5': '0.0005', 'NDCG@5': '0.0002', 'HIT@10': '0.0007', 'NDCG@10': '0.0003', 'HIT@20': '0.0007', 'NDCG@20': '0.0003'}
{'Epoch': 15, 'name': 'all', 'HIT@5': '0.0151', 'NDCG@5': '0.0096', 'HIT@10': '0.0259', 'NDCG@10': '0.0130', 'HIT@20': '0.0428', 'NDCG@20': '0.0173'}
Validation score increased.  Saving model ...
rec dataset length: 186
100%|████████████████████████████████████████████████████████████████████████████████████████████████████████████████████████████████████████████████████████████████████████████████████████████████████| 186/186 [00:48<00:00,  3.82it/s]
{'epoch': 16, 'rec_avg_loss': '0.8884', 'joint_avg_loss': '1.0330', 'cl_avg_loss': '1.4461', 'itemcl_loss': '0.0000', 'cl_pair_0_loss': '1.4461'}
Recommendation EP_test:16: 100%|| 35/35 [00:09<00:00,  3.65it/s]
{'Epoch': 16, 'name': 'high_freq', 'HIT@5': '0.0236', 'NDCG@5': '0.0150', 'HIT@10': '0.0392', 'NDCG@10': '0.0201', 'HIT@20': '0.0653', 'NDCG@20': '0.0266'}
{'Epoch': 16, 'name': 'mid_freq', 'HIT@5': '0.0014', 'NDCG@5': '0.0012', 'HIT@10': '0.0024', 'NDCG@10': '0.0015', 'HIT@20': '0.0039', 'NDCG@20': '0.0019'}
{'Epoch': 16, 'name': 'low_freq', 'HIT@5': '0.0007', 'NDCG@5': '0.0004', 'HIT@10': '0.0007', 'NDCG@10': '0.0004', 'HIT@20': '0.0009', 'NDCG@20': '0.0004'}
{'Epoch': 16, 'name': 'all', 'HIT@5': '0.0164', 'NDCG@5': '0.0105', 'HIT@10': '0.0272', 'NDCG@10': '0.0140', 'HIT@20': '0.0453', 'NDCG@20': '0.0185'}
Validation score increased.  Saving model ...
rec dataset length: 186
100%|██████████████████████████████████████████████████████████████████████████████████████████████████████████████████████████████████████████████████████████████████████| 186/186 [00:48<00:00,  3.81it/s]
{'epoch': 17, 'rec_avg_loss': '0.8677', 'joint_avg_loss': '1.0143', 'cl_avg_loss': '1.4657', 'itemcl_loss': '0.0000', 'cl_pair_0_loss': '1.4657'}
Recommendation EP_test:17: 100%|| 35/35 [00:08<00:00,  3.93it/s]
{'Epoch': 17, 'name': 'high_freq', 'HIT@5': '0.0242', 'NDCG@5': '0.0153', 'HIT@10': '0.0406', 'NDCG@10': '0.0206', 'HIT@20': '0.0657', 'NDCG@20': '0.0269'}
{'Epoch': 17, 'name': 'mid_freq', 'HIT@5': '0.0016', 'NDCG@5': '0.0011', 'HIT@10': '0.0024', 'NDCG@10': '0.0014', 'HIT@20': '0.0034', 'NDCG@20': '0.0017'}
{'Epoch': 17, 'name': 'low_freq', 'HIT@5': '0.0007', 'NDCG@5': '0.0003', 'HIT@10': '0.0009', 'NDCG@10': '0.0004', 'HIT@20': '0.0009', 'NDCG@20': '0.0004'}
{'Epoch': 17, 'name': 'all', 'HIT@5': '0.0169', 'NDCG@5': '0.0107', 'HIT@10': '0.0282', 'NDCG@10': '0.0143', 'HIT@20': '0.0455', 'NDCG@20': '0.0187'}
Validation score increased.  Saving model ...
rec dataset length: 186
100%|██████████████████████████████████████████████████████████████████████████████████████████████████████████████████████████████████████████████████████████████████████| 186/186 [00:50<00:00,  3.69it/s]
{'epoch': 18, 'rec_avg_loss': '0.8492', 'joint_avg_loss': '0.9966', 'cl_avg_loss': '1.4740', 'itemcl_loss': '0.0000', 'cl_pair_0_loss': '1.4740'}
Recommendation EP_test:18: 100%|| 35/35 [00:08<00:00,  3.93it/s]
{'Epoch': 18, 'name': 'high_freq', 'HIT@5': '0.0244', 'NDCG@5': '0.0154', 'HIT@10': '0.0412', 'NDCG@10': '0.0208', 'HIT@20': '0.0657', 'NDCG@20': '0.0269'}
{'Epoch': 18, 'name': 'mid_freq', 'HIT@5': '0.0017', 'NDCG@5': '0.0012', 'HIT@10': '0.0026', 'NDCG@10': '0.0015', 'HIT@20': '0.0033', 'NDCG@20': '0.0017'}
{'Epoch': 18, 'name': 'low_freq', 'HIT@5': '0.0007', 'NDCG@5': '0.0004', 'HIT@10': '0.0007', 'NDCG@10': '0.0004', 'HIT@20': '0.0009', 'NDCG@20': '0.0004'}
{'Epoch': 18, 'name': 'all', 'HIT@5': '0.0170', 'NDCG@5': '0.0107', 'HIT@10': '0.0286', 'NDCG@10': '0.0145', 'HIT@20': '0.0455', 'NDCG@20': '0.0187'}
Validation score increased.  Saving model ...
rec dataset length: 186
100%|██████████████████████████████████████████████████████████████████████████████████████████████████████████████████████████████████████████████████████████████████████| 186/186 [00:48<00:00,  3.82it/s]
{'epoch': 19, 'rec_avg_loss': '0.8328', 'joint_avg_loss': '0.9810', 'cl_avg_loss': '1.4822', 'itemcl_loss': '0.0000', 'cl_pair_0_loss': '1.4822'}
Recommendation EP_test:19: 100%|| 35/35 [00:09<00:00,  3.72it/s]
{'Epoch': 19, 'name': 'high_freq', 'HIT@5': '0.0266', 'NDCG@5': '0.0165', 'HIT@10': '0.0430', 'NDCG@10': '0.0218', 'HIT@20': '0.0675', 'NDCG@20': '0.0279'}
{'Epoch': 19, 'name': 'mid_freq', 'HIT@5': '0.0019', 'NDCG@5': '0.0014', 'HIT@10': '0.0026', 'NDCG@10': '0.0016', 'HIT@20': '0.0033', 'NDCG@20': '0.0018'}
{'Epoch': 19, 'name': 'low_freq', 'HIT@5': '0.0007', 'NDCG@5': '0.0005', 'HIT@10': '0.0007', 'NDCG@10': '0.0005', 'HIT@20': '0.0011', 'NDCG@20': '0.0006'}
{'Epoch': 19, 'name': 'all', 'HIT@5': '0.0185', 'NDCG@5': '0.0115', 'HIT@10': '0.0299', 'NDCG@10': '0.0152', 'HIT@20': '0.0467', 'NDCG@20': '0.0194'}
Validation score increased.  Saving model ...
rec dataset length: 186
100%|██████████████████████████████████████████████████████████████████████████████████████████████████████████████████████████████████████████████████████████████████████| 186/186 [00:47<00:00,  3.90it/s]
{'epoch': 20, 'rec_avg_loss': '0.8163', 'joint_avg_loss': '0.9656', 'cl_avg_loss': '1.4927', 'itemcl_loss': '0.0000', 'cl_pair_0_loss': '1.4927'}
Recommendation EP_test:20: 100%|| 35/35 [00:08<00:00,  4.07it/s]
{'Epoch': 20, 'name': 'high_freq', 'HIT@5': '0.0261', 'NDCG@5': '0.0160', 'HIT@10': '0.0431', 'NDCG@10': '0.0215', 'HIT@20': '0.0692', 'NDCG@20': '0.0280'}
{'Epoch': 20, 'name': 'mid_freq', 'HIT@5': '0.0020', 'NDCG@5': '0.0015', 'HIT@10': '0.0024', 'NDCG@10': '0.0017', 'HIT@20': '0.0034', 'NDCG@20': '0.0019'}
{'Epoch': 20, 'name': 'low_freq', 'HIT@5': '0.0007', 'NDCG@5': '0.0003', 'HIT@10': '0.0009', 'NDCG@10': '0.0004', 'HIT@20': '0.0011', 'NDCG@20': '0.0004'}
{'Epoch': 20, 'name': 'all', 'HIT@5': '0.0182', 'NDCG@5': '0.0112', 'HIT@10': '0.0299', 'NDCG@10': '0.0150', 'HIT@20': '0.0479', 'NDCG@20': '0.0195'}
Validation score increased.  Saving model ...
rec dataset length: 186
100%|██████████████████████████████████████████████████████████████████████████████████████████████████████████████████████████████████████████████████████████████████████| 186/186 [00:47<00:00,  3.93it/s]
{'epoch': 21, 'rec_avg_loss': '0.8005', 'joint_avg_loss': '0.9499', 'cl_avg_loss': '1.4942', 'itemcl_loss': '0.0000', 'cl_pair_0_loss': '1.4942'}
Recommendation EP_test:21: 100%|| 35/35 [00:08<00:00,  3.96it/s]
{'Epoch': 21, 'name': 'high_freq', 'HIT@5': '0.0270', 'NDCG@5': '0.0169', 'HIT@10': '0.0450', 'NDCG@10': '0.0227', 'HIT@20': '0.0702', 'NDCG@20': '0.0290'}
{'Epoch': 21, 'name': 'mid_freq', 'HIT@5': '0.0024', 'NDCG@5': '0.0019', 'HIT@10': '0.0030', 'NDCG@10': '0.0020', 'HIT@20': '0.0036', 'NDCG@20': '0.0022'}
{'Epoch': 21, 'name': 'low_freq', 'HIT@5': '0.0007', 'NDCG@5': '0.0004', 'HIT@10': '0.0014', 'NDCG@10': '0.0006', 'HIT@20': '0.0016', 'NDCG@20': '0.0007'}
{'Epoch': 21, 'name': 'all', 'HIT@5': '0.0189', 'NDCG@5': '0.0119', 'HIT@10': '0.0314', 'NDCG@10': '0.0159', 'HIT@20': '0.0487', 'NDCG@20': '0.0203'}
Validation score increased.  Saving model ...
rec dataset length: 186
100%|██████████████████████████████████████████████████████████████████████████████████████████████████████████████████████████████████████████████████████████████████████| 186/186 [00:47<00:00,  3.89it/s]
{'epoch': 22, 'rec_avg_loss': '0.7870', 'joint_avg_loss': '0.9358', 'cl_avg_loss': '1.4877', 'itemcl_loss': '0.0000', 'cl_pair_0_loss': '1.4877'}
Recommendation EP_test:22: 100%|| 35/35 [00:08<00:00,  4.01it/s]
{'Epoch': 22, 'name': 'high_freq', 'HIT@5': '0.0269', 'NDCG@5': '0.0170', 'HIT@10': '0.0441', 'NDCG@10': '0.0225', 'HIT@20': '0.0711', 'NDCG@20': '0.0293'}
{'Epoch': 22, 'name': 'mid_freq', 'HIT@5': '0.0022', 'NDCG@5': '0.0019', 'HIT@10': '0.0027', 'NDCG@10': '0.0021', 'HIT@20': '0.0037', 'NDCG@20': '0.0024'}
{'Epoch': 22, 'name': 'low_freq', 'HIT@5': '0.0009', 'NDCG@5': '0.0005', 'HIT@10': '0.0016', 'NDCG@10': '0.0007', 'HIT@20': '0.0027', 'NDCG@20': '0.0010'}
{'Epoch': 22, 'name': 'all', 'HIT@5': '0.0188', 'NDCG@5': '0.0120', 'HIT@10': '0.0308', 'NDCG@10': '0.0158', 'HIT@20': '0.0494', 'NDCG@20': '0.0205'}
Validation score increased.  Saving model ...
rec dataset length: 186
100%|██████████████████████████████████████████████████████████████████████████████████████████████████████████████████████████████████████████████████████████████████████| 186/186 [00:49<00:00,  3.77it/s]
{'epoch': 23, 'rec_avg_loss': '0.7755', 'joint_avg_loss': '0.9258', 'cl_avg_loss': '1.5031', 'itemcl_loss': '0.0000', 'cl_pair_0_loss': '1.5031'}
Recommendation EP_test:23: 100%|| 35/35 [00:08<00:00,  3.97it/s]
{'Epoch': 23, 'name': 'high_freq', 'HIT@5': '0.0282', 'NDCG@5': '0.0175', 'HIT@10': '0.0454', 'NDCG@10': '0.0230', 'HIT@20': '0.0731', 'NDCG@20': '0.0299'}
{'Epoch': 23, 'name': 'mid_freq', 'HIT@5': '0.0024', 'NDCG@5': '0.0020', 'HIT@10': '0.0027', 'NDCG@10': '0.0021', 'HIT@20': '0.0045', 'NDCG@20': '0.0025'}
{'Epoch': 23, 'name': 'low_freq', 'HIT@5': '0.0007', 'NDCG@5': '0.0005', 'HIT@10': '0.0018', 'NDCG@10': '0.0008', 'HIT@20': '0.0027', 'NDCG@20': '0.0010'}
{'Epoch': 23, 'name': 'all', 'HIT@5': '0.0198', 'NDCG@5': '0.0123', 'HIT@10': '0.0317', 'NDCG@10': '0.0161', 'HIT@20': '0.0509', 'NDCG@20': '0.0210'}
Validation score increased.  Saving model ...
rec dataset length: 186
100%|██████████████████████████████████████████████████████████████████████████████████████████████████████████████████████████████████████████████████████████████████████| 186/186 [00:48<00:00,  3.82it/s]
{'epoch': 24, 'rec_avg_loss': '0.7633', 'joint_avg_loss': '0.9128', 'cl_avg_loss': '1.4953', 'itemcl_loss': '0.0000', 'cl_pair_0_loss': '1.4953'}
Recommendation EP_test:24: 100%|| 35/35 [00:08<00:00,  3.94it/s]
{'Epoch': 24, 'name': 'high_freq', 'HIT@5': '0.0287', 'NDCG@5': '0.0180', 'HIT@10': '0.0464', 'NDCG@10': '0.0237', 'HIT@20': '0.0731', 'NDCG@20': '0.0304'}
{'Epoch': 24, 'name': 'mid_freq', 'HIT@5': '0.0029', 'NDCG@5': '0.0022', 'HIT@10': '0.0033', 'NDCG@10': '0.0023', 'HIT@20': '0.0046', 'NDCG@20': '0.0027'}
{'Epoch': 24, 'name': 'low_freq', 'HIT@5': '0.0011', 'NDCG@5': '0.0007', 'HIT@10': '0.0023', 'NDCG@10': '0.0010', 'HIT@20': '0.0032', 'NDCG@20': '0.0013'}
{'Epoch': 24, 'name': 'all', 'HIT@5': '0.0203', 'NDCG@5': '0.0128', 'HIT@10': '0.0325', 'NDCG@10': '0.0167', 'HIT@20': '0.0510', 'NDCG@20': '0.0213'}
Validation score increased.  Saving model ...
rec dataset length: 186
 97%|████████████████████████████████████████████████████████████████████████████████████████████████████████████████████████████████████████████████████████████████▋     | 180/1 97%|█████████████████████████████████████████████████████████████████████████████████████████████████████████████████████████████████████████████████████████████████▌    | 181/1 98%|██████████████████████████████████████████████████████████████████████████████████████████████████████████████████████████████████████████████████████████████████▍   | 182/1 98%|███████████████████████████████████████████████████████████████████████████████████████████████████████████████████████████████████████████████████████████████████▎  | 183/1 99%|████████████████████████████████████████████████████████████████████████████████████████████████████████████████████████████████████████████████████████████████████▏ | 184/1 99%|█████████████████████████████████████████████████████████████████████████████████████████████████████████████████████████████████████████████████████████████████████ | 185/1100%|██████████████████████████████████████████████████████████████████████████████████████████████████████████████████████████████████████████████████████████████████████| 186/186 [00:49<00:00,  3.78it/s]
{'epoch': 25, 'rec_avg_loss': '0.7500', 'joint_avg_loss': '0.8989', 'cl_avg_loss': '1.4893', 'itemcl_loss': '0.0000', 'cl_pair_0_loss': '1.4893'}
Recommendation EP_test:25: 100%|| 35/35 [00:09<00:00,  3.60it/s]
{'Epoch': 25, 'name': 'high_freq', 'HIT@5': '0.0277', 'NDCG@5': '0.0173', 'HIT@10': '0.0456', 'NDCG@10': '0.0231', 'HIT@20': '0.0740', 'NDCG@20': '0.0302'}
{'Epoch': 25, 'name': 'mid_freq', 'HIT@5': '0.0029', 'NDCG@5': '0.0023', 'HIT@10': '0.0036', 'NDCG@10': '0.0025', 'HIT@20': '0.0050', 'NDCG@20': '0.0029'}
{'Epoch': 25, 'name': 'low_freq', 'HIT@5': '0.0016', 'NDCG@5': '0.0010', 'HIT@10': '0.0023', 'NDCG@10': '0.0012', 'HIT@20': '0.0036', 'NDCG@20': '0.0015'}
{'Epoch': 25, 'name': 'all', 'HIT@5': '0.0196', 'NDCG@5': '0.0124', 'HIT@10': '0.0320', 'NDCG@10': '0.0163', 'HIT@20': '0.0518', 'NDCG@20': '0.0213'}
EarlyStopping counter: 1 out of 40
rec dataset length: 186
100%|███████████████████████████████████████████████████████████████████████████████████████████████████████████████████████████████████████████| 186/186 [00:49<00:00,  3.72it/s]
{'epoch': 26, 'rec_avg_loss': '0.7384', 'joint_avg_loss': '0.8882', 'cl_avg_loss': '1.4981', 'itemcl_loss': '0.0000', 'cl_pair_0_loss': '1.4981'}
Recommendation EP_test:26: 100%|| 35/35 [00:09<00:00,  3.88it/s]
{'Epoch': 26, 'name': 'high_freq', 'HIT@5': '0.0274', 'NDCG@5': '0.0174', 'HIT@10': '0.0464', 'NDCG@10': '0.0235', 'HIT@20': '0.0733', 'NDCG@20': '0.0303'}
{'Epoch': 26, 'name': 'mid_freq', 'HIT@5': '0.0026', 'NDCG@5': '0.0023', 'HIT@10': '0.0043', 'NDCG@10': '0.0029', 'HIT@20': '0.0059', 'NDCG@20': '0.0033'}
{'Epoch': 26, 'name': 'low_freq', 'HIT@5': '0.0014', 'NDCG@5': '0.0009', 'HIT@10': '0.0020', 'NDCG@10': '0.0011', 'HIT@20': '0.0036', 'NDCG@20': '0.0015'}
{'Epoch': 26, 'name': 'all', 'HIT@5': '0.0193', 'NDCG@5': '0.0124', 'HIT@10': '0.0326', 'NDCG@10': '0.0167', 'HIT@20': '0.0515', 'NDCG@20': '0.0215'}
Validation score increased.  Saving model ...
rec dataset length: 186
100%|███████████████████████████████████████████████████████████████████████████████████████████████████████████████████████████████████████████| 186/186 [00:47<00:00,  3.90it/s]
{'epoch': 27, 'rec_avg_loss': '0.7282', 'joint_avg_loss': '0.8773', 'cl_avg_loss': '1.4914', 'itemcl_loss': '0.0000', 'cl_pair_0_loss': '1.4914'}
Recommendation EP_test:27: 100%|| 35/35 [00:08<00:00,  3.99it/s]
{'Epoch': 27, 'name': 'high_freq', 'HIT@5': '0.0294', 'NDCG@5': '0.0185', 'HIT@10': '0.0470', 'NDCG@10': '0.0241', 'HIT@20': '0.0745', 'NDCG@20': '0.0310'}
{'Epoch': 27, 'name': 'mid_freq', 'HIT@5': '0.0027', 'NDCG@5': '0.0022', 'HIT@10': '0.0033', 'NDCG@10': '0.0024', 'HIT@20': '0.0060', 'NDCG@20': '0.0031'}
{'Epoch': 27, 'name': 'low_freq', 'HIT@5': '0.0016', 'NDCG@5': '0.0009', 'HIT@10': '0.0025', 'NDCG@10': '0.0012', 'HIT@20': '0.0038', 'NDCG@20': '0.0016'}
{'Epoch': 27, 'name': 'all', 'HIT@5': '0.0207', 'NDCG@5': '0.0131', 'HIT@10': '0.0329', 'NDCG@10': '0.0170', 'HIT@20': '0.0523', 'NDCG@20': '0.0219'}
Validation score increased.  Saving model ...
rec dataset length: 186
100%|███████████████████████████████████████████████████████████████████████████████████████████████████████████████████████████████████████████| 186/186 [00:48<00:00,  3.84it/s]
{'epoch': 28, 'rec_avg_loss': '0.7183', 'joint_avg_loss': '0.8675', 'cl_avg_loss': '1.4919', 'itemcl_loss': '0.0000', 'cl_pair_0_loss': '1.4919'}
Recommendation EP_test:28: 100%|| 35/35 [00:08<00:00,  4.07it/s]
{'Epoch': 28, 'name': 'high_freq', 'HIT@5': '0.0296', 'NDCG@5': '0.0184', 'HIT@10': '0.0473', 'NDCG@10': '0.0241', 'HIT@20': '0.0745', 'NDCG@20': '0.0310'}
{'Epoch': 28, 'name': 'mid_freq', 'HIT@5': '0.0029', 'NDCG@5': '0.0022', 'HIT@10': '0.0045', 'NDCG@10': '0.0027', 'HIT@20': '0.0062', 'NDCG@20': '0.0032'}
{'Epoch': 28, 'name': 'low_freq', 'HIT@5': '0.0020', 'NDCG@5': '0.0010', 'HIT@10': '0.0025', 'NDCG@10': '0.0011', 'HIT@20': '0.0029', 'NDCG@20': '0.0012'}
{'Epoch': 28, 'name': 'all', 'HIT@5': '0.0210', 'NDCG@5': '0.0131', 'HIT@10': '0.0333', 'NDCG@10': '0.0171', 'HIT@20': '0.0523', 'NDCG@20': '0.0218'}
EarlyStopping counter: 1 out of 40
rec dataset length: 186
100%|███████████████████████████████████████████████████████████████████████████████████████████████████████████████████████████████████████████| 186/186 [00:47<00:00,  3.88it/s]
{'epoch': 29, 'rec_avg_loss': '0.7092', 'joint_avg_loss': '0.8569', 'cl_avg_loss': '1.4774', 'itemcl_loss': '0.0000', 'cl_pair_0_loss': '1.4774'}
Recommendation EP_test:29: 100%|| 35/35 [00:08<00:00,  3.97it/s]
{'Epoch': 29, 'name': 'high_freq', 'HIT@5': '0.0299', 'NDCG@5': '0.0189', 'HIT@10': '0.0484', 'NDCG@10': '0.0249', 'HIT@20': '0.0762', 'NDCG@20': '0.0319'}
{'Epoch': 29, 'name': 'mid_freq', 'HIT@5': '0.0029', 'NDCG@5': '0.0023', 'HIT@10': '0.0043', 'NDCG@10': '0.0027', 'HIT@20': '0.0066', 'NDCG@20': '0.0033'}
{'Epoch': 29, 'name': 'low_freq', 'HIT@5': '0.0023', 'NDCG@5': '0.0011', 'HIT@10': '0.0025', 'NDCG@10': '0.0012', 'HIT@20': '0.0036', 'NDCG@20': '0.0015'}
{'Epoch': 29, 'name': 'all', 'HIT@5': '0.0212', 'NDCG@5': '0.0134', 'HIT@10': '0.0341', 'NDCG@10': '0.0176', 'HIT@20': '0.0536', 'NDCG@20': '0.0225'}
Validation score increased.  Saving model ...
rec dataset length: 186
100%|███████████████████████████████████████████████████████████████████████████████████████████████████████████████████████████████████████████| 186/186 [00:47<00:00,  3.92it/s]
{'epoch': 30, 'rec_avg_loss': '0.7004', 'joint_avg_loss': '0.8484', 'cl_avg_loss': '1.4800', 'itemcl_loss': '0.0000', 'cl_pair_0_loss': '1.4800'}
Recommendation EP_test:30: 100%|| 35/35 [00:08<00:00,  3.95it/s]
{'Epoch': 30, 'name': 'high_freq', 'HIT@5': '0.0308', 'NDCG@5': '0.0194', 'HIT@10': '0.0488', 'NDCG@10': '0.0252', 'HIT@20': '0.0769', 'NDCG@20': '0.0322'}
{'Epoch': 30, 'name': 'mid_freq', 'HIT@5': '0.0027', 'NDCG@5': '0.0023', 'HIT@10': '0.0034', 'NDCG@10': '0.0026', 'HIT@20': '0.0062', 'NDCG@20': '0.0033'}
{'Epoch': 30, 'name': 'low_freq', 'HIT@5': '0.0016', 'NDCG@5': '0.0010', 'HIT@10': '0.0025', 'NDCG@10': '0.0013', 'HIT@20': '0.0032', 'NDCG@20': '0.0015'}
{'Epoch': 30, 'name': 'all', 'HIT@5': '0.0217', 'NDCG@5': '0.0138', 'HIT@10': '0.0342', 'NDCG@10': '0.0178', 'HIT@20': '0.0539', 'NDCG@20': '0.0228'}
Validation score increased.  Saving model ...
rec dataset length: 186
100%|███████████████████████████████████████████████████████████████████████████████████████████████████████████████████████████████████████████| 186/186 [00:47<00:00,  3.91it/s]
{'epoch': 31, 'rec_avg_loss': '0.6905', 'joint_avg_loss': '0.8379', 'cl_avg_loss': '1.4739', 'itemcl_loss': '0.0000', 'cl_pair_0_loss': '1.4739'}
Recommendation EP_test:31: 100%|| 35/35 [00:08<00:00,  3.99it/s]
{'Epoch': 31, 'name': 'high_freq', 'HIT@5': '0.0299', 'NDCG@5': '0.0186', 'HIT@10': '0.0493', 'NDCG@10': '0.0248', 'HIT@20': '0.0754', 'NDCG@20': '0.0314'}
{'Epoch': 31, 'name': 'mid_freq', 'HIT@5': '0.0026', 'NDCG@5': '0.0020', 'HIT@10': '0.0042', 'NDCG@10': '0.0025', 'HIT@20': '0.0068', 'NDCG@20': '0.0032'}
{'Epoch': 31, 'name': 'low_freq', 'HIT@5': '0.0025', 'NDCG@5': '0.0014', 'HIT@10': '0.0029', 'NDCG@10': '0.0016', 'HIT@20': '0.0038', 'NDCG@20': '0.0018'}
{'Epoch': 31, 'name': 'all', 'HIT@5': '0.0211', 'NDCG@5': '0.0132', 'HIT@10': '0.0347', 'NDCG@10': '0.0175', 'HIT@20': '0.0531', 'NDCG@20': '0.0222'}
EarlyStopping counter: 1 out of 40
rec dataset length: 186
100%|███████████████████████████████████████████████████████████████████████████████████████████████████████████████████████████████████████████| 186/186 [00:47<00:00,  3.90it/s]
{'epoch': 32, 'rec_avg_loss': '0.6823', 'joint_avg_loss': '0.8300', 'cl_avg_loss': '1.4761', 'itemcl_loss': '0.0000', 'cl_pair_0_loss': '1.4761'}
Recommendation EP_test:32: 100%|| 35/35 [00:08<00:00,  4.08it/s]
{'Epoch': 32, 'name': 'high_freq', 'HIT@5': '0.0304', 'NDCG@5': '0.0193', 'HIT@10': '0.0489', 'NDCG@10': '0.0252', 'HIT@20': '0.0783', 'NDCG@20': '0.0326'}
{'Epoch': 32, 'name': 'mid_freq', 'HIT@5': '0.0033', 'NDCG@5': '0.0024', 'HIT@10': '0.0042', 'NDCG@10': '0.0027', 'HIT@20': '0.0070', 'NDCG@20': '0.0034'}
{'Epoch': 32, 'name': 'low_freq', 'HIT@5': '0.0023', 'NDCG@5': '0.0015', 'HIT@10': '0.0027', 'NDCG@10': '0.0017', 'HIT@20': '0.0050', 'NDCG@20': '0.0022'}
{'Epoch': 32, 'name': 'all', 'HIT@5': '0.0216', 'NDCG@5': '0.0138', 'HIT@10': '0.0344', 'NDCG@10': '0.0179', 'HIT@20': '0.0552', 'NDCG@20': '0.0231'}
Validation score increased.  Saving model ...
rec dataset length: 186
100%|███████████████████████████████████████████████████████████████████████████████████████████████████████████████████████████████████████████| 186/186 [00:48<00:00,  3.86it/s]
{'epoch': 33, 'rec_avg_loss': '0.6733', 'joint_avg_loss': '0.8207', 'cl_avg_loss': '1.4739', 'itemcl_loss': '0.0000', 'cl_pair_0_loss': '1.4739'}
Recommendation EP_test:33: 100%|| 35/35 [00:08<00:00,  3.94it/s]
{'Epoch': 33, 'name': 'high_freq', 'HIT@5': '0.0309', 'NDCG@5': '0.0202', 'HIT@10': '0.0498', 'NDCG@10': '0.0263', 'HIT@20': '0.0790', 'NDCG@20': '0.0336'}
{'Epoch': 33, 'name': 'mid_freq', 'HIT@5': '0.0033', 'NDCG@5': '0.0025', 'HIT@10': '0.0046', 'NDCG@10': '0.0029', 'HIT@20': '0.0068', 'NDCG@20': '0.0035'}
{'Epoch': 33, 'name': 'low_freq', 'HIT@5': '0.0023', 'NDCG@5': '0.0015', 'HIT@10': '0.0029', 'NDCG@10': '0.0017', 'HIT@20': '0.0043', 'NDCG@20': '0.0021'}
{'Epoch': 33, 'name': 'all', 'HIT@5': '0.0219', 'NDCG@5': '0.0144', 'HIT@10': '0.0352', 'NDCG@10': '0.0186', 'HIT@20': '0.0556', 'NDCG@20': '0.0238'}
Validation score increased.  Saving model ...
rec dataset length: 186
100%|███████████████████████████████████████████████████████████████████████████████████████████████████████████████████████████████████████████| 186/186 [00:48<00:00,  3.86it/s]
{'epoch': 34, 'rec_avg_loss': '0.6652', 'joint_avg_loss': '0.8111', 'cl_avg_loss': '1.4590', 'itemcl_loss': '0.0000', 'cl_pair_0_loss': '1.4590'}
Recommendation EP_test:34: 100%|| 35/35 [00:08<00:00,  4.02it/s]
{'Epoch': 34, 'name': 'high_freq', 'HIT@5': '0.0294', 'NDCG@5': '0.0189', 'HIT@10': '0.0496', 'NDCG@10': '0.0254', 'HIT@20': '0.0787', 'NDCG@20': '0.0327'}
{'Epoch': 34, 'name': 'mid_freq', 'HIT@5': '0.0040', 'NDCG@5': '0.0028', 'HIT@10': '0.0049', 'NDCG@10': '0.0031', 'HIT@20': '0.0073', 'NDCG@20': '0.0037'}
{'Epoch': 34, 'name': 'low_freq', 'HIT@5': '0.0023', 'NDCG@5': '0.0016', 'HIT@10': '0.0029', 'NDCG@10': '0.0019', 'HIT@20': '0.0034', 'NDCG@20': '0.0020'}
{'Epoch': 34, 'name': 'all', 'HIT@5': '0.0211', 'NDCG@5': '0.0136', 'HIT@10': '0.0350', 'NDCG@10': '0.0181', 'HIT@20': '0.0554', 'NDCG@20': '0.0232'}
EarlyStopping counter: 1 out of 40
rec dataset length: 186
100%|███████████████████████████████████████████████████████████████████████████████████████████████████████████████████████████████████████████| 186/186 [00:48<00:00,  3.84it/s]
{'epoch': 35, 'rec_avg_loss': '0.6582', 'joint_avg_loss': '0.8035', 'cl_avg_loss': '1.4533', 'itemcl_loss': '0.0000', 'cl_pair_0_loss': '1.4533'}
Recommendation EP_test:35: 100%|| 35/35 [00:08<00:00,  4.14it/s]
{'Epoch': 35, 'name': 'high_freq', 'HIT@5': '0.0310', 'NDCG@5': '0.0197', 'HIT@10': '0.0505', 'NDCG@10': '0.0260', 'HIT@20': '0.0790', 'NDCG@20': '0.0332'}
{'Epoch': 35, 'name': 'mid_freq', 'HIT@5': '0.0043', 'NDCG@5': '0.0030', 'HIT@10': '0.0047', 'NDCG@10': '0.0031', 'HIT@20': '0.0068', 'NDCG@20': '0.0036'}
{'Epoch': 35, 'name': 'low_freq', 'HIT@5': '0.0020', 'NDCG@5': '0.0011', 'HIT@10': '0.0027', 'NDCG@10': '0.0013', 'HIT@20': '0.0041', 'NDCG@20': '0.0016'}
{'Epoch': 35, 'name': 'all', 'HIT@5': '0.0222', 'NDCG@5': '0.0141', 'HIT@10': '0.0356', 'NDCG@10': '0.0185', 'HIT@20': '0.0556', 'NDCG@20': '0.0235'}
EarlyStopping counter: 2 out of 40
rec dataset length: 186
100%|███████████████████████████████████████████████████████████████████████████████████████████████████████████████████████████████████████████| 186/186 [00:48<00:00,  3.83it/s]
{'epoch': 36, 'rec_avg_loss': '0.6520', 'joint_avg_loss': '0.7970', 'cl_avg_loss': '1.4502', 'itemcl_loss': '0.0000', 'cl_pair_0_loss': '1.4502'}
Recommendation EP_test:36: 100%|| 35/35 [00:08<00:00,  4.03it/s]
{'Epoch': 36, 'name': 'high_freq', 'HIT@5': '0.0322', 'NDCG@5': '0.0208', 'HIT@10': '0.0496', 'NDCG@10': '0.0264', 'HIT@20': '0.0789', 'NDCG@20': '0.0338'}
{'Epoch': 36, 'name': 'mid_freq', 'HIT@5': '0.0039', 'NDCG@5': '0.0030', 'HIT@10': '0.0052', 'NDCG@10': '0.0034', 'HIT@20': '0.0069', 'NDCG@20': '0.0039'}
{'Epoch': 36, 'name': 'low_freq', 'HIT@5': '0.0023', 'NDCG@5': '0.0013', 'HIT@10': '0.0032', 'NDCG@10': '0.0016', 'HIT@20': '0.0045', 'NDCG@20': '0.0020'}
{'Epoch': 36, 'name': 'all', 'HIT@5': '0.0230', 'NDCG@5': '0.0149', 'HIT@10': '0.0351', 'NDCG@10': '0.0188', 'HIT@20': '0.0556', 'NDCG@20': '0.0240'}
Validation score increased.  Saving model ...
rec dataset length: 186
100%|███████████████████████████████████████████████████████████████████████████████████████████████████████████████████████████████████████████| 186/186 [00:48<00:00,  3.84it/s]
{'epoch': 37, 'rec_avg_loss': '0.6453', 'joint_avg_loss': '0.7890', 'cl_avg_loss': '1.4370', 'itemcl_loss': '0.0000', 'cl_pair_0_loss': '1.4370'}
Recommendation EP_test:37: 100%|| 35/35 [00:08<00:00,  4.00it/s]
{'Epoch': 37, 'name': 'high_freq', 'HIT@5': '0.0328', 'NDCG@5': '0.0212', 'HIT@10': '0.0501', 'NDCG@10': '0.0267', 'HIT@20': '0.0777', 'NDCG@20': '0.0337'}
{'Epoch': 37, 'name': 'mid_freq', 'HIT@5': '0.0040', 'NDCG@5': '0.0026', 'HIT@10': '0.0057', 'NDCG@10': '0.0032', 'HIT@20': '0.0079', 'NDCG@20': '0.0037'}
{'Epoch': 37, 'name': 'low_freq', 'HIT@5': '0.0016', 'NDCG@5': '0.0010', 'HIT@10': '0.0034', 'NDCG@10': '0.0016', 'HIT@20': '0.0041', 'NDCG@20': '0.0018'}
{'Epoch': 37, 'name': 'all', 'HIT@5': '0.0233', 'NDCG@5': '0.0151', 'HIT@10': '0.0356', 'NDCG@10': '0.0190', 'HIT@20': '0.0549', 'NDCG@20': '0.0239'}
EarlyStopping counter: 1 out of 40
rec dataset length: 186
100%|███████████████████████████████████████████████████████████████████████████████████████████████████████████████████████████████████████████| 186/186 [00:48<00:00,  3.84it/s]
{'epoch': 38, 'rec_avg_loss': '0.6380', 'joint_avg_loss': '0.7819', 'cl_avg_loss': '1.4391', 'itemcl_loss': '0.0000', 'cl_pair_0_loss': '1.4391'}
Recommendation EP_test:38: 100%|| 35/35 [00:08<00:00,  4.03it/s]
{'Epoch': 38, 'name': 'high_freq', 'HIT@5': '0.0324', 'NDCG@5': '0.0212', 'HIT@10': '0.0506', 'NDCG@10': '0.0271', 'HIT@20': '0.0798', 'NDCG@20': '0.0344'}
{'Epoch': 38, 'name': 'mid_freq', 'HIT@5': '0.0043', 'NDCG@5': '0.0030', 'HIT@10': '0.0056', 'NDCG@10': '0.0034', 'HIT@20': '0.0073', 'NDCG@20': '0.0038'}
{'Epoch': 38, 'name': 'low_freq', 'HIT@5': '0.0029', 'NDCG@5': '0.0018', 'HIT@10': '0.0036', 'NDCG@10': '0.0020', 'HIT@20': '0.0048', 'NDCG@20': '0.0023'}
{'Epoch': 38, 'name': 'all', 'HIT@5': '0.0233', 'NDCG@5': '0.0152', 'HIT@10': '0.0360', 'NDCG@10': '0.0193', 'HIT@20': '0.0563', 'NDCG@20': '0.0244'}
Validation score increased.  Saving model ...
rec dataset length: 186
100%|███████████████████████████████████████████████████████████████████████████████████████████████████████████████████████████████████████████| 186/186 [00:48<00:00,  3.84it/s]
{'epoch': 39, 'rec_avg_loss': '0.6336', 'joint_avg_loss': '0.7771', 'cl_avg_loss': '1.4346', 'itemcl_loss': '0.0000', 'cl_pair_0_loss': '1.4346'}
Recommendation EP_test:39: 100%|| 35/35 [00:08<00:00,  4.03it/s]
{'Epoch': 39, 'name': 'high_freq', 'HIT@5': '0.0339', 'NDCG@5': '0.0220', 'HIT@10': '0.0519', 'NDCG@10': '0.0278', 'HIT@20': '0.0812', 'NDCG@20': '0.0351'}
{'Epoch': 39, 'name': 'mid_freq', 'HIT@5': '0.0037', 'NDCG@5': '0.0028', 'HIT@10': '0.0062', 'NDCG@10': '0.0036', 'HIT@20': '0.0079', 'NDCG@20': '0.0040'}
{'Epoch': 39, 'name': 'low_freq', 'HIT@5': '0.0032', 'NDCG@5': '0.0021', 'HIT@10': '0.0043', 'NDCG@10': '0.0025', 'HIT@20': '0.0057', 'NDCG@20': '0.0028'}
{'Epoch': 39, 'name': 'all', 'HIT@5': '0.0242', 'NDCG@5': '0.0158', 'HIT@10': '0.0370', 'NDCG@10': '0.0199', 'HIT@20': '0.0575', 'NDCG@20': '0.0250'}
Validation score increased.  Saving model ...
rec dataset length: 186
100%|███████████████████████████████████████████████████████████████████████████████████████████████████████████████████████████████████████████| 186/186 [00:48<00:00,  3.83it/s]
{'epoch': 40, 'rec_avg_loss': '0.6274', 'joint_avg_loss': '0.7698', 'cl_avg_loss': '1.4242', 'itemcl_loss': '0.0000', 'cl_pair_0_loss': '1.4242'}
Recommendation EP_test:40: 100%|| 35/35 [00:08<00:00,  3.96it/s]
{'Epoch': 40, 'name': 'high_freq', 'HIT@5': '0.0347', 'NDCG@5': '0.0222', 'HIT@10': '0.0526', 'NDCG@10': '0.0279', 'HIT@20': '0.0813', 'NDCG@20': '0.0352'}
{'Epoch': 40, 'name': 'mid_freq', 'HIT@5': '0.0037', 'NDCG@5': '0.0028', 'HIT@10': '0.0057', 'NDCG@10': '0.0034', 'HIT@20': '0.0078', 'NDCG@20': '0.0039'}
{'Epoch': 40, 'name': 'low_freq', 'HIT@5': '0.0025', 'NDCG@5': '0.0016', 'HIT@10': '0.0038', 'NDCG@10': '0.0021', 'HIT@20': '0.0057', 'NDCG@20': '0.0025'}
{'Epoch': 40, 'name': 'all', 'HIT@5': '0.0246', 'NDCG@5': '0.0159', 'HIT@10': '0.0374', 'NDCG@10': '0.0199', 'HIT@20': '0.0575', 'NDCG@20': '0.0250'}
EarlyStopping counter: 1 out of 40
rec dataset length: 186
100%|███████████████████████████████████████████████████████████████████████████████████████████████████████████████████████████████████████████| 186/186 [00:48<00:00,  3.83it/s]
{'epoch': 41, 'rec_avg_loss': '0.6216', 'joint_avg_loss': '0.7627', 'cl_avg_loss': '1.4107', 'itemcl_loss': '0.0000', 'cl_pair_0_loss': '1.4107'}
Recommendation EP_test:41: 100%|| 35/35 [00:08<00:00,  4.08it/s]
{'Epoch': 41, 'name': 'high_freq', 'HIT@5': '0.0348', 'NDCG@5': '0.0227', 'HIT@10': '0.0528', 'NDCG@10': '0.0285', 'HIT@20': '0.0821', 'NDCG@20': '0.0358'}
{'Epoch': 41, 'name': 'mid_freq', 'HIT@5': '0.0036', 'NDCG@5': '0.0027', 'HIT@10': '0.0053', 'NDCG@10': '0.0032', 'HIT@20': '0.0082', 'NDCG@20': '0.0040'}
{'Epoch': 41, 'name': 'low_freq', 'HIT@5': '0.0027', 'NDCG@5': '0.0019', 'HIT@10': '0.0043', 'NDCG@10': '0.0024', 'HIT@20': '0.0052', 'NDCG@20': '0.0026'}
{'Epoch': 41, 'name': 'all', 'HIT@5': '0.0247', 'NDCG@5': '0.0162', 'HIT@10': '0.0375', 'NDCG@10': '0.0203', 'HIT@20': '0.0581', 'NDCG@20': '0.0255'}
Validation score increased.  Saving model ...
rec dataset length: 186
100%|███████████████████████████████████████████████████████████████████████████████████████████████████████████████████████████████████████████| 186/186 [00:48<00:00,  3.84it/s]
{'epoch': 42, 'rec_avg_loss': '0.6151', 'joint_avg_loss': '0.7555', 'cl_avg_loss': '1.4040', 'itemcl_loss': '0.0000', 'cl_pair_0_loss': '1.4040'}
Recommendation EP_test:42: 100%|| 35/35 [00:08<00:00,  4.02it/s]
{'Epoch': 42, 'name': 'high_freq', 'HIT@5': '0.0362', 'NDCG@5': '0.0231', 'HIT@10': '0.0541', 'NDCG@10': '0.0289', 'HIT@20': '0.0830', 'NDCG@20': '0.0361'}
{'Epoch': 42, 'name': 'mid_freq', 'HIT@5': '0.0040', 'NDCG@5': '0.0028', 'HIT@10': '0.0055', 'NDCG@10': '0.0033', 'HIT@20': '0.0085', 'NDCG@20': '0.0041'}
{'Epoch': 42, 'name': 'low_freq', 'HIT@5': '0.0034', 'NDCG@5': '0.0024', 'HIT@10': '0.0048', 'NDCG@10': '0.0028', 'HIT@20': '0.0066', 'NDCG@20': '0.0033'}
{'Epoch': 42, 'name': 'all', 'HIT@5': '0.0258', 'NDCG@5': '0.0166', 'HIT@10': '0.0385', 'NDCG@10': '0.0207', 'HIT@20': '0.0589', 'NDCG@20': '0.0258'}
Validation score increased.  Saving model ...
rec dataset length: 186
100%|███████████████████████████████████████████████████████████████████████████████████████████████████████████████████████████████████████████| 186/186 [00:48<00:00,  3.84it/s]
{'epoch': 43, 'rec_avg_loss': '0.6117', 'joint_avg_loss': '0.7524', 'cl_avg_loss': '1.4066', 'itemcl_loss': '0.0000', 'cl_pair_0_loss': '1.4066'}
Recommendation EP_test:43: 100%|| 35/35 [00:08<00:00,  3.98it/s]
{'Epoch': 43, 'name': 'high_freq', 'HIT@5': '0.0344', 'NDCG@5': '0.0221', 'HIT@10': '0.0537', 'NDCG@10': '0.0283', 'HIT@20': '0.0831', 'NDCG@20': '0.0356'}
{'Epoch': 43, 'name': 'mid_freq', 'HIT@5': '0.0046', 'NDCG@5': '0.0033', 'HIT@10': '0.0069', 'NDCG@10': '0.0040', 'HIT@20': '0.0090', 'NDCG@20': '0.0046'}
{'Epoch': 43, 'name': 'low_freq', 'HIT@5': '0.0041', 'NDCG@5': '0.0026', 'HIT@10': '0.0054', 'NDCG@10': '0.0030', 'HIT@20': '0.0061', 'NDCG@20': '0.0032'}
{'Epoch': 43, 'name': 'all', 'HIT@5': '0.0248', 'NDCG@5': '0.0160', 'HIT@10': '0.0385', 'NDCG@10': '0.0204', 'HIT@20': '0.0590', 'NDCG@20': '0.0255'}
EarlyStopping counter: 1 out of 40
rec dataset length: 186
100%|███████████████████████████████████████████████████████████████████████████████████████████████████████████████████████████████████████████| 186/186 [00:48<00:00,  3.85it/s]
{'epoch': 44, 'rec_avg_loss': '0.6056', 'joint_avg_loss': '0.7459', 'cl_avg_loss': '1.4028', 'itemcl_loss': '0.0000', 'cl_pair_0_loss': '1.4028'}
Recommendation EP_test:44: 100%|| 35/35 [00:08<00:00,  4.12it/s]
{'Epoch': 44, 'name': 'high_freq', 'HIT@5': '0.0334', 'NDCG@5': '0.0215', 'HIT@10': '0.0536', 'NDCG@10': '0.0280', 'HIT@20': '0.0833', 'NDCG@20': '0.0354'}
{'Epoch': 44, 'name': 'mid_freq', 'HIT@5': '0.0047', 'NDCG@5': '0.0033', 'HIT@10': '0.0055', 'NDCG@10': '0.0035', 'HIT@20': '0.0085', 'NDCG@20': '0.0043'}
{'Epoch': 44, 'name': 'low_freq', 'HIT@5': '0.0038', 'NDCG@5': '0.0021', 'HIT@10': '0.0048', 'NDCG@10': '0.0024', 'HIT@20': '0.0068', 'NDCG@20': '0.0029'}
{'Epoch': 44, 'name': 'all', 'HIT@5': '0.0242', 'NDCG@5': '0.0155', 'HIT@10': '0.0381', 'NDCG@10': '0.0200', 'HIT@20': '0.0592', 'NDCG@20': '0.0253'}
EarlyStopping counter: 2 out of 40
rec dataset length: 186
100%|███████████████████████████████████████████████████████████████████████████████████████████████████████████████████████████████████████████| 186/186 [00:48<00:00,  3.85it/s]
{'epoch': 45, 'rec_avg_loss': '0.5998', 'joint_avg_loss': '0.7394', 'cl_avg_loss': '1.3966', 'itemcl_loss': '0.0000', 'cl_pair_0_loss': '1.3966'}
Recommendation EP_test:45: 100%|| 35/35 [00:08<00:00,  4.00it/s]
{'Epoch': 45, 'name': 'high_freq', 'HIT@5': '0.0337', 'NDCG@5': '0.0216', 'HIT@10': '0.0534', 'NDCG@10': '0.0279', 'HIT@20': '0.0844', 'NDCG@20': '0.0357'}
{'Epoch': 45, 'name': 'mid_freq', 'HIT@5': '0.0052', 'NDCG@5': '0.0034', 'HIT@10': '0.0060', 'NDCG@10': '0.0037', 'HIT@20': '0.0086', 'NDCG@20': '0.0044'}
{'Epoch': 45, 'name': 'low_freq', 'HIT@5': '0.0041', 'NDCG@5': '0.0027', 'HIT@10': '0.0045', 'NDCG@10': '0.0028', 'HIT@20': '0.0059', 'NDCG@20': '0.0032'}
{'Epoch': 45, 'name': 'all', 'HIT@5': '0.0244', 'NDCG@5': '0.0157', 'HIT@10': '0.0381', 'NDCG@10': '0.0201', 'HIT@20': '0.0598', 'NDCG@20': '0.0255'}
EarlyStopping counter: 3 out of 40
rec dataset length: 186
100%|███████████████████████████████████████████████████████████████████████████████████████████████████████████████████████████████████████████| 186/186 [00:48<00:00,  3.86it/s]
{'epoch': 46, 'rec_avg_loss': '0.5953', 'joint_avg_loss': '0.7343', 'cl_avg_loss': '1.3906', 'itemcl_loss': '0.0000', 'cl_pair_0_loss': '1.3906'}
Recommendation EP_test:46: 100%|| 35/35 [00:08<00:00,  4.00it/s]
{'Epoch': 46, 'name': 'high_freq', 'HIT@5': '0.0339', 'NDCG@5': '0.0218', 'HIT@10': '0.0538', 'NDCG@10': '0.0281', 'HIT@20': '0.0838', 'NDCG@20': '0.0357'}
{'Epoch': 46, 'name': 'mid_freq', 'HIT@5': '0.0046', 'NDCG@5': '0.0033', 'HIT@10': '0.0057', 'NDCG@10': '0.0037', 'HIT@20': '0.0086', 'NDCG@20': '0.0044'}
{'Epoch': 46, 'name': 'low_freq', 'HIT@5': '0.0036', 'NDCG@5': '0.0023', 'HIT@10': '0.0052', 'NDCG@10': '0.0027', 'HIT@20': '0.0070', 'NDCG@20': '0.0032'}
{'Epoch': 46, 'name': 'all', 'HIT@5': '0.0244', 'NDCG@5': '0.0157', 'HIT@10': '0.0384', 'NDCG@10': '0.0202', 'HIT@20': '0.0596', 'NDCG@20': '0.0255'}
EarlyStopping counter: 4 out of 40
rec dataset length: 186
100%|███████████████████████████████████████████████████████████████████████████████████████████████████████████████████████████████████████████| 186/186 [00:48<00:00,  3.84it/s]
{'epoch': 47, 'rec_avg_loss': '0.5897', 'joint_avg_loss': '0.7271', 'cl_avg_loss': '1.3737', 'itemcl_loss': '0.0000', 'cl_pair_0_loss': '1.3737'}
Recommendation EP_test:47: 100%|| 35/35 [00:08<00:00,  4.08it/s]
{'Epoch': 47, 'name': 'high_freq', 'HIT@5': '0.0341', 'NDCG@5': '0.0218', 'HIT@10': '0.0542', 'NDCG@10': '0.0282', 'HIT@20': '0.0853', 'NDCG@20': '0.0361'}
{'Epoch': 47, 'name': 'mid_freq', 'HIT@5': '0.0047', 'NDCG@5': '0.0032', 'HIT@10': '0.0056', 'NDCG@10': '0.0035', 'HIT@20': '0.0092', 'NDCG@20': '0.0044'}
{'Epoch': 47, 'name': 'low_freq', 'HIT@5': '0.0043', 'NDCG@5': '0.0029', 'HIT@10': '0.0061', 'NDCG@10': '0.0035', 'HIT@20': '0.0077', 'NDCG@20': '0.0039'}
{'Epoch': 47, 'name': 'all', 'HIT@5': '0.0247', 'NDCG@5': '0.0158', 'HIT@10': '0.0387', 'NDCG@10': '0.0203', 'HIT@20': '0.0608', 'NDCG@20': '0.0259'}
Validation score increased.  Saving model ...
rec dataset length: 186
100%|███████████████████████████████████████████████████████████████████████████████████████████████████████████████████████████████████████████| 186/186 [00:48<00:00,  3.84it/s]
{'epoch': 48, 'rec_avg_loss': '0.5876', 'joint_avg_loss': '0.7258', 'cl_avg_loss': '1.3822', 'itemcl_loss': '0.0000', 'cl_pair_0_loss': '1.3822'}
Recommendation EP_test:48: 100%|| 35/35 [00:08<00:00,  4.00it/s]
{'Epoch': 48, 'name': 'high_freq', 'HIT@5': '0.0337', 'NDCG@5': '0.0216', 'HIT@10': '0.0541', 'NDCG@10': '0.0282', 'HIT@20': '0.0834', 'NDCG@20': '0.0356'}
{'Epoch': 48, 'name': 'mid_freq', 'HIT@5': '0.0046', 'NDCG@5': '0.0033', 'HIT@10': '0.0060', 'NDCG@10': '0.0037', 'HIT@20': '0.0086', 'NDCG@20': '0.0044'}
{'Epoch': 48, 'name': 'low_freq', 'HIT@5': '0.0045', 'NDCG@5': '0.0028', 'HIT@10': '0.0061', 'NDCG@10': '0.0034', 'HIT@20': '0.0075', 'NDCG@20': '0.0037'}
{'Epoch': 48, 'name': 'all', 'HIT@5': '0.0244', 'NDCG@5': '0.0157', 'HIT@10': '0.0388', 'NDCG@10': '0.0203', 'HIT@20': '0.0594', 'NDCG@20': '0.0255'}
EarlyStopping counter: 1 out of 40
rec dataset length: 186
100%|███████████████████████████████████████████████████████████████████████████████████████████████████████████████████████████████████████████| 186/186 [00:48<00:00,  3.85it/s]
{'epoch': 49, 'rec_avg_loss': '0.5811', 'joint_avg_loss': '0.7177', 'cl_avg_loss': '1.3660', 'itemcl_loss': '0.0000', 'cl_pair_0_loss': '1.3660'}
Recommendation EP_test:49: 100%|| 35/35 [00:08<00:00,  4.09it/s]
{'Epoch': 49, 'name': 'high_freq', 'HIT@5': '0.0335', 'NDCG@5': '0.0213', 'HIT@10': '0.0540', 'NDCG@10': '0.0279', 'HIT@20': '0.0856', 'NDCG@20': '0.0358'}
{'Epoch': 49, 'name': 'mid_freq', 'HIT@5': '0.0049', 'NDCG@5': '0.0035', 'HIT@10': '0.0059', 'NDCG@10': '0.0038', 'HIT@20': '0.0095', 'NDCG@20': '0.0047'}
{'Epoch': 49, 'name': 'low_freq', 'HIT@5': '0.0048', 'NDCG@5': '0.0029', 'HIT@10': '0.0059', 'NDCG@10': '0.0033', 'HIT@20': '0.0070', 'NDCG@20': '0.0036'}
{'Epoch': 49, 'name': 'all', 'HIT@5': '0.0244', 'NDCG@5': '0.0155', 'HIT@10': '0.0386', 'NDCG@10': '0.0201', 'HIT@20': '0.0610', 'NDCG@20': '0.0257'}
EarlyStopping counter: 2 out of 40
rec dataset length: 186
100%|███████████████████████████████████████████████████████████████████████████████████████████████████████████████████████████████████████████| 186/186 [00:48<00:00,  3.84it/s]
{'epoch': 50, 'rec_avg_loss': '0.5774', 'joint_avg_loss': '0.7135', 'cl_avg_loss': '1.3614', 'itemcl_loss': '0.0000', 'cl_pair_0_loss': '1.3614'}
Recommendation EP_test:50: 100%|| 35/35 [00:08<00:00,  4.15it/s]
{'Epoch': 50, 'name': 'high_freq', 'HIT@5': '0.0329', 'NDCG@5': '0.0214', 'HIT@10': '0.0551', 'NDCG@10': '0.0285', 'HIT@20': '0.0856', 'NDCG@20': '0.0361'}
{'Epoch': 50, 'name': 'mid_freq', 'HIT@5': '0.0046', 'NDCG@5': '0.0034', 'HIT@10': '0.0059', 'NDCG@10': '0.0038', 'HIT@20': '0.0093', 'NDCG@20': '0.0047'}
{'Epoch': 50, 'name': 'low_freq', 'HIT@5': '0.0036', 'NDCG@5': '0.0025', 'HIT@10': '0.0057', 'NDCG@10': '0.0032', 'HIT@20': '0.0063', 'NDCG@20': '0.0034'}
{'Epoch': 50, 'name': 'all', 'HIT@5': '0.0237', 'NDCG@5': '0.0155', 'HIT@10': '0.0394', 'NDCG@10': '0.0205', 'HIT@20': '0.0608', 'NDCG@20': '0.0259'}
Validation score increased.  Saving model ...
rec dataset length: 186
100%|███████████████████████████████████████████████████████████████████████████████████████████████████████████████████████████████████████████| 186/186 [00:48<00:00,  3.84it/s]
{'epoch': 51, 'rec_avg_loss': '0.5730', 'joint_avg_loss': '0.7093', 'cl_avg_loss': '1.3631', 'itemcl_loss': '0.0000', 'cl_pair_0_loss': '1.3631'}
Recommendation EP_test:51: 100%|| 35/35 [00:08<00:00,  4.09it/s]
{'Epoch': 51, 'name': 'high_freq', 'HIT@5': '0.0331', 'NDCG@5': '0.0216', 'HIT@10': '0.0542', 'NDCG@10': '0.0283', 'HIT@20': '0.0835', 'NDCG@20': '0.0357'}
{'Epoch': 51, 'name': 'mid_freq', 'HIT@5': '0.0052', 'NDCG@5': '0.0038', 'HIT@10': '0.0066', 'NDCG@10': '0.0043', 'HIT@20': '0.0099', 'NDCG@20': '0.0051'}
{'Epoch': 51, 'name': 'low_freq', 'HIT@5': '0.0034', 'NDCG@5': '0.0021', 'HIT@10': '0.0052', 'NDCG@10': '0.0027', 'HIT@20': '0.0063', 'NDCG@20': '0.0030'}
{'Epoch': 51, 'name': 'all', 'HIT@5': '0.0240', 'NDCG@5': '0.0157', 'HIT@10': '0.0388', 'NDCG@10': '0.0204', 'HIT@20': '0.0595', 'NDCG@20': '0.0257'}
EarlyStopping counter: 1 out of 40
rec dataset length: 186
100%|███████████████████████████████████████████████████████████████████████████████████████████████████████████████████████████████████████████| 186/186 [00:48<00:00,  3.84it/s]
{'epoch': 52, 'rec_avg_loss': '0.5672', 'joint_avg_loss': '0.7018', 'cl_avg_loss': '1.3456', 'itemcl_loss': '0.0000', 'cl_pair_0_loss': '1.3456'}
Recommendation EP_test:52: 100%|| 35/35 [00:08<00:00,  4.10it/s]
{'Epoch': 52, 'name': 'high_freq', 'HIT@5': '0.0331', 'NDCG@5': '0.0215', 'HIT@10': '0.0548', 'NDCG@10': '0.0285', 'HIT@20': '0.0834', 'NDCG@20': '0.0356'}
{'Epoch': 52, 'name': 'mid_freq', 'HIT@5': '0.0052', 'NDCG@5': '0.0038', 'HIT@10': '0.0070', 'NDCG@10': '0.0044', 'HIT@20': '0.0089', 'NDCG@20': '0.0049'}
{'Epoch': 52, 'name': 'low_freq', 'HIT@5': '0.0036', 'NDCG@5': '0.0027', 'HIT@10': '0.0050', 'NDCG@10': '0.0031', 'HIT@20': '0.0066', 'NDCG@20': '0.0035'}
{'Epoch': 52, 'name': 'all', 'HIT@5': '0.0240', 'NDCG@5': '0.0157', 'HIT@10': '0.0392', 'NDCG@10': '0.0206', 'HIT@20': '0.0593', 'NDCG@20': '0.0256'}
EarlyStopping counter: 2 out of 40
rec dataset length: 186
100%|███████████████████████████████████████████████████████████████████████████████████████████████████████████████████████████████████████████| 186/186 [00:48<00:00,  3.84it/s]
{'epoch': 53, 'rec_avg_loss': '0.5638', 'joint_avg_loss': '0.6992', 'cl_avg_loss': '1.3544', 'itemcl_loss': '0.0000', 'cl_pair_0_loss': '1.3544'}
Recommendation EP_test:53: 100%|| 35/35 [00:08<00:00,  4.01it/s]
{'Epoch': 53, 'name': 'high_freq', 'HIT@5': '0.0339', 'NDCG@5': '0.0216', 'HIT@10': '0.0541', 'NDCG@10': '0.0280', 'HIT@20': '0.0841', 'NDCG@20': '0.0356'}
{'Epoch': 53, 'name': 'mid_freq', 'HIT@5': '0.0053', 'NDCG@5': '0.0036', 'HIT@10': '0.0072', 'NDCG@10': '0.0042', 'HIT@20': '0.0102', 'NDCG@20': '0.0050'}
{'Epoch': 53, 'name': 'low_freq', 'HIT@5': '0.0043', 'NDCG@5': '0.0027', 'HIT@10': '0.0057', 'NDCG@10': '0.0031', 'HIT@20': '0.0068', 'NDCG@20': '0.0034'}
{'Epoch': 53, 'name': 'all', 'HIT@5': '0.0246', 'NDCG@5': '0.0157', 'HIT@10': '0.0389', 'NDCG@10': '0.0203', 'HIT@20': '0.0600', 'NDCG@20': '0.0256'}
EarlyStopping counter: 3 out of 40
rec dataset length: 186
100%|███████████████████████████████████████████████████████████████████████████████████████████████████████████████████████████████████████████| 186/186 [00:48<00:00,  3.85it/s]
{'epoch': 54, 'rec_avg_loss': '0.5603', 'joint_avg_loss': '0.6941', 'cl_avg_loss': '1.3383', 'itemcl_loss': '0.0000', 'cl_pair_0_loss': '1.3383'}
Recommendation EP_test:54: 100%|| 35/35 [00:08<00:00,  4.01it/s]
{'Epoch': 54, 'name': 'high_freq', 'HIT@5': '0.0350', 'NDCG@5': '0.0226', 'HIT@10': '0.0549', 'NDCG@10': '0.0289', 'HIT@20': '0.0856', 'NDCG@20': '0.0366'}
{'Epoch': 54, 'name': 'mid_freq', 'HIT@5': '0.0052', 'NDCG@5': '0.0036', 'HIT@10': '0.0068', 'NDCG@10': '0.0041', 'HIT@20': '0.0101', 'NDCG@20': '0.0050'}
{'Epoch': 54, 'name': 'low_freq', 'HIT@5': '0.0045', 'NDCG@5': '0.0029', 'HIT@10': '0.0066', 'NDCG@10': '0.0036', 'HIT@20': '0.0079', 'NDCG@20': '0.0039'}
{'Epoch': 54, 'name': 'all', 'HIT@5': '0.0254', 'NDCG@5': '0.0164', 'HIT@10': '0.0395', 'NDCG@10': '0.0209', 'HIT@20': '0.0612', 'NDCG@20': '0.0264'}
Validation score increased.  Saving model ...
rec dataset length: 186
100%|███████████████████████████████████████████████████████████████████████████████████████████████████████████████████████████████████████████| 186/186 [00:48<00:00,  3.85it/s]
{'epoch': 55, 'rec_avg_loss': '0.5578', 'joint_avg_loss': '0.6929', 'cl_avg_loss': '1.3511', 'itemcl_loss': '0.0000', 'cl_pair_0_loss': '1.3511'}
Recommendation EP_test:55: 100%|| 35/35 [00:08<00:00,  4.04it/s]
{'Epoch': 55, 'name': 'high_freq', 'HIT@5': '0.0349', 'NDCG@5': '0.0227', 'HIT@10': '0.0553', 'NDCG@10': '0.0292', 'HIT@20': '0.0843', 'NDCG@20': '0.0365'}
{'Epoch': 55, 'name': 'mid_freq', 'HIT@5': '0.0047', 'NDCG@5': '0.0032', 'HIT@10': '0.0066', 'NDCG@10': '0.0038', 'HIT@20': '0.0101', 'NDCG@20': '0.0046'}
{'Epoch': 55, 'name': 'low_freq', 'HIT@5': '0.0034', 'NDCG@5': '0.0024', 'HIT@10': '0.0066', 'NDCG@10': '0.0034', 'HIT@20': '0.0068', 'NDCG@20': '0.0035'}
{'Epoch': 55, 'name': 'all', 'HIT@5': '0.0251', 'NDCG@5': '0.0164', 'HIT@10': '0.0397', 'NDCG@10': '0.0211', 'HIT@20': '0.0602', 'NDCG@20': '0.0262'}
EarlyStopping counter: 1 out of 40
rec dataset length: 186
100%|███████████████████████████████████████████████████████████████████████████████████████████████████████████████████████████████████████████| 186/186 [00:48<00:00,  3.83it/s]
{'epoch': 56, 'rec_avg_loss': '0.5547', 'joint_avg_loss': '0.6886', 'cl_avg_loss': '1.3390', 'itemcl_loss': '0.0000', 'cl_pair_0_loss': '1.3390'}
Recommendation EP_test:56: 100%|| 35/35 [00:08<00:00,  4.05it/s]
{'Epoch': 56, 'name': 'high_freq', 'HIT@5': '0.0345', 'NDCG@5': '0.0224', 'HIT@10': '0.0541', 'NDCG@10': '0.0287', 'HIT@20': '0.0850', 'NDCG@20': '0.0365'}
{'Epoch': 56, 'name': 'mid_freq', 'HIT@5': '0.0052', 'NDCG@5': '0.0035', 'HIT@10': '0.0072', 'NDCG@10': '0.0041', 'HIT@20': '0.0099', 'NDCG@20': '0.0048'}
{'Epoch': 56, 'name': 'low_freq', 'HIT@5': '0.0048', 'NDCG@5': '0.0030', 'HIT@10': '0.0059', 'NDCG@10': '0.0034', 'HIT@20': '0.0072', 'NDCG@20': '0.0037'}
{'Epoch': 56, 'name': 'all', 'HIT@5': '0.0251', 'NDCG@5': '0.0163', 'HIT@10': '0.0390', 'NDCG@10': '0.0208', 'HIT@20': '0.0606', 'NDCG@20': '0.0262'}
EarlyStopping counter: 2 out of 40
rec dataset length: 186
100%|███████████████████████████████████████████████████████████████████████████████████████████████████████████████████████████████████████████| 186/186 [00:48<00:00,  3.84it/s]
{'epoch': 57, 'rec_avg_loss': '0.5533', 'joint_avg_loss': '0.6863', 'cl_avg_loss': '1.3299', 'itemcl_loss': '0.0000', 'cl_pair_0_loss': '1.3299'}
Recommendation EP_test:57: 100%|| 35/35 [00:08<00:00,  4.05it/s]
{'Epoch': 57, 'name': 'high_freq', 'HIT@5': '0.0343', 'NDCG@5': '0.0224', 'HIT@10': '0.0553', 'NDCG@10': '0.0291', 'HIT@20': '0.0849', 'NDCG@20': '0.0365'}
{'Epoch': 57, 'name': 'mid_freq', 'HIT@5': '0.0050', 'NDCG@5': '0.0035', 'HIT@10': '0.0075', 'NDCG@10': '0.0043', 'HIT@20': '0.0101', 'NDCG@20': '0.0049'}
{'Epoch': 57, 'name': 'low_freq', 'HIT@5': '0.0043', 'NDCG@5': '0.0027', 'HIT@10': '0.0061', 'NDCG@10': '0.0033', 'HIT@20': '0.0061', 'NDCG@20': '0.0033'}
{'Epoch': 57, 'name': 'all', 'HIT@5': '0.0248', 'NDCG@5': '0.0162', 'HIT@10': '0.0398', 'NDCG@10': '0.0210', 'HIT@20': '0.0605', 'NDCG@20': '0.0262'}
EarlyStopping counter: 3 out of 40
rec dataset length: 186
100%|███████████████████████████████████████████████████████████████████████████████████████████████████████████████████████████████████████████| 186/186 [00:48<00:00,  3.85it/s]
{'epoch': 58, 'rec_avg_loss': '0.5437', 'joint_avg_loss': '0.6756', 'cl_avg_loss': '1.3190', 'itemcl_loss': '0.0000', 'cl_pair_0_loss': '1.3190'}
Recommendation EP_test:58: 100%|| 35/35 [00:08<00:00,  4.12it/s]
{'Epoch': 58, 'name': 'high_freq', 'HIT@5': '0.0351', 'NDCG@5': '0.0227', 'HIT@10': '0.0563', 'NDCG@10': '0.0295', 'HIT@20': '0.0869', 'NDCG@20': '0.0372'}
{'Epoch': 58, 'name': 'mid_freq', 'HIT@5': '0.0045', 'NDCG@5': '0.0031', 'HIT@10': '0.0068', 'NDCG@10': '0.0039', 'HIT@20': '0.0102', 'NDCG@20': '0.0047'}
{'Epoch': 58, 'name': 'low_freq', 'HIT@5': '0.0050', 'NDCG@5': '0.0033', 'HIT@10': '0.0059', 'NDCG@10': '0.0036', 'HIT@20': '0.0066', 'NDCG@20': '0.0037'}
{'Epoch': 58, 'name': 'all', 'HIT@5': '0.0254', 'NDCG@5': '0.0164', 'HIT@10': '0.0403', 'NDCG@10': '0.0213', 'HIT@20': '0.0619', 'NDCG@20': '0.0267'}
Validation score increased.  Saving model ...
rec dataset length: 186
100%|███████████████████████████████████████████████████████████████████████████████████████████████████████████████████████████████████████████| 186/186 [00:48<00:00,  3.85it/s]
{'epoch': 59, 'rec_avg_loss': '0.5435', 'joint_avg_loss': '0.6755', 'cl_avg_loss': '1.3202', 'itemcl_loss': '0.0000', 'cl_pair_0_loss': '1.3202'}
Recommendation EP_test:59: 100%|| 35/35 [00:08<00:00,  4.17it/s]
{'Epoch': 59, 'name': 'high_freq', 'HIT@5': '0.0338', 'NDCG@5': '0.0219', 'HIT@10': '0.0559', 'NDCG@10': '0.0290', 'HIT@20': '0.0874', 'NDCG@20': '0.0369'}
{'Epoch': 59, 'name': 'mid_freq', 'HIT@5': '0.0052', 'NDCG@5': '0.0035', 'HIT@10': '0.0075', 'NDCG@10': '0.0042', 'HIT@20': '0.0103', 'NDCG@20': '0.0049'}
{'Epoch': 59, 'name': 'low_freq', 'HIT@5': '0.0043', 'NDCG@5': '0.0029', 'HIT@10': '0.0059', 'NDCG@10': '0.0034', 'HIT@20': '0.0072', 'NDCG@20': '0.0037'}
{'Epoch': 59, 'name': 'all', 'HIT@5': '0.0245', 'NDCG@5': '0.0159', 'HIT@10': '0.0402', 'NDCG@10': '0.0210', 'HIT@20': '0.0624', 'NDCG@20': '0.0265'}
EarlyStopping counter: 1 out of 40
rec dataset length: 186
100%|███████████████████████████████████████████████████████████████████████████████████████████████████████████████████████████████████████████| 186/186 [00:48<00:00,  3.85it/s]
{'epoch': 60, 'rec_avg_loss': '0.5420', 'joint_avg_loss': '0.6734', 'cl_avg_loss': '1.3137', 'itemcl_loss': '0.0000', 'cl_pair_0_loss': '1.3137'}
Recommendation EP_test:60: 100%|| 35/35 [00:08<00:00,  4.13it/s]
{'Epoch': 60, 'name': 'high_freq', 'HIT@5': '0.0348', 'NDCG@5': '0.0222', 'HIT@10': '0.0555', 'NDCG@10': '0.0288', 'HIT@20': '0.0868', 'NDCG@20': '0.0367'}
{'Epoch': 60, 'name': 'mid_freq', 'HIT@5': '0.0057', 'NDCG@5': '0.0039', 'HIT@10': '0.0082', 'NDCG@10': '0.0047', 'HIT@20': '0.0102', 'NDCG@20': '0.0052'}
{'Epoch': 60, 'name': 'low_freq', 'HIT@5': '0.0041', 'NDCG@5': '0.0031', 'HIT@10': '0.0061', 'NDCG@10': '0.0037', 'HIT@20': '0.0079', 'NDCG@20': '0.0042'}
{'Epoch': 60, 'name': 'all', 'HIT@5': '0.0253', 'NDCG@5': '0.0163', 'HIT@10': '0.0401', 'NDCG@10': '0.0210', 'HIT@20': '0.0620', 'NDCG@20': '0.0265'}
EarlyStopping counter: 2 out of 40
rec dataset length: 186
100%|███████████████████████████████████████████████████████████████████████████████████████████████████████████████████████████████████████████| 186/186 [00:48<00:00,  3.84it/s]
{'epoch': 61, 'rec_avg_loss': '0.5397', 'joint_avg_loss': '0.6696', 'cl_avg_loss': '1.2990', 'itemcl_loss': '0.0000', 'cl_pair_0_loss': '1.2990'}
Recommendation EP_test:61: 100%|| 35/35 [00:08<00:00,  3.93it/s]
{'Epoch': 61, 'name': 'high_freq', 'HIT@5': '0.0358', 'NDCG@5': '0.0226', 'HIT@10': '0.0566', 'NDCG@10': '0.0293', 'HIT@20': '0.0882', 'NDCG@20': '0.0372'}
{'Epoch': 61, 'name': 'mid_freq', 'HIT@5': '0.0056', 'NDCG@5': '0.0038', 'HIT@10': '0.0075', 'NDCG@10': '0.0044', 'HIT@20': '0.0106', 'NDCG@20': '0.0052'}
{'Epoch': 61, 'name': 'low_freq', 'HIT@5': '0.0038', 'NDCG@5': '0.0028', 'HIT@10': '0.0054', 'NDCG@10': '0.0033', 'HIT@20': '0.0077', 'NDCG@20': '0.0039'}
{'Epoch': 61, 'name': 'all', 'HIT@5': '0.0259', 'NDCG@5': '0.0165', 'HIT@10': '0.0406', 'NDCG@10': '0.0212', 'HIT@20': '0.0630', 'NDCG@20': '0.0268'}
Validation score increased.  Saving model ...
rec dataset length: 186
100%|███████████████████████████████████████████████████████████████████████████████████████████████████████████████████████████████████████████| 186/186 [00:47<00:00,  3.90it/s]
{'epoch': 62, 'rec_avg_loss': '0.5331', 'joint_avg_loss': '0.6649', 'cl_avg_loss': '1.3180', 'itemcl_loss': '0.0000', 'cl_pair_0_loss': '1.3180'}
Recommendation EP_test:62: 100%|| 35/35 [00:08<00:00,  4.17it/s]
{'Epoch': 62, 'name': 'high_freq', 'HIT@5': '0.0352', 'NDCG@5': '0.0226', 'HIT@10': '0.0569', 'NDCG@10': '0.0296', 'HIT@20': '0.0889', 'NDCG@20': '0.0376'}
{'Epoch': 62, 'name': 'mid_freq', 'HIT@5': '0.0050', 'NDCG@5': '0.0035', 'HIT@10': '0.0078', 'NDCG@10': '0.0044', 'HIT@20': '0.0108', 'NDCG@20': '0.0052'}
{'Epoch': 62, 'name': 'low_freq', 'HIT@5': '0.0045', 'NDCG@5': '0.0034', 'HIT@10': '0.0054', 'NDCG@10': '0.0037', 'HIT@20': '0.0081', 'NDCG@20': '0.0044'}
{'Epoch': 62, 'name': 'all', 'HIT@5': '0.0255', 'NDCG@5': '0.0165', 'HIT@10': '0.0409', 'NDCG@10': '0.0214', 'HIT@20': '0.0636', 'NDCG@20': '0.0271'}
Validation score increased.  Saving model ...
rec dataset length: 186
100%|███████████████████████████████████████████████████████████████████████████████████████████████████████████████████████████████████████████| 186/186 [00:47<00:00,  3.91it/s]
{'epoch': 63, 'rec_avg_loss': '0.5322', 'joint_avg_loss': '0.6619', 'cl_avg_loss': '1.2969', 'itemcl_loss': '0.0000', 'cl_pair_0_loss': '1.2969'}
Recommendation EP_test:63: 100%|| 35/35 [00:08<00:00,  4.12it/s]
{'Epoch': 63, 'name': 'high_freq', 'HIT@5': '0.0359', 'NDCG@5': '0.0229', 'HIT@10': '0.0560', 'NDCG@10': '0.0294', 'HIT@20': '0.0885', 'NDCG@20': '0.0375'}
{'Epoch': 63, 'name': 'mid_freq', 'HIT@5': '0.0060', 'NDCG@5': '0.0039', 'HIT@10': '0.0085', 'NDCG@10': '0.0047', 'HIT@20': '0.0109', 'NDCG@20': '0.0053'}
{'Epoch': 63, 'name': 'low_freq', 'HIT@5': '0.0045', 'NDCG@5': '0.0032', 'HIT@10': '0.0066', 'NDCG@10': '0.0038', 'HIT@20': '0.0081', 'NDCG@20': '0.0042'}
{'Epoch': 63, 'name': 'all', 'HIT@5': '0.0262', 'NDCG@5': '0.0167', 'HIT@10': '0.0406', 'NDCG@10': '0.0214', 'HIT@20': '0.0633', 'NDCG@20': '0.0271'}
EarlyStopping counter: 1 out of 40
rec dataset length: 186
100%|███████████████████████████████████████████████████████████████████████████████████████████████████████████████████████████████████████████| 186/186 [00:47<00:00,  3.90it/s]
{'epoch': 64, 'rec_avg_loss': '0.5299', 'joint_avg_loss': '0.6592', 'cl_avg_loss': '1.2932', 'itemcl_loss': '0.0000', 'cl_pair_0_loss': '1.2932'}
Recommendation EP_test:64: 100%|| 35/35 [00:08<00:00,  4.10it/s]
{'Epoch': 64, 'name': 'high_freq', 'HIT@5': '0.0350', 'NDCG@5': '0.0225', 'HIT@10': '0.0565', 'NDCG@10': '0.0294', 'HIT@20': '0.0875', 'NDCG@20': '0.0371'}
{'Epoch': 64, 'name': 'mid_freq', 'HIT@5': '0.0056', 'NDCG@5': '0.0037', 'HIT@10': '0.0088', 'NDCG@10': '0.0047', 'HIT@20': '0.0115', 'NDCG@20': '0.0054'}
{'Epoch': 64, 'name': 'low_freq', 'HIT@5': '0.0045', 'NDCG@5': '0.0030', 'HIT@10': '0.0061', 'NDCG@10': '0.0036', 'HIT@20': '0.0081', 'NDCG@20': '0.0041'}
{'Epoch': 64, 'name': 'all', 'HIT@5': '0.0255', 'NDCG@5': '0.0164', 'HIT@10': '0.0409', 'NDCG@10': '0.0213', 'HIT@20': '0.0628', 'NDCG@20': '0.0268'}
EarlyStopping counter: 2 out of 40
rec dataset length: 186
100%|███████████████████████████████████████████████████████████████████████████████████████████████████████████████████████████████████████████| 186/186 [00:47<00:00,  3.90it/s]
{'epoch': 65, 'rec_avg_loss': '0.5259', 'joint_avg_loss': '0.6548', 'cl_avg_loss': '1.2895', 'itemcl_loss': '0.0000', 'cl_pair_0_loss': '1.2895'}
Recommendation EP_test:65: 100%|| 35/35 [00:08<00:00,  4.24it/s]
{'Epoch': 65, 'name': 'high_freq', 'HIT@5': '0.0352', 'NDCG@5': '0.0226', 'HIT@10': '0.0568', 'NDCG@10': '0.0296', 'HIT@20': '0.0883', 'NDCG@20': '0.0375'}
{'Epoch': 65, 'name': 'mid_freq', 'HIT@5': '0.0063', 'NDCG@5': '0.0041', 'HIT@10': '0.0082', 'NDCG@10': '0.0048', 'HIT@20': '0.0121', 'NDCG@20': '0.0057'}
{'Epoch': 65, 'name': 'low_freq', 'HIT@5': '0.0041', 'NDCG@5': '0.0026', 'HIT@10': '0.0061', 'NDCG@10': '0.0032', 'HIT@20': '0.0079', 'NDCG@20': '0.0037'}
{'Epoch': 65, 'name': 'all', 'HIT@5': '0.0257', 'NDCG@5': '0.0165', 'HIT@10': '0.0410', 'NDCG@10': '0.0215', 'HIT@20': '0.0634', 'NDCG@20': '0.0271'}
EarlyStopping counter: 3 out of 40
rec dataset length: 186
100%|███████████████████████████████████████████████████████████████████████████████████████████████████████████████████████████████████████████| 186/186 [00:47<00:00,  3.88it/s]
{'epoch': 66, 'rec_avg_loss': '0.5215', 'joint_avg_loss': '0.6494', 'cl_avg_loss': '1.2791', 'itemcl_loss': '0.0000', 'cl_pair_0_loss': '1.2791'}
Recommendation EP_test:66: 100%|| 35/35 [00:08<00:00,  4.09it/s]
{'Epoch': 66, 'name': 'high_freq', 'HIT@5': '0.0354', 'NDCG@5': '0.0226', 'HIT@10': '0.0560', 'NDCG@10': '0.0292', 'HIT@20': '0.0875', 'NDCG@20': '0.0372'}
{'Epoch': 66, 'name': 'mid_freq', 'HIT@5': '0.0057', 'NDCG@5': '0.0040', 'HIT@10': '0.0080', 'NDCG@10': '0.0047', 'HIT@20': '0.0116', 'NDCG@20': '0.0056'}
{'Epoch': 66, 'name': 'low_freq', 'HIT@5': '0.0043', 'NDCG@5': '0.0030', 'HIT@10': '0.0052', 'NDCG@10': '0.0033', 'HIT@20': '0.0079', 'NDCG@20': '0.0040'}
{'Epoch': 66, 'name': 'all', 'HIT@5': '0.0257', 'NDCG@5': '0.0165', 'HIT@10': '0.0403', 'NDCG@10': '0.0212', 'HIT@20': '0.0628', 'NDCG@20': '0.0269'}
EarlyStopping counter: 4 out of 40
rec dataset length: 186
100%|███████████████████████████████████████████████████████████████████████████████████████████████████████████████████████████████████████████| 186/186 [00:47<00:00,  3.88it/s]
{'epoch': 67, 'rec_avg_loss': '0.5231', 'joint_avg_loss': '0.6512', 'cl_avg_loss': '1.2816', 'itemcl_loss': '0.0000', 'cl_pair_0_loss': '1.2816'}
Recommendation EP_test:67: 100%|| 35/35 [00:08<00:00,  4.08it/s]
{'Epoch': 67, 'name': 'high_freq', 'HIT@5': '0.0358', 'NDCG@5': '0.0234', 'HIT@10': '0.0575', 'NDCG@10': '0.0303', 'HIT@20': '0.0875', 'NDCG@20': '0.0378'}
{'Epoch': 67, 'name': 'mid_freq', 'HIT@5': '0.0065', 'NDCG@5': '0.0045', 'HIT@10': '0.0082', 'NDCG@10': '0.0051', 'HIT@20': '0.0108', 'NDCG@20': '0.0057'}
{'Epoch': 67, 'name': 'low_freq', 'HIT@5': '0.0048', 'NDCG@5': '0.0032', 'HIT@10': '0.0059', 'NDCG@10': '0.0036', 'HIT@20': '0.0081', 'NDCG@20': '0.0041'}
{'Epoch': 67, 'name': 'all', 'HIT@5': '0.0262', 'NDCG@5': '0.0172', 'HIT@10': '0.0415', 'NDCG@10': '0.0221', 'HIT@20': '0.0626', 'NDCG@20': '0.0274'}
Validation score increased.  Saving model ...
rec dataset length: 186
100%|███████████████████████████████████████████████████████████████████████████████████████████████████████████████████████████████████████████| 186/186 [00:48<00:00,  3.87it/s]
{'epoch': 68, 'rec_avg_loss': '0.5188', 'joint_avg_loss': '0.6460', 'cl_avg_loss': '1.2717', 'itemcl_loss': '0.0000', 'cl_pair_0_loss': '1.2717'}
Recommendation EP_test:68: 100%|| 35/35 [00:08<00:00,  4.20it/s]
{'Epoch': 68, 'name': 'high_freq', 'HIT@5': '0.0348', 'NDCG@5': '0.0226', 'HIT@10': '0.0551', 'NDCG@10': '0.0290', 'HIT@20': '0.0871', 'NDCG@20': '0.0371'}
{'Epoch': 68, 'name': 'mid_freq', 'HIT@5': '0.0066', 'NDCG@5': '0.0046', 'HIT@10': '0.0089', 'NDCG@10': '0.0053', 'HIT@20': '0.0118', 'NDCG@20': '0.0061'}
{'Epoch': 68, 'name': 'low_freq', 'HIT@5': '0.0052', 'NDCG@5': '0.0034', 'HIT@10': '0.0063', 'NDCG@10': '0.0037', 'HIT@20': '0.0075', 'NDCG@20': '0.0040'}
{'Epoch': 68, 'name': 'all', 'HIT@5': '0.0256', 'NDCG@5': '0.0167', 'HIT@10': '0.0400', 'NDCG@10': '0.0213', 'HIT@20': '0.0625', 'NDCG@20': '0.0269'}
EarlyStopping counter: 1 out of 40
rec dataset length: 186
100%|███████████████████████████████████████████████████████████████████████████████████████████████████████████████████████████████████████████| 186/186 [00:48<00:00,  3.87it/s]
{'epoch': 69, 'rec_avg_loss': '0.5171', 'joint_avg_loss': '0.6444', 'cl_avg_loss': '1.2735', 'itemcl_loss': '0.0000', 'cl_pair_0_loss': '1.2735'}
Recommendation EP_test:69: 100%|| 35/35 [00:08<00:00,  4.18it/s]
{'Epoch': 69, 'name': 'high_freq', 'HIT@5': '0.0362', 'NDCG@5': '0.0233', 'HIT@10': '0.0567', 'NDCG@10': '0.0299', 'HIT@20': '0.0876', 'NDCG@20': '0.0376'}
{'Epoch': 69, 'name': 'mid_freq', 'HIT@5': '0.0065', 'NDCG@5': '0.0047', 'HIT@10': '0.0085', 'NDCG@10': '0.0054', 'HIT@20': '0.0126', 'NDCG@20': '0.0064'}
{'Epoch': 69, 'name': 'low_freq', 'HIT@5': '0.0052', 'NDCG@5': '0.0034', 'HIT@10': '0.0068', 'NDCG@10': '0.0039', 'HIT@20': '0.0077', 'NDCG@20': '0.0041'}
{'Epoch': 69, 'name': 'all', 'HIT@5': '0.0265', 'NDCG@5': '0.0172', 'HIT@10': '0.0410', 'NDCG@10': '0.0219', 'HIT@20': '0.0630', 'NDCG@20': '0.0274'}
Validation score increased.  Saving model ...
rec dataset length: 186
100%|███████████████████████████████████████████████████████████████████████████████████████████████████████████████████████████████████████████| 186/186 [00:47<00:00,  3.91it/s]
{'epoch': 70, 'rec_avg_loss': '0.5126', 'joint_avg_loss': '0.6389', 'cl_avg_loss': '1.2629', 'itemcl_loss': '0.0000', 'cl_pair_0_loss': '1.2629'}
Recommendation EP_test:70: 100%|| 35/35 [00:08<00:00,  4.08it/s]
{'Epoch': 70, 'name': 'high_freq', 'HIT@5': '0.0363', 'NDCG@5': '0.0236', 'HIT@10': '0.0574', 'NDCG@10': '0.0304', 'HIT@20': '0.0873', 'NDCG@20': '0.0380'}
{'Epoch': 70, 'name': 'mid_freq', 'HIT@5': '0.0065', 'NDCG@5': '0.0044', 'HIT@10': '0.0088', 'NDCG@10': '0.0052', 'HIT@20': '0.0126', 'NDCG@20': '0.0061'}
{'Epoch': 70, 'name': 'low_freq', 'HIT@5': '0.0043', 'NDCG@5': '0.0030', 'HIT@10': '0.0057', 'NDCG@10': '0.0034', 'HIT@20': '0.0079', 'NDCG@20': '0.0040'}
{'Epoch': 70, 'name': 'all', 'HIT@5': '0.0265', 'NDCG@5': '0.0173', 'HIT@10': '0.0415', 'NDCG@10': '0.0221', 'HIT@20': '0.0628', 'NDCG@20': '0.0275'}
Validation score increased.  Saving model ...
rec dataset length: 186
100%|███████████████████████████████████████████████████████████████████████████████████████████████████████████████████████████████████████████| 186/186 [00:47<00:00,  3.91it/s]
{'epoch': 71, 'rec_avg_loss': '0.5098', 'joint_avg_loss': '0.6351', 'cl_avg_loss': '1.2528', 'itemcl_loss': '0.0000', 'cl_pair_0_loss': '1.2528'}
Recommendation EP_test:71: 100%|| 35/35 [00:07<00:00,  4.38it/s]
{'Epoch': 71, 'name': 'high_freq', 'HIT@5': '0.0350', 'NDCG@5': '0.0226', 'HIT@10': '0.0579', 'NDCG@10': '0.0299', 'HIT@20': '0.0878', 'NDCG@20': '0.0374'}
{'Epoch': 71, 'name': 'mid_freq', 'HIT@5': '0.0060', 'NDCG@5': '0.0042', 'HIT@10': '0.0090', 'NDCG@10': '0.0052', 'HIT@20': '0.0129', 'NDCG@20': '0.0062'}
{'Epoch': 71, 'name': 'low_freq', 'HIT@5': '0.0045', 'NDCG@5': '0.0027', 'HIT@10': '0.0070', 'NDCG@10': '0.0035', 'HIT@20': '0.0081', 'NDCG@20': '0.0038'}
{'Epoch': 71, 'name': 'all', 'HIT@5': '0.0255', 'NDCG@5': '0.0165', 'HIT@10': '0.0420', 'NDCG@10': '0.0218', 'HIT@20': '0.0633', 'NDCG@20': '0.0271'}
EarlyStopping counter: 1 out of 40
rec dataset length: 186
100%|███████████████████████████████████████████████████████████████████████████████████████████████████████████████████████████████████████████| 186/186 [00:47<00:00,  3.89it/s]
{'epoch': 72, 'rec_avg_loss': '0.5089', 'joint_avg_loss': '0.6341', 'cl_avg_loss': '1.2520', 'itemcl_loss': '0.0000', 'cl_pair_0_loss': '1.2520'}
Recommendation EP_test:72: 100%|| 35/35 [00:08<00:00,  4.13it/s]
{'Epoch': 72, 'name': 'high_freq', 'HIT@5': '0.0357', 'NDCG@5': '0.0232', 'HIT@10': '0.0588', 'NDCG@10': '0.0305', 'HIT@20': '0.0889', 'NDCG@20': '0.0381'}
{'Epoch': 72, 'name': 'mid_freq', 'HIT@5': '0.0059', 'NDCG@5': '0.0039', 'HIT@10': '0.0083', 'NDCG@10': '0.0047', 'HIT@20': '0.0122', 'NDCG@20': '0.0057'}
{'Epoch': 72, 'name': 'low_freq', 'HIT@5': '0.0043', 'NDCG@5': '0.0026', 'HIT@10': '0.0061', 'NDCG@10': '0.0032', 'HIT@20': '0.0075', 'NDCG@20': '0.0036'}
{'Epoch': 72, 'name': 'all', 'HIT@5': '0.0260', 'NDCG@5': '0.0169', 'HIT@10': '0.0424', 'NDCG@10': '0.0221', 'HIT@20': '0.0638', 'NDCG@20': '0.0275'}
EarlyStopping counter: 2 out of 40
rec dataset length: 186
100%|███████████████████████████████████████████████████████████████████████████████████████████████████████████████████████████████████████████| 186/186 [00:47<00:00,  3.90it/s]
{'epoch': 73, 'rec_avg_loss': '0.5069', 'joint_avg_loss': '0.6315', 'cl_avg_loss': '1.2465', 'itemcl_loss': '0.0000', 'cl_pair_0_loss': '1.2465'}
Recommendation EP_test:73: 100%|| 35/35 [00:08<00:00,  4.06it/s]
{'Epoch': 73, 'name': 'high_freq', 'HIT@5': '0.0365', 'NDCG@5': '0.0234', 'HIT@10': '0.0577', 'NDCG@10': '0.0302', 'HIT@20': '0.0890', 'NDCG@20': '0.0380'}
{'Epoch': 73, 'name': 'mid_freq', 'HIT@5': '0.0060', 'NDCG@5': '0.0039', 'HIT@10': '0.0082', 'NDCG@10': '0.0046', 'HIT@20': '0.0128', 'NDCG@20': '0.0057'}
{'Epoch': 73, 'name': 'low_freq', 'HIT@5': '0.0043', 'NDCG@5': '0.0031', 'HIT@10': '0.0063', 'NDCG@10': '0.0037', 'HIT@20': '0.0084', 'NDCG@20': '0.0042'}
{'Epoch': 73, 'name': 'all', 'HIT@5': '0.0265', 'NDCG@5': '0.0170', 'HIT@10': '0.0417', 'NDCG@10': '0.0219', 'HIT@20': '0.0641', 'NDCG@20': '0.0275'}
EarlyStopping counter: 3 out of 40
rec dataset length: 186
100%|███████████████████████████████████████████████████████████████████████████████████████████████████████████████████████████████████████████| 186/186 [00:48<00:00,  3.87it/s]
{'epoch': 74, 'rec_avg_loss': '0.5030', 'joint_avg_loss': '0.6278', 'cl_avg_loss': '1.2480', 'itemcl_loss': '0.0000', 'cl_pair_0_loss': '1.2480'}
Recommendation EP_test:74: 100%|| 35/35 [00:08<00:00,  4.14it/s]
{'Epoch': 74, 'name': 'high_freq', 'HIT@5': '0.0373', 'NDCG@5': '0.0239', 'HIT@10': '0.0580', 'NDCG@10': '0.0306', 'HIT@20': '0.0895', 'NDCG@20': '0.0384'}
{'Epoch': 74, 'name': 'mid_freq', 'HIT@5': '0.0063', 'NDCG@5': '0.0042', 'HIT@10': '0.0090', 'NDCG@10': '0.0051', 'HIT@20': '0.0134', 'NDCG@20': '0.0062'}
{'Epoch': 74, 'name': 'low_freq', 'HIT@5': '0.0048', 'NDCG@5': '0.0033', 'HIT@10': '0.0061', 'NDCG@10': '0.0037', 'HIT@20': '0.0081', 'NDCG@20': '0.0043'}
{'Epoch': 74, 'name': 'all', 'HIT@5': '0.0272', 'NDCG@5': '0.0175', 'HIT@10': '0.0420', 'NDCG@10': '0.0223', 'HIT@20': '0.0645', 'NDCG@20': '0.0279'}
Validation score increased.  Saving model ...
rec dataset length: 186
100%|███████████████████████████████████████████████████████████████████████████████████████████████████████████████████████████████████████████| 186/186 [00:47<00:00,  3.89it/s]
{'epoch': 75, 'rec_avg_loss': '0.5004', 'joint_avg_loss': '0.6243', 'cl_avg_loss': '1.2396', 'itemcl_loss': '0.0000', 'cl_pair_0_loss': '1.2396'}
Recommendation EP_test:75: 100%|| 35/35 [00:08<00:00,  4.09it/s]
{'Epoch': 75, 'name': 'high_freq', 'HIT@5': '0.0364', 'NDCG@5': '0.0235', 'HIT@10': '0.0570', 'NDCG@10': '0.0302', 'HIT@20': '0.0896', 'NDCG@20': '0.0383'}
{'Epoch': 75, 'name': 'mid_freq', 'HIT@5': '0.0059', 'NDCG@5': '0.0039', 'HIT@10': '0.0085', 'NDCG@10': '0.0047', 'HIT@20': '0.0134', 'NDCG@20': '0.0060'}
{'Epoch': 75, 'name': 'low_freq', 'HIT@5': '0.0052', 'NDCG@5': '0.0037', 'HIT@10': '0.0070', 'NDCG@10': '0.0043', 'HIT@20': '0.0088', 'NDCG@20': '0.0048'}
{'Epoch': 75, 'name': 'all', 'HIT@5': '0.0266', 'NDCG@5': '0.0172', 'HIT@10': '0.0413', 'NDCG@10': '0.0220', 'HIT@20': '0.0646', 'NDCG@20': '0.0278'}
EarlyStopping counter: 1 out of 40
rec dataset length: 186
100%|███████████████████████████████████████████████████████████████████████████████████████████████████████████████████████████████████████████| 186/186 [00:47<00:00,  3.88it/s]
{'epoch': 76, 'rec_avg_loss': '0.4994', 'joint_avg_loss': '0.6238', 'cl_avg_loss': '1.2444', 'itemcl_loss': '0.0000', 'cl_pair_0_loss': '1.2444'}
Recommendation EP_test:76: 100%|| 35/35 [00:08<00:00,  4.17it/s]
{'Epoch': 76, 'name': 'high_freq', 'HIT@5': '0.0363', 'NDCG@5': '0.0235', 'HIT@10': '0.0576', 'NDCG@10': '0.0304', 'HIT@20': '0.0892', 'NDCG@20': '0.0383'}
{'Epoch': 76, 'name': 'mid_freq', 'HIT@5': '0.0063', 'NDCG@5': '0.0042', 'HIT@10': '0.0095', 'NDCG@10': '0.0052', 'HIT@20': '0.0128', 'NDCG@20': '0.0060'}
{'Epoch': 76, 'name': 'low_freq', 'HIT@5': '0.0059', 'NDCG@5': '0.0041', 'HIT@10': '0.0070', 'NDCG@10': '0.0045', 'HIT@20': '0.0079', 'NDCG@20': '0.0047'}
{'Epoch': 76, 'name': 'all', 'HIT@5': '0.0267', 'NDCG@5': '0.0173', 'HIT@10': '0.0419', 'NDCG@10': '0.0222', 'HIT@20': '0.0641', 'NDCG@20': '0.0278'}
EarlyStopping counter: 2 out of 40
rec dataset length: 186
100%|███████████████████████████████████████████████████████████████████████████████████████████████████████████████████████████████████████████| 186/186 [00:48<00:00,  3.85it/s]
{'epoch': 77, 'rec_avg_loss': '0.4968', 'joint_avg_loss': '0.6209', 'cl_avg_loss': '1.2406', 'itemcl_loss': '0.0000', 'cl_pair_0_loss': '1.2406'}
Recommendation EP_test:77: 100%|| 35/35 [00:08<00:00,  4.29it/s]
{'Epoch': 77, 'name': 'high_freq', 'HIT@5': '0.0366', 'NDCG@5': '0.0235', 'HIT@10': '0.0571', 'NDCG@10': '0.0301', 'HIT@20': '0.0894', 'NDCG@20': '0.0382'}
{'Epoch': 77, 'name': 'mid_freq', 'HIT@5': '0.0069', 'NDCG@5': '0.0048', 'HIT@10': '0.0098', 'NDCG@10': '0.0057', 'HIT@20': '0.0136', 'NDCG@20': '0.0067'}
{'Epoch': 77, 'name': 'low_freq', 'HIT@5': '0.0057', 'NDCG@5': '0.0040', 'HIT@10': '0.0077', 'NDCG@10': '0.0047', 'HIT@20': '0.0084', 'NDCG@20': '0.0049'}
{'Epoch': 77, 'name': 'all', 'HIT@5': '0.0269', 'NDCG@5': '0.0174', 'HIT@10': '0.0417', 'NDCG@10': '0.0222', 'HIT@20': '0.0645', 'NDCG@20': '0.0279'}
Validation score increased.  Saving model ...
rec dataset length: 186
100%|███████████████████████████████████████████████████████████████████████████████████████████████████████████████████████████████████████████| 186/186 [00:48<00:00,  3.85it/s]
{'epoch': 78, 'rec_avg_loss': '0.4980', 'joint_avg_loss': '0.6214', 'cl_avg_loss': '1.2342', 'itemcl_loss': '0.0000', 'cl_pair_0_loss': '1.2342'}
Recommendation EP_test:78: 100%|| 35/35 [00:08<00:00,  3.97it/s]
{'Epoch': 78, 'name': 'high_freq', 'HIT@5': '0.0349', 'NDCG@5': '0.0229', 'HIT@10': '0.0578', 'NDCG@10': '0.0303', 'HIT@20': '0.0903', 'NDCG@20': '0.0385'}
{'Epoch': 78, 'name': 'mid_freq', 'HIT@5': '0.0068', 'NDCG@5': '0.0044', 'HIT@10': '0.0089', 'NDCG@10': '0.0051', 'HIT@20': '0.0129', 'NDCG@20': '0.0061'}
{'Epoch': 78, 'name': 'low_freq', 'HIT@5': '0.0048', 'NDCG@5': '0.0035', 'HIT@10': '0.0070', 'NDCG@10': '0.0043', 'HIT@20': '0.0081', 'NDCG@20': '0.0046'}
{'Epoch': 78, 'name': 'all', 'HIT@5': '0.0257', 'NDCG@5': '0.0169', 'HIT@10': '0.0419', 'NDCG@10': '0.0222', 'HIT@20': '0.0650', 'NDCG@20': '0.0279'}
Validation score increased.  Saving model ...
rec dataset length: 186
100%|███████████████████████████████████████████████████████████████████████████████████████████████████████████████████████████████████████████| 186/186 [00:48<00:00,  3.87it/s]
{'epoch': 79, 'rec_avg_loss': '0.4916', 'joint_avg_loss': '0.6148', 'cl_avg_loss': '1.2323', 'itemcl_loss': '0.0000', 'cl_pair_0_loss': '1.2323'}
Recommendation EP_test:79: 100%|| 35/35 [00:08<00:00,  4.01it/s]
{'Epoch': 79, 'name': 'high_freq', 'HIT@5': '0.0364', 'NDCG@5': '0.0232', 'HIT@10': '0.0581', 'NDCG@10': '0.0301', 'HIT@20': '0.0900', 'NDCG@20': '0.0382'}
{'Epoch': 79, 'name': 'mid_freq', 'HIT@5': '0.0066', 'NDCG@5': '0.0048', 'HIT@10': '0.0092', 'NDCG@10': '0.0057', 'HIT@20': '0.0132', 'NDCG@20': '0.0067'}
{'Epoch': 79, 'name': 'low_freq', 'HIT@5': '0.0054', 'NDCG@5': '0.0038', 'HIT@10': '0.0068', 'NDCG@10': '0.0042', 'HIT@20': '0.0079', 'NDCG@20': '0.0045'}
{'Epoch': 79, 'name': 'all', 'HIT@5': '0.0267', 'NDCG@5': '0.0172', 'HIT@10': '0.0422', 'NDCG@10': '0.0221', 'HIT@20': '0.0648', 'NDCG@20': '0.0278'}
EarlyStopping counter: 1 out of 40
rec dataset length: 186
100%|███████████████████████████████████████████████████████████████████████████████████████████████████████████████████████████████████████████| 186/186 [00:47<00:00,  3.88it/s]
{'epoch': 80, 'rec_avg_loss': '0.4910', 'joint_avg_loss': '0.6129', 'cl_avg_loss': '1.2190', 'itemcl_loss': '0.0000', 'cl_pair_0_loss': '1.2190'}
Recommendation EP_test:80: 100%|| 35/35 [00:08<00:00,  4.17it/s]
{'Epoch': 80, 'name': 'high_freq', 'HIT@5': '0.0361', 'NDCG@5': '0.0235', 'HIT@10': '0.0588', 'NDCG@10': '0.0308', 'HIT@20': '0.0886', 'NDCG@20': '0.0383'}
{'Epoch': 80, 'name': 'mid_freq', 'HIT@5': '0.0070', 'NDCG@5': '0.0049', 'HIT@10': '0.0099', 'NDCG@10': '0.0058', 'HIT@20': '0.0142', 'NDCG@20': '0.0069'}
{'Epoch': 80, 'name': 'low_freq', 'HIT@5': '0.0050', 'NDCG@5': '0.0034', 'HIT@10': '0.0075', 'NDCG@10': '0.0042', 'HIT@20': '0.0086', 'NDCG@20': '0.0045'}
{'Epoch': 80, 'name': 'all', 'HIT@5': '0.0266', 'NDCG@5': '0.0174', 'HIT@10': '0.0429', 'NDCG@10': '0.0226', 'HIT@20': '0.0641', 'NDCG@20': '0.0280'}
Validation score increased.  Saving model ...
rec dataset length: 186
100%|███████████████████████████████████████████████████████████████████████████████████████████████████████████████████████████████████████████| 186/186 [00:48<00:00,  3.86it/s]
{'epoch': 81, 'rec_avg_loss': '0.4875', 'joint_avg_loss': '0.6095', 'cl_avg_loss': '1.2196', 'itemcl_loss': '0.0000', 'cl_pair_0_loss': '1.2196'}
Recommendation EP_test:81: 100%|| 35/35 [00:08<00:00,  4.10it/s]
{'Epoch': 81, 'name': 'high_freq', 'HIT@5': '0.0367', 'NDCG@5': '0.0234', 'HIT@10': '0.0580', 'NDCG@10': '0.0303', 'HIT@20': '0.0894', 'NDCG@20': '0.0382'}
{'Epoch': 81, 'name': 'mid_freq', 'HIT@5': '0.0070', 'NDCG@5': '0.0051', 'HIT@10': '0.0099', 'NDCG@10': '0.0060', 'HIT@20': '0.0141', 'NDCG@20': '0.0071'}
{'Epoch': 81, 'name': 'low_freq', 'HIT@5': '0.0052', 'NDCG@5': '0.0037', 'HIT@10': '0.0068', 'NDCG@10': '0.0042', 'HIT@20': '0.0097', 'NDCG@20': '0.0049'}
{'Epoch': 81, 'name': 'all', 'HIT@5': '0.0270', 'NDCG@5': '0.0174', 'HIT@10': '0.0422', 'NDCG@10': '0.0223', 'HIT@20': '0.0648', 'NDCG@20': '0.0280'}
Validation score increased.  Saving model ...
rec dataset length: 186
100%|███████████████████████████████████████████████████████████████████████████████████████████████████████████████████████████████████████████| 186/186 [00:48<00:00,  3.86it/s]
{'epoch': 82, 'rec_avg_loss': '0.4872', 'joint_avg_loss': '0.6092', 'cl_avg_loss': '1.2206', 'itemcl_loss': '0.0000', 'cl_pair_0_loss': '1.2206'}
Recommendation EP_test:82: 100%|| 35/35 [00:08<00:00,  4.18it/s]
{'Epoch': 82, 'name': 'high_freq', 'HIT@5': '0.0368', 'NDCG@5': '0.0235', 'HIT@10': '0.0578', 'NDCG@10': '0.0303', 'HIT@20': '0.0900', 'NDCG@20': '0.0384'}
{'Epoch': 82, 'name': 'mid_freq', 'HIT@5': '0.0072', 'NDCG@5': '0.0049', 'HIT@10': '0.0101', 'NDCG@10': '0.0059', 'HIT@20': '0.0132', 'NDCG@20': '0.0066'}
{'Epoch': 82, 'name': 'low_freq', 'HIT@5': '0.0045', 'NDCG@5': '0.0032', 'HIT@10': '0.0068', 'NDCG@10': '0.0039', 'HIT@20': '0.0091', 'NDCG@20': '0.0045'}
{'Epoch': 82, 'name': 'all', 'HIT@5': '0.0270', 'NDCG@5': '0.0173', 'HIT@10': '0.0421', 'NDCG@10': '0.0222', 'HIT@20': '0.0649', 'NDCG@20': '0.0280'}
EarlyStopping counter: 1 out of 40
rec dataset length: 186
100%|███████████████████████████████████████████████████████████████████████████████████████████████████████████████████████████████████████████| 186/186 [00:48<00:00,  3.86it/s]
{'epoch': 83, 'rec_avg_loss': '0.4844', 'joint_avg_loss': '0.6060', 'cl_avg_loss': '1.2161', 'itemcl_loss': '0.0000', 'cl_pair_0_loss': '1.2161'}
Recommendation EP_test:83: 100%|| 35/35 [00:08<00:00,  4.15it/s]
{'Epoch': 83, 'name': 'high_freq', 'HIT@5': '0.0354', 'NDCG@5': '0.0225', 'HIT@10': '0.0576', 'NDCG@10': '0.0296', 'HIT@20': '0.0896', 'NDCG@20': '0.0377'}
{'Epoch': 83, 'name': 'mid_freq', 'HIT@5': '0.0070', 'NDCG@5': '0.0045', 'HIT@10': '0.0095', 'NDCG@10': '0.0053', 'HIT@20': '0.0135', 'NDCG@20': '0.0063'}
{'Epoch': 83, 'name': 'low_freq', 'HIT@5': '0.0045', 'NDCG@5': '0.0031', 'HIT@10': '0.0066', 'NDCG@10': '0.0038', 'HIT@20': '0.0081', 'NDCG@20': '0.0042'}
{'Epoch': 83, 'name': 'all', 'HIT@5': '0.0260', 'NDCG@5': '0.0166', 'HIT@10': '0.0418', 'NDCG@10': '0.0217', 'HIT@20': '0.0646', 'NDCG@20': '0.0274'}
EarlyStopping counter: 2 out of 40
rec dataset length: 186
100%|███████████████████████████████████████████████████████████████████████████████████████████████████████████████████████████████████████████| 186/186 [00:48<00:00,  3.87it/s]
{'epoch': 84, 'rec_avg_loss': '0.4818', 'joint_avg_loss': '0.6028', 'cl_avg_loss': '1.2102', 'itemcl_loss': '0.0000', 'cl_pair_0_loss': '1.2102'}
Recommendation EP_test:84: 100%|| 35/35 [00:08<00:00,  4.05it/s]
{'Epoch': 84, 'name': 'high_freq', 'HIT@5': '0.0368', 'NDCG@5': '0.0239', 'HIT@10': '0.0589', 'NDCG@10': '0.0309', 'HIT@20': '0.0902', 'NDCG@20': '0.0388'}
{'Epoch': 84, 'name': 'mid_freq', 'HIT@5': '0.0065', 'NDCG@5': '0.0046', 'HIT@10': '0.0088', 'NDCG@10': '0.0053', 'HIT@20': '0.0134', 'NDCG@20': '0.0065'}
{'Epoch': 84, 'name': 'low_freq', 'HIT@5': '0.0048', 'NDCG@5': '0.0033', 'HIT@10': '0.0061', 'NDCG@10': '0.0037', 'HIT@20': '0.0086', 'NDCG@20': '0.0043'}
{'Epoch': 84, 'name': 'all', 'HIT@5': '0.0269', 'NDCG@5': '0.0175', 'HIT@10': '0.0425', 'NDCG@10': '0.0225', 'HIT@20': '0.0651', 'NDCG@20': '0.0282'}
Validation score increased.  Saving model ...
rec dataset length: 186
100%|███████████████████████████████████████████████████████████████████████████████████████████████████████████████████████████████████████████| 186/186 [00:48<00:00,  3.86it/s]
{'epoch': 85, 'rec_avg_loss': '0.4803', 'joint_avg_loss': '0.6017', 'cl_avg_loss': '1.2135', 'itemcl_loss': '0.0000', 'cl_pair_0_loss': '1.2135'}
Recommendation EP_test:85: 100%|| 35/35 [00:08<00:00,  4.08it/s]
{'Epoch': 85, 'name': 'high_freq', 'HIT@5': '0.0363', 'NDCG@5': '0.0234', 'HIT@10': '0.0586', 'NDCG@10': '0.0306', 'HIT@20': '0.0892', 'NDCG@20': '0.0383'}
{'Epoch': 85, 'name': 'mid_freq', 'HIT@5': '0.0063', 'NDCG@5': '0.0042', 'HIT@10': '0.0095', 'NDCG@10': '0.0052', 'HIT@20': '0.0134', 'NDCG@20': '0.0062'}
{'Epoch': 85, 'name': 'low_freq', 'HIT@5': '0.0043', 'NDCG@5': '0.0033', 'HIT@10': '0.0057', 'NDCG@10': '0.0037', 'HIT@20': '0.0100', 'NDCG@20': '0.0048'}
{'Epoch': 85, 'name': 'all', 'HIT@5': '0.0265', 'NDCG@5': '0.0172', 'HIT@10': '0.0424', 'NDCG@10': '0.0223', 'HIT@20': '0.0645', 'NDCG@20': '0.0279'}
EarlyStopping counter: 1 out of 40
rec dataset length: 186
100%|███████████████████████████████████████████████████████████████████████████████████████████████████████████████████████████████████████████| 186/186 [00:48<00:00,  3.86it/s]
{'epoch': 86, 'rec_avg_loss': '0.4797', 'joint_avg_loss': '0.5987', 'cl_avg_loss': '1.1907', 'itemcl_loss': '0.0000', 'cl_pair_0_loss': '1.1907'}
Recommendation EP_test:86: 100%|| 35/35 [00:08<00:00,  4.16it/s]
{'Epoch': 86, 'name': 'high_freq', 'HIT@5': '0.0362', 'NDCG@5': '0.0233', 'HIT@10': '0.0572', 'NDCG@10': '0.0300', 'HIT@20': '0.0887', 'NDCG@20': '0.0380'}
{'Epoch': 86, 'name': 'mid_freq', 'HIT@5': '0.0066', 'NDCG@5': '0.0046', 'HIT@10': '0.0090', 'NDCG@10': '0.0053', 'HIT@20': '0.0132', 'NDCG@20': '0.0064'}
{'Epoch': 86, 'name': 'low_freq', 'HIT@5': '0.0050', 'NDCG@5': '0.0035', 'HIT@10': '0.0068', 'NDCG@10': '0.0041', 'HIT@20': '0.0086', 'NDCG@20': '0.0045'}
{'Epoch': 86, 'name': 'all', 'HIT@5': '0.0265', 'NDCG@5': '0.0172', 'HIT@10': '0.0415', 'NDCG@10': '0.0220', 'HIT@20': '0.0640', 'NDCG@20': '0.0276'}
EarlyStopping counter: 2 out of 40
rec dataset length: 186
100%|███████████████████████████████████████████████████████████████████████████████████████████████████████████████████████████████████████████| 186/186 [00:48<00:00,  3.85it/s]
{'epoch': 87, 'rec_avg_loss': '0.4782', 'joint_avg_loss': '0.5988', 'cl_avg_loss': '1.2061', 'itemcl_loss': '0.0000', 'cl_pair_0_loss': '1.2061'}
Recommendation EP_test:87: 100%|| 35/35 [00:08<00:00,  4.21it/s]
{'Epoch': 87, 'name': 'high_freq', 'HIT@5': '0.0368', 'NDCG@5': '0.0236', 'HIT@10': '0.0573', 'NDCG@10': '0.0301', 'HIT@20': '0.0891', 'NDCG@20': '0.0381'}
{'Epoch': 87, 'name': 'mid_freq', 'HIT@5': '0.0063', 'NDCG@5': '0.0043', 'HIT@10': '0.0096', 'NDCG@10': '0.0054', 'HIT@20': '0.0139', 'NDCG@20': '0.0065'}
{'Epoch': 87, 'name': 'low_freq', 'HIT@5': '0.0050', 'NDCG@5': '0.0038', 'HIT@10': '0.0070', 'NDCG@10': '0.0045', 'HIT@20': '0.0088', 'NDCG@20': '0.0049'}
{'Epoch': 87, 'name': 'all', 'HIT@5': '0.0269', 'NDCG@5': '0.0174', 'HIT@10': '0.0417', 'NDCG@10': '0.0221', 'HIT@20': '0.0644', 'NDCG@20': '0.0278'}
EarlyStopping counter: 3 out of 40
rec dataset length: 186
100%|███████████████████████████████████████████████████████████████████████████████████████████████████████████████████████████████████████████| 186/186 [00:48<00:00,  3.85it/s]
{'epoch': 88, 'rec_avg_loss': '0.4787', 'joint_avg_loss': '0.5981', 'cl_avg_loss': '1.1936', 'itemcl_loss': '0.0000', 'cl_pair_0_loss': '1.1936'}
Recommendation EP_test:88: 100%|| 35/35 [00:08<00:00,  4.21it/s]
{'Epoch': 88, 'name': 'high_freq', 'HIT@5': '0.0368', 'NDCG@5': '0.0237', 'HIT@10': '0.0580', 'NDCG@10': '0.0305', 'HIT@20': '0.0898', 'NDCG@20': '0.0385'}
{'Epoch': 88, 'name': 'mid_freq', 'HIT@5': '0.0069', 'NDCG@5': '0.0047', 'HIT@10': '0.0108', 'NDCG@10': '0.0060', 'HIT@20': '0.0148', 'NDCG@20': '0.0070'}
{'Epoch': 88, 'name': 'low_freq', 'HIT@5': '0.0054', 'NDCG@5': '0.0040', 'HIT@10': '0.0075', 'NDCG@10': '0.0046', 'HIT@20': '0.0093', 'NDCG@20': '0.0051'}
{'Epoch': 88, 'name': 'all', 'HIT@5': '0.0271', 'NDCG@5': '0.0175', 'HIT@10': '0.0425', 'NDCG@10': '0.0225', 'HIT@20': '0.0651', 'NDCG@20': '0.0282'}
EarlyStopping counter: 4 out of 40
rec dataset length: 186
100%|███████████████████████████████████████████████████████████████████████████████████████████████████████████████████████████████████████████| 186/186 [00:48<00:00,  3.87it/s]
{'epoch': 89, 'rec_avg_loss': '0.4756', 'joint_avg_loss': '0.5959', 'cl_avg_loss': '1.2030', 'itemcl_loss': '0.0000', 'cl_pair_0_loss': '1.2030'}
Recommendation EP_test:89: 100%|| 35/35 [00:08<00:00,  4.22it/s]
{'Epoch': 89, 'name': 'high_freq', 'HIT@5': '0.0371', 'NDCG@5': '0.0238', 'HIT@10': '0.0582', 'NDCG@10': '0.0306', 'HIT@20': '0.0889', 'NDCG@20': '0.0383'}
{'Epoch': 89, 'name': 'mid_freq', 'HIT@5': '0.0062', 'NDCG@5': '0.0042', 'HIT@10': '0.0095', 'NDCG@10': '0.0053', 'HIT@20': '0.0139', 'NDCG@20': '0.0065'}
{'Epoch': 89, 'name': 'low_freq', 'HIT@5': '0.0048', 'NDCG@5': '0.0035', 'HIT@10': '0.0072', 'NDCG@10': '0.0043', 'HIT@20': '0.0095', 'NDCG@20': '0.0049'}
{'Epoch': 89, 'name': 'all', 'HIT@5': '0.0271', 'NDCG@5': '0.0175', 'HIT@10': '0.0423', 'NDCG@10': '0.0224', 'HIT@20': '0.0644', 'NDCG@20': '0.0279'}
EarlyStopping counter: 5 out of 40
rec dataset length: 186
100%|███████████████████████████████████████████████████████████████████████████████████████████████████████████████████████████████████████████| 186/186 [00:48<00:00,  3.86it/s]
{'epoch': 90, 'rec_avg_loss': '0.4751', 'joint_avg_loss': '0.5939', 'cl_avg_loss': '1.1878', 'itemcl_loss': '0.0000', 'cl_pair_0_loss': '1.1878'}
Recommendation EP_test:90: 100%|| 35/35 [00:08<00:00,  4.16it/s]
{'Epoch': 90, 'name': 'high_freq', 'HIT@5': '0.0368', 'NDCG@5': '0.0239', 'HIT@10': '0.0577', 'NDCG@10': '0.0307', 'HIT@20': '0.0894', 'NDCG@20': '0.0386'}
{'Epoch': 90, 'name': 'mid_freq', 'HIT@5': '0.0065', 'NDCG@5': '0.0044', 'HIT@10': '0.0096', 'NDCG@10': '0.0054', 'HIT@20': '0.0136', 'NDCG@20': '0.0065'}
{'Epoch': 90, 'name': 'low_freq', 'HIT@5': '0.0054', 'NDCG@5': '0.0040', 'HIT@10': '0.0079', 'NDCG@10': '0.0048', 'HIT@20': '0.0100', 'NDCG@20': '0.0053'}
{'Epoch': 90, 'name': 'all', 'HIT@5': '0.0270', 'NDCG@5': '0.0177', 'HIT@10': '0.0421', 'NDCG@10': '0.0225', 'HIT@20': '0.0647', 'NDCG@20': '0.0282'}
Validation score increased.  Saving model ...
rec dataset length: 186
100%|███████████████████████████████████████████████████████████████████████████████████████████████████████████████████████████████████████████| 186/186 [00:48<00:00,  3.87it/s]
{'epoch': 91, 'rec_avg_loss': '0.4748', 'joint_avg_loss': '0.5936', 'cl_avg_loss': '1.1880', 'itemcl_loss': '0.0000', 'cl_pair_0_loss': '1.1880'}
Recommendation EP_test:91: 100%|| 35/35 [00:08<00:00,  3.98it/s]
{'Epoch': 91, 'name': 'high_freq', 'HIT@5': '0.0366', 'NDCG@5': '0.0233', 'HIT@10': '0.0577', 'NDCG@10': '0.0301', 'HIT@20': '0.0906', 'NDCG@20': '0.0384'}
{'Epoch': 91, 'name': 'mid_freq', 'HIT@5': '0.0063', 'NDCG@5': '0.0044', 'HIT@10': '0.0098', 'NDCG@10': '0.0054', 'HIT@20': '0.0138', 'NDCG@20': '0.0065'}
{'Epoch': 91, 'name': 'low_freq', 'HIT@5': '0.0050', 'NDCG@5': '0.0035', 'HIT@10': '0.0079', 'NDCG@10': '0.0045', 'HIT@20': '0.0091', 'NDCG@20': '0.0047'}
{'Epoch': 91, 'name': 'all', 'HIT@5': '0.0267', 'NDCG@5': '0.0171', 'HIT@10': '0.0422', 'NDCG@10': '0.0221', 'HIT@20': '0.0655', 'NDCG@20': '0.0279'}
EarlyStopping counter: 1 out of 40
rec dataset length: 186
100%|███████████████████████████████████████████████████████████████████████████████████████████████████████████████████████████████████████████| 186/186 [00:48<00:00,  3.86it/s]
{'epoch': 92, 'rec_avg_loss': '0.4696', 'joint_avg_loss': '0.5884', 'cl_avg_loss': '1.1885', 'itemcl_loss': '0.0000', 'cl_pair_0_loss': '1.1885'}
Recommendation EP_test:92: 100%|| 35/35 [00:08<00:00,  4.21it/s]
{'Epoch': 92, 'name': 'high_freq', 'HIT@5': '0.0365', 'NDCG@5': '0.0235', 'HIT@10': '0.0580', 'NDCG@10': '0.0304', 'HIT@20': '0.0892', 'NDCG@20': '0.0383'}
{'Epoch': 92, 'name': 'mid_freq', 'HIT@5': '0.0066', 'NDCG@5': '0.0047', 'HIT@10': '0.0115', 'NDCG@10': '0.0063', 'HIT@20': '0.0148', 'NDCG@20': '0.0071'}
{'Epoch': 92, 'name': 'low_freq', 'HIT@5': '0.0061', 'NDCG@5': '0.0040', 'HIT@10': '0.0075', 'NDCG@10': '0.0044', 'HIT@20': '0.0095', 'NDCG@20': '0.0049'}
{'Epoch': 92, 'name': 'all', 'HIT@5': '0.0269', 'NDCG@5': '0.0174', 'HIT@10': '0.0426', 'NDCG@10': '0.0225', 'HIT@20': '0.0648', 'NDCG@20': '0.0280'}
EarlyStopping counter: 2 out of 40
rec dataset length: 186
100%|███████████████████████████████████████████████████████████████████████████████████████████████████████████████████████████████████████████| 186/186 [00:48<00:00,  3.85it/s]
{'epoch': 93, 'rec_avg_loss': '0.4696', 'joint_avg_loss': '0.5864', 'cl_avg_loss': '1.1679', 'itemcl_loss': '0.0000', 'cl_pair_0_loss': '1.1679'}
Recommendation EP_test:93: 100%|| 35/35 [00:08<00:00,  4.17it/s]
{'Epoch': 93, 'name': 'high_freq', 'HIT@5': '0.0374', 'NDCG@5': '0.0241', 'HIT@10': '0.0583', 'NDCG@10': '0.0308', 'HIT@20': '0.0889', 'NDCG@20': '0.0385'}
{'Epoch': 93, 'name': 'mid_freq', 'HIT@5': '0.0069', 'NDCG@5': '0.0049', 'HIT@10': '0.0109', 'NDCG@10': '0.0061', 'HIT@20': '0.0141', 'NDCG@20': '0.0069'}
{'Epoch': 93, 'name': 'low_freq', 'HIT@5': '0.0057', 'NDCG@5': '0.0042', 'HIT@10': '0.0077', 'NDCG@10': '0.0049', 'HIT@20': '0.0100', 'NDCG@20': '0.0054'}
{'Epoch': 93, 'name': 'all', 'HIT@5': '0.0275', 'NDCG@5': '0.0178', 'HIT@10': '0.0428', 'NDCG@10': '0.0227', 'HIT@20': '0.0645', 'NDCG@20': '0.0282'}
EarlyStopping counter: 3 out of 40
rec dataset length: 186
100%|███████████████████████████████████████████████████████████████████████████████████████████████████████████████████████████████████████████| 186/186 [00:47<00:00,  3.88it/s]
{'epoch': 94, 'rec_avg_loss': '0.4690', 'joint_avg_loss': '0.5859', 'cl_avg_loss': '1.1689', 'itemcl_loss': '0.0000', 'cl_pair_0_loss': '1.1689'}
Recommendation EP_test:94: 100%|| 35/35 [00:08<00:00,  4.23it/s]
{'Epoch': 94, 'name': 'high_freq', 'HIT@5': '0.0366', 'NDCG@5': '0.0235', 'HIT@10': '0.0581', 'NDCG@10': '0.0305', 'HIT@20': '0.0903', 'NDCG@20': '0.0386'}
{'Epoch': 94, 'name': 'mid_freq', 'HIT@5': '0.0066', 'NDCG@5': '0.0045', 'HIT@10': '0.0101', 'NDCG@10': '0.0056', 'HIT@20': '0.0141', 'NDCG@20': '0.0066'}
{'Epoch': 94, 'name': 'low_freq', 'HIT@5': '0.0045', 'NDCG@5': '0.0035', 'HIT@10': '0.0075', 'NDCG@10': '0.0044', 'HIT@20': '0.0093', 'NDCG@20': '0.0049'}
{'Epoch': 94, 'name': 'all', 'HIT@5': '0.0267', 'NDCG@5': '0.0173', 'HIT@10': '0.0424', 'NDCG@10': '0.0224', 'HIT@20': '0.0653', 'NDCG@20': '0.0281'}
EarlyStopping counter: 4 out of 40
rec dataset length: 186
100%|███████████████████████████████████████████████████████████████████████████████████████████████████████████████████████████████████████████| 186/186 [00:47<00:00,  3.88it/s]
{'epoch': 95, 'rec_avg_loss': '0.4636', 'joint_avg_loss': '0.5805', 'cl_avg_loss': '1.1694', 'itemcl_loss': '0.0000', 'cl_pair_0_loss': '1.1694'}
Recommendation EP_test:95: 100%|| 35/35 [00:08<00:00,  4.26it/s]
{'Epoch': 95, 'name': 'high_freq', 'HIT@5': '0.0365', 'NDCG@5': '0.0235', 'HIT@10': '0.0583', 'NDCG@10': '0.0305', 'HIT@20': '0.0901', 'NDCG@20': '0.0385'}
{'Epoch': 95, 'name': 'mid_freq', 'HIT@5': '0.0068', 'NDCG@5': '0.0047', 'HIT@10': '0.0096', 'NDCG@10': '0.0057', 'HIT@20': '0.0138', 'NDCG@20': '0.0067'}
{'Epoch': 95, 'name': 'low_freq', 'HIT@5': '0.0050', 'NDCG@5': '0.0035', 'HIT@10': '0.0072', 'NDCG@10': '0.0043', 'HIT@20': '0.0091', 'NDCG@20': '0.0047'}
{'Epoch': 95, 'name': 'all', 'HIT@5': '0.0267', 'NDCG@5': '0.0174', 'HIT@10': '0.0425', 'NDCG@10': '0.0224', 'HIT@20': '0.0651', 'NDCG@20': '0.0281'}
EarlyStopping counter: 5 out of 40
rec dataset length: 186
100%|███████████████████████████████████████████████████████████████████████████████████████████████████████████████████████████████████████████| 186/186 [00:48<00:00,  3.87it/s]
{'epoch': 96, 'rec_avg_loss': '0.4633', 'joint_avg_loss': '0.5812', 'cl_avg_loss': '1.1787', 'itemcl_loss': '0.0000', 'cl_pair_0_loss': '1.1787'}
Recommendation EP_test:96: 100%|| 35/35 [00:08<00:00,  4.07it/s]
{'Epoch': 96, 'name': 'high_freq', 'HIT@5': '0.0366', 'NDCG@5': '0.0233', 'HIT@10': '0.0581', 'NDCG@10': '0.0302', 'HIT@20': '0.0887', 'NDCG@20': '0.0380'}
{'Epoch': 96, 'name': 'mid_freq', 'HIT@5': '0.0073', 'NDCG@5': '0.0051', 'HIT@10': '0.0105', 'NDCG@10': '0.0061', 'HIT@20': '0.0148', 'NDCG@20': '0.0072'}
{'Epoch': 96, 'name': 'low_freq', 'HIT@5': '0.0052', 'NDCG@5': '0.0038', 'HIT@10': '0.0075', 'NDCG@10': '0.0045', 'HIT@20': '0.0102', 'NDCG@20': '0.0052'}
{'Epoch': 96, 'name': 'all', 'HIT@5': '0.0270', 'NDCG@5': '0.0173', 'HIT@10': '0.0425', 'NDCG@10': '0.0223', 'HIT@20': '0.0645', 'NDCG@20': '0.0279'}
EarlyStopping counter: 6 out of 40
rec dataset length: 186
100%|███████████████████████████████████████████████████████████████████████████████████████████████████████████████████████████████████████████| 186/186 [00:48<00:00,  3.86it/s]
{'epoch': 97, 'rec_avg_loss': '0.4619', 'joint_avg_loss': '0.5784', 'cl_avg_loss': '1.1648', 'itemcl_loss': '0.0000', 'cl_pair_0_loss': '1.1648'}
Recommendation EP_test:97: 100%|| 35/35 [00:08<00:00,  4.21it/s]
{'Epoch': 97, 'name': 'high_freq', 'HIT@5': '0.0371', 'NDCG@5': '0.0239', 'HIT@10': '0.0581', 'NDCG@10': '0.0307', 'HIT@20': '0.0894', 'NDCG@20': '0.0385'}
{'Epoch': 97, 'name': 'mid_freq', 'HIT@5': '0.0078', 'NDCG@5': '0.0053', 'HIT@10': '0.0112', 'NDCG@10': '0.0064', 'HIT@20': '0.0154', 'NDCG@20': '0.0074'}
{'Epoch': 97, 'name': 'low_freq', 'HIT@5': '0.0052', 'NDCG@5': '0.0040', 'HIT@10': '0.0072', 'NDCG@10': '0.0046', 'HIT@20': '0.0104', 'NDCG@20': '0.0054'}
{'Epoch': 97, 'name': 'all', 'HIT@5': '0.0274', 'NDCG@5': '0.0178', 'HIT@10': '0.0426', 'NDCG@10': '0.0227', 'HIT@20': '0.0651', 'NDCG@20': '0.0283'}
Validation score increased.  Saving model ...
rec dataset length: 186
100%|███████████████████████████████████████████████████████████████████████████████████████████████████████████████████████████████████████████| 186/186 [00:47<00:00,  3.90it/s]
{'epoch': 98, 'rec_avg_loss': '0.4600', 'joint_avg_loss': '0.5770', 'cl_avg_loss': '1.1699', 'itemcl_loss': '0.0000', 'cl_pair_0_loss': '1.1699'}
Recommendation EP_test:98: 100%|| 35/35 [00:08<00:00,  4.09it/s]
{'Epoch': 98, 'name': 'high_freq', 'HIT@5': '0.0385', 'NDCG@5': '0.0247', 'HIT@10': '0.0603', 'NDCG@10': '0.0317', 'HIT@20': '0.0917', 'NDCG@20': '0.0396'}
{'Epoch': 98, 'name': 'mid_freq', 'HIT@5': '0.0072', 'NDCG@5': '0.0049', 'HIT@10': '0.0108', 'NDCG@10': '0.0060', 'HIT@20': '0.0141', 'NDCG@20': '0.0068'}
{'Epoch': 98, 'name': 'low_freq', 'HIT@5': '0.0057', 'NDCG@5': '0.0039', 'HIT@10': '0.0072', 'NDCG@10': '0.0045', 'HIT@20': '0.0102', 'NDCG@20': '0.0052'}
{'Epoch': 98, 'name': 'all', 'HIT@5': '0.0283', 'NDCG@5': '0.0183', 'HIT@10': '0.0440', 'NDCG@10': '0.0233', 'HIT@20': '0.0664', 'NDCG@20': '0.0289'}
Validation score increased.  Saving model ...
rec dataset length: 186
100%|███████████████████████████████████████████████████████████████████████████████████████████████████████████████████████████████████████████| 186/186 [00:48<00:00,  3.82it/s]
{'epoch': 99, 'rec_avg_loss': '0.4605', 'joint_avg_loss': '0.5772', 'cl_avg_loss': '1.1669', 'itemcl_loss': '0.0000', 'cl_pair_0_loss': '1.1669'}
Recommendation EP_test:99: 100%|| 35/35 [00:08<00:00,  4.20it/s]
{'Epoch': 99, 'name': 'high_freq', 'HIT@5': '0.0385', 'NDCG@5': '0.0249', 'HIT@10': '0.0590', 'NDCG@10': '0.0315', 'HIT@20': '0.0889', 'NDCG@20': '0.0390'}
{'Epoch': 99, 'name': 'mid_freq', 'HIT@5': '0.0078', 'NDCG@5': '0.0050', 'HIT@10': '0.0108', 'NDCG@10': '0.0059', 'HIT@20': '0.0139', 'NDCG@20': '0.0067'}
{'Epoch': 99, 'name': 'low_freq', 'HIT@5': '0.0057', 'NDCG@5': '0.0042', 'HIT@10': '0.0072', 'NDCG@10': '0.0047', 'HIT@20': '0.0102', 'NDCG@20': '0.0054'}
{'Epoch': 99, 'name': 'all', 'HIT@5': '0.0284', 'NDCG@5': '0.0184', 'HIT@10': '0.0431', 'NDCG@10': '0.0232', 'HIT@20': '0.0645', 'NDCG@20': '0.0285'}
EarlyStopping counter: 1 out of 40
rec dataset length: 186
100%|███████████████████████████████████████████████████████████████████████████████████████████████████████████████████████████████████████████| 186/186 [00:48<00:00,  3.82it/s]
{'epoch': 100, 'rec_avg_loss': '0.4573', 'joint_avg_loss': '0.5730', 'cl_avg_loss': '1.1565', 'itemcl_loss': '0.0000', 'cl_pair_0_loss': '1.1565'}
Recommendation EP_test:100: 100%|| 35/35 [00:08<00:00,  4.05it/s]
{'Epoch': 100, 'name': 'high_freq', 'HIT@5': '0.0378', 'NDCG@5': '0.0246', 'HIT@10': '0.0588', 'NDCG@10': '0.0313', 'HIT@20': '0.0909', 'NDCG@20': '0.0394'}
{'Epoch': 100, 'name': 'mid_freq', 'HIT@5': '0.0070', 'NDCG@5': '0.0048', 'HIT@10': '0.0112', 'NDCG@10': '0.0061', 'HIT@20': '0.0139', 'NDCG@20': '0.0068'}
{'Epoch': 100, 'name': 'low_freq', 'HIT@5': '0.0075', 'NDCG@5': '0.0051', 'HIT@10': '0.0086', 'NDCG@10': '0.0054', 'HIT@20': '0.0104', 'NDCG@20': '0.0058'}
{'Epoch': 100, 'name': 'all', 'HIT@5': '0.0280', 'NDCG@5': '0.0183', 'HIT@10': '0.0432', 'NDCG@10': '0.0232', 'HIT@20': '0.0658', 'NDCG@20': '0.0288'}
EarlyStopping counter: 2 out of 40
rec dataset length: 186
100%|███████████████████████████████████████████████████████████████████████████████████████████████████████████████████████████████████████████| 186/186 [00:48<00:00,  3.82it/s]
{'epoch': 101, 'rec_avg_loss': '0.4580', 'joint_avg_loss': '0.5742', 'cl_avg_loss': '1.1619', 'itemcl_loss': '0.0000', 'cl_pair_0_loss': '1.1619'}
Recommendation EP_test:101: 100%|| 35/35 [00:08<00:00,  4.06it/s]
{'Epoch': 101, 'name': 'high_freq', 'HIT@5': '0.0369', 'NDCG@5': '0.0243', 'HIT@10': '0.0596', 'NDCG@10': '0.0316', 'HIT@20': '0.0903', 'NDCG@20': '0.0394'}
{'Epoch': 101, 'name': 'mid_freq', 'HIT@5': '0.0070', 'NDCG@5': '0.0049', 'HIT@10': '0.0103', 'NDCG@10': '0.0060', 'HIT@20': '0.0135', 'NDCG@20': '0.0068'}
{'Epoch': 101, 'name': 'low_freq', 'HIT@5': '0.0063', 'NDCG@5': '0.0045', 'HIT@10': '0.0077', 'NDCG@10': '0.0050', 'HIT@20': '0.0102', 'NDCG@20': '0.0056'}
{'Epoch': 101, 'name': 'all', 'HIT@5': '0.0273', 'NDCG@5': '0.0181', 'HIT@10': '0.0435', 'NDCG@10': '0.0233', 'HIT@20': '0.0653', 'NDCG@20': '0.0288'}
EarlyStopping counter: 3 out of 40
rec dataset length: 186
100%|███████████████████████████████████████████████████████████████████████████████████████████████████████████████████████████████████████████| 186/186 [00:48<00:00,  3.85it/s]
{'epoch': 102, 'rec_avg_loss': '0.4545', 'joint_avg_loss': '0.5699', 'cl_avg_loss': '1.1539', 'itemcl_loss': '0.0000', 'cl_pair_0_loss': '1.1539'}
Recommendation EP_test:102: 100%|| 35/35 [00:08<00:00,  4.08it/s]
{'Epoch': 102, 'name': 'high_freq', 'HIT@5': '0.0378', 'NDCG@5': '0.0247', 'HIT@10': '0.0588', 'NDCG@10': '0.0314', 'HIT@20': '0.0892', 'NDCG@20': '0.0391'}
{'Epoch': 102, 'name': 'mid_freq', 'HIT@5': '0.0073', 'NDCG@5': '0.0051', 'HIT@10': '0.0105', 'NDCG@10': '0.0061', 'HIT@20': '0.0148', 'NDCG@20': '0.0071'}
{'Epoch': 102, 'name': 'low_freq', 'HIT@5': '0.0066', 'NDCG@5': '0.0048', 'HIT@10': '0.0086', 'NDCG@10': '0.0055', 'HIT@20': '0.0097', 'NDCG@20': '0.0057'}
{'Epoch': 102, 'name': 'all', 'HIT@5': '0.0280', 'NDCG@5': '0.0184', 'HIT@10': '0.0431', 'NDCG@10': '0.0232', 'HIT@20': '0.0648', 'NDCG@20': '0.0287'}
EarlyStopping counter: 4 out of 40
rec dataset length: 186
100%|███████████████████████████████████████████████████████████████████████████████████████████████████████████████████████████████████████████| 186/186 [00:54<00:00,  3.40it/s]
{'epoch': 103, 'rec_avg_loss': '0.4542', 'joint_avg_loss': '0.5690', 'cl_avg_loss': '1.1478', 'itemcl_loss': '0.0000', 'cl_pair_0_loss': '1.1478'}
Recommendation EP_test:103: 100%|| 35/35 [00:08<00:00,  3.92it/s]
{'Epoch': 103, 'name': 'high_freq', 'HIT@5': '0.0370', 'NDCG@5': '0.0242', 'HIT@10': '0.0583', 'NDCG@10': '0.0310', 'HIT@20': '0.0897', 'NDCG@20': '0.0389'}
{'Epoch': 103, 'name': 'mid_freq', 'HIT@5': '0.0080', 'NDCG@5': '0.0053', 'HIT@10': '0.0106', 'NDCG@10': '0.0061', 'HIT@20': '0.0152', 'NDCG@20': '0.0073'}
{'Epoch': 103, 'name': 'low_freq', 'HIT@5': '0.0068', 'NDCG@5': '0.0046', 'HIT@10': '0.0088', 'NDCG@10': '0.0053', 'HIT@20': '0.0095', 'NDCG@20': '0.0055'}
{'Epoch': 103, 'name': 'all', 'HIT@5': '0.0276', 'NDCG@5': '0.0181', 'HIT@10': '0.0428', 'NDCG@10': '0.0230', 'HIT@20': '0.0652', 'NDCG@20': '0.0286'}
EarlyStopping counter: 5 out of 40
rec dataset length: 186
100%|███████████████████████████████████████████████████████████████████████████████████████████████████████████████████████████████████████████| 186/186 [00:48<00:00,  3.82it/s]
{'epoch': 104, 'rec_avg_loss': '0.4527', 'joint_avg_loss': '0.5674', 'cl_avg_loss': '1.1470', 'itemcl_loss': '0.0000', 'cl_pair_0_loss': '1.1470'}
Recommendation EP_test:104: 100%|| 35/35 [00:08<00:00,  4.21it/s]
{'Epoch': 104, 'name': 'high_freq', 'HIT@5': '0.0367', 'NDCG@5': '0.0241', 'HIT@10': '0.0586', 'NDCG@10': '0.0311', 'HIT@20': '0.0902', 'NDCG@20': '0.0391'}
{'Epoch': 104, 'name': 'mid_freq', 'HIT@5': '0.0070', 'NDCG@5': '0.0046', 'HIT@10': '0.0108', 'NDCG@10': '0.0058', 'HIT@20': '0.0152', 'NDCG@20': '0.0069'}
{'Epoch': 104, 'name': 'low_freq', 'HIT@5': '0.0061', 'NDCG@5': '0.0044', 'HIT@10': '0.0079', 'NDCG@10': '0.0049', 'HIT@20': '0.0102', 'NDCG@20': '0.0055'}
{'Epoch': 104, 'name': 'all', 'HIT@5': '0.0271', 'NDCG@5': '0.0178', 'HIT@10': '0.0429', 'NDCG@10': '0.0229', 'HIT@20': '0.0656', 'NDCG@20': '0.0286'}
EarlyStopping counter: 6 out of 40
rec dataset length: 186
100%|███████████████████████████████████████████████████████████████████████████████████████████████████████████████████████████████████████████| 186/186 [00:48<00:00,  3.85it/s]
{'epoch': 105, 'rec_avg_loss': '0.4527', 'joint_avg_loss': '0.5681', 'cl_avg_loss': '1.1540', 'itemcl_loss': '0.0000', 'cl_pair_0_loss': '1.1540'}
Recommendation EP_test:105: 100%|| 35/35 [00:08<00:00,  4.25it/s]
{'Epoch': 105, 'name': 'high_freq', 'HIT@5': '0.0366', 'NDCG@5': '0.0238', 'HIT@10': '0.0583', 'NDCG@10': '0.0308', 'HIT@20': '0.0887', 'NDCG@20': '0.0384'}
{'Epoch': 105, 'name': 'mid_freq', 'HIT@5': '0.0075', 'NDCG@5': '0.0050', 'HIT@10': '0.0111', 'NDCG@10': '0.0061', 'HIT@20': '0.0158', 'NDCG@20': '0.0073'}
{'Epoch': 105, 'name': 'low_freq', 'HIT@5': '0.0057', 'NDCG@5': '0.0041', 'HIT@10': '0.0084', 'NDCG@10': '0.0049', 'HIT@20': '0.0102', 'NDCG@20': '0.0054'}
{'Epoch': 105, 'name': 'all', 'HIT@5': '0.0271', 'NDCG@5': '0.0177', 'HIT@10': '0.0428', 'NDCG@10': '0.0228', 'HIT@20': '0.0647', 'NDCG@20': '0.0283'}
EarlyStopping counter: 7 out of 40
rec dataset length: 186
100%|███████████████████████████████████████████████████████████████████████████████████████████████████████████████████████████████████████████| 186/186 [00:48<00:00,  3.85it/s]
{'epoch': 106, 'rec_avg_loss': '0.4532', 'joint_avg_loss': '0.5672', 'cl_avg_loss': '1.1397', 'itemcl_loss': '0.0000', 'cl_pair_0_loss': '1.1397'}
Recommendation EP_test:106: 100%|| 35/35 [00:08<00:00,  3.92it/s]
{'Epoch': 106, 'name': 'high_freq', 'HIT@5': '0.0369', 'NDCG@5': '0.0239', 'HIT@10': '0.0598', 'NDCG@10': '0.0312', 'HIT@20': '0.0899', 'NDCG@20': '0.0388'}
{'Epoch': 106, 'name': 'mid_freq', 'HIT@5': '0.0075', 'NDCG@5': '0.0050', 'HIT@10': '0.0106', 'NDCG@10': '0.0060', 'HIT@20': '0.0151', 'NDCG@20': '0.0072'}
{'Epoch': 106, 'name': 'low_freq', 'HIT@5': '0.0061', 'NDCG@5': '0.0042', 'HIT@10': '0.0075', 'NDCG@10': '0.0046', 'HIT@20': '0.0093', 'NDCG@20': '0.0051'}
{'Epoch': 106, 'name': 'all', 'HIT@5': '0.0273', 'NDCG@5': '0.0177', 'HIT@10': '0.0437', 'NDCG@10': '0.0230', 'HIT@20': '0.0653', 'NDCG@20': '0.0284'}
EarlyStopping counter: 8 out of 40
rec dataset length: 186
100%|███████████████████████████████████████████████████████████████████████████████████████████████████████████████████████████████████████████| 186/186 [00:49<00:00,  3.79it/s]
{'epoch': 107, 'rec_avg_loss': '0.4497', 'joint_avg_loss': '0.5631', 'cl_avg_loss': '1.1341', 'itemcl_loss': '0.0000', 'cl_pair_0_loss': '1.1341'}
Recommendation EP_test:107: 100%|| 35/35 [00:08<00:00,  4.07it/s]
{'Epoch': 107, 'name': 'high_freq', 'HIT@5': '0.0375', 'NDCG@5': '0.0240', 'HIT@10': '0.0602', 'NDCG@10': '0.0313', 'HIT@20': '0.0905', 'NDCG@20': '0.0389'}
{'Epoch': 107, 'name': 'mid_freq', 'HIT@5': '0.0072', 'NDCG@5': '0.0049', 'HIT@10': '0.0099', 'NDCG@10': '0.0058', 'HIT@20': '0.0148', 'NDCG@20': '0.0071'}
{'Epoch': 107, 'name': 'low_freq', 'HIT@5': '0.0057', 'NDCG@5': '0.0042', 'HIT@10': '0.0081', 'NDCG@10': '0.0050', 'HIT@20': '0.0102', 'NDCG@20': '0.0055'}
{'Epoch': 107, 'name': 'all', 'HIT@5': '0.0276', 'NDCG@5': '0.0178', 'HIT@10': '0.0439', 'NDCG@10': '0.0230', 'HIT@20': '0.0657', 'NDCG@20': '0.0285'}
EarlyStopping counter: 9 out of 40
rec dataset length: 186
100%|███████████████████████████████████████████████████████████████████████████████████████████████████████████████████████████████████████████| 186/186 [00:50<00:00,  3.72it/s]
{'epoch': 108, 'rec_avg_loss': '0.4489', 'joint_avg_loss': '0.5627', 'cl_avg_loss': '1.1380', 'itemcl_loss': '0.0000', 'cl_pair_0_loss': '1.1380'}
Recommendation EP_test:108: 100%|| 35/35 [00:08<00:00,  3.92it/s]
{'Epoch': 108, 'name': 'high_freq', 'HIT@5': '0.0379', 'NDCG@5': '0.0240', 'HIT@10': '0.0583', 'NDCG@10': '0.0305', 'HIT@20': '0.0906', 'NDCG@20': '0.0386'}
{'Epoch': 108, 'name': 'mid_freq', 'HIT@5': '0.0075', 'NDCG@5': '0.0053', 'HIT@10': '0.0111', 'NDCG@10': '0.0065', 'HIT@20': '0.0145', 'NDCG@20': '0.0073'}
{'Epoch': 108, 'name': 'low_freq', 'HIT@5': '0.0061', 'NDCG@5': '0.0044', 'HIT@10': '0.0084', 'NDCG@10': '0.0052', 'HIT@20': '0.0097', 'NDCG@20': '0.0055'}
{'Epoch': 108, 'name': 'all', 'HIT@5': '0.0280', 'NDCG@5': '0.0179', 'HIT@10': '0.0429', 'NDCG@10': '0.0227', 'HIT@20': '0.0656', 'NDCG@20': '0.0284'}
EarlyStopping counter: 10 out of 40
rec dataset length: 186
100%|███████████████████████████████████████████████████████████████████████████████████████████████████████████████████████████████████████████| 186/186 [00:48<00:00,  3.85it/s]
{'epoch': 109, 'rec_avg_loss': '0.4484', 'joint_avg_loss': '0.5617', 'cl_avg_loss': '1.1333', 'itemcl_loss': '0.0000', 'cl_pair_0_loss': '1.1333'}
Recommendation EP_test:109: 100%|| 35/35 [00:08<00:00,  4.07it/s]
{'Epoch': 109, 'name': 'high_freq', 'HIT@5': '0.0375', 'NDCG@5': '0.0246', 'HIT@10': '0.0590', 'NDCG@10': '0.0315', 'HIT@20': '0.0906', 'NDCG@20': '0.0395'}
{'Epoch': 109, 'name': 'mid_freq', 'HIT@5': '0.0073', 'NDCG@5': '0.0053', 'HIT@10': '0.0115', 'NDCG@10': '0.0067', 'HIT@20': '0.0154', 'NDCG@20': '0.0076'}
{'Epoch': 109, 'name': 'low_freq', 'HIT@5': '0.0059', 'NDCG@5': '0.0042', 'HIT@10': '0.0081', 'NDCG@10': '0.0050', 'HIT@20': '0.0097', 'NDCG@20': '0.0054'}
{'Epoch': 109, 'name': 'all', 'HIT@5': '0.0276', 'NDCG@5': '0.0183', 'HIT@10': '0.0434', 'NDCG@10': '0.0234', 'HIT@20': '0.0658', 'NDCG@20': '0.0290'}
Validation score increased.  Saving model ...
rec dataset length: 186
100%|███████████████████████████████████████████████████████████████████████████████████████████████████████████████████████████████████████████| 186/186 [00:48<00:00,  3.82it/s]
{'epoch': 110, 'rec_avg_loss': '0.4458', 'joint_avg_loss': '0.5594', 'cl_avg_loss': '1.1357', 'itemcl_loss': '0.0000', 'cl_pair_0_loss': '1.1357'}
Recommendation EP_test:110: 100%|| 35/35 [00:08<00:00,  4.06it/s]
{'Epoch': 110, 'name': 'high_freq', 'HIT@5': '0.0382', 'NDCG@5': '0.0247', 'HIT@10': '0.0595', 'NDCG@10': '0.0316', 'HIT@20': '0.0905', 'NDCG@20': '0.0393'}
{'Epoch': 110, 'name': 'mid_freq', 'HIT@5': '0.0070', 'NDCG@5': '0.0050', 'HIT@10': '0.0102', 'NDCG@10': '0.0061', 'HIT@20': '0.0151', 'NDCG@20': '0.0073'}
{'Epoch': 110, 'name': 'low_freq', 'HIT@5': '0.0063', 'NDCG@5': '0.0043', 'HIT@10': '0.0079', 'NDCG@10': '0.0048', 'HIT@20': '0.0102', 'NDCG@20': '0.0054'}
{'Epoch': 110, 'name': 'all', 'HIT@5': '0.0281', 'NDCG@5': '0.0183', 'HIT@10': '0.0435', 'NDCG@10': '0.0233', 'HIT@20': '0.0658', 'NDCG@20': '0.0288'}
EarlyStopping counter: 1 out of 40
rec dataset length: 186
100%|███████████████████████████████████████████████████████████████████████████████████████████████████████████████████████████████████████████| 186/186 [00:48<00:00,  3.81it/s]
{'epoch': 111, 'rec_avg_loss': '0.4467', 'joint_avg_loss': '0.5600', 'cl_avg_loss': '1.1330', 'itemcl_loss': '0.0000', 'cl_pair_0_loss': '1.1330'}
Recommendation EP_test:111: 100%|| 35/35 [00:08<00:00,  4.13it/s]
{'Epoch': 111, 'name': 'high_freq', 'HIT@5': '0.0378', 'NDCG@5': '0.0245', 'HIT@10': '0.0593', 'NDCG@10': '0.0314', 'HIT@20': '0.0900', 'NDCG@20': '0.0391'}
{'Epoch': 111, 'name': 'mid_freq', 'HIT@5': '0.0080', 'NDCG@5': '0.0056', 'HIT@10': '0.0108', 'NDCG@10': '0.0065', 'HIT@20': '0.0154', 'NDCG@20': '0.0077'}
{'Epoch': 111, 'name': 'low_freq', 'HIT@5': '0.0072', 'NDCG@5': '0.0049', 'HIT@10': '0.0086', 'NDCG@10': '0.0053', 'HIT@20': '0.0102', 'NDCG@20': '0.0057'}
{'Epoch': 111, 'name': 'all', 'HIT@5': '0.0282', 'NDCG@5': '0.0184', 'HIT@10': '0.0435', 'NDCG@10': '0.0233', 'HIT@20': '0.0655', 'NDCG@20': '0.0288'}
EarlyStopping counter: 2 out of 40
rec dataset length: 186
100%|███████████████████████████████████████████████████████████████████████████████████████████████████████████████████████████████████████████| 186/186 [00:48<00:00,  3.84it/s]
{'epoch': 112, 'rec_avg_loss': '0.4452', 'joint_avg_loss': '0.5581', 'cl_avg_loss': '1.1291', 'itemcl_loss': '0.0000', 'cl_pair_0_loss': '1.1291'}
Recommendation EP_test:112: 100%|| 35/35 [00:08<00:00,  4.06it/s]
{'Epoch': 112, 'name': 'high_freq', 'HIT@5': '0.0390', 'NDCG@5': '0.0256', 'HIT@10': '0.0583', 'NDCG@10': '0.0318', 'HIT@20': '0.0907', 'NDCG@20': '0.0400'}
{'Epoch': 112, 'name': 'mid_freq', 'HIT@5': '0.0073', 'NDCG@5': '0.0050', 'HIT@10': '0.0102', 'NDCG@10': '0.0059', 'HIT@20': '0.0155', 'NDCG@20': '0.0072'}
{'Epoch': 112, 'name': 'low_freq', 'HIT@5': '0.0063', 'NDCG@5': '0.0043', 'HIT@10': '0.0081', 'NDCG@10': '0.0049', 'HIT@20': '0.0111', 'NDCG@20': '0.0057'}
{'Epoch': 112, 'name': 'all', 'HIT@5': '0.0288', 'NDCG@5': '0.0189', 'HIT@10': '0.0427', 'NDCG@10': '0.0234', 'HIT@20': '0.0661', 'NDCG@20': '0.0293'}
Validation score increased.  Saving model ...
rec dataset length: 186
100%|███████████████████████████████████████████████████████████████████████████████████████████████████████████████████████████████████████████| 186/186 [00:48<00:00,  3.82it/s]
{'epoch': 113, 'rec_avg_loss': '0.4434', 'joint_avg_loss': '0.5561', 'cl_avg_loss': '1.1275', 'itemcl_loss': '0.0000', 'cl_pair_0_loss': '1.1275'}
Recommendation EP_test:113: 100%|| 35/35 [00:08<00:00,  3.93it/s]
{'Epoch': 113, 'name': 'high_freq', 'HIT@5': '0.0386', 'NDCG@5': '0.0248', 'HIT@10': '0.0590', 'NDCG@10': '0.0314', 'HIT@20': '0.0908', 'NDCG@20': '0.0393'}
{'Epoch': 113, 'name': 'mid_freq', 'HIT@5': '0.0069', 'NDCG@5': '0.0046', 'HIT@10': '0.0106', 'NDCG@10': '0.0058', 'HIT@20': '0.0148', 'NDCG@20': '0.0069'}
{'Epoch': 113, 'name': 'low_freq', 'HIT@5': '0.0054', 'NDCG@5': '0.0042', 'HIT@10': '0.0079', 'NDCG@10': '0.0050', 'HIT@20': '0.0104', 'NDCG@20': '0.0056'}
{'Epoch': 113, 'name': 'all', 'HIT@5': '0.0283', 'NDCG@5': '0.0183', 'HIT@10': '0.0432', 'NDCG@10': '0.0231', 'HIT@20': '0.0660', 'NDCG@20': '0.0288'}
EarlyStopping counter: 1 out of 40
rec dataset length: 186
100%|███████████████████████████████████████████████████████████████████████████████████████████████████████████████████████████████████████████| 186/186 [00:48<00:00,  3.84it/s]
{'epoch': 114, 'rec_avg_loss': '0.4430', 'joint_avg_loss': '0.5552', 'cl_avg_loss': '1.1223', 'itemcl_loss': '0.0000', 'cl_pair_0_loss': '1.1223'}
Recommendation EP_test:114: 100%|| 35/35 [00:08<00:00,  4.20it/s]
{'Epoch': 114, 'name': 'high_freq', 'HIT@5': '0.0381', 'NDCG@5': '0.0248', 'HIT@10': '0.0596', 'NDCG@10': '0.0317', 'HIT@20': '0.0898', 'NDCG@20': '0.0393'}
{'Epoch': 114, 'name': 'mid_freq', 'HIT@5': '0.0070', 'NDCG@5': '0.0050', 'HIT@10': '0.0103', 'NDCG@10': '0.0061', 'HIT@20': '0.0158', 'NDCG@20': '0.0075'}
{'Epoch': 114, 'name': 'low_freq', 'HIT@5': '0.0059', 'NDCG@5': '0.0045', 'HIT@10': '0.0081', 'NDCG@10': '0.0052', 'HIT@20': '0.0104', 'NDCG@20': '0.0058'}
{'Epoch': 114, 'name': 'all', 'HIT@5': '0.0280', 'NDCG@5': '0.0184', 'HIT@10': '0.0436', 'NDCG@10': '0.0234', 'HIT@20': '0.0655', 'NDCG@20': '0.0289'}
EarlyStopping counter: 2 out of 40
rec dataset length: 186
100%|███████████████████████████████████████████████████████████████████████████████████████████████████████████████████████████████████████████| 186/186 [00:48<00:00,  3.86it/s]
{'epoch': 115, 'rec_avg_loss': '0.4451', 'joint_avg_loss': '0.5574', 'cl_avg_loss': '1.1233', 'itemcl_loss': '0.0000', 'cl_pair_0_loss': '1.1233'}
Recommendation EP_test:115: 100%|| 35/35 [00:08<00:00,  4.21it/s]
{'Epoch': 115, 'name': 'high_freq', 'HIT@5': '0.0378', 'NDCG@5': '0.0246', 'HIT@10': '0.0588', 'NDCG@10': '0.0313', 'HIT@20': '0.0905', 'NDCG@20': '0.0393'}
{'Epoch': 115, 'name': 'mid_freq', 'HIT@5': '0.0078', 'NDCG@5': '0.0052', 'HIT@10': '0.0111', 'NDCG@10': '0.0062', 'HIT@20': '0.0159', 'NDCG@20': '0.0075'}
{'Epoch': 115, 'name': 'low_freq', 'HIT@5': '0.0061', 'NDCG@5': '0.0042', 'HIT@10': '0.0079', 'NDCG@10': '0.0048', 'HIT@20': '0.0100', 'NDCG@20': '0.0053'}
{'Epoch': 115, 'name': 'all', 'HIT@5': '0.0280', 'NDCG@5': '0.0183', 'HIT@10': '0.0432', 'NDCG@10': '0.0231', 'HIT@20': '0.0659', 'NDCG@20': '0.0288'}
EarlyStopping counter: 3 out of 40
rec dataset length: 186
100%|███████████████████████████████████████████████████████████████████████████████████████████████████████████████████████████████████████████| 186/186 [00:48<00:00,  3.84it/s]
{'epoch': 116, 'rec_avg_loss': '0.4416', 'joint_avg_loss': '0.5533', 'cl_avg_loss': '1.1168', 'itemcl_loss': '0.0000', 'cl_pair_0_loss': '1.1168'}
Recommendation EP_test:116: 100%|| 35/35 [00:08<00:00,  4.12it/s]
{'Epoch': 116, 'name': 'high_freq', 'HIT@5': '0.0379', 'NDCG@5': '0.0246', 'HIT@10': '0.0589', 'NDCG@10': '0.0314', 'HIT@20': '0.0909', 'NDCG@20': '0.0394'}
{'Epoch': 116, 'name': 'mid_freq', 'HIT@5': '0.0083', 'NDCG@5': '0.0058', 'HIT@10': '0.0111', 'NDCG@10': '0.0066', 'HIT@20': '0.0159', 'NDCG@20': '0.0078'}
{'Epoch': 116, 'name': 'low_freq', 'HIT@5': '0.0066', 'NDCG@5': '0.0044', 'HIT@10': '0.0084', 'NDCG@10': '0.0050', 'HIT@20': '0.0097', 'NDCG@20': '0.0053'}
{'Epoch': 116, 'name': 'all', 'HIT@5': '0.0282', 'NDCG@5': '0.0184', 'HIT@10': '0.0433', 'NDCG@10': '0.0232', 'HIT@20': '0.0662', 'NDCG@20': '0.0290'}
EarlyStopping counter: 4 out of 40
rec dataset length: 186
100%|███████████████████████████████████████████████████████████████████████████████████████████████████████████████████████████████████████████| 186/186 [00:48<00:00,  3.87it/s]
{'epoch': 117, 'rec_avg_loss': '0.4415', 'joint_avg_loss': '0.5534', 'cl_avg_loss': '1.1191', 'itemcl_loss': '0.0000', 'cl_pair_0_loss': '1.1191'}
Recommendation EP_test:117: 100%|| 35/35 [00:08<00:00,  4.09it/s]
{'Epoch': 117, 'name': 'high_freq', 'HIT@5': '0.0398', 'NDCG@5': '0.0256', 'HIT@10': '0.0608', 'NDCG@10': '0.0323', 'HIT@20': '0.0908', 'NDCG@20': '0.0398'}
{'Epoch': 117, 'name': 'mid_freq', 'HIT@5': '0.0076', 'NDCG@5': '0.0054', 'HIT@10': '0.0119', 'NDCG@10': '0.0068', 'HIT@20': '0.0167', 'NDCG@20': '0.0080'}
{'Epoch': 117, 'name': 'low_freq', 'HIT@5': '0.0066', 'NDCG@5': '0.0045', 'HIT@10': '0.0086', 'NDCG@10': '0.0052', 'HIT@20': '0.0104', 'NDCG@20': '0.0056'}
{'Epoch': 117, 'name': 'all', 'HIT@5': '0.0294', 'NDCG@5': '0.0190', 'HIT@10': '0.0447', 'NDCG@10': '0.0239', 'HIT@20': '0.0664', 'NDCG@20': '0.0294'}
Validation score increased.  Saving model ...
rec dataset length: 186
100%|███████████████████████████████████████████████████████████████████████████████████████████████████████████████████████████████████████████| 186/186 [00:48<00:00,  3.82it/s]
{'epoch': 118, 'rec_avg_loss': '0.4392', 'joint_avg_loss': '0.5502', 'cl_avg_loss': '1.1099', 'itemcl_loss': '0.0000', 'cl_pair_0_loss': '1.1099'}
Recommendation EP_test:118: 100%|| 35/35 [00:08<00:00,  4.03it/s]
{'Epoch': 118, 'name': 'high_freq', 'HIT@5': '0.0386', 'NDCG@5': '0.0248', 'HIT@10': '0.0590', 'NDCG@10': '0.0314', 'HIT@20': '0.0890', 'NDCG@20': '0.0389'}
{'Epoch': 118, 'name': 'mid_freq', 'HIT@5': '0.0080', 'NDCG@5': '0.0053', 'HIT@10': '0.0113', 'NDCG@10': '0.0063', 'HIT@20': '0.0169', 'NDCG@20': '0.0077'}
{'Epoch': 118, 'name': 'low_freq', 'HIT@5': '0.0063', 'NDCG@5': '0.0044', 'HIT@10': '0.0084', 'NDCG@10': '0.0050', 'HIT@20': '0.0109', 'NDCG@20': '0.0057'}
{'Epoch': 118, 'name': 'all', 'HIT@5': '0.0286', 'NDCG@5': '0.0184', 'HIT@10': '0.0434', 'NDCG@10': '0.0232', 'HIT@20': '0.0652', 'NDCG@20': '0.0287'}
EarlyStopping counter: 1 out of 40
rec dataset length: 186
100%|███████████████████████████████████████████████████████████████████████████████████████████████████████████████████████████████████████████| 186/186 [00:48<00:00,  3.85it/s]
{'epoch': 119, 'rec_avg_loss': '0.4392', 'joint_avg_loss': '0.5498', 'cl_avg_loss': '1.1067', 'itemcl_loss': '0.0000', 'cl_pair_0_loss': '1.1067'}
Recommendation EP_test:119: 100%|| 35/35 [00:08<00:00,  4.16it/s]
{'Epoch': 119, 'name': 'high_freq', 'HIT@5': '0.0383', 'NDCG@5': '0.0248', 'HIT@10': '0.0590', 'NDCG@10': '0.0315', 'HIT@20': '0.0890', 'NDCG@20': '0.0390'}
{'Epoch': 119, 'name': 'mid_freq', 'HIT@5': '0.0073', 'NDCG@5': '0.0051', 'HIT@10': '0.0108', 'NDCG@10': '0.0062', 'HIT@20': '0.0162', 'NDCG@20': '0.0076'}
{'Epoch': 119, 'name': 'low_freq', 'HIT@5': '0.0059', 'NDCG@5': '0.0044', 'HIT@10': '0.0086', 'NDCG@10': '0.0052', 'HIT@20': '0.0111', 'NDCG@20': '0.0059'}
{'Epoch': 119, 'name': 'all', 'HIT@5': '0.0282', 'NDCG@5': '0.0184', 'HIT@10': '0.0433', 'NDCG@10': '0.0233', 'HIT@20': '0.0651', 'NDCG@20': '0.0287'}
EarlyStopping counter: 2 out of 40
rec dataset length: 186
100%|███████████████████████████████████████████████████████████████████████████████████████████████████████████████████████████████████████████| 186/186 [00:48<00:00,  3.85it/s]
{'epoch': 120, 'rec_avg_loss': '0.4382', 'joint_avg_loss': '0.5489', 'cl_avg_loss': '1.1071', 'itemcl_loss': '0.0000', 'cl_pair_0_loss': '1.1071'}
Recommendation EP_test:120: 100%|| 35/35 [00:08<00:00,  4.11it/s]
{'Epoch': 120, 'name': 'high_freq', 'HIT@5': '0.0389', 'NDCG@5': '0.0250', 'HIT@10': '0.0592', 'NDCG@10': '0.0316', 'HIT@20': '0.0908', 'NDCG@20': '0.0395'}
{'Epoch': 120, 'name': 'mid_freq', 'HIT@5': '0.0070', 'NDCG@5': '0.0050', 'HIT@10': '0.0111', 'NDCG@10': '0.0063', 'HIT@20': '0.0168', 'NDCG@20': '0.0077'}
{'Epoch': 120, 'name': 'low_freq', 'HIT@5': '0.0066', 'NDCG@5': '0.0048', 'HIT@10': '0.0075', 'NDCG@10': '0.0050', 'HIT@20': '0.0106', 'NDCG@20': '0.0059'}
{'Epoch': 120, 'name': 'all', 'HIT@5': '0.0286', 'NDCG@5': '0.0186', 'HIT@10': '0.0434', 'NDCG@10': '0.0233', 'HIT@20': '0.0664', 'NDCG@20': '0.0291'}
EarlyStopping counter: 3 out of 40
rec dataset length: 186
100%|███████████████████████████████████████████████████████████████████████████████████████████████████████████████████████████████████████████| 186/186 [00:48<00:00,  3.84it/s]
{'epoch': 121, 'rec_avg_loss': '0.4355', 'joint_avg_loss': '0.5457', 'cl_avg_loss': '1.1027', 'itemcl_loss': '0.0000', 'cl_pair_0_loss': '1.1027'}
Recommendation EP_test:121: 100%|| 35/35 [00:08<00:00,  4.14it/s]
{'Epoch': 121, 'name': 'high_freq', 'HIT@5': '0.0386', 'NDCG@5': '0.0253', 'HIT@10': '0.0597', 'NDCG@10': '0.0321', 'HIT@20': '0.0903', 'NDCG@20': '0.0398'}
{'Epoch': 121, 'name': 'mid_freq', 'HIT@5': '0.0073', 'NDCG@5': '0.0048', 'HIT@10': '0.0106', 'NDCG@10': '0.0058', 'HIT@20': '0.0158', 'NDCG@20': '0.0071'}
{'Epoch': 121, 'name': 'low_freq', 'HIT@5': '0.0061', 'NDCG@5': '0.0044', 'HIT@10': '0.0075', 'NDCG@10': '0.0048', 'HIT@20': '0.0102', 'NDCG@20': '0.0055'}
{'Epoch': 121, 'name': 'all', 'HIT@5': '0.0284', 'NDCG@5': '0.0187', 'HIT@10': '0.0436', 'NDCG@10': '0.0236', 'HIT@20': '0.0658', 'NDCG@20': '0.0292'}
EarlyStopping counter: 4 out of 40
rec dataset length: 186
100%|███████████████████████████████████████████████████████████████████████████████████████████████████████████████████████████████████████████| 186/186 [00:48<00:00,  3.86it/s]
{'epoch': 122, 'rec_avg_loss': '0.4360', 'joint_avg_loss': '0.5461', 'cl_avg_loss': '1.1005', 'itemcl_loss': '0.0000', 'cl_pair_0_loss': '1.1005'}
Recommendation EP_test:122: 100%|| 35/35 [00:08<00:00,  4.17it/s]
{'Epoch': 122, 'name': 'high_freq', 'HIT@5': '0.0385', 'NDCG@5': '0.0249', 'HIT@10': '0.0608', 'NDCG@10': '0.0321', 'HIT@20': '0.0909', 'NDCG@20': '0.0397'}
{'Epoch': 122, 'name': 'mid_freq', 'HIT@5': '0.0080', 'NDCG@5': '0.0054', 'HIT@10': '0.0112', 'NDCG@10': '0.0064', 'HIT@20': '0.0159', 'NDCG@20': '0.0076'}
{'Epoch': 122, 'name': 'low_freq', 'HIT@5': '0.0063', 'NDCG@5': '0.0045', 'HIT@10': '0.0077', 'NDCG@10': '0.0049', 'HIT@20': '0.0109', 'NDCG@20': '0.0057'}
{'Epoch': 122, 'name': 'all', 'HIT@5': '0.0285', 'NDCG@5': '0.0186', 'HIT@10': '0.0445', 'NDCG@10': '0.0237', 'HIT@20': '0.0663', 'NDCG@20': '0.0292'}
EarlyStopping counter: 5 out of 40
rec dataset length: 186
100%|███████████████████████████████████████████████████████████████████████████████████████████████████████████████████████████████████████████| 186/186 [00:48<00:00,  3.85it/s]
{'epoch': 123, 'rec_avg_loss': '0.4326', 'joint_avg_loss': '0.5432', 'cl_avg_loss': '1.1054', 'itemcl_loss': '0.0000', 'cl_pair_0_loss': '1.1054'}
Recommendation EP_test:123: 100%|| 35/35 [00:08<00:00,  4.24it/s]
{'Epoch': 123, 'name': 'high_freq', 'HIT@5': '0.0391', 'NDCG@5': '0.0255', 'HIT@10': '0.0597', 'NDCG@10': '0.0321', 'HIT@20': '0.0902', 'NDCG@20': '0.0397'}
{'Epoch': 123, 'name': 'mid_freq', 'HIT@5': '0.0089', 'NDCG@5': '0.0061', 'HIT@10': '0.0122', 'NDCG@10': '0.0072', 'HIT@20': '0.0161', 'NDCG@20': '0.0082'}
{'Epoch': 123, 'name': 'low_freq', 'HIT@5': '0.0070', 'NDCG@5': '0.0050', 'HIT@10': '0.0091', 'NDCG@10': '0.0056', 'HIT@20': '0.0118', 'NDCG@20': '0.0063'}
{'Epoch': 123, 'name': 'all', 'HIT@5': '0.0292', 'NDCG@5': '0.0191', 'HIT@10': '0.0441', 'NDCG@10': '0.0239', 'HIT@20': '0.0660', 'NDCG@20': '0.0294'}
Validation score increased.  Saving model ...
rec dataset length: 186
100%|███████████████████████████████████████████████████████████████████████████████████████████████████████████████████████████████████████████| 186/186 [00:48<00:00,  3.87it/s]
{'epoch': 124, 'rec_avg_loss': '0.4304', 'joint_avg_loss': '0.5404', 'cl_avg_loss': '1.1002', 'itemcl_loss': '0.0000', 'cl_pair_0_loss': '1.1002'}
Recommendation EP_test:124: 100%|| 35/35 [00:08<00:00,  4.25it/s]
{'Epoch': 124, 'name': 'high_freq', 'HIT@5': '0.0381', 'NDCG@5': '0.0250', 'HIT@10': '0.0573', 'NDCG@10': '0.0312', 'HIT@20': '0.0892', 'NDCG@20': '0.0392'}
{'Epoch': 124, 'name': 'mid_freq', 'HIT@5': '0.0085', 'NDCG@5': '0.0057', 'HIT@10': '0.0121', 'NDCG@10': '0.0068', 'HIT@20': '0.0161', 'NDCG@20': '0.0078'}
{'Epoch': 124, 'name': 'low_freq', 'HIT@5': '0.0052', 'NDCG@5': '0.0040', 'HIT@10': '0.0075', 'NDCG@10': '0.0047', 'HIT@20': '0.0113', 'NDCG@20': '0.0057'}
{'Epoch': 124, 'name': 'all', 'HIT@5': '0.0282', 'NDCG@5': '0.0186', 'HIT@10': '0.0423', 'NDCG@10': '0.0231', 'HIT@20': '0.0652', 'NDCG@20': '0.0289'}
EarlyStopping counter: 1 out of 40
rec dataset length: 186
100%|███████████████████████████████████████████████████████████████████████████████████████████████████████████████████████████████████████████| 186/186 [00:48<00:00,  3.85it/s]
{'epoch': 125, 'rec_avg_loss': '0.4309', 'joint_avg_loss': '0.5408', 'cl_avg_loss': '1.0990', 'itemcl_loss': '0.0000', 'cl_pair_0_loss': '1.0990'}
Recommendation EP_test:125: 100%|| 35/35 [00:08<00:00,  4.26it/s]
{'Epoch': 125, 'name': 'high_freq', 'HIT@5': '0.0369', 'NDCG@5': '0.0246', 'HIT@10': '0.0582', 'NDCG@10': '0.0314', 'HIT@20': '0.0897', 'NDCG@20': '0.0394'}
{'Epoch': 125, 'name': 'mid_freq', 'HIT@5': '0.0078', 'NDCG@5': '0.0057', 'HIT@10': '0.0121', 'NDCG@10': '0.0071', 'HIT@20': '0.0165', 'NDCG@20': '0.0082'}
{'Epoch': 125, 'name': 'low_freq', 'HIT@5': '0.0052', 'NDCG@5': '0.0042', 'HIT@10': '0.0075', 'NDCG@10': '0.0049', 'HIT@20': '0.0106', 'NDCG@20': '0.0057'}
{'Epoch': 125, 'name': 'all', 'HIT@5': '0.0272', 'NDCG@5': '0.0184', 'HIT@10': '0.0429', 'NDCG@10': '0.0234', 'HIT@20': '0.0656', 'NDCG@20': '0.0291'}
EarlyStopping counter: 2 out of 40
rec dataset length: 186
100%|███████████████████████████████████████████████████████████████████████████████████████████████████████████████████████████████████████████| 186/186 [00:48<00:00,  3.84it/s]
{'epoch': 126, 'rec_avg_loss': '0.4305', 'joint_avg_loss': '0.5400', 'cl_avg_loss': '1.0953', 'itemcl_loss': '0.0000', 'cl_pair_0_loss': '1.0953'}
Recommendation EP_test:126: 100%|| 35/35 [00:08<00:00,  4.12it/s]
{'Epoch': 126, 'name': 'high_freq', 'HIT@5': '0.0388', 'NDCG@5': '0.0255', 'HIT@10': '0.0587', 'NDCG@10': '0.0319', 'HIT@20': '0.0901', 'NDCG@20': '0.0398'}
{'Epoch': 126, 'name': 'mid_freq', 'HIT@5': '0.0088', 'NDCG@5': '0.0060', 'HIT@10': '0.0116', 'NDCG@10': '0.0069', 'HIT@20': '0.0178', 'NDCG@20': '0.0085'}
{'Epoch': 126, 'name': 'low_freq', 'HIT@5': '0.0054', 'NDCG@5': '0.0041', 'HIT@10': '0.0079', 'NDCG@10': '0.0049', 'HIT@20': '0.0113', 'NDCG@20': '0.0057'}
{'Epoch': 126, 'name': 'all', 'HIT@5': '0.0288', 'NDCG@5': '0.0190', 'HIT@10': '0.0432', 'NDCG@10': '0.0237', 'HIT@20': '0.0662', 'NDCG@20': '0.0294'}
Validation score increased.  Saving model ...
rec dataset length: 186
100%|███████████████████████████████████████████████████████████████████████████████████████████████████████████████████████████████████████████| 186/186 [00:48<00:00,  3.85it/s]
{'epoch': 127, 'rec_avg_loss': '0.4289', 'joint_avg_loss': '0.5389', 'cl_avg_loss': '1.1005', 'itemcl_loss': '0.0000', 'cl_pair_0_loss': '1.1005'}
Recommendation EP_test:127: 100%|| 35/35 [00:08<00:00,  4.13it/s]
{'Epoch': 127, 'name': 'high_freq', 'HIT@5': '0.0377', 'NDCG@5': '0.0244', 'HIT@10': '0.0593', 'NDCG@10': '0.0313', 'HIT@20': '0.0911', 'NDCG@20': '0.0393'}
{'Epoch': 127, 'name': 'mid_freq', 'HIT@5': '0.0080', 'NDCG@5': '0.0059', 'HIT@10': '0.0116', 'NDCG@10': '0.0070', 'HIT@20': '0.0165', 'NDCG@20': '0.0082'}
{'Epoch': 127, 'name': 'low_freq', 'HIT@5': '0.0059', 'NDCG@5': '0.0045', 'HIT@10': '0.0084', 'NDCG@10': '0.0053', 'HIT@20': '0.0113', 'NDCG@20': '0.0061'}
{'Epoch': 127, 'name': 'all', 'HIT@5': '0.0280', 'NDCG@5': '0.0183', 'HIT@10': '0.0436', 'NDCG@10': '0.0233', 'HIT@20': '0.0666', 'NDCG@20': '0.0291'}
EarlyStopping counter: 1 out of 40
rec dataset length: 186
100%|███████████████████████████████████████████████████████████████████████████████████████████████████████████████████████████████████████████| 186/186 [00:48<00:00,  3.83it/s]
{'epoch': 128, 'rec_avg_loss': '0.4291', 'joint_avg_loss': '0.5381', 'cl_avg_loss': '1.0894', 'itemcl_loss': '0.0000', 'cl_pair_0_loss': '1.0894'}
Recommendation EP_test:128: 100%|| 35/35 [00:08<00:00,  4.16it/s]
{'Epoch': 128, 'name': 'high_freq', 'HIT@5': '0.0366', 'NDCG@5': '0.0241', 'HIT@10': '0.0587', 'NDCG@10': '0.0312', 'HIT@20': '0.0906', 'NDCG@20': '0.0392'}
{'Epoch': 128, 'name': 'mid_freq', 'HIT@5': '0.0079', 'NDCG@5': '0.0057', 'HIT@10': '0.0122', 'NDCG@10': '0.0071', 'HIT@20': '0.0162', 'NDCG@20': '0.0081'}
{'Epoch': 128, 'name': 'low_freq', 'HIT@5': '0.0057', 'NDCG@5': '0.0043', 'HIT@10': '0.0079', 'NDCG@10': '0.0051', 'HIT@20': '0.0111', 'NDCG@20': '0.0059'}
{'Epoch': 128, 'name': 'all', 'HIT@5': '0.0271', 'NDCG@5': '0.0180', 'HIT@10': '0.0433', 'NDCG@10': '0.0232', 'HIT@20': '0.0662', 'NDCG@20': '0.0290'}
EarlyStopping counter: 2 out of 40
rec dataset length: 186
100%|███████████████████████████████████████████████████████████████████████████████████████████████████████████████████████████████████████████| 186/186 [00:48<00:00,  3.84it/s]
{'epoch': 129, 'rec_avg_loss': '0.4267', 'joint_avg_loss': '0.5358', 'cl_avg_loss': '1.0907', 'itemcl_loss': '0.0000', 'cl_pair_0_loss': '1.0907'}
Recommendation EP_test:129: 100%|| 35/35 [00:08<00:00,  4.16it/s]
{'Epoch': 129, 'name': 'high_freq', 'HIT@5': '0.0379', 'NDCG@5': '0.0244', 'HIT@10': '0.0606', 'NDCG@10': '0.0317', 'HIT@20': '0.0905', 'NDCG@20': '0.0392'}
{'Epoch': 129, 'name': 'mid_freq', 'HIT@5': '0.0073', 'NDCG@5': '0.0049', 'HIT@10': '0.0121', 'NDCG@10': '0.0064', 'HIT@20': '0.0168', 'NDCG@20': '0.0076'}
{'Epoch': 129, 'name': 'low_freq', 'HIT@5': '0.0061', 'NDCG@5': '0.0043', 'HIT@10': '0.0081', 'NDCG@10': '0.0049', 'HIT@20': '0.0106', 'NDCG@20': '0.0056'}
{'Epoch': 129, 'name': 'all', 'HIT@5': '0.0280', 'NDCG@5': '0.0181', 'HIT@10': '0.0446', 'NDCG@10': '0.0234', 'HIT@20': '0.0662', 'NDCG@20': '0.0288'}
EarlyStopping counter: 3 out of 40
rec dataset length: 186
100%|███████████████████████████████████████████████████████████████████████████████████████████████████████████████████████████████████████████| 186/186 [00:48<00:00,  3.85it/s]
{'epoch': 130, 'rec_avg_loss': '0.4270', 'joint_avg_loss': '0.5364', 'cl_avg_loss': '1.0936', 'itemcl_loss': '0.0000', 'cl_pair_0_loss': '1.0936'}
Recommendation EP_test:130: 100%|| 35/35 [00:08<00:00,  4.21it/s]
{'Epoch': 130, 'name': 'high_freq', 'HIT@5': '0.0387', 'NDCG@5': '0.0252', 'HIT@10': '0.0611', 'NDCG@10': '0.0324', 'HIT@20': '0.0912', 'NDCG@20': '0.0400'}
{'Epoch': 130, 'name': 'mid_freq', 'HIT@5': '0.0080', 'NDCG@5': '0.0054', 'HIT@10': '0.0118', 'NDCG@10': '0.0066', 'HIT@20': '0.0165', 'NDCG@20': '0.0078'}
{'Epoch': 130, 'name': 'low_freq', 'HIT@5': '0.0061', 'NDCG@5': '0.0043', 'HIT@10': '0.0075', 'NDCG@10': '0.0048', 'HIT@20': '0.0109', 'NDCG@20': '0.0056'}
{'Epoch': 130, 'name': 'all', 'HIT@5': '0.0287', 'NDCG@5': '0.0188', 'HIT@10': '0.0448', 'NDCG@10': '0.0240', 'HIT@20': '0.0666', 'NDCG@20': '0.0294'}
Validation score increased.  Saving model ...
rec dataset length: 186
100%|███████████████████████████████████████████████████████████████████████████████████████████████████████████████████████████████████████████| 186/186 [00:48<00:00,  3.84it/s]
{'epoch': 131, 'rec_avg_loss': '0.4240', 'joint_avg_loss': '0.5333', 'cl_avg_loss': '1.0930', 'itemcl_loss': '0.0000', 'cl_pair_0_loss': '1.0930'}
Recommendation EP_test:131: 100%|| 35/35 [00:08<00:00,  4.26it/s]
{'Epoch': 131, 'name': 'high_freq', 'HIT@5': '0.0380', 'NDCG@5': '0.0247', 'HIT@10': '0.0596', 'NDCG@10': '0.0317', 'HIT@20': '0.0899', 'NDCG@20': '0.0393'}
{'Epoch': 131, 'name': 'mid_freq', 'HIT@5': '0.0086', 'NDCG@5': '0.0059', 'HIT@10': '0.0118', 'NDCG@10': '0.0069', 'HIT@20': '0.0175', 'NDCG@20': '0.0083'}
{'Epoch': 131, 'name': 'low_freq', 'HIT@5': '0.0072', 'NDCG@5': '0.0047', 'HIT@10': '0.0081', 'NDCG@10': '0.0050', 'HIT@20': '0.0106', 'NDCG@20': '0.0057'}
{'Epoch': 131, 'name': 'all', 'HIT@5': '0.0285', 'NDCG@5': '0.0186', 'HIT@10': '0.0439', 'NDCG@10': '0.0235', 'HIT@20': '0.0659', 'NDCG@20': '0.0291'}
EarlyStopping counter: 1 out of 40
rec dataset length: 186
100%|███████████████████████████████████████████████████████████████████████████████████████████████████████████████████████████████████████████| 186/186 [00:49<00:00,  3.79it/s]
{'epoch': 132, 'rec_avg_loss': '0.4268', 'joint_avg_loss': '0.5354', 'cl_avg_loss': '1.0856', 'itemcl_loss': '0.0000', 'cl_pair_0_loss': '1.0856'}
Recommendation EP_test:132: 100%|| 35/35 [00:08<00:00,  4.21it/s]
{'Epoch': 132, 'name': 'high_freq', 'HIT@5': '0.0379', 'NDCG@5': '0.0244', 'HIT@10': '0.0589', 'NDCG@10': '0.0312', 'HIT@20': '0.0909', 'NDCG@20': '0.0392'}
{'Epoch': 132, 'name': 'mid_freq', 'HIT@5': '0.0085', 'NDCG@5': '0.0056', 'HIT@10': '0.0124', 'NDCG@10': '0.0068', 'HIT@20': '0.0172', 'NDCG@20': '0.0081'}
{'Epoch': 132, 'name': 'low_freq', 'HIT@5': '0.0070', 'NDCG@5': '0.0047', 'HIT@10': '0.0086', 'NDCG@10': '0.0052', 'HIT@20': '0.0111', 'NDCG@20': '0.0058'}
{'Epoch': 132, 'name': 'all', 'HIT@5': '0.0283', 'NDCG@5': '0.0183', 'HIT@10': '0.0436', 'NDCG@10': '0.0232', 'HIT@20': '0.0666', 'NDCG@20': '0.0290'}
EarlyStopping counter: 2 out of 40
rec dataset length: 186
100%|███████████████████████████████████████████████████████████████████████████████████████████████████████████████████████████████████████████| 186/186 [00:47<00:00,  3.89it/s]
{'epoch': 133, 'rec_avg_loss': '0.4206', 'joint_avg_loss': '0.5287', 'cl_avg_loss': '1.0809', 'itemcl_loss': '0.0000', 'cl_pair_0_loss': '1.0809'}
Recommendation EP_test:133: 100%|| 35/35 [00:08<00:00,  4.18it/s]
{'Epoch': 133, 'name': 'high_freq', 'HIT@5': '0.0372', 'NDCG@5': '0.0246', 'HIT@10': '0.0586', 'NDCG@10': '0.0314', 'HIT@20': '0.0904', 'NDCG@20': '0.0395'}
{'Epoch': 133, 'name': 'mid_freq', 'HIT@5': '0.0085', 'NDCG@5': '0.0057', 'HIT@10': '0.0124', 'NDCG@10': '0.0070', 'HIT@20': '0.0167', 'NDCG@20': '0.0081'}
{'Epoch': 133, 'name': 'low_freq', 'HIT@5': '0.0059', 'NDCG@5': '0.0044', 'HIT@10': '0.0086', 'NDCG@10': '0.0052', 'HIT@20': '0.0111', 'NDCG@20': '0.0059'}
{'Epoch': 133, 'name': 'all', 'HIT@5': '0.0277', 'NDCG@5': '0.0184', 'HIT@10': '0.0433', 'NDCG@10': '0.0234', 'HIT@20': '0.0662', 'NDCG@20': '0.0292'}
EarlyStopping counter: 3 out of 40
rec dataset length: 186
100%|███████████████████████████████████████████████████████████████████████████████████████████████████████████████████████████████████████████| 186/186 [00:47<00:00,  3.88it/s]
{'epoch': 134, 'rec_avg_loss': '0.4250', 'joint_avg_loss': '0.5333', 'cl_avg_loss': '1.0833', 'itemcl_loss': '0.0000', 'cl_pair_0_loss': '1.0833'}
Recommendation EP_test:134: 100%|| 35/35 [00:08<00:00,  4.15it/s]
{'Epoch': 134, 'name': 'high_freq', 'HIT@5': '0.0378', 'NDCG@5': '0.0246', 'HIT@10': '0.0595', 'NDCG@10': '0.0316', 'HIT@20': '0.0916', 'NDCG@20': '0.0396'}
{'Epoch': 134, 'name': 'mid_freq', 'HIT@5': '0.0086', 'NDCG@5': '0.0058', 'HIT@10': '0.0124', 'NDCG@10': '0.0070', 'HIT@20': '0.0175', 'NDCG@20': '0.0083'}
{'Epoch': 134, 'name': 'low_freq', 'HIT@5': '0.0061', 'NDCG@5': '0.0042', 'HIT@10': '0.0086', 'NDCG@10': '0.0050', 'HIT@20': '0.0113', 'NDCG@20': '0.0057'}
{'Epoch': 134, 'name': 'all', 'HIT@5': '0.0282', 'NDCG@5': '0.0184', 'HIT@10': '0.0440', 'NDCG@10': '0.0235', 'HIT@20': '0.0671', 'NDCG@20': '0.0293'}
EarlyStopping counter: 4 out of 40
rec dataset length: 186
100%|███████████████████████████████████████████████████████████████████████████████████████████████████████████████████████████████████████████| 186/186 [00:48<00:00,  3.86it/s]
{'epoch': 135, 'rec_avg_loss': '0.4221', 'joint_avg_loss': '0.5305', 'cl_avg_loss': '1.0839', 'itemcl_loss': '0.0000', 'cl_pair_0_loss': '1.0839'}
Recommendation EP_test:135: 100%|| 35/35 [00:08<00:00,  4.20it/s]
{'Epoch': 135, 'name': 'high_freq', 'HIT@5': '0.0369', 'NDCG@5': '0.0245', 'HIT@10': '0.0598', 'NDCG@10': '0.0319', 'HIT@20': '0.0909', 'NDCG@20': '0.0397'}
{'Epoch': 135, 'name': 'mid_freq', 'HIT@5': '0.0092', 'NDCG@5': '0.0060', 'HIT@10': '0.0129', 'NDCG@10': '0.0072', 'HIT@20': '0.0175', 'NDCG@20': '0.0083'}
{'Epoch': 135, 'name': 'low_freq', 'HIT@5': '0.0070', 'NDCG@5': '0.0046', 'HIT@10': '0.0093', 'NDCG@10': '0.0053', 'HIT@20': '0.0113', 'NDCG@20': '0.0058'}
{'Epoch': 135, 'name': 'all', 'HIT@5': '0.0278', 'NDCG@5': '0.0184', 'HIT@10': '0.0443', 'NDCG@10': '0.0238', 'HIT@20': '0.0667', 'NDCG@20': '0.0294'}
EarlyStopping counter: 5 out of 40
rec dataset length: 186
100%|███████████████████████████████████████████████████████████████████████████████████████████████████████████████████████████████████████████| 186/186 [00:47<00:00,  3.88it/s]
{'epoch': 136, 'rec_avg_loss': '0.4209', 'joint_avg_loss': '0.5283', 'cl_avg_loss': '1.0738', 'itemcl_loss': '0.0000', 'cl_pair_0_loss': '1.0738'}
Recommendation EP_test:136: 100%|| 35/35 [00:08<00:00,  4.29it/s]
{'Epoch': 136, 'name': 'high_freq', 'HIT@5': '0.0367', 'NDCG@5': '0.0243', 'HIT@10': '0.0582', 'NDCG@10': '0.0312', 'HIT@20': '0.0905', 'NDCG@20': '0.0393'}
{'Epoch': 136, 'name': 'mid_freq', 'HIT@5': '0.0089', 'NDCG@5': '0.0059', 'HIT@10': '0.0125', 'NDCG@10': '0.0071', 'HIT@20': '0.0175', 'NDCG@20': '0.0084'}
{'Epoch': 136, 'name': 'low_freq', 'HIT@5': '0.0068', 'NDCG@5': '0.0044', 'HIT@10': '0.0086', 'NDCG@10': '0.0050', 'HIT@20': '0.0120', 'NDCG@20': '0.0059'}
{'Epoch': 136, 'name': 'all', 'HIT@5': '0.0275', 'NDCG@5': '0.0182', 'HIT@10': '0.0431', 'NDCG@10': '0.0233', 'HIT@20': '0.0665', 'NDCG@20': '0.0291'}
EarlyStopping counter: 6 out of 40
rec dataset length: 186
100%|███████████████████████████████████████████████████████████████████████████████████████████████████████████████████████████████████████████| 186/186 [00:47<00:00,  3.89it/s]
{'epoch': 137, 'rec_avg_loss': '0.4186', 'joint_avg_loss': '0.5269', 'cl_avg_loss': '1.0828', 'itemcl_loss': '0.0000', 'cl_pair_0_loss': '1.0828'}
Recommendation EP_test:137: 100%|| 35/35 [00:08<00:00,  4.20it/s]
{'Epoch': 137, 'name': 'high_freq', 'HIT@5': '0.0375', 'NDCG@5': '0.0246', 'HIT@10': '0.0590', 'NDCG@10': '0.0315', 'HIT@20': '0.0905', 'NDCG@20': '0.0394'}
{'Epoch': 137, 'name': 'mid_freq', 'HIT@5': '0.0090', 'NDCG@5': '0.0060', 'HIT@10': '0.0132', 'NDCG@10': '0.0073', 'HIT@20': '0.0171', 'NDCG@20': '0.0083'}
{'Epoch': 137, 'name': 'low_freq', 'HIT@5': '0.0072', 'NDCG@5': '0.0049', 'HIT@10': '0.0095', 'NDCG@10': '0.0056', 'HIT@20': '0.0120', 'NDCG@20': '0.0063'}
{'Epoch': 137, 'name': 'all', 'HIT@5': '0.0282', 'NDCG@5': '0.0185', 'HIT@10': '0.0439', 'NDCG@10': '0.0236', 'HIT@20': '0.0664', 'NDCG@20': '0.0292'}
EarlyStopping counter: 7 out of 40
rec dataset length: 186
100%|███████████████████████████████████████████████████████████████████████████████████████████████████████████████████████████████████████████| 186/186 [00:47<00:00,  3.88it/s]
{'epoch': 138, 'rec_avg_loss': '0.4188', 'joint_avg_loss': '0.5260', 'cl_avg_loss': '1.0725', 'itemcl_loss': '0.0000', 'cl_pair_0_loss': '1.0725'}
Recommendation EP_test:138: 100%|| 35/35 [00:08<00:00,  4.11it/s]
{'Epoch': 138, 'name': 'high_freq', 'HIT@5': '0.0382', 'NDCG@5': '0.0253', 'HIT@10': '0.0598', 'NDCG@10': '0.0322', 'HIT@20': '0.0935', 'NDCG@20': '0.0407'}
{'Epoch': 138, 'name': 'mid_freq', 'HIT@5': '0.0090', 'NDCG@5': '0.0060', 'HIT@10': '0.0129', 'NDCG@10': '0.0072', 'HIT@20': '0.0174', 'NDCG@20': '0.0084'}
{'Epoch': 138, 'name': 'low_freq', 'HIT@5': '0.0061', 'NDCG@5': '0.0042', 'HIT@10': '0.0084', 'NDCG@10': '0.0049', 'HIT@20': '0.0109', 'NDCG@20': '0.0056'}
{'Epoch': 138, 'name': 'all', 'HIT@5': '0.0285', 'NDCG@5': '0.0189', 'HIT@10': '0.0442', 'NDCG@10': '0.0240', 'HIT@20': '0.0684', 'NDCG@20': '0.0300'}
Validation score increased.  Saving model ...
rec dataset length: 186
100%|███████████████████████████████████████████████████████████████████████████████████████████████████████████████████████████████████████████| 186/186 [00:47<00:00,  3.89it/s]
{'epoch': 139, 'rec_avg_loss': '0.4178', 'joint_avg_loss': '0.5254', 'cl_avg_loss': '1.0759', 'itemcl_loss': '0.0000', 'cl_pair_0_loss': '1.0759'}
Recommendation EP_test:139: 100%|| 35/35 [00:08<00:00,  4.27it/s]
{'Epoch': 139, 'name': 'high_freq', 'HIT@5': '0.0377', 'NDCG@5': '0.0248', 'HIT@10': '0.0599', 'NDCG@10': '0.0319', 'HIT@20': '0.0920', 'NDCG@20': '0.0399'}
{'Epoch': 139, 'name': 'mid_freq', 'HIT@5': '0.0090', 'NDCG@5': '0.0058', 'HIT@10': '0.0125', 'NDCG@10': '0.0069', 'HIT@20': '0.0174', 'NDCG@20': '0.0082'}
{'Epoch': 139, 'name': 'low_freq', 'HIT@5': '0.0063', 'NDCG@5': '0.0046', 'HIT@10': '0.0086', 'NDCG@10': '0.0053', 'HIT@20': '0.0118', 'NDCG@20': '0.0061'}
{'Epoch': 139, 'name': 'all', 'HIT@5': '0.0282', 'NDCG@5': '0.0186', 'HIT@10': '0.0442', 'NDCG@10': '0.0237', 'HIT@20': '0.0674', 'NDCG@20': '0.0295'}
EarlyStopping counter: 1 out of 40
rec dataset length: 186
100%|███████████████████████████████████████████████████████████████████████████████████████████████████████████████████████████████████████████| 186/186 [00:48<00:00,  3.87it/s]
{'epoch': 140, 'rec_avg_loss': '0.4180', 'joint_avg_loss': '0.5254', 'cl_avg_loss': '1.0737', 'itemcl_loss': '0.0000', 'cl_pair_0_loss': '1.0737'}
Recommendation EP_test:140: 100%|| 35/35 [00:08<00:00,  4.25it/s]
{'Epoch': 140, 'name': 'high_freq', 'HIT@5': '0.0386', 'NDCG@5': '0.0254', 'HIT@10': '0.0606', 'NDCG@10': '0.0324', 'HIT@20': '0.0907', 'NDCG@20': '0.0400'}
{'Epoch': 140, 'name': 'mid_freq', 'HIT@5': '0.0093', 'NDCG@5': '0.0065', 'HIT@10': '0.0118', 'NDCG@10': '0.0072', 'HIT@20': '0.0172', 'NDCG@20': '0.0086'}
{'Epoch': 140, 'name': 'low_freq', 'HIT@5': '0.0075', 'NDCG@5': '0.0051', 'HIT@10': '0.0095', 'NDCG@10': '0.0058', 'HIT@20': '0.0113', 'NDCG@20': '0.0063'}
{'Epoch': 140, 'name': 'all', 'HIT@5': '0.0290', 'NDCG@5': '0.0192', 'HIT@10': '0.0447', 'NDCG@10': '0.0242', 'HIT@20': '0.0665', 'NDCG@20': '0.0297'}
EarlyStopping counter: 2 out of 40
rec dataset length: 186
100%|███████████████████████████████████████████████████████████████████████████████████████████████████████████████████████████████████████████| 186/186 [00:47<00:00,  3.88it/s]
{'epoch': 141, 'rec_avg_loss': '0.4183', 'joint_avg_loss': '0.5254', 'cl_avg_loss': '1.0712', 'itemcl_loss': '0.0000', 'cl_pair_0_loss': '1.0712'}
Recommendation EP_test:141: 100%|| 35/35 [00:08<00:00,  4.26it/s]
{'Epoch': 141, 'name': 'high_freq', 'HIT@5': '0.0381', 'NDCG@5': '0.0251', 'HIT@10': '0.0593', 'NDCG@10': '0.0319', 'HIT@20': '0.0913', 'NDCG@20': '0.0399'}
{'Epoch': 141, 'name': 'mid_freq', 'HIT@5': '0.0096', 'NDCG@5': '0.0068', 'HIT@10': '0.0121', 'NDCG@10': '0.0076', 'HIT@20': '0.0167', 'NDCG@20': '0.0087'}
{'Epoch': 141, 'name': 'low_freq', 'HIT@5': '0.0066', 'NDCG@5': '0.0048', 'HIT@10': '0.0093', 'NDCG@10': '0.0056', 'HIT@20': '0.0122', 'NDCG@20': '0.0064'}
{'Epoch': 141, 'name': 'all', 'HIT@5': '0.0286', 'NDCG@5': '0.0190', 'HIT@10': '0.0439', 'NDCG@10': '0.0239', 'HIT@20': '0.0669', 'NDCG@20': '0.0296'}
EarlyStopping counter: 3 out of 40
rec dataset length: 186
100%|███████████████████████████████████████████████████████████████████████████████████████████████████████████████████████████████████████████| 186/186 [00:47<00:00,  3.89it/s]
{'epoch': 142, 'rec_avg_loss': '0.4200', 'joint_avg_loss': '0.5267', 'cl_avg_loss': '1.0671', 'itemcl_loss': '0.0000', 'cl_pair_0_loss': '1.0671'}
Recommendation EP_test:142: 100%|| 35/35 [00:08<00:00,  4.22it/s]
{'Epoch': 142, 'name': 'high_freq', 'HIT@5': '0.0382', 'NDCG@5': '0.0251', 'HIT@10': '0.0598', 'NDCG@10': '0.0320', 'HIT@20': '0.0923', 'NDCG@20': '0.0402'}
{'Epoch': 142, 'name': 'mid_freq', 'HIT@5': '0.0095', 'NDCG@5': '0.0065', 'HIT@10': '0.0118', 'NDCG@10': '0.0073', 'HIT@20': '0.0174', 'NDCG@20': '0.0086'}
{'Epoch': 142, 'name': 'low_freq', 'HIT@5': '0.0068', 'NDCG@5': '0.0047', 'HIT@10': '0.0088', 'NDCG@10': '0.0053', 'HIT@20': '0.0115', 'NDCG@20': '0.0060'}
{'Epoch': 142, 'name': 'all', 'HIT@5': '0.0287', 'NDCG@5': '0.0189', 'HIT@10': '0.0441', 'NDCG@10': '0.0239', 'HIT@20': '0.0676', 'NDCG@20': '0.0298'}
EarlyStopping counter: 4 out of 40
rec dataset length: 186
100%|███████████████████████████████████████████████████████████████████████████████████████████████████████████████████████████████████████████| 186/186 [00:48<00:00,  3.87it/s]
{'epoch': 143, 'rec_avg_loss': '0.4197', 'joint_avg_loss': '0.5266', 'cl_avg_loss': '1.0686', 'itemcl_loss': '0.0000', 'cl_pair_0_loss': '1.0686'}
Recommendation EP_test:143: 100%|| 35/35 [00:08<00:00,  4.25it/s]
{'Epoch': 143, 'name': 'high_freq', 'HIT@5': '0.0381', 'NDCG@5': '0.0247', 'HIT@10': '0.0604', 'NDCG@10': '0.0319', 'HIT@20': '0.0914', 'NDCG@20': '0.0397'}
{'Epoch': 143, 'name': 'mid_freq', 'HIT@5': '0.0088', 'NDCG@5': '0.0063', 'HIT@10': '0.0124', 'NDCG@10': '0.0074', 'HIT@20': '0.0171', 'NDCG@20': '0.0086'}
{'Epoch': 143, 'name': 'low_freq', 'HIT@5': '0.0066', 'NDCG@5': '0.0047', 'HIT@10': '0.0093', 'NDCG@10': '0.0056', 'HIT@20': '0.0115', 'NDCG@20': '0.0061'}
{'Epoch': 143, 'name': 'all', 'HIT@5': '0.0284', 'NDCG@5': '0.0186', 'HIT@10': '0.0446', 'NDCG@10': '0.0238', 'HIT@20': '0.0670', 'NDCG@20': '0.0294'}
EarlyStopping counter: 5 out of 40
rec dataset length: 186
100%|███████████████████████████████████████████████████████████████████████████████████████████████████████████████████████████████████████████| 186/186 [00:48<00:00,  3.87it/s]
{'epoch': 144, 'rec_avg_loss': '0.4179', 'joint_avg_loss': '0.5241', 'cl_avg_loss': '1.0620', 'itemcl_loss': '0.0000', 'cl_pair_0_loss': '1.0620'}
Recommendation EP_test:144: 100%|| 35/35 [00:08<00:00,  4.19it/s]
{'Epoch': 144, 'name': 'high_freq', 'HIT@5': '0.0380', 'NDCG@5': '0.0248', 'HIT@10': '0.0592', 'NDCG@10': '0.0316', 'HIT@20': '0.0902', 'NDCG@20': '0.0394'}
{'Epoch': 144, 'name': 'mid_freq', 'HIT@5': '0.0089', 'NDCG@5': '0.0064', 'HIT@10': '0.0122', 'NDCG@10': '0.0075', 'HIT@20': '0.0178', 'NDCG@20': '0.0089'}
{'Epoch': 144, 'name': 'low_freq', 'HIT@5': '0.0061', 'NDCG@5': '0.0044', 'HIT@10': '0.0093', 'NDCG@10': '0.0054', 'HIT@20': '0.0111', 'NDCG@20': '0.0058'}
{'Epoch': 144, 'name': 'all', 'HIT@5': '0.0283', 'NDCG@5': '0.0187', 'HIT@10': '0.0438', 'NDCG@10': '0.0236', 'HIT@20': '0.0662', 'NDCG@20': '0.0293'}
EarlyStopping counter: 6 out of 40
rec dataset length: 186
100%|███████████████████████████████████████████████████████████████████████████████████████████████████████████████████████████████████████████| 186/186 [00:47<00:00,  3.89it/s]
{'epoch': 145, 'rec_avg_loss': '0.4133', 'joint_avg_loss': '0.5195', 'cl_avg_loss': '1.0615', 'itemcl_loss': '0.0000', 'cl_pair_0_loss': '1.0615'}
Recommendation EP_test:145: 100%|| 35/35 [00:08<00:00,  4.21it/s]
{'Epoch': 145, 'name': 'high_freq', 'HIT@5': '0.0385', 'NDCG@5': '0.0250', 'HIT@10': '0.0604', 'NDCG@10': '0.0320', 'HIT@20': '0.0906', 'NDCG@20': '0.0397'}
{'Epoch': 145, 'name': 'mid_freq', 'HIT@5': '0.0095', 'NDCG@5': '0.0064', 'HIT@10': '0.0124', 'NDCG@10': '0.0073', 'HIT@20': '0.0167', 'NDCG@20': '0.0084'}
{'Epoch': 145, 'name': 'low_freq', 'HIT@5': '0.0066', 'NDCG@5': '0.0047', 'HIT@10': '0.0091', 'NDCG@10': '0.0055', 'HIT@20': '0.0111', 'NDCG@20': '0.0061'}
{'Epoch': 145, 'name': 'all', 'HIT@5': '0.0288', 'NDCG@5': '0.0189', 'HIT@10': '0.0446', 'NDCG@10': '0.0239', 'HIT@20': '0.0663', 'NDCG@20': '0.0294'}
EarlyStopping counter: 7 out of 40
rec dataset length: 186
100%|███████████████████████████████████████████████████████████████████████████████████████████████████████████████████████████████████████████| 186/186 [00:47<00:00,  3.88it/s]
{'epoch': 146, 'rec_avg_loss': '0.4166', 'joint_avg_loss': '0.5227', 'cl_avg_loss': '1.0606', 'itemcl_loss': '0.0000', 'cl_pair_0_loss': '1.0606'}
Recommendation EP_test:146: 100%|| 35/35 [00:08<00:00,  4.36it/s]
{'Epoch': 146, 'name': 'high_freq', 'HIT@5': '0.0379', 'NDCG@5': '0.0246', 'HIT@10': '0.0594', 'NDCG@10': '0.0315', 'HIT@20': '0.0912', 'NDCG@20': '0.0395'}
{'Epoch': 146, 'name': 'mid_freq', 'HIT@5': '0.0095', 'NDCG@5': '0.0066', 'HIT@10': '0.0129', 'NDCG@10': '0.0077', 'HIT@20': '0.0175', 'NDCG@20': '0.0089'}
{'Epoch': 146, 'name': 'low_freq', 'HIT@5': '0.0068', 'NDCG@5': '0.0045', 'HIT@10': '0.0095', 'NDCG@10': '0.0054', 'HIT@20': '0.0122', 'NDCG@20': '0.0060'}
{'Epoch': 146, 'name': 'all', 'HIT@5': '0.0285', 'NDCG@5': '0.0186', 'HIT@10': '0.0441', 'NDCG@10': '0.0236', 'HIT@20': '0.0670', 'NDCG@20': '0.0294'}
EarlyStopping counter: 8 out of 40
rec dataset length: 186
100%|███████████████████████████████████████████████████████████████████████████████████████████████████████████████████████████████████████████| 186/186 [00:48<00:00,  3.87it/s]
{'epoch': 147, 'rec_avg_loss': '0.4132', 'joint_avg_loss': '0.5184', 'cl_avg_loss': '1.0512', 'itemcl_loss': '0.0000', 'cl_pair_0_loss': '1.0512'}
Recommendation EP_test:147: 100%|| 35/35 [00:08<00:00,  4.16it/s]
{'Epoch': 147, 'name': 'high_freq', 'HIT@5': '0.0379', 'NDCG@5': '0.0246', 'HIT@10': '0.0609', 'NDCG@10': '0.0319', 'HIT@20': '0.0920', 'NDCG@20': '0.0397'}
{'Epoch': 147, 'name': 'mid_freq', 'HIT@5': '0.0092', 'NDCG@5': '0.0065', 'HIT@10': '0.0128', 'NDCG@10': '0.0077', 'HIT@20': '0.0171', 'NDCG@20': '0.0087'}
{'Epoch': 147, 'name': 'low_freq', 'HIT@5': '0.0068', 'NDCG@5': '0.0047', 'HIT@10': '0.0095', 'NDCG@10': '0.0055', 'HIT@20': '0.0124', 'NDCG@20': '0.0063'}
{'Epoch': 147, 'name': 'all', 'HIT@5': '0.0285', 'NDCG@5': '0.0186', 'HIT@10': '0.0451', 'NDCG@10': '0.0239', 'HIT@20': '0.0674', 'NDCG@20': '0.0295'}
EarlyStopping counter: 9 out of 40
rec dataset length: 186
100%|███████████████████████████████████████████████████████████████████████████████████████████████████████████████████████████████████████████| 186/186 [00:47<00:00,  3.89it/s]
{'epoch': 148, 'rec_avg_loss': '0.4131', 'joint_avg_loss': '0.5189', 'cl_avg_loss': '1.0575', 'itemcl_loss': '0.0000', 'cl_pair_0_loss': '1.0575'}
Recommendation EP_test:148: 100%|| 35/35 [00:08<00:00,  4.27it/s]
{'Epoch': 148, 'name': 'high_freq', 'HIT@5': '0.0377', 'NDCG@5': '0.0247', 'HIT@10': '0.0598', 'NDCG@10': '0.0318', 'HIT@20': '0.0908', 'NDCG@20': '0.0396'}
{'Epoch': 148, 'name': 'mid_freq', 'HIT@5': '0.0090', 'NDCG@5': '0.0063', 'HIT@10': '0.0125', 'NDCG@10': '0.0074', 'HIT@20': '0.0169', 'NDCG@20': '0.0085'}
{'Epoch': 148, 'name': 'low_freq', 'HIT@5': '0.0072', 'NDCG@5': '0.0049', 'HIT@10': '0.0100', 'NDCG@10': '0.0057', 'HIT@20': '0.0124', 'NDCG@20': '0.0064'}
{'Epoch': 148, 'name': 'all', 'HIT@5': '0.0283', 'NDCG@5': '0.0186', 'HIT@10': '0.0444', 'NDCG@10': '0.0238', 'HIT@20': '0.0667', 'NDCG@20': '0.0294'}
EarlyStopping counter: 10 out of 40
rec dataset length: 186
100%|███████████████████████████████████████████████████████████████████████████████████████████████████████████████████████████████████████████| 186/186 [00:47<00:00,  3.88it/s]
{'epoch': 149, 'rec_avg_loss': '0.4123', 'joint_avg_loss': '0.5175', 'cl_avg_loss': '1.0528', 'itemcl_loss': '0.0000', 'cl_pair_0_loss': '1.0528'}
Recommendation EP_test:149: 100%|| 35/35 [00:08<00:00,  4.27it/s]
{'Epoch': 149, 'name': 'high_freq', 'HIT@5': '0.0379', 'NDCG@5': '0.0245', 'HIT@10': '0.0600', 'NDCG@10': '0.0316', 'HIT@20': '0.0918', 'NDCG@20': '0.0396'}
{'Epoch': 149, 'name': 'mid_freq', 'HIT@5': '0.0098', 'NDCG@5': '0.0068', 'HIT@10': '0.0125', 'NDCG@10': '0.0076', 'HIT@20': '0.0174', 'NDCG@20': '0.0089'}
{'Epoch': 149, 'name': 'low_freq', 'HIT@5': '0.0072', 'NDCG@5': '0.0049', 'HIT@10': '0.0100', 'NDCG@10': '0.0057', 'HIT@20': '0.0120', 'NDCG@20': '0.0062'}
{'Epoch': 149, 'name': 'all', 'HIT@5': '0.0286', 'NDCG@5': '0.0186', 'HIT@10': '0.0445', 'NDCG@10': '0.0237', 'HIT@20': '0.0673', 'NDCG@20': '0.0294'}
EarlyStopping counter: 11 out of 40
rec dataset length: 186
100%|███████████████████████████████████████████████████████████████████████████████████████████████████████████████████████████████████████████| 186/186 [00:47<00:00,  3.88it/s]
{'epoch': 150, 'rec_avg_loss': '0.4147', 'joint_avg_loss': '0.5207', 'cl_avg_loss': '1.0600', 'itemcl_loss': '0.0000', 'cl_pair_0_loss': '1.0600'}
Recommendation EP_test:150: 100%|| 35/35 [00:08<00:00,  4.25it/s]
{'Epoch': 150, 'name': 'high_freq', 'HIT@5': '0.0372', 'NDCG@5': '0.0242', 'HIT@10': '0.0587', 'NDCG@10': '0.0311', 'HIT@20': '0.0887', 'NDCG@20': '0.0387'}
{'Epoch': 150, 'name': 'mid_freq', 'HIT@5': '0.0101', 'NDCG@5': '0.0067', 'HIT@10': '0.0134', 'NDCG@10': '0.0078', 'HIT@20': '0.0182', 'NDCG@20': '0.0090'}
{'Epoch': 150, 'name': 'low_freq', 'HIT@5': '0.0066', 'NDCG@5': '0.0047', 'HIT@10': '0.0088', 'NDCG@10': '0.0054', 'HIT@20': '0.0118', 'NDCG@20': '0.0062'}
{'Epoch': 150, 'name': 'all', 'HIT@5': '0.0281', 'NDCG@5': '0.0184', 'HIT@10': '0.0437', 'NDCG@10': '0.0233', 'HIT@20': '0.0654', 'NDCG@20': '0.0288'}
EarlyStopping counter: 12 out of 40
rec dataset length: 186
100%|███████████████████████████████████████████████████████████████████████████████████████████████████████████████████████████████████████████| 186/186 [00:47<00:00,  3.89it/s]
{'epoch': 151, 'rec_avg_loss': '0.4134', 'joint_avg_loss': '0.5183', 'cl_avg_loss': '1.0495', 'itemcl_loss': '0.0000', 'cl_pair_0_loss': '1.0495'}
Recommendation EP_test:151: 100%|| 35/35 [00:08<00:00,  4.20it/s]
{'Epoch': 151, 'name': 'high_freq', 'HIT@5': '0.0386', 'NDCG@5': '0.0250', 'HIT@10': '0.0596', 'NDCG@10': '0.0318', 'HIT@20': '0.0894', 'NDCG@20': '0.0393'}
{'Epoch': 151, 'name': 'mid_freq', 'HIT@5': '0.0101', 'NDCG@5': '0.0069', 'HIT@10': '0.0134', 'NDCG@10': '0.0079', 'HIT@20': '0.0180', 'NDCG@20': '0.0091'}
{'Epoch': 151, 'name': 'low_freq', 'HIT@5': '0.0068', 'NDCG@5': '0.0048', 'HIT@10': '0.0093', 'NDCG@10': '0.0056', 'HIT@20': '0.0111', 'NDCG@20': '0.0060'}
{'Epoch': 151, 'name': 'all', 'HIT@5': '0.0291', 'NDCG@5': '0.0190', 'HIT@10': '0.0443', 'NDCG@10': '0.0239', 'HIT@20': '0.0657', 'NDCG@20': '0.0293'}
EarlyStopping counter: 13 out of 40
rec dataset length: 186
100%|███████████████████████████████████████████████████████████████████████████████████████████████████████████████████████████████████████████| 186/186 [00:48<00:00,  3.87it/s]
{'epoch': 152, 'rec_avg_loss': '0.4117', 'joint_avg_loss': '0.5181', 'cl_avg_loss': '1.0637', 'itemcl_loss': '0.0000', 'cl_pair_0_loss': '1.0637'}
Recommendation EP_test:152: 100%|| 35/35 [00:08<00:00,  4.30it/s]
{'Epoch': 152, 'name': 'high_freq', 'HIT@5': '0.0395', 'NDCG@5': '0.0256', 'HIT@10': '0.0607', 'NDCG@10': '0.0324', 'HIT@20': '0.0896', 'NDCG@20': '0.0396'}
{'Epoch': 152, 'name': 'mid_freq', 'HIT@5': '0.0101', 'NDCG@5': '0.0071', 'HIT@10': '0.0135', 'NDCG@10': '0.0083', 'HIT@20': '0.0185', 'NDCG@20': '0.0095'}
{'Epoch': 152, 'name': 'low_freq', 'HIT@5': '0.0072', 'NDCG@5': '0.0052', 'HIT@10': '0.0095', 'NDCG@10': '0.0059', 'HIT@20': '0.0102', 'NDCG@20': '0.0061'}
{'Epoch': 152, 'name': 'all', 'HIT@5': '0.0297', 'NDCG@5': '0.0194', 'HIT@10': '0.0451', 'NDCG@10': '0.0244', 'HIT@20': '0.0658', 'NDCG@20': '0.0296'}
EarlyStopping counter: 14 out of 40
rec dataset length: 186
100%|███████████████████████████████████████████████████████████████████████████████████████████████████████████████████████████████████████████| 186/186 [00:47<00:00,  3.88it/s]
{'epoch': 153, 'rec_avg_loss': '0.4096', 'joint_avg_loss': '0.5147', 'cl_avg_loss': '1.0512', 'itemcl_loss': '0.0000', 'cl_pair_0_loss': '1.0512'}
Recommendation EP_test:153: 100%|| 35/35 [00:08<00:00,  4.23it/s]
{'Epoch': 153, 'name': 'high_freq', 'HIT@5': '0.0386', 'NDCG@5': '0.0250', 'HIT@10': '0.0591', 'NDCG@10': '0.0316', 'HIT@20': '0.0898', 'NDCG@20': '0.0393'}
{'Epoch': 153, 'name': 'mid_freq', 'HIT@5': '0.0096', 'NDCG@5': '0.0064', 'HIT@10': '0.0131', 'NDCG@10': '0.0076', 'HIT@20': '0.0180', 'NDCG@20': '0.0088'}
{'Epoch': 153, 'name': 'low_freq', 'HIT@5': '0.0072', 'NDCG@5': '0.0050', 'HIT@10': '0.0086', 'NDCG@10': '0.0055', 'HIT@20': '0.0113', 'NDCG@20': '0.0061'}
{'Epoch': 153, 'name': 'all', 'HIT@5': '0.0290', 'NDCG@5': '0.0189', 'HIT@10': '0.0439', 'NDCG@10': '0.0236', 'HIT@20': '0.0660', 'NDCG@20': '0.0292'}
EarlyStopping counter: 15 out of 40
rec dataset length: 186
100%|███████████████████████████████████████████████████████████████████████████████████████████████████████████████████████████████████████████| 186/186 [00:47<00:00,  3.88it/s]
{'epoch': 154, 'rec_avg_loss': '0.4084', 'joint_avg_loss': '0.5134', 'cl_avg_loss': '1.0504', 'itemcl_loss': '0.0000', 'cl_pair_0_loss': '1.0504'}
Recommendation EP_test:154: 100%|| 35/35 [00:08<00:00,  4.24it/s]
{'Epoch': 154, 'name': 'high_freq', 'HIT@5': '0.0374', 'NDCG@5': '0.0242', 'HIT@10': '0.0587', 'NDCG@10': '0.0311', 'HIT@20': '0.0897', 'NDCG@20': '0.0389'}
{'Epoch': 154, 'name': 'mid_freq', 'HIT@5': '0.0098', 'NDCG@5': '0.0069', 'HIT@10': '0.0134', 'NDCG@10': '0.0080', 'HIT@20': '0.0177', 'NDCG@20': '0.0091'}
{'Epoch': 154, 'name': 'low_freq', 'HIT@5': '0.0066', 'NDCG@5': '0.0049', 'HIT@10': '0.0088', 'NDCG@10': '0.0056', 'HIT@20': '0.0115', 'NDCG@20': '0.0063'}
{'Epoch': 154, 'name': 'all', 'HIT@5': '0.0281', 'NDCG@5': '0.0184', 'HIT@10': '0.0437', 'NDCG@10': '0.0234', 'HIT@20': '0.0659', 'NDCG@20': '0.0290'}
EarlyStopping counter: 16 out of 40
rec dataset length: 186
100%|███████████████████████████████████████████████████████████████████████████████████████████████████████████████████████████████████████████| 186/186 [00:48<00:00,  3.87it/s]
{'epoch': 155, 'rec_avg_loss': '0.4074', 'joint_avg_loss': '0.5119', 'cl_avg_loss': '1.0446', 'itemcl_loss': '0.0000', 'cl_pair_0_loss': '1.0446'}
Recommendation EP_test:155: 100%|| 35/35 [00:08<00:00,  4.30it/s]
{'Epoch': 155, 'name': 'high_freq', 'HIT@5': '0.0372', 'NDCG@5': '0.0241', 'HIT@10': '0.0596', 'NDCG@10': '0.0313', 'HIT@20': '0.0902', 'NDCG@20': '0.0390'}
{'Epoch': 155, 'name': 'mid_freq', 'HIT@5': '0.0095', 'NDCG@5': '0.0066', 'HIT@10': '0.0129', 'NDCG@10': '0.0078', 'HIT@20': '0.0169', 'NDCG@20': '0.0088'}
{'Epoch': 155, 'name': 'low_freq', 'HIT@5': '0.0066', 'NDCG@5': '0.0049', 'HIT@10': '0.0093', 'NDCG@10': '0.0058', 'HIT@20': '0.0109', 'NDCG@20': '0.0062'}
{'Epoch': 155, 'name': 'all', 'HIT@5': '0.0280', 'NDCG@5': '0.0183', 'HIT@10': '0.0442', 'NDCG@10': '0.0235', 'HIT@20': '0.0660', 'NDCG@20': '0.0290'}
EarlyStopping counter: 17 out of 40
rec dataset length: 186
100%|███████████████████████████████████████████████████████████████████████████████████████████████████████████████████████████████████████████| 186/186 [00:47<00:00,  3.89it/s]
{'epoch': 156, 'rec_avg_loss': '0.4072', 'joint_avg_loss': '0.5116', 'cl_avg_loss': '1.0445', 'itemcl_loss': '0.0000', 'cl_pair_0_loss': '1.0445'}
Recommendation EP_test:156: 100%|| 35/35 [00:08<00:00,  4.22it/s]
{'Epoch': 156, 'name': 'high_freq', 'HIT@5': '0.0370', 'NDCG@5': '0.0240', 'HIT@10': '0.0594', 'NDCG@10': '0.0312', 'HIT@20': '0.0893', 'NDCG@20': '0.0387'}
{'Epoch': 156, 'name': 'mid_freq', 'HIT@5': '0.0098', 'NDCG@5': '0.0069', 'HIT@10': '0.0139', 'NDCG@10': '0.0082', 'HIT@20': '0.0181', 'NDCG@20': '0.0092'}
{'Epoch': 156, 'name': 'low_freq', 'HIT@5': '0.0068', 'NDCG@5': '0.0047', 'HIT@10': '0.0091', 'NDCG@10': '0.0054', 'HIT@20': '0.0113', 'NDCG@20': '0.0060'}
{'Epoch': 156, 'name': 'all', 'HIT@5': '0.0280', 'NDCG@5': '0.0183', 'HIT@10': '0.0443', 'NDCG@10': '0.0235', 'HIT@20': '0.0657', 'NDCG@20': '0.0289'}
EarlyStopping counter: 18 out of 40
rec dataset length: 186
100%|███████████████████████████████████████████████████████████████████████████████████████████████████████████████████████████████████████████| 186/186 [00:47<00:00,  3.90it/s]
{'epoch': 157, 'rec_avg_loss': '0.4066', 'joint_avg_loss': '0.5109', 'cl_avg_loss': '1.0436', 'itemcl_loss': '0.0000', 'cl_pair_0_loss': '1.0436'}
Recommendation EP_test:157: 100%|| 35/35 [00:08<00:00,  4.21it/s]
{'Epoch': 157, 'name': 'high_freq', 'HIT@5': '0.0379', 'NDCG@5': '0.0246', 'HIT@10': '0.0587', 'NDCG@10': '0.0313', 'HIT@20': '0.0892', 'NDCG@20': '0.0389'}
{'Epoch': 157, 'name': 'mid_freq', 'HIT@5': '0.0106', 'NDCG@5': '0.0074', 'HIT@10': '0.0131', 'NDCG@10': '0.0081', 'HIT@20': '0.0191', 'NDCG@20': '0.0097'}
{'Epoch': 157, 'name': 'low_freq', 'HIT@5': '0.0070', 'NDCG@5': '0.0050', 'HIT@10': '0.0088', 'NDCG@10': '0.0056', 'HIT@20': '0.0120', 'NDCG@20': '0.0064'}
{'Epoch': 157, 'name': 'all', 'HIT@5': '0.0287', 'NDCG@5': '0.0188', 'HIT@10': '0.0436', 'NDCG@10': '0.0236', 'HIT@20': '0.0659', 'NDCG@20': '0.0292'}
EarlyStopping counter: 19 out of 40
rec dataset length: 186
100%|███████████████████████████████████████████████████████████████████████████████████████████████████████████████████████████████████████████| 186/186 [00:47<00:00,  3.88it/s]
{'epoch': 158, 'rec_avg_loss': '0.4092', 'joint_avg_loss': '0.5129', 'cl_avg_loss': '1.0368', 'itemcl_loss': '0.0000', 'cl_pair_0_loss': '1.0368'}
Recommendation EP_test:158: 100%|| 35/35 [00:08<00:00,  4.20it/s]
{'Epoch': 158, 'name': 'high_freq', 'HIT@5': '0.0383', 'NDCG@5': '0.0252', 'HIT@10': '0.0586', 'NDCG@10': '0.0317', 'HIT@20': '0.0896', 'NDCG@20': '0.0395'}
{'Epoch': 158, 'name': 'mid_freq', 'HIT@5': '0.0093', 'NDCG@5': '0.0068', 'HIT@10': '0.0125', 'NDCG@10': '0.0078', 'HIT@20': '0.0185', 'NDCG@20': '0.0093'}
{'Epoch': 158, 'name': 'low_freq', 'HIT@5': '0.0070', 'NDCG@5': '0.0048', 'HIT@10': '0.0091', 'NDCG@10': '0.0055', 'HIT@20': '0.0115', 'NDCG@20': '0.0061'}
{'Epoch': 158, 'name': 'all', 'HIT@5': '0.0287', 'NDCG@5': '0.0190', 'HIT@10': '0.0434', 'NDCG@10': '0.0238', 'HIT@20': '0.0660', 'NDCG@20': '0.0295'}
EarlyStopping counter: 20 out of 40
rec dataset length: 186
100%|███████████████████████████████████████████████████████████████████████████████████████████████████████████████████████████████████████████| 186/186 [00:47<00:00,  3.89it/s]
{'epoch': 159, 'rec_avg_loss': '0.4084', 'joint_avg_loss': '0.5121', 'cl_avg_loss': '1.0361', 'itemcl_loss': '0.0000', 'cl_pair_0_loss': '1.0361'}
Recommendation EP_test:159: 100%|| 35/35 [00:08<00:00,  4.13it/s]
{'Epoch': 159, 'name': 'high_freq', 'HIT@5': '0.0380', 'NDCG@5': '0.0246', 'HIT@10': '0.0594', 'NDCG@10': '0.0315', 'HIT@20': '0.0911', 'NDCG@20': '0.0395'}
{'Epoch': 159, 'name': 'mid_freq', 'HIT@5': '0.0101', 'NDCG@5': '0.0072', 'HIT@10': '0.0132', 'NDCG@10': '0.0082', 'HIT@20': '0.0180', 'NDCG@20': '0.0094'}
{'Epoch': 159, 'name': 'low_freq', 'HIT@5': '0.0079', 'NDCG@5': '0.0053', 'HIT@10': '0.0102', 'NDCG@10': '0.0060', 'HIT@20': '0.0124', 'NDCG@20': '0.0066'}
{'Epoch': 159, 'name': 'all', 'HIT@5': '0.0288', 'NDCG@5': '0.0188', 'HIT@10': '0.0443', 'NDCG@10': '0.0238', 'HIT@20': '0.0670', 'NDCG@20': '0.0295'}
EarlyStopping counter: 21 out of 40
rec dataset length: 186
100%|███████████████████████████████████████████████████████████████████████████████████████████████████████████████████████████████████████████| 186/186 [00:47<00:00,  3.89it/s]
{'epoch': 160, 'rec_avg_loss': '0.4057', 'joint_avg_loss': '0.5099', 'cl_avg_loss': '1.0418', 'itemcl_loss': '0.0000', 'cl_pair_0_loss': '1.0418'}
Recommendation EP_test:160: 100%|| 35/35 [00:08<00:00,  4.25it/s]
{'Epoch': 160, 'name': 'high_freq', 'HIT@5': '0.0383', 'NDCG@5': '0.0248', 'HIT@10': '0.0597', 'NDCG@10': '0.0317', 'HIT@20': '0.0906', 'NDCG@20': '0.0395'}
{'Epoch': 160, 'name': 'mid_freq', 'HIT@5': '0.0096', 'NDCG@5': '0.0065', 'HIT@10': '0.0129', 'NDCG@10': '0.0076', 'HIT@20': '0.0178', 'NDCG@20': '0.0088'}
{'Epoch': 160, 'name': 'low_freq', 'HIT@5': '0.0068', 'NDCG@5': '0.0048', 'HIT@10': '0.0086', 'NDCG@10': '0.0054', 'HIT@20': '0.0113', 'NDCG@20': '0.0061'}
{'Epoch': 160, 'name': 'all', 'HIT@5': '0.0288', 'NDCG@5': '0.0188', 'HIT@10': '0.0442', 'NDCG@10': '0.0237', 'HIT@20': '0.0665', 'NDCG@20': '0.0293'}
EarlyStopping counter: 22 out of 40
refresh dataset with updated item embedding
Embedding(18359, 64, padding_idx=0)
Similarity Model Type: hybrid
short sequence augment type: SIM
Augmentation methods for Long sequences: 5
Augmentation methods for short sequences: 3
Creating Contrastive Learning Dataset using 'reorder' data augmentation
rec dataset length: 35
  0%|                                                                                                                                                      | 0/35 [00:00<?, ?it/s]
Traceback (most recent call last):
  File "/home/zzx/seqRec/CLTrys/CoSeRec_Augment/CoSeRec/src/main.py", line 229, in <module>
    main()
  File "/home/zzx/seqRec/CLTrys/CoSeRec_Augment/CoSeRec/src/main.py", line 211, in main
    trainer.train(epoch)
  File "/home/zzx/seqRec/CLTrys/CoSeRec_Augment/CoSeRec/src/trainers.py", line 72, in train
    #     self.train_dataloader = self.__refresh_training_dataset(self.model.item_embeddings)
  File "/home/zzx/seqRec/CLTrys/CoSeRec_Augment/CoSeRec/src/trainers.py", line 244, in iteration
    rec_batch = tuple(t.to(self.device) for t in rec_batch)
ValueError: too many values to unpack (expected 4)