(env1) zzx@DDST-zzx:~/seqRec/CLTrys/CoSeRec2/CoSeRec$ python src/main.py --data_name Sports_and_Outdoors  --model_idx cl_graph2_item_cl 
Using Cuda: True
(18359, 18359)
--------------------Configure Info:------------
data_dir                       :                             ./data/
output_dir                     :                             output/
data_name                      :                 Sports_and_Outdoors
do_eval                        :                                   0
model_idx                      :                   cl_graph2_item_cl
gpu_id                         :                                   0
noise_ratio                    :                                 0.0
training_data_ratio            :                                 1.0
augment_threshold              :                                   4
similarity_model_name          :                          ItemCF_IUF
augmentation_warm_up_epoches   :                                 160
base_augment_type              :                              random
augment_type_for_short         :                                 SIM
tao                            :                                 0.2
gamma                          :                                 0.7
beta                           :                                 0.2
substitute_rate                :                                 0.1
insert_rate                    :                                 0.4
max_insert_num_per_pos         :                                   1
temperature                    :                                 1.0
n_views                        :                                   2
model_name                     :                             CoSeRec
hidden_size                    :                                  64
num_hidden_layers              :                                   2
num_attention_heads            :                                   2
hidden_act                     :                                gelu
attention_probs_dropout_prob   :                                 0.5
hidden_dropout_prob            :                                 0.5
initializer_range              :                                0.02
max_seq_length                 :                                  50
lr                             :                               0.001
batch_size                     :                                 256
epochs                         :                                 300
no_cuda                        :                                   0
log_freq                       :                                   1
seed                           :                                   1
cf_weight                      :                                 0.1
rec_weight                     :                                 1.0
weight_decay                   :                                 0.0
adam_beta1                     :                                 0.9
adam_beta2                     :                               0.999
cuda_condition                 :                                   1
data_file                      :      ./data/Sports_and_Outdoors.txt
item_size                      :                               18359
mask_id                        :                               18358
log_file                       : output/CoSeRec-Sports_and_Outdoors-cl_graph2_item_cl.txt
Similarity Model Type: offline
short sequence augment type: SIM
Augmentation methods for Long sequences: 5
Augmentation methods for short sequences: 3
Creating Contrastive Learning Dataset using 'random' data augmentation
Similarity Model Type: offline
short sequence augment type: SIM
Augmentation methods for Long sequences: 5
Augmentation methods for short sequences: 3
Creating Contrastive Learning Dataset using 'random' data augmentation
Similarity Model Type: offline
short sequence augment type: SIM
Augmentation methods for Long sequences: 5
Augmentation methods for short sequences: 3
Creating Contrastive Learning Dataset using 'random' data augmentation
Total Parameters: 1278272
self.cf_criterion: NCELoss
Train CoSeRec
rec dataset length: 140
100%|████████████████████████████████████████████████████████████████████████████████████████████████████████████████████████████████████████████| 140/140 [00:23<00:00,  5.95it/s]
{'epoch': 0, 'rec_avg_loss': '1.3579', 'joint_avg_loss': '5.7484', 'cl_avg_loss': '37.7667', 'itemcl_loss': '6.1383', 'cl_pair_0_loss': '37.7667'}
Recommendation EP_test:0: 100%|| 140/140 [00:10<00:00, 13.72it/s]
{'Epoch': 0, 'name': 'high_freq', 'HIT@5': '0.0010', 'NDCG@5': '0.0005', 'HIT@10': '0.0037', 'NDCG@10': '0.0013', 'HIT@20': '0.0100', 'NDCG@20': '0.0029'}
{'Epoch': 0, 'name': 'mid_freq', 'HIT@5': '0.0000', 'NDCG@5': '0.0000', 'HIT@10': '0.0000', 'NDCG@10': '0.0000', 'HIT@20': '0.0000', 'NDCG@20': '0.0000'}
{'Epoch': 0, 'name': 'low_freq', 'HIT@5': '0.0000', 'NDCG@5': '0.0000', 'HIT@10': '0.0000', 'NDCG@10': '0.0000', 'HIT@20': '0.0000', 'NDCG@20': '0.0000'}
{'Epoch': 0, 'name': 'all', 'HIT@5': '0.0007', 'NDCG@5': '0.0003', 'HIT@10': '0.0025', 'NDCG@10': '0.0009', 'HIT@20': '0.0068', 'NDCG@20': '0.0020'}
Validation score increased.  Saving model ...
rec dataset length: 140
100%|████████████████████████████████████████████████████████████████████████████████████████████████████████████████████████████████████████████| 140/140 [00:16<00:00,  8.39it/s]
{'epoch': 1, 'rec_avg_loss': '1.2986', 'joint_avg_loss': '3.3406', 'cl_avg_loss': '14.2623', 'itemcl_loss': '6.1579', 'cl_pair_0_loss': '14.2623'}
Recommendation EP_test:1: 100%|| 140/140 [00:08<00:00, 17.27it/s]
{'Epoch': 1, 'name': 'high_freq', 'HIT@5': '0.0077', 'NDCG@5': '0.0048', 'HIT@10': '0.0141', 'NDCG@10': '0.0068', 'HIT@20': '0.0212', 'NDCG@20': '0.0086'}
{'Epoch': 1, 'name': 'mid_freq', 'HIT@5': '0.0000', 'NDCG@5': '0.0000', 'HIT@10': '0.0000', 'NDCG@10': '0.0000', 'HIT@20': '0.0000', 'NDCG@20': '0.0000'}
{'Epoch': 1, 'name': 'low_freq', 'HIT@5': '0.0000', 'NDCG@5': '0.0000', 'HIT@10': '0.0000', 'NDCG@10': '0.0000', 'HIT@20': '0.0000', 'NDCG@20': '0.0000'}
{'Epoch': 1, 'name': 'all', 'HIT@5': '0.0052', 'NDCG@5': '0.0032', 'HIT@10': '0.0096', 'NDCG@10': '0.0046', 'HIT@20': '0.0144', 'NDCG@20': '0.0059'}
Validation score increased.  Saving model ...
rec dataset length: 140
100%|████████████████████████████████████████████████████████████████████████████████████████████████████████████████████████████████████████████| 140/140 [00:16<00:00,  8.40it/s]
{'epoch': 2, 'rec_avg_loss': '1.2639', 'joint_avg_loss': '2.7495', 'cl_avg_loss': '8.7145', 'itemcl_loss': '6.1421', 'cl_pair_0_loss': '8.7145'}
Recommendation EP_test:2: 100%|| 140/140 [00:07<00:00, 18.63it/s]
{'Epoch': 2, 'name': 'high_freq', 'HIT@5': '0.0105', 'NDCG@5': '0.0067', 'HIT@10': '0.0157', 'NDCG@10': '0.0084', 'HIT@20': '0.0250', 'NDCG@20': '0.0107'}
{'Epoch': 2, 'name': 'mid_freq', 'HIT@5': '0.0000', 'NDCG@5': '0.0000', 'HIT@10': '0.0000', 'NDCG@10': '0.0000', 'HIT@20': '0.0000', 'NDCG@20': '0.0000'}
{'Epoch': 2, 'name': 'low_freq', 'HIT@5': '0.0000', 'NDCG@5': '0.0000', 'HIT@10': '0.0000', 'NDCG@10': '0.0000', 'HIT@20': '0.0000', 'NDCG@20': '0.0000'}
{'Epoch': 2, 'name': 'all', 'HIT@5': '0.0072', 'NDCG@5': '0.0046', 'HIT@10': '0.0107', 'NDCG@10': '0.0057', 'HIT@20': '0.0170', 'NDCG@20': '0.0072'}
Validation score increased.  Saving model ...
rec dataset length: 140
100%|████████████████████████████████████████████████████████████████████████████████████████████████████████████████████████████████████████████| 140/140 [00:16<00:00,  8.31it/s]
{'epoch': 3, 'rec_avg_loss': '1.2385', 'joint_avg_loss': '2.5444', 'cl_avg_loss': '6.9098', 'itemcl_loss': '6.1493', 'cl_pair_0_loss': '6.9098'}
Recommendation EP_test:3: 100%|| 140/140 [00:07<00:00, 19.96it/s]
{'Epoch': 3, 'name': 'high_freq', 'HIT@5': '0.0112', 'NDCG@5': '0.0072', 'HIT@10': '0.0170', 'NDCG@10': '0.0091', 'HIT@20': '0.0272', 'NDCG@20': '0.0116'}
{'Epoch': 3, 'name': 'mid_freq', 'HIT@5': '0.0000', 'NDCG@5': '0.0000', 'HIT@10': '0.0000', 'NDCG@10': '0.0000', 'HIT@20': '0.0000', 'NDCG@20': '0.0000'}
{'Epoch': 3, 'name': 'low_freq', 'HIT@5': '0.0002', 'NDCG@5': '0.0002', 'HIT@10': '0.0002', 'NDCG@10': '0.0002', 'HIT@20': '0.0002', 'NDCG@20': '0.0002'}
{'Epoch': 3, 'name': 'all', 'HIT@5': '0.0076', 'NDCG@5': '0.0049', 'HIT@10': '0.0116', 'NDCG@10': '0.0062', 'HIT@20': '0.0185', 'NDCG@20': '0.0079'}
Validation score increased.  Saving model ...
rec dataset length: 140
100%|████████████████████████████████████████████████████████████████████████████████████████████████████████████████████████████████████████████| 140/140 [00:16<00:00,  8.33it/s]
{'epoch': 4, 'rec_avg_loss': '1.2233', 'joint_avg_loss': '2.4318', 'cl_avg_loss': '5.9260', 'itemcl_loss': '6.1592', 'cl_pair_0_loss': '5.9260'}
Recommendation EP_test:4: 100%|| 140/140 [00:06<00:00, 20.21it/s]
{'Epoch': 4, 'name': 'high_freq', 'HIT@5': '0.0114', 'NDCG@5': '0.0075', 'HIT@10': '0.0177', 'NDCG@10': '0.0096', 'HIT@20': '0.0301', 'NDCG@20': '0.0127'}
{'Epoch': 4, 'name': 'mid_freq', 'HIT@5': '0.0000', 'NDCG@5': '0.0000', 'HIT@10': '0.0000', 'NDCG@10': '0.0000', 'HIT@20': '0.0000', 'NDCG@20': '0.0000'}
{'Epoch': 4, 'name': 'low_freq', 'HIT@5': '0.0002', 'NDCG@5': '0.0001', 'HIT@10': '0.0002', 'NDCG@10': '0.0001', 'HIT@20': '0.0002', 'NDCG@20': '0.0001'}
{'Epoch': 4, 'name': 'all', 'HIT@5': '0.0078', 'NDCG@5': '0.0051', 'HIT@10': '0.0121', 'NDCG@10': '0.0065', 'HIT@20': '0.0205', 'NDCG@20': '0.0086'}
Validation score increased.  Saving model ...
rec dataset length: 140
100%|████████████████████████████████████████████████████████████████████████████████████████████████████████████████████████████████████████████| 140/140 [00:16<00:00,  8.29it/s]
{'epoch': 5, 'rec_avg_loss': '1.2116', 'joint_avg_loss': '2.3504', 'cl_avg_loss': '5.2486', 'itemcl_loss': '6.1399', 'cl_pair_0_loss': '5.2486'}
Recommendation EP_test:5: 100%|| 140/140 [00:07<00:00, 19.46it/s]
{'Epoch': 5, 'name': 'high_freq', 'HIT@5': '0.0116', 'NDCG@5': '0.0076', 'HIT@10': '0.0182', 'NDCG@10': '0.0097', 'HIT@20': '0.0315', 'NDCG@20': '0.0130'}
{'Epoch': 5, 'name': 'mid_freq', 'HIT@5': '0.0000', 'NDCG@5': '0.0000', 'HIT@10': '0.0000', 'NDCG@10': '0.0000', 'HIT@20': '0.0000', 'NDCG@20': '0.0000'}
{'Epoch': 5, 'name': 'low_freq', 'HIT@5': '0.0000', 'NDCG@5': '0.0000', 'HIT@10': '0.0000', 'NDCG@10': '0.0000', 'HIT@20': '0.0000', 'NDCG@20': '0.0000'}
{'Epoch': 5, 'name': 'all', 'HIT@5': '0.0079', 'NDCG@5': '0.0052', 'HIT@10': '0.0124', 'NDCG@10': '0.0066', 'HIT@20': '0.0214', 'NDCG@20': '0.0088'}
Validation score increased.  Saving model ...
rec dataset length: 140
100%|████████████████████████████████████████████████████████████████████████████████████████████████████████████████████████████████████████████| 140/140 [00:16<00:00,  8.34it/s]
{'epoch': 6, 'rec_avg_loss': '1.2006', 'joint_avg_loss': '2.2956', 'cl_avg_loss': '4.8163', 'itemcl_loss': '6.1335', 'cl_pair_0_loss': '4.8163'}
Recommendation EP_test:6: 100%|| 140/140 [00:07<00:00, 18.25it/s]
{'Epoch': 6, 'name': 'high_freq', 'HIT@5': '0.0114', 'NDCG@5': '0.0075', 'HIT@10': '0.0187', 'NDCG@10': '0.0099', 'HIT@20': '0.0320', 'NDCG@20': '0.0132'}
{'Epoch': 6, 'name': 'mid_freq', 'HIT@5': '0.0000', 'NDCG@5': '0.0000', 'HIT@10': '0.0000', 'NDCG@10': '0.0000', 'HIT@20': '0.0000', 'NDCG@20': '0.0000'}
{'Epoch': 6, 'name': 'low_freq', 'HIT@5': '0.0000', 'NDCG@5': '0.0000', 'HIT@10': '0.0000', 'NDCG@10': '0.0000', 'HIT@20': '0.0000', 'NDCG@20': '0.0000'}
{'Epoch': 6, 'name': 'all', 'HIT@5': '0.0078', 'NDCG@5': '0.0051', 'HIT@10': '0.0127', 'NDCG@10': '0.0067', 'HIT@20': '0.0218', 'NDCG@20': '0.0090'}
Validation score increased.  Saving model ...
rec dataset length: 140
100%|████████████████████████████████████████████████████████████████████████████████████████████████████████████████████████████████████████████| 140/140 [00:16<00:00,  8.37it/s]
{'epoch': 7, 'rec_avg_loss': '1.1912', 'joint_avg_loss': '2.2514', 'cl_avg_loss': '4.4587', 'itemcl_loss': '6.1434', 'cl_pair_0_loss': '4.4587'}
Recommendation EP_test:7: 100%|| 140/140 [00:08<00:00, 17.22it/s]
{'Epoch': 7, 'name': 'high_freq', 'HIT@5': '0.0112', 'NDCG@5': '0.0075', 'HIT@10': '0.0187', 'NDCG@10': '0.0099', 'HIT@20': '0.0326', 'NDCG@20': '0.0134'}
{'Epoch': 7, 'name': 'mid_freq', 'HIT@5': '0.0000', 'NDCG@5': '0.0000', 'HIT@10': '0.0000', 'NDCG@10': '0.0000', 'HIT@20': '0.0000', 'NDCG@20': '0.0000'}
{'Epoch': 7, 'name': 'low_freq', 'HIT@5': '0.0000', 'NDCG@5': '0.0000', 'HIT@10': '0.0000', 'NDCG@10': '0.0000', 'HIT@20': '0.0000', 'NDCG@20': '0.0000'}
{'Epoch': 7, 'name': 'all', 'HIT@5': '0.0076', 'NDCG@5': '0.0051', 'HIT@10': '0.0127', 'NDCG@10': '0.0067', 'HIT@20': '0.0222', 'NDCG@20': '0.0091'}
Validation score increased.  Saving model ...
rec dataset length: 140
100%|████████████████████████████████████████████████████████████████████████████████████████████████████████████████████████████████████████████| 140/140 [00:16<00:00,  8.28it/s]
{'epoch': 8, 'rec_avg_loss': '1.1815', 'joint_avg_loss': '2.2150', 'cl_avg_loss': '4.1954', 'itemcl_loss': '6.1402', 'cl_pair_0_loss': '4.1954'}
Recommendation EP_test:8: 100%|| 140/140 [00:08<00:00, 16.47it/s]
{'Epoch': 8, 'name': 'high_freq', 'HIT@5': '0.0115', 'NDCG@5': '0.0076', 'HIT@10': '0.0194', 'NDCG@10': '0.0101', 'HIT@20': '0.0346', 'NDCG@20': '0.0139'}
{'Epoch': 8, 'name': 'mid_freq', 'HIT@5': '0.0000', 'NDCG@5': '0.0000', 'HIT@10': '0.0000', 'NDCG@10': '0.0000', 'HIT@20': '0.0000', 'NDCG@20': '0.0000'}
{'Epoch': 8, 'name': 'low_freq', 'HIT@5': '0.0000', 'NDCG@5': '0.0000', 'HIT@10': '0.0000', 'NDCG@10': '0.0000', 'HIT@20': '0.0000', 'NDCG@20': '0.0000'}
{'Epoch': 8, 'name': 'all', 'HIT@5': '0.0078', 'NDCG@5': '0.0051', 'HIT@10': '0.0132', 'NDCG@10': '0.0068', 'HIT@20': '0.0235', 'NDCG@20': '0.0094'}
Validation score increased.  Saving model ...
rec dataset length: 140
100%|████████████████████████████████████████████████████████████████████████████████████████████████████████████████████████████████████████████| 140/140 [00:16<00:00,  8.39it/s]
{'epoch': 9, 'rec_avg_loss': '1.1752', 'joint_avg_loss': '2.1857', 'cl_avg_loss': '3.9737', 'itemcl_loss': '6.1315', 'cl_pair_0_loss': '3.9737'}
Recommendation EP_test:9: 100%|| 140/140 [00:08<00:00, 16.42it/s]
{'Epoch': 9, 'name': 'high_freq', 'HIT@5': '0.0116', 'NDCG@5': '0.0077', 'HIT@10': '0.0201', 'NDCG@10': '0.0103', 'HIT@20': '0.0346', 'NDCG@20': '0.0140'}
{'Epoch': 9, 'name': 'mid_freq', 'HIT@5': '0.0000', 'NDCG@5': '0.0000', 'HIT@10': '0.0000', 'NDCG@10': '0.0000', 'HIT@20': '0.0000', 'NDCG@20': '0.0000'}
{'Epoch': 9, 'name': 'low_freq', 'HIT@5': '0.0000', 'NDCG@5': '0.0000', 'HIT@10': '0.0000', 'NDCG@10': '0.0000', 'HIT@20': '0.0000', 'NDCG@20': '0.0000'}
{'Epoch': 9, 'name': 'all', 'HIT@5': '0.0079', 'NDCG@5': '0.0052', 'HIT@10': '0.0137', 'NDCG@10': '0.0070', 'HIT@20': '0.0235', 'NDCG@20': '0.0095'}
Validation score increased.  Saving model ...
rec dataset length: 140
100%|████████████████████████████████████████████████████████████████████████████████████████████████████████████████████████████████████████████| 140/140 [00:16<00:00,  8.38it/s]
{'epoch': 10, 'rec_avg_loss': '1.1661', 'joint_avg_loss': '2.1550', 'cl_avg_loss': '3.7452', 'itemcl_loss': '6.1428', 'cl_pair_0_loss': '3.7452'}
Recommendation EP_test:10: 100%|| 140/140 [00:08<00:00, 16.70it/s]
{'Epoch': 10, 'name': 'high_freq', 'HIT@5': '0.0117', 'NDCG@5': '0.0077', 'HIT@10': '0.0206', 'NDCG@10': '0.0105', 'HIT@20': '0.0348', 'NDCG@20': '0.0141'}
{'Epoch': 10, 'name': 'mid_freq', 'HIT@5': '0.0000', 'NDCG@5': '0.0000', 'HIT@10': '0.0000', 'NDCG@10': '0.0000', 'HIT@20': '0.0000', 'NDCG@20': '0.0000'}
{'Epoch': 10, 'name': 'low_freq', 'HIT@5': '0.0000', 'NDCG@5': '0.0000', 'HIT@10': '0.0000', 'NDCG@10': '0.0000', 'HIT@20': '0.0000', 'NDCG@20': '0.0000'}
{'Epoch': 10, 'name': 'all', 'HIT@5': '0.0079', 'NDCG@5': '0.0052', 'HIT@10': '0.0140', 'NDCG@10': '0.0072', 'HIT@20': '0.0237', 'NDCG@20': '0.0096'}
Validation score increased.  Saving model ...
rec dataset length: 140
100%|████████████████████████████████████████████████████████████████████████████████████████████████████████████████████████████████████████████| 140/140 [00:17<00:00,  8.15it/s]
{'epoch': 11, 'rec_avg_loss': '1.1582', 'joint_avg_loss': '2.1348', 'cl_avg_loss': '3.6256', 'itemcl_loss': '6.1400', 'cl_pair_0_loss': '3.6256'}
Recommendation EP_test:11: 100%|| 140/140 [00:09<00:00, 14.49it/s]
{'Epoch': 11, 'name': 'high_freq', 'HIT@5': '0.0119', 'NDCG@5': '0.0077', 'HIT@10': '0.0207', 'NDCG@10': '0.0105', 'HIT@20': '0.0357', 'NDCG@20': '0.0143'}
{'Epoch': 11, 'name': 'mid_freq', 'HIT@5': '0.0000', 'NDCG@5': '0.0000', 'HIT@10': '0.0000', 'NDCG@10': '0.0000', 'HIT@20': '0.0000', 'NDCG@20': '0.0000'}
{'Epoch': 11, 'name': 'low_freq', 'HIT@5': '0.0000', 'NDCG@5': '0.0000', 'HIT@10': '0.0000', 'NDCG@10': '0.0000', 'HIT@20': '0.0000', 'NDCG@20': '0.0000'}
{'Epoch': 11, 'name': 'all', 'HIT@5': '0.0081', 'NDCG@5': '0.0052', 'HIT@10': '0.0141', 'NDCG@10': '0.0072', 'HIT@20': '0.0243', 'NDCG@20': '0.0097'}
Validation score increased.  Saving model ...
rec dataset length: 140
100%|████████████████████████████████████████████████████████████████████████████████████████████████████████████████████████████████████████████| 140/140 [00:16<00:00,  8.33it/s]
{'epoch': 12, 'rec_avg_loss': '1.1513', 'joint_avg_loss': '2.1117', 'cl_avg_loss': '3.4668', 'itemcl_loss': '6.1376', 'cl_pair_0_loss': '3.4668'}
Recommendation EP_test:12: 100%|| 140/140 [00:08<00:00, 15.66it/s]
{'Epoch': 12, 'name': 'high_freq', 'HIT@5': '0.0120', 'NDCG@5': '0.0079', 'HIT@10': '0.0214', 'NDCG@10': '0.0109', 'HIT@20': '0.0368', 'NDCG@20': '0.0147'}
{'Epoch': 12, 'name': 'mid_freq', 'HIT@5': '0.0000', 'NDCG@5': '0.0000', 'HIT@10': '0.0000', 'NDCG@10': '0.0000', 'HIT@20': '0.0000', 'NDCG@20': '0.0000'}
{'Epoch': 12, 'name': 'low_freq', 'HIT@5': '0.0000', 'NDCG@5': '0.0000', 'HIT@10': '0.0000', 'NDCG@10': '0.0000', 'HIT@20': '0.0000', 'NDCG@20': '0.0000'}
{'Epoch': 12, 'name': 'all', 'HIT@5': '0.0082', 'NDCG@5': '0.0054', 'HIT@10': '0.0146', 'NDCG@10': '0.0074', 'HIT@20': '0.0250', 'NDCG@20': '0.0100'}
Validation score increased.  Saving model ...
rec dataset length: 140
100%|████████████████████████████████████████████████████████████████████████████████████████████████████████████████████████████████████████████| 140/140 [00:16<00:00,  8.35it/s]
{'epoch': 13, 'rec_avg_loss': '1.1428', 'joint_avg_loss': '2.0871', 'cl_avg_loss': '3.3099', 'itemcl_loss': '6.1334', 'cl_pair_0_loss': '3.3099'}
Recommendation EP_test:13: 100%|| 140/140 [00:09<00:00, 14.95it/s]
{'Epoch': 13, 'name': 'high_freq', 'HIT@5': '0.0123', 'NDCG@5': '0.0081', 'HIT@10': '0.0221', 'NDCG@10': '0.0112', 'HIT@20': '0.0365', 'NDCG@20': '0.0148'}
{'Epoch': 13, 'name': 'mid_freq', 'HIT@5': '0.0000', 'NDCG@5': '0.0000', 'HIT@10': '0.0000', 'NDCG@10': '0.0000', 'HIT@20': '0.0000', 'NDCG@20': '0.0000'}
{'Epoch': 13, 'name': 'low_freq', 'HIT@5': '0.0000', 'NDCG@5': '0.0000', 'HIT@10': '0.0000', 'NDCG@10': '0.0000', 'HIT@20': '0.0000', 'NDCG@20': '0.0000'}
{'Epoch': 13, 'name': 'all', 'HIT@5': '0.0084', 'NDCG@5': '0.0055', 'HIT@10': '0.0150', 'NDCG@10': '0.0076', 'HIT@20': '0.0248', 'NDCG@20': '0.0100'}
Validation score increased.  Saving model ...
rec dataset length: 140
100%|████████████████████████████████████████████████████████████████████████████████████████████████████████████████████████████████████████████| 140/140 [00:16<00:00,  8.26it/s]
{'epoch': 14, 'rec_avg_loss': '1.1388', 'joint_avg_loss': '2.0715', 'cl_avg_loss': '3.1822', 'itemcl_loss': '6.1453', 'cl_pair_0_loss': '3.1822'}
Recommendation EP_test:14: 100%|| 140/140 [00:09<00:00, 14.66it/s]
{'Epoch': 14, 'name': 'high_freq', 'HIT@5': '0.0126', 'NDCG@5': '0.0080', 'HIT@10': '0.0219', 'NDCG@10': '0.0110', 'HIT@20': '0.0375', 'NDCG@20': '0.0149'}
{'Epoch': 14, 'name': 'mid_freq', 'HIT@5': '0.0000', 'NDCG@5': '0.0000', 'HIT@10': '0.0000', 'NDCG@10': '0.0000', 'HIT@20': '0.0000', 'NDCG@20': '0.0000'}
{'Epoch': 14, 'name': 'low_freq', 'HIT@5': '0.0000', 'NDCG@5': '0.0000', 'HIT@10': '0.0000', 'NDCG@10': '0.0000', 'HIT@20': '0.0000', 'NDCG@20': '0.0000'}
{'Epoch': 14, 'name': 'all', 'HIT@5': '0.0086', 'NDCG@5': '0.0055', 'HIT@10': '0.0149', 'NDCG@10': '0.0075', 'HIT@20': '0.0255', 'NDCG@20': '0.0102'}
Validation score increased.  Saving model ...
rec dataset length: 140
100%|████████████████████████████████████████████████████████████████████████████████████████████████████████████████████████████████████████████| 140/140 [00:16<00:00,  8.43it/s]
{'epoch': 15, 'rec_avg_loss': '1.1332', 'joint_avg_loss': '2.0548', 'cl_avg_loss': '3.0980', 'itemcl_loss': '6.1188', 'cl_pair_0_loss': '3.0980'}
Recommendation EP_test:15: 100%|| 140/140 [00:09<00:00, 14.34it/s]
{'Epoch': 15, 'name': 'high_freq', 'HIT@5': '0.0130', 'NDCG@5': '0.0083', 'HIT@10': '0.0225', 'NDCG@10': '0.0113', 'HIT@20': '0.0380', 'NDCG@20': '0.0152'}
{'Epoch': 15, 'name': 'mid_freq', 'HIT@5': '0.0000', 'NDCG@5': '0.0000', 'HIT@10': '0.0000', 'NDCG@10': '0.0000', 'HIT@20': '0.0000', 'NDCG@20': '0.0000'}
{'Epoch': 15, 'name': 'low_freq', 'HIT@5': '0.0000', 'NDCG@5': '0.0000', 'HIT@10': '0.0000', 'NDCG@10': '0.0000', 'HIT@20': '0.0000', 'NDCG@20': '0.0000'}
{'Epoch': 15, 'name': 'all', 'HIT@5': '0.0088', 'NDCG@5': '0.0056', 'HIT@10': '0.0153', 'NDCG@10': '0.0077', 'HIT@20': '0.0259', 'NDCG@20': '0.0104'}
Validation score increased.  Saving model ...
rec dataset length: 140
100%|████████████████████████████████████████████████████████████████████████████████████████████████████████████████████████████████████████████| 140/140 [00:17<00:00,  8.11it/s]
{'epoch': 16, 'rec_avg_loss': '1.1242', 'joint_avg_loss': '2.0330', 'cl_avg_loss': '2.9540', 'itemcl_loss': '6.1336', 'cl_pair_0_loss': '2.9540'}
Recommendation EP_test:16: 100%|| 140/140 [00:09<00:00, 14.66it/s]
{'Epoch': 16, 'name': 'high_freq', 'HIT@5': '0.0130', 'NDCG@5': '0.0083', 'HIT@10': '0.0234', 'NDCG@10': '0.0117', 'HIT@20': '0.0384', 'NDCG@20': '0.0154'}
{'Epoch': 16, 'name': 'mid_freq', 'HIT@5': '0.0000', 'NDCG@5': '0.0000', 'HIT@10': '0.0000', 'NDCG@10': '0.0000', 'HIT@20': '0.0000', 'NDCG@20': '0.0000'}
{'Epoch': 16, 'name': 'low_freq', 'HIT@5': '0.0000', 'NDCG@5': '0.0000', 'HIT@10': '0.0000', 'NDCG@10': '0.0000', 'HIT@20': '0.0000', 'NDCG@20': '0.0000'}
{'Epoch': 16, 'name': 'all', 'HIT@5': '0.0088', 'NDCG@5': '0.0057', 'HIT@10': '0.0159', 'NDCG@10': '0.0079', 'HIT@20': '0.0261', 'NDCG@20': '0.0105'}
Validation score increased.  Saving model ...
rec dataset length: 140
100%|████████████████████████████████████████████████████████████████████████████████████████████████████████████████████████████████████████████| 140/140 [00:16<00:00,  8.29it/s]
{'epoch': 17, 'rec_avg_loss': '1.1211', 'joint_avg_loss': '2.0142', 'cl_avg_loss': '2.8049', 'itemcl_loss': '6.1262', 'cl_pair_0_loss': '2.8049'}
Recommendation EP_test:17: 100%|| 140/140 [00:09<00:00, 14.55it/s]
{'Epoch': 17, 'name': 'high_freq', 'HIT@5': '0.0135', 'NDCG@5': '0.0086', 'HIT@10': '0.0245', 'NDCG@10': '0.0121', 'HIT@20': '0.0405', 'NDCG@20': '0.0162'}
{'Epoch': 17, 'name': 'mid_freq', 'HIT@5': '0.0000', 'NDCG@5': '0.0000', 'HIT@10': '0.0000', 'NDCG@10': '0.0000', 'HIT@20': '0.0000', 'NDCG@20': '0.0000'}
{'Epoch': 17, 'name': 'low_freq', 'HIT@5': '0.0000', 'NDCG@5': '0.0000', 'HIT@10': '0.0000', 'NDCG@10': '0.0000', 'HIT@20': '0.0000', 'NDCG@20': '0.0000'}
{'Epoch': 17, 'name': 'all', 'HIT@5': '0.0092', 'NDCG@5': '0.0058', 'HIT@10': '0.0167', 'NDCG@10': '0.0083', 'HIT@20': '0.0276', 'NDCG@20': '0.0110'}
Validation score increased.  Saving model ...
rec dataset length: 140
100%|████████████████████████████████████████████████████████████████████████████████████████████████████████████████████████████████████████████| 140/140 [00:17<00:00,  8.23it/s]
{'epoch': 18, 'rec_avg_loss': '1.1131', 'joint_avg_loss': '2.0029', 'cl_avg_loss': '2.7645', 'itemcl_loss': '6.1340', 'cl_pair_0_loss': '2.7645'}
Recommendation EP_test:18: 100%|| 140/140 [00:09<00:00, 14.65it/s]
{'Epoch': 18, 'name': 'high_freq', 'HIT@5': '0.0145', 'NDCG@5': '0.0091', 'HIT@10': '0.0251', 'NDCG@10': '0.0125', 'HIT@20': '0.0427', 'NDCG@20': '0.0170'}
{'Epoch': 18, 'name': 'mid_freq', 'HIT@5': '0.0000', 'NDCG@5': '0.0000', 'HIT@10': '0.0000', 'NDCG@10': '0.0000', 'HIT@20': '0.0000', 'NDCG@20': '0.0000'}
{'Epoch': 18, 'name': 'low_freq', 'HIT@5': '0.0000', 'NDCG@5': '0.0000', 'HIT@10': '0.0000', 'NDCG@10': '0.0000', 'HIT@20': '0.0000', 'NDCG@20': '0.0000'}
{'Epoch': 18, 'name': 'all', 'HIT@5': '0.0099', 'NDCG@5': '0.0062', 'HIT@10': '0.0171', 'NDCG@10': '0.0085', 'HIT@20': '0.0290', 'NDCG@20': '0.0115'}
Validation score increased.  Saving model ...
rec dataset length: 140
100%|████████████████████████████████████████████████████████████████████████████████████████████████████████████████████████████████████████████| 140/140 [00:16<00:00,  8.41it/s]
{'epoch': 19, 'rec_avg_loss': '1.1103', 'joint_avg_loss': '1.9899', 'cl_avg_loss': '2.6650', 'itemcl_loss': '6.1305', 'cl_pair_0_loss': '2.6650'}
Recommendation EP_test:19: 100%|| 140/140 [00:08<00:00, 15.59it/s]
{'Epoch': 19, 'name': 'high_freq', 'HIT@5': '0.0141', 'NDCG@5': '0.0091', 'HIT@10': '0.0256', 'NDCG@10': '0.0128', 'HIT@20': '0.0436', 'NDCG@20': '0.0173'}
{'Epoch': 19, 'name': 'mid_freq', 'HIT@5': '0.0000', 'NDCG@5': '0.0000', 'HIT@10': '0.0000', 'NDCG@10': '0.0000', 'HIT@20': '0.0000', 'NDCG@20': '0.0000'}
{'Epoch': 19, 'name': 'low_freq', 'HIT@5': '0.0000', 'NDCG@5': '0.0000', 'HIT@10': '0.0000', 'NDCG@10': '0.0000', 'HIT@20': '0.0000', 'NDCG@20': '0.0000'}
{'Epoch': 19, 'name': 'all', 'HIT@5': '0.0096', 'NDCG@5': '0.0062', 'HIT@10': '0.0174', 'NDCG@10': '0.0087', 'HIT@20': '0.0297', 'NDCG@20': '0.0118'}
Validation score increased.  Saving model ...
rec dataset length: 140
100%|████████████████████████████████████████████████████████████████████████████████████████████████████████████████████████████████████████████| 140/140 [00:16<00:00,  8.29it/s]
{'epoch': 20, 'rec_avg_loss': '1.1038', 'joint_avg_loss': '1.9758', 'cl_avg_loss': '2.5876', 'itemcl_loss': '6.1318', 'cl_pair_0_loss': '2.5876'}
Recommendation EP_test:20: 100%|| 140/140 [00:08<00:00, 17.48it/s]
{'Epoch': 20, 'name': 'high_freq', 'HIT@5': '0.0148', 'NDCG@5': '0.0095', 'HIT@10': '0.0269', 'NDCG@10': '0.0134', 'HIT@20': '0.0458', 'NDCG@20': '0.0181'}
{'Epoch': 20, 'name': 'mid_freq', 'HIT@5': '0.0000', 'NDCG@5': '0.0000', 'HIT@10': '0.0000', 'NDCG@10': '0.0000', 'HIT@20': '0.0000', 'NDCG@20': '0.0000'}
{'Epoch': 20, 'name': 'low_freq', 'HIT@5': '0.0000', 'NDCG@5': '0.0000', 'HIT@10': '0.0000', 'NDCG@10': '0.0000', 'HIT@20': '0.0000', 'NDCG@20': '0.0000'}
{'Epoch': 20, 'name': 'all', 'HIT@5': '0.0101', 'NDCG@5': '0.0065', 'HIT@10': '0.0183', 'NDCG@10': '0.0091', 'HIT@20': '0.0311', 'NDCG@20': '0.0123'}
Validation score increased.  Saving model ...
rec dataset length: 140
100%|████████████████████████████████████████████████████████████████████████████████████████████████████████████████████████████████████████████| 140/140 [00:16<00:00,  8.39it/s]
{'epoch': 21, 'rec_avg_loss': '1.0987', 'joint_avg_loss': '1.9601', 'cl_avg_loss': '2.4976', 'itemcl_loss': '6.1164', 'cl_pair_0_loss': '2.4976'}
Recommendation EP_test:21: 100%|| 140/140 [00:08<00:00, 17.42it/s]
{'Epoch': 21, 'name': 'high_freq', 'HIT@5': '0.0166', 'NDCG@5': '0.0104', 'HIT@10': '0.0286', 'NDCG@10': '0.0143', 'HIT@20': '0.0474', 'NDCG@20': '0.0190'}
{'Epoch': 21, 'name': 'mid_freq', 'HIT@5': '0.0000', 'NDCG@5': '0.0000', 'HIT@10': '0.0000', 'NDCG@10': '0.0000', 'HIT@20': '0.0000', 'NDCG@20': '0.0000'}
{'Epoch': 21, 'name': 'low_freq', 'HIT@5': '0.0000', 'NDCG@5': '0.0000', 'HIT@10': '0.0000', 'NDCG@10': '0.0000', 'HIT@20': '0.0000', 'NDCG@20': '0.0000'}
{'Epoch': 21, 'name': 'all', 'HIT@5': '0.0113', 'NDCG@5': '0.0071', 'HIT@10': '0.0194', 'NDCG@10': '0.0097', 'HIT@20': '0.0322', 'NDCG@20': '0.0129'}
Validation score increased.  Saving model ...
rec dataset length: 140
100%|████████████████████████████████████████████████████████████████████████████████████████████████████████████████████████████████████████████| 140/140 [00:16<00:00,  8.37it/s]
{'epoch': 22, 'rec_avg_loss': '1.0937', 'joint_avg_loss': '1.9492', 'cl_avg_loss': '2.4421', 'itemcl_loss': '6.1133', 'cl_pair_0_loss': '2.4421'}
Recommendation EP_test:22: 100%|| 140/140 [00:07<00:00, 18.53it/s]
{'Epoch': 22, 'name': 'high_freq', 'HIT@5': '0.0165', 'NDCG@5': '0.0105', 'HIT@10': '0.0292', 'NDCG@10': '0.0145', 'HIT@20': '0.0472', 'NDCG@20': '0.0190'}
{'Epoch': 22, 'name': 'mid_freq', 'HIT@5': '0.0000', 'NDCG@5': '0.0000', 'HIT@10': '0.0000', 'NDCG@10': '0.0000', 'HIT@20': '0.0000', 'NDCG@20': '0.0000'}
{'Epoch': 22, 'name': 'low_freq', 'HIT@5': '0.0000', 'NDCG@5': '0.0000', 'HIT@10': '0.0000', 'NDCG@10': '0.0000', 'HIT@20': '0.0000', 'NDCG@20': '0.0000'}
{'Epoch': 22, 'name': 'all', 'HIT@5': '0.0112', 'NDCG@5': '0.0071', 'HIT@10': '0.0199', 'NDCG@10': '0.0099', 'HIT@20': '0.0321', 'NDCG@20': '0.0130'}
Validation score increased.  Saving model ...
rec dataset length: 140
100%|████████████████████████████████████████████████████████████████████████████████████████████████████████████████████████████████████████████| 140/140 [00:16<00:00,  8.28it/s]
{'epoch': 23, 'rec_avg_loss': '1.0898', 'joint_avg_loss': '1.9416', 'cl_avg_loss': '2.3985', 'itemcl_loss': '6.1194', 'cl_pair_0_loss': '2.3985'}
Recommendation EP_test:23: 100%|| 140/140 [00:08<00:00, 15.93it/s]
{'Epoch': 23, 'name': 'high_freq', 'HIT@5': '0.0166', 'NDCG@5': '0.0106', 'HIT@10': '0.0287', 'NDCG@10': '0.0145', 'HIT@20': '0.0486', 'NDCG@20': '0.0195'}
{'Epoch': 23, 'name': 'mid_freq', 'HIT@5': '0.0000', 'NDCG@5': '0.0000', 'HIT@10': '0.0000', 'NDCG@10': '0.0000', 'HIT@20': '0.0000', 'NDCG@20': '0.0000'}
{'Epoch': 23, 'name': 'low_freq', 'HIT@5': '0.0000', 'NDCG@5': '0.0000', 'HIT@10': '0.0000', 'NDCG@10': '0.0000', 'HIT@20': '0.0000', 'NDCG@20': '0.0000'}
{'Epoch': 23, 'name': 'all', 'HIT@5': '0.0113', 'NDCG@5': '0.0072', 'HIT@10': '0.0196', 'NDCG@10': '0.0098', 'HIT@20': '0.0331', 'NDCG@20': '0.0132'}
Validation score increased.  Saving model ...
rec dataset length: 140
100%|████████████████████████████████████████████████████████████████████████████████████████████████████████████████████████████████████████████| 140/140 [00:16<00:00,  8.40it/s]
{'epoch': 24, 'rec_avg_loss': '1.0812', 'joint_avg_loss': '1.9256', 'cl_avg_loss': '2.3315', 'itemcl_loss': '6.1124', 'cl_pair_0_loss': '2.3315'}
Recommendation EP_test:24: 100%|| 140/140 [00:08<00:00, 15.82it/s]
{'Epoch': 24, 'name': 'high_freq', 'HIT@5': '0.0166', 'NDCG@5': '0.0106', 'HIT@10': '0.0293', 'NDCG@10': '0.0146', 'HIT@20': '0.0502', 'NDCG@20': '0.0199'}
{'Epoch': 24, 'name': 'mid_freq', 'HIT@5': '0.0000', 'NDCG@5': '0.0000', 'HIT@10': '0.0000', 'NDCG@10': '0.0000', 'HIT@20': '0.0000', 'NDCG@20': '0.0000'}
{'Epoch': 24, 'name': 'low_freq', 'HIT@5': '0.0000', 'NDCG@5': '0.0000', 'HIT@10': '0.0000', 'NDCG@10': '0.0000', 'HIT@20': '0.0000', 'NDCG@20': '0.0000'}
{'Epoch': 24, 'name': 'all', 'HIT@5': '0.0113', 'NDCG@5': '0.0072', 'HIT@10': '0.0199', 'NDCG@10': '0.0100', 'HIT@20': '0.0342', 'NDCG@20': '0.0135'}
Validation score increased.  Saving model ...
rec dataset length: 140
100%|████████████████████████████████████████████████████████████████████████████████████████████████████████████████████████████████████████████| 140/140 [00:16<00:00,  8.36it/s]
{'epoch': 25, 'rec_avg_loss': '1.0756', 'joint_avg_loss': '1.9141', 'cl_avg_loss': '2.2802', 'itemcl_loss': '6.1048', 'cl_pair_0_loss': '2.2802'}
Recommendation EP_test:25: 100%|| 140/140 [00:08<00:00, 17.29it/s]
{'Epoch': 25, 'name': 'high_freq', 'HIT@5': '0.0168', 'NDCG@5': '0.0108', 'HIT@10': '0.0304', 'NDCG@10': '0.0151', 'HIT@20': '0.0514', 'NDCG@20': '0.0204'}
{'Epoch': 25, 'name': 'mid_freq', 'HIT@5': '0.0000', 'NDCG@5': '0.0000', 'HIT@10': '0.0000', 'NDCG@10': '0.0000', 'HIT@20': '0.0000', 'NDCG@20': '0.0000'}
{'Epoch': 25, 'name': 'low_freq', 'HIT@5': '0.0000', 'NDCG@5': '0.0000', 'HIT@10': '0.0000', 'NDCG@10': '0.0000', 'HIT@20': '0.0000', 'NDCG@20': '0.0000'}
{'Epoch': 25, 'name': 'all', 'HIT@5': '0.0114', 'NDCG@5': '0.0073', 'HIT@10': '0.0207', 'NDCG@10': '0.0103', 'HIT@20': '0.0350', 'NDCG@20': '0.0139'}
Validation score increased.  Saving model ...
rec dataset length: 140
100%|████████████████████████████████████████████████████████████████████████████████████████████████████████████████████████████████████████████| 140/140 [00:16<00:00,  8.41it/s]
{'epoch': 26, 'rec_avg_loss': '1.0705', 'joint_avg_loss': '1.9075', 'cl_avg_loss': '2.2714', 'itemcl_loss': '6.0985', 'cl_pair_0_loss': '2.2714'}
Recommendation EP_test:26: 100%|| 140/140 [00:08<00:00, 16.85it/s]
{'Epoch': 26, 'name': 'high_freq', 'HIT@5': '0.0170', 'NDCG@5': '0.0109', 'HIT@10': '0.0303', 'NDCG@10': '0.0151', 'HIT@20': '0.0513', 'NDCG@20': '0.0204'}
{'Epoch': 26, 'name': 'mid_freq', 'HIT@5': '0.0000', 'NDCG@5': '0.0000', 'HIT@10': '0.0000', 'NDCG@10': '0.0000', 'HIT@20': '0.0000', 'NDCG@20': '0.0000'}
{'Epoch': 26, 'name': 'low_freq', 'HIT@5': '0.0000', 'NDCG@5': '0.0000', 'HIT@10': '0.0000', 'NDCG@10': '0.0000', 'HIT@20': '0.0000', 'NDCG@20': '0.0000'}
{'Epoch': 26, 'name': 'all', 'HIT@5': '0.0115', 'NDCG@5': '0.0074', 'HIT@10': '0.0206', 'NDCG@10': '0.0103', 'HIT@20': '0.0349', 'NDCG@20': '0.0139'}
Validation score increased.  Saving model ...
rec dataset length: 140
100%|████████████████████████████████████████████████████████████████████████████████████████████████████████████████████████████████████████████| 140/140 [00:16<00:00,  8.37it/s]
{'epoch': 27, 'rec_avg_loss': '1.0633', 'joint_avg_loss': '1.8966', 'cl_avg_loss': '2.2229', 'itemcl_loss': '6.1100', 'cl_pair_0_loss': '2.2229'}
Recommendation EP_test:27: 100%|| 140/140 [00:08<00:00, 16.65it/s]
{'Epoch': 27, 'name': 'high_freq', 'HIT@5': '0.0167', 'NDCG@5': '0.0109', 'HIT@10': '0.0297', 'NDCG@10': '0.0150', 'HIT@20': '0.0510', 'NDCG@20': '0.0204'}
{'Epoch': 27, 'name': 'mid_freq', 'HIT@5': '0.0000', 'NDCG@5': '0.0000', 'HIT@10': '0.0000', 'NDCG@10': '0.0000', 'HIT@20': '0.0000', 'NDCG@20': '0.0000'}
{'Epoch': 27, 'name': 'low_freq', 'HIT@5': '0.0000', 'NDCG@5': '0.0000', 'HIT@10': '0.0000', 'NDCG@10': '0.0000', 'HIT@20': '0.0000', 'NDCG@20': '0.0000'}
{'Epoch': 27, 'name': 'all', 'HIT@5': '0.0113', 'NDCG@5': '0.0074', 'HIT@10': '0.0202', 'NDCG@10': '0.0102', 'HIT@20': '0.0347', 'NDCG@20': '0.0139'}
EarlyStopping counter: 1 out of 40
rec dataset length: 140
100%|████████████████████████████████████████████████████████████████████████████████████████████████████████████████████████████████████████████| 140/140 [00:16<00:00,  8.41it/s]
{'epoch': 28, 'rec_avg_loss': '1.0590', 'joint_avg_loss': '1.8879', 'cl_avg_loss': '2.1931', 'itemcl_loss': '6.0958', 'cl_pair_0_loss': '2.1931'}
Recommendation EP_test:28: 100%|| 140/140 [00:07<00:00, 17.72it/s]
{'Epoch': 28, 'name': 'high_freq', 'HIT@5': '0.0171', 'NDCG@5': '0.0110', 'HIT@10': '0.0308', 'NDCG@10': '0.0154', 'HIT@20': '0.0518', 'NDCG@20': '0.0207'}
{'Epoch': 28, 'name': 'mid_freq', 'HIT@5': '0.0000', 'NDCG@5': '0.0000', 'HIT@10': '0.0000', 'NDCG@10': '0.0000', 'HIT@20': '0.0000', 'NDCG@20': '0.0000'}
{'Epoch': 28, 'name': 'low_freq', 'HIT@5': '0.0000', 'NDCG@5': '0.0000', 'HIT@10': '0.0000', 'NDCG@10': '0.0000', 'HIT@20': '0.0000', 'NDCG@20': '0.0000'}
{'Epoch': 28, 'name': 'all', 'HIT@5': '0.0116', 'NDCG@5': '0.0075', 'HIT@10': '0.0210', 'NDCG@10': '0.0105', 'HIT@20': '0.0352', 'NDCG@20': '0.0141'}
Validation score increased.  Saving model ...
rec dataset length: 140
100%|████████████████████████████████████████████████████████████████████████████████████████████████████████████████████████████████████████████| 140/140 [00:16<00:00,  8.35it/s]
{'epoch': 29, 'rec_avg_loss': '1.0535', 'joint_avg_loss': '1.8795', 'cl_avg_loss': '2.1724', 'itemcl_loss': '6.0872', 'cl_pair_0_loss': '2.1724'}
Recommendation EP_test:29: 100%|| 140/140 [00:07<00:00, 17.91it/s]
{'Epoch': 29, 'name': 'high_freq', 'HIT@5': '0.0183', 'NDCG@5': '0.0116', 'HIT@10': '0.0314', 'NDCG@10': '0.0158', 'HIT@20': '0.0521', 'NDCG@20': '0.0210'}
{'Epoch': 29, 'name': 'mid_freq', 'HIT@5': '0.0000', 'NDCG@5': '0.0000', 'HIT@10': '0.0000', 'NDCG@10': '0.0000', 'HIT@20': '0.0000', 'NDCG@20': '0.0000'}
{'Epoch': 29, 'name': 'low_freq', 'HIT@5': '0.0000', 'NDCG@5': '0.0000', 'HIT@10': '0.0000', 'NDCG@10': '0.0000', 'HIT@20': '0.0000', 'NDCG@20': '0.0000'}
{'Epoch': 29, 'name': 'all', 'HIT@5': '0.0124', 'NDCG@5': '0.0079', 'HIT@10': '0.0214', 'NDCG@10': '0.0108', 'HIT@20': '0.0355', 'NDCG@20': '0.0143'}
Validation score increased.  Saving model ...
rec dataset length: 140
100%|████████████████████████████████████████████████████████████████████████████████████████████████████████████████████████████████████████████| 140/140 [00:16<00:00,  8.37it/s]
{'epoch': 30, 'rec_avg_loss': '1.0475', 'joint_avg_loss': '1.8689', 'cl_avg_loss': '2.1281', 'itemcl_loss': '6.0861', 'cl_pair_0_loss': '2.1281'}
Recommendation EP_test:30: 100%|| 140/140 [00:08<00:00, 16.80it/s]
{'Epoch': 30, 'name': 'high_freq', 'HIT@5': '0.0178', 'NDCG@5': '0.0116', 'HIT@10': '0.0318', 'NDCG@10': '0.0161', 'HIT@20': '0.0541', 'NDCG@20': '0.0217'}
{'Epoch': 30, 'name': 'mid_freq', 'HIT@5': '0.0000', 'NDCG@5': '0.0000', 'HIT@10': '0.0000', 'NDCG@10': '0.0000', 'HIT@20': '0.0000', 'NDCG@20': '0.0000'}
{'Epoch': 30, 'name': 'low_freq', 'HIT@5': '0.0000', 'NDCG@5': '0.0000', 'HIT@10': '0.0000', 'NDCG@10': '0.0000', 'HIT@20': '0.0000', 'NDCG@20': '0.0000'}
{'Epoch': 30, 'name': 'all', 'HIT@5': '0.0121', 'NDCG@5': '0.0079', 'HIT@10': '0.0217', 'NDCG@10': '0.0109', 'HIT@20': '0.0368', 'NDCG@20': '0.0147'}
Validation score increased.  Saving model ...
rec dataset length: 140
100%|████████████████████████████████████████████████████████████████████████████████████████████████████████████████████████████████████████████| 140/140 [00:16<00:00,  8.29it/s]
{'epoch': 31, 'rec_avg_loss': '1.0429', 'joint_avg_loss': '1.8641', 'cl_avg_loss': '2.1361', 'itemcl_loss': '6.0760', 'cl_pair_0_loss': '2.1361'}
Recommendation EP_test:31: 100%|| 140/140 [00:08<00:00, 16.81it/s]
{'Epoch': 31, 'name': 'high_freq', 'HIT@5': '0.0184', 'NDCG@5': '0.0120', 'HIT@10': '0.0324', 'NDCG@10': '0.0165', 'HIT@20': '0.0548', 'NDCG@20': '0.0222'}
{'Epoch': 31, 'name': 'mid_freq', 'HIT@5': '0.0000', 'NDCG@5': '0.0000', 'HIT@10': '0.0000', 'NDCG@10': '0.0000', 'HIT@20': '0.0000', 'NDCG@20': '0.0000'}
{'Epoch': 31, 'name': 'low_freq', 'HIT@5': '0.0000', 'NDCG@5': '0.0000', 'HIT@10': '0.0000', 'NDCG@10': '0.0000', 'HIT@20': '0.0000', 'NDCG@20': '0.0000'}
{'Epoch': 31, 'name': 'all', 'HIT@5': '0.0125', 'NDCG@5': '0.0082', 'HIT@10': '0.0221', 'NDCG@10': '0.0112', 'HIT@20': '0.0373', 'NDCG@20': '0.0151'}
Validation score increased.  Saving model ...
rec dataset length: 140
100%|████████████████████████████████████████████████████████████████████████████████████████████████████████████████████████████████████████████| 140/140 [00:16<00:00,  8.25it/s]
{'epoch': 32, 'rec_avg_loss': '1.0371', 'joint_avg_loss': '1.8597', 'cl_avg_loss': '2.1431', 'itemcl_loss': '6.0827', 'cl_pair_0_loss': '2.1431'}
Recommendation EP_test:32: 100%|| 140/140 [00:09<00:00, 15.41it/s]
{'Epoch': 32, 'name': 'high_freq', 'HIT@5': '0.0180', 'NDCG@5': '0.0116', 'HIT@10': '0.0330', 'NDCG@10': '0.0164', 'HIT@20': '0.0555', 'NDCG@20': '0.0220'}
{'Epoch': 32, 'name': 'mid_freq', 'HIT@5': '0.0000', 'NDCG@5': '0.0000', 'HIT@10': '0.0000', 'NDCG@10': '0.0000', 'HIT@20': '0.0000', 'NDCG@20': '0.0000'}
{'Epoch': 32, 'name': 'low_freq', 'HIT@5': '0.0000', 'NDCG@5': '0.0000', 'HIT@10': '0.0000', 'NDCG@10': '0.0000', 'HIT@20': '0.0000', 'NDCG@20': '0.0000'}
{'Epoch': 32, 'name': 'all', 'HIT@5': '0.0123', 'NDCG@5': '0.0079', 'HIT@10': '0.0224', 'NDCG@10': '0.0112', 'HIT@20': '0.0378', 'NDCG@20': '0.0150'}
EarlyStopping counter: 1 out of 40
rec dataset length: 140
100%|████████████████████████████████████████████████████████████████████████████████████████████████████████████████████████████████████████████| 140/140 [00:16<00:00,  8.38it/s]
{'epoch': 33, 'rec_avg_loss': '1.0291', 'joint_avg_loss': '1.8472', 'cl_avg_loss': '2.1001', 'itemcl_loss': '6.0809', 'cl_pair_0_loss': '2.1001'}
Recommendation EP_test:33: 100%|| 140/140 [00:08<00:00, 15.81it/s]
{'Epoch': 33, 'name': 'high_freq', 'HIT@5': '0.0190', 'NDCG@5': '0.0122', 'HIT@10': '0.0337', 'NDCG@10': '0.0169', 'HIT@20': '0.0558', 'NDCG@20': '0.0224'}
{'Epoch': 33, 'name': 'mid_freq', 'HIT@5': '0.0000', 'NDCG@5': '0.0000', 'HIT@10': '0.0000', 'NDCG@10': '0.0000', 'HIT@20': '0.0001', 'NDCG@20': '0.0000'}
{'Epoch': 33, 'name': 'low_freq', 'HIT@5': '0.0000', 'NDCG@5': '0.0000', 'HIT@10': '0.0000', 'NDCG@10': '0.0000', 'HIT@20': '0.0000', 'NDCG@20': '0.0000'}
{'Epoch': 33, 'name': 'all', 'HIT@5': '0.0129', 'NDCG@5': '0.0083', 'HIT@10': '0.0229', 'NDCG@10': '0.0115', 'HIT@20': '0.0380', 'NDCG@20': '0.0153'}
Validation score increased.  Saving model ...
rec dataset length: 140
100%|████████████████████████████████████████████████████████████████████████████████████████████████████████████████████████████████████████████| 140/140 [00:16<00:00,  8.31it/s]
{'epoch': 34, 'rec_avg_loss': '1.0230', 'joint_avg_loss': '1.8387', 'cl_avg_loss': '2.0886', 'itemcl_loss': '6.0684', 'cl_pair_0_loss': '2.0886'}
Recommendation EP_test:34: 100%|| 140/140 [00:09<00:00, 15.30it/s]
{'Epoch': 34, 'name': 'high_freq', 'HIT@5': '0.0206', 'NDCG@5': '0.0125', 'HIT@10': '0.0358', 'NDCG@10': '0.0174', 'HIT@20': '0.0588', 'NDCG@20': '0.0231'}
{'Epoch': 34, 'name': 'mid_freq', 'HIT@5': '0.0000', 'NDCG@5': '0.0000', 'HIT@10': '0.0001', 'NDCG@10': '0.0001', 'HIT@20': '0.0003', 'NDCG@20': '0.0001'}
{'Epoch': 34, 'name': 'low_freq', 'HIT@5': '0.0000', 'NDCG@5': '0.0000', 'HIT@10': '0.0000', 'NDCG@10': '0.0000', 'HIT@20': '0.0000', 'NDCG@20': '0.0000'}
{'Epoch': 34, 'name': 'all', 'HIT@5': '0.0140', 'NDCG@5': '0.0085', 'HIT@10': '0.0244', 'NDCG@10': '0.0118', 'HIT@20': '0.0400', 'NDCG@20': '0.0157'}
Validation score increased.  Saving model ...
rec dataset length: 140
100%|████████████████████████████████████████████████████████████████████████████████████████████████████████████████████████████████████████████| 140/140 [00:16<00:00,  8.44it/s]
{'epoch': 35, 'rec_avg_loss': '1.0135', 'joint_avg_loss': '1.8286', 'cl_avg_loss': '2.0919', 'itemcl_loss': '6.0586', 'cl_pair_0_loss': '2.0919'}
Recommendation EP_test:35: 100%|| 140/140 [00:08<00:00, 15.58it/s]
{'Epoch': 35, 'name': 'high_freq', 'HIT@5': '0.0203', 'NDCG@5': '0.0126', 'HIT@10': '0.0354', 'NDCG@10': '0.0174', 'HIT@20': '0.0580', 'NDCG@20': '0.0231'}
{'Epoch': 35, 'name': 'mid_freq', 'HIT@5': '0.0000', 'NDCG@5': '0.0000', 'HIT@10': '0.0001', 'NDCG@10': '0.0000', 'HIT@20': '0.0004', 'NDCG@20': '0.0001'}
{'Epoch': 35, 'name': 'low_freq', 'HIT@5': '0.0000', 'NDCG@5': '0.0000', 'HIT@10': '0.0000', 'NDCG@10': '0.0000', 'HIT@20': '0.0000', 'NDCG@20': '0.0000'}
{'Epoch': 35, 'name': 'all', 'HIT@5': '0.0138', 'NDCG@5': '0.0086', 'HIT@10': '0.0241', 'NDCG@10': '0.0119', 'HIT@20': '0.0395', 'NDCG@20': '0.0157'}
EarlyStopping counter: 1 out of 40
rec dataset length: 140
100%|████████████████████████████████████████████████████████████████████████████████████████████████████████████████████████████████████████████| 140/140 [00:16<00:00,  8.27it/s]
{'epoch': 36, 'rec_avg_loss': '1.0081', 'joint_avg_loss': '1.8192', 'cl_avg_loss': '2.0689', 'itemcl_loss': '6.0421', 'cl_pair_0_loss': '2.0689'}
Recommendation EP_test:36: 100%|| 140/140 [00:09<00:00, 15.07it/s]
{'Epoch': 36, 'name': 'high_freq', 'HIT@5': '0.0205', 'NDCG@5': '0.0125', 'HIT@10': '0.0372', 'NDCG@10': '0.0179', 'HIT@20': '0.0621', 'NDCG@20': '0.0241'}
{'Epoch': 36, 'name': 'mid_freq', 'HIT@5': '0.0001', 'NDCG@5': '0.0001', 'HIT@10': '0.0003', 'NDCG@10': '0.0001', 'HIT@20': '0.0007', 'NDCG@20': '0.0002'}
{'Epoch': 36, 'name': 'low_freq', 'HIT@5': '0.0000', 'NDCG@5': '0.0000', 'HIT@10': '0.0000', 'NDCG@10': '0.0000', 'HIT@20': '0.0000', 'NDCG@20': '0.0000'}
{'Epoch': 36, 'name': 'all', 'HIT@5': '0.0140', 'NDCG@5': '0.0085', 'HIT@10': '0.0253', 'NDCG@10': '0.0122', 'HIT@20': '0.0424', 'NDCG@20': '0.0164'}
Validation score increased.  Saving model ...
rec dataset length: 140
100%|████████████████████████████████████████████████████████████████████████████████████████████████████████████████████████████████████████████| 140/140 [00:16<00:00,  8.47it/s]
{'epoch': 37, 'rec_avg_loss': '1.0021', 'joint_avg_loss': '1.8147', 'cl_avg_loss': '2.0807', 'itemcl_loss': '6.0452', 'cl_pair_0_loss': '2.0807'}
Recommendation EP_test:37: 100%|| 140/140 [00:08<00:00, 15.95it/s]
{'Epoch': 37, 'name': 'high_freq', 'HIT@5': '0.0208', 'NDCG@5': '0.0127', 'HIT@10': '0.0379', 'NDCG@10': '0.0182', 'HIT@20': '0.0628', 'NDCG@20': '0.0244'}
{'Epoch': 37, 'name': 'mid_freq', 'HIT@5': '0.0003', 'NDCG@5': '0.0001', 'HIT@10': '0.0006', 'NDCG@10': '0.0002', 'HIT@20': '0.0006', 'NDCG@20': '0.0002'}
{'Epoch': 37, 'name': 'low_freq', 'HIT@5': '0.0000', 'NDCG@5': '0.0000', 'HIT@10': '0.0000', 'NDCG@10': '0.0000', 'HIT@20': '0.0000', 'NDCG@20': '0.0000'}
{'Epoch': 37, 'name': 'all', 'HIT@5': '0.0142', 'NDCG@5': '0.0087', 'HIT@10': '0.0259', 'NDCG@10': '0.0124', 'HIT@20': '0.0428', 'NDCG@20': '0.0167'}
Validation score increased.  Saving model ...
rec dataset length: 140
100%|████████████████████████████████████████████████████████████████████████████████████████████████████████████████████████████████████████████| 140/140 [00:17<00:00,  8.21it/s]
{'epoch': 38, 'rec_avg_loss': '0.9924', 'joint_avg_loss': '1.8030', 'cl_avg_loss': '2.0736', 'itemcl_loss': '6.0318', 'cl_pair_0_loss': '2.0736'}
Recommendation EP_test:38: 100%|| 140/140 [00:08<00:00, 16.30it/s]
{'Epoch': 38, 'name': 'high_freq', 'HIT@5': '0.0211', 'NDCG@5': '0.0130', 'HIT@10': '0.0387', 'NDCG@10': '0.0186', 'HIT@20': '0.0632', 'NDCG@20': '0.0248'}
{'Epoch': 38, 'name': 'mid_freq', 'HIT@5': '0.0003', 'NDCG@5': '0.0001', 'HIT@10': '0.0006', 'NDCG@10': '0.0002', 'HIT@20': '0.0009', 'NDCG@20': '0.0003'}
{'Epoch': 38, 'name': 'low_freq', 'HIT@5': '0.0000', 'NDCG@5': '0.0000', 'HIT@10': '0.0000', 'NDCG@10': '0.0000', 'HIT@20': '0.0000', 'NDCG@20': '0.0000'}
{'Epoch': 38, 'name': 'all', 'HIT@5': '0.0144', 'NDCG@5': '0.0089', 'HIT@10': '0.0264', 'NDCG@10': '0.0127', 'HIT@20': '0.0432', 'NDCG@20': '0.0169'}
Validation score increased.  Saving model ...
rec dataset length: 140
100%|████████████████████████████████████████████████████████████████████████████████████████████████████████████████████████████████████████████| 140/140 [00:16<00:00,  8.25it/s]
{'epoch': 39, 'rec_avg_loss': '0.9894', 'joint_avg_loss': '1.7959', 'cl_avg_loss': '2.0636', 'itemcl_loss': '6.0011', 'cl_pair_0_loss': '2.0636'}
Recommendation EP_test:39: 100%|| 140/140 [00:09<00:00, 15.23it/s]
{'Epoch': 39, 'name': 'high_freq', 'HIT@5': '0.0220', 'NDCG@5': '0.0133', 'HIT@10': '0.0400', 'NDCG@10': '0.0191', 'HIT@20': '0.0655', 'NDCG@20': '0.0256'}
{'Epoch': 39, 'name': 'mid_freq', 'HIT@5': '0.0004', 'NDCG@5': '0.0003', 'HIT@10': '0.0007', 'NDCG@10': '0.0004', 'HIT@20': '0.0010', 'NDCG@20': '0.0004'}
{'Epoch': 39, 'name': 'low_freq', 'HIT@5': '0.0000', 'NDCG@5': '0.0000', 'HIT@10': '0.0000', 'NDCG@10': '0.0000', 'HIT@20': '0.0002', 'NDCG@20': '0.0001'}
{'Epoch': 39, 'name': 'all', 'HIT@5': '0.0150', 'NDCG@5': '0.0091', 'HIT@10': '0.0273', 'NDCG@10': '0.0131', 'HIT@20': '0.0448', 'NDCG@20': '0.0175'}
Validation score increased.  Saving model ...
rec dataset length: 140
100%|████████████████████████████████████████████████████████████████████████████████████████████████████████████████████████████████████████████| 140/140 [00:16<00:00,  8.27it/s]
{'epoch': 40, 'rec_avg_loss': '0.9815', 'joint_avg_loss': '1.7916', 'cl_avg_loss': '2.0895', 'itemcl_loss': '6.0113', 'cl_pair_0_loss': '2.0895'}
Recommendation EP_test:40: 100%|| 140/140 [00:09<00:00, 15.25it/s]
{'Epoch': 40, 'name': 'high_freq', 'HIT@5': '0.0226', 'NDCG@5': '0.0138', 'HIT@10': '0.0397', 'NDCG@10': '0.0192', 'HIT@20': '0.0672', 'NDCG@20': '0.0261'}
{'Epoch': 40, 'name': 'mid_freq', 'HIT@5': '0.0007', 'NDCG@5': '0.0004', 'HIT@10': '0.0009', 'NDCG@10': '0.0004', 'HIT@20': '0.0011', 'NDCG@20': '0.0005'}
{'Epoch': 40, 'name': 'low_freq', 'HIT@5': '0.0000', 'NDCG@5': '0.0000', 'HIT@10': '0.0000', 'NDCG@10': '0.0000', 'HIT@20': '0.0002', 'NDCG@20': '0.0001'}
{'Epoch': 40, 'name': 'all', 'HIT@5': '0.0155', 'NDCG@5': '0.0094', 'HIT@10': '0.0272', 'NDCG@10': '0.0132', 'HIT@20': '0.0460', 'NDCG@20': '0.0179'}
Validation score increased.  Saving model ...
rec dataset length: 140
100%|████████████████████████████████████████████████████████████████████████████████████████████████████████████████████████████████████████████| 140/140 [00:16<00:00,  8.26it/s]
{'epoch': 41, 'rec_avg_loss': '0.9740', 'joint_avg_loss': '1.7778', 'cl_avg_loss': '2.0387', 'itemcl_loss': '6.0001', 'cl_pair_0_loss': '2.0387'}
Recommendation EP_test:41: 100%|| 140/140 [00:09<00:00, 14.37it/s]
{'Epoch': 41, 'name': 'high_freq', 'HIT@5': '0.0218', 'NDCG@5': '0.0136', 'HIT@10': '0.0403', 'NDCG@10': '0.0195', 'HIT@20': '0.0685', 'NDCG@20': '0.0266'}
{'Epoch': 41, 'name': 'mid_freq', 'HIT@5': '0.0009', 'NDCG@5': '0.0006', 'HIT@10': '0.0011', 'NDCG@10': '0.0007', 'HIT@20': '0.0013', 'NDCG@20': '0.0007'}
{'Epoch': 41, 'name': 'low_freq', 'HIT@5': '0.0000', 'NDCG@5': '0.0000', 'HIT@10': '0.0002', 'NDCG@10': '0.0001', 'HIT@20': '0.0007', 'NDCG@20': '0.0002'}
{'Epoch': 41, 'name': 'all', 'HIT@5': '0.0150', 'NDCG@5': '0.0094', 'HIT@10': '0.0277', 'NDCG@10': '0.0134', 'HIT@20': '0.0469', 'NDCG@20': '0.0183'}
Validation score increased.  Saving model ...
rec dataset length: 140
100%|████████████████████████████████████████████████████████████████████████████████████████████████████████████████████████████████████████████| 140/140 [00:16<00:00,  8.42it/s]
{'epoch': 42, 'rec_avg_loss': '0.9670', 'joint_avg_loss': '1.7734', 'cl_avg_loss': '2.0661', 'itemcl_loss': '5.9976', 'cl_pair_0_loss': '2.0661'}
Recommendation EP_test:42: 100%|| 140/140 [00:09<00:00, 14.83it/s]
{'Epoch': 42, 'name': 'high_freq', 'HIT@5': '0.0225', 'NDCG@5': '0.0138', 'HIT@10': '0.0414', 'NDCG@10': '0.0199', 'HIT@20': '0.0685', 'NDCG@20': '0.0267'}
{'Epoch': 42, 'name': 'mid_freq', 'HIT@5': '0.0007', 'NDCG@5': '0.0007', 'HIT@10': '0.0011', 'NDCG@10': '0.0008', 'HIT@20': '0.0014', 'NDCG@20': '0.0009'}
{'Epoch': 42, 'name': 'low_freq', 'HIT@5': '0.0000', 'NDCG@5': '0.0000', 'HIT@10': '0.0002', 'NDCG@10': '0.0001', 'HIT@20': '0.0007', 'NDCG@20': '0.0002'}
{'Epoch': 42, 'name': 'all', 'HIT@5': '0.0154', 'NDCG@5': '0.0095', 'HIT@10': '0.0284', 'NDCG@10': '0.0137', 'HIT@20': '0.0470', 'NDCG@20': '0.0183'}
Validation score increased.  Saving model ...
rec dataset length: 140
100%|████████████████████████████████████████████████████████████████████████████████████████████████████████████████████████████████████████████| 140/140 [00:16<00:00,  8.29it/s]
{'epoch': 43, 'rec_avg_loss': '0.9588', 'joint_avg_loss': '1.7647', 'cl_avg_loss': '2.0624', 'itemcl_loss': '5.9964', 'cl_pair_0_loss': '2.0624'}
Recommendation EP_test:43: 100%|| 140/140 [00:09<00:00, 15.46it/s]
{'Epoch': 43, 'name': 'high_freq', 'HIT@5': '0.0230', 'NDCG@5': '0.0141', 'HIT@10': '0.0408', 'NDCG@10': '0.0198', 'HIT@20': '0.0694', 'NDCG@20': '0.0270'}
{'Epoch': 43, 'name': 'mid_freq', 'HIT@5': '0.0009', 'NDCG@5': '0.0007', 'HIT@10': '0.0013', 'NDCG@10': '0.0008', 'HIT@20': '0.0014', 'NDCG@20': '0.0009'}
{'Epoch': 43, 'name': 'low_freq', 'HIT@5': '0.0000', 'NDCG@5': '0.0000', 'HIT@10': '0.0000', 'NDCG@10': '0.0000', 'HIT@20': '0.0007', 'NDCG@20': '0.0002'}
{'Epoch': 43, 'name': 'all', 'HIT@5': '0.0158', 'NDCG@5': '0.0097', 'HIT@10': '0.0280', 'NDCG@10': '0.0136', 'HIT@20': '0.0476', 'NDCG@20': '0.0186'}
Validation score increased.  Saving model ...
rec dataset length: 140
100%|████████████████████████████████████████████████████████████████████████████████████████████████████████████████████████████████████████████| 140/140 [00:16<00:00,  8.37it/s]
{'epoch': 44, 'rec_avg_loss': '0.9500', 'joint_avg_loss': '1.7538', 'cl_avg_loss': '2.0595', 'itemcl_loss': '5.9784', 'cl_pair_0_loss': '2.0595'}
Recommendation EP_test:44: 100%|| 140/140 [00:09<00:00, 14.74it/s]
{'Epoch': 44, 'name': 'high_freq', 'HIT@5': '0.0245', 'NDCG@5': '0.0150', 'HIT@10': '0.0437', 'NDCG@10': '0.0212', 'HIT@20': '0.0706', 'NDCG@20': '0.0279'}
{'Epoch': 44, 'name': 'mid_freq', 'HIT@5': '0.0011', 'NDCG@5': '0.0008', 'HIT@10': '0.0013', 'NDCG@10': '0.0008', 'HIT@20': '0.0017', 'NDCG@20': '0.0009'}
{'Epoch': 44, 'name': 'low_freq', 'HIT@5': '0.0002', 'NDCG@5': '0.0001', 'HIT@10': '0.0005', 'NDCG@10': '0.0002', 'HIT@20': '0.0007', 'NDCG@20': '0.0003'}
{'Epoch': 44, 'name': 'all', 'HIT@5': '0.0169', 'NDCG@5': '0.0104', 'HIT@10': '0.0301', 'NDCG@10': '0.0146', 'HIT@20': '0.0484', 'NDCG@20': '0.0192'}
Validation score increased.  Saving model ...
rec dataset length: 140
100%|████████████████████████████████████████████████████████████████████████████████████████████████████████████████████████████████████████████| 140/140 [00:16<00:00,  8.31it/s]
{'epoch': 45, 'rec_avg_loss': '0.9425', 'joint_avg_loss': '1.7425', 'cl_avg_loss': '2.0462', 'itemcl_loss': '5.9540', 'cl_pair_0_loss': '2.0462'}
Recommendation EP_test:45: 100%|| 140/140 [00:09<00:00, 15.02it/s]
{'Epoch': 45, 'name': 'high_freq', 'HIT@5': '0.0247', 'NDCG@5': '0.0154', 'HIT@10': '0.0457', 'NDCG@10': '0.0221', 'HIT@20': '0.0726', 'NDCG@20': '0.0289'}
{'Epoch': 45, 'name': 'mid_freq', 'HIT@5': '0.0010', 'NDCG@5': '0.0006', 'HIT@10': '0.0013', 'NDCG@10': '0.0006', 'HIT@20': '0.0020', 'NDCG@20': '0.0008'}
{'Epoch': 45, 'name': 'low_freq', 'HIT@5': '0.0005', 'NDCG@5': '0.0003', 'HIT@10': '0.0005', 'NDCG@10': '0.0003', 'HIT@20': '0.0007', 'NDCG@20': '0.0003'}
{'Epoch': 45, 'name': 'all', 'HIT@5': '0.0171', 'NDCG@5': '0.0106', 'HIT@10': '0.0314', 'NDCG@10': '0.0152', 'HIT@20': '0.0498', 'NDCG@20': '0.0199'}
Validation score increased.  Saving model ...
rec dataset length: 140
100%|████████████████████████████████████████████████████████████████████████████████████████████████████████████████████████████████████████████| 140/140 [00:16<00:00,  8.32it/s]
{'epoch': 46, 'rec_avg_loss': '0.9378', 'joint_avg_loss': '1.7401', 'cl_avg_loss': '2.0636', 'itemcl_loss': '5.9588', 'cl_pair_0_loss': '2.0636'}
Recommendation EP_test:46: 100%|| 140/140 [00:09<00:00, 15.38it/s]
{'Epoch': 46, 'name': 'high_freq', 'HIT@5': '0.0263', 'NDCG@5': '0.0163', 'HIT@10': '0.0456', 'NDCG@10': '0.0225', 'HIT@20': '0.0732', 'NDCG@20': '0.0294'}
{'Epoch': 46, 'name': 'mid_freq', 'HIT@5': '0.0009', 'NDCG@5': '0.0005', 'HIT@10': '0.0013', 'NDCG@10': '0.0007', 'HIT@20': '0.0019', 'NDCG@20': '0.0008'}
{'Epoch': 46, 'name': 'low_freq', 'HIT@5': '0.0005', 'NDCG@5': '0.0002', 'HIT@10': '0.0005', 'NDCG@10': '0.0002', 'HIT@20': '0.0007', 'NDCG@20': '0.0003'}
{'Epoch': 46, 'name': 'all', 'HIT@5': '0.0181', 'NDCG@5': '0.0112', 'HIT@10': '0.0313', 'NDCG@10': '0.0154', 'HIT@20': '0.0502', 'NDCG@20': '0.0202'}
Validation score increased.  Saving model ...
rec dataset length: 140
100%|████████████████████████████████████████████████████████████████████████████████████████████████████████████████████████████████████████████| 140/140 [00:16<00:00,  8.28it/s]
{'epoch': 47, 'rec_avg_loss': '0.9295', 'joint_avg_loss': '1.7302', 'cl_avg_loss': '2.0645', 'itemcl_loss': '5.9425', 'cl_pair_0_loss': '2.0645'}
Recommendation EP_test:47: 100%|| 140/140 [00:08<00:00, 15.58it/s]
{'Epoch': 47, 'name': 'high_freq', 'HIT@5': '0.0258', 'NDCG@5': '0.0161', 'HIT@10': '0.0443', 'NDCG@10': '0.0220', 'HIT@20': '0.0738', 'NDCG@20': '0.0294'}
{'Epoch': 47, 'name': 'mid_freq', 'HIT@5': '0.0011', 'NDCG@5': '0.0009', 'HIT@10': '0.0013', 'NDCG@10': '0.0009', 'HIT@20': '0.0019', 'NDCG@20': '0.0010'}
{'Epoch': 47, 'name': 'low_freq', 'HIT@5': '0.0005', 'NDCG@5': '0.0003', 'HIT@10': '0.0005', 'NDCG@10': '0.0003', 'HIT@20': '0.0007', 'NDCG@20': '0.0003'}
{'Epoch': 47, 'name': 'all', 'HIT@5': '0.0179', 'NDCG@5': '0.0112', 'HIT@10': '0.0305', 'NDCG@10': '0.0152', 'HIT@20': '0.0507', 'NDCG@20': '0.0203'}
Validation score increased.  Saving model ...
rec dataset length: 140
100%|████████████████████████████████████████████████████████████████████████████████████████████████████████████████████████████████████████████| 140/140 [00:16<00:00,  8.26it/s]
{'epoch': 48, 'rec_avg_loss': '0.9220', 'joint_avg_loss': '1.7215', 'cl_avg_loss': '2.0557', 'itemcl_loss': '5.9393', 'cl_pair_0_loss': '2.0557'}
Recommendation EP_test:48: 100%|| 140/140 [00:09<00:00, 14.79it/s]
{'Epoch': 48, 'name': 'high_freq', 'HIT@5': '0.0268', 'NDCG@5': '0.0168', 'HIT@10': '0.0476', 'NDCG@10': '0.0234', 'HIT@20': '0.0766', 'NDCG@20': '0.0307'}
{'Epoch': 48, 'name': 'mid_freq', 'HIT@5': '0.0010', 'NDCG@5': '0.0008', 'HIT@10': '0.0013', 'NDCG@10': '0.0009', 'HIT@20': '0.0019', 'NDCG@20': '0.0010'}
{'Epoch': 48, 'name': 'low_freq', 'HIT@5': '0.0005', 'NDCG@5': '0.0003', 'HIT@10': '0.0007', 'NDCG@10': '0.0003', 'HIT@20': '0.0007', 'NDCG@20': '0.0003'}
{'Epoch': 48, 'name': 'all', 'HIT@5': '0.0185', 'NDCG@5': '0.0116', 'HIT@10': '0.0327', 'NDCG@10': '0.0161', 'HIT@20': '0.0526', 'NDCG@20': '0.0211'}
Validation score increased.  Saving model ...
rec dataset length: 140
100%|████████████████████████████████████████████████████████████████████████████████████████████████████████████████████████████████████████████| 140/140 [00:16<00:00,  8.41it/s]
{'epoch': 49, 'rec_avg_loss': '0.9125', 'joint_avg_loss': '1.7105', 'cl_avg_loss': '2.0639', 'itemcl_loss': '5.9158', 'cl_pair_0_loss': '2.0639'}
Recommendation EP_test:49: 100%|| 140/140 [00:09<00:00, 15.23it/s]
{'Epoch': 49, 'name': 'high_freq', 'HIT@5': '0.0278', 'NDCG@5': '0.0174', 'HIT@10': '0.0484', 'NDCG@10': '0.0240', 'HIT@20': '0.0773', 'NDCG@20': '0.0313'}
{'Epoch': 49, 'name': 'mid_freq', 'HIT@5': '0.0009', 'NDCG@5': '0.0007', 'HIT@10': '0.0014', 'NDCG@10': '0.0009', 'HIT@20': '0.0023', 'NDCG@20': '0.0011'}
{'Epoch': 49, 'name': 'low_freq', 'HIT@5': '0.0002', 'NDCG@5': '0.0001', 'HIT@10': '0.0005', 'NDCG@10': '0.0002', 'HIT@20': '0.0007', 'NDCG@20': '0.0002'}
{'Epoch': 49, 'name': 'all', 'HIT@5': '0.0191', 'NDCG@5': '0.0120', 'HIT@10': '0.0333', 'NDCG@10': '0.0165', 'HIT@20': '0.0531', 'NDCG@20': '0.0215'}
Validation score increased.  Saving model ...
rec dataset length: 140
100%|████████████████████████████████████████████████████████████████████████████████████████████████████████████████████████████████████████████| 140/140 [00:16<00:00,  8.32it/s]
{'epoch': 50, 'rec_avg_loss': '0.9065', 'joint_avg_loss': '1.7027', 'cl_avg_loss': '2.0475', 'itemcl_loss': '5.9148', 'cl_pair_0_loss': '2.0475'}
Recommendation EP_test:50: 100%|| 140/140 [00:09<00:00, 14.61it/s]
{'Epoch': 50, 'name': 'high_freq', 'HIT@5': '0.0289', 'NDCG@5': '0.0179', 'HIT@10': '0.0500', 'NDCG@10': '0.0246', 'HIT@20': '0.0784', 'NDCG@20': '0.0317'}
{'Epoch': 50, 'name': 'mid_freq', 'HIT@5': '0.0011', 'NDCG@5': '0.0009', 'HIT@10': '0.0014', 'NDCG@10': '0.0010', 'HIT@20': '0.0030', 'NDCG@20': '0.0014'}
{'Epoch': 50, 'name': 'low_freq', 'HIT@5': '0.0002', 'NDCG@5': '0.0001', 'HIT@10': '0.0005', 'NDCG@10': '0.0002', 'HIT@20': '0.0009', 'NDCG@20': '0.0003'}
{'Epoch': 50, 'name': 'all', 'HIT@5': '0.0199', 'NDCG@5': '0.0124', 'HIT@10': '0.0344', 'NDCG@10': '0.0170', 'HIT@20': '0.0540', 'NDCG@20': '0.0219'}
Validation score increased.  Saving model ...
rec dataset length: 140
100%|████████████████████████████████████████████████████████████████████████████████████████████████████████████████████████████████████████████| 140/140 [00:17<00:00,  8.20it/s]
{'epoch': 51, 'rec_avg_loss': '0.8979', 'joint_avg_loss': '1.6927', 'cl_avg_loss': '2.0603', 'itemcl_loss': '5.8883', 'cl_pair_0_loss': '2.0603'}
Recommendation EP_test:51: 100%|| 140/140 [00:09<00:00, 14.44it/s]
{'Epoch': 51, 'name': 'high_freq', 'HIT@5': '0.0304', 'NDCG@5': '0.0192', 'HIT@10': '0.0519', 'NDCG@10': '0.0261', 'HIT@20': '0.0812', 'NDCG@20': '0.0335'}
{'Epoch': 51, 'name': 'mid_freq', 'HIT@5': '0.0013', 'NDCG@5': '0.0010', 'HIT@10': '0.0017', 'NDCG@10': '0.0012', 'HIT@20': '0.0029', 'NDCG@20': '0.0015'}
{'Epoch': 51, 'name': 'low_freq', 'HIT@5': '0.0002', 'NDCG@5': '0.0001', 'HIT@10': '0.0005', 'NDCG@10': '0.0002', 'HIT@20': '0.0009', 'NDCG@20': '0.0003'}
{'Epoch': 51, 'name': 'all', 'HIT@5': '0.0210', 'NDCG@5': '0.0133', 'HIT@10': '0.0357', 'NDCG@10': '0.0180', 'HIT@20': '0.0559', 'NDCG@20': '0.0231'}
Validation score increased.  Saving model ...
rec dataset length: 140
100%|████████████████████████████████████████████████████████████████████████████████████████████████████████████████████████████████████████████| 140/140 [00:17<00:00,  8.19it/s]
{'epoch': 52, 'rec_avg_loss': '0.8913', 'joint_avg_loss': '1.6881', 'cl_avg_loss': '2.0811', 'itemcl_loss': '5.8878', 'cl_pair_0_loss': '2.0811'}
Recommendation EP_test:52: 100%|| 140/140 [00:09<00:00, 14.73it/s]
{'Epoch': 52, 'name': 'high_freq', 'HIT@5': '0.0303', 'NDCG@5': '0.0191', 'HIT@10': '0.0515', 'NDCG@10': '0.0260', 'HIT@20': '0.0801', 'NDCG@20': '0.0332'}
{'Epoch': 52, 'name': 'mid_freq', 'HIT@5': '0.0014', 'NDCG@5': '0.0010', 'HIT@10': '0.0016', 'NDCG@10': '0.0010', 'HIT@20': '0.0032', 'NDCG@20': '0.0014'}
{'Epoch': 52, 'name': 'low_freq', 'HIT@5': '0.0005', 'NDCG@5': '0.0003', 'HIT@10': '0.0005', 'NDCG@10': '0.0003', 'HIT@20': '0.0009', 'NDCG@20': '0.0004'}
{'Epoch': 52, 'name': 'all', 'HIT@5': '0.0210', 'NDCG@5': '0.0132', 'HIT@10': '0.0354', 'NDCG@10': '0.0179', 'HIT@20': '0.0552', 'NDCG@20': '0.0229'}
EarlyStopping counter: 1 out of 40
rec dataset length: 140
100%|████████████████████████████████████████████████████████████████████████████████████████████████████████████████████████████████████████████| 140/140 [00:16<00:00,  8.24it/s]
{'epoch': 53, 'rec_avg_loss': '0.8862', 'joint_avg_loss': '1.6796', 'cl_avg_loss': '2.0660', 'itemcl_loss': '5.8682', 'cl_pair_0_loss': '2.0660'}
Recommendation EP_test:53: 100%|| 140/140 [00:09<00:00, 14.64it/s]
{'Epoch': 53, 'name': 'high_freq', 'HIT@5': '0.0311', 'NDCG@5': '0.0197', 'HIT@10': '0.0531', 'NDCG@10': '0.0268', 'HIT@20': '0.0826', 'NDCG@20': '0.0342'}
{'Epoch': 53, 'name': 'mid_freq', 'HIT@5': '0.0011', 'NDCG@5': '0.0008', 'HIT@10': '0.0017', 'NDCG@10': '0.0009', 'HIT@20': '0.0032', 'NDCG@20': '0.0013'}
{'Epoch': 53, 'name': 'low_freq', 'HIT@5': '0.0007', 'NDCG@5': '0.0004', 'HIT@10': '0.0007', 'NDCG@10': '0.0004', 'HIT@20': '0.0009', 'NDCG@20': '0.0004'}
{'Epoch': 53, 'name': 'all', 'HIT@5': '0.0214', 'NDCG@5': '0.0136', 'HIT@10': '0.0366', 'NDCG@10': '0.0185', 'HIT@20': '0.0569', 'NDCG@20': '0.0236'}
Validation score increased.  Saving model ...
rec dataset length: 140
100%|████████████████████████████████████████████████████████████████████████████████████████████████████████████████████████████████████████████| 140/140 [00:16<00:00,  8.32it/s]
{'epoch': 54, 'rec_avg_loss': '0.8787', 'joint_avg_loss': '1.6735', 'cl_avg_loss': '2.0895', 'itemcl_loss': '5.8580', 'cl_pair_0_loss': '2.0895'}
Recommendation EP_test:54: 100%|| 140/140 [00:09<00:00, 15.36it/s]
{'Epoch': 54, 'name': 'high_freq', 'HIT@5': '0.0309', 'NDCG@5': '0.0194', 'HIT@10': '0.0520', 'NDCG@10': '0.0262', 'HIT@20': '0.0829', 'NDCG@20': '0.0340'}
{'Epoch': 54, 'name': 'mid_freq', 'HIT@5': '0.0010', 'NDCG@5': '0.0008', 'HIT@10': '0.0016', 'NDCG@10': '0.0010', 'HIT@20': '0.0029', 'NDCG@20': '0.0013'}
{'Epoch': 54, 'name': 'low_freq', 'HIT@5': '0.0007', 'NDCG@5': '0.0004', 'HIT@10': '0.0007', 'NDCG@10': '0.0004', 'HIT@20': '0.0009', 'NDCG@20': '0.0004'}
{'Epoch': 54, 'name': 'all', 'HIT@5': '0.0213', 'NDCG@5': '0.0134', 'HIT@10': '0.0358', 'NDCG@10': '0.0181', 'HIT@20': '0.0571', 'NDCG@20': '0.0234'}
EarlyStopping counter: 1 out of 40
rec dataset length: 140
100%|████████████████████████████████████████████████████████████████████████████████████████████████████████████████████████████████████████████| 140/140 [00:16<00:00,  8.30it/s]
{'epoch': 55, 'rec_avg_loss': '0.8715', 'joint_avg_loss': '1.6627', 'cl_avg_loss': '2.0819', 'itemcl_loss': '5.8305', 'cl_pair_0_loss': '2.0819'}
Recommendation EP_test:55: 100%|| 140/140 [00:09<00:00, 14.76it/s]
{'Epoch': 55, 'name': 'high_freq', 'HIT@5': '0.0316', 'NDCG@5': '0.0195', 'HIT@10': '0.0528', 'NDCG@10': '0.0264', 'HIT@20': '0.0830', 'NDCG@20': '0.0340'}
{'Epoch': 55, 'name': 'mid_freq', 'HIT@5': '0.0014', 'NDCG@5': '0.0008', 'HIT@10': '0.0019', 'NDCG@10': '0.0009', 'HIT@20': '0.0026', 'NDCG@20': '0.0011'}
{'Epoch': 55, 'name': 'low_freq', 'HIT@5': '0.0007', 'NDCG@5': '0.0004', 'HIT@10': '0.0007', 'NDCG@10': '0.0004', 'HIT@20': '0.0009', 'NDCG@20': '0.0005'}
{'Epoch': 55, 'name': 'all', 'HIT@5': '0.0219', 'NDCG@5': '0.0135', 'HIT@10': '0.0364', 'NDCG@10': '0.0182', 'HIT@20': '0.0571', 'NDCG@20': '0.0234'}
EarlyStopping counter: 2 out of 40
rec dataset length: 140
100%|████████████████████████████████████████████████████████████████████████████████████████████████████████████████████████████████████████████| 140/140 [00:16<00:00,  8.25it/s]
{'epoch': 56, 'rec_avg_loss': '0.8646', 'joint_avg_loss': '1.6568', 'cl_avg_loss': '2.0966', 'itemcl_loss': '5.8260', 'cl_pair_0_loss': '2.0966'}
Recommendation EP_test:56: 100%|| 140/140 [00:09<00:00, 15.33it/s]
{'Epoch': 56, 'name': 'high_freq', 'HIT@5': '0.0322', 'NDCG@5': '0.0202', 'HIT@10': '0.0543', 'NDCG@10': '0.0274', 'HIT@20': '0.0855', 'NDCG@20': '0.0352'}
{'Epoch': 56, 'name': 'mid_freq', 'HIT@5': '0.0013', 'NDCG@5': '0.0007', 'HIT@10': '0.0019', 'NDCG@10': '0.0009', 'HIT@20': '0.0029', 'NDCG@20': '0.0012'}
{'Epoch': 56, 'name': 'low_freq', 'HIT@5': '0.0007', 'NDCG@5': '0.0005', 'HIT@10': '0.0007', 'NDCG@10': '0.0005', 'HIT@20': '0.0009', 'NDCG@20': '0.0005'}
{'Epoch': 56, 'name': 'all', 'HIT@5': '0.0222', 'NDCG@5': '0.0140', 'HIT@10': '0.0374', 'NDCG@10': '0.0189', 'HIT@20': '0.0588', 'NDCG@20': '0.0243'}
Validation score increased.  Saving model ...
rec dataset length: 140
100%|████████████████████████████████████████████████████████████████████████████████████████████████████████████████████████████████████████████| 140/140 [00:16<00:00,  8.26it/s]
{'epoch': 57, 'rec_avg_loss': '0.8543', 'joint_avg_loss': '1.6431', 'cl_avg_loss': '2.0980', 'itemcl_loss': '5.7895', 'cl_pair_0_loss': '2.0980'}
Recommendation EP_test:57: 100%|| 140/140 [00:09<00:00, 14.71it/s]
{'Epoch': 57, 'name': 'high_freq', 'HIT@5': '0.0308', 'NDCG@5': '0.0195', 'HIT@10': '0.0530', 'NDCG@10': '0.0267', 'HIT@20': '0.0843', 'NDCG@20': '0.0345'}
{'Epoch': 57, 'name': 'mid_freq', 'HIT@5': '0.0011', 'NDCG@5': '0.0007', 'HIT@10': '0.0016', 'NDCG@10': '0.0009', 'HIT@20': '0.0032', 'NDCG@20': '0.0013'}
{'Epoch': 57, 'name': 'low_freq', 'HIT@5': '0.0005', 'NDCG@5': '0.0003', 'HIT@10': '0.0007', 'NDCG@10': '0.0003', 'HIT@20': '0.0009', 'NDCG@20': '0.0004'}
{'Epoch': 57, 'name': 'all', 'HIT@5': '0.0213', 'NDCG@5': '0.0134', 'HIT@10': '0.0365', 'NDCG@10': '0.0184', 'HIT@20': '0.0581', 'NDCG@20': '0.0238'}
EarlyStopping counter: 1 out of 40
rec dataset length: 140
100%|████████████████████████████████████████████████████████████████████████████████████████████████████████████████████████████████████████████| 140/140 [00:16<00:00,  8.42it/s]
{'epoch': 58, 'rec_avg_loss': '0.8492', 'joint_avg_loss': '1.6351', 'cl_avg_loss': '2.0793', 'itemcl_loss': '5.7802', 'cl_pair_0_loss': '2.0793'}
Recommendation EP_test:58: 100%|| 140/140 [00:09<00:00, 14.53it/s]
{'Epoch': 58, 'name': 'high_freq', 'HIT@5': '0.0341', 'NDCG@5': '0.0214', 'HIT@10': '0.0553', 'NDCG@10': '0.0282', 'HIT@20': '0.0855', 'NDCG@20': '0.0358'}
{'Epoch': 58, 'name': 'mid_freq', 'HIT@5': '0.0010', 'NDCG@5': '0.0007', 'HIT@10': '0.0016', 'NDCG@10': '0.0009', 'HIT@20': '0.0037', 'NDCG@20': '0.0014'}
{'Epoch': 58, 'name': 'low_freq', 'HIT@5': '0.0007', 'NDCG@5': '0.0004', 'HIT@10': '0.0009', 'NDCG@10': '0.0004', 'HIT@20': '0.0009', 'NDCG@20': '0.0004'}
{'Epoch': 58, 'name': 'all', 'HIT@5': '0.0235', 'NDCG@5': '0.0148', 'HIT@10': '0.0380', 'NDCG@10': '0.0194', 'HIT@20': '0.0590', 'NDCG@20': '0.0247'}
Validation score increased.  Saving model ...
rec dataset length: 140
100%|████████████████████████████████████████████████████████████████████████████████████████████████████████████████████████████████████████████| 140/140 [00:16<00:00,  8.40it/s]
{'epoch': 59, 'rec_avg_loss': '0.8437', 'joint_avg_loss': '1.6281', 'cl_avg_loss': '2.0798', 'itemcl_loss': '5.7636', 'cl_pair_0_loss': '2.0798'}
Recommendation EP_test:59: 100%|| 140/140 [00:09<00:00, 14.35it/s]
{'Epoch': 59, 'name': 'high_freq', 'HIT@5': '0.0359', 'NDCG@5': '0.0224', 'HIT@10': '0.0569', 'NDCG@10': '0.0292', 'HIT@20': '0.0896', 'NDCG@20': '0.0374'}
{'Epoch': 59, 'name': 'mid_freq', 'HIT@5': '0.0010', 'NDCG@5': '0.0006', 'HIT@10': '0.0022', 'NDCG@10': '0.0010', 'HIT@20': '0.0037', 'NDCG@20': '0.0014'}
{'Epoch': 59, 'name': 'low_freq', 'HIT@5': '0.0007', 'NDCG@5': '0.0005', 'HIT@10': '0.0009', 'NDCG@10': '0.0006', 'HIT@20': '0.0009', 'NDCG@20': '0.0006'}
{'Epoch': 59, 'name': 'all', 'HIT@5': '0.0247', 'NDCG@5': '0.0154', 'HIT@10': '0.0393', 'NDCG@10': '0.0201', 'HIT@20': '0.0618', 'NDCG@20': '0.0258'}
Validation score increased.  Saving model ...
rec dataset length: 140
100%|████████████████████████████████████████████████████████████████████████████████████████████████████████████████████████████████████████████| 140/140 [00:16<00:00,  8.44it/s]
{'epoch': 60, 'rec_avg_loss': '0.8361', 'joint_avg_loss': '1.6198', 'cl_avg_loss': '2.0771', 'itemcl_loss': '5.7599', 'cl_pair_0_loss': '2.0771'}
Recommendation EP_test:60: 100%|| 140/140 [00:09<00:00, 14.51it/s]
{'Epoch': 60, 'name': 'high_freq', 'HIT@5': '0.0365', 'NDCG@5': '0.0234', 'HIT@10': '0.0587', 'NDCG@10': '0.0306', 'HIT@20': '0.0907', 'NDCG@20': '0.0386'}
{'Epoch': 60, 'name': 'mid_freq', 'HIT@5': '0.0013', 'NDCG@5': '0.0009', 'HIT@10': '0.0024', 'NDCG@10': '0.0012', 'HIT@20': '0.0040', 'NDCG@20': '0.0016'}
{'Epoch': 60, 'name': 'low_freq', 'HIT@5': '0.0007', 'NDCG@5': '0.0004', 'HIT@10': '0.0009', 'NDCG@10': '0.0005', 'HIT@20': '0.0011', 'NDCG@20': '0.0005'}
{'Epoch': 60, 'name': 'all', 'HIT@5': '0.0252', 'NDCG@5': '0.0161', 'HIT@10': '0.0405', 'NDCG@10': '0.0211', 'HIT@20': '0.0626', 'NDCG@20': '0.0266'}
Validation score increased.  Saving model ...
rec dataset length: 140
100%|████████████████████████████████████████████████████████████████████████████████████████████████████████████████████████████████████████████| 140/140 [00:16<00:00,  8.24it/s]
{'epoch': 61, 'rec_avg_loss': '0.8290', 'joint_avg_loss': '1.6100', 'cl_avg_loss': '2.0739', 'itemcl_loss': '5.7355', 'cl_pair_0_loss': '2.0739'}
Recommendation EP_test:61: 100%|| 140/140 [00:09<00:00, 14.98it/s]
{'Epoch': 61, 'name': 'high_freq', 'HIT@5': '0.0362', 'NDCG@5': '0.0232', 'HIT@10': '0.0590', 'NDCG@10': '0.0306', 'HIT@20': '0.0903', 'NDCG@20': '0.0384'}
{'Epoch': 61, 'name': 'mid_freq', 'HIT@5': '0.0013', 'NDCG@5': '0.0008', 'HIT@10': '0.0020', 'NDCG@10': '0.0010', 'HIT@20': '0.0037', 'NDCG@20': '0.0015'}
{'Epoch': 61, 'name': 'low_freq', 'HIT@5': '0.0005', 'NDCG@5': '0.0005', 'HIT@10': '0.0009', 'NDCG@10': '0.0006', 'HIT@20': '0.0011', 'NDCG@20': '0.0006'}
{'Epoch': 61, 'name': 'all', 'HIT@5': '0.0249', 'NDCG@5': '0.0160', 'HIT@10': '0.0406', 'NDCG@10': '0.0211', 'HIT@20': '0.0623', 'NDCG@20': '0.0265'}
EarlyStopping counter: 1 out of 40
rec dataset length: 140
100%|████████████████████████████████████████████████████████████████████████████████████████████████████████████████████████████████████████████| 140/140 [00:17<00:00,  8.16it/s]
{'epoch': 62, 'rec_avg_loss': '0.8218', 'joint_avg_loss': '1.6019', 'cl_avg_loss': '2.0752', 'itemcl_loss': '5.7258', 'cl_pair_0_loss': '2.0752'}
Recommendation EP_test:62: 100%|| 140/140 [00:09<00:00, 15.02it/s]
{'Epoch': 62, 'name': 'high_freq', 'HIT@5': '0.0352', 'NDCG@5': '0.0226', 'HIT@10': '0.0581', 'NDCG@10': '0.0299', 'HIT@20': '0.0900', 'NDCG@20': '0.0379'}
{'Epoch': 62, 'name': 'mid_freq', 'HIT@5': '0.0014', 'NDCG@5': '0.0008', 'HIT@10': '0.0022', 'NDCG@10': '0.0010', 'HIT@20': '0.0032', 'NDCG@20': '0.0013'}
{'Epoch': 62, 'name': 'low_freq', 'HIT@5': '0.0005', 'NDCG@5': '0.0003', 'HIT@10': '0.0007', 'NDCG@10': '0.0004', 'HIT@20': '0.0011', 'NDCG@20': '0.0005'}
{'Epoch': 62, 'name': 'all', 'HIT@5': '0.0243', 'NDCG@5': '0.0155', 'HIT@10': '0.0400', 'NDCG@10': '0.0206', 'HIT@20': '0.0620', 'NDCG@20': '0.0261'}
EarlyStopping counter: 2 out of 40
rec dataset length: 140
100%|████████████████████████████████████████████████████████████████████████████████████████████████████████████████████████████████████████████| 140/140 [00:16<00:00,  8.24it/s]
{'epoch': 63, 'rec_avg_loss': '0.8161', 'joint_avg_loss': '1.5951', 'cl_avg_loss': '2.0894', 'itemcl_loss': '5.7009', 'cl_pair_0_loss': '2.0894'}
Recommendation EP_test:63: 100%|| 140/140 [00:09<00:00, 14.84it/s]
{'Epoch': 63, 'name': 'high_freq', 'HIT@5': '0.0354', 'NDCG@5': '0.0221', 'HIT@10': '0.0596', 'NDCG@10': '0.0299', 'HIT@20': '0.0919', 'NDCG@20': '0.0380'}
{'Epoch': 63, 'name': 'mid_freq', 'HIT@5': '0.0017', 'NDCG@5': '0.0010', 'HIT@10': '0.0026', 'NDCG@10': '0.0013', 'HIT@20': '0.0034', 'NDCG@20': '0.0015'}
{'Epoch': 63, 'name': 'low_freq', 'HIT@5': '0.0005', 'NDCG@5': '0.0003', 'HIT@10': '0.0007', 'NDCG@10': '0.0004', 'HIT@20': '0.0014', 'NDCG@20': '0.0006'}
{'Epoch': 63, 'name': 'all', 'HIT@5': '0.0245', 'NDCG@5': '0.0153', 'HIT@10': '0.0411', 'NDCG@10': '0.0206', 'HIT@20': '0.0633', 'NDCG@20': '0.0262'}
EarlyStopping counter: 3 out of 40
rec dataset length: 140
100%|████████████████████████████████████████████████████████████████████████████████████████████████████████████████████████████████████████████| 140/140 [00:16<00:00,  8.31it/s]
{'epoch': 64, 'rec_avg_loss': '0.8091', 'joint_avg_loss': '1.5855', 'cl_avg_loss': '2.0950', 'itemcl_loss': '5.6686', 'cl_pair_0_loss': '2.0950'}
Recommendation EP_test:64: 100%|| 140/140 [00:09<00:00, 14.22it/s]
{'Epoch': 64, 'name': 'high_freq', 'HIT@5': '0.0358', 'NDCG@5': '0.0228', 'HIT@10': '0.0599', 'NDCG@10': '0.0305', 'HIT@20': '0.0918', 'NDCG@20': '0.0386'}
{'Epoch': 64, 'name': 'mid_freq', 'HIT@5': '0.0017', 'NDCG@5': '0.0011', 'HIT@10': '0.0027', 'NDCG@10': '0.0014', 'HIT@20': '0.0037', 'NDCG@20': '0.0017'}
{'Epoch': 64, 'name': 'low_freq', 'HIT@5': '0.0005', 'NDCG@5': '0.0002', 'HIT@10': '0.0007', 'NDCG@10': '0.0003', 'HIT@20': '0.0018', 'NDCG@20': '0.0005'}
{'Epoch': 64, 'name': 'all', 'HIT@5': '0.0248', 'NDCG@5': '0.0157', 'HIT@10': '0.0414', 'NDCG@10': '0.0211', 'HIT@20': '0.0634', 'NDCG@20': '0.0266'}
Validation score increased.  Saving model ...
rec dataset length: 140
100%|████████████████████████████████████████████████████████████████████████████████████████████████████████████████████████████████████████████| 140/140 [00:16<00:00,  8.29it/s]
{'epoch': 65, 'rec_avg_loss': '0.8034', 'joint_avg_loss': '1.5786', 'cl_avg_loss': '2.0785', 'itemcl_loss': '5.6733', 'cl_pair_0_loss': '2.0785'}
Recommendation EP_test:65: 100%|| 140/140 [00:09<00:00, 15.26it/s]
{'Epoch': 65, 'name': 'high_freq', 'HIT@5': '0.0367', 'NDCG@5': '0.0233', 'HIT@10': '0.0604', 'NDCG@10': '0.0310', 'HIT@20': '0.0937', 'NDCG@20': '0.0393'}
{'Epoch': 65, 'name': 'mid_freq', 'HIT@5': '0.0019', 'NDCG@5': '0.0012', 'HIT@10': '0.0029', 'NDCG@10': '0.0015', 'HIT@20': '0.0043', 'NDCG@20': '0.0018'}
{'Epoch': 65, 'name': 'low_freq', 'HIT@5': '0.0005', 'NDCG@5': '0.0004', 'HIT@10': '0.0009', 'NDCG@10': '0.0005', 'HIT@20': '0.0016', 'NDCG@20': '0.0007'}
{'Epoch': 65, 'name': 'all', 'HIT@5': '0.0254', 'NDCG@5': '0.0161', 'HIT@10': '0.0417', 'NDCG@10': '0.0214', 'HIT@20': '0.0648', 'NDCG@20': '0.0272'}
Validation score increased.  Saving model ...
rec dataset length: 140
100%|████████████████████████████████████████████████████████████████████████████████████████████████████████████████████████████████████████████| 140/140 [00:17<00:00,  8.22it/s]
{'epoch': 66, 'rec_avg_loss': '0.7948', 'joint_avg_loss': '1.5666', 'cl_avg_loss': '2.0754', 'itemcl_loss': '5.6425', 'cl_pair_0_loss': '2.0754'}
Recommendation EP_test:66: 100%|| 140/140 [00:08<00:00, 15.83it/s]
{'Epoch': 66, 'name': 'high_freq', 'HIT@5': '0.0367', 'NDCG@5': '0.0229', 'HIT@10': '0.0590', 'NDCG@10': '0.0301', 'HIT@20': '0.0926', 'NDCG@20': '0.0386'}
{'Epoch': 66, 'name': 'mid_freq', 'HIT@5': '0.0016', 'NDCG@5': '0.0009', 'HIT@10': '0.0026', 'NDCG@10': '0.0012', 'HIT@20': '0.0040', 'NDCG@20': '0.0016'}
{'Epoch': 66, 'name': 'low_freq', 'HIT@5': '0.0005', 'NDCG@5': '0.0003', 'HIT@10': '0.0005', 'NDCG@10': '0.0003', 'HIT@20': '0.0016', 'NDCG@20': '0.0006'}
{'Epoch': 66, 'name': 'all', 'HIT@5': '0.0253', 'NDCG@5': '0.0158', 'HIT@10': '0.0407', 'NDCG@10': '0.0208', 'HIT@20': '0.0640', 'NDCG@20': '0.0266'}
EarlyStopping counter: 1 out of 40
rec dataset length: 140
100%|████████████████████████████████████████████████████████████████████████████████████████████████████████████████████████████████████████████| 140/140 [00:16<00:00,  8.34it/s]
{'epoch': 67, 'rec_avg_loss': '0.7900', 'joint_avg_loss': '1.5573', 'cl_avg_loss': '2.0516', 'itemcl_loss': '5.6212', 'cl_pair_0_loss': '2.0516'}
Recommendation EP_test:67: 100%|| 140/140 [00:08<00:00, 16.11it/s]
{'Epoch': 67, 'name': 'high_freq', 'HIT@5': '0.0381', 'NDCG@5': '0.0247', 'HIT@10': '0.0611', 'NDCG@10': '0.0321', 'HIT@20': '0.0943', 'NDCG@20': '0.0404'}
{'Epoch': 67, 'name': 'mid_freq', 'HIT@5': '0.0017', 'NDCG@5': '0.0009', 'HIT@10': '0.0026', 'NDCG@10': '0.0012', 'HIT@20': '0.0043', 'NDCG@20': '0.0016'}
{'Epoch': 67, 'name': 'low_freq', 'HIT@5': '0.0005', 'NDCG@5': '0.0005', 'HIT@10': '0.0005', 'NDCG@10': '0.0005', 'HIT@20': '0.0016', 'NDCG@20': '0.0007'}
{'Epoch': 67, 'name': 'all', 'HIT@5': '0.0263', 'NDCG@5': '0.0170', 'HIT@10': '0.0421', 'NDCG@10': '0.0221', 'HIT@20': '0.0652', 'NDCG@20': '0.0279'}
Validation score increased.  Saving model ...
rec dataset length: 140
100%|████████████████████████████████████████████████████████████████████████████████████████████████████████████████████████████████████████████| 140/140 [00:16<00:00,  8.32it/s]
{'epoch': 68, 'rec_avg_loss': '0.7842', 'joint_avg_loss': '1.5562', 'cl_avg_loss': '2.0989', 'itemcl_loss': '5.6212', 'cl_pair_0_loss': '2.0989'}
Recommendation EP_test:68: 100%|| 140/140 [00:09<00:00, 15.32it/s]
{'Epoch': 68, 'name': 'high_freq', 'HIT@5': '0.0392', 'NDCG@5': '0.0253', 'HIT@10': '0.0621', 'NDCG@10': '0.0327', 'HIT@20': '0.0958', 'NDCG@20': '0.0412'}
{'Epoch': 68, 'name': 'mid_freq', 'HIT@5': '0.0017', 'NDCG@5': '0.0008', 'HIT@10': '0.0027', 'NDCG@10': '0.0011', 'HIT@20': '0.0043', 'NDCG@20': '0.0015'}
{'Epoch': 68, 'name': 'low_freq', 'HIT@5': '0.0005', 'NDCG@5': '0.0005', 'HIT@10': '0.0005', 'NDCG@10': '0.0005', 'HIT@20': '0.0014', 'NDCG@20': '0.0007'}
{'Epoch': 68, 'name': 'all', 'HIT@5': '0.0271', 'NDCG@5': '0.0174', 'HIT@10': '0.0428', 'NDCG@10': '0.0225', 'HIT@20': '0.0662', 'NDCG@20': '0.0284'}
Validation score increased.  Saving model ...
rec dataset length: 140
100%|████████████████████████████████████████████████████████████████████████████████████████████████████████████████████████████████████████████| 140/140 [00:16<00:00,  8.40it/s]
{'epoch': 69, 'rec_avg_loss': '0.7800', 'joint_avg_loss': '1.5502', 'cl_avg_loss': '2.1085', 'itemcl_loss': '5.5940', 'cl_pair_0_loss': '2.1085'}
Recommendation EP_test:69: 100%|| 140/140 [00:09<00:00, 15.24it/s]
{'Epoch': 69, 'name': 'high_freq', 'HIT@5': '0.0379', 'NDCG@5': '0.0240', 'HIT@10': '0.0619', 'NDCG@10': '0.0318', 'HIT@20': '0.0935', 'NDCG@20': '0.0397'}
{'Epoch': 69, 'name': 'mid_freq', 'HIT@5': '0.0017', 'NDCG@5': '0.0010', 'HIT@10': '0.0027', 'NDCG@10': '0.0013', 'HIT@20': '0.0043', 'NDCG@20': '0.0017'}
{'Epoch': 69, 'name': 'low_freq', 'HIT@5': '0.0005', 'NDCG@5': '0.0004', 'HIT@10': '0.0007', 'NDCG@10': '0.0004', 'HIT@20': '0.0023', 'NDCG@20': '0.0008'}
{'Epoch': 69, 'name': 'all', 'HIT@5': '0.0262', 'NDCG@5': '0.0166', 'HIT@10': '0.0427', 'NDCG@10': '0.0219', 'HIT@20': '0.0648', 'NDCG@20': '0.0275'}
EarlyStopping counter: 1 out of 40
rec dataset length: 140
100%|████████████████████████████████████████████████████████████████████████████████████████████████████████████████████████████████████████████| 140/140 [00:16<00:00,  8.29it/s]
{'epoch': 70, 'rec_avg_loss': '0.7709', 'joint_avg_loss': '1.5341', 'cl_avg_loss': '2.0695', 'itemcl_loss': '5.5619', 'cl_pair_0_loss': '2.0695'}
Recommendation EP_test:70: 100%|| 140/140 [00:09<00:00, 14.43it/s]
{'Epoch': 70, 'name': 'high_freq', 'HIT@5': '0.0396', 'NDCG@5': '0.0257', 'HIT@10': '0.0638', 'NDCG@10': '0.0336', 'HIT@20': '0.0953', 'NDCG@20': '0.0414'}
{'Epoch': 70, 'name': 'mid_freq', 'HIT@5': '0.0019', 'NDCG@5': '0.0011', 'HIT@10': '0.0027', 'NDCG@10': '0.0013', 'HIT@20': '0.0052', 'NDCG@20': '0.0019'}
{'Epoch': 70, 'name': 'low_freq', 'HIT@5': '0.0005', 'NDCG@5': '0.0005', 'HIT@10': '0.0007', 'NDCG@10': '0.0005', 'HIT@20': '0.0025', 'NDCG@20': '0.0010'}
{'Epoch': 70, 'name': 'all', 'HIT@5': '0.0273', 'NDCG@5': '0.0178', 'HIT@10': '0.0440', 'NDCG@10': '0.0232', 'HIT@20': '0.0662', 'NDCG@20': '0.0287'}
Validation score increased.  Saving model ...
rec dataset length: 140
100%|████████████████████████████████████████████████████████████████████████████████████████████████████████████████████████████████████████████| 140/140 [00:16<00:00,  8.34it/s]
{'epoch': 71, 'rec_avg_loss': '0.7669', 'joint_avg_loss': '1.5325', 'cl_avg_loss': '2.0808', 'itemcl_loss': '5.5752', 'cl_pair_0_loss': '2.0808'}
Recommendation EP_test:71: 100%|| 140/140 [00:09<00:00, 14.85it/s]
{'Epoch': 71, 'name': 'high_freq', 'HIT@5': '0.0385', 'NDCG@5': '0.0242', 'HIT@10': '0.0620', 'NDCG@10': '0.0318', 'HIT@20': '0.0945', 'NDCG@20': '0.0399'}
{'Epoch': 71, 'name': 'mid_freq', 'HIT@5': '0.0017', 'NDCG@5': '0.0010', 'HIT@10': '0.0023', 'NDCG@10': '0.0012', 'HIT@20': '0.0046', 'NDCG@20': '0.0018'}
{'Epoch': 71, 'name': 'low_freq', 'HIT@5': '0.0005', 'NDCG@5': '0.0005', 'HIT@10': '0.0005', 'NDCG@10': '0.0005', 'HIT@20': '0.0014', 'NDCG@20': '0.0007'}
{'Epoch': 71, 'name': 'all', 'HIT@5': '0.0266', 'NDCG@5': '0.0167', 'HIT@10': '0.0427', 'NDCG@10': '0.0219', 'HIT@20': '0.0654', 'NDCG@20': '0.0276'}
EarlyStopping counter: 1 out of 40
rec dataset length: 140
100%|████████████████████████████████████████████████████████████████████████████████████████████████████████████████████████████████████████████| 140/140 [00:16<00:00,  8.40it/s]
{'epoch': 72, 'rec_avg_loss': '0.7625', 'joint_avg_loss': '1.5247', 'cl_avg_loss': '2.0752', 'itemcl_loss': '5.5473', 'cl_pair_0_loss': '2.0752'}
Recommendation EP_test:72: 100%|| 140/140 [00:09<00:00, 14.20it/s]
{'Epoch': 72, 'name': 'high_freq', 'HIT@5': '0.0395', 'NDCG@5': '0.0252', 'HIT@10': '0.0640', 'NDCG@10': '0.0330', 'HIT@20': '0.0973', 'NDCG@20': '0.0414'}
{'Epoch': 72, 'name': 'mid_freq', 'HIT@5': '0.0023', 'NDCG@5': '0.0014', 'HIT@10': '0.0029', 'NDCG@10': '0.0015', 'HIT@20': '0.0055', 'NDCG@20': '0.0022'}
{'Epoch': 72, 'name': 'low_freq', 'HIT@5': '0.0005', 'NDCG@5': '0.0005', 'HIT@10': '0.0005', 'NDCG@10': '0.0005', 'HIT@20': '0.0023', 'NDCG@20': '0.0009'}
{'Epoch': 72, 'name': 'all', 'HIT@5': '0.0274', 'NDCG@5': '0.0174', 'HIT@10': '0.0442', 'NDCG@10': '0.0228', 'HIT@20': '0.0675', 'NDCG@20': '0.0287'}
Validation score increased.  Saving model ...
rec dataset length: 140
100%|████████████████████████████████████████████████████████████████████████████████████████████████████████████████████████████████████████████| 140/140 [00:16<00:00,  8.41it/s]
{'epoch': 73, 'rec_avg_loss': '0.7554', 'joint_avg_loss': '1.5149', 'cl_avg_loss': '2.0860', 'itemcl_loss': '5.5100', 'cl_pair_0_loss': '2.0860'}
Recommendation EP_test:73: 100%|| 140/140 [00:09<00:00, 14.62it/s]
{'Epoch': 73, 'name': 'high_freq', 'HIT@5': '0.0397', 'NDCG@5': '0.0259', 'HIT@10': '0.0651', 'NDCG@10': '0.0341', 'HIT@20': '0.0979', 'NDCG@20': '0.0424'}
{'Epoch': 73, 'name': 'mid_freq', 'HIT@5': '0.0016', 'NDCG@5': '0.0009', 'HIT@10': '0.0024', 'NDCG@10': '0.0012', 'HIT@20': '0.0055', 'NDCG@20': '0.0019'}
{'Epoch': 73, 'name': 'low_freq', 'HIT@5': '0.0005', 'NDCG@5': '0.0004', 'HIT@10': '0.0005', 'NDCG@10': '0.0004', 'HIT@20': '0.0011', 'NDCG@20': '0.0005'}
{'Epoch': 73, 'name': 'all', 'HIT@5': '0.0274', 'NDCG@5': '0.0179', 'HIT@10': '0.0448', 'NDCG@10': '0.0235', 'HIT@20': '0.0678', 'NDCG@20': '0.0293'}
Validation score increased.  Saving model ...
rec dataset length: 140
100%|████████████████████████████████████████████████████████████████████████████████████████████████████████████████████████████████████████████| 140/140 [00:16<00:00,  8.34it/s]
{'epoch': 74, 'rec_avg_loss': '0.7512', 'joint_avg_loss': '1.5096', 'cl_avg_loss': '2.0795', 'itemcl_loss': '5.5050', 'cl_pair_0_loss': '2.0795'}
Recommendation EP_test:74: 100%|| 140/140 [00:09<00:00, 14.48it/s]
{'Epoch': 74, 'name': 'high_freq', 'HIT@5': '0.0403', 'NDCG@5': '0.0259', 'HIT@10': '0.0658', 'NDCG@10': '0.0342', 'HIT@20': '0.0984', 'NDCG@20': '0.0424'}
{'Epoch': 74, 'name': 'mid_freq', 'HIT@5': '0.0020', 'NDCG@5': '0.0012', 'HIT@10': '0.0026', 'NDCG@10': '0.0014', 'HIT@20': '0.0052', 'NDCG@20': '0.0020'}
{'Epoch': 74, 'name': 'low_freq', 'HIT@5': '0.0005', 'NDCG@5': '0.0005', 'HIT@10': '0.0007', 'NDCG@10': '0.0005', 'HIT@20': '0.0011', 'NDCG@20': '0.0006'}
{'Epoch': 74, 'name': 'all', 'HIT@5': '0.0279', 'NDCG@5': '0.0179', 'HIT@10': '0.0453', 'NDCG@10': '0.0236', 'HIT@20': '0.0681', 'NDCG@20': '0.0293'}
Validation score increased.  Saving model ...
rec dataset length: 140
100%|████████████████████████████████████████████████████████████████████████████████████████████████████████████████████████████████████████████| 140/140 [00:16<00:00,  8.33it/s]
{'epoch': 75, 'rec_avg_loss': '0.7440', 'joint_avg_loss': '1.4982', 'cl_avg_loss': '2.0627', 'itemcl_loss': '5.4798', 'cl_pair_0_loss': '2.0627'}
Recommendation EP_test:75: 100%|| 140/140 [00:09<00:00, 14.96it/s]
{'Epoch': 75, 'name': 'high_freq', 'HIT@5': '0.0422', 'NDCG@5': '0.0265', 'HIT@10': '0.0674', 'NDCG@10': '0.0346', 'HIT@20': '0.0992', 'NDCG@20': '0.0426'}
{'Epoch': 75, 'name': 'mid_freq', 'HIT@5': '0.0017', 'NDCG@5': '0.0010', 'HIT@10': '0.0027', 'NDCG@10': '0.0013', 'HIT@20': '0.0047', 'NDCG@20': '0.0018'}
{'Epoch': 75, 'name': 'low_freq', 'HIT@5': '0.0005', 'NDCG@5': '0.0003', 'HIT@10': '0.0007', 'NDCG@10': '0.0004', 'HIT@20': '0.0011', 'NDCG@20': '0.0005'}
{'Epoch': 75, 'name': 'all', 'HIT@5': '0.0291', 'NDCG@5': '0.0183', 'HIT@10': '0.0465', 'NDCG@10': '0.0238', 'HIT@20': '0.0686', 'NDCG@20': '0.0294'}
Validation score increased.  Saving model ...
rec dataset length: 140
100%|████████████████████████████████████████████████████████████████████████████████████████████████████████████████████████████████████████████| 140/140 [00:16<00:00,  8.44it/s]
{'epoch': 76, 'rec_avg_loss': '0.7387', 'joint_avg_loss': '1.4896', 'cl_avg_loss': '2.0616', 'itemcl_loss': '5.4474', 'cl_pair_0_loss': '2.0616'}
Recommendation EP_test:76: 100%|| 140/140 [00:09<00:00, 15.16it/s]
{'Epoch': 76, 'name': 'high_freq', 'HIT@5': '0.0420', 'NDCG@5': '0.0266', 'HIT@10': '0.0662', 'NDCG@10': '0.0344', 'HIT@20': '0.0991', 'NDCG@20': '0.0427'}
{'Epoch': 76, 'name': 'mid_freq', 'HIT@5': '0.0020', 'NDCG@5': '0.0011', 'HIT@10': '0.0032', 'NDCG@10': '0.0015', 'HIT@20': '0.0052', 'NDCG@20': '0.0020'}
{'Epoch': 76, 'name': 'low_freq', 'HIT@5': '0.0005', 'NDCG@5': '0.0003', 'HIT@10': '0.0007', 'NDCG@10': '0.0004', 'HIT@20': '0.0014', 'NDCG@20': '0.0006'}
{'Epoch': 76, 'name': 'all', 'HIT@5': '0.0290', 'NDCG@5': '0.0183', 'HIT@10': '0.0457', 'NDCG@10': '0.0237', 'HIT@20': '0.0686', 'NDCG@20': '0.0295'}
Validation score increased.  Saving model ...
rec dataset length: 140
100%|████████████████████████████████████████████████████████████████████████████████████████████████████████████████████████████████████████████| 140/140 [00:16<00:00,  8.29it/s]
{'epoch': 77, 'rec_avg_loss': '0.7350', 'joint_avg_loss': '1.4850', 'cl_avg_loss': '2.0516', 'itemcl_loss': '5.4480', 'cl_pair_0_loss': '2.0516'}
Recommendation EP_test:77: 100%|| 140/140 [00:09<00:00, 15.44it/s]
{'Epoch': 77, 'name': 'high_freq', 'HIT@5': '0.0408', 'NDCG@5': '0.0260', 'HIT@10': '0.0655', 'NDCG@10': '0.0340', 'HIT@20': '0.1009', 'NDCG@20': '0.0429'}
{'Epoch': 77, 'name': 'mid_freq', 'HIT@5': '0.0017', 'NDCG@5': '0.0010', 'HIT@10': '0.0024', 'NDCG@10': '0.0013', 'HIT@20': '0.0056', 'NDCG@20': '0.0021'}
{'Epoch': 77, 'name': 'low_freq', 'HIT@5': '0.0005', 'NDCG@5': '0.0003', 'HIT@10': '0.0007', 'NDCG@10': '0.0004', 'HIT@20': '0.0011', 'NDCG@20': '0.0005'}
{'Epoch': 77, 'name': 'all', 'HIT@5': '0.0281', 'NDCG@5': '0.0179', 'HIT@10': '0.0451', 'NDCG@10': '0.0234', 'HIT@20': '0.0699', 'NDCG@20': '0.0296'}
Validation score increased.  Saving model ...
rec dataset length: 140
100%|████████████████████████████████████████████████████████████████████████████████████████████████████████████████████████████████████████████| 140/140 [00:16<00:00,  8.33it/s]
{'epoch': 78, 'rec_avg_loss': '0.7288', 'joint_avg_loss': '1.4778', 'cl_avg_loss': '2.0649', 'itemcl_loss': '5.4246', 'cl_pair_0_loss': '2.0649'}
Recommendation EP_test:78: 100%|| 140/140 [00:08<00:00, 15.73it/s]
{'Epoch': 78, 'name': 'high_freq', 'HIT@5': '0.0429', 'NDCG@5': '0.0274', 'HIT@10': '0.0663', 'NDCG@10': '0.0349', 'HIT@20': '0.1010', 'NDCG@20': '0.0436'}
{'Epoch': 78, 'name': 'mid_freq', 'HIT@5': '0.0022', 'NDCG@5': '0.0012', 'HIT@10': '0.0032', 'NDCG@10': '0.0016', 'HIT@20': '0.0063', 'NDCG@20': '0.0023'}
{'Epoch': 78, 'name': 'low_freq', 'HIT@5': '0.0005', 'NDCG@5': '0.0005', 'HIT@10': '0.0009', 'NDCG@10': '0.0006', 'HIT@20': '0.0016', 'NDCG@20': '0.0007'}
{'Epoch': 78, 'name': 'all', 'HIT@5': '0.0297', 'NDCG@5': '0.0189', 'HIT@10': '0.0458', 'NDCG@10': '0.0241', 'HIT@20': '0.0701', 'NDCG@20': '0.0302'}
Validation score increased.  Saving model ...
rec dataset length: 140
100%|████████████████████████████████████████████████████████████████████████████████████████████████████████████████████████████████████████████| 140/140 [00:17<00:00,  8.23it/s]
{'epoch': 79, 'rec_avg_loss': '0.7248', 'joint_avg_loss': '1.4730', 'cl_avg_loss': '2.0755', 'itemcl_loss': '5.4068', 'cl_pair_0_loss': '2.0755'}
Recommendation EP_test:79: 100%|| 140/140 [00:09<00:00, 15.52it/s]
{'Epoch': 79, 'name': 'high_freq', 'HIT@5': '0.0427', 'NDCG@5': '0.0273', 'HIT@10': '0.0661', 'NDCG@10': '0.0348', 'HIT@20': '0.1010', 'NDCG@20': '0.0436'}
{'Epoch': 79, 'name': 'mid_freq', 'HIT@5': '0.0020', 'NDCG@5': '0.0013', 'HIT@10': '0.0033', 'NDCG@10': '0.0017', 'HIT@20': '0.0056', 'NDCG@20': '0.0023'}
{'Epoch': 79, 'name': 'low_freq', 'HIT@5': '0.0005', 'NDCG@5': '0.0004', 'HIT@10': '0.0009', 'NDCG@10': '0.0005', 'HIT@20': '0.0014', 'NDCG@20': '0.0006'}
{'Epoch': 79, 'name': 'all', 'HIT@5': '0.0295', 'NDCG@5': '0.0189', 'HIT@10': '0.0457', 'NDCG@10': '0.0241', 'HIT@20': '0.0700', 'NDCG@20': '0.0302'}
EarlyStopping counter: 1 out of 40
rec dataset length: 140
100%|████████████████████████████████████████████████████████████████████████████████████████████████████████████████████████████████████████████| 140/140 [00:16<00:00,  8.28it/s]
{'epoch': 80, 'rec_avg_loss': '0.7206', 'joint_avg_loss': '1.4653', 'cl_avg_loss': '2.0625', 'itemcl_loss': '5.3840', 'cl_pair_0_loss': '2.0625'}
Recommendation EP_test:80: 100%|| 140/140 [00:09<00:00, 14.90it/s]
{'Epoch': 80, 'name': 'high_freq', 'HIT@5': '0.0413', 'NDCG@5': '0.0264', 'HIT@10': '0.0663', 'NDCG@10': '0.0345', 'HIT@20': '0.1003', 'NDCG@20': '0.0430'}
{'Epoch': 80, 'name': 'mid_freq', 'HIT@5': '0.0016', 'NDCG@5': '0.0010', 'HIT@10': '0.0026', 'NDCG@10': '0.0013', 'HIT@20': '0.0055', 'NDCG@20': '0.0021'}
{'Epoch': 80, 'name': 'low_freq', 'HIT@5': '0.0005', 'NDCG@5': '0.0004', 'HIT@10': '0.0007', 'NDCG@10': '0.0004', 'HIT@20': '0.0016', 'NDCG@20': '0.0007'}
{'Epoch': 80, 'name': 'all', 'HIT@5': '0.0284', 'NDCG@5': '0.0182', 'HIT@10': '0.0457', 'NDCG@10': '0.0238', 'HIT@20': '0.0695', 'NDCG@20': '0.0298'}
EarlyStopping counter: 2 out of 40
rec dataset length: 140
100%|████████████████████████████████████████████████████████████████████████████████████████████████████████████████████████████████████████████| 140/140 [00:17<00:00,  8.23it/s]
{'epoch': 81, 'rec_avg_loss': '0.7141', 'joint_avg_loss': '1.4576', 'cl_avg_loss': '2.0643', 'itemcl_loss': '5.3706', 'cl_pair_0_loss': '2.0643'}
Recommendation EP_test:81: 100%|| 140/140 [00:09<00:00, 14.62it/s]
{'Epoch': 81, 'name': 'high_freq', 'HIT@5': '0.0420', 'NDCG@5': '0.0268', 'HIT@10': '0.0671', 'NDCG@10': '0.0349', 'HIT@20': '0.1012', 'NDCG@20': '0.0434'}
{'Epoch': 81, 'name': 'mid_freq', 'HIT@5': '0.0017', 'NDCG@5': '0.0012', 'HIT@10': '0.0027', 'NDCG@10': '0.0015', 'HIT@20': '0.0070', 'NDCG@20': '0.0026'}
{'Epoch': 81, 'name': 'low_freq', 'HIT@5': '0.0005', 'NDCG@5': '0.0005', 'HIT@10': '0.0009', 'NDCG@10': '0.0006', 'HIT@20': '0.0025', 'NDCG@20': '0.0010'}
{'Epoch': 81, 'name': 'all', 'HIT@5': '0.0290', 'NDCG@5': '0.0185', 'HIT@10': '0.0463', 'NDCG@10': '0.0241', 'HIT@20': '0.0705', 'NDCG@20': '0.0302'}
EarlyStopping counter: 3 out of 40
rec dataset length: 140
100%|████████████████████████████████████████████████████████████████████████████████████████████████████████████████████████████████████████████| 140/140 [00:16<00:00,  8.32it/s]
{'epoch': 82, 'rec_avg_loss': '0.7099', 'joint_avg_loss': '1.4494', 'cl_avg_loss': '2.0531', 'itemcl_loss': '5.3420', 'cl_pair_0_loss': '2.0531'}
Recommendation EP_test:82: 100%|| 140/140 [00:09<00:00, 14.68it/s]
{'Epoch': 82, 'name': 'high_freq', 'HIT@5': '0.0439', 'NDCG@5': '0.0281', 'HIT@10': '0.0680', 'NDCG@10': '0.0358', 'HIT@20': '0.1036', 'NDCG@20': '0.0447'}
{'Epoch': 82, 'name': 'mid_freq', 'HIT@5': '0.0020', 'NDCG@5': '0.0011', 'HIT@10': '0.0033', 'NDCG@10': '0.0015', 'HIT@20': '0.0069', 'NDCG@20': '0.0024'}
{'Epoch': 82, 'name': 'low_freq', 'HIT@5': '0.0005', 'NDCG@5': '0.0004', 'HIT@10': '0.0007', 'NDCG@10': '0.0004', 'HIT@20': '0.0025', 'NDCG@20': '0.0009'}
{'Epoch': 82, 'name': 'all', 'HIT@5': '0.0303', 'NDCG@5': '0.0194', 'HIT@10': '0.0470', 'NDCG@10': '0.0247', 'HIT@20': '0.0721', 'NDCG@20': '0.0310'}
Validation score increased.  Saving model ...
rec dataset length: 140
100%|████████████████████████████████████████████████████████████████████████████████████████████████████████████████████████████████████████████| 140/140 [00:17<00:00,  8.19it/s]
{'epoch': 83, 'rec_avg_loss': '0.7061', 'joint_avg_loss': '1.4433', 'cl_avg_loss': '2.0445', 'itemcl_loss': '5.3273', 'cl_pair_0_loss': '2.0445'}
Recommendation EP_test:83: 100%|| 140/140 [00:09<00:00, 14.83it/s]
{'Epoch': 83, 'name': 'high_freq', 'HIT@5': '0.0429', 'NDCG@5': '0.0274', 'HIT@10': '0.0671', 'NDCG@10': '0.0352', 'HIT@20': '0.1024', 'NDCG@20': '0.0441'}
{'Epoch': 83, 'name': 'mid_freq', 'HIT@5': '0.0019', 'NDCG@5': '0.0011', 'HIT@10': '0.0037', 'NDCG@10': '0.0017', 'HIT@20': '0.0063', 'NDCG@20': '0.0024'}
{'Epoch': 83, 'name': 'low_freq', 'HIT@5': '0.0005', 'NDCG@5': '0.0005', 'HIT@10': '0.0011', 'NDCG@10': '0.0007', 'HIT@20': '0.0023', 'NDCG@20': '0.0009'}
{'Epoch': 83, 'name': 'all', 'HIT@5': '0.0296', 'NDCG@5': '0.0189', 'HIT@10': '0.0465', 'NDCG@10': '0.0244', 'HIT@20': '0.0712', 'NDCG@20': '0.0306'}
EarlyStopping counter: 1 out of 40
rec dataset length: 140
100%|████████████████████████████████████████████████████████████████████████████████████████████████████████████████████████████████████████████| 140/140 [00:17<00:00,  8.22it/s]
{'epoch': 84, 'rec_avg_loss': '0.7008', 'joint_avg_loss': '1.4371', 'cl_avg_loss': '2.0526', 'itemcl_loss': '5.3106', 'cl_pair_0_loss': '2.0526'}
Recommendation EP_test:84: 100%|| 140/140 [00:09<00:00, 14.62it/s]
{'Epoch': 84, 'name': 'high_freq', 'HIT@5': '0.0442', 'NDCG@5': '0.0286', 'HIT@10': '0.0685', 'NDCG@10': '0.0365', 'HIT@20': '0.1027', 'NDCG@20': '0.0451'}
{'Epoch': 84, 'name': 'mid_freq', 'HIT@5': '0.0020', 'NDCG@5': '0.0012', 'HIT@10': '0.0040', 'NDCG@10': '0.0019', 'HIT@20': '0.0072', 'NDCG@20': '0.0027'}
{'Epoch': 84, 'name': 'low_freq', 'HIT@5': '0.0005', 'NDCG@5': '0.0005', 'HIT@10': '0.0009', 'NDCG@10': '0.0006', 'HIT@20': '0.0025', 'NDCG@20': '0.0010'}
{'Epoch': 84, 'name': 'all', 'HIT@5': '0.0305', 'NDCG@5': '0.0198', 'HIT@10': '0.0475', 'NDCG@10': '0.0253', 'HIT@20': '0.0715', 'NDCG@20': '0.0313'}
Validation score increased.  Saving model ...
rec dataset length: 140
100%|████████████████████████████████████████████████████████████████████████████████████████████████████████████████████████████████████████████| 140/140 [00:17<00:00,  8.15it/s]
{'epoch': 85, 'rec_avg_loss': '0.6985', 'joint_avg_loss': '1.4341', 'cl_avg_loss': '2.0548', 'itemcl_loss': '5.3008', 'cl_pair_0_loss': '2.0548'}
Recommendation EP_test:85: 100%|| 140/140 [00:09<00:00, 14.62it/s]
{'Epoch': 85, 'name': 'high_freq', 'HIT@5': '0.0438', 'NDCG@5': '0.0288', 'HIT@10': '0.0682', 'NDCG@10': '0.0367', 'HIT@20': '0.1023', 'NDCG@20': '0.0453'}
{'Epoch': 85, 'name': 'mid_freq', 'HIT@5': '0.0024', 'NDCG@5': '0.0015', 'HIT@10': '0.0039', 'NDCG@10': '0.0020', 'HIT@20': '0.0076', 'NDCG@20': '0.0029'}
{'Epoch': 85, 'name': 'low_freq', 'HIT@5': '0.0005', 'NDCG@5': '0.0004', 'HIT@10': '0.0014', 'NDCG@10': '0.0007', 'HIT@20': '0.0027', 'NDCG@20': '0.0010'}
{'Epoch': 85, 'name': 'all', 'HIT@5': '0.0303', 'NDCG@5': '0.0199', 'HIT@10': '0.0473', 'NDCG@10': '0.0254', 'HIT@20': '0.0714', 'NDCG@20': '0.0315'}
Validation score increased.  Saving model ...
rec dataset length: 140
100%|████████████████████████████████████████████████████████████████████████████████████████████████████████████████████████████████████████████| 140/140 [00:16<00:00,  8.28it/s]
{'epoch': 86, 'rec_avg_loss': '0.6923', 'joint_avg_loss': '1.4228', 'cl_avg_loss': '2.0258', 'itemcl_loss': '5.2798', 'cl_pair_0_loss': '2.0258'}
Recommendation EP_test:86: 100%|| 140/140 [00:09<00:00, 14.88it/s]
{'Epoch': 86, 'name': 'high_freq', 'HIT@5': '0.0439', 'NDCG@5': '0.0286', 'HIT@10': '0.0678', 'NDCG@10': '0.0363', 'HIT@20': '0.1034', 'NDCG@20': '0.0453'}
{'Epoch': 86, 'name': 'mid_freq', 'HIT@5': '0.0023', 'NDCG@5': '0.0014', 'HIT@10': '0.0040', 'NDCG@10': '0.0019', 'HIT@20': '0.0072', 'NDCG@20': '0.0027'}
{'Epoch': 86, 'name': 'low_freq', 'HIT@5': '0.0007', 'NDCG@5': '0.0005', 'HIT@10': '0.0009', 'NDCG@10': '0.0006', 'HIT@20': '0.0025', 'NDCG@20': '0.0010'}
{'Epoch': 86, 'name': 'all', 'HIT@5': '0.0304', 'NDCG@5': '0.0198', 'HIT@10': '0.0470', 'NDCG@10': '0.0252', 'HIT@20': '0.0721', 'NDCG@20': '0.0314'}
EarlyStopping counter: 1 out of 40
rec dataset length: 140
100%|████████████████████████████████████████████████████████████████████████████████████████████████████████████████████████████████████████████| 140/140 [00:16<00:00,  8.32it/s]
{'epoch': 87, 'rec_avg_loss': '0.6876', 'joint_avg_loss': '1.4171', 'cl_avg_loss': '2.0333', 'itemcl_loss': '5.2617', 'cl_pair_0_loss': '2.0333'}
Recommendation EP_test:87: 100%|| 140/140 [00:09<00:00, 14.62it/s]
{'Epoch': 87, 'name': 'high_freq', 'HIT@5': '0.0434', 'NDCG@5': '0.0280', 'HIT@10': '0.0708', 'NDCG@10': '0.0368', 'HIT@20': '0.1041', 'NDCG@20': '0.0452'}
{'Epoch': 87, 'name': 'mid_freq', 'HIT@5': '0.0027', 'NDCG@5': '0.0016', 'HIT@10': '0.0045', 'NDCG@10': '0.0022', 'HIT@20': '0.0075', 'NDCG@20': '0.0029'}
{'Epoch': 87, 'name': 'low_freq', 'HIT@5': '0.0005', 'NDCG@5': '0.0003', 'HIT@10': '0.0009', 'NDCG@10': '0.0004', 'HIT@20': '0.0027', 'NDCG@20': '0.0009'}
{'Epoch': 87, 'name': 'all', 'HIT@5': '0.0301', 'NDCG@5': '0.0194', 'HIT@10': '0.0491', 'NDCG@10': '0.0255', 'HIT@20': '0.0726', 'NDCG@20': '0.0314'}
EarlyStopping counter: 2 out of 40
rec dataset length: 140
100%|████████████████████████████████████████████████████████████████████████████████████████████████████████████████████████████████████████████| 140/140 [00:16<00:00,  8.38it/s]
{'epoch': 88, 'rec_avg_loss': '0.6865', 'joint_avg_loss': '1.4127', 'cl_avg_loss': '2.0197', 'itemcl_loss': '5.2427', 'cl_pair_0_loss': '2.0197'}
Recommendation EP_test:88: 100%|| 140/140 [00:09<00:00, 15.00it/s]
{'Epoch': 88, 'name': 'high_freq', 'HIT@5': '0.0441', 'NDCG@5': '0.0284', 'HIT@10': '0.0690', 'NDCG@10': '0.0364', 'HIT@20': '0.1042', 'NDCG@20': '0.0453'}
{'Epoch': 88, 'name': 'mid_freq', 'HIT@5': '0.0030', 'NDCG@5': '0.0017', 'HIT@10': '0.0049', 'NDCG@10': '0.0023', 'HIT@20': '0.0078', 'NDCG@20': '0.0030'}
{'Epoch': 88, 'name': 'low_freq', 'HIT@5': '0.0005', 'NDCG@5': '0.0004', 'HIT@10': '0.0014', 'NDCG@10': '0.0006', 'HIT@20': '0.0029', 'NDCG@20': '0.0010'}
{'Epoch': 88, 'name': 'all', 'HIT@5': '0.0306', 'NDCG@5': '0.0197', 'HIT@10': '0.0480', 'NDCG@10': '0.0253', 'HIT@20': '0.0728', 'NDCG@20': '0.0315'}
Validation score increased.  Saving model ...
rec dataset length: 140
100%|████████████████████████████████████████████████████████████████████████████████████████████████████████████████████████████████████████████| 140/140 [00:16<00:00,  8.38it/s]
{'epoch': 89, 'rec_avg_loss': '0.6800', 'joint_avg_loss': '1.4063', 'cl_avg_loss': '2.0341', 'itemcl_loss': '5.2285', 'cl_pair_0_loss': '2.0341'}
Recommendation EP_test:89: 100%|| 140/140 [00:09<00:00, 15.06it/s]
{'Epoch': 89, 'name': 'high_freq', 'HIT@5': '0.0443', 'NDCG@5': '0.0284', 'HIT@10': '0.0692', 'NDCG@10': '0.0365', 'HIT@20': '0.1043', 'NDCG@20': '0.0453'}
{'Epoch': 89, 'name': 'mid_freq', 'HIT@5': '0.0029', 'NDCG@5': '0.0015', 'HIT@10': '0.0046', 'NDCG@10': '0.0020', 'HIT@20': '0.0069', 'NDCG@20': '0.0026'}
{'Epoch': 89, 'name': 'low_freq', 'HIT@5': '0.0005', 'NDCG@5': '0.0005', 'HIT@10': '0.0009', 'NDCG@10': '0.0006', 'HIT@20': '0.0029', 'NDCG@20': '0.0011'}
{'Epoch': 89, 'name': 'all', 'HIT@5': '0.0308', 'NDCG@5': '0.0197', 'HIT@10': '0.0481', 'NDCG@10': '0.0253', 'HIT@20': '0.0727', 'NDCG@20': '0.0315'}
EarlyStopping counter: 1 out of 40
rec dataset length: 140
100%|████████████████████████████████████████████████████████████████████████████████████████████████████████████████████████████████████████████| 140/140 [00:16<00:00,  8.32it/s]
{'epoch': 90, 'rec_avg_loss': '0.6777', 'joint_avg_loss': '1.4009', 'cl_avg_loss': '2.0321', 'itemcl_loss': '5.1998', 'cl_pair_0_loss': '2.0321'}
Recommendation EP_test:90: 100%|| 140/140 [00:09<00:00, 15.43it/s]
{'Epoch': 90, 'name': 'high_freq', 'HIT@5': '0.0451', 'NDCG@5': '0.0295', 'HIT@10': '0.0694', 'NDCG@10': '0.0373', 'HIT@20': '0.1060', 'NDCG@20': '0.0465'}
{'Epoch': 90, 'name': 'mid_freq', 'HIT@5': '0.0032', 'NDCG@5': '0.0017', 'HIT@10': '0.0045', 'NDCG@10': '0.0021', 'HIT@20': '0.0080', 'NDCG@20': '0.0030'}
{'Epoch': 90, 'name': 'low_freq', 'HIT@5': '0.0005', 'NDCG@5': '0.0005', 'HIT@10': '0.0011', 'NDCG@10': '0.0007', 'HIT@20': '0.0032', 'NDCG@20': '0.0012'}
{'Epoch': 90, 'name': 'all', 'HIT@5': '0.0314', 'NDCG@5': '0.0204', 'HIT@10': '0.0482', 'NDCG@10': '0.0259', 'HIT@20': '0.0741', 'NDCG@20': '0.0324'}
Validation score increased.  Saving model ...
rec dataset length: 140
100%|████████████████████████████████████████████████████████████████████████████████████████████████████████████████████████████████████████████| 140/140 [00:16<00:00,  8.32it/s]
{'epoch': 91, 'rec_avg_loss': '0.6741', 'joint_avg_loss': '1.3961', 'cl_avg_loss': '2.0371', 'itemcl_loss': '5.1834', 'cl_pair_0_loss': '2.0371'}
Recommendation EP_test:91: 100%|| 140/140 [00:09<00:00, 15.06it/s]
{'Epoch': 91, 'name': 'high_freq', 'HIT@5': '0.0451', 'NDCG@5': '0.0292', 'HIT@10': '0.0698', 'NDCG@10': '0.0372', 'HIT@20': '0.1047', 'NDCG@20': '0.0460'}
{'Epoch': 91, 'name': 'mid_freq', 'HIT@5': '0.0034', 'NDCG@5': '0.0019', 'HIT@10': '0.0049', 'NDCG@10': '0.0023', 'HIT@20': '0.0083', 'NDCG@20': '0.0032'}
{'Epoch': 91, 'name': 'low_freq', 'HIT@5': '0.0005', 'NDCG@5': '0.0004', 'HIT@10': '0.0011', 'NDCG@10': '0.0006', 'HIT@20': '0.0027', 'NDCG@20': '0.0010'}
{'Epoch': 91, 'name': 'all', 'HIT@5': '0.0314', 'NDCG@5': '0.0203', 'HIT@10': '0.0486', 'NDCG@10': '0.0258', 'HIT@20': '0.0732', 'NDCG@20': '0.0320'}
EarlyStopping counter: 1 out of 40
rec dataset length: 140
100%|████████████████████████████████████████████████████████████████████████████████████████████████████████████████████████████████████████████| 140/140 [00:17<00:00,  8.23it/s]
{'epoch': 92, 'rec_avg_loss': '0.6691', 'joint_avg_loss': '1.3879', 'cl_avg_loss': '2.0269', 'itemcl_loss': '5.1612', 'cl_pair_0_loss': '2.0269'}
Recommendation EP_test:92: 100%|| 140/140 [00:09<00:00, 15.50it/s]
{'Epoch': 92, 'name': 'high_freq', 'HIT@5': '0.0455', 'NDCG@5': '0.0295', 'HIT@10': '0.0710', 'NDCG@10': '0.0377', 'HIT@20': '0.1054', 'NDCG@20': '0.0462'}
{'Epoch': 92, 'name': 'mid_freq', 'HIT@5': '0.0029', 'NDCG@5': '0.0015', 'HIT@10': '0.0049', 'NDCG@10': '0.0021', 'HIT@20': '0.0078', 'NDCG@20': '0.0028'}
{'Epoch': 92, 'name': 'low_freq', 'HIT@5': '0.0009', 'NDCG@5': '0.0006', 'HIT@10': '0.0011', 'NDCG@10': '0.0007', 'HIT@20': '0.0029', 'NDCG@20': '0.0011'}
{'Epoch': 92, 'name': 'all', 'HIT@5': '0.0316', 'NDCG@5': '0.0204', 'HIT@10': '0.0494', 'NDCG@10': '0.0261', 'HIT@20': '0.0736', 'NDCG@20': '0.0321'}
EarlyStopping counter: 2 out of 40
rec dataset length: 140
100%|████████████████████████████████████████████████████████████████████████████████████████████████████████████████████████████████████████████| 140/140 [00:16<00:00,  8.29it/s]
{'epoch': 93, 'rec_avg_loss': '0.6649', 'joint_avg_loss': '1.3802', 'cl_avg_loss': '2.0115', 'itemcl_loss': '5.1410', 'cl_pair_0_loss': '2.0115'}
Recommendation EP_test:93: 100%|| 140/140 [00:09<00:00, 14.91it/s]
{'Epoch': 93, 'name': 'high_freq', 'HIT@5': '0.0455', 'NDCG@5': '0.0293', 'HIT@10': '0.0702', 'NDCG@10': '0.0372', 'HIT@20': '0.1059', 'NDCG@20': '0.0462'}
{'Epoch': 93, 'name': 'mid_freq', 'HIT@5': '0.0027', 'NDCG@5': '0.0014', 'HIT@10': '0.0043', 'NDCG@10': '0.0019', 'HIT@20': '0.0076', 'NDCG@20': '0.0027'}
{'Epoch': 93, 'name': 'low_freq', 'HIT@5': '0.0005', 'NDCG@5': '0.0005', 'HIT@10': '0.0007', 'NDCG@10': '0.0005', 'HIT@20': '0.0025', 'NDCG@20': '0.0010'}
{'Epoch': 93, 'name': 'all', 'HIT@5': '0.0316', 'NDCG@5': '0.0203', 'HIT@10': '0.0487', 'NDCG@10': '0.0258', 'HIT@20': '0.0739', 'NDCG@20': '0.0321'}
EarlyStopping counter: 3 out of 40
rec dataset length: 140
100%|████████████████████████████████████████████████████████████████████████████████████████████████████████████████████████████████████████████| 140/140 [00:16<00:00,  8.31it/s]
{'epoch': 94, 'rec_avg_loss': '0.6620', 'joint_avg_loss': '1.3766', 'cl_avg_loss': '2.0173', 'itemcl_loss': '5.1286', 'cl_pair_0_loss': '2.0173'}
Recommendation EP_test:94: 100%|| 140/140 [00:09<00:00, 15.26it/s]
{'Epoch': 94, 'name': 'high_freq', 'HIT@5': '0.0459', 'NDCG@5': '0.0294', 'HIT@10': '0.0710', 'NDCG@10': '0.0375', 'HIT@20': '0.1067', 'NDCG@20': '0.0464'}
{'Epoch': 94, 'name': 'mid_freq', 'HIT@5': '0.0026', 'NDCG@5': '0.0014', 'HIT@10': '0.0046', 'NDCG@10': '0.0020', 'HIT@20': '0.0079', 'NDCG@20': '0.0028'}
{'Epoch': 94, 'name': 'low_freq', 'HIT@5': '0.0005', 'NDCG@5': '0.0005', 'HIT@10': '0.0007', 'NDCG@10': '0.0005', 'HIT@20': '0.0032', 'NDCG@20': '0.0011'}
{'Epoch': 94, 'name': 'all', 'HIT@5': '0.0318', 'NDCG@5': '0.0203', 'HIT@10': '0.0493', 'NDCG@10': '0.0260', 'HIT@20': '0.0746', 'NDCG@20': '0.0323'}
EarlyStopping counter: 4 out of 40
rec dataset length: 140
100%|████████████████████████████████████████████████████████████████████████████████████████████████████████████████████████████████████████████| 140/140 [00:16<00:00,  8.37it/s]
{'epoch': 95, 'rec_avg_loss': '0.6581', 'joint_avg_loss': '1.3682', 'cl_avg_loss': '1.9872', 'itemcl_loss': '5.1144', 'cl_pair_0_loss': '1.9872'}
Recommendation EP_test:95: 100%|| 140/140 [00:09<00:00, 15.06it/s]
{'Epoch': 95, 'name': 'high_freq', 'HIT@5': '0.0459', 'NDCG@5': '0.0298', 'HIT@10': '0.0714', 'NDCG@10': '0.0380', 'HIT@20': '0.1067', 'NDCG@20': '0.0468'}
{'Epoch': 95, 'name': 'mid_freq', 'HIT@5': '0.0030', 'NDCG@5': '0.0015', 'HIT@10': '0.0050', 'NDCG@10': '0.0021', 'HIT@20': '0.0075', 'NDCG@20': '0.0028'}
{'Epoch': 95, 'name': 'low_freq', 'HIT@5': '0.0005', 'NDCG@5': '0.0005', 'HIT@10': '0.0007', 'NDCG@10': '0.0005', 'HIT@20': '0.0027', 'NDCG@20': '0.0010'}
{'Epoch': 95, 'name': 'all', 'HIT@5': '0.0319', 'NDCG@5': '0.0206', 'HIT@10': '0.0496', 'NDCG@10': '0.0263', 'HIT@20': '0.0744', 'NDCG@20': '0.0325'}
Validation score increased.  Saving model ...
rec dataset length: 140
100%|████████████████████████████████████████████████████████████████████████████████████████████████████████████████████████████████████████████| 140/140 [00:16<00:00,  8.31it/s]
{'epoch': 96, 'rec_avg_loss': '0.6535', 'joint_avg_loss': '1.3629', 'cl_avg_loss': '2.0037', 'itemcl_loss': '5.0908', 'cl_pair_0_loss': '2.0037'}
Recommendation EP_test:96: 100%|| 140/140 [00:09<00:00, 15.22it/s]
{'Epoch': 96, 'name': 'high_freq', 'HIT@5': '0.0465', 'NDCG@5': '0.0295', 'HIT@10': '0.0713', 'NDCG@10': '0.0375', 'HIT@20': '0.1063', 'NDCG@20': '0.0463'}
{'Epoch': 96, 'name': 'mid_freq', 'HIT@5': '0.0029', 'NDCG@5': '0.0015', 'HIT@10': '0.0043', 'NDCG@10': '0.0020', 'HIT@20': '0.0076', 'NDCG@20': '0.0028'}
{'Epoch': 96, 'name': 'low_freq', 'HIT@5': '0.0005', 'NDCG@5': '0.0005', 'HIT@10': '0.0014', 'NDCG@10': '0.0007', 'HIT@20': '0.0029', 'NDCG@20': '0.0011'}
{'Epoch': 96, 'name': 'all', 'HIT@5': '0.0322', 'NDCG@5': '0.0204', 'HIT@10': '0.0495', 'NDCG@10': '0.0260', 'HIT@20': '0.0742', 'NDCG@20': '0.0322'}
EarlyStopping counter: 1 out of 40
rec dataset length: 140
100%|████████████████████████████████████████████████████████████████████████████████████████████████████████████████████████████████████████████| 140/140 [00:16<00:00,  8.28it/s]
{'epoch': 97, 'rec_avg_loss': '0.6517', 'joint_avg_loss': '1.3583', 'cl_avg_loss': '1.9881', 'itemcl_loss': '5.0772', 'cl_pair_0_loss': '1.9881'}
Recommendation EP_test:97: 100%|| 140/140 [00:09<00:00, 14.93it/s]
{'Epoch': 97, 'name': 'high_freq', 'HIT@5': '0.0454', 'NDCG@5': '0.0294', 'HIT@10': '0.0726', 'NDCG@10': '0.0381', 'HIT@20': '0.1083', 'NDCG@20': '0.0471'}
{'Epoch': 97, 'name': 'mid_freq', 'HIT@5': '0.0027', 'NDCG@5': '0.0014', 'HIT@10': '0.0045', 'NDCG@10': '0.0019', 'HIT@20': '0.0073', 'NDCG@20': '0.0027'}
{'Epoch': 97, 'name': 'low_freq', 'HIT@5': '0.0005', 'NDCG@5': '0.0003', 'HIT@10': '0.0011', 'NDCG@10': '0.0006', 'HIT@20': '0.0034', 'NDCG@20': '0.0011'}
{'Epoch': 97, 'name': 'all', 'HIT@5': '0.0315', 'NDCG@5': '0.0203', 'HIT@10': '0.0504', 'NDCG@10': '0.0264', 'HIT@20': '0.0755', 'NDCG@20': '0.0327'}
Validation score increased.  Saving model ...
rec dataset length: 140
100%|████████████████████████████████████████████████████████████████████████████████████████████████████████████████████████████████████████████| 140/140 [00:16<00:00,  8.30it/s]
{'epoch': 98, 'rec_avg_loss': '0.6479', 'joint_avg_loss': '1.3527', 'cl_avg_loss': '1.9853', 'itemcl_loss': '5.0628', 'cl_pair_0_loss': '1.9853'}
Recommendation EP_test:98: 100%|| 140/140 [00:09<00:00, 15.49it/s]
{'Epoch': 98, 'name': 'high_freq', 'HIT@5': '0.0457', 'NDCG@5': '0.0297', 'HIT@10': '0.0719', 'NDCG@10': '0.0382', 'HIT@20': '0.1086', 'NDCG@20': '0.0474'}
{'Epoch': 98, 'name': 'mid_freq', 'HIT@5': '0.0029', 'NDCG@5': '0.0015', 'HIT@10': '0.0050', 'NDCG@10': '0.0022', 'HIT@20': '0.0080', 'NDCG@20': '0.0030'}
{'Epoch': 98, 'name': 'low_freq', 'HIT@5': '0.0007', 'NDCG@5': '0.0005', 'HIT@10': '0.0011', 'NDCG@10': '0.0007', 'HIT@20': '0.0032', 'NDCG@20': '0.0012'}
{'Epoch': 98, 'name': 'all', 'HIT@5': '0.0317', 'NDCG@5': '0.0206', 'HIT@10': '0.0501', 'NDCG@10': '0.0265', 'HIT@20': '0.0758', 'NDCG@20': '0.0330'}
Validation score increased.  Saving model ...
rec dataset length: 140
100%|████████████████████████████████████████████████████████████████████████████████████████████████████████████████████████████████████████████| 140/140 [00:16<00:00,  8.27it/s]
{'epoch': 99, 'rec_avg_loss': '0.6440', 'joint_avg_loss': '1.3453', 'cl_avg_loss': '1.9687', 'itemcl_loss': '5.0447', 'cl_pair_0_loss': '1.9687'}
Recommendation EP_test:99: 100%|| 140/140 [00:09<00:00, 15.22it/s]
{'Epoch': 99, 'name': 'high_freq', 'HIT@5': '0.0475', 'NDCG@5': '0.0306', 'HIT@10': '0.0722', 'NDCG@10': '0.0386', 'HIT@20': '0.1081', 'NDCG@20': '0.0476'}
{'Epoch': 99, 'name': 'mid_freq', 'HIT@5': '0.0029', 'NDCG@5': '0.0016', 'HIT@10': '0.0052', 'NDCG@10': '0.0023', 'HIT@20': '0.0086', 'NDCG@20': '0.0031'}
{'Epoch': 99, 'name': 'low_freq', 'HIT@5': '0.0005', 'NDCG@5': '0.0003', 'HIT@10': '0.0007', 'NDCG@10': '0.0004', 'HIT@20': '0.0036', 'NDCG@20': '0.0011'}
{'Epoch': 99, 'name': 'all', 'HIT@5': '0.0329', 'NDCG@5': '0.0212', 'HIT@10': '0.0502', 'NDCG@10': '0.0268', 'HIT@20': '0.0757', 'NDCG@20': '0.0331'}
Validation score increased.  Saving model ...
rec dataset length: 140
100%|████████████████████████████████████████████████████████████████████████████████████████████████████████████████████████████████████████████| 140/140 [00:16<00:00,  8.35it/s]
{'epoch': 100, 'rec_avg_loss': '0.6406', 'joint_avg_loss': '1.3426', 'cl_avg_loss': '1.9877', 'itemcl_loss': '5.0326', 'cl_pair_0_loss': '1.9877'}
Recommendation EP_test:100: 100%|| 140/140 [00:09<00:00, 15.29it/s]
{'Epoch': 100, 'name': 'high_freq', 'HIT@5': '0.0467', 'NDCG@5': '0.0302', 'HIT@10': '0.0721', 'NDCG@10': '0.0384', 'HIT@20': '0.1072', 'NDCG@20': '0.0472'}
{'Epoch': 100, 'name': 'mid_freq', 'HIT@5': '0.0033', 'NDCG@5': '0.0018', 'HIT@10': '0.0050', 'NDCG@10': '0.0023', 'HIT@20': '0.0086', 'NDCG@20': '0.0032'}
{'Epoch': 100, 'name': 'low_freq', 'HIT@5': '0.0005', 'NDCG@5': '0.0005', 'HIT@10': '0.0011', 'NDCG@10': '0.0007', 'HIT@20': '0.0032', 'NDCG@20': '0.0012'}
{'Epoch': 100, 'name': 'all', 'HIT@5': '0.0324', 'NDCG@5': '0.0210', 'HIT@10': '0.0501', 'NDCG@10': '0.0267', 'HIT@20': '0.0750', 'NDCG@20': '0.0329'}
EarlyStopping counter: 1 out of 40
rec dataset length: 140
100%|████████████████████████████████████████████████████████████████████████████████████████████████████████████████████████████████████████████| 140/140 [00:16<00:00,  8.31it/s]
{'epoch': 101, 'rec_avg_loss': '0.6372', 'joint_avg_loss': '1.3400', 'cl_avg_loss': '2.0161', 'itemcl_loss': '5.0121', 'cl_pair_0_loss': '2.0161'}
Recommendation EP_test:101: 100%|| 140/140 [00:09<00:00, 15.18it/s]
{'Epoch': 101, 'name': 'high_freq', 'HIT@5': '0.0469', 'NDCG@5': '0.0303', 'HIT@10': '0.0721', 'NDCG@10': '0.0384', 'HIT@20': '0.1077', 'NDCG@20': '0.0473'}
{'Epoch': 101, 'name': 'mid_freq', 'HIT@5': '0.0032', 'NDCG@5': '0.0017', 'HIT@10': '0.0052', 'NDCG@10': '0.0023', 'HIT@20': '0.0082', 'NDCG@20': '0.0031'}
{'Epoch': 101, 'name': 'low_freq', 'HIT@5': '0.0005', 'NDCG@5': '0.0004', 'HIT@10': '0.0009', 'NDCG@10': '0.0005', 'HIT@20': '0.0032', 'NDCG@20': '0.0011'}
{'Epoch': 101, 'name': 'all', 'HIT@5': '0.0326', 'NDCG@5': '0.0210', 'HIT@10': '0.0502', 'NDCG@10': '0.0266', 'HIT@20': '0.0753', 'NDCG@20': '0.0329'}
EarlyStopping counter: 2 out of 40
rec dataset length: 140
100%|████████████████████████████████████████████████████████████████████████████████████████████████████████████████████████████████████████████| 140/140 [00:16<00:00,  8.31it/s]
{'epoch': 102, 'rec_avg_loss': '0.6355', 'joint_avg_loss': '1.3343', 'cl_avg_loss': '1.9879', 'itemcl_loss': '4.9995', 'cl_pair_0_loss': '1.9879'}
Recommendation EP_test:102: 100%|| 140/140 [00:09<00:00, 15.18it/s]
{'Epoch': 102, 'name': 'high_freq', 'HIT@5': '0.0452', 'NDCG@5': '0.0292', 'HIT@10': '0.0725', 'NDCG@10': '0.0380', 'HIT@20': '0.1068', 'NDCG@20': '0.0466'}
{'Epoch': 102, 'name': 'mid_freq', 'HIT@5': '0.0032', 'NDCG@5': '0.0017', 'HIT@10': '0.0055', 'NDCG@10': '0.0024', 'HIT@20': '0.0082', 'NDCG@20': '0.0031'}
{'Epoch': 102, 'name': 'low_freq', 'HIT@5': '0.0005', 'NDCG@5': '0.0005', 'HIT@10': '0.0011', 'NDCG@10': '0.0007', 'HIT@20': '0.0029', 'NDCG@20': '0.0011'}
{'Epoch': 102, 'name': 'all', 'HIT@5': '0.0314', 'NDCG@5': '0.0203', 'HIT@10': '0.0505', 'NDCG@10': '0.0264', 'HIT@20': '0.0746', 'NDCG@20': '0.0325'}
EarlyStopping counter: 3 out of 40
rec dataset length: 140
100%|████████████████████████████████████████████████████████████████████████████████████████████████████████████████████████████████████████████| 140/140 [00:16<00:00,  8.33it/s]
{'epoch': 103, 'rec_avg_loss': '0.6332', 'joint_avg_loss': '1.3282', 'cl_avg_loss': '1.9720', 'itemcl_loss': '4.9783', 'cl_pair_0_loss': '1.9720'}
Recommendation EP_test:103: 100%|| 140/140 [00:09<00:00, 15.51it/s]
{'Epoch': 103, 'name': 'high_freq', 'HIT@5': '0.0451', 'NDCG@5': '0.0294', 'HIT@10': '0.0713', 'NDCG@10': '0.0378', 'HIT@20': '0.1072', 'NDCG@20': '0.0469'}
{'Epoch': 103, 'name': 'mid_freq', 'HIT@5': '0.0029', 'NDCG@5': '0.0014', 'HIT@10': '0.0060', 'NDCG@10': '0.0024', 'HIT@20': '0.0086', 'NDCG@20': '0.0031'}
{'Epoch': 103, 'name': 'low_freq', 'HIT@5': '0.0005', 'NDCG@5': '0.0003', 'HIT@10': '0.0009', 'NDCG@10': '0.0005', 'HIT@20': '0.0032', 'NDCG@20': '0.0010'}
{'Epoch': 103, 'name': 'all', 'HIT@5': '0.0313', 'NDCG@5': '0.0203', 'HIT@10': '0.0498', 'NDCG@10': '0.0263', 'HIT@20': '0.0750', 'NDCG@20': '0.0326'}
EarlyStopping counter: 4 out of 40
rec dataset length: 140
100%|████████████████████████████████████████████████████████████████████████████████████████████████████████████████████████████████████████████| 140/140 [00:16<00:00,  8.33it/s]
{'epoch': 104, 'rec_avg_loss': '0.6288', 'joint_avg_loss': '1.3219', 'cl_avg_loss': '1.9655', 'itemcl_loss': '4.9652', 'cl_pair_0_loss': '1.9655'}
Recommendation EP_test:104: 100%|| 140/140 [00:09<00:00, 15.21it/s]
{'Epoch': 104, 'name': 'high_freq', 'HIT@5': '0.0453', 'NDCG@5': '0.0298', 'HIT@10': '0.0714', 'NDCG@10': '0.0382', 'HIT@20': '0.1077', 'NDCG@20': '0.0474'}
{'Epoch': 104, 'name': 'mid_freq', 'HIT@5': '0.0026', 'NDCG@5': '0.0014', 'HIT@10': '0.0062', 'NDCG@10': '0.0025', 'HIT@20': '0.0088', 'NDCG@20': '0.0032'}
{'Epoch': 104, 'name': 'low_freq', 'HIT@5': '0.0005', 'NDCG@5': '0.0003', 'HIT@10': '0.0011', 'NDCG@10': '0.0005', 'HIT@20': '0.0029', 'NDCG@20': '0.0010'}
{'Epoch': 104, 'name': 'all', 'HIT@5': '0.0314', 'NDCG@5': '0.0206', 'HIT@10': '0.0499', 'NDCG@10': '0.0266', 'HIT@20': '0.0753', 'NDCG@20': '0.0330'}
EarlyStopping counter: 5 out of 40
rec dataset length: 140
100%|████████████████████████████████████████████████████████████████████████████████████████████████████████████████████████████████████████████| 140/140 [00:16<00:00,  8.41it/s]
{'epoch': 105, 'rec_avg_loss': '0.6259', 'joint_avg_loss': '1.3194', 'cl_avg_loss': '1.9664', 'itemcl_loss': '4.9689', 'cl_pair_0_loss': '1.9664'}
Recommendation EP_test:105: 100%|| 140/140 [00:09<00:00, 15.07it/s]
{'Epoch': 105, 'name': 'high_freq', 'HIT@5': '0.0460', 'NDCG@5': '0.0298', 'HIT@10': '0.0715', 'NDCG@10': '0.0379', 'HIT@20': '0.1083', 'NDCG@20': '0.0471'}
{'Epoch': 105, 'name': 'mid_freq', 'HIT@5': '0.0032', 'NDCG@5': '0.0017', 'HIT@10': '0.0056', 'NDCG@10': '0.0026', 'HIT@20': '0.0088', 'NDCG@20': '0.0033'}
{'Epoch': 105, 'name': 'low_freq', 'HIT@5': '0.0002', 'NDCG@5': '0.0002', 'HIT@10': '0.0011', 'NDCG@10': '0.0005', 'HIT@20': '0.0029', 'NDCG@20': '0.0010'}
{'Epoch': 105, 'name': 'all', 'HIT@5': '0.0320', 'NDCG@5': '0.0206', 'HIT@10': '0.0499', 'NDCG@10': '0.0264', 'HIT@20': '0.0758', 'NDCG@20': '0.0328'}
EarlyStopping counter: 6 out of 40
rec dataset length: 140
100%|████████████████████████████████████████████████████████████████████████████████████████████████████████████████████████████████████████████| 140/140 [00:16<00:00,  8.37it/s]
{'epoch': 106, 'rec_avg_loss': '0.6237', 'joint_avg_loss': '1.3163', 'cl_avg_loss': '1.9802', 'itemcl_loss': '4.9460', 'cl_pair_0_loss': '1.9802'}
Recommendation EP_test:106: 100%|| 140/140 [00:09<00:00, 15.34it/s]
{'Epoch': 106, 'name': 'high_freq', 'HIT@5': '0.0462', 'NDCG@5': '0.0299', 'HIT@10': '0.0712', 'NDCG@10': '0.0380', 'HIT@20': '0.1096', 'NDCG@20': '0.0476'}
{'Epoch': 106, 'name': 'mid_freq', 'HIT@5': '0.0033', 'NDCG@5': '0.0018', 'HIT@10': '0.0056', 'NDCG@10': '0.0026', 'HIT@20': '0.0092', 'NDCG@20': '0.0035'}
{'Epoch': 106, 'name': 'low_freq', 'HIT@5': '0.0005', 'NDCG@5': '0.0005', 'HIT@10': '0.0011', 'NDCG@10': '0.0007', 'HIT@20': '0.0032', 'NDCG@20': '0.0012'}
{'Epoch': 106, 'name': 'all', 'HIT@5': '0.0321', 'NDCG@5': '0.0208', 'HIT@10': '0.0497', 'NDCG@10': '0.0264', 'HIT@20': '0.0767', 'NDCG@20': '0.0332'}
Validation score increased.  Saving model ...
rec dataset length: 140
100%|████████████████████████████████████████████████████████████████████████████████████████████████████████████████████████████████████████████| 140/140 [00:16<00:00,  8.25it/s]
{'epoch': 107, 'rec_avg_loss': '0.6218', 'joint_avg_loss': '1.3094', 'cl_avg_loss': '1.9519', 'itemcl_loss': '4.9239', 'cl_pair_0_loss': '1.9519'}
Recommendation EP_test:107: 100%|| 140/140 [00:09<00:00, 15.04it/s]
{'Epoch': 107, 'name': 'high_freq', 'HIT@5': '0.0472', 'NDCG@5': '0.0307', 'HIT@10': '0.0714', 'NDCG@10': '0.0385', 'HIT@20': '0.1096', 'NDCG@20': '0.0481'}
{'Epoch': 107, 'name': 'mid_freq', 'HIT@5': '0.0036', 'NDCG@5': '0.0020', 'HIT@10': '0.0059', 'NDCG@10': '0.0028', 'HIT@20': '0.0086', 'NDCG@20': '0.0034'}
{'Epoch': 107, 'name': 'low_freq', 'HIT@5': '0.0005', 'NDCG@5': '0.0005', 'HIT@10': '0.0016', 'NDCG@10': '0.0008', 'HIT@20': '0.0041', 'NDCG@20': '0.0014'}
{'Epoch': 107, 'name': 'all', 'HIT@5': '0.0329', 'NDCG@5': '0.0213', 'HIT@10': '0.0499', 'NDCG@10': '0.0268', 'HIT@20': '0.0767', 'NDCG@20': '0.0336'}
Validation score increased.  Saving model ...
rec dataset length: 140
100%|████████████████████████████████████████████████████████████████████████████████████████████████████████████████████████████████████████████| 140/140 [00:16<00:00,  8.31it/s]
{'epoch': 108, 'rec_avg_loss': '0.6165', 'joint_avg_loss': '1.3022', 'cl_avg_loss': '1.9437', 'itemcl_loss': '4.9130', 'cl_pair_0_loss': '1.9437'}
Recommendation EP_test:108: 100%|| 140/140 [00:09<00:00, 14.94it/s]
{'Epoch': 108, 'name': 'high_freq', 'HIT@5': '0.0470', 'NDCG@5': '0.0309', 'HIT@10': '0.0730', 'NDCG@10': '0.0392', 'HIT@20': '0.1091', 'NDCG@20': '0.0483'}
{'Epoch': 108, 'name': 'mid_freq', 'HIT@5': '0.0032', 'NDCG@5': '0.0018', 'HIT@10': '0.0062', 'NDCG@10': '0.0028', 'HIT@20': '0.0088', 'NDCG@20': '0.0034'}
{'Epoch': 108, 'name': 'low_freq', 'HIT@5': '0.0005', 'NDCG@5': '0.0004', 'HIT@10': '0.0016', 'NDCG@10': '0.0007', 'HIT@20': '0.0038', 'NDCG@20': '0.0013'}
{'Epoch': 108, 'name': 'all', 'HIT@5': '0.0327', 'NDCG@5': '0.0214', 'HIT@10': '0.0511', 'NDCG@10': '0.0273', 'HIT@20': '0.0764', 'NDCG@20': '0.0337'}
Validation score increased.  Saving model ...
rec dataset length: 140
100%|████████████████████████████████████████████████████████████████████████████████████████████████████████████████████████████████████████████| 140/140 [00:16<00:00,  8.33it/s]
{'epoch': 109, 'rec_avg_loss': '0.6143', 'joint_avg_loss': '1.3007', 'cl_avg_loss': '1.9582', 'itemcl_loss': '4.9061', 'cl_pair_0_loss': '1.9582'}
Recommendation EP_test:109: 100%|| 140/140 [00:09<00:00, 14.89it/s]
{'Epoch': 109, 'name': 'high_freq', 'HIT@5': '0.0468', 'NDCG@5': '0.0305', 'HIT@10': '0.0732', 'NDCG@10': '0.0390', 'HIT@20': '0.1093', 'NDCG@20': '0.0481'}
{'Epoch': 109, 'name': 'mid_freq', 'HIT@5': '0.0037', 'NDCG@5': '0.0021', 'HIT@10': '0.0060', 'NDCG@10': '0.0028', 'HIT@20': '0.0083', 'NDCG@20': '0.0034'}
{'Epoch': 109, 'name': 'low_freq', 'HIT@5': '0.0005', 'NDCG@5': '0.0005', 'HIT@10': '0.0014', 'NDCG@10': '0.0007', 'HIT@20': '0.0038', 'NDCG@20': '0.0013'}
{'Epoch': 109, 'name': 'all', 'HIT@5': '0.0326', 'NDCG@5': '0.0212', 'HIT@10': '0.0511', 'NDCG@10': '0.0271', 'HIT@20': '0.0765', 'NDCG@20': '0.0335'}
EarlyStopping counter: 1 out of 40
rec dataset length: 140
100%|████████████████████████████████████████████████████████████████████████████████████████████████████████████████████████████████████████████| 140/140 [00:16<00:00,  8.32it/s]
{'epoch': 110, 'rec_avg_loss': '0.6098', 'joint_avg_loss': '1.2945', 'cl_avg_loss': '1.9565', 'itemcl_loss': '4.8900', 'cl_pair_0_loss': '1.9565'}
Recommendation EP_test:110: 100%|| 140/140 [00:09<00:00, 14.93it/s]
{'Epoch': 110, 'name': 'high_freq', 'HIT@5': '0.0475', 'NDCG@5': '0.0312', 'HIT@10': '0.0734', 'NDCG@10': '0.0396', 'HIT@20': '0.1109', 'NDCG@20': '0.0490'}
{'Epoch': 110, 'name': 'mid_freq', 'HIT@5': '0.0033', 'NDCG@5': '0.0018', 'HIT@10': '0.0057', 'NDCG@10': '0.0026', 'HIT@20': '0.0090', 'NDCG@20': '0.0035'}
{'Epoch': 110, 'name': 'low_freq', 'HIT@5': '0.0005', 'NDCG@5': '0.0005', 'HIT@10': '0.0007', 'NDCG@10': '0.0005', 'HIT@20': '0.0034', 'NDCG@20': '0.0012'}
{'Epoch': 110, 'name': 'all', 'HIT@5': '0.0330', 'NDCG@5': '0.0216', 'HIT@10': '0.0512', 'NDCG@10': '0.0275', 'HIT@20': '0.0776', 'NDCG@20': '0.0342'}
Validation score increased.  Saving model ...
rec dataset length: 140
100%|████████████████████████████████████████████████████████████████████████████████████████████████████████████████████████████████████████████| 140/140 [00:16<00:00,  8.38it/s]
{'epoch': 111, 'rec_avg_loss': '0.6101', 'joint_avg_loss': '1.2935', 'cl_avg_loss': '1.9566', 'itemcl_loss': '4.8767', 'cl_pair_0_loss': '1.9566'}
Recommendation EP_test:111: 100%|| 140/140 [00:09<00:00, 15.45it/s]
{'Epoch': 111, 'name': 'high_freq', 'HIT@5': '0.0475', 'NDCG@5': '0.0308', 'HIT@10': '0.0744', 'NDCG@10': '0.0394', 'HIT@20': '0.1101', 'NDCG@20': '0.0485'}
{'Epoch': 111, 'name': 'mid_freq', 'HIT@5': '0.0037', 'NDCG@5': '0.0020', 'HIT@10': '0.0063', 'NDCG@10': '0.0028', 'HIT@20': '0.0090', 'NDCG@20': '0.0035'}
{'Epoch': 111, 'name': 'low_freq', 'HIT@5': '0.0007', 'NDCG@5': '0.0004', 'HIT@10': '0.0014', 'NDCG@10': '0.0006', 'HIT@20': '0.0029', 'NDCG@20': '0.0010'}
{'Epoch': 111, 'name': 'all', 'HIT@5': '0.0331', 'NDCG@5': '0.0214', 'HIT@10': '0.0520', 'NDCG@10': '0.0275', 'HIT@20': '0.0771', 'NDCG@20': '0.0338'}
EarlyStopping counter: 1 out of 40
rec dataset length: 140
100%|████████████████████████████████████████████████████████████████████████████████████████████████████████████████████████████████████████████| 140/140 [00:16<00:00,  8.43it/s]
{'epoch': 112, 'rec_avg_loss': '0.6067', 'joint_avg_loss': '1.2863', 'cl_avg_loss': '1.9372', 'itemcl_loss': '4.8586', 'cl_pair_0_loss': '1.9372'}
Recommendation EP_test:112: 100%|| 140/140 [00:08<00:00, 15.75it/s]
{'Epoch': 112, 'name': 'high_freq', 'HIT@5': '0.0465', 'NDCG@5': '0.0304', 'HIT@10': '0.0738', 'NDCG@10': '0.0392', 'HIT@20': '0.1114', 'NDCG@20': '0.0486'}
{'Epoch': 112, 'name': 'mid_freq', 'HIT@5': '0.0036', 'NDCG@5': '0.0018', 'HIT@10': '0.0057', 'NDCG@10': '0.0026', 'HIT@20': '0.0098', 'NDCG@20': '0.0036'}
{'Epoch': 112, 'name': 'low_freq', 'HIT@5': '0.0005', 'NDCG@5': '0.0003', 'HIT@10': '0.0011', 'NDCG@10': '0.0005', 'HIT@20': '0.0034', 'NDCG@20': '0.0011'}
{'Epoch': 112, 'name': 'all', 'HIT@5': '0.0324', 'NDCG@5': '0.0211', 'HIT@10': '0.0515', 'NDCG@10': '0.0272', 'HIT@20': '0.0781', 'NDCG@20': '0.0339'}
EarlyStopping counter: 2 out of 40
rec dataset length: 140
100%|████████████████████████████████████████████████████████████████████████████████████████████████████████████████████████████████████████████| 140/140 [00:16<00:00,  8.42it/s]
{'epoch': 113, 'rec_avg_loss': '0.6036', 'joint_avg_loss': '1.2840', 'cl_avg_loss': '1.9601', 'itemcl_loss': '4.8444', 'cl_pair_0_loss': '1.9601'}
Recommendation EP_test:113: 100%|| 140/140 [00:08<00:00, 15.57it/s]
{'Epoch': 113, 'name': 'high_freq', 'HIT@5': '0.0470', 'NDCG@5': '0.0309', 'HIT@10': '0.0750', 'NDCG@10': '0.0398', 'HIT@20': '0.1106', 'NDCG@20': '0.0488'}
{'Epoch': 113, 'name': 'mid_freq', 'HIT@5': '0.0034', 'NDCG@5': '0.0019', 'HIT@10': '0.0059', 'NDCG@10': '0.0027', 'HIT@20': '0.0090', 'NDCG@20': '0.0035'}
{'Epoch': 113, 'name': 'low_freq', 'HIT@5': '0.0005', 'NDCG@5': '0.0003', 'HIT@10': '0.0014', 'NDCG@10': '0.0006', 'HIT@20': '0.0036', 'NDCG@20': '0.0011'}
{'Epoch': 113, 'name': 'all', 'HIT@5': '0.0327', 'NDCG@5': '0.0214', 'HIT@10': '0.0523', 'NDCG@10': '0.0277', 'HIT@20': '0.0775', 'NDCG@20': '0.0340'}
EarlyStopping counter: 3 out of 40
rec dataset length: 140
100%|████████████████████████████████████████████████████████████████████████████████████████████████████████████████████████████████████████████| 140/140 [00:16<00:00,  8.26it/s]
{'epoch': 114, 'rec_avg_loss': '0.6002', 'joint_avg_loss': '1.2775', 'cl_avg_loss': '1.9449', 'itemcl_loss': '4.8286', 'cl_pair_0_loss': '1.9449'}
Recommendation EP_test:114: 100%|| 140/140 [00:09<00:00, 15.37it/s]
{'Epoch': 114, 'name': 'high_freq', 'HIT@5': '0.0475', 'NDCG@5': '0.0307', 'HIT@10': '0.0739', 'NDCG@10': '0.0392', 'HIT@20': '0.1096', 'NDCG@20': '0.0482'}
{'Epoch': 114, 'name': 'mid_freq', 'HIT@5': '0.0029', 'NDCG@5': '0.0016', 'HIT@10': '0.0057', 'NDCG@10': '0.0025', 'HIT@20': '0.0088', 'NDCG@20': '0.0032'}
{'Epoch': 114, 'name': 'low_freq', 'HIT@5': '0.0002', 'NDCG@5': '0.0001', 'HIT@10': '0.0009', 'NDCG@10': '0.0004', 'HIT@20': '0.0034', 'NDCG@20': '0.0010'}
{'Epoch': 114, 'name': 'all', 'HIT@5': '0.0329', 'NDCG@5': '0.0212', 'HIT@10': '0.0515', 'NDCG@10': '0.0272', 'HIT@20': '0.0767', 'NDCG@20': '0.0335'}
EarlyStopping counter: 4 out of 40
rec dataset length: 140
100%|████████████████████████████████████████████████████████████████████████████████████████████████████████████████████████████████████████████| 140/140 [00:16<00:00,  8.25it/s]
{'epoch': 115, 'rec_avg_loss': '0.6014', 'joint_avg_loss': '1.2757', 'cl_avg_loss': '1.9220', 'itemcl_loss': '4.8215', 'cl_pair_0_loss': '1.9220'}
Recommendation EP_test:115: 100%|| 140/140 [00:09<00:00, 15.22it/s]
{'Epoch': 115, 'name': 'high_freq', 'HIT@5': '0.0477', 'NDCG@5': '0.0307', 'HIT@10': '0.0745', 'NDCG@10': '0.0393', 'HIT@20': '0.1098', 'NDCG@20': '0.0483'}
{'Epoch': 115, 'name': 'mid_freq', 'HIT@5': '0.0032', 'NDCG@5': '0.0019', 'HIT@10': '0.0056', 'NDCG@10': '0.0027', 'HIT@20': '0.0086', 'NDCG@20': '0.0034'}
{'Epoch': 115, 'name': 'low_freq', 'HIT@5': '0.0007', 'NDCG@5': '0.0003', 'HIT@10': '0.0009', 'NDCG@10': '0.0004', 'HIT@20': '0.0034', 'NDCG@20': '0.0010'}
{'Epoch': 115, 'name': 'all', 'HIT@5': '0.0332', 'NDCG@5': '0.0213', 'HIT@10': '0.0519', 'NDCG@10': '0.0273', 'HIT@20': '0.0768', 'NDCG@20': '0.0336'}
EarlyStopping counter: 5 out of 40
rec dataset length: 140
100%|████████████████████████████████████████████████████████████████████████████████████████████████████████████████████████████████████████████| 140/140 [00:16<00:00,  8.35it/s]
{'epoch': 116, 'rec_avg_loss': '0.5989', 'joint_avg_loss': '1.2729', 'cl_avg_loss': '1.9298', 'itemcl_loss': '4.8096', 'cl_pair_0_loss': '1.9298'}
Recommendation EP_test:116: 100%|| 140/140 [00:09<00:00, 15.26it/s]
{'Epoch': 116, 'name': 'high_freq', 'HIT@5': '0.0483', 'NDCG@5': '0.0312', 'HIT@10': '0.0752', 'NDCG@10': '0.0399', 'HIT@20': '0.1110', 'NDCG@20': '0.0489'}
{'Epoch': 116, 'name': 'mid_freq', 'HIT@5': '0.0033', 'NDCG@5': '0.0021', 'HIT@10': '0.0060', 'NDCG@10': '0.0030', 'HIT@20': '0.0088', 'NDCG@20': '0.0036'}
{'Epoch': 116, 'name': 'low_freq', 'HIT@5': '0.0005', 'NDCG@5': '0.0003', 'HIT@10': '0.0018', 'NDCG@10': '0.0007', 'HIT@20': '0.0038', 'NDCG@20': '0.0012'}
{'Epoch': 116, 'name': 'all', 'HIT@5': '0.0336', 'NDCG@5': '0.0217', 'HIT@10': '0.0526', 'NDCG@10': '0.0278', 'HIT@20': '0.0777', 'NDCG@20': '0.0341'}
EarlyStopping counter: 6 out of 40
rec dataset length: 140
100%|████████████████████████████████████████████████████████████████████████████████████████████████████████████████████████████████████████████| 140/140 [00:16<00:00,  8.32it/s]
{'epoch': 117, 'rec_avg_loss': '0.5961', 'joint_avg_loss': '1.2666', 'cl_avg_loss': '1.9183', 'itemcl_loss': '4.7870', 'cl_pair_0_loss': '1.9183'}
Recommendation EP_test:117: 100%|| 140/140 [00:08<00:00, 15.75it/s]
{'Epoch': 117, 'name': 'high_freq', 'HIT@5': '0.0474', 'NDCG@5': '0.0309', 'HIT@10': '0.0749', 'NDCG@10': '0.0398', 'HIT@20': '0.1102', 'NDCG@20': '0.0487'}
{'Epoch': 117, 'name': 'mid_freq', 'HIT@5': '0.0037', 'NDCG@5': '0.0022', 'HIT@10': '0.0057', 'NDCG@10': '0.0029', 'HIT@20': '0.0088', 'NDCG@20': '0.0036'}
{'Epoch': 117, 'name': 'low_freq', 'HIT@5': '0.0002', 'NDCG@5': '0.0001', 'HIT@10': '0.0018', 'NDCG@10': '0.0006', 'HIT@20': '0.0045', 'NDCG@20': '0.0013'}
{'Epoch': 117, 'name': 'all', 'HIT@5': '0.0330', 'NDCG@5': '0.0215', 'HIT@10': '0.0523', 'NDCG@10': '0.0277', 'HIT@20': '0.0773', 'NDCG@20': '0.0340'}
EarlyStopping counter: 7 out of 40
rec dataset length: 140
100%|████████████████████████████████████████████████████████████████████████████████████████████████████████████████████████████████████████████| 140/140 [00:16<00:00,  8.30it/s]
{'epoch': 118, 'rec_avg_loss': '0.5957', 'joint_avg_loss': '1.2647', 'cl_avg_loss': '1.9156', 'itemcl_loss': '4.7746', 'cl_pair_0_loss': '1.9156'}
Recommendation EP_test:118: 100%|| 140/140 [00:09<00:00, 15.01it/s]
{'Epoch': 118, 'name': 'high_freq', 'HIT@5': '0.0465', 'NDCG@5': '0.0306', 'HIT@10': '0.0751', 'NDCG@10': '0.0398', 'HIT@20': '0.1106', 'NDCG@20': '0.0487'}
{'Epoch': 118, 'name': 'mid_freq', 'HIT@5': '0.0033', 'NDCG@5': '0.0021', 'HIT@10': '0.0059', 'NDCG@10': '0.0029', 'HIT@20': '0.0088', 'NDCG@20': '0.0036'}
{'Epoch': 118, 'name': 'low_freq', 'HIT@5': '0.0005', 'NDCG@5': '0.0003', 'HIT@10': '0.0011', 'NDCG@10': '0.0005', 'HIT@20': '0.0041', 'NDCG@20': '0.0012'}
{'Epoch': 118, 'name': 'all', 'HIT@5': '0.0324', 'NDCG@5': '0.0212', 'HIT@10': '0.0524', 'NDCG@10': '0.0277', 'HIT@20': '0.0775', 'NDCG@20': '0.0340'}
EarlyStopping counter: 8 out of 40
rec dataset length: 140
100%|████████████████████████████████████████████████████████████████████████████████████████████████████████████████████████████████████████████| 140/140 [00:16<00:00,  8.39it/s]
{'epoch': 119, 'rec_avg_loss': '0.5938', 'joint_avg_loss': '1.2613', 'cl_avg_loss': '1.9115', 'itemcl_loss': '4.7631', 'cl_pair_0_loss': '1.9115'}
Recommendation EP_test:119: 100%|| 140/140 [00:09<00:00, 14.86it/s]
{'Epoch': 119, 'name': 'high_freq', 'HIT@5': '0.0479', 'NDCG@5': '0.0314', 'HIT@10': '0.0750', 'NDCG@10': '0.0401', 'HIT@20': '0.1098', 'NDCG@20': '0.0489'}
{'Epoch': 119, 'name': 'mid_freq', 'HIT@5': '0.0040', 'NDCG@5': '0.0023', 'HIT@10': '0.0063', 'NDCG@10': '0.0030', 'HIT@20': '0.0090', 'NDCG@20': '0.0037'}
{'Epoch': 119, 'name': 'low_freq', 'HIT@5': '0.0005', 'NDCG@5': '0.0002', 'HIT@10': '0.0016', 'NDCG@10': '0.0006', 'HIT@20': '0.0045', 'NDCG@20': '0.0013'}
{'Epoch': 119, 'name': 'all', 'HIT@5': '0.0335', 'NDCG@5': '0.0219', 'HIT@10': '0.0525', 'NDCG@10': '0.0280', 'HIT@20': '0.0770', 'NDCG@20': '0.0341'}
EarlyStopping counter: 9 out of 40
rec dataset length: 140
100%|████████████████████████████████████████████████████████████████████████████████████████████████████████████████████████████████████████████| 140/140 [00:16<00:00,  8.36it/s]
{'epoch': 120, 'rec_avg_loss': '0.5874', 'joint_avg_loss': '1.2567', 'cl_avg_loss': '1.9457', 'itemcl_loss': '4.7477', 'cl_pair_0_loss': '1.9457'}
Recommendation EP_test:120: 100%|| 140/140 [00:09<00:00, 15.05it/s]
{'Epoch': 120, 'name': 'high_freq', 'HIT@5': '0.0461', 'NDCG@5': '0.0304', 'HIT@10': '0.0754', 'NDCG@10': '0.0398', 'HIT@20': '0.1096', 'NDCG@20': '0.0484'}
{'Epoch': 120, 'name': 'mid_freq', 'HIT@5': '0.0037', 'NDCG@5': '0.0023', 'HIT@10': '0.0059', 'NDCG@10': '0.0030', 'HIT@20': '0.0090', 'NDCG@20': '0.0038'}
{'Epoch': 120, 'name': 'low_freq', 'HIT@5': '0.0007', 'NDCG@5': '0.0004', 'HIT@10': '0.0014', 'NDCG@10': '0.0006', 'HIT@20': '0.0048', 'NDCG@20': '0.0014'}
{'Epoch': 120, 'name': 'all', 'HIT@5': '0.0322', 'NDCG@5': '0.0212', 'HIT@10': '0.0526', 'NDCG@10': '0.0278', 'HIT@20': '0.0769', 'NDCG@20': '0.0339'}
EarlyStopping counter: 10 out of 40
rec dataset length: 140
100%|████████████████████████████████████████████████████████████████████████████████████████████████████████████████████████████████████████████| 140/140 [00:16<00:00,  8.30it/s]
{'epoch': 121, 'rec_avg_loss': '0.5849', 'joint_avg_loss': '1.2498', 'cl_avg_loss': '1.9175', 'itemcl_loss': '4.7311', 'cl_pair_0_loss': '1.9175'}
Recommendation EP_test:121: 100%|| 140/140 [00:09<00:00, 15.18it/s]
{'Epoch': 121, 'name': 'high_freq', 'HIT@5': '0.0479', 'NDCG@5': '0.0313', 'HIT@10': '0.0744', 'NDCG@10': '0.0397', 'HIT@20': '0.1109', 'NDCG@20': '0.0489'}
{'Epoch': 121, 'name': 'mid_freq', 'HIT@5': '0.0040', 'NDCG@5': '0.0026', 'HIT@10': '0.0063', 'NDCG@10': '0.0033', 'HIT@20': '0.0098', 'NDCG@20': '0.0042'}
{'Epoch': 121, 'name': 'low_freq', 'HIT@5': '0.0007', 'NDCG@5': '0.0004', 'HIT@10': '0.0014', 'NDCG@10': '0.0006', 'HIT@20': '0.0048', 'NDCG@20': '0.0014'}
{'Epoch': 121, 'name': 'all', 'HIT@5': '0.0335', 'NDCG@5': '0.0218', 'HIT@10': '0.0520', 'NDCG@10': '0.0278', 'HIT@20': '0.0779', 'NDCG@20': '0.0343'}
Validation score increased.  Saving model ...
rec dataset length: 140
100%|████████████████████████████████████████████████████████████████████████████████████████████████████████████████████████████████████████████| 140/140 [00:16<00:00,  8.44it/s]
{'epoch': 122, 'rec_avg_loss': '0.5832', 'joint_avg_loss': '1.2485', 'cl_avg_loss': '1.9247', 'itemcl_loss': '4.7275', 'cl_pair_0_loss': '1.9247'}
Recommendation EP_test:122: 100%|| 140/140 [00:09<00:00, 15.40it/s]
{'Epoch': 122, 'name': 'high_freq', 'HIT@5': '0.0475', 'NDCG@5': '0.0313', 'HIT@10': '0.0748', 'NDCG@10': '0.0401', 'HIT@20': '0.1111', 'NDCG@20': '0.0492'}
{'Epoch': 122, 'name': 'mid_freq', 'HIT@5': '0.0037', 'NDCG@5': '0.0025', 'HIT@10': '0.0057', 'NDCG@10': '0.0031', 'HIT@20': '0.0096', 'NDCG@20': '0.0041'}
{'Epoch': 122, 'name': 'low_freq', 'HIT@5': '0.0007', 'NDCG@5': '0.0006', 'HIT@10': '0.0009', 'NDCG@10': '0.0006', 'HIT@20': '0.0041', 'NDCG@20': '0.0014'}
{'Epoch': 122, 'name': 'all', 'HIT@5': '0.0331', 'NDCG@5': '0.0219', 'HIT@10': '0.0521', 'NDCG@10': '0.0280', 'HIT@20': '0.0780', 'NDCG@20': '0.0345'}
Validation score increased.  Saving model ...
rec dataset length: 140
100%|████████████████████████████████████████████████████████████████████████████████████████████████████████████████████████████████████████████| 140/140 [00:16<00:00,  8.29it/s]
{'epoch': 123, 'rec_avg_loss': '0.5810', 'joint_avg_loss': '1.2429', 'cl_avg_loss': '1.9038', 'itemcl_loss': '4.7156', 'cl_pair_0_loss': '1.9038'}
Recommendation EP_test:123: 100%|| 140/140 [00:09<00:00, 14.82it/s]
{'Epoch': 123, 'name': 'high_freq', 'HIT@5': '0.0479', 'NDCG@5': '0.0315', 'HIT@10': '0.0755', 'NDCG@10': '0.0403', 'HIT@20': '0.1102', 'NDCG@20': '0.0490'}
{'Epoch': 123, 'name': 'mid_freq', 'HIT@5': '0.0036', 'NDCG@5': '0.0022', 'HIT@10': '0.0056', 'NDCG@10': '0.0029', 'HIT@20': '0.0092', 'NDCG@20': '0.0038'}
{'Epoch': 123, 'name': 'low_freq', 'HIT@5': '0.0007', 'NDCG@5': '0.0006', 'HIT@10': '0.0014', 'NDCG@10': '0.0008', 'HIT@20': '0.0043', 'NDCG@20': '0.0015'}
{'Epoch': 123, 'name': 'all', 'HIT@5': '0.0334', 'NDCG@5': '0.0219', 'HIT@10': '0.0526', 'NDCG@10': '0.0280', 'HIT@20': '0.0773', 'NDCG@20': '0.0343'}
EarlyStopping counter: 1 out of 40
rec dataset length: 140
100%|████████████████████████████████████████████████████████████████████████████████████████████████████████████████████████████████████████████| 140/140 [00:16<00:00,  8.27it/s]
{'epoch': 124, 'rec_avg_loss': '0.5821', 'joint_avg_loss': '1.2440', 'cl_avg_loss': '1.9128', 'itemcl_loss': '4.7064', 'cl_pair_0_loss': '1.9128'}
Recommendation EP_test:124: 100%|| 140/140 [00:09<00:00, 15.22it/s]
{'Epoch': 124, 'name': 'high_freq', 'HIT@5': '0.0474', 'NDCG@5': '0.0311', 'HIT@10': '0.0750', 'NDCG@10': '0.0400', 'HIT@20': '0.1124', 'NDCG@20': '0.0494'}
{'Epoch': 124, 'name': 'mid_freq', 'HIT@5': '0.0043', 'NDCG@5': '0.0026', 'HIT@10': '0.0060', 'NDCG@10': '0.0032', 'HIT@20': '0.0098', 'NDCG@20': '0.0041'}
{'Epoch': 124, 'name': 'low_freq', 'HIT@5': '0.0005', 'NDCG@5': '0.0003', 'HIT@10': '0.0014', 'NDCG@10': '0.0006', 'HIT@20': '0.0036', 'NDCG@20': '0.0012'}
{'Epoch': 124, 'name': 'all', 'HIT@5': '0.0332', 'NDCG@5': '0.0217', 'HIT@10': '0.0524', 'NDCG@10': '0.0279', 'HIT@20': '0.0788', 'NDCG@20': '0.0346'}
Validation score increased.  Saving model ...
rec dataset length: 140
100%|████████████████████████████████████████████████████████████████████████████████████████████████████████████████████████████████████████████| 140/140 [00:16<00:00,  8.25it/s]
{'epoch': 125, 'rec_avg_loss': '0.5757', 'joint_avg_loss': '1.2350', 'cl_avg_loss': '1.8923', 'itemcl_loss': '4.7001', 'cl_pair_0_loss': '1.8923'}
Recommendation EP_test:125: 100%|| 140/140 [00:09<00:00, 15.26it/s]
{'Epoch': 125, 'name': 'high_freq', 'HIT@5': '0.0472', 'NDCG@5': '0.0307', 'HIT@10': '0.0746', 'NDCG@10': '0.0395', 'HIT@20': '0.1122', 'NDCG@20': '0.0489'}
{'Epoch': 125, 'name': 'mid_freq', 'HIT@5': '0.0040', 'NDCG@5': '0.0025', 'HIT@10': '0.0053', 'NDCG@10': '0.0029', 'HIT@20': '0.0096', 'NDCG@20': '0.0040'}
{'Epoch': 125, 'name': 'low_freq', 'HIT@5': '0.0002', 'NDCG@5': '0.0001', 'HIT@10': '0.0009', 'NDCG@10': '0.0004', 'HIT@20': '0.0038', 'NDCG@20': '0.0011'}
{'Epoch': 125, 'name': 'all', 'HIT@5': '0.0329', 'NDCG@5': '0.0214', 'HIT@10': '0.0519', 'NDCG@10': '0.0275', 'HIT@20': '0.0787', 'NDCG@20': '0.0342'}
EarlyStopping counter: 1 out of 40
rec dataset length: 140
100%|████████████████████████████████████████████████████████████████████████████████████████████████████████████████████████████████████████████| 140/140 [00:17<00:00,  8.23it/s]
{'epoch': 126, 'rec_avg_loss': '0.5740', 'joint_avg_loss': '1.2325', 'cl_avg_loss': '1.8968', 'itemcl_loss': '4.6882', 'cl_pair_0_loss': '1.8968'}
Recommendation EP_test:126: 100%|| 140/140 [00:09<00:00, 14.47it/s]
{'Epoch': 126, 'name': 'high_freq', 'HIT@5': '0.0470', 'NDCG@5': '0.0308', 'HIT@10': '0.0745', 'NDCG@10': '0.0396', 'HIT@20': '0.1116', 'NDCG@20': '0.0490'}
{'Epoch': 126, 'name': 'mid_freq', 'HIT@5': '0.0046', 'NDCG@5': '0.0029', 'HIT@10': '0.0057', 'NDCG@10': '0.0033', 'HIT@20': '0.0103', 'NDCG@20': '0.0044'}
{'Epoch': 126, 'name': 'low_freq', 'HIT@5': '0.0002', 'NDCG@5': '0.0001', 'HIT@10': '0.0009', 'NDCG@10': '0.0004', 'HIT@20': '0.0048', 'NDCG@20': '0.0014'}
{'Epoch': 126, 'name': 'all', 'HIT@5': '0.0329', 'NDCG@5': '0.0215', 'HIT@10': '0.0519', 'NDCG@10': '0.0276', 'HIT@20': '0.0785', 'NDCG@20': '0.0343'}
EarlyStopping counter: 2 out of 40
rec dataset length: 140
100%|████████████████████████████████████████████████████████████████████████████████████████████████████████████████████████████████████████████| 140/140 [00:16<00:00,  8.26it/s]
{'epoch': 127, 'rec_avg_loss': '0.5733', 'joint_avg_loss': '1.2319', 'cl_avg_loss': '1.9095', 'itemcl_loss': '4.6760', 'cl_pair_0_loss': '1.9095'}
Recommendation EP_test:127: 100%|| 140/140 [00:09<00:00, 15.37it/s]
{'Epoch': 127, 'name': 'high_freq', 'HIT@5': '0.0474', 'NDCG@5': '0.0312', 'HIT@10': '0.0732', 'NDCG@10': '0.0394', 'HIT@20': '0.1101', 'NDCG@20': '0.0487'}
{'Epoch': 127, 'name': 'mid_freq', 'HIT@5': '0.0042', 'NDCG@5': '0.0026', 'HIT@10': '0.0059', 'NDCG@10': '0.0032', 'HIT@20': '0.0093', 'NDCG@20': '0.0040'}
{'Epoch': 127, 'name': 'low_freq', 'HIT@5': '0.0002', 'NDCG@5': '0.0001', 'HIT@10': '0.0014', 'NDCG@10': '0.0005', 'HIT@20': '0.0041', 'NDCG@20': '0.0012'}
{'Epoch': 127, 'name': 'all', 'HIT@5': '0.0331', 'NDCG@5': '0.0217', 'HIT@10': '0.0511', 'NDCG@10': '0.0275', 'HIT@20': '0.0773', 'NDCG@20': '0.0341'}
EarlyStopping counter: 3 out of 40
rec dataset length: 140
100%|████████████████████████████████████████████████████████████████████████████████████████████████████████████████████████████████████████████| 140/140 [00:17<00:00,  8.13it/s]
{'epoch': 128, 'rec_avg_loss': '0.5707', 'joint_avg_loss': '1.2275', 'cl_avg_loss': '1.9054', 'itemcl_loss': '4.6623', 'cl_pair_0_loss': '1.9054'}
Recommendation EP_test:128: 100%|| 140/140 [00:09<00:00, 14.85it/s]
{'Epoch': 128, 'name': 'high_freq', 'HIT@5': '0.0468', 'NDCG@5': '0.0308', 'HIT@10': '0.0745', 'NDCG@10': '0.0397', 'HIT@20': '0.1102', 'NDCG@20': '0.0487'}
{'Epoch': 128, 'name': 'mid_freq', 'HIT@5': '0.0039', 'NDCG@5': '0.0024', 'HIT@10': '0.0059', 'NDCG@10': '0.0031', 'HIT@20': '0.0093', 'NDCG@20': '0.0039'}
{'Epoch': 128, 'name': 'low_freq', 'HIT@5': '0.0005', 'NDCG@5': '0.0003', 'HIT@10': '0.0014', 'NDCG@10': '0.0005', 'HIT@20': '0.0045', 'NDCG@20': '0.0013'}
{'Epoch': 128, 'name': 'all', 'HIT@5': '0.0326', 'NDCG@5': '0.0214', 'HIT@10': '0.0520', 'NDCG@10': '0.0276', 'HIT@20': '0.0774', 'NDCG@20': '0.0340'}
EarlyStopping counter: 4 out of 40
rec dataset length: 140
100%|████████████████████████████████████████████████████████████████████████████████████████████████████████████████████████████████████████████| 140/140 [00:16<00:00,  8.48it/s]
{'epoch': 129, 'rec_avg_loss': '0.5699', 'joint_avg_loss': '1.2259', 'cl_avg_loss': '1.9090', 'itemcl_loss': '4.6504', 'cl_pair_0_loss': '1.9090'}
Recommendation EP_test:129: 100%|| 140/140 [00:09<00:00, 14.85it/s]
{'Epoch': 129, 'name': 'high_freq', 'HIT@5': '0.0485', 'NDCG@5': '0.0316', 'HIT@10': '0.0756', 'NDCG@10': '0.0403', 'HIT@20': '0.1113', 'NDCG@20': '0.0493'}
{'Epoch': 129, 'name': 'mid_freq', 'HIT@5': '0.0043', 'NDCG@5': '0.0029', 'HIT@10': '0.0060', 'NDCG@10': '0.0034', 'HIT@20': '0.0102', 'NDCG@20': '0.0045'}
{'Epoch': 129, 'name': 'low_freq', 'HIT@5': '0.0005', 'NDCG@5': '0.0003', 'HIT@10': '0.0014', 'NDCG@10': '0.0005', 'HIT@20': '0.0054', 'NDCG@20': '0.0015'}
{'Epoch': 129, 'name': 'all', 'HIT@5': '0.0339', 'NDCG@5': '0.0221', 'HIT@10': '0.0528', 'NDCG@10': '0.0282', 'HIT@20': '0.0784', 'NDCG@20': '0.0346'}
Validation score increased.  Saving model ...
rec dataset length: 140
100%|████████████████████████████████████████████████████████████████████████████████████████████████████████████████████████████████████████████| 140/140 [00:17<00:00,  8.22it/s]
{'epoch': 130, 'rec_avg_loss': '0.5696', 'joint_avg_loss': '1.2251', 'cl_avg_loss': '1.9139', 'itemcl_loss': '4.6413', 'cl_pair_0_loss': '1.9139'}
Recommendation EP_test:130: 100%|| 140/140 [00:09<00:00, 14.97it/s]
{'Epoch': 130, 'name': 'high_freq', 'HIT@5': '0.0496', 'NDCG@5': '0.0323', 'HIT@10': '0.0749', 'NDCG@10': '0.0404', 'HIT@20': '0.1109', 'NDCG@20': '0.0495'}
{'Epoch': 130, 'name': 'mid_freq', 'HIT@5': '0.0043', 'NDCG@5': '0.0029', 'HIT@10': '0.0062', 'NDCG@10': '0.0035', 'HIT@20': '0.0109', 'NDCG@20': '0.0047'}
{'Epoch': 130, 'name': 'low_freq', 'HIT@5': '0.0007', 'NDCG@5': '0.0004', 'HIT@10': '0.0016', 'NDCG@10': '0.0007', 'HIT@20': '0.0052', 'NDCG@20': '0.0016'}
{'Epoch': 130, 'name': 'all', 'HIT@5': '0.0346', 'NDCG@5': '0.0226', 'HIT@10': '0.0524', 'NDCG@10': '0.0283', 'HIT@20': '0.0782', 'NDCG@20': '0.0348'}
Validation score increased.  Saving model ...
rec dataset length: 140
100%|████████████████████████████████████████████████████████████████████████████████████████████████████████████████████████████████████████████| 140/140 [00:16<00:00,  8.37it/s]
{'epoch': 131, 'rec_avg_loss': '0.5669', 'joint_avg_loss': '1.2203', 'cl_avg_loss': '1.8981', 'itemcl_loss': '4.6362', 'cl_pair_0_loss': '1.8981'}
Recommendation EP_test:131: 100%|| 140/140 [00:09<00:00, 14.95it/s]
{'Epoch': 131, 'name': 'high_freq', 'HIT@5': '0.0481', 'NDCG@5': '0.0317', 'HIT@10': '0.0756', 'NDCG@10': '0.0405', 'HIT@20': '0.1110', 'NDCG@20': '0.0494'}
{'Epoch': 131, 'name': 'mid_freq', 'HIT@5': '0.0042', 'NDCG@5': '0.0029', 'HIT@10': '0.0062', 'NDCG@10': '0.0035', 'HIT@20': '0.0099', 'NDCG@20': '0.0045'}
{'Epoch': 131, 'name': 'low_freq', 'HIT@5': '0.0005', 'NDCG@5': '0.0003', 'HIT@10': '0.0016', 'NDCG@10': '0.0006', 'HIT@20': '0.0043', 'NDCG@20': '0.0013'}
{'Epoch': 131, 'name': 'all', 'HIT@5': '0.0336', 'NDCG@5': '0.0221', 'HIT@10': '0.0529', 'NDCG@10': '0.0283', 'HIT@20': '0.0780', 'NDCG@20': '0.0347'}
EarlyStopping counter: 1 out of 40
rec dataset length: 140
100%|████████████████████████████████████████████████████████████████████████████████████████████████████████████████████████████████████████████| 140/140 [00:16<00:00,  8.35it/s]
{'epoch': 132, 'rec_avg_loss': '0.5638', 'joint_avg_loss': '1.2144', 'cl_avg_loss': '1.8803', 'itemcl_loss': '4.6256', 'cl_pair_0_loss': '1.8803'}
Recommendation EP_test:132: 100%|| 140/140 [00:09<00:00, 14.95it/s]
{'Epoch': 132, 'name': 'high_freq', 'HIT@5': '0.0481', 'NDCG@5': '0.0318', 'HIT@10': '0.0755', 'NDCG@10': '0.0406', 'HIT@20': '0.1106', 'NDCG@20': '0.0495'}
{'Epoch': 132, 'name': 'mid_freq', 'HIT@5': '0.0049', 'NDCG@5': '0.0028', 'HIT@10': '0.0066', 'NDCG@10': '0.0034', 'HIT@20': '0.0105', 'NDCG@20': '0.0044'}
{'Epoch': 132, 'name': 'low_freq', 'HIT@5': '0.0005', 'NDCG@5': '0.0003', 'HIT@10': '0.0016', 'NDCG@10': '0.0006', 'HIT@20': '0.0043', 'NDCG@20': '0.0013'}
{'Epoch': 132, 'name': 'all', 'HIT@5': '0.0338', 'NDCG@5': '0.0222', 'HIT@10': '0.0528', 'NDCG@10': '0.0284', 'HIT@20': '0.0778', 'NDCG@20': '0.0347'}
EarlyStopping counter: 2 out of 40
rec dataset length: 140
100%|████████████████████████████████████████████████████████████████████████████████████████████████████████████████████████████████████████████| 140/140 [00:17<00:00,  8.19it/s]
{'epoch': 133, 'rec_avg_loss': '0.5620', 'joint_avg_loss': '1.2139', 'cl_avg_loss': '1.9030', 'itemcl_loss': '4.6160', 'cl_pair_0_loss': '1.9030'}
Recommendation EP_test:133: 100%|| 140/140 [00:09<00:00, 14.83it/s]
{'Epoch': 133, 'name': 'high_freq', 'HIT@5': '0.0486', 'NDCG@5': '0.0320', 'HIT@10': '0.0766', 'NDCG@10': '0.0410', 'HIT@20': '0.1110', 'NDCG@20': '0.0497'}
{'Epoch': 133, 'name': 'mid_freq', 'HIT@5': '0.0043', 'NDCG@5': '0.0027', 'HIT@10': '0.0063', 'NDCG@10': '0.0033', 'HIT@20': '0.0105', 'NDCG@20': '0.0044'}
{'Epoch': 133, 'name': 'low_freq', 'HIT@5': '0.0005', 'NDCG@5': '0.0002', 'HIT@10': '0.0014', 'NDCG@10': '0.0005', 'HIT@20': '0.0048', 'NDCG@20': '0.0013'}
{'Epoch': 133, 'name': 'all', 'HIT@5': '0.0339', 'NDCG@5': '0.0223', 'HIT@10': '0.0535', 'NDCG@10': '0.0286', 'HIT@20': '0.0782', 'NDCG@20': '0.0348'}
Validation score increased.  Saving model ...
rec dataset length: 140
100%|████████████████████████████████████████████████████████████████████████████████████████████████████████████████████████████████████████████| 140/140 [00:17<00:00,  8.22it/s]
{'epoch': 134, 'rec_avg_loss': '0.5640', 'joint_avg_loss': '1.2140', 'cl_avg_loss': '1.8881', 'itemcl_loss': '4.6115', 'cl_pair_0_loss': '1.8881'}
Recommendation EP_test:134: 100%|| 140/140 [00:09<00:00, 15.13it/s]
{'Epoch': 134, 'name': 'high_freq', 'HIT@5': '0.0488', 'NDCG@5': '0.0318', 'HIT@10': '0.0762', 'NDCG@10': '0.0407', 'HIT@20': '0.1117', 'NDCG@20': '0.0496'}
{'Epoch': 134, 'name': 'mid_freq', 'HIT@5': '0.0045', 'NDCG@5': '0.0028', 'HIT@10': '0.0063', 'NDCG@10': '0.0034', 'HIT@20': '0.0102', 'NDCG@20': '0.0044'}
{'Epoch': 134, 'name': 'low_freq', 'HIT@5': '0.0005', 'NDCG@5': '0.0002', 'HIT@10': '0.0011', 'NDCG@10': '0.0004', 'HIT@20': '0.0048', 'NDCG@20': '0.0013'}
{'Epoch': 134, 'name': 'all', 'HIT@5': '0.0341', 'NDCG@5': '0.0222', 'HIT@10': '0.0532', 'NDCG@10': '0.0284', 'HIT@20': '0.0786', 'NDCG@20': '0.0348'}
EarlyStopping counter: 1 out of 40
rec dataset length: 140
100%|████████████████████████████████████████████████████████████████████████████████████████████████████████████████████████████████████████████| 140/140 [00:16<00:00,  8.42it/s]
{'epoch': 135, 'rec_avg_loss': '0.5600', 'joint_avg_loss': '1.2085', 'cl_avg_loss': '1.8810', 'itemcl_loss': '4.6034', 'cl_pair_0_loss': '1.8810'}
Recommendation EP_test:135: 100%|| 140/140 [00:09<00:00, 15.05it/s]
{'Epoch': 135, 'name': 'high_freq', 'HIT@5': '0.0491', 'NDCG@5': '0.0323', 'HIT@10': '0.0763', 'NDCG@10': '0.0410', 'HIT@20': '0.1122', 'NDCG@20': '0.0500'}
{'Epoch': 135, 'name': 'mid_freq', 'HIT@5': '0.0046', 'NDCG@5': '0.0029', 'HIT@10': '0.0063', 'NDCG@10': '0.0034', 'HIT@20': '0.0105', 'NDCG@20': '0.0045'}
{'Epoch': 135, 'name': 'low_freq', 'HIT@5': '0.0005', 'NDCG@5': '0.0002', 'HIT@10': '0.0018', 'NDCG@10': '0.0006', 'HIT@20': '0.0052', 'NDCG@20': '0.0015'}
{'Epoch': 135, 'name': 'all', 'HIT@5': '0.0343', 'NDCG@5': '0.0225', 'HIT@10': '0.0534', 'NDCG@10': '0.0286', 'HIT@20': '0.0790', 'NDCG@20': '0.0351'}
Validation score increased.  Saving model ...
rec dataset length: 140
100%|████████████████████████████████████████████████████████████████████████████████████████████████████████████████████████████████████████████| 140/140 [00:16<00:00,  8.46it/s]
{'epoch': 136, 'rec_avg_loss': '0.5600', 'joint_avg_loss': '1.2077', 'cl_avg_loss': '1.8785', 'itemcl_loss': '4.5991', 'cl_pair_0_loss': '1.8785'}
Recommendation EP_test:136: 100%|| 140/140 [00:09<00:00, 14.84it/s]
{'Epoch': 136, 'name': 'high_freq', 'HIT@5': '0.0477', 'NDCG@5': '0.0317', 'HIT@10': '0.0752', 'NDCG@10': '0.0406', 'HIT@20': '0.1123', 'NDCG@20': '0.0499'}
{'Epoch': 136, 'name': 'mid_freq', 'HIT@5': '0.0037', 'NDCG@5': '0.0025', 'HIT@10': '0.0063', 'NDCG@10': '0.0033', 'HIT@20': '0.0106', 'NDCG@20': '0.0044'}
{'Epoch': 136, 'name': 'low_freq', 'HIT@5': '0.0005', 'NDCG@5': '0.0002', 'HIT@10': '0.0018', 'NDCG@10': '0.0006', 'HIT@20': '0.0050', 'NDCG@20': '0.0014'}
{'Epoch': 136, 'name': 'all', 'HIT@5': '0.0333', 'NDCG@5': '0.0221', 'HIT@10': '0.0526', 'NDCG@10': '0.0283', 'HIT@20': '0.0791', 'NDCG@20': '0.0350'}
EarlyStopping counter: 1 out of 40
rec dataset length: 140
100%|████████████████████████████████████████████████████████████████████████████████████████████████████████████████████████████████████████████| 140/140 [00:16<00:00,  8.30it/s]
{'epoch': 137, 'rec_avg_loss': '0.5558', 'joint_avg_loss': '1.2010', 'cl_avg_loss': '1.8664', 'itemcl_loss': '4.5857', 'cl_pair_0_loss': '1.8664'}
Recommendation EP_test:137: 100%|| 140/140 [00:09<00:00, 14.82it/s]
{'Epoch': 137, 'name': 'high_freq', 'HIT@5': '0.0480', 'NDCG@5': '0.0319', 'HIT@10': '0.0753', 'NDCG@10': '0.0406', 'HIT@20': '0.1108', 'NDCG@20': '0.0496'}
{'Epoch': 137, 'name': 'mid_freq', 'HIT@5': '0.0042', 'NDCG@5': '0.0027', 'HIT@10': '0.0068', 'NDCG@10': '0.0035', 'HIT@20': '0.0108', 'NDCG@20': '0.0045'}
{'Epoch': 137, 'name': 'low_freq', 'HIT@5': '0.0009', 'NDCG@5': '0.0004', 'HIT@10': '0.0014', 'NDCG@10': '0.0005', 'HIT@20': '0.0052', 'NDCG@20': '0.0015'}
{'Epoch': 137, 'name': 'all', 'HIT@5': '0.0336', 'NDCG@5': '0.0222', 'HIT@10': '0.0527', 'NDCG@10': '0.0284', 'HIT@20': '0.0782', 'NDCG@20': '0.0348'}
EarlyStopping counter: 2 out of 40
rec dataset length: 140
100%|████████████████████████████████████████████████████████████████████████████████████████████████████████████████████████████████████████████| 140/140 [00:16<00:00,  8.29it/s]
{'epoch': 138, 'rec_avg_loss': '0.5568', 'joint_avg_loss': '1.2008', 'cl_avg_loss': '1.8708', 'itemcl_loss': '4.5693', 'cl_pair_0_loss': '1.8708'}
Recommendation EP_test:138: 100%|| 140/140 [00:08<00:00, 15.67it/s]
{'Epoch': 138, 'name': 'high_freq', 'HIT@5': '0.0476', 'NDCG@5': '0.0315', 'HIT@10': '0.0739', 'NDCG@10': '0.0400', 'HIT@20': '0.1108', 'NDCG@20': '0.0493'}
{'Epoch': 138, 'name': 'mid_freq', 'HIT@5': '0.0042', 'NDCG@5': '0.0027', 'HIT@10': '0.0069', 'NDCG@10': '0.0036', 'HIT@20': '0.0105', 'NDCG@20': '0.0045'}
{'Epoch': 138, 'name': 'low_freq', 'HIT@5': '0.0011', 'NDCG@5': '0.0005', 'HIT@10': '0.0016', 'NDCG@10': '0.0006', 'HIT@20': '0.0043', 'NDCG@20': '0.0013'}
{'Epoch': 138, 'name': 'all', 'HIT@5': '0.0333', 'NDCG@5': '0.0220', 'HIT@10': '0.0518', 'NDCG@10': '0.0280', 'HIT@20': '0.0780', 'NDCG@20': '0.0346'}
EarlyStopping counter: 3 out of 40
rec dataset length: 140
100%|████████████████████████████████████████████████████████████████████████████████████████████████████████████████████████████████████████████| 140/140 [00:16<00:00,  8.25it/s]
{'epoch': 139, 'rec_avg_loss': '0.5534', 'joint_avg_loss': '1.1952', 'cl_avg_loss': '1.8598', 'itemcl_loss': '4.5584', 'cl_pair_0_loss': '1.8598'}
Recommendation EP_test:139: 100%|| 140/140 [00:08<00:00, 15.95it/s]
{'Epoch': 139, 'name': 'high_freq', 'HIT@5': '0.0485', 'NDCG@5': '0.0320', 'HIT@10': '0.0766', 'NDCG@10': '0.0410', 'HIT@20': '0.1113', 'NDCG@20': '0.0498'}
{'Epoch': 139, 'name': 'mid_freq', 'HIT@5': '0.0037', 'NDCG@5': '0.0024', 'HIT@10': '0.0065', 'NDCG@10': '0.0033', 'HIT@20': '0.0108', 'NDCG@20': '0.0044'}
{'Epoch': 139, 'name': 'low_freq', 'HIT@5': '0.0005', 'NDCG@5': '0.0002', 'HIT@10': '0.0016', 'NDCG@10': '0.0006', 'HIT@20': '0.0052', 'NDCG@20': '0.0015'}
{'Epoch': 139, 'name': 'all', 'HIT@5': '0.0338', 'NDCG@5': '0.0223', 'HIT@10': '0.0535', 'NDCG@10': '0.0286', 'HIT@20': '0.0785', 'NDCG@20': '0.0349'}
EarlyStopping counter: 4 out of 40
rec dataset length: 140
100%|████████████████████████████████████████████████████████████████████████████████████████████████████████████████████████████████████████████| 140/140 [00:16<00:00,  8.39it/s]
{'epoch': 140, 'rec_avg_loss': '0.5508', 'joint_avg_loss': '1.1909', 'cl_avg_loss': '1.8370', 'itemcl_loss': '4.5641', 'cl_pair_0_loss': '1.8370'}
Recommendation EP_test:140: 100%|| 140/140 [00:09<00:00, 15.52it/s]
{'Epoch': 140, 'name': 'high_freq', 'HIT@5': '0.0478', 'NDCG@5': '0.0319', 'HIT@10': '0.0743', 'NDCG@10': '0.0404', 'HIT@20': '0.1112', 'NDCG@20': '0.0497'}
{'Epoch': 140, 'name': 'mid_freq', 'HIT@5': '0.0042', 'NDCG@5': '0.0027', 'HIT@10': '0.0063', 'NDCG@10': '0.0034', 'HIT@20': '0.0108', 'NDCG@20': '0.0045'}
{'Epoch': 140, 'name': 'low_freq', 'HIT@5': '0.0009', 'NDCG@5': '0.0005', 'HIT@10': '0.0018', 'NDCG@10': '0.0007', 'HIT@20': '0.0045', 'NDCG@20': '0.0014'}
{'Epoch': 140, 'name': 'all', 'HIT@5': '0.0335', 'NDCG@5': '0.0223', 'HIT@10': '0.0520', 'NDCG@10': '0.0283', 'HIT@20': '0.0783', 'NDCG@20': '0.0349'}
EarlyStopping counter: 5 out of 40
rec dataset length: 140
100%|████████████████████████████████████████████████████████████████████████████████████████████████████████████████████████████████████████████| 140/140 [00:16<00:00,  8.26it/s]
{'epoch': 141, 'rec_avg_loss': '0.5496', 'joint_avg_loss': '1.1890', 'cl_avg_loss': '1.8406', 'itemcl_loss': '4.5538', 'cl_pair_0_loss': '1.8406'}
Recommendation EP_test:141: 100%|| 140/140 [00:08<00:00, 15.84it/s]
{'Epoch': 141, 'name': 'high_freq', 'HIT@5': '0.0477', 'NDCG@5': '0.0321', 'HIT@10': '0.0752', 'NDCG@10': '0.0409', 'HIT@20': '0.1130', 'NDCG@20': '0.0504'}
{'Epoch': 141, 'name': 'mid_freq', 'HIT@5': '0.0042', 'NDCG@5': '0.0027', 'HIT@10': '0.0060', 'NDCG@10': '0.0033', 'HIT@20': '0.0108', 'NDCG@20': '0.0045'}
{'Epoch': 141, 'name': 'low_freq', 'HIT@5': '0.0005', 'NDCG@5': '0.0002', 'HIT@10': '0.0016', 'NDCG@10': '0.0006', 'HIT@20': '0.0048', 'NDCG@20': '0.0013'}
{'Epoch': 141, 'name': 'all', 'HIT@5': '0.0333', 'NDCG@5': '0.0224', 'HIT@10': '0.0526', 'NDCG@10': '0.0286', 'HIT@20': '0.0796', 'NDCG@20': '0.0354'}
Validation score increased.  Saving model ...
rec dataset length: 140
100%|████████████████████████████████████████████████████████████████████████████████████████████████████████████████████████████████████████████| 140/140 [00:16<00:00,  8.37it/s]
{'epoch': 142, 'rec_avg_loss': '0.5486', 'joint_avg_loss': '1.1900', 'cl_avg_loss': '1.8705', 'itemcl_loss': '4.5432', 'cl_pair_0_loss': '1.8705'}
Recommendation EP_test:142: 100%|| 140/140 [00:08<00:00, 15.59it/s]
{'Epoch': 142, 'name': 'high_freq', 'HIT@5': '0.0488', 'NDCG@5': '0.0324', 'HIT@10': '0.0753', 'NDCG@10': '0.0409', 'HIT@20': '0.1117', 'NDCG@20': '0.0501'}
{'Epoch': 142, 'name': 'mid_freq', 'HIT@5': '0.0043', 'NDCG@5': '0.0027', 'HIT@10': '0.0060', 'NDCG@10': '0.0033', 'HIT@20': '0.0101', 'NDCG@20': '0.0043'}
{'Epoch': 142, 'name': 'low_freq', 'HIT@5': '0.0007', 'NDCG@5': '0.0004', 'HIT@10': '0.0020', 'NDCG@10': '0.0008', 'HIT@20': '0.0041', 'NDCG@20': '0.0013'}
{'Epoch': 142, 'name': 'all', 'HIT@5': '0.0342', 'NDCG@5': '0.0226', 'HIT@10': '0.0527', 'NDCG@10': '0.0286', 'HIT@20': '0.0784', 'NDCG@20': '0.0351'}
EarlyStopping counter: 1 out of 40
rec dataset length: 140
100%|████████████████████████████████████████████████████████████████████████████████████████████████████████████████████████████████████████████| 140/140 [00:16<00:00,  8.25it/s]
{'epoch': 143, 'rec_avg_loss': '0.5477', 'joint_avg_loss': '1.1890', 'cl_avg_loss': '1.8770', 'itemcl_loss': '4.5359', 'cl_pair_0_loss': '1.8770'}
Recommendation EP_test:143: 100%|| 140/140 [00:09<00:00, 15.55it/s]
{'Epoch': 143, 'name': 'high_freq', 'HIT@5': '0.0482', 'NDCG@5': '0.0321', 'HIT@10': '0.0747', 'NDCG@10': '0.0406', 'HIT@20': '0.1113', 'NDCG@20': '0.0498'}
{'Epoch': 143, 'name': 'mid_freq', 'HIT@5': '0.0040', 'NDCG@5': '0.0027', 'HIT@10': '0.0059', 'NDCG@10': '0.0033', 'HIT@20': '0.0106', 'NDCG@20': '0.0045'}
{'Epoch': 143, 'name': 'low_freq', 'HIT@5': '0.0009', 'NDCG@5': '0.0004', 'HIT@10': '0.0020', 'NDCG@10': '0.0008', 'HIT@20': '0.0052', 'NDCG@20': '0.0016'}
{'Epoch': 143, 'name': 'all', 'HIT@5': '0.0337', 'NDCG@5': '0.0224', 'HIT@10': '0.0522', 'NDCG@10': '0.0284', 'HIT@20': '0.0784', 'NDCG@20': '0.0349'}
EarlyStopping counter: 2 out of 40
rec dataset length: 140
100%|████████████████████████████████████████████████████████████████████████████████████████████████████████████████████████████████████████████| 140/140 [00:16<00:00,  8.32it/s]
{'epoch': 144, 'rec_avg_loss': '0.5444', 'joint_avg_loss': '1.1823', 'cl_avg_loss': '1.8505', 'itemcl_loss': '4.5289', 'cl_pair_0_loss': '1.8505'}
Recommendation EP_test:144: 100%|| 140/140 [00:08<00:00, 15.85it/s]
{'Epoch': 144, 'name': 'high_freq', 'HIT@5': '0.0471', 'NDCG@5': '0.0316', 'HIT@10': '0.0747', 'NDCG@10': '0.0405', 'HIT@20': '0.1119', 'NDCG@20': '0.0498'}
{'Epoch': 144, 'name': 'mid_freq', 'HIT@5': '0.0039', 'NDCG@5': '0.0027', 'HIT@10': '0.0065', 'NDCG@10': '0.0036', 'HIT@20': '0.0099', 'NDCG@20': '0.0044'}
{'Epoch': 144, 'name': 'low_freq', 'HIT@5': '0.0005', 'NDCG@5': '0.0002', 'HIT@10': '0.0016', 'NDCG@10': '0.0006', 'HIT@20': '0.0048', 'NDCG@20': '0.0014'}
{'Epoch': 144, 'name': 'all', 'HIT@5': '0.0329', 'NDCG@5': '0.0221', 'HIT@10': '0.0523', 'NDCG@10': '0.0283', 'HIT@20': '0.0787', 'NDCG@20': '0.0349'}
EarlyStopping counter: 3 out of 40
rec dataset length: 140
100%|████████████████████████████████████████████████████████████████████████████████████████████████████████████████████████████████████████████| 140/140 [00:16<00:00,  8.48it/s]
{'epoch': 145, 'rec_avg_loss': '0.5445', 'joint_avg_loss': '1.1805', 'cl_avg_loss': '1.8309', 'itemcl_loss': '4.5286', 'cl_pair_0_loss': '1.8309'}
Recommendation EP_test:145: 100%|| 140/140 [00:08<00:00, 15.65it/s]
{'Epoch': 145, 'name': 'high_freq', 'HIT@5': '0.0473', 'NDCG@5': '0.0314', 'HIT@10': '0.0744', 'NDCG@10': '0.0402', 'HIT@20': '0.1116', 'NDCG@20': '0.0495'}
{'Epoch': 145, 'name': 'mid_freq', 'HIT@5': '0.0039', 'NDCG@5': '0.0026', 'HIT@10': '0.0066', 'NDCG@10': '0.0035', 'HIT@20': '0.0093', 'NDCG@20': '0.0042'}
{'Epoch': 145, 'name': 'low_freq', 'HIT@5': '0.0002', 'NDCG@5': '0.0001', 'HIT@10': '0.0016', 'NDCG@10': '0.0005', 'HIT@20': '0.0043', 'NDCG@20': '0.0012'}
{'Epoch': 145, 'name': 'all', 'HIT@5': '0.0330', 'NDCG@5': '0.0219', 'HIT@10': '0.0521', 'NDCG@10': '0.0281', 'HIT@20': '0.0783', 'NDCG@20': '0.0346'}
EarlyStopping counter: 4 out of 40
rec dataset length: 140
100%|████████████████████████████████████████████████████████████████████████████████████████████████████████████████████████████████████████████| 140/140 [00:16<00:00,  8.28it/s]
{'epoch': 146, 'rec_avg_loss': '0.5428', 'joint_avg_loss': '1.1780', 'cl_avg_loss': '1.8401', 'itemcl_loss': '4.5119', 'cl_pair_0_loss': '1.8401'}
Recommendation EP_test:146: 100%|| 140/140 [00:09<00:00, 15.45it/s]
{'Epoch': 146, 'name': 'high_freq', 'HIT@5': '0.0467', 'NDCG@5': '0.0315', 'HIT@10': '0.0756', 'NDCG@10': '0.0407', 'HIT@20': '0.1117', 'NDCG@20': '0.0498'}
{'Epoch': 146, 'name': 'mid_freq', 'HIT@5': '0.0042', 'NDCG@5': '0.0026', 'HIT@10': '0.0065', 'NDCG@10': '0.0033', 'HIT@20': '0.0102', 'NDCG@20': '0.0042'}
{'Epoch': 146, 'name': 'low_freq', 'HIT@5': '0.0005', 'NDCG@5': '0.0002', 'HIT@10': '0.0016', 'NDCG@10': '0.0006', 'HIT@20': '0.0048', 'NDCG@20': '0.0014'}
{'Epoch': 146, 'name': 'all', 'HIT@5': '0.0327', 'NDCG@5': '0.0219', 'HIT@10': '0.0529', 'NDCG@10': '0.0284', 'HIT@20': '0.0785', 'NDCG@20': '0.0349'}
EarlyStopping counter: 5 out of 40
rec dataset length: 140
100%|████████████████████████████████████████████████████████████████████████████████████████████████████████████████████████████████████████████| 140/140 [00:16<00:00,  8.50it/s]
{'epoch': 147, 'rec_avg_loss': '0.5437', 'joint_avg_loss': '1.1820', 'cl_avg_loss': '1.8707', 'itemcl_loss': '4.5124', 'cl_pair_0_loss': '1.8707'}
Recommendation EP_test:147: 100%|| 140/140 [00:09<00:00, 15.33it/s]
{'Epoch': 147, 'name': 'high_freq', 'HIT@5': '0.0474', 'NDCG@5': '0.0317', 'HIT@10': '0.0739', 'NDCG@10': '0.0402', 'HIT@20': '0.1105', 'NDCG@20': '0.0494'}
{'Epoch': 147, 'name': 'mid_freq', 'HIT@5': '0.0040', 'NDCG@5': '0.0026', 'HIT@10': '0.0065', 'NDCG@10': '0.0034', 'HIT@20': '0.0106', 'NDCG@20': '0.0044'}
{'Epoch': 147, 'name': 'low_freq', 'HIT@5': '0.0007', 'NDCG@5': '0.0003', 'HIT@10': '0.0020', 'NDCG@10': '0.0007', 'HIT@20': '0.0050', 'NDCG@20': '0.0015'}
{'Epoch': 147, 'name': 'all', 'HIT@5': '0.0331', 'NDCG@5': '0.0221', 'HIT@10': '0.0518', 'NDCG@10': '0.0281', 'HIT@20': '0.0779', 'NDCG@20': '0.0347'}
EarlyStopping counter: 6 out of 40
rec dataset length: 140
100%|████████████████████████████████████████████████████████████████████████████████████████████████████████████████████████████████████████████| 140/140 [00:16<00:00,  8.37it/s]
{'epoch': 148, 'rec_avg_loss': '0.5407', 'joint_avg_loss': '1.1744', 'cl_avg_loss': '1.8382', 'itemcl_loss': '4.4989', 'cl_pair_0_loss': '1.8382'}
Recommendation EP_test:148: 100%|| 140/140 [00:08<00:00, 15.89it/s]
{'Epoch': 148, 'name': 'high_freq', 'HIT@5': '0.0479', 'NDCG@5': '0.0319', 'HIT@10': '0.0748', 'NDCG@10': '0.0405', 'HIT@20': '0.1108', 'NDCG@20': '0.0496'}
{'Epoch': 148, 'name': 'mid_freq', 'HIT@5': '0.0042', 'NDCG@5': '0.0027', 'HIT@10': '0.0065', 'NDCG@10': '0.0034', 'HIT@20': '0.0105', 'NDCG@20': '0.0045'}
{'Epoch': 148, 'name': 'low_freq', 'HIT@5': '0.0005', 'NDCG@5': '0.0002', 'HIT@10': '0.0018', 'NDCG@10': '0.0006', 'HIT@20': '0.0045', 'NDCG@20': '0.0014'}
{'Epoch': 148, 'name': 'all', 'HIT@5': '0.0335', 'NDCG@5': '0.0223', 'HIT@10': '0.0524', 'NDCG@10': '0.0283', 'HIT@20': '0.0780', 'NDCG@20': '0.0348'}
EarlyStopping counter: 7 out of 40
rec dataset length: 140
100%|████████████████████████████████████████████████████████████████████████████████████████████████████████████████████████████████████████████| 140/140 [00:16<00:00,  8.24it/s]
{'epoch': 149, 'rec_avg_loss': '0.5394', 'joint_avg_loss': '1.1739', 'cl_avg_loss': '1.8534', 'itemcl_loss': '4.4925', 'cl_pair_0_loss': '1.8534'}
Recommendation EP_test:149: 100%|| 140/140 [00:09<00:00, 15.50it/s]
{'Epoch': 149, 'name': 'high_freq', 'HIT@5': '0.0483', 'NDCG@5': '0.0317', 'HIT@10': '0.0743', 'NDCG@10': '0.0401', 'HIT@20': '0.1112', 'NDCG@20': '0.0494'}
{'Epoch': 149, 'name': 'mid_freq', 'HIT@5': '0.0045', 'NDCG@5': '0.0027', 'HIT@10': '0.0068', 'NDCG@10': '0.0034', 'HIT@20': '0.0103', 'NDCG@20': '0.0043'}
{'Epoch': 149, 'name': 'low_freq', 'HIT@5': '0.0009', 'NDCG@5': '0.0004', 'HIT@10': '0.0023', 'NDCG@10': '0.0008', 'HIT@20': '0.0043', 'NDCG@20': '0.0013'}
{'Epoch': 149, 'name': 'all', 'HIT@5': '0.0339', 'NDCG@5': '0.0222', 'HIT@10': '0.0521', 'NDCG@10': '0.0280', 'HIT@20': '0.0782', 'NDCG@20': '0.0346'}
EarlyStopping counter: 8 out of 40
rec dataset length: 140
100%|████████████████████████████████████████████████████████████████████████████████████████████████████████████████████████████████████████████| 140/140 [00:17<00:00,  8.14it/s]
{'epoch': 150, 'rec_avg_loss': '0.5396', 'joint_avg_loss': '1.1740', 'cl_avg_loss': '1.8541', 'itemcl_loss': '4.4893', 'cl_pair_0_loss': '1.8541'}
Recommendation EP_test:150: 100%|| 140/140 [00:08<00:00, 15.61it/s]
{'Epoch': 150, 'name': 'high_freq', 'HIT@5': '0.0486', 'NDCG@5': '0.0319', 'HIT@10': '0.0757', 'NDCG@10': '0.0406', 'HIT@20': '0.1117', 'NDCG@20': '0.0496'}
{'Epoch': 150, 'name': 'mid_freq', 'HIT@5': '0.0040', 'NDCG@5': '0.0025', 'HIT@10': '0.0059', 'NDCG@10': '0.0031', 'HIT@20': '0.0101', 'NDCG@20': '0.0041'}
{'Epoch': 150, 'name': 'low_freq', 'HIT@5': '0.0005', 'NDCG@5': '0.0002', 'HIT@10': '0.0027', 'NDCG@10': '0.0009', 'HIT@20': '0.0045', 'NDCG@20': '0.0014'}
{'Epoch': 150, 'name': 'all', 'HIT@5': '0.0339', 'NDCG@5': '0.0222', 'HIT@10': '0.0530', 'NDCG@10': '0.0283', 'HIT@20': '0.0785', 'NDCG@20': '0.0347'}
EarlyStopping counter: 9 out of 40
rec dataset length: 140
100%|████████████████████████████████████████████████████████████████████████████████████████████████████████████████████████████████████████████| 140/140 [00:16<00:00,  8.30it/s]
{'epoch': 151, 'rec_avg_loss': '0.5373', 'joint_avg_loss': '1.1705', 'cl_avg_loss': '1.8505', 'itemcl_loss': '4.4809', 'cl_pair_0_loss': '1.8505'}
Recommendation EP_test:151: 100%|| 140/140 [00:09<00:00, 15.16it/s]
{'Epoch': 151, 'name': 'high_freq', 'HIT@5': '0.0489', 'NDCG@5': '0.0320', 'HIT@10': '0.0762', 'NDCG@10': '0.0408', 'HIT@20': '0.1120', 'NDCG@20': '0.0498'}
{'Epoch': 151, 'name': 'mid_freq', 'HIT@5': '0.0040', 'NDCG@5': '0.0026', 'HIT@10': '0.0063', 'NDCG@10': '0.0034', 'HIT@20': '0.0099', 'NDCG@20': '0.0043'}
{'Epoch': 151, 'name': 'low_freq', 'HIT@5': '0.0005', 'NDCG@5': '0.0002', 'HIT@10': '0.0025', 'NDCG@10': '0.0008', 'HIT@20': '0.0050', 'NDCG@20': '0.0015'}
{'Epoch': 151, 'name': 'all', 'HIT@5': '0.0341', 'NDCG@5': '0.0223', 'HIT@10': '0.0534', 'NDCG@10': '0.0285', 'HIT@20': '0.0787', 'NDCG@20': '0.0349'}
EarlyStopping counter: 10 out of 40
rec dataset length: 140
100%|████████████████████████████████████████████████████████████████████████████████████████████████████████████████████████████████████████████| 140/140 [00:16<00:00,  8.32it/s]
{'epoch': 152, 'rec_avg_loss': '0.5358', 'joint_avg_loss': '1.1658', 'cl_avg_loss': '1.8180', 'itemcl_loss': '4.4813', 'cl_pair_0_loss': '1.8180'}
Recommendation EP_test:152: 100%|| 140/140 [00:08<00:00, 15.62it/s]
{'Epoch': 152, 'name': 'high_freq', 'HIT@5': '0.0487', 'NDCG@5': '0.0320', 'HIT@10': '0.0747', 'NDCG@10': '0.0403', 'HIT@20': '0.1120', 'NDCG@20': '0.0497'}
{'Epoch': 152, 'name': 'mid_freq', 'HIT@5': '0.0040', 'NDCG@5': '0.0027', 'HIT@10': '0.0066', 'NDCG@10': '0.0036', 'HIT@20': '0.0099', 'NDCG@20': '0.0044'}
{'Epoch': 152, 'name': 'low_freq', 'HIT@5': '0.0002', 'NDCG@5': '0.0001', 'HIT@10': '0.0018', 'NDCG@10': '0.0006', 'HIT@20': '0.0050', 'NDCG@20': '0.0014'}
{'Epoch': 152, 'name': 'all', 'HIT@5': '0.0340', 'NDCG@5': '0.0223', 'HIT@10': '0.0523', 'NDCG@10': '0.0282', 'HIT@20': '0.0787', 'NDCG@20': '0.0349'}
EarlyStopping counter: 11 out of 40
rec dataset length: 140
100%|████████████████████████████████████████████████████████████████████████████████████████████████████████████████████████████████████████████| 140/140 [00:16<00:00,  8.25it/s]
{'epoch': 153, 'rec_avg_loss': '0.5351', 'joint_avg_loss': '1.1659', 'cl_avg_loss': '1.8389', 'itemcl_loss': '4.4696', 'cl_pair_0_loss': '1.8389'}
Recommendation EP_test:153: 100%|| 140/140 [00:08<00:00, 15.81it/s]
{'Epoch': 153, 'name': 'high_freq', 'HIT@5': '0.0483', 'NDCG@5': '0.0317', 'HIT@10': '0.0752', 'NDCG@10': '0.0403', 'HIT@20': '0.1119', 'NDCG@20': '0.0496'}
{'Epoch': 153, 'name': 'mid_freq', 'HIT@5': '0.0042', 'NDCG@5': '0.0026', 'HIT@10': '0.0059', 'NDCG@10': '0.0032', 'HIT@20': '0.0095', 'NDCG@20': '0.0041'}
{'Epoch': 153, 'name': 'low_freq', 'HIT@5': '0.0000', 'NDCG@5': '0.0000', 'HIT@10': '0.0014', 'NDCG@10': '0.0004', 'HIT@20': '0.0048', 'NDCG@20': '0.0013'}
{'Epoch': 153, 'name': 'all', 'HIT@5': '0.0337', 'NDCG@5': '0.0221', 'HIT@10': '0.0524', 'NDCG@10': '0.0281', 'HIT@20': '0.0785', 'NDCG@20': '0.0347'}
EarlyStopping counter: 12 out of 40
rec dataset length: 140
100%|████████████████████████████████████████████████████████████████████████████████████████████████████████████████████████████████████████████| 140/140 [00:16<00:00,  8.28it/s]
{'epoch': 154, 'rec_avg_loss': '0.5348', 'joint_avg_loss': '1.1631', 'cl_avg_loss': '1.8143', 'itemcl_loss': '4.4688', 'cl_pair_0_loss': '1.8143'}
Recommendation EP_test:154: 100%|| 140/140 [00:08<00:00, 15.57it/s]
{'Epoch': 154, 'name': 'high_freq', 'HIT@5': '0.0490', 'NDCG@5': '0.0322', 'HIT@10': '0.0752', 'NDCG@10': '0.0406', 'HIT@20': '0.1127', 'NDCG@20': '0.0501'}
{'Epoch': 154, 'name': 'mid_freq', 'HIT@5': '0.0046', 'NDCG@5': '0.0029', 'HIT@10': '0.0065', 'NDCG@10': '0.0035', 'HIT@20': '0.0109', 'NDCG@20': '0.0046'}
{'Epoch': 154, 'name': 'low_freq', 'HIT@5': '0.0005', 'NDCG@5': '0.0002', 'HIT@10': '0.0025', 'NDCG@10': '0.0008', 'HIT@20': '0.0045', 'NDCG@20': '0.0013'}
{'Epoch': 154, 'name': 'all', 'HIT@5': '0.0343', 'NDCG@5': '0.0225', 'HIT@10': '0.0527', 'NDCG@10': '0.0284', 'HIT@20': '0.0794', 'NDCG@20': '0.0352'}
EarlyStopping counter: 13 out of 40
rec dataset length: 140
100%|████████████████████████████████████████████████████████████████████████████████████████████████████████████████████████████████████████████| 140/140 [00:16<00:00,  8.38it/s]
{'epoch': 155, 'rec_avg_loss': '0.5338', 'joint_avg_loss': '1.1639', 'cl_avg_loss': '1.8497', 'itemcl_loss': '4.4520', 'cl_pair_0_loss': '1.8497'}
Recommendation EP_test:155: 100%|| 140/140 [00:08<00:00, 15.58it/s]
{'Epoch': 155, 'name': 'high_freq', 'HIT@5': '0.0485', 'NDCG@5': '0.0321', 'HIT@10': '0.0766', 'NDCG@10': '0.0411', 'HIT@20': '0.1117', 'NDCG@20': '0.0500'}
{'Epoch': 155, 'name': 'mid_freq', 'HIT@5': '0.0043', 'NDCG@5': '0.0028', 'HIT@10': '0.0066', 'NDCG@10': '0.0035', 'HIT@20': '0.0112', 'NDCG@20': '0.0047'}
{'Epoch': 155, 'name': 'low_freq', 'HIT@5': '0.0011', 'NDCG@5': '0.0005', 'HIT@10': '0.0027', 'NDCG@10': '0.0010', 'HIT@20': '0.0052', 'NDCG@20': '0.0016'}
{'Epoch': 155, 'name': 'all', 'HIT@5': '0.0340', 'NDCG@5': '0.0225', 'HIT@10': '0.0537', 'NDCG@10': '0.0288', 'HIT@20': '0.0788', 'NDCG@20': '0.0351'}
EarlyStopping counter: 14 out of 40
rec dataset length: 140
100%|████████████████████████████████████████████████████████████████████████████████████████████████████████████████████████████████████████████| 140/140 [00:16<00:00,  8.28it/s]
{'epoch': 156, 'rec_avg_loss': '0.5312', 'joint_avg_loss': '1.1597', 'cl_avg_loss': '1.8186', 'itemcl_loss': '4.4664', 'cl_pair_0_loss': '1.8186'}
Recommendation EP_test:156: 100%|| 140/140 [00:09<00:00, 15.36it/s]
{'Epoch': 156, 'name': 'high_freq', 'HIT@5': '0.0487', 'NDCG@5': '0.0320', 'HIT@10': '0.0771', 'NDCG@10': '0.0411', 'HIT@20': '0.1123', 'NDCG@20': '0.0500'}
{'Epoch': 156, 'name': 'mid_freq', 'HIT@5': '0.0042', 'NDCG@5': '0.0027', 'HIT@10': '0.0070', 'NDCG@10': '0.0036', 'HIT@20': '0.0116', 'NDCG@20': '0.0047'}
{'Epoch': 156, 'name': 'low_freq', 'HIT@5': '0.0009', 'NDCG@5': '0.0004', 'HIT@10': '0.0023', 'NDCG@10': '0.0008', 'HIT@20': '0.0045', 'NDCG@20': '0.0014'}
{'Epoch': 156, 'name': 'all', 'HIT@5': '0.0340', 'NDCG@5': '0.0224', 'HIT@10': '0.0541', 'NDCG@10': '0.0288', 'HIT@20': '0.0792', 'NDCG@20': '0.0351'}
EarlyStopping counter: 15 out of 40
rec dataset length: 140
100%|████████████████████████████████████████████████████████████████████████████████████████████████████████████████████████████████████████████| 140/140 [00:17<00:00,  8.23it/s]
{'epoch': 157, 'rec_avg_loss': '0.5308', 'joint_avg_loss': '1.1587', 'cl_avg_loss': '1.8239', 'itemcl_loss': '4.4552', 'cl_pair_0_loss': '1.8239'}
Recommendation EP_test:157: 100%|| 140/140 [00:09<00:00, 15.00it/s]
{'Epoch': 157, 'name': 'high_freq', 'HIT@5': '0.0483', 'NDCG@5': '0.0319', 'HIT@10': '0.0776', 'NDCG@10': '0.0413', 'HIT@20': '0.1125', 'NDCG@20': '0.0501'}
{'Epoch': 157, 'name': 'mid_freq', 'HIT@5': '0.0036', 'NDCG@5': '0.0025', 'HIT@10': '0.0070', 'NDCG@10': '0.0037', 'HIT@20': '0.0115', 'NDCG@20': '0.0048'}
{'Epoch': 157, 'name': 'low_freq', 'HIT@5': '0.0007', 'NDCG@5': '0.0003', 'HIT@10': '0.0020', 'NDCG@10': '0.0007', 'HIT@20': '0.0043', 'NDCG@20': '0.0013'}
{'Epoch': 157, 'name': 'all', 'HIT@5': '0.0336', 'NDCG@5': '0.0223', 'HIT@10': '0.0544', 'NDCG@10': '0.0289', 'HIT@20': '0.0793', 'NDCG@20': '0.0352'}
EarlyStopping counter: 16 out of 40
rec dataset length: 140
100%|████████████████████████████████████████████████████████████████████████████████████████████████████████████████████████████████████████████| 140/140 [00:16<00:00,  8.38it/s]
{'epoch': 158, 'rec_avg_loss': '0.5299', 'joint_avg_loss': '1.1580', 'cl_avg_loss': '1.8259', 'itemcl_loss': '4.4549', 'cl_pair_0_loss': '1.8259'}
Recommendation EP_test:158: 100%|| 140/140 [00:09<00:00, 15.17it/s]
{'Epoch': 158, 'name': 'high_freq', 'HIT@5': '0.0479', 'NDCG@5': '0.0316', 'HIT@10': '0.0754', 'NDCG@10': '0.0405', 'HIT@20': '0.1129', 'NDCG@20': '0.0499'}
{'Epoch': 158, 'name': 'mid_freq', 'HIT@5': '0.0047', 'NDCG@5': '0.0030', 'HIT@10': '0.0072', 'NDCG@10': '0.0038', 'HIT@20': '0.0106', 'NDCG@20': '0.0046'}
{'Epoch': 158, 'name': 'low_freq', 'HIT@5': '0.0009', 'NDCG@5': '0.0004', 'HIT@10': '0.0023', 'NDCG@10': '0.0009', 'HIT@20': '0.0050', 'NDCG@20': '0.0016'}
{'Epoch': 158, 'name': 'all', 'HIT@5': '0.0337', 'NDCG@5': '0.0222', 'HIT@10': '0.0530', 'NDCG@10': '0.0284', 'HIT@20': '0.0795', 'NDCG@20': '0.0350'}
EarlyStopping counter: 17 out of 40
rec dataset length: 140
100%|████████████████████████████████████████████████████████████████████████████████████████████████████████████████████████████████████████████| 140/140 [00:17<00:00,  8.20it/s]
{'epoch': 159, 'rec_avg_loss': '0.5277', 'joint_avg_loss': '1.1548', 'cl_avg_loss': '1.8217', 'itemcl_loss': '4.4498', 'cl_pair_0_loss': '1.8217'}
Recommendation EP_test:159: 100%|| 140/140 [00:09<00:00, 15.49it/s]
{'Epoch': 159, 'name': 'high_freq', 'HIT@5': '0.0479', 'NDCG@5': '0.0318', 'HIT@10': '0.0756', 'NDCG@10': '0.0407', 'HIT@20': '0.1131', 'NDCG@20': '0.0501'}
{'Epoch': 159, 'name': 'mid_freq', 'HIT@5': '0.0045', 'NDCG@5': '0.0030', 'HIT@10': '0.0066', 'NDCG@10': '0.0037', 'HIT@20': '0.0112', 'NDCG@20': '0.0049'}
{'Epoch': 159, 'name': 'low_freq', 'HIT@5': '0.0009', 'NDCG@5': '0.0004', 'HIT@10': '0.0029', 'NDCG@10': '0.0011', 'HIT@20': '0.0050', 'NDCG@20': '0.0016'}
{'Epoch': 159, 'name': 'all', 'HIT@5': '0.0336', 'NDCG@5': '0.0223', 'HIT@10': '0.0531', 'NDCG@10': '0.0286', 'HIT@20': '0.0798', 'NDCG@20': '0.0353'}
EarlyStopping counter: 18 out of 40
rec dataset length: 140
100%|████████████████████████████████████████████████████████████████████████████████████████████████████████████████████████████████████████████| 140/140 [00:16<00:00,  8.38it/s]
{'epoch': 160, 'rec_avg_loss': '0.5268', 'joint_avg_loss': '1.1509', 'cl_avg_loss': '1.8041', 'itemcl_loss': '4.4364', 'cl_pair_0_loss': '1.8041'}
Recommendation EP_test:160: 100%|| 140/140 [00:09<00:00, 15.48it/s]
{'Epoch': 160, 'name': 'high_freq', 'HIT@5': '0.0476', 'NDCG@5': '0.0317', 'HIT@10': '0.0750', 'NDCG@10': '0.0405', 'HIT@20': '0.1121', 'NDCG@20': '0.0498'}
{'Epoch': 160, 'name': 'mid_freq', 'HIT@5': '0.0046', 'NDCG@5': '0.0029', 'HIT@10': '0.0060', 'NDCG@10': '0.0034', 'HIT@20': '0.0098', 'NDCG@20': '0.0043'}
{'Epoch': 160, 'name': 'low_freq', 'HIT@5': '0.0007', 'NDCG@5': '0.0003', 'HIT@10': '0.0032', 'NDCG@10': '0.0011', 'HIT@20': '0.0050', 'NDCG@20': '0.0016'}
{'Epoch': 160, 'name': 'all', 'HIT@5': '0.0333', 'NDCG@5': '0.0221', 'HIT@10': '0.0526', 'NDCG@10': '0.0283', 'HIT@20': '0.0788', 'NDCG@20': '0.0349'}
EarlyStopping counter: 19 out of 40
refresh dataset with updated item embedding
Embedding(18359, 64, padding_idx=0)
Similarity Model Type: hybrid
short sequence augment type: SIM
Augmentation methods for Long sequences: 5
Augmentation methods for short sequences: 3
Creating Contrastive Learning Dataset using 'random' data augmentation
rec dataset length: 140
100%|████████████████████████████████████████████████████████████████████████████████████████████████████████████████████████████████████████████| 140/140 [00:51<00:00,  2.70it/s]
{'epoch': 161, 'rec_avg_loss': '0.5299', 'joint_avg_loss': '1.1652', 'cl_avg_loss': '1.9144', 'itemcl_loss': '4.4385', 'cl_pair_0_loss': '1.9144'}
Recommendation EP_test:161: 100%|| 140/140 [00:09<00:00, 15.24it/s]
{'Epoch': 161, 'name': 'high_freq', 'HIT@5': '0.0480', 'NDCG@5': '0.0319', 'HIT@10': '0.0750', 'NDCG@10': '0.0406', 'HIT@20': '0.1125', 'NDCG@20': '0.0500'}
{'Epoch': 161, 'name': 'mid_freq', 'HIT@5': '0.0047', 'NDCG@5': '0.0030', 'HIT@10': '0.0062', 'NDCG@10': '0.0035', 'HIT@20': '0.0106', 'NDCG@20': '0.0046'}
{'Epoch': 161, 'name': 'low_freq', 'HIT@5': '0.0009', 'NDCG@5': '0.0005', 'HIT@10': '0.0032', 'NDCG@10': '0.0013', 'HIT@20': '0.0050', 'NDCG@20': '0.0017'}
{'Epoch': 161, 'name': 'all', 'HIT@5': '0.0337', 'NDCG@5': '0.0224', 'HIT@10': '0.0526', 'NDCG@10': '0.0284', 'HIT@20': '0.0792', 'NDCG@20': '0.0352'}
EarlyStopping counter: 20 out of 40
refresh dataset with updated item embedding
Embedding(18359, 64, padding_idx=0)
Similarity Model Type: hybrid
short sequence augment type: SIM
Augmentation methods for Long sequences: 5
Augmentation methods for short sequences: 3
Creating Contrastive Learning Dataset using 'random' data augmentation
rec dataset length: 140
100%|████████████████████████████████████████████████████████████████████████████████████████████████████████████████████████████████████████████| 140/140 [00:51<00:00,  2.73it/s]
{'epoch': 162, 'rec_avg_loss': '0.5261', 'joint_avg_loss': '1.1548', 'cl_avg_loss': '1.8551', 'itemcl_loss': '4.4320', 'cl_pair_0_loss': '1.8551'}
Recommendation EP_test:162: 100%|| 140/140 [00:09<00:00, 15.26it/s]
{'Epoch': 162, 'name': 'high_freq', 'HIT@5': '0.0478', 'NDCG@5': '0.0317', 'HIT@10': '0.0749', 'NDCG@10': '0.0405', 'HIT@20': '0.1122', 'NDCG@20': '0.0498'}
{'Epoch': 162, 'name': 'mid_freq', 'HIT@5': '0.0046', 'NDCG@5': '0.0030', 'HIT@10': '0.0070', 'NDCG@10': '0.0038', 'HIT@20': '0.0109', 'NDCG@20': '0.0047'}
{'Epoch': 162, 'name': 'low_freq', 'HIT@5': '0.0020', 'NDCG@5': '0.0010', 'HIT@10': '0.0029', 'NDCG@10': '0.0013', 'HIT@20': '0.0054', 'NDCG@20': '0.0019'}
{'Epoch': 162, 'name': 'all', 'HIT@5': '0.0337', 'NDCG@5': '0.0223', 'HIT@10': '0.0527', 'NDCG@10': '0.0284', 'HIT@20': '0.0791', 'NDCG@20': '0.0351'}
EarlyStopping counter: 21 out of 40
refresh dataset with updated item embedding
Embedding(18359, 64, padding_idx=0)
Similarity Model Type: hybrid
short sequence augment type: SIM
Augmentation methods for Long sequences: 5
Augmentation methods for short sequences: 3
Creating Contrastive Learning Dataset using 'random' data augmentation
rec dataset length: 140
100%|████████████████████████████████████████████████████████████████████████████████████████████████████████████████████████████████████████████| 140/140 [00:50<00:00,  2.76it/s]
{'epoch': 163, 'rec_avg_loss': '0.5274', 'joint_avg_loss': '1.1592', 'cl_avg_loss': '1.8872', 'itemcl_loss': '4.4311', 'cl_pair_0_loss': '1.8872'}
Recommendation EP_test:163: 100%|| 140/140 [00:09<00:00, 15.25it/s]
{'Epoch': 163, 'name': 'high_freq', 'HIT@5': '0.0482', 'NDCG@5': '0.0323', 'HIT@10': '0.0754', 'NDCG@10': '0.0410', 'HIT@20': '0.1118', 'NDCG@20': '0.0502'}
{'Epoch': 163, 'name': 'mid_freq', 'HIT@5': '0.0047', 'NDCG@5': '0.0031', 'HIT@10': '0.0070', 'NDCG@10': '0.0038', 'HIT@20': '0.0112', 'NDCG@20': '0.0049'}
{'Epoch': 163, 'name': 'low_freq', 'HIT@5': '0.0018', 'NDCG@5': '0.0008', 'HIT@10': '0.0034', 'NDCG@10': '0.0013', 'HIT@20': '0.0054', 'NDCG@20': '0.0018'}
{'Epoch': 163, 'name': 'all', 'HIT@5': '0.0339', 'NDCG@5': '0.0227', 'HIT@10': '0.0531', 'NDCG@10': '0.0288', 'HIT@20': '0.0789', 'NDCG@20': '0.0353'}
EarlyStopping counter: 22 out of 40
refresh dataset with updated item embedding
Embedding(18359, 64, padding_idx=0)
Similarity Model Type: hybrid
short sequence augment type: SIM
Augmentation methods for Long sequences: 5
Augmentation methods for short sequences: 3
Creating Contrastive Learning Dataset using 'random' data augmentation
rec dataset length: 140
100%|████████████████████████████████████████████████████████████████████████████████████████████████████████████████████████████████████████████| 140/140 [00:52<00:00,  2.69it/s]
{'epoch': 164, 'rec_avg_loss': '0.5258', 'joint_avg_loss': '1.1558', 'cl_avg_loss': '1.8860', 'itemcl_loss': '4.4149', 'cl_pair_0_loss': '1.8860'}
Recommendation EP_test:164: 100%|| 140/140 [00:09<00:00, 15.06it/s]
{'Epoch': 164, 'name': 'high_freq', 'HIT@5': '0.0491', 'NDCG@5': '0.0327', 'HIT@10': '0.0747', 'NDCG@10': '0.0409', 'HIT@20': '0.1121', 'NDCG@20': '0.0503'}
{'Epoch': 164, 'name': 'mid_freq', 'HIT@5': '0.0047', 'NDCG@5': '0.0030', 'HIT@10': '0.0065', 'NDCG@10': '0.0036', 'HIT@20': '0.0109', 'NDCG@20': '0.0047'}
{'Epoch': 164, 'name': 'low_freq', 'HIT@5': '0.0009', 'NDCG@5': '0.0004', 'HIT@10': '0.0025', 'NDCG@10': '0.0009', 'HIT@20': '0.0050', 'NDCG@20': '0.0015'}
{'Epoch': 164, 'name': 'all', 'HIT@5': '0.0344', 'NDCG@5': '0.0229', 'HIT@10': '0.0524', 'NDCG@10': '0.0286', 'HIT@20': '0.0790', 'NDCG@20': '0.0353'}
EarlyStopping counter: 23 out of 40
refresh dataset with updated item embedding
Embedding(18359, 64, padding_idx=0)
Similarity Model Type: hybrid
short sequence augment type: SIM
Augmentation methods for Long sequences: 5
Augmentation methods for short sequences: 3
Creating Contrastive Learning Dataset using 'random' data augmentation
rec dataset length: 140
100%|████████████████████████████████████████████████████████████████████████████████████████████████████████████████████████████████████████████| 140/140 [00:52<00:00,  2.68it/s]
{'epoch': 165, 'rec_avg_loss': '0.5248', 'joint_avg_loss': '1.1524', 'cl_avg_loss': '1.8708', 'itemcl_loss': '4.4059', 'cl_pair_0_loss': '1.8708'}
Recommendation EP_test:165: 100%|| 140/140 [00:09<00:00, 15.42it/s]
{'Epoch': 165, 'name': 'high_freq', 'HIT@5': '0.0481', 'NDCG@5': '0.0319', 'HIT@10': '0.0746', 'NDCG@10': '0.0404', 'HIT@20': '0.1126', 'NDCG@20': '0.0500'}
{'Epoch': 165, 'name': 'mid_freq', 'HIT@5': '0.0047', 'NDCG@5': '0.0029', 'HIT@10': '0.0070', 'NDCG@10': '0.0037', 'HIT@20': '0.0109', 'NDCG@20': '0.0047'}
{'Epoch': 165, 'name': 'low_freq', 'HIT@5': '0.0020', 'NDCG@5': '0.0011', 'HIT@10': '0.0027', 'NDCG@10': '0.0013', 'HIT@20': '0.0054', 'NDCG@20': '0.0020'}
{'Epoch': 165, 'name': 'all', 'HIT@5': '0.0339', 'NDCG@5': '0.0224', 'HIT@10': '0.0524', 'NDCG@10': '0.0284', 'HIT@20': '0.0794', 'NDCG@20': '0.0352'}
EarlyStopping counter: 24 out of 40
refresh dataset with updated item embedding
Embedding(18359, 64, padding_idx=0)
Similarity Model Type: hybrid
short sequence augment type: SIM
Augmentation methods for Long sequences: 5
Augmentation methods for short sequences: 3
Creating Contrastive Learning Dataset using 'random' data augmentation
rec dataset length: 140
100%|████████████████████████████████████████████████████████████████████████████████████████████████████████████████████████████████████████████| 140/140 [00:51<00:00,  2.70it/s]
{'epoch': 166, 'rec_avg_loss': '0.5267', 'joint_avg_loss': '1.1538', 'cl_avg_loss': '1.8643', 'itemcl_loss': '4.4066', 'cl_pair_0_loss': '1.8643'}
Recommendation EP_test:166: 100%|| 140/140 [00:09<00:00, 14.79it/s]
{'Epoch': 166, 'name': 'high_freq', 'HIT@5': '0.0487', 'NDCG@5': '0.0322', 'HIT@10': '0.0752', 'NDCG@10': '0.0407', 'HIT@20': '0.1109', 'NDCG@20': '0.0497'}
{'Epoch': 166, 'name': 'mid_freq', 'HIT@5': '0.0045', 'NDCG@5': '0.0029', 'HIT@10': '0.0065', 'NDCG@10': '0.0035', 'HIT@20': '0.0109', 'NDCG@20': '0.0047'}
{'Epoch': 166, 'name': 'low_freq', 'HIT@5': '0.0016', 'NDCG@5': '0.0007', 'HIT@10': '0.0027', 'NDCG@10': '0.0011', 'HIT@20': '0.0052', 'NDCG@20': '0.0017'}
{'Epoch': 166, 'name': 'all', 'HIT@5': '0.0342', 'NDCG@5': '0.0226', 'HIT@10': '0.0527', 'NDCG@10': '0.0285', 'HIT@20': '0.0782', 'NDCG@20': '0.0349'}
EarlyStopping counter: 25 out of 40
refresh dataset with updated item embedding
Embedding(18359, 64, padding_idx=0)
Similarity Model Type: hybrid
short sequence augment type: SIM
Augmentation methods for Long sequences: 5
Augmentation methods for short sequences: 3
Creating Contrastive Learning Dataset using 'random' data augmentation
rec dataset length: 140
100%|████████████████████████████████████████████████████████████████████████████████████████████████████████████████████████████████████████████| 140/140 [00:51<00:00,  2.73it/s]
{'epoch': 167, 'rec_avg_loss': '0.5200', 'joint_avg_loss': '1.1459', 'cl_avg_loss': '1.8478', 'itemcl_loss': '4.4110', 'cl_pair_0_loss': '1.8478'}
Recommendation EP_test:167: 100%|| 140/140 [00:09<00:00, 15.47it/s]
{'Epoch': 167, 'name': 'high_freq', 'HIT@5': '0.0490', 'NDCG@5': '0.0324', 'HIT@10': '0.0762', 'NDCG@10': '0.0411', 'HIT@20': '0.1126', 'NDCG@20': '0.0503'}
{'Epoch': 167, 'name': 'mid_freq', 'HIT@5': '0.0045', 'NDCG@5': '0.0029', 'HIT@10': '0.0068', 'NDCG@10': '0.0036', 'HIT@20': '0.0112', 'NDCG@20': '0.0047'}
{'Epoch': 167, 'name': 'low_freq', 'HIT@5': '0.0007', 'NDCG@5': '0.0004', 'HIT@10': '0.0023', 'NDCG@10': '0.0009', 'HIT@20': '0.0045', 'NDCG@20': '0.0015'}
{'Epoch': 167, 'name': 'all', 'HIT@5': '0.0343', 'NDCG@5': '0.0226', 'HIT@10': '0.0534', 'NDCG@10': '0.0288', 'HIT@20': '0.0794', 'NDCG@20': '0.0353'}
EarlyStopping counter: 26 out of 40
refresh dataset with updated item embedding
Embedding(18359, 64, padding_idx=0)
Similarity Model Type: hybrid
short sequence augment type: SIM
Augmentation methods for Long sequences: 5
Augmentation methods for short sequences: 3
Creating Contrastive Learning Dataset using 'random' data augmentation
rec dataset length: 140
100%|████████████████████████████████████████████████████████████████████████████████████████████████████████████████████████████████████████████| 140/140 [00:50<00:00,  2.75it/s]
{'epoch': 168, 'rec_avg_loss': '0.5211', 'joint_avg_loss': '1.1481', 'cl_avg_loss': '1.8597', 'itemcl_loss': '4.4101', 'cl_pair_0_loss': '1.8597'}
Recommendation EP_test:168: 100%|| 140/140 [00:09<00:00, 15.41it/s]
{'Epoch': 168, 'name': 'high_freq', 'HIT@5': '0.0489', 'NDCG@5': '0.0324', 'HIT@10': '0.0761', 'NDCG@10': '0.0411', 'HIT@20': '0.1119', 'NDCG@20': '0.0501'}
{'Epoch': 168, 'name': 'mid_freq', 'HIT@5': '0.0049', 'NDCG@5': '0.0030', 'HIT@10': '0.0066', 'NDCG@10': '0.0035', 'HIT@20': '0.0108', 'NDCG@20': '0.0045'}
{'Epoch': 168, 'name': 'low_freq', 'HIT@5': '0.0007', 'NDCG@5': '0.0003', 'HIT@10': '0.0027', 'NDCG@10': '0.0009', 'HIT@20': '0.0045', 'NDCG@20': '0.0014'}
{'Epoch': 168, 'name': 'all', 'HIT@5': '0.0343', 'NDCG@5': '0.0226', 'HIT@10': '0.0534', 'NDCG@10': '0.0288', 'HIT@20': '0.0788', 'NDCG@20': '0.0352'}
EarlyStopping counter: 27 out of 40
refresh dataset with updated item embedding
Embedding(18359, 64, padding_idx=0)
Similarity Model Type: hybrid
short sequence augment type: SIM
Augmentation methods for Long sequences: 5
Augmentation methods for short sequences: 3
Creating Contrastive Learning Dataset using 'random' data augmentation
rec dataset length: 140
100%|████████████████████████████████████████████████████████████████████████████████████████████████████████████████████████████████████████████| 140/140 [00:50<00:00,  2.76it/s]
{'epoch': 169, 'rec_avg_loss': '0.5198', 'joint_avg_loss': '1.1460', 'cl_avg_loss': '1.8642', 'itemcl_loss': '4.3978', 'cl_pair_0_loss': '1.8642'}
Recommendation EP_test:169: 100%|| 140/140 [00:09<00:00, 15.04it/s]
{'Epoch': 169, 'name': 'high_freq', 'HIT@5': '0.0481', 'NDCG@5': '0.0312', 'HIT@10': '0.0753', 'NDCG@10': '0.0399', 'HIT@20': '0.1120', 'NDCG@20': '0.0492'}
{'Epoch': 169, 'name': 'mid_freq', 'HIT@5': '0.0046', 'NDCG@5': '0.0029', 'HIT@10': '0.0066', 'NDCG@10': '0.0035', 'HIT@20': '0.0109', 'NDCG@20': '0.0046'}
{'Epoch': 169, 'name': 'low_freq', 'HIT@5': '0.0007', 'NDCG@5': '0.0003', 'HIT@10': '0.0029', 'NDCG@10': '0.0011', 'HIT@20': '0.0045', 'NDCG@20': '0.0015'}
{'Epoch': 169, 'name': 'all', 'HIT@5': '0.0337', 'NDCG@5': '0.0218', 'HIT@10': '0.0529', 'NDCG@10': '0.0280', 'HIT@20': '0.0789', 'NDCG@20': '0.0345'}
EarlyStopping counter: 28 out of 40
refresh dataset with updated item embedding
Embedding(18359, 64, padding_idx=0)
Similarity Model Type: hybrid
short sequence augment type: SIM
Augmentation methods for Long sequences: 5
Augmentation methods for short sequences: 3
Creating Contrastive Learning Dataset using 'random' data augmentation
rec dataset length: 140
100%|████████████████████████████████████████████████████████████████████████████████████████████████████████████████████████████████████████████| 140/140 [00:52<00:00,  2.67it/s]
{'epoch': 170, 'rec_avg_loss': '0.5210', 'joint_avg_loss': '1.1440', 'cl_avg_loss': '1.8286', 'itemcl_loss': '4.4008', 'cl_pair_0_loss': '1.8286'}
Recommendation EP_test:170: 100%|| 140/140 [00:09<00:00, 15.51it/s]
{'Epoch': 170, 'name': 'high_freq', 'HIT@5': '0.0492', 'NDCG@5': '0.0319', 'HIT@10': '0.0773', 'NDCG@10': '0.0409', 'HIT@20': '0.1126', 'NDCG@20': '0.0498'}
{'Epoch': 170, 'name': 'mid_freq', 'HIT@5': '0.0043', 'NDCG@5': '0.0028', 'HIT@10': '0.0066', 'NDCG@10': '0.0035', 'HIT@20': '0.0101', 'NDCG@20': '0.0044'}
{'Epoch': 170, 'name': 'low_freq', 'HIT@5': '0.0007', 'NDCG@5': '0.0003', 'HIT@10': '0.0025', 'NDCG@10': '0.0009', 'HIT@20': '0.0043', 'NDCG@20': '0.0013'}
{'Epoch': 170, 'name': 'all', 'HIT@5': '0.0344', 'NDCG@5': '0.0223', 'HIT@10': '0.0542', 'NDCG@10': '0.0286', 'HIT@20': '0.0791', 'NDCG@20': '0.0349'}
EarlyStopping counter: 29 out of 40
refresh dataset with updated item embedding
Embedding(18359, 64, padding_idx=0)
Similarity Model Type: hybrid
short sequence augment type: SIM
Augmentation methods for Long sequences: 5
Augmentation methods for short sequences: 3
Creating Contrastive Learning Dataset using 'random' data augmentation
rec dataset length: 140
100%|████████████████████████████████████████████████████████████████████████████████████████████████████████████████████████████████████████████| 140/140 [00:52<00:00,  2.69it/s]
{'epoch': 171, 'rec_avg_loss': '0.5197', 'joint_avg_loss': '1.1427', 'cl_avg_loss': '1.8445', 'itemcl_loss': '4.3855', 'cl_pair_0_loss': '1.8445'}
Recommendation EP_test:171: 100%|| 140/140 [00:09<00:00, 15.46it/s]
{'Epoch': 171, 'name': 'high_freq', 'HIT@5': '0.0485', 'NDCG@5': '0.0317', 'HIT@10': '0.0767', 'NDCG@10': '0.0408', 'HIT@20': '0.1128', 'NDCG@20': '0.0499'}
{'Epoch': 171, 'name': 'mid_freq', 'HIT@5': '0.0043', 'NDCG@5': '0.0028', 'HIT@10': '0.0066', 'NDCG@10': '0.0035', 'HIT@20': '0.0098', 'NDCG@20': '0.0043'}
{'Epoch': 171, 'name': 'low_freq', 'HIT@5': '0.0007', 'NDCG@5': '0.0003', 'HIT@10': '0.0018', 'NDCG@10': '0.0006', 'HIT@20': '0.0043', 'NDCG@20': '0.0013'}
{'Epoch': 171, 'name': 'all', 'HIT@5': '0.0339', 'NDCG@5': '0.0222', 'HIT@10': '0.0537', 'NDCG@10': '0.0285', 'HIT@20': '0.0792', 'NDCG@20': '0.0350'}
EarlyStopping counter: 30 out of 40
refresh dataset with updated item embedding
Embedding(18359, 64, padding_idx=0)
Similarity Model Type: hybrid
short sequence augment type: SIM
Augmentation methods for Long sequences: 5
Augmentation methods for short sequences: 3
Creating Contrastive Learning Dataset using 'random' data augmentation
rec dataset length: 140
100%|████████████████████████████████████████████████████████████████████████████████████████████████████████████████████████████████████████████| 140/140 [00:51<00:00,  2.70it/s]
{'epoch': 172, 'rec_avg_loss': '0.5189', 'joint_avg_loss': '1.1413', 'cl_avg_loss': '1.8384', 'itemcl_loss': '4.3860', 'cl_pair_0_loss': '1.8384'}
Recommendation EP_test:172: 100%|| 140/140 [00:08<00:00, 15.84it/s]
{'Epoch': 172, 'name': 'high_freq', 'HIT@5': '0.0507', 'NDCG@5': '0.0330', 'HIT@10': '0.0772', 'NDCG@10': '0.0416', 'HIT@20': '0.1120', 'NDCG@20': '0.0503'}
{'Epoch': 172, 'name': 'mid_freq', 'HIT@5': '0.0045', 'NDCG@5': '0.0029', 'HIT@10': '0.0066', 'NDCG@10': '0.0036', 'HIT@20': '0.0109', 'NDCG@20': '0.0047'}
{'Epoch': 172, 'name': 'low_freq', 'HIT@5': '0.0005', 'NDCG@5': '0.0002', 'HIT@10': '0.0023', 'NDCG@10': '0.0008', 'HIT@20': '0.0038', 'NDCG@20': '0.0012'}
{'Epoch': 172, 'name': 'all', 'HIT@5': '0.0354', 'NDCG@5': '0.0231', 'HIT@10': '0.0541', 'NDCG@10': '0.0291', 'HIT@20': '0.0788', 'NDCG@20': '0.0353'}
EarlyStopping counter: 31 out of 40
refresh dataset with updated item embedding
Embedding(18359, 64, padding_idx=0)
Similarity Model Type: hybrid
short sequence augment type: SIM
Augmentation methods for Long sequences: 5
Augmentation methods for short sequences: 3
Creating Contrastive Learning Dataset using 'random' data augmentation
rec dataset length: 140
100%|████████████████████████████████████████████████████████████████████████████████████████████████████████████████████████████████████████████| 140/140 [00:51<00:00,  2.71it/s]
{'epoch': 173, 'rec_avg_loss': '0.5171', 'joint_avg_loss': '1.1383', 'cl_avg_loss': '1.8340', 'itemcl_loss': '4.3781', 'cl_pair_0_loss': '1.8340'}
Recommendation EP_test:173: 100%|| 140/140 [00:08<00:00, 16.01it/s]
{'Epoch': 173, 'name': 'high_freq', 'HIT@5': '0.0495', 'NDCG@5': '0.0326', 'HIT@10': '0.0783', 'NDCG@10': '0.0418', 'HIT@20': '0.1129', 'NDCG@20': '0.0505'}
{'Epoch': 173, 'name': 'mid_freq', 'HIT@5': '0.0043', 'NDCG@5': '0.0027', 'HIT@10': '0.0065', 'NDCG@10': '0.0034', 'HIT@20': '0.0098', 'NDCG@20': '0.0042'}
{'Epoch': 173, 'name': 'low_freq', 'HIT@5': '0.0007', 'NDCG@5': '0.0003', 'HIT@10': '0.0027', 'NDCG@10': '0.0010', 'HIT@20': '0.0038', 'NDCG@20': '0.0013'}
{'Epoch': 173, 'name': 'all', 'HIT@5': '0.0346', 'NDCG@5': '0.0227', 'HIT@10': '0.0548', 'NDCG@10': '0.0292', 'HIT@20': '0.0792', 'NDCG@20': '0.0354'}
EarlyStopping counter: 32 out of 40
refresh dataset with updated item embedding
Embedding(18359, 64, padding_idx=0)
Similarity Model Type: hybrid
short sequence augment type: SIM
Augmentation methods for Long sequences: 5
Augmentation methods for short sequences: 3
Creating Contrastive Learning Dataset using 'random' data augmentation
rec dataset length: 140
100%|████████████████████████████████████████████████████████████████████████████████████████████████████████████████████████████████████████████| 140/140 [00:51<00:00,  2.71it/s]
{'epoch': 174, 'rec_avg_loss': '0.5177', 'joint_avg_loss': '1.1385', 'cl_avg_loss': '1.8275', 'itemcl_loss': '4.3812', 'cl_pair_0_loss': '1.8275'}
Recommendation EP_test:174: 100%|| 140/140 [00:09<00:00, 15.48it/s]
{'Epoch': 174, 'name': 'high_freq', 'HIT@5': '0.0487', 'NDCG@5': '0.0324', 'HIT@10': '0.0764', 'NDCG@10': '0.0413', 'HIT@20': '0.1116', 'NDCG@20': '0.0501'}
{'Epoch': 174, 'name': 'mid_freq', 'HIT@5': '0.0043', 'NDCG@5': '0.0027', 'HIT@10': '0.0065', 'NDCG@10': '0.0034', 'HIT@20': '0.0108', 'NDCG@20': '0.0044'}
{'Epoch': 174, 'name': 'low_freq', 'HIT@5': '0.0007', 'NDCG@5': '0.0003', 'HIT@10': '0.0029', 'NDCG@10': '0.0010', 'HIT@20': '0.0045', 'NDCG@20': '0.0014'}
{'Epoch': 174, 'name': 'all', 'HIT@5': '0.0341', 'NDCG@5': '0.0226', 'HIT@10': '0.0536', 'NDCG@10': '0.0288', 'HIT@20': '0.0786', 'NDCG@20': '0.0351'}
EarlyStopping counter: 33 out of 40
refresh dataset with updated item embedding
Embedding(18359, 64, padding_idx=0)
Similarity Model Type: hybrid
short sequence augment type: SIM
Augmentation methods for Long sequences: 5
Augmentation methods for short sequences: 3
Creating Contrastive Learning Dataset using 'random' data augmentation
rec dataset length: 140
100%|████████████████████████████████████████████████████████████████████████████████████████████████████████████████████████████████████████████| 140/140 [00:51<00:00,  2.74it/s]
{'epoch': 175, 'rec_avg_loss': '0.5160', 'joint_avg_loss': '1.1333', 'cl_avg_loss': '1.8037', 'itemcl_loss': '4.3692', 'cl_pair_0_loss': '1.8037'}
Recommendation EP_test:175: 100%|| 140/140 [00:09<00:00, 15.06it/s]
{'Epoch': 175, 'name': 'high_freq', 'HIT@5': '0.0483', 'NDCG@5': '0.0319', 'HIT@10': '0.0754', 'NDCG@10': '0.0406', 'HIT@20': '0.1129', 'NDCG@20': '0.0501'}
{'Epoch': 175, 'name': 'mid_freq', 'HIT@5': '0.0047', 'NDCG@5': '0.0030', 'HIT@10': '0.0065', 'NDCG@10': '0.0036', 'HIT@20': '0.0106', 'NDCG@20': '0.0046'}
{'Epoch': 175, 'name': 'low_freq', 'HIT@5': '0.0007', 'NDCG@5': '0.0003', 'HIT@10': '0.0032', 'NDCG@10': '0.0011', 'HIT@20': '0.0043', 'NDCG@20': '0.0014'}
{'Epoch': 175, 'name': 'all', 'HIT@5': '0.0339', 'NDCG@5': '0.0223', 'HIT@10': '0.0530', 'NDCG@10': '0.0285', 'HIT@20': '0.0794', 'NDCG@20': '0.0351'}
EarlyStopping counter: 34 out of 40
refresh dataset with updated item embedding
Embedding(18359, 64, padding_idx=0)
Similarity Model Type: hybrid
short sequence augment type: SIM
Augmentation methods for Long sequences: 5
Augmentation methods for short sequences: 3
Creating Contrastive Learning Dataset using 'random' data augmentation
rec dataset length: 140
100%|████████████████████████████████████████████████████████████████████████████████████████████████████████████████████████████████████████████| 140/140 [00:51<00:00,  2.74it/s]
{'epoch': 176, 'rec_avg_loss': '0.5141', 'joint_avg_loss': '1.1328', 'cl_avg_loss': '1.8164', 'itemcl_loss': '4.3714', 'cl_pair_0_loss': '1.8164'}
Recommendation EP_test:176: 100%|| 140/140 [00:08<00:00, 15.97it/s]
{'Epoch': 176, 'name': 'high_freq', 'HIT@5': '0.0496', 'NDCG@5': '0.0327', 'HIT@10': '0.0758', 'NDCG@10': '0.0411', 'HIT@20': '0.1117', 'NDCG@20': '0.0502'}
{'Epoch': 176, 'name': 'mid_freq', 'HIT@5': '0.0049', 'NDCG@5': '0.0033', 'HIT@10': '0.0060', 'NDCG@10': '0.0037', 'HIT@20': '0.0109', 'NDCG@20': '0.0049'}
{'Epoch': 176, 'name': 'low_freq', 'HIT@5': '0.0007', 'NDCG@5': '0.0003', 'HIT@10': '0.0029', 'NDCG@10': '0.0010', 'HIT@20': '0.0045', 'NDCG@20': '0.0014'}
{'Epoch': 176, 'name': 'all', 'HIT@5': '0.0347', 'NDCG@5': '0.0229', 'HIT@10': '0.0531', 'NDCG@10': '0.0288', 'HIT@20': '0.0787', 'NDCG@20': '0.0353'}
EarlyStopping counter: 35 out of 40
refresh dataset with updated item embedding
Embedding(18359, 64, padding_idx=0)
Similarity Model Type: hybrid
short sequence augment type: SIM
Augmentation methods for Long sequences: 5
Augmentation methods for short sequences: 3
Creating Contrastive Learning Dataset using 'random' data augmentation
rec dataset length: 140
100%|████████████████████████████████████████████████████████████████████████████████████████████████████████████████████████████████████████████| 140/140 [00:51<00:00,  2.74it/s]
{'epoch': 177, 'rec_avg_loss': '0.5145', 'joint_avg_loss': '1.1350', 'cl_avg_loss': '1.8306', 'itemcl_loss': '4.3747', 'cl_pair_0_loss': '1.8306'}
Recommendation EP_test:177: 100%|| 140/140 [00:08<00:00, 15.81it/s]
{'Epoch': 177, 'name': 'high_freq', 'HIT@5': '0.0490', 'NDCG@5': '0.0324', 'HIT@10': '0.0755', 'NDCG@10': '0.0409', 'HIT@20': '0.1114', 'NDCG@20': '0.0500'}
{'Epoch': 177, 'name': 'mid_freq', 'HIT@5': '0.0046', 'NDCG@5': '0.0030', 'HIT@10': '0.0065', 'NDCG@10': '0.0035', 'HIT@20': '0.0105', 'NDCG@20': '0.0045'}
{'Epoch': 177, 'name': 'low_freq', 'HIT@5': '0.0009', 'NDCG@5': '0.0004', 'HIT@10': '0.0032', 'NDCG@10': '0.0011', 'HIT@20': '0.0052', 'NDCG@20': '0.0016'}
{'Epoch': 177, 'name': 'all', 'HIT@5': '0.0344', 'NDCG@5': '0.0227', 'HIT@10': '0.0530', 'NDCG@10': '0.0286', 'HIT@20': '0.0785', 'NDCG@20': '0.0351'}
EarlyStopping counter: 36 out of 40
refresh dataset with updated item embedding
Embedding(18359, 64, padding_idx=0)
Similarity Model Type: hybrid
short sequence augment type: SIM
Augmentation methods for Long sequences: 5
Augmentation methods for short sequences: 3
Creating Contrastive Learning Dataset using 'random' data augmentation
rec dataset length: 140
100%|████████████████████████████████████████████████████████████████████████████████████████████████████████████████████████████████████████████| 140/140 [00:51<00:00,  2.74it/s]
{'epoch': 178, 'rec_avg_loss': '0.5138', 'joint_avg_loss': '1.1342', 'cl_avg_loss': '1.8332', 'itemcl_loss': '4.3707', 'cl_pair_0_loss': '1.8332'}
Recommendation EP_test:178: 100%|| 140/140 [00:09<00:00, 15.47it/s]
{'Epoch': 178, 'name': 'high_freq', 'HIT@5': '0.0484', 'NDCG@5': '0.0319', 'HIT@10': '0.0754', 'NDCG@10': '0.0406', 'HIT@20': '0.1117', 'NDCG@20': '0.0497'}
{'Epoch': 178, 'name': 'mid_freq', 'HIT@5': '0.0039', 'NDCG@5': '0.0026', 'HIT@10': '0.0059', 'NDCG@10': '0.0033', 'HIT@20': '0.0115', 'NDCG@20': '0.0047'}
{'Epoch': 178, 'name': 'low_freq', 'HIT@5': '0.0002', 'NDCG@5': '0.0001', 'HIT@10': '0.0025', 'NDCG@10': '0.0008', 'HIT@20': '0.0050', 'NDCG@20': '0.0014'}
{'Epoch': 178, 'name': 'all', 'HIT@5': '0.0337', 'NDCG@5': '0.0222', 'HIT@10': '0.0527', 'NDCG@10': '0.0283', 'HIT@20': '0.0789', 'NDCG@20': '0.0349'}
EarlyStopping counter: 37 out of 40
refresh dataset with updated item embedding
Embedding(18359, 64, padding_idx=0)
Similarity Model Type: hybrid
short sequence augment type: SIM
Augmentation methods for Long sequences: 5
Augmentation methods for short sequences: 3
Creating Contrastive Learning Dataset using 'random' data augmentation
rec dataset length: 140
100%|████████████████████████████████████████████████████████████████████████████████████████████████████████████████████████████████████████████| 140/140 [00:51<00:00,  2.74it/s]
{'epoch': 179, 'rec_avg_loss': '0.5137', 'joint_avg_loss': '1.1304', 'cl_avg_loss': '1.8033', 'itemcl_loss': '4.3632', 'cl_pair_0_loss': '1.8033'}
Recommendation EP_test:179: 100%|| 140/140 [00:09<00:00, 15.44it/s]
{'Epoch': 179, 'name': 'high_freq', 'HIT@5': '0.0486', 'NDCG@5': '0.0321', 'HIT@10': '0.0744', 'NDCG@10': '0.0404', 'HIT@20': '0.1117', 'NDCG@20': '0.0498'}
{'Epoch': 179, 'name': 'mid_freq', 'HIT@5': '0.0045', 'NDCG@5': '0.0029', 'HIT@10': '0.0069', 'NDCG@10': '0.0036', 'HIT@20': '0.0111', 'NDCG@20': '0.0047'}
{'Epoch': 179, 'name': 'low_freq', 'HIT@5': '0.0009', 'NDCG@5': '0.0004', 'HIT@10': '0.0025', 'NDCG@10': '0.0009', 'HIT@20': '0.0052', 'NDCG@20': '0.0016'}
{'Epoch': 179, 'name': 'all', 'HIT@5': '0.0340', 'NDCG@5': '0.0225', 'HIT@10': '0.0523', 'NDCG@10': '0.0283', 'HIT@20': '0.0788', 'NDCG@20': '0.0350'}
EarlyStopping counter: 38 out of 40
refresh dataset with updated item embedding
Embedding(18359, 64, padding_idx=0)
Similarity Model Type: hybrid
short sequence augment type: SIM
Augmentation methods for Long sequences: 5
Augmentation methods for short sequences: 3
Creating Contrastive Learning Dataset using 'random' data augmentation
rec dataset length: 140
100%|████████████████████████████████████████████████████████████████████████████████████████████████████████████████████████████████████████████| 140/140 [00:51<00:00,  2.74it/s]
{'epoch': 180, 'rec_avg_loss': '0.5119', 'joint_avg_loss': '1.1282', 'cl_avg_loss': '1.8041', 'itemcl_loss': '4.3591', 'cl_pair_0_loss': '1.8041'}
Recommendation EP_test:180: 100%|| 140/140 [00:09<00:00, 15.10it/s]
{'Epoch': 180, 'name': 'high_freq', 'HIT@5': '0.0493', 'NDCG@5': '0.0324', 'HIT@10': '0.0758', 'NDCG@10': '0.0409', 'HIT@20': '0.1105', 'NDCG@20': '0.0497'}
{'Epoch': 180, 'name': 'mid_freq', 'HIT@5': '0.0045', 'NDCG@5': '0.0027', 'HIT@10': '0.0066', 'NDCG@10': '0.0034', 'HIT@20': '0.0102', 'NDCG@20': '0.0043'}
{'Epoch': 180, 'name': 'low_freq', 'HIT@5': '0.0016', 'NDCG@5': '0.0007', 'HIT@10': '0.0025', 'NDCG@10': '0.0010', 'HIT@20': '0.0050', 'NDCG@20': '0.0016'}
{'Epoch': 180, 'name': 'all', 'HIT@5': '0.0346', 'NDCG@5': '0.0227', 'HIT@10': '0.0532', 'NDCG@10': '0.0286', 'HIT@20': '0.0778', 'NDCG@20': '0.0348'}
EarlyStopping counter: 39 out of 40
refresh dataset with updated item embedding
Embedding(18359, 64, padding_idx=0)
Similarity Model Type: hybrid
short sequence augment type: SIM
Augmentation methods for Long sequences: 5
Augmentation methods for short sequences: 3
Creating Contrastive Learning Dataset using 'random' data augmentation
rec dataset length: 140
100%|████████████████████████████████████████████████████████████████████████████████████████████████████████████████████████████████████████████| 140/140 [00:52<00:00,  2.65it/s]
{'epoch': 181, 'rec_avg_loss': '0.5104', 'joint_avg_loss': '1.1285', 'cl_avg_loss': '1.8188', 'itemcl_loss': '4.3624', 'cl_pair_0_loss': '1.8188'}
Recommendation EP_test:181: 100%|| 140/140 [00:09<00:00, 15.22it/s]
{'Epoch': 181, 'name': 'high_freq', 'HIT@5': '0.0489', 'NDCG@5': '0.0323', 'HIT@10': '0.0752', 'NDCG@10': '0.0407', 'HIT@20': '0.1117', 'NDCG@20': '0.0499'}
{'Epoch': 181, 'name': 'mid_freq', 'HIT@5': '0.0045', 'NDCG@5': '0.0028', 'HIT@10': '0.0066', 'NDCG@10': '0.0035', 'HIT@20': '0.0109', 'NDCG@20': '0.0045'}
{'Epoch': 181, 'name': 'low_freq', 'HIT@5': '0.0016', 'NDCG@5': '0.0007', 'HIT@10': '0.0025', 'NDCG@10': '0.0010', 'HIT@20': '0.0054', 'NDCG@20': '0.0017'}
{'Epoch': 181, 'name': 'all', 'HIT@5': '0.0343', 'NDCG@5': '0.0226', 'HIT@10': '0.0528', 'NDCG@10': '0.0285', 'HIT@20': '0.0788', 'NDCG@20': '0.0351'}
EarlyStopping counter: 40 out of 40
Early stopping
---------------Change to test_rating_matrix!-------------------
Recommendation EP_test:182: 100%|| 140/140 [00:10<00:00, 13.97it/s]
{'Epoch': 182, 'name': 'high_freq', 'HIT@5': '0.0385', 'NDCG@5': '0.0250', 'HIT@10': '0.0596', 'NDCG@10': '0.0318', 'HIT@20': '0.0906', 'NDCG@20': '0.0397'}
{'Epoch': 182, 'name': 'mid_freq', 'HIT@5': '0.0020', 'NDCG@5': '0.0012', 'HIT@10': '0.0048', 'NDCG@10': '0.0021', 'HIT@20': '0.0091', 'NDCG@20': '0.0032'}
{'Epoch': 182, 'name': 'low_freq', 'HIT@5': '0.0013', 'NDCG@5': '0.0006', 'HIT@10': '0.0031', 'NDCG@10': '0.0011', 'HIT@20': '0.0048', 'NDCG@20': '0.0016'}
{'Epoch': 182, 'name': 'all', 'HIT@5': '0.0249', 'NDCG@5': '0.0162', 'HIT@10': '0.0391', 'NDCG@10': '0.0207', 'HIT@20': '0.0599', 'NDCG@20': '0.0260'}
CoSeRec-Sports_and_Outdoors-cl_graph2_item_cl
{'Epoch': 182, 'name': 'all', 'HIT@5': '0.0249', 'NDCG@5': '0.0162', 'HIT@10': '0.0391', 'NDCG@10': '0.0207', 'HIT@20': '0.0599', 'NDCG@20': '0.0260'}