(env1) zzx@DDST-zzx:~/seqRec/CLTrys/CoSeRec2/CoSeRec$ python src/main.py --data_name Sports_and_Outdoors --model_idx cl_itemcl4
Using Cuda: True
(18359, 18359)
--------------------Configure Info:------------
data_dir                       :                             ./data/
output_dir                     :                             output/
data_name                      :                 Sports_and_Outdoors
do_eval                        :                                   0
model_idx                      :                          cl_itemcl4
gpu_id                         :                                   0
noise_ratio                    :                                 0.0
training_data_ratio            :                                 1.0
augment_threshold              :                                   4
similarity_model_name          :                          ItemCF_IUF
augmentation_warm_up_epoches   :                                 160
base_augment_type              :                              random
augment_type_for_short         :                                 SIM
tao                            :                                 0.2
gamma                          :                                 0.7
beta                           :                                 0.2
substitute_rate                :                                 0.1
insert_rate                    :                                 0.4
max_insert_num_per_pos         :                                   1
temperature                    :                                 1.0
n_views                        :                                   2
model_name                     :                             CoSeRec
hidden_size                    :                                  64
num_hidden_layers              :                                   2
num_attention_heads            :                                   2
hidden_act                     :                                gelu
attention_probs_dropout_prob   :                                 0.5
hidden_dropout_prob            :                                 0.5
initializer_range              :                                0.02
max_seq_length                 :                                  50
lr                             :                               0.001
batch_size                     :                                 256
epochs                         :                                 300
no_cuda                        :                                   0
log_freq                       :                                   1
seed                           :                                   1
cf_weight                      :                                 0.1
rec_weight                     :                                 1.0
weight_decay                   :                                 0.0
adam_beta1                     :                                 0.9
adam_beta2                     :                               0.999
cuda_condition                 :                                   1
data_file                      :      ./data/Sports_and_Outdoors.txt
item_size                      :                               18359
mask_id                        :                               18358
log_file                       : output/CoSeRec-Sports_and_Outdoors-cl_itemcl4.txt
Similarity Model Type: offline
short sequence augment type: SIM
Augmentation methods for Long sequences: 5
Augmentation methods for short sequences: 3
Creating Contrastive Learning Dataset using 'random' data augmentation
Similarity Model Type: offline
short sequence augment type: SIM
Augmentation methods for Long sequences: 5
Augmentation methods for short sequences: 3
Creating Contrastive Learning Dataset using 'random' data augmentation
Similarity Model Type: offline
short sequence augment type: SIM
Augmentation methods for Long sequences: 5
Augmentation methods for short sequences: 3
Creating Contrastive Learning Dataset using 'random' data augmentation
Total Parameters: 1278272
self.cf_criterion: NCELoss
Train CoSeRec
rec dataset length: 140
100%|█████████████████████████████████████████████████████████████████████████████████████████████████████████████████████████████████████████████| 140/140 [00:17<00:00,  7.85it/s]
{'epoch': 0, 'rec_avg_loss': '1.3578', 'joint_avg_loss': '5.7471', 'cl_avg_loss': '37.7572', 'itemcl_loss': '6.1361', 'cl_pair_0_loss': '37.7572'}
Recommendation EP_test:0: 100%|| 140/140 [00:11<00:00, 12.21it/s]
{'Epoch': 0, 'name': 'high_freq', 'HIT@5': '0.0014', 'NDCG@5': '0.0006', 'HIT@10': '0.0045', 'NDCG@10': '0.0016', 'HIT@20': '0.0105', 'NDCG@20': '0.0032'}
{'Epoch': 0, 'name': 'mid_freq', 'HIT@5': '0.0000', 'NDCG@5': '0.0000', 'HIT@10': '0.0000', 'NDCG@10': '0.0000', 'HIT@20': '0.0000', 'NDCG@20': '0.0000'}
{'Epoch': 0, 'name': 'low_freq', 'HIT@5': '0.0000', 'NDCG@5': '0.0000', 'HIT@10': '0.0000', 'NDCG@10': '0.0000', 'HIT@20': '0.0000', 'NDCG@20': '0.0000'}
{'Epoch': 0, 'name': 'all', 'HIT@5': '0.0009', 'NDCG@5': '0.0004', 'HIT@10': '0.0031', 'NDCG@10': '0.0011', 'HIT@20': '0.0072', 'NDCG@20': '0.0021'}
Validation score increased.  Saving model ...
rec dataset length: 140
100%|█████████████████████████████████████████████████████████████████████████████████████████████████████████████████████████████████████████████| 140/140 [00:16<00:00,  8.32it/s]
{'epoch': 1, 'rec_avg_loss': '1.2984', 'joint_avg_loss': '3.3418', 'cl_avg_loss': '14.2767', 'itemcl_loss': '6.1570', 'cl_pair_0_loss': '14.2767'}
Recommendation EP_test:1: 100%|| 140/140 [00:09<00:00, 15.12it/s]
{'Epoch': 1, 'name': 'high_freq', 'HIT@5': '0.0074', 'NDCG@5': '0.0046', 'HIT@10': '0.0142', 'NDCG@10': '0.0068', 'HIT@20': '0.0211', 'NDCG@20': '0.0086'}
{'Epoch': 1, 'name': 'mid_freq', 'HIT@5': '0.0000', 'NDCG@5': '0.0000', 'HIT@10': '0.0000', 'NDCG@10': '0.0000', 'HIT@20': '0.0000', 'NDCG@20': '0.0000'}
{'Epoch': 1, 'name': 'low_freq', 'HIT@5': '0.0000', 'NDCG@5': '0.0000', 'HIT@10': '0.0000', 'NDCG@10': '0.0000', 'HIT@20': '0.0000', 'NDCG@20': '0.0000'}
{'Epoch': 1, 'name': 'all', 'HIT@5': '0.0050', 'NDCG@5': '0.0032', 'HIT@10': '0.0097', 'NDCG@10': '0.0047', 'HIT@20': '0.0144', 'NDCG@20': '0.0058'}
Validation score increased.  Saving model ...
rec dataset length: 140
100%|█████████████████████████████████████████████████████████████████████████████████████████████████████████████████████████████████████████████| 140/140 [00:16<00:00,  8.35it/s]
{'epoch': 2, 'rec_avg_loss': '1.2638', 'joint_avg_loss': '2.7501', 'cl_avg_loss': '8.7219', 'itemcl_loss': '6.1405', 'cl_pair_0_loss': '8.7219'}
Recommendation EP_test:2: 100%|| 140/140 [00:08<00:00, 16.07it/s]
{'Epoch': 2, 'name': 'high_freq', 'HIT@5': '0.0105', 'NDCG@5': '0.0067', 'HIT@10': '0.0155', 'NDCG@10': '0.0083', 'HIT@20': '0.0247', 'NDCG@20': '0.0106'}
{'Epoch': 2, 'name': 'mid_freq', 'HIT@5': '0.0000', 'NDCG@5': '0.0000', 'HIT@10': '0.0000', 'NDCG@10': '0.0000', 'HIT@20': '0.0000', 'NDCG@20': '0.0000'}
{'Epoch': 2, 'name': 'low_freq', 'HIT@5': '0.0000', 'NDCG@5': '0.0000', 'HIT@10': '0.0000', 'NDCG@10': '0.0000', 'HIT@20': '0.0000', 'NDCG@20': '0.0000'}
{'Epoch': 2, 'name': 'all', 'HIT@5': '0.0071', 'NDCG@5': '0.0046', 'HIT@10': '0.0106', 'NDCG@10': '0.0057', 'HIT@20': '0.0168', 'NDCG@20': '0.0072'}
Validation score increased.  Saving model ...
rec dataset length: 140
100%|█████████████████████████████████████████████████████████████████████████████████████████████████████████████████████████████████████████████| 140/140 [00:16<00:00,  8.38it/s]
{'epoch': 3, 'rec_avg_loss': '1.2386', 'joint_avg_loss': '2.5440', 'cl_avg_loss': '6.9059', 'itemcl_loss': '6.1481', 'cl_pair_0_loss': '6.9059'}
Recommendation EP_test:3: 100%|| 140/140 [00:08<00:00, 16.54it/s]
{'Epoch': 3, 'name': 'high_freq', 'HIT@5': '0.0112', 'NDCG@5': '0.0072', 'HIT@10': '0.0169', 'NDCG@10': '0.0091', 'HIT@20': '0.0270', 'NDCG@20': '0.0116'}
{'Epoch': 3, 'name': 'mid_freq', 'HIT@5': '0.0000', 'NDCG@5': '0.0000', 'HIT@10': '0.0000', 'NDCG@10': '0.0000', 'HIT@20': '0.0000', 'NDCG@20': '0.0000'}
{'Epoch': 3, 'name': 'low_freq', 'HIT@5': '0.0002', 'NDCG@5': '0.0002', 'HIT@10': '0.0002', 'NDCG@10': '0.0002', 'HIT@20': '0.0002', 'NDCG@20': '0.0002'}
{'Epoch': 3, 'name': 'all', 'HIT@5': '0.0076', 'NDCG@5': '0.0050', 'HIT@10': '0.0115', 'NDCG@10': '0.0062', 'HIT@20': '0.0184', 'NDCG@20': '0.0079'}
Validation score increased.  Saving model ...
rec dataset length: 140
100%|█████████████████████████████████████████████████████████████████████████████████████████████████████████████████████████████████████████████| 140/140 [00:16<00:00,  8.36it/s]
{'epoch': 4, 'rec_avg_loss': '1.2234', 'joint_avg_loss': '2.4313', 'cl_avg_loss': '5.9200', 'itemcl_loss': '6.1587', 'cl_pair_0_loss': '5.9200'}
Recommendation EP_test:4: 100%|| 140/140 [00:08<00:00, 17.15it/s]
{'Epoch': 4, 'name': 'high_freq', 'HIT@5': '0.0113', 'NDCG@5': '0.0074', 'HIT@10': '0.0177', 'NDCG@10': '0.0095', 'HIT@20': '0.0298', 'NDCG@20': '0.0125'}
{'Epoch': 4, 'name': 'mid_freq', 'HIT@5': '0.0000', 'NDCG@5': '0.0000', 'HIT@10': '0.0000', 'NDCG@10': '0.0000', 'HIT@20': '0.0000', 'NDCG@20': '0.0000'}
{'Epoch': 4, 'name': 'low_freq', 'HIT@5': '0.0002', 'NDCG@5': '0.0001', 'HIT@10': '0.0002', 'NDCG@10': '0.0001', 'HIT@20': '0.0002', 'NDCG@20': '0.0001'}
{'Epoch': 4, 'name': 'all', 'HIT@5': '0.0077', 'NDCG@5': '0.0051', 'HIT@10': '0.0121', 'NDCG@10': '0.0065', 'HIT@20': '0.0203', 'NDCG@20': '0.0085'}
Validation score increased.  Saving model ...
rec dataset length: 140
100%|█████████████████████████████████████████████████████████████████████████████████████████████████████████████████████████████████████████████| 140/140 [00:16<00:00,  8.35it/s]
{'epoch': 5, 'rec_avg_loss': '1.2118', 'joint_avg_loss': '2.3497', 'cl_avg_loss': '5.2394', 'itemcl_loss': '6.1393', 'cl_pair_0_loss': '5.2394'}
Recommendation EP_test:5: 100%|| 140/140 [00:08<00:00, 16.28it/s]
{'Epoch': 5, 'name': 'high_freq', 'HIT@5': '0.0117', 'NDCG@5': '0.0077', 'HIT@10': '0.0184', 'NDCG@10': '0.0098', 'HIT@20': '0.0313', 'NDCG@20': '0.0130'}
{'Epoch': 5, 'name': 'mid_freq', 'HIT@5': '0.0000', 'NDCG@5': '0.0000', 'HIT@10': '0.0000', 'NDCG@10': '0.0000', 'HIT@20': '0.0000', 'NDCG@20': '0.0000'}
{'Epoch': 5, 'name': 'low_freq', 'HIT@5': '0.0000', 'NDCG@5': '0.0000', 'HIT@10': '0.0000', 'NDCG@10': '0.0000', 'HIT@20': '0.0000', 'NDCG@20': '0.0000'}
{'Epoch': 5, 'name': 'all', 'HIT@5': '0.0079', 'NDCG@5': '0.0052', 'HIT@10': '0.0125', 'NDCG@10': '0.0067', 'HIT@20': '0.0213', 'NDCG@20': '0.0089'}
Validation score increased.  Saving model ...
rec dataset length: 140
100%|█████████████████████████████████████████████████████████████████████████████████████████████████████████████████████████████████████████████| 140/140 [00:17<00:00,  8.19it/s]
{'epoch': 6, 'rec_avg_loss': '1.2008', 'joint_avg_loss': '2.2951', 'cl_avg_loss': '4.8104', 'itemcl_loss': '6.1325', 'cl_pair_0_loss': '4.8104'}
Recommendation EP_test:6: 100%|| 140/140 [00:08<00:00, 15.74it/s]
{'Epoch': 6, 'name': 'high_freq', 'HIT@5': '0.0115', 'NDCG@5': '0.0075', 'HIT@10': '0.0185', 'NDCG@10': '0.0098', 'HIT@20': '0.0319', 'NDCG@20': '0.0131'}
{'Epoch': 6, 'name': 'mid_freq', 'HIT@5': '0.0000', 'NDCG@5': '0.0000', 'HIT@10': '0.0000', 'NDCG@10': '0.0000', 'HIT@20': '0.0000', 'NDCG@20': '0.0000'}
{'Epoch': 6, 'name': 'low_freq', 'HIT@5': '0.0000', 'NDCG@5': '0.0000', 'HIT@10': '0.0000', 'NDCG@10': '0.0000', 'HIT@20': '0.0000', 'NDCG@20': '0.0000'}
{'Epoch': 6, 'name': 'all', 'HIT@5': '0.0078', 'NDCG@5': '0.0051', 'HIT@10': '0.0126', 'NDCG@10': '0.0066', 'HIT@20': '0.0217', 'NDCG@20': '0.0089'}
Validation score increased.  Saving model ...
rec dataset length: 140
100%|█████████████████████████████████████████████████████████████████████████████████████████████████████████████████████████████████████████████| 140/140 [00:17<00:00,  8.13it/s]
{'epoch': 7, 'rec_avg_loss': '1.1914', 'joint_avg_loss': '2.2511', 'cl_avg_loss': '4.4534', 'itemcl_loss': '6.1435', 'cl_pair_0_loss': '4.4534'}
Recommendation EP_test:7: 100%|| 140/140 [00:09<00:00, 14.72it/s]
{'Epoch': 7, 'name': 'high_freq', 'HIT@5': '0.0112', 'NDCG@5': '0.0074', 'HIT@10': '0.0184', 'NDCG@10': '0.0097', 'HIT@20': '0.0322', 'NDCG@20': '0.0132'}
{'Epoch': 7, 'name': 'mid_freq', 'HIT@5': '0.0000', 'NDCG@5': '0.0000', 'HIT@10': '0.0000', 'NDCG@10': '0.0000', 'HIT@20': '0.0000', 'NDCG@20': '0.0000'}
{'Epoch': 7, 'name': 'low_freq', 'HIT@5': '0.0000', 'NDCG@5': '0.0000', 'HIT@10': '0.0000', 'NDCG@10': '0.0000', 'HIT@20': '0.0000', 'NDCG@20': '0.0000'}
{'Epoch': 7, 'name': 'all', 'HIT@5': '0.0076', 'NDCG@5': '0.0050', 'HIT@10': '0.0125', 'NDCG@10': '0.0066', 'HIT@20': '0.0219', 'NDCG@20': '0.0090'}
Validation score increased.  Saving model ...
rec dataset length: 140
100%|█████████████████████████████████████████████████████████████████████████████████████████████████████████████████████████████████████████████| 140/140 [00:17<00:00,  8.12it/s]
{'epoch': 8, 'rec_avg_loss': '1.1818', 'joint_avg_loss': '2.2150', 'cl_avg_loss': '4.1930', 'itemcl_loss': '6.1394', 'cl_pair_0_loss': '4.1930'}
Recommendation EP_test:8: 100%|| 140/140 [00:09<00:00, 14.40it/s]
{'Epoch': 8, 'name': 'high_freq', 'HIT@5': '0.0115', 'NDCG@5': '0.0075', 'HIT@10': '0.0193', 'NDCG@10': '0.0099', 'HIT@20': '0.0342', 'NDCG@20': '0.0137'}
{'Epoch': 8, 'name': 'mid_freq', 'HIT@5': '0.0000', 'NDCG@5': '0.0000', 'HIT@10': '0.0000', 'NDCG@10': '0.0000', 'HIT@20': '0.0000', 'NDCG@20': '0.0000'}
{'Epoch': 8, 'name': 'low_freq', 'HIT@5': '0.0000', 'NDCG@5': '0.0000', 'HIT@10': '0.0000', 'NDCG@10': '0.0000', 'HIT@20': '0.0000', 'NDCG@20': '0.0000'}
{'Epoch': 8, 'name': 'all', 'HIT@5': '0.0078', 'NDCG@5': '0.0051', 'HIT@10': '0.0131', 'NDCG@10': '0.0068', 'HIT@20': '0.0233', 'NDCG@20': '0.0093'}
Validation score increased.  Saving model ...
rec dataset length: 140
100%|█████████████████████████████████████████████████████████████████████████████████████████████████████████████████████████████████████████████| 140/140 [00:16<00:00,  8.27it/s]
{'epoch': 9, 'rec_avg_loss': '1.1754', 'joint_avg_loss': '2.1854', 'cl_avg_loss': '3.9683', 'itemcl_loss': '6.1321', 'cl_pair_0_loss': '3.9683'}
Recommendation EP_test:9: 100%|| 140/140 [00:09<00:00, 14.72it/s]
{'Epoch': 9, 'name': 'high_freq', 'HIT@5': '0.0115', 'NDCG@5': '0.0074', 'HIT@10': '0.0200', 'NDCG@10': '0.0101', 'HIT@20': '0.0339', 'NDCG@20': '0.0136'}
{'Epoch': 9, 'name': 'mid_freq', 'HIT@5': '0.0000', 'NDCG@5': '0.0000', 'HIT@10': '0.0000', 'NDCG@10': '0.0000', 'HIT@20': '0.0000', 'NDCG@20': '0.0000'}
{'Epoch': 9, 'name': 'low_freq', 'HIT@5': '0.0000', 'NDCG@5': '0.0000', 'HIT@10': '0.0000', 'NDCG@10': '0.0000', 'HIT@20': '0.0000', 'NDCG@20': '0.0000'}
{'Epoch': 9, 'name': 'all', 'HIT@5': '0.0078', 'NDCG@5': '0.0050', 'HIT@10': '0.0136', 'NDCG@10': '0.0069', 'HIT@20': '0.0231', 'NDCG@20': '0.0092'}
EarlyStopping counter: 1 out of 40
rec dataset length: 140
100%|██████████████████████████████████████████████████████████████████████████████████████████████████████████████████████████████████████████████████████████| 140/140 [00:17<00:00,  7.96it/s]
{'epoch': 10, 'rec_avg_loss': '1.1663', 'joint_avg_loss': '2.1551', 'cl_avg_loss': '3.7443', 'itemcl_loss': '6.1437', 'cl_pair_0_loss': '3.7443'}
Recommendation EP_test:10: 100%|| 140/140 [00:09<00:00, 14.59it/s]
{'Epoch': 10, 'name': 'high_freq', 'HIT@5': '0.0115', 'NDCG@5': '0.0075', 'HIT@10': '0.0207', 'NDCG@10': '0.0104', 'HIT@20': '0.0346', 'NDCG@20': '0.0139'}
{'Epoch': 10, 'name': 'mid_freq', 'HIT@5': '0.0000', 'NDCG@5': '0.0000', 'HIT@10': '0.0000', 'NDCG@10': '0.0000', 'HIT@20': '0.0000', 'NDCG@20': '0.0000'}
{'Epoch': 10, 'name': 'low_freq', 'HIT@5': '0.0000', 'NDCG@5': '0.0000', 'HIT@10': '0.0000', 'NDCG@10': '0.0000', 'HIT@20': '0.0000', 'NDCG@20': '0.0000'}
{'Epoch': 10, 'name': 'all', 'HIT@5': '0.0078', 'NDCG@5': '0.0051', 'HIT@10': '0.0141', 'NDCG@10': '0.0071', 'HIT@20': '0.0235', 'NDCG@20': '0.0094'}
Validation score increased.  Saving model ...
rec dataset length: 140
100%|██████████████████████████████████████████████████████████████████████████████████████████████████████████████████████████████████████████████████████████| 140/140 [00:17<00:00,  8.23it/s]
{'epoch': 11, 'rec_avg_loss': '1.1584', 'joint_avg_loss': '2.1347', 'cl_avg_loss': '3.6219', 'itemcl_loss': '6.1408', 'cl_pair_0_loss': '3.6219'}
Recommendation EP_test:11: 100%|| 140/140 [00:10<00:00, 13.26it/s]
{'Epoch': 11, 'name': 'high_freq', 'HIT@5': '0.0115', 'NDCG@5': '0.0074', 'HIT@10': '0.0207', 'NDCG@10': '0.0104', 'HIT@20': '0.0356', 'NDCG@20': '0.0141'}
{'Epoch': 11, 'name': 'mid_freq', 'HIT@5': '0.0000', 'NDCG@5': '0.0000', 'HIT@10': '0.0000', 'NDCG@10': '0.0000', 'HIT@20': '0.0000', 'NDCG@20': '0.0000'}
{'Epoch': 11, 'name': 'low_freq', 'HIT@5': '0.0000', 'NDCG@5': '0.0000', 'HIT@10': '0.0000', 'NDCG@10': '0.0000', 'HIT@20': '0.0000', 'NDCG@20': '0.0000'}
{'Epoch': 11, 'name': 'all', 'HIT@5': '0.0078', 'NDCG@5': '0.0050', 'HIT@10': '0.0141', 'NDCG@10': '0.0071', 'HIT@20': '0.0242', 'NDCG@20': '0.0096'}
Validation score increased.  Saving model ...
rec dataset length: 140
100%|██████████████████████████████████████████████████████████████████████████████████████████████████████████████████████████████████████████████████████████| 140/140 [00:16<00:00,  8.31it/s]
{'epoch': 12, 'rec_avg_loss': '1.1514', 'joint_avg_loss': '2.1118', 'cl_avg_loss': '3.4652', 'itemcl_loss': '6.1385', 'cl_pair_0_loss': '3.4652'}
Recommendation EP_test:12: 100%|| 140/140 [00:10<00:00, 13.80it/s]
{'Epoch': 12, 'name': 'high_freq', 'HIT@5': '0.0116', 'NDCG@5': '0.0076', 'HIT@10': '0.0211', 'NDCG@10': '0.0106', 'HIT@20': '0.0366', 'NDCG@20': '0.0145'}
{'Epoch': 12, 'name': 'mid_freq', 'HIT@5': '0.0000', 'NDCG@5': '0.0000', 'HIT@10': '0.0000', 'NDCG@10': '0.0000', 'HIT@20': '0.0000', 'NDCG@20': '0.0000'}
{'Epoch': 12, 'name': 'low_freq', 'HIT@5': '0.0000', 'NDCG@5': '0.0000', 'HIT@10': '0.0000', 'NDCG@10': '0.0000', 'HIT@20': '0.0000', 'NDCG@20': '0.0000'}
{'Epoch': 12, 'name': 'all', 'HIT@5': '0.0079', 'NDCG@5': '0.0052', 'HIT@10': '0.0144', 'NDCG@10': '0.0072', 'HIT@20': '0.0249', 'NDCG@20': '0.0099'}
Validation score increased.  Saving model ...
rec dataset length: 140
100%|██████████████████████████████████████████████████████████████████████████████████████████████████████████████████████████████████████████████████████████| 140/140 [00:17<00:00,  8.14it/s]
{'epoch': 13, 'rec_avg_loss': '1.1429', 'joint_avg_loss': '2.0873', 'cl_avg_loss': '3.3090', 'itemcl_loss': '6.1349', 'cl_pair_0_loss': '3.3090'}
Recommendation EP_test:13: 100%|| 140/140 [00:10<00:00, 13.23it/s]
{'Epoch': 13, 'name': 'high_freq', 'HIT@5': '0.0119', 'NDCG@5': '0.0077', 'HIT@10': '0.0215', 'NDCG@10': '0.0108', 'HIT@20': '0.0362', 'NDCG@20': '0.0144'}
{'Epoch': 13, 'name': 'mid_freq', 'HIT@5': '0.0000', 'NDCG@5': '0.0000', 'HIT@10': '0.0000', 'NDCG@10': '0.0000', 'HIT@20': '0.0000', 'NDCG@20': '0.0000'}
{'Epoch': 13, 'name': 'low_freq', 'HIT@5': '0.0000', 'NDCG@5': '0.0000', 'HIT@10': '0.0000', 'NDCG@10': '0.0000', 'HIT@20': '0.0000', 'NDCG@20': '0.0000'}
{'Epoch': 13, 'name': 'all', 'HIT@5': '0.0081', 'NDCG@5': '0.0052', 'HIT@10': '0.0146', 'NDCG@10': '0.0073', 'HIT@20': '0.0246', 'NDCG@20': '0.0098'}
EarlyStopping counter: 1 out of 40
rec dataset length: 140
100%|██████████████████████████████████████████████████████████████████████████████████████████████████████████████████████████████████████████████████████████| 140/140 [00:17<00:00,  8.07it/s]
{'epoch': 14, 'rec_avg_loss': '1.1388', 'joint_avg_loss': '2.0711', 'cl_avg_loss': '3.1768', 'itemcl_loss': '6.1465', 'cl_pair_0_loss': '3.1768'}
Recommendation EP_test:14: 100%|| 140/140 [00:10<00:00, 13.36it/s]
{'Epoch': 14, 'name': 'high_freq', 'HIT@5': '0.0126', 'NDCG@5': '0.0080', 'HIT@10': '0.0221', 'NDCG@10': '0.0111', 'HIT@20': '0.0370', 'NDCG@20': '0.0148'}
{'Epoch': 14, 'name': 'mid_freq', 'HIT@5': '0.0000', 'NDCG@5': '0.0000', 'HIT@10': '0.0000', 'NDCG@10': '0.0000', 'HIT@20': '0.0000', 'NDCG@20': '0.0000'}
{'Epoch': 14, 'name': 'low_freq', 'HIT@5': '0.0000', 'NDCG@5': '0.0000', 'HIT@10': '0.0000', 'NDCG@10': '0.0000', 'HIT@20': '0.0000', 'NDCG@20': '0.0000'}
{'Epoch': 14, 'name': 'all', 'HIT@5': '0.0086', 'NDCG@5': '0.0055', 'HIT@10': '0.0150', 'NDCG@10': '0.0075', 'HIT@20': '0.0251', 'NDCG@20': '0.0101'}
Validation score increased.  Saving model ...
rec dataset length: 140
100%|██████████████████████████████████████████████████████████████████████████████████████████████████████████████████████████████████████████████████████████| 140/140 [00:17<00:00,  8.07it/s]
{'epoch': 15, 'rec_avg_loss': '1.1332', 'joint_avg_loss': '2.0549', 'cl_avg_loss': '3.0962', 'itemcl_loss': '6.1204', 'cl_pair_0_loss': '3.0962'}
Recommendation EP_test:15: 100%|| 140/140 [00:10<00:00, 12.88it/s]
{'Epoch': 15, 'name': 'high_freq', 'HIT@5': '0.0130', 'NDCG@5': '0.0083', 'HIT@10': '0.0221', 'NDCG@10': '0.0112', 'HIT@20': '0.0386', 'NDCG@20': '0.0153'}
{'Epoch': 15, 'name': 'mid_freq', 'HIT@5': '0.0000', 'NDCG@5': '0.0000', 'HIT@10': '0.0000', 'NDCG@10': '0.0000', 'HIT@20': '0.0000', 'NDCG@20': '0.0000'}
{'Epoch': 15, 'name': 'low_freq', 'HIT@5': '0.0000', 'NDCG@5': '0.0000', 'HIT@10': '0.0000', 'NDCG@10': '0.0000', 'HIT@20': '0.0000', 'NDCG@20': '0.0000'}
{'Epoch': 15, 'name': 'all', 'HIT@5': '0.0088', 'NDCG@5': '0.0056', 'HIT@10': '0.0150', 'NDCG@10': '0.0076', 'HIT@20': '0.0263', 'NDCG@20': '0.0104'}
Validation score increased.  Saving model ...
rec dataset length: 140
100%|██████████████████████████████████████████████████████████████████████████████████████████████████████████████████████████████████████████████████████████| 140/140 [00:16<00:00,  8.28it/s]
{'epoch': 16, 'rec_avg_loss': '1.1243', 'joint_avg_loss': '2.0330', 'cl_avg_loss': '2.9519', 'itemcl_loss': '6.1351', 'cl_pair_0_loss': '2.9519'}
Recommendation EP_test:16: 100%|| 140/140 [00:10<00:00, 13.41it/s]
{'Epoch': 16, 'name': 'high_freq', 'HIT@5': '0.0133', 'NDCG@5': '0.0083', 'HIT@10': '0.0238', 'NDCG@10': '0.0117', 'HIT@20': '0.0386', 'NDCG@20': '0.0154'}
{'Epoch': 16, 'name': 'mid_freq', 'HIT@5': '0.0000', 'NDCG@5': '0.0000', 'HIT@10': '0.0000', 'NDCG@10': '0.0000', 'HIT@20': '0.0000', 'NDCG@20': '0.0000'}
{'Epoch': 16, 'name': 'low_freq', 'HIT@5': '0.0000', 'NDCG@5': '0.0000', 'HIT@10': '0.0000', 'NDCG@10': '0.0000', 'HIT@20': '0.0000', 'NDCG@20': '0.0000'}
{'Epoch': 16, 'name': 'all', 'HIT@5': '0.0090', 'NDCG@5': '0.0057', 'HIT@10': '0.0162', 'NDCG@10': '0.0080', 'HIT@20': '0.0263', 'NDCG@20': '0.0105'}
Validation score increased.  Saving model ...
rec dataset length: 140
100%|██████████████████████████████████████████████████████████████████████████████████████████████████████████████████████████████████████████████████████████| 140/140 [00:16<00:00,  8.28it/s]
{'epoch': 17, 'rec_avg_loss': '1.1213', 'joint_avg_loss': '2.0143', 'cl_avg_loss': '2.8024', 'itemcl_loss': '6.1281', 'cl_pair_0_loss': '2.8024'}
Recommendation EP_test:17: 100%|| 140/140 [00:10<00:00, 12.94it/s]
{'Epoch': 17, 'name': 'high_freq', 'HIT@5': '0.0141', 'NDCG@5': '0.0088', 'HIT@10': '0.0251', 'NDCG@10': '0.0124', 'HIT@20': '0.0404', 'NDCG@20': '0.0162'}
{'Epoch': 17, 'name': 'mid_freq', 'HIT@5': '0.0000', 'NDCG@5': '0.0000', 'HIT@10': '0.0000', 'NDCG@10': '0.0000', 'HIT@20': '0.0000', 'NDCG@20': '0.0000'}
{'Epoch': 17, 'name': 'low_freq', 'HIT@5': '0.0000', 'NDCG@5': '0.0000', 'HIT@10': '0.0000', 'NDCG@10': '0.0000', 'HIT@20': '0.0000', 'NDCG@20': '0.0000'}
{'Epoch': 17, 'name': 'all', 'HIT@5': '0.0096', 'NDCG@5': '0.0060', 'HIT@10': '0.0171', 'NDCG@10': '0.0084', 'HIT@20': '0.0275', 'NDCG@20': '0.0110'}
Validation score increased.  Saving model ...
rec dataset length: 140
100%|██████████████████████████████████████████████████████████████████████████████████████████████████████████████████████████████████████████████████████████| 140/140 [00:17<00:00,  8.18it/s]
{'epoch': 18, 'rec_avg_loss': '1.1132', 'joint_avg_loss': '2.0032', 'cl_avg_loss': '2.7639', 'itemcl_loss': '6.1362', 'cl_pair_0_loss': '2.7639'}
Recommendation EP_test:18: 100%|| 140/140 [00:09<00:00, 14.15it/s]
{'Epoch': 18, 'name': 'high_freq', 'HIT@5': '0.0152', 'NDCG@5': '0.0095', 'HIT@10': '0.0256', 'NDCG@10': '0.0128', 'HIT@20': '0.0428', 'NDCG@20': '0.0171'}
{'Epoch': 18, 'name': 'mid_freq', 'HIT@5': '0.0000', 'NDCG@5': '0.0000', 'HIT@10': '0.0000', 'NDCG@10': '0.0000', 'HIT@20': '0.0000', 'NDCG@20': '0.0000'}
{'Epoch': 18, 'name': 'low_freq', 'HIT@5': '0.0000', 'NDCG@5': '0.0000', 'HIT@10': '0.0000', 'NDCG@10': '0.0000', 'HIT@20': '0.0000', 'NDCG@20': '0.0000'}
{'Epoch': 18, 'name': 'all', 'HIT@5': '0.0103', 'NDCG@5': '0.0064', 'HIT@10': '0.0174', 'NDCG@10': '0.0087', 'HIT@20': '0.0291', 'NDCG@20': '0.0117'}
Validation score increased.  Saving model ...
rec dataset length: 140
100%|██████████████████████████████████████████████████████████████████████████████████████████████████████████████████████████████████████████████████████████| 140/140 [00:17<00:00,  8.17it/s]
{'epoch': 19, 'rec_avg_loss': '1.1104', 'joint_avg_loss': '1.9896', 'cl_avg_loss': '2.6599', 'itemcl_loss': '6.1322', 'cl_pair_0_loss': '2.6599'}
Recommendation EP_test:19: 100%|| 140/140 [00:10<00:00, 13.91it/s]
{'Epoch': 19, 'name': 'high_freq', 'HIT@5': '0.0149', 'NDCG@5': '0.0096', 'HIT@10': '0.0263', 'NDCG@10': '0.0132', 'HIT@20': '0.0437', 'NDCG@20': '0.0176'}
{'Epoch': 19, 'name': 'mid_freq', 'HIT@5': '0.0000', 'NDCG@5': '0.0000', 'HIT@10': '0.0000', 'NDCG@10': '0.0000', 'HIT@20': '0.0000', 'NDCG@20': '0.0000'}
{'Epoch': 19, 'name': 'low_freq', 'HIT@5': '0.0000', 'NDCG@5': '0.0000', 'HIT@10': '0.0000', 'NDCG@10': '0.0000', 'HIT@20': '0.0000', 'NDCG@20': '0.0000'}
{'Epoch': 19, 'name': 'all', 'HIT@5': '0.0102', 'NDCG@5': '0.0065', 'HIT@10': '0.0179', 'NDCG@10': '0.0090', 'HIT@20': '0.0297', 'NDCG@20': '0.0120'}
Validation score increased.  Saving model ...
rec dataset length: 140
100%|██████████████████████████████████████████████████████████████████████████████████████████████████████████████████████████████████████████████████████████| 140/140 [00:16<00:00,  8.24it/s]
{'epoch': 20, 'rec_avg_loss': '1.1039', 'joint_avg_loss': '1.9761', 'cl_avg_loss': '2.5870', 'itemcl_loss': '6.1348', 'cl_pair_0_loss': '2.5870'}
Recommendation EP_test:20: 100%|| 140/140 [00:09<00:00, 15.03it/s]
{'Epoch': 20, 'name': 'high_freq', 'HIT@5': '0.0157', 'NDCG@5': '0.0100', 'HIT@10': '0.0279', 'NDCG@10': '0.0139', 'HIT@20': '0.0456', 'NDCG@20': '0.0183'}
{'Epoch': 20, 'name': 'mid_freq', 'HIT@5': '0.0000', 'NDCG@5': '0.0000', 'HIT@10': '0.0000', 'NDCG@10': '0.0000', 'HIT@20': '0.0000', 'NDCG@20': '0.0000'}
{'Epoch': 20, 'name': 'low_freq', 'HIT@5': '0.0000', 'NDCG@5': '0.0000', 'HIT@10': '0.0000', 'NDCG@10': '0.0000', 'HIT@20': '0.0000', 'NDCG@20': '0.0000'}
{'Epoch': 20, 'name': 'all', 'HIT@5': '0.0107', 'NDCG@5': '0.0068', 'HIT@10': '0.0190', 'NDCG@10': '0.0094', 'HIT@20': '0.0310', 'NDCG@20': '0.0125'}
Validation score increased.  Saving model ...
rec dataset length: 140
100%|██████████████████████████████████████████████████████████████████████████████████████████████████████████████████████████████████████████████████████████| 140/140 [00:16<00:00,  8.27it/s]
{'epoch': 21, 'rec_avg_loss': '1.0988', 'joint_avg_loss': '1.9607', 'cl_avg_loss': '2.4995', 'itemcl_loss': '6.1192', 'cl_pair_0_loss': '2.4995'}
Recommendation EP_test:21: 100%|| 140/140 [00:09<00:00, 15.11it/s]
{'Epoch': 21, 'name': 'high_freq', 'HIT@5': '0.0178', 'NDCG@5': '0.0112', 'HIT@10': '0.0296', 'NDCG@10': '0.0150', 'HIT@20': '0.0474', 'NDCG@20': '0.0195'}
{'Epoch': 21, 'name': 'mid_freq', 'HIT@5': '0.0000', 'NDCG@5': '0.0000', 'HIT@10': '0.0000', 'NDCG@10': '0.0000', 'HIT@20': '0.0000', 'NDCG@20': '0.0000'}
{'Epoch': 21, 'name': 'low_freq', 'HIT@5': '0.0000', 'NDCG@5': '0.0000', 'HIT@10': '0.0000', 'NDCG@10': '0.0000', 'HIT@20': '0.0000', 'NDCG@20': '0.0000'}
{'Epoch': 21, 'name': 'all', 'HIT@5': '0.0121', 'NDCG@5': '0.0076', 'HIT@10': '0.0202', 'NDCG@10': '0.0102', 'HIT@20': '0.0323', 'NDCG@20': '0.0132'}
Validation score increased.  Saving model ...
rec dataset length: 140
100%|██████████████████████████████████████████████████████████████████████████████████████████████████████████████████████████████████████████████████████████| 140/140 [00:17<00:00,  8.20it/s]
{'epoch': 22, 'rec_avg_loss': '1.0937', 'joint_avg_loss': '1.9504', 'cl_avg_loss': '2.4509', 'itemcl_loss': '6.1157', 'cl_pair_0_loss': '2.4509'}
Recommendation EP_test:22: 100%|| 140/140 [00:08<00:00, 15.91it/s]
{'Epoch': 22, 'name': 'high_freq', 'HIT@5': '0.0176', 'NDCG@5': '0.0112', 'HIT@10': '0.0299', 'NDCG@10': '0.0152', 'HIT@20': '0.0480', 'NDCG@20': '0.0197'}
{'Epoch': 22, 'name': 'mid_freq', 'HIT@5': '0.0000', 'NDCG@5': '0.0000', 'HIT@10': '0.0000', 'NDCG@10': '0.0000', 'HIT@20': '0.0000', 'NDCG@20': '0.0000'}
{'Epoch': 22, 'name': 'low_freq', 'HIT@5': '0.0000', 'NDCG@5': '0.0000', 'HIT@10': '0.0000', 'NDCG@10': '0.0000', 'HIT@20': '0.0000', 'NDCG@20': '0.0000'}
{'Epoch': 22, 'name': 'all', 'HIT@5': '0.0120', 'NDCG@5': '0.0076', 'HIT@10': '0.0204', 'NDCG@10': '0.0103', 'HIT@20': '0.0327', 'NDCG@20': '0.0134'}
Validation score increased.  Saving model ...
rec dataset length: 140
100%|██████████████████████████████████████████████████████████████████████████████████████████████████████████████████████████████████████████████████████████| 140/140 [00:17<00:00,  8.19it/s]
{'epoch': 23, 'rec_avg_loss': '1.0898', 'joint_avg_loss': '1.9435', 'cl_avg_loss': '2.4147', 'itemcl_loss': '6.1225', 'cl_pair_0_loss': '2.4147'}
Recommendation EP_test:23: 100%|| 140/140 [00:09<00:00, 14.19it/s]
{'Epoch': 23, 'name': 'high_freq', 'HIT@5': '0.0176', 'NDCG@5': '0.0114', 'HIT@10': '0.0298', 'NDCG@10': '0.0153', 'HIT@20': '0.0488', 'NDCG@20': '0.0201'}
{'Epoch': 23, 'name': 'mid_freq', 'HIT@5': '0.0000', 'NDCG@5': '0.0000', 'HIT@10': '0.0000', 'NDCG@10': '0.0000', 'HIT@20': '0.0000', 'NDCG@20': '0.0000'}
{'Epoch': 23, 'name': 'low_freq', 'HIT@5': '0.0000', 'NDCG@5': '0.0000', 'HIT@10': '0.0000', 'NDCG@10': '0.0000', 'HIT@20': '0.0000', 'NDCG@20': '0.0000'}
{'Epoch': 23, 'name': 'all', 'HIT@5': '0.0120', 'NDCG@5': '0.0078', 'HIT@10': '0.0203', 'NDCG@10': '0.0104', 'HIT@20': '0.0332', 'NDCG@20': '0.0137'}
Validation score increased.  Saving model ...
rec dataset length: 140
100%|██████████████████████████████████████████████████████████████████████████████████████████████████████████████████████████████████████████████████████████| 140/140 [00:17<00:00,  8.19it/s]
{'epoch': 24, 'rec_avg_loss': '1.0816', 'joint_avg_loss': '1.9278', 'cl_avg_loss': '2.3463', 'itemcl_loss': '6.1156', 'cl_pair_0_loss': '2.3463'}
Recommendation EP_test:24: 100%|| 140/140 [00:09<00:00, 14.76it/s]
{'Epoch': 24, 'name': 'high_freq', 'HIT@5': '0.0177', 'NDCG@5': '0.0113', 'HIT@10': '0.0310', 'NDCG@10': '0.0155', 'HIT@20': '0.0506', 'NDCG@20': '0.0204'}
{'Epoch': 24, 'name': 'mid_freq', 'HIT@5': '0.0000', 'NDCG@5': '0.0000', 'HIT@10': '0.0000', 'NDCG@10': '0.0000', 'HIT@20': '0.0000', 'NDCG@20': '0.0000'}
{'Epoch': 24, 'name': 'low_freq', 'HIT@5': '0.0000', 'NDCG@5': '0.0000', 'HIT@10': '0.0000', 'NDCG@10': '0.0000', 'HIT@20': '0.0000', 'NDCG@20': '0.0000'}
{'Epoch': 24, 'name': 'all', 'HIT@5': '0.0121', 'NDCG@5': '0.0077', 'HIT@10': '0.0211', 'NDCG@10': '0.0106', 'HIT@20': '0.0344', 'NDCG@20': '0.0139'}
Validation score increased.  Saving model ...
rec dataset length: 140
100%|██████████████████████████████████████████████████████████████████████████████████████████████████████████████████████████████████████████████████████████| 140/140 [00:17<00:00,  8.20it/s]
{'epoch': 25, 'rec_avg_loss': '1.0761', 'joint_avg_loss': '1.9156', 'cl_avg_loss': '2.2862', 'itemcl_loss': '6.1087', 'cl_pair_0_loss': '2.2862'}
Recommendation EP_test:25: 100%|| 140/140 [00:09<00:00, 14.68it/s]
{'Epoch': 25, 'name': 'high_freq', 'HIT@5': '0.0180', 'NDCG@5': '0.0115', 'HIT@10': '0.0314', 'NDCG@10': '0.0159', 'HIT@20': '0.0510', 'NDCG@20': '0.0208'}
{'Epoch': 25, 'name': 'mid_freq', 'HIT@5': '0.0000', 'NDCG@5': '0.0000', 'HIT@10': '0.0000', 'NDCG@10': '0.0000', 'HIT@20': '0.0000', 'NDCG@20': '0.0000'}
{'Epoch': 25, 'name': 'low_freq', 'HIT@5': '0.0000', 'NDCG@5': '0.0000', 'HIT@10': '0.0000', 'NDCG@10': '0.0000', 'HIT@20': '0.0000', 'NDCG@20': '0.0000'}
{'Epoch': 25, 'name': 'all', 'HIT@5': '0.0122', 'NDCG@5': '0.0079', 'HIT@10': '0.0213', 'NDCG@10': '0.0108', 'HIT@20': '0.0347', 'NDCG@20': '0.0142'}
Validation score increased.  Saving model ...
rec dataset length: 140
100%|██████████████████████████████████████████████████████████████████████████████████████████████████████████████████████████████████████████████████████████| 140/140 [00:16<00:00,  8.25it/s]
{'epoch': 26, 'rec_avg_loss': '1.0708', 'joint_avg_loss': '1.9087', 'cl_avg_loss': '2.2766', 'itemcl_loss': '6.1023', 'cl_pair_0_loss': '2.2766'}
Recommendation EP_test:26: 100%|| 140/140 [00:09<00:00, 14.32it/s]
{'Epoch': 26, 'name': 'high_freq', 'HIT@5': '0.0185', 'NDCG@5': '0.0118', 'HIT@10': '0.0314', 'NDCG@10': '0.0160', 'HIT@20': '0.0527', 'NDCG@20': '0.0213'}
{'Epoch': 26, 'name': 'mid_freq', 'HIT@5': '0.0000', 'NDCG@5': '0.0000', 'HIT@10': '0.0000', 'NDCG@10': '0.0000', 'HIT@20': '0.0000', 'NDCG@20': '0.0000'}
{'Epoch': 26, 'name': 'low_freq', 'HIT@5': '0.0000', 'NDCG@5': '0.0000', 'HIT@10': '0.0000', 'NDCG@10': '0.0000', 'HIT@20': '0.0000', 'NDCG@20': '0.0000'}
{'Epoch': 26, 'name': 'all', 'HIT@5': '0.0126', 'NDCG@5': '0.0080', 'HIT@10': '0.0213', 'NDCG@10': '0.0109', 'HIT@20': '0.0359', 'NDCG@20': '0.0145'}
Validation score increased.  Saving model ...
rec dataset length: 140
100%|██████████████████████████████████████████████████████████████████████████████████████████████████████████████████████████████████████████████████████████| 140/140 [00:16<00:00,  8.29it/s]
{'epoch': 27, 'rec_avg_loss': '1.0635', 'joint_avg_loss': '1.8975', 'cl_avg_loss': '2.2247', 'itemcl_loss': '6.1147', 'cl_pair_0_loss': '2.2247'}
Recommendation EP_test:27: 100%|| 140/140 [00:09<00:00, 14.93it/s]
{'Epoch': 27, 'name': 'high_freq', 'HIT@5': '0.0188', 'NDCG@5': '0.0119', 'HIT@10': '0.0313', 'NDCG@10': '0.0159', 'HIT@20': '0.0516', 'NDCG@20': '0.0210'}
{'Epoch': 27, 'name': 'mid_freq', 'HIT@5': '0.0000', 'NDCG@5': '0.0000', 'HIT@10': '0.0000', 'NDCG@10': '0.0000', 'HIT@20': '0.0000', 'NDCG@20': '0.0000'}
{'Epoch': 27, 'name': 'low_freq', 'HIT@5': '0.0000', 'NDCG@5': '0.0000', 'HIT@10': '0.0000', 'NDCG@10': '0.0000', 'HIT@20': '0.0000', 'NDCG@20': '0.0000'}
{'Epoch': 27, 'name': 'all', 'HIT@5': '0.0128', 'NDCG@5': '0.0081', 'HIT@10': '0.0213', 'NDCG@10': '0.0108', 'HIT@20': '0.0351', 'NDCG@20': '0.0143'}
EarlyStopping counter: 1 out of 40
rec dataset length: 140
100%|██████████████████████████████████████████████████████████████████████████████████████████████████████████████████████████████████████████████████████████| 140/140 [00:17<00:00,  8.01it/s]
{'epoch': 28, 'rec_avg_loss': '1.0592', 'joint_avg_loss': '1.8893', 'cl_avg_loss': '2.2009', 'itemcl_loss': '6.1005', 'cl_pair_0_loss': '2.2009'}
Recommendation EP_test:28: 100%|| 140/140 [00:09<00:00, 14.09it/s]
{'Epoch': 28, 'name': 'high_freq', 'HIT@5': '0.0191', 'NDCG@5': '0.0120', 'HIT@10': '0.0323', 'NDCG@10': '0.0163', 'HIT@20': '0.0526', 'NDCG@20': '0.0214'}
{'Epoch': 28, 'name': 'mid_freq', 'HIT@5': '0.0000', 'NDCG@5': '0.0000', 'HIT@10': '0.0000', 'NDCG@10': '0.0000', 'HIT@20': '0.0000', 'NDCG@20': '0.0000'}
{'Epoch': 28, 'name': 'low_freq', 'HIT@5': '0.0000', 'NDCG@5': '0.0000', 'HIT@10': '0.0000', 'NDCG@10': '0.0000', 'HIT@20': '0.0000', 'NDCG@20': '0.0000'}
{'Epoch': 28, 'name': 'all', 'HIT@5': '0.0130', 'NDCG@5': '0.0082', 'HIT@10': '0.0219', 'NDCG@10': '0.0111', 'HIT@20': '0.0358', 'NDCG@20': '0.0145'}
Validation score increased.  Saving model ...
rec dataset length: 140
100%|██████████████████████████████████████████████████████████████████████████████████████████████████████████████████████████████████████████████████████████| 140/140 [00:17<00:00,  8.20it/s]
{'epoch': 29, 'rec_avg_loss': '1.0539', 'joint_avg_loss': '1.8803', 'cl_avg_loss': '2.1729', 'itemcl_loss': '6.0907', 'cl_pair_0_loss': '2.1729'}
Recommendation EP_test:29: 100%|| 140/140 [00:09<00:00, 15.25it/s]
{'Epoch': 29, 'name': 'high_freq', 'HIT@5': '0.0202', 'NDCG@5': '0.0127', 'HIT@10': '0.0334', 'NDCG@10': '0.0169', 'HIT@20': '0.0534', 'NDCG@20': '0.0220'}
{'Epoch': 29, 'name': 'mid_freq', 'HIT@5': '0.0000', 'NDCG@5': '0.0000', 'HIT@10': '0.0000', 'NDCG@10': '0.0000', 'HIT@20': '0.0000', 'NDCG@20': '0.0000'}
{'Epoch': 29, 'name': 'low_freq', 'HIT@5': '0.0000', 'NDCG@5': '0.0000', 'HIT@10': '0.0000', 'NDCG@10': '0.0000', 'HIT@20': '0.0000', 'NDCG@20': '0.0000'}
{'Epoch': 29, 'name': 'all', 'HIT@5': '0.0137', 'NDCG@5': '0.0086', 'HIT@10': '0.0227', 'NDCG@10': '0.0115', 'HIT@20': '0.0363', 'NDCG@20': '0.0149'}
Validation score increased.  Saving model ...
rec dataset length: 140
100%|██████████████████████████████████████████████████████████████████████████████████████████████████████████████████████████████████████████████████████████| 140/140 [00:17<00:00,  8.05it/s]
{'epoch': 30, 'rec_avg_loss': '1.0479', 'joint_avg_loss': '1.8694', 'cl_avg_loss': '2.1258', 'itemcl_loss': '6.0897', 'cl_pair_0_loss': '2.1258'}
Recommendation EP_test:30: 100%|| 140/140 [00:09<00:00, 14.32it/s]
{'Epoch': 30, 'name': 'high_freq', 'HIT@5': '0.0198', 'NDCG@5': '0.0126', 'HIT@10': '0.0328', 'NDCG@10': '0.0168', 'HIT@20': '0.0543', 'NDCG@20': '0.0221'}
{'Epoch': 30, 'name': 'mid_freq', 'HIT@5': '0.0000', 'NDCG@5': '0.0000', 'HIT@10': '0.0000', 'NDCG@10': '0.0000', 'HIT@20': '0.0000', 'NDCG@20': '0.0000'}
{'Epoch': 30, 'name': 'low_freq', 'HIT@5': '0.0000', 'NDCG@5': '0.0000', 'HIT@10': '0.0000', 'NDCG@10': '0.0000', 'HIT@20': '0.0000', 'NDCG@20': '0.0000'}
{'Epoch': 30, 'name': 'all', 'HIT@5': '0.0135', 'NDCG@5': '0.0085', 'HIT@10': '0.0223', 'NDCG@10': '0.0114', 'HIT@20': '0.0369', 'NDCG@20': '0.0151'}
Validation score increased.  Saving model ...
rec dataset length: 140
100%|██████████████████████████████████████████████████████████████████████████████████████████████████████████████████████████████████████████████████████████| 140/140 [00:17<00:00,  8.12it/s]
{'epoch': 31, 'rec_avg_loss': '1.0431', 'joint_avg_loss': '1.8643', 'cl_avg_loss': '2.1321', 'itemcl_loss': '6.0807', 'cl_pair_0_loss': '2.1321'}
Recommendation EP_test:31: 100%|| 140/140 [00:09<00:00, 14.22it/s]
{'Epoch': 31, 'name': 'high_freq', 'HIT@5': '0.0211', 'NDCG@5': '0.0135', 'HIT@10': '0.0337', 'NDCG@10': '0.0175', 'HIT@20': '0.0549', 'NDCG@20': '0.0228'}
{'Epoch': 31, 'name': 'mid_freq', 'HIT@5': '0.0000', 'NDCG@5': '0.0000', 'HIT@10': '0.0000', 'NDCG@10': '0.0000', 'HIT@20': '0.0000', 'NDCG@20': '0.0000'}
{'Epoch': 31, 'name': 'low_freq', 'HIT@5': '0.0000', 'NDCG@5': '0.0000', 'HIT@10': '0.0000', 'NDCG@10': '0.0000', 'HIT@20': '0.0000', 'NDCG@20': '0.0000'}
{'Epoch': 31, 'name': 'all', 'HIT@5': '0.0144', 'NDCG@5': '0.0092', 'HIT@10': '0.0229', 'NDCG@10': '0.0119', 'HIT@20': '0.0374', 'NDCG@20': '0.0155'}
Validation score increased.  Saving model ...
rec dataset length: 140
100%|██████████████████████████████████████████████████████████████████████████████████████████████████████████████████████████████████████████████████████████| 140/140 [00:17<00:00,  8.20it/s]
{'epoch': 32, 'rec_avg_loss': '1.0374', 'joint_avg_loss': '1.8605', 'cl_avg_loss': '2.1438', 'itemcl_loss': '6.0879', 'cl_pair_0_loss': '2.1438'}
Recommendation EP_test:32: 100%|| 140/140 [00:10<00:00, 13.67it/s]
{'Epoch': 32, 'name': 'high_freq', 'HIT@5': '0.0201', 'NDCG@5': '0.0129', 'HIT@10': '0.0341', 'NDCG@10': '0.0174', 'HIT@20': '0.0557', 'NDCG@20': '0.0229'}
{'Epoch': 32, 'name': 'mid_freq', 'HIT@5': '0.0000', 'NDCG@5': '0.0000', 'HIT@10': '0.0000', 'NDCG@10': '0.0000', 'HIT@20': '0.0000', 'NDCG@20': '0.0000'}
{'Epoch': 32, 'name': 'low_freq', 'HIT@5': '0.0000', 'NDCG@5': '0.0000', 'HIT@10': '0.0000', 'NDCG@10': '0.0000', 'HIT@20': '0.0000', 'NDCG@20': '0.0000'}
{'Epoch': 32, 'name': 'all', 'HIT@5': '0.0137', 'NDCG@5': '0.0088', 'HIT@10': '0.0232', 'NDCG@10': '0.0118', 'HIT@20': '0.0379', 'NDCG@20': '0.0155'}
Validation score increased.  Saving model ...
rec dataset length: 140
100%|██████████████████████████████████████████████████████████████████████████████████████████████████████████████████████████████████████████████████████████| 140/140 [00:16<00:00,  8.28it/s]
{'epoch': 33, 'rec_avg_loss': '1.0293', 'joint_avg_loss': '1.8474', 'cl_avg_loss': '2.0944', 'itemcl_loss': '6.0864', 'cl_pair_0_loss': '2.0944'}
Recommendation EP_test:33: 100%|| 140/140 [00:09<00:00, 14.45it/s]
{'Epoch': 33, 'name': 'high_freq', 'HIT@5': '0.0212', 'NDCG@5': '0.0135', 'HIT@10': '0.0362', 'NDCG@10': '0.0183', 'HIT@20': '0.0571', 'NDCG@20': '0.0235'}
{'Epoch': 33, 'name': 'mid_freq', 'HIT@5': '0.0000', 'NDCG@5': '0.0000', 'HIT@10': '0.0000', 'NDCG@10': '0.0000', 'HIT@20': '0.0001', 'NDCG@20': '0.0000'}
{'Epoch': 33, 'name': 'low_freq', 'HIT@5': '0.0000', 'NDCG@5': '0.0000', 'HIT@10': '0.0000', 'NDCG@10': '0.0000', 'HIT@20': '0.0000', 'NDCG@20': '0.0000'}
{'Epoch': 33, 'name': 'all', 'HIT@5': '0.0144', 'NDCG@5': '0.0092', 'HIT@10': '0.0246', 'NDCG@10': '0.0124', 'HIT@20': '0.0389', 'NDCG@20': '0.0160'}
Validation score increased.  Saving model ...
rec dataset length: 140
100%|██████████████████████████████████████████████████████████████████████████████████████████████████████████████████████████████████████████████████████████| 140/140 [00:17<00:00,  8.16it/s]
{'epoch': 34, 'rec_avg_loss': '1.0232', 'joint_avg_loss': '1.8394', 'cl_avg_loss': '2.0877', 'itemcl_loss': '6.0747', 'cl_pair_0_loss': '2.0877'}
Recommendation EP_test:34: 100%|| 140/140 [00:10<00:00, 13.81it/s]
{'Epoch': 34, 'name': 'high_freq', 'HIT@5': '0.0224', 'NDCG@5': '0.0139', 'HIT@10': '0.0376', 'NDCG@10': '0.0187', 'HIT@20': '0.0604', 'NDCG@20': '0.0244'}
{'Epoch': 34, 'name': 'mid_freq', 'HIT@5': '0.0001', 'NDCG@5': '0.0001', 'HIT@10': '0.0001', 'NDCG@10': '0.0001', 'HIT@20': '0.0001', 'NDCG@20': '0.0001'}
{'Epoch': 34, 'name': 'low_freq', 'HIT@5': '0.0000', 'NDCG@5': '0.0000', 'HIT@10': '0.0000', 'NDCG@10': '0.0000', 'HIT@20': '0.0000', 'NDCG@20': '0.0000'}
{'Epoch': 34, 'name': 'all', 'HIT@5': '0.0153', 'NDCG@5': '0.0094', 'HIT@10': '0.0256', 'NDCG@10': '0.0128', 'HIT@20': '0.0411', 'NDCG@20': '0.0166'}
Validation score increased.  Saving model ...
rec dataset length: 140
100%|██████████████████████████████████████████████████████████████████████████████████████████████████████████████████████████████████████████████████████████| 140/140 [00:17<00:00,  8.22it/s]
{'epoch': 35, 'rec_avg_loss': '1.0140', 'joint_avg_loss': '1.8299', 'cl_avg_loss': '2.0945', 'itemcl_loss': '6.0645', 'cl_pair_0_loss': '2.0945'}
Recommendation EP_test:35: 100%|| 140/140 [00:10<00:00, 13.89it/s]
{'Epoch': 35, 'name': 'high_freq', 'HIT@5': '0.0225', 'NDCG@5': '0.0139', 'HIT@10': '0.0367', 'NDCG@10': '0.0185', 'HIT@20': '0.0597', 'NDCG@20': '0.0242'}
{'Epoch': 35, 'name': 'mid_freq', 'HIT@5': '0.0000', 'NDCG@5': '0.0000', 'HIT@10': '0.0001', 'NDCG@10': '0.0000', 'HIT@20': '0.0001', 'NDCG@20': '0.0000'}
{'Epoch': 35, 'name': 'low_freq', 'HIT@5': '0.0000', 'NDCG@5': '0.0000', 'HIT@10': '0.0000', 'NDCG@10': '0.0000', 'HIT@20': '0.0000', 'NDCG@20': '0.0000'}
{'Epoch': 35, 'name': 'all', 'HIT@5': '0.0153', 'NDCG@5': '0.0095', 'HIT@10': '0.0250', 'NDCG@10': '0.0126', 'HIT@20': '0.0406', 'NDCG@20': '0.0165'}
EarlyStopping counter: 1 out of 40
rec dataset length: 140
100%|██████████████████████████████████████████████████████████████████████████████████████████████████████████████████████████████████████████████████████████| 140/140 [00:17<00:00,  8.13it/s]
{'epoch': 36, 'rec_avg_loss': '1.0084', 'joint_avg_loss': '1.8199', 'cl_avg_loss': '2.0657', 'itemcl_loss': '6.0494', 'cl_pair_0_loss': '2.0657'}
Recommendation EP_test:36: 100%|| 140/140 [00:10<00:00, 13.37it/s]
{'Epoch': 36, 'name': 'high_freq', 'HIT@5': '0.0231', 'NDCG@5': '0.0142', 'HIT@10': '0.0396', 'NDCG@10': '0.0195', 'HIT@20': '0.0633', 'NDCG@20': '0.0255'}
{'Epoch': 36, 'name': 'mid_freq', 'HIT@5': '0.0000', 'NDCG@5': '0.0000', 'HIT@10': '0.0003', 'NDCG@10': '0.0001', 'HIT@20': '0.0004', 'NDCG@20': '0.0001'}
{'Epoch': 36, 'name': 'low_freq', 'HIT@5': '0.0000', 'NDCG@5': '0.0000', 'HIT@10': '0.0000', 'NDCG@10': '0.0000', 'HIT@20': '0.0000', 'NDCG@20': '0.0000'}
{'Epoch': 36, 'name': 'all', 'HIT@5': '0.0157', 'NDCG@5': '0.0097', 'HIT@10': '0.0270', 'NDCG@10': '0.0133', 'HIT@20': '0.0431', 'NDCG@20': '0.0173'}
Validation score increased.  Saving model ...
rec dataset length: 140
100%|██████████████████████████████████████████████████████████████████████████████████████████████████████████████████████████████████████████████████████████| 140/140 [00:17<00:00,  7.90it/s]
{'epoch': 37, 'rec_avg_loss': '1.0024', 'joint_avg_loss': '1.8155', 'cl_avg_loss': '2.0788', 'itemcl_loss': '6.0525', 'cl_pair_0_loss': '2.0788'}
Recommendation EP_test:37: 100%|| 140/140 [00:10<00:00, 13.66it/s]
{'Epoch': 37, 'name': 'high_freq', 'HIT@5': '0.0238', 'NDCG@5': '0.0146', 'HIT@10': '0.0406', 'NDCG@10': '0.0200', 'HIT@20': '0.0644', 'NDCG@20': '0.0260'}
{'Epoch': 37, 'name': 'mid_freq', 'HIT@5': '0.0001', 'NDCG@5': '0.0001', 'HIT@10': '0.0003', 'NDCG@10': '0.0001', 'HIT@20': '0.0006', 'NDCG@20': '0.0002'}
{'Epoch': 37, 'name': 'low_freq', 'HIT@5': '0.0000', 'NDCG@5': '0.0000', 'HIT@10': '0.0000', 'NDCG@10': '0.0000', 'HIT@20': '0.0000', 'NDCG@20': '0.0000'}
{'Epoch': 37, 'name': 'all', 'HIT@5': '0.0162', 'NDCG@5': '0.0100', 'HIT@10': '0.0277', 'NDCG@10': '0.0136', 'HIT@20': '0.0439', 'NDCG@20': '0.0177'}
Validation score increased.  Saving model ...
rec dataset length: 140
100%|██████████████████████████████████████████████████████████████████████████████████████████████████████████████████████████████████████████████████████████| 140/140 [00:17<00:00,  7.90it/s]
{'epoch': 38, 'rec_avg_loss': '0.9928', 'joint_avg_loss': '1.8042', 'cl_avg_loss': '2.0740', 'itemcl_loss': '6.0396', 'cl_pair_0_loss': '2.0740'}
Recommendation EP_test:38: 100%|| 140/140 [00:10<00:00, 13.58it/s]
{'Epoch': 38, 'name': 'high_freq', 'HIT@5': '0.0237', 'NDCG@5': '0.0150', 'HIT@10': '0.0403', 'NDCG@10': '0.0203', 'HIT@20': '0.0650', 'NDCG@20': '0.0265'}
{'Epoch': 38, 'name': 'mid_freq', 'HIT@5': '0.0001', 'NDCG@5': '0.0001', 'HIT@10': '0.0004', 'NDCG@10': '0.0001', 'HIT@20': '0.0007', 'NDCG@20': '0.0002'}
{'Epoch': 38, 'name': 'low_freq', 'HIT@5': '0.0000', 'NDCG@5': '0.0000', 'HIT@10': '0.0000', 'NDCG@10': '0.0000', 'HIT@20': '0.0000', 'NDCG@20': '0.0000'}
{'Epoch': 38, 'name': 'all', 'HIT@5': '0.0162', 'NDCG@5': '0.0102', 'HIT@10': '0.0275', 'NDCG@10': '0.0139', 'HIT@20': '0.0443', 'NDCG@20': '0.0181'}
Validation score increased.  Saving model ...
rec dataset length: 140
100%|██████████████████████████████████████████████████████████████████████████████████████████████████████████████████████████████████████████████████████████| 140/140 [00:17<00:00,  8.04it/s]
{'epoch': 39, 'rec_avg_loss': '0.9900', 'joint_avg_loss': '1.7971', 'cl_avg_loss': '2.0616', 'itemcl_loss': '6.0100', 'cl_pair_0_loss': '2.0616'}
Recommendation EP_test:39: 100%|| 140/140 [00:10<00:00, 13.01it/s]
{'Epoch': 39, 'name': 'high_freq', 'HIT@5': '0.0245', 'NDCG@5': '0.0154', 'HIT@10': '0.0420', 'NDCG@10': '0.0210', 'HIT@20': '0.0670', 'NDCG@20': '0.0273'}
{'Epoch': 39, 'name': 'mid_freq', 'HIT@5': '0.0006', 'NDCG@5': '0.0003', 'HIT@10': '0.0006', 'NDCG@10': '0.0003', 'HIT@20': '0.0010', 'NDCG@20': '0.0004'}
{'Epoch': 39, 'name': 'low_freq', 'HIT@5': '0.0000', 'NDCG@5': '0.0000', 'HIT@10': '0.0000', 'NDCG@10': '0.0000', 'HIT@20': '0.0000', 'NDCG@20': '0.0000'}
{'Epoch': 39, 'name': 'all', 'HIT@5': '0.0168', 'NDCG@5': '0.0106', 'HIT@10': '0.0287', 'NDCG@10': '0.0144', 'HIT@20': '0.0458', 'NDCG@20': '0.0187'}
Validation score increased.  Saving model ...
rec dataset length: 140
100%|██████████████████████████████████████████████████████████████████████████████████████████████████████████████████████████████████████████████████████████| 140/140 [00:17<00:00,  8.16it/s]
{'epoch': 40, 'rec_avg_loss': '0.9814', 'joint_avg_loss': '1.7922', 'cl_avg_loss': '2.0875', 'itemcl_loss': '6.0201', 'cl_pair_0_loss': '2.0875'}
Recommendation EP_test:40: 100%|| 140/140 [00:10<00:00, 13.41it/s]
{'Epoch': 40, 'name': 'high_freq', 'HIT@5': '0.0258', 'NDCG@5': '0.0163', 'HIT@10': '0.0412', 'NDCG@10': '0.0212', 'HIT@20': '0.0686', 'NDCG@20': '0.0281'}
{'Epoch': 40, 'name': 'mid_freq', 'HIT@5': '0.0007', 'NDCG@5': '0.0004', 'HIT@10': '0.0007', 'NDCG@10': '0.0004', 'HIT@20': '0.0011', 'NDCG@20': '0.0005'}
{'Epoch': 40, 'name': 'low_freq', 'HIT@5': '0.0000', 'NDCG@5': '0.0000', 'HIT@10': '0.0000', 'NDCG@10': '0.0000', 'HIT@20': '0.0000', 'NDCG@20': '0.0000'}
{'Epoch': 40, 'name': 'all', 'HIT@5': '0.0177', 'NDCG@5': '0.0111', 'HIT@10': '0.0281', 'NDCG@10': '0.0145', 'HIT@20': '0.0469', 'NDCG@20': '0.0192'}
Validation score increased.  Saving model ...
rec dataset length: 140
100%|██████████████████████████████████████████████████████████████████████████████████████████████████████████████████████████████████████████████████████████| 140/140 [00:17<00:00,  8.17it/s]
{'epoch': 41, 'rec_avg_loss': '0.9743', 'joint_avg_loss': '1.7796', 'cl_avg_loss': '2.0430', 'itemcl_loss': '6.0099', 'cl_pair_0_loss': '2.0430'}
Recommendation EP_test:41: 100%|| 140/140 [00:10<00:00, 12.87it/s]
{'Epoch': 41, 'name': 'high_freq', 'HIT@5': '0.0252', 'NDCG@5': '0.0160', 'HIT@10': '0.0431', 'NDCG@10': '0.0217', 'HIT@20': '0.0684', 'NDCG@20': '0.0281'}
{'Epoch': 41, 'name': 'mid_freq', 'HIT@5': '0.0009', 'NDCG@5': '0.0005', 'HIT@10': '0.0010', 'NDCG@10': '0.0006', 'HIT@20': '0.0011', 'NDCG@20': '0.0006'}
{'Epoch': 41, 'name': 'low_freq', 'HIT@5': '0.0000', 'NDCG@5': '0.0000', 'HIT@10': '0.0002', 'NDCG@10': '0.0001', 'HIT@20': '0.0002', 'NDCG@20': '0.0001'}
{'Epoch': 41, 'name': 'all', 'HIT@5': '0.0173', 'NDCG@5': '0.0110', 'HIT@10': '0.0295', 'NDCG@10': '0.0149', 'HIT@20': '0.0468', 'NDCG@20': '0.0193'}
Validation score increased.  Saving model ...
rec dataset length: 140
100%|██████████████████████████████████████████████████████████████████████████████████████████████████████████████████████████████████████████████████████████| 140/140 [00:16<00:00,  8.31it/s]
{'epoch': 42, 'rec_avg_loss': '0.9674', 'joint_avg_loss': '1.7750', 'cl_avg_loss': '2.0669', 'itemcl_loss': '6.0084', 'cl_pair_0_loss': '2.0669'}
Recommendation EP_test:42: 100%|| 140/140 [00:10<00:00, 13.20it/s]
{'Epoch': 42, 'name': 'high_freq', 'HIT@5': '0.0260', 'NDCG@5': '0.0164', 'HIT@10': '0.0437', 'NDCG@10': '0.0221', 'HIT@20': '0.0697', 'NDCG@20': '0.0286'}
{'Epoch': 42, 'name': 'mid_freq', 'HIT@5': '0.0007', 'NDCG@5': '0.0006', 'HIT@10': '0.0011', 'NDCG@10': '0.0007', 'HIT@20': '0.0016', 'NDCG@20': '0.0008'}
{'Epoch': 42, 'name': 'low_freq', 'HIT@5': '0.0000', 'NDCG@5': '0.0000', 'HIT@10': '0.0000', 'NDCG@10': '0.0000', 'HIT@20': '0.0005', 'NDCG@20': '0.0001'}
{'Epoch': 42, 'name': 'all', 'HIT@5': '0.0178', 'NDCG@5': '0.0113', 'HIT@10': '0.0300', 'NDCG@10': '0.0152', 'HIT@20': '0.0478', 'NDCG@20': '0.0197'}
Validation score increased.  Saving model ...
rec dataset length: 140
100%|██████████████████████████████████████████████████████████████████████████████████████████████████████████████████████████████████████████████████████████| 140/140 [00:16<00:00,  8.41it/s]
{'epoch': 43, 'rec_avg_loss': '0.9591', 'joint_avg_loss': '1.7661', 'cl_avg_loss': '2.0620', 'itemcl_loss': '6.0081', 'cl_pair_0_loss': '2.0620'}
Recommendation EP_test:43: 100%|| 140/140 [00:10<00:00, 13.71it/s]
{'Epoch': 43, 'name': 'high_freq', 'HIT@5': '0.0267', 'NDCG@5': '0.0169', 'HIT@10': '0.0451', 'NDCG@10': '0.0228', 'HIT@20': '0.0708', 'NDCG@20': '0.0292'}
{'Epoch': 43, 'name': 'mid_freq', 'HIT@5': '0.0007', 'NDCG@5': '0.0006', 'HIT@10': '0.0013', 'NDCG@10': '0.0008', 'HIT@20': '0.0016', 'NDCG@20': '0.0008'}
{'Epoch': 43, 'name': 'low_freq', 'HIT@5': '0.0000', 'NDCG@5': '0.0000', 'HIT@10': '0.0000', 'NDCG@10': '0.0000', 'HIT@20': '0.0002', 'NDCG@20': '0.0001'}
{'Epoch': 43, 'name': 'all', 'HIT@5': '0.0183', 'NDCG@5': '0.0116', 'HIT@10': '0.0309', 'NDCG@10': '0.0156', 'HIT@20': '0.0485', 'NDCG@20': '0.0200'}
Validation score increased.  Saving model ...
rec dataset length: 140
100%|██████████████████████████████████████████████████████████████████████████████████████████████████████████████████████████████████████████████████████████| 140/140 [00:17<00:00,  8.14it/s]
{'epoch': 44, 'rec_avg_loss': '0.9505', 'joint_avg_loss': '1.7551', 'cl_avg_loss': '2.0553', 'itemcl_loss': '5.9908', 'cl_pair_0_loss': '2.0553'}
Recommendation EP_test:44: 100%|| 140/140 [00:10<00:00, 13.18it/s]
{'Epoch': 44, 'name': 'high_freq', 'HIT@5': '0.0284', 'NDCG@5': '0.0183', 'HIT@10': '0.0458', 'NDCG@10': '0.0239', 'HIT@20': '0.0728', 'NDCG@20': '0.0306'}
{'Epoch': 44, 'name': 'mid_freq', 'HIT@5': '0.0010', 'NDCG@5': '0.0007', 'HIT@10': '0.0013', 'NDCG@10': '0.0007', 'HIT@20': '0.0017', 'NDCG@20': '0.0009'}
{'Epoch': 44, 'name': 'low_freq', 'HIT@5': '0.0002', 'NDCG@5': '0.0001', 'HIT@10': '0.0005', 'NDCG@10': '0.0002', 'HIT@20': '0.0005', 'NDCG@20': '0.0002'}
{'Epoch': 44, 'name': 'all', 'HIT@5': '0.0196', 'NDCG@5': '0.0126', 'HIT@10': '0.0315', 'NDCG@10': '0.0164', 'HIT@20': '0.0499', 'NDCG@20': '0.0210'}
Validation score increased.  Saving model ...
rec dataset length: 140
100%|██████████████████████████████████████████████████████████████████████████████████████████████████████████████████████████████████████████████████████████| 140/140 [00:17<00:00,  8.21it/s]
{'epoch': 45, 'rec_avg_loss': '0.9431', 'joint_avg_loss': '1.7446', 'cl_avg_loss': '2.0468', 'itemcl_loss': '5.9679', 'cl_pair_0_loss': '2.0468'}
Recommendation EP_test:45: 100%|| 140/140 [00:10<00:00, 13.35it/s]
{'Epoch': 45, 'name': 'high_freq', 'HIT@5': '0.0294', 'NDCG@5': '0.0191', 'HIT@10': '0.0483', 'NDCG@10': '0.0252', 'HIT@20': '0.0743', 'NDCG@20': '0.0318'}
{'Epoch': 45, 'name': 'mid_freq', 'HIT@5': '0.0010', 'NDCG@5': '0.0006', 'HIT@10': '0.0013', 'NDCG@10': '0.0007', 'HIT@20': '0.0020', 'NDCG@20': '0.0009'}
{'Epoch': 45, 'name': 'low_freq', 'HIT@5': '0.0005', 'NDCG@5': '0.0002', 'HIT@10': '0.0005', 'NDCG@10': '0.0002', 'HIT@20': '0.0005', 'NDCG@20': '0.0002'}
{'Epoch': 45, 'name': 'all', 'HIT@5': '0.0203', 'NDCG@5': '0.0132', 'HIT@10': '0.0332', 'NDCG@10': '0.0173', 'HIT@20': '0.0510', 'NDCG@20': '0.0218'}
Validation score increased.  Saving model ...
rec dataset length: 140
100%|██████████████████████████████████████████████████████████████████████████████████████████████████████████████████████████████████████████████████████████| 140/140 [00:17<00:00,  8.14it/s]
{'epoch': 46, 'rec_avg_loss': '0.9382', 'joint_avg_loss': '1.7419', 'cl_avg_loss': '2.0649', 'itemcl_loss': '5.9715', 'cl_pair_0_loss': '2.0649'}
Recommendation EP_test:46: 100%|| 140/140 [00:10<00:00, 13.48it/s]
{'Epoch': 46, 'name': 'high_freq', 'HIT@5': '0.0302', 'NDCG@5': '0.0198', 'HIT@10': '0.0491', 'NDCG@10': '0.0258', 'HIT@20': '0.0771', 'NDCG@20': '0.0329'}
{'Epoch': 46, 'name': 'mid_freq', 'HIT@5': '0.0010', 'NDCG@5': '0.0006', 'HIT@10': '0.0013', 'NDCG@10': '0.0007', 'HIT@20': '0.0017', 'NDCG@20': '0.0008'}
{'Epoch': 46, 'name': 'low_freq', 'HIT@5': '0.0000', 'NDCG@5': '0.0000', 'HIT@10': '0.0005', 'NDCG@10': '0.0001', 'HIT@20': '0.0005', 'NDCG@20': '0.0001'}
{'Epoch': 46, 'name': 'all', 'HIT@5': '0.0207', 'NDCG@5': '0.0136', 'HIT@10': '0.0337', 'NDCG@10': '0.0177', 'HIT@20': '0.0529', 'NDCG@20': '0.0225'}
Validation score increased.  Saving model ...
rec dataset length: 140
100%|██████████████████████████████████████████████████████████████████████████████████████████████████████████████████████████████████████████████████████████| 140/140 [00:16<00:00,  8.32it/s]
{'epoch': 47, 'rec_avg_loss': '0.9299', 'joint_avg_loss': '1.7319', 'cl_avg_loss': '2.0629', 'itemcl_loss': '5.9572', 'cl_pair_0_loss': '2.0629'}
Recommendation EP_test:47: 100%|| 140/140 [00:10<00:00, 13.93it/s]
{'Epoch': 47, 'name': 'high_freq', 'HIT@5': '0.0299', 'NDCG@5': '0.0197', 'HIT@10': '0.0479', 'NDCG@10': '0.0255', 'HIT@20': '0.0758', 'NDCG@20': '0.0326'}
{'Epoch': 47, 'name': 'mid_freq', 'HIT@5': '0.0010', 'NDCG@5': '0.0008', 'HIT@10': '0.0014', 'NDCG@10': '0.0010', 'HIT@20': '0.0020', 'NDCG@20': '0.0011'}
{'Epoch': 47, 'name': 'low_freq', 'HIT@5': '0.0000', 'NDCG@5': '0.0000', 'HIT@10': '0.0005', 'NDCG@10': '0.0001', 'HIT@20': '0.0005', 'NDCG@20': '0.0001'}
{'Epoch': 47, 'name': 'all', 'HIT@5': '0.0205', 'NDCG@5': '0.0136', 'HIT@10': '0.0330', 'NDCG@10': '0.0176', 'HIT@20': '0.0520', 'NDCG@20': '0.0224'}
EarlyStopping counter: 1 out of 40
rec dataset length: 140
100%|██████████████████████████████████████████████████████████████████████████████████████████████████████████████████████████████████████████████████████████| 140/140 [00:17<00:00,  8.20it/s]
{'epoch': 48, 'rec_avg_loss': '0.9222', 'joint_avg_loss': '1.7232', 'cl_avg_loss': '2.0562', 'itemcl_loss': '5.9543', 'cl_pair_0_loss': '2.0562'}
Recommendation EP_test:48: 100%|| 140/140 [00:10<00:00, 13.41it/s]
{'Epoch': 48, 'name': 'high_freq', 'HIT@5': '0.0323', 'NDCG@5': '0.0209', 'HIT@10': '0.0517', 'NDCG@10': '0.0271', 'HIT@20': '0.0794', 'NDCG@20': '0.0340'}
{'Epoch': 48, 'name': 'mid_freq', 'HIT@5': '0.0011', 'NDCG@5': '0.0009', 'HIT@10': '0.0014', 'NDCG@10': '0.0010', 'HIT@20': '0.0022', 'NDCG@20': '0.0011'}
{'Epoch': 48, 'name': 'low_freq', 'HIT@5': '0.0000', 'NDCG@5': '0.0000', 'HIT@10': '0.0002', 'NDCG@10': '0.0001', 'HIT@20': '0.0007', 'NDCG@20': '0.0002'}
{'Epoch': 48, 'name': 'all', 'HIT@5': '0.0222', 'NDCG@5': '0.0144', 'HIT@10': '0.0355', 'NDCG@10': '0.0186', 'HIT@20': '0.0545', 'NDCG@20': '0.0234'}
Validation score increased.  Saving model ...
rec dataset length: 140
100%|██████████████████████████████████████████████████████████████████████████████████████████████████████████████████████████████████████████████████████████| 140/140 [00:16<00:00,  8.35it/s]
{'epoch': 49, 'rec_avg_loss': '0.9127', 'joint_avg_loss': '1.7122', 'cl_avg_loss': '2.0628', 'itemcl_loss': '5.9324', 'cl_pair_0_loss': '2.0628'}
Recommendation EP_test:49: 100%|| 140/140 [00:10<00:00, 13.61it/s]
{'Epoch': 49, 'name': 'high_freq', 'HIT@5': '0.0330', 'NDCG@5': '0.0214', 'HIT@10': '0.0520', 'NDCG@10': '0.0274', 'HIT@20': '0.0796', 'NDCG@20': '0.0344'}
{'Epoch': 49, 'name': 'mid_freq', 'HIT@5': '0.0013', 'NDCG@5': '0.0009', 'HIT@10': '0.0016', 'NDCG@10': '0.0010', 'HIT@20': '0.0022', 'NDCG@20': '0.0012'}
{'Epoch': 49, 'name': 'low_freq', 'HIT@5': '0.0000', 'NDCG@5': '0.0000', 'HIT@10': '0.0000', 'NDCG@10': '0.0000', 'HIT@20': '0.0002', 'NDCG@20': '0.0001'}
{'Epoch': 49, 'name': 'all', 'HIT@5': '0.0227', 'NDCG@5': '0.0147', 'HIT@10': '0.0357', 'NDCG@10': '0.0189', 'HIT@20': '0.0546', 'NDCG@20': '0.0236'}
Validation score increased.  Saving model ...
rec dataset length: 140
100%|██████████████████████████████████████████████████████████████████████████████████████████████████████████████████████████████████████████████████████████| 140/140 [00:16<00:00,  8.36it/s]
{'epoch': 50, 'rec_avg_loss': '0.9067', 'joint_avg_loss': '1.7048', 'cl_avg_loss': '2.0489', 'itemcl_loss': '5.9322', 'cl_pair_0_loss': '2.0489'}
Recommendation EP_test:50: 100%|| 140/140 [00:10<00:00, 13.53it/s]
{'Epoch': 50, 'name': 'high_freq', 'HIT@5': '0.0341', 'NDCG@5': '0.0218', 'HIT@10': '0.0538', 'NDCG@10': '0.0281', 'HIT@20': '0.0813', 'NDCG@20': '0.0350'}
{'Epoch': 50, 'name': 'mid_freq', 'HIT@5': '0.0014', 'NDCG@5': '0.0011', 'HIT@10': '0.0017', 'NDCG@10': '0.0012', 'HIT@20': '0.0027', 'NDCG@20': '0.0015'}
{'Epoch': 50, 'name': 'low_freq', 'HIT@5': '0.0000', 'NDCG@5': '0.0000', 'HIT@10': '0.0000', 'NDCG@10': '0.0000', 'HIT@20': '0.0005', 'NDCG@20': '0.0001'}
{'Epoch': 50, 'name': 'all', 'HIT@5': '0.0235', 'NDCG@5': '0.0150', 'HIT@10': '0.0369', 'NDCG@10': '0.0194', 'HIT@20': '0.0559', 'NDCG@20': '0.0241'}
Validation score increased.  Saving model ...
rec dataset length: 140
100%|██████████████████████████████████████████████████████████████████████████████████████████████████████████████████████████████████████████████████████████| 140/140 [00:16<00:00,  8.28it/s]
{'epoch': 51, 'rec_avg_loss': '0.8981', 'joint_avg_loss': '1.6950', 'cl_avg_loss': '2.0619', 'itemcl_loss': '5.9067', 'cl_pair_0_loss': '2.0619'}
Recommendation EP_test:51: 100%|| 140/140 [00:10<00:00, 13.00it/s]
{'Epoch': 51, 'name': 'high_freq', 'HIT@5': '0.0355', 'NDCG@5': '0.0233', 'HIT@10': '0.0552', 'NDCG@10': '0.0296', 'HIT@20': '0.0834', 'NDCG@20': '0.0366'}
{'Epoch': 51, 'name': 'mid_freq', 'HIT@5': '0.0016', 'NDCG@5': '0.0013', 'HIT@10': '0.0020', 'NDCG@10': '0.0014', 'HIT@20': '0.0026', 'NDCG@20': '0.0016'}
{'Epoch': 51, 'name': 'low_freq', 'HIT@5': '0.0000', 'NDCG@5': '0.0000', 'HIT@10': '0.0002', 'NDCG@10': '0.0001', 'HIT@20': '0.0007', 'NDCG@20': '0.0002'}
{'Epoch': 51, 'name': 'all', 'HIT@5': '0.0245', 'NDCG@5': '0.0161', 'HIT@10': '0.0380', 'NDCG@10': '0.0204', 'HIT@20': '0.0573', 'NDCG@20': '0.0253'}
Validation score increased.  Saving model ...
rec dataset length: 140
100%|██████████████████████████████████████████████████████████████████████████████████████████████████████████████████████████████████████████████████████████| 140/140 [00:16<00:00,  8.31it/s]
{'epoch': 52, 'rec_avg_loss': '0.8912', 'joint_avg_loss': '1.6897', 'cl_avg_loss': '2.0780', 'itemcl_loss': '5.9069', 'cl_pair_0_loss': '2.0780'}
Recommendation EP_test:52: 100%|| 140/140 [00:10<00:00, 13.47it/s]
{'Epoch': 52, 'name': 'high_freq', 'HIT@5': '0.0353', 'NDCG@5': '0.0230', 'HIT@10': '0.0550', 'NDCG@10': '0.0293', 'HIT@20': '0.0832', 'NDCG@20': '0.0364'}
{'Epoch': 52, 'name': 'mid_freq', 'HIT@5': '0.0016', 'NDCG@5': '0.0012', 'HIT@10': '0.0019', 'NDCG@10': '0.0013', 'HIT@20': '0.0026', 'NDCG@20': '0.0014'}
{'Epoch': 52, 'name': 'low_freq', 'HIT@5': '0.0002', 'NDCG@5': '0.0001', 'HIT@10': '0.0002', 'NDCG@10': '0.0001', 'HIT@20': '0.0011', 'NDCG@20': '0.0003'}
{'Epoch': 52, 'name': 'all', 'HIT@5': '0.0244', 'NDCG@5': '0.0159', 'HIT@10': '0.0378', 'NDCG@10': '0.0202', 'HIT@20': '0.0573', 'NDCG@20': '0.0251'}
EarlyStopping counter: 1 out of 40
rec dataset length: 140
100%|██████████████████████████████████████████████████████████████████████████████████████████████████████████████████████████████████████████████████████████| 140/140 [00:17<00:00,  8.20it/s]
{'epoch': 53, 'rec_avg_loss': '0.8866', 'joint_avg_loss': '1.6822', 'cl_avg_loss': '2.0681', 'itemcl_loss': '5.8888', 'cl_pair_0_loss': '2.0681'}
Recommendation EP_test:53: 100%|| 140/140 [00:10<00:00, 13.29it/s]
{'Epoch': 53, 'name': 'high_freq', 'HIT@5': '0.0360', 'NDCG@5': '0.0235', 'HIT@10': '0.0556', 'NDCG@10': '0.0298', 'HIT@20': '0.0846', 'NDCG@20': '0.0371'}
{'Epoch': 53, 'name': 'mid_freq', 'HIT@5': '0.0013', 'NDCG@5': '0.0008', 'HIT@10': '0.0017', 'NDCG@10': '0.0009', 'HIT@20': '0.0030', 'NDCG@20': '0.0013'}
{'Epoch': 53, 'name': 'low_freq', 'HIT@5': '0.0005', 'NDCG@5': '0.0002', 'HIT@10': '0.0005', 'NDCG@10': '0.0002', 'HIT@20': '0.0014', 'NDCG@20': '0.0005'}
{'Epoch': 53, 'name': 'all', 'HIT@5': '0.0248', 'NDCG@5': '0.0162', 'HIT@10': '0.0382', 'NDCG@10': '0.0205', 'HIT@20': '0.0583', 'NDCG@20': '0.0255'}
Validation score increased.  Saving model ...
rec dataset length: 140
100%|██████████████████████████████████████████████████████████████████████████████████████████████████████████████████████████████████████████████████████████| 140/140 [00:17<00:00,  8.07it/s]
{'epoch': 54, 'rec_avg_loss': '0.8791', 'joint_avg_loss': '1.6758', 'cl_avg_loss': '2.0895', 'itemcl_loss': '5.8778', 'cl_pair_0_loss': '2.0895'}
Recommendation EP_test:54: 100%|| 140/140 [00:10<00:00, 13.55it/s]
{'Epoch': 54, 'name': 'high_freq', 'HIT@5': '0.0356', 'NDCG@5': '0.0234', 'HIT@10': '0.0556', 'NDCG@10': '0.0299', 'HIT@20': '0.0849', 'NDCG@20': '0.0372'}
{'Epoch': 54, 'name': 'mid_freq', 'HIT@5': '0.0014', 'NDCG@5': '0.0010', 'HIT@10': '0.0022', 'NDCG@10': '0.0013', 'HIT@20': '0.0029', 'NDCG@20': '0.0014'}
{'Epoch': 54, 'name': 'low_freq', 'HIT@5': '0.0002', 'NDCG@5': '0.0001', 'HIT@10': '0.0007', 'NDCG@10': '0.0002', 'HIT@20': '0.0011', 'NDCG@20': '0.0003'}
{'Epoch': 54, 'name': 'all', 'HIT@5': '0.0245', 'NDCG@5': '0.0162', 'HIT@10': '0.0383', 'NDCG@10': '0.0206', 'HIT@20': '0.0585', 'NDCG@20': '0.0257'}
Validation score increased.  Saving model ...
rec dataset length: 140
100%|██████████████████████████████████████████████████████████████████████████████████████████████████████████████████████████████████████████████████████████| 140/140 [00:16<00:00,  8.31it/s]
{'epoch': 55, 'rec_avg_loss': '0.8711', 'joint_avg_loss': '1.6644', 'cl_avg_loss': '2.0813', 'itemcl_loss': '5.8519', 'cl_pair_0_loss': '2.0813'}
Recommendation EP_test:55: 100%|| 140/140 [00:10<00:00, 13.21it/s]
{'Epoch': 55, 'name': 'high_freq', 'HIT@5': '0.0346', 'NDCG@5': '0.0228', 'HIT@10': '0.0551', 'NDCG@10': '0.0294', 'HIT@20': '0.0859', 'NDCG@20': '0.0371'}
{'Epoch': 55, 'name': 'mid_freq', 'HIT@5': '0.0013', 'NDCG@5': '0.0007', 'HIT@10': '0.0019', 'NDCG@10': '0.0009', 'HIT@20': '0.0030', 'NDCG@20': '0.0012'}
{'Epoch': 55, 'name': 'low_freq', 'HIT@5': '0.0002', 'NDCG@5': '0.0001', 'HIT@10': '0.0007', 'NDCG@10': '0.0002', 'HIT@20': '0.0014', 'NDCG@20': '0.0004'}
{'Epoch': 55, 'name': 'all', 'HIT@5': '0.0238', 'NDCG@5': '0.0156', 'HIT@10': '0.0380', 'NDCG@10': '0.0202', 'HIT@20': '0.0592', 'NDCG@20': '0.0255'}
EarlyStopping counter: 1 out of 40
rec dataset length: 140
100%|██████████████████████████████████████████████████████████████████████████████████████████████████████████████████████████████████████████████████████████| 140/140 [00:16<00:00,  8.30it/s]
{'epoch': 56, 'rec_avg_loss': '0.8646', 'joint_avg_loss': '1.6595', 'cl_avg_loss': '2.0987', 'itemcl_loss': '5.8495', 'cl_pair_0_loss': '2.0987'}
Recommendation EP_test:56: 100%|| 140/140 [00:10<00:00, 13.62it/s]
{'Epoch': 56, 'name': 'high_freq', 'HIT@5': '0.0356', 'NDCG@5': '0.0236', 'HIT@10': '0.0571', 'NDCG@10': '0.0305', 'HIT@20': '0.0875', 'NDCG@20': '0.0381'}
{'Epoch': 56, 'name': 'mid_freq', 'HIT@5': '0.0011', 'NDCG@5': '0.0007', 'HIT@10': '0.0020', 'NDCG@10': '0.0009', 'HIT@20': '0.0034', 'NDCG@20': '0.0013'}
{'Epoch': 56, 'name': 'low_freq', 'HIT@5': '0.0005', 'NDCG@5': '0.0002', 'HIT@10': '0.0007', 'NDCG@10': '0.0003', 'HIT@20': '0.0009', 'NDCG@20': '0.0004'}
{'Epoch': 56, 'name': 'all', 'HIT@5': '0.0245', 'NDCG@5': '0.0162', 'HIT@10': '0.0393', 'NDCG@10': '0.0210', 'HIT@20': '0.0603', 'NDCG@20': '0.0262'}
Validation score increased.  Saving model ...
rec dataset length: 140
100%|██████████████████████████████████████████████████████████████████████████████████████████████████████████████████████████████████████████████████████████| 140/140 [00:17<00:00,  8.17it/s]
{'epoch': 57, 'rec_avg_loss': '0.8544', 'joint_avg_loss': '1.6456', 'cl_avg_loss': '2.0994', 'itemcl_loss': '5.8122', 'cl_pair_0_loss': '2.0994'}
Recommendation EP_test:57: 100%|| 140/140 [00:10<00:00, 13.20it/s]
{'Epoch': 57, 'name': 'high_freq', 'HIT@5': '0.0352', 'NDCG@5': '0.0233', 'HIT@10': '0.0561', 'NDCG@10': '0.0300', 'HIT@20': '0.0867', 'NDCG@20': '0.0377'}
{'Epoch': 57, 'name': 'mid_freq', 'HIT@5': '0.0011', 'NDCG@5': '0.0008', 'HIT@10': '0.0019', 'NDCG@10': '0.0010', 'HIT@20': '0.0032', 'NDCG@20': '0.0013'}
{'Epoch': 57, 'name': 'low_freq', 'HIT@5': '0.0002', 'NDCG@5': '0.0002', 'HIT@10': '0.0005', 'NDCG@10': '0.0003', 'HIT@20': '0.0011', 'NDCG@20': '0.0005'}
{'Epoch': 57, 'name': 'all', 'HIT@5': '0.0242', 'NDCG@5': '0.0160', 'HIT@10': '0.0386', 'NDCG@10': '0.0207', 'HIT@20': '0.0597', 'NDCG@20': '0.0260'}
EarlyStopping counter: 1 out of 40
rec dataset length: 140
100%|██████████████████████████████████████████████████████████████████████████████████████████████████████████████████████████████████████████████████████████| 140/140 [00:17<00:00,  8.23it/s]
{'epoch': 58, 'rec_avg_loss': '0.8491', 'joint_avg_loss': '1.6371', 'cl_avg_loss': '2.0758', 'itemcl_loss': '5.8039', 'cl_pair_0_loss': '2.0758'}
Recommendation EP_test:58: 100%|| 140/140 [00:10<00:00, 13.13it/s]
{'Epoch': 58, 'name': 'high_freq', 'HIT@5': '0.0374', 'NDCG@5': '0.0247', 'HIT@10': '0.0583', 'NDCG@10': '0.0314', 'HIT@20': '0.0887', 'NDCG@20': '0.0390'}
{'Epoch': 58, 'name': 'mid_freq', 'HIT@5': '0.0016', 'NDCG@5': '0.0009', 'HIT@10': '0.0022', 'NDCG@10': '0.0011', 'HIT@20': '0.0042', 'NDCG@20': '0.0016'}
{'Epoch': 58, 'name': 'low_freq', 'HIT@5': '0.0005', 'NDCG@5': '0.0002', 'HIT@10': '0.0007', 'NDCG@10': '0.0003', 'HIT@20': '0.0016', 'NDCG@20': '0.0005'}
{'Epoch': 58, 'name': 'all', 'HIT@5': '0.0258', 'NDCG@5': '0.0170', 'HIT@10': '0.0402', 'NDCG@10': '0.0216', 'HIT@20': '0.0614', 'NDCG@20': '0.0269'}
Validation score increased.  Saving model ...
rec dataset length: 140
100%|██████████████████████████████████████████████████████████████████████████████████████████████████████████████████████████████████████████████████████████| 140/140 [00:17<00:00,  8.21it/s]
{'epoch': 59, 'rec_avg_loss': '0.8435', 'joint_avg_loss': '1.6307', 'cl_avg_loss': '2.0845', 'itemcl_loss': '5.7874', 'cl_pair_0_loss': '2.0845'}
Recommendation EP_test:59: 100%|| 140/140 [00:10<00:00, 13.12it/s]
{'Epoch': 59, 'name': 'high_freq', 'HIT@5': '0.0384', 'NDCG@5': '0.0251', 'HIT@10': '0.0605', 'NDCG@10': '0.0322', 'HIT@20': '0.0920', 'NDCG@20': '0.0401'}
{'Epoch': 59, 'name': 'mid_freq', 'HIT@5': '0.0013', 'NDCG@5': '0.0008', 'HIT@10': '0.0024', 'NDCG@10': '0.0012', 'HIT@20': '0.0042', 'NDCG@20': '0.0016'}
{'Epoch': 59, 'name': 'low_freq', 'HIT@5': '0.0005', 'NDCG@5': '0.0002', 'HIT@10': '0.0011', 'NDCG@10': '0.0005', 'HIT@20': '0.0011', 'NDCG@20': '0.0005'}
{'Epoch': 59, 'name': 'all', 'HIT@5': '0.0264', 'NDCG@5': '0.0173', 'HIT@10': '0.0418', 'NDCG@10': '0.0222', 'HIT@20': '0.0635', 'NDCG@20': '0.0277'}
Validation score increased.  Saving model ...
rec dataset length: 140
100%|██████████████████████████████████████████████████████████████████████████████████████████████████████████████████████████████████████████████████████████| 140/140 [00:16<00:00,  8.26it/s]
{'epoch': 60, 'rec_avg_loss': '0.8362', 'joint_avg_loss': '1.6228', 'cl_avg_loss': '2.0791', 'itemcl_loss': '5.7864', 'cl_pair_0_loss': '2.0791'}
Recommendation EP_test:60: 100%|| 140/140 [00:10<00:00, 13.42it/s]
{'Epoch': 60, 'name': 'high_freq', 'HIT@5': '0.0398', 'NDCG@5': '0.0259', 'HIT@10': '0.0610', 'NDCG@10': '0.0327', 'HIT@20': '0.0925', 'NDCG@20': '0.0406'}
{'Epoch': 60, 'name': 'mid_freq', 'HIT@5': '0.0016', 'NDCG@5': '0.0009', 'HIT@10': '0.0026', 'NDCG@10': '0.0013', 'HIT@20': '0.0040', 'NDCG@20': '0.0016'}
{'Epoch': 60, 'name': 'low_freq', 'HIT@5': '0.0005', 'NDCG@5': '0.0003', 'HIT@10': '0.0011', 'NDCG@10': '0.0005', 'HIT@20': '0.0014', 'NDCG@20': '0.0006'}
{'Epoch': 60, 'name': 'all', 'HIT@5': '0.0274', 'NDCG@5': '0.0179', 'HIT@10': '0.0421', 'NDCG@10': '0.0226', 'HIT@20': '0.0639', 'NDCG@20': '0.0280'}
Validation score increased.  Saving model ...
rec dataset length: 140
100%|██████████████████████████████████████████████████████████████████████████████████████████████████████████████████████████████████████████████████████████| 140/140 [00:17<00:00,  8.17it/s]
{'epoch': 61, 'rec_avg_loss': '0.8295', 'joint_avg_loss': '1.6136', 'cl_avg_loss': '2.0801', 'itemcl_loss': '5.7612', 'cl_pair_0_loss': '2.0801'}
Recommendation EP_test:61: 100%|| 140/140 [00:10<00:00, 13.11it/s]
{'Epoch': 61, 'name': 'high_freq', 'HIT@5': '0.0398', 'NDCG@5': '0.0259', 'HIT@10': '0.0614', 'NDCG@10': '0.0329', 'HIT@20': '0.0930', 'NDCG@20': '0.0408'}
{'Epoch': 61, 'name': 'mid_freq', 'HIT@5': '0.0014', 'NDCG@5': '0.0010', 'HIT@10': '0.0022', 'NDCG@10': '0.0012', 'HIT@20': '0.0039', 'NDCG@20': '0.0016'}
{'Epoch': 61, 'name': 'low_freq', 'HIT@5': '0.0005', 'NDCG@5': '0.0005', 'HIT@10': '0.0005', 'NDCG@10': '0.0005', 'HIT@20': '0.0018', 'NDCG@20': '0.0008'}
{'Epoch': 61, 'name': 'all', 'HIT@5': '0.0274', 'NDCG@5': '0.0179', 'HIT@10': '0.0423', 'NDCG@10': '0.0227', 'HIT@20': '0.0642', 'NDCG@20': '0.0282'}
Validation score increased.  Saving model ...
rec dataset length: 140
100%|██████████████████████████████████████████████████████████████████████████████████████████████████████████████████████████████████████████████████████████| 140/140 [00:16<00:00,  8.25it/s]
{'epoch': 62, 'rec_avg_loss': '0.8216', 'joint_avg_loss': '1.6046', 'cl_avg_loss': '2.0779', 'itemcl_loss': '5.7517', 'cl_pair_0_loss': '2.0779'}
Recommendation EP_test:62: 100%|| 140/140 [00:10<00:00, 13.51it/s]
{'Epoch': 62, 'name': 'high_freq', 'HIT@5': '0.0386', 'NDCG@5': '0.0252', 'HIT@10': '0.0595', 'NDCG@10': '0.0319', 'HIT@20': '0.0919', 'NDCG@20': '0.0401'}
{'Epoch': 62, 'name': 'mid_freq', 'HIT@5': '0.0016', 'NDCG@5': '0.0009', 'HIT@10': '0.0020', 'NDCG@10': '0.0011', 'HIT@20': '0.0039', 'NDCG@20': '0.0015'}
{'Epoch': 62, 'name': 'low_freq', 'HIT@5': '0.0002', 'NDCG@5': '0.0002', 'HIT@10': '0.0007', 'NDCG@10': '0.0004', 'HIT@20': '0.0018', 'NDCG@20': '0.0006'}
{'Epoch': 62, 'name': 'all', 'HIT@5': '0.0266', 'NDCG@5': '0.0173', 'HIT@10': '0.0409', 'NDCG@10': '0.0220', 'HIT@20': '0.0635', 'NDCG@20': '0.0276'}
EarlyStopping counter: 1 out of 40
rec dataset length: 140
100%|██████████████████████████████████████████████████████████████████████████████████████████████████████████████████████████████████████████████████████████| 140/140 [00:17<00:00,  8.17it/s]
{'epoch': 63, 'rec_avg_loss': '0.8164', 'joint_avg_loss': '1.5988', 'cl_avg_loss': '2.0954', 'itemcl_loss': '5.7288', 'cl_pair_0_loss': '2.0954'}
Recommendation EP_test:63: 100%|| 140/140 [00:10<00:00, 13.43it/s]
{'Epoch': 63, 'name': 'high_freq', 'HIT@5': '0.0388', 'NDCG@5': '0.0255', 'HIT@10': '0.0607', 'NDCG@10': '0.0325', 'HIT@20': '0.0935', 'NDCG@20': '0.0407'}
{'Epoch': 63, 'name': 'mid_freq', 'HIT@5': '0.0020', 'NDCG@5': '0.0011', 'HIT@10': '0.0022', 'NDCG@10': '0.0012', 'HIT@20': '0.0040', 'NDCG@20': '0.0017'}
{'Epoch': 63, 'name': 'low_freq', 'HIT@5': '0.0002', 'NDCG@5': '0.0002', 'HIT@10': '0.0009', 'NDCG@10': '0.0004', 'HIT@20': '0.0016', 'NDCG@20': '0.0006'}
{'Epoch': 63, 'name': 'all', 'HIT@5': '0.0268', 'NDCG@5': '0.0176', 'HIT@10': '0.0419', 'NDCG@10': '0.0224', 'HIT@20': '0.0646', 'NDCG@20': '0.0281'}
EarlyStopping counter: 2 out of 40
rec dataset length: 140
100%|██████████████████████████████████████████████████████████████████████████████████████████████████████████████████████████████████████████████████████████| 140/140 [00:16<00:00,  8.39it/s]
{'epoch': 64, 'rec_avg_loss': '0.8093', 'joint_avg_loss': '1.5882', 'cl_avg_loss': '2.0944', 'itemcl_loss': '5.6947', 'cl_pair_0_loss': '2.0944'}
Recommendation EP_test:64: 100%|| 140/140 [00:10<00:00, 13.13it/s]
{'Epoch': 64, 'name': 'high_freq', 'HIT@5': '0.0393', 'NDCG@5': '0.0261', 'HIT@10': '0.0618', 'NDCG@10': '0.0333', 'HIT@20': '0.0938', 'NDCG@20': '0.0413'}
{'Epoch': 64, 'name': 'mid_freq', 'HIT@5': '0.0020', 'NDCG@5': '0.0013', 'HIT@10': '0.0027', 'NDCG@10': '0.0015', 'HIT@20': '0.0045', 'NDCG@20': '0.0019'}
{'Epoch': 64, 'name': 'low_freq', 'HIT@5': '0.0002', 'NDCG@5': '0.0001', 'HIT@10': '0.0005', 'NDCG@10': '0.0002', 'HIT@20': '0.0016', 'NDCG@20': '0.0005'}
{'Epoch': 64, 'name': 'all', 'HIT@5': '0.0271', 'NDCG@5': '0.0180', 'HIT@10': '0.0426', 'NDCG@10': '0.0230', 'HIT@20': '0.0649', 'NDCG@20': '0.0286'}
Validation score increased.  Saving model ...
rec dataset length: 140
100%|██████████████████████████████████████████████████████████████████████████████████████████████████████████████████████████████████████████████████████████| 140/140 [00:16<00:00,  8.27it/s]
{'epoch': 65, 'rec_avg_loss': '0.8028', 'joint_avg_loss': '1.5808', 'cl_avg_loss': '2.0802', 'itemcl_loss': '5.6996', 'cl_pair_0_loss': '2.0802'}
Recommendation EP_test:65: 100%|| 140/140 [00:10<00:00, 13.64it/s]
{'Epoch': 65, 'name': 'high_freq', 'HIT@5': '0.0394', 'NDCG@5': '0.0264', 'HIT@10': '0.0624', 'NDCG@10': '0.0338', 'HIT@20': '0.0932', 'NDCG@20': '0.0416'}
{'Epoch': 65, 'name': 'mid_freq', 'HIT@5': '0.0022', 'NDCG@5': '0.0014', 'HIT@10': '0.0030', 'NDCG@10': '0.0016', 'HIT@20': '0.0045', 'NDCG@20': '0.0020'}
{'Epoch': 65, 'name': 'low_freq', 'HIT@5': '0.0002', 'NDCG@5': '0.0002', 'HIT@10': '0.0007', 'NDCG@10': '0.0004', 'HIT@20': '0.0020', 'NDCG@20': '0.0007'}
{'Epoch': 65, 'name': 'all', 'HIT@5': '0.0273', 'NDCG@5': '0.0183', 'HIT@10': '0.0431', 'NDCG@10': '0.0234', 'HIT@20': '0.0645', 'NDCG@20': '0.0288'}
Validation score increased.  Saving model ...
rec dataset length: 140
100%|██████████████████████████████████████████████████████████████████████████████████████████████████████████████████████████████████████████████████████████| 140/140 [00:16<00:00,  8.28it/s]
{'epoch': 66, 'rec_avg_loss': '0.7947', 'joint_avg_loss': '1.5701', 'cl_avg_loss': '2.0819', 'itemcl_loss': '5.6713', 'cl_pair_0_loss': '2.0819'}
Recommendation EP_test:66: 100%|| 140/140 [00:10<00:00, 13.98it/s]
{'Epoch': 66, 'name': 'high_freq', 'HIT@5': '0.0404', 'NDCG@5': '0.0264', 'HIT@10': '0.0625', 'NDCG@10': '0.0334', 'HIT@20': '0.0932', 'NDCG@20': '0.0411'}
{'Epoch': 66, 'name': 'mid_freq', 'HIT@5': '0.0020', 'NDCG@5': '0.0012', 'HIT@10': '0.0029', 'NDCG@10': '0.0015', 'HIT@20': '0.0045', 'NDCG@20': '0.0019'}
{'Epoch': 66, 'name': 'low_freq', 'HIT@5': '0.0002', 'NDCG@5': '0.0002', 'HIT@10': '0.0007', 'NDCG@10': '0.0004', 'HIT@20': '0.0014', 'NDCG@20': '0.0006'}
{'Epoch': 66, 'name': 'all', 'HIT@5': '0.0279', 'NDCG@5': '0.0182', 'HIT@10': '0.0431', 'NDCG@10': '0.0231', 'HIT@20': '0.0644', 'NDCG@20': '0.0284'}
EarlyStopping counter: 1 out of 40
rec dataset length: 140
100%|██████████████████████████████████████████████████████████████████████████████████████████████████████████████████████████████████████████████████████████| 140/140 [00:16<00:00,  8.28it/s]
{'epoch': 67, 'rec_avg_loss': '0.7896', 'joint_avg_loss': '1.5601', 'cl_avg_loss': '2.0593', 'itemcl_loss': '5.6462', 'cl_pair_0_loss': '2.0593'}
Recommendation EP_test:67: 100%|| 140/140 [00:09<00:00, 14.09it/s]
{'Epoch': 67, 'name': 'high_freq', 'HIT@5': '0.0407', 'NDCG@5': '0.0268', 'HIT@10': '0.0639', 'NDCG@10': '0.0342', 'HIT@20': '0.0947', 'NDCG@20': '0.0419'}
{'Epoch': 67, 'name': 'mid_freq', 'HIT@5': '0.0020', 'NDCG@5': '0.0011', 'HIT@10': '0.0029', 'NDCG@10': '0.0014', 'HIT@20': '0.0047', 'NDCG@20': '0.0019'}
{'Epoch': 67, 'name': 'low_freq', 'HIT@5': '0.0005', 'NDCG@5': '0.0005', 'HIT@10': '0.0005', 'NDCG@10': '0.0005', 'HIT@20': '0.0011', 'NDCG@20': '0.0006'}
{'Epoch': 67, 'name': 'all', 'HIT@5': '0.0281', 'NDCG@5': '0.0185', 'HIT@10': '0.0441', 'NDCG@10': '0.0236', 'HIT@20': '0.0655', 'NDCG@20': '0.0290'}
Validation score increased.  Saving model ...
rec dataset length: 140
100%|██████████████████████████████████████████████████████████████████████████████████████████████████████████████████████████████████████████████████████████| 140/140 [00:17<00:00,  8.23it/s]
{'epoch': 68, 'rec_avg_loss': '0.7843', 'joint_avg_loss': '1.5599', 'cl_avg_loss': '2.1104', 'itemcl_loss': '5.6460', 'cl_pair_0_loss': '2.1104'}
Recommendation EP_test:68: 100%|| 140/140 [00:10<00:00, 13.93it/s]
{'Epoch': 68, 'name': 'high_freq', 'HIT@5': '0.0418', 'NDCG@5': '0.0277', 'HIT@10': '0.0648', 'NDCG@10': '0.0351', 'HIT@20': '0.0963', 'NDCG@20': '0.0430'}
{'Epoch': 68, 'name': 'mid_freq', 'HIT@5': '0.0019', 'NDCG@5': '0.0011', 'HIT@10': '0.0029', 'NDCG@10': '0.0014', 'HIT@20': '0.0046', 'NDCG@20': '0.0018'}
{'Epoch': 68, 'name': 'low_freq', 'HIT@5': '0.0005', 'NDCG@5': '0.0005', 'HIT@10': '0.0007', 'NDCG@10': '0.0005', 'HIT@20': '0.0014', 'NDCG@20': '0.0007'}
{'Epoch': 68, 'name': 'all', 'HIT@5': '0.0288', 'NDCG@5': '0.0191', 'HIT@10': '0.0447', 'NDCG@10': '0.0242', 'HIT@20': '0.0665', 'NDCG@20': '0.0297'}
Validation score increased.  Saving model ...
rec dataset length: 140
100%|██████████████████████████████████████████████████████████████████████████████████████████████████████████████████████████████████████████████████████████| 140/140 [00:16<00:00,  8.34it/s]
{'epoch': 69, 'rec_avg_loss': '0.7800', 'joint_avg_loss': '1.5526', 'cl_avg_loss': '2.1071', 'itemcl_loss': '5.6187', 'cl_pair_0_loss': '2.1071'}
Recommendation EP_test:69: 100%|| 140/140 [00:10<00:00, 13.57it/s]
{'Epoch': 69, 'name': 'high_freq', 'HIT@5': '0.0408', 'NDCG@5': '0.0267', 'HIT@10': '0.0638', 'NDCG@10': '0.0341', 'HIT@20': '0.0953', 'NDCG@20': '0.0420'}
{'Epoch': 69, 'name': 'mid_freq', 'HIT@5': '0.0022', 'NDCG@5': '0.0012', 'HIT@10': '0.0034', 'NDCG@10': '0.0016', 'HIT@20': '0.0047', 'NDCG@20': '0.0019'}
{'Epoch': 69, 'name': 'low_freq', 'HIT@5': '0.0007', 'NDCG@5': '0.0005', 'HIT@10': '0.0009', 'NDCG@10': '0.0006', 'HIT@20': '0.0014', 'NDCG@20': '0.0007'}
{'Epoch': 69, 'name': 'all', 'HIT@5': '0.0283', 'NDCG@5': '0.0185', 'HIT@10': '0.0442', 'NDCG@10': '0.0236', 'HIT@20': '0.0659', 'NDCG@20': '0.0290'}
EarlyStopping counter: 1 out of 40
rec dataset length: 140
100%|██████████████████████████████████████████████████████████████████████████████████████████████████████████████████████████████████████████████████████████| 140/140 [00:16<00:00,  8.34it/s]
{'epoch': 70, 'rec_avg_loss': '0.7707', 'joint_avg_loss': '1.5364', 'cl_avg_loss': '2.0727', 'itemcl_loss': '5.5847', 'cl_pair_0_loss': '2.0727'}
Recommendation EP_test:70: 100%|| 140/140 [00:10<00:00, 13.21it/s]
{'Epoch': 70, 'name': 'high_freq', 'HIT@5': '0.0423', 'NDCG@5': '0.0281', 'HIT@10': '0.0655', 'NDCG@10': '0.0356', 'HIT@20': '0.0963', 'NDCG@20': '0.0433'}
{'Epoch': 70, 'name': 'mid_freq', 'HIT@5': '0.0022', 'NDCG@5': '0.0012', 'HIT@10': '0.0032', 'NDCG@10': '0.0016', 'HIT@20': '0.0050', 'NDCG@20': '0.0020'}
{'Epoch': 70, 'name': 'low_freq', 'HIT@5': '0.0007', 'NDCG@5': '0.0005', 'HIT@10': '0.0007', 'NDCG@10': '0.0005', 'HIT@20': '0.0020', 'NDCG@20': '0.0009'}
{'Epoch': 70, 'name': 'all', 'HIT@5': '0.0293', 'NDCG@5': '0.0195', 'HIT@10': '0.0453', 'NDCG@10': '0.0246', 'HIT@20': '0.0668', 'NDCG@20': '0.0300'}
Validation score increased.  Saving model ...
rec dataset length: 140
100%|██████████████████████████████████████████████████████████████████████████████████████████████████████████████████████████████████████████████████████████| 140/140 [00:16<00:00,  8.45it/s]
{'epoch': 71, 'rec_avg_loss': '0.7665', 'joint_avg_loss': '1.5345', 'cl_avg_loss': '2.0838', 'itemcl_loss': '5.5961', 'cl_pair_0_loss': '2.0838'}
Recommendation EP_test:71: 100%|| 140/140 [00:09<00:00, 14.03it/s]
{'Epoch': 71, 'name': 'high_freq', 'HIT@5': '0.0406', 'NDCG@5': '0.0270', 'HIT@10': '0.0636', 'NDCG@10': '0.0344', 'HIT@20': '0.0954', 'NDCG@20': '0.0424'}
{'Epoch': 71, 'name': 'mid_freq', 'HIT@5': '0.0019', 'NDCG@5': '0.0012', 'HIT@10': '0.0029', 'NDCG@10': '0.0015', 'HIT@20': '0.0045', 'NDCG@20': '0.0019'}
{'Epoch': 71, 'name': 'low_freq', 'HIT@5': '0.0005', 'NDCG@5': '0.0003', 'HIT@10': '0.0005', 'NDCG@10': '0.0003', 'HIT@20': '0.0016', 'NDCG@20': '0.0006'}
{'Epoch': 71, 'name': 'all', 'HIT@5': '0.0281', 'NDCG@5': '0.0186', 'HIT@10': '0.0439', 'NDCG@10': '0.0237', 'HIT@20': '0.0660', 'NDCG@20': '0.0293'}
EarlyStopping counter: 1 out of 40
rec dataset length: 140
100%|██████████████████████████████████████████████████████████████████████████████████████████████████████████████████████████████████████████████████████████| 140/140 [00:16<00:00,  8.37it/s]
{'epoch': 72, 'rec_avg_loss': '0.7620', 'joint_avg_loss': '1.5268', 'cl_avg_loss': '2.0769', 'itemcl_loss': '5.5708', 'cl_pair_0_loss': '2.0769'}
Recommendation EP_test:72: 100%|| 140/140 [00:10<00:00, 13.24it/s]
{'Epoch': 72, 'name': 'high_freq', 'HIT@5': '0.0419', 'NDCG@5': '0.0274', 'HIT@10': '0.0655', 'NDCG@10': '0.0350', 'HIT@20': '0.0988', 'NDCG@20': '0.0434'}
{'Epoch': 72, 'name': 'mid_freq', 'HIT@5': '0.0024', 'NDCG@5': '0.0014', 'HIT@10': '0.0032', 'NDCG@10': '0.0017', 'HIT@20': '0.0053', 'NDCG@20': '0.0022'}
{'Epoch': 72, 'name': 'low_freq', 'HIT@5': '0.0005', 'NDCG@5': '0.0003', 'HIT@10': '0.0007', 'NDCG@10': '0.0004', 'HIT@20': '0.0018', 'NDCG@20': '0.0007'}
{'Epoch': 72, 'name': 'all', 'HIT@5': '0.0290', 'NDCG@5': '0.0190', 'HIT@10': '0.0453', 'NDCG@10': '0.0242', 'HIT@20': '0.0685', 'NDCG@20': '0.0300'}
Validation score increased.  Saving model ...
rec dataset length: 140
100%|██████████████████████████████████████████████████████████████████████████████████████████████████████████████████████████████████████████████████████████| 140/140 [00:16<00:00,  8.27it/s]
{'epoch': 73, 'rec_avg_loss': '0.7546', 'joint_avg_loss': '1.5159', 'cl_avg_loss': '2.0836', 'itemcl_loss': '5.5298', 'cl_pair_0_loss': '2.0836'}
Recommendation EP_test:73: 100%|| 140/140 [00:10<00:00, 13.03it/s]
{'Epoch': 73, 'name': 'high_freq', 'HIT@5': '0.0428', 'NDCG@5': '0.0281', 'HIT@10': '0.0663', 'NDCG@10': '0.0356', 'HIT@20': '0.0992', 'NDCG@20': '0.0439'}
{'Epoch': 73, 'name': 'mid_freq', 'HIT@5': '0.0023', 'NDCG@5': '0.0013', 'HIT@10': '0.0030', 'NDCG@10': '0.0016', 'HIT@20': '0.0052', 'NDCG@20': '0.0021'}
{'Epoch': 73, 'name': 'low_freq', 'HIT@5': '0.0005', 'NDCG@5': '0.0003', 'HIT@10': '0.0005', 'NDCG@10': '0.0003', 'HIT@20': '0.0014', 'NDCG@20': '0.0006'}
{'Epoch': 73, 'name': 'all', 'HIT@5': '0.0296', 'NDCG@5': '0.0194', 'HIT@10': '0.0458', 'NDCG@10': '0.0246', 'HIT@20': '0.0687', 'NDCG@20': '0.0303'}
Validation score increased.  Saving model ...
rec dataset length: 140
100%|██████████████████████████████████████████████████████████████████████████████████████████████████████████████████████████████████████████████████████████| 140/140 [00:16<00:00,  8.38it/s]
{'epoch': 74, 'rec_avg_loss': '0.7507', 'joint_avg_loss': '1.5114', 'cl_avg_loss': '2.0837', 'itemcl_loss': '5.5242', 'cl_pair_0_loss': '2.0837'}
Recommendation EP_test:74: 100%|| 140/140 [00:10<00:00, 13.20it/s]
{'Epoch': 74, 'name': 'high_freq', 'HIT@5': '0.0418', 'NDCG@5': '0.0278', 'HIT@10': '0.0657', 'NDCG@10': '0.0355', 'HIT@20': '0.0994', 'NDCG@20': '0.0440'}
{'Epoch': 74, 'name': 'mid_freq', 'HIT@5': '0.0024', 'NDCG@5': '0.0015', 'HIT@10': '0.0034', 'NDCG@10': '0.0018', 'HIT@20': '0.0055', 'NDCG@20': '0.0023'}
{'Epoch': 74, 'name': 'low_freq', 'HIT@5': '0.0005', 'NDCG@5': '0.0004', 'HIT@10': '0.0007', 'NDCG@10': '0.0004', 'HIT@20': '0.0016', 'NDCG@20': '0.0007'}
{'Epoch': 74, 'name': 'all', 'HIT@5': '0.0290', 'NDCG@5': '0.0192', 'HIT@10': '0.0455', 'NDCG@10': '0.0246', 'HIT@20': '0.0689', 'NDCG@20': '0.0305'}
Validation score increased.  Saving model ...
rec dataset length: 140
100%|██████████████████████████████████████████████████████████████████████████████████████████████████████████████████████████████████████████████████████████| 140/140 [00:16<00:00,  8.32it/s]
{'epoch': 75, 'rec_avg_loss': '0.7428', 'joint_avg_loss': '1.4993', 'cl_avg_loss': '2.0673', 'itemcl_loss': '5.4975', 'cl_pair_0_loss': '2.0673'}
Recommendation EP_test:75: 100%|| 140/140 [00:10<00:00, 13.22it/s]
{'Epoch': 75, 'name': 'high_freq', 'HIT@5': '0.0435', 'NDCG@5': '0.0284', 'HIT@10': '0.0677', 'NDCG@10': '0.0362', 'HIT@20': '0.1017', 'NDCG@20': '0.0447'}
{'Epoch': 75, 'name': 'mid_freq', 'HIT@5': '0.0022', 'NDCG@5': '0.0013', 'HIT@10': '0.0036', 'NDCG@10': '0.0018', 'HIT@20': '0.0057', 'NDCG@20': '0.0023'}
{'Epoch': 75, 'name': 'low_freq', 'HIT@5': '0.0007', 'NDCG@5': '0.0004', 'HIT@10': '0.0009', 'NDCG@10': '0.0005', 'HIT@20': '0.0018', 'NDCG@20': '0.0007'}
{'Epoch': 75, 'name': 'all', 'HIT@5': '0.0301', 'NDCG@5': '0.0196', 'HIT@10': '0.0469', 'NDCG@10': '0.0250', 'HIT@20': '0.0706', 'NDCG@20': '0.0310'}
Validation score increased.  Saving model ...
rec dataset length: 140
100%|██████████████████████████████████████████████████████████████████████████████████████████████████████████████████████████████████████████████████████████| 140/140 [00:17<00:00,  8.23it/s]
{'epoch': 76, 'rec_avg_loss': '0.7378', 'joint_avg_loss': '1.4902', 'cl_avg_loss': '2.0602', 'itemcl_loss': '5.4636', 'cl_pair_0_loss': '2.0602'}
Recommendation EP_test:76: 100%|| 140/140 [00:10<00:00, 13.80it/s]
{'Epoch': 76, 'name': 'high_freq', 'HIT@5': '0.0431', 'NDCG@5': '0.0283', 'HIT@10': '0.0669', 'NDCG@10': '0.0359', 'HIT@20': '0.1000', 'NDCG@20': '0.0443'}
{'Epoch': 76, 'name': 'mid_freq', 'HIT@5': '0.0024', 'NDCG@5': '0.0014', 'HIT@10': '0.0034', 'NDCG@10': '0.0017', 'HIT@20': '0.0055', 'NDCG@20': '0.0022'}
{'Epoch': 76, 'name': 'low_freq', 'HIT@5': '0.0005', 'NDCG@5': '0.0004', 'HIT@10': '0.0009', 'NDCG@10': '0.0005', 'HIT@20': '0.0018', 'NDCG@20': '0.0008'}
{'Epoch': 76, 'name': 'all', 'HIT@5': '0.0299', 'NDCG@5': '0.0195', 'HIT@10': '0.0463', 'NDCG@10': '0.0248', 'HIT@20': '0.0693', 'NDCG@20': '0.0306'}
EarlyStopping counter: 1 out of 40
rec dataset length: 140
100%|██████████████████████████████████████████████████████████████████████████████████████████████████████████████████████████████████████████████████████████| 140/140 [00:16<00:00,  8.33it/s]
{'epoch': 77, 'rec_avg_loss': '0.7341', 'joint_avg_loss': '1.4854', 'cl_avg_loss': '2.0501', 'itemcl_loss': '5.4627', 'cl_pair_0_loss': '2.0501'}
Recommendation EP_test:77: 100%|| 140/140 [00:10<00:00, 13.58it/s]
{'Epoch': 77, 'name': 'high_freq', 'HIT@5': '0.0434', 'NDCG@5': '0.0285', 'HIT@10': '0.0681', 'NDCG@10': '0.0364', 'HIT@20': '0.1010', 'NDCG@20': '0.0446'}
{'Epoch': 77, 'name': 'mid_freq', 'HIT@5': '0.0022', 'NDCG@5': '0.0013', 'HIT@10': '0.0032', 'NDCG@10': '0.0016', 'HIT@20': '0.0056', 'NDCG@20': '0.0022'}
{'Epoch': 77, 'name': 'low_freq', 'HIT@5': '0.0007', 'NDCG@5': '0.0006', 'HIT@10': '0.0007', 'NDCG@10': '0.0006', 'HIT@20': '0.0016', 'NDCG@20': '0.0008'}
{'Epoch': 77, 'name': 'all', 'HIT@5': '0.0301', 'NDCG@5': '0.0197', 'HIT@10': '0.0470', 'NDCG@10': '0.0251', 'HIT@20': '0.0700', 'NDCG@20': '0.0309'}
EarlyStopping counter: 2 out of 40
rec dataset length: 140
100%|██████████████████████████████████████████████████████████████████████████████████████████████████████████████████████████████████████████████████████████| 140/140 [00:16<00:00,  8.32it/s]
{'epoch': 78, 'rec_avg_loss': '0.7278', 'joint_avg_loss': '1.4782', 'cl_avg_loss': '2.0711', 'itemcl_loss': '5.4331', 'cl_pair_0_loss': '2.0711'}
Recommendation EP_test:78: 100%|| 140/140 [00:09<00:00, 14.27it/s]
{'Epoch': 78, 'name': 'high_freq', 'HIT@5': '0.0438', 'NDCG@5': '0.0290', 'HIT@10': '0.0675', 'NDCG@10': '0.0366', 'HIT@20': '0.1020', 'NDCG@20': '0.0453'}
{'Epoch': 78, 'name': 'mid_freq', 'HIT@5': '0.0024', 'NDCG@5': '0.0014', 'HIT@10': '0.0037', 'NDCG@10': '0.0018', 'HIT@20': '0.0070', 'NDCG@20': '0.0027'}
{'Epoch': 78, 'name': 'low_freq', 'HIT@5': '0.0005', 'NDCG@5': '0.0004', 'HIT@10': '0.0011', 'NDCG@10': '0.0006', 'HIT@20': '0.0018', 'NDCG@20': '0.0008'}
{'Epoch': 78, 'name': 'all', 'HIT@5': '0.0303', 'NDCG@5': '0.0200', 'HIT@10': '0.0468', 'NDCG@10': '0.0253', 'HIT@20': '0.0710', 'NDCG@20': '0.0314'}
Validation score increased.  Saving model ...
rec dataset length: 140
100%|██████████████████████████████████████████████████████████████████████████████████████████████████████████████████████████████████████████████████████████| 140/140 [00:16<00:00,  8.36it/s]
{'epoch': 79, 'rec_avg_loss': '0.7226', 'joint_avg_loss': '1.4715', 'cl_avg_loss': '2.0758', 'itemcl_loss': '5.4131', 'cl_pair_0_loss': '2.0758'}
Recommendation EP_test:79: 100%|| 140/140 [00:09<00:00, 14.03it/s]
{'Epoch': 79, 'name': 'high_freq', 'HIT@5': '0.0439', 'NDCG@5': '0.0288', 'HIT@10': '0.0672', 'NDCG@10': '0.0363', 'HIT@20': '0.1018', 'NDCG@20': '0.0450'}
{'Epoch': 79, 'name': 'mid_freq', 'HIT@5': '0.0022', 'NDCG@5': '0.0014', 'HIT@10': '0.0036', 'NDCG@10': '0.0018', 'HIT@20': '0.0068', 'NDCG@20': '0.0026'}
{'Epoch': 79, 'name': 'low_freq', 'HIT@5': '0.0005', 'NDCG@5': '0.0004', 'HIT@10': '0.0009', 'NDCG@10': '0.0005', 'HIT@20': '0.0023', 'NDCG@20': '0.0009'}
{'Epoch': 79, 'name': 'all', 'HIT@5': '0.0304', 'NDCG@5': '0.0199', 'HIT@10': '0.0465', 'NDCG@10': '0.0251', 'HIT@20': '0.0708', 'NDCG@20': '0.0313'}
EarlyStopping counter: 1 out of 40
rec dataset length: 140
100%|██████████████████████████████████████████████████████████████████████████████████████████████████████████████████████████████████████████████████████████| 140/140 [00:16<00:00,  8.30it/s]
{'epoch': 80, 'rec_avg_loss': '0.7187', 'joint_avg_loss': '1.4645', 'cl_avg_loss': '2.0687', 'itemcl_loss': '5.3902', 'cl_pair_0_loss': '2.0687'}
Recommendation EP_test:80: 100%|| 140/140 [00:10<00:00, 13.33it/s]
{'Epoch': 80, 'name': 'high_freq', 'HIT@5': '0.0435', 'NDCG@5': '0.0288', 'HIT@10': '0.0676', 'NDCG@10': '0.0365', 'HIT@20': '0.1013', 'NDCG@20': '0.0450'}
{'Epoch': 80, 'name': 'mid_freq', 'HIT@5': '0.0017', 'NDCG@5': '0.0012', 'HIT@10': '0.0032', 'NDCG@10': '0.0016', 'HIT@20': '0.0060', 'NDCG@20': '0.0024'}
{'Epoch': 80, 'name': 'low_freq', 'HIT@5': '0.0005', 'NDCG@5': '0.0004', 'HIT@10': '0.0009', 'NDCG@10': '0.0005', 'HIT@20': '0.0023', 'NDCG@20': '0.0008'}
{'Epoch': 80, 'name': 'all', 'HIT@5': '0.0300', 'NDCG@5': '0.0198', 'HIT@10': '0.0467', 'NDCG@10': '0.0252', 'HIT@20': '0.0703', 'NDCG@20': '0.0312'}
EarlyStopping counter: 2 out of 40
rec dataset length: 140
100%|██████████████████████████████████████████████████████████████████████████████████████████████████████████████████████████████████████████████████████████| 140/140 [00:16<00:00,  8.33it/s]
{'epoch': 81, 'rec_avg_loss': '0.7129', 'joint_avg_loss': '1.4573', 'cl_avg_loss': '2.0718', 'itemcl_loss': '5.3718', 'cl_pair_0_loss': '2.0718'}
Recommendation EP_test:81: 100%|| 140/140 [00:10<00:00, 13.14it/s]
{'Epoch': 81, 'name': 'high_freq', 'HIT@5': '0.0436', 'NDCG@5': '0.0285', 'HIT@10': '0.0685', 'NDCG@10': '0.0365', 'HIT@20': '0.1020', 'NDCG@20': '0.0450'}
{'Epoch': 81, 'name': 'mid_freq', 'HIT@5': '0.0020', 'NDCG@5': '0.0013', 'HIT@10': '0.0032', 'NDCG@10': '0.0016', 'HIT@20': '0.0063', 'NDCG@20': '0.0024'}
{'Epoch': 81, 'name': 'low_freq', 'HIT@5': '0.0005', 'NDCG@5': '0.0004', 'HIT@10': '0.0016', 'NDCG@10': '0.0007', 'HIT@20': '0.0020', 'NDCG@20': '0.0008'}
{'Epoch': 81, 'name': 'all', 'HIT@5': '0.0301', 'NDCG@5': '0.0197', 'HIT@10': '0.0474', 'NDCG@10': '0.0252', 'HIT@20': '0.0709', 'NDCG@20': '0.0312'}
EarlyStopping counter: 3 out of 40
rec dataset length: 140
100%|██████████████████████████████████████████████████████████████████████████████████████████████████████████████████████████████████████████████████████████| 140/140 [00:17<00:00,  8.10it/s]
{'epoch': 82, 'rec_avg_loss': '0.7082', 'joint_avg_loss': '1.4480', 'cl_avg_loss': '2.0575', 'itemcl_loss': '5.3399', 'cl_pair_0_loss': '2.0575'}
Recommendation EP_test:82: 100%|| 140/140 [00:10<00:00, 13.10it/s]
{'Epoch': 82, 'name': 'high_freq', 'HIT@5': '0.0455', 'NDCG@5': '0.0293', 'HIT@10': '0.0691', 'NDCG@10': '0.0369', 'HIT@20': '0.1040', 'NDCG@20': '0.0457'}
{'Epoch': 82, 'name': 'mid_freq', 'HIT@5': '0.0022', 'NDCG@5': '0.0014', 'HIT@10': '0.0036', 'NDCG@10': '0.0018', 'HIT@20': '0.0062', 'NDCG@20': '0.0025'}
{'Epoch': 82, 'name': 'low_freq', 'HIT@5': '0.0005', 'NDCG@5': '0.0003', 'HIT@10': '0.0014', 'NDCG@10': '0.0006', 'HIT@20': '0.0023', 'NDCG@20': '0.0008'}
{'Epoch': 82, 'name': 'all', 'HIT@5': '0.0314', 'NDCG@5': '0.0203', 'HIT@10': '0.0479', 'NDCG@10': '0.0256', 'HIT@20': '0.0722', 'NDCG@20': '0.0317'}
Validation score increased.  Saving model ...
rec dataset length: 140
100%|██████████████████████████████████████████████████████████████████████████████████████████████████████████████████████████████████████████████████████████| 140/140 [00:17<00:00,  7.96it/s]
{'epoch': 83, 'rec_avg_loss': '0.7047', 'joint_avg_loss': '1.4420', 'cl_avg_loss': '2.0487', 'itemcl_loss': '5.3243', 'cl_pair_0_loss': '2.0487'}
Recommendation EP_test:83: 100%|| 140/140 [00:10<00:00, 13.59it/s]
{'Epoch': 83, 'name': 'high_freq', 'HIT@5': '0.0456', 'NDCG@5': '0.0294', 'HIT@10': '0.0700', 'NDCG@10': '0.0372', 'HIT@20': '0.1026', 'NDCG@20': '0.0454'}
{'Epoch': 83, 'name': 'mid_freq', 'HIT@5': '0.0026', 'NDCG@5': '0.0015', 'HIT@10': '0.0040', 'NDCG@10': '0.0020', 'HIT@20': '0.0063', 'NDCG@20': '0.0026'}
{'Epoch': 83, 'name': 'low_freq', 'HIT@5': '0.0007', 'NDCG@5': '0.0004', 'HIT@10': '0.0014', 'NDCG@10': '0.0006', 'HIT@20': '0.0025', 'NDCG@20': '0.0009'}
{'Epoch': 83, 'name': 'all', 'HIT@5': '0.0316', 'NDCG@5': '0.0204', 'HIT@10': '0.0486', 'NDCG@10': '0.0258', 'HIT@20': '0.0714', 'NDCG@20': '0.0315'}
EarlyStopping counter: 1 out of 40
rec dataset length: 140
100%|██████████████████████████████████████████████████████████████████████████████████████████████████████████████████████████████████████████████████████████| 140/140 [00:17<00:00,  7.95it/s]
{'epoch': 84, 'rec_avg_loss': '0.6987', 'joint_avg_loss': '1.4343', 'cl_avg_loss': '2.0541', 'itemcl_loss': '5.3021', 'cl_pair_0_loss': '2.0541'}
Recommendation EP_test:84: 100%|| 140/140 [00:10<00:00, 13.98it/s]
{'Epoch': 84, 'name': 'high_freq', 'HIT@5': '0.0452', 'NDCG@5': '0.0297', 'HIT@10': '0.0697', 'NDCG@10': '0.0375', 'HIT@20': '0.1030', 'NDCG@20': '0.0460'}
{'Epoch': 84, 'name': 'mid_freq', 'HIT@5': '0.0026', 'NDCG@5': '0.0015', 'HIT@10': '0.0043', 'NDCG@10': '0.0021', 'HIT@20': '0.0075', 'NDCG@20': '0.0029'}
{'Epoch': 84, 'name': 'low_freq', 'HIT@5': '0.0007', 'NDCG@5': '0.0004', 'HIT@10': '0.0014', 'NDCG@10': '0.0007', 'HIT@20': '0.0023', 'NDCG@20': '0.0009'}
{'Epoch': 84, 'name': 'all', 'HIT@5': '0.0313', 'NDCG@5': '0.0205', 'HIT@10': '0.0484', 'NDCG@10': '0.0260', 'HIT@20': '0.0718', 'NDCG@20': '0.0319'}
Validation score increased.  Saving model ...
rec dataset length: 140
100%|██████████████████████████████████████████████████████████████████████████████████████████████████████████████████████████████████████████████████████████| 140/140 [00:17<00:00,  8.12it/s]
{'epoch': 85, 'rec_avg_loss': '0.6974', 'joint_avg_loss': '1.4330', 'cl_avg_loss': '2.0649', 'itemcl_loss': '5.2912', 'cl_pair_0_loss': '2.0649'}
Recommendation EP_test:85: 100%|| 140/140 [00:10<00:00, 13.69it/s]
{'Epoch': 85, 'name': 'high_freq', 'HIT@5': '0.0458', 'NDCG@5': '0.0300', 'HIT@10': '0.0703', 'NDCG@10': '0.0378', 'HIT@20': '0.1024', 'NDCG@20': '0.0458'}
{'Epoch': 85, 'name': 'mid_freq', 'HIT@5': '0.0023', 'NDCG@5': '0.0014', 'HIT@10': '0.0037', 'NDCG@10': '0.0019', 'HIT@20': '0.0075', 'NDCG@20': '0.0028'}
{'Epoch': 85, 'name': 'low_freq', 'HIT@5': '0.0007', 'NDCG@5': '0.0004', 'HIT@10': '0.0018', 'NDCG@10': '0.0008', 'HIT@20': '0.0027', 'NDCG@20': '0.0010'}
{'Epoch': 85, 'name': 'all', 'HIT@5': '0.0317', 'NDCG@5': '0.0207', 'HIT@10': '0.0488', 'NDCG@10': '0.0262', 'HIT@20': '0.0714', 'NDCG@20': '0.0319'}
EarlyStopping counter: 1 out of 40
rec dataset length: 140
100%|██████████████████████████████████████████████████████████████████████████████████████████████████████████████████████████████████████████████████████████| 140/140 [00:16<00:00,  8.27it/s]
{'epoch': 86, 'rec_avg_loss': '0.6910', 'joint_avg_loss': '1.4207', 'cl_avg_loss': '2.0282', 'itemcl_loss': '5.2682', 'cl_pair_0_loss': '2.0282'}
Recommendation EP_test:86: 100%|| 140/140 [00:10<00:00, 13.10it/s]
{'Epoch': 86, 'name': 'high_freq', 'HIT@5': '0.0453', 'NDCG@5': '0.0296', 'HIT@10': '0.0694', 'NDCG@10': '0.0374', 'HIT@20': '0.1027', 'NDCG@20': '0.0458'}
{'Epoch': 86, 'name': 'mid_freq', 'HIT@5': '0.0023', 'NDCG@5': '0.0015', 'HIT@10': '0.0040', 'NDCG@10': '0.0020', 'HIT@20': '0.0076', 'NDCG@20': '0.0029'}
{'Epoch': 86, 'name': 'low_freq', 'HIT@5': '0.0007', 'NDCG@5': '0.0004', 'HIT@10': '0.0014', 'NDCG@10': '0.0006', 'HIT@20': '0.0023', 'NDCG@20': '0.0009'}
{'Epoch': 86, 'name': 'all', 'HIT@5': '0.0313', 'NDCG@5': '0.0205', 'HIT@10': '0.0482', 'NDCG@10': '0.0259', 'HIT@20': '0.0717', 'NDCG@20': '0.0318'}
EarlyStopping counter: 2 out of 40
rec dataset length: 140
100%|██████████████████████████████████████████████████████████████████████████████████████████████████████████████████████████████████████████████████████████| 140/140 [00:17<00:00,  8.00it/s]
{'epoch': 87, 'rec_avg_loss': '0.6861', 'joint_avg_loss': '1.4140', 'cl_avg_loss': '2.0352', 'itemcl_loss': '5.2437', 'cl_pair_0_loss': '2.0352'}
Recommendation EP_test:87: 100%|| 140/140 [00:10<00:00, 13.15it/s]
{'Epoch': 87, 'name': 'high_freq', 'HIT@5': '0.0450', 'NDCG@5': '0.0296', 'HIT@10': '0.0690', 'NDCG@10': '0.0374', 'HIT@20': '0.1032', 'NDCG@20': '0.0460'}
{'Epoch': 87, 'name': 'mid_freq', 'HIT@5': '0.0029', 'NDCG@5': '0.0017', 'HIT@10': '0.0043', 'NDCG@10': '0.0022', 'HIT@20': '0.0076', 'NDCG@20': '0.0030'}
{'Epoch': 87, 'name': 'low_freq', 'HIT@5': '0.0007', 'NDCG@5': '0.0005', 'HIT@10': '0.0016', 'NDCG@10': '0.0007', 'HIT@20': '0.0025', 'NDCG@20': '0.0010'}
{'Epoch': 87, 'name': 'all', 'HIT@5': '0.0313', 'NDCG@5': '0.0205', 'HIT@10': '0.0480', 'NDCG@10': '0.0259', 'HIT@20': '0.0720', 'NDCG@20': '0.0320'}
Validation score increased.  Saving model ...
rec dataset length: 140
100%|██████████████████████████████████████████████████████████████████████████████████████████████████████████████████████████████████████████████████████████| 140/140 [00:16<00:00,  8.28it/s]
{'epoch': 88, 'rec_avg_loss': '0.6851', 'joint_avg_loss': '1.4105', 'cl_avg_loss': '2.0321', 'itemcl_loss': '5.2215', 'cl_pair_0_loss': '2.0321'}
Recommendation EP_test:88: 100%|| 140/140 [00:10<00:00, 13.29it/s]
{'Epoch': 88, 'name': 'high_freq', 'HIT@5': '0.0454', 'NDCG@5': '0.0300', 'HIT@10': '0.0693', 'NDCG@10': '0.0377', 'HIT@20': '0.1038', 'NDCG@20': '0.0464'}
{'Epoch': 88, 'name': 'mid_freq', 'HIT@5': '0.0029', 'NDCG@5': '0.0017', 'HIT@10': '0.0047', 'NDCG@10': '0.0023', 'HIT@20': '0.0075', 'NDCG@20': '0.0030'}
{'Epoch': 88, 'name': 'low_freq', 'HIT@5': '0.0005', 'NDCG@5': '0.0003', 'HIT@10': '0.0014', 'NDCG@10': '0.0006', 'HIT@20': '0.0027', 'NDCG@20': '0.0010'}
{'Epoch': 88, 'name': 'all', 'HIT@5': '0.0315', 'NDCG@5': '0.0208', 'HIT@10': '0.0483', 'NDCG@10': '0.0262', 'HIT@20': '0.0724', 'NDCG@20': '0.0323'}
Validation score increased.  Saving model ...
rec dataset length: 140
100%|██████████████████████████████████████████████████████████████████████████████████████████████████████████████████████████████████████████████████████████| 140/140 [00:17<00:00,  8.09it/s]
{'epoch': 89, 'rec_avg_loss': '0.6781', 'joint_avg_loss': '1.4021', 'cl_avg_loss': '2.0375', 'itemcl_loss': '5.2020', 'cl_pair_0_loss': '2.0375'}
Recommendation EP_test:89: 100%|| 140/140 [00:10<00:00, 13.33it/s]
{'Epoch': 89, 'name': 'high_freq', 'HIT@5': '0.0458', 'NDCG@5': '0.0298', 'HIT@10': '0.0694', 'NDCG@10': '0.0374', 'HIT@20': '0.1043', 'NDCG@20': '0.0462'}
{'Epoch': 89, 'name': 'mid_freq', 'HIT@5': '0.0023', 'NDCG@5': '0.0014', 'HIT@10': '0.0042', 'NDCG@10': '0.0020', 'HIT@20': '0.0073', 'NDCG@20': '0.0028'}
{'Epoch': 89, 'name': 'low_freq', 'HIT@5': '0.0002', 'NDCG@5': '0.0002', 'HIT@10': '0.0009', 'NDCG@10': '0.0005', 'HIT@20': '0.0032', 'NDCG@20': '0.0010'}
{'Epoch': 89, 'name': 'all', 'HIT@5': '0.0316', 'NDCG@5': '0.0206', 'HIT@10': '0.0481', 'NDCG@10': '0.0259', 'HIT@20': '0.0728', 'NDCG@20': '0.0321'}
EarlyStopping counter: 1 out of 40
rec dataset length: 140
100%|██████████████████████████████████████████████████████████████████████████████████████████████████████████████████████████████████████████████████████████| 140/140 [00:17<00:00,  8.02it/s]
{'epoch': 90, 'rec_avg_loss': '0.6757', 'joint_avg_loss': '1.3970', 'cl_avg_loss': '2.0401', 'itemcl_loss': '5.1722', 'cl_pair_0_loss': '2.0401'}
Recommendation EP_test:90: 100%|| 140/140 [00:10<00:00, 13.63it/s]
{'Epoch': 90, 'name': 'high_freq', 'HIT@5': '0.0464', 'NDCG@5': '0.0309', 'HIT@10': '0.0703', 'NDCG@10': '0.0386', 'HIT@20': '0.1061', 'NDCG@20': '0.0476'}
{'Epoch': 90, 'name': 'mid_freq', 'HIT@5': '0.0026', 'NDCG@5': '0.0016', 'HIT@10': '0.0050', 'NDCG@10': '0.0024', 'HIT@20': '0.0072', 'NDCG@20': '0.0030'}
{'Epoch': 90, 'name': 'low_freq', 'HIT@5': '0.0007', 'NDCG@5': '0.0004', 'HIT@10': '0.0014', 'NDCG@10': '0.0006', 'HIT@20': '0.0027', 'NDCG@20': '0.0010'}
{'Epoch': 90, 'name': 'all', 'HIT@5': '0.0322', 'NDCG@5': '0.0214', 'HIT@10': '0.0490', 'NDCG@10': '0.0268', 'HIT@20': '0.0739', 'NDCG@20': '0.0331'}
Validation score increased.  Saving model ...
rec dataset length: 140
100%|██████████████████████████████████████████████████████████████████████████████████████████████████████████████████████████████████████████████████████████| 140/140 [00:16<00:00,  8.24it/s]
{'epoch': 91, 'rec_avg_loss': '0.6725', 'joint_avg_loss': '1.3914', 'cl_avg_loss': '2.0388', 'itemcl_loss': '5.1502', 'cl_pair_0_loss': '2.0388'}
Recommendation EP_test:91: 100%|| 140/140 [00:10<00:00, 13.55it/s]
{'Epoch': 91, 'name': 'high_freq', 'HIT@5': '0.0460', 'NDCG@5': '0.0303', 'HIT@10': '0.0697', 'NDCG@10': '0.0379', 'HIT@20': '0.1049', 'NDCG@20': '0.0468'}
{'Epoch': 91, 'name': 'mid_freq', 'HIT@5': '0.0030', 'NDCG@5': '0.0017', 'HIT@10': '0.0050', 'NDCG@10': '0.0024', 'HIT@20': '0.0080', 'NDCG@20': '0.0031'}
{'Epoch': 91, 'name': 'low_freq', 'HIT@5': '0.0005', 'NDCG@5': '0.0003', 'HIT@10': '0.0018', 'NDCG@10': '0.0007', 'HIT@20': '0.0027', 'NDCG@20': '0.0010'}
{'Epoch': 91, 'name': 'all', 'HIT@5': '0.0319', 'NDCG@5': '0.0210', 'HIT@10': '0.0487', 'NDCG@10': '0.0264', 'HIT@20': '0.0733', 'NDCG@20': '0.0326'}
EarlyStopping counter: 1 out of 40
rec dataset length: 140
100%|██████████████████████████████████████████████████████████████████████████████████████████████████████████████████████████████████████████████████████████| 140/140 [00:17<00:00,  8.05it/s]
{'epoch': 92, 'rec_avg_loss': '0.6674', 'joint_avg_loss': '1.3825', 'cl_avg_loss': '2.0283', 'itemcl_loss': '5.1232', 'cl_pair_0_loss': '2.0283'}
Recommendation EP_test:92: 100%|| 140/140 [00:10<00:00, 13.36it/s]
{'Epoch': 92, 'name': 'high_freq', 'HIT@5': '0.0458', 'NDCG@5': '0.0306', 'HIT@10': '0.0709', 'NDCG@10': '0.0387', 'HIT@20': '0.1051', 'NDCG@20': '0.0473'}
{'Epoch': 92, 'name': 'mid_freq', 'HIT@5': '0.0030', 'NDCG@5': '0.0017', 'HIT@10': '0.0049', 'NDCG@10': '0.0023', 'HIT@20': '0.0076', 'NDCG@20': '0.0030'}
{'Epoch': 92, 'name': 'low_freq', 'HIT@5': '0.0007', 'NDCG@5': '0.0004', 'HIT@10': '0.0016', 'NDCG@10': '0.0007', 'HIT@20': '0.0027', 'NDCG@20': '0.0010'}
{'Epoch': 92, 'name': 'all', 'HIT@5': '0.0318', 'NDCG@5': '0.0212', 'HIT@10': '0.0494', 'NDCG@10': '0.0269', 'HIT@20': '0.0733', 'NDCG@20': '0.0329'}
EarlyStopping counter: 2 out of 40
rec dataset length: 140
100%|██████████████████████████████████████████████████████████████████████████████████████████████████████████████████████████████████████████████████████████| 140/140 [00:17<00:00,  8.17it/s]
{'epoch': 93, 'rec_avg_loss': '0.6628', 'joint_avg_loss': '1.3736', 'cl_avg_loss': '2.0118', 'itemcl_loss': '5.0963', 'cl_pair_0_loss': '2.0118'}
Recommendation EP_test:93: 100%|| 140/140 [00:10<00:00, 13.39it/s]
{'Epoch': 93, 'name': 'high_freq', 'HIT@5': '0.0461', 'NDCG@5': '0.0304', 'HIT@10': '0.0707', 'NDCG@10': '0.0383', 'HIT@20': '0.1060', 'NDCG@20': '0.0471'}
{'Epoch': 93, 'name': 'mid_freq', 'HIT@5': '0.0029', 'NDCG@5': '0.0015', 'HIT@10': '0.0047', 'NDCG@10': '0.0021', 'HIT@20': '0.0070', 'NDCG@20': '0.0027'}
{'Epoch': 93, 'name': 'low_freq', 'HIT@5': '0.0005', 'NDCG@5': '0.0003', 'HIT@10': '0.0009', 'NDCG@10': '0.0005', 'HIT@20': '0.0023', 'NDCG@20': '0.0008'}
{'Epoch': 93, 'name': 'all', 'HIT@5': '0.0320', 'NDCG@5': '0.0210', 'HIT@10': '0.0491', 'NDCG@10': '0.0265', 'HIT@20': '0.0738', 'NDCG@20': '0.0327'}
EarlyStopping counter: 3 out of 40
rec dataset length: 140
100%|██████████████████████████████████████████████████████████████████████████████████████████████████████████████████████████████████████████████████████████| 140/140 [00:16<00:00,  8.25it/s]
{'epoch': 94, 'rec_avg_loss': '0.6594', 'joint_avg_loss': '1.3696', 'cl_avg_loss': '2.0204', 'itemcl_loss': '5.0816', 'cl_pair_0_loss': '2.0204'}
Recommendation EP_test:94: 100%|| 140/140 [00:10<00:00, 13.34it/s]
{'Epoch': 94, 'name': 'high_freq', 'HIT@5': '0.0459', 'NDCG@5': '0.0306', 'HIT@10': '0.0714', 'NDCG@10': '0.0387', 'HIT@20': '0.1055', 'NDCG@20': '0.0473'}
{'Epoch': 94, 'name': 'mid_freq', 'HIT@5': '0.0033', 'NDCG@5': '0.0016', 'HIT@10': '0.0047', 'NDCG@10': '0.0020', 'HIT@20': '0.0076', 'NDCG@20': '0.0027'}
{'Epoch': 94, 'name': 'low_freq', 'HIT@5': '0.0005', 'NDCG@5': '0.0003', 'HIT@10': '0.0011', 'NDCG@10': '0.0005', 'HIT@20': '0.0029', 'NDCG@20': '0.0010'}
{'Epoch': 94, 'name': 'all', 'HIT@5': '0.0319', 'NDCG@5': '0.0212', 'HIT@10': '0.0496', 'NDCG@10': '0.0268', 'HIT@20': '0.0736', 'NDCG@20': '0.0329'}
EarlyStopping counter: 4 out of 40
rec dataset length: 140
100%|██████████████████████████████████████████████████████████████████████████████████████████████████████████████████████████████████████████████████████████| 140/140 [00:16<00:00,  8.27it/s]
{'epoch': 95, 'rec_avg_loss': '0.6558', 'joint_avg_loss': '1.3616', 'cl_avg_loss': '1.9932', 'itemcl_loss': '5.0645', 'cl_pair_0_loss': '1.9932'}
Recommendation EP_test:95: 100%|| 140/140 [00:10<00:00, 13.48it/s]
{'Epoch': 95, 'name': 'high_freq', 'HIT@5': '0.0457', 'NDCG@5': '0.0304', 'HIT@10': '0.0714', 'NDCG@10': '0.0387', 'HIT@20': '0.1046', 'NDCG@20': '0.0471'}
{'Epoch': 95, 'name': 'mid_freq', 'HIT@5': '0.0030', 'NDCG@5': '0.0015', 'HIT@10': '0.0045', 'NDCG@10': '0.0019', 'HIT@20': '0.0073', 'NDCG@20': '0.0027'}
{'Epoch': 95, 'name': 'low_freq', 'HIT@5': '0.0005', 'NDCG@5': '0.0003', 'HIT@10': '0.0014', 'NDCG@10': '0.0006', 'HIT@20': '0.0027', 'NDCG@20': '0.0010'}
{'Epoch': 95, 'name': 'all', 'HIT@5': '0.0317', 'NDCG@5': '0.0210', 'HIT@10': '0.0496', 'NDCG@10': '0.0268', 'HIT@20': '0.0729', 'NDCG@20': '0.0327'}
EarlyStopping counter: 5 out of 40
rec dataset length: 140
100%|██████████████████████████████████████████████████████████████████████████████████████████████████████████████████████████████████████████████████████████| 140/140 [00:17<00:00,  8.08it/s]
{'epoch': 96, 'rec_avg_loss': '0.6511', 'joint_avg_loss': '1.3561', 'cl_avg_loss': '2.0122', 'itemcl_loss': '5.0374', 'cl_pair_0_loss': '2.0122'}
Recommendation EP_test:96: 100%|| 140/140 [00:10<00:00, 13.11it/s]
{'Epoch': 96, 'name': 'high_freq', 'HIT@5': '0.0470', 'NDCG@5': '0.0308', 'HIT@10': '0.0713', 'NDCG@10': '0.0386', 'HIT@20': '0.1047', 'NDCG@20': '0.0470'}
{'Epoch': 96, 'name': 'mid_freq', 'HIT@5': '0.0029', 'NDCG@5': '0.0014', 'HIT@10': '0.0046', 'NDCG@10': '0.0020', 'HIT@20': '0.0079', 'NDCG@20': '0.0028'}
{'Epoch': 96, 'name': 'low_freq', 'HIT@5': '0.0002', 'NDCG@5': '0.0002', 'HIT@10': '0.0014', 'NDCG@10': '0.0006', 'HIT@20': '0.0027', 'NDCG@20': '0.0009'}
{'Epoch': 96, 'name': 'all', 'HIT@5': '0.0326', 'NDCG@5': '0.0213', 'HIT@10': '0.0496', 'NDCG@10': '0.0267', 'HIT@20': '0.0731', 'NDCG@20': '0.0326'}
EarlyStopping counter: 6 out of 40
rec dataset length: 140
100%|██████████████████████████████████████████████████████████████████████████████████████████████████████████████████████████████████████████████████████████| 140/140 [00:17<00:00,  8.10it/s]
{'epoch': 97, 'rec_avg_loss': '0.6496', 'joint_avg_loss': '1.3498', 'cl_avg_loss': '1.9834', 'itemcl_loss': '5.0182', 'cl_pair_0_loss': '1.9834'}
Recommendation EP_test:97: 100%|| 140/140 [00:11<00:00, 12.60it/s]
{'Epoch': 97, 'name': 'high_freq', 'HIT@5': '0.0468', 'NDCG@5': '0.0305', 'HIT@10': '0.0727', 'NDCG@10': '0.0388', 'HIT@20': '0.1056', 'NDCG@20': '0.0471'}
{'Epoch': 97, 'name': 'mid_freq', 'HIT@5': '0.0030', 'NDCG@5': '0.0014', 'HIT@10': '0.0046', 'NDCG@10': '0.0019', 'HIT@20': '0.0076', 'NDCG@20': '0.0027'}
{'Epoch': 97, 'name': 'low_freq', 'HIT@5': '0.0005', 'NDCG@5': '0.0003', 'HIT@10': '0.0011', 'NDCG@10': '0.0005', 'HIT@20': '0.0027', 'NDCG@20': '0.0009'}
{'Epoch': 97, 'name': 'all', 'HIT@5': '0.0325', 'NDCG@5': '0.0210', 'HIT@10': '0.0505', 'NDCG@10': '0.0268', 'HIT@20': '0.0737', 'NDCG@20': '0.0327'}
EarlyStopping counter: 7 out of 40
rec dataset length: 140
100%|██████████████████████████████████████████████████████████████████████████████████████████████████████████████████████████████████████████████████████████| 140/140 [00:16<00:00,  8.28it/s]
{'epoch': 98, 'rec_avg_loss': '0.6453', 'joint_avg_loss': '1.3447', 'cl_avg_loss': '1.9917', 'itemcl_loss': '5.0018', 'cl_pair_0_loss': '1.9917'}
Recommendation EP_test:98: 100%|| 140/140 [00:10<00:00, 13.31it/s]
{'Epoch': 98, 'name': 'high_freq', 'HIT@5': '0.0458', 'NDCG@5': '0.0301', 'HIT@10': '0.0719', 'NDCG@10': '0.0385', 'HIT@20': '0.1063', 'NDCG@20': '0.0472'}
{'Epoch': 98, 'name': 'mid_freq', 'HIT@5': '0.0033', 'NDCG@5': '0.0016', 'HIT@10': '0.0052', 'NDCG@10': '0.0022', 'HIT@20': '0.0079', 'NDCG@20': '0.0029'}
{'Epoch': 98, 'name': 'low_freq', 'HIT@5': '0.0009', 'NDCG@5': '0.0005', 'HIT@10': '0.0016', 'NDCG@10': '0.0007', 'HIT@20': '0.0027', 'NDCG@20': '0.0010'}
{'Epoch': 98, 'name': 'all', 'HIT@5': '0.0319', 'NDCG@5': '0.0209', 'HIT@10': '0.0501', 'NDCG@10': '0.0267', 'HIT@20': '0.0742', 'NDCG@20': '0.0328'}
EarlyStopping counter: 8 out of 40
rec dataset length: 140
100%|██████████████████████████████████████████████████████████████████████████████████████████████████████████████████████████████████████████████████████████| 140/140 [00:17<00:00,  8.23it/s]
{'epoch': 99, 'rec_avg_loss': '0.6413', 'joint_avg_loss': '1.3366', 'cl_avg_loss': '1.9729', 'itemcl_loss': '4.9800', 'cl_pair_0_loss': '1.9729'}
Recommendation EP_test:99: 100%|| 140/140 [00:10<00:00, 13.25it/s]
{'Epoch': 99, 'name': 'high_freq', 'HIT@5': '0.0466', 'NDCG@5': '0.0305', 'HIT@10': '0.0726', 'NDCG@10': '0.0389', 'HIT@20': '0.1058', 'NDCG@20': '0.0472'}
{'Epoch': 99, 'name': 'mid_freq', 'HIT@5': '0.0032', 'NDCG@5': '0.0016', 'HIT@10': '0.0056', 'NDCG@10': '0.0024', 'HIT@20': '0.0082', 'NDCG@20': '0.0030'}
{'Epoch': 99, 'name': 'low_freq', 'HIT@5': '0.0005', 'NDCG@5': '0.0003', 'HIT@10': '0.0011', 'NDCG@10': '0.0005', 'HIT@20': '0.0029', 'NDCG@20': '0.0010'}
{'Epoch': 99, 'name': 'all', 'HIT@5': '0.0324', 'NDCG@5': '0.0211', 'HIT@10': '0.0506', 'NDCG@10': '0.0270', 'HIT@20': '0.0740', 'NDCG@20': '0.0328'}
EarlyStopping counter: 9 out of 40
rec dataset length: 140
100%|██████████████████████████████████████████████████████████████████████████████████████████████████████████████████████████████████████████████████████████| 140/140 [00:17<00:00,  8.10it/s]
{'epoch': 100, 'rec_avg_loss': '0.6382', 'joint_avg_loss': '1.3339', 'cl_avg_loss': '1.9903', 'itemcl_loss': '4.9666', 'cl_pair_0_loss': '1.9903'}
Recommendation EP_test:100: 100%|| 140/140 [00:10<00:00, 13.55it/s]
{'Epoch': 100, 'name': 'high_freq', 'HIT@5': '0.0460', 'NDCG@5': '0.0302', 'HIT@10': '0.0721', 'NDCG@10': '0.0386', 'HIT@20': '0.1060', 'NDCG@20': '0.0471'}
{'Epoch': 100, 'name': 'mid_freq', 'HIT@5': '0.0034', 'NDCG@5': '0.0017', 'HIT@10': '0.0052', 'NDCG@10': '0.0022', 'HIT@20': '0.0083', 'NDCG@20': '0.0030'}
{'Epoch': 100, 'name': 'low_freq', 'HIT@5': '0.0005', 'NDCG@5': '0.0003', 'HIT@10': '0.0009', 'NDCG@10': '0.0005', 'HIT@20': '0.0032', 'NDCG@20': '0.0010'}
{'Epoch': 100, 'name': 'all', 'HIT@5': '0.0321', 'NDCG@5': '0.0209', 'HIT@10': '0.0502', 'NDCG@10': '0.0267', 'HIT@20': '0.0741', 'NDCG@20': '0.0328'}
EarlyStopping counter: 10 out of 40
rec dataset length: 140
100%|██████████████████████████████████████████████████████████████████████████████████████████████████████████████████████████████████████████████████████████| 140/140 [00:17<00:00,  7.92it/s]
{'epoch': 101, 'rec_avg_loss': '0.6351', 'joint_avg_loss': '1.3304', 'cl_avg_loss': '2.0195', 'itemcl_loss': '4.9336', 'cl_pair_0_loss': '2.0195'}
Recommendation EP_test:101: 100%|| 140/140 [00:10<00:00, 13.47it/s]
{'Epoch': 101, 'name': 'high_freq', 'HIT@5': '0.0461', 'NDCG@5': '0.0304', 'HIT@10': '0.0725', 'NDCG@10': '0.0388', 'HIT@20': '0.1075', 'NDCG@20': '0.0476'}
{'Epoch': 101, 'name': 'mid_freq', 'HIT@5': '0.0032', 'NDCG@5': '0.0016', 'HIT@10': '0.0053', 'NDCG@10': '0.0023', 'HIT@20': '0.0088', 'NDCG@20': '0.0031'}
{'Epoch': 101, 'name': 'low_freq', 'HIT@5': '0.0007', 'NDCG@5': '0.0003', 'HIT@10': '0.0011', 'NDCG@10': '0.0005', 'HIT@20': '0.0027', 'NDCG@20': '0.0008'}
{'Epoch': 101, 'name': 'all', 'HIT@5': '0.0321', 'NDCG@5': '0.0210', 'HIT@10': '0.0505', 'NDCG@10': '0.0269', 'HIT@20': '0.0752', 'NDCG@20': '0.0331'}
Validation score increased.  Saving model ...
rec dataset length: 140
100%|██████████████████████████████████████████████████████████████████████████████████████████████████████████████████████████████████████████████████████████| 140/140 [00:17<00:00,  7.98it/s]
{'epoch': 102, 'rec_avg_loss': '0.6332', 'joint_avg_loss': '1.3244', 'cl_avg_loss': '1.9929', 'itemcl_loss': '4.9190', 'cl_pair_0_loss': '1.9929'}
Recommendation EP_test:102: 100%|| 140/140 [00:10<00:00, 12.87it/s]
{'Epoch': 102, 'name': 'high_freq', 'HIT@5': '0.0447', 'NDCG@5': '0.0295', 'HIT@10': '0.0710', 'NDCG@10': '0.0380', 'HIT@20': '0.1061', 'NDCG@20': '0.0468'}
{'Epoch': 102, 'name': 'mid_freq', 'HIT@5': '0.0036', 'NDCG@5': '0.0018', 'HIT@10': '0.0056', 'NDCG@10': '0.0025', 'HIT@20': '0.0086', 'NDCG@20': '0.0032'}
{'Epoch': 102, 'name': 'low_freq', 'HIT@5': '0.0002', 'NDCG@5': '0.0002', 'HIT@10': '0.0011', 'NDCG@10': '0.0005', 'HIT@20': '0.0027', 'NDCG@20': '0.0009'}
{'Epoch': 102, 'name': 'all', 'HIT@5': '0.0311', 'NDCG@5': '0.0204', 'HIT@10': '0.0495', 'NDCG@10': '0.0264', 'HIT@20': '0.0742', 'NDCG@20': '0.0326'}
EarlyStopping counter: 1 out of 40
rec dataset length: 140
100%|██████████████████████████████████████████████████████████████████████████████████████████████████████████████████████████████████████████████████████████| 140/140 [00:17<00:00,  8.19it/s]
{'epoch': 103, 'rec_avg_loss': '0.6297', 'joint_avg_loss': '1.3165', 'cl_avg_loss': '1.9732', 'itemcl_loss': '4.8947', 'cl_pair_0_loss': '1.9732'}
Recommendation EP_test:103: 100%|| 140/140 [00:10<00:00, 13.69it/s]
{'Epoch': 103, 'name': 'high_freq', 'HIT@5': '0.0460', 'NDCG@5': '0.0300', 'HIT@10': '0.0710', 'NDCG@10': '0.0380', 'HIT@20': '0.1062', 'NDCG@20': '0.0469'}
{'Epoch': 103, 'name': 'mid_freq', 'HIT@5': '0.0034', 'NDCG@5': '0.0017', 'HIT@10': '0.0056', 'NDCG@10': '0.0024', 'HIT@20': '0.0086', 'NDCG@20': '0.0032'}
{'Epoch': 103, 'name': 'low_freq', 'HIT@5': '0.0002', 'NDCG@5': '0.0002', 'HIT@10': '0.0014', 'NDCG@10': '0.0006', 'HIT@20': '0.0027', 'NDCG@20': '0.0009'}
{'Epoch': 103, 'name': 'all', 'HIT@5': '0.0320', 'NDCG@5': '0.0207', 'HIT@10': '0.0496', 'NDCG@10': '0.0264', 'HIT@20': '0.0743', 'NDCG@20': '0.0326'}
EarlyStopping counter: 2 out of 40
rec dataset length: 140
100%|██████████████████████████████████████████████████████████████████████████████████████████████████████████████████████████████████████████████████████████| 140/140 [00:17<00:00,  8.21it/s]
{'epoch': 104, 'rec_avg_loss': '0.6259', 'joint_avg_loss': '1.3109', 'cl_avg_loss': '1.9723', 'itemcl_loss': '4.8777', 'cl_pair_0_loss': '1.9723'}
Recommendation EP_test:104: 100%|| 140/140 [00:10<00:00, 13.60it/s]
{'Epoch': 104, 'name': 'high_freq', 'HIT@5': '0.0463', 'NDCG@5': '0.0304', 'HIT@10': '0.0710', 'NDCG@10': '0.0383', 'HIT@20': '0.1074', 'NDCG@20': '0.0474'}
{'Epoch': 104, 'name': 'mid_freq', 'HIT@5': '0.0030', 'NDCG@5': '0.0015', 'HIT@10': '0.0055', 'NDCG@10': '0.0023', 'HIT@20': '0.0083', 'NDCG@20': '0.0030'}
{'Epoch': 104, 'name': 'low_freq', 'HIT@5': '0.0002', 'NDCG@5': '0.0002', 'HIT@10': '0.0014', 'NDCG@10': '0.0006', 'HIT@20': '0.0025', 'NDCG@20': '0.0009'}
{'Epoch': 104, 'name': 'all', 'HIT@5': '0.0321', 'NDCG@5': '0.0210', 'HIT@10': '0.0496', 'NDCG@10': '0.0266', 'HIT@20': '0.0750', 'NDCG@20': '0.0330'}
EarlyStopping counter: 3 out of 40
rec dataset length: 140
100%|██████████████████████████████████████████████████████████████████████████████████████████████████████████████████████████████████████████████████████████| 140/140 [00:16<00:00,  8.41it/s]
{'epoch': 105, 'rec_avg_loss': '0.6239', 'joint_avg_loss': '1.3083', 'cl_avg_loss': '1.9667', 'itemcl_loss': '4.8773', 'cl_pair_0_loss': '1.9667'}
Recommendation EP_test:105: 100%|| 140/140 [00:10<00:00, 13.16it/s]
{'Epoch': 105, 'name': 'high_freq', 'HIT@5': '0.0453', 'NDCG@5': '0.0301', 'HIT@10': '0.0711', 'NDCG@10': '0.0384', 'HIT@20': '0.1079', 'NDCG@20': '0.0476'}
{'Epoch': 105, 'name': 'mid_freq', 'HIT@5': '0.0032', 'NDCG@5': '0.0017', 'HIT@10': '0.0056', 'NDCG@10': '0.0025', 'HIT@20': '0.0080', 'NDCG@20': '0.0032'}
{'Epoch': 105, 'name': 'low_freq', 'HIT@5': '0.0005', 'NDCG@5': '0.0003', 'HIT@10': '0.0018', 'NDCG@10': '0.0008', 'HIT@20': '0.0029', 'NDCG@20': '0.0010'}
{'Epoch': 105, 'name': 'all', 'HIT@5': '0.0315', 'NDCG@5': '0.0209', 'HIT@10': '0.0497', 'NDCG@10': '0.0267', 'HIT@20': '0.0753', 'NDCG@20': '0.0332'}
Validation score increased.  Saving model ...
rec dataset length: 140
100%|██████████████████████████████████████████████████████████████████████████████████████████████████████████████████████████████████████████████████████████| 140/140 [00:17<00:00,  7.96it/s]
{'epoch': 106, 'rec_avg_loss': '0.6207', 'joint_avg_loss': '1.3036', 'cl_avg_loss': '1.9813', 'itemcl_loss': '4.8478', 'cl_pair_0_loss': '1.9813'}
Recommendation EP_test:106: 100%|| 140/140 [00:10<00:00, 13.60it/s]
{'Epoch': 106, 'name': 'high_freq', 'HIT@5': '0.0458', 'NDCG@5': '0.0299', 'HIT@10': '0.0716', 'NDCG@10': '0.0382', 'HIT@20': '0.1087', 'NDCG@20': '0.0475'}
{'Epoch': 106, 'name': 'mid_freq', 'HIT@5': '0.0033', 'NDCG@5': '0.0017', 'HIT@10': '0.0055', 'NDCG@10': '0.0024', 'HIT@20': '0.0082', 'NDCG@20': '0.0031'}
{'Epoch': 106, 'name': 'low_freq', 'HIT@5': '0.0007', 'NDCG@5': '0.0004', 'HIT@10': '0.0018', 'NDCG@10': '0.0008', 'HIT@20': '0.0034', 'NDCG@20': '0.0012'}
{'Epoch': 106, 'name': 'all', 'HIT@5': '0.0319', 'NDCG@5': '0.0207', 'HIT@10': '0.0500', 'NDCG@10': '0.0266', 'HIT@20': '0.0760', 'NDCG@20': '0.0331'}
EarlyStopping counter: 1 out of 40
rec dataset length: 140
100%|██████████████████████████████████████████████████████████████████████████████████████████████████████████████████████████████████████████████████████████| 140/140 [00:16<00:00,  8.35it/s]
{'epoch': 107, 'rec_avg_loss': '0.6189', 'joint_avg_loss': '1.2970', 'cl_avg_loss': '1.9573', 'itemcl_loss': '4.8244', 'cl_pair_0_loss': '1.9573'}
Recommendation EP_test:107: 100%|| 140/140 [00:10<00:00, 13.68it/s]
{'Epoch': 107, 'name': 'high_freq', 'HIT@5': '0.0459', 'NDCG@5': '0.0300', 'HIT@10': '0.0719', 'NDCG@10': '0.0383', 'HIT@20': '0.1084', 'NDCG@20': '0.0475'}
{'Epoch': 107, 'name': 'mid_freq', 'HIT@5': '0.0039', 'NDCG@5': '0.0023', 'HIT@10': '0.0055', 'NDCG@10': '0.0028', 'HIT@20': '0.0076', 'NDCG@20': '0.0034'}
{'Epoch': 107, 'name': 'low_freq', 'HIT@5': '0.0007', 'NDCG@5': '0.0004', 'HIT@10': '0.0016', 'NDCG@10': '0.0007', 'HIT@20': '0.0038', 'NDCG@20': '0.0012'}
{'Epoch': 107, 'name': 'all', 'HIT@5': '0.0321', 'NDCG@5': '0.0209', 'HIT@10': '0.0502', 'NDCG@10': '0.0267', 'HIT@20': '0.0757', 'NDCG@20': '0.0331'}
EarlyStopping counter: 2 out of 40
rec dataset length: 140
100%|██████████████████████████████████████████████████████████████████████████████████████████████████████████████████████████████████████████████████████████| 140/140 [00:17<00:00,  8.23it/s]
{'epoch': 108, 'rec_avg_loss': '0.6138', 'joint_avg_loss': '1.2896', 'cl_avg_loss': '1.9502', 'itemcl_loss': '4.8087', 'cl_pair_0_loss': '1.9502'}
Recommendation EP_test:108: 100%|| 140/140 [00:10<00:00, 13.48it/s]
{'Epoch': 108, 'name': 'high_freq', 'HIT@5': '0.0477', 'NDCG@5': '0.0312', 'HIT@10': '0.0733', 'NDCG@10': '0.0394', 'HIT@20': '0.1078', 'NDCG@20': '0.0480'}
{'Epoch': 108, 'name': 'mid_freq', 'HIT@5': '0.0039', 'NDCG@5': '0.0022', 'HIT@10': '0.0052', 'NDCG@10': '0.0027', 'HIT@20': '0.0085', 'NDCG@20': '0.0035'}
{'Epoch': 108, 'name': 'low_freq', 'HIT@5': '0.0009', 'NDCG@5': '0.0005', 'HIT@10': '0.0018', 'NDCG@10': '0.0007', 'HIT@20': '0.0041', 'NDCG@20': '0.0013'}
{'Epoch': 108, 'name': 'all', 'HIT@5': '0.0333', 'NDCG@5': '0.0217', 'HIT@10': '0.0511', 'NDCG@10': '0.0274', 'HIT@20': '0.0755', 'NDCG@20': '0.0335'}
Validation score increased.  Saving model ...
rec dataset length: 140
100%|██████████████████████████████████████████████████████████████████████████████████████████████████████████████████████████████████████████████████████████| 140/140 [00:16<00:00,  8.28it/s]
{'epoch': 109, 'rec_avg_loss': '0.6124', 'joint_avg_loss': '1.2876', 'cl_avg_loss': '1.9548', 'itemcl_loss': '4.7969', 'cl_pair_0_loss': '1.9548'}
Recommendation EP_test:109: 100%|| 140/140 [00:10<00:00, 13.83it/s]
{'Epoch': 109, 'name': 'high_freq', 'HIT@5': '0.0469', 'NDCG@5': '0.0306', 'HIT@10': '0.0736', 'NDCG@10': '0.0391', 'HIT@20': '0.1089', 'NDCG@20': '0.0480'}
{'Epoch': 109, 'name': 'mid_freq', 'HIT@5': '0.0039', 'NDCG@5': '0.0022', 'HIT@10': '0.0055', 'NDCG@10': '0.0027', 'HIT@20': '0.0086', 'NDCG@20': '0.0035'}
{'Epoch': 109, 'name': 'low_freq', 'HIT@5': '0.0007', 'NDCG@5': '0.0004', 'HIT@10': '0.0011', 'NDCG@10': '0.0006', 'HIT@20': '0.0041', 'NDCG@20': '0.0013'}
{'Epoch': 109, 'name': 'all', 'HIT@5': '0.0328', 'NDCG@5': '0.0213', 'HIT@10': '0.0513', 'NDCG@10': '0.0272', 'HIT@20': '0.0763', 'NDCG@20': '0.0335'}
EarlyStopping counter: 1 out of 40
rec dataset length: 140
100%|██████████████████████████████████████████████████████████████████████████████████████████████████████████████████████████████████████████████████████████| 140/140 [00:16<00:00,  8.35it/s]
{'epoch': 110, 'rec_avg_loss': '0.6076', 'joint_avg_loss': '1.2813', 'cl_avg_loss': '1.9556', 'itemcl_loss': '4.7812', 'cl_pair_0_loss': '1.9556'}
Recommendation EP_test:110: 100%|| 140/140 [00:10<00:00, 13.18it/s]
{'Epoch': 110, 'name': 'high_freq', 'HIT@5': '0.0477', 'NDCG@5': '0.0310', 'HIT@10': '0.0725', 'NDCG@10': '0.0389', 'HIT@20': '0.1092', 'NDCG@20': '0.0482'}
{'Epoch': 110, 'name': 'mid_freq', 'HIT@5': '0.0027', 'NDCG@5': '0.0016', 'HIT@10': '0.0055', 'NDCG@10': '0.0025', 'HIT@20': '0.0085', 'NDCG@20': '0.0032'}
{'Epoch': 110, 'name': 'low_freq', 'HIT@5': '0.0009', 'NDCG@5': '0.0005', 'HIT@10': '0.0011', 'NDCG@10': '0.0006', 'HIT@20': '0.0032', 'NDCG@20': '0.0011'}
{'Epoch': 110, 'name': 'all', 'HIT@5': '0.0331', 'NDCG@5': '0.0215', 'HIT@10': '0.0505', 'NDCG@10': '0.0270', 'HIT@20': '0.0764', 'NDCG@20': '0.0335'}
Validation score increased.  Saving model ...
rec dataset length: 140
100%|██████████████████████████████████████████████████████████████████████████████████████████████████████████████████████████████████████████████████████████| 140/140 [00:17<00:00,  8.23it/s]
{'epoch': 111, 'rec_avg_loss': '0.6075', 'joint_avg_loss': '1.2789', 'cl_avg_loss': '1.9515', 'itemcl_loss': '4.7626', 'cl_pair_0_loss': '1.9515'}
Recommendation EP_test:111: 100%|| 140/140 [00:09<00:00, 14.17it/s]
{'Epoch': 111, 'name': 'high_freq', 'HIT@5': '0.0474', 'NDCG@5': '0.0307', 'HIT@10': '0.0734', 'NDCG@10': '0.0392', 'HIT@20': '0.1100', 'NDCG@20': '0.0484'}
{'Epoch': 111, 'name': 'mid_freq', 'HIT@5': '0.0033', 'NDCG@5': '0.0019', 'HIT@10': '0.0053', 'NDCG@10': '0.0025', 'HIT@20': '0.0089', 'NDCG@20': '0.0034'}
{'Epoch': 111, 'name': 'low_freq', 'HIT@5': '0.0007', 'NDCG@5': '0.0004', 'HIT@10': '0.0014', 'NDCG@10': '0.0007', 'HIT@20': '0.0034', 'NDCG@20': '0.0011'}
{'Epoch': 111, 'name': 'all', 'HIT@5': '0.0330', 'NDCG@5': '0.0213', 'HIT@10': '0.0512', 'NDCG@10': '0.0272', 'HIT@20': '0.0770', 'NDCG@20': '0.0337'}
Validation score increased.  Saving model ...
rec dataset length: 140
100%|██████████████████████████████████████████████████████████████████████████████████████████████████████████████████████████████████████████████████████████| 140/140 [00:17<00:00,  8.19it/s]
{'epoch': 112, 'rec_avg_loss': '0.6038', 'joint_avg_loss': '1.2709', 'cl_avg_loss': '1.9332', 'itemcl_loss': '4.7381', 'cl_pair_0_loss': '1.9332'}
Recommendation EP_test:112: 100%|| 140/140 [00:09<00:00, 14.31it/s]
{'Epoch': 112, 'name': 'high_freq', 'HIT@5': '0.0480', 'NDCG@5': '0.0311', 'HIT@10': '0.0735', 'NDCG@10': '0.0393', 'HIT@20': '0.1089', 'NDCG@20': '0.0482'}
{'Epoch': 112, 'name': 'mid_freq', 'HIT@5': '0.0036', 'NDCG@5': '0.0019', 'HIT@10': '0.0050', 'NDCG@10': '0.0023', 'HIT@20': '0.0096', 'NDCG@20': '0.0035'}
{'Epoch': 112, 'name': 'low_freq', 'HIT@5': '0.0009', 'NDCG@5': '0.0005', 'HIT@10': '0.0014', 'NDCG@10': '0.0006', 'HIT@20': '0.0032', 'NDCG@20': '0.0011'}
{'Epoch': 112, 'name': 'all', 'HIT@5': '0.0335', 'NDCG@5': '0.0216', 'HIT@10': '0.0511', 'NDCG@10': '0.0273', 'HIT@20': '0.0764', 'NDCG@20': '0.0336'}
EarlyStopping counter: 1 out of 40
rec dataset length: 140
100%|██████████████████████████████████████████████████████████████████████████████████████████████████████████████████████████████████████████████████████████| 140/140 [00:17<00:00,  8.22it/s]
{'epoch': 113, 'rec_avg_loss': '0.6014', 'joint_avg_loss': '1.2689', 'cl_avg_loss': '1.9570', 'itemcl_loss': '4.7178', 'cl_pair_0_loss': '1.9570'}
Recommendation EP_test:113: 100%|| 140/140 [00:10<00:00, 13.71it/s]
{'Epoch': 113, 'name': 'high_freq', 'HIT@5': '0.0462', 'NDCG@5': '0.0304', 'HIT@10': '0.0733', 'NDCG@10': '0.0391', 'HIT@20': '0.1095', 'NDCG@20': '0.0483'}
{'Epoch': 113, 'name': 'mid_freq', 'HIT@5': '0.0030', 'NDCG@5': '0.0017', 'HIT@10': '0.0053', 'NDCG@10': '0.0024', 'HIT@20': '0.0098', 'NDCG@20': '0.0035'}
{'Epoch': 113, 'name': 'low_freq', 'HIT@5': '0.0007', 'NDCG@5': '0.0004', 'HIT@10': '0.0016', 'NDCG@10': '0.0006', 'HIT@20': '0.0038', 'NDCG@20': '0.0012'}
{'Epoch': 113, 'name': 'all', 'HIT@5': '0.0321', 'NDCG@5': '0.0211', 'HIT@10': '0.0511', 'NDCG@10': '0.0272', 'HIT@20': '0.0769', 'NDCG@20': '0.0337'}
EarlyStopping counter: 2 out of 40
rec dataset length: 140
100%|██████████████████████████████████████████████████████████████████████████████████████████████████████████████████████████████████████████████████████████| 140/140 [00:17<00:00,  8.20it/s]
{'epoch': 114, 'rec_avg_loss': '0.5977', 'joint_avg_loss': '1.2621', 'cl_avg_loss': '1.9431', 'itemcl_loss': '4.7006', 'cl_pair_0_loss': '1.9431'}
Recommendation EP_test:114: 100%|| 140/140 [00:10<00:00, 13.48it/s]
{'Epoch': 114, 'name': 'high_freq', 'HIT@5': '0.0462', 'NDCG@5': '0.0305', 'HIT@10': '0.0734', 'NDCG@10': '0.0392', 'HIT@20': '0.1098', 'NDCG@20': '0.0484'}
{'Epoch': 114, 'name': 'mid_freq', 'HIT@5': '0.0029', 'NDCG@5': '0.0016', 'HIT@10': '0.0059', 'NDCG@10': '0.0025', 'HIT@20': '0.0085', 'NDCG@20': '0.0032'}
{'Epoch': 114, 'name': 'low_freq', 'HIT@5': '0.0005', 'NDCG@5': '0.0002', 'HIT@10': '0.0011', 'NDCG@10': '0.0004', 'HIT@20': '0.0032', 'NDCG@20': '0.0009'}
{'Epoch': 114, 'name': 'all', 'HIT@5': '0.0321', 'NDCG@5': '0.0211', 'HIT@10': '0.0512', 'NDCG@10': '0.0272', 'HIT@20': '0.0768', 'NDCG@20': '0.0337'}
EarlyStopping counter: 3 out of 40
rec dataset length: 140
100%|██████████████████████████████████████████████████████████████████████████████████████████████████████████████████████████████████████████████████████████| 140/140 [00:17<00:00,  8.12it/s]
{'epoch': 115, 'rec_avg_loss': '0.5987', 'joint_avg_loss': '1.2595', 'cl_avg_loss': '1.9213', 'itemcl_loss': '4.6865', 'cl_pair_0_loss': '1.9213'}
Recommendation EP_test:115: 100%|| 140/140 [00:10<00:00, 13.77it/s]
{'Epoch': 115, 'name': 'high_freq', 'HIT@5': '0.0474', 'NDCG@5': '0.0312', 'HIT@10': '0.0730', 'NDCG@10': '0.0394', 'HIT@20': '0.1086', 'NDCG@20': '0.0484'}
{'Epoch': 115, 'name': 'mid_freq', 'HIT@5': '0.0026', 'NDCG@5': '0.0015', 'HIT@10': '0.0053', 'NDCG@10': '0.0024', 'HIT@20': '0.0080', 'NDCG@20': '0.0031'}
{'Epoch': 115, 'name': 'low_freq', 'HIT@5': '0.0007', 'NDCG@5': '0.0004', 'HIT@10': '0.0009', 'NDCG@10': '0.0004', 'HIT@20': '0.0029', 'NDCG@20': '0.0009'}
{'Epoch': 115, 'name': 'all', 'HIT@5': '0.0329', 'NDCG@5': '0.0215', 'HIT@10': '0.0508', 'NDCG@10': '0.0273', 'HIT@20': '0.0758', 'NDCG@20': '0.0336'}
EarlyStopping counter: 4 out of 40
rec dataset length: 140
100%|██████████████████████████████████████████████████████████████████████████████████████████████████████████████████████████████████████████████████████████| 140/140 [00:17<00:00,  8.23it/s]
{'epoch': 116, 'rec_avg_loss': '0.5959', 'joint_avg_loss': '1.2563', 'cl_avg_loss': '1.9258', 'itemcl_loss': '4.6781', 'cl_pair_0_loss': '1.9258'}
Recommendation EP_test:116: 100%|| 140/140 [00:10<00:00, 13.28it/s]
{'Epoch': 116, 'name': 'high_freq', 'HIT@5': '0.0482', 'NDCG@5': '0.0317', 'HIT@10': '0.0733', 'NDCG@10': '0.0397', 'HIT@20': '0.1098', 'NDCG@20': '0.0489'}
{'Epoch': 116, 'name': 'mid_freq', 'HIT@5': '0.0030', 'NDCG@5': '0.0017', 'HIT@10': '0.0050', 'NDCG@10': '0.0024', 'HIT@20': '0.0080', 'NDCG@20': '0.0032'}
{'Epoch': 116, 'name': 'low_freq', 'HIT@5': '0.0005', 'NDCG@5': '0.0003', 'HIT@10': '0.0011', 'NDCG@10': '0.0005', 'HIT@20': '0.0038', 'NDCG@20': '0.0012'}
{'Epoch': 116, 'name': 'all', 'HIT@5': '0.0335', 'NDCG@5': '0.0219', 'HIT@10': '0.0510', 'NDCG@10': '0.0275', 'HIT@20': '0.0767', 'NDCG@20': '0.0340'}
Validation score increased.  Saving model ...
rec dataset length: 140
100%|██████████████████████████████████████████████████████████████████████████████████████████████████████████████████████████████████████████████████████████| 140/140 [00:17<00:00,  8.22it/s]
{'epoch': 117, 'rec_avg_loss': '0.5936', 'joint_avg_loss': '1.2508', 'cl_avg_loss': '1.9201', 'itemcl_loss': '4.6522', 'cl_pair_0_loss': '1.9201'}
Recommendation EP_test:117: 100%|| 140/140 [00:10<00:00, 13.51it/s]
{'Epoch': 117, 'name': 'high_freq', 'HIT@5': '0.0482', 'NDCG@5': '0.0315', 'HIT@10': '0.0741', 'NDCG@10': '0.0398', 'HIT@20': '0.1106', 'NDCG@20': '0.0490'}
{'Epoch': 117, 'name': 'mid_freq', 'HIT@5': '0.0034', 'NDCG@5': '0.0020', 'HIT@10': '0.0053', 'NDCG@10': '0.0026', 'HIT@20': '0.0085', 'NDCG@20': '0.0034'}
{'Epoch': 117, 'name': 'low_freq', 'HIT@5': '0.0005', 'NDCG@5': '0.0003', 'HIT@10': '0.0011', 'NDCG@10': '0.0005', 'HIT@20': '0.0036', 'NDCG@20': '0.0011'}
{'Epoch': 117, 'name': 'all', 'HIT@5': '0.0335', 'NDCG@5': '0.0219', 'HIT@10': '0.0516', 'NDCG@10': '0.0277', 'HIT@20': '0.0773', 'NDCG@20': '0.0341'}
Validation score increased.  Saving model ...
rec dataset length: 140
100%|██████████████████████████████████████████████████████████████████████████████████████████████████████████████████████████████████████████████████████████| 140/140 [00:17<00:00,  8.13it/s]
{'epoch': 118, 'rec_avg_loss': '0.5938', 'joint_avg_loss': '1.2478', 'cl_avg_loss': '1.9086', 'itemcl_loss': '4.6317', 'cl_pair_0_loss': '1.9086'}
Recommendation EP_test:118: 100%|| 140/140 [00:10<00:00, 13.26it/s]
{'Epoch': 118, 'name': 'high_freq', 'HIT@5': '0.0480', 'NDCG@5': '0.0312', 'HIT@10': '0.0728', 'NDCG@10': '0.0391', 'HIT@20': '0.1097', 'NDCG@20': '0.0484'}
{'Epoch': 118, 'name': 'mid_freq', 'HIT@5': '0.0036', 'NDCG@5': '0.0022', 'HIT@10': '0.0053', 'NDCG@10': '0.0028', 'HIT@20': '0.0083', 'NDCG@20': '0.0036'}
{'Epoch': 118, 'name': 'low_freq', 'HIT@5': '0.0007', 'NDCG@5': '0.0003', 'HIT@10': '0.0009', 'NDCG@10': '0.0004', 'HIT@20': '0.0038', 'NDCG@20': '0.0011'}
{'Epoch': 118, 'name': 'all', 'HIT@5': '0.0335', 'NDCG@5': '0.0217', 'HIT@10': '0.0506', 'NDCG@10': '0.0272', 'HIT@20': '0.0767', 'NDCG@20': '0.0338'}
EarlyStopping counter: 1 out of 40
rec dataset length: 140
100%|██████████████████████████████████████████████████████████████████████████████████████████████████████████████████████████████████████████████████████████| 140/140 [00:16<00:00,  8.25it/s]
{'epoch': 119, 'rec_avg_loss': '0.5910', 'joint_avg_loss': '1.2436', 'cl_avg_loss': '1.9082', 'itemcl_loss': '4.6182', 'cl_pair_0_loss': '1.9082'}
Recommendation EP_test:119: 100%|| 140/140 [00:10<00:00, 13.14it/s]
{'Epoch': 119, 'name': 'high_freq', 'HIT@5': '0.0479', 'NDCG@5': '0.0315', 'HIT@10': '0.0729', 'NDCG@10': '0.0395', 'HIT@20': '0.1098', 'NDCG@20': '0.0487'}
{'Epoch': 119, 'name': 'mid_freq', 'HIT@5': '0.0033', 'NDCG@5': '0.0020', 'HIT@10': '0.0059', 'NDCG@10': '0.0028', 'HIT@20': '0.0088', 'NDCG@20': '0.0036'}
{'Epoch': 119, 'name': 'low_freq', 'HIT@5': '0.0007', 'NDCG@5': '0.0003', 'HIT@10': '0.0007', 'NDCG@10': '0.0003', 'HIT@20': '0.0041', 'NDCG@20': '0.0012'}
{'Epoch': 119, 'name': 'all', 'HIT@5': '0.0333', 'NDCG@5': '0.0218', 'HIT@10': '0.0508', 'NDCG@10': '0.0274', 'HIT@20': '0.0769', 'NDCG@20': '0.0340'}
EarlyStopping counter: 2 out of 40
rec dataset length: 140
100%|██████████████████████████████████████████████████████████████████████████████████████████████████████████████████████████████████████████████████████████| 140/140 [00:16<00:00,  8.38it/s]
{'epoch': 120, 'rec_avg_loss': '0.5833', 'joint_avg_loss': '1.2374', 'cl_avg_loss': '1.9415', 'itemcl_loss': '4.6000', 'cl_pair_0_loss': '1.9415'}
Recommendation EP_test:120: 100%|| 140/140 [00:10<00:00, 13.52it/s]
{'Epoch': 120, 'name': 'high_freq', 'HIT@5': '0.0486', 'NDCG@5': '0.0312', 'HIT@10': '0.0738', 'NDCG@10': '0.0393', 'HIT@20': '0.1102', 'NDCG@20': '0.0484'}
{'Epoch': 120, 'name': 'mid_freq', 'HIT@5': '0.0030', 'NDCG@5': '0.0020', 'HIT@10': '0.0060', 'NDCG@10': '0.0029', 'HIT@20': '0.0089', 'NDCG@20': '0.0037'}
{'Epoch': 120, 'name': 'low_freq', 'HIT@5': '0.0005', 'NDCG@5': '0.0003', 'HIT@10': '0.0009', 'NDCG@10': '0.0004', 'HIT@20': '0.0043', 'NDCG@20': '0.0013'}
{'Epoch': 120, 'name': 'all', 'HIT@5': '0.0337', 'NDCG@5': '0.0216', 'HIT@10': '0.0515', 'NDCG@10': '0.0273', 'HIT@20': '0.0773', 'NDCG@20': '0.0338'}
EarlyStopping counter: 3 out of 40
rec dataset length: 140
100%|██████████████████████████████████████████████████████████████████████████████████████████████████████████████████████████████████████████████████████████| 140/140 [00:17<00:00,  8.22it/s]
{'epoch': 121, 'rec_avg_loss': '0.5823', 'joint_avg_loss': '1.2323', 'cl_avg_loss': '1.9207', 'itemcl_loss': '4.5791', 'cl_pair_0_loss': '1.9207'}
Recommendation EP_test:121: 100%|| 140/140 [00:10<00:00, 13.22it/s]
{'Epoch': 121, 'name': 'high_freq', 'HIT@5': '0.0474', 'NDCG@5': '0.0311', 'HIT@10': '0.0732', 'NDCG@10': '0.0394', 'HIT@20': '0.1097', 'NDCG@20': '0.0486'}
{'Epoch': 121, 'name': 'mid_freq', 'HIT@5': '0.0042', 'NDCG@5': '0.0024', 'HIT@10': '0.0059', 'NDCG@10': '0.0030', 'HIT@20': '0.0088', 'NDCG@20': '0.0037'}
{'Epoch': 121, 'name': 'low_freq', 'HIT@5': '0.0007', 'NDCG@5': '0.0003', 'HIT@10': '0.0009', 'NDCG@10': '0.0004', 'HIT@20': '0.0043', 'NDCG@20': '0.0013'}
{'Epoch': 121, 'name': 'all', 'HIT@5': '0.0331', 'NDCG@5': '0.0217', 'HIT@10': '0.0510', 'NDCG@10': '0.0274', 'HIT@20': '0.0769', 'NDCG@20': '0.0339'}
EarlyStopping counter: 4 out of 40
rec dataset length: 140
100%|██████████████████████████████████████████████████████████████████████████████████████████████████████████████████████████████████████████████████████████| 140/140 [00:17<00:00,  7.96it/s]
{'epoch': 122, 'rec_avg_loss': '0.5801', 'joint_avg_loss': '1.2288', 'cl_avg_loss': '1.9224', 'itemcl_loss': '4.5643', 'cl_pair_0_loss': '1.9224'}
Recommendation EP_test:122: 100%|| 140/140 [00:10<00:00, 12.91it/s]
{'Epoch': 122, 'name': 'high_freq', 'HIT@5': '0.0476', 'NDCG@5': '0.0316', 'HIT@10': '0.0740', 'NDCG@10': '0.0401', 'HIT@20': '0.1098', 'NDCG@20': '0.0491'}
{'Epoch': 122, 'name': 'mid_freq', 'HIT@5': '0.0036', 'NDCG@5': '0.0021', 'HIT@10': '0.0053', 'NDCG@10': '0.0027', 'HIT@20': '0.0088', 'NDCG@20': '0.0035'}
{'Epoch': 122, 'name': 'low_freq', 'HIT@5': '0.0007', 'NDCG@5': '0.0004', 'HIT@10': '0.0009', 'NDCG@10': '0.0005', 'HIT@20': '0.0041', 'NDCG@20': '0.0013'}
{'Epoch': 122, 'name': 'all', 'HIT@5': '0.0331', 'NDCG@5': '0.0220', 'HIT@10': '0.0515', 'NDCG@10': '0.0279', 'HIT@20': '0.0769', 'NDCG@20': '0.0343'}
Validation score increased.  Saving model ...
rec dataset length: 140
100%|██████████████████████████████████████████████████████████████████████████████████████████████████████████████████████████████████████████████████████████| 140/140 [00:17<00:00,  8.06it/s]
{'epoch': 123, 'rec_avg_loss': '0.5781', 'joint_avg_loss': '1.2233', 'cl_avg_loss': '1.8959', 'itemcl_loss': '4.5557', 'cl_pair_0_loss': '1.8959'}
Recommendation EP_test:123: 100%|| 140/140 [00:10<00:00, 12.91it/s]
{'Epoch': 123, 'name': 'high_freq', 'HIT@5': '0.0466', 'NDCG@5': '0.0310', 'HIT@10': '0.0742', 'NDCG@10': '0.0399', 'HIT@20': '0.1099', 'NDCG@20': '0.0489'}
{'Epoch': 123, 'name': 'mid_freq', 'HIT@5': '0.0034', 'NDCG@5': '0.0021', 'HIT@10': '0.0055', 'NDCG@10': '0.0027', 'HIT@20': '0.0082', 'NDCG@20': '0.0034'}
{'Epoch': 123, 'name': 'low_freq', 'HIT@5': '0.0005', 'NDCG@5': '0.0002', 'HIT@10': '0.0011', 'NDCG@10': '0.0005', 'HIT@20': '0.0038', 'NDCG@20': '0.0011'}
{'Epoch': 123, 'name': 'all', 'HIT@5': '0.0324', 'NDCG@5': '0.0215', 'HIT@10': '0.0517', 'NDCG@10': '0.0277', 'HIT@20': '0.0769', 'NDCG@20': '0.0341'}
EarlyStopping counter: 1 out of 40
rec dataset length: 140
100%|██████████████████████████████████████████████████████████████████████████████████████████████████████████████████████████████████████████████████████████| 140/140 [00:16<00:00,  8.27it/s]
{'epoch': 124, 'rec_avg_loss': '0.5793', 'joint_avg_loss': '1.2244', 'cl_avg_loss': '1.9082', 'itemcl_loss': '4.5433', 'cl_pair_0_loss': '1.9082'}
Recommendation EP_test:124: 100%|| 140/140 [00:10<00:00, 13.11it/s]
{'Epoch': 124, 'name': 'high_freq', 'HIT@5': '0.0484', 'NDCG@5': '0.0317', 'HIT@10': '0.0737', 'NDCG@10': '0.0399', 'HIT@20': '0.1117', 'NDCG@20': '0.0494'}
{'Epoch': 124, 'name': 'mid_freq', 'HIT@5': '0.0043', 'NDCG@5': '0.0027', 'HIT@10': '0.0059', 'NDCG@10': '0.0031', 'HIT@20': '0.0092', 'NDCG@20': '0.0040'}
{'Epoch': 124, 'name': 'low_freq', 'HIT@5': '0.0002', 'NDCG@5': '0.0002', 'HIT@10': '0.0009', 'NDCG@10': '0.0004', 'HIT@20': '0.0043', 'NDCG@20': '0.0013'}
{'Epoch': 124, 'name': 'all', 'HIT@5': '0.0338', 'NDCG@5': '0.0221', 'HIT@10': '0.0514', 'NDCG@10': '0.0278', 'HIT@20': '0.0783', 'NDCG@20': '0.0346'}
Validation score increased.  Saving model ...
rec dataset length: 140
100%|██████████████████████████████████████████████████████████████████████████████████████████████████████████████████████████████████████████████████████████| 140/140 [00:17<00:00,  8.23it/s]
{'epoch': 125, 'rec_avg_loss': '0.5721', 'joint_avg_loss': '1.2135', 'cl_avg_loss': '1.8830', 'itemcl_loss': '4.5313', 'cl_pair_0_loss': '1.8830'}
Recommendation EP_test:125: 100%|| 140/140 [00:10<00:00, 13.57it/s]
{'Epoch': 125, 'name': 'high_freq', 'HIT@5': '0.0466', 'NDCG@5': '0.0308', 'HIT@10': '0.0737', 'NDCG@10': '0.0395', 'HIT@20': '0.1102', 'NDCG@20': '0.0487'}
{'Epoch': 125, 'name': 'mid_freq', 'HIT@5': '0.0034', 'NDCG@5': '0.0021', 'HIT@10': '0.0053', 'NDCG@10': '0.0027', 'HIT@20': '0.0080', 'NDCG@20': '0.0034'}
{'Epoch': 125, 'name': 'low_freq', 'HIT@5': '0.0005', 'NDCG@5': '0.0002', 'HIT@10': '0.0007', 'NDCG@10': '0.0003', 'HIT@20': '0.0032', 'NDCG@20': '0.0009'}
{'Epoch': 125, 'name': 'all', 'HIT@5': '0.0324', 'NDCG@5': '0.0214', 'HIT@10': '0.0512', 'NDCG@10': '0.0275', 'HIT@20': '0.0769', 'NDCG@20': '0.0339'}
EarlyStopping counter: 1 out of 40
rec dataset length: 140
100%|██████████████████████████████████████████████████████████████████████████████████████████████████████████████████████████████████████████████████████████| 140/140 [00:17<00:00,  7.80it/s]
{'epoch': 126, 'rec_avg_loss': '0.5708', 'joint_avg_loss': '1.2121', 'cl_avg_loss': '1.8968', 'itemcl_loss': '4.5171', 'cl_pair_0_loss': '1.8968'}
Recommendation EP_test:126: 100%|| 140/140 [00:10<00:00, 13.34it/s]
{'Epoch': 126, 'name': 'high_freq', 'HIT@5': '0.0482', 'NDCG@5': '0.0312', 'HIT@10': '0.0728', 'NDCG@10': '0.0391', 'HIT@20': '0.1106', 'NDCG@20': '0.0486'}
{'Epoch': 126, 'name': 'mid_freq', 'HIT@5': '0.0042', 'NDCG@5': '0.0025', 'HIT@10': '0.0062', 'NDCG@10': '0.0032', 'HIT@20': '0.0095', 'NDCG@20': '0.0040'}
{'Epoch': 126, 'name': 'low_freq', 'HIT@5': '0.0005', 'NDCG@5': '0.0003', 'HIT@10': '0.0016', 'NDCG@10': '0.0006', 'HIT@20': '0.0036', 'NDCG@20': '0.0011'}
{'Epoch': 126, 'name': 'all', 'HIT@5': '0.0337', 'NDCG@5': '0.0217', 'HIT@10': '0.0510', 'NDCG@10': '0.0273', 'HIT@20': '0.0775', 'NDCG@20': '0.0340'}
EarlyStopping counter: 2 out of 40
rec dataset length: 140
100%|██████████████████████████████████████████████████████████████████████████████████████████████████████████████████████████████████████████████████████████| 140/140 [00:17<00:00,  8.09it/s]
{'epoch': 127, 'rec_avg_loss': '0.5704', 'joint_avg_loss': '1.2117', 'cl_avg_loss': '1.9124', 'itemcl_loss': '4.5007', 'cl_pair_0_loss': '1.9124'}
Recommendation EP_test:127: 100%|| 140/140 [00:10<00:00, 13.04it/s]
{'Epoch': 127, 'name': 'high_freq', 'HIT@5': '0.0467', 'NDCG@5': '0.0305', 'HIT@10': '0.0726', 'NDCG@10': '0.0388', 'HIT@20': '0.1085', 'NDCG@20': '0.0478'}
{'Epoch': 127, 'name': 'mid_freq', 'HIT@5': '0.0037', 'NDCG@5': '0.0023', 'HIT@10': '0.0057', 'NDCG@10': '0.0029', 'HIT@20': '0.0088', 'NDCG@20': '0.0037'}
{'Epoch': 127, 'name': 'low_freq', 'HIT@5': '0.0005', 'NDCG@5': '0.0002', 'HIT@10': '0.0009', 'NDCG@10': '0.0004', 'HIT@20': '0.0034', 'NDCG@20': '0.0010'}
{'Epoch': 127, 'name': 'all', 'HIT@5': '0.0325', 'NDCG@5': '0.0212', 'HIT@10': '0.0506', 'NDCG@10': '0.0270', 'HIT@20': '0.0759', 'NDCG@20': '0.0334'}
EarlyStopping counter: 3 out of 40
rec dataset length: 140
100%|██████████████████████████████████████████████████████████████████████████████████████████████████████████████████████████████████████████████████████████| 140/140 [00:17<00:00,  8.19it/s]
{'epoch': 128, 'rec_avg_loss': '0.5683', 'joint_avg_loss': '1.2064', 'cl_avg_loss': '1.8965', 'itemcl_loss': '4.4846', 'cl_pair_0_loss': '1.8965'}
Recommendation EP_test:128: 100%|| 140/140 [00:10<00:00, 12.94it/s]
{'Epoch': 128, 'name': 'high_freq', 'HIT@5': '0.0470', 'NDCG@5': '0.0307', 'HIT@10': '0.0744', 'NDCG@10': '0.0394', 'HIT@20': '0.1100', 'NDCG@20': '0.0484'}
{'Epoch': 128, 'name': 'mid_freq', 'HIT@5': '0.0033', 'NDCG@5': '0.0022', 'HIT@10': '0.0056', 'NDCG@10': '0.0029', 'HIT@20': '0.0090', 'NDCG@20': '0.0038'}
{'Epoch': 128, 'name': 'low_freq', 'HIT@5': '0.0002', 'NDCG@5': '0.0001', 'HIT@10': '0.0016', 'NDCG@10': '0.0006', 'HIT@20': '0.0036', 'NDCG@20': '0.0011'}
{'Epoch': 128, 'name': 'all', 'HIT@5': '0.0327', 'NDCG@5': '0.0213', 'HIT@10': '0.0519', 'NDCG@10': '0.0275', 'HIT@20': '0.0770', 'NDCG@20': '0.0338'}
EarlyStopping counter: 4 out of 40
rec dataset length: 140
100%|██████████████████████████████████████████████████████████████████████████████████████████████████████████████████████████████████████████████████████████| 140/140 [00:17<00:00,  7.94it/s]
{'epoch': 129, 'rec_avg_loss': '0.5666', 'joint_avg_loss': '1.2060', 'cl_avg_loss': '1.9199', 'itemcl_loss': '4.4739', 'cl_pair_0_loss': '1.9199'}
Recommendation EP_test:129: 100%|| 140/140 [00:10<00:00, 13.43it/s]
{'Epoch': 129, 'name': 'high_freq', 'HIT@5': '0.0485', 'NDCG@5': '0.0316', 'HIT@10': '0.0757', 'NDCG@10': '0.0403', 'HIT@20': '0.1099', 'NDCG@20': '0.0489'}
{'Epoch': 129, 'name': 'mid_freq', 'HIT@5': '0.0036', 'NDCG@5': '0.0023', 'HIT@10': '0.0060', 'NDCG@10': '0.0031', 'HIT@20': '0.0089', 'NDCG@20': '0.0039'}
{'Epoch': 129, 'name': 'low_freq', 'HIT@5': '0.0005', 'NDCG@5': '0.0002', 'HIT@10': '0.0016', 'NDCG@10': '0.0006', 'HIT@20': '0.0038', 'NDCG@20': '0.0011'}
{'Epoch': 129, 'name': 'all', 'HIT@5': '0.0337', 'NDCG@5': '0.0220', 'HIT@10': '0.0529', 'NDCG@10': '0.0281', 'HIT@20': '0.0770', 'NDCG@20': '0.0342'}
EarlyStopping counter: 5 out of 40
rec dataset length: 140
100%|██████████████████████████████████████████████████████████████████████████████████████████████████████████████████████████████████████████████████████████| 140/140 [00:17<00:00,  8.14it/s]
{'epoch': 130, 'rec_avg_loss': '0.5678', 'joint_avg_loss': '1.2045', 'cl_avg_loss': '1.9118', 'itemcl_loss': '4.4553', 'cl_pair_0_loss': '1.9118'}
Recommendation EP_test:130: 100%|| 140/140 [00:10<00:00, 13.22it/s]
{'Epoch': 130, 'name': 'high_freq', 'HIT@5': '0.0489', 'NDCG@5': '0.0321', 'HIT@10': '0.0747', 'NDCG@10': '0.0404', 'HIT@20': '0.1097', 'NDCG@20': '0.0492'}
{'Epoch': 130, 'name': 'mid_freq', 'HIT@5': '0.0039', 'NDCG@5': '0.0025', 'HIT@10': '0.0056', 'NDCG@10': '0.0031', 'HIT@20': '0.0092', 'NDCG@20': '0.0040'}
{'Epoch': 130, 'name': 'low_freq', 'HIT@5': '0.0007', 'NDCG@5': '0.0004', 'HIT@10': '0.0016', 'NDCG@10': '0.0006', 'HIT@20': '0.0038', 'NDCG@20': '0.0012'}
{'Epoch': 130, 'name': 'all', 'HIT@5': '0.0341', 'NDCG@5': '0.0224', 'HIT@10': '0.0521', 'NDCG@10': '0.0282', 'HIT@20': '0.0769', 'NDCG@20': '0.0344'}
EarlyStopping counter: 6 out of 40
rec dataset length: 140
100%|██████████████████████████████████████████████████████████████████████████████████████████████████████████████████████████████████████████████████████████| 140/140 [00:17<00:00,  8.14it/s]
{'epoch': 131, 'rec_avg_loss': '0.5641', 'joint_avg_loss': '1.1987', 'cl_avg_loss': '1.8957', 'itemcl_loss': '4.4500', 'cl_pair_0_loss': '1.8957'}
Recommendation EP_test:131: 100%|| 140/140 [00:10<00:00, 13.28it/s]
{'Epoch': 131, 'name': 'high_freq', 'HIT@5': '0.0490', 'NDCG@5': '0.0319', 'HIT@10': '0.0740', 'NDCG@10': '0.0399', 'HIT@20': '0.1098', 'NDCG@20': '0.0490'}
{'Epoch': 131, 'name': 'mid_freq', 'HIT@5': '0.0042', 'NDCG@5': '0.0027', 'HIT@10': '0.0056', 'NDCG@10': '0.0031', 'HIT@20': '0.0093', 'NDCG@20': '0.0041'}
{'Epoch': 131, 'name': 'low_freq', 'HIT@5': '0.0005', 'NDCG@5': '0.0004', 'HIT@10': '0.0014', 'NDCG@10': '0.0006', 'HIT@20': '0.0034', 'NDCG@20': '0.0012'}
{'Epoch': 131, 'name': 'all', 'HIT@5': '0.0342', 'NDCG@5': '0.0223', 'HIT@10': '0.0516', 'NDCG@10': '0.0279', 'HIT@20': '0.0769', 'NDCG@20': '0.0343'}
EarlyStopping counter: 7 out of 40
rec dataset length: 140
100%|██████████████████████████████████████████████████████████████████████████████████████████████████████████████████████████████████████████████████████████| 140/140 [00:16<00:00,  8.38it/s]
{'epoch': 132, 'rec_avg_loss': '0.5606', 'joint_avg_loss': '1.1919', 'cl_avg_loss': '1.8753', 'itemcl_loss': '4.4377', 'cl_pair_0_loss': '1.8753'}
Recommendation EP_test:132: 100%|| 140/140 [00:10<00:00, 13.08it/s]
{'Epoch': 132, 'name': 'high_freq', 'HIT@5': '0.0489', 'NDCG@5': '0.0324', 'HIT@10': '0.0754', 'NDCG@10': '0.0409', 'HIT@20': '0.1101', 'NDCG@20': '0.0496'}
{'Epoch': 132, 'name': 'mid_freq', 'HIT@5': '0.0042', 'NDCG@5': '0.0025', 'HIT@10': '0.0063', 'NDCG@10': '0.0032', 'HIT@20': '0.0095', 'NDCG@20': '0.0039'}
{'Epoch': 132, 'name': 'low_freq', 'HIT@5': '0.0005', 'NDCG@5': '0.0004', 'HIT@10': '0.0009', 'NDCG@10': '0.0005', 'HIT@20': '0.0038', 'NDCG@20': '0.0012'}
{'Epoch': 132, 'name': 'all', 'HIT@5': '0.0341', 'NDCG@5': '0.0226', 'HIT@10': '0.0527', 'NDCG@10': '0.0285', 'HIT@20': '0.0772', 'NDCG@20': '0.0347'}
Validation score increased.  Saving model ...
rec dataset length: 140
100%|██████████████████████████████████████████████████████████████████████████████████████████████████████████████████████████████████████████████████████████| 140/140 [00:17<00:00,  8.17it/s]
{'epoch': 133, 'rec_avg_loss': '0.5591', 'joint_avg_loss': '1.1918', 'cl_avg_loss': '1.8984', 'itemcl_loss': '4.4283', 'cl_pair_0_loss': '1.8984'}
Recommendation EP_test:133: 100%|| 140/140 [00:10<00:00, 13.12it/s]
{'Epoch': 133, 'name': 'high_freq', 'HIT@5': '0.0498', 'NDCG@5': '0.0321', 'HIT@10': '0.0753', 'NDCG@10': '0.0403', 'HIT@20': '0.1107', 'NDCG@20': '0.0492'}
{'Epoch': 133, 'name': 'mid_freq', 'HIT@5': '0.0039', 'NDCG@5': '0.0024', 'HIT@10': '0.0062', 'NDCG@10': '0.0031', 'HIT@20': '0.0093', 'NDCG@20': '0.0039'}
{'Epoch': 133, 'name': 'low_freq', 'HIT@5': '0.0009', 'NDCG@5': '0.0006', 'HIT@10': '0.0014', 'NDCG@10': '0.0007', 'HIT@20': '0.0041', 'NDCG@20': '0.0014'}
{'Epoch': 133, 'name': 'all', 'HIT@5': '0.0347', 'NDCG@5': '0.0223', 'HIT@10': '0.0526', 'NDCG@10': '0.0281', 'HIT@20': '0.0777', 'NDCG@20': '0.0344'}
EarlyStopping counter: 1 out of 40
rec dataset length: 140
100%|██████████████████████████████████████████████████████████████████████████████████████████████████████████████████████████████████████████████████████████| 140/140 [00:17<00:00,  7.96it/s]
{'epoch': 134, 'rec_avg_loss': '0.5606', 'joint_avg_loss': '1.1910', 'cl_avg_loss': '1.8874', 'itemcl_loss': '4.4165', 'cl_pair_0_loss': '1.8874'}
Recommendation EP_test:134: 100%|| 140/140 [00:10<00:00, 12.99it/s]
{'Epoch': 134, 'name': 'high_freq', 'HIT@5': '0.0491', 'NDCG@5': '0.0322', 'HIT@10': '0.0756', 'NDCG@10': '0.0407', 'HIT@20': '0.1115', 'NDCG@20': '0.0497'}
{'Epoch': 134, 'name': 'mid_freq', 'HIT@5': '0.0034', 'NDCG@5': '0.0021', 'HIT@10': '0.0063', 'NDCG@10': '0.0031', 'HIT@20': '0.0095', 'NDCG@20': '0.0039'}
{'Epoch': 134, 'name': 'low_freq', 'HIT@5': '0.0005', 'NDCG@5': '0.0003', 'HIT@10': '0.0014', 'NDCG@10': '0.0006', 'HIT@20': '0.0032', 'NDCG@20': '0.0011'}
{'Epoch': 134, 'name': 'all', 'HIT@5': '0.0341', 'NDCG@5': '0.0223', 'HIT@10': '0.0528', 'NDCG@10': '0.0283', 'HIT@20': '0.0781', 'NDCG@20': '0.0347'}
Validation score increased.  Saving model ...
rec dataset length: 140
100%|██████████████████████████████████████████████████████████████████████████████████████████████████████████████████████████████████████████████████████████| 140/140 [00:16<00:00,  8.26it/s]
{'epoch': 135, 'rec_avg_loss': '0.5572', 'joint_avg_loss': '1.1860', 'cl_avg_loss': '1.8797', 'itemcl_loss': '4.4083', 'cl_pair_0_loss': '1.8797'}
Recommendation EP_test:135: 100%|| 140/140 [00:10<00:00, 13.71it/s]
{'Epoch': 135, 'name': 'high_freq', 'HIT@5': '0.0490', 'NDCG@5': '0.0320', 'HIT@10': '0.0753', 'NDCG@10': '0.0404', 'HIT@20': '0.1103', 'NDCG@20': '0.0492'}
{'Epoch': 135, 'name': 'mid_freq', 'HIT@5': '0.0040', 'NDCG@5': '0.0023', 'HIT@10': '0.0065', 'NDCG@10': '0.0031', 'HIT@20': '0.0096', 'NDCG@20': '0.0039'}
{'Epoch': 135, 'name': 'low_freq', 'HIT@5': '0.0007', 'NDCG@5': '0.0004', 'HIT@10': '0.0018', 'NDCG@10': '0.0007', 'HIT@20': '0.0038', 'NDCG@20': '0.0013'}
{'Epoch': 135, 'name': 'all', 'HIT@5': '0.0342', 'NDCG@5': '0.0222', 'HIT@10': '0.0527', 'NDCG@10': '0.0282', 'HIT@20': '0.0774', 'NDCG@20': '0.0344'}
EarlyStopping counter: 1 out of 40
rec dataset length: 140
100%|██████████████████████████████████████████████████████████████████████████████████████████████████████████████████████████████████████████████████████████| 140/140 [00:16<00:00,  8.30it/s]
{'epoch': 136, 'rec_avg_loss': '0.5567', 'joint_avg_loss': '1.1835', 'cl_avg_loss': '1.8735', 'itemcl_loss': '4.3951', 'cl_pair_0_loss': '1.8735'}
Recommendation EP_test:136: 100%|| 140/140 [00:10<00:00, 13.22it/s]
{'Epoch': 136, 'name': 'high_freq', 'HIT@5': '0.0478', 'NDCG@5': '0.0312', 'HIT@10': '0.0735', 'NDCG@10': '0.0394', 'HIT@20': '0.1089', 'NDCG@20': '0.0484'}
{'Epoch': 136, 'name': 'mid_freq', 'HIT@5': '0.0040', 'NDCG@5': '0.0022', 'HIT@10': '0.0060', 'NDCG@10': '0.0028', 'HIT@20': '0.0093', 'NDCG@20': '0.0036'}
{'Epoch': 136, 'name': 'low_freq', 'HIT@5': '0.0011', 'NDCG@5': '0.0005', 'HIT@10': '0.0016', 'NDCG@10': '0.0007', 'HIT@20': '0.0038', 'NDCG@20': '0.0013'}
{'Epoch': 136, 'name': 'all', 'HIT@5': '0.0334', 'NDCG@5': '0.0217', 'HIT@10': '0.0514', 'NDCG@10': '0.0275', 'HIT@20': '0.0764', 'NDCG@20': '0.0338'}
EarlyStopping counter: 2 out of 40
rec dataset length: 140
100%|██████████████████████████████████████████████████████████████████████████████████████████████████████████████████████████████████████████████████████████| 140/140 [00:16<00:00,  8.27it/s]
{'epoch': 137, 'rec_avg_loss': '0.5530', 'joint_avg_loss': '1.1775', 'cl_avg_loss': '1.8611', 'itemcl_loss': '4.3839', 'cl_pair_0_loss': '1.8611'}
Recommendation EP_test:137: 100%|| 140/140 [00:10<00:00, 13.11it/s]
{'Epoch': 137, 'name': 'high_freq', 'HIT@5': '0.0481', 'NDCG@5': '0.0317', 'HIT@10': '0.0744', 'NDCG@10': '0.0401', 'HIT@20': '0.1101', 'NDCG@20': '0.0491'}
{'Epoch': 137, 'name': 'mid_freq', 'HIT@5': '0.0036', 'NDCG@5': '0.0023', 'HIT@10': '0.0063', 'NDCG@10': '0.0032', 'HIT@20': '0.0096', 'NDCG@20': '0.0040'}
{'Epoch': 137, 'name': 'low_freq', 'HIT@5': '0.0009', 'NDCG@5': '0.0004', 'HIT@10': '0.0023', 'NDCG@10': '0.0009', 'HIT@20': '0.0038', 'NDCG@20': '0.0013'}
{'Epoch': 137, 'name': 'all', 'HIT@5': '0.0336', 'NDCG@5': '0.0221', 'HIT@10': '0.0521', 'NDCG@10': '0.0280', 'HIT@20': '0.0773', 'NDCG@20': '0.0343'}
EarlyStopping counter: 3 out of 40
rec dataset length: 140
100%|██████████████████████████████████████████████████████████████████████████████████████████████████████████████████████████████████████████████████████████| 140/140 [00:17<00:00,  7.86it/s]
{'epoch': 138, 'rec_avg_loss': '0.5536', 'joint_avg_loss': '1.1766', 'cl_avg_loss': '1.8636', 'itemcl_loss': '4.3660', 'cl_pair_0_loss': '1.8636'}
Recommendation EP_test:138: 100%|| 140/140 [00:10<00:00, 12.88it/s]
{'Epoch': 138, 'name': 'high_freq', 'HIT@5': '0.0480', 'NDCG@5': '0.0313', 'HIT@10': '0.0750', 'NDCG@10': '0.0399', 'HIT@20': '0.1113', 'NDCG@20': '0.0491'}
{'Epoch': 138, 'name': 'mid_freq', 'HIT@5': '0.0039', 'NDCG@5': '0.0023', 'HIT@10': '0.0062', 'NDCG@10': '0.0031', 'HIT@20': '0.0101', 'NDCG@20': '0.0040'}
{'Epoch': 138, 'name': 'low_freq', 'HIT@5': '0.0009', 'NDCG@5': '0.0005', 'HIT@10': '0.0025', 'NDCG@10': '0.0010', 'HIT@20': '0.0041', 'NDCG@20': '0.0014'}
{'Epoch': 138, 'name': 'all', 'HIT@5': '0.0335', 'NDCG@5': '0.0218', 'HIT@10': '0.0526', 'NDCG@10': '0.0279', 'HIT@20': '0.0782', 'NDCG@20': '0.0343'}
EarlyStopping counter: 4 out of 40
rec dataset length: 140
100%|██████████████████████████████████████████████████████████████████████████████████████████████████████████████████████████████████████████████████████████| 140/140 [00:17<00:00,  7.95it/s]
{'epoch': 139, 'rec_avg_loss': '0.5508', 'joint_avg_loss': '1.1723', 'cl_avg_loss': '1.8551', 'itemcl_loss': '4.3604', 'cl_pair_0_loss': '1.8551'}
Recommendation EP_test:139: 100%|| 140/140 [00:11<00:00, 12.64it/s]
{'Epoch': 139, 'name': 'high_freq', 'HIT@5': '0.0482', 'NDCG@5': '0.0315', 'HIT@10': '0.0749', 'NDCG@10': '0.0401', 'HIT@20': '0.1107', 'NDCG@20': '0.0491'}
{'Epoch': 139, 'name': 'mid_freq', 'HIT@5': '0.0036', 'NDCG@5': '0.0023', 'HIT@10': '0.0062', 'NDCG@10': '0.0031', 'HIT@20': '0.0092', 'NDCG@20': '0.0039'}
{'Epoch': 139, 'name': 'low_freq', 'HIT@5': '0.0007', 'NDCG@5': '0.0004', 'HIT@10': '0.0020', 'NDCG@10': '0.0008', 'HIT@20': '0.0041', 'NDCG@20': '0.0013'}
{'Epoch': 139, 'name': 'all', 'HIT@5': '0.0336', 'NDCG@5': '0.0219', 'HIT@10': '0.0524', 'NDCG@10': '0.0280', 'HIT@20': '0.0776', 'NDCG@20': '0.0343'}
EarlyStopping counter: 5 out of 40
rec dataset length: 140
100%|██████████████████████████████████████████████████████████████████████████████████████████████████████████████████████████████████████████████████████████| 140/140 [00:17<00:00,  8.06it/s]
{'epoch': 140, 'rec_avg_loss': '0.5485', 'joint_avg_loss': '1.1680', 'cl_avg_loss': '1.8342', 'itemcl_loss': '4.3614', 'cl_pair_0_loss': '1.8342'}
Recommendation EP_test:140: 100%|| 140/140 [00:10<00:00, 13.19it/s]
{'Epoch': 140, 'name': 'high_freq', 'HIT@5': '0.0479', 'NDCG@5': '0.0313', 'HIT@10': '0.0743', 'NDCG@10': '0.0398', 'HIT@20': '0.1102', 'NDCG@20': '0.0489'}
{'Epoch': 140, 'name': 'mid_freq', 'HIT@5': '0.0039', 'NDCG@5': '0.0024', 'HIT@10': '0.0065', 'NDCG@10': '0.0032', 'HIT@20': '0.0098', 'NDCG@20': '0.0041'}
{'Epoch': 140, 'name': 'low_freq', 'HIT@5': '0.0007', 'NDCG@5': '0.0004', 'HIT@10': '0.0018', 'NDCG@10': '0.0007', 'HIT@20': '0.0048', 'NDCG@20': '0.0015'}
{'Epoch': 140, 'name': 'all', 'HIT@5': '0.0334', 'NDCG@5': '0.0218', 'HIT@10': '0.0520', 'NDCG@10': '0.0278', 'HIT@20': '0.0775', 'NDCG@20': '0.0342'}
EarlyStopping counter: 6 out of 40
rec dataset length: 140
100%|██████████████████████████████████████████████████████████████████████████████████████████████████████████████████████████████████████████████████████████| 140/140 [00:17<00:00,  8.19it/s]
{'epoch': 141, 'rec_avg_loss': '0.5474', 'joint_avg_loss': '1.1655', 'cl_avg_loss': '1.8372', 'itemcl_loss': '4.3438', 'cl_pair_0_loss': '1.8372'}
Recommendation EP_test:141: 100%|| 140/140 [00:10<00:00, 13.33it/s]
{'Epoch': 141, 'name': 'high_freq', 'HIT@5': '0.0491', 'NDCG@5': '0.0321', 'HIT@10': '0.0756', 'NDCG@10': '0.0406', 'HIT@20': '0.1111', 'NDCG@20': '0.0495'}
{'Epoch': 141, 'name': 'mid_freq', 'HIT@5': '0.0039', 'NDCG@5': '0.0025', 'HIT@10': '0.0062', 'NDCG@10': '0.0032', 'HIT@20': '0.0095', 'NDCG@20': '0.0041'}
{'Epoch': 141, 'name': 'low_freq', 'HIT@5': '0.0005', 'NDCG@5': '0.0002', 'HIT@10': '0.0018', 'NDCG@10': '0.0007', 'HIT@20': '0.0045', 'NDCG@20': '0.0014'}
{'Epoch': 141, 'name': 'all', 'HIT@5': '0.0342', 'NDCG@5': '0.0223', 'HIT@10': '0.0529', 'NDCG@10': '0.0283', 'HIT@20': '0.0780', 'NDCG@20': '0.0347'}
EarlyStopping counter: 7 out of 40
rec dataset length: 140
100%|██████████████████████████████████████████████████████████████████████████████████████████████████████████████████████████████████████████████████████████| 140/140 [00:17<00:00,  8.04it/s]
{'epoch': 142, 'rec_avg_loss': '0.5459', 'joint_avg_loss': '1.1659', 'cl_avg_loss': '1.8668', 'itemcl_loss': '4.3327', 'cl_pair_0_loss': '1.8668'}
Recommendation EP_test:142: 100%|| 140/140 [00:10<00:00, 13.02it/s]
{'Epoch': 142, 'name': 'high_freq', 'HIT@5': '0.0489', 'NDCG@5': '0.0320', 'HIT@10': '0.0754', 'NDCG@10': '0.0405', 'HIT@20': '0.1101', 'NDCG@20': '0.0493'}
{'Epoch': 142, 'name': 'mid_freq', 'HIT@5': '0.0040', 'NDCG@5': '0.0025', 'HIT@10': '0.0065', 'NDCG@10': '0.0033', 'HIT@20': '0.0099', 'NDCG@20': '0.0042'}
{'Epoch': 142, 'name': 'low_freq', 'HIT@5': '0.0009', 'NDCG@5': '0.0006', 'HIT@10': '0.0020', 'NDCG@10': '0.0010', 'HIT@20': '0.0045', 'NDCG@20': '0.0016'}
{'Epoch': 142, 'name': 'all', 'HIT@5': '0.0342', 'NDCG@5': '0.0224', 'HIT@10': '0.0528', 'NDCG@10': '0.0283', 'HIT@20': '0.0774', 'NDCG@20': '0.0345'}
EarlyStopping counter: 8 out of 40
rec dataset length: 140
100%|██████████████████████████████████████████████████████████████████████████████████████████████████████████████████████████████████████████████████████████| 140/140 [00:17<00:00,  8.17it/s]
{'epoch': 143, 'rec_avg_loss': '0.5451', 'joint_avg_loss': '1.1648', 'cl_avg_loss': '1.8740', 'itemcl_loss': '4.3226', 'cl_pair_0_loss': '1.8740'}
Recommendation EP_test:143: 100%|| 140/140 [00:10<00:00, 12.97it/s]
{'Epoch': 143, 'name': 'high_freq', 'HIT@5': '0.0484', 'NDCG@5': '0.0317', 'HIT@10': '0.0751', 'NDCG@10': '0.0403', 'HIT@20': '0.1103', 'NDCG@20': '0.0491'}
{'Epoch': 143, 'name': 'mid_freq', 'HIT@5': '0.0037', 'NDCG@5': '0.0023', 'HIT@10': '0.0060', 'NDCG@10': '0.0031', 'HIT@20': '0.0096', 'NDCG@20': '0.0040'}
{'Epoch': 143, 'name': 'low_freq', 'HIT@5': '0.0009', 'NDCG@5': '0.0006', 'HIT@10': '0.0025', 'NDCG@10': '0.0011', 'HIT@20': '0.0048', 'NDCG@20': '0.0016'}
{'Epoch': 143, 'name': 'all', 'HIT@5': '0.0337', 'NDCG@5': '0.0221', 'HIT@10': '0.0526', 'NDCG@10': '0.0281', 'HIT@20': '0.0775', 'NDCG@20': '0.0344'}
EarlyStopping counter: 9 out of 40
rec dataset length: 140
100%|██████████████████████████████████████████████████████████████████████████████████████████████████████████████████████████████████████████████████████████| 140/140 [00:17<00:00,  8.22it/s]
{'epoch': 144, 'rec_avg_loss': '0.5429', 'joint_avg_loss': '1.1586', 'cl_avg_loss': '1.8456', 'itemcl_loss': '4.3117', 'cl_pair_0_loss': '1.8456'}
Recommendation EP_test:144: 100%|| 140/140 [00:10<00:00, 13.52it/s]
{'Epoch': 144, 'name': 'high_freq', 'HIT@5': '0.0490', 'NDCG@5': '0.0321', 'HIT@10': '0.0755', 'NDCG@10': '0.0406', 'HIT@20': '0.1084', 'NDCG@20': '0.0489'}
{'Epoch': 144, 'name': 'mid_freq', 'HIT@5': '0.0036', 'NDCG@5': '0.0022', 'HIT@10': '0.0062', 'NDCG@10': '0.0031', 'HIT@20': '0.0098', 'NDCG@20': '0.0040'}
{'Epoch': 144, 'name': 'low_freq', 'HIT@5': '0.0009', 'NDCG@5': '0.0005', 'HIT@10': '0.0016', 'NDCG@10': '0.0007', 'HIT@20': '0.0036', 'NDCG@20': '0.0012'}
{'Epoch': 144, 'name': 'all', 'HIT@5': '0.0342', 'NDCG@5': '0.0223', 'HIT@10': '0.0528', 'NDCG@10': '0.0283', 'HIT@20': '0.0761', 'NDCG@20': '0.0342'}
EarlyStopping counter: 10 out of 40
rec dataset length: 140
100%|██████████████████████████████████████████████████████████████████████████████████████████████████████████████████████████████████████████████████████████| 140/140 [00:17<00:00,  8.10it/s]
{'epoch': 145, 'rec_avg_loss': '0.5417', 'joint_avg_loss': '1.1558', 'cl_avg_loss': '1.8304', 'itemcl_loss': '4.3105', 'cl_pair_0_loss': '1.8304'}
Recommendation EP_test:145: 100%|| 140/140 [00:10<00:00, 13.12it/s]
{'Epoch': 145, 'name': 'high_freq', 'HIT@5': '0.0479', 'NDCG@5': '0.0316', 'HIT@10': '0.0740', 'NDCG@10': '0.0401', 'HIT@20': '0.1093', 'NDCG@20': '0.0490'}
{'Epoch': 145, 'name': 'mid_freq', 'HIT@5': '0.0039', 'NDCG@5': '0.0025', 'HIT@10': '0.0068', 'NDCG@10': '0.0034', 'HIT@20': '0.0098', 'NDCG@20': '0.0041'}
{'Epoch': 145, 'name': 'low_freq', 'HIT@5': '0.0007', 'NDCG@5': '0.0003', 'HIT@10': '0.0023', 'NDCG@10': '0.0008', 'HIT@20': '0.0043', 'NDCG@20': '0.0013'}
{'Epoch': 145, 'name': 'all', 'HIT@5': '0.0334', 'NDCG@5': '0.0221', 'HIT@10': '0.0520', 'NDCG@10': '0.0280', 'HIT@20': '0.0768', 'NDCG@20': '0.0343'}
EarlyStopping counter: 11 out of 40
rec dataset length: 140
100%|██████████████████████████████████████████████████████████████████████████████████████████████████████████████████████████████████████████████████████████| 140/140 [00:17<00:00,  8.21it/s]
{'epoch': 146, 'rec_avg_loss': '0.5398', 'joint_avg_loss': '1.1531', 'cl_avg_loss': '1.8370', 'itemcl_loss': '4.2964', 'cl_pair_0_loss': '1.8370'}
Recommendation EP_test:146: 100%|| 140/140 [00:10<00:00, 12.82it/s]
{'Epoch': 146, 'name': 'high_freq', 'HIT@5': '0.0478', 'NDCG@5': '0.0318', 'HIT@10': '0.0744', 'NDCG@10': '0.0404', 'HIT@20': '0.1095', 'NDCG@20': '0.0492'}
{'Epoch': 146, 'name': 'mid_freq', 'HIT@5': '0.0034', 'NDCG@5': '0.0021', 'HIT@10': '0.0060', 'NDCG@10': '0.0029', 'HIT@20': '0.0099', 'NDCG@20': '0.0039'}
{'Epoch': 146, 'name': 'low_freq', 'HIT@5': '0.0007', 'NDCG@5': '0.0003', 'HIT@10': '0.0023', 'NDCG@10': '0.0008', 'HIT@20': '0.0038', 'NDCG@20': '0.0012'}
{'Epoch': 146, 'name': 'all', 'HIT@5': '0.0333', 'NDCG@5': '0.0221', 'HIT@10': '0.0521', 'NDCG@10': '0.0281', 'HIT@20': '0.0769', 'NDCG@20': '0.0344'}
EarlyStopping counter: 12 out of 40
rec dataset length: 140
100%|██████████████████████████████████████████████████████████████████████████████████████████████████████████████████████████████████████████████████████████| 140/140 [00:16<00:00,  8.31it/s]
{'epoch': 147, 'rec_avg_loss': '0.5395', 'joint_avg_loss': '1.1552', 'cl_avg_loss': '1.8613', 'itemcl_loss': '4.2956', 'cl_pair_0_loss': '1.8613'}
Recommendation EP_test:147: 100%|| 140/140 [00:10<00:00, 13.25it/s]
{'Epoch': 147, 'name': 'high_freq', 'HIT@5': '0.0481', 'NDCG@5': '0.0320', 'HIT@10': '0.0735', 'NDCG@10': '0.0401', 'HIT@20': '0.1085', 'NDCG@20': '0.0490'}
{'Epoch': 147, 'name': 'mid_freq', 'HIT@5': '0.0040', 'NDCG@5': '0.0025', 'HIT@10': '0.0063', 'NDCG@10': '0.0033', 'HIT@20': '0.0101', 'NDCG@20': '0.0042'}
{'Epoch': 147, 'name': 'low_freq', 'HIT@5': '0.0005', 'NDCG@5': '0.0003', 'HIT@10': '0.0016', 'NDCG@10': '0.0006', 'HIT@20': '0.0043', 'NDCG@20': '0.0013'}
{'Epoch': 147, 'name': 'all', 'HIT@5': '0.0336', 'NDCG@5': '0.0223', 'HIT@10': '0.0514', 'NDCG@10': '0.0280', 'HIT@20': '0.0763', 'NDCG@20': '0.0343'}
EarlyStopping counter: 13 out of 40
rec dataset length: 140
100%|██████████████████████████████████████████████████████████████████████████████████████████████████████████████████████████████████████████████████████████| 140/140 [00:17<00:00,  7.94it/s]
{'epoch': 148, 'rec_avg_loss': '0.5379', 'joint_avg_loss': '1.1495', 'cl_avg_loss': '1.8362', 'itemcl_loss': '4.2795', 'cl_pair_0_loss': '1.8362'}
Recommendation EP_test:148: 100%|| 140/140 [00:10<00:00, 12.94it/s]
{'Epoch': 148, 'name': 'high_freq', 'HIT@5': '0.0484', 'NDCG@5': '0.0319', 'HIT@10': '0.0727', 'NDCG@10': '0.0397', 'HIT@20': '0.1090', 'NDCG@20': '0.0488'}
{'Epoch': 148, 'name': 'mid_freq', 'HIT@5': '0.0037', 'NDCG@5': '0.0023', 'HIT@10': '0.0060', 'NDCG@10': '0.0030', 'HIT@20': '0.0102', 'NDCG@20': '0.0040'}
{'Epoch': 148, 'name': 'low_freq', 'HIT@5': '0.0005', 'NDCG@5': '0.0003', 'HIT@10': '0.0020', 'NDCG@10': '0.0008', 'HIT@20': '0.0038', 'NDCG@20': '0.0012'}
{'Epoch': 148, 'name': 'all', 'HIT@5': '0.0337', 'NDCG@5': '0.0222', 'HIT@10': '0.0509', 'NDCG@10': '0.0277', 'HIT@20': '0.0766', 'NDCG@20': '0.0342'}
EarlyStopping counter: 14 out of 40
rec dataset length: 140
100%|██████████████████████████████████████████████████████████████████████████████████████████████████████████████████████████████████████████████████████████| 140/140 [00:17<00:00,  7.94it/s]
{'epoch': 149, 'rec_avg_loss': '0.5360', 'joint_avg_loss': '1.1481', 'cl_avg_loss': '1.8495', 'itemcl_loss': '4.2717', 'cl_pair_0_loss': '1.8495'}
Recommendation EP_test:149: 100%|| 140/140 [00:10<00:00, 13.38it/s]
{'Epoch': 149, 'name': 'high_freq', 'HIT@5': '0.0473', 'NDCG@5': '0.0313', 'HIT@10': '0.0735', 'NDCG@10': '0.0398', 'HIT@20': '0.1098', 'NDCG@20': '0.0489'}
{'Epoch': 149, 'name': 'mid_freq', 'HIT@5': '0.0049', 'NDCG@5': '0.0029', 'HIT@10': '0.0065', 'NDCG@10': '0.0034', 'HIT@20': '0.0098', 'NDCG@20': '0.0042'}
{'Epoch': 149, 'name': 'low_freq', 'HIT@5': '0.0009', 'NDCG@5': '0.0004', 'HIT@10': '0.0016', 'NDCG@10': '0.0006', 'HIT@20': '0.0034', 'NDCG@20': '0.0011'}
{'Epoch': 149, 'name': 'all', 'HIT@5': '0.0332', 'NDCG@5': '0.0219', 'HIT@10': '0.0514', 'NDCG@10': '0.0278', 'HIT@20': '0.0770', 'NDCG@20': '0.0342'}
EarlyStopping counter: 15 out of 40
rec dataset length: 140
100%|██████████████████████████████████████████████████████████████████████████████████████████████████████████████████████████████████████████████████████████| 140/140 [00:17<00:00,  8.18it/s]
{'epoch': 150, 'rec_avg_loss': '0.5368', 'joint_avg_loss': '1.1481', 'cl_avg_loss': '1.8419', 'itemcl_loss': '4.2704', 'cl_pair_0_loss': '1.8419'}
Recommendation EP_test:150: 100%|| 140/140 [00:10<00:00, 12.85it/s]
{'Epoch': 150, 'name': 'high_freq', 'HIT@5': '0.0489', 'NDCG@5': '0.0323', 'HIT@10': '0.0739', 'NDCG@10': '0.0403', 'HIT@20': '0.1091', 'NDCG@20': '0.0492'}
{'Epoch': 150, 'name': 'mid_freq', 'HIT@5': '0.0037', 'NDCG@5': '0.0025', 'HIT@10': '0.0062', 'NDCG@10': '0.0032', 'HIT@20': '0.0108', 'NDCG@20': '0.0044'}
{'Epoch': 150, 'name': 'low_freq', 'HIT@5': '0.0009', 'NDCG@5': '0.0004', 'HIT@10': '0.0018', 'NDCG@10': '0.0007', 'HIT@20': '0.0043', 'NDCG@20': '0.0013'}
{'Epoch': 150, 'name': 'all', 'HIT@5': '0.0341', 'NDCG@5': '0.0225', 'HIT@10': '0.0517', 'NDCG@10': '0.0281', 'HIT@20': '0.0769', 'NDCG@20': '0.0345'}
EarlyStopping counter: 16 out of 40
rec dataset length: 140
100%|██████████████████████████████████████████████████████████████████████████████████████████████████████████████████████████████████████████████████████████| 140/140 [00:16<00:00,  8.25it/s]
{'epoch': 151, 'rec_avg_loss': '0.5341', 'joint_avg_loss': '1.1453', 'cl_avg_loss': '1.8496', 'itemcl_loss': '4.2628', 'cl_pair_0_loss': '1.8496'}
Recommendation EP_test:151: 100%|| 140/140 [00:10<00:00, 13.12it/s]
{'Epoch': 151, 'name': 'high_freq', 'HIT@5': '0.0480', 'NDCG@5': '0.0317', 'HIT@10': '0.0744', 'NDCG@10': '0.0402', 'HIT@20': '0.1087', 'NDCG@20': '0.0489'}
{'Epoch': 151, 'name': 'mid_freq', 'HIT@5': '0.0039', 'NDCG@5': '0.0025', 'HIT@10': '0.0063', 'NDCG@10': '0.0033', 'HIT@20': '0.0098', 'NDCG@20': '0.0041'}
{'Epoch': 151, 'name': 'low_freq', 'HIT@5': '0.0005', 'NDCG@5': '0.0003', 'HIT@10': '0.0018', 'NDCG@10': '0.0007', 'HIT@20': '0.0043', 'NDCG@20': '0.0013'}
{'Epoch': 151, 'name': 'all', 'HIT@5': '0.0335', 'NDCG@5': '0.0221', 'HIT@10': '0.0521', 'NDCG@10': '0.0281', 'HIT@20': '0.0764', 'NDCG@20': '0.0342'}
EarlyStopping counter: 17 out of 40
rec dataset length: 140
100%|██████████████████████████████████████████████████████████████████████████████████████████████████████████████████████████████████████████████████████████| 140/140 [00:17<00:00,  7.96it/s]
{'epoch': 152, 'rec_avg_loss': '0.5321', 'joint_avg_loss': '1.1389', 'cl_avg_loss': '1.8112', 'itemcl_loss': '4.2563', 'cl_pair_0_loss': '1.8112'}
Recommendation EP_test:152: 100%|| 140/140 [00:11<00:00, 12.47it/s]
{'Epoch': 152, 'name': 'high_freq', 'HIT@5': '0.0488', 'NDCG@5': '0.0321', 'HIT@10': '0.0744', 'NDCG@10': '0.0403', 'HIT@20': '0.1103', 'NDCG@20': '0.0493'}
{'Epoch': 152, 'name': 'mid_freq', 'HIT@5': '0.0039', 'NDCG@5': '0.0025', 'HIT@10': '0.0060', 'NDCG@10': '0.0032', 'HIT@20': '0.0096', 'NDCG@20': '0.0041'}
{'Epoch': 152, 'name': 'low_freq', 'HIT@5': '0.0002', 'NDCG@5': '0.0001', 'HIT@10': '0.0020', 'NDCG@10': '0.0007', 'HIT@20': '0.0045', 'NDCG@20': '0.0013'}
{'Epoch': 152, 'name': 'all', 'HIT@5': '0.0340', 'NDCG@5': '0.0224', 'HIT@10': '0.0520', 'NDCG@10': '0.0281', 'HIT@20': '0.0774', 'NDCG@20': '0.0345'}
EarlyStopping counter: 18 out of 40
rec dataset length: 140
100%|██████████████████████████████████████████████████████████████████████████████████████████████████████████████████████████████████████████████████████████| 140/140 [00:17<00:00,  8.11it/s]
{'epoch': 153, 'rec_avg_loss': '0.5328', 'joint_avg_loss': '1.1408', 'cl_avg_loss': '1.8339', 'itemcl_loss': '4.2462', 'cl_pair_0_loss': '1.8339'}
Recommendation EP_test:153: 100%|| 140/140 [00:10<00:00, 13.02it/s]
{'Epoch': 153, 'name': 'high_freq', 'HIT@5': '0.0481', 'NDCG@5': '0.0317', 'HIT@10': '0.0738', 'NDCG@10': '0.0400', 'HIT@20': '0.1111', 'NDCG@20': '0.0494'}
{'Epoch': 153, 'name': 'mid_freq', 'HIT@5': '0.0036', 'NDCG@5': '0.0025', 'HIT@10': '0.0062', 'NDCG@10': '0.0033', 'HIT@20': '0.0098', 'NDCG@20': '0.0042'}
{'Epoch': 153, 'name': 'low_freq', 'HIT@5': '0.0002', 'NDCG@5': '0.0001', 'HIT@10': '0.0018', 'NDCG@10': '0.0006', 'HIT@20': '0.0043', 'NDCG@20': '0.0012'}
{'Epoch': 153, 'name': 'all', 'HIT@5': '0.0334', 'NDCG@5': '0.0221', 'HIT@10': '0.0517', 'NDCG@10': '0.0279', 'HIT@20': '0.0780', 'NDCG@20': '0.0346'}
EarlyStopping counter: 19 out of 40
rec dataset length: 140
100%|██████████████████████████████████████████████████████████████████████████████████████████████████████████████████████████████████████████████████████████| 140/140 [00:17<00:00,  8.16it/s]
{'epoch': 154, 'rec_avg_loss': '0.5330', 'joint_avg_loss': '1.1377', 'cl_avg_loss': '1.8103', 'itemcl_loss': '4.2369', 'cl_pair_0_loss': '1.8103'}
Recommendation EP_test:154: 100%|| 140/140 [00:10<00:00, 13.33it/s]
{'Epoch': 154, 'name': 'high_freq', 'HIT@5': '0.0490', 'NDCG@5': '0.0325', 'HIT@10': '0.0759', 'NDCG@10': '0.0411', 'HIT@20': '0.1112', 'NDCG@20': '0.0500'}
{'Epoch': 154, 'name': 'mid_freq', 'HIT@5': '0.0039', 'NDCG@5': '0.0024', 'HIT@10': '0.0056', 'NDCG@10': '0.0030', 'HIT@20': '0.0103', 'NDCG@20': '0.0042'}
{'Epoch': 154, 'name': 'low_freq', 'HIT@5': '0.0002', 'NDCG@5': '0.0001', 'HIT@10': '0.0025', 'NDCG@10': '0.0008', 'HIT@20': '0.0045', 'NDCG@20': '0.0014'}
{'Epoch': 154, 'name': 'all', 'HIT@5': '0.0341', 'NDCG@5': '0.0226', 'HIT@10': '0.0530', 'NDCG@10': '0.0287', 'HIT@20': '0.0783', 'NDCG@20': '0.0350'}
Validation score increased.  Saving model ...
rec dataset length: 140
100%|██████████████████████████████████████████████████████████████████████████████████████████████████████████████████████████████████████████████████████████| 140/140 [00:17<00:00,  8.21it/s]
{'epoch': 155, 'rec_avg_loss': '0.5315', 'joint_avg_loss': '1.1392', 'cl_avg_loss': '1.8514', 'itemcl_loss': '4.2251', 'cl_pair_0_loss': '1.8514'}
Recommendation EP_test:155: 100%|| 140/140 [00:10<00:00, 12.99it/s]
{'Epoch': 155, 'name': 'high_freq', 'HIT@5': '0.0488', 'NDCG@5': '0.0325', 'HIT@10': '0.0742', 'NDCG@10': '0.0406', 'HIT@20': '0.1112', 'NDCG@20': '0.0499'}
{'Epoch': 155, 'name': 'mid_freq', 'HIT@5': '0.0039', 'NDCG@5': '0.0023', 'HIT@10': '0.0066', 'NDCG@10': '0.0032', 'HIT@20': '0.0096', 'NDCG@20': '0.0039'}
{'Epoch': 155, 'name': 'low_freq', 'HIT@5': '0.0007', 'NDCG@5': '0.0003', 'HIT@10': '0.0023', 'NDCG@10': '0.0008', 'HIT@20': '0.0041', 'NDCG@20': '0.0013'}
{'Epoch': 155, 'name': 'all', 'HIT@5': '0.0340', 'NDCG@5': '0.0226', 'HIT@10': '0.0520', 'NDCG@10': '0.0284', 'HIT@20': '0.0780', 'NDCG@20': '0.0349'}
EarlyStopping counter: 1 out of 40
rec dataset length: 140
100%|██████████████████████████████████████████████████████████████████████████████████████████████████████████████████████████████████████████████████████████| 140/140 [00:17<00:00,  8.23it/s]
{'epoch': 156, 'rec_avg_loss': '0.5291', 'joint_avg_loss': '1.1337', 'cl_avg_loss': '1.8131', 'itemcl_loss': '4.2335', 'cl_pair_0_loss': '1.8131'}
Recommendation EP_test:156: 100%|| 140/140 [00:10<00:00, 13.40it/s]
{'Epoch': 156, 'name': 'high_freq', 'HIT@5': '0.0477', 'NDCG@5': '0.0316', 'HIT@10': '0.0752', 'NDCG@10': '0.0404', 'HIT@20': '0.1110', 'NDCG@20': '0.0495'}
{'Epoch': 156, 'name': 'mid_freq', 'HIT@5': '0.0043', 'NDCG@5': '0.0026', 'HIT@10': '0.0066', 'NDCG@10': '0.0033', 'HIT@20': '0.0102', 'NDCG@20': '0.0042'}
{'Epoch': 156, 'name': 'low_freq', 'HIT@5': '0.0005', 'NDCG@5': '0.0002', 'HIT@10': '0.0020', 'NDCG@10': '0.0007', 'HIT@20': '0.0050', 'NDCG@20': '0.0015'}
{'Epoch': 156, 'name': 'all', 'HIT@5': '0.0333', 'NDCG@5': '0.0220', 'HIT@10': '0.0527', 'NDCG@10': '0.0283', 'HIT@20': '0.0782', 'NDCG@20': '0.0347'}
EarlyStopping counter: 2 out of 40
rec dataset length: 140
100%|██████████████████████████████████████████████████████████████████████████████████████████████████████████████████████████████████████████████████████████| 140/140 [00:17<00:00,  8.16it/s]
{'epoch': 157, 'rec_avg_loss': '0.5280', 'joint_avg_loss': '1.1322', 'cl_avg_loss': '1.8160', 'itemcl_loss': '4.2264', 'cl_pair_0_loss': '1.8160'}
Recommendation EP_test:157: 100%|| 140/140 [00:10<00:00, 13.16it/s]
{'Epoch': 157, 'name': 'high_freq', 'HIT@5': '0.0489', 'NDCG@5': '0.0322', 'HIT@10': '0.0747', 'NDCG@10': '0.0405', 'HIT@20': '0.1103', 'NDCG@20': '0.0494'}
{'Epoch': 157, 'name': 'mid_freq', 'HIT@5': '0.0042', 'NDCG@5': '0.0025', 'HIT@10': '0.0073', 'NDCG@10': '0.0035', 'HIT@20': '0.0113', 'NDCG@20': '0.0045'}
{'Epoch': 157, 'name': 'low_freq', 'HIT@5': '0.0005', 'NDCG@5': '0.0002', 'HIT@10': '0.0018', 'NDCG@10': '0.0006', 'HIT@20': '0.0043', 'NDCG@20': '0.0012'}
{'Epoch': 157, 'name': 'all', 'HIT@5': '0.0342', 'NDCG@5': '0.0224', 'HIT@10': '0.0525', 'NDCG@10': '0.0283', 'HIT@20': '0.0778', 'NDCG@20': '0.0346'}
EarlyStopping counter: 3 out of 40
rec dataset length: 140
100%|██████████████████████████████████████████████████████████████████████████████████████████████████████████████████████████████████████████████████████████| 140/140 [00:17<00:00,  8.17it/s]
{'epoch': 158, 'rec_avg_loss': '0.5276', 'joint_avg_loss': '1.1315', 'cl_avg_loss': '1.8185', 'itemcl_loss': '4.2198', 'cl_pair_0_loss': '1.8185'}
Recommendation EP_test:158: 100%|| 140/140 [00:10<00:00, 13.69it/s]
{'Epoch': 158, 'name': 'high_freq', 'HIT@5': '0.0479', 'NDCG@5': '0.0315', 'HIT@10': '0.0741', 'NDCG@10': '0.0399', 'HIT@20': '0.1103', 'NDCG@20': '0.0489'}
{'Epoch': 158, 'name': 'mid_freq', 'HIT@5': '0.0043', 'NDCG@5': '0.0026', 'HIT@10': '0.0072', 'NDCG@10': '0.0035', 'HIT@20': '0.0106', 'NDCG@20': '0.0044'}
{'Epoch': 158, 'name': 'low_freq', 'HIT@5': '0.0007', 'NDCG@5': '0.0003', 'HIT@10': '0.0016', 'NDCG@10': '0.0006', 'HIT@20': '0.0043', 'NDCG@20': '0.0013'}
{'Epoch': 158, 'name': 'all', 'HIT@5': '0.0335', 'NDCG@5': '0.0220', 'HIT@10': '0.0520', 'NDCG@10': '0.0279', 'HIT@20': '0.0776', 'NDCG@20': '0.0343'}
EarlyStopping counter: 4 out of 40
rec dataset length: 140
100%|██████████████████████████████████████████████████████████████████████████████████████████████████████████████████████████████████████████████████████████| 140/140 [00:17<00:00,  8.01it/s]
{'epoch': 159, 'rec_avg_loss': '0.5247', 'joint_avg_loss': '1.1278', 'cl_avg_loss': '1.8153', 'itemcl_loss': '4.2160', 'cl_pair_0_loss': '1.8153'}
Recommendation EP_test:159: 100%|| 140/140 [00:10<00:00, 13.44it/s]
{'Epoch': 159, 'name': 'high_freq', 'HIT@5': '0.0480', 'NDCG@5': '0.0317', 'HIT@10': '0.0737', 'NDCG@10': '0.0400', 'HIT@20': '0.1107', 'NDCG@20': '0.0493'}
{'Epoch': 159, 'name': 'mid_freq', 'HIT@5': '0.0043', 'NDCG@5': '0.0026', 'HIT@10': '0.0068', 'NDCG@10': '0.0034', 'HIT@20': '0.0109', 'NDCG@20': '0.0045'}
{'Epoch': 159, 'name': 'low_freq', 'HIT@5': '0.0007', 'NDCG@5': '0.0004', 'HIT@10': '0.0020', 'NDCG@10': '0.0008', 'HIT@20': '0.0050', 'NDCG@20': '0.0015'}
{'Epoch': 159, 'name': 'all', 'HIT@5': '0.0336', 'NDCG@5': '0.0221', 'HIT@10': '0.0517', 'NDCG@10': '0.0280', 'HIT@20': '0.0780', 'NDCG@20': '0.0346'}
EarlyStopping counter: 5 out of 40
rec dataset length: 140
100%|██████████████████████████████████████████████████████████████████████████████████████████████████████████████████████████████████████████████████████████| 140/140 [00:17<00:00,  8.20it/s]
{'epoch': 160, 'rec_avg_loss': '0.5241', 'joint_avg_loss': '1.1236', 'cl_avg_loss': '1.7933', 'itemcl_loss': '4.2011', 'cl_pair_0_loss': '1.7933'}
Recommendation EP_test:160: 100%|| 140/140 [00:10<00:00, 13.58it/s]
{'Epoch': 160, 'name': 'high_freq', 'HIT@5': '0.0490', 'NDCG@5': '0.0321', 'HIT@10': '0.0741', 'NDCG@10': '0.0402', 'HIT@20': '0.1098', 'NDCG@20': '0.0492'}
{'Epoch': 160, 'name': 'mid_freq', 'HIT@5': '0.0040', 'NDCG@5': '0.0024', 'HIT@10': '0.0063', 'NDCG@10': '0.0031', 'HIT@20': '0.0102', 'NDCG@20': '0.0041'}
{'Epoch': 160, 'name': 'low_freq', 'HIT@5': '0.0009', 'NDCG@5': '0.0004', 'HIT@10': '0.0027', 'NDCG@10': '0.0010', 'HIT@20': '0.0045', 'NDCG@20': '0.0014'}
{'Epoch': 160, 'name': 'all', 'HIT@5': '0.0342', 'NDCG@5': '0.0224', 'HIT@10': '0.0520', 'NDCG@10': '0.0281', 'HIT@20': '0.0773', 'NDCG@20': '0.0344'}
EarlyStopping counter: 6 out of 40
refresh dataset with updated item embedding
Embedding(18359, 64, padding_idx=0)
Similarity Model Type: hybrid
short sequence augment type: SIM
Augmentation methods for Long sequences: 5
Augmentation methods for short sequences: 3
Creating Contrastive Learning Dataset using 'random' data augmentation
rec dataset length: 140
100%|██████████████████████████████████████████████████████████████████████████████████████████████████████████████████████████████████████████████████████████| 140/140 [00:50<00:00,  2.77it/s]
{'epoch': 161, 'rec_avg_loss': '0.5268', 'joint_avg_loss': '1.1367', 'cl_avg_loss': '1.8952', 'itemcl_loss': '4.2035', 'cl_pair_0_loss': '1.8952'}
Recommendation EP_test:161: 100%|| 140/140 [00:10<00:00, 13.94it/s]
{'Epoch': 161, 'name': 'high_freq', 'HIT@5': '0.0489', 'NDCG@5': '0.0320', 'HIT@10': '0.0746', 'NDCG@10': '0.0402', 'HIT@20': '0.1097', 'NDCG@20': '0.0490'}
{'Epoch': 161, 'name': 'mid_freq', 'HIT@5': '0.0037', 'NDCG@5': '0.0024', 'HIT@10': '0.0066', 'NDCG@10': '0.0033', 'HIT@20': '0.0101', 'NDCG@20': '0.0042'}
{'Epoch': 161, 'name': 'low_freq', 'HIT@5': '0.0009', 'NDCG@5': '0.0006', 'HIT@10': '0.0018', 'NDCG@10': '0.0008', 'HIT@20': '0.0041', 'NDCG@20': '0.0014'}
{'Epoch': 161, 'name': 'all', 'HIT@5': '0.0341', 'NDCG@5': '0.0223', 'HIT@10': '0.0523', 'NDCG@10': '0.0281', 'HIT@20': '0.0771', 'NDCG@20': '0.0343'}
EarlyStopping counter: 7 out of 40
refresh dataset with updated item embedding
Embedding(18359, 64, padding_idx=0)
Similarity Model Type: hybrid
short sequence augment type: SIM
Augmentation methods for Long sequences: 5
Augmentation methods for short sequences: 3
Creating Contrastive Learning Dataset using 'random' data augmentation
rec dataset length: 140
100%|██████████████████████████████████████████████████████████████████████████████████████████████████████████████████████████████████████████████████████████| 140/140 [00:49<00:00,  2.83it/s]
{'epoch': 162, 'rec_avg_loss': '0.5226', 'joint_avg_loss': '1.1258', 'cl_avg_loss': '1.8366', 'itemcl_loss': '4.1952', 'cl_pair_0_loss': '1.8366'}
Recommendation EP_test:162: 100%|| 140/140 [00:10<00:00, 13.45it/s]
{'Epoch': 162, 'name': 'high_freq', 'HIT@5': '0.0481', 'NDCG@5': '0.0319', 'HIT@10': '0.0749', 'NDCG@10': '0.0404', 'HIT@20': '0.1096', 'NDCG@20': '0.0492'}
{'Epoch': 162, 'name': 'mid_freq', 'HIT@5': '0.0042', 'NDCG@5': '0.0027', 'HIT@10': '0.0063', 'NDCG@10': '0.0034', 'HIT@20': '0.0111', 'NDCG@20': '0.0046'}
{'Epoch': 162, 'name': 'low_freq', 'HIT@5': '0.0007', 'NDCG@5': '0.0005', 'HIT@10': '0.0023', 'NDCG@10': '0.0010', 'HIT@20': '0.0043', 'NDCG@20': '0.0015'}
{'Epoch': 162, 'name': 'all', 'HIT@5': '0.0337', 'NDCG@5': '0.0223', 'HIT@10': '0.0525', 'NDCG@10': '0.0283', 'HIT@20': '0.0773', 'NDCG@20': '0.0345'}
EarlyStopping counter: 8 out of 40
refresh dataset with updated item embedding
Embedding(18359, 64, padding_idx=0)
Similarity Model Type: hybrid
short sequence augment type: SIM
Augmentation methods for Long sequences: 5
Augmentation methods for short sequences: 3
Creating Contrastive Learning Dataset using 'random' data augmentation
rec dataset length: 140
100%|██████████████████████████████████████████████████████████████████████████████████████████████████████████████████████████████████████████████████████████| 140/140 [00:50<00:00,  2.77it/s]
{'epoch': 163, 'rec_avg_loss': '0.5246', 'joint_avg_loss': '1.1318', 'cl_avg_loss': '1.8776', 'itemcl_loss': '4.1947', 'cl_pair_0_loss': '1.8776'}
Recommendation EP_test:163: 100%|| 140/140 [00:10<00:00, 13.17it/s]
{'Epoch': 163, 'name': 'high_freq', 'HIT@5': '0.0495', 'NDCG@5': '0.0327', 'HIT@10': '0.0739', 'NDCG@10': '0.0405', 'HIT@20': '0.1086', 'NDCG@20': '0.0492'}
{'Epoch': 163, 'name': 'mid_freq', 'HIT@5': '0.0046', 'NDCG@5': '0.0030', 'HIT@10': '0.0070', 'NDCG@10': '0.0038', 'HIT@20': '0.0115', 'NDCG@20': '0.0049'}
{'Epoch': 163, 'name': 'low_freq', 'HIT@5': '0.0007', 'NDCG@5': '0.0005', 'HIT@10': '0.0023', 'NDCG@10': '0.0010', 'HIT@20': '0.0045', 'NDCG@20': '0.0015'}
{'Epoch': 163, 'name': 'all', 'HIT@5': '0.0347', 'NDCG@5': '0.0229', 'HIT@10': '0.0519', 'NDCG@10': '0.0284', 'HIT@20': '0.0767', 'NDCG@20': '0.0346'}
EarlyStopping counter: 9 out of 40
refresh dataset with updated item embedding
Embedding(18359, 64, padding_idx=0)
Similarity Model Type: hybrid
short sequence augment type: SIM
Augmentation methods for Long sequences: 5
Augmentation methods for short sequences: 3
Creating Contrastive Learning Dataset using 'random' data augmentation
rec dataset length: 140
100%|██████████████████████████████████████████████████████████████████████████████████████████████████████████████████████████████████████████████████████████| 140/140 [00:50<00:00,  2.77it/s]
{'epoch': 164, 'rec_avg_loss': '0.5220', 'joint_avg_loss': '1.1267', 'cl_avg_loss': '1.8643', 'itemcl_loss': '4.1826', 'cl_pair_0_loss': '1.8643'}
Recommendation EP_test:164: 100%|| 140/140 [00:10<00:00, 13.16it/s]
{'Epoch': 164, 'name': 'high_freq', 'HIT@5': '0.0488', 'NDCG@5': '0.0325', 'HIT@10': '0.0741', 'NDCG@10': '0.0406', 'HIT@20': '0.1074', 'NDCG@20': '0.0490'}
{'Epoch': 164, 'name': 'mid_freq', 'HIT@5': '0.0043', 'NDCG@5': '0.0028', 'HIT@10': '0.0069', 'NDCG@10': '0.0036', 'HIT@20': '0.0103', 'NDCG@20': '0.0045'}
{'Epoch': 164, 'name': 'low_freq', 'HIT@5': '0.0007', 'NDCG@5': '0.0003', 'HIT@10': '0.0016', 'NDCG@10': '0.0006', 'HIT@20': '0.0041', 'NDCG@20': '0.0012'}
{'Epoch': 164, 'name': 'all', 'HIT@5': '0.0341', 'NDCG@5': '0.0227', 'HIT@10': '0.0519', 'NDCG@10': '0.0284', 'HIT@20': '0.0756', 'NDCG@20': '0.0343'}
EarlyStopping counter: 10 out of 40
refresh dataset with updated item embedding
Embedding(18359, 64, padding_idx=0)
Similarity Model Type: hybrid
short sequence augment type: SIM
Augmentation methods for Long sequences: 5
Augmentation methods for short sequences: 3
Creating Contrastive Learning Dataset using 'random' data augmentation
rec dataset length: 140
100%|██████████████████████████████████████████████████████████████████████████████████████████████████████████████████████████████████████████████████████████| 140/140 [00:50<00:00,  2.79it/s]
{'epoch': 165, 'rec_avg_loss': '0.5212', 'joint_avg_loss': '1.1224', 'cl_avg_loss': '1.8437', 'itemcl_loss': '4.1684', 'cl_pair_0_loss': '1.8437'}
Recommendation EP_test:165: 100%|| 140/140 [00:10<00:00, 13.54it/s]
{'Epoch': 165, 'name': 'high_freq', 'HIT@5': '0.0493', 'NDCG@5': '0.0323', 'HIT@10': '0.0755', 'NDCG@10': '0.0408', 'HIT@20': '0.1086', 'NDCG@20': '0.0491'}
{'Epoch': 165, 'name': 'mid_freq', 'HIT@5': '0.0047', 'NDCG@5': '0.0030', 'HIT@10': '0.0073', 'NDCG@10': '0.0038', 'HIT@20': '0.0113', 'NDCG@20': '0.0048'}
{'Epoch': 165, 'name': 'low_freq', 'HIT@5': '0.0011', 'NDCG@5': '0.0006', 'HIT@10': '0.0025', 'NDCG@10': '0.0011', 'HIT@20': '0.0043', 'NDCG@20': '0.0015'}
{'Epoch': 165, 'name': 'all', 'HIT@5': '0.0346', 'NDCG@5': '0.0227', 'HIT@10': '0.0531', 'NDCG@10': '0.0286', 'HIT@20': '0.0766', 'NDCG@20': '0.0345'}
EarlyStopping counter: 11 out of 40
refresh dataset with updated item embedding
Embedding(18359, 64, padding_idx=0)
Similarity Model Type: hybrid
short sequence augment type: SIM
Augmentation methods for Long sequences: 5
Augmentation methods for short sequences: 3
Creating Contrastive Learning Dataset using 'random' data augmentation
rec dataset length: 140
100%|██████████████████████████████████████████████████████████████████████████████████████████████████████████████████████████████████████████████████████████| 140/140 [00:50<00:00,  2.78it/s]
{'epoch': 166, 'rec_avg_loss': '0.5241', 'joint_avg_loss': '1.1253', 'cl_avg_loss': '1.8449', 'itemcl_loss': '4.1678', 'cl_pair_0_loss': '1.8449'}
Recommendation EP_test:166: 100%|| 140/140 [00:10<00:00, 13.22it/s]
{'Epoch': 166, 'name': 'high_freq', 'HIT@5': '0.0472', 'NDCG@5': '0.0315', 'HIT@10': '0.0747', 'NDCG@10': '0.0403', 'HIT@20': '0.1094', 'NDCG@20': '0.0490'}
{'Epoch': 166, 'name': 'mid_freq', 'HIT@5': '0.0043', 'NDCG@5': '0.0027', 'HIT@10': '0.0069', 'NDCG@10': '0.0035', 'HIT@20': '0.0098', 'NDCG@20': '0.0042'}
{'Epoch': 166, 'name': 'low_freq', 'HIT@5': '0.0011', 'NDCG@5': '0.0007', 'HIT@10': '0.0020', 'NDCG@10': '0.0010', 'HIT@20': '0.0048', 'NDCG@20': '0.0017'}
{'Epoch': 166, 'name': 'all', 'HIT@5': '0.0331', 'NDCG@5': '0.0220', 'HIT@10': '0.0524', 'NDCG@10': '0.0282', 'HIT@20': '0.0769', 'NDCG@20': '0.0344'}
EarlyStopping counter: 12 out of 40
refresh dataset with updated item embedding
Embedding(18359, 64, padding_idx=0)
Similarity Model Type: hybrid
short sequence augment type: SIM
Augmentation methods for Long sequences: 5
Augmentation methods for short sequences: 3
Creating Contrastive Learning Dataset using 'random' data augmentation
rec dataset length: 140
100%|██████████████████████████████████████████████████████████████████████████████████████████████████████████████████████████████████████████████████████████| 140/140 [00:49<00:00,  2.80it/s]
{'epoch': 167, 'rec_avg_loss': '0.5167', 'joint_avg_loss': '1.1157', 'cl_avg_loss': '1.8248', 'itemcl_loss': '4.1658', 'cl_pair_0_loss': '1.8248'}
Recommendation EP_test:167: 100%|| 140/140 [00:10<00:00, 13.09it/s]
{'Epoch': 167, 'name': 'high_freq', 'HIT@5': '0.0482', 'NDCG@5': '0.0320', 'HIT@10': '0.0756', 'NDCG@10': '0.0409', 'HIT@20': '0.1096', 'NDCG@20': '0.0494'}
{'Epoch': 167, 'name': 'mid_freq', 'HIT@5': '0.0039', 'NDCG@5': '0.0024', 'HIT@10': '0.0063', 'NDCG@10': '0.0032', 'HIT@20': '0.0111', 'NDCG@20': '0.0044'}
{'Epoch': 167, 'name': 'low_freq', 'HIT@5': '0.0011', 'NDCG@5': '0.0006', 'HIT@10': '0.0020', 'NDCG@10': '0.0009', 'HIT@20': '0.0045', 'NDCG@20': '0.0015'}
{'Epoch': 167, 'name': 'all', 'HIT@5': '0.0337', 'NDCG@5': '0.0224', 'HIT@10': '0.0530', 'NDCG@10': '0.0285', 'HIT@20': '0.0773', 'NDCG@20': '0.0346'}
EarlyStopping counter: 13 out of 40
refresh dataset with updated item embedding
Embedding(18359, 64, padding_idx=0)
Similarity Model Type: hybrid
short sequence augment type: SIM
Augmentation methods for Long sequences: 5
Augmentation methods for short sequences: 3
Creating Contrastive Learning Dataset using 'random' data augmentation
rec dataset length: 140
100%|██████████████████████████████████████████████████████████████████████████████████████████████████████████████████████████████████████████████████████████| 140/140 [00:51<00:00,  2.73it/s]
{'epoch': 168, 'rec_avg_loss': '0.5192', 'joint_avg_loss': '1.1203', 'cl_avg_loss': '1.8382', 'itemcl_loss': '4.1731', 'cl_pair_0_loss': '1.8382'}
Recommendation EP_test:168: 100%|| 140/140 [00:10<00:00, 13.29it/s]
{'Epoch': 168, 'name': 'high_freq', 'HIT@5': '0.0486', 'NDCG@5': '0.0319', 'HIT@10': '0.0749', 'NDCG@10': '0.0404', 'HIT@20': '0.1090', 'NDCG@20': '0.0489'}
{'Epoch': 168, 'name': 'mid_freq', 'HIT@5': '0.0037', 'NDCG@5': '0.0024', 'HIT@10': '0.0063', 'NDCG@10': '0.0032', 'HIT@20': '0.0101', 'NDCG@20': '0.0042'}
{'Epoch': 168, 'name': 'low_freq', 'HIT@5': '0.0011', 'NDCG@5': '0.0005', 'HIT@10': '0.0023', 'NDCG@10': '0.0009', 'HIT@20': '0.0052', 'NDCG@20': '0.0016'}
{'Epoch': 168, 'name': 'all', 'HIT@5': '0.0340', 'NDCG@5': '0.0222', 'HIT@10': '0.0525', 'NDCG@10': '0.0282', 'HIT@20': '0.0768', 'NDCG@20': '0.0343'}
EarlyStopping counter: 14 out of 40
refresh dataset with updated item embedding
Embedding(18359, 64, padding_idx=0)
Similarity Model Type: hybrid
short sequence augment type: SIM
Augmentation methods for Long sequences: 5
Augmentation methods for short sequences: 3
Creating Contrastive Learning Dataset using 'random' data augmentation
rec dataset length: 140
100%|██████████████████████████████████████████████████████████████████████████████████████████████████████████████████████████████████████████████████████████| 140/140 [00:51<00:00,  2.70it/s]
{'epoch': 169, 'rec_avg_loss': '0.5167', 'joint_avg_loss': '1.1175', 'cl_avg_loss': '1.8467', 'itemcl_loss': '4.1613', 'cl_pair_0_loss': '1.8467'}
Recommendation EP_test:169: 100%|| 140/140 [00:10<00:00, 13.29it/s]
{'Epoch': 169, 'name': 'high_freq', 'HIT@5': '0.0477', 'NDCG@5': '0.0312', 'HIT@10': '0.0749', 'NDCG@10': '0.0400', 'HIT@20': '0.1099', 'NDCG@20': '0.0488'}
{'Epoch': 169, 'name': 'mid_freq', 'HIT@5': '0.0043', 'NDCG@5': '0.0028', 'HIT@10': '0.0066', 'NDCG@10': '0.0035', 'HIT@20': '0.0112', 'NDCG@20': '0.0046'}
{'Epoch': 169, 'name': 'low_freq', 'HIT@5': '0.0007', 'NDCG@5': '0.0006', 'HIT@10': '0.0023', 'NDCG@10': '0.0011', 'HIT@20': '0.0054', 'NDCG@20': '0.0018'}
{'Epoch': 169, 'name': 'all', 'HIT@5': '0.0333', 'NDCG@5': '0.0218', 'HIT@10': '0.0525', 'NDCG@10': '0.0280', 'HIT@20': '0.0776', 'NDCG@20': '0.0343'}
EarlyStopping counter: 15 out of 40
refresh dataset with updated item embedding
Embedding(18359, 64, padding_idx=0)
Similarity Model Type: hybrid
short sequence augment type: SIM
Augmentation methods for Long sequences: 5
Augmentation methods for short sequences: 3
Creating Contrastive Learning Dataset using 'random' data augmentation
rec dataset length: 140
100%|██████████████████████████████████████████████████████████████████████████████████████████████████████████████████████████████████████████████████████████| 140/140 [00:50<00:00,  2.75it/s]
{'epoch': 170, 'rec_avg_loss': '0.5185', 'joint_avg_loss': '1.1147', 'cl_avg_loss': '1.8061', 'itemcl_loss': '4.1557', 'cl_pair_0_loss': '1.8061'}
Recommendation EP_test:170: 100%|| 140/140 [00:10<00:00, 12.90it/s]
{'Epoch': 170, 'name': 'high_freq', 'HIT@5': '0.0489', 'NDCG@5': '0.0320', 'HIT@10': '0.0748', 'NDCG@10': '0.0404', 'HIT@20': '0.1096', 'NDCG@20': '0.0491'}
{'Epoch': 170, 'name': 'mid_freq', 'HIT@5': '0.0042', 'NDCG@5': '0.0027', 'HIT@10': '0.0065', 'NDCG@10': '0.0035', 'HIT@20': '0.0103', 'NDCG@20': '0.0044'}
{'Epoch': 170, 'name': 'low_freq', 'HIT@5': '0.0007', 'NDCG@5': '0.0004', 'HIT@10': '0.0016', 'NDCG@10': '0.0007', 'HIT@20': '0.0045', 'NDCG@20': '0.0015'}
{'Epoch': 170, 'name': 'all', 'HIT@5': '0.0342', 'NDCG@5': '0.0223', 'HIT@10': '0.0524', 'NDCG@10': '0.0282', 'HIT@20': '0.0772', 'NDCG@20': '0.0345'}
EarlyStopping counter: 16 out of 40
refresh dataset with updated item embedding
Embedding(18359, 64, padding_idx=0)
Similarity Model Type: hybrid
short sequence augment type: SIM
Augmentation methods for Long sequences: 5
Augmentation methods for short sequences: 3
Creating Contrastive Learning Dataset using 'random' data augmentation
rec dataset length: 140
100%|██████████████████████████████████████████████████████████████████████████████████████████████████████████████████████████████████████████████████████████| 140/140 [00:50<00:00,  2.76it/s]
{'epoch': 171, 'rec_avg_loss': '0.5169', 'joint_avg_loss': '1.1147', 'cl_avg_loss': '1.8329', 'itemcl_loss': '4.1448', 'cl_pair_0_loss': '1.8329'}
Recommendation EP_test:171: 100%|| 140/140 [00:10<00:00, 12.96it/s]
{'Epoch': 171, 'name': 'high_freq', 'HIT@5': '0.0496', 'NDCG@5': '0.0323', 'HIT@10': '0.0746', 'NDCG@10': '0.0403', 'HIT@20': '0.1109', 'NDCG@20': '0.0494'}
{'Epoch': 171, 'name': 'mid_freq', 'HIT@5': '0.0042', 'NDCG@5': '0.0027', 'HIT@10': '0.0065', 'NDCG@10': '0.0034', 'HIT@20': '0.0103', 'NDCG@20': '0.0044'}
{'Epoch': 171, 'name': 'low_freq', 'HIT@5': '0.0007', 'NDCG@5': '0.0003', 'HIT@10': '0.0020', 'NDCG@10': '0.0007', 'HIT@20': '0.0050', 'NDCG@20': '0.0015'}
{'Epoch': 171, 'name': 'all', 'HIT@5': '0.0347', 'NDCG@5': '0.0225', 'HIT@10': '0.0523', 'NDCG@10': '0.0282', 'HIT@20': '0.0781', 'NDCG@20': '0.0347'}
EarlyStopping counter: 17 out of 40
refresh dataset with updated item embedding
Embedding(18359, 64, padding_idx=0)
Similarity Model Type: hybrid
short sequence augment type: SIM
Augmentation methods for Long sequences: 5
Augmentation methods for short sequences: 3
Creating Contrastive Learning Dataset using 'random' data augmentation
rec dataset length: 140
100%|██████████████████████████████████████████████████████████████████████████████████████████████████████████████████████████████████████████████████████████| 140/140 [00:51<00:00,  2.74it/s]
{'epoch': 172, 'rec_avg_loss': '0.5167', 'joint_avg_loss': '1.1136', 'cl_avg_loss': '1.8335', 'itemcl_loss': '4.1351', 'cl_pair_0_loss': '1.8335'}
Recommendation EP_test:172: 100%|| 140/140 [00:10<00:00, 13.06it/s]
{'Epoch': 172, 'name': 'high_freq', 'HIT@5': '0.0487', 'NDCG@5': '0.0321', 'HIT@10': '0.0754', 'NDCG@10': '0.0407', 'HIT@20': '0.1119', 'NDCG@20': '0.0499'}
{'Epoch': 172, 'name': 'mid_freq', 'HIT@5': '0.0040', 'NDCG@5': '0.0025', 'HIT@10': '0.0065', 'NDCG@10': '0.0033', 'HIT@20': '0.0101', 'NDCG@20': '0.0042'}
{'Epoch': 172, 'name': 'low_freq', 'HIT@5': '0.0009', 'NDCG@5': '0.0005', 'HIT@10': '0.0023', 'NDCG@10': '0.0009', 'HIT@20': '0.0038', 'NDCG@20': '0.0013'}
{'Epoch': 172, 'name': 'all', 'HIT@5': '0.0340', 'NDCG@5': '0.0224', 'HIT@10': '0.0529', 'NDCG@10': '0.0284', 'HIT@20': '0.0786', 'NDCG@20': '0.0349'}
EarlyStopping counter: 18 out of 40
refresh dataset with updated item embedding
Embedding(18359, 64, padding_idx=0)
Similarity Model Type: hybrid
short sequence augment type: SIM
Augmentation methods for Long sequences: 5
Augmentation methods for short sequences: 3
Creating Contrastive Learning Dataset using 'random' data augmentation
rec dataset length: 140
100%|██████████████████████████████████████████████████████████████████████████████████████████████████████████████████████████████████████████████████████████| 140/140 [00:50<00:00,  2.75it/s]
{'epoch': 173, 'rec_avg_loss': '0.5142', 'joint_avg_loss': '1.1095', 'cl_avg_loss': '1.8173', 'itemcl_loss': '4.1365', 'cl_pair_0_loss': '1.8173'}
Recommendation EP_test:173: 100%|| 140/140 [00:10<00:00, 13.33it/s]
{'Epoch': 173, 'name': 'high_freq', 'HIT@5': '0.0493', 'NDCG@5': '0.0328', 'HIT@10': '0.0755', 'NDCG@10': '0.0412', 'HIT@20': '0.1102', 'NDCG@20': '0.0499'}
{'Epoch': 173, 'name': 'mid_freq', 'HIT@5': '0.0040', 'NDCG@5': '0.0024', 'HIT@10': '0.0059', 'NDCG@10': '0.0030', 'HIT@20': '0.0093', 'NDCG@20': '0.0039'}
{'Epoch': 173, 'name': 'low_freq', 'HIT@5': '0.0009', 'NDCG@5': '0.0005', 'HIT@10': '0.0018', 'NDCG@10': '0.0008', 'HIT@20': '0.0038', 'NDCG@20': '0.0013'}
{'Epoch': 173, 'name': 'all', 'HIT@5': '0.0344', 'NDCG@5': '0.0228', 'HIT@10': '0.0527', 'NDCG@10': '0.0287', 'HIT@20': '0.0773', 'NDCG@20': '0.0349'}
EarlyStopping counter: 19 out of 40
refresh dataset with updated item embedding
Embedding(18359, 64, padding_idx=0)
Similarity Model Type: hybrid
short sequence augment type: SIM
Augmentation methods for Long sequences: 5
Augmentation methods for short sequences: 3
Creating Contrastive Learning Dataset using 'random' data augmentation
rec dataset length: 140
100%|██████████████████████████████████████████████████████████████████████████████████████████████████████████████████████████████████████████████████████████| 140/140 [00:52<00:00,  2.69it/s]
{'epoch': 174, 'rec_avg_loss': '0.5146', 'joint_avg_loss': '1.1086', 'cl_avg_loss': '1.8053', 'itemcl_loss': '4.1348', 'cl_pair_0_loss': '1.8053'}
Recommendation EP_test:174: 100%|| 140/140 [00:10<00:00, 13.30it/s]
{'Epoch': 174, 'name': 'high_freq', 'HIT@5': '0.0488', 'NDCG@5': '0.0321', 'HIT@10': '0.0751', 'NDCG@10': '0.0406', 'HIT@20': '0.1103', 'NDCG@20': '0.0495'}
{'Epoch': 174, 'name': 'mid_freq', 'HIT@5': '0.0043', 'NDCG@5': '0.0026', 'HIT@10': '0.0059', 'NDCG@10': '0.0031', 'HIT@20': '0.0099', 'NDCG@20': '0.0041'}
{'Epoch': 174, 'name': 'low_freq', 'HIT@5': '0.0005', 'NDCG@5': '0.0002', 'HIT@10': '0.0023', 'NDCG@10': '0.0008', 'HIT@20': '0.0043', 'NDCG@20': '0.0013'}
{'Epoch': 174, 'name': 'all', 'HIT@5': '0.0341', 'NDCG@5': '0.0224', 'HIT@10': '0.0525', 'NDCG@10': '0.0283', 'HIT@20': '0.0775', 'NDCG@20': '0.0346'}
EarlyStopping counter: 20 out of 40
refresh dataset with updated item embedding
Embedding(18359, 64, padding_idx=0)
Similarity Model Type: hybrid
short sequence augment type: SIM
Augmentation methods for Long sequences: 5
Augmentation methods for short sequences: 3
Creating Contrastive Learning Dataset using 'random' data augmentation
rec dataset length: 140
100%|██████████████████████████████████████████████████████████████████████████████████████████████████████████████████████████████████████████████████████████| 140/140 [00:51<00:00,  2.71it/s]
{'epoch': 175, 'rec_avg_loss': '0.5128', 'joint_avg_loss': '1.1046', 'cl_avg_loss': '1.7931', 'itemcl_loss': '4.1255', 'cl_pair_0_loss': '1.7931'}
Recommendation EP_test:175: 100%|| 140/140 [00:10<00:00, 13.66it/s]
{'Epoch': 175, 'name': 'high_freq', 'HIT@5': '0.0485', 'NDCG@5': '0.0318', 'HIT@10': '0.0754', 'NDCG@10': '0.0404', 'HIT@20': '0.1112', 'NDCG@20': '0.0494'}
{'Epoch': 175, 'name': 'mid_freq', 'HIT@5': '0.0042', 'NDCG@5': '0.0026', 'HIT@10': '0.0063', 'NDCG@10': '0.0033', 'HIT@20': '0.0090', 'NDCG@20': '0.0040'}
{'Epoch': 175, 'name': 'low_freq', 'HIT@5': '0.0005', 'NDCG@5': '0.0002', 'HIT@10': '0.0023', 'NDCG@10': '0.0008', 'HIT@20': '0.0041', 'NDCG@20': '0.0012'}
{'Epoch': 175, 'name': 'all', 'HIT@5': '0.0339', 'NDCG@5': '0.0222', 'HIT@10': '0.0528', 'NDCG@10': '0.0282', 'HIT@20': '0.0779', 'NDCG@20': '0.0346'}
EarlyStopping counter: 21 out of 40
refresh dataset with updated item embedding
Embedding(18359, 64, padding_idx=0)
Similarity Model Type: hybrid
short sequence augment type: SIM
Augmentation methods for Long sequences: 5
Augmentation methods for short sequences: 3
Creating Contrastive Learning Dataset using 'random' data augmentation
rec dataset length: 140
100%|██████████████████████████████████████████████████████████████████████████████████████████████████████████████████████████████████████████████████████████| 140/140 [00:49<00:00,  2.81it/s]
{'epoch': 176, 'rec_avg_loss': '0.5114', 'joint_avg_loss': '1.1046', 'cl_avg_loss': '1.8057', 'itemcl_loss': '4.1262', 'cl_pair_0_loss': '1.8057'}
Recommendation EP_test:176: 100%|| 140/140 [00:10<00:00, 13.73it/s]
{'Epoch': 176, 'name': 'high_freq', 'HIT@5': '0.0486', 'NDCG@5': '0.0319', 'HIT@10': '0.0745', 'NDCG@10': '0.0403', 'HIT@20': '0.1101', 'NDCG@20': '0.0493'}
{'Epoch': 176, 'name': 'mid_freq', 'HIT@5': '0.0043', 'NDCG@5': '0.0028', 'HIT@10': '0.0068', 'NDCG@10': '0.0036', 'HIT@20': '0.0106', 'NDCG@20': '0.0046'}
{'Epoch': 176, 'name': 'low_freq', 'HIT@5': '0.0009', 'NDCG@5': '0.0004', 'HIT@10': '0.0020', 'NDCG@10': '0.0008', 'HIT@20': '0.0043', 'NDCG@20': '0.0014'}
{'Epoch': 176, 'name': 'all', 'HIT@5': '0.0340', 'NDCG@5': '0.0223', 'HIT@10': '0.0523', 'NDCG@10': '0.0282', 'HIT@20': '0.0775', 'NDCG@20': '0.0346'}
EarlyStopping counter: 22 out of 40
refresh dataset with updated item embedding
Embedding(18359, 64, padding_idx=0)
Similarity Model Type: hybrid
short sequence augment type: SIM
Augmentation methods for Long sequences: 5
Augmentation methods for short sequences: 3
Creating Contrastive Learning Dataset using 'random' data augmentation
rec dataset length: 140
100%|██████████████████████████████████████████████████████████████████████████████████████████████████████████████████████████████████████████████████████████| 140/140 [00:50<00:00,  2.76it/s]
{'epoch': 177, 'rec_avg_loss': '0.5126', 'joint_avg_loss': '1.1072', 'cl_avg_loss': '1.8167', 'itemcl_loss': '4.1292', 'cl_pair_0_loss': '1.8167'}
Recommendation EP_test:177: 100%|| 140/140 [00:10<00:00, 13.85it/s]
{'Epoch': 177, 'name': 'high_freq', 'HIT@5': '0.0482', 'NDCG@5': '0.0313', 'HIT@10': '0.0758', 'NDCG@10': '0.0402', 'HIT@20': '0.1104', 'NDCG@20': '0.0489'}
{'Epoch': 177, 'name': 'mid_freq', 'HIT@5': '0.0043', 'NDCG@5': '0.0027', 'HIT@10': '0.0065', 'NDCG@10': '0.0034', 'HIT@20': '0.0105', 'NDCG@20': '0.0044'}
{'Epoch': 177, 'name': 'low_freq', 'HIT@5': '0.0007', 'NDCG@5': '0.0003', 'HIT@10': '0.0018', 'NDCG@10': '0.0006', 'HIT@20': '0.0036', 'NDCG@20': '0.0011'}
{'Epoch': 177, 'name': 'all', 'HIT@5': '0.0337', 'NDCG@5': '0.0219', 'HIT@10': '0.0530', 'NDCG@10': '0.0281', 'HIT@20': '0.0776', 'NDCG@20': '0.0343'}
EarlyStopping counter: 23 out of 40
refresh dataset with updated item embedding
Embedding(18359, 64, padding_idx=0)
Similarity Model Type: hybrid
short sequence augment type: SIM
Augmentation methods for Long sequences: 5
Augmentation methods for short sequences: 3
Creating Contrastive Learning Dataset using 'random' data augmentation
rec dataset length: 140
100%|██████████████████████████████████████████████████████████████████████████████████████████████████████████████████████████████████████████████████████████| 140/140 [00:50<00:00,  2.77it/s]
{'epoch': 178, 'rec_avg_loss': '0.5119', 'joint_avg_loss': '1.1068', 'cl_avg_loss': '1.8205', 'itemcl_loss': '4.1289', 'cl_pair_0_loss': '1.8205'}
Recommendation EP_test:178: 100%|| 140/140 [00:10<00:00, 13.58it/s]
{'Epoch': 178, 'name': 'high_freq', 'HIT@5': '0.0496', 'NDCG@5': '0.0319', 'HIT@10': '0.0754', 'NDCG@10': '0.0402', 'HIT@20': '0.1098', 'NDCG@20': '0.0488'}
{'Epoch': 178, 'name': 'mid_freq', 'HIT@5': '0.0040', 'NDCG@5': '0.0025', 'HIT@10': '0.0059', 'NDCG@10': '0.0032', 'HIT@20': '0.0103', 'NDCG@20': '0.0043'}
{'Epoch': 178, 'name': 'low_freq', 'HIT@5': '0.0007', 'NDCG@5': '0.0003', 'HIT@10': '0.0020', 'NDCG@10': '0.0007', 'HIT@20': '0.0041', 'NDCG@20': '0.0012'}
{'Epoch': 178, 'name': 'all', 'HIT@5': '0.0346', 'NDCG@5': '0.0222', 'HIT@10': '0.0527', 'NDCG@10': '0.0280', 'HIT@20': '0.0773', 'NDCG@20': '0.0342'}
EarlyStopping counter: 24 out of 40
refresh dataset with updated item embedding
Embedding(18359, 64, padding_idx=0)
Similarity Model Type: hybrid
short sequence augment type: SIM
Augmentation methods for Long sequences: 5
Augmentation methods for short sequences: 3
Creating Contrastive Learning Dataset using 'random' data augmentation
rec dataset length: 140
100%|██████████████████████████████████████████████████████████████████████████████████████████████████████████████████████████████████████████████████████████| 140/140 [00:49<00:00,  2.82it/s]
{'epoch': 179, 'rec_avg_loss': '0.5108', 'joint_avg_loss': '1.1028', 'cl_avg_loss': '1.8014', 'itemcl_loss': '4.1183', 'cl_pair_0_loss': '1.8014'}
Recommendation EP_test:179: 100%|| 140/140 [00:10<00:00, 13.32it/s]
{'Epoch': 179, 'name': 'high_freq', 'HIT@5': '0.0484', 'NDCG@5': '0.0319', 'HIT@10': '0.0749', 'NDCG@10': '0.0404', 'HIT@20': '0.1103', 'NDCG@20': '0.0493'}
{'Epoch': 179, 'name': 'mid_freq', 'HIT@5': '0.0042', 'NDCG@5': '0.0026', 'HIT@10': '0.0069', 'NDCG@10': '0.0035', 'HIT@20': '0.0106', 'NDCG@20': '0.0044'}
{'Epoch': 179, 'name': 'low_freq', 'HIT@5': '0.0007', 'NDCG@5': '0.0003', 'HIT@10': '0.0025', 'NDCG@10': '0.0009', 'HIT@20': '0.0043', 'NDCG@20': '0.0013'}
{'Epoch': 179, 'name': 'all', 'HIT@5': '0.0338', 'NDCG@5': '0.0222', 'HIT@10': '0.0526', 'NDCG@10': '0.0283', 'HIT@20': '0.0777', 'NDCG@20': '0.0346'}
EarlyStopping counter: 25 out of 40
refresh dataset with updated item embedding
Embedding(18359, 64, padding_idx=0)
Similarity Model Type: hybrid
short sequence augment type: SIM
Augmentation methods for Long sequences: 5
Augmentation methods for short sequences: 3
Creating Contrastive Learning Dataset using 'random' data augmentation
rec dataset length: 140
100%|██████████████████████████████████████████████████████████████████████████████████████████████████████████████████████████████████████████████████████████| 140/140 [00:49<00:00,  2.82it/s]
{'epoch': 180, 'rec_avg_loss': '0.5086', 'joint_avg_loss': '1.0991', 'cl_avg_loss': '1.7916', 'itemcl_loss': '4.1142', 'cl_pair_0_loss': '1.7916'}
Recommendation EP_test:180: 100%|| 140/140 [00:10<00:00, 13.00it/s]
{'Epoch': 180, 'name': 'high_freq', 'HIT@5': '0.0489', 'NDCG@5': '0.0318', 'HIT@10': '0.0752', 'NDCG@10': '0.0403', 'HIT@20': '0.1095', 'NDCG@20': '0.0489'}
{'Epoch': 180, 'name': 'mid_freq', 'HIT@5': '0.0042', 'NDCG@5': '0.0027', 'HIT@10': '0.0066', 'NDCG@10': '0.0035', 'HIT@20': '0.0105', 'NDCG@20': '0.0044'}
{'Epoch': 180, 'name': 'low_freq', 'HIT@5': '0.0000', 'NDCG@5': '0.0000', 'HIT@10': '0.0018', 'NDCG@10': '0.0006', 'HIT@20': '0.0041', 'NDCG@20': '0.0012'}
{'Epoch': 180, 'name': 'all', 'HIT@5': '0.0341', 'NDCG@5': '0.0222', 'HIT@10': '0.0527', 'NDCG@10': '0.0282', 'HIT@20': '0.0771', 'NDCG@20': '0.0343'}
EarlyStopping counter: 26 out of 40
refresh dataset with updated item embedding
Embedding(18359, 64, padding_idx=0)
Similarity Model Type: hybrid
short sequence augment type: SIM
Augmentation methods for Long sequences: 5
Augmentation methods for short sequences: 3
Creating Contrastive Learning Dataset using 'random' data augmentation
rec dataset length: 140
100%|██████████████████████████████████████████████████████████████████████████████████████████████████████████████████████████████████████████████████████████| 140/140 [00:49<00:00,  2.83it/s]
{'epoch': 181, 'rec_avg_loss': '0.5075', 'joint_avg_loss': '1.1008', 'cl_avg_loss': '1.8170', 'itemcl_loss': '4.1156', 'cl_pair_0_loss': '1.8170'}
Recommendation EP_test:181: 100%|| 140/140 [00:10<00:00, 12.96it/s]
{'Epoch': 181, 'name': 'high_freq', 'HIT@5': '0.0493', 'NDCG@5': '0.0322', 'HIT@10': '0.0750', 'NDCG@10': '0.0404', 'HIT@20': '0.1093', 'NDCG@20': '0.0490'}
{'Epoch': 181, 'name': 'mid_freq', 'HIT@5': '0.0039', 'NDCG@5': '0.0026', 'HIT@10': '0.0070', 'NDCG@10': '0.0037', 'HIT@20': '0.0111', 'NDCG@20': '0.0047'}
{'Epoch': 181, 'name': 'low_freq', 'HIT@5': '0.0007', 'NDCG@5': '0.0003', 'HIT@10': '0.0023', 'NDCG@10': '0.0008', 'HIT@20': '0.0041', 'NDCG@20': '0.0013'}
{'Epoch': 181, 'name': 'all', 'HIT@5': '0.0344', 'NDCG@5': '0.0224', 'HIT@10': '0.0527', 'NDCG@10': '0.0283', 'HIT@20': '0.0770', 'NDCG@20': '0.0344'}
EarlyStopping counter: 27 out of 40
refresh dataset with updated item embedding
Embedding(18359, 64, padding_idx=0)
Similarity Model Type: hybrid
short sequence augment type: SIM
Augmentation methods for Long sequences: 5
Augmentation methods for short sequences: 3
Creating Contrastive Learning Dataset using 'random' data augmentation
rec dataset length: 140
100%|██████████████████████████████████████████████████████████████████████████████████████████████████████████████████████████████████████████████████████████| 140/140 [00:49<00:00,  2.80it/s]
{'epoch': 182, 'rec_avg_loss': '0.5096', 'joint_avg_loss': '1.0990', 'cl_avg_loss': '1.7923', 'itemcl_loss': '4.1016', 'cl_pair_0_loss': '1.7923'}
Recommendation EP_test:182: 100%|| 140/140 [00:10<00:00, 13.82it/s]
{'Epoch': 182, 'name': 'high_freq', 'HIT@5': '0.0499', 'NDCG@5': '0.0326', 'HIT@10': '0.0758', 'NDCG@10': '0.0409', 'HIT@20': '0.1093', 'NDCG@20': '0.0494'}
{'Epoch': 182, 'name': 'mid_freq', 'HIT@5': '0.0042', 'NDCG@5': '0.0029', 'HIT@10': '0.0070', 'NDCG@10': '0.0039', 'HIT@20': '0.0113', 'NDCG@20': '0.0049'}
{'Epoch': 182, 'name': 'low_freq', 'HIT@5': '0.0009', 'NDCG@5': '0.0004', 'HIT@10': '0.0027', 'NDCG@10': '0.0010', 'HIT@20': '0.0050', 'NDCG@20': '0.0016'}
{'Epoch': 182, 'name': 'all', 'HIT@5': '0.0349', 'NDCG@5': '0.0228', 'HIT@10': '0.0533', 'NDCG@10': '0.0287', 'HIT@20': '0.0772', 'NDCG@20': '0.0348'}
EarlyStopping counter: 28 out of 40
refresh dataset with updated item embedding
Embedding(18359, 64, padding_idx=0)
Similarity Model Type: hybrid
short sequence augment type: SIM
Augmentation methods for Long sequences: 5
Augmentation methods for short sequences: 3
Creating Contrastive Learning Dataset using 'random' data augmentation
rec dataset length: 140
100%|██████████████████████████████████████████████████████████████████████████████████████████████████████████████████████████████████████████████████████████| 140/140 [00:50<00:00,  2.77it/s]
{'epoch': 183, 'rec_avg_loss': '0.5061', 'joint_avg_loss': '1.0974', 'cl_avg_loss': '1.8079', 'itemcl_loss': '4.1048', 'cl_pair_0_loss': '1.8079'}
Recommendation EP_test:183: 100%|| 140/140 [00:10<00:00, 13.07it/s]
{'Epoch': 183, 'name': 'high_freq', 'HIT@5': '0.0494', 'NDCG@5': '0.0321', 'HIT@10': '0.0757', 'NDCG@10': '0.0405', 'HIT@20': '0.1096', 'NDCG@20': '0.0490'}
{'Epoch': 183, 'name': 'mid_freq', 'HIT@5': '0.0042', 'NDCG@5': '0.0027', 'HIT@10': '0.0068', 'NDCG@10': '0.0035', 'HIT@20': '0.0105', 'NDCG@20': '0.0045'}
{'Epoch': 183, 'name': 'low_freq', 'HIT@5': '0.0007', 'NDCG@5': '0.0003', 'HIT@10': '0.0016', 'NDCG@10': '0.0006', 'HIT@20': '0.0050', 'NDCG@20': '0.0014'}
{'Epoch': 183, 'name': 'all', 'HIT@5': '0.0345', 'NDCG@5': '0.0224', 'HIT@10': '0.0530', 'NDCG@10': '0.0283', 'HIT@20': '0.0772', 'NDCG@20': '0.0344'}
EarlyStopping counter: 29 out of 40
refresh dataset with updated item embedding
Embedding(18359, 64, padding_idx=0)
Similarity Model Type: hybrid
short sequence augment type: SIM
Augmentation methods for Long sequences: 5
Augmentation methods for short sequences: 3
Creating Contrastive Learning Dataset using 'random' data augmentation
rec dataset length: 140
100%|██████████████████████████████████████████████████████████████████████████████████████████████████████████████████████████████████████████████████████████| 140/140 [00:49<00:00,  2.82it/s]
{'epoch': 184, 'rec_avg_loss': '0.5055', 'joint_avg_loss': '1.0937', 'cl_avg_loss': '1.7765', 'itemcl_loss': '4.1063', 'cl_pair_0_loss': '1.7765'}
Recommendation EP_test:184: 100%|| 140/140 [00:10<00:00, 13.14it/s]
{'Epoch': 184, 'name': 'high_freq', 'HIT@5': '0.0501', 'NDCG@5': '0.0327', 'HIT@10': '0.0771', 'NDCG@10': '0.0414', 'HIT@20': '0.1103', 'NDCG@20': '0.0498'}
{'Epoch': 184, 'name': 'mid_freq', 'HIT@5': '0.0047', 'NDCG@5': '0.0031', 'HIT@10': '0.0063', 'NDCG@10': '0.0036', 'HIT@20': '0.0108', 'NDCG@20': '0.0047'}
{'Epoch': 184, 'name': 'low_freq', 'HIT@5': '0.0009', 'NDCG@5': '0.0005', 'HIT@10': '0.0018', 'NDCG@10': '0.0008', 'HIT@20': '0.0041', 'NDCG@20': '0.0014'}
{'Epoch': 184, 'name': 'all', 'HIT@5': '0.0351', 'NDCG@5': '0.0229', 'HIT@10': '0.0539', 'NDCG@10': '0.0290', 'HIT@20': '0.0776', 'NDCG@20': '0.0349'}
EarlyStopping counter: 30 out of 40
refresh dataset with updated item embedding
Embedding(18359, 64, padding_idx=0)
Similarity Model Type: hybrid
short sequence augment type: SIM
Augmentation methods for Long sequences: 5
Augmentation methods for short sequences: 3
Creating Contrastive Learning Dataset using 'random' data augmentation
rec dataset length: 140
100%|██████████████████████████████████████████████████████████████████████████████████████████████████████████████████████████████████████████████████████████| 140/140 [00:49<00:00,  2.81it/s]
{'epoch': 185, 'rec_avg_loss': '0.5069', 'joint_avg_loss': '1.0967', 'cl_avg_loss': '1.7957', 'itemcl_loss': '4.1018', 'cl_pair_0_loss': '1.7957'}
Recommendation EP_test:185: 100%|| 140/140 [00:10<00:00, 13.27it/s]
{'Epoch': 185, 'name': 'high_freq', 'HIT@5': '0.0496', 'NDCG@5': '0.0326', 'HIT@10': '0.0756', 'NDCG@10': '0.0409', 'HIT@20': '0.1096', 'NDCG@20': '0.0495'}
{'Epoch': 185, 'name': 'mid_freq', 'HIT@5': '0.0047', 'NDCG@5': '0.0031', 'HIT@10': '0.0063', 'NDCG@10': '0.0036', 'HIT@20': '0.0116', 'NDCG@20': '0.0050'}
{'Epoch': 185, 'name': 'low_freq', 'HIT@5': '0.0009', 'NDCG@5': '0.0004', 'HIT@10': '0.0020', 'NDCG@10': '0.0008', 'HIT@20': '0.0050', 'NDCG@20': '0.0015'}
{'Epoch': 185, 'name': 'all', 'HIT@5': '0.0348', 'NDCG@5': '0.0228', 'HIT@10': '0.0529', 'NDCG@10': '0.0287', 'HIT@20': '0.0774', 'NDCG@20': '0.0349'}
EarlyStopping counter: 31 out of 40
refresh dataset with updated item embedding
Embedding(18359, 64, padding_idx=0)
Similarity Model Type: hybrid
short sequence augment type: SIM
Augmentation methods for Long sequences: 5
Augmentation methods for short sequences: 3
Creating Contrastive Learning Dataset using 'random' data augmentation
rec dataset length: 140
100%|██████████████████████████████████████████████████████████████████████████████████████████████████████████████████████████████████████████████████████████| 140/140 [00:49<00:00,  2.85it/s]
{'epoch': 186, 'rec_avg_loss': '0.5022', 'joint_avg_loss': '1.0893', 'cl_avg_loss': '1.7796', 'itemcl_loss': '4.0921', 'cl_pair_0_loss': '1.7796'}
Recommendation EP_test:186: 100%|| 140/140 [00:10<00:00, 13.08it/s]
{'Epoch': 186, 'name': 'high_freq', 'HIT@5': '0.0486', 'NDCG@5': '0.0319', 'HIT@10': '0.0753', 'NDCG@10': '0.0405', 'HIT@20': '0.1089', 'NDCG@20': '0.0490'}
{'Epoch': 186, 'name': 'mid_freq', 'HIT@5': '0.0046', 'NDCG@5': '0.0029', 'HIT@10': '0.0065', 'NDCG@10': '0.0035', 'HIT@20': '0.0106', 'NDCG@20': '0.0046'}
{'Epoch': 186, 'name': 'low_freq', 'HIT@5': '0.0011', 'NDCG@5': '0.0006', 'HIT@10': '0.0018', 'NDCG@10': '0.0008', 'HIT@20': '0.0045', 'NDCG@20': '0.0015'}
{'Epoch': 186, 'name': 'all', 'HIT@5': '0.0341', 'NDCG@5': '0.0224', 'HIT@10': '0.0527', 'NDCG@10': '0.0284', 'HIT@20': '0.0767', 'NDCG@20': '0.0344'}
EarlyStopping counter: 32 out of 40
refresh dataset with updated item embedding
Embedding(18359, 64, padding_idx=0)
Similarity Model Type: hybrid
short sequence augment type: SIM
Augmentation methods for Long sequences: 5
Augmentation methods for short sequences: 3
Creating Contrastive Learning Dataset using 'random' data augmentation
rec dataset length: 140
100%|██████████████████████████████████████████████████████████████████████████████████████████████████████████████████████████████████████████████████████████| 140/140 [00:49<00:00,  2.85it/s]
{'epoch': 187, 'rec_avg_loss': '0.5042', 'joint_avg_loss': '1.0948', 'cl_avg_loss': '1.7969', 'itemcl_loss': '4.1091', 'cl_pair_0_loss': '1.7969'}
Recommendation EP_test:187: 100%|| 140/140 [00:10<00:00, 13.29it/s]
{'Epoch': 187, 'name': 'high_freq', 'HIT@5': '0.0490', 'NDCG@5': '0.0324', 'HIT@10': '0.0751', 'NDCG@10': '0.0408', 'HIT@20': '0.1090', 'NDCG@20': '0.0493'}
{'Epoch': 187, 'name': 'mid_freq', 'HIT@5': '0.0045', 'NDCG@5': '0.0028', 'HIT@10': '0.0060', 'NDCG@10': '0.0033', 'HIT@20': '0.0101', 'NDCG@20': '0.0044'}
{'Epoch': 187, 'name': 'low_freq', 'HIT@5': '0.0007', 'NDCG@5': '0.0003', 'HIT@10': '0.0014', 'NDCG@10': '0.0006', 'HIT@20': '0.0048', 'NDCG@20': '0.0014'}
{'Epoch': 187, 'name': 'all', 'HIT@5': '0.0343', 'NDCG@5': '0.0226', 'HIT@10': '0.0524', 'NDCG@10': '0.0285', 'HIT@20': '0.0767', 'NDCG@20': '0.0346'}
EarlyStopping counter: 33 out of 40
refresh dataset with updated item embedding
Embedding(18359, 64, padding_idx=0)
Similarity Model Type: hybrid
short sequence augment type: SIM
Augmentation methods for Long sequences: 5
Augmentation methods for short sequences: 3
Creating Contrastive Learning Dataset using 'random' data augmentation
rec dataset length: 140
100%|██████████████████████████████████████████████████████████████████████████████████████████████████████████████████████████████████████████████████████████| 140/140 [00:49<00:00,  2.81it/s]
{'epoch': 188, 'rec_avg_loss': '0.5025', 'joint_avg_loss': '1.0906', 'cl_avg_loss': '1.7858', 'itemcl_loss': '4.0953', 'cl_pair_0_loss': '1.7858'}
Recommendation EP_test:188: 100%|| 140/140 [00:10<00:00, 13.39it/s]
{'Epoch': 188, 'name': 'high_freq', 'HIT@5': '0.0491', 'NDCG@5': '0.0323', 'HIT@10': '0.0761', 'NDCG@10': '0.0409', 'HIT@20': '0.1098', 'NDCG@20': '0.0494'}
{'Epoch': 188, 'name': 'mid_freq', 'HIT@5': '0.0047', 'NDCG@5': '0.0029', 'HIT@10': '0.0068', 'NDCG@10': '0.0036', 'HIT@20': '0.0109', 'NDCG@20': '0.0046'}
{'Epoch': 188, 'name': 'low_freq', 'HIT@5': '0.0011', 'NDCG@5': '0.0006', 'HIT@10': '0.0023', 'NDCG@10': '0.0009', 'HIT@20': '0.0038', 'NDCG@20': '0.0013'}
{'Epoch': 188, 'name': 'all', 'HIT@5': '0.0344', 'NDCG@5': '0.0226', 'HIT@10': '0.0534', 'NDCG@10': '0.0287', 'HIT@20': '0.0773', 'NDCG@20': '0.0347'}
EarlyStopping counter: 34 out of 40
refresh dataset with updated item embedding
Embedding(18359, 64, padding_idx=0)
Similarity Model Type: hybrid
short sequence augment type: SIM
Augmentation methods for Long sequences: 5
Augmentation methods for short sequences: 3
Creating Contrastive Learning Dataset using 'random' data augmentation
rec dataset length: 140
100%|██████████████████████████████████████████████████████████████████████████████████████████████████████████████████████████████████████████████████████████| 140/140 [00:50<00:00,  2.75it/s]
{'epoch': 189, 'rec_avg_loss': '0.5018', 'joint_avg_loss': '1.0910', 'cl_avg_loss': '1.7988', 'itemcl_loss': '4.0940', 'cl_pair_0_loss': '1.7988'}
Recommendation EP_test:189: 100%|| 140/140 [00:10<00:00, 13.64it/s]
{'Epoch': 189, 'name': 'high_freq', 'HIT@5': '0.0493', 'NDCG@5': '0.0322', 'HIT@10': '0.0773', 'NDCG@10': '0.0413', 'HIT@20': '0.1103', 'NDCG@20': '0.0495'}
{'Epoch': 189, 'name': 'mid_freq', 'HIT@5': '0.0040', 'NDCG@5': '0.0026', 'HIT@10': '0.0069', 'NDCG@10': '0.0035', 'HIT@20': '0.0109', 'NDCG@20': '0.0045'}
{'Epoch': 189, 'name': 'low_freq', 'HIT@5': '0.0007', 'NDCG@5': '0.0004', 'HIT@10': '0.0020', 'NDCG@10': '0.0008', 'HIT@20': '0.0038', 'NDCG@20': '0.0013'}
{'Epoch': 189, 'name': 'all', 'HIT@5': '0.0344', 'NDCG@5': '0.0225', 'HIT@10': '0.0542', 'NDCG@10': '0.0289', 'HIT@20': '0.0776', 'NDCG@20': '0.0348'}
EarlyStopping counter: 35 out of 40
refresh dataset with updated item embedding
Embedding(18359, 64, padding_idx=0)
Similarity Model Type: hybrid
short sequence augment type: SIM
Augmentation methods for Long sequences: 5
Augmentation methods for short sequences: 3
Creating Contrastive Learning Dataset using 'random' data augmentation
rec dataset length: 140
100%|██████████████████████████████████████████████████████████████████████████████████████████████████████████████████████████████████████████████████████████| 140/140 [00:50<00:00,  2.79it/s]
{'epoch': 190, 'rec_avg_loss': '0.5032', 'joint_avg_loss': '1.0905', 'cl_avg_loss': '1.7806', 'itemcl_loss': '4.0927', 'cl_pair_0_loss': '1.7806'}
Recommendation EP_test:190: 100%|| 140/140 [00:10<00:00, 13.35it/s]
{'Epoch': 190, 'name': 'high_freq', 'HIT@5': '0.0488', 'NDCG@5': '0.0316', 'HIT@10': '0.0758', 'NDCG@10': '0.0404', 'HIT@20': '0.1104', 'NDCG@20': '0.0491'}
{'Epoch': 190, 'name': 'mid_freq', 'HIT@5': '0.0040', 'NDCG@5': '0.0025', 'HIT@10': '0.0069', 'NDCG@10': '0.0034', 'HIT@20': '0.0103', 'NDCG@20': '0.0043'}
{'Epoch': 190, 'name': 'low_freq', 'HIT@5': '0.0005', 'NDCG@5': '0.0002', 'HIT@10': '0.0011', 'NDCG@10': '0.0004', 'HIT@20': '0.0048', 'NDCG@20': '0.0013'}
{'Epoch': 190, 'name': 'all', 'HIT@5': '0.0340', 'NDCG@5': '0.0220', 'HIT@10': '0.0531', 'NDCG@10': '0.0282', 'HIT@20': '0.0777', 'NDCG@20': '0.0344'}
EarlyStopping counter: 36 out of 40
refresh dataset with updated item embedding
Embedding(18359, 64, padding_idx=0)
Similarity Model Type: hybrid
short sequence augment type: SIM
Augmentation methods for Long sequences: 5
Augmentation methods for short sequences: 3
Creating Contrastive Learning Dataset using 'random' data augmentation
rec dataset length: 140
100%|██████████████████████████████████████████████████████████████████████████████████████████████████████████████████████████████████████████████████████████| 140/140 [00:51<00:00,  2.74it/s]
{'epoch': 191, 'rec_avg_loss': '0.5014', 'joint_avg_loss': '1.0870', 'cl_avg_loss': '1.7741', 'itemcl_loss': '4.0815', 'cl_pair_0_loss': '1.7741'}
Recommendation EP_test:191: 100%|| 140/140 [00:10<00:00, 13.28it/s]
{'Epoch': 191, 'name': 'high_freq', 'HIT@5': '0.0495', 'NDCG@5': '0.0323', 'HIT@10': '0.0762', 'NDCG@10': '0.0409', 'HIT@20': '0.1097', 'NDCG@20': '0.0493'}
{'Epoch': 191, 'name': 'mid_freq', 'HIT@5': '0.0052', 'NDCG@5': '0.0030', 'HIT@10': '0.0073', 'NDCG@10': '0.0037', 'HIT@20': '0.0101', 'NDCG@20': '0.0044'}
{'Epoch': 191, 'name': 'low_freq', 'HIT@5': '0.0005', 'NDCG@5': '0.0004', 'HIT@10': '0.0027', 'NDCG@10': '0.0010', 'HIT@20': '0.0054', 'NDCG@20': '0.0017'}
{'Epoch': 191, 'name': 'all', 'HIT@5': '0.0347', 'NDCG@5': '0.0226', 'HIT@10': '0.0536', 'NDCG@10': '0.0286', 'HIT@20': '0.0773', 'NDCG@20': '0.0346'}
EarlyStopping counter: 37 out of 40
refresh dataset with updated item embedding
Embedding(18359, 64, padding_idx=0)
Similarity Model Type: hybrid
short sequence augment type: SIM
Augmentation methods for Long sequences: 5
Augmentation methods for short sequences: 3
Creating Contrastive Learning Dataset using 'random' data augmentation
rec dataset length: 140
100%|██████████████████████████████████████████████████████████████████████████████████████████████████████████████████████████████████████████████████████████| 140/140 [00:51<00:00,  2.72it/s]
{'epoch': 192, 'rec_avg_loss': '0.4999', 'joint_avg_loss': '1.0852', 'cl_avg_loss': '1.7691', 'itemcl_loss': '4.0836', 'cl_pair_0_loss': '1.7691'}
Recommendation EP_test:192: 100%|| 140/140 [00:10<00:00, 13.63it/s]
{'Epoch': 192, 'name': 'high_freq', 'HIT@5': '0.0478', 'NDCG@5': '0.0313', 'HIT@10': '0.0742', 'NDCG@10': '0.0398', 'HIT@20': '0.1084', 'NDCG@20': '0.0485'}
{'Epoch': 192, 'name': 'mid_freq', 'HIT@5': '0.0039', 'NDCG@5': '0.0024', 'HIT@10': '0.0065', 'NDCG@10': '0.0032', 'HIT@20': '0.0103', 'NDCG@20': '0.0042'}
{'Epoch': 192, 'name': 'low_freq', 'HIT@5': '0.0002', 'NDCG@5': '0.0001', 'HIT@10': '0.0023', 'NDCG@10': '0.0008', 'HIT@20': '0.0043', 'NDCG@20': '0.0013'}
{'Epoch': 192, 'name': 'all', 'HIT@5': '0.0333', 'NDCG@5': '0.0218', 'HIT@10': '0.0520', 'NDCG@10': '0.0278', 'HIT@20': '0.0763', 'NDCG@20': '0.0339'}
EarlyStopping counter: 38 out of 40
refresh dataset with updated item embedding
Embedding(18359, 64, padding_idx=0)
Similarity Model Type: hybrid
short sequence augment type: SIM
Augmentation methods for Long sequences: 5
Augmentation methods for short sequences: 3
Creating Contrastive Learning Dataset using 'random' data augmentation
rec dataset length: 140
100%|██████████████████████████████████████████████████████████████████████████████████████████████████████████████████████████████████████████████████████████| 140/140 [00:51<00:00,  2.71it/s]
{'epoch': 193, 'rec_avg_loss': '0.5036', 'joint_avg_loss': '1.0917', 'cl_avg_loss': '1.7925', 'itemcl_loss': '4.0885', 'cl_pair_0_loss': '1.7925'}
Recommendation EP_test:193: 100%|| 140/140 [00:10<00:00, 13.06it/s]
{'Epoch': 193, 'name': 'high_freq', 'HIT@5': '0.0491', 'NDCG@5': '0.0325', 'HIT@10': '0.0745', 'NDCG@10': '0.0407', 'HIT@20': '0.1106', 'NDCG@20': '0.0497'}
{'Epoch': 193, 'name': 'mid_freq', 'HIT@5': '0.0045', 'NDCG@5': '0.0027', 'HIT@10': '0.0068', 'NDCG@10': '0.0034', 'HIT@20': '0.0111', 'NDCG@20': '0.0045'}
{'Epoch': 193, 'name': 'low_freq', 'HIT@5': '0.0005', 'NDCG@5': '0.0003', 'HIT@10': '0.0025', 'NDCG@10': '0.0009', 'HIT@20': '0.0048', 'NDCG@20': '0.0015'}
{'Epoch': 193, 'name': 'all', 'HIT@5': '0.0344', 'NDCG@5': '0.0227', 'HIT@10': '0.0523', 'NDCG@10': '0.0285', 'HIT@20': '0.0780', 'NDCG@20': '0.0349'}
EarlyStopping counter: 39 out of 40
refresh dataset with updated item embedding
Embedding(18359, 64, padding_idx=0)
Similarity Model Type: hybrid
short sequence augment type: SIM
Augmentation methods for Long sequences: 5
Augmentation methods for short sequences: 3
Creating Contrastive Learning Dataset using 'random' data augmentation
rec dataset length: 140
100%|██████████████████████████████████████████████████████████████████████████████████████████████████████████████████████████████████████████████████████████| 140/140 [00:51<00:00,  2.74it/s]
{'epoch': 194, 'rec_avg_loss': '0.4989', 'joint_avg_loss': '1.0831', 'cl_avg_loss': '1.7675', 'itemcl_loss': '4.0746', 'cl_pair_0_loss': '1.7675'}
Recommendation EP_test:194: 100%|| 140/140 [00:10<00:00, 13.42it/s]
{'Epoch': 194, 'name': 'high_freq', 'HIT@5': '0.0508', 'NDCG@5': '0.0330', 'HIT@10': '0.0756', 'NDCG@10': '0.0409', 'HIT@20': '0.1105', 'NDCG@20': '0.0497'}
{'Epoch': 194, 'name': 'mid_freq', 'HIT@5': '0.0047', 'NDCG@5': '0.0029', 'HIT@10': '0.0068', 'NDCG@10': '0.0036', 'HIT@20': '0.0113', 'NDCG@20': '0.0047'}
{'Epoch': 194, 'name': 'low_freq', 'HIT@5': '0.0002', 'NDCG@5': '0.0001', 'HIT@10': '0.0016', 'NDCG@10': '0.0006', 'HIT@20': '0.0045', 'NDCG@20': '0.0013'}
{'Epoch': 194, 'name': 'all', 'HIT@5': '0.0355', 'NDCG@5': '0.0230', 'HIT@10': '0.0529', 'NDCG@10': '0.0286', 'HIT@20': '0.0779', 'NDCG@20': '0.0349'}
EarlyStopping counter: 40 out of 40
Early stopping
---------------Change to test_rating_matrix!-------------------
Recommendation EP_test:195: 100%|| 140/140 [00:11<00:00, 12.09it/s]
{'Epoch': 195, 'name': 'high_freq', 'HIT@5': '0.0391', 'NDCG@5': '0.0259', 'HIT@10': '0.0611', 'NDCG@10': '0.0330', 'HIT@20': '0.0903', 'NDCG@20': '0.0403'}
{'Epoch': 195, 'name': 'mid_freq', 'HIT@5': '0.0026', 'NDCG@5': '0.0017', 'HIT@10': '0.0063', 'NDCG@10': '0.0028', 'HIT@20': '0.0107', 'NDCG@20': '0.0039'}
{'Epoch': 195, 'name': 'low_freq', 'HIT@5': '0.0013', 'NDCG@5': '0.0007', 'HIT@10': '0.0035', 'NDCG@10': '0.0014', 'HIT@20': '0.0050', 'NDCG@20': '0.0018'}
{'Epoch': 195, 'name': 'all', 'HIT@5': '0.0255', 'NDCG@5': '0.0168', 'HIT@10': '0.0405', 'NDCG@10': '0.0216', 'HIT@20': '0.0601', 'NDCG@20': '0.0266'}
CoSeRec-Sports_and_Outdoors-cl_itemcl4
{'Epoch': 195, 'name': 'all', 'HIT@5': '0.0255', 'NDCG@5': '0.0168', 'HIT@10': '0.0405', 'NDCG@10': '0.0216', 'HIT@20': '0.0601', 'NDCG@20': '0.0266'}